sim_time,robot_id,state,pos_x,pos_y,goal_x,goal_y,active_plan_source,active_plan_epoch,controller_epoch,controller_waypoint_idx,waypoints,current_task,hold_until,speed_scale,heading,emergency_braking,joint_wait_reason,joint_wait_until,replan_requested
2.048,1,en_route_pickup,-4.088,2.921,-6.000,3.500,joint_grid_transaction,1,1,2,9,1,0.000,1.00,1.774,False,None,0.000,False
2.048,2,en_route_pickup,-4.000,-3.000,-1.000,1.500,None,None,0,0,4,2,0.000,1.00,-0.001,False,None,0.000,False
2.048,3,en_route_pickup,4.000,3.000,-3.000,1.500,None,None,0,0,2,3,0.000,1.00,3.142,False,None,0.000,False
2.048,4,idle,4.000,-3.000,0.000,0.000,None,None,0,0,0,None,0.000,1.00,3.142,False,None,0.000,False
2.048,5,idle,-7.000,-0.000,0.000,0.000,None,None,0,0,0,None,0.000,1.00,1.571,False,None,0.000,False
2.048,6,idle,7.000,0.000,0.000,0.000,None,None,0,0,0,None,0.000,1.00,1.571,False,None,0.000,False
2.048,7,idle,-8.500,1.200,0.000,0.000,None,None,0,0,0,None,0.000,1.00,-0.001,False,None,0.000,False
2.048,8,idle,8.500,-1.200,0.000,0.000,None,None,0,0,0,None,0.000,1.00,3.142,False,None,0.000,False
4.096,1,en_route_pickup,-4.310,2.980,-6.000,3.500,joint_grid_transaction,2,1,3,9,1,0.000,1.00,3.084,False,None,0.000,False
4.096,2,en_route_pickup,-4.000,-3.000,-1.000,1.500,joint_grid_transaction,2,0,0,9,2,0.000,1.00,0.018,False,None,0.000,False
4.096,3,en_route_pickup,3.998,3.000,-3.000,1.500,joint_grid_transaction,2,0,0,9,3,0.000,1.00,3.142,False,None,0.000,False
4.096,4,idle,4.000,-3.000,0.000,0.000,None,None,0,0,0,None,0.000,1.00,3.142,False,None,0.000,False
4.096,5,idle,-7.000,-0.000,0.000,0.000,None,None,0,0,0,None,0.000,1.00,1.571,False,None,0.000,False
4.096,6,idle,7.000,0.000,0.000,0.000,None,None,0,0,0,None,0.000,1.00,1.571,False,None,0.000,False
4.096,7,idle,-8.500,1.200,0.000,0.000,None,None,0,0,0,None,0.000,1.00,-0.001,False,None,0.000,False
4.096,8,idle,8.500,-1.200,0.000,0.000,None,None,0,0,0,None,0.000,1.00,3.142,False,None,0.000,False
6.144,1,en_route_pickup,-4.603,2.962,-6.000,3.500,joint_grid_transaction,3,3,2,9,1,0.000,1.00,3.074,False,None,0.000,False
6.144,2,en_route_pickup,-4.086,-2.918,-1.000,1.500,joint_grid_transaction,3,3,2,9,2,0.000,1.00,1.337,False,None,0.000,False
6.144,3,en_route_pickup,3.719,3.000,-3.000,1.500,joint_grid_transaction,3,3,1,8,3,0.000,1.00,-3.142,False,joint_slot_deadline,6.292,False
6.144,4,idle,4.000,-3.000,0.000,0.000,None,None,0,0,0,None,0.000,1.00,3.142,False,None,0.000,False
6.144,5,idle,-7.000,-0.000,0.000,0.000,None,None,0,0,0,None,0.000,1.00,1.571,False,None,0.000,False
6.144,6,idle,7.000,0.000,0.000,0.000,None,None,0,0,0,None,0.000,1.00,1.571,False,None,0.000,False
6.144,7,idle,-8.500,1.200,0.000,0.000,None,None,0,0,0,None,0.000,1.00,-0.001,False,None,0.000,False
6.144,8,idle,8.500,-1.200,0.000,0.000,None,None,0,0,0,None,0.000,1.00,3.142,False,None,0.000,False
8.192,1,en_route_pickup,-4.858,2.945,-6.000,3.500,joint_grid_transaction,3,3,3,9,1,0.000,1.00,3.073,False,None,0.000,False
8.192,2,en_route_pickup,-4.193,-2.684,-1.000,1.500,joint_grid_transaction,3,3,4,9,2,0.000,1.00,1.851,False,None,0.000,False
8.192,3,en_route_pickup,3.370,3.000,-3.000,1.500,joint_grid_transaction,3,3,3,8,3,0.000,1.00,-3.142,False,None,0.000,False
8.192,4,idle,4.000,-3.000,0.000,0.000,None,None,0,0,0,None,0.000,1.00,3.142,False,None,0.000,False
8.192,5,idle,-7.000,-0.000,0.000,0.000,None,None,0,0,0,None,0.000,1.00,1.571,False,None,0.000,False
8.192,6,idle,7.000,0.000,0.000,0.000,None,None,0,0,0,None,0.000,1.00,1.571,False,None,0.000,False
8.192,7,idle,-8.500,1.200,0.000,0.000,None,None,0,0,0,None,0.000,1.00,-0.001,False,None,0.000,False
8.192,8,idle,8.500,-1.200,0.000,0.000,None,None,0,0,0,None,0.000,1.00,3.142,False,None,0.000,False
10.240,1,en_route_pickup,-5.043,3.028,-6.000,3.500,_joint_stall_recovery,4,3,2,3,1,0.000,1.00,-2.715,False,None,0.000,False
10.240,2,en_route_pickup,-4.245,-2.321,-1.000,1.500,_joint_stall_recovery,8,3,1,5,2,0.000,1.00,1.664,False,None,0.000,False
10.240,3,en_route_pickup,2.987,3.000,-3.000,1.500,_joint_stall_recovery,6,3,1,7,3,0.000,1.00,-3.142,False,None,0.000,False
10.240,4,en_route_pickup,4.000,-3.000,0.000,3.500,None,None,0,0,3,4,0.000,1.00,3.142,False,None,0.000,False
10.240,5,idle,-7.000,-0.000,0.000,0.000,None,None,0,0,0,None,0.000,1.00,1.571,False,None,0.000,False
10.240,6,idle,7.000,0.000,0.000,0.000,None,None,0,0,0,None,0.000,1.00,1.571,False,None,0.000,False
10.240,7,idle,-8.500,1.200,0.000,0.000,None,None,0,0,0,None,0.000,1.00,-0.001,False,None,0.000,False
10.240,8,idle,8.500,-1.200,0.000,0.000,None,None,0,0,0,None,0.000,1.00,3.142,False,None,0.000,False
12.288,1,en_route_pickup,-5.411,3.127,-6.000,3.500,_joint_stall_recovery,4,3,2,3,1,0.000,1.00,-2.931,False,None,0.000,False
12.288,2,en_route_pickup,-4.275,-2.000,-1.000,1.500,_joint_stall_recovery,8,3,1,5,2,0.000,1.00,1.661,False,None,0.000,False
12.288,3,en_route_pickup,2.604,3.000,-3.000,1.500,_joint_stall_recovery,6,3,1,7,3,0.000,1.00,-3.142,False,None,0.000,False
12.288,4,en_route_pickup,4.000,-3.000,0.000,3.500,None,None,0,0,3,4,0.000,1.00,3.142,False,None,0.000,False
12.288,5,idle,-7.000,-0.000,0.000,0.000,None,None,0,0,0,None,0.000,1.00,1.571,False,None,0.000,False
12.288,6,idle,7.000,0.000,0.000,0.000,None,None,0,0,0,None,0.000,1.00,1.571,False,None,0.000,False
12.288,7,idle,-8.500,1.200,0.000,0.000,None,None,0,0,0,None,0.000,1.00,-0.001,False,None,0.000,False
12.288,8,idle,8.500,-1.200,0.000,0.000,None,None,0,0,0,None,0.000,1.00,3.142,False,None,0.000,False
14.336,1,en_route_delivery,-5.660,3.179,-3.000,-1.500,_joint_stall_recovery,4,3,3,3,1,0.000,1.00,-2.936,False,None,0.000,False
14.336,2,en_route_pickup,-4.301,-1.710,-1.000,1.500,_joint_stall_recovery,8,3,1,5,2,0.000,1.00,1.659,False,None,0.000,False
14.336,3,en_route_pickup,2.275,2.983,-3.000,1.500,_joint_stall_recovery,6,3,2,7,3,0.000,1.00,-2.943,False,None,0.000,False
14.336,4,en_route_pickup,4.000,-3.000,0.000,3.500,None,None,0,0,3,4,0.000,1.00,3.142,False,None,0.000,False
14.336,5,idle,-7.000,-0.000,0.000,0.000,None,None,0,0,0,None,0.000,1.00,1.571,False,None,0.000,False
14.336,6,idle,7.000,0.000,0.000,0.000,None,None,0,0,0,None,0.000,1.00,1.571,False,None,0.000,False
14.336,7,idle,-8.500,1.200,0.000,0.000,None,None,0,0,0,None,0.000,1.00,-0.001,False,None,0.000,False
14.336,8,idle,8.500,-1.200,0.000,0.000,None,None,0,0,0,None,0.000,1.00,3.142,False,None,0.000,False
16.384,1,en_route_delivery,-5.529,3.196,-3.000,-1.500,joint_grid_transaction,11,11,1,8,1,0.000,1.00,-0.641,False,None,0.000,False
16.384,2,en_route_pickup,-4.317,-1.494,-1.000,1.500,joint_grid_transaction,11,11,2,9,2,0.000,1.00,1.597,False,None,0.000,False
16.384,3,en_route_pickup,1.975,2.960,-3.000,1.500,joint_grid_transaction,11,11,2,9,3,0.000,1.00,-3.083,False,None,0.000,False
16.384,4,en_route_pickup,3.862,-2.816,0.000,3.500,_command_reverse,13,11,0,1,4,0.000,1.00,2.549,False,None,0.000,False
16.384,5,idle,-7.000,-0.000,0.000,0.000,None,None,0,0,0,None,0.000,1.00,1.571,False,None,0.000,False
16.384,6,idle,7.000,0.000,0.000,0.000,None,None,0,0,0,None,0.000,1.00,1.571,False,None,0.000,False
16.384,7,idle,-8.500,1.200,0.000,0.000,None,None,0,0,0,None,0.000,1.00,-0.001,False,None,0.000,False
16.384,8,idle,8.500,-1.200,0.000,0.000,None,None,0,0,0,None,0.000,1.00,3.142,False,None,0.000,False
18.432,1,en_route_delivery,-5.206,3.254,-3.000,-1.500,joint_grid_transaction,11,11,3,8,1,0.000,1.00,-0.082,False,None,0.000,False
18.432,2,en_route_pickup,-4.304,-1.214,-1.000,1.500,joint_grid_transaction,11,11,3,9,2,0.000,1.00,1.489,False,None,0.000,False
18.432,3,en_route_pickup,1.725,2.944,-3.000,1.500,joint_grid_transaction,11,11,3,9,3,0.000,1.00,-3.085,False,None,0.000,False
18.432,4,en_route_pickup,3.542,-2.606,0.000,3.500,_joint_stall_recovery,15,11,1,11,4,0.000,1.00,2.563,False,None,0.000,False
18.432,5,idle,-7.000,-0.000,0.000,0.000,None,None,0,0,0,None,0.000,1.00,1.571,False,None,0.000,False
18.432,6,idle,7.000,0.000,0.000,0.000,None,None,0,0,0,None,0.000,1.00,1.571,False,None,0.000,False
18.432,7,idle,-8.500,1.200,0.000,0.000,None,None,0,0,0,None,0.000,1.00,-0.001,False,None,0.000,False
18.432,8,idle,8.500,-1.200,0.000,0.000,None,None,0,0,0,None,0.000,1.00,3.142,False,None,0.000,False
20.480,1,en_route_delivery,-4.902,3.279,-3.000,-1.500,joint_grid_transaction,11,11,4,8,1,0.000,1.00,-0.083,False,None,0.000,False
20.480,2,en_route_pickup,-4.264,-0.841,-1.000,1.500,joint_grid_transaction,11,11,5,9,2,0.000,1.00,1.472,False,None,0.000,False
20.480,3,en_route_pickup,1.497,2.932,-3.000,1.500,joint_grid_transaction,11,11,4,9,3,0.000,1.00,-3.107,False,None,0.000,False
20.480,4,en_route_pickup,3.322,-2.407,0.000,3.500,_joint_stall_recovery,15,11,2,11,4,0.000,1.00,2.201,False,None,0.000,False
20.480,5,idle,-7.000,-0.000,0.000,0.000,None,None,0,0,0,None,0.000,1.00,1.571,False,None,0.000,False
20.480,6,idle,7.000,0.000,0.000,0.000,None,None,0,0,0,None,0.000,1.00,1.571,False,None,0.000,False
20.480,7,idle,-8.500,1.200,0.000,0.000,None,None,0,0,0,None,0.000,1.00,-0.001,False,None,0.000,False
20.480,8,idle,8.500,-1.200,0.000,0.000,None,None,0,0,0,None,0.000,1.00,3.142,False,None,0.000,False
22.528,1,en_route_delivery,-4.641,3.301,-3.000,-1.500,joint_grid_transaction,11,11,5,8,1,0.000,1.00,-0.085,False,None,0.000,False
22.528,2,en_route_pickup,-4.233,-0.519,-1.000,1.500,joint_grid_transaction,11,11,6,9,2,0.000,1.00,1.476,False,None,0.000,False
22.528,3,en_route_pickup,1.209,2.949,-3.000,1.500,joint_grid_transaction,11,11,5,9,3,0.000,1.00,3.032,False,None,0.000,False
22.528,4,en_route_pickup,3.387,-2.367,0.000,3.500,_joint_stall_recovery,15,11,3,11,4,0.000,1.00,0.594,False,None,0.000,False
22.528,5,idle,-7.000,-0.000,0.000,0.000,None,None,0,0,0,None,0.000,1.00,1.571,False,None,0.000,False
22.528,6,idle,7.000,0.000,0.000,0.000,None,None,0,0,0,None,0.000,1.00,1.571,False,None,0.000,False
22.528,7,idle,-8.500,1.200,0.000,0.000,None,None,0,0,0,None,0.000,1.00,-0.001,False,None,0.000,False
22.528,8,idle,8.500,-1.200,0.000,0.000,None,None,0,0,0,None,0.000,1.00,3.142,False,None,0.000,False
24.576,1,en_route_delivery,-4.473,3.309,-3.000,-1.500,joint_grid_transaction,18,18,3,9,1,0.000,1.00,-0.373,False,None,0.000,False
24.576,2,en_route_pickup,-4.207,-0.247,-1.000,1.500,joint_grid_transaction,18,18,2,9,2,0.000,1.00,1.479,False,None,0.000,False
24.576,3,en_route_pickup,0.841,2.989,-3.000,1.500,joint_grid_transaction,18,18,3,9,3,0.000,1.00,3.042,False,None,0.000,False
24.576,4,en_route_pickup,3.637,-2.425,0.000,3.500,joint_grid_transaction,18,18,3,9,4,0.000,1.00,0.236,False,None,0.000,False
24.576,5,en_route_pickup,-7.000,-0.000,1.000,1.500,None,None,0,0,3,5,0.000,1.00,1.571,False,None,0.000,False
24.576,6,idle,7.000,0.000,0.000,0.000,None,None,0,0,0,None,0.000,1.00,1.571,False,None,0.000,False
24.576,7,returning_home,-8.500,1.200,-7.000,0.000,None,None,0,0,2,None,0.000,1.00,-0.001,False,None,0.000,False
24.576,8,idle,8.500,-1.200,0.000,0.000,None,None,0,0,0,None,0.000,1.00,3.142,False,None,0.000,False
26.624,1,en_route_delivery,-4.375,3.166,-3.000,-1.500,joint_grid_transaction,19,19,1,8,1,0.000,1.00,-0.985,False,joint_slot_deadline,27.284,False
26.624,2,en_route_pickup,-4.187,-0.020,-1.000,1.500,joint_grid_transaction,19,19,1,8,2,0.000,1.00,1.505,False,None,0.000,False
26.624,3,en_route_pickup,0.524,3.020,-3.000,1.500,joint_grid_transaction,19,19,2,9,3,0.000,1.00,3.050,False,None,0.000,False
26.624,4,en_route_pickup,4.005,-2.487,0.000,3.500,joint_grid_transaction,19,19,2,9,4,0.000,1.00,0.109,False,None,0.000,False
26.624,5,en_route_pickup,-6.983,-0.036,1.000,1.500,joint_grid_transaction,19,19,1,9,5,0.000,1.00,0.911,False,None,0.000,False
26.624,6,en_route_pickup,7.000,0.000,-1.000,-1.500,None,None,0,0,4,6,0.000,1.00,1.571,False,None,0.000,False
26.624,7,returning_home,-8.429,1.200,-7.000,0.000,joint_grid_transaction,19,19,2,9,None,0.000,1.00,0.001,False,None,0.000,False
26.624,8,returning_home,8.500,-1.200,7.000,0.000,None,None,0,0,2,None,0.000,1.00,3.142,False,None,0.000,False
28.672,1,en_route_delivery,-4.281,2.903,-3.000,-1.500,joint_grid_transaction,20,20,3,9,1,0.000,1.00,-1.398,False,None,0.000,False
28.672,2,en_route_pickup,-4.187,0.224,-1.000,1.500,joint_grid_transaction,20,20,2,9,2,0.000,1.00,1.578,False,None,0.000,False
28.672,3,en_route_pickup,0.266,3.044,-3.000,1.500,joint_grid_transaction,20,20,2,9,3,0.000,1.00,3.048,False,None,0.000,False
28.672,4,en_route_pickup,4.094,-2.399,0.000,3.500,joint_grid_transaction,20,20,3,9,4,0.000,1.00,0.895,False,None,0.000,False
28.672,5,en_route_pickup,-6.703,-0.017,1.000,1.500,joint_grid_transaction,20,20,3,9,5,0.000,1.00,0.125,False,None,0.000,False
28.672,6,en_route_pickup,6.887,0.057,-1.000,-1.500,joint_grid_transaction,20,20,2,9,6,0.000,1.00,2.806,False,None,0.000,False
28.672,7,returning_home,-8.154,1.206,-7.000,0.000,joint_grid_transaction,20,20,3,9,None,0.000,1.00,0.039,False,None,0.000,False
28.672,8,returning_home,8.276,-1.200,7.000,0.000,joint_grid_transaction,20,20,2,9,None,0.000,1.00,-3.140,False,None,0.000,False
30.720,1,en_route_delivery,-4.244,2.554,-3.000,-1.500,joint_grid_transaction,20,20,4,9,1,0.000,1.00,-1.478,False,None,0.000,False
30.720,2,en_route_pickup,-4.202,0.529,-1.000,1.500,joint_grid_transaction,20,20,3,9,2,0.000,1.00,1.668,False,None,0.000,False
30.720,3,en_route_pickup,0.033,3.063,-3.000,1.500,joint_grid_transaction,20,20,3,9,3,0.000,1.00,3.062,False,None,0.000,False
30.720,4,en_route_pickup,4.223,-2.054,0.000,3.500,joint_grid_transaction,20,20,4,9,4,0.000,1.00,1.427,False,None,0.000,False
30.720,5,en_route_pickup,-6.367,0.013,1.000,1.500,joint_grid_transaction,20,20,4,9,5,0.000,1.00,0.086,False,None,0.000,False
30.720,6,en_route_pickup,6.525,0.001,-1.000,-1.500,joint_grid_transaction,20,20,3,9,6,0.000,1.00,3.055,False,None,0.000,False
30.720,7,returning_home,-7.792,1.238,-7.000,0.000,joint_grid_transaction,20,20,4,9,None,0.000,1.00,0.105,False,None,0.000,False
30.720,8,returning_home,7.977,-1.204,7.000,0.000,joint_grid_transaction,20,20,3,9,None,0.000,1.00,-3.117,False,None,0.000,False
32.768,1,en_route_delivery,-4.335,2.390,-3.000,-1.500,joint_grid_transaction,21,21,2,9,1,0.000,1.00,-2.427,False,None,0.000,False
32.768,2,en_route_pickup,-4.238,0.853,-1.000,1.500,joint_grid_transaction,21,21,3,9,2,0.000,1.00,1.681,False,None,0.000,False
32.768,3,en_route_pickup,-0.207,3.062,-3.000,1.500,joint_grid_transaction,21,21,2,9,3,0.000,1.00,-3.122,False,None,0.000,False
32.768,4,en_route_pickup,4.258,-1.710,0.000,3.500,joint_grid_transaction,21,21,2,9,4,0.000,1.00,1.479,False,None,0.000,False
32.768,5,en_route_pickup,-6.190,0.031,1.000,1.500,_joint_stall_recovery,23,21,2,6,5,0.000,1.00,0.282,False,None,0.000,False
32.768,6,en_route_pickup,6.219,-0.025,-1.000,-1.500,joint_grid_transaction,21,21,2,9,6,0.000,1.00,3.056,False,None,0.000,False
32.768,7,returning_home,-7.619,1.237,-7.000,0.000,_joint_stall_recovery,22,21,2,4,None,0.000,1.00,0.721,False,None,0.000,False
32.768,8,returning_home,7.642,-1.231,7.000,0.000,joint_grid_transaction,21,21,3,9,None,0.000,1.00,-3.031,False,None,0.000,False
34.816,1,en_route_delivery,-4.662,2.279,-3.000,-1.500,joint_grid_transaction,21,21,4,9,1,0.000,1.00,-2.989,False,None,0.000,False
34.816,2,en_route_pickup,-4.271,1.165,-1.000,1.500,joint_grid_transaction,21,21,4,9,2,0.000,1.00,1.673,False,None,0.000,False
34.816,3,en_route_pickup,-0.550,3.032,-3.000,1.500,joint_grid_transaction,21,21,4,9,3,0.000,1.00,-3.012,False,None,0.000,False
34.816,4,en_route_pickup,4.285,-1.420,0.000,3.500,joint_grid_transaction,21,21,4,9,4,0.000,1.00,1.479,False,None,0.000,False
34.816,5,en_route_pickup,-5.937,0.236,1.000,1.500,_joint_stall_recovery,23,21,2,6,5,0.000,1.00,0.723,False,None,0.000,False
34.816,6,en_route_pickup,5.960,-0.048,-1.000,-1.500,joint_grid_transaction,21,21,3,9,6,0.000,1.00,3.060,False,None,0.000,False
34.816,7,returning_home,-7.506,0.943,-7.000,0.000,_joint_stall_recovery,22,21,2,4,None,0.000,1.00,1.202,False,None,0.000,False
34.816,8,returning_home,7.371,-1.267,7.000,0.000,_joint_stall_recovery,25,21,1,7,None,0.000,1.00,-2.692,False,None,0.000,False
36.864,1,en_route_delivery,-5.007,2.243,-3.000,-1.500,joint_grid_transaction,21,21,5,9,1,0.000,1.00,-3.048,False,None,0.000,False
36.864,2,en_route_pickup,-4.298,1.428,-1.000,1.500,joint_grid_transaction,21,21,5,9,2,0.000,1.00,1.669,False,None,0.000,False
36.864,3,en_route_pickup,-0.901,2.997,-3.000,1.500,joint_grid_transaction,21,21,5,9,3,0.000,1.00,-3.047,False,None,0.000,False
36.864,4,en_route_pickup,4.304,-1.183,0.000,3.500,joint_grid_transaction,21,21,5,9,4,0.000,1.00,1.508,False,None,0.000,False
36.864,5,en_route_pickup,-5.651,0.491,1.000,1.500,_joint_stall_recovery,23,21,2,6,5,0.000,1.00,0.732,False,None,0.000,False
36.864,6,en_route_pickup,5.742,-0.198,-1.000,-1.500,_joint_stall_recovery,27,21,2,6,6,0.000,1.00,2.446,False,None,0.000,False
36.864,7,returning_home,-7.372,0.584,-7.000,0.000,_joint_stall_recovery,22,21,2,4,None,0.000,1.00,1.219,False,None,0.000,False
36.864,8,returning_home,7.439,-1.186,7.000,0.000,_joint_stall_recovery,25,21,3,7,None,0.000,1.00,1.904,False,None,0.000,False
38.912,1,en_route_delivery,-5.134,2.084,-3.000,-1.500,joint_grid_transaction,21,21,7,9,1,0.000,1.00,-2.062,False,None,0.000,False
38.912,2,en_route_pickup,-4.312,1.649,-1.000,1.500,joint_grid_transaction,21,21,6,9,2,0.000,1.00,1.630,False,None,0.000,False
38.912,3,en_route_pickup,-1.199,2.969,-3.000,1.500,joint_grid_transaction,21,21,6,9,3,0.000,1.00,-3.050,False,None,0.000,False
38.912,4,en_route_pickup,4.316,-0.963,0.000,3.500,joint_grid_transaction,21,21,5,9,4,0.000,1.00,1.574,False,None,0.000,False
38.912,5,en_route_pickup,-5.457,0.666,1.000,1.500,_joint_stall_recovery,23,21,2,6,5,0.000,0.55,0.732,False,None,0.000,False
38.912,6,en_route_pickup,5.453,-0.449,-1.000,-1.500,_joint_stall_recovery,27,21,2,6,6,0.000,1.00,2.424,False,None,0.000,False
38.912,7,en_route_pickup,-7.200,0.287,-6.000,-3.500,_joint_stall_recovery,22,21,4,1,8,0.000,1.00,0.973,False,None,0.000,False
38.912,8,returning_home,7.397,-0.916,7.000,0.000,_joint_stall_recovery,25,21,4,7,None,0.000,1.00,1.831,False,None,0.000,False
40.960,1,en_route_delivery,-5.192,1.960,-3.000,-1.500,joint_grid_transaction,35,35,3,9,1,0.000,1.00,-1.922,False,None,0.000,False
40.960,2,en_route_pickup,-4.305,1.764,-1.000,1.500,joint_grid_transaction,35,35,2,8,2,0.000,1.00,0.991,False,None,0.000,False
40.960,3,en_route_pickup,-1.452,2.946,-3.000,1.500,joint_grid_transaction,35,35,2,9,3,0.000,1.00,-3.050,False,None,0.000,False
40.960,4,en_route_pickup,4.295,-0.644,0.000,3.500,joint_grid_transaction,35,35,3,9,4,0.000,1.00,1.675,False,None,0.000,False
40.960,5,en_route_pickup,-5.227,0.720,1.000,1.500,joint_grid_transaction,35,35,2,9,5,0.000,1.00,0.191,False,None,0.000,False
40.960,6,en_route_pickup,5.283,-0.594,-1.000,-1.500,joint_grid_transaction,35,35,3,9,6,0.000,1.00,2.484,False,None,0.000,False
40.960,7,en_route_pickup,-6.947,0.272,-6.000,-3.500,joint_grid_transaction,35,35,2,9,8,0.000,1.00,0.157,False,None,0.000,False
40.960,8,returning_home,7.249,-0.954,7.000,0.000,joint_grid_transaction,35,35,1,6,None,0.000,1.00,3.032,False,None,0.000,False
43.008,1,en_route_delivery,-5.239,1.719,-3.000,-1.500,joint_grid_transaction,36,36,2,9,1,0.000,1.00,-1.667,False,joint_slot_deadline,43.300,False
43.008,2,en_route_pickup,-4.173,1.876,-1.000,1.500,joint_grid_transaction,36,36,1,8,2,0.000,1.00,0.592,False,joint_slot_deadline,43.300,False
43.008,3,en_route_pickup,-1.676,2.936,-3.000,1.500,joint_grid_transaction,36,36,2,9,3,0.000,1.00,-3.095,False,None,0.000,False
43.008,4,en_route_pickup,4.256,-0.280,0.000,3.500,joint_grid_transaction,36,36,2,9,4,0.000,1.00,1.669,False,None,0.000,False
43.008,5,en_route_pickup,-4.878,0.757,1.000,1.500,joint_grid_transaction,36,36,2,9,5,0.000,1.00,0.089,False,None,0.000,False
43.008,6,en_route_pickup,5.099,-0.805,-1.000,-1.500,joint_grid_transaction,36,36,2,9,6,0.000,0.85,2.124,False,None,0.000,False
43.008,7,en_route_pickup,-6.605,0.239,-6.000,-3.500,joint_grid_transaction,36,36,2,9,8,0.000,1.00,0.087,False,None,0.000,False
43.008,8,returning_home,7.155,-0.903,7.000,0.000,joint_grid_transaction,36,36,2,6,None,0.000,1.00,2.536,False,joint_slot_deadline,43.300,False
45.056,1,en_route_delivery,-5.266,1.455,-3.000,-1.500,joint_grid_transaction,36,36,4,9,1,0.000,1.00,-1.670,False,None,0.000,False
45.056,2,en_route_pickup,-3.877,1.974,-1.000,1.500,joint_grid_transaction,36,36,3,8,2,0.000,1.00,0.145,False,None,0.000,False
45.056,3,en_route_pickup,-1.916,2.937,-3.000,1.500,joint_grid_transaction,36,36,3,9,3,0.000,1.00,3.103,False,None,0.000,False
45.056,4,en_route_pickup,4.231,-0.003,0.000,3.500,joint_grid_transaction,36,36,3,9,4,0.000,0.85,1.648,False,None,0.000,False
45.056,5,en_route_pickup,-4.582,0.783,1.000,1.500,joint_grid_transaction,36,36,3,9,5,0.000,1.00,0.088,False,None,0.000,False
45.056,6,en_route_pickup,4.951,-0.895,-1.000,-1.500,joint_grid_transaction,36,36,3,9,6,0.000,1.00,2.582,False,None,0.000,False
45.056,7,en_route_pickup,-6.316,0.214,-6.000,-3.500,joint_grid_transaction,36,36,3,9,8,0.000,1.00,0.087,False,None,0.000,False
45.056,8,returning_home,7.066,-0.676,7.000,0.000,joint_grid_transaction,36,36,4,6,None,0.000,1.00,1.916,False,None,0.000,False
47.104,1,en_route_delivery,-5.293,1.185,-3.000,-1.500,joint_grid_transaction,37,37,2,9,1,0.000,1.00,-1.668,False,None,0.000,False
47.104,2,en_route_pickup,-3.532,2.008,-1.000,1.500,joint_grid_transaction,37,37,2,9,2,0.000,1.00,0.091,False,None,0.000,False
47.104,3,en_route_pickup,-2.272,2.974,-3.000,1.500,joint_grid_transaction,37,37,2,9,3,0.000,1.00,3.025,False,None,0.000,False
47.104,4,en_route_pickup,4.215,0.211,0.000,3.500,joint_grid_transaction,37,37,1,8,4,0.000,0.70,1.636,False,None,0.000,False
47.104,5,en_route_pickup,-4.404,0.844,1.000,1.500,joint_grid_transaction,37,37,2,9,5,0.000,1.00,0.629,False,joint_slot_deadline,47.796,False
47.104,6,en_route_pickup,4.599,-0.985,-1.000,-1.500,joint_grid_transaction,37,37,2,9,6,0.000,1.00,3.048,False,None,0.000,False
47.104,7,en_route_pickup,-6.154,0.155,-6.000,-3.500,joint_grid_transaction,37,37,2,9,8,0.000,1.00,0.621,False,joint_slot_deadline,47.796,False
47.104,8,returning_home,7.006,-0.310,7.000,0.000,joint_grid_transaction,37,37,2,3,None,0.000,1.00,1.659,False,None,0.000,False
49.152,1,en_route_delivery,-5.310,0.996,-3.000,-1.500,joint_grid_transaction,38,38,1,8,1,0.000,0.60,-1.631,False,None,0.000,False
49.152,2,en_route_pickup,-3.282,2.032,-1.000,1.500,joint_grid_transaction,38,38,2,9,2,0.000,1.00,0.092,False,None,0.000,False
49.152,3,en_route_pickup,-2.405,2.990,-3.000,1.500,joint_grid_transaction,38,38,2,0,3,0.000,1.00,3.038,False,None,0.000,False
49.152,4,en_route_pickup,4.201,0.411,0.000,3.500,joint_grid_transaction,38,38,2,9,4,0.000,1.00,1.644,False,None,0.000,False
49.152,5,en_route_pickup,-4.405,0.895,1.000,1.500,joint_grid_transaction,38,38,2,9,5,0.000,1.00,0.916,False,joint_slot_deadline,49.636,False
49.152,6,en_route_pickup,4.434,-1.044,-1.000,-1.500,joint_grid_transaction,38,38,2,9,6,0.000,1.00,2.478,False,None,0.000,False
49.152,7,en_route_pickup,-6.155,0.103,-6.000,-3.500,joint_grid_transaction,38,38,2,9,8,0.000,1.00,0.913,False,joint_slot_deadline,49.636,False
49.152,8,en_route_pickup,6.958,-0.278,0.000,-3.500,joint_grid_transaction,38,38,2,9,7,0.000,1.00,2.431,False,None,0.000,False
51.200,1,en_route_delivery,-5.273,0.956,-3.000,-1.500,joint_grid_transaction,39,38,2,9,1,0.000,0.70,-0.866,False,None,0.000,False
51.200,2,en_route_pickup,-3.032,2.055,-1.000,1.500,joint_grid_transaction,39,38,3,9,2,0.000,1.00,0.092,False,None,0.000,False
51.200,3,en_route_pickup,-2.417,2.991,-3.000,1.500,joint_grid_transaction,39,38,2,9,3,0.000,1.00,3.031,False,None,0.000,False
51.200,4,en_route_pickup,4.188,0.642,0.000,3.500,joint_grid_transaction,39,38,3,9,4,0.000,1.00,1.624,False,None,0.000,False
51.200,5,en_route_pickup,-4.301,1.098,1.000,1.500,joint_grid_transaction,39,38,4,9,5,0.000,1.00,1.271,False,None,0.000,False
51.200,6,en_route_pickup,4.308,-1.300,-1.000,-1.500,joint_grid_transaction,39,38,3,9,6,0.000,1.00,1.894,False,None,0.000,False
51.200,7,en_route_pickup,-6.051,-0.100,-6.000,-3.500,joint_grid_transaction,39,38,4,9,8,0.000,1.00,1.270,False,None,0.000,False
51.200,8,en_route_pickup,6.658,-0.250,0.000,-3.500,joint_grid_transaction,39,38,3,9,7,0.000,1.00,3.057,False,None,0.000,False
53.248,1,en_route_delivery,-5.052,0.820,-3.000,-1.500,joint_grid_transaction,39,39,3,9,1,0.000,1.00,-0.325,False,None,0.000,False
53.248,2,en_route_pickup,-2.809,2.065,-1.000,1.500,joint_grid_transaction,39,39,2,9,2,0.000,1.00,0.058,False,None,0.000,False
53.248,3,en_route_pickup,-2.723,3.024,-3.000,1.500,joint_grid_transaction,39,39,2,9,3,0.000,1.00,3.039,False,None,0.000,False
53.248,4,en_route_pickup,4.185,0.871,0.000,3.500,joint_grid_transaction,39,39,3,9,4,0.000,1.00,1.538,False,None,0.000,False
53.248,5,en_route_pickup,-4.249,1.433,1.000,1.500,joint_grid_transaction,39,39,3,9,5,0.000,1.00,1.470,False,None,0.000,False
53.248,6,en_route_pickup,4.253,-1.662,-1.000,-1.500,joint_grid_transaction,39,39,3,9,6,0.000,1.00,1.664,False,None,0.000,False
53.248,7,en_route_pickup,-5.999,-0.434,-6.000,-3.500,joint_grid_transaction,39,39,3,9,8,0.000,1.00,1.470,False,None,0.000,False
53.248,8,en_route_pickup,6.349,-0.223,0.000,-3.500,joint_grid_transaction,39,39,3,9,7,0.000,1.00,3.057,False,None,0.000,False
55.296,1,en_route_delivery,-4.687,0.756,-3.000,-1.500,joint_grid_transaction,40,40,2,9,1,0.000,1.00,-0.094,False,None,0.000,False
55.296,2,en_route_pickup,-2.561,2.060,-1.000,1.500,joint_grid_transaction,40,40,2,9,2,0.000,1.00,0.067,False,None,0.000,False
55.296,3,en_route_pickup,-2.868,2.924,-3.000,1.500,joint_grid_transaction,40,40,2,9,3,0.000,1.00,-2.338,False,joint_slot_deadline,56.308,False
55.296,4,en_route_pickup,4.221,1.225,0.000,3.500,joint_grid_transaction,40,40,1,8,4,0.000,1.00,1.461,False,None,0.000,False
55.296,5,en_route_pickup,-4.220,1.730,1.000,1.500,joint_grid_transaction,40,40,1,9,5,0.000,1.00,1.475,False,None,0.000,False
55.296,6,en_route_pickup,4.165,-1.857,-1.000,-1.500,joint_grid_transaction,40,40,2,9,6,0.000,1.00,2.282,False,joint_slot_deadline,56.308,False
55.296,7,en_route_pickup,-5.970,-0.730,-6.000,-3.500,joint_grid_transaction,40,40,1,9,8,0.000,1.00,1.474,False,None,0.000,False
55.296,8,en_route_pickup,6.085,-0.201,0.000,-3.500,joint_grid_transaction,40,40,2,9,7,0.000,1.00,3.064,False,None,0.000,False
57.344,1,en_route_delivery,-4.464,0.715,-3.000,-1.500,joint_grid_transaction,40,40,3,9,1,0.000,1.00,-0.560,False,None,0.000,False
57.344,2,en_route_pickup,-2.279,2.027,-1.000,1.500,joint_grid_transaction,40,40,3,9,2,0.000,1.00,0.107,False,None,0.000,False
57.344,3,en_route_pickup,-3.009,2.846,-3.000,1.500,joint_grid_transaction,40,40,3,9,3,0.000,1.00,-2.680,False,None,0.000,False
57.344,4,en_route_pickup,4.246,1.450,0.000,3.500,joint_grid_transaction,40,40,2,8,4,0.000,1.00,1.465,False,None,0.000,False
57.344,5,en_route_pickup,-4.106,1.855,1.000,1.500,joint_grid_transaction,40,40,3,9,5,0.000,1.00,0.599,False,None,0.000,False
57.344,6,en_route_pickup,4.044,-1.897,-1.000,-1.500,joint_grid_transaction,40,40,3,9,6,0.000,1.00,2.693,False,None,0.000,False
57.344,7,en_route_pickup,-5.946,-0.979,-6.000,-3.500,joint_grid_transaction,40,40,2,9,8,0.000,1.00,1.476,False,None,0.000,False
57.344,8,en_route_pickup,5.855,-0.187,0.000,-3.500,joint_grid_transaction,40,40,3,9,7,0.000,1.00,3.082,False,None,0.000,False
59.392,1,en_route_delivery,-4.309,0.446,-3.000,-1.500,joint_grid_transaction,41,41,2,9,1,0.000,1.00,-1.248,False,None,0.000,False
59.392,2,en_route_pickup,-1.939,1.992,-1.000,1.500,joint_grid_transaction,41,41,2,7,2,0.000,1.00,0.097,False,None,0.000,False
59.392,3,en_route_pickup,-3.022,2.809,-3.000,1.500,joint_grid_transaction,41,41,1,9,3,0.000,0.85,-2.448,False,None,0.000,False
59.392,4,en_route_pickup,4.277,1.750,0.000,3.500,joint_grid_transaction,41,41,1,9,4,0.000,1.00,1.471,False,None,0.000,False
59.392,5,en_route_pickup,-3.751,1.977,1.000,1.500,joint_grid_transaction,41,41,1,8,5,0.000,1.00,0.133,False,None,0.000,False
59.392,6,en_route_pickup,3.679,-1.987,-1.000,-1.500,joint_grid_transaction,41,41,2,9,6,0.000,1.00,3.047,False,None,0.000,False
59.392,7,en_route_pickup,-5.934,-1.202,-6.000,-3.500,joint_grid_transaction,41,41,1,8,8,0.000,1.00,1.511,False,None,0.000,False
59.392,8,en_route_pickup,5.626,-0.185,0.000,-3.500,joint_grid_transaction,41,41,2,9,7,0.000,1.00,-3.105,False,None,0.000,False
61.440,1,en_route_delivery,-4.254,0.083,-3.000,-1.500,joint_grid_transaction,41,41,3,9,1,0.000,1.00,-1.478,False,None,0.000,False
61.440,2,en_route_pickup,-1.652,1.965,-1.000,1.500,joint_grid_transaction,41,41,3,7,2,0.000,1.00,0.095,False,None,0.000,False
61.440,3,en_route_pickup,-2.979,2.754,-3.000,1.500,joint_grid_transaction,41,41,3,9,3,0.000,1.00,-1.165,False,None,0.000,False
61.440,4,en_route_pickup,4.155,1.864,0.000,3.500,joint_grid_transaction,41,41,3,9,4,0.000,1.00,2.540,False,None,0.000,False
61.440,5,en_route_pickup,-3.593,1.996,1.000,1.500,joint_grid_transaction,41,41,2,8,5,0.000,0.70,0.096,False,None,0.000,False
61.440,6,en_route_pickup,3.354,-2.017,-1.000,-1.500,joint_grid_transaction,41,41,3,9,6,0.000,1.00,3.051,False,None,0.000,False
61.440,7,en_route_pickup,-5.940,-1.452,-6.000,-3.500,joint_grid_transaction,41,41,2,8,8,0.000,1.00,1.631,False,None,0.000,False
61.440,8,en_route_pickup,5.269,-0.222,0.000,-3.500,joint_grid_transaction,41,41,3,9,7,0.000,1.00,-3.033,False,None,0.000,False
63.488,1,en_route_delivery,-4.226,-0.227,-3.000,-1.500,joint_grid_transaction,41,41,4,9,1,0.000,1.00,-1.481,False,None,0.000,False
63.488,2,en_route_pickup,-1.415,1.945,-1.000,1.500,joint_grid_transaction,41,41,4,7,2,0.000,1.00,0.065,False,None,0.000,False
63.488,3,en_route_pickup,-2.902,2.847,-3.000,1.500,joint_grid_transaction,41,41,5,9,3,0.000,1.00,-0.561,False,joint_slot_deadline,63.908,False
63.488,4,en_route_pickup,3.797,1.979,0.000,3.500,joint_grid_transaction,41,41,4,9,4,0.000,1.00,3.023,False,None,0.000,False
63.488,5,en_route_pickup,-3.331,2.021,1.000,1.500,joint_grid_transaction,41,41,3,8,5,0.000,1.00,0.097,False,None,0.000,False
63.488,6,en_route_pickup,3.077,-2.042,-1.000,-1.500,joint_grid_transaction,41,41,4,9,6,0.000,1.00,3.051,False,None,0.000,False
63.488,7,en_route_pickup,-5.980,-1.818,-6.000,-3.500,joint_grid_transaction,41,41,4,8,8,0.000,1.00,1.672,False,None,0.000,False
63.488,8,en_route_pickup,4.927,-0.257,0.000,-3.500,joint_grid_transaction,41,41,5,9,7,0.000,1.00,-3.045,False,None,0.000,False
65.536,1,en_route_delivery,-4.202,-0.489,-3.000,-1.500,joint_grid_transaction,44,44,2,13,1,0.000,1.00,-1.485,False,None,0.000,False
65.536,2,en_route_delivery,-1.330,1.965,0.000,-3.500,_priority_yield_direct,45,44,0,7,2,0.000,0.60,0.768,False,None,0.000,False
65.536,3,en_route_pickup,-2.956,2.904,-3.000,1.500,joint_grid_transaction,44,44,1,9,3,67.020,0.40,-1.162,False,None,0.000,False
65.536,4,en_route_pickup,3.469,2.011,0.000,3.500,joint_grid_transaction,44,44,2,13,4,0.000,1.00,3.049,False,None,0.000,False
65.536,5,en_route_pickup,-3.075,2.044,1.000,1.500,joint_grid_transaction,44,44,2,13,5,0.000,1.00,0.084,False,None,0.000,False
65.536,6,en_route_pickup,2.841,-2.059,-1.000,-1.500,joint_grid_transaction,44,44,2,13,6,0.000,1.00,3.076,False,None,0.000,False
65.536,7,en_route_pickup,-6.013,-2.148,-6.000,-3.500,joint_grid_transaction,44,44,2,7,8,0.000,1.00,1.667,False,None,0.000,False
65.536,8,en_route_pickup,4.638,-0.284,0.000,-3.500,joint_grid_transaction,44,44,2,13,7,0.000,1.00,-3.047,False,None,0.000,False
67.584,1,en_route_delivery,-4.186,-0.722,-3.000,-1.500,joint_grid_transaction,44,44,3,13,1,0.000,1.00,-1.500,False,None,0.000,False
67.584,2,en_route_delivery,-1.363,2.019,0.000,-3.500,_priority_yield_direct,45,44,0,7,2,0.000,0.60,1.602,False,None,0.000,False
67.584,3,en_route_pickup,-2.956,2.904,-3.000,1.500,joint_grid_transaction,44,44,1,9,3,68.524,0.40,-1.165,False,None,0.000,False
67.584,4,en_route_pickup,3.227,2.034,0.000,3.500,joint_grid_transaction,44,44,3,13,4,0.000,1.00,3.047,False,None,0.000,False
67.584,5,en_route_pickup,-2.838,2.060,1.000,1.500,joint_grid_transaction,44,44,3,13,5,0.000,1.00,0.063,False,None,0.000,False
67.584,6,en_route_pickup,2.611,-2.065,-1.000,-1.500,joint_grid_transaction,44,44,3,13,6,0.000,1.00,-3.137,False,None,0.000,False
67.584,7,en_route_pickup,-6.039,-2.429,-6.000,-3.500,joint_grid_transaction,44,44,3,7,8,0.000,1.00,1.664,False,None,0.000,False
67.584,8,en_route_pickup,4.468,-0.311,0.000,-3.500,joint_grid_transaction,44,44,3,13,7,0.000,1.00,-2.684,False,None,0.000,False
69.632,1,en_route_delivery,-4.188,-0.967,-3.000,-1.500,joint_grid_transaction,48,48,2,9,1,0.000,1.00,-1.598,False,None,0.000,False
69.632,2,en_route_delivery,-1.379,2.078,0.000,-3.500,joint_grid_transaction,48,48,2,9,2,0.000,1.00,1.612,False,None,0.000,False
69.632,3,en_route_pickup,-2.956,2.904,-3.000,1.500,joint_grid_transaction,48,48,1,7,3,70.028,0.40,-1.165,False,joint_slot_deadline,70.292,False
69.632,4,en_route_pickup,2.991,2.056,0.000,3.500,joint_grid_transaction,48,48,1,9,4,0.000,1.00,3.074,False,None,0.000,False
69.632,5,en_route_pickup,-2.605,2.064,1.000,1.500,joint_grid_transaction,48,48,2,9,5,0.000,1.00,0.019,False,None,0.000,False
69.632,6,en_route_pickup,2.316,-2.053,-1.000,-1.500,joint_grid_transaction,48,48,2,9,6,0.000,1.00,-3.066,False,None,0.000,False
69.632,7,en_route_pickup,-6.059,-2.668,-6.000,-3.500,joint_grid_transaction,48,48,2,5,8,0.000,1.00,1.643,False,None,0.000,False
69.632,8,en_route_pickup,4.323,-0.545,0.000,-3.500,joint_grid_transaction,48,48,2,9,7,0.000,1.00,-1.986,False,joint_slot_deadline,70.292,False
71.680,1,en_route_delivery,-4.218,-1.283,-3.000,-1.500,joint_grid_transaction,49,49,2,12,1,0.000,1.00,-1.704,False,None,0.000,False
71.680,2,en_route_delivery,-1.298,2.090,0.000,-3.500,joint_grid_transaction,49,49,1,12,2,0.000,1.00,0.319,False,None,0.000,False
71.680,3,en_route_pickup,-2.924,2.863,-3.000,1.500,joint_grid_transaction,49,49,1,6,3,72.028,0.40,-0.751,False,None,0.000,False
71.680,4,en_route_pickup,2.764,2.067,0.000,3.500,joint_grid_transaction,49,49,2,13,4,0.000,1.00,3.093,False,None,0.000,False
71.680,5,en_route_pickup,-2.266,2.035,1.000,1.500,joint_grid_transaction,49,49,2,13,5,0.000,1.00,0.121,False,None,0.000,False
71.680,6,en_route_pickup,1.972,-2.013,-1.000,-1.500,joint_grid_transaction,49,49,2,13,6,0.000,1.00,-3.042,False,None,0.000,False
71.680,7,en_route_pickup,-6.064,-2.897,-6.000,-3.500,joint_grid_transaction,49,49,2,4,8,0.000,1.00,1.568,False,None,0.000,False
71.680,8,en_route_pickup,4.267,-0.783,0.000,-3.500,joint_grid_transaction,49,49,2,13,7,0.000,1.00,-1.691,False,None,0.000,False
73.728,1,en_route_delivery,-4.246,-1.530,-3.000,-1.500,joint_grid_transaction,51,51,2,11,1,0.000,1.00,-1.670,False,joint_slot_deadline,73.796,False
73.728,2,en_route_delivery,-1.074,2.065,0.000,-3.500,joint_grid_transaction,51,51,2,13,2,0.000,0.55,0.155,False,None,0.000,False
73.728,3,en_route_pickup,-2.894,2.826,-3.000,1.500,joint_grid_transaction,51,51,1,6,3,0.000,0.55,-0.460,False,None,0.000,False
73.728,4,en_route_pickup,2.487,2.052,0.000,3.500,joint_grid_transaction,51,51,2,13,4,0.000,1.00,-3.034,False,None,0.000,False
73.728,5,en_route_pickup,-1.969,2.003,1.000,1.500,joint_grid_transaction,51,51,2,13,5,0.000,0.70,0.101,False,joint_slot_deadline,73.796,False
73.728,6,en_route_pickup,1.719,-1.987,-1.000,-1.500,joint_grid_transaction,51,51,2,13,6,0.000,1.00,-3.043,False,joint_slot_deadline,73.796,False
73.728,7,en_route_delivery,-6.005,-2.941,-1.000,1.500,joint_grid_transaction,51,51,1,13,8,0.000,1.00,0.524,False,None,0.000,False
73.728,8,en_route_pickup,4.240,-1.031,0.000,-3.500,joint_grid_transaction,51,51,2,13,7,0.000,1.00,-1.667,False,joint_slot_deadline,73.796,False
75.776,1,en_route_delivery,-4.271,-1.779,-3.000,-1.500,joint_grid_transaction,52,52,2,5,1,0.000,1.00,-1.320,False,None,0.000,False
75.776,2,en_route_delivery,-0.786,2.021,0.000,-3.500,_priority_yield_direct,53,52,0,15,2,0.000,0.70,0.086,False,None,0.000,False
75.776,3,en_route_pickup,-2.959,2.716,-3.000,1.500,joint_grid_transaction,52,52,1,5,3,0.000,1.00,-1.457,False,None,0.000,False
75.776,4,en_route_pickup,2.118,2.011,0.000,3.500,joint_grid_transaction,52,52,2,5,4,0.000,1.00,-3.042,False,None,0.000,False
75.776,5,en_route_pickup,-1.717,1.977,1.000,1.500,joint_grid_transaction,52,52,1,4,5,0.000,1.00,0.102,False,joint_slot_deadline,76.292,False
75.776,6,en_route_pickup,1.462,-1.960,-1.000,-1.500,joint_grid_transaction,52,52,1,5,6,0.000,1.00,-3.040,False,None,0.000,False
75.776,7,en_route_delivery,-5.718,-3.002,-1.000,1.500,joint_grid_transaction,52,52,1,4,8,0.000,1.00,0.082,False,joint_slot_deadline,76.292,False
75.776,8,en_route_pickup,4.213,-1.296,0.000,-3.500,joint_grid_transaction,52,52,2,5,7,0.000,1.00,-1.671,False,None,0.000,False
77.824,1,en_route_delivery,-4.065,-1.908,-3.000,-1.500,joint_grid_transaction,52,52,3,5,1,0.000,1.00,-0.406,False,None,0.000,False
77.824,2,en_route_delivery,-0.837,2.052,0.000,-3.500,_priority_yield_direct,53,52,0,15,2,0.000,0.45,0.791,False,None,0.000,False
77.824,3,en_route_pickup,-2.938,2.500,-3.000,1.500,joint_grid_transaction,52,52,2,5,3,0.000,1.00,-1.518,False,None,0.000,False
77.824,4,en_route_pickup,1.800,1.980,0.000,3.500,joint_grid_transaction,52,52,3,5,4,0.000,1.00,-3.047,False,None,0.000,False
77.824,5,en_route_pickup,-1.556,1.961,1.000,1.500,joint_grid_transaction,52,52,2,4,5,0.000,0.75,0.073,False,None,0.000,False
77.824,6,en_route_pickup,1.238,-1.940,-1.000,-1.500,joint_grid_transaction,52,52,2,5,6,0.000,1.00,-3.090,False,None,0.000,False
77.824,7,en_route_delivery,-5.493,-3.022,-1.000,1.500,joint_grid_transaction,52,52,2,4,8,0.000,1.00,0.087,False,None,0.000,False
77.824,8,en_route_pickup,4.193,-1.523,0.000,-3.500,joint_grid_transaction,52,52,2,5,7,0.000,1.00,-1.626,False,None,0.000,False
79.872,1,en_route_delivery,-3.717,-1.987,-3.000,-1.500,joint_grid_transaction,52,52,4,5,1,0.000,1.00,-0.099,False,joint_window_endpoint,80.340,False
79.872,2,en_route_delivery,-0.823,2.103,0.000,-3.500,_priority_yield_direct,59,52,0,7,2,80.524,0.40,0.882,False,None,0.000,False
79.872,3,en_route_pickup,-2.934,2.257,-3.000,1.500,joint_grid_transaction,52,52,3,5,3,0.000,1.00,-1.546,False,None,0.000,False
79.872,4,en_route_pickup,1.532,1.955,0.000,3.500,joint_grid_transaction,52,52,4,5,4,0.000,1.00,-3.049,False,None,0.000,False
79.872,5,en_route_pickup,-1.348,1.945,1.000,1.500,joint_grid_transaction,52,52,3,4,5,0.000,1.00,0.079,True,None,0.000,True
79.872,6,en_route_pickup,1.005,-1.933,-1.000,-1.500,joint_grid_transaction,52,52,3,5,6,0.000,1.00,-3.100,False,None,0.000,False
79.872,7,en_route_delivery,-5.227,-3.045,-1.000,1.500,joint_grid_transaction,52,52,3,4,8,0.000,1.00,0.087,False,None,0.000,False
79.872,8,en_route_pickup,4.182,-1.750,0.000,-3.500,joint_grid_transaction,52,52,3,5,7,0.000,1.00,-1.603,False,None,0.000,False
81.920,1,en_route_delivery,-3.717,-1.987,-3.000,-1.500,joint_grid_transaction,52,52,4,5,1,0.000,1.00,-0.099,False,joint_window_endpoint,82.260,False
81.920,2,en_route_delivery,-0.823,2.103,0.000,-3.500,_priority_yield_direct,59,52,0,7,2,82.028,0.40,0.882,False,None,0.000,False
81.920,3,en_route_delivery,-2.943,1.984,0.000,-3.500,joint_grid_transaction,52,52,4,12,3,0.000,1.00,-1.636,False,None,0.000,False
81.920,4,en_route_pickup,1.463,1.950,0.000,3.500,joint_grid_transaction,52,52,4,5,4,0.000,1.00,-3.076,False,joint_window_endpoint,82.260,False
81.920,5,en_route_pickup,-1.348,1.945,1.000,1.500,joint_grid_transaction,52,52,3,4,5,0.000,1.00,0.079,True,None,0.000,True
81.920,6,en_route_pickup,0.727,-1.946,-1.000,-1.500,joint_grid_transaction,52,52,4,5,6,0.000,1.00,3.053,False,None,0.000,False
81.920,7,en_route_delivery,-5.214,-3.047,-1.000,1.500,joint_grid_transaction,52,52,3,4,8,0.000,1.00,0.086,False,joint_window_endpoint,82.260,False
81.920,8,en_route_pickup,4.146,-1.838,0.000,-3.500,joint_grid_transaction,52,52,4,5,7,0.000,1.00,-2.127,False,joint_window_endpoint,82.260,False
83.968,1,en_route_delivery,-3.504,-1.863,-3.000,-1.500,joint_grid_transaction,66,66,1,2,1,0.000,1.00,-0.596,False,None,0.000,False
83.968,2,en_route_delivery,-0.823,2.104,0.000,-3.500,joint_grid_transaction,66,66,1,8,2,0.000,0.40,0.884,True,None,0.000,True
83.968,3,en_route_delivery,-3.114,2.024,0.000,-3.500,joint_grid_transaction,66,66,1,6,3,0.000,1.00,-3.004,False,None,0.000,False
83.968,4,en_route_pickup,1.319,2.100,0.000,3.500,joint_grid_transaction,66,66,1,2,4,0.000,1.00,2.355,False,None,0.000,False
83.968,5,en_route_pickup,-1.348,1.945,1.000,1.500,joint_grid_transaction,66,66,0,3,5,0.000,0.65,0.079,True,None,0.000,True
83.968,6,en_route_pickup,0.424,-2.054,-1.000,-1.500,joint_grid_transaction,66,66,1,3,6,0.000,1.00,2.710,False,None,0.000,False
83.968,7,en_route_delivery,-5.190,-2.889,-1.000,1.500,joint_grid_transaction,66,66,1,5,8,0.000,1.00,0.728,False,None,0.000,False
83.968,8,en_route_pickup,4.093,-1.898,0.000,-3.500,joint_grid_transaction,66,66,1,2,7,0.000,1.00,-2.096,False,None,0.000,False
86.016,1,en_route_pickup,-3.307,-1.761,6.000,3.500,joint_grid_transaction,68,68,1,11,9,0.000,1.00,-0.381,False,None,0.000,False
86.016,2,en_route_delivery,-0.823,2.104,0.000,-3.500,joint_grid_transaction,68,68,1,14,2,0.000,0.40,0.886,True,None,0.000,True
86.016,3,en_route_delivery,-3.457,1.994,0.000,-3.500,joint_grid_transaction,68,68,1,4,3,0.000,1.00,-3.059,False,None,0.000,False
86.016,4,en_route_pickup,1.055,2.377,0.000,3.500,joint_grid_transaction,68,68,1,2,4,0.000,1.00,2.325,False,None,0.000,False
86.016,5,en_route_pickup,-1.348,1.945,1.000,1.500,joint_grid_transaction,68,68,0,3,5,0.000,0.65,0.079,True,None,0.000,True
86.016,6,en_route_pickup,0.171,-2.122,-1.000,-1.500,joint_grid_transaction,68,68,1,2,6,0.000,1.00,-2.861,False,None,0.000,False
86.016,7,en_route_delivery,-5.138,-2.666,-1.000,1.500,joint_grid_transaction,68,68,1,5,8,0.000,1.00,1.045,False,None,0.000,False
86.016,8,en_route_pickup,3.969,-2.257,0.000,-3.500,joint_grid_transaction,68,68,1,2,7,0.000,1.00,-1.847,False,None,0.000,False
88.064,1,en_route_pickup,-2.995,-1.920,6.000,3.500,joint_grid_transaction,69,69,2,13,9,0.000,1.00,-0.365,False,None,0.000,False
88.064,2,en_route_delivery,-0.823,2.104,0.000,-3.500,joint_grid_transaction,69,69,1,14,2,88.316,0.40,0.889,True,None,0.000,True
88.064,3,en_route_delivery,-3.658,1.928,0.000,-3.500,joint_grid_transaction,69,69,1,4,3,0.000,1.00,-2.433,False,None,0.000,False
88.064,4,en_route_pickup,0.792,2.656,0.000,3.500,joint_grid_transaction,69,69,1,2,4,0.000,1.00,2.325,False,None,0.000,False
88.064,5,en_route_pickup,-1.348,1.945,1.000,1.500,joint_grid_transaction,69,69,0,3,5,88.316,0.65,0.079,True,None,0.000,True
88.064,6,en_route_pickup,-0.171,-1.958,-1.000,-1.500,joint_grid_transaction,69,69,1,2,6,0.000,1.00,-2.642,False,None,0.000,False
88.064,7,en_route_delivery,-5.085,-2.377,-1.000,1.500,joint_grid_transaction,69,69,2,5,8,0.000,1.00,1.435,False,None,0.000,False
88.064,8,en_route_pickup,3.866,-2.625,0.000,-3.500,joint_grid_transaction,69,69,1,2,7,0.000,1.00,-1.842,False,None,0.000,False
90.112,1,en_route_pickup,-2.669,-2.020,6.000,3.500,joint_grid_transaction,70,70,1,6,9,0.000,1.00,-0.445,False,None,0.000,False
90.112,2,en_route_delivery,-0.823,2.105,0.000,-3.500,joint_grid_transaction,70,70,1,13,2,90.316,0.65,0.891,True,None,0.000,True
90.112,3,en_route_delivery,-3.899,1.636,0.000,-3.500,joint_grid_transaction,70,70,1,4,3,0.000,1.00,-2.108,False,None,0.000,False
90.112,4,en_route_pickup,0.530,2.935,0.000,3.500,joint_grid_transaction,70,70,1,2,4,0.000,1.00,2.325,False,None,0.000,False
90.112,5,en_route_pickup,-1.349,1.946,1.000,1.500,_joint_stall_recovery,71,70,0,1,5,90.316,0.40,0.152,False,None,0.000,False
90.112,6,en_route_delivery,-0.506,-1.773,-6.000,3.500,joint_grid_transaction,70,70,1,8,6,0.000,1.00,-2.637,False,None,0.000,False
90.112,7,en_route_delivery,-5.055,-2.028,-1.000,1.500,joint_grid_transaction,70,70,1,6,8,0.000,1.00,1.488,False,None,0.000,False
90.112,8,en_route_pickup,3.763,-2.994,0.000,-3.500,joint_grid_transaction,70,70,1,2,7,0.000,1.00,-1.842,False,None,0.000,False
92.160,1,en_route_pickup,-2.333,-2.204,6.000,3.500,joint_grid_transaction,70,70,1,6,9,0.000,1.00,-0.517,False,None,0.000,False
92.160,2,en_route_delivery,-0.822,2.097,0.000,-3.500,_priority_yield_direct,75,70,1,15,2,93.020,0.40,0.833,False,None,0.000,False
92.160,3,en_route_delivery,-4.086,1.302,0.000,-3.500,joint_grid_transaction,70,70,1,4,3,0.000,1.00,-2.070,False,None,0.000,False
92.160,4,en_route_delivery,0.268,3.214,3.000,-1.500,joint_grid_transaction,70,70,1,4,4,0.000,1.00,2.325,False,None,0.000,False
92.160,5,en_route_pickup,-1.435,2.029,1.000,1.500,_joint_stall_recovery,71,70,0,1,5,0.000,1.00,1.573,False,None,0.000,False
92.160,6,en_route_delivery,-0.810,-1.605,-6.000,3.500,joint_grid_transaction,70,70,2,8,6,0.000,1.00,-2.636,False,None,0.000,False
92.160,7,en_route_delivery,-5.027,-1.689,-1.000,1.500,joint_grid_transaction,70,70,1,6,8,0.000,1.00,1.488,False,None,0.000,False
92.160,8,en_route_pickup,3.661,-3.363,0.000,-3.500,joint_grid_transaction,70,70,1,2,7,0.000,1.00,-1.842,False,None,0.000,False
94.208,1,en_route_pickup,-2.001,-2.394,6.000,3.500,joint_grid_transaction,70,70,1,6,9,0.000,1.00,-0.519,False,None,0.000,False
94.208,2,en_route_delivery,-0.822,2.097,0.000,-3.500,_priority_yield_direct,75,70,1,15,2,94.524,0.40,0.831,False,None,0.000,False
94.208,3,en_route_delivery,-4.172,0.989,0.000,-3.500,joint_grid_transaction,70,70,2,4,3,0.000,1.00,-1.656,False,None,0.000,False
94.208,4,en_route_delivery,0.150,3.341,3.000,-1.500,joint_grid_transaction,70,70,2,4,4,0.000,1.00,2.325,False,None,0.000,False
94.208,5,en_route_pickup,-1.520,2.341,1.000,1.500,_joint_stall_recovery,71,70,0,1,5,0.000,1.00,1.933,False,None,0.000,False
94.208,6,en_route_delivery,-0.810,-1.605,-6.000,3.500,joint_grid_transaction,70,70,2,8,6,0.000,1.00,-2.636,False,None,0.000,False
94.208,7,en_route_delivery,-4.999,-1.353,-1.000,1.500,joint_grid_transaction,70,70,1,6,8,0.000,1.00,1.488,False,None,0.000,False
94.208,8,en_route_pickup,3.558,-3.732,0.000,-3.500,joint_grid_transaction,70,70,1,2,7,0.000,1.00,-1.842,False,None,0.000,False
96.256,1,en_route_pickup,-1.718,-2.482,6.000,3.500,joint_grid_transaction,77,77,1,3,9,0.000,1.00,-0.054,False,None,0.000,False
96.256,2,en_route_delivery,-0.828,2.138,0.000,-3.500,joint_grid_transaction,77,77,1,13,2,0.000,0.45,1.141,False,None,0.000,False
96.256,3,en_route_delivery,-4.262,0.817,0.000,-3.500,joint_grid_transaction,77,77,1,12,3,0.000,1.00,-2.429,False,None,0.000,False
96.256,4,en_route_delivery,0.203,3.347,3.000,-1.500,joint_grid_transaction,77,77,1,5,4,0.000,1.00,0.859,False,None,0.000,False
96.256,5,en_route_pickup,-1.552,2.466,1.000,1.500,joint_grid_transaction,77,77,1,5,5,0.000,0.75,0.832,False,None,0.000,False
96.256,6,en_route_delivery,-0.864,-1.649,-6.000,3.500,joint_grid_transaction,77,77,1,11,6,0.000,1.00,2.574,False,None,0.000,False
96.256,7,en_route_delivery,-4.971,-1.023,-1.000,1.500,joint_grid_transaction,77,77,1,5,8,0.000,1.00,1.488,False,None,0.000,False
96.256,8,en_route_pickup,3.437,-3.820,0.000,-3.500,joint_grid_transaction,77,77,1,4,7,0.000,1.00,-2.865,False,None,0.000,False
98.304,1,en_route_pickup,-1.391,-2.503,6.000,3.500,joint_grid_transaction,78,78,1,8,9,0.000,1.00,-0.068,False,None,0.000,False
98.304,2,en_route_delivery,-0.831,2.145,0.000,-3.500,joint_grid_transaction,77,77,1,13,2,0.000,0.40,1.252,False,None,0.000,False
98.304,3,en_route_delivery,-4.351,0.614,0.000,-3.500,joint_grid_transaction,78,78,1,3,3,0.000,1.00,-1.725,False,None,0.000,False
98.304,4,en_route_delivery,0.400,3.287,3.000,-1.500,joint_grid_transaction,78,78,1,5,4,0.000,1.00,0.098,False,None,0.000,False
98.304,5,en_route_pickup,-1.356,2.579,1.000,1.500,joint_grid_transaction,78,78,1,4,5,0.000,1.00,0.817,False,None,0.000,False
98.304,6,en_route_delivery,-1.080,-1.831,-6.000,3.500,_priority_yield_direct,79,78,0,16,6,99.516,0.40,2.374,False,None,0.000,False
98.304,7,en_route_delivery,-4.877,-0.973,-1.000,1.500,joint_grid_transaction,78,78,1,7,8,0.000,1.00,0.093,False,None,0.000,False
98.304,8,en_route_pickup,3.118,-3.850,0.000,-3.500,joint_grid_transaction,78,78,1,4,7,0.000,1.00,-3.076,False,None,0.000,False
100.352,1,en_route_pickup,-1.070,-2.525,6.000,3.500,joint_grid_transaction,78,78,1,8,9,0.000,1.00,-0.071,False,None,0.000,False
100.352,2,en_route_delivery,-0.832,2.150,0.000,-3.500,joint_grid_transaction,77,77,1,13,2,0.000,0.40,1.357,False,None,0.000,False
100.352,3,en_route_delivery,-4.375,0.289,0.000,-3.500,joint_grid_transaction,78,78,1,3,3,0.000,1.00,-1.638,False,None,0.000,False
100.352,4,en_route_delivery,0.754,3.193,3.000,-1.500,joint_grid_transaction,78,78,1,5,4,0.000,1.00,0.322,False,None,0.000,False
100.352,5,en_route_pickup,-1.122,2.820,1.000,1.500,joint_grid_transaction,78,78,2,4,5,0.000,1.00,0.707,False,None,0.000,False
100.352,6,en_route_delivery,-1.080,-1.832,-6.000,3.500,_priority_yield_direct,79,78,0,16,6,101.020,0.40,2.374,False,None,0.000,False
100.352,7,en_route_delivery,-4.917,-1.170,-1.000,1.500,joint_grid_transaction,78,78,1,7,8,0.000,1.00,1.371,False,None,0.000,False
100.352,8,en_route_pickup,2.820,-3.870,0.000,-3.500,joint_grid_transaction,78,78,1,4,7,0.000,1.00,-3.072,False,None,0.000,False
102.400,1,en_route_pickup,-0.795,-2.546,6.000,3.500,joint_grid_transaction,80,80,1,11,9,0.000,1.00,-0.076,False,None,0.000,False
102.400,2,en_route_delivery,-0.833,2.152,0.000,-3.500,joint_grid_transaction,80,80,1,6,2,0.000,0.40,1.731,False,None,0.000,False
102.400,3,en_route_delivery,-4.462,0.015,0.000,-3.500,joint_grid_transaction,80,80,1,3,3,0.000,1.00,-2.093,False,None,0.000,False
102.400,4,en_route_delivery,1.117,3.070,3.000,-1.500,joint_grid_transaction,80,80,1,5,4,0.000,1.00,0.329,False,None,0.000,False
102.400,5,en_route_pickup,-0.805,2.942,1.000,1.500,joint_grid_transaction,80,80,1,4,5,0.000,1.00,0.368,False,None,0.000,False
102.400,6,en_route_delivery,-1.093,-1.821,-6.000,3.500,joint_grid_transaction,80,80,1,5,6,102.524,0.40,2.487,False,None,0.000,False
102.400,7,en_route_delivery,-4.812,-1.226,-1.000,1.500,joint_grid_transaction,80,80,1,5,8,0.000,1.00,0.133,False,None,0.000,False
102.400,8,en_route_pickup,2.686,-3.791,0.000,-3.500,joint_grid_transaction,80,80,1,7,7,0.000,1.00,2.267,False,None,0.000,False
104.448,1,en_route_pickup,-0.555,-2.562,6.000,3.500,joint_grid_transaction,81,81,2,13,9,0.000,1.00,-0.066,False,None,0.000,False
104.448,2,en_route_delivery,-0.839,2.136,0.000,-3.500,joint_grid_transaction,81,81,2,13,2,0.000,0.40,2.033,False,None,0.000,False
104.448,3,en_route_delivery,-4.579,-0.118,0.000,-3.500,joint_grid_transaction,81,81,3,13,3,0.000,1.00,-2.420,False,None,0.000,False
104.448,4,en_route_delivery,1.475,2.993,3.000,-1.500,joint_grid_transaction,81,81,2,13,4,0.000,1.00,0.077,False,None,0.000,False
104.448,5,en_route_pickup,-0.471,3.018,1.000,1.500,joint_grid_transaction,81,81,2,13,5,0.000,1.00,0.066,False,None,0.000,False
104.448,6,en_route_delivery,-1.157,-1.847,-6.000,3.500,joint_grid_transaction,81,81,1,12,6,105.516,0.40,2.639,False,None,0.000,False
104.448,7,en_route_delivery,-4.724,-1.217,-1.000,1.500,joint_grid_transaction,81,81,1,13,8,0.000,1.00,0.040,False,None,0.000,False
104.448,8,en_route_pickup,2.515,-3.737,0.000,-3.500,joint_grid_transaction,81,81,1,12,7,0.000,0.60,2.949,False,None,0.000,False
106.496,1,en_route_pickup,-0.315,-2.562,6.000,3.500,joint_grid_transaction,82,82,2,9,9,0.000,1.00,-0.027,False,None,0.000,False
106.496,2,en_route_delivery,-1.068,2.193,0.000,-3.500,joint_grid_transaction,82,82,3,9,2,0.000,1.00,2.805,False,None,0.000,False
106.496,3,en_route_delivery,-4.686,-0.162,0.000,-3.500,joint_grid_transaction,82,82,2,8,3,0.000,1.00,-2.725,False,None,0.000,False
106.496,4,en_route_delivery,1.774,2.969,3.000,-1.500,joint_grid_transaction,82,82,2,9,4,0.000,1.00,0.078,False,None,0.000,False
106.496,5,en_route_pickup,-0.191,3.037,1.000,1.500,joint_grid_transaction,82,82,3,9,5,0.000,1.00,0.075,False,None,0.000,False
106.496,6,en_route_delivery,-1.299,-1.918,-6.000,3.500,joint_grid_transaction,81,81,3,12,6,0.000,1.00,2.722,False,None,0.000,False
106.496,7,en_route_delivery,-4.465,-1.202,-1.000,1.500,joint_grid_transaction,82,82,2,9,8,0.000,1.00,0.143,False,None,0.000,False
106.496,8,en_route_pickup,2.358,-3.720,0.000,-3.500,joint_grid_transaction,82,82,2,9,7,0.000,1.00,3.049,False,None,0.000,False
108.544,1,en_route_pickup,0.035,-2.529,6.000,3.500,joint_grid_transaction,82,82,3,9,9,0.000,1.00,-0.125,False,None,0.000,False
108.544,2,en_route_delivery,-1.429,2.248,0.000,-3.500,joint_grid_transaction,82,82,4,9,2,0.000,1.00,3.051,False,None,0.000,False
108.544,3,en_route_delivery,-4.969,-0.234,0.000,-3.500,joint_grid_transaction,82,82,3,8,3,0.000,1.00,-3.035,False,None,0.000,False
108.544,4,en_route_delivery,2.028,2.949,3.000,-1.500,joint_grid_transaction,82,82,3,9,4,0.000,1.00,0.069,False,None,0.000,False
108.544,5,en_route_pickup,0.054,3.055,1.000,1.500,joint_grid_transaction,82,82,4,9,5,0.000,1.00,0.059,False,None,0.000,False
108.544,6,en_route_delivery,-1.624,-1.987,-6.000,3.500,joint_grid_transaction,81,81,5,12,6,0.000,1.00,3.053,False,None,0.000,False
108.544,7,en_route_delivery,-4.371,-1.042,-1.000,1.500,joint_grid_transaction,82,82,4,9,8,0.000,1.00,1.061,False,None,0.000,False
108.544,8,en_route_pickup,2.163,-3.660,0.000,-3.500,joint_grid_transaction,82,82,3,9,7,0.000,1.00,2.523,False,None,0.000,False
110.592,1,en_route_pickup,0.323,-2.499,6.000,3.500,joint_grid_transaction,83,83,3,9,9,0.000,1.00,-0.104,False,None,0.000,False
110.592,2,en_route_delivery,-1.736,2.276,0.000,-3.500,joint_grid_transaction,83,83,2,9,2,0.000,1.00,3.053,False,None,0.000,False
110.592,3,en_route_delivery,-5.098,-0.347,0.000,-3.500,joint_grid_transaction,83,83,3,9,3,0.000,1.00,-2.235,False,None,0.000,False
110.592,4,en_route_delivery,2.258,2.935,3.000,-1.500,joint_grid_transaction,83,83,2,9,4,0.000,1.00,0.033,False,None,0.000,False
110.592,5,en_route_pickup,0.279,3.066,1.000,1.500,joint_grid_transaction,83,83,2,9,5,0.000,1.00,0.009,False,None,0.000,False
110.592,6,en_route_delivery,-1.822,-2.006,-6.000,3.500,joint_grid_transaction,83,83,2,8,6,0.000,1.00,3.047,False,None,0.000,False
110.592,7,en_route_delivery,-4.266,-0.680,-1.000,1.500,joint_grid_transaction,83,83,3,9,8,0.000,1.00,1.467,False,None,0.000,False
110.592,8,en_route_pickup,2.132,-3.580,0.000,-3.500,joint_grid_transaction,83,83,3,9,7,0.000,1.00,2.147,False,None,0.000,False
112.640,1,en_route_pickup,0.617,-2.469,6.000,3.500,joint_grid_transaction,83,83,4,9,9,0.000,1.00,-0.099,False,None,0.000,False
112.640,2,en_route_delivery,-1.996,2.299,0.000,-3.500,joint_grid_transaction,83,83,3,9,2,0.000,1.00,3.053,False,None,0.000,False
112.640,3,en_route_delivery,-5.169,-0.562,0.000,-3.500,joint_grid_transaction,83,83,4,9,3,0.000,1.00,-1.066,False,None,0.000,False
112.640,4,en_route_delivery,2.517,2.938,3.000,-1.500,joint_grid_transaction,83,83,3,9,4,0.000,1.00,0.020,False,None,0.000,False
112.640,5,en_route_pickup,0.584,3.050,1.000,1.500,joint_grid_transaction,83,83,4,9,5,0.000,1.00,0.096,False,None,0.000,False
112.640,6,en_route_delivery,-2.116,-2.033,-6.000,3.500,joint_grid_transaction,83,83,3,8,6,0.000,1.00,3.049,False,None,0.000,False
112.640,7,en_route_delivery,-4.237,-0.347,-1.000,1.500,joint_grid_transaction,83,83,4,9,8,0.000,1.00,1.484,False,None,0.000,False
112.640,8,en_route_pickup,1.961,-3.387,0.000,-3.500,joint_grid_transaction,83,83,4,9,7,0.000,1.00,2.466,False,None,0.000,False
114.688,1,en_route_pickup,0.772,-2.449,6.000,3.500,joint_grid_transaction,84,84,2,8,9,0.000,1.00,-0.402,False,None,0.000,False
114.688,2,en_route_delivery,-2.228,2.314,0.000,-3.500,joint_grid_transaction,84,84,2,9,2,0.000,1.00,3.077,False,None,0.000,False
114.688,3,en_route_delivery,-5.133,-0.578,0.000,-3.500,joint_grid_transaction,84,84,3,9,3,0.000,0.40,-0.783,False,None,0.000,False
114.688,4,en_route_delivery,2.850,2.968,3.000,-1.500,joint_grid_transaction,84,84,3,9,4,0.000,1.00,0.124,False,None,0.000,False
114.688,5,en_route_pickup,0.766,3.020,1.000,1.500,joint_grid_transaction,84,84,3,9,5,0.000,1.00,0.475,False,None,0.000,False
114.688,6,en_route_delivery,-2.334,-2.052,-6.000,3.500,joint_grid_transaction,84,84,2,8,6,0.000,1.00,3.057,False,None,0.000,False
114.688,7,en_route_delivery,-4.212,-0.062,-1.000,1.500,joint_grid_transaction,84,84,2,9,8,0.000,1.00,1.484,False,None,0.000,False
114.688,8,en_route_pickup,1.849,-3.329,0.000,-3.500,joint_grid_transaction,84,84,2,8,7,0.000,1.00,2.760,False,None,0.000,False
116.736,1,en_route_pickup,0.938,-2.350,6.000,3.500,joint_grid_transaction,85,85,2,9,9,0.000,1.00,-0.412,False,joint_slot_deadline,117.284,False
116.736,2,en_route_delivery,-2.479,2.311,0.000,-3.500,joint_grid_transaction,85,85,2,9,2,0.000,1.00,-3.103,False,None,0.000,False
116.736,3,en_route_delivery,-5.017,-0.622,0.000,-3.500,joint_grid_transaction,85,85,1,8,3,0.000,1.00,-0.136,False,None,0.000,False
116.736,4,en_route_delivery,3.200,3.004,3.000,-1.500,joint_grid_transaction,85,85,2,9,4,0.000,1.00,0.096,False,None,0.000,False
116.736,5,en_route_pickup,0.879,2.877,1.000,1.500,joint_grid_transaction,85,85,1,7,5,0.000,1.00,1.035,False,joint_slot_deadline,117.284,False
116.736,6,en_route_delivery,-2.540,-2.065,-6.000,3.500,joint_grid_transaction,85,85,1,9,6,0.000,1.00,-3.137,False,None,0.000,False
116.736,7,en_route_delivery,-4.191,0.182,-1.000,1.500,joint_grid_transaction,85,85,2,9,8,0.000,1.00,1.491,False,None,0.000,False
116.736,8,en_route_pickup,1.512,-3.258,0.000,-3.500,joint_grid_transaction,85,85,2,9,7,0.000,0.85,3.051,False,None,0.000,False
118.784,1,en_route_pickup,1.085,-2.295,6.000,3.500,joint_grid_transaction,85,85,4,9,9,0.000,1.00,-0.263,False,None,0.000,False
118.784,2,en_route_delivery,-2.810,2.276,0.000,-3.500,joint_grid_transaction,85,85,4,9,2,0.000,1.00,-3.026,False,None,0.000,False
118.784,3,en_route_delivery,-4.679,-0.537,0.000,-3.500,joint_grid_transaction,85,85,3,8,3,0.000,1.00,-0.174,False,None,0.000,False
118.784,4,en_route_delivery,3.487,3.032,3.000,-1.500,joint_grid_transaction,85,85,3,9,4,0.000,1.00,0.097,False,None,0.000,False
118.784,5,en_route_pickup,0.962,2.668,1.000,1.500,joint_grid_transaction,85,85,3,7,5,0.000,1.00,1.332,False,None,0.000,False
118.784,6,en_route_delivery,-2.840,-2.054,-6.000,3.500,joint_grid_transaction,85,85,3,9,6,0.000,1.00,-3.071,False,None,0.000,False
118.784,7,en_route_delivery,-4.186,0.410,-1.000,1.500,joint_grid_transaction,85,85,3,9,8,0.000,1.00,1.567,False,None,0.000,False
118.784,8,en_route_pickup,1.274,-3.235,0.000,-3.500,joint_grid_transaction,85,85,3,9,7,0.000,1.00,3.046,False,None,0.000,False
120.832,1,en_route_pickup,1.364,-2.253,6.000,3.500,joint_grid_transaction,86,86,3,9,9,0.000,1.00,-0.104,False,None,0.000,False
120.832,2,en_route_delivery,-3.111,2.246,0.000,-3.500,joint_grid_transaction,86,86,3,9,2,0.000,1.00,-3.040,False,None,0.000,False
120.832,3,en_route_delivery,-4.484,-0.517,0.000,-3.500,joint_grid_transaction,86,86,3,9,3,0.000,1.00,-0.451,False,None,0.000,False
120.832,4,en_route_delivery,3.733,3.056,3.000,-1.500,joint_grid_transaction,86,86,2,9,4,0.000,1.00,0.095,False,None,0.000,False
120.832,5,en_route_pickup,0.999,2.387,1.000,1.500,joint_grid_transaction,86,86,3,6,5,0.000,1.00,1.472,False,None,0.000,False
120.832,6,en_route_delivery,-3.124,-2.020,-6.000,3.500,joint_grid_transaction,86,86,3,9,6,0.000,1.00,-3.039,False,None,0.000,False
120.832,7,en_route_delivery,-4.185,0.670,-1.000,1.500,joint_grid_transaction,86,86,2,9,8,0.000,1.00,1.571,False,None,0.000,False
120.832,8,en_route_pickup,0.999,-3.209,0.000,-3.500,joint_grid_transaction,86,86,2,7,7,0.000,1.00,3.049,False,None,0.000,False
122.880,1,en_route_pickup,1.666,-2.223,6.000,3.500,joint_grid_transaction,86,86,4,9,9,0.000,1.00,-0.099,False,None,0.000,False
122.880,2,en_route_delivery,-3.290,2.261,0.000,-3.500,joint_grid_transaction,86,86,4,9,2,0.000,1.00,2.497,False,None,0.000,False
122.880,3,en_route_delivery,-4.323,-0.764,0.000,-3.500,joint_grid_transaction,86,86,4,9,3,0.000,1.00,-1.201,False,None,0.000,False
122.880,4,en_route_delivery,3.955,3.066,3.000,-1.500,joint_grid_transaction,86,86,3,9,4,0.000,1.00,0.059,False,None,0.000,False
122.880,5,en_route_delivery,1.028,2.086,6.000,-3.500,joint_grid_transaction,86,86,4,4,5,0.000,1.00,1.476,False,None,0.000,True
122.880,6,en_route_delivery,-3.460,-1.989,-6.000,3.500,joint_grid_transaction,86,86,4,9,6,0.000,1.00,-3.050,False,None,0.000,False
122.880,7,en_route_delivery,-4.185,0.933,-1.000,1.500,joint_grid_transaction,86,86,3,9,8,0.000,1.00,1.571,False,None,0.000,False
122.880,8,en_route_pickup,0.769,-3.188,0.000,-3.500,joint_grid_transaction,86,86,3,7,7,0.000,1.00,3.070,False,None,0.000,False
124.928,1,en_route_pickup,1.919,-2.198,6.000,3.500,joint_grid_transaction,89,89,2,9,9,0.000,1.00,-0.097,False,None,0.000,False
124.928,2,en_route_delivery,-3.287,2.307,0.000,-3.500,joint_grid_transaction,89,89,1,9,2,0.000,1.00,0.617,False,None,0.000,False
124.928,3,en_route_delivery,-4.263,-1.049,0.000,-3.500,joint_grid_transaction,89,89,3,9,3,0.000,1.00,-1.456,False,None,0.000,False
124.928,4,en_route_delivery,4.065,3.005,3.000,-1.500,joint_grid_transaction,89,89,2,9,4,0.000,1.00,0.789,False,None,0.000,False
124.928,5,en_route_delivery,1.129,2.057,6.000,-3.500,joint_grid_transaction,89,89,2,9,5,0.000,1.00,0.389,False,None,0.000,False
124.928,6,en_route_delivery,-3.605,-2.071,-6.000,3.500,joint_grid_transaction,89,89,2,9,6,0.000,1.00,2.360,False,None,0.000,False
124.928,7,en_route_delivery,-4.187,1.200,-1.000,1.500,joint_grid_transaction,89,89,2,9,8,0.000,1.00,1.585,False,None,0.000,False
124.928,8,en_route_pickup,0.528,-3.186,0.000,-3.500,joint_grid_transaction,89,89,2,5,7,0.000,1.00,3.139,False,None,0.000,False
126.976,1,en_route_pickup,2.138,-2.187,6.000,3.500,joint_grid_transaction,90,90,2,9,9,0.000,1.00,-0.036,False,None,0.000,False
126.976,2,en_route_delivery,-3.244,2.295,0.000,-3.500,joint_grid_transaction,90,90,2,9,2,0.000,1.00,0.206,False,None,0.000,False
126.976,3,en_route_delivery,-4.236,-1.299,0.000,-3.500,joint_grid_transaction,90,90,2,8,3,0.000,1.00,-1.461,False,None,0.000,False
126.976,4,en_route_delivery,4.136,2.907,3.000,-1.500,joint_grid_transaction,90,90,2,8,4,0.000,1.00,1.028,False,None,0.000,False
126.976,5,en_route_delivery,1.487,1.998,6.000,-3.500,joint_grid_transaction,90,90,2,9,5,0.000,1.00,0.085,False,None,0.000,False
126.976,6,en_route_delivery,-3.605,-2.279,-6.000,3.500,joint_grid_transaction,90,90,2,9,6,0.000,1.00,1.323,False,None,0.000,False
126.976,7,en_route_delivery,-4.213,1.533,-1.000,1.500,joint_grid_transaction,90,90,2,9,8,0.000,1.00,1.710,False,None,0.000,False
126.976,8,en_route_delivery,0.530,-3.269,6.000,3.500,joint_grid_transaction,90,90,1,9,7,0.000,1.00,-1.527,False,None,0.000,False
129.024,1,en_route_pickup,2.367,-2.185,6.000,3.500,joint_grid_transaction,91,91,2,9,9,0.000,1.00,-0.033,False,None,0.000,False
129.024,2,en_route_delivery,-3.336,2.429,0.000,-3.500,joint_grid_transaction,91,91,1,8,2,0.000,1.00,1.607,False,None,0.000,False
129.024,3,en_route_delivery,-4.207,-1.565,0.000,-3.500,joint_grid_transaction,91,91,2,9,3,0.000,1.00,-1.466,False,None,0.000,False
129.024,4,en_route_delivery,4.235,2.545,3.000,-1.500,joint_grid_transaction,91,91,2,9,4,0.000,1.00,1.471,False,None,0.000,False
129.024,5,en_route_delivery,1.790,1.973,6.000,-3.500,joint_grid_transaction,91,91,1,9,5,0.000,1.00,0.086,False,None,0.000,False
129.024,6,en_route_delivery,-3.549,-2.526,-6.000,3.500,joint_grid_transaction,91,91,2,9,6,0.000,1.00,2.002,False,None,0.000,False
129.024,7,en_route_delivery,-4.228,1.769,-1.000,1.500,joint_grid_transaction,91,91,2,9,8,0.000,1.00,1.058,False,None,0.000,False
129.024,8,en_route_delivery,0.749,-3.233,6.000,3.500,joint_grid_transaction,91,91,1,8,7,0.000,1.00,-0.156,False,None,0.000,False
131.072,1,en_route_pickup,2.721,-2.221,6.000,3.500,joint_grid_transaction,91,91,3,9,9,0.000,1.00,-0.109,False,None,0.000,False
131.072,2,en_route_delivery,-3.311,2.698,0.000,-3.500,joint_grid_transaction,91,91,2,8,2,0.000,1.00,1.407,False,None,0.000,False
131.072,3,en_route_delivery,-4.189,-1.776,0.000,-3.500,joint_grid_transaction,91,91,2,9,3,0.000,1.00,-1.538,False,None,0.000,False
131.072,4,en_route_delivery,4.262,2.271,3.000,-1.500,joint_grid_transaction,91,91,3,9,4,0.000,1.00,1.474,False,None,0.000,False
131.072,5,en_route_delivery,2.046,1.951,6.000,-3.500,joint_grid_transaction,91,91,3,9,5,0.000,1.00,0.076,False,None,0.000,False
131.072,6,en_route_delivery,-3.692,-2.792,-6.000,3.500,joint_grid_transaction,91,91,4,9,6,0.000,1.00,1.972,False,None,0.000,False
131.072,7,en_route_delivery,-3.998,1.919,-1.000,1.500,joint_grid_transaction,91,91,3,9,8,0.000,1.00,0.394,False,None,0.000,False
131.072,8,en_route_delivery,0.984,-3.259,6.000,3.500,joint_grid_transaction,91,91,2,8,7,0.000,1.00,-0.093,False,None,0.000,False
133.120,1,en_route_pickup,3.065,-2.256,6.000,3.500,joint_grid_transaction,92,91,5,9,9,0.000,1.00,-0.097,False,None,0.000,False
133.120,2,en_route_delivery,-3.376,2.836,0.000,-3.500,joint_grid_transaction,92,91,4,9,2,0.000,1.00,2.444,False,None,0.000,False
133.120,3,en_route_delivery,-4.044,-1.878,0.000,-3.500,joint_grid_transaction,92,91,4,9,3,0.000,1.00,-0.536,False,None,0.000,False
133.120,4,en_route_delivery,4.288,1.992,3.000,-1.500,joint_grid_transaction,92,91,4,9,4,0.000,1.00,1.477,False,None,0.000,False
133.120,5,en_route_delivery,2.270,1.936,6.000,-3.500,joint_grid_transaction,92,91,3,9,5,0.000,1.00,0.029,False,None,0.000,False
133.120,6,en_route_delivery,-3.901,-2.916,-6.000,3.500,joint_grid_transaction,92,91,5,9,6,0.000,1.00,2.754,False,None,0.000,False
133.120,7,en_route_delivery,-3.632,1.991,-1.000,1.500,joint_grid_transaction,92,91,5,9,8,0.000,1.00,0.093,False,None,0.000,False
133.120,8,en_route_delivery,1.268,-3.286,6.000,3.500,joint_grid_transaction,92,91,3,9,7,0.000,1.00,-0.091,False,None,0.000,False
135.168,1,en_route_pickup,3.357,-2.283,6.000,3.500,joint_grid_transaction,92,92,3,9,9,0.000,1.00,-0.094,False,None,0.000,False
135.168,2,en_route_delivery,-3.403,2.857,0.000,-3.500,joint_grid_transaction,92,92,3,9,2,0.000,0.45,2.526,False,None,0.000,False
135.168,3,en_route_delivery,-3.960,-1.938,0.000,-3.500,joint_grid_transaction,92,92,3,9,3,0.000,1.00,-0.426,False,None,0.000,False
135.168,4,en_route_delivery,4.310,1.759,3.000,-1.500,joint_grid_transaction,92,92,2,9,4,0.000,1.00,1.498,False,None,0.000,False
135.168,5,en_route_delivery,2.531,1.938,6.000,-3.500,joint_grid_transaction,92,92,2,9,5,0.000,1.00,0.017,False,None,0.000,False
135.168,6,en_route_delivery,-4.185,-2.985,-6.000,3.500,joint_grid_transaction,92,92,3,9,6,0.000,1.00,3.039,False,None,0.000,False
135.168,7,en_route_delivery,-3.394,2.012,-1.000,1.500,joint_grid_transaction,92,92,3,9,8,0.000,0.75,0.082,False,None,0.000,False
135.168,8,en_route_delivery,1.506,-3.307,6.000,3.500,joint_grid_transaction,92,92,2,9,7,0.000,1.00,-0.070,False,None,0.000,False
137.216,1,en_route_pickup,3.599,-2.304,6.000,3.500,joint_grid_transaction,92,92,4,9,9,0.000,1.00,-0.074,False,None,0.000,False
137.216,2,en_route_delivery,-3.468,2.896,0.000,-3.500,joint_grid_transaction,92,92,3,9,2,0.000,0.45,2.665,False,None,0.000,False
137.216,3,en_route_delivery,-3.663,-1.996,0.000,-3.500,joint_grid_transaction,92,92,5,9,3,0.000,1.00,-0.090,False,None,0.000,False
137.216,4,en_route_delivery,4.317,1.529,3.000,-1.500,joint_grid_transaction,92,92,3,9,4,0.000,1.00,1.522,False,None,0.000,False
137.216,5,en_route_delivery,2.872,1.965,6.000,-3.500,joint_grid_transaction,92,92,4,9,5,0.000,1.00,0.110,False,None,0.000,False
137.216,6,en_route_delivery,-4.514,-3.015,-6.000,3.500,joint_grid_transaction,92,92,4,9,6,0.000,1.00,3.052,False,None,0.000,False
137.216,7,en_route_delivery,-3.228,2.026,-1.000,1.500,joint_grid_transaction,92,92,3,9,8,0.000,0.75,0.082,False,None,0.000,False
137.216,8,en_route_delivery,1.734,-3.317,6.000,3.500,joint_grid_transaction,92,92,3,9,7,0.000,1.00,-0.048,False,None,0.000,False
139.264,1,en_route_pickup,3.819,-2.315,6.000,3.500,joint_grid_transaction,93,93,3,9,9,0.000,1.00,0.001,False,None,0.000,False
139.264,2,en_route_delivery,-3.783,2.983,0.000,-3.500,joint_grid_transaction,93,93,2,9,2,0.000,1.00,3.026,False,None,0.000,False
139.264,3,en_route_delivery,-3.404,-2.019,0.000,-3.500,joint_grid_transaction,93,93,3,9,3,0.000,1.00,-0.091,False,None,0.000,False
139.264,4,en_route_delivery,4.306,1.262,3.000,-1.500,joint_grid_transaction,93,93,2,9,4,0.000,1.00,1.660,False,None,0.000,False
139.264,5,en_route_delivery,3.102,1.990,6.000,-3.500,joint_grid_transaction,93,93,2,8,5,0.000,1.00,0.110,False,None,0.000,False
139.264,6,en_route_delivery,-4.790,-3.040,-6.000,3.500,joint_grid_transaction,93,93,2,9,6,0.000,1.00,3.052,False,None,0.000,False
139.264,7,en_route_delivery,-2.983,2.047,-1.000,1.500,joint_grid_transaction,93,93,2,9,8,0.000,1.00,0.085,False,None,0.000,False
139.264,8,en_route_delivery,2.007,-3.305,6.000,3.500,joint_grid_transaction,93,93,2,9,7,0.000,1.00,-0.093,False,None,0.000,False
141.312,1,en_route_pickup,4.087,-2.314,6.000,3.500,joint_grid_transaction,93,93,4,9,9,0.000,1.00,-0.007,False,None,0.000,False
141.312,2,en_route_delivery,-4.015,2.999,0.000,-3.500,joint_grid_transaction,93,93,4,9,2,0.000,1.00,-2.661,False,None,0.000,False
141.312,3,en_route_delivery,-3.131,-2.044,0.000,-3.500,joint_grid_transaction,93,93,4,9,3,0.000,1.00,-0.091,False,None,0.000,False
141.312,4,en_route_delivery,4.264,0.893,3.000,-1.500,joint_grid_transaction,93,93,4,9,4,0.000,1.00,1.670,False,None,0.000,False
141.312,5,en_route_delivery,3.411,2.023,6.000,-3.500,joint_grid_transaction,93,93,3,8,5,0.000,1.00,0.102,False,None,0.000,False
141.312,6,en_route_delivery,-5.020,-3.059,-6.000,3.500,joint_grid_transaction,93,93,3,9,6,0.000,1.00,3.096,False,None,0.000,False
141.312,7,en_route_delivery,-2.757,2.064,-1.000,1.500,joint_grid_transaction,93,93,3,9,8,0.000,1.00,0.050,False,None,0.000,False
141.312,8,en_route_delivery,2.376,-3.264,6.000,3.500,joint_grid_transaction,93,93,4,9,7,0.000,1.00,-0.099,False,None,0.000,False
143.360,1,en_route_pickup,4.385,-2.296,6.000,3.500,joint_grid_transaction,94,94,3,9,9,0.000,1.00,-0.102,False,None,0.000,False
143.360,2,en_route_delivery,-4.116,2.872,0.000,-3.500,joint_grid_transaction,94,94,3,9,2,0.000,1.00,-2.131,False,None,0.000,False
143.360,3,en_route_delivery,-2.906,-2.059,0.000,-3.500,joint_grid_transaction,94,94,2,7,3,0.000,1.00,-0.049,False,None,0.000,False
143.360,4,en_route_delivery,4.238,0.639,3.000,-1.500,joint_grid_transaction,94,94,3,9,4,0.000,1.00,1.676,False,None,0.000,False
143.360,5,en_route_delivery,3.603,2.043,6.000,-3.500,joint_grid_transaction,94,94,2,8,5,0.000,1.00,0.103,False,None,0.000,False
143.360,6,en_route_delivery,-5.250,-3.068,-6.000,3.500,joint_grid_transaction,94,94,2,9,6,0.000,1.00,3.105,False,None,0.000,False
143.360,7,en_route_delivery,-2.507,2.064,-1.000,1.500,joint_grid_transaction,94,94,2,9,8,0.000,1.00,0.010,False,None,0.000,False
143.360,8,en_route_delivery,2.611,-3.240,6.000,3.500,joint_grid_transaction,94,94,2,8,7,0.000,1.00,-0.102,False,None,0.000,False
145.408,1,en_route_pickup,4.749,-2.256,6.000,3.500,joint_grid_transaction,94,94,4,9,9,0.000,1.00,-0.097,False,None,0.000,False
145.408,2,en_route_delivery,-4.229,2.514,0.000,-3.500,joint_grid_transaction,94,94,4,9,2,0.000,1.00,-1.691,False,None,0.000,False
145.408,3,en_route_delivery,-2.688,-2.067,0.000,-3.500,joint_grid_transaction,94,94,3,7,3,0.000,1.00,-0.019,False,None,0.000,False
145.408,4,en_route_delivery,4.209,0.364,3.000,-1.500,joint_grid_transaction,94,94,4,9,4,0.000,1.00,1.672,False,None,0.000,False
145.408,5,en_route_delivery,3.818,2.059,6.000,-3.500,joint_grid_transaction,94,94,3,8,5,0.000,1.00,0.036,False,None,0.000,False
145.408,6,en_route_delivery,-5.541,-3.049,-6.000,3.500,joint_grid_transaction,94,94,3,9,6,0.000,1.00,-3.019,False,None,0.000,False
145.408,7,en_route_delivery,-2.189,2.043,-1.000,1.500,joint_grid_transaction,94,94,4,9,8,0.000,1.00,0.112,False,None,0.000,False
145.408,8,en_route_delivery,2.892,-3.212,6.000,3.500,joint_grid_transaction,94,94,3,8,7,0.000,1.00,-0.098,False,None,0.000,False
147.456,1,en_route_pickup,5.058,-2.227,6.000,3.500,joint_grid_transaction,95,95,3,9,9,0.000,1.00,-0.094,False,None,0.000,False
147.456,2,en_route_delivery,-4.261,2.177,0.000,-3.500,joint_grid_transaction,95,95,3,9,2,0.000,1.00,-1.662,False,None,0.000,False
147.456,3,en_route_delivery,-2.345,-2.036,0.000,-3.500,joint_grid_transaction,95,95,3,6,3,0.000,1.00,-0.111,False,None,0.000,False
147.456,4,en_route_delivery,4.192,0.137,3.000,-1.500,joint_grid_transaction,95,95,2,8,4,0.000,1.00,1.631,False,None,0.000,False
147.456,5,en_route_delivery,4.036,2.068,6.000,-3.500,joint_grid_transaction,95,95,2,9,5,0.000,1.00,0.011,False,None,0.000,False
147.456,6,en_route_delivery,-5.772,-3.001,-6.000,3.500,joint_grid_transaction,95,95,3,9,6,0.000,1.00,-2.547,False,None,0.000,False
147.456,7,en_route_delivery,-1.866,2.007,-1.000,1.500,joint_grid_transaction,95,95,3,8,8,0.000,1.00,0.108,False,None,0.000,False
147.456,8,en_route_delivery,3.118,-3.193,6.000,3.500,joint_grid_transaction,95,95,2,8,7,0.000,1.00,-0.071,False,None,0.000,False
149.504,1,en_route_pickup,5.320,-2.202,6.000,3.500,joint_grid_transaction,95,95,4,9,9,0.000,1.00,-0.094,False,None,0.000,False
149.504,2,en_route_delivery,-4.287,1.893,0.000,-3.500,joint_grid_transaction,95,95,4,9,2,0.000,1.00,-1.662,False,None,0.000,False
149.504,3,en_route_delivery,-1.992,-1.999,0.000,-3.500,joint_grid_transaction,95,95,4,6,3,0.000,1.00,-0.098,False,None,0.000,False
149.504,4,en_route_delivery,4.184,-0.087,3.000,-1.500,joint_grid_transaction,95,95,3,8,4,0.000,1.00,1.560,False,None,0.000,False
149.504,5,en_route_delivery,4.356,2.046,6.000,-3.500,joint_grid_transaction,95,95,4,9,5,0.000,1.00,0.107,False,None,0.000,False
149.504,6,en_route_delivery,-5.941,-2.725,-6.000,3.500,joint_grid_transaction,95,95,4,9,6,0.000,1.00,-1.889,False,None,0.000,False
149.504,7,en_route_delivery,-1.561,1.975,-1.000,1.500,joint_grid_transaction,95,95,4,8,8,0.000,1.00,0.101,False,None,0.000,False
149.504,8,en_route_delivery,3.337,-3.185,6.000,3.500,joint_grid_transaction,95,95,3,8,7,0.000,1.00,-0.012,False,None,0.000,False
151.552,1,en_route_pickup,5.532,-2.187,6.000,3.500,joint_grid_transaction,96,96,2,9,9,0.000,1.00,-0.018,False,None,0.000,False
151.552,2,en_route_delivery,-4.306,1.654,0.000,-3.500,joint_grid_transaction,96,96,3,9,2,0.000,1.00,-1.636,False,None,0.000,False
151.552,3,en_route_delivery,-1.717,-1.974,0.000,-3.500,joint_grid_transaction,96,96,3,5,3,0.000,1.00,-0.148,False,None,0.000,False
151.552,4,en_route_delivery,4.210,-0.418,3.000,-1.500,joint_grid_transaction,96,96,3,9,4,0.000,1.00,1.459,False,None,0.000,False
151.552,5,en_route_delivery,4.656,2.011,6.000,-3.500,joint_grid_transaction,96,96,3,9,5,0.000,1.00,0.103,False,None,0.000,False
151.552,6,en_route_delivery,-5.997,-2.364,-6.000,3.500,joint_grid_transaction,96,96,3,9,6,0.000,1.00,-1.666,False,None,0.000,False
151.552,7,en_route_pickup,-1.372,1.956,-3.000,-1.500,joint_grid_transaction,96,96,2,6,10,0.000,1.00,0.102,False,None,0.000,False
151.552,8,en_route_delivery,3.670,-3.211,6.000,3.500,joint_grid_transaction,96,96,3,9,7,0.000,1.00,-0.111,False,None,0.000,False
153.600,1,en_route_pickup,5.789,-2.186,6.000,3.500,joint_grid_transaction,97,97,2,9,9,0.000,1.00,-0.004,False,None,0.000,False
153.600,2,en_route_delivery,-4.316,1.436,0.000,-3.500,joint_grid_transaction,97,97,2,8,2,0.000,1.00,-1.562,False,None,0.000,False
153.600,3,en_route_delivery,-1.514,-2.012,0.000,-3.500,joint_grid_transaction,97,97,2,8,3,0.000,1.00,-0.071,False,None,0.000,False
153.600,4,en_route_delivery,4.248,-0.776,3.000,-1.500,joint_grid_transaction,97,97,2,9,4,0.000,1.00,1.473,False,None,0.000,False
153.600,5,en_route_delivery,4.970,1.980,6.000,-3.500,joint_grid_transaction,97,97,2,9,5,0.000,1.00,0.098,False,None,0.000,False
153.600,6,en_route_delivery,-6.016,-2.165,-6.000,3.500,joint_grid_transaction,97,97,2,8,6,0.000,1.00,-1.670,False,None,0.000,False
153.600,7,en_route_pickup,-1.406,2.022,-3.000,-1.500,joint_grid_transaction,97,97,1,9,10,0.000,1.00,1.932,False,None,0.000,False
153.600,8,en_route_delivery,4.027,-3.249,6.000,3.500,joint_grid_transaction,97,97,2,9,7,0.000,1.00,-0.099,False,None,0.000,False
155.648,1,en_route_pickup,6.041,-2.184,6.000,3.500,joint_grid_transaction,97,97,3,9,9,0.000,1.00,-0.004,False,None,0.000,False
155.648,2,en_route_delivery,-4.297,1.118,0.000,-3.500,joint_grid_transaction,97,97,3,8,2,0.000,1.00,-1.467,False,None,0.000,False
155.648,3,en_route_delivery,-1.383,-2.143,0.000,-3.500,joint_grid_transaction,97,97,4,8,3,0.000,1.00,-1.017,False,None,0.000,False
155.648,4,en_route_delivery,4.277,-1.078,3.000,-1.500,joint_grid_transaction,97,97,4,9,4,0.000,1.00,1.476,False,None,0.000,False
155.648,5,en_route_delivery,5.235,1.954,6.000,-3.500,joint_grid_transaction,97,97,3,9,5,0.000,1.00,0.095,False,None,0.000,False
155.648,6,en_route_delivery,-6.043,-1.893,-6.000,3.500,joint_grid_transaction,97,97,3,8,6,0.000,1.00,-1.668,False,None,0.000,False
155.648,7,en_route_pickup,-1.662,2.000,-3.000,-1.500,joint_grid_transaction,97,97,2,9,10,0.000,1.00,3.059,False,None,0.000,False
155.648,8,en_route_delivery,4.328,-3.278,6.000,3.500,joint_grid_transaction,97,97,4,9,7,0.000,1.00,-0.095,False,None,0.000,False
157.696,1,en_route_pickup,6.000,-2.243,6.000,3.500,joint_grid_transaction,98,98,1,9,9,0.000,1.00,-2.111,False,None,0.000,False
157.696,2,en_route_delivery,-4.269,0.886,0.000,-3.500,joint_grid_transaction,98,98,2,8,2,0.000,1.00,-1.464,False,None,0.000,False
157.696,3,en_route_delivery,-1.212,-2.117,0.000,-3.500,joint_grid_transaction,98,98,2,8,3,0.000,1.00,-0.291,False,None,0.000,False
157.696,4,en_route_delivery,4.300,-1.332,3.000,-1.500,joint_grid_transaction,98,98,3,9,4,0.000,1.00,1.478,False,None,0.000,False
157.696,5,en_route_delivery,5.468,1.937,6.000,-3.500,joint_grid_transaction,98,98,2,9,5,0.000,1.00,0.073,False,None,0.000,False
157.696,6,en_route_delivery,-6.059,-1.673,-6.000,3.500,joint_grid_transaction,98,98,2,8,6,0.000,1.00,-1.616,False,None,0.000,False
157.696,7,en_route_pickup,-1.853,2.016,-3.000,-1.500,joint_grid_transaction,98,98,2,8,10,0.000,1.00,3.058,False,None,0.000,False
157.696,8,en_route_delivery,4.580,-3.300,6.000,3.500,joint_grid_transaction,98,98,3,9,7,0.000,1.00,-0.088,False,None,0.000,False
159.744,1,en_route_pickup,5.733,-2.237,6.000,3.500,joint_grid_transaction,98,98,2,9,9,0.000,1.00,-3.031,False,None,0.000,False
159.744,2,en_route_delivery,-4.237,0.553,0.000,-3.500,joint_grid_transaction,98,98,3,8,2,0.000,1.00,-1.478,False,None,0.000,False
159.744,3,en_route_delivery,-1.132,-2.238,0.000,-3.500,joint_grid_transaction,98,98,4,8,3,0.000,1.00,-0.994,False,None,0.000,False
159.744,4,en_route_delivery,4.315,-1.537,3.000,-1.500,joint_grid_transaction,98,98,3,9,4,0.000,1.00,1.567,False,None,0.000,False
159.744,5,en_route_delivery,5.706,1.935,6.000,-3.500,joint_grid_transaction,98,98,3,9,5,0.000,1.00,0.004,False,None,0.000,False
159.744,6,en_route_delivery,-6.068,-1.458,-6.000,3.500,joint_grid_transaction,98,98,2,8,6,0.000,1.00,-1.554,False,None,0.000,False
159.744,7,en_route_pickup,-2.136,2.040,-3.000,-1.500,joint_grid_transaction,98,98,3,8,10,0.000,1.00,3.056,False,None,0.000,False
159.744,8,en_route_delivery,4.787,-3.315,6.000,3.500,joint_grid_transaction,98,98,3,9,7,0.000,1.00,-0.004,False,None,0.000,False
161.792,1,en_route_pickup,5.405,-2.267,6.000,3.500,joint_grid_transaction,99,99,3,9,9,0.000,1.00,-3.054,False,None,0.000,False
161.792,2,en_route_delivery,-4.211,0.272,0.000,-3.500,joint_grid_transaction,99,99,2,9,2,0.000,1.00,-1.480,False,None,0.000,False
161.792,3,en_route_delivery,-0.984,-2.260,0.000,-3.500,joint_grid_transaction,99,99,2,6,3,0.000,1.00,-0.512,False,None,0.000,False
161.792,4,en_route_delivery,4.259,-1.770,3.000,-1.500,joint_grid_transaction,99,99,3,9,4,0.000,1.00,2.019,False,None,0.000,False
161.792,5,en_route_delivery,5.818,1.876,6.000,-3.500,joint_grid_transaction,99,99,3,9,5,0.000,1.00,0.826,False,None,0.000,False
161.792,6,en_route_delivery,-6.039,-1.119,-6.000,3.500,joint_grid_transaction,99,99,3,9,6,0.000,1.00,-1.457,False,None,0.000,False
161.792,7,en_route_pickup,-2.360,2.057,-3.000,-1.500,joint_grid_transaction,99,99,2,8,10,0.000,1.00,3.078,False,None,0.000,False
161.792,8,en_route_delivery,5.084,-3.303,6.000,3.500,joint_grid_transaction,99,99,3,9,7,0.000,1.00,-0.071,False,None,0.000,False
163.840,1,en_route_pickup,5.126,-2.291,6.000,3.500,joint_grid_transaction,99,99,4,9,9,0.000,1.00,-3.053,False,None,0.000,False
163.840,2,en_route_delivery,-4.190,0.034,0.000,-3.500,joint_grid_transaction,99,99,3,9,2,0.000,1.00,-1.487,False,None,0.000,False
163.840,3,en_route_delivery,-0.815,-2.522,0.000,-3.500,joint_grid_transaction,99,99,3,6,3,0.000,1.00,-1.227,False,None,0.000,False
163.840,4,en_route_delivery,4.018,-1.925,3.000,-1.500,joint_grid_transaction,99,99,4,9,4,0.000,1.00,2.783,False,None,0.000,False
163.840,5,en_route_delivery,5.968,1.537,6.000,-3.500,joint_grid_transaction,99,99,4,9,5,0.000,1.00,1.397,False,None,0.000,False
163.840,6,en_route_delivery,-6.001,-0.762,-6.000,3.500,joint_grid_transaction,99,99,4,9,6,0.000,1.00,-1.473,False,None,0.000,False
163.840,7,en_route_pickup,-2.583,2.065,-3.000,-1.500,joint_grid_transaction,99,99,3,8,10,0.000,1.00,-3.138,False,None,0.000,False
163.840,8,en_route_delivery,5.457,-3.264,6.000,3.500,joint_grid_transaction,99,99,4,9,7,0.000,1.00,-0.095,False,None,0.000,False
165.888,1,en_route_pickup,4.887,-2.308,6.000,3.500,joint_grid_transaction,100,100,3,9,9,0.000,1.00,-3.081,False,None,0.000,False
165.888,2,en_route_delivery,-4.185,-0.196,0.000,-3.500,joint_grid_transaction,100,100,2,9,2,0.000,1.00,-1.550,False,None,0.000,False
165.888,3,en_route_delivery,-0.950,-2.498,0.000,-3.500,joint_grid_transaction,100,100,1,8,3,0.000,1.00,-2.963,False,None,0.000,False
165.888,4,en_route_delivery,3.653,-1.992,3.000,-1.500,joint_grid_transaction,100,100,3,7,4,0.000,1.00,3.046,False,None,0.000,False
165.888,5,en_route_delivery,6.005,1.185,6.000,-3.500,joint_grid_transaction,100,100,3,9,5,0.000,1.00,1.483,False,None,0.000,False
165.888,6,en_route_delivery,-5.973,-0.463,-6.000,3.500,joint_grid_transaction,100,100,2,9,6,0.000,1.00,-1.476,False,None,0.000,False
165.888,7,en_route_pickup,-2.898,2.047,-3.000,-1.500,joint_grid_transaction,100,100,3,9,10,0.000,1.00,-3.036,False,None,0.000,False
165.888,8,en_route_delivery,5.779,-3.233,6.000,3.500,joint_grid_transaction,100,100,2,9,7,0.000,1.00,-0.092,False,None,0.000,False
167.936,1,en_route_pickup,4.662,-2.316,6.000,3.500,joint_grid_transaction,100,100,4,9,9,0.000,1.00,3.132,False,None,0.000,False
167.936,2,en_route_delivery,-4.190,-0.456,0.000,-3.500,joint_grid_transaction,100,100,3,9,2,0.000,1.00,-1.622,False,None,0.000,False
167.936,3,en_route_delivery,-1.273,-2.525,0.000,-3.500,joint_grid_transaction,100,100,2,8,3,0.000,1.00,-3.070,False,None,0.000,False
167.936,4,en_route_delivery,3.339,-2.022,3.000,-1.500,joint_grid_transaction,100,100,4,7,4,0.000,1.00,3.049,False,None,0.000,False
167.936,5,en_route_delivery,6.031,0.887,6.000,-3.500,joint_grid_transaction,100,100,4,9,5,0.000,1.00,1.483,False,None,0.000,False
167.936,6,en_route_delivery,-5.950,-0.216,-6.000,3.500,joint_grid_transaction,100,100,3,9,6,0.000,1.00,-1.501,False,None,0.000,False
167.936,7,en_route_pickup,-3.265,2.007,-3.000,-1.500,joint_grid_transaction,100,100,4,9,10,0.000,1.00,-3.047,False,None,0.000,False
167.936,8,en_route_delivery,5.897,-3.054,6.000,3.500,joint_grid_transaction,100,100,4,9,7,0.000,1.00,-1.118,False,None,0.000,False
169.984,1,en_route_pickup,4.589,-2.363,6.000,3.500,joint_grid_transaction,102,102,2,9,9,0.000,1.00,-2.144,False,None,0.000,False
169.984,2,en_route_delivery,-4.226,-0.784,0.000,-3.500,joint_grid_transaction,102,102,2,9,2,0.000,1.00,-1.685,False,joint_slot_deadline,170.100,False
169.984,3,en_route_delivery,-1.536,-2.545,0.000,-3.500,joint_grid_transaction,102,102,1,8,3,0.000,1.00,-3.065,False,None,0.000,False
169.984,4,en_route_delivery,3.298,-1.965,6.000,-3.500,joint_grid_transaction,102,102,2,9,11,0.000,1.00,-1.985,False,None,0.000,False
169.984,5,en_route_delivery,6.101,0.836,6.000,-3.500,joint_grid_transaction,102,102,2,9,5,0.000,1.00,0.526,False,None,0.000,False
169.984,6,en_route_delivery,-5.935,0.011,-6.000,3.500,joint_grid_transaction,102,102,1,8,6,0.000,1.00,-1.534,False,None,0.000,False
169.984,7,en_route_pickup,-3.531,1.983,-3.000,-1.500,joint_grid_transaction,102,102,1,8,10,0.000,1.00,-3.050,False,joint_slot_deadline,170.100,False
169.984,8,en_route_delivery,5.977,-2.879,6.000,3.500,joint_grid_transaction,102,102,2,9,7,0.000,1.00,-1.384,False,None,0.000,False
172.032,1,en_route_pickup,4.509,-2.709,6.000,3.500,joint_grid_transaction,102,102,3,9,9,0.000,1.00,-1.660,False,None,0.000,False
172.032,2,en_route_delivery,-4.259,-1.092,0.000,-3.500,joint_grid_transaction,102,102,4,9,2,0.000,1.00,-1.672,False,None,0.000,False
172.032,3,en_route_delivery,-1.753,-2.562,0.000,-3.500,joint_grid_transaction,102,102,2,8,3,0.000,1.00,-3.086,False,None,0.000,False
172.032,4,en_route_delivery,3.465,-2.007,6.000,-3.500,joint_grid_transaction,102,102,2,9,11,0.000,1.00,-0.170,False,None,0.000,False
172.032,5,en_route_delivery,6.454,0.757,6.000,-3.500,joint_grid_transaction,102,102,3,9,5,0.000,1.00,0.088,False,None,0.000,False
172.032,6,en_route_delivery,-5.943,0.281,-6.000,3.500,joint_grid_transaction,102,102,2,8,6,0.000,1.00,-1.622,False,None,0.000,False
172.032,7,en_route_pickup,-3.781,1.958,-3.000,-1.500,joint_grid_transaction,102,102,2,8,10,0.000,1.00,-3.048,False,None,0.000,False
172.032,8,en_route_delivery,6.012,-2.536,6.000,3.500,joint_grid_transaction,102,102,3,9,7,0.000,1.00,-1.484,False,None,0.000,False
174.080,1,en_route_pickup,4.468,-2.731,6.000,3.500,joint_grid_transaction,103,103,2,9,9,0.000,1.00,-2.374,False,joint_slot_deadline,174.100,False
174.080,2,en_route_delivery,-4.287,-1.375,0.000,-3.500,joint_grid_transaction,103,103,2,9,2,0.000,1.00,-1.669,False,None,0.000,False
174.080,3,en_route_delivery,-1.998,-2.565,0.000,-3.500,joint_grid_transaction,103,103,2,9,3,0.000,1.00,-3.127,False,None,0.000,False
174.080,4,en_route_delivery,3.773,-1.980,6.000,-3.500,joint_grid_transaction,103,103,2,9,11,0.000,1.00,-0.067,False,None,0.000,False
174.080,5,en_route_delivery,6.770,0.729,6.000,-3.500,joint_grid_transaction,103,103,2,8,5,0.000,1.00,0.086,False,None,0.000,False
174.080,6,en_route_delivery,-5.969,0.536,-6.000,3.500,joint_grid_transaction,103,103,1,8,6,0.000,1.00,-1.703,False,joint_slot_deadline,174.100,False
174.080,7,en_route_pickup,-4.010,1.939,-3.000,-1.500,joint_grid_transaction,103,103,2,9,10,0.000,1.00,-3.088,False,None,0.000,False
174.080,8,en_route_delivery,6.037,-2.250,6.000,3.500,joint_grid_transaction,103,103,2,9,7,0.000,1.00,-1.486,False,None,0.000,False
176.128,1,en_route_pickup,4.497,-2.771,6.000,3.500,joint_grid_transaction,104,104,2,9,9,0.000,0.85,-2.032,False,None,0.000,False
176.128,2,en_route_delivery,-4.306,-1.608,0.000,-3.500,joint_grid_transaction,104,104,2,9,2,0.000,1.00,-1.637,False,None,0.000,False
176.128,3,en_route_delivery,-2.157,-2.546,0.000,-3.500,joint_grid_transaction,104,104,1,9,3,0.000,1.00,2.475,False,None,0.000,False
176.128,4,en_route_delivery,4.055,-1.960,6.000,-3.500,joint_grid_transaction,104,104,2,9,11,0.000,1.00,-0.078,False,None,0.000,False
176.128,5,en_route_delivery,7.036,0.706,6.000,-3.500,joint_grid_transaction,104,104,1,6,5,0.000,1.00,0.093,False,None,0.000,False
176.128,6,en_route_delivery,-6.004,0.875,-6.000,3.500,joint_grid_transaction,104,104,2,9,6,0.000,1.00,-1.662,False,None,0.000,False
176.128,7,en_route_pickup,-4.081,1.884,-3.000,-1.500,joint_grid_transaction,104,104,2,9,10,0.000,1.00,-2.399,False,joint_slot_deadline,176.788,False
176.128,8,en_route_delivery,6.058,-2.006,6.000,3.500,joint_grid_transaction,104,104,1,8,7,0.000,1.00,-1.490,False,None,0.000,False
178.176,1,en_route_pickup,4.418,-2.861,6.000,3.500,joint_grid_transaction,104,104,4,9,9,0.000,1.00,-2.353,False,joint_slot_deadline,179.188,False
178.176,2,en_route_delivery,-4.313,-1.782,0.000,-3.500,joint_grid_transaction,104,104,3,9,2,0.000,1.00,-1.230,False,None,0.000,False
178.176,3,en_route_delivery,-2.025,-2.549,0.000,-3.500,joint_grid_transaction,104,104,1,9,3,0.000,1.00,0.431,False,None,0.000,False
178.176,4,en_route_delivery,4.287,-1.943,6.000,-3.500,joint_grid_transaction,104,104,2,9,11,0.000,1.00,-0.034,False,None,0.000,False
178.176,5,en_route_delivery,7.146,0.524,6.000,-3.500,joint_grid_transaction,104,104,3,6,5,0.000,1.00,1.106,False,None,0.000,False
178.176,6,en_route_delivery,-6.031,1.174,-6.000,3.500,joint_grid_transaction,104,104,3,9,6,0.000,1.00,-1.661,False,None,0.000,False
178.176,7,en_route_pickup,-4.178,1.691,-3.000,-1.500,joint_grid_transaction,104,104,3,9,10,0.000,1.00,-1.959,False,None,0.000,False
178.176,8,en_route_delivery,6.066,-1.793,6.000,3.500,joint_grid_transaction,104,104,2,8,7,0.000,1.00,-1.513,False,None,0.000,False
180.224,1,en_route_pickup,4.402,-2.847,6.000,3.500,joint_grid_transaction,105,105,3,13,9,0.000,0.55,-2.493,False,None,0.000,False
180.224,2,en_route_delivery,-4.169,-1.879,0.000,-3.500,joint_grid_transaction,105,105,3,13,2,0.000,1.00,-0.569,False,None,0.000,False
180.224,3,en_route_delivery,-1.675,-2.491,0.000,-3.500,joint_grid_transaction,105,105,3,11,3,0.000,1.00,0.081,False,None,0.000,False
180.224,4,en_route_delivery,4.517,-1.933,6.000,-3.500,joint_grid_transaction,105,105,2,13,11,0.000,1.00,-0.020,False,None,0.000,False
180.224,5,en_route_delivery,7.237,0.159,6.000,-3.500,joint_grid_transaction,105,105,3,4,5,0.000,1.00,1.480,False,None,0.000,False
180.224,6,en_route_delivery,-6.054,1.427,-6.000,3.500,joint_grid_transaction,105,105,2,10,6,0.000,1.00,-1.661,False,None,0.000,False
180.224,7,en_route_pickup,-4.239,1.401,-3.000,-1.500,joint_grid_transaction,105,105,3,13,10,0.000,1.00,-1.682,False,None,0.000,False
180.224,8,en_route_delivery,6.059,-1.538,6.000,3.500,joint_grid_transaction,105,105,2,13,7,0.000,1.00,-1.643,False,None,0.000,False
182.272,1,en_route_pickup,4.370,-2.829,6.000,3.500,joint_grid_transaction,106,106,1,12,9,0.000,0.55,2.924,False,None,0.000,False
182.272,2,en_route_delivery,-3.808,-1.983,0.000,-3.500,joint_grid_transaction,106,106,2,13,2,0.000,1.00,-0.103,False,None,0.000,False
182.272,3,en_route_delivery,-1.379,-2.467,0.000,-3.500,joint_grid_transaction,106,106,2,10,3,0.000,1.00,0.083,False,None,0.000,False
182.272,4,en_route_delivery,4.788,-1.946,6.000,-3.500,joint_grid_transaction,106,106,1,12,11,0.000,1.00,-0.089,False,joint_slot_deadline,182.788,False
182.272,5,en_route_delivery,7.241,-0.003,6.000,-3.500,joint_grid_transaction,106,106,1,13,5,0.000,0.55,2.172,False,None,0.000,False
182.272,6,en_route_delivery,-6.063,1.651,-6.000,3.500,joint_grid_transaction,106,106,2,9,6,0.000,1.00,-1.597,False,None,0.000,False
182.272,7,en_route_pickup,-4.269,1.076,-3.000,-1.500,joint_grid_transaction,106,106,2,13,10,0.000,1.00,-1.659,False,None,0.000,False
182.272,8,en_route_delivery,6.022,-1.216,6.000,3.500,joint_grid_transaction,106,106,1,12,7,0.000,1.00,-1.679,False,joint_slot_deadline,182.788,False
184.320,1,en_route_pickup,4.363,-2.735,6.000,3.500,joint_grid_transaction,107,107,1,8,9,0.000,1.00,2.171,False,None,0.000,False
184.320,2,en_route_delivery,-3.486,-2.015,0.000,-3.500,joint_grid_transaction,107,107,2,9,2,0.000,1.00,-0.097,False,None,0.000,False
184.320,3,en_route_delivery,-1.125,-2.445,0.000,-3.500,joint_grid_transaction,107,107,2,9,3,0.000,1.00,0.085,False,None,0.000,False
184.320,4,en_route_delivery,5.033,-1.974,6.000,-3.500,joint_grid_transaction,107,107,2,9,11,0.000,1.00,-0.118,False,joint_slot_deadline,184.292,False
184.320,5,en_route_delivery,7.148,-0.050,6.000,-3.500,joint_grid_transaction,107,107,2,9,5,0.000,1.00,2.283,False,None,0.000,False
184.320,6,en_route_delivery,-6.065,1.890,-6.000,3.500,joint_grid_transaction,107,107,2,8,6,0.000,1.00,-1.551,False,None,0.000,False
184.320,7,en_route_pickup,-4.293,0.801,-3.000,-1.500,joint_grid_transaction,107,107,2,9,10,0.000,1.00,-1.659,False,None,0.000,False
184.320,8,en_route_delivery,5.996,-0.972,6.000,3.500,joint_grid_transaction,107,107,2,9,7,0.000,1.00,-1.672,False,None,0.000,False
186.368,1,en_route_pickup,4.442,-2.753,6.000,3.500,joint_grid_transaction,108,108,1,9,9,0.000,1.00,0.282,False,None,0.000,False
186.368,2,en_route_delivery,-3.215,-2.040,0.000,-3.500,joint_grid_transaction,108,108,2,9,2,0.000,1.00,-0.093,False,None,0.000,False
186.368,3,en_route_delivery,-0.911,-2.435,0.000,-3.500,joint_grid_transaction,108,108,2,8,3,0.000,1.00,0.002,False,None,0.000,False
186.368,4,en_route_delivery,5.119,-1.922,6.000,-3.500,joint_grid_transaction,108,108,3,9,11,0.000,1.00,-0.761,False,joint_slot_deadline,186.996,False
186.368,5,en_route_delivery,6.933,-0.038,6.000,-3.500,joint_grid_transaction,108,108,3,9,5,0.000,1.00,3.103,False,None,0.000,False
186.368,6,en_route_delivery,-6.045,2.138,-6.000,3.500,joint_grid_transaction,108,108,2,7,6,0.000,1.00,-1.464,False,None,0.000,False
186.368,7,en_route_pickup,-4.311,0.564,-3.000,-1.500,joint_grid_transaction,108,108,2,9,10,0.000,1.00,-1.647,False,None,0.000,False
186.368,8,en_route_delivery,5.831,-0.990,6.000,3.500,joint_grid_transaction,108,108,2,9,7,0.000,1.00,-3.022,False,None,0.000,False
188.416,1,en_route_pickup,4.754,-2.723,6.000,3.500,joint_grid_transaction,109,109,2,9,9,0.000,0.85,0.056,False,None,0.000,False
188.416,2,en_route_delivery,-2.988,-2.060,0.000,-3.500,joint_grid_transaction,109,109,1,8,2,0.000,1.00,-0.051,False,None,0.000,False
188.416,3,en_route_delivery,-0.649,-2.435,0.000,-3.500,joint_grid_transaction,109,109,2,9,3,0.000,1.00,0.004,False,None,0.000,False
188.416,4,en_route_delivery,5.119,-1.920,6.000,-3.500,joint_grid_transaction,109,109,1,8,11,0.000,1.00,-0.772,False,joint_slot_deadline,188.788,False
188.416,5,en_route_delivery,6.671,-0.053,6.000,-3.500,joint_grid_transaction,109,109,2,9,5,0.000,1.00,3.075,False,None,0.000,False
188.416,6,en_route_delivery,-6.006,2.502,-6.000,3.500,joint_grid_transaction,109,109,2,6,6,0.000,1.00,-1.473,False,None,0.000,False
188.416,7,en_route_pickup,-4.312,0.329,-3.000,-1.500,joint_grid_transaction,109,109,2,9,10,0.000,1.00,-1.536,False,None,0.000,False
188.416,8,en_route_delivery,5.723,-0.967,6.000,3.500,joint_grid_transaction,109,109,2,9,7,0.000,1.00,-2.618,False,None,0.000,False
190.464,1,en_route_pickup,5.007,-2.706,6.000,3.500,joint_grid_transaction,109,109,3,9,9,0.000,1.00,0.069,False,None,0.000,False
190.464,2,en_route_delivery,-2.759,-2.067,0.000,-3.500,joint_grid_transaction,109,109,2,8,2,0.000,1.00,-0.045,False,None,0.000,False
190.464,3,en_route_delivery,-0.359,-2.444,0.000,-3.500,joint_grid_transaction,109,109,3,9,3,0.000,1.00,0.057,False,None,0.000,False
190.464,4,en_route_delivery,5.144,-1.941,6.000,-3.500,_priority_yield_direct,110,109,0,1,11,191.532,0.40,-0.543,False,None,0.000,False
190.464,5,en_route_delivery,6.453,-0.065,6.000,-3.500,joint_grid_transaction,109,109,2,9,5,0.000,1.00,3.141,False,None,0.000,False
190.464,6,en_route_delivery,-5.978,2.773,-6.000,3.500,joint_grid_transaction,109,109,3,6,6,0.000,1.00,-1.471,False,None,0.000,False
190.464,7,en_route_pickup,-4.276,-0.027,-3.000,-1.500,joint_grid_transaction,109,109,3,9,10,0.000,1.00,-1.456,False,None,0.000,False
190.464,8,en_route_delivery,5.401,-0.797,6.000,3.500,joint_grid_transaction,109,109,4,9,7,0.000,1.00,-2.895,False,None,0.000,False
192.512,1,en_route_pickup,5.247,-2.689,6.000,3.500,joint_grid_transaction,109,109,4,9,9,0.000,1.00,0.064,False,None,0.000,False
192.512,2,en_route_delivery,-2.484,-2.054,0.000,-3.500,joint_grid_transaction,109,109,3,8,2,0.000,1.00,-0.089,False,None,0.000,False
192.512,3,en_route_delivery,0.010,-2.484,0.000,-3.500,joint_grid_transaction,109,109,4,9,3,0.000,1.00,0.101,False,None,0.000,False
192.512,4,en_route_delivery,5.150,-1.945,6.000,-3.500,_priority_yield_direct,110,109,0,1,11,193.532,0.40,-0.467,False,None,0.000,False
192.512,5,en_route_delivery,6.189,-0.065,6.000,-3.500,joint_grid_transaction,109,109,4,9,5,0.000,1.00,3.141,False,None,0.000,False
192.512,6,en_route_pickup,-5.953,3.029,-3.000,-1.500,joint_grid_transaction,109,109,4,3,12,0.000,1.00,-1.480,False,None,0.000,False
192.512,7,en_route_pickup,-4.242,-0.366,-3.000,-1.500,joint_grid_transaction,109,109,5,9,10,0.000,1.00,-1.473,False,None,0.000,False
192.512,8,en_route_delivery,5.041,-0.750,6.000,3.500,joint_grid_transaction,109,109,5,9,7,0.000,1.00,-3.050,False,None,0.000,False
194.560,1,en_route_pickup,5.483,-2.683,6.000,3.500,joint_grid_transaction,109,109,5,9,9,0.000,1.00,0.038,False,None,0.000,False
194.560,2,en_route_delivery,-2.115,-2.014,0.000,-3.500,joint_grid_transaction,109,109,5,8,2,0.000,1.00,-0.100,False,None,0.000,False
194.560,3,en_route_delivery,0.335,-2.515,0.000,-3.500,joint_grid_transaction,109,109,6,9,3,0.000,1.00,0.095,False,None,0.000,False
194.560,4,en_route_delivery,5.156,-1.948,6.000,-3.500,_priority_yield_direct,110,109,0,1,11,195.532,0.40,-0.386,False,None,0.000,False
194.560,5,en_route_delivery,5.927,-0.065,6.000,-3.500,joint_grid_transaction,109,109,5,9,5,0.000,1.00,-3.135,False,None,0.000,False
194.560,6,en_route_pickup,-5.936,3.253,-3.000,-1.500,joint_grid_transaction,109,109,5,3,12,0.000,1.00,-1.525,False,None,0.000,False
194.560,7,en_route_pickup,-4.214,-0.653,-3.000,-1.500,joint_grid_transaction,109,109,6,9,10,0.000,1.00,-1.476,False,None,0.000,False
194.560,8,en_route_delivery,4.739,-0.723,6.000,3.500,joint_grid_transaction,109,109,6,9,7,0.000,1.00,-3.052,False,None,0.000,False
196.608,1,en_route_pickup,5.654,-2.686,6.000,3.500,joint_grid_transaction,114,114,2,9,9,0.000,1.00,0.030,False,None,0.000,False
196.608,2,en_route_delivery,-1.850,-1.987,0.000,-3.500,joint_grid_transaction,114,114,3,9,2,0.000,1.00,-0.104,False,None,0.000,False
196.608,3,en_route_delivery,0.611,-2.541,0.000,-3.500,joint_grid_transaction,114,114,3,9,3,0.000,1.00,0.094,False,None,0.000,False
196.608,4,en_route_delivery,5.128,-1.972,6.000,-3.500,joint_grid_transaction,114,114,1,8,11,0.000,1.00,-0.703,False,None,0.000,False
196.608,5,en_route_delivery,5.606,-0.045,6.000,-3.500,joint_grid_transaction,114,114,3,9,5,0.000,1.00,-3.035,False,None,0.000,False
196.608,6,en_route_pickup,-5.729,3.227,-3.000,-1.500,joint_grid_transaction,114,114,2,9,12,0.000,1.00,-0.196,False,None,0.000,False
196.608,7,en_route_pickup,-4.352,-0.581,-3.000,-1.500,joint_grid_transaction,114,114,2,9,10,0.000,1.00,-3.048,False,None,0.000,False
196.608,8,en_route_delivery,4.484,-0.700,6.000,3.500,joint_grid_transaction,114,114,2,9,7,0.000,1.00,-3.059,False,None,0.000,False
198.656,1,en_route_pickup,5.821,-2.664,6.000,3.500,joint_grid_transaction,115,115,2,8,9,0.000,1.00,0.557,False,None,0.000,False
198.656,2,en_route_delivery,-1.605,-1.962,0.000,-3.500,joint_grid_transaction,115,115,3,9,2,0.000,1.00,-0.100,False,None,0.000,False
198.656,3,en_route_delivery,0.839,-2.558,0.000,-3.500,joint_grid_transaction,115,115,3,9,3,0.000,1.00,0.058,False,None,0.000,False
198.656,4,en_route_delivery,5.061,-2.196,6.000,-3.500,joint_grid_transaction,115,115,2,8,11,0.000,1.00,-1.733,False,None,0.000,False
198.656,5,en_route_delivery,5.733,-0.027,6.000,-3.500,joint_grid_transaction,115,115,1,8,5,0.000,1.00,-0.651,False,None,0.000,False
198.656,6,en_route_pickup,-5.386,3.262,-3.000,-1.500,joint_grid_transaction,115,115,3,9,12,0.000,1.00,-0.084,False,None,0.000,False
198.656,7,en_route_pickup,-4.544,-0.580,-3.000,-1.500,joint_grid_transaction,115,115,2,9,10,0.000,1.00,3.073,False,None,0.000,False
198.656,8,en_route_delivery,4.389,-0.570,6.000,3.500,joint_grid_transaction,115,115,3,9,7,0.000,1.00,-2.139,False,None,0.000,False
200.704,1,en_route_pickup,5.914,-2.469,6.000,3.500,joint_grid_transaction,115,115,3,8,9,0.000,1.00,1.129,False,None,0.000,False
200.704,2,en_route_delivery,-1.371,-1.942,0.000,-3.500,joint_grid_transaction,115,115,4,9,2,0.000,1.00,-0.071,False,None,0.000,False
200.704,3,en_route_delivery,1.056,-2.567,0.000,-3.500,joint_grid_transaction,115,115,4,9,3,0.000,1.00,0.016,False,None,0.000,False
200.704,4,en_route_delivery,5.032,-2.374,6.000,-3.500,_priority_yield_direct,117,115,0,1,11,202.028,0.40,-1.362,False,None,0.000,False
200.704,5,en_route_delivery,6.029,0.010,6.000,-3.500,joint_grid_transaction,115,115,2,8,5,0.000,1.00,-0.076,False,None,0.000,False
200.704,6,en_route_pickup,-5.096,3.286,-3.000,-1.500,joint_grid_transaction,115,115,4,9,12,0.000,1.00,-0.085,False,None,0.000,False
200.704,7,en_route_pickup,-4.916,-0.527,-3.000,-1.500,joint_grid_transaction,115,115,4,9,10,0.000,1.00,3.030,False,None,0.000,False
200.704,8,en_route_delivery,4.271,-0.214,6.000,3.500,joint_grid_transaction,115,115,4,9,7,0.000,1.00,-1.704,False,None,0.000,False
202.752,1,en_route_pickup,5.990,-2.104,6.000,3.500,joint_grid_transaction,115,115,5,8,9,0.000,1.00,1.482,False,None,0.000,False
202.752,2,en_route_delivery,-1.150,-1.935,0.000,-3.500,joint_grid_transaction,115,115,5,9,2,0.000,1.00,-0.013,False,None,0.000,False
202.752,3,en_route_delivery,1.390,-2.541,0.000,-3.500,joint_grid_transaction,115,115,5,9,3,0.000,1.00,0.110,False,None,0.000,False
202.752,4,en_route_delivery,5.032,-2.374,6.000,-3.500,_priority_yield_direct,117,115,0,1,11,203.532,0.40,-1.360,False,None,0.000,False
202.752,5,en_route_delivery,6.327,0.033,6.000,-3.500,joint_grid_transaction,115,115,4,8,5,0.000,1.00,-0.080,False,None,0.000,False
202.752,6,en_route_pickup,-4.849,3.307,-3.000,-1.500,joint_grid_transaction,115,115,5,9,12,0.000,1.00,-0.081,False,None,0.000,False
202.752,7,en_route_pickup,-5.258,-0.493,-3.000,-1.500,joint_grid_transaction,115,115,5,9,10,0.000,1.00,3.046,False,None,0.000,False
202.752,8,en_route_delivery,4.239,0.127,6.000,3.500,joint_grid_transaction,115,115,6,9,7,0.000,1.00,-1.658,False,None,0.000,False
204.800,1,en_route_pickup,6.016,-1.812,6.000,3.500,joint_grid_transaction,120,120,1,8,9,0.000,0.40,1.485,False,None,0.000,False
204.800,2,en_route_delivery,-0.824,-1.958,0.000,-3.500,joint_grid_transaction,120,120,2,9,2,0.000,1.00,-0.118,False,None,0.000,False
204.800,3,en_route_delivery,1.712,-2.503,0.000,-3.500,joint_grid_transaction,120,120,1,9,3,0.000,1.00,0.345,False,None,0.000,False
204.800,4,en_route_delivery,5.079,-2.402,6.000,-3.500,joint_grid_transaction,120,120,1,9,11,0.000,1.00,-0.818,False,None,0.000,False
204.800,5,en_route_delivery,6.579,0.052,6.000,-3.500,joint_grid_transaction,120,120,2,5,5,0.000,1.00,-0.076,False,None,0.000,False
204.800,6,en_route_pickup,-4.628,3.314,-3.000,-1.500,joint_grid_transaction,120,120,2,9,12,0.000,1.00,-0.011,False,None,0.000,False
204.800,7,en_route_pickup,-5.543,-0.466,-3.000,-1.500,joint_grid_transaction,120,120,1,9,10,0.000,1.00,3.046,False,None,0.000,False
204.800,8,en_route_delivery,4.214,0.415,6.000,3.500,joint_grid_transaction,120,120,2,9,7,0.000,1.00,-1.655,False,None,0.000,False
206.848,1,en_route_pickup,6.028,-1.674,6.000,3.500,joint_grid_transaction,120,120,2,8,9,0.000,1.00,1.480,False,None,0.000,False
206.848,2,en_route_delivery,-0.540,-1.991,0.000,-3.500,joint_grid_transaction,120,120,3,9,2,0.000,1.00,-0.095,False,None,0.000,False
206.848,3,en_route_delivery,1.573,-2.500,0.000,-3.500,joint_grid_transaction,120,120,1,9,3,0.000,1.00,2.658,False,None,0.000,False
206.848,4,en_route_delivery,5.219,-2.433,6.000,-3.500,joint_grid_transaction,120,120,3,9,11,0.000,1.00,-0.341,False,None,0.000,False
206.848,5,en_route_delivery,6.791,0.065,6.000,-3.500,joint_grid_transaction,120,120,2,5,5,0.000,1.00,-0.002,False,None,0.000,False
206.848,6,en_route_pickup,-4.459,3.266,-3.000,-1.500,joint_grid_transaction,120,120,3,9,12,0.000,1.00,-0.710,False,None,0.000,False
206.848,7,en_route_pickup,-5.777,-0.445,-3.000,-1.500,joint_grid_transaction,120,120,2,9,10,0.000,1.00,3.087,False,None,0.000,False
206.848,8,en_route_delivery,4.193,0.665,6.000,3.500,joint_grid_transaction,120,120,3,9,7,0.000,1.00,-1.656,False,None,0.000,False
208.896,1,en_route_pickup,6.051,-1.419,6.000,3.500,joint_grid_transaction,120,120,3,8,9,0.000,1.00,1.486,False,None,0.000,False
208.896,2,en_route_delivery,-0.226,-2.021,0.000,-3.500,joint_grid_transaction,120,120,4,9,2,0.000,1.00,-0.092,False,None,0.000,False
208.896,3,en_route_delivery,1.279,-2.474,0.000,-3.500,joint_grid_transaction,120,120,2,9,3,0.000,1.00,3.073,False,None,0.000,False
208.896,4,en_route_delivery,5.582,-2.495,6.000,-3.500,joint_grid_transaction,120,120,5,9,11,0.000,1.00,-0.094,False,None,0.000,False
208.896,5,en_route_delivery,7.035,0.059,6.000,-3.500,joint_grid_transaction,120,120,4,5,5,0.000,1.00,-0.281,False,None,0.000,False
208.896,6,en_route_pickup,-4.297,2.969,-3.000,-1.500,joint_grid_transaction,120,120,4,9,12,0.000,1.00,-1.303,False,None,0.000,False
208.896,7,en_route_pickup,-6.005,-0.433,-3.000,-1.500,joint_grid_transaction,120,120,3,9,10,0.000,1.00,3.113,False,None,0.000,False
208.896,8,en_route_delivery,4.186,0.887,6.000,3.500,joint_grid_transaction,120,120,4,9,7,0.000,1.00,-1.574,False,None,0.000,False
210.944,1,en_route_pickup,6.064,-1.206,6.000,3.500,joint_grid_transaction,121,121,2,9,9,0.000,1.00,1.566,False,None,0.000,False
210.944,2,en_route_delivery,-0.143,-2.145,0.000,-3.500,joint_grid_transaction,121,121,3,8,2,0.000,1.00,-0.984,False,None,0.000,False
210.944,3,en_route_delivery,1.137,-2.582,0.000,-3.500,joint_grid_transaction,121,121,3,9,3,0.000,1.00,-2.239,False,None,0.000,False
210.944,4,en_route_delivery,5.782,-2.534,6.000,-3.500,joint_grid_transaction,121,121,3,7,11,0.000,1.00,-0.551,False,None,0.000,False
210.944,5,en_route_delivery,7.002,-0.168,6.000,-3.500,joint_grid_transaction,121,121,2,9,5,0.000,1.00,-1.477,False,None,0.000,False
210.944,6,en_route_pickup,-4.250,2.621,-3.000,-1.500,joint_grid_transaction,121,121,3,9,12,0.000,1.00,-1.470,False,None,0.000,False
210.944,7,en_route_pickup,-6.129,-0.570,-3.000,-1.500,joint_grid_transaction,121,121,2,9,10,0.000,1.00,-2.219,False,None,0.000,False
210.944,8,en_route_delivery,4.185,1.127,6.000,3.500,joint_grid_transaction,121,121,2,8,7,0.000,1.00,-1.572,False,None,0.000,False
212.992,1,en_route_pickup,6.066,-0.955,6.000,3.500,joint_grid_transaction,121,121,4,9,9,0.000,1.00,1.580,False,None,0.000,False
212.992,2,en_route_delivery,-0.022,-2.500,0.000,-3.500,joint_grid_transaction,121,121,4,8,2,0.000,1.00,-1.439,False,None,0.000,False
212.992,3,en_route_delivery,1.025,-2.920,0.000,-3.500,joint_grid_transaction,121,121,4,9,3,0.000,1.00,-1.708,False,None,0.000,False
212.992,4,en_route_delivery,5.931,-2.786,6.000,-3.500,joint_grid_transaction,121,121,4,7,11,0.000,1.00,-1.197,False,None,0.000,False
212.992,5,en_route_delivery,7.026,-0.482,6.000,-3.500,joint_grid_transaction,121,121,3,9,5,0.000,1.00,-1.494,False,None,0.000,False
212.992,6,en_route_pickup,-4.220,2.322,-3.000,-1.500,joint_grid_transaction,121,121,4,9,12,0.000,1.00,-1.474,False,None,0.000,False
212.992,7,en_route_pickup,-6.228,-0.907,-3.000,-1.500,joint_grid_transaction,121,121,4,9,10,0.000,1.00,-1.691,False,None,0.000,False
212.992,8,en_route_delivery,4.186,1.391,6.000,3.500,joint_grid_transaction,121,121,3,8,7,0.000,1.00,-1.561,False,None,0.000,False
215.040,1,en_route_pickup,6.043,-0.629,6.000,3.500,joint_grid_transaction,123,123,2,9,9,0.000,1.00,1.677,False,None,0.000,False
215.040,2,en_route_delivery,0.005,-2.780,0.000,-3.500,joint_grid_transaction,123,123,1,4,2,0.000,1.00,-1.480,False,joint_slot_deadline,215.428,False
215.040,3,en_route_delivery,0.995,-2.825,0.000,-3.500,joint_grid_transaction,123,123,1,8,3,0.000,1.00,2.308,False,None,0.000,False
215.040,4,en_route_pickup,5.942,-2.958,0.000,3.500,joint_grid_transaction,123,123,2,9,13,0.000,1.00,-2.416,False,None,0.000,False
215.040,5,en_route_delivery,7.020,-0.617,6.000,-3.500,joint_grid_transaction,123,123,1,8,5,0.000,0.70,-2.249,False,None,0.000,False
215.040,6,en_route_pickup,-4.200,2.116,-3.000,-1.500,joint_grid_transaction,123,123,2,9,12,0.000,1.00,-1.473,False,None,0.000,False
215.040,7,en_route_pickup,-6.254,-1.157,-3.000,-1.500,joint_grid_transaction,123,123,2,8,10,0.000,1.00,-1.671,False,None,0.000,False
215.040,8,en_route_delivery,4.207,1.682,6.000,3.500,joint_grid_transaction,123,123,2,9,7,0.000,1.00,-1.457,False,None,0.000,False
217.088,1,en_route_pickup,6.005,-0.267,6.000,3.500,joint_grid_transaction,124,124,1,8,9,0.000,1.00,1.670,False,None,0.000,False
217.088,2,en_route_pickup,0.029,-2.972,6.000,-3.500,joint_grid_transaction,124,124,1,9,14,0.000,1.00,-1.167,False,None,0.000,False
217.088,3,en_route_delivery,0.982,-2.702,0.000,-3.500,joint_grid_transaction,124,124,1,9,3,0.000,1.00,2.050,False,None,0.000,False
217.088,4,en_route_pickup,5.637,-2.995,0.000,3.500,joint_grid_transaction,124,124,2,9,13,0.000,1.00,-3.057,False,None,0.000,False
217.088,5,en_route_delivery,6.962,-0.648,6.000,-3.500,joint_grid_transaction,124,124,1,9,5,0.000,0.40,-2.505,False,None,0.000,False
217.088,6,en_route_pickup,-4.188,1.902,-3.000,-1.500,joint_grid_transaction,124,124,2,9,12,0.000,1.00,-1.557,False,None,0.000,False
217.088,7,en_route_pickup,-6.282,-1.450,-3.000,-1.500,joint_grid_transaction,124,124,1,6,10,0.000,1.00,-1.667,False,None,0.000,False
217.088,8,en_route_delivery,4.152,1.849,6.000,3.500,joint_grid_transaction,124,124,2,9,7,0.000,1.00,-2.332,False,joint_slot_deadline,218.036,False
219.136,1,en_route_pickup,5.983,-0.058,6.000,3.500,joint_grid_transaction,124,124,2,8,9,0.000,1.00,1.673,False,None,0.000,False
219.136,2,en_route_pickup,0.289,-2.974,6.000,-3.500,joint_grid_transaction,124,124,2,9,14,0.000,1.00,-0.179,False,None,0.000,False
219.136,3,en_route_delivery,1.138,-2.747,0.000,-3.500,joint_grid_transaction,124,124,2,9,3,0.000,1.00,0.155,False,None,0.000,False
219.136,4,en_route_pickup,5.319,-3.022,0.000,3.500,joint_grid_transaction,124,124,3,9,13,0.000,1.00,-3.058,False,None,0.000,False
219.136,5,en_route_delivery,6.833,-0.795,6.000,-3.500,joint_grid_transaction,124,124,3,9,5,0.000,1.00,-2.313,False,None,0.000,False
219.136,6,en_route_pickup,-4.185,1.659,-3.000,-1.500,joint_grid_transaction,124,124,3,9,12,0.000,1.00,-1.573,False,None,0.000,False
219.136,7,en_route_pickup,-6.304,-1.668,-3.000,-1.500,joint_grid_transaction,124,124,2,6,10,0.000,1.00,-1.668,False,None,0.000,False
219.136,8,en_route_delivery,4.012,1.909,6.000,3.500,joint_grid_transaction,124,124,3,9,7,0.000,1.00,-2.718,False,None,0.000,False
221.184,1,en_route_pickup,5.952,0.249,6.000,3.500,joint_grid_transaction,125,125,1,2,9,0.000,1.00,1.671,False,None,0.000,False
221.184,2,en_route_pickup,0.518,-2.994,6.000,-3.500,joint_grid_transaction,125,125,1,3,14,0.000,0.75,-0.059,False,None,0.000,False
221.184,3,en_route_delivery,1.178,-2.766,0.000,-3.500,joint_grid_transaction,125,125,1,2,3,0.000,0.45,0.757,False,None,0.000,False
221.184,4,en_route_pickup,5.321,-2.919,0.000,3.500,joint_grid_transaction,125,125,1,11,13,0.000,1.00,1.841,False,None,0.000,False
221.184,5,en_route_delivery,6.725,-1.046,6.000,-3.500,joint_grid_transaction,125,125,1,2,5,0.000,1.00,-1.906,False,None,0.000,False
221.184,6,en_route_pickup,-4.191,1.358,-3.000,-1.500,joint_grid_transaction,125,125,1,4,12,0.000,1.00,-1.609,False,None,0.000,False
221.184,7,en_route_pickup,-6.328,-1.931,-3.000,-1.500,joint_grid_transaction,125,125,1,2,10,0.000,1.00,-1.662,False,None,0.000,False
221.184,8,en_route_delivery,3.852,2.098,6.000,3.500,joint_grid_transaction,125,125,1,2,7,0.000,1.00,-2.170,False,None,0.000,False
223.232,1,en_route_pickup,5.921,0.562,6.000,3.500,joint_grid_transaction,125,125,1,2,9,0.000,1.00,1.667,False,None,0.000,False
223.232,2,en_route_pickup,0.568,-3.038,6.000,-3.500,_command_reverse,130,125,0,1,14,0.000,1.00,-0.839,False,None,0.000,False
223.232,3,en_route_delivery,1.183,-2.850,0.000,-3.500,_command_reverse,128,125,0,1,3,224.524,0.40,0.932,False,None,0.000,False
223.232,4,en_route_pickup,5.277,-2.558,0.000,3.500,joint_grid_transaction,125,125,1,11,13,0.000,1.00,1.661,False,None,0.000,False
223.232,5,en_route_delivery,6.613,-1.412,6.000,-3.500,joint_grid_transaction,125,125,1,2,5,0.000,1.00,-1.857,False,None,0.000,False
223.232,6,en_route_pickup,-4.234,0.994,-3.000,-1.500,joint_grid_transaction,125,125,1,4,12,0.000,1.00,-1.735,False,None,0.000,False
223.232,7,en_route_pickup,-6.351,-2.180,-3.000,-1.500,joint_grid_transaction,125,125,1,2,10,0.000,1.00,-1.660,False,None,0.000,False
223.232,8,en_route_delivery,3.648,2.422,6.000,3.500,joint_grid_transaction,125,125,1,2,7,0.000,1.00,-2.122,False,None,0.000,False
225.280,1,en_route_pickup,5.892,0.868,6.000,3.500,joint_grid_transaction,125,125,1,2,9,0.000,1.00,1.664,False,None,0.000,False
225.280,2,en_route_pickup,0.447,-3.024,6.000,-3.500,_command_reverse,130,125,0,1,14,0.000,0.75,-2.716,False,None,0.000,False
225.280,3,en_route_delivery,1.248,-2.926,0.000,-3.500,_command_reverse,128,125,0,1,3,0.000,0.45,0.823,False,None,0.000,False
225.280,4,en_route_pickup,5.247,-2.219,0.000,3.500,joint_grid_transaction,125,125,1,11,13,0.000,1.00,1.659,False,None,0.000,False
225.280,5,en_route_delivery,6.505,-1.779,6.000,-3.500,joint_grid_transaction,125,125,1,2,5,0.000,1.00,-1.856,False,None,0.000,False
225.280,6,en_route_pickup,-4.299,0.616,-3.000,-1.500,joint_grid_transaction,125,125,1,4,12,0.000,1.00,-1.742,False,None,0.000,False
225.280,7,en_route_pickup,-6.363,-2.374,-3.000,-1.500,joint_grid_transaction,125,125,1,2,10,0.000,1.00,-1.594,False,None,0.000,False
225.280,8,en_route_delivery,3.448,2.748,6.000,3.500,joint_grid_transaction,125,125,1,2,7,0.000,1.00,-2.121,False,None,0.000,False
227.328,1,en_route_pickup,5.865,1.168,6.000,3.500,joint_grid_transaction,125,125,1,2,9,0.000,1.00,1.661,False,None,0.000,False
227.328,2,en_route_pickup,0.243,-3.084,6.000,-3.500,_command_reverse,130,125,0,1,14,0.000,0.75,-2.929,False,None,0.000,False
227.328,3,en_route_delivery,1.301,-2.981,0.000,-3.500,_command_reverse,128,125,0,1,3,0.000,0.45,0.790,False,None,0.000,False
227.328,4,en_route_pickup,5.220,-1.965,0.000,3.500,joint_grid_transaction,125,125,2,11,13,0.000,1.00,1.871,False,None,0.000,False
227.328,5,en_route_delivery,6.397,-2.146,6.000,-3.500,joint_grid_transaction,125,125,1,2,5,0.000,1.00,-1.856,False,None,0.000,False
227.328,6,en_route_pickup,-4.364,0.239,-3.000,-1.500,joint_grid_transaction,125,125,1,4,12,0.000,1.00,-1.742,False,None,0.000,False
227.328,7,en_route_pickup,-6.339,-2.600,-3.000,-1.500,joint_grid_transaction,125,125,1,2,10,0.000,1.00,-1.407,False,None,0.000,False
227.328,8,en_route_delivery,3.247,3.074,6.000,3.500,joint_grid_transaction,125,125,1,2,7,0.000,1.00,-2.121,False,None,0.000,False
229.376,1,en_route_pickup,5.878,1.327,6.000,3.500,joint_grid_transaction,134,134,1,10,9,0.000,1.00,1.169,False,joint_slot_deadline,229.300,False
229.376,2,en_route_pickup,0.238,-3.022,6.000,-3.500,joint_grid_transaction,134,134,1,13,14,0.000,1.00,1.799,False,None,0.000,False
229.376,3,en_route_delivery,1.479,-3.008,0.000,-3.500,joint_grid_transaction,134,134,2,13,3,0.000,1.00,0.098,False,None,0.000,False
229.376,4,en_route_pickup,5.065,-1.893,0.000,3.500,joint_grid_transaction,134,134,2,13,13,0.000,1.00,-3.114,False,None,0.000,False
229.376,5,en_route_delivery,6.253,-2.231,6.000,-3.500,joint_grid_transaction,134,134,1,7,5,0.000,1.00,-2.830,False,None,0.000,False
229.376,6,en_route_pickup,-4.351,-0.052,-3.000,-1.500,joint_grid_transaction,134,134,2,13,12,0.000,1.00,-1.268,False,None,0.000,False
229.376,7,en_route_pickup,-6.327,-2.641,-3.000,-1.500,joint_grid_transaction,125,125,1,2,10,0.000,1.00,-1.339,False,joint_window_endpoint,229.604,False
229.376,8,en_route_delivery,3.079,3.141,6.000,3.500,joint_grid_transaction,134,134,2,9,7,0.000,1.00,3.017,False,None,0.000,False
231.424,1,en_route_pickup,5.976,1.692,6.000,3.500,joint_grid_transaction,135,135,2,9,9,0.000,1.00,1.441,False,None,0.000,False
231.424,2,en_route_pickup,0.350,-3.063,6.000,-3.500,joint_grid_transaction,135,135,2,9,14,0.000,0.70,0.362,False,None,0.000,False
231.424,3,en_route_delivery,1.734,-3.023,0.000,-3.500,joint_grid_transaction,135,135,1,9,3,0.000,1.00,0.392,False,None,0.000,False
231.424,4,en_route_pickup,4.755,-1.947,0.000,3.500,joint_grid_transaction,135,135,2,9,13,0.000,1.00,-2.940,False,None,0.000,False
231.424,5,en_route_delivery,6.135,-2.361,6.000,-3.500,joint_grid_transaction,135,135,1,6,5,0.000,1.00,-2.172,False,joint_slot_deadline,232.292,False
231.424,6,en_route_pickup,-4.271,-0.422,-3.000,-1.500,joint_grid_transaction,135,135,2,9,12,0.000,1.00,-1.457,False,None,0.000,False
231.424,7,en_route_pickup,-6.315,-2.617,-3.000,-1.500,joint_grid_transaction,135,135,1,9,10,0.000,1.00,-0.986,False,None,0.000,False
231.424,8,en_route_delivery,2.731,3.045,6.000,3.500,joint_grid_transaction,135,135,1,7,7,0.000,1.00,2.928,False,None,0.000,False
233.472,1,en_route_pickup,6.005,1.966,6.000,3.500,joint_grid_transaction,135,135,3,9,9,0.000,1.00,1.468,False,None,0.000,False
233.472,2,en_route_pickup,0.657,-3.007,6.000,-3.500,joint_grid_transaction,135,135,3,9,14,0.000,1.00,0.087,False,None,0.000,False
233.472,3,en_route_delivery,1.729,-2.783,0.000,-3.500,joint_grid_transaction,135,135,2,9,3,0.000,1.00,1.424,False,None,0.000,False
233.472,4,en_route_pickup,4.508,-1.985,0.000,3.500,joint_grid_transaction,135,135,3,9,13,0.000,1.00,-3.044,False,None,0.000,False
233.472,5,en_route_delivery,6.054,-2.540,6.000,-3.500,joint_grid_transaction,135,135,2,6,5,0.000,1.00,-1.884,False,joint_slot_deadline,233.492,False
233.472,6,en_route_pickup,-4.242,-0.712,-3.000,-1.500,joint_grid_transaction,135,135,3,9,12,0.000,1.00,-1.471,False,None,0.000,False
233.472,7,en_route_pickup,-6.041,-2.714,-3.000,-1.500,joint_grid_transaction,135,135,2,9,10,0.000,1.00,-0.204,False,None,0.000,False
233.472,8,en_route_delivery,2.654,3.093,6.000,3.500,joint_grid_transaction,135,135,2,7,7,0.000,1.00,-2.503,False,joint_slot_deadline,233.492,False
235.520,1,en_route_pickup,6.034,2.252,6.000,3.500,joint_grid_transaction,135,135,4,9,9,0.000,1.00,1.473,False,None,0.000,False
235.520,2,en_route_pickup,0.976,-2.979,6.000,-3.500,joint_grid_transaction,135,135,4,9,14,0.000,1.00,0.086,False,None,0.000,False
235.520,3,en_route_delivery,1.762,-2.445,0.000,-3.500,joint_grid_transaction,135,135,4,9,3,0.000,1.00,1.483,False,None,0.000,False
235.520,4,en_route_pickup,4.381,-1.861,0.000,3.500,joint_grid_transaction,135,135,5,9,13,0.000,1.00,2.126,False,None,0.000,False
235.520,5,en_route_delivery,6.001,-2.887,6.000,-3.500,joint_grid_transaction,135,135,4,6,5,0.000,1.00,-1.664,False,None,0.000,False
235.520,6,en_route_pickup,-4.214,-0.995,-3.000,-1.500,joint_grid_transaction,135,135,4,9,12,0.000,1.00,-1.475,False,None,0.000,False
235.520,7,en_route_pickup,-5.687,-2.754,-3.000,-1.500,joint_grid_transaction,135,135,4,9,10,0.000,1.00,-0.088,False,None,0.000,False
235.520,8,en_route_delivery,2.549,3.374,6.000,3.500,joint_grid_transaction,135,135,4,7,7,0.000,1.00,-1.818,False,None,0.000,False
237.568,1,en_route_pickup,6.057,2.491,6.000,3.500,joint_grid_transaction,137,137,2,6,9,0.000,1.00,1.488,False,None,0.000,False
237.568,2,en_route_pickup,1.248,-2.956,6.000,-3.500,joint_grid_transaction,137,137,2,13,14,0.000,1.00,0.085,False,None,0.000,False
237.568,3,en_route_delivery,1.761,-2.361,0.000,-3.500,joint_grid_transaction,137,137,1,12,3,239.524,0.40,2.117,False,None,0.000,False
237.568,4,en_route_pickup,4.270,-1.505,0.000,3.500,joint_grid_transaction,137,137,2,13,13,0.000,1.00,1.688,False,None,0.000,False
237.568,5,en_route_pickup,5.899,-2.935,3.000,-1.500,joint_grid_transaction,137,137,2,13,22,0.000,1.00,-2.748,False,None,0.000,False
237.568,6,en_route_pickup,-4.192,-1.233,-3.000,-1.500,joint_grid_transaction,137,137,2,12,12,0.000,1.00,-1.491,False,None,0.000,False
237.568,7,en_route_pickup,-5.449,-2.775,-3.000,-1.500,joint_grid_transaction,137,137,2,12,10,0.000,1.00,-0.092,False,None,0.000,False
237.568,8,en_route_delivery,2.500,3.734,6.000,3.500,joint_grid_transaction,137,137,2,4,7,0.000,1.00,-1.658,False,None,0.000,False
239.616,1,en_route_pickup,6.067,2.717,6.000,3.500,joint_grid_transaction,138,138,1,4,9,0.000,1.00,1.512,False,None,0.000,False
239.616,2,en_route_pickup,1.479,-2.937,6.000,-3.500,joint_grid_transaction,138,138,1,8,14,0.000,1.00,0.071,False,None,0.000,False
239.616,3,en_route_delivery,1.764,-2.357,0.000,-3.500,joint_grid_transaction,138,138,1,9,3,239.620,0.40,2.072,False,None,0.000,False
239.616,4,en_route_pickup,4.238,-1.171,0.000,3.500,joint_grid_transaction,138,138,2,9,13,0.000,1.00,1.662,False,None,0.000,False
239.616,5,en_route_pickup,5.537,-2.998,3.000,-1.500,joint_grid_transaction,138,138,2,9,22,0.000,1.00,-3.055,False,None,0.000,False
239.616,6,en_route_pickup,-4.184,-1.459,-3.000,-1.500,joint_grid_transaction,138,138,1,8,12,0.000,1.00,-1.515,False,None,0.000,False
239.616,7,en_route_pickup,-5.274,-2.781,-3.000,-1.500,joint_grid_transaction,138,138,1,9,10,0.000,1.00,-0.585,False,None,0.000,False
239.616,8,en_route_delivery,2.475,4.033,6.000,3.500,joint_grid_transaction,138,138,1,2,7,0.000,1.00,-1.657,False,None,0.000,False
241.664,1,en_route_delivery,6.058,2.978,3.000,1.500,joint_grid_transaction,138,138,2,2,9,0.000,1.00,1.649,False,None,0.000,False
241.664,2,en_route_pickup,1.683,-2.937,6.000,-3.500,_command_reverse,148,138,0,1,14,0.000,1.00,0.016,False,None,0.000,False
241.664,3,en_route_delivery,1.731,-2.334,0.000,-3.500,_command_reverse,144,138,0,1,3,0.000,0.60,2.298,False,None,0.000,False
241.664,4,en_route_pickup,4.212,-0.887,0.000,3.500,joint_grid_transaction,138,138,3,9,13,0.000,1.00,1.662,False,None,0.000,False
241.664,5,en_route_pickup,5.271,-3.022,3.000,-1.500,joint_grid_transaction,138,138,3,9,22,0.000,1.00,-3.051,False,None,0.000,False
241.664,6,en_route_pickup,-4.192,-1.718,-3.000,-1.500,joint_grid_transaction,138,138,2,8,12,0.000,1.00,-1.651,False,None,0.000,False
241.664,7,en_route_pickup,-5.260,-2.512,-3.000,-1.500,joint_grid_transaction,138,138,2,9,10,0.000,1.00,-1.470,False,None,0.000,False
241.664,8,en_route_delivery,2.475,4.033,6.000,3.500,joint_grid_transaction,138,138,1,2,7,0.000,1.00,-1.657,False,joint_window_endpoint,242.100,False
243.712,1,en_route_delivery,6.023,3.283,3.000,1.500,joint_grid_transaction,138,138,4,2,9,0.000,1.00,1.679,False,None,0.000,False
243.712,2,en_route_pickup,1.773,-2.940,6.000,-3.500,_command_reverse,148,138,0,1,14,243.820,0.65,0.036,False,None,0.000,False
243.712,3,en_route_delivery,1.706,-2.357,0.000,-3.500,_command_reverse,144,138,0,1,3,243.820,0.40,2.518,False,None,0.000,False
243.712,4,en_route_pickup,4.193,-0.652,0.000,3.500,joint_grid_transaction,138,138,4,9,13,0.000,1.00,1.634,False,None,0.000,False
243.712,5,en_route_pickup,5.062,-3.041,3.000,-1.500,joint_grid_transaction,138,138,4,9,22,0.000,0.50,-3.059,False,None,0.000,False
243.712,6,en_route_pickup,-4.103,-1.848,-3.000,-1.500,joint_grid_transaction,138,138,4,8,12,0.000,1.00,-0.625,False,None,0.000,False
243.712,7,en_route_pickup,-5.231,-2.190,-3.000,-1.500,joint_grid_transaction,138,138,4,9,10,0.000,1.00,-1.483,False,None,0.000,False
243.712,8,en_route_delivery,2.475,4.033,6.000,3.500,joint_grid_transaction,138,138,1,2,7,0.000,1.00,-1.657,False,joint_window_endpoint,244.180,False
245.760,1,en_route_delivery,5.986,3.227,3.000,1.500,joint_grid_transaction,170,170,1,13,9,0.000,1.00,2.402,False,None,0.000,False
245.760,2,en_route_pickup,1.925,-2.953,6.000,-3.500,joint_grid_transaction,170,170,1,12,14,0.000,0.60,0.107,False,None,0.000,False
245.760,3,en_route_delivery,1.668,-2.366,0.000,-3.500,_command_reverse,171,170,0,1,3,0.000,0.55,2.872,False,None,0.000,False
245.760,4,en_route_pickup,4.184,-0.432,0.000,3.500,joint_grid_transaction,170,170,2,13,13,0.000,1.00,1.559,False,None,0.000,False
245.760,5,en_route_pickup,5.002,-3.046,3.000,-1.500,joint_grid_transaction,170,170,1,13,22,0.000,0.50,-3.059,False,None,0.000,False
245.760,6,en_route_pickup,-3.751,-1.976,-3.000,-1.500,joint_grid_transaction,170,170,2,7,12,0.000,1.00,-0.143,False,None,0.000,False
245.760,7,en_route_pickup,-5.180,-2.051,-3.000,-1.500,joint_grid_transaction,170,170,2,13,10,0.000,1.00,-0.757,False,None,0.000,False
245.760,8,en_route_delivery,2.500,3.988,6.000,3.500,joint_grid_transaction,170,170,1,13,7,0.000,1.00,-0.832,False,None,0.000,False
247.808,1,en_route_delivery,5.698,3.249,3.000,1.500,joint_grid_transaction,170,170,3,13,9,0.000,1.00,3.056,False,None,0.000,False
247.808,2,en_route_pickup,2.259,-2.991,6.000,-3.500,joint_grid_transaction,170,170,2,12,14,0.000,1.00,0.095,False,None,0.000,False
247.808,3,en_route_delivery,1.662,-2.367,0.000,-3.500,_command_reverse,171,170,0,1,3,0.000,0.40,3.041,False,None,0.000,False
247.808,4,en_route_pickup,4.206,-0.108,0.000,3.500,joint_grid_transaction,170,170,3,13,13,0.000,1.00,1.463,False,None,0.000,False
247.808,5,en_route_pickup,4.946,-3.050,3.000,-1.500,joint_grid_transaction,170,170,2,13,22,0.000,0.50,-3.067,False,None,0.000,False
247.808,6,en_route_pickup,-3.476,-2.007,-3.000,-1.500,joint_grid_transaction,170,170,3,7,12,0.000,1.00,-0.094,False,None,0.000,False
247.808,7,en_route_pickup,-4.875,-2.009,-3.000,-1.500,joint_grid_transaction,170,170,3,13,10,0.000,1.00,-0.087,False,None,0.000,False
247.808,8,en_route_delivery,2.778,3.997,6.000,3.500,joint_grid_transaction,170,170,2,13,7,0.000,1.00,-0.086,False,None,0.000,False
249.856,1,en_route_delivery,5.388,3.275,3.000,1.500,joint_grid_transaction,176,176,2,9,9,0.000,1.00,3.057,False,None,0.000,False
249.856,2,en_route_pickup,2.480,-3.011,6.000,-3.500,joint_grid_transaction,176,176,1,9,14,0.000,0.70,0.085,False,None,0.000,False
249.856,3,en_route_delivery,1.466,-2.466,0.000,-3.500,joint_grid_transaction,176,176,1,9,3,0.000,1.00,-2.686,False,None,0.000,False
249.856,4,en_route_pickup,4.245,0.255,0.000,3.500,joint_grid_transaction,176,176,1,8,13,0.000,1.00,1.473,False,None,0.000,False
249.856,5,en_route_pickup,4.810,-3.061,3.000,-1.500,joint_grid_transaction,176,176,1,8,22,0.000,1.00,-3.062,False,None,0.000,False
249.856,6,en_route_delivery,-3.187,-2.033,6.000,-3.500,joint_grid_transaction,176,176,2,9,12,0.000,1.00,-0.084,False,None,0.000,False
249.856,7,en_route_pickup,-4.551,-1.982,-3.000,-1.500,joint_grid_transaction,176,176,1,8,10,0.000,1.00,-0.085,False,None,0.000,False
249.856,8,en_route_delivery,3.091,4.023,6.000,3.500,joint_grid_transaction,176,176,2,9,7,0.000,1.00,-0.085,False,None,0.000,False
251.904,1,en_route_delivery,5.121,3.298,3.000,1.500,joint_grid_transaction,176,176,3,9,9,0.000,1.00,3.056,False,None,0.000,False
251.904,2,en_route_pickup,2.753,-3.035,6.000,-3.500,joint_grid_transaction,176,176,2,9,14,0.000,1.00,0.088,False,None,0.000,False
251.904,3,en_route_delivery,1.140,-2.510,0.000,-3.500,joint_grid_transaction,176,176,3,9,3,0.000,1.00,-3.061,False,None,0.000,False
251.904,4,en_route_pickup,4.264,0.438,0.000,3.500,joint_grid_transaction,176,176,2,8,13,0.000,1.00,1.469,False,None,0.000,False
251.904,5,en_route_pickup,4.578,-3.063,3.000,-1.500,joint_grid_transaction,176,176,2,8,22,0.000,1.00,3.124,False,None,0.000,False
251.904,6,en_route_delivery,-2.941,-2.052,6.000,-3.500,joint_grid_transaction,176,176,3,9,12,0.000,1.00,-0.066,False,None,0.000,False
251.904,7,en_route_pickup,-4.325,-1.962,-3.000,-1.500,joint_grid_transaction,176,176,2,8,10,0.000,1.00,-0.089,False,None,0.000,False
251.904,8,en_route_delivery,3.360,4.046,6.000,3.500,joint_grid_transaction,176,176,3,9,7,0.000,1.00,-0.086,False,None,0.000,False
253.952,1,en_route_delivery,4.898,3.311,3.000,1.500,joint_grid_transaction,177,177,2,9,9,0.000,1.00,3.105,False,None,0.000,False
253.952,2,en_route_pickup,2.727,-2.914,6.000,-3.500,joint_grid_transaction,177,177,2,9,14,0.000,1.00,1.310,False,None,0.000,False
253.952,3,en_route_delivery,0.844,-2.534,0.000,-3.500,joint_grid_transaction,177,177,2,9,3,0.000,1.00,-3.059,False,None,0.000,False
253.952,4,en_route_pickup,4.291,0.712,0.000,3.500,joint_grid_transaction,177,177,2,9,13,0.000,1.00,1.474,False,None,0.000,False
253.952,5,en_route_pickup,4.240,-3.035,3.000,-1.500,joint_grid_transaction,177,177,2,9,22,0.000,1.00,3.012,False,None,0.000,False
253.952,6,en_route_delivery,-2.717,-2.065,6.000,-3.500,joint_grid_transaction,177,177,2,9,12,0.000,1.00,-0.011,False,None,0.000,False
253.952,7,en_route_pickup,-4.083,-1.942,-3.000,-1.500,joint_grid_transaction,177,177,2,8,10,0.000,1.00,-0.079,False,None,0.000,False
253.952,8,en_route_delivery,3.583,4.061,6.000,3.500,joint_grid_transaction,177,177,2,9,7,0.000,1.00,-0.033,False,None,0.000,False
256.000,1,en_route_delivery,4.678,3.317,3.000,1.500,joint_grid_transaction,177,177,3,9,9,0.000,1.00,-3.117,False,None,0.000,False
256.000,2,en_route_pickup,2.765,-2.572,6.000,-3.500,joint_grid_transaction,177,177,3,9,14,0.000,1.00,1.490,False,None,0.000,False
256.000,3,en_route_delivery,0.591,-2.555,0.000,-3.500,joint_grid_transaction,177,177,3,9,3,0.000,1.00,-3.057,False,None,0.000,False
256.000,4,en_route_pickup,4.311,0.947,0.000,3.500,joint_grid_transaction,177,177,3,9,13,0.000,1.00,1.489,False,None,0.000,False
256.000,5,en_route_pickup,3.886,-2.999,3.000,-1.500,joint_grid_transaction,177,177,4,9,22,0.000,1.00,3.048,False,None,0.000,False
256.000,6,en_route_delivery,-2.449,-2.062,6.000,-3.500,joint_grid_transaction,177,177,3,9,12,0.000,1.00,-0.018,False,None,0.000,False
256.000,7,en_route_pickup,-3.858,-1.935,-3.000,-1.500,joint_grid_transaction,177,177,3,8,10,0.000,1.00,-0.003,False,None,0.000,False
256.000,8,en_route_delivery,3.793,4.068,6.000,3.500,joint_grid_transaction,177,177,2,9,7,0.000,1.00,-0.025,False,None,0.000,False
258.048,1,en_route_delivery,4.426,3.294,3.000,1.500,joint_grid_transaction,178,178,3,9,9,0.000,0.70,-3.003,False,None,0.000,False
258.048,2,en_route_pickup,2.788,-2.286,6.000,-3.500,joint_grid_transaction,178,178,2,9,14,0.000,1.00,1.488,False,None,0.000,False
258.048,3,en_route_delivery,0.369,-2.564,0.000,-3.500,joint_grid_transaction,178,178,2,7,3,0.000,1.00,-3.131,False,None,0.000,False
258.048,4,en_route_pickup,4.314,1.178,0.000,3.500,joint_grid_transaction,178,178,2,9,13,0.000,1.00,1.575,False,None,0.000,False
258.048,5,en_route_pickup,3.687,-2.980,3.000,-1.500,joint_grid_transaction,178,178,2,8,22,0.000,1.00,3.044,False,None,0.000,False
258.048,6,en_route_delivery,-2.177,-2.041,6.000,-3.500,joint_grid_transaction,178,178,3,9,12,0.000,1.00,-0.125,False,None,0.000,False
258.048,7,en_route_pickup,-3.595,-1.937,-3.000,-1.500,joint_grid_transaction,178,178,2,6,10,0.000,1.00,-0.019,False,None,0.000,False
258.048,8,en_route_delivery,3.791,4.067,6.000,3.500,joint_grid_transaction,178,178,3,9,7,0.000,1.00,-0.160,False,joint_slot_deadline,259.012,False
260.096,1,en_route_delivery,4.108,3.258,3.000,1.500,joint_grid_transaction,178,178,4,9,9,0.000,1.00,-3.043,False,None,0.000,False
260.096,2,en_route_pickup,2.689,-2.141,6.000,-3.500,joint_grid_transaction,178,178,3,9,14,0.000,1.00,2.406,False,None,0.000,False
260.096,3,en_route_delivery,0.195,-2.584,0.000,-3.500,joint_grid_transaction,178,178,3,7,3,0.000,1.00,-2.665,False,None,0.000,False
260.096,4,en_route_pickup,4.303,1.471,0.000,3.500,joint_grid_transaction,178,178,3,9,13,0.000,1.00,1.640,False,None,0.000,False
260.096,5,en_route_pickup,3.422,-2.955,3.000,-1.500,joint_grid_transaction,178,178,3,8,22,0.000,1.00,3.046,False,None,0.000,False
260.096,6,en_route_delivery,-1.817,-2.003,6.000,-3.500,joint_grid_transaction,178,178,4,9,12,0.000,1.00,-0.098,False,None,0.000,False
260.096,7,en_route_delivery,-3.255,-1.965,-6.000,3.500,joint_grid_transaction,178,178,3,2,10,0.000,1.00,-0.124,False,None,0.000,False
260.096,8,en_route_delivery,3.839,4.103,6.000,3.500,joint_grid_transaction,178,178,4,9,7,0.000,0.70,-0.559,False,joint_slot_deadline,260.212,False
262.144,1,en_route_delivery,3.846,3.231,3.000,1.500,joint_grid_transaction,181,181,3,13,9,0.000,1.00,-3.041,False,None,0.000,False
262.144,2,en_route_pickup,2.570,-2.089,6.000,-3.500,joint_grid_transaction,181,181,3,13,14,0.000,1.00,2.746,False,None,0.000,False
262.144,3,en_route_delivery,0.149,-2.677,0.000,-3.500,joint_grid_transaction,181,181,3,6,3,0.000,1.00,-2.172,False,None,0.000,False
262.144,4,en_route_pickup,4.265,1.772,0.000,3.500,joint_grid_transaction,181,181,3,13,13,0.000,1.00,1.993,False,None,0.000,False
262.144,5,en_route_pickup,3.212,-2.939,3.000,-1.500,joint_grid_transaction,181,181,2,9,22,0.000,1.00,3.127,False,None,0.000,False
262.144,6,en_route_delivery,-1.595,-1.980,6.000,-3.500,joint_grid_transaction,181,181,2,12,12,0.000,1.00,-0.101,False,None,0.000,False
262.144,7,en_route_delivery,-3.385,-1.981,-6.000,3.500,joint_grid_transaction,181,181,1,12,10,0.000,1.00,-2.507,False,None,0.000,False
262.144,8,en_route_delivery,3.841,4.102,6.000,3.500,joint_grid_transaction,181,181,3,13,7,0.000,0.55,-0.536,False,joint_slot_deadline,262.484,False
264.192,1,en_route_delivery,3.578,3.205,3.000,1.500,joint_grid_transaction,182,182,2,11,9,0.000,1.00,-3.044,False,None,0.000,False
264.192,2,en_route_pickup,2.480,-1.954,6.000,-3.500,joint_grid_transaction,182,182,1,13,14,0.000,1.00,1.738,False,None,0.000,False
264.192,3,en_route_pickup,0.022,-3.030,-6.000,3.500,joint_grid_transaction,182,182,2,3,15,0.000,1.00,-1.714,False,None,0.000,False
264.192,4,en_route_pickup,4.174,1.867,0.000,3.500,joint_grid_transaction,182,182,2,13,13,0.000,1.00,2.373,False,joint_slot_deadline,264.292,False
264.192,5,en_route_pickup,3.158,-2.895,3.000,-1.500,joint_grid_transaction,182,182,2,8,22,0.000,1.00,2.504,False,joint_slot_deadline,264.292,False
264.192,6,en_route_delivery,-1.329,-1.954,6.000,-3.500,joint_grid_transaction,182,182,2,13,12,0.000,1.00,-0.098,False,None,0.000,False
264.192,7,en_route_delivery,-3.684,-2.011,-6.000,3.500,joint_grid_transaction,182,182,2,13,10,0.000,1.00,-3.066,False,None,0.000,False
264.192,8,en_route_delivery,3.865,4.092,6.000,3.500,joint_grid_transaction,182,182,2,13,7,264.524,0.40,-0.068,False,None,0.000,False
266.240,1,en_route_delivery,3.352,3.189,3.000,1.500,joint_grid_transaction,184,184,2,9,9,0.000,1.00,-3.081,False,None,0.000,False
266.240,2,en_route_pickup,2.403,-2.031,6.000,-3.500,joint_grid_transaction,184,184,2,9,14,0.000,1.00,2.773,False,None,0.000,False
266.240,3,en_route_pickup,-0.124,-3.015,-6.000,3.500,joint_grid_transaction,184,184,2,9,15,0.000,1.00,-2.997,False,None,0.000,False
266.240,4,en_route_pickup,4.092,1.894,0.000,3.500,joint_grid_transaction,184,184,2,8,13,0.000,1.00,2.679,False,None,0.000,False
266.240,5,en_route_pickup,3.148,-2.832,3.000,-1.500,joint_grid_transaction,184,184,3,8,22,0.000,1.00,2.180,False,None,0.000,False
266.240,6,en_route_delivery,-1.106,-1.939,6.000,-3.500,joint_grid_transaction,184,184,2,9,12,0.000,1.00,-0.060,False,None,0.000,False
266.240,7,en_route_delivery,-3.980,-2.034,-6.000,3.500,joint_grid_transaction,184,184,2,9,10,0.000,1.00,-3.063,False,None,0.000,False
266.240,8,en_route_delivery,3.906,3.946,6.000,3.500,joint_grid_transaction,184,184,1,8,7,0.000,1.00,-1.049,False,None,0.000,False
268.288,1,en_route_delivery,3.207,3.171,3.000,1.500,joint_grid_transaction,184,184,3,9,9,0.000,1.00,-2.699,False,None,0.000,False
268.288,2,en_route_pickup,2.205,-1.997,6.000,-3.500,joint_grid_transaction,184,184,4,9,14,0.000,1.00,3.069,False,joint_slot_deadline,268.196,False
268.288,3,en_route_pickup,-0.430,-3.036,-6.000,3.500,joint_grid_transaction,184,184,3,9,15,0.000,1.00,-3.074,False,None,0.000,False
268.288,4,en_route_pickup,3.877,2.065,0.000,3.500,joint_grid_transaction,184,184,3,8,13,0.000,1.00,2.261,False,None,0.000,False
268.288,5,en_route_pickup,3.023,-2.479,3.000,-1.500,joint_grid_transaction,184,184,4,8,22,0.000,1.00,1.711,False,None,0.000,False
268.288,6,en_route_delivery,-0.876,-1.935,6.000,-3.500,joint_grid_transaction,184,184,3,9,12,0.000,1.00,-0.028,False,None,0.000,False
268.288,7,en_route_delivery,-4.234,-2.055,-6.000,3.500,joint_grid_transaction,184,184,3,9,10,0.000,1.00,-3.061,False,None,0.000,False
268.288,8,en_route_delivery,3.989,3.590,6.000,3.500,joint_grid_transaction,184,184,3,8,7,0.000,1.00,-1.481,False,None,0.000,False
270.336,1,en_route_delivery,3.182,3.115,3.000,1.500,joint_grid_transaction,185,185,3,9,9,0.000,1.00,-2.300,False,None,0.000,False
270.336,2,en_route_pickup,2.122,-2.071,6.000,-3.500,joint_grid_transaction,185,185,3,9,14,0.000,0.85,-2.269,False,joint_slot_deadline,270.996,False
270.336,3,en_route_pickup,-0.689,-3.054,-6.000,3.500,joint_grid_transaction,185,185,2,9,15,0.000,1.00,-3.068,False,None,0.000,False
270.336,4,en_route_pickup,3.873,2.073,0.000,3.500,joint_grid_transaction,185,185,2,8,13,0.000,1.00,2.228,False,joint_slot_deadline,270.996,False
270.336,5,en_route_pickup,2.989,-2.139,3.000,-1.500,joint_grid_transaction,185,185,3,5,22,0.000,1.00,1.662,False,None,0.000,False
270.336,6,en_route_delivery,-0.620,-1.959,6.000,-3.500,joint_grid_transaction,185,185,2,8,12,0.000,1.00,-0.111,False,None,0.000,False
270.336,7,en_route_delivery,-4.461,-2.066,-6.000,3.500,joint_grid_transaction,185,185,2,9,10,0.000,1.00,-3.082,False,None,0.000,False
270.336,8,en_route_delivery,4.010,3.489,6.000,3.500,joint_grid_transaction,185,185,2,8,7,0.000,1.00,-1.058,False,None,0.000,False
272.384,1,en_route_delivery,3.081,2.952,3.000,1.500,joint_grid_transaction,186,186,1,10,9,0.000,1.00,-2.015,False,joint_slot_deadline,272.372,False
272.384,2,en_route_pickup,2.134,-2.088,6.000,-3.500,joint_grid_transaction,186,186,1,12,14,272.524,0.40,-2.103,False,None,0.000,False
272.384,3,en_route_pickup,-0.918,-3.064,-6.000,3.500,joint_grid_transaction,186,186,2,13,15,0.000,1.00,-3.092,False,None,0.000,False
272.384,4,en_route_pickup,3.840,2.041,0.000,3.500,joint_grid_transaction,186,186,1,13,13,0.000,0.55,2.548,False,None,0.000,False
272.384,5,en_route_delivery,3.044,-2.068,0.000,-3.500,joint_grid_transaction,186,186,1,13,22,0.000,1.00,0.571,False,None,0.000,False
272.384,6,en_route_delivery,-0.260,-1.997,6.000,-3.500,joint_grid_transaction,186,186,2,13,12,0.000,1.00,-0.099,False,None,0.000,False
272.384,7,en_route_delivery,-4.712,-2.061,-6.000,3.500,joint_grid_transaction,186,186,2,13,10,0.000,1.00,3.094,False,None,0.000,False
272.384,8,en_route_delivery,4.093,3.394,6.000,3.500,joint_grid_transaction,186,186,2,11,7,0.000,1.00,-0.731,False,joint_slot_deadline,272.372,False
274.432,1,en_route_delivery,3.039,2.799,3.000,1.500,joint_grid_transaction,187,187,1,2,9,0.000,1.00,-1.720,False,None,0.000,False
274.432,2,en_route_pickup,2.200,-2.043,6.000,-3.500,joint_grid_transaction,187,187,1,5,14,0.000,0.55,-0.574,False,None,0.000,False
274.432,3,en_route_pickup,-1.228,-3.082,-6.000,3.500,joint_grid_transaction,187,187,1,6,15,0.000,1.00,-3.076,False,None,0.000,False
274.432,4,en_route_pickup,3.759,2.067,0.000,3.500,joint_grid_transaction,187,187,1,7,13,0.000,0.55,2.577,False,None,0.000,False
274.432,5,en_route_delivery,3.058,-2.123,0.000,-3.500,joint_grid_transaction,187,187,1,4,22,0.000,1.00,1.388,False,None,0.000,False
274.432,6,en_route_delivery,0.036,-2.089,6.000,-3.500,joint_grid_transaction,187,187,1,3,12,0.000,1.00,-0.494,False,None,0.000,False
274.432,7,en_route_delivery,-4.772,-1.964,-6.000,3.500,joint_grid_transaction,187,187,1,2,10,0.000,1.00,2.014,False,None,0.000,False
274.432,8,en_route_delivery,4.397,3.316,6.000,3.500,joint_grid_transaction,187,187,1,3,7,0.000,1.00,-0.093,False,None,0.000,False
276.480,1,en_route_delivery,3.007,2.450,3.000,1.500,joint_grid_transaction,188,188,1,2,9,0.000,1.00,-1.655,False,None,0.000,False
276.480,2,en_route_pickup,2.267,-2.053,6.000,-3.500,_priority_yield_direct,189,188,1,4,14,0.000,0.45,-0.277,False,None,0.000,False
276.480,3,en_route_pickup,-1.592,-3.107,-6.000,3.500,joint_grid_transaction,188,188,1,5,15,0.000,1.00,-3.072,False,None,0.000,False
276.480,4,en_route_pickup,3.685,2.119,0.000,3.500,joint_grid_transaction,188,188,1,7,13,279.532,0.40,2.484,False,None,0.000,False
276.480,5,en_route_delivery,2.947,-2.051,0.000,-3.500,joint_grid_transaction,188,188,1,3,22,0.000,0.75,2.965,False,None,0.000,False
276.480,6,en_route_delivery,0.330,-2.329,6.000,-3.500,joint_grid_transaction,188,188,1,7,12,0.000,1.00,-0.777,False,None,0.000,False
276.480,7,en_route_delivery,-4.874,-1.598,-6.000,3.500,joint_grid_transaction,188,188,1,2,10,0.000,1.00,1.792,False,None,0.000,False
276.480,8,en_route_delivery,4.749,3.284,6.000,3.500,joint_grid_transaction,188,188,1,3,7,0.000,1.00,-0.091,False,None,0.000,False
278.528,1,en_route_delivery,2.979,2.124,3.000,1.500,joint_grid_transaction,188,188,1,2,9,0.000,1.00,-1.655,False,None,0.000,False
278.528,2,en_route_pickup,2.304,-2.062,6.000,-3.500,_priority_yield_direct,189,188,1,4,14,0.000,0.45,-0.213,True,None,0.000,True
278.528,3,en_route_pickup,-1.952,-3.133,-6.000,3.500,joint_grid_transaction,188,188,1,5,15,0.000,1.00,-3.069,False,None,0.000,False
278.528,4,en_route_pickup,3.685,2.119,0.000,3.500,joint_grid_transaction,188,188,1,7,13,279.532,0.40,2.484,False,None,0.000,False
278.528,5,en_route_delivery,2.852,-2.061,0.000,-3.500,joint_grid_transaction,188,188,1,3,22,0.000,0.75,3.058,True,None,0.000,True
278.528,6,en_route_delivery,0.612,-2.479,6.000,-3.500,joint_grid_transaction,188,188,3,7,12,0.000,1.00,-0.589,False,None,0.000,False
278.528,7,en_route_delivery,-4.957,-1.224,-6.000,3.500,joint_grid_transaction,188,188,1,2,10,0.000,1.00,1.788,False,None,0.000,False
278.528,8,en_route_delivery,5.091,3.253,6.000,3.500,joint_grid_transaction,188,188,1,3,7,0.000,1.00,-0.089,False,None,0.000,False
280.576,1,returning_to_charge,3.041,2.094,8.500,0.000,joint_grid_transaction,192,192,1,6,None,0.000,1.00,-0.364,False,None,0.000,False
280.576,2,en_route_pickup,2.304,-2.062,6.000,-3.500,joint_grid_transaction,192,192,0,4,14,0.000,0.45,-0.213,True,None,0.000,True
280.576,3,en_route_pickup,-2.242,-3.039,-6.000,3.500,joint_grid_transaction,192,192,1,4,15,0.000,1.00,2.700,False,None,0.000,False
280.576,4,en_route_pickup,3.682,2.143,0.000,3.500,joint_grid_transaction,192,192,1,4,13,281.532,0.40,2.350,False,None,0.000,False
280.576,5,en_route_delivery,2.852,-2.061,0.000,-3.500,joint_grid_transaction,192,192,0,3,22,0.000,0.75,3.058,True,None,0.000,True
280.576,6,en_route_delivery,0.843,-2.760,6.000,-3.500,joint_grid_transaction,192,192,1,9,12,0.000,1.00,-0.978,False,None,0.000,False
280.576,7,en_route_delivery,-5.095,-0.942,-6.000,3.500,joint_grid_transaction,192,192,1,3,10,0.000,1.00,2.263,False,None,0.000,False
280.576,8,en_route_delivery,5.293,3.256,6.000,3.500,joint_grid_transaction,192,192,1,2,7,0.000,1.00,-0.041,False,None,0.000,False
282.624,1,returning_to_charge,3.143,2.070,8.500,0.000,joint_grid_transaction,195,193,1,6,None,282.828,0.40,-0.144,True,None,0.000,True
282.624,2,en_route_pickup,2.304,-2.062,6.000,-3.500,joint_grid_transaction,195,193,0,4,14,282.828,0.40,-0.213,True,None,0.000,True
282.624,3,en_route_pickup,-2.584,-2.866,-6.000,3.500,joint_grid_transaction,195,193,1,4,15,0.000,1.00,2.666,False,None,0.000,False
282.624,4,en_route_pickup,3.686,2.148,0.000,3.500,joint_grid_transaction,195,193,1,7,13,282.828,0.65,2.311,True,None,0.000,True
282.624,5,en_route_delivery,2.852,-2.061,0.000,-3.500,joint_grid_transaction,195,193,0,4,22,282.828,0.65,3.058,True,None,0.000,True
282.624,6,en_route_delivery,1.123,-2.991,6.000,-3.500,joint_grid_transaction,195,193,2,8,12,0.000,1.00,-0.599,False,None,0.000,False
282.624,7,en_route_delivery,-5.173,-0.632,-6.000,3.500,joint_grid_transaction,195,193,1,2,10,0.000,1.00,1.783,False,None,0.000,False
282.624,8,en_route_pickup,5.605,3.332,-6.000,3.500,joint_grid_transaction,195,193,1,4,16,0.000,1.00,-0.367,False,None,0.000,False
284.672,1,returning_to_charge,3.143,2.070,8.500,0.000,joint_grid_transaction,196,196,0,6,None,284.828,0.40,-0.144,True,None,0.000,True
284.672,2,en_route_pickup,2.304,-2.062,6.000,-3.500,joint_grid_transaction,196,196,0,4,14,284.828,0.40,-0.213,True,None,0.000,True
284.672,3,en_route_pickup,-2.924,-2.691,-6.000,3.500,joint_grid_transaction,196,196,1,4,15,0.000,1.00,2.666,False,None,0.000,False
284.672,4,en_route_pickup,3.686,2.148,0.000,3.500,joint_grid_transaction,196,196,0,6,13,284.828,0.65,2.311,True,None,0.000,True
284.672,5,en_route_delivery,2.852,-2.061,0.000,-3.500,joint_grid_transaction,196,196,0,4,22,284.828,0.65,3.058,True,None,0.000,True
284.672,6,en_route_delivery,1.418,-3.014,6.000,-3.500,joint_grid_transaction,196,196,1,6,12,0.000,1.00,-0.076,False,None,0.000,False
284.672,7,en_route_delivery,-5.348,-0.330,-6.000,3.500,joint_grid_transaction,196,196,1,2,10,0.000,1.00,2.160,False,None,0.000,False
284.672,8,en_route_pickup,5.466,3.341,-6.000,3.500,joint_grid_transaction,196,196,1,10,16,0.000,1.00,-2.611,False,None,0.000,False
286.720,1,returning_to_charge,3.143,2.070,8.500,0.000,joint_grid_transaction,197,196,0,6,None,286.828,0.40,-0.144,True,None,0.000,True
286.720,2,en_route_pickup,2.304,-2.062,6.000,-3.500,joint_grid_transaction,197,196,0,8,14,286.828,0.40,-0.213,True,None,0.000,True
286.720,3,en_route_pickup,-3.265,-2.515,-6.000,3.500,joint_grid_transaction,197,196,1,4,15,0.000,1.00,2.666,False,None,0.000,False
286.720,4,en_route_pickup,3.686,2.148,0.000,3.500,joint_grid_transaction,197,196,0,6,13,286.828,0.65,2.311,True,None,0.000,True
286.720,5,en_route_delivery,2.852,-2.061,0.000,-3.500,joint_grid_transaction,197,196,0,4,22,286.828,0.65,3.058,True,None,0.000,True
286.720,6,en_route_delivery,1.749,-3.040,6.000,-3.500,joint_grid_transaction,197,196,1,3,12,0.000,1.00,-0.081,False,None,0.000,False
286.720,7,en_route_delivery,-5.562,-0.013,-6.000,3.500,joint_grid_transaction,197,196,1,2,10,0.000,1.00,2.167,False,None,0.000,False
286.720,8,en_route_pickup,5.272,3.352,-6.000,3.500,joint_grid_transaction,197,196,2,8,16,0.000,1.00,3.094,False,None,0.000,False
288.768,1,returning_to_charge,3.143,2.070,8.500,0.000,joint_grid_transaction,197,197,0,6,None,0.000,0.40,-0.144,True,None,0.000,True
288.768,2,en_route_pickup,2.268,-2.082,6.000,-3.500,_joint_stall_recovery,198,197,0,1,14,289.532,0.40,-0.689,False,None,0.000,False
288.768,3,en_route_pickup,-3.605,-2.340,-6.000,3.500,joint_grid_transaction,197,197,1,4,15,0.000,1.00,2.666,False,None,0.000,False
288.768,4,en_route_pickup,3.686,2.148,0.000,3.500,joint_grid_transaction,197,197,0,6,13,0.000,0.65,2.311,True,None,0.000,True
288.768,5,en_route_delivery,2.936,-2.136,0.000,-3.500,_joint_stall_recovery,199,197,0,1,22,0.000,1.00,1.871,False,None,0.000,False
288.768,6,en_route_delivery,2.029,-3.063,6.000,-3.500,joint_grid_transaction,197,197,1,3,12,0.000,0.60,-0.081,False,None,0.000,False
288.768,7,en_route_delivery,-5.778,0.304,-6.000,3.500,joint_grid_transaction,197,197,1,2,10,0.000,1.00,2.167,False,None,0.000,False
288.768,8,en_route_pickup,4.914,3.329,-6.000,3.500,joint_grid_transaction,197,197,1,8,16,0.000,1.00,3.075,False,None,0.000,False
290.816,1,returning_to_charge,3.143,2.070,8.500,0.000,joint_grid_transaction,197,197,0,6,None,0.000,0.40,-0.144,True,None,0.000,True
290.816,2,en_route_pickup,2.261,-2.089,6.000,-3.500,_joint_stall_recovery,198,197,0,1,14,291.532,0.40,-0.751,False,None,0.000,False
290.816,3,en_route_pickup,-3.946,-2.165,-6.000,3.500,joint_grid_transaction,197,197,1,4,15,0.000,1.00,2.666,False,None,0.000,False
290.816,4,en_route_pickup,3.686,2.148,0.000,3.500,joint_grid_transaction,197,197,0,6,13,0.000,0.65,2.311,True,None,0.000,True
290.816,5,en_route_delivery,2.918,-2.346,0.000,-3.500,_joint_stall_recovery,199,197,0,1,22,0.000,1.00,1.662,False,None,0.000,False
290.816,6,en_route_delivery,2.159,-3.073,6.000,-3.500,joint_grid_transaction,197,197,1,3,12,0.000,0.60,-0.081,False,None,0.000,False
290.816,7,en_route_delivery,-5.993,0.621,-6.000,3.500,joint_grid_transaction,197,197,1,2,10,0.000,1.00,2.167,False,None,0.000,False
290.816,8,en_route_pickup,4.560,3.305,-6.000,3.500,joint_grid_transaction,197,197,1,8,16,0.000,1.00,3.071,False,None,0.000,False
292.864,1,returning_to_charge,3.056,1.991,8.500,0.000,_joint_stall_recovery,202,197,0,1,None,0.000,0.60,-1.799,False,None,0.000,False
292.864,2,en_route_pickup,2.222,-2.144,6.000,-3.500,_joint_stall_recovery,198,197,0,1,14,0.000,0.45,-1.487,False,None,0.000,False
292.864,3,en_route_pickup,-4.286,-1.989,-6.000,3.500,joint_grid_transaction,197,197,1,4,15,0.000,1.00,2.666,False,None,0.000,False
292.864,4,en_route_pickup,3.713,2.190,0.000,3.500,_command_reverse,205,197,0,1,13,0.000,0.55,1.784,False,None,0.000,False
292.864,5,en_route_delivery,2.902,-2.538,0.000,-3.500,_joint_stall_recovery,199,197,0,1,22,0.000,0.75,1.632,False,None,0.000,False
292.864,6,en_route_delivery,2.288,-3.084,6.000,-3.500,joint_grid_transaction,197,197,1,3,12,0.000,0.60,-0.082,False,None,0.000,False
292.864,7,en_route_delivery,-6.208,0.937,-6.000,3.500,joint_grid_transaction,197,197,1,2,10,0.000,1.00,2.167,False,None,0.000,False
292.864,8,en_route_pickup,4.211,3.280,-6.000,3.500,joint_grid_transaction,197,197,1,8,16,0.000,1.00,3.068,False,None,0.000,False
294.912,1,returning_to_charge,2.843,2.006,8.500,0.000,_joint_stall_recovery,202,197,0,1,None,0.000,1.00,-2.890,False,None,0.000,False
294.912,2,en_route_pickup,2.213,-2.121,6.000,-3.500,_joint_stall_recovery,198,197,0,1,14,0.000,0.45,-2.093,False,None,0.000,False
294.912,3,en_route_pickup,-4.519,-1.815,-6.000,3.500,joint_grid_transaction,197,197,2,4,15,0.000,1.00,2.263,False,None,0.000,False
294.912,4,en_route_pickup,3.704,2.175,0.000,3.500,_command_reverse,205,197,0,1,13,0.000,1.00,2.068,False,None,0.000,False
294.912,5,en_route_delivery,2.901,-2.548,0.000,-3.500,_joint_stall_recovery,199,197,0,1,22,296.028,0.40,1.632,False,None,0.000,False
294.912,6,en_route_delivery,2.621,-3.113,6.000,-3.500,joint_grid_transaction,197,197,1,3,12,0.000,1.00,-0.087,False,None,0.000,False
294.912,7,en_route_delivery,-6.423,1.254,-6.000,3.500,joint_grid_transaction,197,197,1,2,10,0.000,1.00,2.167,False,None,0.000,False
294.912,8,en_route_pickup,3.869,3.254,-6.000,3.500,joint_grid_transaction,197,197,1,8,16,0.000,1.00,3.066,False,None,0.000,False
296.960,1,returning_to_charge,2.506,1.938,8.500,0.000,joint_grid_transaction,202,197,1,0,None,0.000,1.00,-2.959,False,None,0.000,False
296.960,2,en_route_pickup,2.193,-2.095,6.000,-3.500,_command_reverse,209,197,0,1,14,0.000,0.45,-2.338,False,None,0.000,False
296.960,3,en_route_pickup,-4.544,-1.514,-6.000,3.500,joint_grid_transaction,197,197,2,4,15,0.000,1.00,1.666,False,None,0.000,False
296.960,4,en_route_pickup,3.509,2.405,0.000,3.500,_command_reverse,205,197,0,1,13,298.028,0.40,2.348,False,None,0.000,False
296.960,5,en_route_delivery,2.901,-2.548,0.000,-3.500,_joint_stall_recovery,199,197,0,1,22,297.532,0.40,1.633,False,None,0.000,False
296.960,6,en_route_delivery,2.973,-3.143,6.000,-3.500,joint_grid_transaction,197,197,1,3,12,0.000,1.00,-0.086,False,None,0.000,False
296.960,7,en_route_delivery,-6.638,1.571,-6.000,3.500,joint_grid_transaction,197,197,1,2,10,0.000,1.00,2.167,False,None,0.000,False
296.960,8,en_route_pickup,3.536,3.228,-6.000,3.500,joint_grid_transaction,197,197,1,8,16,0.000,1.00,3.064,False,None,0.000,False
299.008,1,returning_to_charge,2.506,1.938,8.500,0.000,joint_grid_transaction,202,197,1,0,None,0.000,1.00,-2.959,False,None,0.000,False
299.008,2,en_route_pickup,2.220,-2.136,6.000,-3.500,_command_reverse,212,197,0,1,14,0.000,0.45,-1.886,False,None,0.000,False
299.008,3,en_route_pickup,-4.578,-1.154,-6.000,3.500,joint_grid_transaction,197,197,2,4,15,0.000,1.00,1.663,False,None,0.000,False
299.008,4,en_route_pickup,3.509,2.405,0.000,3.500,_command_reverse,205,197,0,1,13,299.532,0.40,2.348,False,None,0.000,False
299.008,5,en_route_delivery,2.901,-2.555,0.000,-3.500,_joint_stall_recovery,199,197,0,1,22,299.532,0.40,1.634,False,None,0.000,False
299.008,6,en_route_delivery,3.321,-3.173,6.000,-3.500,joint_grid_transaction,197,197,1,3,12,0.000,1.00,-0.085,False,None,0.000,False
299.008,7,en_route_delivery,-6.853,1.888,-6.000,3.500,joint_grid_transaction,197,197,1,2,10,0.000,1.00,2.167,False,None,0.000,False
299.008,8,en_route_pickup,3.212,3.203,-6.000,3.500,joint_grid_transaction,197,197,1,8,16,0.000,1.00,3.063,False,None,0.000,False
301.056,1,returning_to_charge,2.506,1.938,8.500,0.000,joint_grid_transaction,202,197,1,0,None,0.000,1.00,-2.959,False,None,0.000,False
301.056,2,en_route_pickup,2.222,-2.145,6.000,-3.500,_command_reverse,212,197,0,1,14,301.532,0.40,-1.552,False,None,0.000,False
301.056,3,en_route_pickup,-4.611,-0.796,-6.000,3.500,joint_grid_transaction,197,197,2,4,15,0.000,1.00,1.661,False,None,0.000,False
301.056,4,en_route_pickup,3.500,2.414,0.000,3.500,_command_reverse,205,197,0,1,13,301.532,0.40,2.349,False,None,0.000,False
301.056,5,en_route_delivery,2.898,-2.606,0.000,-3.500,_joint_stall_recovery,199,197,0,1,22,302.028,0.40,1.619,False,None,0.000,False
301.056,6,en_route_delivery,3.611,-3.198,6.000,-3.500,joint_grid_transaction,197,197,1,3,12,0.000,1.00,-0.088,False,None,0.000,False
301.056,7,en_route_delivery,-7.068,2.205,-6.000,3.500,joint_grid_transaction,197,197,1,2,10,0.000,1.00,2.167,False,None,0.000,False
301.056,8,en_route_pickup,2.904,3.178,-6.000,3.500,joint_grid_transaction,197,197,1,8,16,0.000,1.00,3.062,False,None,0.000,False
303.104,1,returning_to_charge,2.551,1.910,8.500,0.000,joint_grid_transaction,215,215,1,4,None,0.000,1.00,-2.384,False,None,0.000,False
303.104,2,en_route_pickup,2.254,-2.092,6.000,-3.500,joint_grid_transaction,215,215,1,5,14,304.028,0.40,-0.771,False,None,0.000,False
303.104,3,en_route_pickup,-4.642,-0.441,-6.000,3.500,joint_grid_transaction,215,215,1,2,15,0.000,1.00,1.659,False,None,0.000,False
303.104,4,en_route_pickup,3.417,2.482,0.000,3.500,joint_grid_transaction,215,215,1,4,13,304.028,0.40,2.426,False,None,0.000,False
303.104,5,en_route_delivery,2.891,-2.598,0.000,-3.500,joint_grid_transaction,215,215,1,4,22,0.000,1.00,2.046,False,None,0.000,False
303.104,6,en_route_delivery,3.892,-3.223,6.000,-3.500,joint_grid_transaction,215,215,1,3,12,0.000,0.60,-0.084,False,None,0.000,False
303.104,7,en_route_delivery,-7.215,2.472,-6.000,3.500,joint_grid_transaction,215,215,1,3,10,0.000,1.00,1.439,False,None,0.000,False
303.104,8,en_route_pickup,2.606,3.154,-6.000,3.500,joint_grid_transaction,215,215,1,4,16,0.000,1.00,3.058,False,None,0.000,False
305.152,1,returning_to_charge,2.602,1.881,8.500,0.000,_joint_stall_recovery,217,216,2,6,None,0.000,1.00,-1.008,False,None,0.000,False
305.152,2,en_route_pickup,2.219,-2.137,6.000,-3.500,joint_grid_transaction,216,216,1,9,14,315.024,0.40,-1.248,False,None,0.000,False
305.152,3,en_route_pickup,-4.688,-0.101,-6.000,3.500,joint_grid_transaction,216,216,2,3,15,0.000,1.00,1.743,False,None,0.000,False
305.152,4,en_route_pickup,3.459,2.533,0.000,3.500,joint_grid_transaction,216,216,1,9,13,0.000,1.00,1.890,False,None,0.000,False
305.152,5,en_route_delivery,2.671,-2.739,0.000,-3.500,joint_grid_transaction,216,216,2,9,22,0.000,1.00,2.913,False,None,0.000,False
305.152,6,en_route_delivery,4.021,-3.234,6.000,-3.500,joint_grid_transaction,216,216,1,9,12,0.000,0.60,-0.084,False,None,0.000,False
305.152,7,en_route_delivery,-6.987,2.462,-6.000,3.500,joint_grid_transaction,216,216,2,9,10,0.000,1.00,0.233,False,None,0.000,False
305.152,8,en_route_pickup,2.321,3.172,-6.000,3.500,joint_grid_transaction,216,216,2,9,16,0.000,1.00,-2.909,False,None,0.000,False
307.200,1,returning_to_charge,2.852,1.917,8.500,0.000,_joint_stall_recovery,217,216,2,6,None,0.000,1.00,-0.067,False,None,0.000,False
307.200,2,en_route_pickup,2.219,-2.137,6.000,-3.500,joint_grid_transaction,216,216,1,9,14,315.024,0.40,-1.248,False,None,0.000,False
307.200,3,en_route_pickup,-4.712,0.035,-6.000,3.500,joint_grid_transaction,216,216,2,3,15,0.000,1.00,1.744,False,joint_window_endpoint,307.540,False
307.200,4,en_route_pickup,3.309,2.790,0.000,3.500,joint_grid_transaction,216,216,3,9,13,0.000,1.00,1.994,False,None,0.000,False
307.200,5,en_route_delivery,2.338,-2.771,0.000,-3.500,joint_grid_transaction,216,216,3,9,22,0.000,1.00,3.065,False,None,0.000,False
307.200,6,en_route_delivery,4.147,-3.245,6.000,-3.500,joint_grid_transaction,216,216,2,9,12,0.000,0.60,-0.084,False,None,0.000,False
307.200,7,en_route_delivery,-6.645,2.505,-6.000,3.500,joint_grid_transaction,216,216,4,9,10,0.000,1.00,0.088,False,None,0.000,False
307.200,8,en_route_pickup,1.948,3.236,-6.000,3.500,joint_grid_transaction,216,216,3,9,16,0.000,1.00,-3.042,False,None,0.000,False
309.248,1,returning_to_charge,3.166,1.895,8.500,0.000,joint_grid_transaction,221,221,1,5,None,0.000,1.00,-0.070,False,None,0.000,False
309.248,2,en_route_pickup,2.220,-2.135,6.000,-3.500,joint_grid_transaction,221,221,1,3,14,315.024,0.40,-1.218,False,None,0.000,False
309.248,3,en_route_pickup,-4.712,0.037,-6.000,3.500,joint_grid_transaction,221,221,1,2,15,0.000,1.00,1.647,False,None,0.000,False
309.248,4,en_route_pickup,3.297,2.771,0.000,3.500,joint_grid_transaction,221,221,1,5,13,310.524,0.40,2.216,False,None,0.000,False
309.248,5,en_route_delivery,2.057,-2.794,0.000,-3.500,joint_grid_transaction,221,221,1,2,22,0.000,1.00,3.045,False,None,0.000,False
309.248,6,en_route_delivery,4.267,-3.255,6.000,-3.500,joint_grid_transaction,221,221,1,3,12,0.000,0.60,-0.084,False,None,0.000,False
309.248,7,en_route_delivery,-6.341,2.532,-6.000,3.500,joint_grid_transaction,221,221,1,3,10,0.000,1.00,0.103,False,None,0.000,False
309.248,8,en_route_pickup,1.623,3.268,-6.000,3.500,joint_grid_transaction,221,221,1,3,16,0.000,1.00,-3.042,False,None,0.000,False
311.296,1,returning_to_charge,3.439,1.876,8.500,0.000,joint_grid_transaction,222,222,2,13,None,0.000,1.00,-0.081,False,None,0.000,False
311.296,2,en_route_pickup,2.240,-2.103,6.000,-3.500,joint_grid_transaction,222,222,1,13,14,315.024,0.40,-0.856,False,None,0.000,False
311.296,3,en_route_pickup,-4.713,0.055,-6.000,3.500,joint_grid_transaction,222,222,1,2,15,0.000,1.00,1.630,False,joint_window_endpoint,311.700,False
311.296,4,en_route_pickup,3.213,2.733,0.000,3.500,joint_grid_transaction,222,222,1,13,13,0.000,1.00,2.860,False,None,0.000,False
311.296,5,en_route_delivery,1.729,-2.876,0.000,-3.500,joint_grid_transaction,222,222,1,11,22,0.000,1.00,3.061,False,None,0.000,False
311.296,6,en_route_delivery,4.385,-3.264,6.000,-3.500,joint_grid_transaction,222,222,1,8,12,0.000,0.60,-0.084,False,None,0.000,False
311.296,7,en_route_delivery,-5.996,2.593,-6.000,3.500,joint_grid_transaction,222,222,1,13,10,0.000,1.00,0.030,False,None,0.000,False
311.296,8,en_route_pickup,1.266,3.302,-6.000,3.500,joint_grid_transaction,222,222,1,12,16,0.000,1.00,-3.080,False,None,0.000,False
313.344,1,returning_to_charge,3.697,1.939,8.500,0.000,joint_grid_transaction,222,222,3,13,None,0.000,0.85,-0.215,False,None,0.000,False
313.344,2,en_route_pickup,2.275,-2.073,6.000,-3.500,joint_grid_transaction,222,222,1,13,14,315.024,0.40,-0.542,False,None,0.000,False
313.344,3,en_route_pickup,-4.713,0.055,-6.000,3.500,joint_grid_transaction,222,222,1,2,15,0.000,1.00,1.630,False,joint_window_endpoint,313.780,False
313.344,4,en_route_pickup,2.876,2.769,0.000,3.500,joint_grid_transaction,222,222,3,13,13,0.000,1.00,3.065,False,None,0.000,False
313.344,5,en_route_delivery,1.430,-2.793,0.000,-3.500,joint_grid_transaction,222,222,3,11,22,0.000,1.00,-2.942,False,None,0.000,False
313.344,6,en_route_delivery,4.647,-3.288,6.000,-3.500,joint_grid_transaction,222,222,2,8,12,0.000,1.00,-0.088,False,None,0.000,False
313.344,7,en_route_delivery,-5.667,2.536,-6.000,3.500,joint_grid_transaction,222,222,3,13,10,0.000,1.00,0.153,False,None,0.000,False
313.344,8,en_route_pickup,1.083,3.312,-6.000,3.500,joint_grid_transaction,222,222,2,12,16,0.000,1.00,-3.081,False,None,0.000,False
315.392,1,returning_to_charge,4.008,1.987,8.500,0.000,joint_grid_transaction,223,223,2,9,None,0.000,1.00,-0.096,False,None,0.000,False
315.392,2,en_route_pickup,2.416,-2.075,6.000,-3.500,joint_grid_transaction,223,223,2,0,14,0.000,1.00,-0.078,False,None,0.000,False
315.392,3,en_route_pickup,-4.872,-0.010,-6.000,3.500,_joint_stall_recovery,224,223,0,2,15,0.000,1.00,3.004,False,None,0.000,False
315.392,4,en_route_pickup,2.636,2.788,0.000,3.500,joint_grid_transaction,223,223,2,8,13,0.000,1.00,3.060,False,None,0.000,False
315.392,5,en_route_delivery,1.124,-2.754,0.000,-3.500,joint_grid_transaction,223,223,3,9,22,0.000,1.00,-3.037,False,None,0.000,False
315.392,6,en_route_delivery,4.862,-3.305,6.000,-3.500,joint_grid_transaction,223,223,2,7,12,0.000,1.00,-0.076,False,None,0.000,False
315.392,7,en_route_delivery,-5.376,2.503,-6.000,3.500,joint_grid_transaction,223,223,3,9,10,0.000,1.00,0.105,False,None,0.000,False
315.392,8,en_route_pickup,0.849,3.315,-6.000,3.500,joint_grid_transaction,223,223,2,9,16,0.000,1.00,3.121,False,None,0.000,False
317.440,1,returning_to_charge,4.329,2.018,8.500,0.000,joint_grid_transaction,223,223,4,9,None,0.000,1.00,-0.093,False,None,0.000,False
317.440,2,en_route_pickup,2.648,-2.066,6.000,-3.500,joint_grid_transaction,223,223,3,0,14,0.000,1.00,-0.098,False,None,0.000,False
317.440,3,en_route_pickup,-5.210,0.019,-6.000,3.500,_joint_stall_recovery,224,223,0,2,15,0.000,1.00,3.062,False,None,0.000,False
317.440,4,en_route_pickup,2.393,2.806,0.000,3.500,joint_grid_transaction,223,223,3,8,13,0.000,1.00,3.076,False,None,0.000,False
317.440,5,en_route_delivery,0.822,-2.723,0.000,-3.500,joint_grid_transaction,223,223,4,9,22,0.000,1.00,-3.042,False,None,0.000,False
317.440,6,en_route_delivery,5.078,-3.315,6.000,-3.500,joint_grid_transaction,223,223,3,7,12,0.000,1.00,-0.003,False,None,0.000,False
317.440,7,en_route_delivery,-5.077,2.472,-6.000,3.500,joint_grid_transaction,223,223,4,9,10,0.000,1.00,0.100,False,None,0.000,False
317.440,8,en_route_pickup,0.508,3.285,-6.000,3.500,joint_grid_transaction,223,223,3,9,16,0.000,1.00,3.018,False,None,0.000,False
319.488,1,returning_to_charge,4.603,2.043,8.500,0.000,joint_grid_transaction,227,227,2,9,None,0.000,1.00,-0.092,False,None,0.000,False
319.488,2,en_route_pickup,3.021,-2.016,6.000,-3.500,joint_grid_transaction,227,227,2,9,14,0.000,1.00,-0.101,False,None,0.000,False
319.488,3,en_route_pickup,-5.501,0.041,-6.000,3.500,joint_grid_transaction,227,227,2,9,15,0.000,1.00,3.064,False,None,0.000,False
319.488,4,en_route_pickup,2.173,2.815,0.000,3.500,joint_grid_transaction,227,227,2,9,13,0.000,1.00,-3.131,False,None,0.000,False
319.488,5,en_route_delivery,0.569,-2.698,0.000,-3.500,joint_grid_transaction,227,227,2,7,22,0.000,1.00,-3.046,False,None,0.000,False
319.488,6,en_route_delivery,5.359,-3.309,6.000,-3.500,joint_grid_transaction,227,227,2,5,12,0.000,1.00,-0.037,False,None,0.000,False
319.488,7,en_route_delivery,-4.826,2.447,-6.000,3.500,joint_grid_transaction,227,227,2,9,10,0.000,1.00,0.096,False,None,0.000,False
319.488,8,en_route_pickup,0.219,3.254,-6.000,3.500,joint_grid_transaction,227,227,1,8,16,0.000,1.00,3.046,False,joint_slot_deadline,319.780,False
321.536,1,returning_to_charge,4.825,2.059,8.500,0.000,joint_grid_transaction,228,228,2,9,None,0.000,1.00,-0.038,False,None,0.000,False
321.536,2,en_route_pickup,3.127,-2.044,6.000,-3.500,joint_grid_transaction,228,228,2,9,14,0.000,1.00,-0.800,False,None,0.000,False
321.536,3,en_route_pickup,-5.744,0.060,-6.000,3.500,joint_grid_transaction,228,228,2,9,15,0.000,1.00,3.074,False,None,0.000,False
321.536,4,en_route_pickup,2.098,2.743,0.000,3.500,joint_grid_transaction,228,228,1,8,13,0.000,1.00,-1.992,False,None,0.000,False
321.536,5,en_route_delivery,0.349,-2.686,0.000,-3.500,joint_grid_transaction,228,228,2,6,22,0.000,1.00,-3.085,False,None,0.000,False
321.536,6,en_route_pickup,5.460,-3.222,0.000,3.500,joint_grid_transaction,228,228,2,9,17,0.000,1.00,-1.211,False,None,0.000,False
321.536,7,en_route_delivery,-4.606,2.437,-6.000,3.500,joint_grid_transaction,228,228,2,9,10,0.000,1.00,0.035,False,None,0.000,False
321.536,8,en_route_pickup,-0.031,3.229,-6.000,3.500,joint_grid_transaction,228,228,2,9,16,0.000,1.00,3.046,False,None,0.000,False
323.584,1,returning_to_charge,5.041,2.068,8.500,0.000,joint_grid_transaction,228,228,2,9,None,0.000,1.00,-0.017,False,None,0.000,False
323.584,2,en_route_pickup,3.220,-2.341,6.000,-3.500,joint_grid_transaction,228,228,4,9,14,0.000,1.00,-1.404,False,None,0.000,False
323.584,3,en_route_pickup,-5.975,0.067,-6.000,3.500,joint_grid_transaction,228,228,3,9,15,0.000,1.00,3.090,False,None,0.000,False
323.584,4,en_route_pickup,2.270,2.770,0.000,3.500,joint_grid_transaction,228,228,1,8,13,0.000,1.00,-0.227,False,None,0.000,False
323.584,5,en_route_delivery,0.236,-2.694,0.000,-3.500,joint_grid_transaction,228,228,3,6,22,0.000,1.00,2.560,False,None,0.000,False
323.584,6,en_route_pickup,5.288,-3.263,0.000,3.500,joint_grid_transaction,228,228,2,9,17,0.000,1.00,-2.965,False,None,0.000,False
323.584,7,en_route_delivery,-4.374,2.435,-6.000,3.500,joint_grid_transaction,228,228,3,9,10,0.000,1.00,0.031,False,None,0.000,False
323.584,8,en_route_pickup,-0.266,3.206,-6.000,3.500,joint_grid_transaction,228,228,3,9,16,0.000,1.00,3.045,False,None,0.000,False
325.632,1,returning_to_charge,5.287,2.051,8.500,0.000,joint_grid_transaction,229,229,1,8,None,0.000,1.00,-0.113,False,joint_slot_deadline,325.716,False
325.632,2,en_route_pickup,3.318,-2.479,6.000,-3.500,joint_grid_transaction,229,229,2,9,14,0.000,1.00,-0.776,False,None,0.000,False
325.632,3,en_route_pickup,-6.244,0.055,-6.000,3.500,joint_grid_transaction,229,229,2,7,15,0.000,1.00,-3.043,False,None,0.000,False
325.632,4,en_route_pickup,2.531,2.742,0.000,3.500,joint_grid_transaction,229,229,1,8,13,0.000,1.00,-0.081,False,joint_slot_deadline,325.716,False
325.632,5,en_route_delivery,0.120,-2.818,0.000,-3.500,joint_grid_transaction,229,229,2,5,22,0.000,1.00,2.253,False,joint_slot_deadline,325.716,False
325.632,6,en_route_pickup,4.968,-3.233,0.000,3.500,joint_grid_transaction,229,229,2,9,17,0.000,1.00,-3.061,False,joint_slot_deadline,325.716,False
325.632,7,en_route_delivery,-4.177,2.514,-6.000,3.500,joint_grid_transaction,229,229,2,8,10,0.000,1.00,0.778,False,None,0.000,False
325.632,8,en_route_pickup,-0.492,3.187,-6.000,3.500,joint_grid_transaction,229,229,2,9,16,0.000,1.00,3.085,False,None,0.000,False
327.680,1,returning_to_charge,5.635,2.012,8.500,0.000,joint_grid_transaction,230,230,2,9,None,0.000,1.00,-0.099,False,None,0.000,False
327.680,2,en_route_pickup,3.434,-2.681,6.000,-3.500,joint_grid_transaction,230,230,2,9,14,0.000,1.00,-1.267,False,joint_slot_deadline,328.228,False
327.680,3,en_route_pickup,-6.613,0.013,-6.000,3.500,joint_grid_transaction,230,230,2,5,15,0.000,1.00,-3.042,False,None,0.000,False
327.680,4,en_route_pickup,2.784,2.720,0.000,3.500,joint_grid_transaction,230,230,2,7,13,0.000,1.00,-0.154,False,None,0.000,False
327.680,5,en_route_pickup,0.068,-2.988,6.000,3.500,joint_grid_transaction,230,230,2,9,18,0.000,1.00,0.945,False,None,0.000,False
327.680,6,en_route_pickup,4.707,-3.210,0.000,3.500,joint_grid_transaction,230,230,1,9,17,0.000,1.00,-3.054,False,None,0.000,False
327.680,7,en_route_delivery,-4.086,2.690,-6.000,3.500,joint_grid_transaction,230,230,0,4,10,0.000,1.00,2.155,False,None,0.000,False
327.680,8,en_route_pickup,-0.735,3.184,-6.000,3.500,joint_grid_transaction,230,230,2,9,16,0.000,1.00,3.134,False,None,0.000,False
329.728,1,returning_to_charge,5.954,1.981,8.500,0.000,joint_grid_transaction,230,230,3,9,None,0.000,1.00,-0.095,False,None,0.000,False
329.728,2,en_route_pickup,3.362,-2.841,6.000,-3.500,joint_grid_transaction,230,230,4,9,14,0.000,1.00,-2.014,False,None,0.000,False
329.728,3,en_route_pickup,-6.933,-0.018,-6.000,3.500,joint_grid_transaction,230,230,3,5,15,0.000,1.00,-3.046,False,None,0.000,False
329.728,4,en_route_pickup,2.902,2.915,0.000,3.500,joint_grid_transaction,230,230,3,7,13,0.000,1.00,-1.145,False,None,0.000,False
329.728,5,en_route_pickup,0.352,-2.994,6.000,3.500,joint_grid_transaction,230,230,3,9,18,0.000,1.00,0.085,False,None,0.000,False
329.728,6,en_route_pickup,4.476,-3.192,0.000,3.500,joint_grid_transaction,230,230,2,9,17,0.000,1.00,-3.099,False,None,0.000,False
329.728,7,en_route_delivery,-4.193,2.839,-6.000,3.500,joint_grid_transaction,230,230,3,4,10,0.000,1.00,1.916,False,None,0.000,False
329.728,8,en_route_pickup,-1.011,3.193,-6.000,3.500,joint_grid_transaction,230,230,3,9,16,0.000,1.00,-3.083,False,None,0.000,False
331.776,1,returning_to_charge,6.223,1.955,8.500,0.000,joint_grid_transaction,231,231,1,9,None,0.000,1.00,-0.093,False,None,0.000,False
331.776,2,en_route_pickup,3.305,-3.060,6.000,-3.500,joint_grid_transaction,231,231,2,9,14,0.000,1.00,-1.320,False,None,0.000,False
331.776,3,en_route_pickup,-7.099,0.057,-6.000,3.500,joint_grid_transaction,231,231,2,3,15,0.000,1.00,2.371,False,None,0.000,False
331.776,4,en_route_pickup,2.987,3.281,0.000,3.500,joint_grid_transaction,231,231,1,4,13,0.000,1.00,-1.473,False,None,0.000,False
331.776,5,en_route_pickup,0.672,-3.021,6.000,3.500,joint_grid_transaction,231,231,2,9,18,0.000,1.00,0.079,False,None,0.000,False
331.776,6,en_route_pickup,4.383,-3.076,0.000,3.500,joint_grid_transaction,231,231,2,9,17,0.000,1.00,-2.237,False,joint_slot_deadline,332.772,False
331.776,7,en_route_delivery,-4.237,3.023,-6.000,3.500,joint_grid_transaction,231,231,1,6,10,0.000,1.00,1.940,False,None,0.000,False
331.776,8,en_route_pickup,-1.379,3.232,-6.000,3.500,joint_grid_transaction,231,231,2,9,16,0.000,1.00,-3.041,False,None,0.000,False
333.824,1,returning_to_charge,6.455,1.937,8.500,0.000,joint_grid_transaction,231,231,2,9,None,0.000,1.00,-0.076,False,None,0.000,False
333.824,2,en_route_pickup,3.183,-3.133,6.000,-3.500,joint_grid_transaction,231,231,3,9,14,0.000,1.00,-2.462,False,joint_slot_deadline,333.972,False
333.824,3,en_route_pickup,-7.118,0.076,-6.000,3.500,joint_grid_transaction,231,231,2,3,15,0.000,1.00,2.335,False,joint_window_endpoint,334.260,False
333.824,4,en_route_pickup,3.018,3.603,0.000,3.500,joint_grid_transaction,231,231,3,4,13,0.000,1.00,-1.478,False,None,0.000,False
333.824,5,en_route_pickup,0.923,-3.041,6.000,3.500,joint_grid_transaction,231,231,3,9,18,0.000,1.00,0.084,False,None,0.000,False
333.824,6,en_route_pickup,4.315,-2.960,0.000,3.500,joint_grid_transaction,231,231,3,9,17,0.000,1.00,-1.981,False,joint_slot_deadline,333.972,False
333.824,7,en_route_delivery,-4.239,2.885,-6.000,3.500,joint_grid_transaction,231,231,2,6,10,0.000,1.00,-2.052,False,None,0.000,False
333.824,8,en_route_pickup,-1.687,3.264,-6.000,3.500,joint_grid_transaction,231,231,3,9,16,0.000,1.00,-3.039,False,None,0.000,False
335.872,1,returning_to_charge,6.693,1.936,8.500,0.000,joint_grid_transaction,232,232,2,9,None,0.000,1.00,-0.014,False,None,0.000,False
335.872,2,en_route_pickup,3.302,-3.165,6.000,-3.500,joint_grid_transaction,232,232,2,9,14,0.000,1.00,-0.615,False,None,0.000,False
335.872,3,en_route_pickup,-7.119,0.076,-6.000,3.500,joint_grid_transaction,232,232,1,2,15,0.000,1.00,2.335,False,joint_window_endpoint,336.340,False
335.872,4,en_route_pickup,3.034,3.783,0.000,3.500,joint_grid_transaction,232,232,1,2,13,0.000,1.00,-1.480,False,joint_window_endpoint,336.340,False
335.872,5,en_route_pickup,1.164,-3.060,6.000,3.500,joint_grid_transaction,232,232,2,9,18,0.000,1.00,0.072,False,None,0.000,False
335.872,6,en_route_pickup,4.256,-2.662,0.000,3.500,joint_grid_transaction,232,232,3,9,17,0.000,1.00,-1.678,False,None,0.000,False
335.872,7,en_route_delivery,-4.265,2.663,-6.000,3.500,joint_grid_transaction,232,232,2,8,10,0.000,1.00,-1.643,False,None,0.000,False
335.872,8,en_route_pickup,-1.961,3.291,-6.000,3.500,joint_grid_transaction,232,232,2,9,16,0.000,1.00,-3.044,False,None,0.000,False
337.920,1,returning_to_charge,7.023,1.962,8.500,0.000,joint_grid_transaction,233,233,2,9,None,0.000,1.00,-0.138,False,None,0.000,False
337.920,2,en_route_pickup,3.532,-3.225,6.000,-3.500,joint_grid_transaction,233,233,1,8,14,0.000,1.00,-0.167,False,joint_slot_deadline,338.212,False
337.920,3,en_route_pickup,-7.120,0.077,-6.000,3.500,joint_grid_transaction,233,233,1,2,15,0.000,1.00,2.336,False,joint_slot_deadline,338.212,False
337.920,4,en_route_pickup,3.034,3.784,0.000,3.500,joint_grid_transaction,233,233,1,2,13,0.000,1.00,-1.479,False,joint_window_endpoint,338.260,False
337.920,5,en_route_pickup,1.393,-3.064,6.000,3.500,joint_grid_transaction,233,233,2,9,18,0.000,1.00,0.017,False,None,0.000,False
337.920,6,en_route_pickup,4.224,-2.359,0.000,3.500,joint_grid_transaction,233,233,2,9,17,0.000,1.00,-1.672,False,None,0.000,False
337.920,7,en_route_delivery,-4.287,2.371,-6.000,3.500,joint_grid_transaction,233,233,2,7,10,0.000,1.00,-1.648,False,None,0.000,False
337.920,8,en_route_pickup,-2.196,3.310,-6.000,3.500,joint_grid_transaction,233,233,2,9,16,0.000,1.00,-3.066,False,None,0.000,False
339.968,1,returning_to_charge,7.307,1.996,8.500,0.000,joint_grid_transaction,234,234,3,9,None,0.000,1.00,-0.107,False,None,0.000,False
339.968,2,en_route_pickup,3.806,-3.255,6.000,-3.500,joint_grid_transaction,234,234,3,9,14,0.000,1.00,-0.093,False,None,0.000,False
339.968,3,en_route_pickup,-7.120,0.078,-6.000,3.500,joint_grid_transaction,234,234,1,2,15,0.000,1.00,2.336,False,joint_window_endpoint,340.340,False
339.968,4,en_route_pickup,3.035,3.785,0.000,3.500,joint_grid_transaction,234,234,1,2,13,0.000,1.00,-1.478,False,joint_window_endpoint,340.340,False
339.968,5,en_route_pickup,1.729,-3.037,6.000,3.500,joint_grid_transaction,234,234,2,9,18,0.000,1.00,0.122,False,None,0.000,False
339.968,6,en_route_pickup,4.199,-2.105,0.000,3.500,joint_grid_transaction,234,234,2,9,17,0.000,1.00,-1.670,False,None,0.000,False
339.968,7,en_route_delivery,-4.306,2.120,-6.000,3.500,joint_grid_transaction,234,234,2,6,10,0.000,1.00,-1.646,False,None,0.000,False
339.968,8,en_route_pickup,-2.428,3.315,-6.000,3.500,joint_grid_transaction,234,234,2,9,16,0.000,1.00,-3.136,False,None,0.000,False
342.016,1,returning_to_charge,7.516,2.012,8.500,0.000,joint_grid_transaction,234,234,4,9,None,0.000,1.00,-0.480,False,None,0.000,False
342.016,2,en_route_pickup,4.100,-3.282,6.000,-3.500,joint_grid_transaction,234,234,4,9,14,0.000,1.00,-0.092,False,None,0.000,False
342.016,3,en_route_pickup,-7.093,0.200,-6.000,3.500,_joint_stall_recovery,236,234,3,7,15,0.000,1.00,1.612,False,None,0.000,False
342.016,4,en_route_pickup,3.035,3.785,0.000,3.500,joint_grid_transaction,234,234,1,2,13,0.000,1.00,-1.478,False,joint_window_endpoint,342.420,False
342.016,5,en_route_pickup,2.084,-3.000,6.000,3.500,joint_grid_transaction,234,234,4,9,18,0.000,1.00,0.094,False,None,0.000,False
342.016,6,en_route_pickup,4.187,-1.890,0.000,3.500,joint_grid_transaction,234,234,3,9,17,0.000,1.00,-1.595,False,None,0.000,False
342.016,7,en_route_delivery,-4.314,1.900,-6.000,3.500,joint_grid_transaction,234,234,3,6,10,0.000,1.00,-1.565,False,None,0.000,False
342.016,8,en_route_pickup,-2.689,3.314,-6.000,3.500,joint_grid_transaction,234,234,3,9,16,0.000,1.00,3.129,False,None,0.000,False
344.064,1,returning_to_charge,7.679,1.763,8.500,0.000,joint_grid_transaction,234,234,5,9,None,0.000,1.00,-1.223,False,None,0.000,False
344.064,2,en_route_pickup,4.347,-3.303,6.000,-3.500,joint_grid_transaction,234,234,5,9,14,0.000,1.00,-0.077,False,None,0.000,False
344.064,3,en_route_pickup,-7.102,0.410,-6.000,3.500,_joint_stall_recovery,236,234,3,7,15,0.000,1.00,1.578,False,None,0.000,False
344.064,4,en_route_pickup,3.027,3.765,0.000,3.500,_joint_stall_recovery,256,234,1,6,13,0.000,1.00,-2.061,False,None,0.000,False
344.064,5,en_route_pickup,2.387,-2.972,6.000,3.500,joint_grid_transaction,234,234,5,9,18,0.000,1.00,0.092,False,None,0.000,False
344.064,6,en_route_pickup,4.184,-1.660,0.000,3.500,joint_grid_transaction,234,234,4,9,17,0.000,1.00,-1.547,False,None,0.000,False
344.064,7,en_route_delivery,-4.302,1.598,-6.000,3.500,joint_grid_transaction,234,234,4,6,10,0.000,1.00,-1.493,False,None,0.000,False
344.064,8,en_route_pickup,-3.016,3.290,-6.000,3.500,joint_grid_transaction,234,234,4,9,16,0.000,1.00,3.007,False,None,0.000,False
346.112,1,returning_to_charge,7.743,1.398,8.500,0.000,joint_grid_transaction,234,234,7,9,None,0.000,1.00,-1.475,False,None,0.000,False
346.112,2,en_route_pickup,4.562,-3.315,6.000,-3.500,joint_grid_transaction,234,234,6,9,14,0.000,1.00,-0.002,False,None,0.000,False
346.112,3,en_route_pickup,-6.951,0.653,-6.000,3.500,_joint_stall_recovery,236,234,4,7,15,0.000,1.00,0.942,False,None,0.000,False
346.112,4,en_route_pickup,2.833,3.689,0.000,3.500,_joint_stall_recovery,256,234,2,6,13,0.000,1.00,2.760,False,None,0.000,False
346.112,5,en_route_pickup,2.643,-2.948,6.000,3.500,joint_grid_transaction,234,234,6,9,18,0.000,1.00,0.092,False,None,0.000,False
346.112,6,en_route_pickup,4.215,-1.315,0.000,3.500,joint_grid_transaction,234,234,5,9,17,0.000,1.00,-1.460,False,None,0.000,False
346.112,7,en_route_delivery,-4.261,1.228,-6.000,3.500,joint_grid_transaction,234,234,5,6,10,0.000,1.00,-1.473,False,None,0.000,False
346.112,8,en_route_pickup,-3.375,3.252,-6.000,3.500,joint_grid_transaction,234,234,6,9,16,0.000,1.00,3.046,False,None,0.000,False
348.160,1,returning_to_charge,7.773,1.086,8.500,0.000,joint_grid_transaction,259,259,2,9,None,0.000,1.00,-1.478,False,None,0.000,False
348.160,2,en_route_pickup,4.789,-3.311,6.000,-3.500,joint_grid_transaction,259,259,1,7,14,0.000,1.00,-0.022,False,joint_slot_deadline,348.292,False
348.160,3,en_route_pickup,-6.881,0.792,-6.000,3.500,joint_grid_transaction,259,259,1,4,15,0.000,1.00,2.304,False,None,0.000,False
348.160,4,en_route_pickup,2.728,3.536,0.000,3.500,joint_grid_transaction,259,259,1,3,13,0.000,1.00,1.387,False,None,0.000,False
348.160,5,en_route_pickup,2.861,-2.937,6.000,3.500,joint_grid_transaction,259,259,2,9,18,0.000,1.00,0.022,False,None,0.000,False
348.160,6,en_route_pickup,4.251,-0.968,0.000,3.500,joint_grid_transaction,259,259,2,9,17,0.000,1.00,-1.473,False,None,0.000,False
348.160,7,en_route_delivery,-4.318,1.291,-6.000,3.500,joint_grid_transaction,259,259,2,7,10,0.000,1.00,-2.604,False,None,0.000,False
348.160,8,en_route_pickup,-3.679,3.223,-6.000,3.500,joint_grid_transaction,259,259,2,9,16,0.000,1.00,3.049,False,None,0.000,False
350.208,1,returning_to_charge,7.797,0.821,8.500,0.000,joint_grid_transaction,260,260,2,8,None,0.000,1.00,-1.484,False,None,0.000,False
350.208,2,en_route_pickup,5.112,-3.284,6.000,-3.500,joint_grid_transaction,260,260,2,6,14,0.000,1.00,-0.109,False,None,0.000,False
350.208,3,en_route_pickup,-7.021,0.752,-6.000,3.500,joint_grid_transaction,260,260,2,4,15,0.000,1.00,-2.575,False,None,0.000,False
350.208,4,en_route_pickup,2.835,3.623,0.000,3.500,joint_grid_transaction,260,260,2,7,13,0.000,1.00,0.006,False,None,0.000,False
350.208,5,en_route_pickup,3.094,-2.934,6.000,3.500,joint_grid_transaction,260,260,2,9,18,0.000,1.00,0.023,False,None,0.000,False
350.208,6,en_route_pickup,4.279,-0.700,0.000,3.500,joint_grid_transaction,260,260,2,9,17,0.000,1.00,-1.470,False,None,0.000,False
350.208,7,en_route_delivery,-4.526,1.236,-6.000,3.500,joint_grid_transaction,260,260,2,6,10,0.000,1.00,-2.583,False,None,0.000,False
350.208,8,en_route_pickup,-3.938,3.200,-6.000,3.500,joint_grid_transaction,260,260,2,9,16,0.000,1.00,3.058,False,None,0.000,False
352.256,1,returning_to_charge,7.812,0.591,8.500,0.000,joint_grid_transaction,260,260,3,8,None,0.000,1.00,-1.510,False,None,0.000,False
352.256,2,en_route_delivery,5.463,-3.249,0.000,-3.500,joint_grid_transaction,260,260,3,2,14,0.000,1.00,-0.097,False,None,0.000,False
352.256,3,en_route_pickup,-7.183,0.492,-6.000,3.500,joint_grid_transaction,260,260,3,4,15,0.000,1.00,-1.910,False,None,0.000,False
352.256,4,en_route_pickup,3.084,3.586,0.000,3.500,joint_grid_transaction,260,260,3,7,13,0.000,1.00,0.204,False,None,0.000,False
352.256,5,en_route_pickup,3.438,-2.965,6.000,3.500,joint_grid_transaction,260,260,3,9,18,0.000,1.00,0.111,False,None,0.000,False
352.256,6,en_route_pickup,4.301,-0.462,0.000,3.500,joint_grid_transaction,260,260,2,9,17,0.000,1.00,-1.505,False,None,0.000,False
352.256,7,en_route_delivery,-4.677,0.992,-6.000,3.500,joint_grid_transaction,260,260,3,6,10,0.000,1.00,-1.936,False,None,0.000,False
352.256,8,en_route_pickup,-4.164,3.187,-6.000,3.500,joint_grid_transaction,260,260,3,9,16,0.000,1.00,3.083,False,None,0.000,False
354.304,1,returning_to_charge,7.814,0.357,8.500,0.000,joint_grid_transaction,261,261,2,6,None,0.000,1.00,-1.603,False,None,0.000,False
354.304,2,en_route_delivery,5.482,-3.119,0.000,-3.500,joint_grid_transaction,261,261,2,9,14,0.000,1.00,-1.325,False,None,0.000,False
354.304,3,en_route_pickup,-7.338,0.507,-6.000,3.500,joint_grid_transaction,261,261,2,9,15,0.000,1.00,-2.936,False,None,0.000,False
354.304,4,en_route_pickup,3.287,3.546,0.000,3.500,joint_grid_transaction,261,261,3,6,13,0.000,1.00,0.242,False,None,0.000,False
354.304,5,en_route_pickup,3.790,-3.002,6.000,3.500,joint_grid_transaction,261,261,2,9,18,0.000,1.00,0.098,False,None,0.000,False
354.304,6,en_route_pickup,4.315,-0.231,0.000,3.500,joint_grid_transaction,261,261,2,9,17,0.000,1.00,-1.545,False,None,0.000,False
354.304,7,en_route_delivery,-4.740,0.668,-6.000,3.500,joint_grid_transaction,261,261,3,4,10,0.000,1.00,-1.681,False,None,0.000,False
354.304,8,en_route_pickup,-4.401,3.186,-6.000,3.500,joint_grid_transaction,261,261,2,9,16,0.000,1.00,-3.102,False,None,0.000,False
356.352,1,returning_to_charge,7.855,0.160,8.500,0.000,joint_grid_transaction,261,261,4,6,None,0.000,1.00,-0.851,False,None,0.000,False
356.352,2,en_route_delivery,5.517,-2.781,0.000,-3.500,joint_grid_transaction,261,261,3,9,14,0.000,1.00,-1.492,False,None,0.000,False
356.352,3,en_route_pickup,-7.551,0.526,-6.000,3.500,joint_grid_transaction,261,261,3,9,15,0.000,1.00,2.486,False,None,0.000,False
356.352,4,en_route_pickup,3.395,3.731,0.000,3.500,joint_grid_transaction,261,261,4,6,13,0.000,1.00,1.101,False,None,0.000,False
356.352,5,en_route_pickup,4.086,-3.030,6.000,3.500,joint_grid_transaction,261,261,4,9,18,0.000,1.00,0.095,False,None,0.000,False
356.352,6,en_route_pickup,4.307,0.042,0.000,3.500,joint_grid_transaction,261,261,3,9,17,0.000,1.00,-1.619,False,None,0.000,False
356.352,7,en_route_delivery,-4.762,0.469,-6.000,3.500,joint_grid_transaction,261,261,3,4,10,0.000,1.00,-1.676,False,joint_window_endpoint,356.820,False
356.352,8,en_route_pickup,-4.759,3.224,-6.000,3.500,joint_grid_transaction,261,261,3,9,16,0.000,1.00,-3.032,False,None,0.000,False
358.400,1,returning_to_charge,7.946,0.123,8.500,0.000,joint_grid_transaction,263,263,3,5,None,0.000,1.00,-0.523,False,None,0.000,False
358.400,2,en_route_delivery,5.538,-2.513,0.000,-3.500,joint_grid_transaction,263,263,2,9,14,0.000,1.00,-1.498,False,None,0.000,False
358.400,3,en_route_pickup,-7.625,0.638,-6.000,3.500,joint_grid_transaction,263,263,3,7,15,0.000,1.00,2.099,False,None,0.000,False
358.400,4,en_route_pickup,3.458,3.895,0.000,3.500,joint_grid_transaction,263,263,2,3,13,0.000,1.00,1.343,False,None,0.000,False
358.400,5,en_route_pickup,4.333,-3.052,6.000,3.500,joint_grid_transaction,263,263,3,9,18,0.000,1.00,0.083,False,None,0.000,False
358.400,6,en_route_pickup,4.269,0.390,0.000,3.500,joint_grid_transaction,263,263,3,9,17,0.000,1.00,-1.669,False,None,0.000,False
358.400,7,en_route_delivery,-4.762,0.469,-6.000,3.500,joint_grid_transaction,263,263,1,2,10,0.000,1.00,-1.677,False,joint_window_endpoint,358.740,False
358.400,8,en_route_pickup,-5.100,3.258,-6.000,3.500,joint_grid_transaction,263,263,3,7,16,0.000,1.00,-3.046,False,None,0.000,False
360.448,1,charging,8.283,0.019,8.500,0.000,joint_grid_transaction,264,264,3,3,None,0.000,1.00,-0.127,False,None,0.000,False
360.448,2,en_route_delivery,5.428,-2.375,0.000,-3.500,joint_grid_transaction,264,264,2,9,14,0.000,1.00,-2.374,False,None,0.000,False
360.448,3,en_route_pickup,-7.691,0.790,-6.000,3.500,joint_grid_transaction,264,264,1,2,15,0.000,1.00,1.902,False,joint_window_endpoint,360.820,False
360.448,4,en_route_pickup,3.408,3.950,0.000,3.500,joint_grid_transaction,264,264,2,9,13,0.000,1.00,2.730,False,None,0.000,False
360.448,5,en_route_pickup,4.520,-3.066,6.000,3.500,joint_grid_transaction,264,264,1,8,18,0.000,0.85,0.019,False,None,0.000,False
360.448,6,en_route_pickup,4.238,0.724,0.000,3.500,joint_grid_transaction,264,264,2,9,17,0.000,1.00,-1.662,False,None,0.000,False
360.448,7,en_route_delivery,-4.762,0.468,-6.000,3.500,joint_grid_transaction,264,264,1,2,10,0.000,1.00,-1.678,False,joint_window_endpoint,360.820,False
360.448,8,en_route_pickup,-5.301,3.277,-6.000,3.500,joint_grid_transaction,264,264,2,5,16,0.000,1.00,-3.043,False,None,0.000,False
362.496,1,charging,8.283,0.019,8.500,0.000,joint_grid_transaction,264,264,3,3,None,0.000,1.00,-0.127,False,None,0.000,False
362.496,2,en_route_delivery,5.294,-2.196,0.000,-3.500,joint_grid_transaction,266,266,2,9,14,0.000,1.00,-2.325,False,None,0.000,False
362.496,3,en_route_pickup,-7.685,0.792,-6.000,3.500,joint_grid_transaction,266,266,2,9,15,0.000,1.00,1.267,False,None,0.000,False
362.496,4,en_route_pickup,3.056,4.007,0.000,3.500,joint_grid_transaction,266,266,2,9,13,0.000,1.00,3.058,False,None,0.000,False
362.496,5,en_route_pickup,4.711,-3.061,6.000,3.500,joint_grid_transaction,266,266,1,9,18,0.000,0.70,0.039,False,None,0.000,False
362.496,6,en_route_pickup,4.212,1.006,0.000,3.500,joint_grid_transaction,266,266,1,9,17,0.000,1.00,-1.660,False,None,0.000,False
362.496,7,en_route_delivery,-4.763,0.467,-6.000,3.500,joint_grid_transaction,266,266,1,2,10,0.000,1.00,-1.679,False,joint_window_endpoint,362.900,False
362.496,8,en_route_delivery,-5.488,3.289,3.000,1.500,joint_grid_transaction,266,266,1,9,16,0.000,1.00,2.649,False,None,0.000,False
364.544,1,en_route_pickup,8.283,0.019,1.000,-1.500,joint_grid_transaction,264,264,3,3,19,0.000,1.00,-0.127,False,None,0.000,False
364.544,2,en_route_delivery,4.991,-2.042,0.000,-3.500,joint_grid_transaction,266,266,3,9,14,0.000,1.00,-2.909,False,None,0.000,False
364.544,3,en_route_pickup,-7.441,0.753,-6.000,3.500,joint_grid_transaction,266,266,3,9,15,0.000,1.00,0.078,False,None,0.000,False
364.544,4,en_route_pickup,2.790,4.030,0.000,3.500,joint_grid_transaction,266,266,3,9,13,0.000,1.00,3.053,False,None,0.000,False
364.544,5,en_route_pickup,5.065,-3.024,6.000,3.500,joint_grid_transaction,266,266,3,9,18,0.000,1.00,0.110,False,None,0.000,False
364.544,6,en_route_pickup,4.191,1.244,0.000,3.500,joint_grid_transaction,266,266,2,9,17,0.000,1.00,-1.645,False,None,0.000,False
364.544,7,en_route_delivery,-4.835,0.550,-6.000,3.500,_joint_stall_recovery,267,266,1,5,10,0.000,1.00,-2.796,False,None,0.000,False
364.544,8,en_route_delivery,-5.357,3.293,3.000,1.500,joint_grid_transaction,266,266,2,9,16,0.000,1.00,0.460,False,None,0.000,False
366.592,1,en_route_pickup,8.283,0.019,1.000,-1.500,joint_grid_transaction,264,264,3,3,19,0.000,1.00,-0.127,False,None,0.000,False
366.592,2,en_route_delivery,4.634,-1.998,0.000,-3.500,joint_grid_transaction,266,266,5,9,14,0.000,1.00,-3.050,False,None,0.000,False
366.592,3,en_route_pickup,-7.130,0.777,-6.000,3.500,joint_grid_transaction,266,266,4,9,15,0.000,1.00,0.079,False,None,0.000,False
366.592,4,en_route_pickup,2.535,4.053,0.000,3.500,joint_grid_transaction,266,266,4,9,13,0.000,1.00,3.053,False,None,0.000,False
366.592,5,en_route_pickup,5.404,-2.991,6.000,3.500,joint_grid_transaction,266,266,4,9,18,0.000,1.00,0.095,False,None,0.000,False
366.592,6,en_route_pickup,4.184,1.474,0.000,3.500,joint_grid_transaction,266,266,3,9,17,0.000,1.00,-1.624,False,None,0.000,False
366.592,7,en_route_delivery,-4.781,0.683,-6.000,3.500,_joint_stall_recovery,267,266,2,5,10,0.000,1.00,1.946,False,None,0.000,False
366.592,8,en_route_delivery,-5.021,3.240,3.000,1.500,joint_grid_transaction,266,266,3,9,16,0.000,1.00,0.079,False,None,0.000,False
368.640,1,en_route_pickup,8.199,-0.057,1.000,-1.500,joint_grid_transaction,271,271,2,9,19,0.000,1.00,-1.284,False,None,0.000,False
368.640,2,en_route_delivery,4.332,-1.971,0.000,-3.500,joint_grid_transaction,271,271,2,9,14,0.000,1.00,-3.052,False,None,0.000,False
368.640,3,en_route_pickup,-6.862,0.798,-6.000,3.500,joint_grid_transaction,271,271,2,9,15,0.000,1.00,0.082,False,None,0.000,False
368.640,4,en_route_pickup,2.310,4.064,0.000,3.500,joint_grid_transaction,271,271,2,9,13,0.000,1.00,3.083,False,None,0.000,False
368.640,5,en_route_pickup,5.692,-2.964,6.000,3.500,joint_grid_transaction,271,271,2,9,18,0.000,1.00,0.092,False,None,0.000,False
368.640,6,en_route_pickup,4.195,1.740,0.000,3.500,joint_grid_transaction,271,271,2,9,17,0.000,1.00,-1.483,False,None,0.000,False
368.640,7,en_route_delivery,-4.934,0.794,-6.000,3.500,joint_grid_transaction,271,271,1,3,10,0.000,1.00,-2.835,False,None,0.000,False
368.640,8,en_route_delivery,-4.727,3.217,3.000,1.500,joint_grid_transaction,271,271,2,9,16,0.000,1.00,0.078,False,None,0.000,False
370.688,1,en_route_pickup,8.022,-0.004,1.000,-1.500,joint_grid_transaction,271,271,2,9,19,0.000,1.00,-3.024,False,None,0.000,False
370.688,2,en_route_delivery,4.076,-1.948,0.000,-3.500,joint_grid_transaction,271,271,3,9,14,0.000,1.00,-3.052,False,None,0.000,False
370.688,3,en_route_pickup,-6.636,0.811,-6.000,3.500,joint_grid_transaction,271,271,3,9,15,0.000,1.00,0.040,False,None,0.000,False
370.688,4,en_route_pickup,2.202,4.021,0.000,3.500,joint_grid_transaction,271,271,3,9,13,0.000,1.00,-2.398,False,None,0.000,False
370.688,5,en_route_pickup,5.833,-2.888,6.000,3.500,joint_grid_transaction,271,271,4,9,18,0.000,1.00,0.811,False,None,0.000,False
370.688,6,en_route_pickup,4.095,1.846,0.000,3.500,joint_grid_transaction,271,271,4,9,17,0.000,1.00,-2.521,False,None,0.000,False
370.688,7,en_route_delivery,-4.827,0.594,-6.000,3.500,joint_grid_transaction,271,271,2,3,10,0.000,1.00,-1.361,False,None,0.000,False
370.688,8,en_route_delivery,-4.485,3.197,3.000,1.500,joint_grid_transaction,271,271,3,9,16,0.000,1.00,0.077,False,None,0.000,False
372.736,1,en_route_pickup,7.718,-0.026,1.000,-1.500,joint_grid_transaction,272,272,2,9,19,0.000,1.00,-3.072,False,None,0.000,False
372.736,2,en_route_delivery,3.854,-1.937,0.000,-3.500,joint_grid_transaction,272,272,2,9,14,0.000,1.00,-3.098,False,None,0.000,False
372.736,3,en_route_pickup,-6.413,0.816,-6.000,3.500,joint_grid_transaction,272,272,2,9,15,0.000,1.00,0.026,False,None,0.000,False
372.736,4,en_route_pickup,2.117,3.911,0.000,3.500,joint_grid_transaction,272,272,1,8,13,0.000,1.00,-2.124,False,joint_slot_deadline,372.788,False
372.736,5,en_route_pickup,5.929,-2.706,6.000,3.500,joint_grid_transaction,272,272,2,9,18,0.000,1.00,1.164,False,joint_slot_deadline,372.788,False
372.736,6,en_route_pickup,3.743,1.976,0.000,3.500,joint_grid_transaction,272,272,2,9,17,0.000,1.00,-2.997,False,None,0.000,False
372.736,7,en_route_delivery,-4.798,0.461,-6.000,3.500,joint_grid_transaction,272,272,1,2,10,0.000,1.00,-1.349,False,joint_window_endpoint,373.140,False
372.736,8,en_route_delivery,-4.255,3.185,3.000,1.500,joint_grid_transaction,272,272,2,9,16,0.000,1.00,0.050,False,None,0.000,False
374.784,1,en_route_pickup,7.460,-0.046,1.000,-1.500,joint_grid_transaction,274,274,1,9,19,0.000,1.00,-3.064,False,None,0.000,False
374.784,2,en_route_delivery,3.623,-1.935,0.000,-3.500,joint_grid_transaction,274,274,2,9,14,0.000,1.00,3.098,False,None,0.000,False
374.784,3,en_route_pickup,-6.213,0.812,-6.000,3.500,joint_grid_transaction,274,274,2,9,15,0.000,1.00,0.449,False,None,0.000,False
374.784,4,en_route_pickup,2.016,3.581,0.000,3.500,joint_grid_transaction,274,274,2,9,13,0.000,1.00,-1.698,False,None,0.000,False
374.784,5,en_route_pickup,5.994,-2.360,6.000,3.500,joint_grid_transaction,274,274,2,9,18,0.000,1.00,1.480,False,None,0.000,False
374.784,6,en_route_pickup,3.399,2.009,0.000,3.500,joint_grid_transaction,274,274,2,9,17,0.000,1.00,-3.055,False,None,0.000,False
374.784,7,en_route_delivery,-4.800,0.457,-6.000,3.500,joint_grid_transaction,274,274,2,9,10,0.000,1.00,-1.641,False,None,0.000,False
374.784,8,en_route_delivery,-3.999,3.188,3.000,1.500,joint_grid_transaction,274,274,1,9,16,0.000,1.00,0.026,False,None,0.000,False
376.832,1,en_route_pickup,7.232,-0.062,1.000,-1.500,joint_grid_transaction,274,274,2,9,19,0.000,1.00,-3.105,False,None,0.000,False
376.832,2,en_route_delivery,3.275,-1.975,0.000,-3.500,joint_grid_transaction,274,274,3,9,14,0.000,1.00,3.035,False,None,0.000,False
376.832,3,en_route_pickup,-6.120,0.959,-6.000,3.500,joint_grid_transaction,274,274,3,9,15,0.000,1.00,1.060,False,None,0.000,False
376.832,4,en_route_pickup,1.940,3.416,0.000,3.500,joint_grid_transaction,274,274,3,9,13,0.000,1.00,-2.289,False,None,0.000,False
376.832,5,en_route_pickup,6.021,-2.068,6.000,3.500,joint_grid_transaction,274,274,3,9,18,0.000,1.00,1.477,False,None,0.000,False
376.832,6,en_route_pickup,3.106,2.034,0.000,3.500,joint_grid_transaction,274,274,3,9,17,0.000,1.00,-3.054,False,None,0.000,False
376.832,7,en_route_delivery,-5.018,0.503,-6.000,3.500,joint_grid_transaction,274,274,2,9,10,0.000,1.00,-3.031,False,None,0.000,False
376.832,8,en_route_delivery,-3.645,3.222,3.000,1.500,joint_grid_transaction,274,274,3,9,16,0.000,1.00,0.108,False,None,0.000,False
378.880,1,en_route_pickup,6.980,-0.064,1.000,-1.500,joint_grid_transaction,275,275,2,9,19,0.000,1.00,-3.132,False,None,0.000,False
378.880,2,en_route_delivery,2.936,-2.008,0.000,-3.500,joint_grid_transaction,275,275,3,9,14,0.000,1.00,3.046,False,None,0.000,False
378.880,3,en_route_pickup,-6.052,1.112,-6.000,3.500,joint_grid_transaction,275,275,2,8,15,0.000,1.00,1.286,False,None,0.000,False
378.880,4,en_route_pickup,1.855,3.371,0.000,3.500,joint_grid_transaction,275,275,3,9,13,0.000,1.00,-2.627,False,None,0.000,False
378.880,5,en_route_pickup,6.047,-1.801,6.000,3.500,joint_grid_transaction,275,275,2,9,18,0.000,1.00,1.478,False,None,0.000,False
378.880,6,en_route_pickup,2.913,2.052,0.000,3.500,joint_grid_transaction,275,275,2,8,17,0.000,1.00,-3.051,False,None,0.000,False
378.880,7,en_route_delivery,-5.106,0.611,-6.000,3.500,joint_grid_transaction,275,275,3,9,10,0.000,1.00,2.189,False,None,0.000,False
378.880,8,en_route_delivery,-3.403,3.246,3.000,1.500,joint_grid_transaction,275,275,2,8,16,0.000,1.00,0.104,False,None,0.000,False
380.928,1,en_route_pickup,6.714,-0.061,1.000,-1.500,joint_grid_transaction,275,275,3,9,19,0.000,1.00,3.122,False,None,0.000,False
380.928,2,en_route_delivery,2.648,-2.035,0.000,-3.500,joint_grid_transaction,275,275,4,9,14,0.000,1.00,3.048,False,None,0.000,False
380.928,3,en_route_pickup,-6.001,1.474,-6.000,3.500,joint_grid_transaction,275,275,3,8,15,0.000,1.00,1.484,False,None,0.000,False
380.928,4,en_route_pickup,1.493,3.268,0.000,3.500,joint_grid_transaction,275,275,4,9,13,0.000,1.00,-3.032,False,None,0.000,False
380.928,5,en_route_pickup,6.062,-1.570,6.000,3.500,joint_grid_transaction,275,275,3,9,18,0.000,1.00,1.508,False,None,0.000,False
380.928,6,en_route_pickup,2.710,2.065,0.000,3.500,joint_grid_transaction,275,275,2,8,17,0.000,1.00,3.137,False,None,0.000,False
380.928,7,en_route_delivery,-5.227,0.966,-6.000,3.500,joint_grid_transaction,275,275,4,9,10,0.000,1.00,1.698,False,None,0.000,False
380.928,8,en_route_delivery,-3.101,3.277,3.000,1.500,joint_grid_transaction,275,275,3,8,16,0.000,1.00,0.099,False,None,0.000,False
382.976,1,en_route_pickup,6.375,-0.031,1.000,-1.500,joint_grid_transaction,276,276,3,9,19,0.000,1.00,3.030,False,None,0.000,False
382.976,2,en_route_delivery,2.405,-2.055,0.000,-3.500,joint_grid_transaction,276,276,3,9,14,0.000,1.00,3.069,False,None,0.000,False
382.976,3,en_route_pickup,-5.975,1.780,-6.000,3.500,joint_grid_transaction,276,276,2,9,15,0.000,1.00,1.485,False,None,0.000,False
382.976,4,en_route_pickup,1.162,3.236,0.000,3.500,joint_grid_transaction,276,276,3,8,13,0.000,1.00,-3.050,False,None,0.000,False
382.976,5,en_route_pickup,6.065,-1.335,6.000,3.500,joint_grid_transaction,276,276,2,9,18,0.000,1.00,1.586,False,None,0.000,False
382.976,6,en_route_pickup,2.757,2.009,0.000,3.500,joint_grid_transaction,276,276,1,4,17,0.000,1.00,0.995,False,None,0.000,False
382.976,7,en_route_delivery,-5.096,0.976,-6.000,3.500,joint_grid_transaction,276,276,2,6,10,0.000,1.00,0.237,False,None,0.000,False
382.976,8,en_route_delivery,-2.901,3.297,3.000,1.500,joint_grid_transaction,276,276,2,8,16,0.000,1.00,0.100,False,None,0.000,False
385.024,1,en_route_pickup,6.027,0.004,1.000,-1.500,joint_grid_transaction,276,276,4,9,19,0.000,1.00,3.045,False,None,0.000,False
385.024,2,en_route_delivery,2.190,-2.066,0.000,-3.500,joint_grid_transaction,276,276,4,9,14,0.000,1.00,-3.135,False,None,0.000,False
385.024,3,en_route_pickup,-5.952,2.039,-6.000,3.500,joint_grid_transaction,276,276,3,9,15,0.000,1.00,1.489,False,None,0.000,False
385.024,4,en_route_pickup,0.880,3.211,0.000,3.500,joint_grid_transaction,276,276,4,8,13,0.000,1.00,-3.050,False,None,0.000,False
385.024,5,en_route_pickup,5.984,-1.171,6.000,3.500,joint_grid_transaction,276,276,3,9,18,0.000,1.00,2.374,False,None,0.000,False
385.024,6,en_route_pickup,3.032,2.011,0.000,3.500,joint_grid_transaction,276,276,2,4,17,0.000,1.00,0.105,False,None,0.000,False
385.024,7,en_route_delivery,-4.893,0.911,-6.000,3.500,joint_grid_transaction,276,276,4,6,10,0.000,1.00,0.811,False,None,0.000,False
385.024,8,en_route_delivery,-2.692,3.312,3.000,1.500,joint_grid_transaction,276,276,3,8,16,0.000,1.00,0.018,False,None,0.000,False
387.072,1,en_route_pickup,5.735,0.032,1.000,-1.500,joint_grid_transaction,277,277,2,9,19,0.000,1.00,3.049,False,None,0.000,False
387.072,2,en_route_delivery,1.870,-2.045,0.000,-3.500,joint_grid_transaction,277,277,3,9,14,0.000,1.00,-3.036,False,None,0.000,False
387.072,3,en_route_pickup,-5.936,2.263,-6.000,3.500,joint_grid_transaction,277,277,2,7,15,0.000,1.00,1.533,False,None,0.000,False
387.072,4,en_route_pickup,0.647,3.193,0.000,3.500,joint_grid_transaction,277,277,2,5,13,0.000,1.00,-3.081,False,None,0.000,False
387.072,5,en_route_pickup,5.973,-1.019,6.000,3.500,joint_grid_transaction,277,277,2,9,18,0.000,1.00,1.660,False,None,0.000,False
387.072,6,en_route_pickup,3.285,2.037,0.000,3.500,joint_grid_transaction,277,277,3,9,17,0.000,1.00,0.140,False,None,0.000,False
387.072,7,en_route_delivery,-4.850,0.810,-6.000,3.500,joint_grid_transaction,277,277,3,5,10,0.000,1.00,1.128,False,None,0.000,False
387.072,8,en_route_delivery,-2.459,3.317,3.000,1.500,joint_grid_transaction,277,277,2,9,16,0.000,1.00,0.010,False,None,0.000,False
389.120,1,en_route_pickup,5.644,0.068,1.000,-1.500,joint_grid_transaction,279,279,1,9,19,0.000,1.00,2.426,False,None,0.000,False
389.120,2,en_route_delivery,1.507,-2.006,0.000,-3.500,joint_grid_transaction,279,279,1,8,14,0.000,1.00,-3.040,False,None,0.000,False
389.120,3,en_route_pickup,-5.937,2.519,-6.000,3.500,joint_grid_transaction,279,279,1,5,15,0.000,1.00,1.581,False,None,0.000,False
389.120,4,en_route_delivery,0.459,3.184,3.000,1.500,joint_grid_transaction,279,279,2,9,13,0.000,1.00,3.129,False,joint_slot_deadline,390.052,False
389.120,5,en_route_pickup,5.956,-0.833,6.000,3.500,joint_grid_transaction,279,279,1,8,18,0.000,1.00,1.663,False,None,0.000,False
389.120,6,en_route_pickup,3.322,2.125,0.000,3.500,joint_grid_transaction,279,279,1,9,17,0.000,1.00,0.971,False,None,0.000,False
389.120,7,en_route_delivery,-4.763,0.467,-6.000,3.500,joint_grid_transaction,279,279,1,2,10,0.000,1.00,1.472,False,None,0.000,False
389.120,8,en_route_delivery,-2.169,3.299,3.000,1.500,joint_grid_transaction,279,279,2,9,16,0.000,1.00,0.099,False,None,0.000,False
391.168,1,en_route_pickup,5.439,0.055,1.000,-1.500,joint_grid_transaction,279,279,2,9,19,0.000,0.75,3.099,False,None,0.000,False
391.168,2,en_route_delivery,1.306,-1.984,0.000,-3.500,joint_grid_transaction,279,279,2,8,14,0.000,1.00,-3.037,False,None,0.000,False
391.168,3,en_route_pickup,-5.957,2.841,-6.000,3.500,joint_grid_transaction,279,279,3,5,15,0.000,1.00,1.673,False,None,0.000,False
391.168,4,en_route_delivery,0.458,3.184,3.000,1.500,joint_grid_transaction,279,279,3,9,13,0.000,1.00,3.129,False,joint_slot_deadline,391.252,False
391.168,5,en_route_pickup,5.940,-0.613,6.000,3.500,joint_grid_transaction,279,279,2,8,18,0.000,0.45,1.628,False,None,0.000,False
391.168,6,en_route_pickup,3.209,2.069,0.000,3.500,joint_grid_transaction,279,279,1,9,17,0.000,1.00,-3.119,False,None,0.000,False
391.168,7,en_route_delivery,-4.763,0.467,-6.000,3.500,joint_grid_transaction,279,279,1,2,10,0.000,1.00,1.472,False,joint_window_endpoint,391.540,False
391.168,8,en_route_delivery,-1.801,3.260,3.000,1.500,joint_grid_transaction,279,279,3,9,16,0.000,1.00,0.099,False,None,0.000,False
393.216,1,en_route_pickup,5.230,0.066,1.000,-1.500,joint_grid_transaction,281,281,1,12,19,0.000,1.00,3.120,False,None,0.000,False
393.216,2,en_route_delivery,1.036,-1.957,0.000,-3.500,joint_grid_transaction,281,281,2,12,14,0.000,1.00,-3.043,False,None,0.000,False
393.216,3,en_route_delivery,-5.916,2.941,6.000,3.500,joint_grid_transaction,281,281,2,13,15,0.000,1.00,0.516,False,None,0.000,False
393.216,4,en_route_delivery,0.544,3.260,3.000,1.500,joint_grid_transaction,281,281,2,13,13,0.000,1.00,1.844,False,None,0.000,False
393.216,5,en_route_pickup,5.942,-0.613,6.000,3.500,joint_grid_transaction,281,281,1,13,18,0.000,1.00,1.253,False,None,0.000,False
393.216,6,en_route_pickup,2.963,2.049,0.000,3.500,joint_grid_transaction,281,281,1,12,17,0.000,1.00,-3.008,False,joint_slot_deadline,393.284,False
393.216,7,en_route_delivery,-4.824,0.543,-6.000,3.500,joint_grid_transaction,281,281,2,13,10,0.000,1.00,2.642,False,None,0.000,False
393.216,8,en_route_delivery,-1.488,3.229,3.000,1.500,joint_grid_transaction,281,281,2,13,16,0.000,1.00,0.095,False,None,0.000,False
395.264,1,en_route_pickup,4.931,0.049,1.000,-1.500,joint_grid_transaction,282,282,3,9,19,0.000,1.00,-3.042,False,None,0.000,False
395.264,2,en_route_delivery,0.803,-1.939,0.000,-3.500,joint_grid_transaction,282,282,2,9,14,0.000,1.00,-3.067,False,None,0.000,False
395.264,3,en_route_delivery,-5.644,2.997,6.000,3.500,joint_grid_transaction,282,282,3,9,15,0.000,1.00,0.108,False,None,0.000,False
395.264,4,en_route_delivery,0.729,3.226,3.000,1.500,joint_grid_transaction,282,282,2,9,13,0.000,1.00,0.201,False,None,0.000,False
395.264,5,en_route_pickup,6.177,-0.548,6.000,3.500,joint_grid_transaction,282,282,2,9,18,0.000,1.00,0.253,False,None,0.000,False
395.264,6,en_route_pickup,2.646,2.011,0.000,3.500,joint_grid_transaction,282,282,3,9,17,0.000,1.00,-3.032,False,None,0.000,False
395.264,7,en_route_delivery,-5.102,0.497,-6.000,3.500,joint_grid_transaction,282,282,3,9,10,0.000,1.00,3.046,False,None,0.000,False
395.264,8,en_route_delivery,-1.224,3.205,3.000,1.500,joint_grid_transaction,282,282,2,9,16,0.000,1.00,0.091,False,None,0.000,False
397.312,1,en_route_pickup,4.563,0.010,1.000,-1.500,joint_grid_transaction,282,282,4,9,19,0.000,1.00,-3.042,False,None,0.000,False
397.312,2,en_route_delivery,0.567,-1.937,0.000,-3.500,joint_grid_transaction,282,282,3,9,14,0.000,1.00,3.127,False,None,0.000,False
397.312,3,en_route_delivery,-5.337,3.026,6.000,3.500,joint_grid_transaction,282,282,4,9,15,0.000,1.00,0.093,False,None,0.000,False
397.312,4,en_route_delivery,1.073,3.262,3.000,1.500,joint_grid_transaction,282,282,4,9,13,0.000,1.00,0.083,False,None,0.000,False
397.312,5,en_route_pickup,6.537,-0.500,6.000,3.500,joint_grid_transaction,282,282,4,9,18,0.000,1.00,0.089,False,None,0.000,False
397.312,6,en_route_pickup,2.335,1.978,0.000,3.500,joint_grid_transaction,282,282,4,9,17,0.000,1.00,-3.039,False,None,0.000,False
397.312,7,en_route_delivery,-5.400,0.469,-6.000,3.500,joint_grid_transaction,282,282,4,9,10,0.000,1.00,3.049,False,None,0.000,False
397.312,8,en_route_delivery,-1.000,3.186,3.000,1.500,joint_grid_transaction,282,282,3,9,16,0.000,1.00,0.050,False,None,0.000,False
399.360,1,en_route_pickup,4.400,-0.098,1.000,-1.500,joint_grid_transaction,283,283,3,9,19,0.000,1.00,-2.237,False,None,0.000,False
399.360,2,en_route_delivery,0.234,-1.963,0.000,-3.500,joint_grid_transaction,283,283,2,9,14,0.000,1.00,3.008,False,None,0.000,False
399.360,3,en_route_delivery,-5.144,3.045,6.000,3.500,joint_grid_transaction,283,283,2,8,15,0.000,1.00,0.095,False,None,0.000,False
399.360,4,en_route_delivery,1.359,3.286,3.000,1.500,joint_grid_transaction,283,283,3,9,13,0.000,1.00,0.087,False,None,0.000,False
399.360,5,en_route_pickup,6.842,-0.473,6.000,3.500,joint_grid_transaction,283,283,3,9,18,0.000,1.00,0.088,False,None,0.000,False
399.360,6,en_route_pickup,2.145,1.958,0.000,3.500,joint_grid_transaction,283,283,2,8,17,0.000,1.00,-3.038,False,None,0.000,False
399.360,7,en_route_delivery,-5.606,0.450,-6.000,3.500,joint_grid_transaction,283,283,2,8,10,0.000,1.00,3.047,False,None,0.000,False
399.360,8,en_route_delivery,-0.754,3.184,3.000,1.500,joint_grid_transaction,283,283,2,9,16,0.000,1.00,0.011,False,None,0.000,False
401.408,1,en_route_pickup,4.276,-0.443,1.000,-1.500,joint_grid_transaction,283,283,4,9,19,0.000,1.00,-1.710,False,None,0.000,False
401.408,2,en_route_delivery,0.104,-2.143,0.000,-3.500,joint_grid_transaction,283,283,4,9,14,0.000,1.00,2.024,False,None,0.000,False
401.408,3,en_route_delivery,-4.926,3.060,6.000,3.500,joint_grid_transaction,283,283,3,8,15,0.000,1.00,0.035,False,None,0.000,False
401.408,4,en_route_delivery,1.603,3.305,3.000,1.500,joint_grid_transaction,283,283,4,9,13,0.000,1.00,0.068,False,None,0.000,False
401.408,5,en_route_pickup,7.103,-0.450,6.000,3.500,joint_grid_transaction,283,283,4,9,18,0.000,1.00,0.089,False,None,0.000,False
401.408,6,en_route_pickup,1.928,1.941,0.000,3.500,joint_grid_transaction,283,283,3,8,17,0.000,1.00,-3.097,False,None,0.000,False
401.408,7,en_route_delivery,-5.788,0.438,-6.000,3.500,joint_grid_transaction,283,283,3,8,10,0.000,1.00,-2.930,False,None,0.000,False
401.408,8,en_route_delivery,-0.483,3.191,3.000,1.500,joint_grid_transaction,283,283,3,9,16,0.000,1.00,0.046,False,None,0.000,False
403.456,1,en_route_pickup,4.254,-0.635,1.000,-1.500,joint_grid_transaction,284,284,2,8,19,0.000,1.00,-1.678,False,None,0.000,False
403.456,2,en_route_delivery,0.049,-2.286,0.000,-3.500,joint_grid_transaction,284,284,2,7,14,0.000,1.00,1.862,False,None,0.000,False
403.456,3,en_route_delivery,-4.709,3.068,6.000,3.500,joint_grid_transaction,284,284,2,9,15,0.000,1.00,0.013,False,None,0.000,False
403.456,4,en_route_delivery,1.827,3.314,3.000,1.500,joint_grid_transaction,284,284,3,9,13,0.000,1.00,0.002,False,None,0.000,False
403.456,5,en_route_pickup,7.321,-0.437,6.000,3.500,joint_grid_transaction,284,284,3,9,18,0.000,1.00,0.017,False,None,0.000,False
403.456,6,en_route_pickup,1.712,1.932,0.000,3.500,joint_grid_transaction,284,284,2,9,17,0.000,1.00,3.131,False,None,0.000,False
403.456,7,en_route_delivery,-5.906,0.632,-6.000,3.500,joint_grid_transaction,284,284,3,9,10,0.000,1.00,-1.994,False,None,0.000,False
403.456,8,en_route_delivery,-0.115,3.230,3.000,1.500,joint_grid_transaction,284,284,3,9,16,0.000,1.00,0.096,False,None,0.000,False
405.504,1,en_route_pickup,4.222,-0.935,1.000,-1.500,joint_grid_transaction,284,284,3,8,19,0.000,1.00,-1.672,False,None,0.000,False
405.504,2,en_route_delivery,0.007,-2.549,0.000,-3.500,joint_grid_transaction,284,284,4,7,14,0.000,1.00,1.663,False,None,0.000,False
405.504,3,en_route_delivery,-4.382,3.044,6.000,3.500,joint_grid_transaction,284,284,4,9,15,0.000,1.00,0.109,False,None,0.000,False
405.504,4,en_route_delivery,2.089,3.315,3.000,1.500,joint_grid_transaction,284,284,4,9,13,0.000,1.00,0.005,False,None,0.000,False
405.504,5,en_route_pickup,7.543,-0.432,6.000,3.500,joint_grid_transaction,284,284,3,9,18,0.000,1.00,0.021,False,None,0.000,False
405.504,6,en_route_pickup,1.380,1.959,0.000,3.500,joint_grid_transaction,284,284,4,9,17,0.000,1.00,3.029,False,None,0.000,False
405.504,7,en_route_delivery,-5.988,0.998,-6.000,3.500,joint_grid_transaction,284,284,4,9,10,0.000,1.00,-1.666,False,None,0.000,False
405.504,8,en_route_delivery,0.220,3.261,3.000,1.500,joint_grid_transaction,284,284,4,9,16,0.000,1.00,0.092,False,None,0.000,False
407.552,1,en_route_pickup,4.203,-1.129,1.000,-1.500,joint_grid_transaction,285,285,2,8,19,0.000,1.00,-1.673,False,None,0.000,False
407.552,2,en_route_delivery,-0.022,-2.864,0.000,-3.500,joint_grid_transaction,285,285,3,5,14,0.000,1.00,1.661,False,None,0.000,False
407.552,3,en_route_delivery,-4.093,3.011,6.000,3.500,joint_grid_transaction,285,285,3,9,15,0.000,1.00,0.103,False,None,0.000,False
407.552,4,en_route_delivery,2.409,3.295,3.000,1.500,joint_grid_transaction,285,285,3,9,13,0.000,1.00,0.108,False,None,0.000,False
407.552,5,en_route_pickup,7.591,-0.334,6.000,3.500,joint_grid_transaction,285,285,3,9,18,0.000,1.00,0.936,False,None,0.000,False
407.552,6,en_route_pickup,1.096,1.992,0.000,3.500,joint_grid_transaction,285,285,3,9,17,0.000,1.00,3.035,False,None,0.000,False
407.552,7,en_route_delivery,-6.018,1.320,-6.000,3.500,joint_grid_transaction,285,285,3,9,10,0.000,1.00,-1.663,False,None,0.000,False
407.552,8,en_route_delivery,0.503,3.287,3.000,1.500,joint_grid_transaction,285,285,2,9,16,0.000,1.00,0.090,False,None,0.000,False
409.600,1,en_route_pickup,4.189,-1.343,1.000,-1.500,joint_grid_transaction,286,286,2,9,19,0.000,1.00,-1.605,False,None,0.000,False
409.600,2,en_route_delivery,-0.102,-2.913,-6.000,-3.500,joint_grid_transaction,286,286,2,9,20,0.000,1.00,2.651,False,None,0.000,False
409.600,3,en_route_delivery,-3.780,2.979,6.000,3.500,joint_grid_transaction,286,286,2,9,15,0.000,1.00,0.098,False,None,0.000,False
409.600,4,en_route_delivery,2.769,3.255,3.000,1.500,joint_grid_transaction,286,286,2,9,13,0.000,1.00,0.104,False,None,0.000,False
409.600,5,en_route_pickup,7.672,-0.193,6.000,3.500,joint_grid_transaction,286,286,1,8,18,0.000,1.00,1.146,False,joint_slot_deadline,409.604,False
409.600,6,en_route_pickup,0.788,2.024,0.000,3.500,joint_grid_transaction,286,286,2,9,17,0.000,1.00,3.041,False,None,0.000,False
409.600,7,en_route_delivery,-6.037,1.534,-6.000,3.500,joint_grid_transaction,286,286,1,8,10,0.000,1.00,-1.660,False,joint_slot_deadline,409.604,False
409.600,8,en_route_delivery,0.744,3.308,3.000,1.500,joint_grid_transaction,286,286,2,9,16,0.000,1.00,0.079,False,None,0.000,False
411.648,1,en_route_pickup,4.182,-1.561,1.000,-1.500,joint_grid_transaction,286,286,3,9,19,0.000,1.00,-1.548,False,None,0.000,False
411.648,2,en_route_delivery,-0.465,-2.993,-6.000,-3.500,joint_grid_transaction,286,286,3,9,20,0.000,1.00,3.052,False,None,0.000,False
411.648,3,en_route_delivery,-3.517,2.953,6.000,3.500,joint_grid_transaction,286,286,3,9,15,0.000,1.00,0.095,False,None,0.000,False
411.648,4,en_route_delivery,3.071,3.224,3.000,1.500,joint_grid_transaction,286,286,4,9,13,0.000,1.00,0.099,False,None,0.000,False
411.648,5,en_route_pickup,7.742,0.163,6.000,3.500,joint_grid_transaction,286,286,3,8,18,0.000,1.00,1.483,False,None,0.000,False
411.648,6,en_route_pickup,0.530,2.049,0.000,3.500,joint_grid_transaction,286,286,3,9,17,0.000,1.00,3.044,False,None,0.000,False
411.648,7,en_route_delivery,-6.058,1.764,-6.000,3.500,joint_grid_transaction,286,286,2,8,10,0.000,1.00,-1.632,False,None,0.000,False
411.648,8,en_route_delivery,0.972,3.317,3.000,1.500,joint_grid_transaction,286,286,3,9,16,0.000,1.00,0.057,False,None,0.000,False
413.696,1,en_route_pickup,4.199,-1.789,1.000,-1.500,joint_grid_transaction,287,287,2,8,19,0.000,1.00,-1.571,False,None,0.000,False
413.696,2,en_route_delivery,-0.780,-3.021,-6.000,-3.500,joint_grid_transaction,287,287,2,9,20,0.000,1.00,3.054,False,None,0.000,False
413.696,3,en_route_delivery,-3.286,2.938,6.000,3.500,joint_grid_transaction,287,287,2,9,15,0.000,1.00,0.068,False,None,0.000,False
413.696,4,en_route_delivery,3.297,3.202,3.000,1.500,joint_grid_transaction,287,287,2,8,13,0.000,1.00,0.089,False,None,0.000,False
413.696,5,en_route_pickup,7.770,0.482,6.000,3.500,joint_grid_transaction,287,287,2,7,18,0.000,1.00,1.484,False,None,0.000,False
413.696,6,en_route_pickup,0.303,2.063,0.000,3.500,joint_grid_transaction,287,287,2,9,17,0.000,1.00,3.080,False,None,0.000,False
413.696,7,en_route_delivery,-6.067,1.994,-6.000,3.500,joint_grid_transaction,287,287,2,8,10,0.000,1.00,-1.617,False,None,0.000,False
413.696,8,en_route_delivery,1.237,3.306,3.000,1.500,joint_grid_transaction,287,287,2,9,16,0.000,1.00,0.089,False,None,0.000,False
415.744,1,en_route_pickup,4.056,-1.871,1.000,-1.500,joint_grid_transaction,287,287,3,8,19,0.000,1.00,-2.605,False,None,0.000,False
415.744,2,en_route_delivery,-1.048,-3.044,-6.000,-3.500,joint_grid_transaction,287,287,4,9,20,0.000,1.00,3.052,False,None,0.000,False
415.744,3,en_route_delivery,-3.046,2.935,6.000,3.500,joint_grid_transaction,287,287,3,9,15,0.000,1.00,0.003,False,None,0.000,False
415.744,4,en_route_delivery,3.515,3.185,3.000,1.500,joint_grid_transaction,287,287,2,8,13,0.000,1.00,0.029,False,None,0.000,False
415.744,5,en_route_pickup,7.794,0.753,6.000,3.500,joint_grid_transaction,287,287,3,7,18,0.000,1.00,1.484,False,None,0.000,False
415.744,6,en_route_pickup,0.166,2.112,0.000,3.500,joint_grid_transaction,287,287,4,9,17,0.000,1.00,2.443,False,None,0.000,False
415.744,7,en_route_delivery,-6.054,2.269,-6.000,3.500,joint_grid_transaction,287,287,3,8,10,0.000,1.00,-1.485,False,None,0.000,False
415.744,8,en_route_delivery,1.606,3.264,3.000,1.500,joint_grid_transaction,287,287,4,9,16,0.000,1.00,0.100,False,None,0.000,False
417.792,1,en_route_pickup,3.697,-1.982,1.000,-1.500,joint_grid_transaction,288,288,3,9,19,0.000,1.00,-3.025,False,None,0.000,False
417.792,2,en_route_delivery,-1.274,-3.061,-6.000,-3.500,joint_grid_transaction,288,288,2,9,20,0.000,1.00,3.104,False,None,0.000,False
417.792,3,en_route_delivery,-2.765,2.943,6.000,3.500,joint_grid_transaction,288,288,2,9,15,0.000,1.00,0.044,False,None,0.000,False
417.792,4,en_route_delivery,3.784,3.192,3.000,1.500,joint_grid_transaction,288,288,2,9,13,0.000,1.00,0.044,False,None,0.000,False
417.792,5,en_route_pickup,7.801,0.832,6.000,3.500,joint_grid_transaction,288,288,1,2,18,0.000,1.00,1.489,False,joint_window_endpoint,418.260,False
417.792,6,en_route_pickup,0.124,2.191,0.000,3.500,joint_grid_transaction,288,288,3,8,17,0.000,1.00,2.201,False,None,0.000,False
417.792,7,en_route_delivery,-6.021,2.561,-6.000,3.500,joint_grid_transaction,288,288,3,6,10,0.000,1.00,-1.450,False,None,0.000,False
417.792,8,en_route_delivery,1.807,3.244,3.000,1.500,joint_grid_transaction,288,288,2,8,16,0.000,1.00,0.103,False,None,0.000,False
419.840,1,en_route_pickup,3.359,-2.012,1.000,-1.500,joint_grid_transaction,289,289,2,9,19,0.000,1.00,-3.054,False,None,0.000,False
419.840,2,en_route_delivery,-1.513,-3.067,-6.000,-3.500,joint_grid_transaction,289,289,1,8,20,0.000,1.00,3.116,False,None,0.000,False
419.840,3,en_route_delivery,-2.466,2.972,6.000,3.500,joint_grid_transaction,289,289,1,8,15,0.000,1.00,0.120,False,joint_slot_deadline,420.292,False
419.840,4,en_route_delivery,4.155,3.230,3.000,1.500,joint_grid_transaction,289,289,2,7,13,0.000,1.00,0.097,False,None,0.000,False
419.840,5,en_route_pickup,7.767,0.778,6.000,3.500,joint_grid_transaction,289,289,1,5,18,0.000,1.00,2.383,False,None,0.000,False
419.840,6,en_route_pickup,0.021,2.470,0.000,3.500,joint_grid_transaction,289,289,2,6,17,0.000,1.00,1.712,False,None,0.000,False
419.840,7,en_route_delivery,-5.986,2.888,-6.000,3.500,joint_grid_transaction,289,289,2,4,10,0.000,1.00,-1.470,False,None,0.000,False
419.840,8,en_route_delivery,2.093,3.215,3.000,1.500,joint_grid_transaction,289,289,2,9,16,0.000,1.00,0.099,False,None,0.000,False
421.888,1,en_route_pickup,3.072,-2.037,1.000,-1.500,joint_grid_transaction,290,290,2,9,19,0.000,1.00,-3.055,False,None,0.000,False
421.888,2,en_route_delivery,-1.784,-3.052,-6.000,-3.500,joint_grid_transaction,290,290,2,9,20,0.000,1.00,-3.039,False,None,0.000,False
421.888,3,en_route_delivery,-2.201,3.000,6.000,3.500,joint_grid_transaction,290,290,2,9,15,0.000,1.00,0.095,False,None,0.000,False
421.888,4,en_route_delivery,4.489,3.261,3.000,1.500,joint_grid_transaction,290,290,2,6,13,0.000,1.00,0.093,False,None,0.000,False
421.888,5,en_route_pickup,7.496,0.776,6.000,3.500,joint_grid_transaction,290,290,2,5,18,0.000,1.00,3.079,False,None,0.000,False
421.888,6,en_route_pickup,-0.013,2.774,0.000,3.500,joint_grid_transaction,290,290,2,5,17,0.000,1.00,1.674,False,None,0.000,False
421.888,7,en_route_pickup,-5.877,2.930,1.000,1.500,joint_grid_transaction,290,290,2,9,21,0.000,1.00,-0.395,False,None,0.000,False
421.888,8,en_route_delivery,2.307,3.196,3.000,1.500,joint_grid_transaction,290,290,2,8,16,0.000,1.00,0.065,False,None,0.000,False
423.936,1,en_route_pickup,2.827,-2.058,1.000,-1.500,joint_grid_transaction,291,291,2,9,19,0.000,1.00,-3.062,False,None,0.000,False
423.936,2,en_route_delivery,-2.154,-3.012,-6.000,-3.500,joint_grid_transaction,291,291,2,9,20,0.000,1.00,-3.043,False,None,0.000,False
423.936,3,en_route_delivery,-1.901,3.029,6.000,3.500,joint_grid_transaction,291,291,2,9,15,0.000,1.00,0.093,False,None,0.000,False
423.936,4,en_route_delivery,4.769,3.287,3.000,1.500,joint_grid_transaction,291,291,1,4,13,0.000,1.00,0.091,False,None,0.000,False
423.936,5,en_route_pickup,7.382,0.674,6.000,3.500,joint_grid_transaction,291,291,2,4,18,0.000,1.00,-2.340,False,joint_slot_deadline,424.548,False
423.936,6,en_route_delivery,-0.016,2.943,3.000,-1.500,joint_grid_transaction,291,291,1,9,17,0.000,1.00,0.912,False,None,0.000,False
423.936,7,en_route_pickup,-5.515,2.996,1.000,1.500,joint_grid_transaction,291,291,2,9,21,0.000,1.00,-0.092,False,None,0.000,False
423.936,8,en_route_delivery,2.528,3.184,3.000,1.500,joint_grid_transaction,291,291,1,9,16,0.000,1.00,0.006,False,None,0.000,False
425.984,1,en_route_pickup,2.601,-2.064,1.000,-1.500,joint_grid_transaction,291,291,3,9,19,0.000,1.00,-3.138,False,None,0.000,False
425.984,2,en_route_delivery,-2.473,-2.981,-6.000,-3.500,joint_grid_transaction,291,291,3,9,20,0.000,1.00,-3.047,False,None,0.000,False
425.984,3,en_route_delivery,-1.647,3.052,6.000,3.500,joint_grid_transaction,291,291,3,9,15,0.000,1.00,0.092,False,None,0.000,False
425.984,4,en_route_delivery,4.957,3.305,3.000,1.500,joint_grid_transaction,291,291,2,4,13,0.000,1.00,0.093,False,None,0.000,False
425.984,5,en_route_pickup,7.309,0.472,6.000,3.500,joint_grid_transaction,291,291,3,4,18,0.000,1.00,-1.890,False,None,0.000,False
425.984,6,en_route_delivery,0.255,2.981,3.000,-1.500,joint_grid_transaction,291,291,2,9,17,0.000,1.00,0.132,False,None,0.000,False
425.984,7,en_route_pickup,-5.259,3.021,1.000,1.500,joint_grid_transaction,291,291,3,9,21,0.000,1.00,-0.095,False,None,0.000,False
425.984,8,en_route_delivery,2.790,3.193,3.000,1.500,joint_grid_transaction,291,291,3,9,16,0.000,1.00,0.167,False,None,0.000,False
428.032,1,en_route_pickup,2.339,-2.063,1.000,-1.500,joint_grid_transaction,292,292,2,9,19,0.000,1.00,3.126,False,None,0.000,False
428.032,2,en_route_delivery,-2.742,-2.956,-6.000,-3.500,joint_grid_transaction,292,292,2,13,20,0.000,1.00,-3.051,False,None,0.000,False
428.032,3,en_route_delivery,-1.441,3.064,6.000,3.500,joint_grid_transaction,292,292,2,13,15,0.000,1.00,0.003,False,None,0.000,False
428.032,4,en_route_delivery,5.180,3.314,3.000,1.500,joint_grid_transaction,292,292,2,8,13,0.000,1.00,0.048,False,None,0.000,False
428.032,5,en_route_pickup,7.305,0.460,6.000,3.500,joint_grid_transaction,292,292,1,2,18,0.000,1.00,-1.886,False,joint_window_endpoint,428.500,False
428.032,6,en_route_delivery,0.537,3.008,3.000,-1.500,joint_grid_transaction,292,292,3,13,17,0.000,1.00,0.091,False,None,0.000,False
428.032,7,en_route_pickup,-4.996,3.045,1.000,1.500,joint_grid_transaction,292,292,2,13,21,0.000,1.00,-0.092,False,None,0.000,False
428.032,8,en_route_delivery,2.842,3.146,3.000,1.500,joint_grid_transaction,292,292,3,9,16,0.000,1.00,0.656,False,None,0.000,False
430.080,1,en_route_pickup,2.005,-2.037,1.000,-1.500,joint_grid_transaction,293,293,2,8,19,0.000,1.00,3.015,False,None,0.000,False
430.080,2,en_route_delivery,-2.977,-2.937,-6.000,-3.500,joint_grid_transaction,293,293,2,9,20,0.000,1.00,-3.066,False,None,0.000,False
430.080,3,en_route_delivery,-1.154,3.057,6.000,3.500,joint_grid_transaction,293,293,2,9,15,0.000,1.00,0.045,False,None,0.000,False
430.080,4,en_route_delivery,5.421,3.313,3.000,1.500,joint_grid_transaction,293,293,2,7,13,0.000,1.00,0.042,False,None,0.000,False
430.080,5,en_route_pickup,7.304,0.459,6.000,3.500,joint_grid_transaction,293,293,1,2,18,0.000,1.00,-1.890,False,joint_window_endpoint,430.420,False
430.080,6,en_route_delivery,0.783,3.031,3.000,-1.500,joint_grid_transaction,293,293,1,8,17,0.000,1.00,0.091,False,joint_slot_deadline,430.292,False
430.080,7,en_route_pickup,-4.763,3.063,1.000,1.500,joint_grid_transaction,293,293,2,9,21,0.000,1.00,-0.066,False,None,0.000,False
430.080,8,en_route_delivery,2.925,2.955,3.000,1.500,joint_grid_transaction,293,293,2,8,16,0.000,1.00,1.144,False,joint_slot_deadline,430.292,False
432.128,1,en_route_pickup,1.656,-1.999,1.000,-1.500,joint_grid_transaction,294,294,2,6,19,0.000,1.00,3.049,False,None,0.000,False
432.128,2,en_route_delivery,-3.216,-2.936,-6.000,-3.500,joint_grid_transaction,294,294,2,9,20,0.000,1.00,3.136,False,None,0.000,False
432.128,3,en_route_delivery,-0.789,3.019,6.000,3.500,joint_grid_transaction,294,294,2,9,15,0.000,1.00,0.108,False,None,0.000,False
432.128,4,en_route_delivery,5.644,3.262,3.000,1.500,joint_grid_transaction,294,294,1,9,13,0.000,1.00,0.725,False,None,0.000,False
432.128,5,en_route_pickup,7.303,0.459,6.000,3.500,joint_grid_transaction,294,294,1,2,18,0.000,1.00,-1.894,False,joint_window_endpoint,432.500,False
432.128,6,en_route_delivery,1.004,3.052,3.000,-1.500,joint_grid_transaction,294,294,1,9,17,0.000,1.00,0.086,False,None,0.000,False
432.128,7,en_route_pickup,-4.522,3.065,1.000,1.500,joint_grid_transaction,294,294,1,8,21,0.000,1.00,-0.010,False,None,0.000,False
432.128,8,en_route_delivery,2.991,2.635,3.000,1.500,joint_grid_transaction,294,294,2,6,16,0.000,1.00,1.482,False,None,0.000,False
434.176,1,en_route_delivery,1.353,-1.972,0.000,-3.500,joint_grid_transaction,294,294,3,1,19,0.000,1.00,3.051,False,None,0.000,True
434.176,2,en_route_delivery,-3.505,-2.949,-6.000,-3.500,joint_grid_transaction,294,294,3,9,20,0.000,1.00,3.061,False,None,0.000,False
434.176,3,en_route_delivery,-0.510,2.988,6.000,3.500,joint_grid_transaction,294,294,3,9,15,0.000,1.00,0.105,False,None,0.000,False
434.176,4,en_route_delivery,5.512,3.275,3.000,1.500,joint_grid_transaction,294,294,1,9,13,0.000,1.00,2.785,False,None,0.000,False
434.176,5,en_route_pickup,7.303,0.459,6.000,3.500,joint_grid_transaction,294,294,1,2,18,0.000,1.00,-1.894,False,joint_window_endpoint,434.580,False
434.176,6,en_route_delivery,1.233,3.065,3.000,-1.500,joint_grid_transaction,294,294,2,9,17,0.000,1.00,0.056,False,None,0.000,False
434.176,7,en_route_pickup,-4.264,3.060,1.000,1.500,joint_grid_transaction,294,294,2,8,21,0.000,1.00,-0.035,False,None,0.000,False
434.176,8,en_route_delivery,3.019,2.313,3.000,1.500,joint_grid_transaction,294,294,3,6,16,0.000,1.00,1.484,False,None,0.000,False
436.224,1,en_route_delivery,1.154,-1.905,0.000,-3.500,joint_grid_transaction,294,294,4,1,19,0.000,1.00,2.499,False,None,0.000,False
436.224,2,en_route_delivery,-3.874,-2.987,-6.000,-3.500,joint_grid_transaction,294,294,5,9,20,0.000,1.00,3.045,False,None,0.000,False
436.224,3,en_route_delivery,-0.237,2.960,6.000,3.500,joint_grid_transaction,294,294,4,9,15,0.000,1.00,0.100,False,None,0.000,False
436.224,4,en_route_delivery,5.226,3.232,3.000,1.500,joint_grid_transaction,294,294,3,9,13,0.000,1.00,2.778,False,None,0.000,False
436.224,5,en_route_pickup,7.267,0.562,6.000,3.500,_joint_stall_recovery,297,294,2,6,18,0.000,1.00,2.395,False,None,0.000,False
436.224,6,en_route_delivery,1.490,3.060,3.000,-1.500,joint_grid_transaction,294,294,3,9,17,0.000,1.00,0.043,False,None,0.000,False
436.224,7,en_route_pickup,-3.903,3.024,1.000,1.500,joint_grid_transaction,294,294,4,8,21,0.000,1.00,-0.101,False,None,0.000,False
436.224,8,returning_to_charge,3.043,2.038,8.500,0.000,joint_grid_transaction,294,294,4,4,None,0.000,1.00,1.483,False,None,0.000,False
438.272,1,en_route_delivery,1.071,-1.708,0.000,-3.500,joint_grid_transaction,294,294,6,1,19,0.000,1.00,1.964,False,None,0.000,False
438.272,2,en_route_delivery,-4.197,-3.018,-6.000,-3.500,joint_grid_transaction,294,294,6,9,20,0.000,1.00,3.049,False,None,0.000,False
438.272,3,en_route_delivery,-0.010,2.939,6.000,3.500,joint_grid_transaction,294,294,5,9,15,0.000,1.00,0.067,False,None,0.000,False
438.272,4,en_route_delivery,5.083,3.009,3.000,1.500,joint_grid_transaction,294,294,4,9,13,0.000,1.00,1.967,False,None,0.000,False
438.272,5,en_route_pickup,7.190,0.818,6.000,3.500,_joint_stall_recovery,297,294,3,6,18,0.000,1.00,2.163,False,None,0.000,False
438.272,6,en_route_delivery,1.855,3.022,3.000,-1.500,joint_grid_transaction,294,294,5,9,17,0.000,1.00,0.098,False,None,0.000,False
438.272,7,en_route_pickup,-3.563,2.992,1.000,1.500,joint_grid_transaction,294,294,5,8,21,0.000,1.00,-0.093,False,None,0.000,False
438.272,8,returning_to_charge,3.061,1.801,8.500,0.000,joint_grid_transaction,294,294,5,4,None,0.000,1.00,1.496,False,None,0.000,False
440.320,1,en_route_delivery,0.923,-1.836,0.000,-3.500,joint_grid_transaction,300,300,2,9,19,0.000,1.00,-2.522,False,None,0.000,False
440.320,2,en_route_delivery,-4.389,-3.036,-6.000,-3.500,joint_grid_transaction,300,300,2,8,20,0.000,1.00,3.046,False,None,0.000,False
440.320,3,en_route_delivery,0.226,2.934,6.000,3.500,joint_grid_transaction,300,300,2,9,15,0.000,1.00,0.033,False,None,0.000,False
440.320,4,en_route_delivery,4.827,3.005,3.000,1.500,joint_grid_transaction,300,300,2,8,13,0.000,1.00,3.040,False,None,0.000,False
440.320,5,en_route_pickup,7.202,0.702,6.000,3.500,joint_grid_transaction,300,300,2,3,18,0.000,1.00,-1.858,False,None,0.000,False
440.320,6,en_route_delivery,2.153,2.992,3.000,-1.500,joint_grid_transaction,300,300,3,9,17,0.000,1.00,0.101,False,None,0.000,False
440.320,7,en_route_pickup,-3.358,2.972,1.000,1.500,joint_grid_transaction,300,300,2,8,21,0.000,1.00,-0.096,False,None,0.000,False
440.320,8,returning_to_charge,3.144,1.880,8.500,0.000,joint_grid_transaction,300,300,2,8,None,0.000,1.00,0.031,False,None,0.000,False
442.368,1,en_route_delivery,0.576,-1.972,0.000,-3.500,joint_grid_transaction,301,300,4,9,19,0.000,1.00,-2.979,False,None,0.000,False
442.368,2,en_route_delivery,-4.628,-3.056,-6.000,-3.500,joint_grid_transaction,301,300,3,9,20,0.000,1.00,3.074,False,None,0.000,False
442.368,3,en_route_delivery,0.490,2.942,6.000,3.500,joint_grid_transaction,301,300,3,9,15,0.000,1.00,0.062,False,None,0.000,False
442.368,4,en_route_delivery,4.506,2.979,3.000,1.500,joint_grid_transaction,301,300,3,9,13,0.000,1.00,3.061,False,None,0.000,False
442.368,5,en_route_pickup,7.186,0.474,6.000,3.500,joint_grid_transaction,301,300,2,2,18,0.000,1.00,-1.588,False,None,0.000,False
442.368,6,en_route_delivery,2.433,2.963,3.000,-1.500,joint_grid_transaction,301,300,4,8,17,0.000,1.00,0.135,False,None,0.000,False
442.368,7,en_route_pickup,-3.104,2.948,1.000,1.500,joint_grid_transaction,301,300,3,9,21,0.000,1.00,-0.086,False,None,0.000,False
442.368,8,returning_to_charge,3.443,1.937,8.500,0.000,joint_grid_transaction,301,300,3,9,None,0.000,1.00,0.212,False,None,0.000,False
444.416,1,en_route_delivery,0.329,-2.002,0.000,-3.500,joint_grid_transaction,301,301,3,9,19,0.000,1.00,-3.035,False,None,0.000,False
444.416,2,en_route_delivery,-4.853,-3.065,-6.000,-3.500,joint_grid_transaction,301,301,3,9,20,0.000,1.00,3.139,False,None,0.000,False
444.416,3,en_route_delivery,0.858,2.981,6.000,3.500,joint_grid_transaction,301,301,3,9,15,0.000,1.00,0.100,False,None,0.000,False
444.416,4,en_route_delivery,4.234,2.956,3.000,1.500,joint_grid_transaction,301,301,2,9,13,0.000,1.00,3.059,False,None,0.000,False
444.416,5,en_route_pickup,7.186,0.460,6.000,3.500,joint_grid_transaction,301,301,1,2,18,0.000,1.00,-1.576,False,joint_window_endpoint,444.820,False
444.416,6,en_route_delivery,2.401,2.850,3.000,-1.500,joint_grid_transaction,301,301,2,8,17,0.000,1.00,1.131,False,None,0.000,False
444.416,7,en_route_pickup,-2.882,2.937,1.000,1.500,joint_grid_transaction,301,301,3,9,21,0.000,1.00,-0.021,False,None,0.000,False
444.416,8,returning_to_charge,3.694,1.981,8.500,0.000,joint_grid_transaction,301,301,3,9,None,0.000,1.00,0.101,False,None,0.000,False
446.464,1,en_route_delivery,0.144,-2.085,0.000,-3.500,joint_grid_transaction,304,304,2,8,19,0.000,1.00,-2.427,False,joint_slot_deadline,447.012,False
446.464,2,en_route_delivery,-5.114,-3.065,-6.000,-3.500,joint_grid_transaction,304,304,2,7,20,0.000,1.00,-3.140,False,None,0.000,False
446.464,3,en_route_delivery,1.186,3.014,6.000,3.500,joint_grid_transaction,304,304,2,9,15,0.000,1.00,0.096,False,None,0.000,False
446.464,4,en_route_delivery,4.002,2.938,3.000,1.500,joint_grid_transaction,304,304,1,8,13,0.000,1.00,3.082,False,None,0.000,False
446.464,5,en_route_pickup,7.186,0.459,6.000,3.500,joint_grid_transaction,304,304,1,2,18,0.000,1.00,-1.570,False,joint_window_endpoint,446.900,False
446.464,6,en_route_delivery,2.513,2.655,3.000,-1.500,joint_grid_transaction,304,304,1,9,17,0.000,1.00,0.733,False,None,0.000,False
446.464,7,en_route_pickup,-2.646,2.934,1.000,1.500,joint_grid_transaction,304,304,2,9,21,0.000,1.00,-0.019,False,None,0.000,False
446.464,8,returning_to_charge,4.025,2.013,8.500,0.000,joint_grid_transaction,304,304,1,8,None,0.000,1.00,0.092,False,None,0.000,False
448.512,1,en_route_delivery,0.086,-2.200,0.000,-3.500,joint_grid_transaction,305,305,2,8,19,0.000,1.00,-2.218,False,joint_slot_deadline,449.284,False
448.512,2,en_route_delivery,-5.392,-3.059,-6.000,-3.500,joint_grid_transaction,305,305,2,6,20,0.000,1.00,-3.102,False,None,0.000,False
448.512,3,en_route_delivery,1.464,3.040,6.000,3.500,joint_grid_transaction,305,305,1,8,15,0.000,1.00,0.093,False,None,0.000,False
448.512,4,en_route_delivery,3.769,2.934,3.000,1.500,joint_grid_transaction,305,305,1,8,13,0.000,1.00,3.117,False,None,0.000,False
448.512,5,en_route_pickup,7.186,0.458,6.000,3.500,joint_grid_transaction,305,305,1,2,18,0.000,1.00,-1.570,False,joint_window_endpoint,448.980,False
448.512,6,en_route_delivery,2.643,2.560,3.000,-1.500,joint_grid_transaction,305,305,2,9,17,0.000,1.00,0.847,False,joint_slot_deadline,449.284,False
448.512,7,en_route_pickup,-2.309,2.963,1.000,1.500,joint_grid_transaction,305,305,2,9,21,0.000,1.00,-0.116,False,None,0.000,False
448.512,8,returning_to_charge,4.236,2.034,8.500,0.000,joint_grid_transaction,305,305,1,8,None,0.000,1.00,0.095,False,None,0.000,False
450.560,1,en_route_delivery,0.046,-2.292,0.000,-3.500,joint_grid_transaction,305,305,3,8,19,0.000,1.00,-1.955,False,joint_slot_deadline,450.484,False
450.560,2,en_route_pickup,-5.751,-3.023,6.000,-3.500,joint_grid_transaction,305,305,3,4,23,0.000,1.00,-3.034,False,None,0.000,False
450.560,3,en_route_delivery,1.664,3.057,6.000,3.500,joint_grid_transaction,305,305,2,8,15,0.000,1.00,0.084,False,None,0.000,False
450.560,4,en_route_delivery,3.718,2.931,3.000,1.500,joint_grid_transaction,305,305,2,8,13,0.000,0.55,2.808,False,None,0.000,False
450.560,5,en_route_pickup,7.186,0.457,6.000,3.500,_joint_stall_recovery,308,305,1,6,18,0.000,1.00,-1.570,False,None,0.000,False
450.560,6,en_route_delivery,2.692,2.455,3.000,-1.500,joint_grid_transaction,305,305,3,9,17,0.000,1.00,1.149,False,joint_slot_deadline,450.484,False
450.560,7,en_route_pickup,-2.007,2.997,1.000,1.500,joint_grid_transaction,305,305,3,9,21,0.000,1.00,-0.100,False,None,0.000,False
450.560,8,returning_to_charge,4.439,2.053,8.500,0.000,joint_grid_transaction,305,305,2,8,None,0.000,1.00,0.096,False,None,0.000,False
452.608,1,en_route_delivery,-0.006,-2.643,0.000,-3.500,joint_grid_transaction,305,305,5,8,19,0.000,1.00,-1.657,False,None,0.000,False
452.608,2,en_route_pickup,-5.875,-3.156,6.000,-3.500,joint_grid_transaction,305,305,5,4,23,0.000,1.00,2.099,False,None,0.000,False
452.608,3,en_route_delivery,1.886,3.064,6.000,3.500,joint_grid_transaction,305,305,3,8,15,0.000,1.00,0.012,False,None,0.000,False
452.608,4,en_route_delivery,3.663,2.895,3.000,1.500,joint_grid_transaction,305,305,2,8,13,0.000,1.00,2.548,False,None,0.000,False
452.608,5,en_route_pickup,7.208,0.585,6.000,3.500,_joint_stall_recovery,308,305,2,6,18,0.000,1.00,-0.868,False,None,0.000,False
452.608,6,en_route_delivery,2.722,2.218,3.000,-1.500,joint_grid_transaction,305,305,5,9,17,0.000,1.00,2.129,False,None,0.000,False
452.608,7,en_route_pickup,-1.707,3.026,1.000,1.500,joint_grid_transaction,305,305,4,9,21,0.000,1.00,-0.097,False,None,0.000,False
452.608,8,returning_to_charge,4.658,2.064,8.500,0.000,joint_grid_transaction,305,305,3,8,None,0.000,1.00,0.051,False,None,0.000,False
454.656,1,en_route_pickup,-0.032,-2.941,-3.000,-1.500,joint_grid_transaction,305,305,6,2,25,0.000,1.00,-1.657,False,None,0.000,False
454.656,2,en_route_pickup,-5.936,-3.291,6.000,-3.500,joint_grid_transaction,305,305,6,4,23,0.000,1.00,1.928,False,None,0.000,False
454.656,3,en_route_delivery,2.137,3.064,6.000,3.500,joint_grid_transaction,305,305,4,8,15,0.000,1.00,0.030,False,None,0.000,False
454.656,4,en_route_delivery,3.565,2.662,3.000,1.500,joint_grid_transaction,305,305,4,8,13,0.000,1.00,1.910,False,None,0.000,False
454.656,5,en_route_pickup,7.147,0.780,6.000,3.500,_joint_stall_recovery,308,305,3,6,18,0.000,1.00,-2.080,False,None,0.000,False
454.656,6,en_route_delivery,2.654,2.156,3.000,-1.500,joint_grid_transaction,305,305,6,9,17,0.000,0.55,2.401,False,None,0.000,False
454.656,7,en_route_pickup,-1.460,3.049,1.000,1.500,joint_grid_transaction,305,305,5,9,21,0.000,1.00,-0.073,False,None,0.000,False
454.656,8,returning_to_charge,4.893,2.064,8.500,0.000,joint_grid_transaction,305,305,4,8,None,0.000,1.00,0.043,False,None,0.000,False
456.704,1,en_route_pickup,-0.198,-2.950,-3.000,-1.500,joint_grid_transaction,315,315,2,9,25,0.000,1.00,-2.856,False,None,0.000,False
456.704,2,en_route_pickup,-5.821,-3.234,6.000,-3.500,joint_grid_transaction,315,315,2,9,23,0.000,1.00,0.271,False,None,0.000,False
456.704,3,en_route_delivery,2.356,3.044,6.000,3.500,joint_grid_transaction,315,315,2,8,15,0.000,0.85,0.108,False,None,0.000,False
456.704,4,en_route_delivery,3.508,2.488,3.000,1.500,joint_grid_transaction,315,315,3,8,13,0.000,1.00,2.127,False,None,0.000,False
456.704,5,en_route_pickup,7.117,0.725,6.000,3.500,joint_grid_transaction,315,315,1,3,18,0.000,1.00,2.147,False,None,0.000,False
456.704,6,en_route_delivery,2.575,2.116,3.000,-1.500,joint_grid_transaction,315,315,2,8,17,0.000,1.00,2.653,False,None,0.000,False
456.704,7,en_route_pickup,-1.233,3.064,1.000,1.500,joint_grid_transaction,315,315,2,9,21,0.000,1.00,-0.030,False,None,0.000,False
456.704,8,returning_to_charge,5.130,2.038,8.500,0.000,joint_grid_transaction,315,315,2,8,None,0.000,1.00,0.119,False,None,0.000,False
458.752,1,en_route_pickup,-0.557,-3.001,-3.000,-1.500,joint_grid_transaction,316,316,3,9,25,0.000,1.00,-3.053,False,None,0.000,False
458.752,2,en_route_pickup,-5.486,-3.270,6.000,-3.500,joint_grid_transaction,316,316,2,9,23,0.000,1.00,0.076,False,None,0.000,False
458.752,3,en_route_delivery,2.423,3.104,6.000,3.500,joint_grid_transaction,316,316,3,9,15,0.000,1.00,0.597,False,None,0.000,False
458.752,4,en_route_delivery,3.556,2.469,3.000,1.500,joint_grid_transaction,316,316,2,9,13,0.000,1.00,0.386,False,None,0.000,False
458.752,5,en_route_pickup,7.159,0.611,6.000,3.500,joint_grid_transaction,316,316,2,3,18,0.000,1.00,1.309,False,None,0.000,False
458.752,6,en_route_delivery,2.581,2.169,3.000,-1.500,joint_grid_transaction,316,316,2,9,17,0.000,1.00,-1.389,False,None,0.000,False
458.752,7,en_route_pickup,-0.965,3.058,1.000,1.500,joint_grid_transaction,316,316,2,9,21,0.000,1.00,-0.039,False,None,0.000,False
458.752,8,returning_to_charge,5.355,2.013,8.500,0.000,joint_grid_transaction,316,316,2,8,None,0.000,1.00,0.110,False,None,0.000,False
460.800,1,en_route_pickup,-0.783,-3.021,-3.000,-1.500,joint_grid_transaction,317,317,1,8,25,0.000,1.00,-3.054,False,joint_slot_deadline,460.788,False
460.800,2,en_route_pickup,-5.215,-3.290,6.000,-3.500,joint_grid_transaction,317,317,2,9,23,0.000,1.00,0.077,False,None,0.000,False
460.800,3,en_route_delivery,2.777,3.228,6.000,3.500,joint_grid_transaction,317,317,2,9,15,0.000,1.00,0.138,False,None,0.000,False
460.800,4,en_route_delivery,3.579,2.539,3.000,1.500,joint_grid_transaction,317,317,1,7,13,0.000,1.00,1.371,False,None,0.000,False
460.800,5,en_route_pickup,7.198,0.462,6.000,3.500,joint_grid_transaction,317,317,1,2,18,0.000,1.00,1.321,False,joint_window_endpoint,461.140,False
460.800,6,en_route_delivery,2.562,2.142,3.000,-1.500,joint_grid_transaction,317,317,1,8,17,0.000,1.00,-2.166,False,None,0.000,False
460.800,7,en_route_pickup,-0.715,3.035,1.000,1.500,joint_grid_transaction,317,317,1,8,21,0.000,1.00,-0.139,False,joint_slot_deadline,460.788,False
460.800,8,returning_to_charge,5.669,1.980,8.500,0.000,joint_grid_transaction,317,317,2,9,None,0.000,1.00,0.102,False,None,0.000,False
462.848,1,en_route_pickup,-1.045,-3.045,-3.000,-1.500,joint_grid_transaction,317,317,2,8,25,0.000,1.00,-3.049,False,None,0.000,False
462.848,2,en_route_pickup,-4.981,-3.309,6.000,-3.500,joint_grid_transaction,317,317,3,9,23,0.000,1.00,0.050,False,None,0.000,False
462.848,3,en_route_delivery,3.090,3.258,6.000,3.500,joint_grid_transaction,317,317,4,9,15,0.000,0.60,0.083,False,None,0.000,False
462.848,4,en_route_delivery,3.467,2.475,3.000,1.500,joint_grid_transaction,317,317,2,7,13,0.000,1.00,-2.807,False,None,0.000,False
462.848,5,en_route_pickup,7.198,0.462,6.000,3.500,joint_grid_transaction,317,317,1,2,18,0.000,1.00,1.321,False,joint_window_endpoint,463.220,False
462.848,6,en_route_delivery,2.364,2.071,3.000,-1.500,_priority_yield_direct,320,317,0,4,17,0.000,0.70,3.046,False,None,0.000,False
462.848,7,en_route_pickup,-0.367,2.998,1.000,1.500,joint_grid_transaction,317,317,3,8,21,0.000,1.00,-0.094,False,None,0.000,False
462.848,8,returning_to_charge,5.932,1.953,8.500,0.000,joint_grid_transaction,317,317,3,9,None,0.000,1.00,0.099,False,None,0.000,False
464.896,1,en_route_pickup,-1.265,-3.063,-3.000,-1.500,joint_grid_transaction,317,317,3,8,25,0.000,1.00,-3.103,False,None,0.000,False
464.896,2,en_route_pickup,-4.752,-3.318,6.000,-3.500,joint_grid_transaction,317,317,4,9,23,0.000,1.00,0.037,False,None,0.000,False
464.896,3,en_route_delivery,3.367,3.282,6.000,3.500,joint_grid_transaction,317,317,5,9,15,0.000,1.00,0.088,False,None,0.000,False
464.896,4,en_route_delivery,3.387,2.409,3.000,1.500,joint_grid_transaction,317,317,3,7,13,0.000,0.55,-2.473,False,None,0.000,False
464.896,5,en_route_pickup,7.198,0.462,6.000,3.500,joint_grid_transaction,317,317,1,2,18,0.000,1.00,1.321,False,joint_window_endpoint,465.300,False
464.896,6,en_route_delivery,2.201,2.055,3.000,-1.500,_priority_yield_direct,320,317,0,4,17,0.000,0.70,3.049,False,None,0.000,False
464.896,7,en_route_pickup,-0.066,2.970,1.000,1.500,joint_grid_transaction,317,317,4,8,21,0.000,1.00,-0.091,False,None,0.000,False
464.896,8,returning_to_charge,6.156,1.938,8.500,0.000,joint_grid_transaction,317,317,4,9,None,0.000,1.00,0.060,False,None,0.000,False
466.944,1,en_route_pickup,-1.509,-3.067,-3.000,-1.500,joint_grid_transaction,343,343,1,8,25,0.000,1.00,-3.111,False,None,0.000,False
466.944,2,en_route_pickup,-4.464,-3.300,6.000,-3.500,joint_grid_transaction,343,343,1,8,23,0.000,1.00,0.120,False,None,0.000,False
466.944,3,en_route_delivery,3.618,3.304,6.000,3.500,joint_grid_transaction,343,343,2,9,15,0.000,1.00,0.085,False,None,0.000,False
466.944,4,en_route_delivery,3.300,2.377,3.000,1.500,joint_grid_transaction,343,343,1,6,13,0.000,1.00,3.116,False,None,0.000,False
466.944,5,en_route_pickup,7.181,0.490,6.000,3.500,joint_grid_transaction,343,343,2,9,18,0.000,1.00,2.203,False,None,0.000,False
466.944,6,en_route_delivery,2.115,2.056,3.000,-1.500,joint_grid_transaction,343,343,1,8,17,0.000,1.00,-2.575,False,None,0.000,False
466.944,7,en_route_pickup,0.189,2.948,1.000,1.500,joint_grid_transaction,343,343,2,9,21,0.000,1.00,-0.085,False,None,0.000,False
466.944,8,returning_to_charge,6.388,1.936,8.500,0.000,joint_grid_transaction,343,343,2,9,None,0.000,1.00,0.032,False,None,0.000,False
468.992,1,en_route_pickup,-1.767,-3.054,-3.000,-1.500,joint_grid_transaction,343,343,2,8,25,0.000,1.00,3.056,False,None,0.000,False
468.992,2,en_route_pickup,-4.194,-3.269,6.000,-3.500,joint_grid_transaction,343,343,3,8,23,0.000,1.00,0.102,False,None,0.000,False
468.992,3,en_route_delivery,3.832,3.314,6.000,3.500,joint_grid_transaction,343,343,3,9,15,0.000,1.00,0.003,False,None,0.000,False
468.992,4,en_route_delivery,3.193,2.365,3.000,1.500,joint_grid_transaction,343,343,3,6,13,0.000,1.00,-2.382,False,None,0.000,False
468.992,5,en_route_pickup,6.903,0.497,6.000,3.500,joint_grid_transaction,343,343,3,9,18,0.000,1.00,3.063,False,None,0.000,False
468.992,6,en_route_delivery,2.066,2.264,3.000,-1.500,joint_grid_transaction,343,343,2,8,17,0.000,1.00,-1.910,False,None,0.000,False
468.992,7,en_route_pickup,0.414,2.936,1.000,1.500,joint_grid_transaction,343,343,3,9,21,0.000,1.00,-0.058,False,None,0.000,False
468.992,8,returning_to_charge,6.741,1.971,8.500,0.000,joint_grid_transaction,343,343,3,9,None,0.000,1.00,0.112,False,None,0.000,False
471.040,1,en_route_pickup,-2.137,-3.014,-3.000,-1.500,joint_grid_transaction,344,344,3,9,25,0.000,1.00,3.041,False,None,0.000,False
471.040,2,en_route_pickup,-3.981,-3.261,6.000,-3.500,joint_grid_transaction,344,344,3,9,23,0.000,1.00,0.542,False,None,0.000,False
471.040,3,en_route_delivery,4.116,3.308,6.000,3.500,joint_grid_transaction,344,344,3,9,15,0.000,1.00,0.042,False,None,0.000,False
471.040,4,en_route_delivery,3.146,2.297,3.000,1.500,joint_grid_transaction,344,344,3,6,13,0.000,1.00,-2.184,False,None,0.000,False
471.040,5,en_route_pickup,6.614,0.473,6.000,3.500,joint_grid_transaction,344,344,3,9,18,0.000,1.00,3.057,False,None,0.000,False
471.040,6,en_route_delivery,2.052,2.271,3.000,-1.500,joint_grid_transaction,344,344,3,9,17,0.000,1.00,-2.106,False,None,0.000,False
471.040,7,en_route_pickup,0.650,2.936,1.000,1.500,joint_grid_transaction,344,344,2,8,21,0.000,1.00,-0.043,False,None,0.000,False
471.040,8,returning_to_charge,7.085,2.006,8.500,0.000,joint_grid_transaction,344,344,3,9,None,0.000,1.00,0.098,False,None,0.000,False
473.088,1,en_route_pickup,-2.458,-2.983,-3.000,-1.500,joint_grid_transaction,345,345,1,8,25,0.000,0.85,3.053,False,None,0.000,False
473.088,2,en_route_pickup,-3.813,-3.466,6.000,-3.500,joint_grid_transaction,345,345,1,9,23,0.000,1.00,0.926,False,None,0.000,False
473.088,3,en_route_delivery,4.480,3.271,6.000,3.500,joint_grid_transaction,345,345,1,8,15,0.000,1.00,0.103,False,None,0.000,False
473.088,4,returning_to_charge,3.030,1.991,8.500,0.000,joint_grid_transaction,345,345,1,9,None,0.000,1.00,-1.329,False,None,0.000,False
473.088,5,en_route_pickup,6.350,0.451,6.000,3.500,joint_grid_transaction,345,345,2,8,18,0.000,1.00,3.063,False,None,0.000,False
473.088,6,en_route_delivery,2.129,2.317,3.000,-1.500,joint_grid_transaction,345,345,2,9,17,0.000,1.00,-0.620,False,None,0.000,False
473.088,7,en_route_pickup,0.845,2.904,1.000,1.500,joint_grid_transaction,345,345,2,8,21,0.000,1.00,-0.594,False,joint_slot_deadline,474.020,False
473.088,8,returning_to_charge,7.375,2.034,8.500,0.000,joint_grid_transaction,345,345,2,9,None,0.000,1.00,0.093,False,None,0.000,False
475.136,1,en_route_pickup,-2.665,-2.966,-3.000,-1.500,joint_grid_transaction,345,345,2,8,25,0.000,0.85,3.067,False,None,0.000,False
475.136,2,en_route_pickup,-3.634,-3.557,6.000,-3.500,joint_grid_transaction,345,345,2,9,23,0.000,1.00,0.859,False,None,0.000,False
475.136,3,en_route_delivery,4.705,3.247,6.000,3.500,joint_grid_transaction,345,345,2,8,15,0.000,1.00,0.106,False,None,0.000,False
475.136,4,returning_to_charge,3.270,2.016,8.500,0.000,joint_grid_transaction,345,345,2,9,None,0.000,1.00,-0.145,False,None,0.000,False
475.136,5,en_route_pickup,6.121,0.438,6.000,3.500,joint_grid_transaction,345,345,3,8,18,0.000,1.00,3.093,False,None,0.000,False
475.136,6,en_route_delivery,2.285,2.309,3.000,-1.500,joint_grid_transaction,345,345,2,9,17,0.000,1.00,-0.028,False,None,0.000,False
475.136,7,en_route_pickup,0.884,2.783,1.000,1.500,joint_grid_transaction,345,345,3,8,21,0.000,1.00,-1.070,False,None,0.000,False
475.136,8,returning_to_charge,7.509,2.036,8.500,0.000,joint_grid_transaction,345,345,3,9,None,0.000,1.00,0.574,False,None,0.000,False
477.184,1,en_route_pickup,-2.782,-2.957,-3.000,-1.500,joint_grid_transaction,346,346,2,8,25,0.000,0.70,2.969,False,None,0.000,False
477.184,2,en_route_pickup,-3.639,-3.486,6.000,-3.500,joint_grid_transaction,346,346,1,9,23,0.000,1.00,1.240,False,None,0.000,False
477.184,3,en_route_delivery,4.993,3.217,6.000,3.500,joint_grid_transaction,346,346,2,7,15,0.000,1.00,0.100,False,None,0.000,False
477.184,4,returning_to_charge,3.587,1.987,8.500,0.000,joint_grid_transaction,346,346,3,9,None,0.000,1.00,-0.089,False,None,0.000,False
477.184,5,en_route_pickup,5.902,0.434,6.000,3.500,joint_grid_transaction,346,346,2,6,18,0.000,1.00,-3.114,False,None,0.000,False
477.184,6,en_route_delivery,2.515,2.318,3.000,-1.500,joint_grid_transaction,346,346,2,9,17,0.000,1.00,-0.019,False,None,0.000,False
477.184,7,en_route_pickup,0.946,2.643,1.000,1.500,joint_grid_transaction,346,346,2,6,21,0.000,1.00,-1.276,False,None,0.000,False
477.184,8,returning_to_charge,7.627,1.897,8.500,0.000,joint_grid_transaction,346,346,3,9,None,0.000,1.00,1.025,False,None,0.000,False
479.232,1,en_route_pickup,-2.856,-2.839,-3.000,-1.500,joint_grid_transaction,346,346,3,8,25,0.000,1.00,2.154,False,None,0.000,False
479.232,2,en_route_pickup,-3.768,-3.390,6.000,-3.500,joint_grid_transaction,346,346,2,9,23,0.000,1.00,2.497,False,None,0.000,False
479.232,3,en_route_delivery,5.233,3.193,6.000,3.500,joint_grid_transaction,346,346,3,7,15,0.000,1.00,0.086,False,None,0.000,False
479.232,4,returning_to_charge,3.871,1.962,8.500,0.000,joint_grid_transaction,346,346,4,9,None,0.000,1.00,-0.090,False,None,0.000,False
479.232,5,en_route_pickup,5.553,0.468,6.000,3.500,joint_grid_transaction,346,346,3,6,18,0.000,1.00,-3.032,False,None,0.000,False
479.232,6,en_route_delivery,2.812,2.300,3.000,-1.500,joint_grid_transaction,346,346,4,9,17,0.000,1.00,-0.106,False,None,0.000,False
479.232,7,en_route_pickup,0.998,2.281,1.000,1.500,joint_grid_transaction,346,346,3,6,21,0.000,1.00,-1.484,False,None,0.000,False
479.232,8,returning_to_charge,7.732,1.535,8.500,0.000,joint_grid_transaction,346,346,4,9,None,0.000,1.00,1.464,False,None,0.000,False
481.280,1,en_route_pickup,-2.978,-2.484,-3.000,-1.500,joint_grid_transaction,348,348,1,5,25,0.000,1.00,1.705,False,None,0.000,False
481.280,2,en_route_pickup,-3.721,-3.349,6.000,-3.500,joint_grid_transaction,348,348,1,8,23,0.000,1.00,0.706,False,None,0.000,False
481.280,3,en_route_delivery,5.458,3.184,6.000,3.500,joint_grid_transaction,348,348,1,4,15,0.000,1.00,0.057,False,None,0.000,False
481.280,4,returning_to_charge,4.106,1.944,8.500,0.000,joint_grid_transaction,348,348,2,9,None,0.000,1.00,-0.061,False,None,0.000,False
481.280,5,en_route_pickup,5.397,0.413,6.000,3.500,joint_grid_transaction,348,348,2,4,18,0.000,1.00,2.462,False,joint_slot_deadline,482.164,False
481.280,6,en_route_delivery,3.080,2.269,3.000,-1.500,joint_grid_transaction,348,348,2,9,17,0.000,1.00,-0.117,False,None,0.000,False
481.280,7,en_route_delivery,1.029,2.031,6.000,-3.500,joint_grid_transaction,348,348,1,9,21,0.000,1.00,-1.096,False,None,0.000,False
481.280,8,returning_to_charge,7.763,1.204,8.500,0.000,joint_grid_transaction,348,348,1,9,None,0.000,1.00,1.478,False,None,0.000,False
483.328,1,en_route_pickup,-3.001,-2.280,-3.000,-1.500,joint_grid_transaction,349,349,2,5,25,0.000,1.00,1.665,False,None,0.000,False
483.328,2,en_route_pickup,-3.539,-3.290,6.000,-3.500,joint_grid_transaction,349,349,2,9,23,0.000,1.00,0.221,False,None,0.000,False
483.328,3,returning_to_charge,5.714,3.192,8.500,0.000,joint_grid_transaction,349,349,2,8,None,0.000,1.00,0.074,False,None,0.000,False
483.328,4,returning_to_charge,4.330,1.935,8.500,0.000,joint_grid_transaction,349,349,2,9,None,0.000,1.00,-0.007,False,None,0.000,False
483.328,5,en_route_pickup,5.455,0.374,6.000,3.500,joint_grid_transaction,349,349,1,9,18,0.000,1.00,1.026,False,None,0.000,False
483.328,6,en_route_delivery,3.406,2.235,3.000,-1.500,joint_grid_transaction,349,349,2,9,17,0.000,1.00,-0.100,False,None,0.000,False
483.328,7,en_route_delivery,1.284,2.025,6.000,-3.500,joint_grid_transaction,349,349,2,9,21,0.000,1.00,-0.179,False,None,0.000,False
483.328,8,returning_to_charge,7.785,0.966,8.500,0.000,joint_grid_transaction,349,349,1,8,None,0.000,1.00,1.480,False,joint_slot_deadline,483.396,False
485.376,1,en_route_delivery,-3.023,-2.026,0.000,-3.500,joint_grid_transaction,350,350,1,9,25,0.000,1.00,1.234,False,None,0.000,False
485.376,2,en_route_pickup,-3.183,-3.247,6.000,-3.500,joint_grid_transaction,350,350,2,9,23,0.000,1.00,0.089,False,None,0.000,False
485.376,3,returning_to_charge,6.083,3.233,8.500,0.000,joint_grid_transaction,350,350,2,6,None,0.000,1.00,0.100,False,None,0.000,False
485.376,4,returning_to_charge,4.637,1.950,8.500,0.000,joint_grid_transaction,350,350,2,9,None,0.000,1.00,-0.094,False,None,0.000,False
485.376,5,en_route_pickup,5.659,0.436,6.000,3.500,joint_grid_transaction,350,350,2,9,18,0.000,1.00,-0.002,False,None,0.000,False
485.376,6,en_route_delivery,3.681,2.209,3.000,-1.500,joint_grid_transaction,350,350,2,9,17,0.000,1.00,-0.088,False,None,0.000,False
485.376,7,en_route_delivery,1.610,1.991,6.000,-3.500,joint_grid_transaction,350,350,2,9,21,0.000,1.00,-0.085,False,None,0.000,False
485.376,8,returning_to_charge,7.806,0.739,8.500,0.000,joint_grid_transaction,350,350,1,7,None,0.000,1.00,1.505,False,None,0.000,False
487.424,1,en_route_delivery,-2.790,-2.026,0.000,-3.500,joint_grid_transaction,350,350,2,9,25,0.000,1.00,0.169,False,None,0.000,False
487.424,2,en_route_pickup,-2.882,-3.221,6.000,-3.500,joint_grid_transaction,350,350,3,9,23,0.000,1.00,0.088,False,None,0.000,False
487.424,3,returning_to_charge,6.408,3.265,8.500,0.000,joint_grid_transaction,350,350,3,6,None,0.000,1.00,0.096,False,None,0.000,False
487.424,4,returning_to_charge,4.980,1.989,8.500,0.000,joint_grid_transaction,350,350,3,9,None,0.000,1.00,-0.094,False,None,0.000,False
487.424,5,en_route_pickup,5.795,0.480,6.000,3.500,joint_grid_transaction,350,350,3,9,18,0.000,1.00,0.735,False,None,0.000,False
487.424,6,en_route_delivery,3.920,2.190,3.000,-1.500,joint_grid_transaction,350,350,3,9,17,0.000,1.00,-0.076,False,None,0.000,False
487.424,7,en_route_delivery,1.904,1.966,6.000,-3.500,joint_grid_transaction,350,350,3,9,21,0.000,1.00,-0.086,False,None,0.000,False
487.424,8,returning_to_charge,7.818,0.512,8.500,0.000,joint_grid_transaction,350,350,2,7,None,0.000,1.00,1.526,False,None,0.000,False
489.472,1,en_route_delivery,-2.469,-1.993,0.000,-3.500,joint_grid_transaction,351,351,2,9,25,0.000,1.00,0.089,False,joint_slot_deadline,489.780,False
489.472,2,en_route_pickup,-2.625,-3.198,6.000,-3.500,joint_grid_transaction,351,351,2,9,23,0.000,1.00,0.089,False,None,0.000,False
489.472,3,returning_to_charge,6.685,3.291,8.500,0.000,joint_grid_transaction,351,351,2,4,None,0.000,1.00,0.092,False,None,0.000,False
489.472,4,returning_to_charge,5.282,2.017,8.500,0.000,joint_grid_transaction,351,351,1,8,None,0.000,1.00,-0.091,False,joint_slot_deadline,489.780,False
489.472,5,en_route_pickup,5.903,0.631,6.000,3.500,joint_grid_transaction,351,351,1,8,18,0.000,1.00,1.122,False,joint_slot_deadline,489.780,False
489.472,6,en_route_delivery,4.029,2.180,3.000,-1.500,joint_grid_transaction,351,351,2,9,17,0.000,1.00,-0.392,False,None,0.000,False
489.472,7,en_route_delivery,2.153,1.945,6.000,-3.500,joint_grid_transaction,351,351,2,9,21,0.000,1.00,-0.085,False,None,0.000,False
489.472,8,returning_to_charge,7.803,0.234,8.500,0.000,joint_grid_transaction,351,351,2,6,None,0.000,1.00,1.677,False,None,0.000,False
491.520,1,en_route_delivery,-2.226,-1.970,0.000,-3.500,joint_grid_transaction,351,351,3,9,25,0.000,1.00,0.093,False,None,0.000,False
491.520,2,en_route_pickup,-2.411,-3.187,6.000,-3.500,joint_grid_transaction,351,351,3,9,23,0.000,1.00,0.007,False,None,0.000,False
491.520,3,returning_to_charge,6.922,3.310,8.500,0.000,joint_grid_transaction,351,351,3,4,None,0.000,1.00,0.074,False,None,0.000,False
491.520,4,returning_to_charge,5.511,2.039,8.500,0.000,joint_grid_transaction,351,351,2,8,None,0.000,1.00,-0.093,False,None,0.000,False
491.520,5,en_route_pickup,5.952,0.779,6.000,3.500,joint_grid_transaction,351,351,3,8,18,0.000,1.00,1.948,False,None,0.000,False
491.520,6,en_route_delivery,4.179,1.937,3.000,-1.500,joint_grid_transaction,351,351,3,9,17,0.000,1.00,-1.186,False,None,0.000,False
491.520,7,en_route_delivery,2.374,1.936,6.000,-3.500,joint_grid_transaction,351,351,3,9,21,0.000,1.00,-0.012,False,None,0.000,False
491.520,8,returning_to_charge,7.882,0.172,8.500,0.000,joint_grid_transaction,351,351,4,6,None,0.000,1.00,0.696,False,None,0.000,False
493.568,1,en_route_delivery,-1.981,-1.947,0.000,-3.500,joint_grid_transaction,352,352,1,8,25,0.000,1.00,0.077,False,None,0.000,False
493.568,2,en_route_pickup,-2.158,-3.185,6.000,-3.500,joint_grid_transaction,352,352,2,9,23,0.000,1.00,0.009,False,None,0.000,False
493.568,3,returning_to_charge,6.945,3.253,8.500,0.000,joint_grid_transaction,352,352,2,9,None,0.000,1.00,1.088,False,None,0.000,False
493.568,4,returning_to_charge,5.745,2.060,8.500,0.000,joint_grid_transaction,352,352,2,9,None,0.000,1.00,-0.069,False,None,0.000,False
493.568,5,en_route_pickup,5.908,0.850,6.000,3.500,joint_grid_transaction,352,352,2,9,18,0.000,1.00,2.174,False,joint_slot_deadline,493.780,False
493.568,6,en_route_delivery,4.243,1.572,3.000,-1.500,joint_grid_transaction,352,352,2,9,17,0.000,1.00,-1.482,False,None,0.000,False
493.568,7,en_route_delivery,2.622,1.935,6.000,-3.500,joint_grid_transaction,352,352,2,9,21,0.000,1.00,-0.022,False,None,0.000,False
493.568,8,charging,8.227,0.029,8.500,0.000,joint_grid_transaction,352,352,2,3,None,0.000,1.00,0.161,False,None,0.000,False
495.616,1,en_route_delivery,-1.752,-1.934,0.000,-3.500,joint_grid_transaction,353,353,1,9,25,0.000,1.00,0.042,False,None,0.000,False
495.616,2,en_route_pickup,-1.843,-3.203,6.000,-3.500,joint_grid_transaction,353,353,2,9,23,0.000,1.00,0.106,False,None,0.000,False
495.616,3,returning_to_charge,6.919,3.264,8.500,0.000,joint_grid_transaction,353,353,1,9,None,0.000,1.00,2.192,False,None,0.000,False
495.616,4,returning_to_charge,5.976,2.067,8.500,0.000,joint_grid_transaction,353,353,1,8,None,0.000,1.00,-0.054,False,None,0.000,False
495.616,5,en_route_pickup,5.915,0.859,6.000,3.500,joint_grid_transaction,353,353,1,8,18,0.000,0.85,2.066,False,joint_slot_deadline,496.292,False
495.616,6,en_route_delivery,4.271,1.255,3.000,-1.500,joint_grid_transaction,353,353,1,8,17,0.000,1.00,-1.484,False,None,0.000,False
495.616,7,en_route_delivery,2.963,1.966,6.000,-3.500,joint_grid_transaction,353,353,2,9,21,0.000,1.00,-0.117,False,None,0.000,False
495.616,8,charging,8.284,0.021,8.500,0.000,joint_grid_transaction,352,352,3,3,None,0.000,1.00,0.133,False,None,0.000,False
497.664,1,en_route_delivery,-1.478,-1.945,0.000,-3.500,joint_grid_transaction,354,354,1,8,25,0.000,1.00,0.078,False,None,0.000,False
497.664,2,en_route_pickup,-1.476,-3.243,6.000,-3.500,joint_grid_transaction,354,354,1,8,23,0.000,1.00,0.095,False,None,0.000,False
497.664,3,returning_to_charge,7.029,3.281,8.500,0.000,joint_grid_transaction,354,354,2,9,None,0.000,1.00,0.544,False,None,0.000,False
497.664,4,returning_to_charge,6.242,2.056,8.500,0.000,joint_grid_transaction,354,354,2,9,None,0.000,1.00,-0.093,False,None,0.000,False
497.664,5,en_route_pickup,5.925,0.888,6.000,3.500,joint_grid_transaction,354,354,1,8,18,0.000,1.00,1.664,False,None,0.000,False
497.664,6,en_route_delivery,4.290,1.038,3.000,-1.500,joint_grid_transaction,354,354,2,9,17,0.000,1.00,-1.484,False,None,0.000,False
497.664,7,en_route_delivery,3.257,1.999,6.000,-3.500,joint_grid_transaction,354,354,2,9,21,0.000,1.00,-0.105,False,None,0.000,False
497.664,8,en_route_pickup,8.284,0.021,-1.000,-1.500,joint_grid_transaction,352,352,3,4,24,0.000,1.00,0.133,False,None,0.000,False
499.712,1,en_route_delivery,-1.206,-1.975,0.000,-3.500,joint_grid_transaction,354,354,3,8,25,0.000,1.00,0.112,False,None,0.000,False
499.712,2,en_route_pickup,-1.255,-3.265,6.000,-3.500,joint_grid_transaction,354,354,2,8,23,0.000,1.00,0.098,False,None,0.000,False
499.712,3,returning_to_charge,7.187,3.017,8.500,0.000,joint_grid_transaction,354,354,3,9,None,0.000,1.00,1.263,False,None,0.000,False
499.712,4,returning_to_charge,6.541,2.020,8.500,0.000,joint_grid_transaction,354,354,4,9,None,0.000,1.00,-0.105,False,None,0.000,False
499.712,5,en_route_pickup,5.920,0.980,6.000,3.500,joint_grid_transaction,354,354,1,8,18,0.000,0.40,1.584,False,None,0.000,False
499.712,6,en_route_delivery,4.311,0.798,3.000,-1.500,joint_grid_transaction,354,354,3,9,17,0.000,1.00,-1.484,False,None,0.000,False
499.712,7,en_route_delivery,3.483,2.023,6.000,-3.500,joint_grid_transaction,354,354,3,9,21,0.000,1.00,-0.105,False,None,0.000,False
499.712,8,en_route_pickup,8.284,0.021,-1.000,-1.500,joint_grid_transaction,352,352,3,4,24,0.000,1.00,0.133,False,None,0.000,False
501.760,1,en_route_delivery,-0.869,-2.009,0.000,-3.500,joint_grid_transaction,356,356,2,9,25,0.000,1.00,0.097,False,None,0.000,False
501.760,2,en_route_pickup,-0.983,-3.291,6.000,-3.500,joint_grid_transaction,356,356,1,8,23,0.000,1.00,0.094,False,None,0.000,False
501.760,3,returning_to_charge,7.257,2.851,8.500,0.000,joint_grid_transaction,356,356,1,9,None,0.000,1.00,1.566,False,None,0.000,False
501.760,4,returning_to_charge,6.871,1.988,8.500,0.000,joint_grid_transaction,356,356,2,9,None,0.000,1.00,-0.096,False,None,0.000,False
501.760,5,en_route_pickup,5.935,1.157,6.000,3.500,joint_grid_transaction,356,356,2,9,18,0.000,1.00,1.448,False,None,0.000,False
501.760,6,en_route_delivery,4.313,0.566,3.000,-1.500,joint_grid_transaction,356,356,2,9,17,0.000,1.00,-1.589,False,None,0.000,False
501.760,7,en_route_delivery,3.738,2.050,6.000,-3.500,joint_grid_transaction,356,356,1,8,21,0.000,1.00,-0.101,False,None,0.000,False
501.760,8,en_route_pickup,8.184,-0.032,-1.000,-1.500,joint_grid_transaction,356,356,2,9,24,0.000,1.00,2.180,False,None,0.000,False
503.808,1,en_route_delivery,-0.584,-2.037,0.000,-3.500,joint_grid_transaction,356,356,3,9,25,0.000,1.00,0.095,False,None,0.000,False
503.808,2,en_route_pickup,-0.789,-3.310,6.000,-3.500,joint_grid_transaction,356,356,2,8,23,0.000,1.00,0.095,False,None,0.000,False
503.808,3,returning_to_charge,7.200,2.926,8.500,0.000,joint_grid_transaction,356,356,4,9,None,0.000,1.00,2.607,False,joint_slot_deadline,504.692,False
503.808,4,returning_to_charge,7.152,1.961,8.500,0.000,joint_grid_transaction,356,356,3,9,None,0.000,1.00,-0.094,False,None,0.000,False
503.808,5,en_route_pickup,5.985,1.531,6.000,3.500,joint_grid_transaction,356,356,3,9,18,0.000,1.00,1.470,False,None,0.000,False
503.808,6,en_route_delivery,4.284,0.225,3.000,-1.500,joint_grid_transaction,356,356,3,9,17,0.000,1.00,-1.704,False,None,0.000,False
503.808,7,en_route_delivery,3.965,2.064,6.000,-3.500,joint_grid_transaction,356,356,2,8,21,0.000,1.00,-0.063,False,None,0.000,False
503.808,8,en_route_pickup,7.914,-0.013,-1.000,-1.500,joint_grid_transaction,356,356,3,9,24,0.000,1.00,3.073,False,None,0.000,False
505.856,1,en_route_delivery,-0.342,-2.058,0.000,-3.500,joint_grid_transaction,357,357,2,9,25,0.000,1.00,0.085,False,None,0.000,False
505.856,2,en_route_pickup,-0.562,-3.315,6.000,-3.500,joint_grid_transaction,357,357,2,9,23,0.000,1.00,0.019,False,None,0.000,False
505.856,3,returning_to_charge,7.198,2.928,8.500,0.000,joint_grid_transaction,357,357,3,9,None,0.000,1.00,2.625,False,joint_slot_deadline,506.484,False
505.856,4,returning_to_charge,7.358,1.944,8.500,0.000,joint_grid_transaction,357,357,2,8,None,0.000,1.00,-0.072,False,None,0.000,False
505.856,5,en_route_pickup,6.017,1.853,6.000,3.500,joint_grid_transaction,357,357,3,9,18,0.000,1.00,1.476,False,None,0.000,False
505.856,6,en_route_delivery,4.246,-0.120,3.000,-1.500,joint_grid_transaction,357,357,3,9,17,0.000,1.00,-1.674,False,None,0.000,False
505.856,7,en_route_delivery,4.212,2.062,6.000,-3.500,joint_grid_transaction,357,357,2,9,21,0.000,1.00,-0.030,False,None,0.000,False
505.856,8,en_route_pickup,7.638,-0.032,-1.000,-1.500,joint_grid_transaction,357,357,3,9,24,0.000,1.00,3.066,False,None,0.000,False
507.904,1,en_route_delivery,-0.203,-2.079,0.000,-3.500,joint_grid_transaction,357,357,3,9,25,0.000,1.00,0.452,False,None,0.000,False
507.904,2,en_route_pickup,-0.541,-3.247,6.000,-3.500,joint_grid_transaction,357,357,5,9,23,0.000,1.00,1.185,False,None,0.000,False
507.904,3,returning_to_charge,7.221,2.910,8.500,0.000,joint_grid_transaction,357,357,5,9,None,0.000,1.00,2.406,False,None,0.000,False
507.904,4,returning_to_charge,7.538,1.933,8.500,0.000,joint_grid_transaction,357,357,3,8,None,0.000,1.00,-0.240,False,None,0.000,False
507.904,5,en_route_pickup,6.042,2.127,6.000,3.500,joint_grid_transaction,357,357,4,9,18,0.000,1.00,1.477,False,None,0.000,False
507.904,6,en_route_delivery,4.216,-0.410,3.000,-1.500,joint_grid_transaction,357,357,4,9,17,0.000,1.00,-1.669,False,None,0.000,False
507.904,7,en_route_delivery,4.566,2.027,6.000,-3.500,joint_grid_transaction,357,357,4,9,21,0.000,1.00,-0.115,False,None,0.000,False
507.904,8,en_route_pickup,7.377,-0.052,-1.000,-1.500,joint_grid_transaction,357,357,4,9,24,0.000,1.00,3.062,False,None,0.000,False
509.952,1,en_route_delivery,-0.172,-2.148,0.000,-3.500,joint_grid_transaction,358,358,3,8,25,0.000,1.00,0.890,False,None,0.000,False
509.952,2,en_route_pickup,-0.520,-3.238,6.000,-3.500,joint_grid_transaction,358,358,3,9,23,0.000,1.00,1.104,False,None,0.000,False
509.952,3,returning_to_charge,7.219,2.810,8.500,0.000,_joint_stall_recovery,360,358,2,8,None,0.000,1.00,2.117,False,None,0.000,False
509.952,4,returning_to_charge,7.582,1.849,8.500,0.000,joint_grid_transaction,358,358,3,9,None,0.000,1.00,-0.903,False,None,0.000,False
509.952,5,en_route_pickup,6.059,2.354,6.000,3.500,joint_grid_transaction,358,358,2,6,18,0.000,1.00,1.512,False,None,0.000,False
509.952,6,en_route_delivery,4.197,-0.616,3.000,-1.500,joint_grid_transaction,358,358,2,8,17,0.000,1.00,-1.665,False,None,0.000,False
509.952,7,en_route_delivery,4.881,1.994,6.000,-3.500,joint_grid_transaction,358,358,3,9,21,0.000,1.00,-0.103,False,None,0.000,False
509.952,8,en_route_pickup,7.153,-0.063,-1.000,-1.500,joint_grid_transaction,358,358,3,9,24,0.000,1.00,3.128,False,None,0.000,False
512.000,1,en_route_delivery,-0.029,-2.494,0.000,-3.500,joint_grid_transaction,358,358,4,8,25,0.000,1.00,1.408,False,None,0.000,False
512.000,2,en_route_pickup,-0.521,-3.226,6.000,-3.500,_command_reverse,364,358,0,1,23,0.000,1.00,1.257,False,None,0.000,False
512.000,3,returning_to_charge,7.214,2.758,8.500,0.000,_joint_stall_recovery,360,358,3,8,None,0.000,0.55,1.646,False,None,0.000,False
512.000,4,returning_to_charge,7.722,1.502,8.500,0.000,joint_grid_transaction,358,358,4,9,None,0.000,1.00,-1.412,False,None,0.000,False
512.000,5,en_route_pickup,6.067,2.575,6.000,3.500,joint_grid_transaction,358,358,3,6,18,0.000,1.00,1.589,False,None,0.000,False
512.000,6,en_route_delivery,4.185,-0.823,3.000,-1.500,joint_grid_transaction,358,358,3,8,17,0.000,1.00,-1.571,False,None,0.000,False
512.000,7,en_route_delivery,5.169,1.965,6.000,-3.500,joint_grid_transaction,358,358,4,9,21,0.000,1.00,-0.099,False,None,0.000,False
512.000,8,en_route_pickup,6.911,-0.066,-1.000,-1.500,joint_grid_transaction,358,358,4,9,24,0.000,1.00,-3.128,False,None,0.000,False
514.048,1,en_route_delivery,0.005,-2.804,0.000,-3.500,joint_grid_transaction,358,358,6,8,25,0.000,1.00,1.476,False,None,0.000,False
514.048,2,en_route_pickup,-0.473,-3.287,6.000,-3.500,_command_reverse,364,358,0,1,23,514.524,0.40,0.610,False,None,0.000,False
514.048,3,returning_to_charge,7.224,2.701,8.500,0.000,_joint_stall_recovery,360,358,3,8,None,0.000,0.55,1.454,False,None,0.000,False
514.048,4,returning_to_charge,7.757,1.155,8.500,0.000,joint_grid_transaction,358,358,6,9,None,0.000,1.00,-1.483,False,None,0.000,False
514.048,5,en_route_delivery,6.038,2.912,1.000,1.500,joint_grid_transaction,358,358,4,2,18,0.000,1.00,1.682,False,None,0.000,False
514.048,6,en_route_delivery,4.186,-1.090,3.000,-1.500,joint_grid_transaction,358,358,4,8,17,0.000,1.00,-1.566,False,None,0.000,False
514.048,7,en_route_delivery,5.411,1.943,6.000,-3.500,joint_grid_transaction,358,358,5,9,21,0.000,1.00,-0.087,False,None,0.000,False
514.048,8,en_route_pickup,6.581,-0.041,-1.000,-1.500,joint_grid_transaction,358,358,5,9,24,0.000,1.00,-3.030,False,None,0.000,False
516.096,1,en_route_pickup,0.029,-3.063,1.000,-1.500,joint_grid_transaction,358,358,7,1,41,0.000,1.00,1.477,True,None,0.000,True
516.096,2,en_route_pickup,-0.473,-3.287,6.000,-3.500,_command_reverse,364,358,0,1,23,516.116,0.40,0.608,False,None,0.000,False
516.096,3,returning_to_charge,7.247,2.604,8.500,0.000,_joint_stall_recovery,360,358,3,8,None,0.000,0.55,1.320,False,None,0.000,False
516.096,4,returning_to_charge,7.783,0.860,8.500,0.000,joint_grid_transaction,358,358,7,9,None,0.000,1.00,-1.483,False,None,0.000,False
516.096,5,en_route_delivery,6.001,3.268,1.000,1.500,joint_grid_transaction,358,358,5,2,18,0.000,1.00,1.669,False,None,0.000,False
516.096,6,en_route_delivery,4.197,-1.387,3.000,-1.500,joint_grid_transaction,358,358,5,8,17,0.000,1.00,-1.504,False,None,0.000,False
516.096,7,en_route_delivery,5.631,1.935,6.000,-3.500,joint_grid_transaction,358,358,6,9,21,0.000,1.00,-0.007,False,None,0.000,False
516.096,8,en_route_pickup,6.222,-0.003,-1.000,-1.500,joint_grid_transaction,358,358,6,9,24,0.000,1.00,-3.044,False,None,0.000,False
518.144,1,en_route_pickup,0.029,-3.063,1.000,-1.500,joint_grid_transaction,371,371,0,2,41,518.316,0.40,1.477,True,None,0.000,True
518.144,2,en_route_pickup,-0.473,-3.287,6.000,-3.500,joint_grid_transaction,371,371,0,3,23,518.316,0.65,0.608,True,None,0.000,True
518.144,3,returning_to_charge,7.272,2.503,8.500,0.000,joint_grid_transaction,371,371,1,5,None,0.000,0.55,1.403,False,None,0.000,False
518.144,4,returning_to_charge,7.857,0.667,8.500,0.000,joint_grid_transaction,371,371,1,2,None,0.000,1.00,-0.908,False,None,0.000,False
518.144,5,en_route_delivery,5.927,3.198,1.000,1.500,joint_grid_transaction,371,371,1,3,18,0.000,1.00,2.799,False,None,0.000,False
518.144,6,en_route_delivery,4.158,-1.500,3.000,-1.500,joint_grid_transaction,371,371,1,2,17,0.000,1.00,-2.621,False,None,0.000,False
518.144,7,en_route_delivery,5.681,1.878,6.000,-3.500,joint_grid_transaction,371,371,1,6,21,0.000,1.00,-1.023,False,None,0.000,False
518.144,8,en_route_pickup,6.140,-0.049,-1.000,-1.500,joint_grid_transaction,371,371,1,11,24,0.000,1.00,2.063,False,None,0.000,False
520.192,1,en_route_pickup,0.029,-3.063,1.000,-1.500,joint_grid_transaction,372,372,0,2,41,520.316,0.40,1.477,True,None,0.000,True
520.192,2,en_route_pickup,-0.473,-3.287,6.000,-3.500,joint_grid_transaction,372,372,0,4,23,520.316,0.65,0.608,True,None,0.000,True
520.192,3,returning_to_charge,7.284,2.401,8.500,0.000,joint_grid_transaction,372,372,1,2,None,0.000,0.55,1.475,False,None,0.000,False
520.192,4,returning_to_charge,8.117,0.387,8.500,0.000,joint_grid_transaction,372,372,1,2,None,0.000,1.00,-0.794,False,None,0.000,False
520.192,5,en_route_delivery,5.756,3.200,1.000,1.500,joint_grid_transaction,372,372,1,3,18,0.000,1.00,3.107,False,None,0.000,False
520.192,6,en_route_delivery,3.862,-1.525,3.000,-1.500,joint_grid_transaction,372,372,1,2,17,0.000,1.00,-3.068,False,None,0.000,False
520.192,7,en_route_delivery,5.746,1.541,6.000,-3.500,joint_grid_transaction,372,372,1,6,21,0.000,1.00,-1.489,False,None,0.000,False
520.192,8,en_route_pickup,6.068,-0.217,-1.000,-1.500,joint_grid_transaction,372,372,1,12,24,0.000,1.00,2.293,False,None,0.000,False
522.240,1,en_route_pickup,0.029,-3.063,1.000,-1.500,joint_grid_transaction,373,373,0,2,41,522.316,0.40,1.477,True,None,0.000,True
522.240,2,en_route_pickup,-0.473,-3.287,6.000,-3.500,joint_grid_transaction,373,373,0,4,23,522.316,0.65,0.608,True,None,0.000,True
522.240,3,returning_to_charge,7.299,2.319,8.500,0.000,joint_grid_transaction,373,373,1,3,None,0.000,0.55,1.379,False,None,0.000,False
522.240,4,charging,8.346,0.155,8.500,0.000,joint_grid_transaction,372,372,2,0,None,0.000,1.00,-0.790,False,None,0.000,False
522.240,5,en_route_delivery,5.559,3.206,1.000,1.500,joint_grid_transaction,373,373,1,3,18,0.000,1.00,3.119,False,None,0.000,False
522.240,6,en_route_pickup,3.555,-1.548,-3.000,-1.500,joint_grid_transaction,373,373,1,9,26,0.000,1.00,-3.066,False,None,0.000,False
522.240,7,en_route_delivery,5.692,1.375,6.000,-3.500,joint_grid_transaction,373,373,1,14,21,0.000,1.00,-2.395,False,None,0.000,False
522.240,8,en_route_pickup,5.994,-0.359,-1.000,-1.500,joint_grid_transaction,373,373,1,13,24,0.000,1.00,0.954,False,None,0.000,False
524.288,1,en_route_pickup,0.029,-3.063,1.000,-1.500,joint_grid_transaction,375,375,0,2,41,524.316,0.40,1.477,True,None,0.000,True
524.288,2,en_route_pickup,-0.473,-3.287,6.000,-3.500,joint_grid_transaction,375,375,0,4,23,524.316,0.65,0.608,True,None,0.000,True
524.288,3,returning_to_charge,7.332,2.214,8.500,0.000,joint_grid_transaction,375,375,1,2,None,0.000,0.55,1.201,False,None,0.000,False
524.288,4,charging,8.346,0.155,8.500,0.000,joint_grid_transaction,372,372,2,0,None,0.000,1.00,-0.790,False,None,0.000,False
524.288,5,en_route_delivery,5.357,3.209,1.000,1.500,joint_grid_transaction,375,375,1,3,18,0.000,1.00,3.132,False,None,0.000,False
524.288,6,en_route_pickup,3.357,-1.636,-3.000,-1.500,joint_grid_transaction,375,375,1,8,26,0.000,1.00,-2.436,False,None,0.000,False
524.288,7,en_route_delivery,5.650,1.196,6.000,-3.500,joint_grid_transaction,375,375,2,9,21,0.000,1.00,-1.183,False,None,0.000,False
524.288,8,en_route_pickup,5.975,-0.389,-1.000,-1.500,joint_grid_transaction,375,375,1,4,24,0.000,1.00,1.599,False,None,0.000,False
526.336,1,en_route_pickup,0.031,-3.057,1.000,-1.500,_joint_stall_recovery,377,376,0,5,41,527.516,0.40,1.291,False,None,0.000,False
526.336,2,en_route_pickup,-0.479,-3.282,6.000,-3.500,_joint_stall_recovery,378,376,0,1,23,0.000,1.00,0.670,False,None,0.000,False
526.336,3,returning_to_charge,7.379,2.109,8.500,0.000,joint_grid_transaction,376,376,1,2,None,0.000,0.55,1.117,False,None,0.000,False
526.336,4,en_route_pickup,8.346,0.155,1.000,1.500,joint_grid_transaction,372,372,2,15,27,0.000,1.00,-0.790,False,None,0.000,False
526.336,5,en_route_delivery,5.151,3.210,1.000,1.500,joint_grid_transaction,376,376,1,3,18,0.000,1.00,-3.134,False,None,0.000,False
526.336,6,en_route_pickup,3.085,-1.904,-3.000,-1.500,joint_grid_transaction,376,376,1,8,26,0.000,1.00,-2.342,False,None,0.000,False
526.336,7,en_route_delivery,5.837,0.900,6.000,-3.500,joint_grid_transaction,376,376,1,2,21,0.000,1.00,-1.116,False,None,0.000,False
526.336,8,en_route_pickup,5.808,-0.633,-1.000,-1.500,joint_grid_transaction,376,376,1,4,24,0.000,1.00,2.217,False,None,0.000,False
528.384,1,en_route_pickup,0.031,-3.057,1.000,-1.500,_joint_stall_recovery,377,376,0,5,41,529.020,0.40,1.288,False,None,0.000,False
528.384,2,en_route_pickup,-0.603,-3.076,6.000,-3.500,_joint_stall_recovery,378,376,0,1,23,0.000,1.00,2.107,False,None,0.000,False
528.384,3,returning_to_charge,7.431,2.006,8.500,0.000,joint_grid_transaction,376,376,1,2,None,0.000,0.55,1.092,False,None,0.000,False
528.384,4,en_route_pickup,8.346,0.155,1.000,1.500,joint_grid_transaction,372,372,2,15,27,0.000,1.00,-0.790,False,None,0.000,False
528.384,5,en_route_delivery,4.903,3.187,1.000,1.500,joint_grid_transaction,376,376,1,3,18,0.000,1.00,-3.006,False,None,0.000,False
528.384,6,en_route_pickup,2.860,-2.076,-3.000,-1.500,joint_grid_transaction,376,376,2,8,26,0.000,1.00,-2.712,False,None,0.000,False
528.384,7,en_route_delivery,5.999,0.553,6.000,-3.500,joint_grid_transaction,376,376,1,2,21,0.000,1.00,-1.137,False,None,0.000,False
528.384,8,en_route_pickup,5.575,-0.936,-1.000,-1.500,joint_grid_transaction,376,376,1,4,24,0.000,1.00,2.230,False,None,0.000,False
530.432,1,en_route_pickup,0.031,-3.056,1.000,-1.500,_joint_stall_recovery,377,376,0,5,41,530.524,0.45,1.284,False,None,0.000,False
530.432,2,en_route_pickup,-0.795,-2.784,6.000,-3.500,_joint_stall_recovery,378,376,0,1,23,0.000,0.75,2.168,False,None,0.000,False
530.432,3,returning_to_charge,7.485,1.904,8.500,0.000,joint_grid_transaction,376,376,1,2,None,0.000,0.55,1.084,False,None,0.000,False
530.432,4,en_route_pickup,8.346,0.155,1.000,1.500,joint_grid_transaction,372,372,2,15,27,0.000,1.00,-0.790,False,None,0.000,False
530.432,5,en_route_delivery,4.540,3.087,1.000,1.500,joint_grid_transaction,376,376,1,3,18,0.000,1.00,-2.827,False,None,0.000,False
530.432,6,en_route_pickup,2.488,-2.154,-3.000,-1.500,joint_grid_transaction,376,376,2,8,26,0.000,1.00,-3.005,False,None,0.000,False
530.432,7,en_route_delivery,6.160,0.205,6.000,-3.500,joint_grid_transaction,376,376,1,2,21,0.000,1.00,-1.137,False,None,0.000,False
530.432,8,en_route_pickup,5.340,-1.239,-1.000,-1.500,joint_grid_transaction,376,376,1,4,24,0.000,1.00,2.230,False,None,0.000,False
532.480,1,en_route_pickup,0.119,-2.940,1.000,-1.500,_joint_stall_recovery,377,376,1,5,41,0.000,1.00,0.668,False,None,0.000,False
532.480,2,en_route_pickup,-0.916,-2.606,6.000,-3.500,_joint_stall_recovery,378,376,0,1,23,0.000,0.75,2.169,False,None,0.000,False
532.480,3,returning_to_charge,7.627,1.637,8.500,0.000,joint_grid_transaction,376,376,1,2,None,0.000,1.00,1.081,False,None,0.000,False
532.480,4,en_route_pickup,8.222,0.014,1.000,1.500,_command_reverse,382,372,0,1,27,0.000,1.00,-2.295,False,None,0.000,False
532.480,5,en_route_delivery,4.176,2.967,1.000,1.500,joint_grid_transaction,376,376,1,3,18,0.000,1.00,-2.823,False,None,0.000,False
532.480,6,en_route_pickup,2.109,-2.204,-3.000,-1.500,joint_grid_transaction,376,376,2,8,26,0.000,1.00,-3.013,False,None,0.000,False
532.480,7,en_route_delivery,6.321,-0.142,6.000,-3.500,joint_grid_transaction,376,376,1,2,21,0.000,1.00,-1.137,False,None,0.000,False
532.480,8,en_route_pickup,5.105,-1.541,-1.000,-1.500,joint_grid_transaction,376,376,1,4,24,0.000,1.00,2.230,False,None,0.000,False
534.528,1,en_route_pickup,0.354,-2.652,1.000,-1.500,_joint_stall_recovery,377,376,2,5,41,0.000,1.00,1.136,False,None,0.000,False
534.528,2,en_route_pickup,-1.104,-2.332,6.000,-3.500,joint_grid_transaction,378,376,1,0,23,0.000,1.00,2.169,False,None,0.000,False
534.528,3,returning_to_charge,7.807,1.299,8.500,0.000,joint_grid_transaction,376,376,1,2,None,0.000,1.00,1.081,False,None,0.000,False
534.528,4,en_route_pickup,8.019,-0.193,1.000,1.500,_command_reverse,382,372,0,1,27,0.000,1.00,-2.364,False,None,0.000,False
534.528,5,en_route_delivery,3.813,2.847,1.000,1.500,joint_grid_transaction,376,376,1,3,18,0.000,1.00,-2.822,False,None,0.000,False
534.528,6,en_route_pickup,1.789,-2.305,-3.000,-1.500,joint_grid_transaction,376,376,3,8,26,0.000,1.00,-2.609,False,None,0.000,False
534.528,7,en_route_delivery,6.482,-0.490,6.000,-3.500,joint_grid_transaction,376,376,1,2,21,0.000,1.00,-1.137,False,None,0.000,False
534.528,8,en_route_pickup,4.875,-1.823,-1.000,-1.500,joint_grid_transaction,376,376,1,4,24,0.000,1.00,2.342,False,None,0.000,False
536.576,1,en_route_pickup,0.437,-2.702,1.000,-1.500,joint_grid_transaction,385,385,2,5,41,0.000,0.55,0.146,False,None,0.000,False
536.576,2,en_route_pickup,-0.959,-2.315,6.000,-3.500,joint_grid_transaction,385,385,1,5,23,0.000,1.00,0.432,False,None,0.000,False
536.576,3,returning_to_charge,7.812,1.113,8.500,0.000,joint_grid_transaction,385,385,2,4,None,0.000,1.00,1.513,False,None,0.000,False
536.576,4,en_route_pickup,7.747,-0.459,1.000,1.500,_command_reverse,382,372,0,1,27,0.000,1.00,-2.368,False,None,0.000,False
536.576,5,en_route_delivery,3.552,2.932,1.000,1.500,joint_grid_transaction,385,385,3,5,18,0.000,1.00,2.868,False,None,0.000,False
536.576,6,en_route_pickup,1.625,-2.309,-3.000,-1.500,joint_grid_transaction,385,385,2,5,26,0.000,1.00,-3.080,False,None,0.000,False
536.576,7,en_route_delivery,6.333,-0.467,6.000,-3.500,joint_grid_transaction,385,385,2,5,21,0.000,1.00,-2.895,False,None,0.000,False
536.576,8,en_route_pickup,4.657,-1.802,-1.000,-1.500,joint_grid_transaction,385,385,3,5,24,0.000,1.00,3.078,False,None,0.000,False
538.624,1,en_route_pickup,0.388,-2.732,1.000,-1.500,joint_grid_transaction,386,386,1,9,41,0.000,0.70,0.780,False,None,0.000,False
538.624,2,en_route_pickup,-0.717,-2.262,6.000,-3.500,joint_grid_transaction,386,386,1,8,23,0.000,1.00,0.100,False,joint_slot_deadline,538.788,False
538.624,3,returning_to_charge,7.816,0.886,8.500,0.000,joint_grid_transaction,386,386,2,8,None,0.000,1.00,1.602,False,None,0.000,False
538.624,4,en_route_pickup,7.540,-0.568,1.000,1.500,joint_grid_transaction,386,386,2,9,27,0.000,1.00,-3.072,False,None,0.000,False
538.624,5,en_route_delivery,3.217,2.990,1.000,1.500,joint_grid_transaction,386,386,2,9,18,0.000,1.00,3.046,False,joint_slot_deadline,538.788,False
538.624,6,en_route_pickup,1.400,-2.315,-3.000,-1.500,joint_grid_transaction,386,386,2,9,26,0.000,1.00,3.123,False,None,0.000,False
538.624,7,en_route_delivery,6.172,-0.546,6.000,-3.500,joint_grid_transaction,386,386,2,9,21,0.000,1.00,-2.426,False,None,0.000,False
538.624,8,en_route_pickup,4.464,-1.814,-1.000,-1.500,joint_grid_transaction,386,386,2,9,24,0.000,1.00,2.906,False,None,0.000,False
540.672,1,en_route_pickup,0.371,-2.882,1.000,-1.500,joint_grid_transaction,387,387,3,9,41,0.000,1.00,1.984,False,None,0.000,False
540.672,2,en_route_pickup,-0.434,-2.232,6.000,-3.500,joint_grid_transaction,387,387,3,9,23,0.000,1.00,0.101,False,None,0.000,False
540.672,3,returning_to_charge,7.793,0.648,8.500,0.000,joint_grid_transaction,387,387,2,7,None,0.000,1.00,1.691,False,None,0.000,False
540.672,4,en_route_pickup,7.332,-0.563,1.000,1.500,joint_grid_transaction,387,387,2,9,27,0.000,1.00,3.089,False,None,0.000,False
540.672,5,en_route_delivery,2.933,3.018,1.000,1.500,joint_grid_transaction,387,387,3,9,18,0.000,1.00,3.044,False,None,0.000,False
540.672,6,en_route_pickup,1.342,-2.315,-3.000,-1.500,joint_grid_transaction,387,387,2,8,26,0.000,1.00,-2.798,False,None,0.000,False
540.672,7,en_route_delivery,6.122,-0.630,6.000,-3.500,joint_grid_transaction,387,387,3,9,21,0.000,1.00,-2.098,False,None,0.000,False
540.672,8,en_route_pickup,4.353,-1.883,-1.000,-1.500,joint_grid_transaction,387,387,3,9,24,0.000,1.00,2.687,False,None,0.000,False
542.720,1,en_route_pickup,0.248,-3.077,1.000,-1.500,joint_grid_transaction,388,388,2,9,41,0.000,1.00,2.367,False,None,0.000,False
542.720,2,en_route_pickup,-0.167,-2.206,6.000,-3.500,joint_grid_transaction,388,388,2,9,23,0.000,1.00,0.098,False,None,0.000,False
542.720,3,returning_to_charge,7.754,0.287,8.500,0.000,joint_grid_transaction,388,388,2,6,None,0.000,1.00,1.669,False,None,0.000,False
542.720,4,en_route_pickup,6.970,-0.522,1.000,1.500,joint_grid_transaction,388,388,2,9,27,0.000,1.00,3.032,False,None,0.000,False
542.720,5,en_route_delivery,2.665,3.044,1.000,1.500,joint_grid_transaction,388,388,2,8,18,0.000,1.00,3.045,False,None,0.000,False
542.720,6,en_route_pickup,1.346,-2.476,-3.000,-1.500,joint_grid_transaction,388,388,1,8,26,0.000,1.00,-1.345,False,None,0.000,False
542.720,7,en_route_delivery,6.017,-0.991,6.000,-3.500,joint_grid_transaction,388,388,2,9,21,0.000,1.00,-1.680,False,None,0.000,False
542.720,8,en_route_pickup,3.992,-1.982,-1.000,-1.500,joint_grid_transaction,388,388,2,9,24,0.000,1.00,3.025,False,None,0.000,False
544.768,1,en_route_pickup,0.177,-3.126,1.000,-1.500,joint_grid_transaction,388,388,4,9,41,0.000,0.85,2.550,False,joint_slot_deadline,545.700,False
544.768,2,en_route_pickup,0.044,-2.189,6.000,-3.500,joint_grid_transaction,388,388,2,9,23,0.000,1.00,0.021,False,None,0.000,False
544.768,3,returning_to_charge,7.841,0.143,8.500,0.000,joint_grid_transaction,388,388,4,6,None,0.000,1.00,0.723,False,None,0.000,False
544.768,4,en_route_pickup,6.734,-0.496,1.000,1.500,joint_grid_transaction,388,388,3,9,27,0.000,1.00,3.037,False,None,0.000,False
544.768,5,en_route_delivery,2.461,3.060,1.000,1.500,joint_grid_transaction,388,388,2,8,18,0.000,1.00,3.056,False,None,0.000,False
544.768,6,en_route_pickup,1.451,-2.794,-3.000,-1.500,joint_grid_transaction,388,388,3,8,26,0.000,1.00,-1.599,False,None,0.000,False
544.768,7,en_route_delivery,5.990,-1.257,6.000,-3.500,joint_grid_transaction,388,388,3,9,21,0.000,1.00,-1.672,False,None,0.000,False
544.768,8,en_route_pickup,3.742,-2.009,-1.000,-1.500,joint_grid_transaction,388,388,3,9,24,0.000,1.00,3.037,False,None,0.000,False
546.816,1,en_route_pickup,0.173,-3.125,1.000,-1.500,joint_grid_transaction,389,389,3,9,41,0.000,1.00,2.573,False,joint_slot_deadline,547.492,False
546.816,2,en_route_pickup,0.277,-2.183,6.000,-3.500,joint_grid_transaction,389,389,2,9,23,0.000,1.00,0.002,False,None,0.000,False
546.816,3,returning_to_charge,7.954,0.089,8.500,0.000,joint_grid_transaction,389,389,2,4,None,0.000,1.00,0.417,False,None,0.000,False
546.816,4,en_route_pickup,6.447,-0.467,1.000,1.500,joint_grid_transaction,389,389,3,9,27,0.000,1.00,3.041,False,None,0.000,False
546.816,5,en_route_delivery,2.430,3.131,1.000,1.500,joint_grid_transaction,389,389,3,7,18,0.000,1.00,2.295,False,None,0.000,False
546.816,6,en_route_pickup,1.359,-2.923,-3.000,-1.500,joint_grid_transaction,389,389,3,9,26,0.000,1.00,-2.019,False,None,0.000,False
546.816,7,en_route_delivery,5.962,-1.534,6.000,-3.500,joint_grid_transaction,389,389,2,9,21,0.000,1.00,-1.666,False,None,0.000,False
546.816,8,en_route_pickup,3.467,-2.038,-1.000,-1.500,joint_grid_transaction,389,389,2,9,24,0.000,1.00,3.043,False,None,0.000,False
548.864,1,en_route_pickup,0.134,-3.112,1.000,-1.500,joint_grid_transaction,390,390,2,5,41,0.000,0.55,3.125,False,None,0.000,False
548.864,2,en_route_pickup,0.537,-2.196,6.000,-3.500,joint_grid_transaction,390,390,1,4,23,0.000,1.00,0.088,False,joint_slot_deadline,549.284,False
548.864,3,charging,8.280,0.012,8.500,0.000,joint_grid_transaction,389,389,3,0,None,0.000,1.00,0.096,False,None,0.000,False
548.864,4,en_route_pickup,6.217,-0.446,1.000,1.500,joint_grid_transaction,390,390,1,5,27,0.000,1.00,3.088,False,None,0.000,False
548.864,5,en_route_delivery,2.280,3.473,1.000,1.500,joint_grid_transaction,390,390,2,5,18,0.000,1.00,1.742,False,None,0.000,False
548.864,6,en_route_pickup,1.235,-3.010,-3.000,-1.500,joint_grid_transaction,390,390,1,5,26,0.000,0.70,-2.804,False,None,0.000,False
548.864,7,en_route_delivery,5.942,-1.763,6.000,-3.500,joint_grid_transaction,390,390,1,4,21,0.000,1.00,-1.630,False,None,0.000,False
548.864,8,en_route_pickup,3.240,-2.059,-1.000,-1.500,joint_grid_transaction,390,390,1,4,24,0.000,1.00,3.087,False,None,0.000,False
550.912,1,en_route_pickup,0.076,-3.111,1.000,-1.500,joint_grid_transaction,390,390,2,5,41,0.000,0.55,-3.113,False,None,0.000,False
550.912,2,en_route_pickup,0.831,-2.229,6.000,-3.500,joint_grid_transaction,390,390,3,4,23,0.000,1.00,0.102,False,None,0.000,False
550.912,3,charging,8.283,0.012,8.500,0.000,joint_grid_transaction,389,389,4,0,None,0.000,1.00,0.096,False,None,0.000,False
550.912,4,en_route_pickup,5.988,-0.434,1.000,1.500,joint_grid_transaction,390,390,2,5,27,0.000,1.00,3.118,False,None,0.000,False
550.912,5,en_route_delivery,2.244,3.799,1.000,1.500,joint_grid_transaction,390,390,4,5,18,0.000,1.00,1.657,False,None,0.000,False
550.912,6,en_route_pickup,1.099,-3.026,-3.000,-1.500,joint_grid_transaction,390,390,2,5,26,0.000,0.55,-3.062,False,None,0.000,False
550.912,7,en_route_delivery,5.933,-1.980,6.000,-3.500,joint_grid_transaction,390,390,2,4,21,0.000,1.00,-1.623,False,None,0.000,False
550.912,8,en_route_pickup,3.018,-2.067,-1.000,-1.500,joint_grid_transaction,390,390,2,4,24,0.000,1.00,3.091,False,None,0.000,False
552.960,1,en_route_pickup,-0.007,-3.099,1.000,-1.500,joint_grid_transaction,390,390,2,5,41,0.000,0.60,-3.042,False,None,0.000,False
552.960,2,en_route_pickup,1.031,-2.248,6.000,-3.500,joint_grid_transaction,390,390,3,4,23,0.000,0.75,0.092,False,joint_window_endpoint,553.300,False
552.960,3,en_route_pickup,8.283,0.012,0.000,-3.500,joint_grid_transaction,389,389,4,2,28,0.000,1.00,0.096,False,None,0.000,False
552.960,4,en_route_pickup,5.693,-0.450,1.000,1.500,joint_grid_transaction,390,390,3,5,27,0.000,1.00,-3.039,False,None,0.000,False
552.960,5,en_route_delivery,2.224,4.033,1.000,1.500,joint_grid_transaction,390,390,4,5,18,0.000,1.00,1.656,False,joint_window_endpoint,553.300,False
552.960,6,en_route_pickup,1.138,-3.051,-3.000,-1.500,_priority_yield_direct,392,390,0,7,26,0.000,0.45,-2.412,False,None,0.000,False
552.960,7,en_route_delivery,5.946,-2.252,6.000,-3.500,joint_grid_transaction,390,390,3,4,21,0.000,1.00,-1.475,False,None,0.000,False
552.960,8,en_route_pickup,2.751,-2.057,-1.000,-1.500,joint_grid_transaction,390,390,3,4,24,0.000,1.00,-3.065,False,None,0.000,False
555.008,1,en_route_pickup,-0.143,-3.051,1.000,-1.500,joint_grid_transaction,405,405,1,9,41,0.000,1.00,-2.506,False,None,0.000,False
555.008,2,en_route_pickup,1.004,-2.260,6.000,-3.500,joint_grid_transaction,405,405,1,9,23,0.000,1.00,0.572,False,None,0.000,False
555.008,3,en_route_pickup,8.255,-0.000,0.000,-3.500,joint_grid_transaction,405,405,1,9,28,0.000,1.00,0.575,False,None,0.000,False
555.008,4,en_route_pickup,5.406,-0.483,1.000,1.500,joint_grid_transaction,405,405,2,9,27,0.000,1.00,-3.028,False,None,0.000,False
555.008,5,en_route_delivery,2.213,4.007,1.000,1.500,joint_grid_transaction,405,405,2,9,18,0.000,1.00,2.138,False,None,0.000,False
555.008,6,en_route_pickup,1.179,-3.105,-3.000,-1.500,joint_grid_transaction,405,405,1,9,26,0.000,0.70,-1.343,False,None,0.000,False
555.008,7,en_route_delivery,5.959,-2.354,6.000,-3.500,joint_grid_transaction,405,405,2,6,21,0.000,1.00,-1.449,False,None,0.000,False
555.008,8,en_route_pickup,2.645,-2.044,-1.000,-1.500,joint_grid_transaction,405,405,2,9,24,0.000,1.00,-3.030,False,None,0.000,False
557.056,1,en_route_pickup,-0.012,-3.051,1.000,-1.500,joint_grid_transaction,405,405,1,9,41,0.000,1.00,-0.455,False,None,0.000,False
557.056,2,en_route_pickup,1.022,-2.242,6.000,-3.500,joint_grid_transaction,405,405,2,9,23,0.000,0.75,0.337,False,None,0.000,False
557.056,3,en_route_pickup,8.125,0.011,0.000,-3.500,joint_grid_transaction,405,405,2,9,28,0.000,1.00,2.773,False,None,0.000,False
557.056,4,en_route_pickup,5.083,-0.516,1.000,1.500,joint_grid_transaction,405,405,3,9,27,0.000,1.00,-3.041,False,None,0.000,False
557.056,5,en_route_delivery,2.160,3.894,1.000,1.500,joint_grid_transaction,405,405,3,9,18,0.000,1.00,-2.257,False,None,0.000,False
557.056,6,en_route_pickup,1.217,-3.051,-3.000,-1.500,joint_grid_transaction,405,405,1,9,26,0.000,0.45,-0.723,False,None,0.000,False
557.056,7,en_route_delivery,5.997,-2.713,6.000,-3.500,joint_grid_transaction,405,405,3,6,21,0.000,1.00,-1.473,False,None,0.000,False
557.056,8,en_route_pickup,2.282,-2.006,-1.000,-1.500,joint_grid_transaction,405,405,3,9,24,0.000,1.00,-3.043,False,None,0.000,False
559.104,1,en_route_pickup,0.018,-2.960,1.000,-1.500,joint_grid_transaction,406,406,2,11,41,0.000,0.60,-1.040,False,None,0.000,False
559.104,2,en_route_pickup,1.112,-2.230,6.000,-3.500,joint_grid_transaction,406,406,2,13,23,0.000,0.75,0.095,False,None,0.000,False
559.104,3,en_route_pickup,7.923,-0.017,0.000,-3.500,joint_grid_transaction,406,406,2,12,28,0.000,1.00,3.072,False,None,0.000,False
559.104,4,en_route_pickup,4.812,-0.543,1.000,1.500,joint_grid_transaction,406,406,2,13,27,0.000,1.00,-3.044,False,None,0.000,False
559.104,5,en_route_delivery,2.085,3.766,1.000,1.500,joint_grid_transaction,406,406,3,13,18,0.000,1.00,-2.000,False,None,0.000,False
559.104,6,en_route_pickup,1.250,-3.029,-3.000,-1.500,_priority_yield_direct,407,406,0,8,26,0.000,0.45,-0.360,False,None,0.000,False
559.104,7,returning_to_charge,6.026,-3.016,8.500,0.000,joint_grid_transaction,406,406,2,1,None,0.000,1.00,-1.477,False,None,0.000,False
559.104,8,en_route_pickup,2.282,-1.926,-1.000,-1.500,joint_grid_transaction,406,406,1,13,24,0.000,1.00,-1.175,False,None,0.000,False
561.152,1,en_route_pickup,0.021,-2.886,1.000,-1.500,joint_grid_transaction,406,406,2,11,41,565.524,0.40,-1.440,False,None,0.000,False
561.152,2,en_route_pickup,1.298,-2.215,6.000,-3.500,joint_grid_transaction,406,406,3,13,23,0.000,0.60,0.078,False,None,0.000,False
561.152,3,en_route_pickup,7.632,-0.038,0.000,-3.500,joint_grid_transaction,406,406,3,12,28,0.000,1.00,3.066,False,None,0.000,False
561.152,4,en_route_pickup,4.580,-0.560,1.000,1.500,joint_grid_transaction,406,406,3,13,27,0.000,1.00,-3.076,False,None,0.000,False
561.152,5,en_route_delivery,2.017,3.510,1.000,1.500,joint_grid_transaction,406,406,4,13,18,0.000,1.00,-1.688,False,None,0.000,False
561.152,6,en_route_pickup,1.248,-3.022,-3.000,-1.500,_priority_yield_direct,414,406,0,5,26,0.000,1.00,-0.399,False,None,0.000,False
561.152,7,returning_to_charge,6.050,-3.269,8.500,0.000,joint_grid_transaction,406,406,3,1,None,0.000,1.00,-1.484,False,None,0.000,False
561.152,8,en_route_pickup,2.518,-1.977,-1.000,-1.500,joint_grid_transaction,406,406,2,13,24,0.000,1.00,-0.057,False,None,0.000,False
563.200,1,en_route_pickup,0.021,-2.886,1.000,-1.500,joint_grid_transaction,406,406,2,11,41,565.524,0.40,-1.440,False,None,0.000,False
563.200,2,en_route_pickup,1.398,-2.207,6.000,-3.500,joint_grid_transaction,406,406,3,13,23,0.000,0.60,0.079,False,None,0.000,False
563.200,3,en_route_pickup,7.382,-0.056,0.000,-3.500,joint_grid_transaction,406,406,4,12,28,0.000,1.00,3.067,False,None,0.000,False
563.200,4,en_route_pickup,4.475,-0.538,1.000,1.500,joint_grid_transaction,406,406,4,13,27,0.000,1.00,2.471,False,None,0.000,False
563.200,5,en_route_delivery,1.866,3.370,1.000,1.500,joint_grid_transaction,406,406,6,13,18,0.000,1.00,-2.622,False,None,0.000,False
563.200,6,en_route_pickup,1.117,-3.017,-3.000,-1.500,_priority_yield_direct,414,406,1,5,26,0.000,1.00,-2.598,False,None,0.000,False
563.200,7,returning_to_charge,6.051,-3.287,8.500,0.000,joint_grid_transaction,406,406,4,1,None,0.000,1.00,-1.505,False,None,0.000,False
563.200,8,en_route_pickup,2.800,-1.958,-1.000,-1.500,joint_grid_transaction,406,406,3,13,24,0.000,1.00,-0.070,False,None,0.000,False
565.248,1,en_route_pickup,0.021,-2.885,1.000,-1.500,joint_grid_transaction,416,416,1,13,41,565.524,0.40,-1.624,False,None,0.000,False
565.248,2,en_route_pickup,1.486,-2.200,6.000,-3.500,joint_grid_transaction,416,416,1,13,23,0.000,0.60,0.080,False,None,0.000,False
565.248,3,en_route_pickup,7.164,-0.065,0.000,-3.500,joint_grid_transaction,416,416,2,13,28,0.000,1.00,-3.136,False,None,0.000,False
565.248,4,en_route_pickup,4.302,-0.247,1.000,1.500,joint_grid_transaction,416,416,2,13,27,0.000,1.00,1.849,False,None,0.000,False
565.248,5,en_route_delivery,1.504,3.267,1.000,1.500,joint_grid_transaction,416,416,2,13,18,0.000,1.00,-3.033,False,None,0.000,False
565.248,6,en_route_pickup,0.802,-2.951,-3.000,-1.500,joint_grid_transaction,416,416,2,13,26,0.000,1.00,-3.081,False,None,0.000,False
565.248,7,returning_to_charge,6.085,-3.233,8.500,0.000,joint_grid_transaction,416,416,2,13,None,0.000,1.00,-0.758,False,None,0.000,False
565.248,8,en_route_pickup,2.933,-1.971,-1.000,-1.500,joint_grid_transaction,416,416,1,13,24,0.000,1.00,-0.733,False,None,0.000,False
567.296,1,en_route_pickup,0.031,-2.845,1.000,-1.500,_command_reverse,418,417,0,1,41,0.000,0.60,-1.431,False,None,0.000,False
567.296,2,en_route_pickup,1.496,-2.206,6.000,-3.500,joint_grid_transaction,417,417,1,9,23,0.000,1.00,0.516,False,None,0.000,False
567.296,3,en_route_pickup,6.983,-0.136,0.000,-3.500,joint_grid_transaction,417,417,1,5,28,0.000,1.00,2.420,False,None,0.000,False
567.296,4,en_route_pickup,4.260,0.041,1.000,1.500,joint_grid_transaction,417,417,1,4,27,0.000,1.00,1.651,False,None,0.000,False
567.296,5,en_route_delivery,1.280,3.247,1.000,1.500,joint_grid_transaction,417,417,1,3,18,0.000,1.00,-3.066,False,None,0.000,False
567.296,6,en_route_pickup,0.621,-2.920,-3.000,-1.500,joint_grid_transaction,417,417,1,4,26,0.000,0.60,-2.852,False,None,0.000,False
567.296,7,returning_to_charge,6.179,-3.169,8.500,0.000,joint_grid_transaction,417,417,1,2,None,0.000,1.00,-0.777,False,None,0.000,False
567.296,8,en_route_pickup,2.900,-2.010,-1.000,-1.500,joint_grid_transaction,417,417,1,3,24,568.524,0.40,-2.373,False,None,0.000,False
569.344,1,en_route_pickup,0.033,-2.829,1.000,-1.500,_command_reverse,418,417,0,1,41,570.524,0.40,-1.454,False,None,0.000,False
569.344,2,en_route_pickup,1.760,-2.468,6.000,-3.500,joint_grid_transaction,417,417,1,9,23,0.000,1.00,0.855,False,None,0.000,False
569.344,3,en_route_pickup,6.715,-0.408,0.000,-3.500,joint_grid_transaction,417,417,1,5,28,0.000,1.00,2.327,False,None,0.000,False
569.344,4,en_route_pickup,4.233,0.374,1.000,1.500,joint_grid_transaction,417,417,1,4,27,0.000,1.00,1.652,False,None,0.000,False
569.344,5,en_route_delivery,1.055,3.230,1.000,1.500,joint_grid_transaction,417,417,1,3,18,0.000,1.00,-3.064,False,None,0.000,False
569.344,6,en_route_pickup,0.576,-2.904,-3.000,-1.500,joint_grid_transaction,417,417,1,4,26,0.000,1.00,-2.783,True,None,0.000,True
569.344,7,returning_to_charge,6.415,-2.870,8.500,0.000,joint_grid_transaction,417,417,1,2,None,0.000,1.00,-0.940,False,None,0.000,False
569.344,8,en_route_pickup,2.836,-1.987,-1.000,-1.500,joint_grid_transaction,417,417,1,0,24,0.000,1.00,-2.892,False,None,0.000,False
571.392,1,en_route_pickup,0.033,-2.828,1.000,-1.500,_command_reverse,418,417,0,1,41,572.028,0.40,-1.453,False,None,0.000,False
571.392,2,en_route_pickup,1.891,-2.744,6.000,-3.500,joint_grid_transaction,417,417,2,9,23,0.000,1.00,1.355,False,None,0.000,False
571.392,3,en_route_pickup,6.453,-0.687,0.000,-3.500,joint_grid_transaction,417,417,1,5,28,0.000,1.00,2.325,False,None,0.000,False
571.392,4,en_route_pickup,4.207,0.696,1.000,1.500,joint_grid_transaction,417,417,1,4,27,0.000,1.00,1.652,False,None,0.000,False
571.392,5,en_route_delivery,0.844,3.214,1.000,1.500,joint_grid_transaction,417,417,1,3,18,0.000,1.00,-3.067,False,None,0.000,False
571.392,6,en_route_pickup,0.576,-2.904,-3.000,-1.500,joint_grid_transaction,417,417,1,4,26,0.000,1.00,-2.783,True,None,0.000,True
571.392,7,returning_to_charge,6.640,-2.561,8.500,0.000,joint_grid_transaction,417,417,1,2,None,0.000,1.00,-0.943,False,None,0.000,False
571.392,8,en_route_pickup,2.490,-2.021,-1.000,-1.500,joint_grid_transaction,417,417,1,0,24,0.000,1.00,-3.064,False,None,0.000,False
573.440,1,en_route_pickup,0.043,-2.743,1.000,-1.500,_command_reverse,425,417,0,1,41,0.000,0.55,-1.624,False,None,0.000,False
573.440,2,en_route_pickup,2.054,-2.749,6.000,-3.500,joint_grid_transaction,423,423,1,2,23,0.000,0.75,0.295,False,None,0.000,False
573.440,3,en_route_pickup,6.212,-0.895,0.000,-3.500,joint_grid_transaction,423,423,2,8,28,0.000,1.00,2.601,False,None,0.000,False
573.440,4,en_route_pickup,4.182,1.001,1.000,1.500,joint_grid_transaction,423,423,1,4,27,0.000,1.00,1.652,False,None,0.000,False
573.440,5,en_route_delivery,0.651,3.203,1.000,1.500,joint_grid_transaction,423,423,1,3,18,0.000,1.00,-3.097,False,None,0.000,False
573.440,6,en_route_pickup,0.570,-2.898,-3.000,-1.500,joint_grid_transaction,423,423,1,6,26,0.000,0.60,-2.743,True,None,0.000,True
573.440,7,returning_to_charge,6.865,-2.251,8.500,0.000,joint_grid_transaction,423,423,1,2,None,0.000,1.00,-0.943,False,None,0.000,False
573.440,8,en_route_pickup,2.212,-2.043,-1.000,-1.500,joint_grid_transaction,423,423,1,3,24,0.000,0.45,-3.064,False,None,0.000,False
575.488,1,en_route_pickup,0.041,-2.749,1.000,-1.500,_command_reverse,425,417,0,1,41,0.000,0.40,-1.847,False,None,0.000,False
575.488,2,en_route_pickup,2.301,-2.806,6.000,-3.500,joint_grid_transaction,423,423,1,2,23,0.000,0.75,0.194,False,None,0.000,False
575.488,3,en_route_pickup,5.913,-1.130,0.000,-3.500,joint_grid_transaction,423,423,3,8,28,0.000,1.00,2.418,False,None,0.000,False
575.488,4,en_route_pickup,4.159,1.279,1.000,1.500,joint_grid_transaction,423,423,1,4,27,0.000,1.00,1.653,False,None,0.000,False
575.488,5,en_route_delivery,0.456,3.197,1.000,1.500,joint_grid_transaction,423,423,1,3,18,0.000,1.00,-3.119,False,None,0.000,False
575.488,6,en_route_pickup,0.570,-2.898,-3.000,-1.500,joint_grid_transaction,423,423,1,6,26,0.000,0.65,-2.743,True,None,0.000,True
575.488,7,returning_to_charge,7.090,-1.941,8.500,0.000,joint_grid_transaction,423,423,1,2,None,0.000,1.00,-0.943,False,None,0.000,False
575.488,8,en_route_pickup,2.124,-2.050,-1.000,-1.500,_priority_yield_direct,427,423,0,2,24,0.000,0.45,-3.062,False,None,0.000,False
577.536,1,en_route_pickup,0.028,-2.716,1.000,-1.500,joint_grid_transaction,433,433,1,2,41,0.000,0.60,-1.931,True,None,0.000,True
577.536,2,en_route_pickup,2.513,-2.847,6.000,-3.500,joint_grid_transaction,433,433,1,2,23,0.000,1.00,0.186,False,None,0.000,False
577.536,3,en_route_pickup,5.646,-1.356,0.000,-3.500,joint_grid_transaction,433,433,2,9,28,0.000,1.00,2.523,False,None,0.000,False
577.536,4,en_route_pickup,4.132,1.488,1.000,1.500,joint_grid_transaction,433,433,1,4,27,0.000,1.00,1.890,False,None,0.000,False
577.536,5,en_route_delivery,0.253,3.196,1.000,1.500,joint_grid_transaction,433,433,1,3,18,0.000,1.00,3.130,False,None,0.000,False
577.536,6,en_route_pickup,0.551,-2.883,-3.000,-1.500,joint_grid_transaction,433,433,1,6,26,0.000,0.60,-2.661,True,None,0.000,True
577.536,7,returning_to_charge,7.315,-1.631,8.500,0.000,joint_grid_transaction,433,433,1,2,None,0.000,1.00,-0.943,False,None,0.000,False
577.536,8,en_route_pickup,2.074,-2.054,-1.000,-1.500,joint_grid_transaction,433,433,1,4,24,579.020,0.40,-2.960,False,None,0.000,False
579.584,1,en_route_pickup,0.028,-2.716,1.000,-1.500,joint_grid_transaction,434,434,1,2,41,579.820,0.40,-1.928,True,None,0.000,True
579.584,2,en_route_pickup,2.888,-2.918,6.000,-3.500,joint_grid_transaction,434,434,1,2,23,0.000,1.00,0.185,False,None,0.000,False
579.584,3,en_route_pickup,5.331,-1.520,0.000,-3.500,joint_grid_transaction,434,434,2,5,28,0.000,1.00,2.505,False,None,0.000,False
579.584,4,en_route_pickup,3.948,1.789,1.000,1.500,joint_grid_transaction,434,434,1,4,27,0.000,1.00,2.349,False,None,0.000,False
579.584,5,en_route_delivery,-0.021,3.224,1.000,1.500,joint_grid_transaction,434,434,1,2,18,0.000,1.00,3.025,False,None,0.000,False
579.584,6,en_route_pickup,0.551,-2.883,-3.000,-1.500,joint_grid_transaction,434,434,0,5,26,579.820,0.65,-2.661,True,None,0.000,True
579.584,7,returning_to_charge,7.540,-1.321,8.500,0.000,joint_grid_transaction,434,434,1,2,None,0.000,1.00,-0.943,False,None,0.000,False
579.584,8,en_route_pickup,2.050,-2.077,-1.000,-1.500,joint_grid_transaction,433,433,1,4,24,0.000,1.00,-2.639,False,None,0.000,False
581.632,1,en_route_pickup,0.028,-2.716,1.000,-1.500,joint_grid_transaction,435,435,1,2,41,581.820,0.40,-1.925,True,None,0.000,True
581.632,2,en_route_pickup,3.264,-2.988,6.000,-3.500,joint_grid_transaction,435,435,1,2,23,0.000,1.00,0.185,False,None,0.000,False
581.632,3,en_route_pickup,5.100,-1.749,0.000,-3.500,joint_grid_transaction,435,435,1,6,28,0.000,1.00,2.164,False,None,0.000,False
581.632,4,en_route_pickup,3.670,1.988,1.000,1.500,joint_grid_transaction,435,435,1,3,27,0.000,1.00,2.739,False,None,0.000,False
581.632,5,en_route_delivery,-0.350,3.260,1.000,1.500,joint_grid_transaction,435,435,1,2,18,0.000,1.00,3.062,False,None,0.000,False
581.632,6,en_route_pickup,0.551,-2.883,-3.000,-1.500,joint_grid_transaction,435,435,0,5,26,581.820,0.65,-2.661,True,None,0.000,True
581.632,7,returning_to_charge,7.765,-1.011,8.500,0.000,joint_grid_transaction,435,435,1,2,None,0.000,1.00,-0.943,False,None,0.000,False
581.632,8,en_route_pickup,1.765,-2.307,-1.000,-1.500,joint_grid_transaction,435,435,1,4,24,0.000,0.55,-2.301,False,None,0.000,False
583.680,1,en_route_pickup,0.028,-2.716,1.000,-1.500,joint_grid_transaction,436,436,1,2,41,583.820,0.40,-1.921,True,None,0.000,True
583.680,2,en_route_pickup,3.641,-3.058,6.000,-3.500,joint_grid_transaction,436,436,1,2,23,0.000,1.00,0.185,False,None,0.000,False
583.680,3,en_route_pickup,4.869,-1.919,0.000,-3.500,joint_grid_transaction,436,436,2,11,28,0.000,1.00,2.762,False,None,0.000,False
583.680,4,en_route_pickup,3.303,2.089,1.000,1.500,joint_grid_transaction,436,436,1,3,27,0.000,1.00,2.914,False,None,0.000,False
583.680,5,en_route_delivery,-0.544,3.271,1.000,1.500,joint_grid_transaction,436,436,1,2,18,0.000,1.00,3.094,False,None,0.000,False
583.680,6,en_route_pickup,0.551,-2.883,-3.000,-1.500,joint_grid_transaction,436,436,0,5,26,583.820,0.65,-2.661,True,None,0.000,True
583.680,7,returning_to_charge,7.991,-0.702,8.500,0.000,joint_grid_transaction,436,436,1,2,None,0.000,1.00,-0.943,False,None,0.000,False
583.680,8,en_route_pickup,1.692,-2.395,-1.000,-1.500,joint_grid_transaction,435,435,1,4,24,0.000,0.55,-2.232,False,None,0.000,False
585.728,1,en_route_pickup,0.028,-2.716,1.000,-1.500,joint_grid_transaction,436,436,1,2,41,585.820,0.40,-1.921,True,None,0.000,True
585.728,2,en_route_pickup,4.017,-3.129,6.000,-3.500,joint_grid_transaction,436,436,1,2,23,0.000,1.00,0.185,False,None,0.000,False
585.728,3,en_route_pickup,4.537,-2.050,0.000,-3.500,joint_grid_transaction,436,436,3,11,28,0.000,1.00,2.591,False,None,0.000,False
585.728,4,en_route_pickup,2.930,2.174,1.000,1.500,joint_grid_transaction,436,436,1,3,27,0.000,1.00,2.917,False,None,0.000,False
585.728,5,en_route_delivery,-0.739,3.277,1.000,1.500,joint_grid_transaction,436,436,1,2,18,0.000,1.00,3.127,False,None,0.000,False
585.728,6,en_route_pickup,0.551,-2.883,-3.000,-1.500,joint_grid_transaction,436,436,0,5,26,585.820,0.65,-2.661,True,None,0.000,True
585.728,7,charging,8.216,-0.392,8.500,0.000,joint_grid_transaction,436,436,1,0,None,0.000,1.00,-0.943,False,None,0.000,False
585.728,8,en_route_pickup,1.654,-2.385,-1.000,-1.500,joint_grid_transaction,437,435,1,0,24,0.000,1.00,-2.456,False,None,0.000,False
587.776,1,en_route_pickup,0.015,-2.674,1.000,-1.500,_command_reverse,446,436,0,1,41,0.000,0.55,-1.819,False,None,0.000,False
587.776,2,en_route_pickup,4.394,-3.199,6.000,-3.500,joint_grid_transaction,436,436,1,2,23,0.000,1.00,0.185,False,None,0.000,False
587.776,3,en_route_pickup,4.237,-2.153,0.000,-3.500,joint_grid_transaction,436,436,4,11,28,0.000,1.00,3.013,False,None,0.000,False
587.776,4,en_route_pickup,2.556,2.259,1.000,1.500,joint_grid_transaction,436,436,1,3,27,0.000,1.00,2.917,False,None,0.000,False
587.776,5,en_route_delivery,-0.951,3.271,1.000,1.500,joint_grid_transaction,436,436,1,2,18,0.000,1.00,-3.096,False,None,0.000,False
587.776,6,en_route_pickup,0.532,-2.892,-3.000,-1.500,_joint_stall_recovery,445,436,0,1,26,0.000,0.60,-3.066,False,None,0.000,False
587.776,7,charging,8.372,-0.176,8.500,0.000,joint_grid_transaction,436,436,2,0,None,0.000,1.00,-0.943,False,None,0.000,False
587.776,8,en_route_pickup,1.457,-2.356,-1.000,-1.500,joint_grid_transaction,437,435,2,0,24,0.000,1.00,3.095,False,None,0.000,False
589.824,1,en_route_pickup,0.012,-2.660,1.000,-1.500,_command_reverse,446,436,0,1,41,591.020,0.40,-1.782,False,None,0.000,False
589.824,2,en_route_pickup,4.770,-3.270,6.000,-3.500,joint_grid_transaction,436,436,1,2,23,0.000,1.00,0.185,False,None,0.000,False
589.824,3,en_route_pickup,3.869,-2.191,0.000,-3.500,joint_grid_transaction,436,436,4,11,28,0.000,1.00,3.044,False,None,0.000,False
589.824,4,en_route_pickup,2.183,2.344,1.000,1.500,joint_grid_transaction,436,436,1,3,27,0.000,1.00,2.917,False,None,0.000,False
589.824,5,en_route_delivery,-1.274,3.196,1.000,1.500,joint_grid_transaction,436,436,1,2,18,0.000,1.00,-2.813,False,None,0.000,False
589.824,6,en_route_pickup,0.629,-2.958,-3.000,-1.500,_joint_stall_recovery,445,436,0,1,26,0.000,1.00,1.062,False,None,0.000,False
589.824,7,charging,8.372,-0.176,8.500,0.000,joint_grid_transaction,436,436,2,0,None,0.000,1.00,-0.943,False,None,0.000,False
589.824,8,en_route_pickup,1.076,-2.325,-1.000,-1.500,joint_grid_transaction,437,435,2,0,24,0.000,1.00,3.051,False,None,0.000,False
591.872,1,en_route_pickup,-0.008,-2.578,1.000,-1.500,joint_grid_transaction,450,450,1,5,41,0.000,1.00,-1.994,False,None,0.000,False
591.872,2,en_route_pickup,5.113,-3.331,6.000,-3.500,joint_grid_transaction,450,450,2,5,23,0.000,1.00,0.093,False,None,0.000,False
591.872,3,en_route_pickup,3.505,-2.226,0.000,-3.500,joint_grid_transaction,450,450,1,4,28,0.000,1.00,3.046,False,None,0.000,False
591.872,4,en_route_pickup,1.812,2.429,1.000,1.500,joint_grid_transaction,450,450,2,5,27,0.000,1.00,2.911,False,None,0.000,False
591.872,5,en_route_delivery,-1.633,3.066,1.000,1.500,joint_grid_transaction,450,450,2,5,18,0.000,1.00,-2.850,False,None,0.000,False
591.872,6,en_route_pickup,0.746,-3.047,-3.000,-1.500,joint_grid_transaction,450,450,1,5,26,0.000,1.00,0.554,False,None,0.000,False
591.872,7,en_route_pickup,8.355,-0.151,-3.000,-1.500,joint_grid_transaction,450,450,1,5,29,0.000,1.00,-1.257,False,None,0.000,False
591.872,8,en_route_pickup,0.696,-2.290,-1.000,-1.500,joint_grid_transaction,450,450,2,5,24,0.000,1.00,3.030,False,None,0.000,False
593.920,1,en_route_pickup,-0.005,-2.717,1.000,-1.500,joint_grid_transaction,450,450,1,5,41,0.000,1.00,1.999,False,None,0.000,False
593.920,2,en_route_pickup,5.304,-3.328,6.000,-3.500,joint_grid_transaction,450,450,2,5,23,0.000,1.00,0.075,False,None,0.000,False
593.920,3,en_route_pickup,3.285,-2.248,0.000,-3.500,joint_grid_transaction,450,450,2,4,28,0.000,1.00,3.042,False,None,0.000,False
593.920,4,en_route_pickup,1.514,2.483,1.000,1.500,joint_grid_transaction,450,450,3,5,27,0.000,1.00,3.043,False,None,0.000,False
593.920,5,en_route_delivery,-1.977,3.007,1.000,1.500,joint_grid_transaction,450,450,3,5,18,0.000,1.00,-3.052,False,None,0.000,False
593.920,6,en_route_pickup,0.819,-3.041,-3.000,-1.500,joint_grid_transaction,450,450,2,5,26,0.000,0.60,0.092,False,None,0.000,False
593.920,7,en_route_pickup,8.212,-0.219,-3.000,-1.500,joint_grid_transaction,450,450,1,5,29,0.000,1.00,-3.078,False,None,0.000,False
593.920,8,en_route_pickup,0.667,-2.286,-1.000,-1.500,joint_grid_transaction,450,450,2,5,24,596.520,0.40,3.031,False,None,0.000,False
595.968,1,en_route_pickup,0.050,-2.835,1.000,-1.500,joint_grid_transaction,452,452,2,12,41,0.000,1.00,0.841,False,None,0.000,False
595.968,2,en_route_delivery,5.466,-3.241,-6.000,3.500,joint_grid_transaction,452,452,1,13,23,0.000,1.00,0.987,False,None,0.000,False
595.968,3,en_route_pickup,2.986,-2.278,0.000,-3.500,joint_grid_transaction,452,452,1,12,28,0.000,1.00,3.046,False,None,0.000,False
595.968,4,en_route_pickup,1.219,2.512,1.000,1.500,joint_grid_transaction,452,452,1,6,27,0.000,1.00,3.048,False,joint_slot_deadline,596.404,False
595.968,5,en_route_delivery,-2.281,2.980,1.000,1.500,joint_grid_transaction,452,452,1,5,18,0.000,1.00,-3.054,False,None,0.000,False
595.968,6,en_route_pickup,0.913,-3.049,-3.000,-1.500,joint_grid_transaction,452,452,1,12,26,0.000,0.60,0.087,False,None,0.000,False
595.968,7,en_route_pickup,7.971,-0.201,-3.000,-1.500,joint_grid_transaction,452,452,1,12,29,0.000,1.00,-3.070,False,None,0.000,False
595.968,8,en_route_pickup,0.612,-2.281,-1.000,-1.500,joint_grid_transaction,452,452,1,10,24,596.520,0.40,3.037,False,None,0.000,False
598.016,1,en_route_pickup,0.150,-2.870,1.000,-1.500,joint_grid_transaction,453,453,1,2,41,0.000,1.00,0.488,False,None,0.000,False
598.016,2,en_route_delivery,5.294,-3.155,-6.000,3.500,joint_grid_transaction,453,453,1,16,23,0.000,1.00,2.326,False,None,0.000,False
598.016,3,en_route_pickup,2.865,-2.339,0.000,-3.500,joint_grid_transaction,453,453,2,7,28,0.000,1.00,2.486,False,None,0.000,False
598.016,4,en_route_pickup,1.250,2.424,1.000,1.500,joint_grid_transaction,453,453,1,2,27,0.000,1.00,-2.042,False,None,0.000,False
598.016,5,en_route_delivery,-2.274,2.879,1.000,1.500,joint_grid_transaction,453,453,1,2,18,0.000,1.00,-2.012,False,None,0.000,False
598.016,6,en_route_pickup,0.930,-3.068,-3.000,-1.500,joint_grid_transaction,453,453,1,3,26,0.000,0.60,0.620,False,None,0.000,False
598.016,7,en_route_pickup,7.756,-0.184,-3.000,-1.500,joint_grid_transaction,453,453,1,13,29,0.000,1.00,-3.062,False,None,0.000,False
598.016,8,en_route_pickup,0.449,-2.261,-1.000,-1.500,_priority_yield_direct,454,453,0,2,24,0.000,0.70,2.989,False,None,0.000,False
600.064,1,en_route_pickup,0.209,-2.763,1.000,-1.500,joint_grid_transaction,453,453,1,2,41,0.000,1.00,0.928,False,None,0.000,False
600.064,2,en_route_delivery,5.036,-2.872,-6.000,3.500,joint_grid_transaction,453,453,1,16,23,0.000,1.00,2.305,False,None,0.000,False
600.064,3,en_route_pickup,2.549,-2.532,0.000,-3.500,joint_grid_transaction,453,453,3,7,28,0.000,1.00,2.455,False,None,0.000,False
600.064,4,en_route_delivery,1.137,2.061,0.000,-3.500,joint_grid_transaction,453,453,1,11,27,0.000,1.00,-1.817,False,None,0.000,False
600.064,5,en_route_delivery,-2.371,2.512,1.000,1.500,joint_grid_transaction,453,453,1,2,18,0.000,1.00,-1.765,False,None,0.000,False
600.064,6,en_route_pickup,0.880,-3.134,-3.000,-1.500,_command_reverse,462,453,0,1,26,0.000,0.60,1.440,False,None,0.000,False
600.064,7,en_route_pickup,7.541,-0.170,-3.000,-1.500,joint_grid_transaction,453,453,1,13,29,0.000,1.00,-3.113,False,None,0.000,False
600.064,8,en_route_pickup,0.318,-2.224,-1.000,-1.500,_command_reverse,460,453,0,1,24,601.516,0.40,2.832,False,None,0.000,False
602.112,1,en_route_pickup,0.209,-2.763,1.000,-1.500,joint_grid_transaction,453,453,1,2,41,0.000,1.00,0.928,True,None,0.000,True
602.112,2,en_route_delivery,4.779,-2.588,-6.000,3.500,joint_grid_transaction,453,453,1,16,23,0.000,1.00,2.304,False,None,0.000,False
602.112,3,en_route_pickup,2.262,-2.786,0.000,-3.500,joint_grid_transaction,453,453,3,7,28,0.000,1.00,2.406,False,None,0.000,False
602.112,4,en_route_delivery,1.052,1.712,0.000,-3.500,joint_grid_transaction,453,453,2,11,27,0.000,1.00,-1.810,False,None,0.000,False
602.112,5,en_route_delivery,-2.393,2.397,1.000,1.500,joint_grid_transaction,453,453,1,2,18,0.000,1.00,-1.758,False,joint_window_endpoint,602.580,False
602.112,6,en_route_pickup,0.847,-3.082,-3.000,-1.500,_command_reverse,462,453,0,1,26,0.000,0.60,2.378,False,None,0.000,False
602.112,7,en_route_pickup,7.349,-0.115,-3.000,-1.500,joint_grid_transaction,453,453,2,13,29,0.000,1.00,-2.602,False,None,0.000,False
602.112,8,en_route_pickup,0.317,-2.224,-1.000,-1.500,_command_reverse,460,453,0,1,24,603.020,0.40,2.832,False,None,0.000,False
604.160,1,en_route_pickup,0.209,-2.763,1.000,-1.500,joint_grid_transaction,468,468,0,2,41,0.000,1.00,0.928,True,None,0.000,True
604.160,2,en_route_delivery,4.559,-2.440,-6.000,3.500,joint_grid_transaction,468,468,2,15,23,0.000,1.00,2.803,False,None,0.000,False
604.160,3,en_route_pickup,1.989,-2.954,0.000,-3.500,joint_grid_transaction,468,468,2,7,28,0.000,1.00,2.839,False,None,0.000,False
604.160,4,en_route_delivery,0.970,1.794,0.000,-3.500,joint_grid_transaction,468,468,1,15,27,0.000,1.00,-2.995,False,None,0.000,False
604.160,5,en_route_delivery,-2.341,2.463,1.000,1.500,joint_grid_transaction,468,468,1,3,18,0.000,1.00,-0.610,False,None,0.000,False
604.160,6,en_route_pickup,0.798,-3.053,-3.000,-1.500,joint_grid_transaction,468,468,1,8,26,0.000,0.60,-3.079,False,None,0.000,False
604.160,7,en_route_pickup,7.067,-0.000,-3.000,-1.500,joint_grid_transaction,468,468,1,11,29,0.000,1.00,-3.027,False,None,0.000,False
604.160,8,en_route_pickup,0.317,-2.224,-1.000,-1.500,joint_grid_transaction,468,468,0,2,24,604.524,0.40,2.831,True,None,0.000,True
606.208,1,en_route_pickup,0.229,-2.747,1.000,-1.500,joint_grid_transaction,469,469,1,2,41,0.000,1.00,0.876,False,None,0.000,True
606.208,2,en_route_delivery,4.187,-2.376,-6.000,3.500,joint_grid_transaction,469,469,2,11,23,0.000,1.00,3.028,False,None,0.000,False
606.208,3,en_route_pickup,1.913,-3.006,0.000,-3.500,joint_grid_transaction,469,469,1,5,28,0.000,0.60,2.460,False,None,0.000,False
606.208,4,en_route_delivery,1.012,1.993,0.000,-3.500,joint_grid_transaction,468,468,1,15,27,0.000,1.00,1.725,False,None,0.000,False
606.208,5,en_route_delivery,-2.144,2.406,1.000,1.500,joint_grid_transaction,469,469,2,5,18,0.000,1.00,-0.406,False,None,0.000,False
606.208,6,en_route_pickup,0.809,-3.050,-3.000,-1.500,joint_grid_transaction,469,469,1,8,26,0.000,0.40,-2.772,False,None,0.000,False
606.208,7,en_route_pickup,6.739,0.025,-3.000,-1.500,joint_grid_transaction,469,469,1,16,29,0.000,1.00,-3.065,False,None,0.000,False
606.208,8,en_route_pickup,0.249,-2.198,-1.000,-1.500,joint_grid_transaction,469,469,1,2,24,0.000,0.60,2.724,False,None,0.000,False
608.256,1,en_route_pickup,0.288,-2.687,1.000,-1.500,joint_grid_transaction,469,469,1,2,41,0.000,1.00,0.863,True,None,0.000,True
608.256,2,en_route_delivery,3.807,-2.335,-6.000,3.500,joint_grid_transaction,469,469,2,11,23,0.000,1.00,3.036,False,None,0.000,False
608.256,3,en_route_pickup,1.831,-3.034,0.000,-3.500,joint_grid_transaction,469,469,2,5,28,0.000,0.60,2.522,False,None,0.000,False
608.256,4,en_route_delivery,1.113,2.275,0.000,-3.500,joint_grid_transaction,468,468,2,15,27,0.000,1.00,1.062,False,None,0.000,False
608.256,5,en_route_delivery,-1.817,2.211,1.000,1.500,joint_grid_transaction,469,469,2,5,18,0.000,1.00,-0.582,False,None,0.000,False
608.256,6,en_route_pickup,0.739,-2.995,-3.000,-1.500,joint_grid_transaction,469,469,1,8,26,0.000,0.60,-2.473,True,None,0.000,True
608.256,7,en_route_pickup,6.470,0.046,-3.000,-1.500,joint_grid_transaction,469,469,1,16,29,0.000,1.00,-3.064,False,None,0.000,False
608.256,8,en_route_pickup,0.158,-2.153,-1.000,-1.500,_priority_yield_direct,471,469,0,1,24,609.020,0.40,2.661,False,None,0.000,False
610.304,1,en_route_pickup,0.368,-2.577,1.000,-1.500,joint_grid_transaction,469,469,1,2,41,0.000,1.00,0.996,True,None,0.000,True
610.304,2,en_route_delivery,3.426,-2.295,-6.000,3.500,joint_grid_transaction,469,469,2,11,23,0.000,1.00,3.037,False,None,0.000,False
610.304,3,en_route_pickup,1.755,-3.038,0.000,-3.500,joint_grid_transaction,469,469,2,5,28,0.000,0.60,2.921,False,None,0.000,False
610.304,4,en_route_delivery,1.112,2.475,0.000,-3.500,joint_grid_transaction,468,468,3,15,27,0.000,1.00,1.673,False,None,0.000,False
610.304,5,en_route_delivery,-1.523,2.100,1.000,1.500,joint_grid_transaction,469,469,3,5,18,0.000,1.00,-0.118,False,None,0.000,False
610.304,6,en_route_pickup,0.732,-2.989,-3.000,-1.500,joint_grid_transaction,469,469,1,8,26,0.000,0.60,-2.460,True,None,0.000,True
610.304,7,en_route_pickup,6.251,0.221,-3.000,-1.500,joint_grid_transaction,469,469,2,16,29,0.000,1.00,-2.429,False,None,0.000,False
610.304,8,en_route_pickup,0.079,-2.109,-1.000,-1.500,_priority_yield_direct,471,469,0,1,24,611.020,0.40,2.636,False,None,0.000,False
612.352,1,en_route_pickup,0.370,-2.574,1.000,-1.500,joint_grid_transaction,469,469,1,2,41,0.000,1.00,0.988,True,None,0.000,True
612.352,2,en_route_delivery,3.074,-2.260,-6.000,3.500,joint_grid_transaction,474,474,1,8,23,0.000,1.00,3.051,False,None,0.000,False
612.352,3,en_route_pickup,1.706,-3.058,0.000,-3.500,joint_grid_transaction,474,474,1,5,28,0.000,0.60,2.664,False,None,0.000,False
612.352,4,en_route_delivery,0.969,2.491,0.000,-3.500,joint_grid_transaction,474,474,1,13,27,0.000,1.00,2.927,False,None,0.000,False
612.352,5,en_route_delivery,-1.166,2.066,1.000,1.500,joint_grid_transaction,474,474,1,3,18,0.000,1.00,-0.091,False,None,0.000,False
612.352,6,en_route_pickup,0.732,-2.989,-3.000,-1.500,joint_grid_transaction,474,474,0,8,26,0.000,0.60,-2.460,True,None,0.000,True
612.352,7,en_route_pickup,5.965,0.471,-3.000,-1.500,joint_grid_transaction,474,474,2,12,29,0.000,1.00,-2.416,False,None,0.000,False
612.352,8,en_route_pickup,0.078,-2.109,-1.000,-1.500,joint_grid_transaction,474,474,0,2,24,612.524,0.40,2.636,True,None,0.000,True
614.400,1,en_route_pickup,0.416,-2.503,1.000,-1.500,joint_grid_transaction,469,469,1,2,41,0.000,0.60,1.020,False,None,0.000,False
614.400,2,en_route_delivery,3.037,-2.166,-6.000,3.500,joint_grid_transaction,475,475,1,16,23,0.000,1.00,1.486,False,None,0.000,False
614.400,3,en_route_pickup,1.665,-3.083,0.000,-3.500,joint_grid_transaction,475,475,1,5,28,0.000,0.40,2.544,False,None,0.000,False
614.400,4,en_route_delivery,0.663,2.534,0.000,-3.500,joint_grid_transaction,475,475,2,11,27,0.000,1.00,2.868,False,None,0.000,False
614.400,5,en_route_delivery,-0.817,2.035,1.000,1.500,joint_grid_transaction,475,475,1,3,18,0.000,1.00,-0.089,False,None,0.000,False
614.400,6,en_route_pickup,0.713,-2.966,-3.000,-1.500,joint_grid_transaction,475,475,1,8,26,0.000,1.00,-2.417,False,None,0.000,True
614.400,7,en_route_pickup,5.679,0.722,-3.000,-1.500,joint_grid_transaction,475,475,2,12,29,0.000,1.00,-2.414,False,None,0.000,False
614.400,8,en_route_pickup,0.002,-2.067,-1.000,-1.500,joint_grid_transaction,475,475,1,2,24,0.000,0.60,2.630,False,None,0.000,False
616.448,1,en_route_pickup,0.601,-2.189,1.000,-1.500,joint_grid_transaction,476,476,1,2,41,0.000,1.00,1.045,False,None,0.000,False
616.448,2,en_route_delivery,3.246,-2.229,-6.000,3.500,joint_grid_transaction,476,476,1,12,23,0.000,1.00,0.072,False,None,0.000,False
616.448,3,en_route_pickup,1.601,-3.087,0.000,-3.500,joint_grid_transaction,476,476,2,5,28,0.000,0.60,2.876,False,None,0.000,False
616.448,4,en_route_delivery,0.455,2.573,0.000,-3.500,joint_grid_transaction,476,476,1,13,27,0.000,1.00,3.099,False,None,0.000,False
616.448,5,en_route_delivery,-0.477,2.005,1.000,1.500,joint_grid_transaction,476,476,1,3,18,0.000,1.00,-0.087,False,None,0.000,False
616.448,6,en_route_pickup,0.633,-2.924,-3.000,-1.500,joint_grid_transaction,476,476,2,8,26,0.000,0.60,-2.540,False,None,0.000,False
616.448,7,en_route_pickup,5.394,0.977,-3.000,-1.500,joint_grid_transaction,476,476,1,11,29,0.000,1.00,-2.412,False,None,0.000,False
616.448,8,en_route_pickup,-0.039,-2.044,-1.000,-1.500,joint_grid_transaction,476,476,1,2,24,0.000,0.40,2.629,False,None,0.000,False
618.496,1,en_route_delivery,0.793,-1.858,6.000,-3.500,joint_grid_transaction,477,477,1,9,41,0.000,1.00,1.046,False,None,0.000,False
618.496,2,en_route_delivery,3.554,-2.206,-6.000,3.500,joint_grid_transaction,477,477,1,12,23,0.000,1.00,0.074,False,None,0.000,False
618.496,3,en_route_pickup,1.478,-3.123,0.000,-3.500,joint_grid_transaction,477,477,1,5,28,0.000,0.60,2.809,False,None,0.000,False
618.496,4,en_route_delivery,0.262,2.590,0.000,-3.500,joint_grid_transaction,477,477,1,15,27,0.000,1.00,-3.107,False,None,0.000,False
618.496,5,en_route_delivery,-0.193,1.977,1.000,1.500,_priority_yield_direct,479,477,0,1,18,0.000,0.70,-0.130,False,None,0.000,False
618.496,6,en_route_pickup,0.547,-2.908,-3.000,-1.500,joint_grid_transaction,477,477,2,8,26,0.000,0.60,-2.880,False,None,0.000,False
618.496,7,en_route_pickup,5.108,1.233,-3.000,-1.500,joint_grid_transaction,477,477,1,9,29,0.000,1.00,-2.412,False,None,0.000,False
618.496,8,en_route_pickup,-0.075,-2.023,-1.000,-1.500,joint_grid_transaction,477,477,1,2,24,0.000,0.40,2.628,False,None,0.000,False
620.544,1,en_route_delivery,0.890,-1.690,6.000,-3.500,joint_grid_transaction,477,477,2,9,41,0.000,1.00,1.046,False,None,0.000,False
620.544,2,en_route_delivery,3.785,-2.190,-6.000,3.500,joint_grid_transaction,477,477,1,12,23,0.000,1.00,0.032,False,None,0.000,False
620.544,3,en_route_pickup,1.368,-3.153,0.000,-3.500,joint_grid_transaction,477,477,2,5,28,0.000,0.60,2.967,False,None,0.000,False
620.544,4,en_route_delivery,0.083,2.607,0.000,-3.500,joint_grid_transaction,477,477,2,15,27,0.000,1.00,2.945,False,None,0.000,False
620.544,5,en_route_delivery,-0.074,1.947,1.000,1.500,_priority_yield_direct,479,477,0,1,18,0.000,0.70,-0.294,False,None,0.000,False
620.544,6,en_route_pickup,0.413,-2.882,-3.000,-1.500,joint_grid_transaction,477,477,2,8,26,0.000,0.60,-2.992,False,None,0.000,False
620.544,7,en_route_pickup,4.823,1.488,-3.000,-1.500,joint_grid_transaction,477,477,1,9,29,0.000,1.00,-2.412,False,None,0.000,False
620.544,8,en_route_pickup,-0.399,-1.839,-1.000,-1.500,joint_grid_transaction,477,477,1,2,24,0.000,1.00,2.628,False,None,0.000,False
622.592,1,en_route_delivery,0.890,-1.690,6.000,-3.500,joint_grid_transaction,477,477,2,9,41,0.000,1.00,1.046,False,None,0.000,False
622.592,2,en_route_delivery,4.034,-2.035,-6.000,3.500,joint_grid_transaction,477,477,2,12,23,0.000,1.00,0.625,False,None,0.000,False
622.592,3,en_route_pickup,1.240,-3.168,0.000,-3.500,joint_grid_transaction,477,477,2,5,28,0.000,0.60,3.041,False,None,0.000,False
622.592,4,en_route_delivery,-0.187,2.683,0.000,-3.500,joint_grid_transaction,477,477,3,15,27,0.000,0.75,2.998,False,None,0.000,False
622.592,5,en_route_delivery,0.048,1.904,1.000,1.500,_priority_yield_direct,485,477,0,1,18,0.000,0.45,-0.373,False,None,0.000,False
622.592,6,en_route_pickup,0.276,-2.864,-3.000,-1.500,joint_grid_transaction,477,477,2,8,26,0.000,0.60,-3.021,False,None,0.000,False
622.592,7,en_route_pickup,4.537,1.743,-3.000,-1.500,joint_grid_transaction,477,477,1,9,29,0.000,1.00,-2.412,False,None,0.000,False
622.592,8,en_route_delivery,-0.733,-1.651,-6.000,3.500,joint_grid_transaction,477,477,1,9,24,0.000,1.00,2.628,False,None,0.000,False
624.640,1,en_route_delivery,0.946,-1.746,6.000,-3.500,_command_reverse,492,477,0,2,41,0.000,1.00,0.464,False,None,0.000,False
624.640,2,en_route_delivery,4.341,-1.807,-6.000,3.500,joint_grid_transaction,477,477,2,12,23,0.000,1.00,0.643,False,None,0.000,False
624.640,3,en_route_pickup,1.098,-3.182,0.000,-3.500,joint_grid_transaction,477,477,2,5,28,0.000,1.00,3.039,False,None,0.000,False
624.640,4,en_route_delivery,-0.391,2.705,0.000,-3.500,joint_grid_transaction,477,477,3,15,27,0.000,0.75,3.042,False,None,0.000,False
624.640,5,en_route_delivery,0.120,1.875,1.000,1.500,_priority_yield_direct,485,477,0,1,18,0.000,0.45,-0.390,False,None,0.000,False
624.640,6,en_route_pickup,0.169,-2.851,-3.000,-1.500,joint_grid_transaction,477,477,2,8,26,0.000,1.00,-3.019,False,None,0.000,False
624.640,7,en_route_pickup,4.278,1.863,-3.000,-1.500,joint_grid_transaction,477,477,2,9,29,0.000,1.00,-2.974,False,None,0.000,False
624.640,8,en_route_delivery,-0.807,-1.608,-6.000,3.500,joint_grid_transaction,477,477,1,9,24,625.028,1.00,2.623,False,None,0.000,False
626.688,1,en_route_delivery,1.111,-1.748,6.000,-3.500,_command_reverse,492,477,0,2,41,0.000,1.00,0.018,False,None,0.000,False
626.688,2,en_route_delivery,4.580,-1.596,-6.000,3.500,joint_grid_transaction,477,477,3,12,23,0.000,1.00,0.882,False,None,0.000,False
626.688,3,en_route_pickup,0.765,-3.215,0.000,-3.500,joint_grid_transaction,477,477,2,5,28,0.000,1.00,3.044,False,None,0.000,False
626.688,4,en_route_delivery,-0.671,2.733,0.000,-3.500,joint_grid_transaction,477,477,3,15,27,0.000,1.00,3.041,False,None,0.000,False
626.688,5,en_route_delivery,0.347,1.778,1.000,1.500,_priority_yield_direct,485,477,0,1,18,0.000,1.00,-0.403,False,None,0.000,False
626.688,6,en_route_pickup,-0.211,-2.808,-3.000,-1.500,joint_grid_transaction,477,477,2,8,26,0.000,1.00,-3.034,False,None,0.000,False
626.688,7,en_route_pickup,3.912,1.902,-3.000,-1.500,joint_grid_transaction,477,477,2,9,29,0.000,1.00,-3.046,False,None,0.000,False
626.688,8,en_route_delivery,-0.809,-1.606,-6.000,3.500,joint_grid_transaction,477,477,2,9,24,627.044,1.00,2.613,False,None,0.000,False
628.736,1,en_route_delivery,1.322,-1.756,6.000,-3.500,_command_reverse,492,477,0,2,41,0.000,1.00,0.059,False,None,0.000,False
628.736,2,en_route_delivery,4.792,-1.284,-6.000,3.500,joint_grid_transaction,477,477,4,12,23,0.000,1.00,0.844,False,None,0.000,False
628.736,3,en_route_delivery,0.435,-3.247,6.000,3.500,joint_grid_transaction,477,477,2,6,28,0.000,1.00,3.047,False,None,0.000,False
628.736,4,en_route_delivery,-0.975,2.763,0.000,-3.500,joint_grid_transaction,477,477,3,15,27,0.000,0.55,3.053,False,None,0.000,False
628.736,5,en_route_pickup,0.680,1.636,0.000,3.500,_priority_yield_direct,485,477,1,1,31,0.000,1.00,-0.402,False,None,0.000,False
628.736,6,en_route_pickup,-0.548,-2.766,-3.000,-1.500,joint_grid_transaction,477,477,3,8,26,0.000,1.00,-2.871,False,None,0.000,False
628.736,7,en_route_pickup,3.553,1.936,-3.000,-1.500,joint_grid_transaction,477,477,2,9,29,0.000,1.00,-3.049,False,None,0.000,False
628.736,8,en_route_delivery,-0.809,-1.606,-6.000,3.500,joint_grid_transaction,477,477,2,9,24,628.884,1.00,2.613,False,None,0.000,False
630.784,1,en_route_delivery,1.422,-1.870,6.000,-3.500,joint_grid_transaction,497,497,3,9,41,0.000,1.00,0.536,False,None,0.000,False
630.784,2,en_route_delivery,4.720,-1.282,-6.000,3.500,joint_grid_transaction,497,497,1,9,23,0.000,1.00,2.719,False,None,0.000,False
630.784,3,en_route_delivery,0.508,-3.289,6.000,3.500,joint_grid_transaction,497,497,1,9,28,0.000,1.00,0.834,False,None,0.000,False
630.784,4,en_route_delivery,-1.136,2.778,0.000,-3.500,joint_grid_transaction,497,497,2,9,27,0.000,1.00,3.050,False,None,0.000,False
630.784,5,en_route_pickup,0.682,1.775,0.000,3.500,joint_grid_transaction,497,497,1,9,31,0.000,1.00,-1.136,False,None,0.000,False
630.784,6,en_route_pickup,-0.862,-2.723,-3.000,-1.500,joint_grid_transaction,497,497,3,9,26,0.000,1.00,-3.075,False,None,0.000,False
630.784,7,en_route_pickup,3.183,1.980,-3.000,-1.500,joint_grid_transaction,497,497,3,9,29,0.000,1.00,-3.039,False,None,0.000,False
630.784,8,en_route_delivery,-0.809,-1.606,-6.000,3.500,joint_grid_transaction,477,477,2,9,24,0.000,1.00,2.613,False,None,0.000,False
632.832,1,en_route_delivery,1.781,-1.982,6.000,-3.500,joint_grid_transaction,498,498,2,9,41,0.000,1.00,0.121,False,None,0.000,False
632.832,2,en_route_delivery,4.468,-1.239,-6.000,3.500,joint_grid_transaction,498,498,3,9,23,0.000,1.00,3.016,False,None,0.000,False
632.832,3,en_route_delivery,0.772,-3.275,6.000,3.500,joint_grid_transaction,498,498,2,9,28,0.000,1.00,0.061,False,None,0.000,False
632.832,4,en_route_delivery,-1.393,2.802,0.000,-3.500,joint_grid_transaction,498,498,2,9,27,0.000,1.00,3.050,False,None,0.000,False
632.832,5,en_route_pickup,0.649,1.839,0.000,3.500,joint_grid_transaction,498,498,3,9,31,0.000,1.00,-2.170,False,None,0.000,False
632.832,6,en_route_pickup,-1.079,-2.708,-3.000,-1.500,joint_grid_transaction,498,498,2,9,26,0.000,1.00,-3.067,False,None,0.000,False
632.832,7,en_route_pickup,2.965,2.002,-3.000,-1.500,joint_grid_transaction,498,498,2,8,29,0.000,1.00,-3.041,False,None,0.000,False
632.832,8,en_route_delivery,-0.809,-1.606,-6.000,3.500,joint_grid_transaction,477,477,2,9,24,0.000,0.85,2.613,False,None,0.000,False
634.880,1,en_route_delivery,2.116,-2.013,6.000,-3.500,joint_grid_transaction,498,498,4,9,41,0.000,1.00,0.089,False,None,0.000,False
634.880,2,en_route_delivery,4.362,-1.065,-6.000,3.500,joint_grid_transaction,498,498,4,9,23,0.000,1.00,2.048,False,None,0.000,False
634.880,3,en_route_delivery,1.048,-3.294,6.000,3.500,joint_grid_transaction,498,498,3,9,28,0.000,1.00,0.072,False,None,0.000,False
634.880,4,en_route_delivery,-1.611,2.813,0.000,-3.500,joint_grid_transaction,498,498,3,9,27,0.000,1.00,3.121,False,None,0.000,False
634.880,5,en_route_pickup,0.368,1.950,0.000,3.500,joint_grid_transaction,498,498,4,9,31,0.000,1.00,-2.885,False,None,0.000,False
634.880,6,en_route_pickup,-1.315,-2.693,-3.000,-1.500,joint_grid_transaction,498,498,3,9,26,0.000,1.00,-3.099,False,None,0.000,False
634.880,7,en_route_pickup,2.674,2.031,-3.000,-1.500,joint_grid_transaction,498,498,3,8,29,0.000,1.00,-3.042,False,None,0.000,False
634.880,8,en_route_delivery,-0.809,-1.606,-6.000,3.500,_command_reverse,500,477,0,2,24,635.028,0.55,2.613,False,None,0.000,False
636.928,1,en_route_delivery,2.367,-2.035,6.000,-3.500,joint_grid_transaction,501,501,3,9,41,0.000,1.00,0.089,False,None,0.000,False
636.928,2,en_route_delivery,4.284,-0.855,-6.000,3.500,joint_grid_transaction,501,501,3,9,23,0.000,1.00,1.770,False,None,0.000,False
636.928,3,en_route_delivery,1.281,-3.309,6.000,3.500,joint_grid_transaction,501,501,2,9,28,0.000,1.00,0.034,False,None,0.000,False
636.928,4,en_route_delivery,-1.853,2.815,0.000,-3.500,joint_grid_transaction,501,501,3,9,27,0.000,1.00,-3.127,False,None,0.000,False
636.928,5,en_route_pickup,0.223,2.002,0.000,3.500,joint_grid_transaction,501,501,3,9,31,0.000,1.00,-2.540,False,None,0.000,False
636.928,6,en_route_pickup,-1.534,-2.683,-3.000,-1.500,joint_grid_transaction,501,501,2,9,26,0.000,1.00,3.138,False,None,0.000,False
636.928,7,en_route_pickup,2.435,2.052,-3.000,-1.500,joint_grid_transaction,501,501,3,9,29,0.000,1.00,-3.070,False,None,0.000,False
636.928,8,en_route_delivery,-0.929,-1.614,-6.000,3.500,_command_reverse,500,477,0,2,24,0.000,1.00,3.129,False,None,0.000,False
638.976,1,en_route_delivery,2.612,-2.055,6.000,-3.500,joint_grid_transaction,502,502,2,9,41,0.000,1.00,0.075,False,None,0.000,False
638.976,2,en_route_delivery,4.244,-0.504,-6.000,3.500,joint_grid_transaction,502,502,2,9,23,0.000,1.00,1.661,False,None,0.000,False
638.976,3,en_route_delivery,1.512,-3.318,6.000,3.500,joint_grid_transaction,502,502,1,8,28,0.000,1.00,0.024,False,None,0.000,False
638.976,4,en_route_delivery,-2.183,2.790,0.000,-3.500,joint_grid_transaction,502,502,2,9,27,0.000,1.00,-3.027,False,None,0.000,False
638.976,5,en_route_pickup,0.118,2.131,0.000,3.500,joint_grid_transaction,502,502,1,7,31,0.000,1.00,-2.096,False,joint_slot_deadline,639.284,False
638.976,6,en_route_pickup,-1.789,-2.696,-3.000,-1.500,joint_grid_transaction,502,502,1,8,26,0.000,1.00,3.057,False,joint_slot_deadline,639.284,False
638.976,7,en_route_pickup,2.218,2.065,-3.000,-1.500,joint_grid_transaction,502,502,1,9,29,0.000,1.00,-3.135,False,None,0.000,False
638.976,8,en_route_delivery,-1.085,-1.617,-6.000,3.500,_command_reverse,500,477,0,2,24,0.000,1.00,-3.115,False,None,0.000,False
641.024,1,en_route_delivery,2.829,-2.065,6.000,-3.500,joint_grid_transaction,502,502,3,9,41,0.000,1.00,0.005,False,None,0.000,False
641.024,2,en_route_delivery,4.218,-0.228,-6.000,3.500,joint_grid_transaction,502,502,3,9,23,0.000,1.00,1.664,False,None,0.000,False
641.024,3,en_route_delivery,1.807,-3.300,6.000,3.500,joint_grid_transaction,502,502,3,8,28,0.000,1.00,0.106,False,None,0.000,False
641.024,4,en_route_delivery,-2.542,2.752,0.000,-3.500,joint_grid_transaction,502,502,4,9,27,0.000,1.00,-3.045,False,None,0.000,False
641.024,5,en_route_pickup,0.029,2.375,0.000,3.500,joint_grid_transaction,502,502,3,7,31,0.000,1.00,-1.752,False,None,0.000,False
641.024,6,en_route_pickup,-2.103,-2.731,-3.000,-1.500,joint_grid_transaction,502,502,3,8,26,0.000,1.00,3.041,False,None,0.000,False
641.024,7,en_route_pickup,1.922,2.053,-3.000,-1.500,joint_grid_transaction,502,502,3,9,29,0.000,1.00,3.065,False,None,0.000,False
641.024,8,en_route_delivery,-1.298,-1.650,-6.000,3.500,_command_reverse,500,477,0,2,24,641.028,0.85,-2.924,False,None,0.000,False
643.072,1,en_route_delivery,3.148,-2.046,6.000,-3.500,joint_grid_transaction,503,503,3,9,41,0.000,1.00,0.106,False,None,0.000,False
643.072,2,en_route_delivery,4.196,0.014,-6.000,3.500,joint_grid_transaction,503,503,2,9,23,0.000,1.00,1.641,False,None,0.000,False
643.072,3,en_route_delivery,2.158,-3.260,6.000,3.500,joint_grid_transaction,503,503,3,9,28,0.000,1.00,0.105,False,None,0.000,False
643.072,4,en_route_delivery,-2.846,2.723,0.000,-3.500,joint_grid_transaction,503,503,3,9,27,0.000,1.00,-3.048,False,None,0.000,False
643.072,5,en_route_pickup,-0.003,2.651,0.000,3.500,joint_grid_transaction,503,503,3,6,31,0.000,1.00,-1.669,False,None,0.000,False
643.072,6,en_route_pickup,-2.397,-2.761,-3.000,-1.500,joint_grid_transaction,503,503,3,9,26,0.000,1.00,3.039,False,None,0.000,False
643.072,7,en_route_pickup,1.585,2.015,-3.000,-1.500,joint_grid_transaction,503,503,3,9,29,0.000,1.00,3.048,False,None,0.000,False
643.072,8,en_route_delivery,-1.603,-1.753,-6.000,3.500,_command_reverse,500,477,0,2,24,0.000,0.70,-2.782,False,None,0.000,False
645.120,1,en_route_delivery,3.510,-2.005,6.000,-3.500,joint_grid_transaction,504,504,2,9,41,0.000,1.00,0.102,False,None,0.000,False
645.120,2,en_route_delivery,4.184,0.243,-6.000,3.500,joint_grid_transaction,504,504,2,9,23,0.000,1.00,1.620,False,None,0.000,False
645.120,3,en_route_delivery,2.470,-3.228,6.000,3.500,joint_grid_transaction,504,504,2,9,28,0.000,1.00,0.099,False,None,0.000,False
645.120,4,en_route_delivery,-3.103,2.699,0.000,-3.500,joint_grid_transaction,504,504,2,9,27,0.000,1.00,-3.049,False,None,0.000,False
645.120,5,en_route_delivery,-0.031,2.945,1.000,1.500,joint_grid_transaction,504,504,2,1,31,0.000,0.85,-1.655,False,None,0.000,False
645.120,6,en_route_pickup,-2.677,-2.789,-3.000,-1.500,joint_grid_transaction,504,504,2,8,26,0.000,1.00,3.044,False,None,0.000,False
645.120,7,en_route_pickup,1.268,1.985,-3.000,-1.500,joint_grid_transaction,504,504,2,9,29,0.000,0.40,3.053,False,None,0.000,False
645.120,8,en_route_delivery,-1.684,-1.783,-6.000,3.500,_command_reverse,500,477,0,2,24,645.284,0.70,-2.777,False,None,0.000,False
647.168,1,en_route_delivery,3.800,-1.975,6.000,-3.500,joint_grid_transaction,505,505,3,9,41,0.000,1.00,0.103,False,None,0.000,False
647.168,2,en_route_delivery,4.193,0.512,-6.000,3.500,joint_grid_transaction,505,505,2,9,23,0.000,1.00,1.504,False,None,0.000,False
647.168,3,en_route_delivery,2.732,-3.202,6.000,3.500,joint_grid_transaction,505,505,2,9,28,0.000,1.00,0.096,False,None,0.000,False
647.168,4,en_route_delivery,-3.316,2.687,0.000,-3.500,joint_grid_transaction,505,505,3,9,27,0.000,1.00,-3.135,False,None,0.000,False
647.168,5,en_route_delivery,0.047,2.927,1.000,1.500,joint_grid_transaction,505,505,1,9,31,0.000,0.85,-0.517,False,None,0.000,False
647.168,6,en_route_pickup,-2.805,-2.747,-3.000,-1.500,joint_grid_transaction,505,505,2,7,26,0.000,1.00,-2.407,False,None,0.000,False
647.168,7,en_route_pickup,1.221,1.981,-3.000,-1.500,joint_grid_transaction,505,505,1,9,29,0.000,0.40,3.054,False,None,0.000,False
647.168,8,en_route_delivery,-1.762,-1.813,-6.000,3.500,_command_reverse,500,477,0,2,24,0.000,0.40,-2.775,False,None,0.000,False
649.216,1,en_route_delivery,4.045,-1.951,6.000,-3.500,joint_grid_transaction,507,507,1,9,41,0.000,1.00,0.080,False,None,0.000,False
649.216,2,en_route_delivery,4.233,0.881,-6.000,3.500,joint_grid_transaction,507,507,2,9,23,0.000,1.00,1.471,False,None,0.000,False
649.216,3,en_route_delivery,2.962,-3.187,6.000,3.500,joint_grid_transaction,507,507,2,9,28,0.000,1.00,0.063,False,None,0.000,False
649.216,4,en_route_delivery,-3.566,2.684,0.000,-3.500,joint_grid_transaction,507,507,2,9,27,0.000,1.00,3.137,False,None,0.000,False
649.216,5,en_route_delivery,0.300,2.985,1.000,1.500,joint_grid_transaction,507,507,2,9,31,0.000,1.00,-0.127,False,None,0.000,False
649.216,6,en_route_pickup,-2.954,-2.464,-3.000,-1.500,joint_grid_transaction,507,507,2,6,26,0.000,1.00,-1.849,False,None,0.000,False
649.216,7,en_route_pickup,1.153,1.975,-3.000,-1.500,joint_grid_transaction,507,507,2,9,29,0.000,1.00,3.050,False,None,0.000,False
649.216,8,en_route_delivery,-1.803,-1.829,-6.000,3.500,_command_reverse,500,477,0,2,24,0.000,0.40,-2.774,False,None,0.000,False
651.264,1,en_route_delivery,4.267,-1.935,6.000,-3.500,joint_grid_transaction,507,507,2,9,41,0.000,1.00,0.026,False,None,0.000,False
651.264,2,en_route_delivery,4.265,1.207,-6.000,3.500,joint_grid_transaction,507,507,3,9,23,0.000,1.00,1.475,False,None,0.000,False
651.264,3,en_route_delivery,3.208,-3.188,6.000,3.500,joint_grid_transaction,507,507,3,9,28,0.000,1.00,0.024,False,None,0.000,False
651.264,4,en_route_delivery,-3.860,2.695,0.000,-3.500,joint_grid_transaction,507,507,3,9,27,0.000,1.00,3.079,False,None,0.000,False
651.264,5,en_route_delivery,0.629,3.016,1.000,1.500,joint_grid_transaction,507,507,3,9,31,0.000,1.00,-0.090,False,None,0.000,False
651.264,6,en_route_pickup,-2.982,-2.319,-3.000,-1.500,joint_grid_transaction,507,507,3,6,26,0.000,0.70,-1.690,False,None,0.000,False
651.264,7,en_route_pickup,0.891,1.951,-3.000,-1.500,joint_grid_transaction,507,507,3,9,29,0.000,1.00,3.050,False,None,0.000,False
651.264,8,en_route_delivery,-1.854,-1.849,-6.000,3.500,_command_reverse,500,477,0,2,24,651.524,0.40,-2.775,False,None,0.000,False
653.312,1,en_route_delivery,4.546,-1.945,6.000,-3.500,joint_grid_transaction,508,508,3,9,41,0.000,1.00,0.066,False,None,0.000,False
653.312,2,en_route_delivery,4.291,1.482,-6.000,3.500,joint_grid_transaction,508,508,2,9,23,0.000,1.00,1.478,False,None,0.000,False
653.312,3,en_route_delivery,3.557,-3.221,6.000,3.500,joint_grid_transaction,508,508,3,9,28,0.000,1.00,0.122,False,None,0.000,False
653.312,4,en_route_delivery,-4.023,2.708,0.000,-3.500,joint_grid_transaction,508,508,3,9,27,0.000,1.00,-2.733,False,None,0.000,False
653.312,5,en_route_delivery,0.764,3.023,1.000,1.500,joint_grid_transaction,508,508,2,8,31,0.000,1.00,-0.477,False,None,0.000,False
653.312,6,en_route_delivery,-3.006,-2.091,6.000,-3.500,joint_grid_transaction,508,508,2,10,26,0.000,1.00,-1.674,False,None,0.000,False
653.312,7,en_route_pickup,0.676,1.938,-3.000,-1.500,joint_grid_transaction,508,508,2,8,29,0.000,1.00,3.125,False,None,0.000,False
653.312,8,en_route_delivery,-1.976,-1.903,-6.000,3.500,_command_reverse,500,477,1,2,24,0.000,0.55,-2.625,False,None,0.000,False
655.360,1,en_route_delivery,4.836,-1.978,6.000,-3.500,joint_grid_transaction,509,509,3,13,41,0.000,1.00,0.122,False,None,0.000,False
655.360,2,en_route_delivery,4.311,1.718,-6.000,3.500,joint_grid_transaction,509,509,2,13,23,0.000,1.00,1.486,False,None,0.000,False
655.360,3,en_route_delivery,3.829,-3.249,6.000,3.500,joint_grid_transaction,509,509,3,13,28,0.000,1.00,0.107,False,None,0.000,False
655.360,4,en_route_delivery,-4.079,2.640,0.000,-3.500,joint_grid_transaction,509,509,3,13,27,0.000,1.00,-2.336,False,None,0.000,False
655.360,5,en_route_delivery,0.859,2.905,1.000,1.500,joint_grid_transaction,509,509,3,8,31,0.000,1.00,-0.949,False,None,0.000,False
655.360,6,en_route_delivery,-2.927,-2.068,6.000,-3.500,joint_grid_transaction,509,509,2,13,26,0.000,1.00,-0.417,False,None,0.000,False
655.360,7,en_route_pickup,0.438,1.934,-3.000,-1.500,joint_grid_transaction,509,509,2,13,29,0.000,1.00,-3.131,False,None,0.000,False
655.360,8,en_route_delivery,-1.929,-1.952,-6.000,3.500,joint_grid_transaction,509,509,2,13,24,0.000,1.00,-0.850,False,None,0.000,False
657.408,1,en_route_delivery,5.130,-1.983,6.000,-3.500,joint_grid_transaction,510,510,1,2,41,0.000,1.00,0.159,False,None,0.000,False
657.408,2,en_route_delivery,4.239,1.826,-6.000,3.500,joint_grid_transaction,510,510,1,9,23,0.000,1.00,2.380,False,None,0.000,False
657.408,3,en_route_delivery,3.956,-3.229,6.000,3.500,joint_grid_transaction,510,510,1,6,28,0.000,1.00,0.858,False,None,0.000,False
657.408,4,en_route_delivery,-4.196,2.340,0.000,-3.500,joint_grid_transaction,510,510,1,4,27,0.000,1.00,-1.679,False,None,0.000,False
657.408,5,en_route_delivery,0.973,2.550,1.000,1.500,joint_grid_transaction,510,510,1,2,31,0.000,1.00,-1.485,False,None,0.000,False
657.408,6,en_route_delivery,-2.695,-2.040,6.000,-3.500,joint_grid_transaction,510,510,1,7,26,0.000,1.00,-0.584,False,None,0.000,False
657.408,7,en_route_pickup,0.105,1.952,-3.000,-1.500,joint_grid_transaction,510,510,1,13,29,0.000,1.00,-3.067,False,None,0.000,False
657.408,8,en_route_delivery,-1.825,-1.997,-6.000,3.500,joint_grid_transaction,510,510,1,7,24,0.000,0.55,-0.822,False,None,0.000,False
659.456,1,en_route_delivery,5.486,-1.865,6.000,-3.500,joint_grid_transaction,510,510,1,2,41,0.000,1.00,0.371,False,None,0.000,False
659.456,2,en_route_delivery,3.944,1.920,-6.000,3.500,joint_grid_transaction,510,510,2,9,23,0.000,1.00,2.992,False,None,0.000,False
659.456,3,en_route_delivery,3.974,-2.935,6.000,3.500,joint_grid_transaction,510,510,1,6,28,0.000,1.00,1.483,False,None,0.000,False
659.456,4,en_route_delivery,-4.225,1.997,0.000,-3.500,joint_grid_transaction,510,510,1,4,27,0.000,1.00,-1.652,False,None,0.000,False
659.456,5,en_route_delivery,1.002,2.210,1.000,1.500,joint_grid_transaction,510,510,1,2,31,0.000,1.00,-1.486,False,None,0.000,False
659.456,6,en_route_delivery,-2.419,-2.301,6.000,-3.500,joint_grid_transaction,510,510,1,7,26,0.000,1.00,-0.814,False,None,0.000,False
659.456,7,en_route_pickup,-0.277,1.982,-3.000,-1.500,joint_grid_transaction,510,510,1,13,29,0.000,1.00,-3.061,False,None,0.000,False
659.456,8,en_route_delivery,-1.841,-2.017,-6.000,3.500,joint_grid_transaction,510,510,1,7,24,660.532,0.40,-1.013,False,None,0.000,False
661.504,1,en_route_delivery,5.787,-1.681,6.000,-3.500,joint_grid_transaction,511,511,1,2,41,0.000,1.00,0.714,False,None,0.000,False
661.504,2,en_route_delivery,3.825,2.047,-6.000,3.500,joint_grid_transaction,511,511,1,13,23,0.000,1.00,2.122,False,None,0.000,False
661.504,3,en_route_delivery,4.029,-2.577,6.000,3.500,joint_grid_transaction,511,511,1,3,28,0.000,1.00,1.339,False,None,0.000,False
661.504,4,en_route_delivery,-4.252,1.657,0.000,-3.500,joint_grid_transaction,511,511,1,16,27,0.000,1.00,-1.653,False,None,0.000,False
661.504,5,en_route_pickup,1.029,1.896,-6.000,3.500,joint_grid_transaction,511,511,1,10,30,0.000,1.00,-1.487,False,None,0.000,False
661.504,6,en_route_delivery,-2.158,-2.581,6.000,-3.500,joint_grid_transaction,511,511,1,9,26,0.000,1.00,-0.820,False,None,0.000,False
661.504,7,en_route_pickup,-0.558,2.076,-3.000,-1.500,joint_grid_transaction,511,511,1,7,29,0.000,1.00,-2.942,False,None,0.000,False
661.504,8,en_route_delivery,-1.848,-2.030,-6.000,3.500,joint_grid_transaction,511,511,1,10,24,662.524,0.40,-1.167,False,None,0.000,False
663.552,1,en_route_delivery,6.041,-1.500,6.000,-3.500,joint_grid_transaction,512,512,2,11,41,0.000,1.00,0.374,False,None,0.000,False
663.552,2,en_route_delivery,3.593,2.190,-6.000,3.500,joint_grid_transaction,512,512,2,13,23,0.000,1.00,2.700,False,None,0.000,False
663.552,3,en_route_delivery,4.126,-2.321,6.000,3.500,joint_grid_transaction,512,512,1,13,28,0.000,1.00,0.836,False,None,0.000,False
663.552,4,en_route_delivery,-4.276,1.436,0.000,-3.500,joint_grid_transaction,512,512,2,13,27,0.000,1.00,-1.732,False,None,0.000,False
663.552,5,en_route_pickup,1.035,1.738,-6.000,3.500,joint_grid_transaction,512,512,1,13,30,0.000,1.00,-2.101,False,None,0.000,False
663.552,6,en_route_delivery,-1.862,-2.717,6.000,-3.500,joint_grid_transaction,512,512,2,13,26,0.000,1.00,-0.261,False,None,0.000,False
663.552,7,en_route_pickup,-0.877,2.129,-3.000,-1.500,joint_grid_transaction,512,512,2,13,29,0.000,1.00,3.106,False,None,0.000,False
663.552,8,en_route_delivery,-1.850,-2.036,-6.000,3.500,joint_grid_transaction,512,512,1,12,24,664.028,0.40,-1.264,False,None,0.000,False
665.600,1,en_route_delivery,6.283,-1.474,6.000,-3.500,joint_grid_transaction,513,513,1,10,41,0.000,1.00,0.062,False,joint_slot_deadline,665.796,False
665.600,2,en_route_delivery,3.250,2.255,-6.000,3.500,joint_grid_transaction,513,513,2,13,23,0.000,1.00,3.061,False,None,0.000,False
665.600,3,en_route_delivery,4.300,-2.344,6.000,3.500,joint_grid_transaction,513,513,1,13,28,0.000,1.00,0.216,False,None,0.000,False
665.600,4,en_route_delivery,-4.295,1.142,0.000,-3.500,joint_grid_transaction,513,513,2,13,27,0.000,1.00,-1.634,False,None,0.000,False
665.600,5,en_route_pickup,0.905,1.848,-6.000,3.500,joint_grid_transaction,513,513,2,13,30,0.000,1.00,2.528,False,joint_slot_deadline,665.796,False
665.600,6,en_route_delivery,-1.584,-2.752,6.000,-3.500,joint_grid_transaction,513,513,2,13,26,0.000,0.75,-0.081,False,None,0.000,False
665.600,7,en_route_pickup,-1.178,2.066,-3.000,-1.500,joint_grid_transaction,513,513,2,13,29,0.000,1.00,2.930,False,None,0.000,False
665.600,8,en_route_delivery,-1.878,-1.999,-6.000,3.500,joint_grid_transaction,513,513,1,12,24,0.000,0.45,-2.311,False,None,0.000,False
667.648,1,en_route_delivery,6.528,-1.457,6.000,-3.500,joint_grid_transaction,514,514,1,9,41,0.000,1.00,0.071,False,None,0.000,False
667.648,2,en_route_delivery,2.949,2.279,-6.000,3.500,joint_grid_transaction,514,514,2,9,23,0.000,1.00,3.058,False,None,0.000,False
667.648,3,en_route_delivery,4.674,-2.273,6.000,3.500,joint_grid_transaction,514,514,2,9,28,0.000,1.00,0.109,False,None,0.000,False
667.648,4,en_route_delivery,-4.309,0.900,0.000,-3.500,joint_grid_transaction,514,514,2,9,27,0.000,1.00,-1.630,False,None,0.000,False
667.648,5,en_route_pickup,0.594,1.968,-6.000,3.500,joint_grid_transaction,514,514,2,9,30,0.000,1.00,2.972,False,None,0.000,False
667.648,6,en_route_delivery,-1.380,-2.769,6.000,-3.500,joint_grid_transaction,514,514,2,9,26,0.000,0.85,-0.083,False,None,0.000,False
667.648,7,en_route_pickup,-1.533,2.012,-3.000,-1.500,joint_grid_transaction,514,514,1,8,29,0.000,1.00,3.043,False,None,0.000,False
667.648,8,en_route_delivery,-2.035,-1.996,-6.000,3.500,joint_grid_transaction,514,514,1,9,24,0.000,1.00,-2.991,False,None,0.000,False
669.696,1,en_route_delivery,6.765,-1.440,6.000,-3.500,joint_grid_transaction,514,514,2,9,41,0.000,1.00,0.049,False,None,0.000,False
669.696,2,en_route_delivery,2.693,2.300,-6.000,3.500,joint_grid_transaction,514,514,3,9,23,0.000,1.00,3.061,False,None,0.000,False
669.696,3,en_route_delivery,4.997,-2.239,6.000,3.500,joint_grid_transaction,514,514,3,9,28,0.000,1.00,0.101,False,None,0.000,False
669.696,4,en_route_delivery,-4.317,0.681,0.000,-3.500,joint_grid_transaction,514,514,3,9,27,0.000,1.00,-1.553,False,None,0.000,False
669.696,5,en_route_pickup,0.245,2.006,-6.000,3.500,joint_grid_transaction,514,514,3,9,30,0.000,1.00,3.049,False,None,0.000,False
669.696,6,en_route_delivery,-1.118,-2.792,6.000,-3.500,joint_grid_transaction,514,514,3,9,26,0.000,1.00,-0.088,False,None,0.000,False
669.696,7,en_route_pickup,-1.747,1.989,-3.000,-1.500,joint_grid_transaction,514,514,2,8,29,0.000,1.00,3.040,False,None,0.000,False
669.696,8,en_route_delivery,-2.361,-2.023,-6.000,3.500,joint_grid_transaction,514,514,3,9,24,0.000,1.00,-3.064,False,None,0.000,False
671.744,1,en_route_delivery,6.892,-1.459,6.000,-3.500,joint_grid_transaction,515,515,1,9,41,0.000,1.00,0.731,False,None,0.000,False
671.744,2,en_route_delivery,2.476,2.315,-6.000,3.500,joint_grid_transaction,515,515,1,9,23,0.000,1.00,3.126,False,None,0.000,False
671.744,3,en_route_delivery,5.274,-2.212,6.000,3.500,joint_grid_transaction,515,515,1,8,28,0.000,1.00,0.097,False,None,0.000,False
671.744,4,en_route_delivery,-4.289,0.345,0.000,-3.500,joint_grid_transaction,515,515,2,9,27,0.000,1.00,-1.459,False,None,0.000,False
671.744,5,en_route_pickup,-0.046,2.032,-6.000,3.500,joint_grid_transaction,515,515,2,9,30,0.000,1.00,3.049,False,None,0.000,False
671.744,6,en_route_delivery,-0.885,-2.808,6.000,-3.500,joint_grid_transaction,515,515,2,9,26,0.000,1.00,-0.060,False,None,0.000,False
671.744,7,en_route_pickup,-2.024,1.962,-3.000,-1.500,joint_grid_transaction,515,515,1,8,29,0.000,1.00,3.045,False,None,0.000,False
671.744,8,en_route_delivery,-2.636,-2.044,-6.000,3.500,joint_grid_transaction,515,515,2,9,24,0.000,1.00,-3.062,False,None,0.000,False
673.792,1,en_route_delivery,6.812,-1.706,6.000,-3.500,joint_grid_transaction,515,515,2,9,41,0.000,1.00,1.767,False,None,0.000,False
673.792,2,en_route_delivery,2.204,2.309,-6.000,3.500,joint_grid_transaction,515,515,3,9,23,0.000,1.00,-3.104,False,None,0.000,False
673.792,3,en_route_delivery,5.459,-2.193,6.000,3.500,joint_grid_transaction,515,515,2,8,28,0.000,1.00,0.098,False,None,0.000,False
673.792,4,en_route_delivery,-4.251,-0.012,0.000,-3.500,joint_grid_transaction,515,515,3,9,27,0.000,1.00,-1.472,False,None,0.000,False
673.792,5,en_route_pickup,-0.285,2.053,-6.000,3.500,joint_grid_transaction,515,515,2,9,30,0.000,1.00,3.084,False,None,0.000,False
673.792,6,en_route_delivery,-0.661,-2.816,6.000,-3.500,joint_grid_transaction,515,515,3,9,26,0.000,1.00,-0.011,False,None,0.000,False
673.792,7,en_route_pickup,-2.210,1.943,-3.000,-1.500,joint_grid_transaction,515,515,2,8,29,0.000,1.00,3.044,False,None,0.000,False
673.792,8,en_route_delivery,-2.869,-2.060,-6.000,3.500,joint_grid_transaction,515,515,3,9,24,0.000,1.00,-3.083,False,None,0.000,False
675.840,1,en_route_delivery,6.844,-1.846,6.000,-3.500,joint_grid_transaction,516,516,2,9,41,0.000,1.00,0.958,False,joint_slot_deadline,676.308,False
675.840,2,en_route_delivery,1.836,2.273,-6.000,3.500,joint_grid_transaction,516,516,2,9,23,0.000,1.00,-3.042,False,None,0.000,False
675.840,3,en_route_delivery,5.675,-2.187,6.000,3.500,joint_grid_transaction,516,516,2,9,28,0.000,0.85,0.021,False,None,0.000,False
675.840,4,en_route_delivery,-4.222,-0.311,0.000,-3.500,joint_grid_transaction,516,516,2,9,27,0.000,1.00,-1.475,False,None,0.000,False
675.840,5,en_route_pickup,-0.514,2.066,-6.000,3.500,joint_grid_transaction,516,516,1,9,30,0.000,1.00,3.120,False,None,0.000,False
675.840,6,en_route_delivery,-0.340,-2.795,6.000,-3.500,joint_grid_transaction,516,516,2,9,26,0.000,1.00,-0.111,False,None,0.000,False
675.840,7,en_route_pickup,-2.434,1.937,-3.000,-1.500,joint_grid_transaction,516,516,2,9,29,0.000,1.00,3.114,False,None,0.000,False
675.840,8,en_route_delivery,-3.027,-2.067,-6.000,3.500,joint_grid_transaction,515,515,3,9,24,0.000,1.00,-3.133,False,None,0.000,False
677.888,1,en_route_delivery,6.932,-2.048,6.000,-3.500,joint_grid_transaction,516,516,4,9,41,0.000,1.00,1.759,False,None,0.000,False
677.888,2,en_route_delivery,1.500,2.240,-6.000,3.500,joint_grid_transaction,516,516,3,9,23,0.000,1.00,-3.047,False,None,0.000,False
677.888,3,en_route_delivery,5.821,-2.158,6.000,3.500,joint_grid_transaction,516,516,3,9,28,0.000,1.00,0.520,False,None,0.000,False
677.888,4,en_route_delivery,-4.200,-0.560,0.000,-3.500,joint_grid_transaction,516,516,3,9,27,0.000,1.00,-1.491,False,None,0.000,False
677.888,5,en_route_pickup,-0.802,2.053,-6.000,3.500,joint_grid_transaction,516,516,2,9,30,0.000,1.00,-3.057,False,None,0.000,False
677.888,6,en_route_delivery,0.025,-2.756,6.000,-3.500,joint_grid_transaction,516,516,3,9,26,0.000,1.00,-0.094,False,None,0.000,False
677.888,7,en_route_pickup,-2.684,1.937,-3.000,-1.500,joint_grid_transaction,516,516,3,9,29,0.000,1.00,-3.113,False,None,0.000,False
677.888,8,en_route_delivery,-3.333,-2.049,-6.000,3.500,joint_grid_transaction,515,515,5,9,24,0.000,1.00,3.041,False,None,0.000,False
679.936,1,en_route_delivery,6.864,-2.151,6.000,-3.500,joint_grid_transaction,517,517,2,9,41,0.000,1.00,2.001,False,joint_slot_deadline,680.308,False
679.936,2,en_route_delivery,1.218,2.214,-6.000,3.500,joint_grid_transaction,517,517,1,8,23,0.000,1.00,-3.050,False,None,0.000,False
679.936,3,en_route_delivery,5.924,-1.953,6.000,3.500,joint_grid_transaction,517,517,2,9,28,0.000,1.00,1.136,False,joint_slot_deadline,680.308,False
679.936,4,en_route_delivery,-4.185,-0.776,0.000,-3.500,joint_grid_transaction,517,517,1,9,27,0.000,1.00,-1.557,False,None,0.000,False
679.936,5,en_route_pickup,-1.174,2.013,-6.000,3.500,joint_grid_transaction,517,517,2,9,30,0.000,1.00,-3.043,False,None,0.000,False
679.936,6,en_route_delivery,0.336,-2.727,6.000,-3.500,joint_grid_transaction,517,517,2,9,26,0.000,1.00,-0.092,False,None,0.000,False
679.936,7,en_route_pickup,-3.034,1.972,-3.000,-1.500,joint_grid_transaction,517,517,2,9,29,0.000,1.00,-3.017,False,None,0.000,False
679.936,8,en_route_delivery,-3.568,-2.049,-6.000,3.500,joint_grid_transaction,517,517,2,9,24,0.000,1.00,-2.532,False,None,0.000,False
681.984,1,en_route_delivery,6.799,-2.272,6.000,-3.500,joint_grid_transaction,517,517,4,9,41,0.000,0.85,2.138,False,None,0.000,False
681.984,2,en_route_delivery,1.017,2.194,-6.000,3.500,joint_grid_transaction,517,517,2,8,23,0.000,1.00,-3.048,False,None,0.000,False
681.984,3,en_route_delivery,5.988,-1.661,6.000,3.500,joint_grid_transaction,517,517,4,9,28,0.000,1.00,1.481,False,None,0.000,False
681.984,4,en_route_delivery,-4.193,-1.057,0.000,-3.500,joint_grid_transaction,517,517,3,9,27,0.000,1.00,-1.623,False,None,0.000,False
681.984,5,en_route_pickup,-1.494,1.982,-6.000,3.500,joint_grid_transaction,517,517,3,9,30,0.000,1.00,-3.047,False,None,0.000,False
681.984,6,en_route_delivery,0.600,-2.703,6.000,-3.500,joint_grid_transaction,517,517,3,9,26,0.000,1.00,-0.092,False,None,0.000,False
681.984,7,en_route_pickup,-3.312,2.001,-3.000,-1.500,joint_grid_transaction,517,517,4,9,29,0.000,1.00,-3.046,False,None,0.000,False
681.984,8,en_route_delivery,-3.693,-2.313,-6.000,3.500,joint_grid_transaction,517,517,4,9,24,0.000,1.00,-1.877,False,None,0.000,False
684.032,1,en_route_delivery,6.694,-2.372,6.000,-3.500,joint_grid_transaction,518,518,2,9,41,0.000,1.00,2.454,False,None,0.000,False
684.032,2,en_route_delivery,0.793,2.184,-6.000,3.500,joint_grid_transaction,518,518,2,9,23,0.000,1.00,-3.083,False,None,0.000,False
684.032,3,en_route_delivery,6.015,-1.359,6.000,3.500,joint_grid_transaction,518,518,3,9,28,0.000,1.00,1.478,False,None,0.000,False
684.032,4,en_route_delivery,-4.233,-1.414,0.000,-3.500,joint_grid_transaction,518,518,3,9,27,0.000,1.00,-1.666,False,None,0.000,False
684.032,5,en_route_pickup,-1.763,1.957,-6.000,3.500,joint_grid_transaction,518,518,2,9,30,0.000,1.00,-3.050,False,None,0.000,False
684.032,6,en_route_delivery,0.820,-2.689,6.000,-3.500,joint_grid_transaction,518,518,3,9,26,0.000,1.00,-0.027,False,None,0.000,False
684.032,7,en_route_pickup,-3.611,2.030,-3.000,-1.500,joint_grid_transaction,518,518,3,9,29,0.000,1.00,-3.049,False,None,0.000,False
684.032,8,en_route_delivery,-3.817,-2.302,-6.000,3.500,joint_grid_transaction,518,518,2,9,24,0.000,1.00,-2.489,False,None,0.000,False
686.080,1,en_route_delivery,6.367,-2.476,6.000,-3.500,joint_grid_transaction,518,518,4,9,41,0.000,1.00,3.009,False,None,0.000,False
686.080,2,en_route_delivery,0.539,2.191,-6.000,3.500,joint_grid_transaction,518,518,3,9,23,0.000,1.00,3.074,False,None,0.000,False
686.080,3,en_route_delivery,6.041,-1.081,6.000,3.500,joint_grid_transaction,518,518,4,9,28,0.000,1.00,1.479,False,None,0.000,False
686.080,4,en_route_delivery,-4.263,-1.744,0.000,-3.500,joint_grid_transaction,518,518,4,9,27,0.000,1.00,-1.662,False,None,0.000,False
686.080,5,en_route_pickup,-1.989,1.937,-6.000,3.500,joint_grid_transaction,518,518,3,9,30,0.000,1.00,-3.081,False,None,0.000,False
686.080,6,en_route_delivery,1.038,-2.681,6.000,-3.500,joint_grid_transaction,518,518,3,9,26,0.000,1.00,-0.014,False,None,0.000,False
686.080,7,en_route_pickup,-3.864,2.053,-3.000,-1.500,joint_grid_transaction,518,518,4,9,29,0.000,1.00,-3.049,False,None,0.000,False
686.080,8,en_route_delivery,-3.953,-2.587,-6.000,3.500,joint_grid_transaction,518,518,4,9,24,0.000,1.00,-1.821,False,None,0.000,False
688.128,1,en_route_delivery,6.025,-2.509,6.000,-3.500,joint_grid_transaction,518,518,5,9,41,0.000,1.00,3.049,False,None,0.000,False
688.128,2,en_route_delivery,0.184,2.229,-6.000,3.500,joint_grid_transaction,519,519,1,12,23,0.000,1.00,3.041,False,None,0.000,False
688.128,3,en_route_delivery,6.069,-0.782,6.000,3.500,joint_grid_transaction,519,519,1,2,28,0.000,1.00,1.478,False,None,0.000,False
688.128,4,en_route_delivery,-4.122,-1.785,0.000,-3.500,joint_grid_transaction,519,519,1,2,27,0.000,1.00,-0.475,False,None,0.000,False
688.128,5,en_route_pickup,-2.085,2.049,-6.000,3.500,joint_grid_transaction,519,519,1,4,30,0.000,1.00,2.244,False,None,0.000,False
688.128,6,en_route_delivery,1.390,-2.709,6.000,-3.500,joint_grid_transaction,519,519,1,3,26,0.000,1.00,-0.128,False,None,0.000,False
688.128,7,en_route_pickup,-3.971,1.946,-3.000,-1.500,joint_grid_transaction,519,519,1,9,29,0.000,1.00,2.220,False,None,0.000,False
688.128,8,en_route_delivery,-3.987,-2.771,-6.000,3.500,joint_grid_transaction,518,518,5,9,24,0.000,0.55,-1.937,False,None,0.000,False
690.176,1,en_route_delivery,5.857,-2.556,6.000,-3.500,joint_grid_transaction,520,520,1,9,41,0.000,1.00,2.384,False,None,0.000,False
690.176,2,en_route_delivery,-0.124,2.268,-6.000,3.500,joint_grid_transaction,520,520,2,9,23,0.000,1.00,3.057,False,None,0.000,False
690.176,3,en_route_delivery,6.088,-0.510,6.000,3.500,joint_grid_transaction,520,520,1,8,28,0.000,1.00,1.600,False,None,0.000,False
690.176,4,en_route_delivery,-3.870,-1.898,0.000,-3.500,joint_grid_transaction,520,520,1,8,27,0.000,1.00,-0.405,False,joint_slot_deadline,690.788,False
690.176,5,en_route_pickup,-2.293,2.234,-6.000,3.500,joint_grid_transaction,520,520,2,9,30,0.000,1.00,2.665,False,None,0.000,False
690.176,6,en_route_delivery,1.756,-2.757,6.000,-3.500,joint_grid_transaction,520,520,2,9,26,0.000,1.00,-0.092,False,None,0.000,False
690.176,7,en_route_pickup,-4.140,1.688,-3.000,-1.500,joint_grid_transaction,520,520,2,9,29,0.000,1.00,2.124,False,joint_slot_deadline,690.788,False
690.176,8,en_route_delivery,-4.036,-2.760,-6.000,3.500,joint_grid_transaction,520,520,1,9,24,0.000,1.00,-2.433,False,None,0.000,False
692.224,1,en_route_delivery,5.978,-2.527,6.000,-3.500,joint_grid_transaction,521,521,1,8,41,0.000,1.00,0.199,False,None,0.000,False
692.224,2,en_route_delivery,-0.341,2.282,-6.000,3.500,joint_grid_transaction,521,521,2,8,23,0.000,1.00,3.072,False,None,0.000,False
692.224,3,en_route_delivery,6.038,-0.174,6.000,3.500,joint_grid_transaction,521,521,3,9,28,0.000,1.00,1.728,False,None,0.000,False
692.224,4,en_route_delivery,-3.587,-1.976,0.000,-3.500,joint_grid_transaction,521,521,2,9,27,0.000,1.00,-0.128,False,None,0.000,False
692.224,5,en_route_pickup,-2.593,2.268,-6.000,3.500,joint_grid_transaction,521,521,3,9,30,0.000,1.00,3.064,False,None,0.000,False
692.224,6,en_route_delivery,2.006,-2.781,6.000,-3.500,joint_grid_transaction,521,521,2,9,26,0.000,1.00,-0.094,False,None,0.000,False
692.224,7,en_route_pickup,-4.225,1.414,-3.000,-1.500,joint_grid_transaction,521,521,3,9,29,0.000,1.00,1.718,False,None,0.000,False
692.224,8,en_route_delivery,-4.315,-2.769,-6.000,3.500,joint_grid_transaction,521,521,3,9,24,0.000,1.00,-3.072,False,None,0.000,False
694.272,1,en_route_delivery,6.261,-2.548,6.000,-3.500,joint_grid_transaction,522,522,2,9,41,0.000,1.00,0.059,False,None,0.000,False
694.272,2,en_route_delivery,-0.595,2.300,-6.000,3.500,joint_grid_transaction,522,522,3,9,23,0.000,1.00,3.067,False,None,0.000,False
694.272,3,en_route_delivery,6.005,0.105,6.000,3.500,joint_grid_transaction,522,522,3,9,28,0.000,1.00,1.678,False,None,0.000,False
694.272,4,en_route_delivery,-3.247,-2.010,0.000,-3.500,joint_grid_transaction,522,522,2,9,27,0.000,1.00,-0.093,False,None,0.000,False
694.272,5,en_route_pickup,-2.846,2.287,-6.000,3.500,joint_grid_transaction,522,522,3,9,30,0.000,1.00,3.062,False,None,0.000,False
694.272,6,en_route_delivery,2.252,-2.804,6.000,-3.500,joint_grid_transaction,522,522,2,9,26,0.000,1.00,-0.080,False,None,0.000,False
694.272,7,en_route_pickup,-4.254,1.150,-3.000,-1.500,joint_grid_transaction,522,522,3,9,29,0.000,1.00,1.679,False,None,0.000,False
694.272,8,en_route_delivery,-4.597,-2.789,-6.000,3.500,joint_grid_transaction,522,522,3,9,24,0.000,1.00,-3.066,False,None,0.000,False
696.320,1,en_route_delivery,6.500,-2.563,6.000,-3.500,joint_grid_transaction,522,522,3,9,41,0.000,1.00,0.050,False,None,0.000,False
696.320,2,en_route_delivery,-0.817,2.313,-6.000,3.500,joint_grid_transaction,522,522,4,9,23,0.000,1.00,3.125,False,None,0.000,False
696.320,3,en_route_delivery,5.974,0.407,6.000,3.500,joint_grid_transaction,522,522,4,9,28,0.000,1.00,1.672,False,None,0.000,False
696.320,4,en_route_delivery,-2.964,-2.036,0.000,-3.500,joint_grid_transaction,522,522,3,9,27,0.000,1.00,-0.092,False,None,0.000,False
696.320,5,en_route_pickup,-3.091,2.305,-6.000,3.500,joint_grid_transaction,522,522,4,9,30,0.000,1.00,3.078,False,None,0.000,False
696.320,6,en_route_delivery,2.479,-2.817,6.000,-3.500,joint_grid_transaction,522,522,3,9,26,0.000,1.00,-0.056,False,None,0.000,False
696.320,7,en_route_pickup,-4.284,0.863,-3.000,-1.500,joint_grid_transaction,522,522,4,9,29,0.000,1.00,1.674,False,None,0.000,False
696.320,8,en_route_delivery,-4.841,-2.806,-6.000,3.500,joint_grid_transaction,522,522,4,9,24,0.000,1.00,-3.080,False,None,0.000,False
698.368,1,en_route_delivery,6.745,-2.566,6.000,-3.500,joint_grid_transaction,523,523,2,9,41,0.000,1.00,0.014,False,None,0.000,False
698.368,2,en_route_delivery,-1.056,2.316,-6.000,3.500,joint_grid_transaction,523,523,2,9,23,0.000,1.00,-3.129,False,None,0.000,False
698.368,3,en_route_delivery,5.954,0.603,6.000,3.500,joint_grid_transaction,523,523,2,8,28,0.000,1.00,1.673,False,None,0.000,False
698.368,4,en_route_delivery,-2.729,-2.056,0.000,-3.500,joint_grid_transaction,523,523,2,9,27,0.000,1.00,-0.057,False,None,0.000,False
698.368,5,en_route_pickup,-3.314,2.315,-6.000,3.500,joint_grid_transaction,523,523,3,9,30,0.000,1.00,-3.139,False,None,0.000,False
698.368,6,en_route_delivery,2.744,-2.807,6.000,-3.500,joint_grid_transaction,523,523,2,9,26,0.000,1.00,-0.076,False,None,0.000,False
698.368,7,en_route_pickup,-4.304,0.646,-3.000,-1.500,joint_grid_transaction,523,523,2,8,29,0.000,1.00,1.654,False,None,0.000,False
698.368,8,en_route_delivery,-5.064,-2.815,-6.000,3.500,joint_grid_transaction,523,523,3,9,24,0.000,1.00,3.137,False,None,0.000,False
700.416,1,en_route_delivery,7.023,-2.556,6.000,-3.500,joint_grid_transaction,523,523,3,9,41,0.000,1.00,0.067,False,None,0.000,False
700.416,2,en_route_delivery,-1.383,2.293,-6.000,3.500,joint_grid_transaction,523,523,4,9,23,0.000,1.00,-3.034,False,None,0.000,False
700.416,3,en_route_delivery,5.939,0.812,6.000,3.500,joint_grid_transaction,523,523,3,8,28,0.000,1.00,1.592,False,None,0.000,False
700.416,4,en_route_delivery,-2.501,-2.067,0.000,-3.500,joint_grid_transaction,523,523,3,9,27,0.000,1.00,-0.039,False,None,0.000,False
700.416,5,en_route_pickup,-3.600,2.308,-6.000,3.500,joint_grid_transaction,523,523,4,9,30,0.000,1.00,-3.099,False,None,0.000,False
700.416,6,en_route_delivery,3.112,-2.766,6.000,-3.500,joint_grid_transaction,523,523,4,9,26,0.000,1.00,-0.100,False,None,0.000,False
700.416,7,en_route_pickup,-4.315,0.437,-3.000,-1.500,joint_grid_transaction,523,523,3,8,29,0.000,1.00,1.563,False,None,0.000,False
700.416,8,en_route_delivery,-5.357,-2.805,-6.000,3.500,joint_grid_transaction,523,523,4,9,24,0.000,1.00,3.080,False,None,0.000,False
702.464,1,en_route_delivery,7.393,-2.516,6.000,-3.500,joint_grid_transaction,524,524,3,7,41,0.000,1.00,0.099,False,None,0.000,False
702.464,2,en_route_delivery,-1.639,2.263,-6.000,3.500,joint_grid_transaction,524,524,3,9,23,0.000,1.00,-3.039,False,None,0.000,False
702.464,3,en_route_delivery,5.933,1.041,6.000,3.500,joint_grid_transaction,524,524,2,9,28,0.000,1.00,1.561,False,None,0.000,False
702.464,4,en_route_delivery,-2.217,-2.051,0.000,-3.500,joint_grid_transaction,524,524,2,9,27,0.000,1.00,-0.107,False,None,0.000,False
702.464,5,en_route_pickup,-3.898,2.275,-6.000,3.500,joint_grid_transaction,524,524,3,9,30,0.000,1.00,-3.036,False,None,0.000,False
702.464,6,en_route_delivery,3.377,-2.739,6.000,-3.500,joint_grid_transaction,524,524,3,9,26,0.000,1.00,-0.105,False,None,0.000,False
702.464,7,en_route_pickup,-4.294,0.113,-3.000,-1.500,joint_grid_transaction,524,524,3,9,29,0.000,1.00,1.464,False,None,0.000,False
702.464,8,en_route_delivery,-5.646,-2.772,-6.000,3.500,joint_grid_transaction,524,524,3,9,24,0.000,1.00,3.041,False,None,0.000,False
704.512,1,en_route_delivery,7.600,-2.576,6.000,-3.500,joint_grid_transaction,524,524,4,7,41,0.000,1.00,0.734,False,None,0.000,False
704.512,2,en_route_delivery,-1.957,2.231,-6.000,3.500,joint_grid_transaction,524,524,4,9,23,0.000,1.00,-3.045,False,None,0.000,False
704.512,3,en_route_delivery,5.953,1.360,6.000,3.500,joint_grid_transaction,524,524,4,9,28,0.000,1.00,1.468,False,None,0.000,False
704.512,4,en_route_delivery,-1.847,-2.011,0.000,-3.500,joint_grid_transaction,524,524,4,9,27,0.000,1.00,-0.099,False,None,0.000,False
704.512,5,en_route_pickup,-4.238,2.242,-6.000,3.500,joint_grid_transaction,524,524,4,9,30,0.000,1.00,-3.047,False,None,0.000,False
704.512,6,en_route_delivery,3.654,-2.710,6.000,-3.500,joint_grid_transaction,524,524,4,9,26,0.000,1.00,-0.100,False,None,0.000,False
704.512,7,en_route_pickup,-4.255,-0.249,-3.000,-1.500,joint_grid_transaction,524,524,4,9,29,0.000,1.00,1.472,False,None,0.000,False
704.512,8,en_route_delivery,-5.982,-2.740,-6.000,3.500,joint_grid_transaction,524,524,4,9,24,0.000,1.00,3.049,False,None,0.000,False
706.560,1,en_route_delivery,7.611,-2.586,6.000,-3.500,joint_grid_transaction,525,525,2,3,41,0.000,1.00,0.773,False,joint_window_endpoint,706.900,False
706.560,2,en_route_delivery,-2.226,2.205,-6.000,3.500,joint_grid_transaction,525,525,2,9,23,0.000,1.00,-3.047,False,None,0.000,False
706.560,3,en_route_delivery,5.988,1.658,6.000,3.500,joint_grid_transaction,525,525,3,9,28,0.000,1.00,1.472,False,None,0.000,False
706.560,4,en_route_delivery,-1.610,-1.987,0.000,-3.500,joint_grid_transaction,525,525,2,8,27,0.000,1.00,-0.102,False,None,0.000,False
706.560,5,en_route_pickup,-4.524,2.215,-6.000,3.500,joint_grid_transaction,525,525,2,9,30,0.000,1.00,-3.050,False,None,0.000,False
706.560,6,en_route_delivery,3.880,-2.692,6.000,-3.500,joint_grid_transaction,525,525,2,8,26,0.000,1.00,-0.067,False,None,0.000,False
706.560,7,en_route_pickup,-4.225,-0.554,-3.000,-1.500,joint_grid_transaction,525,525,2,9,29,0.000,1.00,1.475,False,None,0.000,False
706.560,8,en_route_delivery,-5.878,-2.712,-6.000,3.500,joint_grid_transaction,525,525,1,8,24,0.000,1.00,0.735,False,None,0.000,False
708.608,1,en_route_delivery,7.615,-2.526,6.000,-3.500,joint_grid_transaction,526,526,1,4,41,0.000,1.00,0.751,False,None,0.000,False
708.608,2,en_route_delivery,-2.458,2.188,-6.000,3.500,joint_grid_transaction,526,526,2,9,23,0.000,1.00,-3.067,False,None,0.000,False
708.608,3,en_route_delivery,6.019,1.977,6.000,3.500,joint_grid_transaction,526,526,2,8,28,0.000,1.00,1.476,False,None,0.000,False
708.608,4,en_route_delivery,-1.333,-1.960,0.000,-3.500,joint_grid_transaction,526,526,2,9,27,0.000,1.00,-0.098,False,None,0.000,False
708.608,5,en_route_pickup,-4.763,2.195,-6.000,3.500,joint_grid_transaction,526,526,2,9,30,0.000,1.00,-3.077,False,None,0.000,False
708.608,6,en_route_delivery,4.104,-2.685,6.000,-3.500,joint_grid_transaction,526,526,2,9,26,0.000,1.00,-0.010,False,None,0.000,False
708.608,7,en_route_pickup,-4.202,-0.803,-3.000,-1.500,joint_grid_transaction,526,526,2,8,29,0.000,1.00,1.479,False,None,0.000,False
708.608,8,en_route_delivery,-5.912,-2.661,-6.000,3.500,joint_grid_transaction,526,526,1,8,24,0.000,1.00,1.886,False,None,0.000,False
710.656,1,en_route_delivery,7.725,-2.223,6.000,-3.500,joint_grid_transaction,527,527,2,4,41,0.000,1.00,1.405,False,None,0.000,False
710.656,2,en_route_delivery,-2.532,2.226,-6.000,3.500,joint_grid_transaction,527,527,1,9,23,0.000,1.00,2.272,False,None,0.000,False
710.656,3,en_route_delivery,6.044,2.246,6.000,3.500,joint_grid_transaction,527,527,1,6,28,0.000,1.00,1.478,False,None,0.000,False
710.656,4,en_route_delivery,-1.101,-1.942,0.000,-3.500,joint_grid_transaction,527,527,2,9,27,0.000,1.00,-0.068,False,None,0.000,False
710.656,5,en_route_pickup,-4.991,2.183,-6.000,3.500,joint_grid_transaction,527,527,1,8,30,0.000,1.00,-3.097,False,None,0.000,False
710.656,6,en_route_delivery,4.424,-2.705,6.000,-3.500,joint_grid_transaction,527,527,2,9,26,0.000,1.00,-0.111,False,None,0.000,False
710.656,7,en_route_pickup,-4.185,-1.018,-3.000,-1.500,joint_grid_transaction,527,527,1,9,29,0.000,1.00,1.544,False,None,0.000,False
710.656,8,en_route_delivery,-6.134,-2.721,-6.000,3.500,joint_grid_transaction,527,527,2,9,24,0.000,1.00,3.083,False,None,0.000,False
712.704,1,en_route_delivery,7.753,-1.968,6.000,-3.500,joint_grid_transaction,527,527,3,4,41,0.000,1.00,1.486,False,joint_window_endpoint,713.140,False
712.704,2,en_route_delivery,-2.531,2.490,-6.000,3.500,joint_grid_transaction,527,527,2,9,23,0.000,1.00,1.631,False,None,0.000,False
712.704,3,en_route_delivery,6.063,2.470,6.000,3.500,joint_grid_transaction,527,527,2,6,28,0.000,1.00,1.497,False,None,0.000,False
712.704,4,en_route_delivery,-0.873,-1.936,0.000,-3.500,joint_grid_transaction,527,527,3,9,27,0.000,1.00,-0.010,False,None,0.000,False
712.704,5,en_route_pickup,-5.268,2.196,-6.000,3.500,joint_grid_transaction,527,527,2,8,30,0.000,1.00,3.047,False,None,0.000,False
712.704,6,en_route_delivery,4.789,-2.744,6.000,-3.500,joint_grid_transaction,527,527,3,9,26,0.000,1.00,-0.094,False,None,0.000,False
712.704,7,en_route_pickup,-4.191,-1.286,-3.000,-1.500,joint_grid_transaction,527,527,2,9,29,0.000,1.00,1.609,False,None,0.000,False
712.704,8,en_route_delivery,-6.411,-2.703,-6.000,3.500,joint_grid_transaction,527,527,3,9,24,0.000,1.00,3.074,False,None,0.000,False
714.752,1,en_route_delivery,7.772,-1.760,6.000,-3.500,joint_grid_transaction,528,528,2,5,41,0.000,1.00,1.481,False,None,0.000,False
714.752,2,en_route_delivery,-2.549,2.758,-6.000,3.500,joint_grid_transaction,528,528,2,8,23,0.000,1.00,1.638,False,None,0.000,False
714.752,3,en_route_delivery,6.063,2.712,6.000,3.500,joint_grid_transaction,528,528,2,5,28,0.000,1.00,1.589,False,None,0.000,False
714.752,4,en_route_delivery,-0.552,-1.956,0.000,-3.500,joint_grid_transaction,528,528,2,9,27,0.000,1.00,-0.115,False,None,0.000,False
714.752,5,en_route_pickup,-5.563,2.231,-6.000,3.500,joint_grid_transaction,528,528,3,9,30,0.000,1.00,3.025,False,None,0.000,False
714.752,6,en_route_delivery,5.060,-2.770,6.000,-3.500,joint_grid_transaction,528,528,3,9,26,0.000,1.00,-0.096,False,None,0.000,False
714.752,7,en_route_pickup,-4.219,-1.566,-3.000,-1.500,joint_grid_transaction,528,528,3,9,29,0.000,1.00,1.713,False,None,0.000,False
714.752,8,en_route_delivery,-6.651,-2.689,-6.000,3.500,joint_grid_transaction,528,528,2,9,24,0.000,1.00,3.081,False,None,0.000,False
716.800,1,en_route_delivery,7.792,-1.519,6.000,-3.500,joint_grid_transaction,530,530,1,8,41,0.000,1.00,1.802,False,None,0.000,False
716.800,2,en_route_delivery,-2.565,2.991,-6.000,3.500,joint_grid_transaction,530,530,1,6,23,0.000,1.00,1.622,False,None,0.000,False
716.800,3,en_route_delivery,6.034,3.007,3.000,1.500,joint_grid_transaction,530,530,1,13,54,0.000,1.00,1.968,False,None,0.000,False
716.800,4,en_route_delivery,-0.220,-1.995,0.000,-3.500,joint_grid_transaction,530,530,2,8,27,0.000,1.00,-0.280,False,None,0.000,False
716.800,5,en_route_pickup,-5.775,2.257,-6.000,3.500,joint_grid_transaction,530,530,1,7,30,0.000,1.00,2.790,False,None,0.000,False
716.800,6,en_route_delivery,5.325,-2.795,6.000,-3.500,joint_grid_transaction,530,530,2,7,26,0.000,1.00,-0.093,False,None,0.000,False
716.800,7,en_route_pickup,-4.241,-1.780,-3.000,-1.500,joint_grid_transaction,530,530,1,9,29,0.000,1.00,1.220,False,None,0.000,False
716.800,8,en_route_delivery,-6.882,-2.686,-6.000,3.500,joint_grid_transaction,530,530,2,13,24,0.000,1.00,-3.106,False,None,0.000,False
718.848,1,en_route_delivery,7.566,-1.524,6.000,-3.500,joint_grid_transaction,530,530,2,8,41,0.000,1.00,2.972,False,None,0.000,False
718.848,2,en_route_delivery,-2.559,3.252,-6.000,3.500,joint_grid_transaction,530,530,2,6,23,0.000,1.00,1.525,False,None,0.000,False
718.848,3,en_route_delivery,5.789,2.991,3.000,1.500,joint_grid_transaction,530,530,2,13,54,0.000,1.00,3.035,False,None,0.000,False
718.848,4,en_route_delivery,-0.090,-2.204,0.000,-3.500,joint_grid_transaction,530,530,3,8,27,0.000,1.00,-1.169,False,None,0.000,False
718.848,5,en_route_pickup,-5.898,2.436,-6.000,3.500,joint_grid_transaction,530,530,3,7,30,0.000,1.00,2.015,False,None,0.000,False
718.848,6,en_route_delivery,5.538,-2.811,6.000,-3.500,joint_grid_transaction,530,530,2,7,26,0.000,1.00,-0.022,False,None,0.000,False
718.848,7,en_route_pickup,-4.037,-1.904,-3.000,-1.500,joint_grid_transaction,530,530,3,9,29,0.000,1.00,0.426,False,None,0.000,False
718.848,8,en_route_delivery,-7.093,-2.653,-6.000,3.500,joint_grid_transaction,530,530,3,13,24,0.000,1.00,2.533,False,None,0.000,False
720.896,1,en_route_delivery,7.387,-1.420,6.000,-3.500,joint_grid_transaction,531,531,2,7,41,0.000,1.00,2.383,False,joint_slot_deadline,721.780,False
720.896,2,en_route_delivery,-2.520,3.617,-6.000,3.500,joint_grid_transaction,531,531,2,4,23,0.000,1.00,1.465,False,None,0.000,False
720.896,3,en_route_delivery,5.466,3.019,3.000,1.500,joint_grid_transaction,531,531,1,9,54,0.000,1.00,3.057,False,None,0.000,False
720.896,4,en_route_delivery,-0.011,-2.570,0.000,-3.500,joint_grid_transaction,531,531,2,5,27,0.000,1.00,-1.476,False,None,0.000,False
720.896,5,en_route_pickup,-5.987,2.802,-6.000,3.500,joint_grid_transaction,531,531,2,4,30,0.000,1.00,1.666,False,None,0.000,False
720.896,6,en_route_delivery,5.775,-2.817,6.000,-3.500,joint_grid_transaction,531,531,1,5,26,0.000,1.00,-0.007,False,None,0.000,False
720.896,7,en_route_pickup,-3.671,-1.988,-3.000,-1.500,joint_grid_transaction,531,531,2,6,29,0.000,1.00,0.093,False,None,0.000,False
720.896,8,en_route_delivery,-7.194,-2.396,-6.000,3.500,joint_grid_transaction,531,531,2,9,24,0.000,1.00,1.865,False,None,0.000,False
722.944,1,en_route_delivery,7.402,-1.403,6.000,-3.500,joint_grid_transaction,532,532,1,6,41,0.000,1.00,2.251,False,joint_slot_deadline,723.252,False
722.944,2,en_route_delivery,-2.548,3.747,-6.000,3.500,joint_grid_transaction,532,532,2,9,23,0.000,1.00,2.501,False,None,0.000,False
722.944,3,en_route_delivery,5.215,3.040,3.000,1.500,joint_grid_transaction,532,532,1,8,54,0.000,1.00,3.057,False,joint_slot_deadline,723.252,False
722.944,4,en_route_delivery,0.019,-2.890,0.000,-3.500,joint_grid_transaction,532,532,2,4,27,0.000,1.00,-1.479,False,None,0.000,False
722.944,5,en_route_delivery,-5.965,2.935,0.000,-3.500,joint_grid_transaction,532,532,1,9,30,0.000,1.00,0.708,False,None,0.000,False
722.944,6,en_route_delivery,5.837,-2.858,6.000,-3.500,joint_grid_transaction,532,532,2,5,26,0.000,1.00,-0.659,False,joint_slot_deadline,723.252,False
722.944,7,en_route_pickup,-3.348,-2.018,-3.000,-1.500,joint_grid_transaction,532,532,2,5,29,0.000,1.00,0.090,False,None,0.000,False
722.944,8,en_route_delivery,-7.248,-2.035,-6.000,3.500,joint_grid_transaction,532,532,2,9,24,0.000,1.00,1.665,False,None,0.000,False
724.992,1,en_route_delivery,7.277,-1.237,6.000,-3.500,joint_grid_transaction,536,536,1,9,41,0.000,1.00,2.347,False,None,0.000,False
724.992,2,en_route_delivery,-2.835,3.766,-6.000,3.500,joint_grid_transaction,536,536,2,9,23,0.000,1.00,3.070,False,None,0.000,False
724.992,3,en_route_delivery,5.012,3.058,3.000,1.500,joint_grid_transaction,536,536,1,8,54,0.000,1.00,3.066,False,None,0.000,False
724.992,4,en_route_pickup,0.055,-3.073,1.000,-1.500,joint_grid_transaction,536,536,2,9,32,0.000,1.00,-0.934,False,None,0.000,False
724.992,5,en_route_delivery,-5.660,2.986,0.000,-3.500,joint_grid_transaction,536,536,2,9,30,0.000,1.00,0.097,False,None,0.000,False
724.992,6,en_route_pickup,5.899,-3.033,3.000,-1.500,joint_grid_transaction,536,536,1,9,50,0.000,1.00,-1.789,False,None,0.000,False
724.992,7,en_route_delivery,-3.287,-1.977,0.000,3.500,joint_grid_transaction,536,536,2,9,29,0.000,1.00,0.975,False,None,0.000,False
724.992,8,en_route_delivery,-7.276,-1.731,-6.000,3.500,joint_grid_transaction,536,536,1,9,24,0.000,1.00,1.662,False,None,0.000,False
727.040,1,en_route_delivery,7.000,-1.233,6.000,-3.500,joint_grid_transaction,536,536,2,9,41,0.000,1.00,3.073,False,None,0.000,False
727.040,2,en_route_delivery,-3.126,3.787,-6.000,3.500,joint_grid_transaction,536,536,3,9,23,0.000,1.00,3.065,False,None,0.000,False
727.040,3,en_route_delivery,4.800,3.066,3.000,1.500,joint_grid_transaction,536,536,2,8,54,0.000,1.00,3.086,False,None,0.000,False
727.040,4,en_route_pickup,0.293,-3.039,1.000,-1.500,joint_grid_transaction,536,536,2,9,32,0.000,1.00,-0.058,False,None,0.000,False
727.040,5,en_route_delivery,-5.329,3.015,0.000,-3.500,joint_grid_transaction,536,536,3,9,30,0.000,1.00,0.087,False,None,0.000,False
727.040,6,en_route_pickup,5.661,-2.998,3.000,-1.500,joint_grid_transaction,536,536,2,9,50,0.000,1.00,-3.043,False,None,0.000,False
727.040,7,en_route_delivery,-3.433,-2.010,0.000,3.500,joint_grid_transaction,536,536,2,9,29,0.000,1.00,2.923,False,None,0.000,False
727.040,8,en_route_delivery,-7.299,-1.476,-6.000,3.500,joint_grid_transaction,536,536,2,9,24,0.000,1.00,1.655,False,None,0.000,False
729.088,1,en_route_delivery,6.714,-1.212,6.000,-3.500,joint_grid_transaction,537,537,1,13,41,0.000,1.00,3.068,False,None,0.000,False
729.088,2,en_route_delivery,-3.375,3.806,-6.000,3.500,joint_grid_transaction,537,537,2,13,23,0.000,1.00,3.068,False,None,0.000,False
729.088,3,en_route_delivery,4.547,3.059,3.000,1.500,joint_grid_transaction,537,537,2,13,54,0.000,1.00,-3.062,False,None,0.000,False
729.088,4,en_route_pickup,0.545,-3.054,1.000,-1.500,joint_grid_transaction,537,537,1,9,32,0.000,1.00,-0.050,False,None,0.000,False
729.088,5,en_route_delivery,-5.048,3.039,0.000,-3.500,joint_grid_transaction,537,537,2,13,30,0.000,1.00,0.084,False,None,0.000,False
729.088,6,en_route_pickup,5.341,-3.023,3.000,-1.500,joint_grid_transaction,537,537,2,13,50,0.000,1.00,-3.063,False,None,0.000,False
729.088,7,en_route_delivery,-3.764,-1.979,0.000,3.500,joint_grid_transaction,537,537,1,12,29,0.000,1.00,3.066,False,None,0.000,False
729.088,8,en_route_delivery,-7.315,-1.248,-6.000,3.500,joint_grid_transaction,537,537,1,7,24,0.000,1.00,1.619,False,None,0.000,False
731.136,1,en_route_delivery,6.471,-1.195,6.000,-3.500,joint_grid_transaction,537,537,2,13,41,0.000,1.00,3.092,False,None,0.000,False
731.136,2,en_route_delivery,-3.596,3.815,-6.000,3.500,joint_grid_transaction,537,537,3,13,23,0.000,1.00,3.140,False,None,0.000,False
731.136,3,en_route_delivery,4.212,3.018,3.000,1.500,joint_grid_transaction,537,537,3,13,54,0.000,1.00,-3.038,False,None,0.000,False
731.136,4,en_route_pickup,0.772,-3.066,1.000,-1.500,joint_grid_transaction,537,537,2,9,32,0.000,1.00,-0.012,False,None,0.000,False
731.136,5,en_route_delivery,-4.805,3.060,0.000,-3.500,joint_grid_transaction,537,537,3,13,30,0.000,1.00,0.085,False,None,0.000,False
731.136,6,en_route_pickup,5.067,-3.045,3.000,-1.500,joint_grid_transaction,537,537,3,13,50,0.000,1.00,-3.060,False,None,0.000,False
731.136,7,en_route_delivery,-3.973,-1.962,0.000,3.500,joint_grid_transaction,537,537,2,12,29,0.000,1.00,3.061,False,None,0.000,False
731.136,8,en_route_delivery,-7.308,-0.984,-6.000,3.500,joint_grid_transaction,537,537,2,7,24,0.000,1.00,1.526,False,None,0.000,False
733.184,1,en_route_delivery,6.242,-1.182,6.000,-3.500,joint_grid_transaction,538,538,1,9,41,0.000,1.00,3.113,False,None,0.000,False
733.184,2,en_route_delivery,-3.791,3.815,-6.000,3.500,joint_grid_transaction,538,538,2,9,23,0.000,1.00,-3.132,False,joint_slot_deadline,733.732,False
733.184,3,en_route_delivery,3.885,2.986,3.000,1.500,joint_grid_transaction,538,538,2,9,54,0.000,1.00,-3.045,False,None,0.000,False
733.184,4,en_route_pickup,0.879,-2.933,1.000,-1.500,joint_grid_transaction,538,538,2,8,32,0.000,1.00,-0.894,False,joint_slot_deadline,733.732,False
733.184,5,en_route_delivery,-4.584,3.064,0.000,-3.500,joint_grid_transaction,538,538,2,9,30,0.000,0.70,0.010,False,None,0.000,False
733.184,6,en_route_pickup,4.832,-3.061,3.000,-1.500,joint_grid_transaction,538,538,2,9,50,0.000,1.00,-3.081,False,None,0.000,False
733.184,7,en_route_delivery,-4.096,-1.906,0.000,3.500,joint_grid_transaction,538,538,2,9,29,0.000,1.00,2.527,False,joint_slot_deadline,733.732,False
733.184,8,en_route_delivery,-7.270,-0.615,-6.000,3.500,joint_grid_transaction,538,538,2,5,24,0.000,1.00,1.475,False,None,0.000,False
735.232,1,en_route_delivery,6.120,-1.321,6.000,-3.500,joint_grid_transaction,538,538,3,9,41,0.000,1.00,-2.207,False,None,0.000,False
735.232,2,en_route_delivery,-3.780,3.812,-6.000,3.500,joint_grid_transaction,538,538,4,9,23,0.000,1.00,-2.768,False,None,0.000,False
735.232,3,en_route_delivery,3.607,2.960,3.000,1.500,joint_grid_transaction,538,538,3,9,54,0.000,1.00,-3.047,False,None,0.000,False
735.232,4,en_route_pickup,0.957,-2.705,1.000,-1.500,joint_grid_transaction,538,538,4,8,32,0.000,1.00,-1.327,False,None,0.000,False
735.232,5,en_route_delivery,-4.466,3.025,0.000,-3.500,joint_grid_transaction,538,538,3,9,30,0.000,1.00,0.690,False,None,0.000,False
735.232,6,en_route_pickup,4.596,-3.064,3.000,-1.500,joint_grid_transaction,538,538,3,9,50,0.000,1.00,3.122,False,None,0.000,False
735.232,7,en_route_delivery,-4.166,-1.721,0.000,3.500,joint_grid_transaction,538,538,3,9,29,0.000,1.00,1.999,False,None,0.000,False
735.232,8,en_route_delivery,-7.239,-0.281,-6.000,3.500,joint_grid_transaction,538,538,3,5,24,0.000,1.00,1.478,False,None,0.000,False
737.280,1,en_route_delivery,6.042,-1.535,6.000,-3.500,joint_grid_transaction,539,539,2,9,41,0.000,1.00,-1.826,False,joint_slot_deadline,737.284,False
737.280,2,en_route_delivery,-3.808,3.764,-6.000,3.500,joint_grid_transaction,539,539,2,9,23,0.000,0.70,-2.403,False,joint_slot_deadline,737.284,False
737.280,3,en_route_delivery,3.374,2.942,3.000,1.500,joint_grid_transaction,539,539,2,9,54,0.000,1.00,-3.079,False,None,0.000,False
737.280,4,en_route_pickup,0.990,-2.468,1.000,-1.500,joint_grid_transaction,539,539,1,5,32,0.000,1.00,-1.475,False,joint_slot_deadline,737.284,False
737.280,5,en_route_delivery,-4.377,2.922,0.000,-3.500,joint_grid_transaction,539,539,1,8,30,0.000,1.00,0.962,False,joint_slot_deadline,737.284,False
737.280,6,en_route_pickup,4.255,-3.034,3.000,-1.500,joint_grid_transaction,539,539,2,9,50,0.000,1.00,3.018,False,None,0.000,False
737.280,7,en_route_delivery,-4.231,-1.466,0.000,3.500,joint_grid_transaction,539,539,2,9,29,0.000,1.00,1.707,False,joint_slot_deadline,737.284,False
737.280,8,en_route_delivery,-7.213,0.002,-6.000,3.500,joint_grid_transaction,539,539,2,3,24,0.000,1.00,1.482,False,None,0.000,False
739.328,1,en_route_delivery,5.997,-1.881,6.000,-3.500,joint_grid_transaction,540,540,2,8,41,0.000,1.00,-1.661,False,None,0.000,False
739.328,2,en_route_delivery,-3.868,3.700,-6.000,3.500,joint_grid_transaction,540,540,1,8,23,0.000,0.40,-2.262,False,None,0.000,False
739.328,3,en_route_delivery,3.220,2.931,3.000,1.500,joint_grid_transaction,540,540,2,8,54,0.000,1.00,-2.770,False,None,0.000,False
739.328,4,en_route_pickup,1.021,-2.162,1.000,-1.500,joint_grid_transaction,540,540,2,4,32,0.000,1.00,-1.473,False,None,0.000,False
739.328,5,en_route_delivery,-4.271,2.576,0.000,-3.500,joint_grid_transaction,540,540,2,9,30,0.000,1.00,1.453,False,None,0.000,False
739.328,6,en_route_pickup,3.902,-2.998,3.000,-1.500,joint_grid_transaction,540,540,2,9,50,0.000,1.00,3.047,False,None,0.000,False
739.328,7,en_route_delivery,-4.263,-1.139,0.000,3.500,joint_grid_transaction,540,540,2,9,29,0.000,1.00,1.658,False,None,0.000,False
739.328,8,en_route_delivery,-7.226,0.003,-6.000,3.500,joint_grid_transaction,540,540,1,7,24,0.000,1.00,2.201,False,None,0.000,False
741.376,1,en_route_delivery,5.970,-2.182,6.000,-3.500,joint_grid_transaction,541,541,2,7,41,0.000,1.00,-1.660,False,None,0.000,False
741.376,2,en_route_delivery,-3.956,3.472,-6.000,3.500,joint_grid_transaction,541,541,2,9,23,0.000,1.00,-1.826,False,None,0.000,False
741.376,3,en_route_delivery,3.178,2.876,3.000,1.500,joint_grid_transaction,541,541,2,8,54,0.000,1.00,-2.396,False,joint_slot_deadline,741.540,False
741.376,4,en_route_delivery,1.091,-2.095,0.000,3.500,joint_grid_transaction,541,541,2,9,32,0.000,1.00,-0.556,False,None,0.000,False
741.376,5,en_route_delivery,-4.238,2.256,0.000,-3.500,joint_grid_transaction,541,541,2,9,30,0.000,1.00,1.472,False,None,0.000,False
741.376,6,en_route_pickup,3.603,-2.970,3.000,-1.500,joint_grid_transaction,541,541,2,9,50,0.000,1.00,3.049,False,None,0.000,False
741.376,7,en_route_delivery,-4.288,-0.854,0.000,3.500,joint_grid_transaction,541,541,2,9,29,0.000,1.00,1.659,False,None,0.000,False
741.376,8,en_route_delivery,-7.490,-0.000,-6.000,3.500,joint_grid_transaction,541,541,2,7,24,0.000,1.00,3.061,False,None,0.000,False
743.424,1,en_route_delivery,5.947,-2.437,6.000,-3.500,joint_grid_transaction,541,541,3,7,41,0.000,1.00,-1.660,False,None,0.000,False
743.424,2,en_route_delivery,-4.136,3.353,-6.000,3.500,joint_grid_transaction,541,541,4,9,23,0.000,1.00,-2.687,False,None,0.000,False
743.424,3,en_route_delivery,3.045,2.592,3.000,1.500,joint_grid_transaction,541,541,4,8,54,0.000,1.00,-1.801,False,None,0.000,False
743.424,4,en_route_delivery,1.441,-2.011,0.000,3.500,joint_grid_transaction,541,541,3,9,32,0.000,1.00,-0.090,False,None,0.000,False
743.424,5,en_route_delivery,-4.211,1.979,0.000,-3.500,joint_grid_transaction,541,541,3,9,30,0.000,1.00,1.476,False,None,0.000,False
743.424,6,en_route_pickup,3.408,-2.907,3.000,-1.500,joint_grid_transaction,541,541,3,9,50,0.000,1.00,2.511,False,None,0.000,False
743.424,7,en_route_delivery,-4.308,-0.612,0.000,3.500,joint_grid_transaction,541,541,3,9,29,0.000,1.00,1.645,False,None,0.000,False
743.424,8,en_route_delivery,-7.625,0.142,-6.000,3.500,joint_grid_transaction,541,541,4,7,24,0.000,1.00,2.104,False,None,0.000,False
745.472,1,en_route_delivery,5.937,-2.661,6.000,-3.500,joint_grid_transaction,542,542,2,5,41,0.000,1.00,-1.617,False,None,0.000,False
745.472,2,en_route_delivery,-4.502,3.264,-6.000,3.500,joint_grid_transaction,542,542,2,9,23,0.000,1.00,-3.045,False,None,0.000,False
745.472,3,en_route_delivery,2.999,2.236,3.000,1.500,joint_grid_transaction,542,542,2,5,54,0.000,1.00,-1.665,False,None,0.000,False
745.472,4,en_route_delivery,1.763,-1.982,0.000,3.500,joint_grid_transaction,542,542,2,9,32,0.000,1.00,-0.088,False,None,0.000,False
745.472,5,en_route_delivery,-4.191,1.745,0.000,-3.500,joint_grid_transaction,542,542,2,9,30,0.000,1.00,1.506,False,None,0.000,False
745.472,6,en_route_pickup,3.297,-2.868,3.000,-1.500,joint_grid_transaction,542,542,2,9,50,0.000,1.00,-3.048,False,None,0.000,False
745.472,7,en_route_delivery,-4.315,-0.391,0.000,3.500,joint_grid_transaction,542,542,2,9,29,0.000,1.00,1.564,False,None,0.000,False
745.472,8,en_route_delivery,-7.732,0.503,-6.000,3.500,joint_grid_transaction,542,542,2,4,24,0.000,1.00,1.683,False,None,0.000,False
747.520,1,en_route_delivery,5.954,-2.773,6.000,-3.500,joint_grid_transaction,543,543,1,9,41,0.000,1.00,-0.869,False,None,0.000,False
747.520,2,en_route_delivery,-4.826,3.233,-6.000,3.500,joint_grid_transaction,543,543,2,7,23,0.000,1.00,-3.049,False,None,0.000,False
747.520,3,en_route_pickup,2.995,2.046,6.000,-3.500,joint_grid_transaction,543,543,1,9,33,0.000,1.00,-0.922,False,None,0.000,False
747.520,4,en_route_delivery,2.034,-1.958,0.000,3.500,joint_grid_transaction,543,543,1,9,32,0.000,1.00,-0.087,False,None,0.000,False
747.520,5,en_route_delivery,-4.183,1.514,0.000,-3.500,joint_grid_transaction,543,543,1,8,30,0.000,1.00,1.520,False,None,0.000,False
747.520,6,en_route_pickup,3.171,-2.885,3.000,-1.500,joint_grid_transaction,543,543,2,9,50,0.000,1.00,2.754,False,joint_slot_deadline,748.148,False
747.520,7,en_route_delivery,-4.330,-0.193,0.000,3.500,joint_grid_transaction,543,543,2,9,29,0.000,1.00,2.069,False,None,0.000,False
747.520,8,en_route_delivery,-7.758,0.781,-6.000,3.500,joint_grid_transaction,543,543,1,2,24,0.000,1.00,1.663,False,joint_window_endpoint,747.860,False
749.568,1,en_route_delivery,6.230,-2.766,6.000,-3.500,joint_grid_transaction,544,544,2,9,41,0.000,1.00,-0.069,False,None,0.000,False
749.568,2,en_route_delivery,-5.069,3.211,-6.000,3.500,joint_grid_transaction,544,544,2,6,23,0.000,1.00,-3.047,False,None,0.000,False
749.568,3,en_route_pickup,3.263,2.017,6.000,-3.500,joint_grid_transaction,544,544,2,9,33,0.000,1.00,-0.128,False,None,0.000,False
749.568,4,en_route_delivery,2.226,-1.943,0.000,3.500,joint_grid_transaction,544,544,2,9,32,0.000,0.70,-0.061,False,None,0.000,False
749.568,5,en_route_delivery,-4.195,1.244,0.000,-3.500,joint_grid_transaction,544,544,2,9,30,0.000,1.00,1.655,False,None,0.000,False
749.568,6,en_route_pickup,3.170,-2.884,3.000,-1.500,joint_grid_transaction,544,544,3,9,50,0.000,1.00,2.756,False,joint_slot_deadline,750.484,False
749.568,7,en_route_delivery,-4.496,-0.205,0.000,3.500,joint_grid_transaction,544,544,1,8,29,0.000,1.00,3.087,False,None,0.000,False
749.568,8,en_route_delivery,-7.759,0.782,-6.000,3.500,joint_grid_transaction,544,544,1,2,24,0.000,1.00,1.664,False,joint_window_endpoint,749.940,False
751.616,1,en_route_delivery,6.519,-2.787,6.000,-3.500,joint_grid_transaction,546,546,1,8,41,0.000,1.00,-0.074,False,None,0.000,False
751.616,2,en_route_delivery,-5.289,3.193,-6.000,3.500,joint_grid_transaction,546,546,1,5,23,0.000,1.00,-3.108,False,None,0.000,False
751.616,3,en_route_pickup,3.598,1.986,6.000,-3.500,joint_grid_transaction,546,546,2,9,33,0.000,1.00,-0.087,False,None,0.000,False
751.616,4,en_route_delivery,2.431,-1.936,0.000,3.500,joint_grid_transaction,546,546,2,9,32,0.000,1.00,-0.045,False,None,0.000,False
751.616,5,en_route_delivery,-4.235,0.875,0.000,-3.500,joint_grid_transaction,546,546,2,9,30,0.000,1.00,1.671,False,None,0.000,False
751.616,6,en_route_pickup,3.147,-2.890,3.000,-1.500,joint_grid_transaction,546,546,2,9,50,0.000,1.00,3.117,False,None,0.000,False
751.616,7,en_route_delivery,-4.748,-0.190,0.000,3.500,joint_grid_transaction,546,546,1,8,29,0.000,1.00,3.079,False,None,0.000,False
751.616,8,en_route_delivery,-7.759,0.783,-6.000,3.500,joint_grid_transaction,546,546,1,2,24,0.000,1.00,1.665,False,joint_window_endpoint,752.020,False
753.664,1,en_route_delivery,6.707,-2.802,6.000,-3.500,joint_grid_transaction,546,546,2,8,41,0.000,1.00,-0.079,False,None,0.000,False
753.664,2,en_route_delivery,-5.518,3.182,-3.000,1.500,joint_grid_transaction,546,546,2,1,44,0.000,1.00,-3.126,False,None,0.000,False
753.664,3,en_route_pickup,3.883,1.961,6.000,-3.500,joint_grid_transaction,546,546,3,9,33,0.000,1.00,-0.088,False,None,0.000,False
753.664,4,en_route_delivery,2.673,-1.937,0.000,3.500,joint_grid_transaction,546,546,3,9,32,0.000,1.00,-0.044,False,None,0.000,False
753.664,5,en_route_delivery,-4.267,0.552,0.000,-3.500,joint_grid_transaction,546,546,3,9,30,0.000,1.00,1.667,False,None,0.000,False
753.664,6,en_route_pickup,2.947,-2.912,3.000,-1.500,joint_grid_transaction,546,546,4,9,50,0.000,1.00,-2.980,False,joint_slot_deadline,754.692,False
753.664,7,en_route_delivery,-4.959,-0.184,0.000,3.500,joint_grid_transaction,546,546,2,8,29,0.000,1.00,3.095,False,None,0.000,False
753.664,8,en_route_delivery,-7.759,0.783,-6.000,3.500,joint_grid_transaction,546,546,1,2,24,0.000,1.00,1.665,False,joint_window_endpoint,754.100,False
755.712,1,en_route_delivery,6.936,-2.814,6.000,-3.500,joint_grid_transaction,549,549,2,9,41,0.000,1.00,-0.059,False,None,0.000,False
755.712,2,en_route_delivery,-5.474,3.247,-3.000,1.500,joint_grid_transaction,549,549,1,9,44,0.000,1.00,1.094,False,None,0.000,False
755.712,3,en_route_pickup,4.089,1.945,6.000,-3.500,joint_grid_transaction,549,549,2,8,33,0.000,1.00,-0.071,False,None,0.000,False
755.712,4,en_route_delivery,3.033,-1.976,0.000,3.500,joint_grid_transaction,549,549,2,9,32,0.000,1.00,-0.112,False,None,0.000,False
755.712,5,en_route_delivery,-4.293,0.280,0.000,-3.500,joint_grid_transaction,549,549,2,9,30,0.000,1.00,1.664,False,None,0.000,False
755.712,6,en_route_pickup,2.946,-2.913,3.000,-1.500,joint_grid_transaction,549,549,3,9,50,0.000,0.85,-2.977,False,joint_slot_deadline,756.484,False
755.712,7,en_route_delivery,-5.078,-0.132,0.000,3.500,joint_grid_transaction,549,549,3,9,29,0.000,1.00,2.397,False,None,0.000,False
755.712,8,en_route_delivery,-7.642,0.719,-6.000,3.500,joint_grid_transaction,549,549,2,9,24,0.000,1.00,0.275,False,None,0.000,False
757.760,1,en_route_delivery,7.179,-2.812,6.000,-3.500,joint_grid_transaction,550,550,2,11,41,0.000,1.00,-0.050,False,None,0.000,False
757.760,2,en_route_delivery,-5.217,3.237,-3.000,1.500,joint_grid_transaction,550,550,2,13,44,0.000,1.00,0.124,False,None,0.000,False
757.760,3,en_route_pickup,4.303,1.934,6.000,-3.500,joint_grid_transaction,550,550,1,13,33,0.000,1.00,-0.008,False,None,0.000,False
757.760,4,en_route_delivery,3.283,-2.001,0.000,3.500,joint_grid_transaction,550,550,1,12,32,0.000,1.00,-0.098,False,joint_slot_deadline,757.796,False
757.760,5,en_route_delivery,-4.312,0.046,0.000,-3.500,joint_grid_transaction,550,550,2,13,30,0.000,1.00,1.648,False,None,0.000,False
757.760,6,en_route_pickup,2.944,-2.912,3.000,-1.500,joint_grid_transaction,550,550,1,7,50,0.000,0.70,-3.075,False,joint_slot_deadline,757.796,False
757.760,7,en_route_delivery,-5.130,0.004,0.000,3.500,joint_grid_transaction,550,550,1,13,29,758.524,0.40,1.530,False,None,0.000,False
757.760,8,en_route_delivery,-7.295,0.761,-6.000,3.500,joint_grid_transaction,550,550,2,13,24,0.000,1.00,0.085,False,None,0.000,False
759.808,1,en_route_delivery,7.533,-2.773,6.000,-3.500,joint_grid_transaction,551,551,2,9,41,0.000,1.00,-0.111,False,None,0.000,False
759.808,2,en_route_delivery,-4.911,3.269,-3.000,1.500,joint_grid_transaction,551,551,2,9,44,0.000,1.00,0.095,False,None,0.000,False
759.808,3,en_route_pickup,4.616,1.951,6.000,-3.500,joint_grid_transaction,551,551,2,9,33,0.000,1.00,-0.099,False,None,0.000,False
759.808,4,en_route_delivery,3.565,-2.030,0.000,3.500,joint_grid_transaction,551,551,2,9,32,0.000,1.00,-0.100,False,None,0.000,False
759.808,5,en_route_delivery,-4.313,-0.176,0.000,-3.500,joint_grid_transaction,551,551,2,9,30,0.000,0.75,1.548,False,None,0.000,False
759.808,6,en_route_pickup,3.017,-2.855,3.000,-1.500,joint_grid_transaction,551,551,1,6,50,0.000,0.70,2.117,False,None,0.000,False
759.808,7,en_route_delivery,-5.130,0.003,0.000,3.500,joint_grid_transaction,551,551,1,9,29,760.028,0.45,1.649,False,None,0.000,False
759.808,8,en_route_delivery,-7.007,0.785,-6.000,3.500,joint_grid_transaction,551,551,2,9,24,0.000,1.00,0.083,False,None,0.000,False
761.856,1,en_route_delivery,7.617,-2.670,6.000,-3.500,joint_grid_transaction,552,552,2,9,41,0.000,1.00,-0.838,False,None,0.000,False
761.856,2,en_route_delivery,-4.711,3.288,-3.000,1.500,joint_grid_transaction,552,552,1,8,44,0.000,1.00,0.096,False,joint_slot_deadline,761.796,False
761.856,3,en_route_pickup,4.984,1.991,6.000,-3.500,joint_grid_transaction,552,552,2,9,33,0.000,1.00,-0.096,False,None,0.000,False
761.856,4,en_route_delivery,3.791,-2.051,0.000,3.500,joint_grid_transaction,552,552,1,8,32,0.000,1.00,-0.067,False,joint_slot_deadline,761.796,False
761.856,5,en_route_delivery,-4.294,-0.421,0.000,-3.500,joint_grid_transaction,552,552,2,9,30,0.000,1.00,1.459,False,None,0.000,False
761.856,6,en_route_pickup,2.996,-2.715,3.000,-1.500,joint_grid_transaction,552,552,1,6,50,0.000,1.00,1.684,False,joint_slot_deadline,761.796,False
761.856,7,en_route_delivery,-5.144,0.056,0.000,3.500,joint_grid_transaction,552,552,1,8,29,762.524,0.40,1.244,False,None,0.000,False
761.856,8,en_route_delivery,-6.776,0.805,-6.000,3.500,joint_grid_transaction,552,552,2,9,24,0.000,1.00,0.085,False,None,0.000,False
763.904,1,en_route_delivery,7.722,-2.348,6.000,-3.500,joint_grid_transaction,553,553,2,7,41,0.000,1.00,-1.419,False,None,0.000,False
763.904,2,en_route_delivery,-4.483,3.308,-3.000,1.500,joint_grid_transaction,553,553,1,9,44,0.000,1.00,0.053,False,None,0.000,False
763.904,3,en_route_pickup,5.283,2.019,6.000,-3.500,joint_grid_transaction,553,553,1,8,33,0.000,1.00,-0.092,False,joint_slot_deadline,764.292,False
763.904,4,en_route_delivery,4.017,-2.065,0.000,3.500,joint_grid_transaction,553,553,1,9,32,0.000,1.00,-0.021,False,None,0.000,False
763.904,5,en_route_delivery,-4.254,-0.782,0.000,-3.500,joint_grid_transaction,553,553,2,9,30,0.000,1.00,1.471,False,None,0.000,False
763.904,6,en_route_pickup,2.966,-2.432,3.000,-1.500,joint_grid_transaction,553,553,2,5,50,0.000,1.00,1.674,False,None,0.000,False
763.904,7,en_route_delivery,-5.059,0.016,0.000,3.500,joint_grid_transaction,553,553,1,8,29,0.000,1.00,0.246,False,None,0.000,False
763.904,8,en_route_delivery,-6.551,0.815,-6.000,3.500,joint_grid_transaction,553,553,2,9,24,0.000,1.00,0.057,False,None,0.000,False
765.952,1,en_route_delivery,7.758,-2.003,6.000,-3.500,joint_grid_transaction,553,553,3,7,41,0.000,1.00,-1.477,False,None,0.000,False
765.952,2,en_route_delivery,-4.254,3.318,-3.000,1.500,joint_grid_transaction,553,553,2,9,44,0.000,1.00,0.036,False,None,0.000,False
765.952,3,en_route_pickup,5.500,2.040,6.000,-3.500,joint_grid_transaction,553,553,2,8,33,0.000,1.00,-0.094,False,None,0.000,False
765.952,4,en_route_delivery,4.123,-1.924,0.000,3.500,joint_grid_transaction,553,553,3,9,32,0.000,1.00,-0.984,False,None,0.000,False
765.952,5,en_route_delivery,-4.229,-1.023,0.000,-3.500,joint_grid_transaction,553,553,3,9,30,0.000,1.00,1.469,False,None,0.000,False
765.952,6,en_route_pickup,2.945,-2.208,3.000,-1.500,joint_grid_transaction,553,553,3,5,50,0.000,1.00,1.618,False,None,0.000,False
765.952,7,en_route_delivery,-4.756,0.041,0.000,3.500,joint_grid_transaction,553,553,2,8,29,0.000,1.00,0.062,False,None,0.000,False
765.952,8,en_route_delivery,-6.303,0.812,-6.000,3.500,joint_grid_transaction,553,553,3,9,24,0.000,1.00,0.047,False,None,0.000,False
768.000,1,en_route_delivery,7.784,-1.718,6.000,-3.500,joint_grid_transaction,556,556,1,4,41,0.000,1.00,-1.480,False,None,0.000,False
768.000,2,en_route_delivery,-3.976,3.305,-3.000,1.500,joint_grid_transaction,556,556,1,8,44,0.000,1.00,0.088,False,None,0.000,False
768.000,3,en_route_pickup,5.730,2.061,6.000,-3.500,joint_grid_transaction,556,556,1,9,33,0.000,1.00,-0.073,False,None,0.000,False
768.000,4,en_route_delivery,4.231,-1.568,0.000,3.500,joint_grid_transaction,556,556,2,9,32,0.000,1.00,-1.459,False,None,0.000,False
768.000,5,en_route_delivery,-4.203,-1.279,0.000,-3.500,joint_grid_transaction,556,556,1,9,30,0.000,1.00,1.479,False,None,0.000,False
768.000,6,en_route_delivery,2.924,-2.039,0.000,-3.500,joint_grid_transaction,556,556,2,9,50,0.000,1.00,2.116,False,None,0.000,False
768.000,7,en_route_delivery,-4.504,0.058,0.000,3.500,joint_grid_transaction,556,556,1,9,29,0.000,1.00,0.070,False,None,0.000,False
768.000,8,en_route_delivery,-6.156,0.853,-6.000,3.500,joint_grid_transaction,556,556,2,9,24,0.000,1.00,0.676,False,joint_slot_deadline,768.788,False
770.048,1,en_route_delivery,7.805,-1.480,6.000,-3.500,joint_grid_transaction,556,556,2,4,41,0.000,1.00,-1.505,False,None,0.000,False
770.048,2,en_route_delivery,-3.735,3.277,-3.000,1.500,joint_grid_transaction,556,556,2,8,44,0.000,1.00,0.114,False,None,0.000,False
770.048,3,en_route_pickup,5.845,1.969,6.000,-3.500,joint_grid_transaction,556,556,2,9,33,0.000,1.00,-0.844,False,None,0.000,False
770.048,4,en_route_delivery,4.260,-1.276,0.000,3.500,joint_grid_transaction,556,556,3,9,32,0.000,1.00,-1.472,False,None,0.000,False
770.048,5,en_route_delivery,-4.186,-1.503,0.000,-3.500,joint_grid_transaction,556,556,2,9,30,0.000,1.00,1.524,False,None,0.000,False
770.048,6,en_route_delivery,2.646,-2.018,0.000,-3.500,joint_grid_transaction,556,556,3,9,50,0.000,1.00,3.007,False,None,0.000,False
770.048,7,en_route_delivery,-4.407,0.152,0.000,3.500,joint_grid_transaction,556,556,3,9,29,0.000,1.00,0.929,False,None,0.000,False
770.048,8,en_route_delivery,-6.091,1.009,-6.000,3.500,joint_grid_transaction,556,556,3,9,24,0.000,1.00,1.128,False,None,0.000,False
772.096,1,en_route_delivery,7.803,-1.324,6.000,-3.500,joint_grid_transaction,557,557,1,6,41,0.000,1.00,-2.153,False,None,0.000,False
772.096,2,en_route_delivery,-3.395,3.243,-3.000,1.500,joint_grid_transaction,557,557,2,9,44,0.000,1.00,0.097,False,None,0.000,False
772.096,3,en_route_pickup,5.970,1.648,6.000,-3.500,joint_grid_transaction,557,557,2,9,33,0.000,1.00,-1.405,False,None,0.000,False
772.096,4,en_route_delivery,4.288,-0.995,0.000,3.500,joint_grid_transaction,557,557,1,8,32,0.000,1.00,-1.476,False,None,0.000,False
772.096,5,en_route_delivery,-4.186,-1.755,0.000,-3.500,joint_grid_transaction,557,557,1,8,30,0.000,1.00,1.573,False,None,0.000,False
772.096,6,en_route_delivery,2.308,-1.987,0.000,-3.500,joint_grid_transaction,557,557,2,9,50,0.000,1.00,3.054,False,None,0.000,False
772.096,7,en_route_delivery,-4.274,0.498,0.000,3.500,joint_grid_transaction,557,557,2,9,29,0.000,1.00,1.416,False,None,0.000,False
772.096,8,en_route_delivery,-6.011,1.374,-6.000,3.500,joint_grid_transaction,557,557,2,9,24,0.000,1.00,1.480,False,None,0.000,False
774.144,1,en_route_delivery,7.806,-1.452,6.000,-3.500,joint_grid_transaction,557,557,1,6,41,0.000,1.00,2.045,False,None,0.000,False
774.144,2,en_route_delivery,-3.185,3.187,-3.000,1.500,joint_grid_transaction,557,557,3,9,44,0.000,1.00,0.615,False,None,0.000,False
774.144,3,en_route_pickup,6.006,1.300,6.000,-3.500,joint_grid_transaction,557,557,3,9,33,0.000,1.00,-1.478,False,None,0.000,False
774.144,4,en_route_delivery,4.306,-0.805,0.000,3.500,joint_grid_transaction,557,557,2,8,32,0.000,1.00,-1.475,False,None,0.000,False
774.144,5,en_route_delivery,-4.140,-1.830,0.000,-3.500,joint_grid_transaction,557,557,3,8,30,0.000,1.00,0.908,False,None,0.000,False
774.144,6,en_route_delivery,2.039,-1.963,0.000,-3.500,joint_grid_transaction,557,557,3,9,50,0.000,1.00,3.051,False,None,0.000,False
774.144,7,en_route_delivery,-4.246,0.752,0.000,3.500,joint_grid_transaction,557,557,3,9,29,0.000,1.00,1.482,False,None,0.000,False
774.144,8,en_route_delivery,-5.981,1.696,-6.000,3.500,joint_grid_transaction,557,557,3,9,24,0.000,1.00,1.482,False,None,0.000,False
776.192,1,en_route_delivery,7.743,-1.803,6.000,-3.500,joint_grid_transaction,558,558,3,6,41,0.000,1.00,1.652,False,None,0.000,False
776.192,2,en_route_delivery,-3.143,3.113,-3.000,1.500,joint_grid_transaction,558,558,3,9,44,0.000,1.00,0.974,False,None,0.000,False
776.192,3,en_route_pickup,6.033,1.008,6.000,-3.500,joint_grid_transaction,558,558,2,9,33,0.000,1.00,-1.480,False,None,0.000,False
776.192,4,en_route_delivery,4.314,-0.583,0.000,3.500,joint_grid_transaction,558,558,2,9,32,0.000,1.00,-1.542,False,None,0.000,False
776.192,5,en_route_delivery,-4.062,-1.863,0.000,-3.500,joint_grid_transaction,558,558,3,9,30,0.000,1.00,0.603,False,None,0.000,False
776.192,6,en_route_delivery,1.796,-1.941,0.000,-3.500,joint_grid_transaction,558,558,2,9,50,0.000,1.00,3.051,False,None,0.000,False
776.192,7,en_route_delivery,-4.220,1.048,0.000,3.500,joint_grid_transaction,558,558,3,9,29,0.000,1.00,1.482,False,None,0.000,False
776.192,8,en_route_delivery,-5.957,1.971,-6.000,3.500,joint_grid_transaction,558,558,2,8,24,0.000,1.00,1.482,False,None,0.000,False
778.240,1,en_route_delivery,7.718,-2.101,6.000,-3.500,joint_grid_transaction,558,558,4,6,41,0.000,1.00,1.654,False,None,0.000,False
778.240,2,en_route_delivery,-3.022,2.757,-3.000,1.500,joint_grid_transaction,558,558,4,9,44,0.000,1.00,1.442,False,None,0.000,False
778.240,3,en_route_pickup,6.056,0.760,6.000,-3.500,joint_grid_transaction,558,558,3,9,33,0.000,1.00,-1.481,False,None,0.000,False
778.240,4,en_route_delivery,4.314,-0.340,0.000,3.500,joint_grid_transaction,558,558,3,9,32,0.000,1.00,-1.598,False,None,0.000,False
778.240,5,en_route_delivery,-3.741,-1.979,0.000,-3.500,joint_grid_transaction,558,558,4,9,30,0.000,1.00,0.139,False,None,0.000,False
778.240,6,en_route_delivery,1.570,-1.935,0.000,-3.500,joint_grid_transaction,558,558,3,9,50,0.000,1.00,3.124,False,None,0.000,False
778.240,7,en_route_delivery,-4.199,1.295,0.000,3.500,joint_grid_transaction,558,558,3,9,29,0.000,1.00,1.502,False,None,0.000,False
778.240,8,en_route_delivery,-5.938,2.207,-6.000,3.500,joint_grid_transaction,558,558,3,8,24,0.000,1.00,1.491,False,None,0.000,False
780.288,1,en_route_delivery,7.697,-2.344,6.000,-3.500,joint_grid_transaction,559,559,2,5,41,0.000,1.00,1.658,False,None,0.000,False
780.288,2,en_route_delivery,-2.989,2.418,-3.000,1.500,joint_grid_transaction,559,559,3,6,44,0.000,1.00,1.480,False,None,0.000,False
780.288,3,en_route_pickup,6.066,0.536,6.000,-3.500,joint_grid_transaction,559,559,2,9,33,0.000,1.00,-1.512,False,None,0.000,False
780.288,4,en_route_delivery,4.281,0.009,0.000,3.500,joint_grid_transaction,559,559,2,9,32,0.000,1.00,-1.691,False,None,0.000,False
780.288,5,en_route_delivery,-3.632,-2.116,0.000,-3.500,joint_grid_transaction,559,559,3,9,30,0.000,1.00,1.006,False,None,0.000,False
780.288,6,en_route_delivery,1.315,-1.937,0.000,-3.500,joint_grid_transaction,559,559,2,9,50,0.000,1.00,-3.110,False,None,0.000,False
780.288,7,en_route_delivery,-4.185,1.522,0.000,3.500,joint_grid_transaction,559,559,2,9,29,0.000,1.00,1.546,False,None,0.000,False
780.288,8,en_route_delivery,-5.937,2.444,-6.000,3.500,joint_grid_transaction,559,559,2,6,24,0.000,1.00,1.587,False,None,0.000,False
782.336,1,en_route_delivery,7.685,-2.551,6.000,-3.500,joint_grid_transaction,560,560,1,4,41,0.000,1.00,1.568,False,None,0.000,False
782.336,2,en_route_delivery,-2.963,2.132,-3.000,1.500,joint_grid_transaction,560,560,2,4,44,0.000,1.00,1.480,False,None,0.000,False
782.336,3,en_route_pickup,6.057,0.276,6.000,-3.500,joint_grid_transaction,560,560,2,9,33,0.000,1.00,-1.654,False,None,0.000,False
782.336,4,en_route_delivery,4.245,0.355,0.000,3.500,joint_grid_transaction,560,560,2,9,32,0.000,1.00,-1.667,False,None,0.000,False
782.336,5,en_route_delivery,-3.520,-2.475,0.000,-3.500,joint_grid_transaction,560,560,2,9,30,0.000,1.00,1.453,False,None,0.000,False
782.336,6,en_route_delivery,0.967,-1.972,0.000,-3.500,joint_grid_transaction,560,560,2,9,50,0.000,1.00,-3.017,False,None,0.000,False
782.336,7,en_route_delivery,-4.185,1.778,0.000,3.500,joint_grid_transaction,560,560,1,8,29,0.000,1.00,1.573,False,None,0.000,False
782.336,8,en_route_delivery,-5.965,2.778,-6.000,3.500,joint_grid_transaction,560,560,2,5,24,0.000,1.00,1.708,False,None,0.000,False
784.384,1,en_route_delivery,7.692,-2.837,6.000,-3.500,joint_grid_transaction,562,562,2,3,41,0.000,1.00,1.527,False,None,0.000,False
784.384,2,en_route_pickup,-3.020,2.078,3.000,-1.500,joint_grid_transaction,562,562,1,9,34,0.000,1.00,2.562,False,None,0.000,False
784.384,3,en_route_pickup,6.016,-0.071,6.000,-3.500,joint_grid_transaction,562,562,2,9,33,0.000,1.00,-1.671,False,None,0.000,False
784.384,4,en_route_delivery,4.217,0.648,0.000,3.500,joint_grid_transaction,562,562,2,9,32,0.000,1.00,-1.663,False,None,0.000,False
784.384,5,en_route_delivery,-3.488,-2.776,0.000,-3.500,joint_grid_transaction,562,562,1,7,30,0.000,1.00,1.470,False,None,0.000,False
784.384,6,en_route_delivery,0.704,-2.001,0.000,-3.500,joint_grid_transaction,562,562,2,9,50,0.000,1.00,-3.043,False,None,0.000,False
784.384,7,en_route_delivery,-4.243,1.717,0.000,3.500,joint_grid_transaction,562,562,1,9,29,0.000,1.00,2.582,False,None,0.000,False
784.384,8,en_route_pickup,-5.988,2.997,3.000,1.500,joint_grid_transaction,562,562,1,9,35,0.000,1.00,1.219,False,None,0.000,False
786.432,1,en_route_delivery,7.711,-3.036,6.000,-3.500,joint_grid_transaction,562,562,2,3,41,0.000,1.00,1.431,False,joint_window_endpoint,786.900,False
786.432,2,en_route_pickup,-3.358,2.006,3.000,-1.500,joint_grid_transaction,562,562,3,9,34,0.000,1.00,3.052,False,None,0.000,False
786.432,3,en_route_pickup,5.984,-0.394,6.000,-3.500,joint_grid_transaction,562,562,3,9,33,0.000,1.00,-1.667,False,None,0.000,False
786.432,4,en_route_delivery,4.195,0.897,0.000,3.500,joint_grid_transaction,562,562,3,9,32,0.000,1.00,-1.662,False,None,0.000,False
786.432,5,en_route_delivery,-3.461,-3.052,0.000,-3.500,joint_grid_transaction,562,562,3,7,30,0.000,1.00,1.472,False,None,0.000,False
786.432,6,en_route_delivery,0.407,-2.030,0.000,-3.500,joint_grid_transaction,562,562,3,9,50,0.000,1.00,-3.046,False,None,0.000,False
786.432,7,en_route_delivery,-4.555,1.763,0.000,3.500,joint_grid_transaction,562,562,3,9,29,0.000,1.00,3.066,False,None,0.000,False
786.432,8,en_route_pickup,-5.738,2.980,3.000,1.500,joint_grid_transaction,562,562,2,9,35,0.000,1.00,0.148,False,None,0.000,False
788.480,1,en_route_delivery,7.579,-2.978,6.000,-3.500,joint_grid_transaction,563,563,2,9,41,0.000,1.00,2.894,False,None,0.000,False
788.480,2,en_route_pickup,-3.605,1.984,3.000,-1.500,joint_grid_transaction,563,563,2,8,34,0.000,1.00,3.048,False,None,0.000,False
788.480,3,en_route_pickup,5.964,-0.598,6.000,-3.500,joint_grid_transaction,563,563,2,8,33,0.000,1.00,-1.669,False,None,0.000,False
788.480,4,en_route_delivery,4.186,1.109,0.000,3.500,joint_grid_transaction,563,563,2,8,32,0.000,1.00,-1.574,False,None,0.000,False
788.480,5,en_route_delivery,-3.442,-3.276,0.000,-3.500,joint_grid_transaction,563,563,2,6,30,0.000,1.00,1.527,False,None,0.000,False
788.480,6,en_route_delivery,0.226,-2.054,0.000,-3.500,joint_grid_transaction,563,563,3,9,50,0.000,1.00,-2.710,False,None,0.000,False
788.480,7,en_route_delivery,-4.849,1.785,0.000,3.500,joint_grid_transaction,563,563,3,9,29,0.000,1.00,3.063,False,None,0.000,False
788.480,8,en_route_pickup,-5.399,3.012,3.000,1.500,joint_grid_transaction,563,563,3,9,35,0.000,1.00,0.087,False,None,0.000,False
790.528,1,en_route_delivery,7.239,-3.015,6.000,-3.500,joint_grid_transaction,564,564,2,9,41,0.000,1.00,3.061,False,None,0.000,False
790.528,2,en_route_pickup,-3.880,1.958,3.000,-1.500,joint_grid_transaction,564,564,2,9,34,0.000,1.00,3.048,False,None,0.000,False
790.528,3,en_route_pickup,5.944,-0.831,6.000,-3.500,joint_grid_transaction,564,564,2,9,33,0.000,1.00,-1.635,False,None,0.000,False
790.528,4,en_route_delivery,4.185,1.368,0.000,3.500,joint_grid_transaction,564,564,2,9,32,0.000,1.00,-1.563,False,None,0.000,False
790.528,5,en_route_delivery,-3.432,-3.503,0.000,-3.500,joint_grid_transaction,564,564,2,5,30,0.000,1.00,1.539,False,None,0.000,False
790.528,6,en_route_delivery,0.168,-2.110,0.000,-3.500,joint_grid_transaction,564,564,2,8,50,0.000,1.00,-2.402,False,joint_slot_deadline,790.612,False
790.528,7,en_route_delivery,-5.025,1.808,0.000,3.500,joint_grid_transaction,564,564,2,9,29,0.000,1.00,2.704,False,None,0.000,False
790.528,8,en_route_pickup,-5.113,3.038,3.000,1.500,joint_grid_transaction,564,564,2,9,35,0.000,1.00,0.088,False,None,0.000,False
792.576,1,en_route_delivery,6.957,-3.038,6.000,-3.500,joint_grid_transaction,564,564,3,9,41,0.000,1.00,3.057,False,None,0.000,False
792.576,2,en_route_pickup,-4.038,1.932,3.000,-1.500,joint_grid_transaction,564,564,3,9,34,0.000,1.00,2.682,False,None,0.000,False
792.576,3,en_route_pickup,5.934,-1.048,6.000,-3.500,joint_grid_transaction,564,564,2,9,33,0.000,1.00,-1.562,False,None,0.000,False
792.576,4,en_route_delivery,4.202,1.679,0.000,3.500,joint_grid_transaction,564,564,3,9,32,0.000,1.00,-1.471,False,None,0.000,False
792.576,5,en_route_delivery,-3.451,-3.797,0.000,-3.500,joint_grid_transaction,564,564,3,5,30,0.000,1.00,1.693,False,None,0.000,False
792.576,6,en_route_delivery,0.043,-2.402,0.000,-3.500,joint_grid_transaction,564,564,4,8,50,0.000,1.00,-1.791,False,None,0.000,False
792.576,7,en_route_delivery,-5.292,1.941,0.000,3.500,joint_grid_transaction,564,564,4,9,29,0.000,1.00,2.806,False,joint_slot_deadline,793.012,False
792.576,8,en_route_pickup,-4.870,3.057,3.000,1.500,joint_grid_transaction,564,564,3,9,35,0.000,1.00,0.075,False,None,0.000,False
794.624,1,en_route_delivery,6.722,-3.057,6.000,-3.500,joint_grid_transaction,565,565,1,8,41,0.000,1.00,3.096,False,None,0.000,False
794.624,2,en_route_pickup,-4.080,1.869,3.000,-1.500,joint_grid_transaction,565,565,2,9,34,0.000,1.00,2.298,False,joint_slot_deadline,794.612,False
794.624,3,en_route_pickup,5.946,-1.288,6.000,-3.500,joint_grid_transaction,565,565,1,8,33,0.000,1.00,-1.495,False,joint_slot_deadline,794.612,False
794.624,4,en_route_delivery,4.158,1.848,0.000,3.500,joint_grid_transaction,565,565,2,9,32,0.000,1.00,-2.232,False,joint_slot_deadline,794.612,False
794.624,5,en_route_delivery,-3.477,-4.032,0.000,-3.500,joint_grid_transaction,565,565,1,2,30,0.000,1.00,1.679,False,joint_slot_deadline,794.612,False
794.624,6,en_route_delivery,-0.002,-2.758,0.000,-3.500,joint_grid_transaction,565,565,2,5,50,0.000,1.00,-1.665,False,None,0.000,False
794.624,7,en_route_delivery,-5.288,1.955,0.000,3.500,joint_grid_transaction,565,565,2,9,29,0.000,0.85,2.632,False,joint_slot_deadline,794.612,False
794.624,8,en_route_pickup,-4.650,3.065,3.000,1.500,joint_grid_transaction,565,565,2,9,35,0.000,1.00,0.006,False,None,0.000,False
796.672,1,en_route_delivery,6.494,-3.068,6.000,-3.500,joint_grid_transaction,567,567,1,9,41,0.000,1.00,3.114,False,None,0.000,False
796.672,2,en_route_pickup,-4.220,1.562,3.000,-1.500,joint_grid_transaction,567,567,2,9,34,0.000,1.00,1.752,False,None,0.000,False
796.672,3,en_route_pickup,5.985,-1.656,6.000,-3.500,joint_grid_transaction,567,567,2,9,33,0.000,1.00,-1.467,False,None,0.000,False
796.672,4,en_route_delivery,3.868,1.955,0.000,3.500,joint_grid_transaction,567,567,2,9,32,0.000,1.00,-2.910,False,None,0.000,False
796.672,5,en_route_delivery,-3.465,-4.004,0.000,-3.500,joint_grid_transaction,567,567,2,9,30,0.000,1.00,0.985,False,None,0.000,False
796.672,6,en_route_delivery,-0.045,-2.949,-1.000,-1.500,joint_grid_transaction,567,567,2,9,77,0.000,1.00,-2.269,False,None,0.000,False
796.672,7,en_route_delivery,-5.218,2.014,0.000,3.500,joint_grid_transaction,567,567,2,9,29,0.000,0.85,1.131,False,joint_slot_deadline,797.348,False
796.672,8,en_route_pickup,-4.347,3.051,3.000,1.500,joint_grid_transaction,567,567,2,9,35,0.000,1.00,0.086,False,None,0.000,False
798.720,1,en_route_pickup,6.398,-3.097,0.000,3.500,joint_grid_transaction,568,568,2,9,36,0.000,0.70,2.749,False,None,0.000,False
798.720,2,en_route_pickup,-4.257,1.252,3.000,-1.500,joint_grid_transaction,568,568,1,8,34,0.000,1.00,1.670,False,None,0.000,False
798.720,3,en_route_pickup,6.009,-1.887,6.000,-3.500,joint_grid_transaction,568,568,1,8,33,0.000,0.40,-1.568,False,None,0.000,False
798.720,4,en_route_delivery,3.508,2.000,0.000,3.500,joint_grid_transaction,568,568,1,8,32,0.000,1.00,-3.053,False,None,0.000,False
798.720,5,en_route_delivery,-3.187,-3.997,0.000,-3.500,joint_grid_transaction,568,568,2,9,30,0.000,1.00,0.083,False,None,0.000,False
798.720,6,en_route_delivery,-0.338,-2.983,-1.000,-1.500,joint_grid_transaction,568,568,2,9,77,0.000,1.00,-3.023,False,None,0.000,False
798.720,7,en_route_delivery,-5.171,1.962,0.000,3.500,joint_grid_transaction,568,568,2,9,29,0.000,0.55,0.607,False,None,0.000,False
798.720,8,en_route_pickup,-3.977,3.010,3.000,1.500,joint_grid_transaction,568,568,1,8,35,0.000,1.00,0.097,False,None,0.000,False
800.768,1,en_route_pickup,6.274,-3.094,0.000,3.500,joint_grid_transaction,568,568,2,9,36,0.000,1.00,-3.113,False,None,0.000,False
800.768,2,en_route_pickup,-4.278,1.053,3.000,-1.500,joint_grid_transaction,568,568,2,8,34,0.000,1.00,1.672,False,None,0.000,False
800.768,3,en_route_pickup,5.939,-1.891,6.000,-3.500,joint_grid_transaction,568,568,2,8,33,0.000,1.00,-2.424,False,joint_slot_deadline,800.772,False
800.768,4,en_route_delivery,3.294,2.021,0.000,3.500,joint_grid_transaction,568,568,2,8,32,0.000,1.00,-3.049,False,None,0.000,False
800.768,5,en_route_delivery,-2.872,-4.023,0.000,-3.500,joint_grid_transaction,568,568,3,9,30,0.000,1.00,0.083,False,None,0.000,False
800.768,6,en_route_delivery,-0.674,-3.013,-1.000,-1.500,joint_grid_transaction,568,568,3,9,77,0.000,1.00,-3.054,False,None,0.000,False
800.768,7,en_route_delivery,-4.955,1.996,0.000,3.500,joint_grid_transaction,568,568,2,9,29,0.000,1.00,0.089,False,None,0.000,False
800.768,8,en_route_pickup,-3.787,2.991,3.000,1.500,joint_grid_transaction,568,568,2,8,35,0.000,1.00,0.101,False,None,0.000,False
802.816,1,en_route_pickup,5.945,-3.042,0.000,3.500,joint_grid_transaction,569,569,3,9,36,0.000,1.00,-2.965,False,None,0.000,False
802.816,2,en_route_pickup,-4.303,0.802,3.000,-1.500,joint_grid_transaction,569,569,2,9,34,0.000,1.00,1.669,False,None,0.000,False
802.816,3,en_route_pickup,5.975,-1.939,6.000,-3.500,joint_grid_transaction,569,569,3,9,33,0.000,0.85,-1.974,False,None,0.000,False
802.816,4,en_route_delivery,3.026,2.045,0.000,3.500,joint_grid_transaction,569,569,2,9,32,0.000,1.00,-3.050,False,None,0.000,False
802.816,5,en_route_delivery,-2.649,-4.042,0.000,-3.500,joint_grid_transaction,569,569,2,8,30,0.000,1.00,0.087,False,None,0.000,False
802.816,6,en_route_delivery,-0.849,-2.937,-1.000,-1.500,joint_grid_transaction,569,569,2,8,77,0.000,1.00,2.363,False,None,0.000,False
802.816,7,en_route_delivery,-4.645,2.022,0.000,3.500,joint_grid_transaction,569,569,3,9,29,0.000,1.00,0.088,False,None,0.000,False
802.816,8,en_route_pickup,-3.505,2.963,3.000,1.500,joint_grid_transaction,569,569,2,9,35,0.000,1.00,0.096,False,None,0.000,False
804.864,1,en_route_pickup,5.586,-3.001,0.000,3.500,joint_grid_transaction,570,570,2,9,36,0.000,1.00,-3.045,False,None,0.000,False
804.864,2,en_route_pickup,-4.314,0.582,3.000,-1.500,joint_grid_transaction,570,570,2,9,34,0.000,1.00,1.621,False,None,0.000,False
804.864,3,en_route_pickup,5.968,-2.035,6.000,-3.500,joint_grid_transaction,570,570,2,8,33,0.000,0.70,-1.646,False,joint_slot_deadline,805.796,False
804.864,4,en_route_delivery,2.793,2.063,0.000,3.500,joint_grid_transaction,570,570,1,8,32,0.000,1.00,-3.067,False,None,0.000,False
804.864,5,en_route_delivery,-2.422,-4.058,0.000,-3.500,joint_grid_transaction,570,570,2,9,30,0.000,1.00,0.042,False,None,0.000,False
804.864,6,en_route_delivery,-0.966,-2.629,-1.000,-1.500,joint_grid_transaction,570,570,2,6,77,0.000,1.00,1.756,False,None,0.000,False
804.864,7,en_route_delivery,-4.377,2.045,0.000,3.500,joint_grid_transaction,570,570,2,9,29,0.000,1.00,0.086,False,None,0.000,False
804.864,8,en_route_pickup,-3.270,2.941,3.000,1.500,joint_grid_transaction,570,570,1,9,35,0.000,1.00,0.078,False,None,0.000,False
806.912,1,en_route_pickup,5.313,-2.974,0.000,3.500,joint_grid_transaction,570,570,3,9,36,0.000,1.00,-3.043,False,None,0.000,False
806.912,2,en_route_pickup,-4.314,0.346,3.000,-1.500,joint_grid_transaction,570,570,3,9,34,0.000,1.00,1.537,False,None,0.000,False
806.912,3,en_route_pickup,5.960,-2.136,6.000,-3.500,joint_grid_transaction,570,570,3,8,33,0.000,0.55,-1.644,False,None,0.000,False
806.912,4,en_route_delivery,2.553,2.063,0.000,3.500,joint_grid_transaction,570,570,2,8,32,0.000,1.00,3.121,False,None,0.000,False
806.912,5,en_route_delivery,-2.209,-4.067,0.000,-3.500,joint_grid_transaction,570,570,2,9,30,0.000,1.00,0.028,False,None,0.000,False
806.912,6,en_route_delivery,-1.005,-2.295,-1.000,-1.500,joint_grid_transaction,570,570,3,6,77,0.000,1.00,1.673,False,None,0.000,False
806.912,7,en_route_delivery,-4.151,2.060,0.000,3.500,joint_grid_transaction,570,570,3,9,29,0.000,1.00,0.043,False,None,0.000,False
806.912,8,en_route_pickup,-3.039,2.935,3.000,1.500,joint_grid_transaction,570,570,2,9,35,0.000,1.00,0.036,False,None,0.000,False
808.960,1,en_route_pickup,5.056,-2.949,0.000,3.500,joint_grid_transaction,572,571,2,8,36,0.000,1.00,-3.045,False,None,0.000,False
808.960,2,en_route_pickup,-4.279,-0.008,3.000,-1.500,joint_grid_transaction,572,571,2,9,34,0.000,1.00,1.456,False,None,0.000,False
808.960,3,en_route_pickup,5.950,-2.268,6.000,-3.500,joint_grid_transaction,572,571,1,6,33,0.000,1.00,-1.647,False,None,0.000,False
808.960,4,en_route_delivery,2.210,2.032,0.000,3.500,joint_grid_transaction,572,571,2,9,32,0.000,1.00,3.008,False,None,0.000,False
808.960,5,en_route_delivery,-2.120,-3.938,0.000,-3.500,joint_grid_transaction,572,571,2,9,30,0.000,1.00,0.884,False,None,0.000,False
808.960,6,en_route_pickup,-1.032,-2.019,3.000,1.500,joint_grid_transaction,572,571,2,9,37,0.000,1.00,1.505,False,None,0.000,False
808.960,7,en_route_delivery,-3.937,2.067,0.000,3.500,joint_grid_transaction,572,571,2,9,29,0.000,1.00,0.024,False,None,0.000,False
808.960,8,en_route_pickup,-2.783,2.940,3.000,1.500,joint_grid_transaction,572,571,2,8,35,0.000,1.00,0.050,False,None,0.000,False
811.008,1,en_route_pickup,4.842,-2.937,0.000,3.500,joint_grid_transaction,572,572,2,8,36,0.000,1.00,-3.082,False,None,0.000,False
811.008,2,en_route_pickup,-4.244,-0.350,3.000,-1.500,joint_grid_transaction,572,572,3,9,34,0.000,1.00,1.473,False,None,0.000,False
811.008,3,en_route_pickup,5.935,-2.498,6.000,-3.500,joint_grid_transaction,572,572,2,6,33,0.000,1.00,-1.617,False,None,0.000,False
811.008,4,en_route_delivery,1.859,1.997,0.000,3.500,joint_grid_transaction,572,572,3,9,32,0.000,1.00,3.048,False,None,0.000,False
811.008,5,en_route_delivery,-2.070,-3.803,0.000,-3.500,joint_grid_transaction,572,572,3,9,30,0.000,1.00,1.245,False,None,0.000,False
811.008,6,en_route_pickup,-0.828,-2.032,3.000,1.500,joint_grid_transaction,572,572,2,9,37,0.000,1.00,0.201,False,None,0.000,False
811.008,7,en_route_delivery,-3.591,2.035,0.000,3.500,joint_grid_transaction,572,572,3,9,29,0.000,1.00,0.111,False,None,0.000,False
811.008,8,en_route_pickup,-2.537,2.965,3.000,1.500,joint_grid_transaction,572,572,2,8,35,0.000,1.00,0.115,False,None,0.000,False
813.056,1,en_route_pickup,4.610,-2.935,0.000,3.500,joint_grid_transaction,573,573,2,9,36,0.000,1.00,3.099,False,None,0.000,False
813.056,2,en_route_pickup,-4.216,-0.638,3.000,-1.500,joint_grid_transaction,573,573,2,9,34,0.000,1.00,1.477,False,None,0.000,False
813.056,3,en_route_pickup,5.943,-2.765,6.000,-3.500,joint_grid_transaction,573,573,1,4,33,0.000,1.00,-1.518,False,None,0.000,False
813.056,4,en_route_delivery,1.561,1.969,0.000,3.500,joint_grid_transaction,573,573,1,8,32,0.000,1.00,3.050,False,None,0.000,False
813.056,5,en_route_delivery,-2.007,-3.473,0.000,-3.500,joint_grid_transaction,573,573,2,9,30,0.000,1.00,1.264,False,None,0.000,False
813.056,6,en_route_pickup,-0.479,-1.993,3.000,1.500,joint_grid_transaction,573,573,1,9,37,0.000,1.00,0.088,False,None,0.000,False
813.056,7,en_route_delivery,-3.279,1.998,0.000,3.500,joint_grid_transaction,573,573,0,8,29,0.000,1.00,0.365,False,None,0.000,False
813.056,8,en_route_pickup,-2.187,3.002,3.000,1.500,joint_grid_transaction,573,573,2,9,35,0.000,1.00,0.098,False,None,0.000,False
815.104,1,en_route_pickup,4.441,-2.925,0.000,3.500,joint_grid_transaction,574,574,2,9,36,0.000,1.00,-2.607,False,None,0.000,False
815.104,2,en_route_pickup,-4.195,-0.882,3.000,-1.500,joint_grid_transaction,574,574,2,9,34,0.000,1.00,1.489,False,None,0.000,False
815.104,3,en_route_delivery,5.940,-2.968,-3.000,-1.500,joint_grid_transaction,574,574,2,9,33,0.000,1.00,-2.325,False,None,0.000,False
815.104,4,en_route_delivery,1.335,1.949,0.000,3.500,joint_grid_transaction,574,574,2,9,32,0.000,1.00,3.051,False,None,0.000,False
815.104,5,en_route_delivery,-1.900,-3.394,0.000,-3.500,joint_grid_transaction,574,574,1,8,30,0.000,1.00,0.644,False,joint_slot_deadline,815.604,False
815.104,6,en_route_pickup,-0.186,-1.967,3.000,1.500,joint_grid_transaction,574,574,2,9,37,0.000,1.00,0.089,False,None,0.000,False
815.104,7,en_route_delivery,-3.354,2.086,0.000,3.500,joint_grid_transaction,574,574,2,9,29,0.000,1.00,1.489,False,joint_slot_deadline,815.604,False
815.104,8,en_route_pickup,-1.891,3.031,3.000,1.500,joint_grid_transaction,574,574,2,9,35,0.000,1.00,0.095,False,None,0.000,False
817.152,1,en_route_pickup,4.329,-2.708,0.000,3.500,joint_grid_transaction,574,574,3,9,36,0.000,1.00,-1.997,False,None,0.000,False
817.152,2,en_route_pickup,-4.186,-1.101,3.000,-1.500,joint_grid_transaction,574,574,3,9,34,0.000,1.00,1.566,False,None,0.000,False
817.152,3,en_route_delivery,5.643,-2.993,-3.000,-1.500,joint_grid_transaction,574,574,3,9,33,0.000,1.00,-3.058,False,None,0.000,False
817.152,4,en_route_delivery,1.114,1.937,0.000,3.500,joint_grid_transaction,574,574,3,9,32,0.000,1.00,3.098,False,None,0.000,False
817.152,5,en_route_delivery,-1.659,-3.290,0.000,-3.500,joint_grid_transaction,574,574,3,8,30,0.000,1.00,0.240,False,None,0.000,False
817.152,6,en_route_pickup,0.056,-1.947,3.000,1.500,joint_grid_transaction,574,574,3,9,37,0.000,1.00,0.065,False,None,0.000,False
817.152,7,en_route_delivery,-3.393,2.272,0.000,3.500,joint_grid_transaction,574,574,3,9,29,0.000,1.00,1.833,False,None,0.000,False
817.152,8,en_route_pickup,-1.642,3.053,3.000,1.500,joint_grid_transaction,574,574,3,9,35,0.000,1.00,0.084,False,None,0.000,False
819.200,1,en_route_pickup,4.258,-2.344,0.000,3.500,joint_grid_transaction,575,575,2,9,36,0.000,1.00,-1.665,False,None,0.000,False
819.200,2,en_route_pickup,-4.185,-1.357,3.000,-1.500,joint_grid_transaction,575,575,2,9,34,0.000,1.00,1.582,False,None,0.000,False
819.200,3,en_route_delivery,5.322,-3.020,-3.000,-1.500,joint_grid_transaction,575,575,2,9,33,0.000,1.00,-3.059,False,None,0.000,False
819.200,4,en_route_delivery,0.886,1.934,0.000,3.500,joint_grid_transaction,575,575,2,9,32,0.000,1.00,-3.107,False,None,0.000,False
819.200,5,en_route_delivery,-1.305,-3.247,0.000,-3.500,joint_grid_transaction,575,575,2,8,30,0.000,1.00,0.093,False,None,0.000,False
819.200,6,en_route_pickup,0.279,-1.934,3.000,1.500,joint_grid_transaction,575,575,1,9,37,0.000,1.00,0.012,False,None,0.000,False
819.200,7,en_route_delivery,-3.477,2.642,0.000,3.500,joint_grid_transaction,575,575,2,8,29,0.000,1.00,1.685,False,None,0.000,False
819.200,8,en_route_pickup,-1.429,3.064,3.000,1.500,joint_grid_transaction,575,575,2,9,35,0.000,1.00,-0.001,False,None,0.000,False
821.248,1,en_route_pickup,4.229,-2.028,0.000,3.500,joint_grid_transaction,575,575,3,9,36,0.000,1.00,-1.662,False,None,0.000,False
821.248,2,en_route_pickup,-4.206,-1.680,3.000,-1.500,joint_grid_transaction,575,575,3,9,34,0.000,1.00,1.685,False,None,0.000,False
821.248,3,en_route_delivery,5.046,-3.043,-3.000,-1.500,joint_grid_transaction,575,575,3,9,33,0.000,1.00,-3.057,False,None,0.000,False
821.248,4,en_route_delivery,0.531,1.971,0.000,3.500,joint_grid_transaction,575,575,3,9,32,0.000,1.00,-3.033,False,None,0.000,False
821.248,5,en_route_delivery,-1.020,-3.219,0.000,-3.500,joint_grid_transaction,575,575,3,8,30,0.000,1.00,0.095,False,None,0.000,False
821.248,6,en_route_pickup,0.575,-1.947,3.000,1.500,joint_grid_transaction,575,575,3,9,37,0.000,1.00,0.080,False,None,0.000,False
821.248,7,en_route_delivery,-3.510,2.981,0.000,3.500,joint_grid_transaction,575,575,3,8,29,0.000,1.00,1.664,False,None,0.000,False
821.248,8,en_route_pickup,-1.160,3.063,3.000,1.500,joint_grid_transaction,575,575,3,9,35,0.000,1.00,0.007,False,None,0.000,False
823.296,1,en_route_pickup,4.204,-1.761,0.000,3.500,joint_grid_transaction,576,576,1,8,36,0.000,1.00,-1.661,False,None,0.000,False
823.296,2,en_route_pickup,-4.160,-1.852,3.000,-1.500,joint_grid_transaction,576,576,2,9,34,0.000,1.00,0.904,False,joint_slot_deadline,823.812,False
823.296,3,en_route_delivery,4.807,-3.060,-3.000,-1.500,joint_grid_transaction,576,576,2,9,33,0.000,1.00,-3.076,False,None,0.000,False
823.296,4,en_route_delivery,0.220,2.003,0.000,3.500,joint_grid_transaction,576,576,1,8,32,0.000,1.00,-3.044,False,joint_slot_deadline,823.812,False
823.296,5,en_route_delivery,-0.771,-3.195,0.000,-3.500,joint_grid_transaction,576,576,1,5,30,0.000,1.00,0.094,False,None,0.000,False
823.296,6,en_route_pickup,0.944,-1.988,3.000,1.500,joint_grid_transaction,576,576,2,9,37,0.000,1.00,0.104,False,None,0.000,False
823.296,7,en_route_delivery,-3.536,3.266,0.000,3.500,joint_grid_transaction,576,576,1,5,29,0.000,1.00,1.661,False,None,0.000,False
823.296,8,en_route_pickup,-0.849,3.048,3.000,1.500,joint_grid_transaction,576,576,2,9,35,0.000,1.00,0.092,False,None,0.000,False
825.344,1,en_route_pickup,4.187,-1.532,0.000,3.500,joint_grid_transaction,576,576,2,8,36,0.000,1.00,-1.644,False,None,0.000,False
825.344,2,en_route_pickup,-3.961,-1.928,3.000,-1.500,joint_grid_transaction,576,576,3,9,34,0.000,1.00,0.392,False,None,0.000,False
825.344,3,en_route_delivery,4.570,-3.063,-3.000,-1.500,joint_grid_transaction,576,576,3,9,33,0.000,1.00,3.133,False,None,0.000,False
825.344,4,en_route_delivery,0.182,2.048,0.000,3.500,joint_grid_transaction,576,576,2,8,32,0.000,0.70,-2.480,False,None,0.000,False
825.344,5,en_route_delivery,-0.548,-3.184,0.000,-3.500,joint_grid_transaction,576,576,2,5,30,0.000,1.00,0.060,False,None,0.000,False
825.344,6,en_route_pickup,1.259,-2.020,3.000,1.500,joint_grid_transaction,576,576,3,9,37,0.000,1.00,0.098,False,None,0.000,False
825.344,7,en_route_delivery,-3.555,3.469,0.000,3.500,joint_grid_transaction,576,576,2,5,29,0.000,1.00,1.663,False,None,0.000,False
825.344,8,en_route_pickup,-0.737,3.022,3.000,1.500,joint_grid_transaction,576,576,4,9,35,0.000,1.00,0.538,False,None,0.000,False
827.392,1,en_route_pickup,4.187,-1.292,0.000,3.500,joint_grid_transaction,577,577,2,9,36,0.000,1.00,-1.556,False,None,0.000,False
827.392,2,en_route_pickup,-3.860,-2.050,3.000,-1.500,joint_grid_transaction,577,577,1,9,34,0.000,1.00,1.292,False,None,0.000,False
827.392,3,en_route_delivery,4.255,-3.045,-3.000,-1.500,joint_grid_transaction,577,577,2,9,33,0.000,1.00,3.027,False,None,0.000,False
827.392,4,en_route_delivery,0.124,2.143,0.000,3.500,joint_grid_transaction,577,577,1,7,32,0.000,1.00,-2.105,False,joint_slot_deadline,827.540,False
827.392,5,en_route_pickup,-0.295,-3.191,3.000,-1.500,joint_grid_transaction,577,577,2,9,38,0.000,1.00,0.071,False,None,0.000,False
827.392,6,en_route_pickup,1.522,-2.044,3.000,1.500,joint_grid_transaction,577,577,2,9,37,0.000,1.00,0.090,False,None,0.000,False
827.392,7,en_route_delivery,-3.564,3.693,0.000,3.500,joint_grid_transaction,577,577,2,4,29,0.000,1.00,1.625,False,None,0.000,False
827.392,8,en_route_pickup,-0.716,3.023,3.000,1.500,joint_grid_transaction,577,577,2,9,35,0.000,1.00,0.404,False,joint_slot_deadline,827.540,False
829.440,1,en_route_pickup,4.213,-0.959,0.000,3.500,joint_grid_transaction,577,577,3,9,36,0.000,1.00,-1.431,False,None,0.000,False
829.440,2,en_route_pickup,-4.037,-2.000,3.000,-1.500,joint_grid_transaction,577,577,1,9,34,0.000,1.00,3.061,False,None,0.000,False
829.440,3,en_route_delivery,3.892,-3.006,-3.000,-1.500,joint_grid_transaction,577,577,4,9,33,0.000,1.00,3.044,False,None,0.000,False
829.440,4,en_route_delivery,0.028,2.406,0.000,3.500,joint_grid_transaction,577,577,3,7,32,0.000,1.00,-1.738,False,None,0.000,False
829.440,5,en_route_pickup,0.073,-3.232,3.000,-1.500,joint_grid_transaction,577,577,4,9,38,0.000,1.00,0.100,False,None,0.000,False
829.440,6,en_route_pickup,1.741,-2.064,3.000,1.500,joint_grid_transaction,577,577,3,9,37,0.000,1.00,0.056,False,None,0.000,False
829.440,7,en_route_delivery,-3.562,3.939,0.000,3.500,joint_grid_transaction,577,577,3,4,29,0.000,1.00,1.526,False,None,0.000,False
829.440,8,en_route_pickup,-0.795,2.958,3.000,1.500,joint_grid_transaction,577,577,4,9,35,0.000,1.00,1.996,False,None,0.000,False
831.488,1,en_route_pickup,4.239,-0.717,0.000,3.500,joint_grid_transaction,578,578,1,8,36,0.000,1.00,-1.472,False,joint_slot_deadline,831.540,False
831.488,2,en_route_pickup,-4.111,-1.919,3.000,-1.500,joint_grid_transaction,578,578,2,9,34,0.000,1.00,-2.394,False,joint_slot_deadline,831.540,False
831.488,3,en_route_delivery,3.582,-2.976,-3.000,-1.500,joint_grid_transaction,578,578,2,9,33,0.000,1.00,3.048,False,None,0.000,False
831.488,4,en_route_delivery,-0.008,2.751,0.000,3.500,joint_grid_transaction,578,578,2,5,32,0.000,1.00,-1.663,False,None,0.000,False
831.488,5,en_route_pickup,0.400,-3.264,3.000,-1.500,joint_grid_transaction,578,578,2,9,38,0.000,1.00,0.096,False,None,0.000,False
831.488,6,en_route_pickup,1.996,-2.061,3.000,1.500,joint_grid_transaction,578,578,2,9,37,0.000,1.00,0.029,False,None,0.000,False
831.488,7,en_route_delivery,-3.552,4.040,0.000,3.500,joint_grid_transaction,578,578,1,2,29,0.000,1.00,1.472,False,joint_window_endpoint,831.860,False
831.488,8,en_route_pickup,-0.862,2.917,3.000,1.500,joint_grid_transaction,578,578,2,9,35,0.000,1.00,2.454,False,joint_slot_deadline,831.540,False
833.536,1,en_route_pickup,4.270,-0.418,0.000,3.500,joint_grid_transaction,578,578,3,8,36,0.000,1.00,-1.471,False,None,0.000,False
833.536,2,en_route_pickup,-4.211,-1.627,3.000,-1.500,joint_grid_transaction,578,578,4,9,34,0.000,1.00,-1.776,False,None,0.000,False
833.536,3,en_route_delivery,3.320,-2.951,-3.000,-1.500,joint_grid_transaction,578,578,3,9,33,0.000,1.00,3.049,False,None,0.000,False
833.536,4,en_route_pickup,-0.023,2.920,-1.000,1.500,joint_grid_transaction,578,578,3,1,51,834.524,0.40,-1.648,False,None,0.000,False
833.536,5,en_route_pickup,0.678,-3.291,3.000,-1.500,joint_grid_transaction,578,578,3,9,38,0.000,1.00,0.094,False,None,0.000,False
833.536,6,en_route_pickup,2.354,-2.026,3.000,1.500,joint_grid_transaction,578,578,4,9,37,0.000,1.00,0.103,False,None,0.000,False
833.536,7,en_route_delivery,-3.552,4.040,0.000,3.500,joint_grid_transaction,578,578,1,2,29,0.000,1.00,1.472,False,joint_window_endpoint,833.940,False
833.536,8,en_route_pickup,-0.818,2.865,3.000,1.500,joint_grid_transaction,578,578,4,9,35,0.000,1.00,1.911,False,None,0.000,False
835.584,1,en_route_pickup,4.334,-0.046,0.000,3.500,joint_grid_transaction,581,581,1,4,36,0.000,1.00,-1.373,False,None,0.000,False
835.584,2,en_route_pickup,-4.244,-1.279,3.000,-1.500,joint_grid_transaction,581,581,1,7,34,0.000,1.00,-1.651,False,None,0.000,False
835.584,3,en_route_delivery,3.078,-2.929,-3.000,-1.500,joint_grid_transaction,581,581,1,6,33,0.000,1.00,3.055,False,None,0.000,False
835.584,4,en_route_pickup,-0.023,2.917,-1.000,1.500,joint_grid_transaction,581,581,1,2,51,836.028,0.40,-1.768,False,None,0.000,False
835.584,5,en_route_pickup,0.871,-3.126,3.000,-1.500,joint_grid_transaction,581,581,1,4,38,0.000,1.00,0.757,False,None,0.000,False
835.584,6,en_route_pickup,2.688,-1.995,3.000,1.500,joint_grid_transaction,581,581,1,12,37,0.000,1.00,0.089,False,None,0.000,False
835.584,7,en_route_delivery,-3.350,3.985,0.000,3.500,joint_grid_transaction,581,581,1,7,29,0.000,1.00,0.113,False,None,0.000,False
835.584,8,en_route_pickup,-0.648,2.762,3.000,1.500,joint_grid_transaction,581,581,1,9,35,0.000,1.00,0.627,False,None,0.000,False
837.632,1,en_route_pickup,4.410,0.330,0.000,3.500,joint_grid_transaction,581,581,1,4,36,0.000,1.00,-1.370,False,None,0.000,False
837.632,2,en_route_pickup,-4.271,-0.945,3.000,-1.500,joint_grid_transaction,581,581,1,7,34,0.000,1.00,-1.651,False,None,0.000,False
837.632,3,en_route_delivery,2.919,-2.950,-3.000,-1.500,joint_grid_transaction,581,581,2,6,33,0.000,1.00,-2.708,False,None,0.000,False
837.632,4,en_route_pickup,-0.023,2.917,-1.000,1.500,joint_grid_transaction,581,581,1,2,51,0.000,0.40,-1.772,False,None,0.000,False
837.632,5,en_route_pickup,1.115,-2.920,3.000,-1.500,joint_grid_transaction,581,581,2,4,38,0.000,1.00,0.579,False,None,0.000,False
837.632,6,en_route_pickup,3.010,-1.967,3.000,1.500,joint_grid_transaction,581,581,1,12,37,0.000,1.00,0.088,False,None,0.000,False
837.632,7,en_route_delivery,-3.017,4.014,0.000,3.500,joint_grid_transaction,581,581,1,7,29,0.000,1.00,0.083,False,None,0.000,False
837.632,8,en_route_pickup,-0.513,2.669,3.000,1.500,joint_grid_transaction,581,581,1,9,35,0.000,1.00,0.583,True,None,0.000,True
839.680,1,en_route_pickup,4.487,0.705,0.000,3.500,joint_grid_transaction,582,582,1,5,36,0.000,1.00,-1.370,False,None,0.000,False
839.680,2,en_route_pickup,-4.360,-0.871,3.000,-1.500,joint_grid_transaction,582,582,1,12,34,0.000,1.00,-2.853,False,None,0.000,False
839.680,3,en_route_delivery,2.748,-3.015,-3.000,-1.500,joint_grid_transaction,582,582,1,6,33,0.000,1.00,2.599,False,None,0.000,False
839.680,4,en_route_pickup,-0.023,2.917,-1.000,1.500,joint_grid_transaction,582,582,1,2,51,839.820,0.40,-1.776,True,None,0.000,True
839.680,5,en_route_pickup,1.414,-2.770,3.000,-1.500,joint_grid_transaction,582,582,1,2,38,0.000,1.00,0.623,False,None,0.000,False
839.680,6,en_route_pickup,3.320,-1.940,3.000,1.500,joint_grid_transaction,582,582,1,6,37,0.000,1.00,0.087,False,None,0.000,False
839.680,7,en_route_delivery,-2.794,3.899,0.000,3.500,joint_grid_transaction,582,582,2,8,29,0.000,1.00,0.651,False,None,0.000,False
839.680,8,en_route_pickup,-0.513,2.669,3.000,1.500,joint_grid_transaction,582,582,0,6,35,839.820,0.65,0.583,True,None,0.000,True
841.728,1,en_route_pickup,4.558,1.081,0.000,3.500,joint_grid_transaction,583,583,1,5,36,0.000,1.00,-1.404,False,None,0.000,False
841.728,2,en_route_pickup,-4.298,-1.040,3.000,-1.500,joint_grid_transaction,583,583,1,16,34,0.000,1.00,1.652,False,None,0.000,False
841.728,3,en_route_delivery,2.494,-2.901,-3.000,-1.500,joint_grid_transaction,583,583,2,6,33,0.000,1.00,2.920,False,None,0.000,False
841.728,4,en_route_pickup,-0.023,2.917,-1.000,1.500,joint_grid_transaction,583,583,1,2,51,841.820,0.40,-1.780,True,None,0.000,True
841.728,5,en_route_pickup,1.715,-2.534,3.000,-1.500,joint_grid_transaction,583,583,1,2,38,0.000,1.00,0.677,False,None,0.000,False
841.728,6,en_route_pickup,3.617,-1.914,3.000,1.500,joint_grid_transaction,583,583,1,6,37,0.000,1.00,0.086,False,None,0.000,False
841.728,7,en_route_delivery,-2.547,3.706,0.000,3.500,_priority_yield_direct,584,583,0,3,29,0.000,0.70,0.602,False,None,0.000,False
841.728,8,en_route_pickup,-0.513,2.669,3.000,1.500,joint_grid_transaction,583,583,0,6,35,841.820,0.65,0.583,True,None,0.000,True
843.776,1,en_route_pickup,4.621,1.459,0.000,3.500,joint_grid_transaction,583,583,1,5,36,0.000,1.00,-1.409,False,None,0.000,False
843.776,2,en_route_pickup,-4.317,-1.344,3.000,-1.500,joint_grid_transaction,583,583,1,16,34,0.000,1.00,1.636,False,None,0.000,False
843.776,3,en_route_delivery,2.435,-2.890,-3.000,-1.500,joint_grid_transaction,583,583,2,6,33,846.032,0.40,2.979,False,None,0.000,False
843.776,4,en_route_pickup,-0.023,2.917,-1.000,1.500,joint_grid_transaction,583,583,1,2,51,0.000,0.40,-1.780,True,None,0.000,True
843.776,5,en_route_pickup,2.013,-2.294,3.000,-1.500,joint_grid_transaction,583,583,1,2,38,0.000,1.00,0.678,False,None,0.000,False
843.776,6,en_route_pickup,3.891,-1.890,3.000,1.500,joint_grid_transaction,583,583,1,6,37,0.000,1.00,0.085,False,None,0.000,False
843.776,7,en_route_delivery,-2.388,3.607,0.000,3.500,_priority_yield_direct,584,583,0,3,29,0.000,0.70,0.525,False,None,0.000,False
843.776,8,en_route_pickup,-0.513,2.669,3.000,1.500,joint_grid_transaction,583,583,0,6,35,0.000,0.65,0.583,True,None,0.000,True
845.824,1,en_route_pickup,4.583,1.713,0.000,3.500,joint_grid_transaction,587,587,1,3,36,0.000,1.00,-2.151,False,None,0.000,False
845.824,2,en_route_pickup,-4.253,-1.475,3.000,-1.500,joint_grid_transaction,587,587,1,4,34,0.000,1.00,0.741,False,None,0.000,False
845.824,3,en_route_delivery,2.403,-2.886,-3.000,-1.500,joint_grid_transaction,587,587,1,9,33,846.032,0.40,3.042,False,None,0.000,False
845.824,4,en_route_pickup,-0.023,2.917,-1.000,1.500,joint_grid_transaction,587,587,1,2,51,0.000,0.40,-1.783,True,None,0.000,True
845.824,5,en_route_pickup,2.312,-2.054,3.000,-1.500,joint_grid_transaction,587,587,1,2,38,0.000,1.00,0.678,False,None,0.000,False
845.824,6,en_route_pickup,4.168,-1.818,3.000,1.500,joint_grid_transaction,587,587,1,2,37,0.000,1.00,0.426,False,None,0.000,False
845.824,7,en_route_delivery,-2.377,3.513,0.000,3.500,joint_grid_transaction,587,587,1,2,29,0.000,0.70,1.110,False,None,0.000,False
845.824,8,en_route_pickup,-0.513,2.669,3.000,1.500,joint_grid_transaction,587,587,0,6,35,0.000,0.65,0.583,True,None,0.000,True
847.872,1,en_route_pickup,4.354,2.019,0.000,3.500,joint_grid_transaction,587,587,1,3,36,0.000,1.00,-2.233,False,None,0.000,False
847.872,2,en_route_pickup,-3.945,-1.700,3.000,-1.500,joint_grid_transaction,587,587,1,4,34,0.000,1.00,0.596,False,None,0.000,False
847.872,3,en_route_delivery,2.240,-2.869,-3.000,-1.500,joint_grid_transaction,587,587,1,9,33,0.000,1.00,3.043,False,None,0.000,False
847.872,4,en_route_pickup,-0.024,2.917,-1.000,1.500,joint_grid_transaction,587,587,1,2,51,0.000,1.00,-1.793,True,None,0.000,True
847.872,5,en_route_delivery,2.610,-1.814,0.000,3.500,joint_grid_transaction,587,587,1,22,38,0.000,1.00,0.678,False,None,0.000,False
847.872,6,en_route_pickup,4.508,-1.643,3.000,1.500,joint_grid_transaction,587,587,1,2,37,0.000,1.00,0.489,False,None,0.000,False
847.872,7,en_route_delivery,-2.421,3.551,0.000,3.500,joint_grid_transaction,587,587,1,2,29,0.000,0.70,2.403,False,None,0.000,False
847.872,8,en_route_pickup,-0.514,2.668,3.000,1.500,_joint_stall_recovery,589,587,0,3,35,848.028,0.40,0.595,False,None,0.000,False
849.920,1,en_route_pickup,4.118,2.321,0.000,3.500,joint_grid_transaction,587,587,1,3,36,0.000,1.00,-2.234,False,None,0.000,False
849.920,2,en_route_pickup,-3.628,-1.915,3.000,-1.500,joint_grid_transaction,587,587,2,4,34,0.000,1.00,0.605,False,None,0.000,False
849.920,3,en_route_delivery,2.046,-2.855,-3.000,-1.500,joint_grid_transaction,587,587,1,9,33,0.000,1.00,3.101,False,None,0.000,False
849.920,4,en_route_pickup,-0.028,2.914,-1.000,1.500,joint_grid_transaction,587,587,1,2,51,0.000,1.00,-1.842,True,None,0.000,True
849.920,5,en_route_delivery,2.829,-1.638,0.000,3.500,joint_grid_transaction,587,587,2,22,38,0.000,1.00,0.678,False,None,0.000,False
849.920,6,en_route_pickup,4.751,-1.514,3.000,1.500,joint_grid_transaction,587,587,1,2,37,0.000,1.00,0.491,False,joint_window_endpoint,850.260,False
849.920,7,en_route_delivery,-2.475,3.587,0.000,3.500,joint_grid_transaction,587,587,1,2,29,0.000,0.70,-2.856,False,None,0.000,False
849.920,8,en_route_pickup,-0.518,2.666,3.000,1.500,_joint_stall_recovery,589,587,0,3,35,0.000,0.40,0.631,False,None,0.000,False
851.968,1,en_route_pickup,3.882,2.622,0.000,3.500,joint_grid_transaction,587,587,1,3,36,0.000,1.00,-2.234,False,None,0.000,False
851.968,2,en_route_pickup,-3.315,-2.136,3.000,-1.500,joint_grid_transaction,587,587,2,4,34,0.000,1.00,0.618,False,None,0.000,False
851.968,3,en_route_delivery,1.837,-2.867,-3.000,-1.500,joint_grid_transaction,587,587,1,9,33,0.000,1.00,-3.045,False,None,0.000,False
851.968,4,en_route_pickup,0.056,2.834,-1.000,1.500,_joint_stall_recovery,594,587,0,1,51,0.000,1.00,-0.083,False,None,0.000,False
851.968,5,en_route_delivery,2.829,-1.638,0.000,3.500,joint_grid_transaction,587,587,2,22,38,0.000,1.00,0.678,False,None,0.000,False
851.968,6,en_route_pickup,4.751,-1.514,3.000,1.500,joint_grid_transaction,587,587,1,2,37,0.000,1.00,0.491,False,joint_window_endpoint,852.340,False
851.968,7,en_route_delivery,-2.641,3.666,0.000,3.500,joint_grid_transaction,587,587,1,2,29,0.000,0.70,-2.610,False,None,0.000,False
851.968,8,en_route_pickup,-0.523,2.661,3.000,1.500,_joint_stall_recovery,589,587,0,3,35,0.000,0.40,0.680,False,None,0.000,False
854.016,1,en_route_pickup,3.646,2.924,0.000,3.500,joint_grid_transaction,587,587,1,3,36,0.000,1.00,-2.234,False,None,0.000,False
854.016,2,en_route_pickup,-3.003,-2.358,3.000,-1.500,joint_grid_transaction,587,587,2,4,34,0.000,1.00,0.619,False,None,0.000,False
854.016,3,en_route_delivery,1.594,-2.862,-3.000,-1.500,joint_grid_transaction,587,587,2,9,33,0.000,1.00,2.715,False,None,0.000,False
854.016,4,en_route_pickup,0.075,2.804,-1.000,1.500,_joint_stall_recovery,594,587,0,1,51,0.000,0.40,-0.595,False,None,0.000,False
854.016,5,en_route_delivery,2.829,-1.638,0.000,3.500,joint_grid_transaction,587,587,2,22,38,0.000,1.00,0.678,False,None,0.000,False
854.016,6,en_route_pickup,4.751,-1.514,3.000,1.500,joint_grid_transaction,587,587,1,2,37,0.000,1.00,0.491,False,joint_window_endpoint,854.420,False
854.016,7,en_route_delivery,-2.800,3.766,0.000,3.500,joint_grid_transaction,587,587,1,2,29,0.000,0.70,-2.567,False,None,0.000,False
854.016,8,en_route_pickup,-0.475,2.621,3.000,1.500,_command_reverse,597,587,0,1,35,0.000,0.65,0.604,False,None,0.000,False
856.064,1,en_route_pickup,3.410,3.226,0.000,3.500,joint_grid_transaction,587,587,1,3,36,0.000,1.00,-2.234,False,None,0.000,False
856.064,2,en_route_pickup,-2.692,-2.580,3.000,-1.500,joint_grid_transaction,587,587,2,4,34,0.000,1.00,0.619,False,None,0.000,False
856.064,3,en_route_delivery,1.264,-2.669,-3.000,-1.500,joint_grid_transaction,587,587,2,9,33,0.000,1.00,2.576,False,None,0.000,False
856.064,4,en_route_pickup,0.097,2.789,-1.000,1.500,_joint_stall_recovery,594,587,0,1,51,0.000,0.55,-0.643,False,None,0.000,False
856.064,5,en_route_delivery,2.917,-1.687,0.000,3.500,joint_grid_transaction,602,587,1,0,38,0.000,1.00,0.424,False,None,0.000,False
856.064,6,en_route_pickup,4.751,-1.514,3.000,1.500,joint_grid_transaction,587,587,1,2,37,0.000,1.00,0.491,False,None,0.000,False
856.064,7,en_route_delivery,-2.957,3.869,0.000,3.500,joint_grid_transaction,587,587,1,2,29,0.000,0.70,-2.559,False,None,0.000,False
856.064,8,en_route_pickup,-0.416,2.585,3.000,1.500,_command_reverse,597,587,0,1,35,0.000,1.00,0.503,False,None,0.000,False
858.112,1,en_route_pickup,3.166,3.319,0.000,3.500,joint_grid_transaction,607,607,1,3,36,0.000,1.00,-2.917,False,None,0.000,False
858.112,2,en_route_pickup,-2.464,-2.599,3.000,-1.500,joint_grid_transaction,607,607,1,5,34,0.000,1.00,0.207,False,None,0.000,False
858.112,3,en_route_delivery,0.964,-2.447,-3.000,-1.500,joint_grid_transaction,607,607,1,6,33,0.000,1.00,2.414,False,None,0.000,False
858.112,4,en_route_pickup,0.118,2.772,-1.000,1.500,joint_grid_transaction,607,607,1,2,51,858.332,0.40,-0.682,True,None,0.000,True
858.112,5,en_route_delivery,2.835,-1.741,0.000,3.500,joint_grid_transaction,607,607,1,13,38,0.000,1.00,2.115,False,None,0.000,False
858.112,6,en_route_pickup,4.693,-1.379,3.000,1.500,joint_grid_transaction,607,607,1,4,37,0.000,1.00,1.481,False,None,0.000,False
858.112,7,en_route_delivery,-3.114,3.972,0.000,3.500,joint_grid_transaction,607,607,1,2,29,0.000,0.70,-2.558,False,None,0.000,False
858.112,8,en_route_pickup,-0.392,2.567,3.000,1.500,joint_grid_transaction,607,607,1,6,35,858.332,0.65,0.548,True,None,0.000,True
860.160,1,en_route_pickup,2.789,3.385,0.000,3.500,joint_grid_transaction,608,608,1,3,36,0.000,1.00,-2.982,False,None,0.000,False
860.160,2,en_route_pickup,-2.288,-2.598,3.000,-1.500,joint_grid_transaction,608,608,1,5,34,0.000,1.00,0.031,False,None,0.000,False
860.160,3,en_route_delivery,0.658,-2.287,-3.000,-1.500,joint_grid_transaction,608,608,3,6,33,0.000,1.00,2.691,False,None,0.000,False
860.160,4,en_route_pickup,0.117,2.772,-1.000,1.500,joint_grid_transaction,608,608,1,2,51,860.332,0.40,-0.684,True,None,0.000,True
860.160,5,en_route_delivery,2.636,-1.961,0.000,3.500,joint_grid_transaction,608,608,2,16,38,0.000,1.00,2.148,False,None,0.000,False
860.160,6,en_route_pickup,4.815,-1.149,3.000,1.500,joint_grid_transaction,608,608,1,2,37,0.000,1.00,0.915,False,None,0.000,False
860.160,7,en_route_delivery,-3.249,4.062,0.000,3.500,joint_grid_transaction,608,608,1,2,29,0.000,0.70,-2.558,False,joint_window_endpoint,860.500,False
860.160,8,en_route_pickup,-0.392,2.567,3.000,1.500,joint_grid_transaction,608,608,0,3,35,860.332,0.65,0.548,True,None,0.000,True
862.208,1,en_route_pickup,2.411,3.446,0.000,3.500,joint_grid_transaction,609,609,1,3,36,0.000,1.00,-2.984,False,None,0.000,False
862.208,2,en_route_pickup,-1.960,-2.550,3.000,-1.500,joint_grid_transaction,609,609,1,9,34,0.000,1.00,0.128,False,None,0.000,False
862.208,3,en_route_delivery,0.508,-2.226,-3.000,-1.500,joint_grid_transaction,609,609,2,4,33,0.000,1.00,2.849,False,None,0.000,False
862.208,4,en_route_pickup,0.117,2.772,-1.000,1.500,joint_grid_transaction,609,609,1,2,51,862.332,0.40,-0.687,True,None,0.000,True
862.208,5,en_route_delivery,2.522,-2.282,0.000,3.500,joint_grid_transaction,609,609,3,13,38,0.000,1.00,1.863,False,None,0.000,False
862.208,6,en_route_pickup,5.056,-0.852,3.000,1.500,joint_grid_transaction,609,609,1,2,37,0.000,1.00,0.882,False,None,0.000,False
862.208,7,en_route_delivery,-3.250,4.062,0.000,3.500,joint_grid_transaction,609,609,1,2,29,0.000,0.70,-2.556,False,joint_window_endpoint,862.580,False
862.208,8,en_route_pickup,-0.392,2.567,3.000,1.500,joint_grid_transaction,609,609,0,3,35,862.332,0.65,0.548,True,None,0.000,True
864.256,1,en_route_pickup,2.034,3.511,0.000,3.500,joint_grid_transaction,610,610,1,3,36,0.000,1.00,-2.959,False,None,0.000,False
864.256,2,en_route_pickup,-1.844,-2.427,3.000,-1.500,joint_grid_transaction,610,610,1,4,34,0.000,1.00,0.835,False,None,0.000,False
864.256,3,en_route_delivery,0.316,-2.162,-3.000,-1.500,joint_grid_transaction,610,610,2,4,33,0.000,1.00,2.913,False,None,0.000,False
864.256,4,en_route_pickup,0.117,2.771,-1.000,1.500,joint_grid_transaction,610,610,1,2,51,864.332,0.40,-0.689,True,None,0.000,True
864.256,5,en_route_delivery,2.359,-2.498,0.000,3.500,joint_grid_transaction,610,610,2,10,38,0.000,1.00,2.077,False,None,0.000,False
864.256,6,en_route_pickup,5.299,-0.557,3.000,1.500,joint_grid_transaction,610,610,1,2,37,0.000,1.00,0.881,False,None,0.000,False
864.256,7,en_route_delivery,-3.251,4.063,0.000,3.500,joint_grid_transaction,610,610,1,2,29,0.000,0.70,-2.554,False,joint_window_endpoint,864.660,False
864.256,8,en_route_pickup,-0.392,2.567,3.000,1.500,joint_grid_transaction,610,610,0,3,35,864.332,0.65,0.548,True,None,0.000,True
866.304,1,en_route_pickup,1.889,3.538,0.000,3.500,joint_grid_transaction,611,611,1,0,36,0.000,1.00,-2.958,False,None,0.000,False
866.304,2,en_route_pickup,-1.699,-2.414,3.000,-1.500,joint_grid_transaction,611,611,2,5,34,0.000,1.00,0.263,False,None,0.000,False
866.304,3,en_route_delivery,0.105,-2.229,-3.000,-1.500,joint_grid_transaction,611,611,2,7,33,0.000,1.00,-2.517,False,None,0.000,False
866.304,4,en_route_pickup,0.117,2.771,-1.000,1.500,joint_grid_transaction,611,611,1,2,51,866.332,0.40,-0.692,True,None,0.000,True
866.304,5,en_route_delivery,2.130,-2.653,0.000,3.500,joint_grid_transaction,611,611,1,6,38,0.000,1.00,2.635,False,None,0.000,False
866.304,6,en_route_pickup,5.543,-0.261,3.000,1.500,joint_grid_transaction,611,611,1,2,37,0.000,1.00,0.881,False,None,0.000,False
866.304,7,en_route_delivery,-3.252,4.064,0.000,3.500,joint_grid_transaction,611,611,1,2,29,0.000,0.70,-2.553,False,joint_window_endpoint,866.740,False
866.304,8,en_route_pickup,-0.402,2.560,3.000,1.500,_joint_stall_recovery,613,611,0,1,35,0.000,1.00,0.645,False,None,0.000,False
868.352,1,en_route_pickup,1.559,3.601,0.000,3.500,joint_grid_transaction,611,611,1,0,36,0.000,1.00,-2.959,False,None,0.000,False
868.352,2,en_route_pickup,-1.367,-2.237,3.000,-1.500,joint_grid_transaction,611,611,2,5,34,0.000,1.00,0.565,False,None,0.000,False
868.352,3,en_route_delivery,-0.188,-2.474,-3.000,-1.500,joint_grid_transaction,611,611,2,7,33,0.000,1.00,-2.420,False,None,0.000,False
868.352,4,en_route_pickup,0.134,2.750,-1.000,1.500,_command_reverse,614,611,0,1,51,868.524,0.40,-0.739,False,None,0.000,False
868.352,5,en_route_delivery,1.791,-2.830,0.000,3.500,joint_grid_transaction,611,611,1,6,38,0.000,1.00,2.667,False,None,0.000,False
868.352,6,en_route_pickup,5.787,0.034,3.000,1.500,joint_grid_transaction,611,611,1,2,37,0.000,1.00,0.881,False,None,0.000,False
868.352,7,en_route_delivery,-3.252,4.064,0.000,3.500,joint_grid_transaction,611,611,1,2,29,0.000,0.70,-2.553,False,joint_window_endpoint,868.820,False
868.352,8,en_route_pickup,-0.496,2.506,3.000,1.500,_joint_stall_recovery,613,611,0,1,35,0.000,1.00,2.342,False,None,0.000,False
870.400,1,en_route_pickup,1.182,3.670,0.000,3.500,joint_grid_transaction,611,611,1,0,36,0.000,1.00,-2.959,False,None,0.000,False
870.400,2,en_route_pickup,-1.082,-2.108,3.000,-1.500,joint_grid_transaction,611,611,3,5,34,0.000,1.00,0.155,False,None,0.000,False
870.400,3,en_route_delivery,-0.475,-2.670,-3.000,-1.500,joint_grid_transaction,611,611,3,7,33,0.000,1.00,-2.770,False,None,0.000,False
870.400,4,en_route_pickup,0.237,2.651,-1.000,1.500,_command_reverse,614,611,0,1,51,0.000,0.45,-0.778,False,None,0.000,False
870.400,5,en_route_delivery,1.451,-3.005,0.000,3.500,joint_grid_transaction,611,611,1,6,38,0.000,1.00,2.667,False,None,0.000,False
870.400,6,en_route_pickup,6.030,0.329,3.000,1.500,joint_grid_transaction,611,611,1,2,37,0.000,1.00,0.881,False,None,0.000,False
870.400,7,en_route_delivery,-3.196,3.969,0.000,3.500,_joint_stall_recovery,618,611,4,9,29,0.000,1.00,1.392,False,None,0.000,False
870.400,8,en_route_pickup,-0.710,2.343,3.000,1.500,_joint_stall_recovery,613,611,0,1,35,0.000,0.75,2.553,False,None,0.000,False
872.448,1,en_route_pickup,0.894,3.714,0.000,3.500,joint_grid_transaction,611,611,2,0,36,0.000,1.00,-3.077,False,None,0.000,False
872.448,2,en_route_pickup,-0.964,-2.095,3.000,-1.500,_priority_yield_direct,620,611,0,2,34,0.000,0.45,0.095,False,None,0.000,False
872.448,3,en_route_delivery,-0.712,-2.786,-3.000,-1.500,joint_grid_transaction,611,611,4,7,33,0.000,0.75,-2.553,False,None,0.000,False
872.448,4,en_route_pickup,0.292,2.596,-1.000,1.500,_command_reverse,614,611,0,1,51,0.000,0.45,-0.784,False,None,0.000,False
872.448,5,en_route_delivery,1.110,-3.180,0.000,3.500,joint_grid_transaction,611,611,1,6,38,0.000,1.00,2.667,False,None,0.000,False
872.448,6,en_route_pickup,6.274,0.625,3.000,1.500,joint_grid_transaction,611,611,1,2,37,0.000,1.00,0.881,False,None,0.000,False
872.448,7,en_route_delivery,-2.978,3.828,0.000,3.500,_joint_stall_recovery,618,611,4,9,29,0.000,1.00,0.624,False,None,0.000,False
872.448,8,en_route_pickup,-0.890,2.225,3.000,1.500,joint_grid_transaction,613,611,0,0,35,0.000,0.75,2.569,False,None,0.000,False
874.496,1,en_route_pickup,0.727,3.718,0.000,3.500,joint_grid_transaction,632,632,1,7,36,0.000,1.00,2.880,False,None,0.000,False
874.496,2,en_route_pickup,-0.895,-2.088,3.000,-1.500,joint_grid_transaction,632,632,2,13,34,0.000,0.45,0.100,False,None,0.000,False
874.496,3,en_route_delivery,-0.852,-2.857,-3.000,-1.500,joint_grid_transaction,632,632,2,13,33,0.000,0.75,-2.763,False,None,0.000,False
874.496,4,en_route_pickup,0.345,2.550,-1.000,1.500,joint_grid_transaction,632,632,2,13,51,0.000,0.45,-0.760,False,None,0.000,False
874.496,5,en_route_delivery,0.813,-3.352,0.000,3.500,joint_grid_transaction,632,632,1,13,38,0.000,1.00,2.466,False,None,0.000,False
874.496,6,en_route_pickup,6.278,0.667,3.000,1.500,joint_grid_transaction,632,632,1,13,37,0.000,1.00,1.081,False,None,0.000,False
874.496,7,en_route_delivery,-2.699,3.631,0.000,3.500,joint_grid_transaction,632,632,1,6,29,0.000,1.00,0.608,False,None,0.000,False
874.496,8,en_route_pickup,-0.918,2.192,3.000,1.500,joint_grid_transaction,632,632,2,13,35,0.000,0.75,2.461,False,None,0.000,False
876.544,1,en_route_pickup,0.759,3.477,0.000,3.500,joint_grid_transaction,632,632,2,7,36,0.000,1.00,1.687,False,None,0.000,False
876.544,2,en_route_pickup,-0.806,-2.075,3.000,-1.500,joint_grid_transaction,632,632,2,13,34,0.000,0.45,0.172,False,None,0.000,False
876.544,3,en_route_delivery,-1.030,-2.841,-3.000,-1.500,joint_grid_transaction,632,632,2,13,33,0.000,0.75,3.041,False,None,0.000,False
876.544,4,en_route_pickup,0.371,2.569,-1.000,1.500,joint_grid_transaction,632,632,2,13,51,0.000,0.45,-0.512,False,None,0.000,False
876.544,5,en_route_delivery,0.943,-3.329,0.000,3.500,joint_grid_transaction,632,632,1,13,38,0.000,1.00,0.145,False,None,0.000,False
876.544,6,en_route_pickup,6.133,0.681,3.000,1.500,joint_grid_transaction,632,632,2,13,37,0.000,1.00,2.783,False,None,0.000,False
876.544,7,en_route_delivery,-2.834,3.649,0.000,3.500,joint_grid_transaction,632,632,2,6,29,0.000,1.00,2.934,False,None,0.000,False
876.544,8,en_route_pickup,-0.860,2.155,3.000,1.500,joint_grid_transaction,632,632,2,13,35,0.000,0.75,1.012,False,None,0.000,False
878.592,1,en_route_pickup,0.585,3.357,0.000,3.500,joint_grid_transaction,633,633,3,6,36,0.000,1.00,2.685,False,None,0.000,False
878.592,2,en_route_pickup,-0.781,-2.070,3.000,-1.500,joint_grid_transaction,633,633,1,12,34,0.000,1.00,0.195,False,None,0.000,False
878.592,3,en_route_delivery,-1.358,-2.783,-3.000,-1.500,joint_grid_transaction,633,633,3,13,33,0.000,1.00,3.003,False,None,0.000,False
878.592,4,en_route_pickup,0.431,2.546,-1.000,1.500,joint_grid_transaction,633,633,1,12,51,881.528,0.40,-0.324,False,None,0.000,False
878.592,5,en_route_delivery,1.190,-3.311,0.000,3.500,joint_grid_transaction,633,633,2,13,38,0.000,1.00,0.141,False,None,0.000,False
878.592,6,en_route_pickup,5.832,0.742,3.000,1.500,joint_grid_transaction,633,633,3,13,37,0.000,1.00,3.055,False,None,0.000,False
878.592,7,en_route_delivery,-3.108,3.546,0.000,3.500,joint_grid_transaction,633,633,3,7,29,0.000,1.00,2.930,False,None,0.000,False
878.592,8,en_route_pickup,-0.767,2.210,3.000,1.500,joint_grid_transaction,633,633,1,13,35,0.000,0.60,0.129,False,None,0.000,False
880.640,1,en_route_delivery,0.219,3.265,-1.000,1.500,joint_grid_transaction,633,633,4,1,36,0.000,1.00,3.041,False,None,0.000,False
880.640,2,en_route_pickup,-0.409,-2.013,3.000,-1.500,joint_grid_transaction,633,633,3,12,34,0.000,1.00,0.098,False,None,0.000,False
880.640,3,en_route_delivery,-1.709,-2.747,-3.000,-1.500,joint_grid_transaction,633,633,4,13,33,0.000,1.00,3.045,False,None,0.000,False
880.640,4,en_route_pickup,0.431,2.546,-1.000,1.500,joint_grid_transaction,633,633,1,12,51,881.528,0.40,-0.324,False,None,0.000,False
880.640,5,en_route_delivery,1.561,-3.262,0.000,3.500,joint_grid_transaction,633,633,4,13,38,0.000,1.00,0.099,False,None,0.000,False
880.640,6,en_route_pickup,5.511,0.769,3.000,1.500,joint_grid_transaction,633,633,4,13,37,0.000,1.00,3.056,False,None,0.000,False
880.640,7,en_route_delivery,-3.344,3.579,0.000,3.500,joint_grid_transaction,633,633,4,7,29,0.000,1.00,-2.454,False,None,0.000,False
880.640,8,en_route_pickup,-0.671,2.202,3.000,1.500,joint_grid_transaction,633,633,2,13,35,0.000,0.60,0.080,False,None,0.000,False
882.688,1,en_route_delivery,0.038,3.284,-1.000,1.500,joint_grid_transaction,636,635,2,8,36,0.000,1.00,-3.087,False,None,0.000,False
882.688,2,en_route_pickup,-0.179,-1.991,3.000,-1.500,joint_grid_transaction,636,635,2,9,34,0.000,1.00,0.101,False,None,0.000,False
882.688,3,en_route_delivery,-2.003,-2.719,-3.000,-1.500,joint_grid_transaction,636,635,2,9,33,0.000,1.00,3.049,False,None,0.000,False
882.688,4,en_route_pickup,0.547,2.520,-1.000,1.500,joint_grid_transaction,636,635,2,9,51,0.000,1.00,-0.060,False,None,0.000,False
882.688,5,en_route_delivery,1.820,-3.237,0.000,3.500,joint_grid_transaction,636,635,3,9,38,0.000,1.00,0.099,False,None,0.000,False
882.688,6,en_route_pickup,5.238,0.793,3.000,1.500,joint_grid_transaction,636,635,2,9,37,0.000,1.00,3.057,False,None,0.000,False
882.688,7,en_route_delivery,-3.380,3.664,0.000,3.500,joint_grid_transaction,636,635,2,4,29,0.000,1.00,-2.113,False,None,0.000,False
882.688,8,en_route_pickup,-0.570,2.194,3.000,1.500,joint_grid_transaction,636,635,1,9,35,0.000,1.00,0.083,False,None,0.000,False
884.736,1,en_route_delivery,-0.160,3.296,-1.000,1.500,joint_grid_transaction,636,636,2,8,36,0.000,1.00,-3.077,False,None,0.000,False
884.736,2,en_route_pickup,0.102,-1.963,3.000,-1.500,joint_grid_transaction,636,636,3,9,34,0.000,1.00,0.098,False,None,0.000,False
884.736,3,en_route_delivery,-2.251,-2.696,-3.000,-1.500,joint_grid_transaction,636,636,2,9,33,0.000,1.00,3.055,False,None,0.000,False
884.736,4,en_route_pickup,0.902,2.496,-1.000,1.500,joint_grid_transaction,636,636,3,9,51,0.000,1.00,-0.069,False,None,0.000,False
884.736,5,en_route_delivery,2.096,-3.210,0.000,3.500,joint_grid_transaction,636,636,3,9,38,0.000,1.00,0.097,False,None,0.000,False
884.736,6,en_route_pickup,5.007,0.812,3.000,1.500,joint_grid_transaction,636,636,2,9,37,0.000,1.00,3.082,False,None,0.000,False
884.736,7,en_route_delivery,-3.477,3.949,0.000,3.500,joint_grid_transaction,636,636,3,4,29,0.000,1.00,-1.712,False,None,0.000,False
884.736,8,en_route_pickup,-0.345,2.186,3.000,1.500,joint_grid_transaction,636,636,2,9,35,0.000,1.00,0.023,False,None,0.000,False
886.784,1,en_route_delivery,-0.402,3.310,-1.000,1.500,joint_grid_transaction,637,637,2,11,36,0.000,1.00,-3.081,False,None,0.000,False
886.784,2,en_route_pickup,0.332,-1.944,3.000,-1.500,joint_grid_transaction,637,637,2,13,34,0.000,1.00,0.060,False,None,0.000,False
886.784,3,en_route_delivery,-2.477,-2.684,-3.000,-1.500,joint_grid_transaction,637,637,2,9,33,0.000,1.00,3.082,False,None,0.000,False
886.784,4,en_route_pickup,1.078,2.491,-1.000,1.500,joint_grid_transaction,637,637,1,13,51,0.000,0.70,-0.516,False,None,0.000,False
886.784,5,en_route_delivery,2.318,-3.193,0.000,3.500,joint_grid_transaction,637,637,2,13,38,0.000,1.00,0.042,False,None,0.000,False
886.784,6,en_route_pickup,4.766,0.815,3.000,1.500,joint_grid_transaction,637,637,2,13,37,0.000,1.00,3.126,False,None,0.000,False
886.784,7,en_route_delivery,-3.487,4.033,0.000,3.500,joint_grid_transaction,637,637,1,2,29,0.000,1.00,-1.672,False,joint_window_endpoint,887.220,False
886.784,8,en_route_pickup,-0.138,2.185,3.000,1.500,joint_grid_transaction,637,637,2,13,35,0.000,0.70,0.028,False,None,0.000,False
888.832,1,en_route_delivery,-0.633,3.314,-1.000,1.500,joint_grid_transaction,638,638,2,9,36,0.000,1.00,3.117,False,None,0.000,False
888.832,2,en_route_pickup,0.551,-1.934,3.000,-1.500,joint_grid_transaction,638,638,2,9,34,0.000,1.00,0.007,False,None,0.000,False
888.832,3,en_route_delivery,-2.735,-2.691,-3.000,-1.500,joint_grid_transaction,638,638,1,7,33,0.000,1.00,-3.084,False,None,0.000,False
888.832,4,en_route_pickup,1.025,2.544,-1.000,1.500,joint_grid_transaction,638,638,1,9,51,0.000,0.55,-1.072,False,None,0.000,False
888.832,5,en_route_delivery,2.536,-3.183,0.000,3.500,joint_grid_transaction,638,638,1,9,38,0.000,1.00,0.009,False,None,0.000,False
888.832,6,en_route_pickup,4.499,0.810,3.000,1.500,joint_grid_transaction,638,638,1,9,37,0.000,1.00,-3.101,False,None,0.000,False
888.832,7,en_route_delivery,-3.487,4.034,0.000,3.500,joint_grid_transaction,638,638,1,2,29,0.000,1.00,-1.673,False,joint_window_endpoint,889.300,False
888.832,8,en_route_pickup,0.134,2.210,3.000,1.500,joint_grid_transaction,638,638,2,9,35,0.000,1.00,0.117,False,None,0.000,False
890.880,1,en_route_delivery,-0.819,3.240,-1.000,1.500,joint_grid_transaction,638,638,3,9,36,0.000,1.00,2.368,False,None,0.000,False
890.880,2,en_route_pickup,0.857,-1.948,3.000,-1.500,joint_grid_transaction,638,638,3,9,34,0.000,1.00,0.088,False,None,0.000,False
890.880,3,en_route_delivery,-2.841,-2.652,-3.000,-1.500,joint_grid_transaction,638,638,2,7,33,0.000,1.00,2.544,False,None,0.000,False
890.880,4,en_route_pickup,1.116,2.486,-1.000,1.500,_priority_yield_direct,639,638,0,3,51,0.000,0.45,-0.220,False,None,0.000,False
890.880,5,en_route_delivery,2.850,-3.201,0.000,3.500,joint_grid_transaction,638,638,3,9,38,0.000,1.00,0.101,False,None,0.000,False
890.880,6,en_route_pickup,4.386,0.929,3.000,1.500,joint_grid_transaction,638,638,3,9,37,0.000,1.00,2.135,False,None,0.000,False
890.880,7,en_route_delivery,-3.487,4.034,0.000,3.500,joint_grid_transaction,638,638,1,2,29,0.000,1.00,-1.673,False,joint_window_endpoint,891.220,False
890.880,8,en_route_pickup,0.435,2.244,3.000,1.500,joint_grid_transaction,638,638,3,9,35,0.000,0.75,0.095,False,None,0.000,False
892.928,1,en_route_delivery,-0.961,2.934,-1.000,1.500,joint_grid_transaction,638,638,5,9,36,0.000,1.00,1.790,False,None,0.000,False
892.928,2,en_route_pickup,1.228,-1.989,3.000,-1.500,joint_grid_transaction,638,638,4,9,34,0.000,1.00,0.095,False,None,0.000,False
892.928,3,en_route_delivery,-2.943,-2.395,-3.000,-1.500,joint_grid_transaction,638,638,4,7,33,0.000,1.00,1.867,False,None,0.000,False
892.928,4,en_route_pickup,1.105,2.450,-1.000,1.500,_command_reverse,644,638,0,1,51,0.000,0.40,-0.598,False,None,0.000,False
892.928,5,en_route_delivery,3.217,-3.241,0.000,3.500,joint_grid_transaction,638,638,4,9,38,0.000,1.00,0.098,False,None,0.000,False
892.928,6,en_route_pickup,4.270,1.286,3.000,1.500,joint_grid_transaction,638,638,4,9,37,0.000,1.00,1.700,False,None,0.000,False
892.928,7,en_route_delivery,-3.487,4.034,0.000,3.500,joint_grid_transaction,638,638,1,2,29,0.000,1.00,-1.673,False,joint_window_endpoint,893.300,False
892.928,8,en_route_pickup,0.590,2.259,3.000,1.500,joint_grid_transaction,638,638,4,9,35,0.000,0.65,0.104,True,None,0.000,True
894.976,1,en_route_delivery,-1.003,2.579,-1.000,1.500,joint_grid_transaction,638,638,6,9,36,0.000,1.00,1.664,False,None,0.000,False
894.976,2,en_route_pickup,1.547,-2.019,3.000,-1.500,joint_grid_transaction,638,638,6,9,34,0.000,1.00,0.092,False,None,0.000,False
894.976,3,en_route_pickup,-2.997,-2.031,-1.000,1.500,joint_grid_transaction,638,638,5,4,39,0.000,1.00,1.659,False,None,0.000,False
894.976,4,en_route_pickup,1.136,2.431,-1.000,1.500,_command_reverse,644,638,0,1,51,895.020,0.40,-0.528,False,None,0.000,False
894.976,5,en_route_delivery,3.530,-3.271,0.000,3.500,joint_grid_transaction,638,638,5,9,38,0.000,1.00,0.094,False,None,0.000,False
894.976,6,en_route_pickup,4.239,1.626,3.000,1.500,joint_grid_transaction,638,638,6,9,37,0.000,1.00,1.658,False,None,0.000,False
894.976,7,en_route_delivery,-3.438,3.966,0.000,3.500,_joint_stall_recovery,649,638,2,8,29,0.000,1.00,-0.624,False,None,0.000,False
894.976,8,en_route_pickup,0.492,2.206,3.000,1.500,_command_reverse,647,638,0,1,35,0.000,1.00,2.172,False,None,0.000,False
897.024,1,en_route_delivery,-1.030,2.281,-1.000,1.500,joint_grid_transaction,638,638,7,9,36,0.000,1.00,1.662,False,None,0.000,False
897.024,2,en_route_pickup,1.818,-2.043,3.000,-1.500,joint_grid_transaction,638,638,7,9,34,0.000,1.00,0.092,False,None,0.000,False
897.024,3,en_route_pickup,-3.024,-1.721,-1.000,1.500,joint_grid_transaction,638,638,6,4,39,0.000,1.00,1.657,False,None,0.000,False
897.024,4,en_route_pickup,1.267,2.366,-1.000,1.500,_command_reverse,644,638,0,1,51,0.000,0.45,-0.407,False,None,0.000,False
897.024,5,en_route_delivery,3.792,-3.296,0.000,3.500,joint_grid_transaction,638,638,6,9,38,0.000,1.00,0.094,False,None,0.000,False
897.024,6,en_route_pickup,4.170,1.838,3.000,1.500,joint_grid_transaction,638,638,7,9,37,0.000,1.00,2.234,False,None,0.000,False
897.024,7,en_route_delivery,-3.218,3.924,0.000,3.500,_joint_stall_recovery,649,638,3,8,29,0.000,1.00,-0.448,False,None,0.000,False
897.024,8,en_route_pickup,0.385,2.116,3.000,1.500,joint_grid_transaction,647,638,1,0,35,0.000,0.75,2.480,False,None,0.000,False
899.072,1,en_route_pickup,-1.052,2.028,6.000,-3.500,joint_grid_transaction,654,653,2,10,40,0.000,1.00,1.645,False,None,0.000,False
899.072,2,en_route_pickup,2.033,-2.060,3.000,-1.500,joint_grid_transaction,654,653,1,2,34,0.000,1.00,0.013,False,None,0.000,False
899.072,3,en_route_pickup,-3.079,-1.789,-1.000,1.500,joint_grid_transaction,654,653,1,5,39,0.000,1.00,2.569,False,None,0.000,False
899.072,4,en_route_pickup,1.479,2.294,-1.000,1.500,joint_grid_transaction,653,653,2,9,51,0.000,1.00,-0.218,False,None,0.000,False
899.072,5,en_route_delivery,4.011,-3.313,0.000,3.500,joint_grid_transaction,654,653,1,5,38,0.000,1.00,0.032,False,None,0.000,False
899.072,6,en_route_pickup,3.958,1.934,3.000,1.500,joint_grid_transaction,654,653,2,2,37,0.000,1.00,2.778,False,joint_slot_deadline,899.428,False
899.072,7,en_route_delivery,-3.075,3.742,0.000,3.500,joint_grid_transaction,654,653,2,2,29,0.000,1.00,-1.467,False,None,0.000,False
899.072,8,en_route_pickup,0.436,2.052,3.000,1.500,joint_grid_transaction,654,653,1,12,35,0.000,1.00,1.700,False,None,0.000,False
901.120,1,en_route_pickup,-1.029,2.153,6.000,-3.500,joint_grid_transaction,655,655,2,9,40,0.000,1.00,0.853,False,None,0.000,False
901.120,2,en_route_pickup,2.281,-1.990,3.000,-1.500,joint_grid_transaction,655,655,2,7,34,0.000,1.00,0.079,False,None,0.000,False
901.120,3,en_route_pickup,-3.234,-1.790,-1.000,1.500,joint_grid_transaction,654,654,1,5,39,901.524,1.00,3.075,False,None,0.000,False
901.120,4,en_route_pickup,1.569,2.192,-1.000,1.500,joint_grid_transaction,655,655,1,9,51,0.000,1.00,-1.229,False,None,0.000,False
901.120,5,en_route_delivery,4.037,-3.283,0.000,3.500,joint_grid_transaction,655,655,1,9,38,0.000,1.00,0.407,False,None,0.000,False
901.120,6,en_route_pickup,3.795,1.908,3.000,1.500,joint_grid_transaction,655,655,2,7,37,0.000,1.00,3.138,False,None,0.000,False
901.120,7,en_route_delivery,-3.282,3.777,0.000,3.500,joint_grid_transaction,655,655,1,4,29,0.000,1.00,-2.937,False,joint_slot_deadline,901.284,False
901.120,8,en_route_pickup,0.433,2.061,3.000,1.500,joint_grid_transaction,655,655,2,9,35,0.000,0.85,1.244,False,None,0.000,False
903.168,1,en_route_pickup,-0.996,2.454,6.000,-3.500,joint_grid_transaction,655,655,3,9,40,0.000,1.00,1.492,False,None,0.000,False
903.168,2,en_route_pickup,2.544,-1.967,3.000,-1.500,joint_grid_transaction,655,655,3,7,34,0.000,1.00,0.087,False,None,0.000,False
903.168,3,en_route_pickup,-3.310,-1.784,-1.000,1.500,joint_grid_transaction,654,654,1,5,39,0.000,1.00,3.066,False,None,0.000,False
903.168,4,en_route_pickup,1.502,2.258,-1.000,1.500,joint_grid_transaction,655,655,1,9,51,0.000,0.55,-2.682,False,None,0.000,False
903.168,5,en_route_delivery,4.176,-3.049,0.000,3.500,joint_grid_transaction,655,655,3,9,38,0.000,1.00,1.225,False,None,0.000,False
903.168,6,en_route_pickup,3.489,1.950,3.000,1.500,joint_grid_transaction,655,655,3,7,37,0.000,1.00,2.953,False,None,0.000,False
903.168,7,en_route_delivery,-3.358,3.901,0.000,3.500,joint_grid_transaction,655,655,3,4,29,0.000,1.00,2.150,False,None,0.000,False
903.168,8,en_route_pickup,0.379,2.153,3.000,1.500,_command_reverse,657,655,0,1,35,0.000,1.00,-2.529,False,None,0.000,False
905.216,1,en_route_pickup,-0.971,2.756,6.000,-3.500,joint_grid_transaction,665,655,4,9,40,0.000,1.00,1.472,False,None,0.000,False
905.216,2,en_route_delivery,2.784,-1.948,-6.000,3.500,joint_grid_transaction,665,655,4,9,34,0.000,1.00,0.025,False,None,0.000,False
905.216,3,en_route_pickup,-3.387,-1.778,-1.000,1.500,joint_grid_transaction,654,654,1,5,39,0.000,1.00,3.061,False,None,0.000,False
905.216,4,en_route_pickup,1.366,2.236,-1.000,1.500,joint_grid_transaction,665,655,2,9,51,0.000,0.55,-3.030,False,None,0.000,False
905.216,5,en_route_delivery,4.242,-2.683,0.000,3.500,joint_grid_transaction,665,655,5,9,38,0.000,1.00,1.476,False,None,0.000,False
905.216,6,en_route_delivery,3.233,1.978,6.000,3.500,joint_grid_transaction,665,655,5,9,37,0.000,1.00,-2.651,False,None,0.000,False
905.216,7,en_route_delivery,-3.430,4.045,0.000,3.500,joint_grid_transaction,665,655,3,2,29,0.000,1.00,1.963,False,joint_window_endpoint,905.620,False
905.216,8,en_route_pickup,0.406,2.412,3.000,1.500,joint_grid_transaction,665,655,0,9,35,0.000,1.00,-1.618,False,None,0.000,False
907.264,1,en_route_pickup,-0.748,2.726,6.000,-3.500,joint_grid_transaction,665,665,2,9,40,0.000,1.00,0.177,False,None,0.000,False
907.264,2,en_route_delivery,2.655,-1.968,-6.000,3.500,joint_grid_transaction,665,665,2,9,34,0.000,1.00,2.454,False,None,0.000,False
907.264,3,en_route_pickup,-3.590,-1.762,-1.000,1.500,joint_grid_transaction,654,654,1,5,39,907.524,1.00,3.061,False,None,0.000,False
907.264,4,en_route_pickup,1.481,2.201,-1.000,1.500,joint_grid_transaction,665,665,1,9,51,0.000,1.00,-0.805,False,None,0.000,False
907.264,5,en_route_delivery,4.272,-2.369,0.000,3.500,joint_grid_transaction,665,665,3,9,38,0.000,1.00,1.479,False,None,0.000,False
907.264,6,en_route_delivery,3.370,1.984,6.000,3.500,joint_grid_transaction,665,665,2,9,37,0.000,1.00,-0.381,False,None,0.000,False
907.264,7,en_route_delivery,-3.430,4.045,0.000,3.500,joint_grid_transaction,665,665,1,2,29,0.000,1.00,1.963,False,joint_window_endpoint,907.700,False
907.264,8,en_route_pickup,0.431,2.288,3.000,1.500,joint_grid_transaction,665,665,1,9,35,0.000,1.00,-0.838,False,None,0.000,False
909.312,1,en_route_pickup,-0.407,2.761,6.000,-3.500,joint_grid_transaction,666,666,3,9,40,0.000,1.00,0.089,False,None,0.000,False
909.312,2,en_route_delivery,2.389,-2.001,-6.000,3.500,joint_grid_transaction,666,666,2,8,34,0.000,1.00,3.038,False,None,0.000,False
909.312,3,en_route_pickup,-3.759,-1.750,-1.000,1.500,joint_grid_transaction,654,654,1,5,39,0.000,1.00,3.088,False,None,0.000,False
909.312,4,en_route_pickup,1.737,2.217,-1.000,1.500,joint_grid_transaction,666,666,2,9,51,0.000,1.00,-0.058,False,None,0.000,False
909.312,5,en_route_delivery,4.292,-2.150,0.000,3.500,joint_grid_transaction,666,666,2,8,38,0.000,1.00,1.476,False,None,0.000,False
909.312,6,en_route_delivery,3.605,1.965,6.000,3.500,joint_grid_transaction,666,666,2,8,37,0.000,1.00,-0.062,False,None,0.000,False
909.312,7,en_route_delivery,-3.431,4.045,0.000,3.500,joint_grid_transaction,666,666,1,2,29,0.000,1.00,1.967,False,joint_window_endpoint,909.780,False
909.312,8,en_route_pickup,0.577,2.125,3.000,1.500,joint_grid_transaction,666,666,3,9,35,0.000,1.00,-0.581,False,None,0.000,False
911.360,1,en_route_pickup,-0.119,2.787,6.000,-3.500,joint_grid_transaction,668,668,2,9,40,0.000,1.00,0.089,False,None,0.000,False
911.360,2,en_route_delivery,2.088,-2.030,-6.000,3.500,joint_grid_transaction,668,668,2,9,34,0.000,1.00,3.050,False,None,0.000,False
911.360,3,en_route_pickup,-3.874,-1.747,-1.000,1.500,joint_grid_transaction,654,654,1,5,39,0.000,1.00,3.126,False,None,0.000,False
911.360,4,en_route_pickup,2.005,2.200,-1.000,1.500,joint_grid_transaction,668,668,1,8,51,0.000,1.00,-0.067,False,None,0.000,False
911.360,5,en_route_delivery,4.309,-1.928,0.000,3.500,joint_grid_transaction,668,668,2,9,38,0.000,1.00,1.531,False,None,0.000,False
911.360,6,en_route_delivery,3.869,1.947,6.000,3.500,joint_grid_transaction,668,668,2,9,37,0.000,1.00,-0.069,False,None,0.000,False
911.360,7,en_route_delivery,-3.432,4.046,0.000,3.500,joint_grid_transaction,668,668,1,2,29,0.000,1.00,1.972,False,joint_window_endpoint,911.700,False
911.360,8,en_route_pickup,0.936,2.018,3.000,1.500,joint_grid_transaction,668,668,2,9,35,0.000,1.00,-0.107,False,None,0.000,False
913.408,1,en_route_pickup,0.123,2.806,6.000,-3.500,joint_grid_transaction,668,668,3,9,40,0.000,1.00,0.070,False,None,0.000,False
913.408,2,en_route_delivery,1.834,-2.053,-6.000,3.500,joint_grid_transaction,668,668,3,9,34,0.000,1.00,3.050,False,None,0.000,False
913.408,3,en_route_pickup,-4.031,-1.752,-1.000,1.500,joint_grid_transaction,654,654,1,5,39,0.000,1.00,-3.099,False,None,0.000,False
913.408,4,en_route_pickup,2.226,2.185,-1.000,1.500,joint_grid_transaction,668,668,2,8,51,0.000,1.00,-0.062,False,None,0.000,False
913.408,5,en_route_delivery,4.318,-1.711,0.000,3.500,joint_grid_transaction,668,668,2,9,38,0.000,1.00,1.581,False,None,0.000,False
913.408,6,en_route_delivery,4.095,1.937,6.000,3.500,joint_grid_transaction,668,668,3,9,37,0.000,1.00,-0.012,False,None,0.000,False
913.408,7,en_route_delivery,-3.403,4.017,0.000,3.500,_joint_stall_recovery,669,668,3,9,29,0.000,1.00,0.842,False,None,0.000,False
913.408,8,en_route_pickup,1.268,1.987,3.000,1.500,joint_grid_transaction,668,668,3,9,35,0.000,1.00,-0.092,False,None,0.000,False
915.456,1,en_route_pickup,0.345,2.815,6.000,-3.500,joint_grid_transaction,668,668,4,9,40,0.000,1.00,0.004,False,None,0.000,False
915.456,2,en_route_delivery,1.613,-2.063,-6.000,3.500,joint_grid_transaction,668,668,4,9,34,0.000,1.00,3.107,False,None,0.000,False
915.456,3,en_route_pickup,-4.345,-1.828,-1.000,1.500,joint_grid_transaction,654,654,1,5,39,0.000,1.00,-2.782,False,None,0.000,False
915.456,4,en_route_pickup,2.475,2.188,-1.000,1.500,joint_grid_transaction,668,668,3,8,51,0.000,1.00,-0.027,False,None,0.000,False
915.456,5,en_route_delivery,4.291,-1.380,0.000,3.500,joint_grid_transaction,668,668,4,9,38,0.000,1.00,1.683,False,None,0.000,False
915.456,6,en_route_delivery,4.338,1.935,6.000,3.500,joint_grid_transaction,668,668,4,9,37,0.000,1.00,-0.018,False,None,0.000,False
915.456,7,en_route_delivery,-3.217,3.927,0.000,3.500,_joint_stall_recovery,669,668,4,9,29,0.000,1.00,0.449,False,None,0.000,False
915.456,8,en_route_pickup,1.547,1.962,3.000,1.500,joint_grid_transaction,668,668,5,9,35,0.000,1.00,-0.092,False,None,0.000,False
917.504,1,en_route_pickup,0.634,2.806,6.000,-3.500,joint_grid_transaction,672,672,2,9,40,0.000,1.00,0.057,False,None,0.000,False
917.504,2,en_route_delivery,1.384,-2.066,-6.000,3.500,joint_grid_transaction,672,672,2,9,34,0.000,1.00,-3.107,False,None,0.000,False
917.504,3,en_route_pickup,-4.519,-1.881,-1.000,1.500,joint_grid_transaction,672,672,1,9,39,0.000,1.00,2.395,False,None,0.000,False
917.504,4,en_route_pickup,2.827,2.222,-1.000,1.500,joint_grid_transaction,672,672,2,9,51,0.000,1.00,-0.113,False,None,0.000,False
917.504,5,en_route_delivery,4.254,-1.019,0.000,3.500,joint_grid_transaction,672,672,1,8,38,0.000,1.00,1.669,False,None,0.000,False
917.504,6,en_route_delivery,4.674,1.962,6.000,3.500,joint_grid_transaction,672,672,2,9,37,0.000,1.00,-0.114,False,None,0.000,False
917.504,7,en_route_delivery,-2.963,3.739,0.000,3.500,joint_grid_transaction,672,672,1,5,29,0.000,1.00,0.857,False,None,0.000,False
917.504,8,en_route_pickup,1.776,1.942,3.000,1.500,joint_grid_transaction,672,672,1,8,35,0.000,1.00,-0.047,False,None,0.000,False
919.552,1,en_route_pickup,0.992,2.766,6.000,-3.500,joint_grid_transaction,672,672,3,9,40,0.000,1.00,0.100,False,None,0.000,False
919.552,2,en_route_delivery,1.029,-2.029,-6.000,3.500,joint_grid_transaction,672,672,3,9,34,0.000,1.00,-3.032,False,None,0.000,False
919.552,3,en_route_pickup,-4.408,-1.833,-1.000,1.500,joint_grid_transaction,672,672,3,9,39,0.000,1.00,0.931,False,None,0.000,False
919.552,4,en_route_pickup,3.172,2.256,-1.000,1.500,joint_grid_transaction,672,672,3,9,51,0.000,1.00,-0.094,False,None,0.000,False
919.552,5,en_route_delivery,4.231,-0.797,0.000,3.500,joint_grid_transaction,672,672,2,8,38,0.000,1.00,1.671,False,None,0.000,False
919.552,6,en_route_delivery,4.976,1.996,6.000,3.500,joint_grid_transaction,672,672,3,9,37,0.000,1.00,-0.103,False,None,0.000,False
919.552,7,en_route_delivery,-3.099,3.765,0.000,3.500,joint_grid_transaction,672,672,2,5,29,0.000,1.00,2.880,False,None,0.000,False
919.552,8,en_route_pickup,1.993,1.932,3.000,1.500,joint_grid_transaction,672,672,2,8,35,0.000,0.85,-0.040,False,None,0.000,False
921.600,1,en_route_pickup,1.281,2.738,6.000,-3.500,joint_grid_transaction,673,673,1,8,40,0.000,1.00,0.095,False,joint_slot_deadline,921.796,False
921.600,2,en_route_delivery,0.719,-1.997,-6.000,3.500,joint_grid_transaction,673,673,2,9,34,0.000,1.00,-3.041,False,joint_slot_deadline,921.796,False
921.600,3,en_route_pickup,-4.274,-1.484,-1.000,1.500,joint_grid_transaction,673,673,2,9,39,0.000,1.00,1.421,False,None,0.000,False
921.600,4,en_route_pickup,3.466,2.283,-1.000,1.500,joint_grid_transaction,673,673,2,9,51,0.000,1.00,-0.090,False,None,0.000,False
921.600,5,en_route_delivery,4.205,-0.533,0.000,3.500,joint_grid_transaction,673,673,2,9,38,0.000,1.00,1.667,False,None,0.000,False
921.600,6,en_route_delivery,5.276,2.026,6.000,3.500,joint_grid_transaction,673,673,2,9,37,0.000,1.00,-0.096,False,None,0.000,False
921.600,7,en_route_delivery,-3.316,3.789,0.000,3.500,joint_grid_transaction,673,673,2,4,29,0.000,1.00,-2.459,False,None,0.000,False
921.600,8,en_route_pickup,2.132,1.936,3.000,1.500,joint_grid_transaction,673,673,2,7,35,0.000,1.00,-0.046,False,None,0.000,False
923.648,1,en_route_pickup,1.528,2.714,6.000,-3.500,joint_grid_transaction,673,673,2,8,40,0.000,1.00,0.096,False,None,0.000,False
923.648,2,en_route_delivery,0.463,-1.970,-6.000,3.500,joint_grid_transaction,673,673,3,9,34,0.000,1.00,-3.039,False,None,0.000,False
923.648,3,en_route_pickup,-4.241,-1.163,-1.000,1.500,joint_grid_transaction,673,673,4,9,39,0.000,1.00,1.486,False,None,0.000,False
923.648,4,en_route_pickup,3.715,2.306,-1.000,1.500,joint_grid_transaction,673,673,3,9,51,0.000,1.00,-0.090,False,None,0.000,False
923.648,5,en_route_delivery,4.188,-0.301,0.000,3.500,joint_grid_transaction,673,673,3,9,38,0.000,1.00,1.640,False,None,0.000,False
923.648,6,en_route_delivery,5.509,2.050,6.000,3.500,joint_grid_transaction,673,673,3,9,37,0.000,1.00,-0.096,False,None,0.000,False
923.648,7,en_route_delivery,-3.443,4.040,0.000,3.500,joint_grid_transaction,673,673,3,4,29,0.000,1.00,-1.892,False,joint_window_endpoint,924.020,False
923.648,8,en_route_pickup,2.495,1.976,3.000,1.500,joint_grid_transaction,673,673,3,7,35,0.000,1.00,-0.107,False,None,0.000,False
925.696,1,en_route_pickup,1.712,2.696,6.000,-3.500,joint_grid_transaction,675,675,1,9,40,0.000,0.40,0.085,False,None,0.000,False
925.696,2,en_route_delivery,0.225,-1.948,-6.000,3.500,joint_grid_transaction,675,675,1,9,34,0.000,1.00,-3.073,False,None,0.000,False
925.696,3,en_route_pickup,-4.218,-0.895,-1.000,1.500,joint_grid_transaction,675,675,2,9,39,0.000,1.00,1.482,False,None,0.000,False
925.696,4,en_route_pickup,3.780,2.307,-1.000,1.500,joint_grid_transaction,675,675,1,9,51,0.000,0.55,-0.334,False,None,0.000,False
925.696,5,en_route_delivery,4.188,-0.060,0.000,3.500,joint_grid_transaction,675,675,2,9,38,0.000,1.00,1.541,False,None,0.000,False
925.696,6,en_route_delivery,5.736,2.064,6.000,3.500,joint_grid_transaction,675,675,1,8,37,0.000,1.00,-0.057,False,None,0.000,False
925.696,7,en_route_delivery,-3.444,4.041,0.000,3.500,joint_grid_transaction,675,675,1,2,29,0.000,1.00,-1.900,False,joint_window_endpoint,926.100,False
925.696,8,en_route_delivery,2.730,2.001,0.000,-3.500,joint_grid_transaction,675,675,0,8,35,0.000,0.40,-0.229,False,None,0.000,False
927.744,1,en_route_pickup,1.785,2.724,6.000,-3.500,joint_grid_transaction,676,676,2,9,40,0.000,1.00,0.674,False,None,0.000,False
927.744,2,en_route_delivery,-0.004,-1.934,-6.000,3.500,joint_grid_transaction,676,676,1,9,34,0.000,1.00,-3.108,False,None,0.000,False
927.744,3,en_route_pickup,-4.197,-0.644,-1.000,1.500,joint_grid_transaction,676,676,2,9,39,0.000,1.00,1.486,False,None,0.000,False
927.744,4,en_route_pickup,3.691,2.252,-1.000,1.500,joint_grid_transaction,676,676,2,9,51,0.000,1.00,-2.126,False,None,0.000,False
927.744,5,en_route_delivery,4.222,0.283,0.000,3.500,joint_grid_transaction,676,676,2,9,38,0.000,1.00,1.445,False,None,0.000,False
927.744,6,en_route_delivery,5.840,2.101,6.000,3.500,joint_grid_transaction,676,676,2,8,37,0.000,1.00,-0.547,False,joint_slot_deadline,928.292,False
927.744,7,en_route_delivery,-3.445,4.042,0.000,3.500,joint_grid_transaction,676,676,1,2,29,0.000,1.00,-1.904,False,joint_window_endpoint,928.180,False
927.744,8,en_route_delivery,2.645,2.076,0.000,-3.500,joint_grid_transaction,676,676,2,9,35,0.000,1.00,-1.883,False,None,0.000,False
929.792,1,en_route_pickup,2.050,2.917,6.000,-3.500,joint_grid_transaction,676,676,4,9,40,0.000,1.00,0.482,False,None,0.000,False
929.792,2,en_route_delivery,-0.278,-1.944,-6.000,3.500,joint_grid_transaction,676,676,2,9,34,0.000,1.00,3.074,False,None,0.000,False
929.792,3,en_route_pickup,-4.185,-0.433,-1.000,1.500,joint_grid_transaction,676,676,3,9,39,0.000,1.00,1.570,False,None,0.000,False
929.792,4,en_route_pickup,3.414,2.255,-1.000,1.500,joint_grid_transaction,676,676,3,9,51,0.000,1.00,-3.055,False,None,0.000,False
929.792,5,en_route_delivery,4.249,0.533,0.000,3.500,joint_grid_transaction,676,676,3,9,38,0.000,1.00,1.476,False,None,0.000,False
929.792,6,en_route_delivery,5.909,2.279,6.000,3.500,joint_grid_transaction,676,676,3,8,37,0.000,1.00,-1.111,False,None,0.000,False
929.792,7,en_route_delivery,-3.445,4.042,0.000,3.500,joint_grid_transaction,676,676,1,2,29,0.000,1.00,-1.904,False,joint_window_endpoint,930.260,False
929.792,8,en_route_delivery,2.412,2.021,0.000,-3.500,joint_grid_transaction,676,676,3,9,35,0.000,1.00,-3.082,False,None,0.000,False
931.840,1,en_route_pickup,2.287,2.982,6.000,-3.500,joint_grid_transaction,678,678,2,9,40,0.000,1.00,0.168,False,None,0.000,False
931.840,2,en_route_delivery,-0.625,-1.983,-6.000,3.500,joint_grid_transaction,678,678,3,9,34,0.000,1.00,3.038,False,None,0.000,False
931.840,3,en_route_pickup,-4.194,-0.144,-1.000,1.500,joint_grid_transaction,678,678,3,9,39,0.000,1.00,1.627,False,None,0.000,False
931.840,4,en_route_pickup,3.139,2.232,-1.000,1.500,joint_grid_transaction,678,678,3,9,51,0.000,1.00,-3.055,False,None,0.000,False
931.840,5,en_route_delivery,4.277,0.836,0.000,3.500,joint_grid_transaction,678,678,3,9,38,0.000,1.00,1.478,False,None,0.000,False
931.840,6,en_route_delivery,5.990,2.624,6.000,3.500,joint_grid_transaction,678,678,3,6,37,0.000,1.00,-1.477,False,None,0.000,False
931.840,7,en_route_delivery,-3.446,4.043,0.000,3.500,joint_grid_transaction,678,678,1,2,29,0.000,1.00,-1.908,False,joint_window_endpoint,932.180,False
931.840,8,en_route_delivery,2.141,2.038,0.000,-3.500,joint_grid_transaction,678,678,3,9,35,0.000,1.00,-3.073,False,None,0.000,False
933.888,1,en_route_pickup,2.475,3.141,6.000,-3.500,joint_grid_transaction,678,678,4,9,40,0.000,1.00,0.484,False,None,0.000,False
933.888,2,en_route_delivery,-0.953,-2.015,-6.000,3.500,joint_grid_transaction,678,678,4,9,34,0.000,1.00,3.047,False,None,0.000,False
933.888,3,en_route_pickup,-4.233,0.227,-1.000,1.500,joint_grid_transaction,678,678,4,9,39,0.000,1.00,1.670,False,None,0.000,False
933.888,4,en_route_pickup,2.861,2.208,-1.000,1.500,joint_grid_transaction,678,678,4,9,51,0.000,1.00,-3.054,False,None,0.000,False
933.888,5,en_route_delivery,4.301,1.092,0.000,3.500,joint_grid_transaction,678,678,4,9,38,0.000,1.00,1.479,False,None,0.000,False
933.888,6,en_route_pickup,6.018,2.950,3.000,1.500,joint_grid_transaction,678,678,4,3,42,0.000,1.00,-1.486,False,None,0.000,False
933.888,7,en_route_delivery,-3.340,3.977,0.000,3.500,_joint_stall_recovery,679,678,4,9,29,0.000,1.00,-0.053,False,None,0.000,False
933.888,8,en_route_delivery,1.888,2.056,0.000,-3.500,joint_grid_transaction,678,678,4,9,35,0.000,1.00,-3.073,False,None,0.000,False
935.936,1,en_route_pickup,2.839,3.236,6.000,-3.500,joint_grid_transaction,678,678,6,9,40,0.000,1.00,0.093,False,None,0.000,False
935.936,2,en_route_delivery,-1.230,-2.041,-6.000,3.500,joint_grid_transaction,678,678,5,9,34,0.000,1.00,3.050,False,None,0.000,False
935.936,3,en_route_pickup,-4.265,0.553,-1.000,1.500,joint_grid_transaction,678,678,6,9,39,0.000,1.00,1.665,False,None,0.000,False
935.936,4,en_route_pickup,2.626,2.191,-1.000,1.500,joint_grid_transaction,678,678,5,9,51,0.000,1.00,-3.080,False,None,0.000,False
935.936,5,en_route_delivery,4.314,1.298,0.000,3.500,joint_grid_transaction,678,678,4,9,38,0.000,1.00,1.567,False,None,0.000,False
935.936,6,en_route_pickup,6.042,3.227,3.000,1.500,joint_grid_transaction,678,678,5,3,42,0.000,1.00,-1.486,False,None,0.000,False
935.936,7,en_route_delivery,-3.062,3.841,0.000,3.500,_joint_stall_recovery,679,678,4,9,29,0.000,1.00,-0.529,False,None,0.000,False
935.936,8,en_route_delivery,1.667,2.065,0.000,-3.500,joint_grid_transaction,678,678,5,9,35,0.000,1.00,3.136,False,None,0.000,False
937.984,1,en_route_pickup,3.124,3.262,6.000,-3.500,joint_grid_transaction,682,682,3,9,40,0.000,1.00,0.093,False,None,0.000,False
937.984,2,en_route_delivery,-1.464,-2.062,-6.000,3.500,joint_grid_transaction,682,682,2,9,34,0.000,1.00,3.055,False,None,0.000,False
937.984,3,en_route_pickup,-4.290,0.829,-1.000,1.500,joint_grid_transaction,682,682,3,9,39,0.000,1.00,1.664,False,None,0.000,False
937.984,4,en_route_pickup,2.400,2.185,-1.000,1.500,joint_grid_transaction,682,682,3,9,51,0.000,1.00,3.125,False,None,0.000,False
937.984,5,en_route_delivery,4.313,1.567,0.000,3.500,joint_grid_transaction,682,682,3,9,38,0.000,1.00,1.582,False,None,0.000,False
937.984,6,en_route_pickup,5.894,3.219,3.000,1.500,joint_grid_transaction,682,682,2,9,42,0.000,1.00,-2.887,False,None,0.000,False
937.984,7,en_route_delivery,-3.132,3.817,0.000,3.500,joint_grid_transaction,682,682,2,5,29,0.000,1.00,-2.545,False,None,0.000,False
937.984,8,en_route_delivery,1.348,2.045,0.000,-3.500,joint_grid_transaction,682,682,3,9,35,0.000,1.00,3.034,False,None,0.000,False
940.032,1,en_route_pickup,3.297,3.238,6.000,-3.500,joint_grid_transaction,682,682,4,9,40,0.000,1.00,0.672,False,None,0.000,False
940.032,2,en_route_delivery,-1.699,-2.063,-6.000,3.500,joint_grid_transaction,682,682,3,9,34,0.000,1.00,-3.132,False,None,0.000,False
940.032,3,en_route_pickup,-4.308,1.051,-1.000,1.500,joint_grid_transaction,682,682,4,9,39,0.000,1.00,1.604,False,None,0.000,False
940.032,4,en_route_pickup,2.065,2.212,-1.000,1.500,joint_grid_transaction,682,682,4,9,51,0.000,1.00,3.029,False,None,0.000,False
940.032,5,en_route_delivery,4.292,1.894,0.000,3.500,joint_grid_transaction,682,682,4,9,38,0.000,1.00,1.673,False,None,0.000,False
940.032,6,en_route_pickup,5.547,3.259,3.000,1.500,joint_grid_transaction,682,682,3,9,42,0.000,1.00,-3.054,False,None,0.000,False
940.032,7,en_route_delivery,-3.326,3.819,0.000,3.500,joint_grid_transaction,682,682,3,5,29,0.000,1.00,2.508,False,None,0.000,False
940.032,8,en_route_delivery,0.983,2.006,0.000,-3.500,joint_grid_transaction,682,682,4,9,35,0.000,1.00,3.046,False,None,0.000,False
942.080,1,en_route_pickup,3.560,3.221,6.000,-3.500,joint_grid_transaction,683,683,3,9,40,0.000,1.00,0.061,False,None,0.000,False
942.080,2,en_route_delivery,-2.017,-2.043,-6.000,3.500,joint_grid_transaction,683,683,2,9,34,0.000,1.00,-3.018,False,None,0.000,False
942.080,3,en_route_pickup,-4.317,1.277,-1.000,1.500,joint_grid_transaction,683,683,2,9,39,0.000,1.00,1.578,False,None,0.000,False
942.080,4,en_route_pickup,2.144,2.350,-1.000,1.500,joint_grid_transaction,683,683,2,9,51,0.000,1.00,1.275,False,None,0.000,False
942.080,5,en_route_delivery,4.107,1.944,0.000,3.500,joint_grid_transaction,683,683,3,9,38,0.000,1.00,2.846,False,None,0.000,False
942.080,6,en_route_pickup,5.391,3.163,3.000,1.500,joint_grid_transaction,683,683,2,9,42,0.000,1.00,2.267,False,None,0.000,False
942.080,7,en_route_delivery,-3.362,3.905,0.000,3.500,joint_grid_transaction,683,683,3,4,29,0.000,1.00,2.139,False,None,0.000,False
942.080,8,en_route_delivery,1.080,1.976,0.000,-3.500,joint_grid_transaction,683,683,2,9,35,0.000,1.00,0.749,False,None,0.000,False
944.128,1,en_route_pickup,3.834,3.203,6.000,-3.500,joint_grid_transaction,684,684,2,9,40,0.000,1.00,0.069,False,None,0.000,False
944.128,2,en_route_delivery,-2.379,-2.005,-6.000,3.500,joint_grid_transaction,684,684,2,9,34,0.000,1.00,-3.045,False,None,0.000,False
944.128,3,en_route_pickup,-4.299,1.583,-1.000,1.500,joint_grid_transaction,684,684,2,9,39,0.000,1.00,1.469,False,None,0.000,False
944.128,4,en_route_pickup,2.228,2.720,-1.000,1.500,joint_grid_transaction,684,684,2,9,51,0.000,1.00,1.454,False,None,0.000,False
944.128,5,en_route_delivery,3.747,1.998,0.000,3.500,joint_grid_transaction,684,684,2,9,38,0.000,1.00,3.048,False,None,0.000,False
944.128,6,en_route_pickup,5.277,2.832,3.000,1.500,joint_grid_transaction,684,684,2,9,42,0.000,1.00,1.720,False,None,0.000,False
944.128,7,en_route_delivery,-3.431,4.043,0.000,3.500,joint_grid_transaction,684,684,1,2,29,0.000,1.00,1.961,False,joint_window_endpoint,944.500,False
944.128,8,en_route_delivery,1.306,1.979,0.000,-3.500,joint_grid_transaction,684,684,2,9,35,0.000,1.00,0.078,False,None,0.000,False
946.176,1,en_route_pickup,4.064,3.190,6.000,-3.500,joint_grid_transaction,684,684,3,9,40,0.000,1.00,0.024,False,None,0.000,False
946.176,2,en_route_delivery,-2.687,-1.975,-6.000,3.500,joint_grid_transaction,684,684,3,9,34,0.000,1.00,-3.048,False,None,0.000,False
946.176,3,en_route_pickup,-4.216,1.824,-1.000,1.500,joint_grid_transaction,684,684,3,9,39,0.000,1.00,0.835,False,None,0.000,False
946.176,4,en_route_pickup,2.258,2.997,-1.000,1.500,joint_grid_transaction,684,684,3,9,51,0.000,1.00,1.467,False,None,0.000,False
946.176,5,en_route_delivery,3.516,2.021,0.000,3.500,joint_grid_transaction,684,684,3,9,38,0.000,1.00,3.045,False,None,0.000,False
946.176,6,en_route_pickup,5.173,2.633,3.000,1.500,joint_grid_transaction,684,684,4,9,42,0.000,1.00,2.296,False,None,0.000,False
946.176,7,en_route_delivery,-3.431,4.043,0.000,3.500,joint_grid_transaction,684,684,1,2,29,0.000,1.00,1.961,False,joint_window_endpoint,946.580,False
946.176,8,en_route_delivery,1.524,1.964,0.000,-3.500,joint_grid_transaction,684,684,3,9,35,0.000,1.00,0.380,False,None,0.000,False
948.224,1,en_route_pickup,4.267,3.183,6.000,-3.500,joint_grid_transaction,686,686,2,9,40,0.000,1.00,0.018,False,None,0.000,False
948.224,2,en_route_delivery,-2.949,-1.951,-6.000,3.500,joint_grid_transaction,686,686,2,9,34,0.000,1.00,-3.049,False,None,0.000,False
948.224,3,en_route_pickup,-4.127,1.882,-1.000,1.500,joint_grid_transaction,686,686,3,9,39,0.000,1.00,0.522,False,None,0.000,False
948.224,4,en_route_pickup,2.400,2.997,-1.000,1.500,joint_grid_transaction,686,686,2,9,51,0.000,1.00,0.187,False,None,0.000,False
948.224,5,en_route_delivery,3.252,2.046,0.000,3.500,joint_grid_transaction,686,686,2,9,38,0.000,1.00,3.048,False,None,0.000,False
948.224,6,en_route_pickup,5.095,2.508,3.000,1.500,joint_grid_transaction,686,686,2,8,42,0.000,1.00,2.028,False,None,0.000,False
948.224,7,en_route_delivery,-3.431,4.044,0.000,3.500,joint_grid_transaction,686,686,1,2,29,0.000,1.00,1.966,False,joint_window_endpoint,948.660,False
948.224,8,en_route_delivery,1.629,2.108,0.000,-3.500,joint_grid_transaction,686,686,3,9,35,0.000,1.00,1.034,False,None,0.000,False
950.272,1,en_route_pickup,4.538,3.198,6.000,-3.500,joint_grid_transaction,688,688,1,8,40,0.000,1.00,0.099,False,joint_slot_deadline,950.788,False
950.272,2,en_route_delivery,-3.173,-1.937,-6.000,3.500,joint_grid_transaction,688,688,2,9,34,0.000,1.00,-3.082,False,None,0.000,False
950.272,3,en_route_pickup,-3.765,1.983,-1.000,1.500,joint_grid_transaction,688,688,2,9,39,0.000,1.00,0.104,False,None,0.000,False
950.272,4,en_route_pickup,2.726,3.025,-1.000,1.500,joint_grid_transaction,688,688,2,9,51,0.000,1.00,0.071,False,None,0.000,False
950.272,5,en_route_delivery,3.021,2.063,0.000,3.500,joint_grid_transaction,688,688,1,8,38,0.000,1.00,3.071,False,None,0.000,False
950.272,6,en_route_pickup,4.948,2.373,3.000,1.500,joint_grid_transaction,688,688,2,9,42,0.000,1.00,2.489,False,None,0.000,False
950.272,7,en_route_delivery,-3.432,4.045,0.000,3.500,joint_grid_transaction,688,688,1,2,29,0.000,1.00,1.971,False,joint_window_endpoint,950.740,False
950.272,8,en_route_delivery,1.729,2.441,0.000,-3.500,joint_grid_transaction,688,688,2,9,35,0.000,0.55,1.450,False,None,0.000,False
952.320,1,en_route_pickup,4.815,3.229,6.000,-3.500,joint_grid_transaction,688,688,3,8,40,0.000,1.00,0.102,False,None,0.000,False
952.320,2,en_route_delivery,-3.412,-1.937,-6.000,3.500,joint_grid_transaction,688,688,3,9,34,0.000,1.00,3.101,False,None,0.000,False
952.320,3,en_route_pickup,-3.485,2.012,-1.000,1.500,joint_grid_transaction,688,688,3,9,39,0.000,1.00,0.100,False,None,0.000,False
952.320,4,en_route_pickup,2.985,3.045,-1.000,1.500,joint_grid_transaction,688,688,3,9,51,0.000,1.00,0.078,False,None,0.000,False
952.320,5,en_route_delivery,2.793,2.063,0.000,3.500,joint_grid_transaction,688,688,2,8,38,0.000,1.00,-3.125,False,None,0.000,False
952.320,6,en_route_pickup,4.696,2.286,3.000,1.500,joint_grid_transaction,688,688,3,9,42,0.000,1.00,2.933,False,None,0.000,False
952.320,7,en_route_delivery,-3.410,4.025,0.000,3.500,_joint_stall_recovery,689,688,3,9,29,0.000,1.00,0.917,False,None,0.000,False
952.320,8,en_route_delivery,1.765,2.538,0.000,-3.500,joint_grid_transaction,688,688,3,9,35,0.000,0.70,0.965,False,None,0.000,False
954.368,1,en_route_pickup,5.146,3.262,6.000,-3.500,joint_grid_transaction,688,688,4,8,40,0.000,1.00,0.097,False,None,0.000,False
954.368,2,en_route_delivery,-3.771,-1.975,-6.000,3.500,joint_grid_transaction,688,688,4,9,34,0.000,1.00,3.031,False,None,0.000,False
954.368,3,en_route_pickup,-3.210,2.039,-1.000,1.500,joint_grid_transaction,688,688,4,9,39,0.000,1.00,0.098,False,None,0.000,False
954.368,4,en_route_pickup,3.222,3.063,-1.000,1.500,joint_grid_transaction,688,688,4,9,51,0.000,1.00,0.075,False,None,0.000,False
954.368,5,en_route_delivery,2.456,2.035,0.000,3.500,joint_grid_transaction,688,688,3,8,38,0.000,1.00,-3.005,False,None,0.000,False
954.368,6,en_route_pickup,4.343,2.246,3.000,1.500,joint_grid_transaction,688,688,5,9,42,0.000,1.00,3.049,False,None,0.000,False
954.368,7,en_route_delivery,-3.230,3.932,0.000,3.500,_joint_stall_recovery,689,688,4,9,29,0.000,1.00,0.432,False,None,0.000,False
954.368,8,en_route_delivery,1.927,2.796,0.000,-3.500,joint_grid_transaction,688,688,4,9,35,0.000,1.00,1.159,False,None,0.000,False
956.416,1,en_route_pickup,5.427,3.289,6.000,-3.500,joint_grid_transaction,688,688,5,8,40,0.000,1.00,0.094,False,None,0.000,False
956.416,2,en_route_delivery,-4.109,-2.009,-6.000,3.500,joint_grid_transaction,688,688,6,9,34,0.000,1.00,3.045,False,None,0.000,False
956.416,3,en_route_pickup,-2.984,2.059,-1.000,1.500,joint_grid_transaction,688,688,5,9,39,0.000,1.00,0.054,False,None,0.000,False
956.416,4,en_route_pickup,3.400,3.136,-1.000,1.500,joint_grid_transaction,688,688,6,9,51,0.000,1.00,0.437,False,None,0.000,False
956.416,5,en_route_delivery,2.102,1.999,0.000,3.500,joint_grid_transaction,688,688,5,8,38,0.000,1.00,-3.046,False,None,0.000,False
956.416,6,en_route_pickup,4.046,2.219,3.000,1.500,joint_grid_transaction,688,688,6,9,42,0.000,1.00,3.052,False,None,0.000,False
956.416,7,en_route_delivery,-2.898,3.743,0.000,3.500,_joint_stall_recovery,689,688,4,9,29,0.000,1.00,0.546,False,None,0.000,False
956.416,8,en_route_delivery,2.103,2.903,0.000,-3.500,joint_grid_transaction,688,688,6,9,35,957.532,0.40,0.457,False,None,0.000,False
958.464,1,en_route_pickup,5.666,3.309,6.000,-3.500,joint_grid_transaction,695,695,2,9,40,0.000,1.00,0.080,False,None,0.000,False
958.464,2,en_route_delivery,-4.369,-2.033,-6.000,3.500,joint_grid_transaction,695,695,3,9,34,0.000,1.00,3.045,False,None,0.000,False
958.464,3,en_route_pickup,-2.755,2.068,-1.000,1.500,joint_grid_transaction,695,695,2,9,39,0.000,1.00,0.036,False,None,0.000,False
958.464,4,en_route_pickup,3.541,3.192,-1.000,1.500,joint_grid_transaction,695,695,2,8,51,0.000,1.00,0.323,False,None,0.000,False
958.464,5,en_route_delivery,1.879,1.977,0.000,3.500,joint_grid_transaction,695,695,2,8,38,0.000,1.00,-3.044,False,None,0.000,False
958.464,6,en_route_pickup,3.793,2.196,3.000,1.500,joint_grid_transaction,695,695,2,8,42,0.000,1.00,3.052,False,None,0.000,False
958.464,7,en_route_delivery,-2.981,3.729,0.000,3.500,joint_grid_transaction,695,695,1,5,29,0.000,1.00,2.656,False,None,0.000,False
958.464,8,en_route_delivery,2.207,2.943,0.000,-3.500,joint_grid_transaction,695,695,1,8,35,0.000,1.00,0.292,False,None,0.000,False
960.512,1,en_route_pickup,5.762,3.297,6.000,-3.500,joint_grid_transaction,696,696,2,8,40,0.000,1.00,0.633,False,None,0.000,False
960.512,2,en_route_delivery,-4.614,-2.055,-6.000,3.500,joint_grid_transaction,696,696,3,9,34,0.000,1.00,3.059,False,None,0.000,False
960.512,3,en_route_pickup,-2.468,2.051,-1.000,1.500,joint_grid_transaction,696,696,2,9,39,0.000,1.00,0.118,False,None,0.000,False
960.512,4,en_route_pickup,3.871,3.246,-1.000,1.500,joint_grid_transaction,696,696,3,9,51,0.000,1.00,0.093,False,None,0.000,False
960.512,5,en_route_delivery,1.626,1.953,0.000,3.500,joint_grid_transaction,696,696,3,9,38,0.000,1.00,-3.044,False,None,0.000,False
960.512,6,en_route_pickup,3.600,2.187,3.000,1.500,joint_grid_transaction,696,696,2,7,42,0.000,0.85,3.092,False,None,0.000,False
960.512,7,en_route_delivery,-3.249,3.713,0.000,3.500,joint_grid_transaction,696,696,2,5,29,0.000,1.00,3.082,False,None,0.000,False
960.512,8,en_route_delivery,2.532,2.995,0.000,-3.500,joint_grid_transaction,696,696,3,9,35,0.000,1.00,0.099,False,joint_slot_deadline,960.996,False
962.560,1,en_route_pickup,5.876,3.169,6.000,-3.500,joint_grid_transaction,697,697,1,8,40,0.000,1.00,0.982,False,joint_slot_deadline,962.788,False
962.560,2,en_route_delivery,-4.827,-2.065,-6.000,3.500,joint_grid_transaction,697,697,2,9,34,0.000,1.00,-3.140,False,None,0.000,False
962.560,3,en_route_pickup,-2.100,2.010,-1.000,1.500,joint_grid_transaction,697,697,2,8,39,0.000,1.00,0.099,False,None,0.000,False
962.560,4,en_route_pickup,4.068,3.210,-1.000,1.500,joint_grid_transaction,697,697,2,9,51,0.000,1.00,0.693,False,None,0.000,False
962.560,5,en_route_delivery,1.411,1.939,0.000,3.500,joint_grid_transaction,697,697,2,9,38,0.000,1.00,-3.115,False,None,0.000,False
962.560,6,en_route_pickup,3.412,2.183,3.000,1.500,joint_grid_transaction,697,697,2,6,42,0.000,1.00,-3.111,False,None,0.000,False
962.560,7,en_route_delivery,-3.375,3.820,0.000,3.500,joint_grid_transaction,697,697,2,4,29,0.000,1.00,-2.292,False,joint_slot_deadline,962.788,False
962.560,8,en_route_delivery,2.534,2.995,0.000,-3.500,joint_grid_transaction,697,697,2,9,35,0.000,1.00,0.109,False,joint_slot_deadline,962.788,False
964.608,1,en_route_pickup,5.976,2.858,6.000,-3.500,joint_grid_transaction,697,697,3,8,40,0.000,1.00,1.438,False,None,0.000,False
964.608,2,en_route_delivery,-5.106,-2.060,-6.000,3.500,joint_grid_transaction,697,697,3,9,34,0.000,1.00,-3.110,False,None,0.000,False
964.608,3,en_route_pickup,-1.784,1.980,-1.000,1.500,joint_grid_transaction,697,697,3,8,39,0.000,1.00,0.095,False,None,0.000,False
964.608,4,en_route_pickup,4.206,2.917,-1.000,1.500,joint_grid_transaction,697,697,4,9,51,0.000,1.00,1.335,False,None,0.000,False
964.608,5,en_route_delivery,1.189,1.933,0.000,3.500,joint_grid_transaction,697,697,3,9,38,0.000,1.00,3.125,False,None,0.000,False
964.608,6,en_route_pickup,3.203,2.184,3.000,1.500,joint_grid_transaction,697,697,3,6,42,0.000,1.00,2.641,False,None,0.000,False
964.608,7,en_route_delivery,-3.452,4.038,0.000,3.500,joint_grid_transaction,697,697,3,4,29,0.000,1.00,-1.848,False,joint_window_endpoint,964.980,False
964.608,8,en_route_delivery,2.604,3.003,0.000,-3.500,joint_grid_transaction,697,697,4,9,35,0.000,0.70,0.093,False,None,0.000,False
966.656,1,en_route_pickup,6.005,2.586,6.000,-3.500,joint_grid_transaction,698,698,3,9,40,0.000,1.00,1.472,False,None,0.000,False
966.656,2,en_route_delivery,-5.437,-2.027,-6.000,3.500,joint_grid_transaction,698,698,3,9,34,0.000,1.00,-3.037,False,None,0.000,False
966.656,3,en_route_pickup,-1.517,1.954,-1.000,1.500,joint_grid_transaction,698,698,2,6,39,0.000,1.00,0.093,False,None,0.000,False
966.656,4,en_route_pickup,4.250,2.584,-1.000,1.500,joint_grid_transaction,698,698,3,9,51,0.000,1.00,1.467,False,None,0.000,False
966.656,5,en_route_delivery,0.849,1.963,0.000,3.500,joint_grid_transaction,698,698,3,9,38,0.000,1.00,3.031,False,None,0.000,False
966.656,6,en_route_delivery,3.137,2.074,0.000,-3.500,joint_grid_transaction,698,698,3,9,42,0.000,1.00,2.131,False,None,0.000,False
966.656,7,en_route_delivery,-3.452,4.038,0.000,3.500,joint_grid_transaction,698,698,1,2,29,0.000,1.00,-1.852,False,joint_window_endpoint,967.060,False
966.656,8,en_route_delivery,2.647,3.007,0.000,-3.500,joint_grid_transaction,698,698,3,9,35,0.000,0.55,0.090,False,None,0.000,False
968.704,1,en_route_pickup,6.033,2.296,6.000,-3.500,joint_grid_transaction,701,701,2,9,40,0.000,1.00,1.479,False,None,0.000,False
968.704,2,en_route_delivery,-5.777,-1.993,-6.000,3.500,joint_grid_transaction,701,701,1,8,34,0.000,1.00,-3.045,False,None,0.000,False
968.704,3,en_route_delivery,-1.285,1.937,6.000,-3.500,joint_grid_transaction,701,701,1,8,39,0.000,1.00,0.072,False,None,0.000,False
968.704,4,en_route_pickup,4.270,2.484,-1.000,1.500,joint_grid_transaction,701,701,2,9,51,0.000,1.00,1.095,False,None,0.000,False
968.704,5,en_route_delivery,0.493,2.000,0.000,3.500,joint_grid_transaction,701,701,1,8,38,0.000,1.00,3.044,False,None,0.000,False
968.704,6,en_route_delivery,3.120,1.981,0.000,-3.500,joint_grid_transaction,701,701,2,9,42,0.000,1.00,0.551,False,None,0.000,False
968.704,7,en_route_delivery,-3.454,4.040,0.000,3.500,joint_grid_transaction,701,701,1,2,29,0.000,1.00,-1.859,False,joint_window_endpoint,969.140,False
968.704,8,en_route_delivery,2.754,3.017,0.000,-3.500,joint_grid_transaction,701,701,1,9,35,0.000,1.00,0.093,False,None,0.000,False
970.752,1,en_route_pickup,6.055,2.062,6.000,-3.500,joint_grid_transaction,702,702,1,8,40,0.000,1.00,1.477,False,None,0.000,False
970.752,2,en_route_delivery,-5.856,-1.915,-6.000,3.500,joint_grid_transaction,702,702,2,9,34,0.000,1.00,-2.433,False,joint_slot_deadline,971.796,False
970.752,3,en_route_delivery,-1.207,1.935,6.000,-3.500,joint_grid_transaction,702,702,2,9,39,0.000,1.00,0.014,False,joint_slot_deadline,971.796,False
970.752,4,en_route_pickup,4.496,2.334,-1.000,1.500,joint_grid_transaction,702,702,2,9,51,0.000,1.00,0.418,False,None,0.000,False
970.752,5,en_route_delivery,0.284,2.021,0.000,3.500,joint_grid_transaction,702,702,1,8,38,0.000,1.00,3.041,False,None,0.000,False
970.752,6,en_route_delivery,3.393,1.967,0.000,-3.500,joint_grid_transaction,702,702,2,9,42,0.000,1.00,0.062,False,None,0.000,False
970.752,7,en_route_delivery,-3.454,4.041,0.000,3.500,joint_grid_transaction,702,702,1,2,29,0.000,1.00,-1.862,False,joint_window_endpoint,971.220,False
970.752,8,en_route_delivery,3.026,3.042,0.000,-3.500,joint_grid_transaction,702,702,1,9,35,0.000,1.00,0.090,False,None,0.000,False
972.800,1,en_route_pickup,6.064,1.840,6.000,-3.500,joint_grid_transaction,702,702,2,8,40,0.000,1.00,1.538,False,None,0.000,False
972.800,2,en_route_delivery,-5.894,-1.800,-6.000,3.500,joint_grid_transaction,702,702,3,9,34,0.000,1.00,-2.028,False,None,0.000,False
972.800,3,en_route_delivery,-1.206,1.935,6.000,-3.500,joint_grid_transaction,702,702,3,9,39,0.000,1.00,0.014,False,joint_slot_deadline,972.996,False
972.800,4,en_route_pickup,4.713,2.273,-1.000,1.500,joint_grid_transaction,702,702,3,9,51,0.000,1.00,0.141,False,None,0.000,False
972.800,5,en_route_delivery,0.155,2.088,0.000,3.500,joint_grid_transaction,702,702,2,8,38,0.000,1.00,2.471,False,None,0.000,False
972.800,6,en_route_delivery,3.660,1.949,0.000,-3.500,joint_grid_transaction,702,702,3,9,42,0.000,1.00,0.070,False,None,0.000,False
972.800,7,en_route_delivery,-3.454,4.041,0.000,3.500,joint_grid_transaction,702,702,1,2,29,0.000,1.00,-1.862,False,joint_window_endpoint,973.140,False
972.800,8,en_route_delivery,3.253,3.061,0.000,-3.500,joint_grid_transaction,702,702,2,9,35,0.000,1.00,0.054,False,None,0.000,False
974.848,1,en_route_pickup,6.064,1.601,6.000,-3.500,joint_grid_transaction,702,702,3,8,40,0.000,1.00,1.607,False,None,0.000,False
974.848,2,en_route_delivery,-5.986,-1.435,-6.000,3.500,joint_grid_transaction,702,702,5,9,34,0.000,1.00,-1.668,False,None,0.000,False
974.848,3,en_route_delivery,-0.959,1.950,6.000,-3.500,joint_grid_transaction,702,702,5,9,39,0.000,1.00,0.101,False,joint_slot_deadline,975.396,False
974.848,4,en_route_pickup,5.033,2.242,-1.000,1.500,joint_grid_transaction,702,702,5,9,51,0.000,1.00,0.081,False,joint_slot_deadline,975.396,False
974.848,5,en_route_delivery,0.053,2.347,0.000,3.500,joint_grid_transaction,702,702,4,8,38,0.000,1.00,1.847,False,None,0.000,False
974.848,6,en_route_delivery,3.892,1.938,0.000,-3.500,joint_grid_transaction,702,702,4,9,42,0.000,1.00,0.047,False,None,0.000,False
974.848,7,en_route_delivery,-3.387,3.970,0.000,3.500,_joint_stall_recovery,705,702,3,9,29,0.000,1.00,-0.450,False,None,0.000,False
974.848,8,en_route_delivery,3.489,3.068,0.000,-3.500,joint_grid_transaction,702,702,3,9,35,0.000,1.00,0.045,False,None,0.000,False
976.896,1,en_route_pickup,6.027,1.245,6.000,-3.500,joint_grid_transaction,702,702,4,8,40,0.000,1.00,1.682,False,None,0.000,False
976.896,2,en_route_delivery,-6.016,-1.109,-6.000,3.500,joint_grid_transaction,702,702,6,9,34,0.000,1.00,-1.661,False,None,0.000,False
976.896,3,en_route_delivery,-0.689,1.980,6.000,-3.500,joint_grid_transaction,702,702,7,9,39,0.000,1.00,0.100,False,None,0.000,False
976.896,4,en_route_pickup,5.030,2.186,-1.000,1.500,joint_grid_transaction,702,702,7,9,51,0.000,1.00,0.709,False,None,0.000,False
976.896,5,en_route_delivery,0.002,2.709,0.000,3.500,joint_grid_transaction,702,702,5,8,38,0.000,1.00,1.661,False,None,0.000,False
976.896,6,en_route_delivery,4.032,1.925,0.000,-3.500,joint_grid_transaction,702,702,5,9,42,0.000,1.00,0.407,False,None,0.000,False
976.896,7,en_route_delivery,-3.148,3.890,0.000,3.500,_joint_stall_recovery,705,702,4,9,29,0.000,1.00,-0.501,False,None,0.000,False
976.896,8,en_route_delivery,3.764,3.055,0.000,-3.500,joint_grid_transaction,702,702,4,9,35,0.000,1.00,0.090,False,None,0.000,False
978.944,1,en_route_pickup,5.993,0.904,6.000,-3.500,joint_grid_transaction,713,713,2,9,40,0.000,1.00,1.668,False,None,0.000,False
978.944,2,en_route_delivery,-6.037,-0.883,-6.000,3.500,joint_grid_transaction,713,713,2,9,34,0.000,1.00,-1.663,False,None,0.000,False
978.944,3,en_route_delivery,-0.374,2.011,6.000,-3.500,joint_grid_transaction,713,713,2,9,39,0.000,1.00,0.101,False,None,0.000,False
978.944,4,en_route_pickup,5.065,2.162,-1.000,1.500,joint_grid_transaction,713,713,2,9,51,0.000,1.00,0.657,False,joint_slot_deadline,979.892,False
978.944,5,returning_to_charge,-0.027,2.973,-8.500,0.000,joint_grid_transaction,713,713,1,9,None,0.000,1.00,1.970,False,None,0.000,False
978.944,6,en_route_delivery,4.072,1.876,0.000,-3.500,joint_grid_transaction,713,713,2,9,42,0.000,0.85,0.731,False,joint_slot_deadline,979.892,False
978.944,7,en_route_delivery,-3.186,3.832,0.000,3.500,joint_grid_transaction,713,713,1,8,29,0.000,1.00,-2.187,False,None,0.000,False
978.944,8,en_route_delivery,4.035,3.016,0.000,-3.500,joint_grid_transaction,713,713,2,9,35,0.000,1.00,0.366,False,None,0.000,False
980.992,1,en_route_pickup,5.965,0.615,6.000,-3.500,joint_grid_transaction,713,713,3,9,40,0.000,1.00,1.665,False,None,0.000,False
980.992,2,en_route_delivery,-6.056,-0.644,-6.000,3.500,joint_grid_transaction,713,713,3,9,34,0.000,1.00,-1.639,False,None,0.000,False
980.992,3,en_route_delivery,-0.095,2.039,6.000,-3.500,joint_grid_transaction,713,713,3,9,39,0.000,1.00,0.098,False,None,0.000,False
980.992,4,en_route_pickup,5.064,2.160,-1.000,1.500,joint_grid_transaction,713,713,3,9,51,0.000,1.00,0.671,False,joint_slot_deadline,981.092,False
980.992,5,returning_to_charge,-0.287,2.974,-8.500,0.000,joint_grid_transaction,713,713,2,9,None,0.000,1.00,2.964,False,None,0.000,False
980.992,6,en_route_delivery,4.130,1.774,0.000,-3.500,joint_grid_transaction,713,713,3,9,42,0.000,0.85,1.043,False,None,0.000,False
980.992,7,en_route_delivery,-3.032,3.823,0.000,3.500,joint_grid_transaction,713,713,1,8,29,0.000,1.00,-0.392,False,None,0.000,False
980.992,8,en_route_delivery,4.059,2.982,0.000,-3.500,joint_grid_transaction,713,713,3,9,35,0.000,0.70,0.678,False,None,0.000,False
983.040,1,en_route_pickup,5.945,0.373,6.000,-3.500,joint_grid_transaction,714,714,3,9,40,0.000,1.00,1.655,False,None,0.000,False
983.040,2,en_route_delivery,-6.065,-0.423,-6.000,3.500,joint_grid_transaction,714,714,3,9,34,0.000,1.00,-1.564,False,None,0.000,False
983.040,3,en_route_delivery,0.129,2.058,6.000,-3.500,joint_grid_transaction,714,714,2,8,39,0.000,1.00,0.070,False,None,0.000,False
983.040,4,en_route_pickup,5.084,2.142,-1.000,1.500,joint_grid_transaction,714,714,2,8,51,0.000,0.70,0.689,False,joint_slot_deadline,983.492,False
983.040,5,returning_to_charge,-0.633,3.009,-8.500,0.000,joint_grid_transaction,714,714,3,9,None,0.000,1.00,3.054,False,None,0.000,False
983.040,6,en_route_delivery,4.209,1.581,0.000,-3.500,joint_grid_transaction,714,714,2,8,42,0.000,1.00,1.348,False,None,0.000,False
983.040,7,en_route_delivery,-2.669,3.755,0.000,3.500,joint_grid_transaction,714,714,3,9,29,0.000,1.00,-0.093,False,None,0.000,False
983.040,8,en_route_delivery,4.146,2.843,0.000,-3.500,joint_grid_transaction,714,714,3,9,35,0.000,1.00,1.124,False,None,0.000,False
985.088,1,en_route_pickup,5.935,0.158,6.000,-3.500,joint_grid_transaction,714,714,4,9,40,0.000,1.00,1.571,False,None,0.000,False
985.088,2,en_route_delivery,-6.050,-0.115,-6.000,3.500,joint_grid_transaction,714,714,4,9,34,0.000,1.00,-1.481,False,None,0.000,False
985.088,3,en_route_delivery,0.351,2.065,6.000,-3.500,joint_grid_transaction,714,714,3,8,39,0.000,1.00,0.005,False,None,0.000,False
985.088,4,en_route_pickup,5.039,2.081,-1.000,1.500,_command_reverse,716,714,0,1,51,0.000,0.55,1.434,False,None,0.000,False
985.088,5,returning_to_charge,-0.925,3.035,-8.500,0.000,joint_grid_transaction,714,714,4,9,None,0.000,1.00,3.054,False,None,0.000,False
985.088,6,en_route_delivery,4.245,1.330,0.000,-3.500,joint_grid_transaction,714,714,3,8,42,0.000,1.00,1.462,False,None,0.000,False
985.088,7,en_route_delivery,-2.358,3.726,0.000,3.500,joint_grid_transaction,714,714,4,9,29,0.000,1.00,-0.091,False,None,0.000,False
985.088,8,en_route_delivery,4.230,2.528,0.000,-3.500,joint_grid_transaction,714,714,4,9,35,0.000,0.70,1.458,False,None,0.000,False
987.136,1,en_route_pickup,5.935,-0.105,6.000,-3.500,joint_grid_transaction,714,714,5,9,40,0.000,1.00,1.571,False,None,0.000,False
987.136,2,en_route_delivery,-6.010,0.254,-6.000,3.500,joint_grid_transaction,714,714,5,9,34,0.000,1.00,-1.475,False,None,0.000,False
987.136,3,en_route_delivery,0.650,2.053,6.000,-3.500,joint_grid_transaction,714,714,4,8,39,0.000,1.00,0.076,False,None,0.000,False
987.136,4,en_route_pickup,5.031,2.102,-1.000,1.500,_command_reverse,716,714,0,1,51,988.028,0.40,2.085,False,None,0.000,False
987.136,5,returning_to_charge,-1.174,3.057,-8.500,0.000,joint_grid_transaction,714,714,5,9,None,0.000,1.00,3.054,False,None,0.000,False
987.136,6,en_route_delivery,4.271,1.077,0.000,-3.500,joint_grid_transaction,714,714,4,8,42,0.000,0.60,1.481,False,None,0.000,False
987.136,7,en_route_delivery,-2.283,3.763,0.000,3.500,joint_grid_transaction,714,714,6,9,29,0.000,1.00,-0.955,False,None,0.000,False
987.136,8,en_route_delivery,4.253,2.313,0.000,-3.500,joint_grid_transaction,714,714,5,9,35,0.000,1.00,1.466,False,None,0.000,False
989.184,1,en_route_pickup,5.935,-0.369,6.000,-3.500,joint_grid_transaction,722,722,2,13,40,0.000,1.00,1.569,False,None,0.000,False
989.184,2,en_route_delivery,-5.980,0.571,-6.000,3.500,joint_grid_transaction,722,722,2,13,34,0.000,1.00,-1.478,False,None,0.000,False
989.184,3,en_route_delivery,1.017,2.012,6.000,-3.500,joint_grid_transaction,722,722,2,13,39,0.000,1.00,0.107,False,None,0.000,False
989.184,4,en_route_pickup,5.024,2.112,-1.000,1.500,joint_grid_transaction,722,722,1,12,51,989.532,0.40,2.187,False,None,0.000,False
989.184,5,returning_to_charge,-1.397,3.064,-8.500,0.000,joint_grid_transaction,722,722,2,13,None,0.000,1.00,3.129,False,None,0.000,False
989.184,6,en_route_delivery,4.280,0.978,0.000,-3.500,joint_grid_transaction,722,722,1,13,42,0.000,0.60,1.483,False,None,0.000,False
989.184,7,en_route_delivery,-2.174,3.876,0.000,3.500,joint_grid_transaction,722,722,2,13,29,0.000,1.00,-0.664,False,joint_slot_deadline,989.796,False
989.184,8,en_route_delivery,4.282,2.025,0.000,-3.500,joint_grid_transaction,722,722,2,13,35,0.000,1.00,1.473,False,None,0.000,False
991.232,1,en_route_pickup,5.941,-0.649,6.000,-3.500,joint_grid_transaction,723,723,2,13,40,0.000,1.00,1.532,False,None,0.000,False
991.232,2,en_route_delivery,-5.955,0.841,-6.000,3.500,joint_grid_transaction,723,723,2,12,34,0.000,1.00,-1.479,False,None,0.000,False
991.232,3,en_route_delivery,1.247,1.987,6.000,-3.500,joint_grid_transaction,723,723,2,13,39,0.000,1.00,0.102,False,None,0.000,False
991.232,4,en_route_pickup,4.959,2.166,-1.000,1.500,joint_grid_transaction,723,723,1,12,51,0.000,0.45,2.994,False,None,0.000,False
991.232,5,returning_to_charge,-1.649,3.063,-8.500,0.000,joint_grid_transaction,723,723,2,13,None,0.000,1.00,-3.116,False,None,0.000,False
991.232,6,en_route_delivery,4.289,0.879,0.000,-3.500,joint_grid_transaction,723,723,2,13,42,0.000,0.60,1.486,False,None,0.000,False
991.232,7,en_route_delivery,-2.170,3.872,0.000,3.500,joint_grid_transaction,723,723,2,13,29,0.000,1.00,-0.618,False,joint_slot_deadline,991.796,False
991.232,8,en_route_delivery,4.301,1.825,0.000,-3.500,joint_grid_transaction,723,723,2,13,35,0.000,0.75,1.491,False,None,0.000,False
993.280,1,en_route_pickup,5.977,-1.010,6.000,-3.500,joint_grid_transaction,723,723,3,13,40,0.000,1.00,1.466,False,None,0.000,False
993.280,2,en_route_delivery,-5.940,1.058,-6.000,3.500,joint_grid_transaction,723,723,2,12,34,0.000,1.00,-1.541,False,None,0.000,False
993.280,3,en_route_delivery,1.477,1.962,6.000,-3.500,joint_grid_transaction,723,723,3,13,39,0.000,1.00,0.102,False,None,0.000,False
993.280,4,en_route_pickup,4.957,2.166,-1.000,1.500,joint_grid_transaction,723,723,1,12,51,1003.024,0.40,3.061,False,None,0.000,False
993.280,5,returning_to_charge,-1.997,3.031,-8.500,0.000,joint_grid_transaction,723,723,3,13,None,0.000,1.00,-3.024,False,None,0.000,False
993.280,6,en_route_delivery,4.296,0.786,0.000,-3.500,joint_grid_transaction,723,723,2,13,42,0.000,0.60,1.487,False,None,0.000,False
993.280,7,en_route_delivery,-2.167,3.869,0.000,3.500,joint_grid_transaction,723,723,4,13,29,0.000,1.00,-0.590,False,joint_slot_deadline,994.196,False
993.280,8,en_route_delivery,4.311,1.632,0.000,-3.500,joint_grid_transaction,723,723,3,13,35,0.000,0.60,1.537,False,None,0.000,False
995.328,1,en_route_pickup,6.010,-1.346,6.000,-3.500,joint_grid_transaction,724,724,3,11,40,0.000,1.00,1.475,False,None,0.000,False
995.328,2,en_route_delivery,-5.932,1.282,-6.000,3.500,joint_grid_transaction,724,724,2,11,34,0.000,1.00,-1.571,False,None,0.000,False
995.328,3,en_route_delivery,1.709,1.939,6.000,-3.500,joint_grid_transaction,724,724,2,13,39,0.000,1.00,0.088,False,None,0.000,False
995.328,4,en_route_pickup,4.945,2.168,-1.000,1.500,joint_grid_transaction,724,724,2,13,51,1003.024,0.40,-3.046,False,None,0.000,False
995.328,5,returning_to_charge,-2.341,2.995,-8.500,0.000,joint_grid_transaction,724,724,3,13,None,0.000,1.00,-3.042,False,None,0.000,False
995.328,6,en_route_delivery,4.304,0.679,0.000,-3.500,joint_grid_transaction,724,724,2,13,42,0.000,0.75,1.511,False,None,0.000,False
995.328,7,en_route_delivery,-2.149,3.859,0.000,3.500,joint_grid_transaction,724,724,3,13,29,0.000,0.55,-0.371,False,None,0.000,False
995.328,8,en_route_delivery,4.314,1.567,0.000,-3.500,joint_grid_transaction,724,724,1,12,35,0.000,0.45,1.524,False,None,0.000,False
997.376,1,en_route_pickup,6.035,-1.610,6.000,-3.500,joint_grid_transaction,725,725,3,10,40,0.000,1.00,1.476,False,None,0.000,False
997.376,2,en_route_delivery,-5.957,1.605,-6.000,3.500,joint_grid_transaction,725,725,3,10,34,0.000,1.00,-1.685,False,None,0.000,False
997.376,3,en_route_delivery,1.939,1.936,6.000,-3.500,joint_grid_transaction,725,725,2,13,39,0.000,1.00,0.004,False,None,0.000,False
997.376,4,en_route_pickup,4.886,2.175,-1.000,1.500,joint_grid_transaction,725,725,2,13,51,1003.024,0.40,-3.005,False,None,0.000,False
997.376,5,returning_to_charge,-2.610,2.968,-8.500,0.000,joint_grid_transaction,725,725,3,13,None,0.000,1.00,-3.042,False,None,0.000,False
997.376,6,en_route_delivery,4.315,0.468,0.000,-3.500,joint_grid_transaction,725,725,2,13,42,0.000,1.00,1.564,False,None,0.000,False
997.376,7,en_route_delivery,-2.160,3.847,0.000,3.500,joint_grid_transaction,725,725,2,13,29,0.000,0.55,-0.516,False,None,0.000,False
997.376,8,en_route_delivery,4.318,1.478,0.000,-3.500,joint_grid_transaction,725,725,1,12,35,0.000,0.70,1.558,False,None,0.000,False
999.424,1,en_route_pickup,6.055,-1.849,6.000,-3.500,joint_grid_transaction,725,725,4,10,40,0.000,1.00,1.501,False,None,0.000,False
999.424,2,en_route_delivery,-5.996,1.967,-6.000,3.500,joint_grid_transaction,725,725,4,10,34,0.000,1.00,-1.669,False,None,0.000,False
999.424,3,en_route_delivery,2.200,1.935,6.000,-3.500,joint_grid_transaction,725,725,3,13,39,0.000,1.00,0.002,False,None,0.000,False
999.424,4,en_route_pickup,4.826,2.184,-1.000,1.500,joint_grid_transaction,725,725,2,13,51,1003.024,0.40,-2.976,False,None,0.000,False
999.424,5,returning_to_charge,-2.853,2.946,-8.500,0.000,joint_grid_transaction,725,725,4,13,None,0.000,1.00,-3.058,False,None,0.000,False
999.424,6,en_route_delivery,4.304,0.174,0.000,-3.500,joint_grid_transaction,725,725,4,13,42,0.000,1.00,1.643,False,None,0.000,False
999.424,7,en_route_delivery,-1.980,3.600,0.000,3.500,_joint_stall_recovery,726,725,1,3,29,0.000,1.00,-0.972,False,None,0.000,False
999.424,8,en_route_delivery,4.313,1.340,0.000,-3.500,joint_grid_transaction,725,725,2,12,35,0.000,0.70,1.614,False,None,0.000,False
1001.472,1,en_route_pickup,6.065,-2.067,6.000,-3.500,joint_grid_transaction,725,725,5,10,40,0.000,1.00,1.574,False,None,0.000,False
1001.472,2,en_route_delivery,-6.025,2.272,-6.000,3.500,joint_grid_transaction,725,725,5,10,34,0.000,1.00,-1.665,False,None,0.000,False
1001.472,3,en_route_delivery,2.471,1.939,6.000,-3.500,joint_grid_transaction,725,725,4,13,39,0.000,1.00,0.021,False,None,0.000,False
1001.472,4,en_route_pickup,4.765,2.195,-1.000,1.500,joint_grid_transaction,725,725,2,13,51,1003.024,0.40,-2.957,False,None,0.000,False
1001.472,5,returning_to_charge,-3.063,2.935,-8.500,0.000,joint_grid_transaction,725,725,5,13,None,0.000,1.00,3.134,False,None,0.000,False
1001.472,6,en_route_delivery,4.264,-0.199,0.000,-3.500,joint_grid_transaction,725,725,5,13,42,0.000,1.00,1.666,False,None,0.000,False
1001.472,7,en_route_delivery,-1.735,3.533,0.000,3.500,_joint_stall_recovery,726,725,2,3,29,0.000,1.00,-0.217,False,None,0.000,False
1001.472,8,en_route_delivery,4.306,1.255,0.000,-3.500,joint_grid_transaction,725,725,2,12,35,0.000,0.40,1.655,False,None,0.000,False
1003.520,1,en_route_pickup,6.056,-2.325,6.000,-3.500,joint_grid_transaction,730,730,3,7,40,0.000,1.00,1.633,False,None,0.000,False
1003.520,2,en_route_delivery,-6.048,2.527,-6.000,3.500,joint_grid_transaction,730,730,2,6,34,0.000,1.00,-1.655,False,None,0.000,False
1003.520,3,en_route_delivery,2.819,1.971,6.000,-3.500,joint_grid_transaction,730,730,3,9,39,0.000,1.00,0.118,False,None,0.000,False
1003.520,4,en_route_pickup,4.648,2.217,-1.000,1.500,joint_grid_transaction,730,730,2,0,51,0.000,1.00,-2.998,False,None,0.000,False
1003.520,5,returning_to_charge,-3.326,2.949,-8.500,0.000,joint_grid_transaction,730,730,3,9,None,0.000,1.00,3.051,False,None,0.000,False
1003.520,6,en_route_delivery,4.242,-0.445,0.000,-3.500,joint_grid_transaction,730,730,2,9,42,0.000,0.85,1.659,False,None,0.000,False
1003.520,7,en_route_delivery,-1.638,3.423,0.000,3.500,joint_grid_transaction,730,730,3,9,29,0.000,1.00,-0.790,False,None,0.000,False
1003.520,8,en_route_delivery,4.299,1.199,0.000,-3.500,joint_grid_transaction,730,730,2,9,35,0.000,0.40,1.683,False,None,0.000,False
1005.568,1,en_route_pickup,6.016,-2.698,6.000,-3.500,joint_grid_transaction,731,731,2,5,40,0.000,1.00,1.671,False,None,0.000,False
1005.568,2,en_route_delivery,-6.064,2.752,-6.000,3.500,joint_grid_transaction,731,731,1,4,34,0.000,1.00,-1.611,False,None,0.000,False
1005.568,3,en_route_delivery,3.100,1.999,6.000,-3.500,joint_grid_transaction,731,731,2,9,39,0.000,1.00,0.101,False,joint_slot_deadline,1006.308,False
1005.568,4,en_route_pickup,4.454,2.245,-1.000,1.500,joint_grid_transaction,731,731,2,9,51,0.000,1.00,-2.835,False,None,0.000,False
1005.568,5,returning_to_charge,-3.696,2.989,-8.500,0.000,joint_grid_transaction,731,731,2,9,None,0.000,1.00,3.042,False,None,0.000,False
1005.568,6,en_route_delivery,4.216,-0.734,0.000,-3.500,joint_grid_transaction,731,731,1,8,42,0.000,1.00,1.660,False,None,0.000,False
1005.568,7,en_route_delivery,-1.318,3.286,0.000,3.500,joint_grid_transaction,731,731,2,8,29,0.000,1.00,-0.195,False,None,0.000,False
1005.568,8,en_route_delivery,4.259,0.837,0.000,-3.500,joint_grid_transaction,731,731,2,9,35,0.000,1.00,1.670,False,None,0.000,False
1007.616,1,en_route_delivery,5.987,-2.978,-3.000,1.500,joint_grid_transaction,731,731,3,5,40,0.000,1.00,1.673,False,None,0.000,False
1007.616,2,en_route_pickup,-6.065,3.004,3.000,1.500,joint_grid_transaction,731,731,2,6,43,0.000,1.00,-1.568,False,None,0.000,False
1007.616,3,en_route_delivery,3.013,2.081,6.000,-3.500,joint_grid_transaction,731,731,3,9,39,0.000,1.00,1.674,False,None,0.000,False
1007.616,4,en_route_pickup,4.130,2.279,-1.000,1.500,joint_grid_transaction,731,731,3,9,51,0.000,1.00,-3.072,False,None,0.000,False
1007.616,5,returning_to_charge,-3.973,3.017,-8.500,0.000,joint_grid_transaction,731,731,3,9,None,0.000,1.00,3.040,False,None,0.000,False
1007.616,6,en_route_delivery,4.196,-0.944,0.000,-3.500,joint_grid_transaction,731,731,2,8,42,0.000,1.00,1.662,False,None,0.000,False
1007.616,7,en_route_delivery,-1.006,3.247,0.000,3.500,joint_grid_transaction,731,731,3,8,29,0.000,1.00,-0.091,False,None,0.000,False
1007.616,8,en_route_delivery,4.228,0.530,0.000,-3.500,joint_grid_transaction,731,731,3,9,35,0.000,1.00,1.671,False,None,0.000,False
1009.664,1,en_route_delivery,5.849,-2.985,-3.000,1.500,joint_grid_transaction,734,734,2,9,40,0.000,1.00,2.915,False,None,0.000,False
1009.664,2,en_route_pickup,-5.960,2.988,3.000,1.500,joint_grid_transaction,734,734,2,9,43,0.000,1.00,-0.086,False,None,0.000,False
1009.664,3,en_route_delivery,3.080,2.004,6.000,-3.500,joint_grid_transaction,734,734,2,9,39,0.000,1.00,0.472,False,None,0.000,False
1009.664,4,en_route_pickup,4.147,2.381,-1.000,1.500,joint_grid_transaction,734,734,2,9,51,0.000,1.00,-1.601,False,None,0.000,False
1009.664,5,returning_to_charge,-4.240,3.044,-8.500,0.000,joint_grid_transaction,734,734,2,9,None,0.000,1.00,3.045,False,None,0.000,False
1009.664,6,en_route_delivery,4.186,-1.166,0.000,-3.500,joint_grid_transaction,734,734,2,9,42,0.000,1.00,1.625,False,None,0.000,False
1009.664,7,en_route_delivery,-0.709,3.221,0.000,3.500,joint_grid_transaction,734,734,3,6,29,0.000,1.00,-0.091,False,None,0.000,False
1009.664,8,en_route_delivery,4.202,0.269,0.000,-3.500,joint_grid_transaction,734,734,2,9,35,0.000,1.00,1.668,False,None,0.000,False
1011.712,1,en_route_delivery,5.514,-3.018,-3.000,1.500,joint_grid_transaction,734,734,3,9,40,0.000,1.00,3.064,False,None,0.000,False
1011.712,2,en_route_pickup,-5.855,2.818,3.000,1.500,joint_grid_transaction,734,734,3,9,43,0.000,1.00,-1.114,False,None,0.000,False
1011.712,3,en_route_delivery,3.371,2.028,6.000,-3.500,joint_grid_transaction,734,734,3,9,39,0.000,1.00,0.066,False,None,0.000,False
1011.712,4,en_route_pickup,4.175,2.629,-1.000,1.500,joint_grid_transaction,734,734,3,9,51,0.000,1.00,-1.406,False,None,0.000,False
1011.712,5,returning_to_charge,-4.471,3.063,-8.500,0.000,joint_grid_transaction,734,734,3,9,None,0.000,1.00,3.065,False,None,0.000,False
1011.712,6,en_route_delivery,4.186,-1.403,0.000,-3.500,joint_grid_transaction,734,734,3,9,42,0.000,1.00,1.524,False,None,0.000,False
1011.712,7,en_route_delivery,-0.463,3.199,0.000,-3.500,joint_grid_transaction,734,734,3,3,45,0.000,1.00,-0.068,False,None,0.000,False
1011.712,8,en_route_delivery,4.187,0.039,0.000,-3.500,joint_grid_transaction,734,734,3,9,35,0.000,1.00,1.637,False,None,0.000,False
1013.760,1,en_route_delivery,5.235,-3.041,-3.000,1.500,joint_grid_transaction,735,735,2,9,40,0.000,1.00,3.062,False,None,0.000,False
1013.760,2,en_route_pickup,-5.935,2.556,3.000,1.500,joint_grid_transaction,735,735,2,8,43,0.000,1.00,-1.813,False,None,0.000,False
1013.760,3,en_route_delivery,3.646,2.047,6.000,-3.500,joint_grid_transaction,735,735,3,9,39,0.000,1.00,0.071,False,None,0.000,False
1013.760,4,en_route_pickup,4.177,2.812,-1.000,1.500,joint_grid_transaction,735,735,3,9,51,0.000,1.00,-2.118,False,None,0.000,False
1013.760,5,returning_to_charge,-4.709,3.064,-8.500,0.000,joint_grid_transaction,735,735,2,9,None,0.000,1.00,-3.136,False,None,0.000,False
1013.760,6,en_route_delivery,4.220,-1.689,0.000,-3.500,joint_grid_transaction,735,735,3,9,42,0.000,1.00,1.461,False,None,0.000,False
1013.760,7,en_route_delivery,-0.587,3.224,0.000,-3.500,joint_grid_transaction,735,735,2,9,45,0.000,1.00,-2.419,False,None,0.000,False
1013.760,8,en_route_delivery,4.186,-0.202,0.000,-3.500,joint_grid_transaction,735,735,2,9,35,0.000,1.00,1.561,False,None,0.000,False
1015.808,1,en_route_delivery,4.994,-3.059,-3.000,1.500,joint_grid_transaction,736,736,2,9,40,0.000,1.00,3.084,False,None,0.000,False
1015.808,2,en_route_pickup,-5.924,2.385,3.000,1.500,joint_grid_transaction,736,736,2,9,43,0.000,1.00,-0.854,False,joint_slot_deadline,1015.796,False
1015.808,3,en_route_delivery,3.840,2.059,6.000,-3.500,joint_grid_transaction,736,736,2,9,39,0.000,0.75,0.056,False,None,0.000,False
1015.808,4,en_route_pickup,4.120,2.832,-1.000,1.500,joint_grid_transaction,736,736,2,9,51,0.000,0.45,-2.421,False,joint_slot_deadline,1015.796,False
1015.808,5,returning_to_charge,-5.007,3.050,-8.500,0.000,joint_grid_transaction,736,736,2,9,None,0.000,1.00,-3.053,False,None,0.000,False
1015.808,6,en_route_delivery,4.162,-1.853,0.000,-3.500,joint_grid_transaction,736,736,2,9,42,0.000,1.00,2.276,False,joint_slot_deadline,1015.796,False
1015.808,7,en_route_delivery,-0.783,3.243,0.000,-3.500,joint_grid_transaction,736,736,1,8,45,0.000,1.00,-3.024,False,joint_slot_deadline,1015.796,False
1015.808,8,en_route_delivery,4.208,-0.522,0.000,-3.500,joint_grid_transaction,736,736,2,9,35,0.000,1.00,1.437,False,None,0.000,False
1017.856,1,en_route_delivery,4.762,-3.067,-3.000,1.500,joint_grid_transaction,737,737,1,13,40,0.000,1.00,3.092,False,None,0.000,False
1017.856,2,en_route_pickup,-5.762,2.221,3.000,1.500,joint_grid_transaction,737,737,1,13,43,0.000,1.00,-0.571,False,None,0.000,False
1017.856,3,en_route_delivery,3.973,2.067,6.000,-3.500,joint_grid_transaction,737,737,1,13,39,0.000,0.75,0.064,False,None,0.000,False
1017.856,4,en_route_pickup,4.062,2.868,-1.000,1.500,joint_grid_transaction,737,737,1,13,51,0.000,0.45,-2.642,False,None,0.000,False
1017.856,5,returning_to_charge,-5.373,3.011,-8.500,0.000,joint_grid_transaction,737,737,2,13,None,0.000,1.00,-3.042,False,None,0.000,False
1017.856,6,en_route_delivery,3.865,-1.959,0.000,-3.500,joint_grid_transaction,737,737,2,13,42,0.000,1.00,2.925,False,None,0.000,False
1017.856,7,en_route_delivery,-1.085,3.275,0.000,-3.500,joint_grid_transaction,737,737,2,13,45,0.000,1.00,-3.043,False,None,0.000,False
1017.856,8,en_route_delivery,4.246,-0.883,0.000,-3.500,joint_grid_transaction,737,737,2,13,35,0.000,1.00,1.474,False,None,0.000,False
1019.904,1,en_route_delivery,4.489,-3.054,-3.000,1.500,joint_grid_transaction,737,737,2,13,40,0.000,1.00,-3.052,False,None,0.000,False
1019.904,2,en_route_pickup,-5.662,2.222,3.000,1.500,joint_grid_transaction,737,737,2,13,43,0.000,0.45,-0.100,False,None,0.000,False
1019.904,3,en_route_delivery,4.127,2.065,6.000,-3.500,joint_grid_transaction,737,737,2,13,39,0.000,0.75,0.029,False,None,0.000,False
1019.904,4,en_route_pickup,4.012,2.867,-1.000,1.500,_priority_yield_direct,738,737,0,2,51,0.000,0.45,-3.009,False,None,0.000,False
1019.904,5,returning_to_charge,-5.607,2.989,-8.500,0.000,joint_grid_transaction,737,737,3,13,None,0.000,0.75,-3.056,False,None,0.000,False
1019.904,6,en_route_delivery,3.541,-2.002,0.000,-3.500,joint_grid_transaction,737,737,3,13,42,0.000,1.00,3.040,False,None,0.000,False
1019.904,7,en_route_delivery,-1.341,3.300,0.000,-3.500,joint_grid_transaction,737,737,3,13,45,0.000,1.00,-3.045,False,None,0.000,False
1019.904,8,en_route_delivery,4.276,-1.190,0.000,-3.500,joint_grid_transaction,737,737,3,13,35,0.000,1.00,1.477,False,None,0.000,False
1021.952,1,en_route_delivery,4.360,-2.885,-3.000,1.500,joint_grid_transaction,737,737,4,13,40,0.000,1.00,-2.062,False,None,0.000,False
1021.952,2,en_route_pickup,-5.575,2.213,3.000,1.500,_priority_yield_direct,742,737,0,8,43,0.000,0.45,-0.095,False,None,0.000,False
1021.952,3,en_route_delivery,4.310,2.050,6.000,-3.500,joint_grid_transaction,737,737,3,13,39,0.000,0.75,0.107,False,None,0.000,False
1021.952,4,en_route_pickup,3.952,2.873,-1.000,1.500,_priority_yield_direct,738,737,0,2,51,0.000,0.45,-3.045,False,None,0.000,False
1021.952,5,returning_to_charge,-5.807,2.973,-8.500,0.000,joint_grid_transaction,737,737,4,13,None,0.000,0.75,-3.066,False,None,0.000,False
1021.952,6,en_route_delivery,3.249,-2.031,0.000,-3.500,joint_grid_transaction,737,737,4,13,42,0.000,1.00,3.045,False,None,0.000,False
1021.952,7,en_route_delivery,-1.543,3.314,0.000,-3.500,joint_grid_transaction,737,737,3,13,45,0.000,1.00,-3.140,False,None,0.000,False
1021.952,8,en_route_delivery,4.360,-1.335,0.000,-3.500,joint_grid_transaction,737,737,5,13,35,0.000,1.00,0.725,False,None,0.000,False
1024.000,1,en_route_delivery,4.266,-2.520,-3.000,1.500,joint_grid_transaction,737,737,5,13,40,0.000,1.00,-1.668,False,None,0.000,False
1024.000,2,en_route_pickup,-5.454,2.201,3.000,1.500,_priority_yield_direct,742,737,0,8,43,0.000,1.00,-0.098,False,None,0.000,False
1024.000,3,en_route_delivery,4.524,2.026,6.000,-3.500,joint_grid_transaction,737,737,3,13,39,0.000,0.75,0.113,False,None,0.000,False
1024.000,4,en_route_pickup,3.895,2.878,-1.000,1.500,_priority_yield_direct,738,737,0,2,51,0.000,0.45,-3.048,False,None,0.000,False
1024.000,5,returning_to_charge,-5.990,2.959,-8.500,0.000,joint_grid_transaction,737,737,4,13,None,0.000,1.00,-3.062,False,None,0.000,False
1024.000,6,en_route_delivery,3.005,-2.055,0.000,-3.500,joint_grid_transaction,737,737,5,13,42,0.000,1.00,3.058,False,None,0.000,False
1024.000,7,en_route_delivery,-1.805,3.315,0.000,-3.500,joint_grid_transaction,737,737,4,13,45,0.000,1.00,3.140,False,None,0.000,False
1024.000,8,en_route_delivery,4.695,-1.470,0.000,-3.500,joint_grid_transaction,737,737,6,13,35,0.000,1.00,0.164,False,None,0.000,False
1026.048,1,en_route_delivery,4.235,-2.194,-3.000,1.500,joint_grid_transaction,749,749,3,9,40,0.000,1.00,-1.664,False,None,0.000,False
1026.048,2,en_route_pickup,-5.239,2.184,3.000,1.500,joint_grid_transaction,749,749,2,9,43,0.000,1.00,-0.030,False,None,0.000,False
1026.048,3,en_route_delivery,4.853,1.990,6.000,-3.500,joint_grid_transaction,749,749,3,9,39,0.000,1.00,0.102,False,None,0.000,False
1026.048,4,en_route_pickup,3.573,2.954,-1.000,1.500,joint_grid_transaction,749,749,3,9,51,0.000,1.00,-2.949,False,None,0.000,False
1026.048,5,returning_to_charge,-6.231,2.939,-8.500,0.000,joint_grid_transaction,749,749,2,9,None,0.000,1.00,-3.065,False,None,0.000,False
1026.048,6,en_route_delivery,2.778,-2.066,0.000,-3.500,joint_grid_transaction,749,749,2,9,42,0.000,1.00,3.081,False,None,0.000,False
1026.048,7,en_route_delivery,-2.106,3.302,0.000,-3.500,joint_grid_transaction,749,749,3,9,45,0.000,1.00,3.066,False,None,0.000,False
1026.048,8,en_route_delivery,4.627,-1.347,0.000,-3.500,joint_grid_transaction,749,749,2,9,35,0.000,1.00,1.626,False,None,0.000,False
1028.096,1,en_route_delivery,4.209,-1.917,-3.000,1.500,joint_grid_transaction,749,749,4,9,40,0.000,1.00,-1.663,False,None,0.000,False
1028.096,2,en_route_pickup,-4.966,2.193,3.000,1.500,joint_grid_transaction,749,749,3,9,43,0.000,1.00,-0.057,False,None,0.000,False
1028.096,3,en_route_delivery,5.134,1.962,6.000,-3.500,joint_grid_transaction,749,749,4,9,39,0.000,1.00,0.099,False,None,0.000,False
1028.096,4,en_route_pickup,3.211,2.998,-1.000,1.500,joint_grid_transaction,749,749,4,9,51,0.000,1.00,-3.051,False,None,0.000,False
1028.096,5,returning_to_charge,-6.464,2.934,-8.500,0.000,joint_grid_transaction,749,749,3,9,None,0.000,1.00,-3.114,False,None,0.000,False
1028.096,6,en_route_delivery,2.517,-2.057,0.000,-3.500,joint_grid_transaction,749,749,3,9,42,0.000,1.00,-3.068,False,None,0.000,False
1028.096,7,en_route_delivery,-2.478,3.262,0.000,-3.500,joint_grid_transaction,749,749,4,9,45,0.000,1.00,3.046,False,None,0.000,False
1028.096,8,en_route_delivery,4.555,-1.025,0.000,-3.500,joint_grid_transaction,749,749,3,9,35,0.000,1.00,1.778,False,None,0.000,False
1030.144,1,en_route_delivery,4.235,-2.039,-3.000,1.500,joint_grid_transaction,750,750,2,13,40,0.000,1.00,-0.843,False,None,0.000,False
1030.144,2,en_route_pickup,-4.592,2.232,3.000,1.500,joint_grid_transaction,750,750,3,13,43,0.000,1.00,-0.096,False,None,0.000,False
1030.144,3,en_route_delivery,5.372,1.944,6.000,-3.500,joint_grid_transaction,750,750,3,13,39,0.000,1.00,0.068,False,None,0.000,False
1030.144,4,en_route_pickup,2.904,3.026,-1.000,1.500,joint_grid_transaction,750,750,3,13,51,0.000,1.00,-3.052,False,None,0.000,False
1030.144,5,returning_to_charge,-6.730,2.942,-8.500,0.000,joint_grid_transaction,750,750,2,13,None,0.000,1.00,3.074,False,None,0.000,False
1030.144,6,en_route_delivery,2.149,-2.017,0.000,-3.500,joint_grid_transaction,750,750,3,13,42,0.000,1.00,-3.042,False,None,0.000,False
1030.144,7,en_route_delivery,-2.798,3.232,0.000,-3.500,joint_grid_transaction,750,750,3,13,45,0.000,1.00,3.049,False,None,0.000,False
1030.144,8,en_route_delivery,4.437,-1.133,0.000,-3.500,joint_grid_transaction,750,750,2,13,35,0.000,1.00,-2.534,False,None,0.000,False
1032.192,1,en_route_delivery,4.251,-2.282,-3.000,1.500,joint_grid_transaction,751,751,2,13,40,0.000,1.00,-1.490,False,joint_slot_deadline,1032.292,False
1032.192,2,en_route_pickup,-4.262,2.263,3.000,1.500,joint_grid_transaction,751,751,2,13,43,0.000,1.00,-0.092,False,None,0.000,False
1032.192,3,en_route_delivery,5.595,1.935,6.000,-3.500,joint_grid_transaction,751,751,2,13,39,0.000,1.00,0.007,False,None,0.000,False
1032.192,4,en_route_pickup,2.643,3.049,-1.000,1.500,joint_grid_transaction,751,751,2,13,51,0.000,1.00,-3.052,False,None,0.000,False
1032.192,5,returning_to_charge,-7.032,2.976,-8.500,0.000,joint_grid_transaction,751,751,2,13,None,0.000,1.00,3.029,False,joint_slot_deadline,1032.292,False
1032.192,6,en_route_delivery,1.824,-1.985,0.000,-3.500,joint_grid_transaction,751,751,2,13,42,0.000,1.00,-3.046,False,None,0.000,False
1032.192,7,en_route_delivery,-3.034,3.211,0.000,-3.500,joint_grid_transaction,751,751,1,12,45,0.000,1.00,3.052,False,joint_slot_deadline,1032.292,False
1032.192,8,en_route_delivery,4.341,-1.302,0.000,-3.500,joint_grid_transaction,751,751,2,13,35,0.000,1.00,-2.084,False,joint_slot_deadline,1032.292,False
1034.240,1,en_route_delivery,4.270,-2.527,-3.000,1.500,joint_grid_transaction,752,751,4,13,40,0.000,1.00,-1.868,False,None,0.000,False
1034.240,2,en_route_pickup,-3.983,2.289,3.000,1.500,joint_grid_transaction,752,751,3,13,43,0.000,1.00,-0.090,False,None,0.000,False
1034.240,3,en_route_delivery,5.785,1.943,6.000,-3.500,joint_grid_transaction,752,751,3,13,39,0.000,1.00,0.276,False,None,0.000,False
1034.240,4,en_route_pickup,2.430,3.062,-1.000,1.500,joint_grid_transaction,752,751,3,13,51,0.000,1.00,-3.132,False,None,0.000,False
1034.240,5,returning_to_charge,-7.341,3.010,-8.500,0.000,joint_grid_transaction,752,751,4,13,None,0.000,1.00,3.040,False,None,0.000,False
1034.240,6,en_route_delivery,1.548,-1.958,0.000,-3.500,joint_grid_transaction,752,751,3,12,42,0.000,1.00,-3.048,False,None,0.000,False
1034.240,7,en_route_delivery,-3.253,3.191,0.000,-3.500,joint_grid_transaction,752,751,2,13,45,0.000,1.00,3.075,False,None,0.000,False
1034.240,8,en_route_delivery,4.263,-1.613,0.000,-3.500,joint_grid_transaction,752,751,4,13,35,0.000,1.00,-1.842,False,None,0.000,False
1036.288,1,en_route_delivery,4.265,-2.388,-3.000,1.500,joint_grid_transaction,752,752,2,13,40,0.000,1.00,2.095,False,None,0.000,False
1036.288,2,en_route_pickup,-3.750,2.309,3.000,1.500,joint_grid_transaction,752,752,2,13,43,0.000,1.00,-0.064,False,None,0.000,False
1036.288,3,en_route_delivery,5.871,1.799,6.000,-3.500,joint_grid_transaction,752,752,3,13,39,0.000,1.00,1.034,False,None,0.000,False
1036.288,4,en_route_pickup,2.185,3.066,-1.000,1.500,joint_grid_transaction,752,752,3,13,51,0.000,1.00,3.132,False,None,0.000,False
1036.288,5,returning_to_charge,-7.510,3.019,-8.500,0.000,joint_grid_transaction,752,752,3,13,None,0.000,1.00,-2.593,False,None,0.000,False
1036.288,6,en_route_delivery,1.342,-1.941,0.000,-3.500,joint_grid_transaction,752,752,2,12,42,0.000,1.00,-3.061,False,None,0.000,False
1036.288,7,en_route_delivery,-3.482,3.183,0.000,-3.500,joint_grid_transaction,752,752,2,13,45,0.000,1.00,3.090,False,None,0.000,False
1036.288,8,en_route_delivery,4.257,-1.474,0.000,-3.500,joint_grid_transaction,752,752,1,13,35,0.000,1.00,2.101,False,None,0.000,False
1038.336,1,en_route_delivery,4.233,-2.084,-3.000,1.500,joint_grid_transaction,752,752,3,13,40,0.000,1.00,1.642,False,None,0.000,False
1038.336,2,en_route_pickup,-3.518,2.317,3.000,1.500,joint_grid_transaction,752,752,3,13,43,0.000,1.00,-0.056,False,None,0.000,False
1038.336,3,en_route_delivery,5.982,1.440,6.000,-3.500,joint_grid_transaction,752,752,5,13,39,0.000,1.00,1.455,False,None,0.000,False
1038.336,4,en_route_pickup,1.865,3.046,-1.000,1.500,joint_grid_transaction,752,752,4,13,51,0.000,1.00,3.037,False,None,0.000,False
1038.336,5,returning_to_charge,-7.685,2.749,-8.500,0.000,joint_grid_transaction,752,752,4,13,None,0.000,1.00,-1.896,False,None,0.000,False
1038.336,6,en_route_delivery,1.119,-1.935,0.000,-3.500,joint_grid_transaction,752,752,3,12,42,0.000,1.00,3.134,False,None,0.000,False
1038.336,7,en_route_delivery,-3.749,3.193,0.000,-3.500,joint_grid_transaction,752,752,3,13,45,0.000,1.00,-3.064,False,None,0.000,False
1038.336,8,en_route_delivery,4.230,-1.181,0.000,-3.500,joint_grid_transaction,752,752,3,13,35,0.000,1.00,1.643,False,None,0.000,False
1040.384,1,en_route_delivery,4.223,-1.935,-3.000,1.500,joint_grid_transaction,753,753,2,12,40,0.000,0.40,1.637,False,None,0.000,False
1040.384,2,en_route_pickup,-3.250,2.306,3.000,1.500,joint_grid_transaction,753,753,2,13,43,0.000,1.00,-0.085,False,None,0.000,False
1040.384,3,en_route_delivery,6.010,1.133,6.000,-3.500,joint_grid_transaction,753,753,3,13,39,0.000,1.00,1.478,False,None,0.000,False
1040.384,4,en_route_pickup,1.619,3.017,-1.000,1.500,joint_grid_transaction,753,753,2,12,51,0.000,1.00,3.040,False,None,0.000,False
1040.384,5,returning_to_charge,-7.745,2.386,-8.500,0.000,joint_grid_transaction,753,753,3,13,None,0.000,1.00,-1.666,False,None,0.000,False
1040.384,6,en_route_delivery,0.866,-1.946,0.000,-3.500,joint_grid_transaction,753,753,2,12,42,0.000,1.00,3.071,False,None,0.000,False
1040.384,7,en_route_delivery,-4.024,3.221,0.000,-3.500,joint_grid_transaction,753,753,3,13,45,0.000,1.00,2.724,False,None,0.000,False
1040.384,8,en_route_delivery,4.210,-0.895,0.000,-3.500,joint_grid_transaction,753,753,3,13,35,0.000,1.00,1.646,False,None,0.000,False
1042.432,1,en_route_delivery,4.214,-1.813,-3.000,1.500,joint_grid_transaction,754,754,1,8,40,0.000,0.55,1.639,False,None,0.000,False
1042.432,2,en_route_pickup,-2.966,2.274,3.000,1.500,joint_grid_transaction,754,754,1,8,43,0.000,1.00,-0.110,False,joint_slot_deadline,1042.788,False
1042.432,3,en_route_delivery,6.037,0.846,6.000,-3.500,joint_grid_transaction,754,754,2,9,39,0.000,1.00,1.480,False,None,0.000,False
1042.432,4,en_route_pickup,1.291,2.985,-1.000,1.500,joint_grid_transaction,754,754,2,9,51,0.000,1.00,3.048,False,None,0.000,False
1042.432,5,returning_to_charge,-7.774,2.076,-8.500,0.000,joint_grid_transaction,754,754,2,9,None,0.000,1.00,-1.663,False,None,0.000,False
1042.432,6,en_route_delivery,0.498,-1.988,0.000,-3.500,joint_grid_transaction,754,754,2,9,42,0.000,1.00,3.035,False,None,0.000,False
1042.432,7,en_route_delivery,-4.108,3.116,0.000,-3.500,joint_grid_transaction,754,754,1,8,45,0.000,1.00,2.182,False,joint_slot_deadline,1042.788,False
1042.432,8,en_route_delivery,4.237,-0.838,0.000,-3.500,joint_grid_transaction,754,754,1,9,35,0.000,1.00,0.745,False,None,0.000,False
1044.480,1,en_route_delivery,4.195,-1.566,-3.000,1.500,joint_grid_transaction,754,754,2,8,40,0.000,1.00,1.648,False,None,0.000,False
1044.480,2,en_route_pickup,-2.697,2.244,3.000,1.500,joint_grid_transaction,754,754,2,8,43,0.000,1.00,-0.104,False,None,0.000,False
1044.480,3,en_route_delivery,6.057,0.603,6.000,-3.500,joint_grid_transaction,754,754,3,9,39,0.000,1.00,1.489,False,None,0.000,False
1044.480,4,en_route_pickup,1.015,2.959,-1.000,1.500,joint_grid_transaction,754,754,3,9,51,0.000,1.00,3.050,False,None,0.000,False
1044.480,5,returning_to_charge,-7.799,1.813,-8.500,0.000,joint_grid_transaction,754,754,3,9,None,0.000,1.00,-1.662,False,None,0.000,False
1044.480,6,en_route_delivery,0.219,-2.018,0.000,-3.500,joint_grid_transaction,754,754,3,9,42,0.000,1.00,3.037,False,None,0.000,False
1044.480,7,en_route_delivery,-4.211,2.881,0.000,-3.500,joint_grid_transaction,754,754,3,8,45,0.000,1.00,1.799,False,None,0.000,False
1044.480,8,en_route_delivery,4.405,-0.647,0.000,-3.500,joint_grid_transaction,754,754,3,9,35,0.000,1.00,1.125,False,None,0.000,False
1046.528,1,en_route_delivery,4.269,-1.599,-3.000,1.500,joint_grid_transaction,755,755,2,13,40,0.000,1.00,0.259,False,None,0.000,False
1046.528,2,en_route_pickup,-2.438,2.218,3.000,1.500,joint_grid_transaction,755,755,3,13,43,0.000,1.00,-0.101,False,None,0.000,False
1046.528,3,en_route_delivery,6.065,0.383,6.000,-3.500,joint_grid_transaction,755,755,2,13,39,0.000,1.00,1.575,False,None,0.000,False
1046.528,4,en_route_pickup,0.780,2.938,-1.000,1.500,joint_grid_transaction,755,755,2,13,51,0.000,1.00,3.057,False,None,0.000,False
1046.528,5,returning_to_charge,-7.813,1.587,-8.500,0.000,joint_grid_transaction,755,755,2,11,None,0.000,1.00,-1.631,False,None,0.000,False
1046.528,6,en_route_delivery,-0.041,-2.044,0.000,-3.500,joint_grid_transaction,755,755,2,13,42,0.000,1.00,3.041,False,None,0.000,False
1046.528,7,en_route_delivery,-4.254,2.527,0.000,-3.500,joint_grid_transaction,755,755,2,13,45,0.000,1.00,1.661,False,None,0.000,False
1046.528,8,en_route_delivery,4.360,-0.618,0.000,-3.500,joint_grid_transaction,755,755,2,13,35,0.000,1.00,3.097,False,None,0.000,False
1048.576,1,en_route_delivery,4.235,-1.786,-3.000,1.500,joint_grid_transaction,755,755,2,13,40,0.000,1.00,1.380,False,None,0.000,False
1048.576,2,en_route_pickup,-2.207,2.197,3.000,1.500,joint_grid_transaction,755,755,3,13,43,0.000,1.00,-0.056,False,None,0.000,False
1048.576,3,en_route_delivery,6.055,0.093,6.000,-3.500,joint_grid_transaction,755,755,3,13,39,0.000,1.00,1.628,False,None,0.000,False
1048.576,4,en_route_pickup,0.546,2.936,-1.000,1.500,joint_grid_transaction,755,755,3,13,51,0.000,1.00,3.139,False,None,0.000,False
1048.576,5,returning_to_charge,-7.814,1.352,-8.500,0.000,joint_grid_transaction,755,755,3,11,None,0.000,1.00,-1.535,False,None,0.000,False
1048.576,6,en_route_delivery,-0.258,-2.063,0.000,-3.500,joint_grid_transaction,755,755,3,13,42,0.000,1.00,3.101,False,None,0.000,False
1048.576,7,en_route_delivery,-4.280,2.230,0.000,-3.500,joint_grid_transaction,755,755,3,13,45,0.000,1.00,1.659,False,None,0.000,False
1048.576,8,en_route_delivery,4.314,-0.828,0.000,-3.500,joint_grid_transaction,755,755,3,13,35,0.000,1.00,-1.925,False,None,0.000,False
1050.624,1,en_route_delivery,4.252,-1.663,-3.000,1.500,joint_grid_transaction,756,756,2,13,40,0.000,1.00,0.945,False,None,0.000,False
1050.624,2,en_route_pickup,-1.979,2.185,3.000,1.500,joint_grid_transaction,756,756,2,13,43,0.000,1.00,-0.018,False,None,0.000,False
1050.624,3,en_route_delivery,6.024,-0.179,6.000,-3.500,joint_grid_transaction,756,756,3,13,39,0.000,1.00,1.672,False,None,0.000,False
1050.624,4,en_route_pickup,0.286,2.935,-1.000,1.500,joint_grid_transaction,756,756,2,13,51,0.000,1.00,3.132,False,None,0.000,False
1050.624,5,returning_to_charge,-7.783,1.066,-8.500,0.000,joint_grid_transaction,756,756,3,10,None,0.000,1.00,-1.459,False,None,0.000,False
1050.624,6,en_route_delivery,-0.504,-2.066,0.000,-3.500,joint_grid_transaction,756,756,2,13,42,0.000,1.00,3.123,False,None,0.000,False
1050.624,7,en_route_delivery,-4.302,1.981,0.000,-3.500,joint_grid_transaction,756,756,2,13,45,0.000,1.00,1.649,False,None,0.000,False
1050.624,8,en_route_delivery,4.300,-0.709,0.000,-3.500,joint_grid_transaction,756,756,2,13,35,0.000,1.00,2.162,False,None,0.000,False
1052.672,1,en_route_delivery,4.270,-1.377,-3.000,1.500,joint_grid_transaction,757,757,2,13,40,0.000,1.00,1.504,False,None,0.000,False
1052.672,2,en_route_pickup,-1.694,2.196,3.000,1.500,joint_grid_transaction,757,757,2,13,43,0.000,1.00,-0.071,False,None,0.000,False
1052.672,3,en_route_delivery,5.991,-0.516,6.000,-3.500,joint_grid_transaction,757,757,1,13,39,0.000,1.00,1.666,False,None,0.000,False
1052.672,4,en_route_pickup,0.021,2.939,-1.000,1.500,joint_grid_transaction,757,757,1,12,51,0.000,1.00,-3.109,False,None,0.000,False
1052.672,5,returning_to_charge,-7.747,0.717,-8.500,0.000,joint_grid_transaction,757,757,1,7,None,0.000,1.00,-1.473,False,None,0.000,False
1052.672,6,en_route_delivery,-0.790,-2.053,0.000,-3.500,joint_grid_transaction,757,757,1,13,42,0.000,1.00,-3.053,False,None,0.000,False
1052.672,7,en_route_delivery,-4.316,1.753,0.000,-3.500,joint_grid_transaction,757,757,1,13,45,0.000,1.00,1.614,False,None,0.000,False
1052.672,8,en_route_delivery,4.252,-0.389,0.000,-3.500,joint_grid_transaction,757,757,2,13,35,0.000,1.00,1.659,False,None,0.000,False
1054.720,1,en_route_delivery,4.290,-1.093,-3.000,1.500,joint_grid_transaction,757,757,3,13,40,0.000,1.00,1.496,False,None,0.000,False
1054.720,2,en_route_pickup,-1.320,2.235,3.000,1.500,joint_grid_transaction,757,757,3,13,43,0.000,1.00,-0.096,False,None,0.000,False
1054.720,3,en_route_delivery,5.964,-0.799,6.000,-3.500,joint_grid_transaction,757,757,2,13,39,0.000,1.00,1.666,False,None,0.000,False
1054.720,4,en_route_pickup,-0.200,2.958,-1.000,1.500,joint_grid_transaction,757,757,2,12,51,0.000,1.00,-3.021,False,None,0.000,False
1054.720,5,returning_to_charge,-7.719,0.423,-8.500,0.000,joint_grid_transaction,757,757,3,7,None,0.000,1.00,-1.476,False,None,0.000,False
1054.720,6,en_route_delivery,-1.161,-2.013,0.000,-3.500,joint_grid_transaction,757,757,3,13,42,0.000,1.00,-3.041,False,None,0.000,False
1054.720,7,en_route_delivery,-4.306,1.481,0.000,-3.500,joint_grid_transaction,757,757,2,13,45,0.000,1.00,1.500,False,None,0.000,False
1054.720,8,en_route_delivery,4.225,-0.089,0.000,-3.500,joint_grid_transaction,757,757,3,13,35,0.000,1.00,1.662,False,None,0.000,False
1056.768,1,en_route_delivery,4.308,-0.845,-3.000,1.500,joint_grid_transaction,758,758,2,13,40,0.000,1.00,1.497,False,None,0.000,False
1056.768,2,en_route_pickup,-0.996,2.266,3.000,1.500,joint_grid_transaction,758,758,2,13,43,0.000,1.00,-0.092,False,None,0.000,False
1056.768,3,en_route_delivery,5.944,-1.029,6.000,-3.500,joint_grid_transaction,758,758,1,11,39,0.000,1.00,1.620,False,None,0.000,False
1056.768,4,en_route_pickup,-0.478,2.989,-1.000,1.500,joint_grid_transaction,758,758,2,10,51,0.000,0.55,-3.046,False,None,0.000,False
1056.768,5,returning_to_charge,-7.700,0.214,-8.500,0.000,joint_grid_transaction,758,758,1,5,None,0.000,1.00,-1.499,False,joint_slot_deadline,1056.788,False
1056.768,6,en_route_delivery,-1.480,-1.982,0.000,-3.500,joint_grid_transaction,758,758,2,13,42,0.000,1.00,-3.046,False,None,0.000,False
1056.768,7,en_route_delivery,-4.277,1.216,0.000,-3.500,joint_grid_transaction,758,758,2,13,45,0.000,1.00,1.449,False,joint_slot_deadline,1056.788,False
1056.768,8,en_route_delivery,4.201,0.174,0.000,-3.500,joint_grid_transaction,758,758,2,13,35,0.000,1.00,1.662,False,None,0.000,False
1058.816,1,en_route_delivery,4.314,-0.619,-3.000,1.500,joint_grid_transaction,758,758,3,13,40,0.000,1.00,1.582,False,None,0.000,False
1058.816,2,en_route_pickup,-0.774,2.287,3.000,1.500,joint_grid_transaction,758,758,3,13,43,0.000,1.00,-0.093,False,None,0.000,False
1058.816,3,en_route_delivery,5.933,-1.258,6.000,-3.500,joint_grid_transaction,758,758,2,11,39,0.000,1.00,1.599,False,None,0.000,False
1058.816,4,en_route_pickup,-0.498,2.990,-1.000,1.500,_priority_yield_direct,759,758,0,1,51,1059.532,0.40,2.834,False,None,0.000,False
1058.816,5,returning_to_charge,-7.869,0.110,-8.500,0.000,joint_grid_transaction,758,758,3,5,None,0.000,1.00,-2.652,False,None,0.000,False
1058.816,6,en_route_delivery,-1.749,-1.956,0.000,-3.500,joint_grid_transaction,758,758,3,13,42,0.000,1.00,-3.049,False,None,0.000,False
1058.816,7,en_route_delivery,-4.242,0.887,0.000,-3.500,joint_grid_transaction,758,758,4,13,45,0.000,1.00,1.475,False,None,0.000,False
1058.816,8,en_route_delivery,4.187,0.398,0.000,-3.500,joint_grid_transaction,758,758,3,13,35,0.000,1.00,1.630,False,None,0.000,False
1060.864,1,en_route_delivery,4.293,-0.295,-3.000,1.500,joint_grid_transaction,758,758,4,13,40,0.000,1.00,1.688,False,None,0.000,False
1060.864,2,en_route_pickup,-0.533,2.310,3.000,1.500,joint_grid_transaction,758,758,4,13,43,0.000,1.00,-0.092,False,None,0.000,False
1060.864,3,en_route_delivery,5.950,-1.551,6.000,-3.500,joint_grid_transaction,758,758,4,11,39,0.000,1.00,1.460,False,None,0.000,False
1060.864,4,en_route_pickup,-0.493,2.988,-1.000,1.500,_priority_yield_direct,759,758,0,1,51,1061.532,0.40,2.747,False,None,0.000,False
1060.864,5,charging,-8.234,0.016,-8.500,0.000,joint_grid_transaction,758,758,4,0,None,0.000,1.00,-3.044,False,None,0.000,False
1060.864,6,en_route_delivery,-1.979,-1.937,0.000,-3.500,joint_grid_transaction,758,758,4,13,42,0.000,1.00,-3.075,False,None,0.000,False
1060.864,7,en_route_delivery,-4.215,0.598,0.000,-3.500,joint_grid_transaction,758,758,5,13,45,0.000,1.00,1.477,False,None,0.000,False
1060.864,8,en_route_delivery,4.185,0.629,0.000,-3.500,joint_grid_transaction,758,758,4,13,35,0.000,1.00,1.538,False,None,0.000,False
1062.912,1,en_route_delivery,4.254,0.066,-3.000,1.500,joint_grid_transaction,762,762,1,4,40,0.000,1.00,1.665,False,None,0.000,False
1062.912,2,en_route_pickup,-0.318,2.319,3.000,1.500,joint_grid_transaction,762,762,1,4,43,0.000,1.00,-0.115,False,None,0.000,False
1062.912,3,en_route_delivery,5.990,-1.918,6.000,-3.500,joint_grid_transaction,762,762,1,2,39,0.000,1.00,1.473,False,None,0.000,False
1062.912,4,en_route_pickup,-0.483,2.983,-1.000,1.500,joint_grid_transaction,762,762,1,2,51,1063.532,0.40,2.615,False,None,0.000,False
1062.912,5,charging,-8.281,0.011,-8.500,0.000,joint_grid_transaction,758,758,5,0,None,0.000,1.00,-3.045,False,None,0.000,False
1062.912,6,en_route_delivery,-2.171,-1.939,0.000,-3.500,joint_grid_transaction,762,762,1,2,42,0.000,1.00,2.739,False,None,0.000,False
1062.912,7,en_route_delivery,-4.192,0.345,0.000,-3.500,joint_grid_transaction,762,762,1,9,45,0.000,1.00,1.483,False,None,0.000,False
1062.912,8,en_route_delivery,4.222,0.910,0.000,-3.500,joint_grid_transaction,762,762,1,4,35,0.000,1.00,1.078,False,None,0.000,False
1064.960,1,en_route_delivery,4.232,0.304,-3.000,1.500,joint_grid_transaction,762,762,1,4,40,0.000,1.00,1.663,True,None,0.000,True
1064.960,2,en_route_pickup,0.027,2.432,3.000,1.500,joint_grid_transaction,762,762,1,4,43,0.000,1.00,-0.384,False,None,0.000,False
1064.960,3,en_route_delivery,6.021,-2.241,6.000,-3.500,joint_grid_transaction,762,762,1,2,39,0.000,1.00,1.476,False,None,0.000,False
1064.960,4,en_route_pickup,-0.469,2.973,-1.000,1.500,joint_grid_transaction,762,762,1,2,51,1065.532,0.40,2.477,False,None,0.000,False
1064.960,5,en_route_pickup,-8.281,0.011,-6.000,3.500,joint_grid_transaction,758,758,5,1,46,0.000,1.00,-3.045,False,None,0.000,False
1064.960,6,en_route_delivery,-2.292,-2.182,0.000,-3.500,joint_grid_transaction,762,762,1,2,42,0.000,1.00,2.106,False,None,0.000,False
1064.960,7,en_route_delivery,-4.164,0.026,0.000,-3.500,joint_grid_transaction,762,762,1,9,45,0.000,1.00,1.484,False,None,0.000,False
1064.960,8,en_route_delivery,4.280,0.850,0.000,-3.500,joint_grid_transaction,762,762,1,4,35,1065.020,0.40,0.449,False,None,0.000,False
1067.008,1,en_route_delivery,4.232,0.304,-3.000,1.500,joint_grid_transaction,764,764,0,13,40,0.000,1.00,1.663,True,None,0.000,True
1067.008,2,en_route_pickup,0.229,2.460,3.000,1.500,joint_grid_transaction,764,764,1,3,43,0.000,1.00,-0.101,False,None,0.000,False
1067.008,3,en_route_delivery,6.050,-2.549,6.000,-3.500,joint_grid_transaction,764,764,1,2,39,0.000,1.00,1.479,False,None,0.000,False
1067.008,4,en_route_pickup,-0.457,2.962,-1.000,1.500,joint_grid_transaction,764,764,1,2,51,1067.532,0.40,2.369,False,None,0.000,False
1067.008,5,en_route_pickup,-8.188,0.102,-6.000,3.500,joint_grid_transaction,764,764,1,2,46,0.000,1.00,1.261,False,None,0.000,False
1067.008,6,en_route_delivery,-2.483,-2.514,0.000,-3.500,joint_grid_transaction,764,764,1,2,42,0.000,1.00,2.089,False,None,0.000,False
1067.008,7,en_route_delivery,-4.138,-0.275,0.000,-3.500,joint_grid_transaction,764,764,1,7,45,0.000,1.00,1.485,False,None,0.000,False
1067.008,8,en_route_delivery,4.281,0.849,0.000,-3.500,joint_grid_transaction,764,764,1,12,35,0.000,1.00,0.434,True,None,0.000,True
1069.056,1,en_route_delivery,4.232,0.304,-3.000,1.500,joint_grid_transaction,765,765,0,13,40,1069.324,0.65,1.663,True,None,0.000,True
1069.056,2,en_route_pickup,0.439,2.481,3.000,1.500,joint_grid_transaction,765,765,1,3,43,0.000,1.00,-0.093,False,None,0.000,False
1069.056,3,en_route_delivery,6.075,-2.831,6.000,-3.500,joint_grid_transaction,765,765,1,2,39,0.000,1.00,1.481,False,None,0.000,False
1069.056,4,en_route_pickup,-0.446,2.951,-1.000,1.500,joint_grid_transaction,765,765,1,2,51,1069.532,0.40,2.271,False,None,0.000,False
1069.056,5,en_route_pickup,-8.001,0.431,-6.000,3.500,joint_grid_transaction,765,765,1,2,46,0.000,1.00,0.998,False,None,0.000,False
1069.056,6,en_route_delivery,-2.672,-2.847,0.000,-3.500,joint_grid_transaction,765,765,1,2,42,0.000,1.00,2.088,False,None,0.000,False
1069.056,7,en_route_delivery,-4.114,-0.561,0.000,-3.500,joint_grid_transaction,765,765,1,7,45,0.000,1.00,1.486,False,None,0.000,False
1069.056,8,en_route_delivery,4.282,0.848,0.000,-3.500,joint_grid_transaction,765,765,1,12,35,1069.324,0.40,0.421,True,None,0.000,True
1071.104,1,en_route_delivery,4.232,0.304,-3.000,1.500,joint_grid_transaction,767,767,0,13,40,1071.324,0.65,1.663,True,None,0.000,True
1071.104,2,en_route_pickup,0.639,2.496,3.000,1.500,joint_grid_transaction,767,767,1,3,43,0.000,1.00,-0.068,False,None,0.000,False
1071.104,3,en_route_pickup,6.079,-2.989,3.000,-1.500,joint_grid_transaction,767,767,1,3,47,0.000,1.00,2.156,False,None,0.000,False
1071.104,4,en_route_pickup,-0.537,2.768,-1.000,1.500,joint_grid_transaction,767,767,1,2,51,0.000,1.00,1.960,False,None,0.000,False
1071.104,5,en_route_pickup,-7.793,0.752,-6.000,3.500,joint_grid_transaction,767,767,1,2,46,0.000,1.00,0.993,False,None,0.000,False
1071.104,6,en_route_delivery,-2.862,-3.180,0.000,-3.500,joint_grid_transaction,767,767,1,2,42,0.000,1.00,2.088,False,None,0.000,False
1071.104,7,en_route_delivery,-4.091,-0.827,0.000,-3.500,joint_grid_transaction,767,767,1,5,45,0.000,1.00,1.486,False,None,0.000,False
1071.104,8,en_route_delivery,4.282,0.848,0.000,-3.500,joint_grid_transaction,767,767,1,12,35,1071.324,0.40,0.418,True,None,0.000,True
1073.152,1,en_route_delivery,4.232,0.304,-3.000,1.500,joint_grid_transaction,768,768,0,13,40,1073.324,0.65,1.663,True,None,0.000,True
1073.152,2,en_route_pickup,0.831,2.505,3.000,1.500,joint_grid_transaction,768,768,1,3,43,0.000,1.00,-0.038,False,None,0.000,False
1073.152,3,en_route_pickup,5.865,-2.972,3.000,-1.500,joint_grid_transaction,768,768,1,3,47,0.000,1.00,3.041,False,None,0.000,False
1073.152,4,en_route_pickup,-0.671,2.410,-1.000,1.500,joint_grid_transaction,768,768,1,2,51,0.000,1.00,1.919,False,None,0.000,False
1073.152,5,en_route_pickup,-7.583,1.073,-6.000,3.500,joint_grid_transaction,768,768,1,2,46,0.000,1.00,0.993,False,None,0.000,False
1073.152,6,en_route_delivery,-3.051,-3.513,0.000,-3.500,joint_grid_transaction,768,768,1,2,42,0.000,1.00,2.088,False,None,0.000,False
1073.152,7,en_route_delivery,-4.071,-1.065,0.000,-3.500,joint_grid_transaction,768,768,1,4,45,0.000,1.00,1.487,False,None,0.000,False
1073.152,8,en_route_delivery,4.282,0.848,0.000,-3.500,joint_grid_transaction,768,768,1,11,35,1073.324,0.40,0.415,True,None,0.000,True
1075.200,1,en_route_delivery,4.231,0.298,-3.000,1.500,_command_reverse,771,768,0,1,40,1075.324,0.40,1.864,False,None,0.000,False
1075.200,2,en_route_pickup,1.027,2.510,3.000,1.500,joint_grid_transaction,768,768,1,3,43,0.000,1.00,-0.007,False,None,0.000,False
1075.200,3,en_route_pickup,5.674,-2.985,3.000,-1.500,joint_grid_transaction,768,768,1,3,47,0.000,1.00,3.095,False,None,0.000,False
1075.200,4,en_route_delivery,-0.801,2.050,0.000,3.500,joint_grid_transaction,768,768,1,1,51,0.000,1.00,1.918,False,None,0.000,False
1075.200,5,en_route_pickup,-7.374,1.394,-6.000,3.500,joint_grid_transaction,768,768,1,2,46,0.000,1.00,0.993,False,None,0.000,False
1075.200,6,en_route_delivery,-3.241,-3.845,0.000,-3.500,joint_grid_transaction,768,768,1,2,42,0.000,1.00,2.088,False,None,0.000,False
1075.200,7,en_route_delivery,-4.058,-1.263,0.000,-3.500,joint_grid_transaction,768,768,1,4,45,0.000,1.00,1.528,False,None,0.000,False
1075.200,8,en_route_delivery,4.285,0.846,0.000,-3.500,joint_grid_transaction,768,768,1,11,35,1075.324,0.65,0.372,False,None,0.000,True
1077.248,1,en_route_delivery,4.165,0.225,-3.000,1.500,_command_reverse,771,768,0,1,40,1077.324,0.65,2.716,False,None,0.000,False
1077.248,2,en_route_pickup,1.240,2.504,3.000,1.500,joint_grid_transaction,768,768,1,3,43,0.000,1.00,-0.038,False,None,0.000,False
1077.248,3,en_route_pickup,5.478,-2.987,3.000,-1.500,joint_grid_transaction,768,768,1,3,47,0.000,1.00,-3.125,False,None,0.000,False
1077.248,4,en_route_delivery,-0.925,1.706,0.000,3.500,joint_grid_transaction,768,768,1,1,51,0.000,1.00,1.918,False,None,0.000,False
1077.248,5,en_route_pickup,-7.165,1.714,-6.000,3.500,joint_grid_transaction,768,768,1,2,46,0.000,1.00,0.993,False,None,0.000,False
1077.248,6,en_route_delivery,-3.325,-3.993,0.000,-3.500,joint_grid_transaction,768,768,1,2,42,0.000,1.00,2.088,False,joint_window_endpoint,1077.620,False
1077.248,7,en_route_delivery,-4.061,-1.464,0.000,-3.500,joint_grid_transaction,768,768,1,4,45,0.000,1.00,1.614,False,None,0.000,False
1077.248,8,en_route_delivery,4.262,0.860,0.000,-3.500,_command_reverse,774,768,0,1,35,1077.324,0.40,0.651,False,None,0.000,False
1079.296,1,en_route_delivery,4.174,0.208,-3.000,1.500,joint_grid_transaction,780,780,1,15,40,1079.324,0.65,-2.592,False,None,0.000,False
1079.296,2,en_route_pickup,1.553,2.435,3.000,1.500,joint_grid_transaction,780,780,1,2,43,0.000,1.00,-0.377,False,None,0.000,False
1079.296,3,en_route_pickup,5.236,-2.953,3.000,-1.500,joint_grid_transaction,780,780,1,4,47,0.000,1.00,3.085,False,None,0.000,False
1079.296,4,en_route_delivery,-0.921,1.696,0.000,3.500,joint_grid_transaction,780,780,1,2,51,0.000,1.00,1.650,False,None,0.000,False
1079.296,5,en_route_pickup,-6.956,2.035,-6.000,3.500,joint_grid_transaction,780,780,1,2,46,0.000,1.00,0.993,False,None,0.000,False
1079.296,6,en_route_delivery,-3.316,-4.010,0.000,-3.500,joint_grid_transaction,780,780,1,5,42,0.000,1.00,1.855,False,None,0.000,False
1079.296,7,en_route_delivery,-4.124,-1.753,0.000,-3.500,joint_grid_transaction,780,780,1,3,45,0.000,1.00,1.665,False,None,0.000,False
1079.296,8,en_route_delivery,4.238,0.882,0.000,-3.500,joint_grid_transaction,780,780,1,5,35,1079.324,0.40,0.855,False,None,0.000,False
1081.344,1,en_route_delivery,4.237,0.295,-3.000,1.500,joint_grid_transaction,781,781,1,20,40,0.000,1.00,1.257,False,None,0.000,False
1081.344,2,en_route_pickup,1.881,2.241,3.000,1.500,joint_grid_transaction,781,781,1,2,43,0.000,1.00,-0.581,False,None,0.000,False
1081.344,3,en_route_pickup,4.998,-3.127,3.000,-1.500,joint_grid_transaction,781,781,1,4,47,0.000,1.00,2.461,False,None,0.000,False
1081.344,4,en_route_delivery,-0.882,1.806,0.000,3.500,joint_grid_transaction,781,781,1,2,51,0.000,1.00,0.725,False,None,0.000,False
1081.344,5,en_route_pickup,-6.747,2.356,-6.000,3.500,joint_grid_transaction,781,781,1,2,46,0.000,1.00,0.993,False,None,0.000,False
1081.344,6,en_route_delivery,-3.135,-3.970,0.000,-3.500,joint_grid_transaction,781,781,1,7,42,0.000,1.00,0.189,False,None,0.000,False
1081.344,7,en_route_delivery,-3.929,-1.795,0.000,-3.500,joint_grid_transaction,781,781,1,3,45,0.000,1.00,0.470,False,None,0.000,False
1081.344,8,en_route_delivery,4.249,0.870,0.000,-3.500,joint_grid_transaction,781,781,1,5,35,1082.524,0.40,0.759,False,None,0.000,False
1083.392,1,en_route_delivery,4.272,0.321,-3.000,1.500,joint_grid_transaction,782,782,0,16,40,0.000,1.00,0.930,True,None,0.000,True
1083.392,2,en_route_pickup,2.200,2.030,3.000,1.500,joint_grid_transaction,782,782,1,2,43,0.000,1.00,-0.585,False,None,0.000,False
1083.392,3,en_route_pickup,4.720,-3.345,3.000,-1.500,joint_grid_transaction,782,782,1,3,47,0.000,1.00,2.576,False,None,0.000,False
1083.392,4,en_route_delivery,-0.710,2.107,0.000,3.500,joint_grid_transaction,782,782,1,2,51,0.000,1.00,1.091,False,None,0.000,False
1083.392,5,en_route_pickup,-6.537,2.676,-6.000,3.500,joint_grid_transaction,782,782,1,2,46,0.000,1.00,0.993,False,None,0.000,False
1083.392,6,en_route_delivery,-2.875,-3.937,0.000,-3.500,joint_grid_transaction,782,782,2,6,42,0.000,1.00,0.533,False,None,0.000,False
1083.392,7,en_route_delivery,-3.583,-1.957,0.000,-3.500,joint_grid_transaction,782,782,1,3,45,0.000,1.00,0.429,False,None,0.000,False
1083.392,8,en_route_delivery,4.250,0.870,0.000,-3.500,joint_grid_transaction,782,782,1,8,35,1084.028,0.40,0.756,True,None,0.000,True
1085.440,1,en_route_delivery,4.272,0.321,-3.000,1.500,joint_grid_transaction,783,783,0,11,40,0.000,0.65,0.930,True,None,0.000,True
1085.440,2,en_route_delivery,2.519,1.819,-6.000,3.500,joint_grid_transaction,783,783,1,6,43,0.000,1.00,-0.585,False,None,0.000,False
1085.440,3,en_route_pickup,4.435,-3.440,3.000,-1.500,joint_grid_transaction,783,783,1,3,47,0.000,1.00,3.054,False,None,0.000,False
1085.440,4,en_route_delivery,-0.536,2.448,0.000,3.500,joint_grid_transaction,783,783,1,2,51,0.000,1.00,1.100,False,None,0.000,False
1085.440,5,en_route_pickup,-6.328,2.997,-6.000,3.500,joint_grid_transaction,783,783,1,2,46,0.000,1.00,0.993,False,None,0.000,False
1085.440,6,en_route_delivery,-2.733,-3.745,0.000,-3.500,joint_grid_transaction,783,783,1,2,42,0.000,1.00,1.616,False,None,0.000,False
1085.440,7,en_route_delivery,-3.275,-2.061,0.000,-3.500,joint_grid_transaction,783,783,1,8,45,0.000,1.00,0.063,False,None,0.000,False
1085.440,8,en_route_delivery,4.250,0.870,0.000,-3.500,joint_grid_transaction,783,783,1,13,35,0.000,0.40,0.754,True,None,0.000,True
1087.488,1,en_route_delivery,4.272,0.321,-3.000,1.500,joint_grid_transaction,786,786,0,12,40,0.000,0.65,0.930,True,None,0.000,True
1087.488,2,en_route_delivery,2.699,1.725,-6.000,3.500,joint_grid_transaction,786,786,1,6,43,0.000,1.00,-0.616,False,None,0.000,False
1087.488,3,en_route_pickup,4.211,-3.459,3.000,-1.500,joint_grid_transaction,786,786,1,3,47,0.000,1.00,3.057,False,None,0.000,False
1087.488,4,en_route_delivery,-0.362,2.789,0.000,3.500,joint_grid_transaction,786,786,1,2,51,0.000,1.00,1.100,False,None,0.000,False
1087.488,5,en_route_delivery,-6.146,3.132,1.000,1.500,joint_grid_transaction,786,786,1,3,46,0.000,1.00,0.281,False,None,0.000,False
1087.488,6,en_route_delivery,-2.890,-3.862,0.000,-3.500,joint_grid_transaction,786,786,1,2,42,0.000,1.00,-2.763,False,None,0.000,False
1087.488,7,en_route_delivery,-2.973,-2.079,0.000,-3.500,joint_grid_transaction,786,786,1,2,45,0.000,1.00,0.066,False,None,0.000,False
1087.488,8,en_route_delivery,4.250,0.869,0.000,-3.500,joint_grid_transaction,786,786,1,13,35,0.000,0.40,0.752,True,None,0.000,True
1089.536,1,en_route_delivery,4.272,0.321,-3.000,1.500,joint_grid_transaction,788,788,0,15,40,1089.820,0.65,0.930,True,None,0.000,True
1089.536,2,en_route_delivery,2.582,1.799,-6.000,3.500,joint_grid_transaction,788,788,2,11,43,0.000,1.00,-2.249,False,None,0.000,False
1089.536,3,en_route_pickup,4.022,-3.468,3.000,-1.500,joint_grid_transaction,788,788,1,3,47,0.000,1.00,3.118,False,None,0.000,False
1089.536,4,en_route_pickup,-0.189,3.038,1.000,1.500,joint_grid_transaction,788,788,1,2,71,0.000,1.00,0.739,False,None,0.000,False
1089.536,5,en_route_delivery,-5.888,3.156,1.000,1.500,joint_grid_transaction,788,788,1,4,46,0.000,1.00,0.452,False,None,0.000,False
1089.536,6,en_route_delivery,-3.222,-4.049,0.000,-3.500,joint_grid_transaction,788,788,1,2,42,0.000,1.00,-2.582,False,None,0.000,False
1089.536,7,en_route_delivery,-2.663,-2.101,0.000,-3.500,joint_grid_transaction,788,788,1,2,45,0.000,1.00,0.072,False,None,0.000,False
1089.536,8,en_route_delivery,4.250,0.869,0.000,-3.500,joint_grid_transaction,788,788,1,13,35,1089.820,0.40,0.749,True,None,0.000,True
1091.584,1,en_route_delivery,4.272,0.321,-3.000,1.500,joint_grid_transaction,789,789,0,15,40,1091.820,0.65,0.930,True,None,0.000,True
1091.584,2,en_route_delivery,2.286,1.956,-6.000,3.500,joint_grid_transaction,789,789,2,12,43,0.000,1.00,-2.904,False,None,0.000,False
1091.584,3,en_route_pickup,3.808,-3.456,3.000,-1.500,joint_grid_transaction,789,789,1,3,47,0.000,1.00,-3.055,False,None,0.000,False
1091.584,4,en_route_pickup,-0.073,2.895,1.000,1.500,joint_grid_transaction,789,789,1,2,71,0.000,1.00,0.850,False,None,0.000,False
1091.584,5,en_route_delivery,-5.848,2.902,1.000,1.500,joint_grid_transaction,789,789,1,4,46,0.000,1.00,1.231,False,None,0.000,False
1091.584,6,en_route_delivery,-3.250,-4.067,0.000,-3.500,joint_grid_transaction,789,789,1,2,42,0.000,1.00,-2.575,False,joint_window_endpoint,1092.020,False
1091.584,7,en_route_delivery,-2.342,-2.124,0.000,-3.500,joint_grid_transaction,789,789,1,2,45,0.000,1.00,0.075,False,None,0.000,False
1091.584,8,en_route_delivery,4.251,0.869,0.000,-3.500,joint_grid_transaction,789,789,1,13,35,1091.820,0.40,0.747,True,None,0.000,True
1093.632,1,en_route_delivery,4.449,0.289,-3.000,1.500,_joint_stall_recovery,791,789,0,7,40,0.000,1.00,0.064,False,None,0.000,False
1093.632,2,en_route_delivery,2.022,2.115,-6.000,3.500,joint_grid_transaction,789,789,3,12,43,0.000,1.00,-2.452,False,None,0.000,False
1093.632,3,en_route_pickup,3.470,-3.351,3.000,-1.500,joint_grid_transaction,789,789,1,3,47,0.000,1.00,-2.735,False,None,0.000,False
1093.632,4,en_route_pickup,0.164,2.595,1.000,1.500,joint_grid_transaction,789,789,1,2,71,0.000,1.00,0.917,False,None,0.000,False
1093.632,5,en_route_delivery,-5.727,2.539,1.000,1.500,joint_grid_transaction,789,789,1,4,46,0.000,1.00,1.256,False,None,0.000,False
1093.632,6,en_route_delivery,-3.250,-4.067,0.000,-3.500,joint_grid_transaction,789,789,1,2,42,0.000,1.00,-2.575,False,joint_window_endpoint,1094.100,False
1093.632,7,en_route_delivery,-2.030,-2.148,0.000,-3.500,joint_grid_transaction,789,789,1,2,45,0.000,1.00,0.077,False,None,0.000,False
1093.632,8,en_route_delivery,4.254,0.866,0.000,-3.500,joint_grid_transaction,789,789,1,13,35,1094.028,0.40,0.717,False,None,0.000,False
1095.680,1,en_route_delivery,4.748,0.308,-3.000,1.500,_joint_stall_recovery,791,789,0,7,40,0.000,1.00,0.067,False,None,0.000,False
1095.680,2,en_route_delivery,1.731,2.364,-6.000,3.500,joint_grid_transaction,789,789,3,12,43,0.000,1.00,-2.426,False,None,0.000,False
1095.680,3,en_route_pickup,3.426,-3.113,3.000,-1.500,joint_grid_transaction,789,789,2,3,47,0.000,1.00,-1.871,False,None,0.000,False
1095.680,4,en_route_pickup,0.397,2.291,1.000,1.500,joint_grid_transaction,789,789,1,2,71,0.000,1.00,0.919,False,None,0.000,False
1095.680,5,en_route_delivery,-5.609,2.175,1.000,1.500,joint_grid_transaction,789,789,1,4,46,0.000,1.00,1.256,False,None,0.000,False
1095.680,6,en_route_delivery,-3.250,-4.067,0.000,-3.500,joint_grid_transaction,789,789,1,2,42,0.000,1.00,-2.575,False,joint_window_endpoint,1096.020,False
1095.680,7,en_route_delivery,-1.729,-2.171,0.000,-3.500,joint_grid_transaction,789,789,1,2,45,0.000,1.00,0.078,False,None,0.000,False
1095.680,8,en_route_delivery,4.255,0.865,0.000,-3.500,joint_grid_transaction,789,789,1,13,35,0.000,0.40,0.707,False,None,0.000,False
1097.728,1,en_route_delivery,4.914,0.351,-3.000,1.500,joint_grid_transaction,796,796,1,13,40,0.000,1.00,0.644,False,None,0.000,False
1097.728,2,en_route_delivery,1.444,2.616,-6.000,3.500,joint_grid_transaction,796,796,1,4,43,0.000,1.00,-2.397,False,None,0.000,False
1097.728,3,en_route_pickup,3.325,-2.744,3.000,-1.500,joint_grid_transaction,796,796,1,2,47,0.000,1.00,-1.828,False,None,0.000,False
1097.728,4,en_route_pickup,0.629,1.986,1.000,1.500,joint_grid_transaction,796,796,1,2,71,0.000,1.00,0.919,False,None,0.000,False
1097.728,5,en_route_delivery,-5.481,1.954,1.000,1.500,joint_grid_transaction,796,796,1,2,46,0.000,1.00,0.706,False,None,0.000,False
1097.728,6,en_route_delivery,-3.251,-4.068,0.000,-3.500,joint_grid_transaction,796,796,1,2,42,0.000,1.00,-2.571,False,joint_window_endpoint,1098.100,False
1097.728,7,en_route_delivery,-1.514,-2.201,0.000,-3.500,joint_grid_transaction,796,796,1,2,45,0.000,1.00,0.465,False,None,0.000,False
1097.728,8,en_route_delivery,4.296,0.838,0.000,-3.500,joint_grid_transaction,796,796,1,7,35,1098.028,0.40,0.157,False,None,0.000,False
1099.776,1,en_route_delivery,5.179,0.625,-3.000,1.500,joint_grid_transaction,796,796,1,13,40,0.000,1.00,0.856,False,None,0.000,False
1099.776,2,en_route_delivery,1.165,2.879,-6.000,3.500,joint_grid_transaction,796,796,1,4,43,0.000,1.00,-2.381,False,None,0.000,False
1099.776,3,en_route_pickup,3.228,-2.373,3.000,-1.500,joint_grid_transaction,796,796,1,2,47,0.000,1.00,-1.827,False,None,0.000,False
1099.776,4,en_route_delivery,0.861,1.682,0.000,3.500,joint_grid_transaction,796,796,1,1,71,0.000,1.00,0.919,False,None,0.000,False
1099.776,5,en_route_delivery,-5.224,1.959,1.000,1.500,joint_grid_transaction,796,796,1,2,46,0.000,1.00,0.058,False,None,0.000,False
1099.776,6,en_route_delivery,-3.217,-4.012,0.000,-3.500,_joint_stall_recovery,799,796,3,9,42,0.000,1.00,2.243,False,None,0.000,False
1099.776,7,en_route_delivery,-1.214,-2.434,0.000,-3.500,joint_grid_transaction,796,796,1,2,45,0.000,1.00,0.716,False,None,0.000,False
1099.776,8,en_route_delivery,4.292,0.837,0.000,-3.500,joint_grid_transaction,796,796,1,7,35,0.000,0.40,0.268,False,None,0.000,False
1101.824,1,en_route_delivery,5.348,0.822,-3.000,1.500,joint_grid_transaction,796,796,1,13,40,0.000,0.40,0.863,False,None,0.000,False
1101.824,2,en_route_delivery,0.888,3.143,-6.000,3.500,joint_grid_transaction,796,796,1,4,43,0.000,1.00,-2.381,False,None,0.000,False
1101.824,3,en_route_delivery,3.132,-2.003,6.000,3.500,joint_grid_transaction,796,796,1,6,47,0.000,1.00,-1.827,False,None,0.000,False
1101.824,4,en_route_delivery,0.867,1.675,0.000,3.500,joint_grid_transaction,796,796,2,1,71,0.000,1.00,0.919,False,None,0.000,False
1101.824,5,en_route_delivery,-4.930,1.941,1.000,1.500,joint_grid_transaction,796,796,1,2,46,0.000,1.00,0.064,False,None,0.000,False
1101.824,6,en_route_delivery,-3.068,-3.901,0.000,-3.500,_joint_stall_recovery,799,796,3,9,42,0.000,1.00,0.680,False,None,0.000,False
1101.824,7,en_route_delivery,-0.926,-2.686,0.000,-3.500,joint_grid_transaction,796,796,1,2,45,0.000,1.00,0.721,False,None,0.000,False
1101.824,8,en_route_delivery,4.228,0.712,0.000,-3.500,joint_grid_transaction,796,796,1,7,35,0.000,1.00,1.387,False,None,0.000,False
1103.872,1,en_route_delivery,5.338,0.875,-3.000,1.500,joint_grid_transaction,805,805,1,9,40,0.000,0.40,1.707,False,None,0.000,False
1103.872,2,en_route_delivery,0.661,3.286,-6.000,3.500,joint_grid_transaction,805,805,2,9,43,0.000,1.00,-2.936,False,None,0.000,False
1103.872,3,en_route_delivery,3.100,-1.811,6.000,3.500,joint_grid_transaction,805,805,1,9,47,0.000,1.00,-0.813,False,None,0.000,False
1103.872,4,en_route_delivery,0.922,1.723,0.000,3.500,joint_grid_transaction,805,805,1,9,71,0.000,0.85,0.350,False,None,0.000,False
1103.872,5,en_route_delivery,-4.676,1.932,1.000,1.500,joint_grid_transaction,805,805,2,9,46,0.000,1.00,0.034,False,None,0.000,False
1103.872,6,en_route_delivery,-2.922,-3.693,0.000,-3.500,joint_grid_transaction,805,805,1,5,42,0.000,1.00,1.500,False,None,0.000,False
1103.872,7,en_route_delivery,-0.688,-2.824,0.000,-3.500,joint_grid_transaction,805,805,2,7,45,0.000,1.00,0.127,False,None,0.000,False
1103.872,8,en_route_delivery,4.259,0.369,0.000,-3.500,joint_grid_transaction,805,805,2,9,35,0.000,1.00,1.492,False,None,0.000,False
1105.920,1,en_route_delivery,5.173,0.898,-3.000,1.500,joint_grid_transaction,807,807,1,9,40,0.000,1.00,3.078,False,None,0.000,False
1105.920,2,en_route_delivery,0.430,3.307,-6.000,3.500,joint_grid_transaction,807,807,2,9,43,0.000,1.00,-3.089,False,None,0.000,False
1105.920,3,en_route_delivery,3.155,-1.851,6.000,3.500,joint_grid_transaction,807,807,2,9,47,0.000,1.00,-0.104,False,None,0.000,False
1105.920,4,en_route_delivery,0.896,1.832,0.000,3.500,joint_grid_transaction,807,807,2,9,71,0.000,1.00,1.753,False,None,0.000,False
1105.920,5,en_route_delivery,-4.353,1.969,1.000,1.500,joint_grid_transaction,807,807,2,9,46,0.000,1.00,0.126,False,None,0.000,False
1105.920,6,en_route_delivery,-3.129,-3.743,0.000,-3.500,joint_grid_transaction,807,807,2,5,42,0.000,1.00,3.049,False,None,0.000,False
1105.920,7,en_route_delivery,-0.508,-2.833,0.000,-3.500,joint_grid_transaction,807,807,1,6,45,0.000,1.00,0.018,False,None,0.000,False
1105.920,8,en_route_delivery,4.278,0.129,0.000,-3.500,joint_grid_transaction,807,807,2,9,35,0.000,1.00,1.488,False,None,0.000,False
1107.968,1,en_route_delivery,4.910,0.797,-3.000,1.500,joint_grid_transaction,807,807,3,9,40,0.000,1.00,-2.915,False,None,0.000,False
1107.968,2,en_route_delivery,0.212,3.318,-6.000,3.500,joint_grid_transaction,807,807,2,9,43,0.000,1.00,3.134,False,None,0.000,False
1107.968,3,en_route_delivery,3.491,-1.949,6.000,3.500,joint_grid_transaction,807,807,3,9,47,0.000,1.00,-0.224,False,None,0.000,False
1107.968,4,en_route_delivery,0.774,1.865,0.000,3.500,joint_grid_transaction,807,807,3,9,71,0.000,1.00,2.569,False,None,0.000,False
1107.968,5,en_route_delivery,-4.035,2.004,1.000,1.500,joint_grid_transaction,807,807,3,9,46,0.000,1.00,0.106,False,None,0.000,False
1107.968,6,en_route_delivery,-3.322,-3.790,0.000,-3.500,joint_grid_transaction,807,807,3,5,42,0.000,1.00,-2.423,False,None,0.000,False
1107.968,7,en_route_delivery,-0.207,-2.796,0.000,-3.500,joint_grid_transaction,807,807,3,6,45,0.000,1.00,0.114,False,None,0.000,False
1107.968,8,en_route_delivery,4.300,-0.133,0.000,-3.500,joint_grid_transaction,807,807,3,9,35,0.000,1.00,1.486,False,None,0.000,False
1110.016,1,en_route_delivery,4.549,0.752,-3.000,1.500,joint_grid_transaction,807,807,4,9,40,0.000,1.00,-3.048,False,None,0.000,False
1110.016,2,en_route_delivery,-0.114,3.293,-6.000,3.500,joint_grid_transaction,807,807,4,9,43,0.000,1.00,3.031,False,None,0.000,False
1110.016,3,en_route_delivery,3.853,-1.997,6.000,3.500,joint_grid_transaction,807,807,5,9,47,0.000,1.00,-0.095,False,None,0.000,False
1110.016,4,en_route_delivery,0.417,1.981,0.000,3.500,joint_grid_transaction,807,807,5,9,71,0.000,1.00,3.027,False,None,0.000,False
1110.016,5,en_route_delivery,-3.748,2.033,1.000,1.500,joint_grid_transaction,807,807,4,9,46,0.000,1.00,0.100,False,None,0.000,False
1110.016,6,en_route_delivery,-3.445,-4.040,0.000,-3.500,joint_grid_transaction,807,807,4,5,42,0.000,1.00,-1.881,False,joint_window_endpoint,1110.420,False
1110.016,7,en_route_pickup,-0.099,-2.980,1.000,-1.500,joint_grid_transaction,807,807,4,1,70,0.000,1.00,1.108,False,None,0.000,False
1110.016,8,en_route_delivery,4.312,-0.354,0.000,-3.500,joint_grid_transaction,807,807,4,9,35,0.000,1.00,1.549,False,None,0.000,False
1112.064,1,en_route_delivery,4.397,0.842,-3.000,1.500,joint_grid_transaction,809,809,3,9,40,0.000,1.00,2.253,False,None,0.000,False
1112.064,2,en_route_delivery,-0.391,3.261,-6.000,3.500,joint_grid_transaction,809,809,3,9,43,0.000,1.00,3.036,False,None,0.000,False
1112.064,3,en_route_delivery,4.124,-2.023,6.000,3.500,joint_grid_transaction,809,809,3,9,47,0.000,1.00,-0.097,False,None,0.000,False
1112.064,4,en_route_delivery,0.219,2.023,0.000,3.500,joint_grid_transaction,809,809,3,9,71,0.000,1.00,2.564,False,None,0.000,False
1112.064,5,en_route_delivery,-3.511,2.057,1.000,1.500,joint_grid_transaction,809,809,2,9,46,0.000,1.00,0.081,False,None,0.000,False
1112.064,6,en_route_delivery,-3.304,-3.987,0.000,-3.500,joint_grid_transaction,809,809,2,9,42,0.000,1.00,-0.215,False,None,0.000,False
1112.064,7,en_route_pickup,0.146,-2.998,1.000,-1.500,joint_grid_transaction,809,809,2,8,70,0.000,1.00,0.103,False,None,0.000,False
1112.064,8,en_route_delivery,4.315,-0.594,0.000,-3.500,joint_grid_transaction,809,809,3,9,35,0.000,1.00,1.580,False,None,0.000,False
1114.112,1,en_route_delivery,4.335,0.964,-3.000,1.500,joint_grid_transaction,810,810,2,8,40,0.000,1.00,1.988,False,None,0.000,False
1114.112,2,en_route_delivery,-0.704,3.228,-6.000,3.500,joint_grid_transaction,810,810,2,9,43,0.000,1.00,3.042,False,None,0.000,False
1114.112,3,en_route_delivery,4.387,-2.048,6.000,3.500,joint_grid_transaction,810,810,2,9,47,0.000,1.00,-0.095,False,None,0.000,False
1114.112,4,en_route_delivery,0.157,2.099,0.000,3.500,joint_grid_transaction,810,810,3,8,71,0.000,1.00,2.267,False,None,0.000,False
1114.112,5,en_route_delivery,-3.284,2.066,1.000,1.500,joint_grid_transaction,810,810,2,9,46,0.000,1.00,0.057,False,None,0.000,False
1114.112,6,en_route_delivery,-2.972,-4.019,0.000,-3.500,joint_grid_transaction,810,810,2,9,42,0.000,1.00,-0.077,False,None,0.000,False
1114.112,7,en_route_pickup,0.465,-3.024,1.000,-1.500,joint_grid_transaction,810,810,2,9,70,0.000,1.00,0.078,False,None,0.000,False
1114.112,8,en_route_delivery,4.306,-0.806,0.000,-3.500,joint_grid_transaction,810,810,2,8,35,0.000,0.85,1.636,False,None,0.000,False
1116.160,1,en_route_delivery,4.269,1.208,-3.000,1.500,joint_grid_transaction,810,810,3,8,40,0.000,1.00,1.694,False,None,0.000,False
1116.160,2,en_route_delivery,-0.966,3.202,-6.000,3.500,joint_grid_transaction,810,810,3,9,43,0.000,1.00,3.045,False,None,0.000,False
1116.160,3,en_route_delivery,4.605,-2.061,6.000,3.500,joint_grid_transaction,810,810,3,9,47,0.000,1.00,-0.034,False,None,0.000,False
1116.160,4,en_route_delivery,0.028,2.440,0.000,3.500,joint_grid_transaction,810,810,4,8,71,0.000,1.00,1.721,False,None,0.000,False
1116.160,5,en_route_delivery,-3.028,2.059,1.000,1.500,joint_grid_transaction,810,810,3,9,46,0.000,1.00,0.059,False,None,0.000,False
1116.160,6,en_route_delivery,-2.694,-4.042,0.000,-3.500,joint_grid_transaction,810,810,4,9,42,0.000,1.00,-0.082,False,None,0.000,False
1116.160,7,en_route_pickup,0.737,-3.046,1.000,-1.500,joint_grid_transaction,810,810,3,9,70,0.000,1.00,0.081,False,None,0.000,False
1116.160,8,en_route_delivery,4.272,-1.110,0.000,-3.500,joint_grid_transaction,810,810,3,8,35,0.000,1.00,1.669,False,None,0.000,False
1118.208,1,en_route_delivery,4.237,1.541,-3.000,1.500,joint_grid_transaction,811,811,2,9,40,0.000,1.00,1.662,False,None,0.000,False
1118.208,2,en_route_delivery,-1.195,3.188,-6.000,3.500,joint_grid_transaction,811,811,2,9,43,0.000,1.00,3.079,False,None,0.000,False
1118.208,3,en_route_delivery,4.828,-2.067,6.000,3.500,joint_grid_transaction,811,811,2,8,47,0.000,1.00,-0.018,False,None,0.000,False
1118.208,4,en_route_delivery,-0.007,2.786,0.000,3.500,joint_grid_transaction,811,811,2,5,71,0.000,1.00,1.662,False,None,0.000,False
1118.208,5,en_route_delivery,-2.663,2.019,1.000,1.500,joint_grid_transaction,811,811,3,9,46,0.000,1.00,0.101,False,None,0.000,False
1118.208,6,en_route_delivery,-2.464,-4.058,0.000,-3.500,joint_grid_transaction,811,811,2,9,42,0.000,1.00,-0.033,False,None,0.000,False
1118.208,7,en_route_pickup,0.873,-2.926,1.000,-1.500,joint_grid_transaction,811,811,2,8,70,0.000,1.00,0.882,False,None,0.000,False
1118.208,8,en_route_delivery,4.260,-1.227,0.000,-3.500,_priority_yield_direct,812,811,0,2,35,0.000,0.70,1.735,False,None,0.000,False
1120.256,1,en_route_delivery,4.212,1.775,-3.000,1.500,joint_grid_transaction,811,811,4,9,40,0.000,1.00,1.927,False,None,0.000,False
1120.256,2,en_route_delivery,-1.436,3.187,-6.000,3.500,joint_grid_transaction,811,811,3,9,43,0.000,1.00,-3.121,False,None,0.000,False
1120.256,3,en_route_delivery,5.052,-2.051,6.000,3.500,joint_grid_transaction,811,811,3,8,47,0.000,0.40,-0.101,False,None,0.000,False
1120.256,4,en_route_pickup,-0.028,3.026,0.000,-3.500,joint_grid_transaction,811,811,3,14,48,0.000,0.55,1.639,False,None,0.000,False
1120.256,5,en_route_delivery,-2.334,1.987,1.000,1.500,joint_grid_transaction,811,811,4,9,46,0.000,1.00,0.096,False,None,0.000,False
1120.256,6,en_route_delivery,-2.236,-4.068,0.000,-3.500,joint_grid_transaction,811,811,3,9,42,0.000,1.00,-0.015,False,None,0.000,False
1120.256,7,en_route_pickup,0.975,-2.596,1.000,-1.500,joint_grid_transaction,811,811,4,8,70,0.000,1.00,1.436,False,None,0.000,False
1120.256,8,en_route_delivery,4.150,-1.453,0.000,-3.500,_priority_yield_direct,812,811,0,2,35,0.000,1.00,2.097,False,None,0.000,False
1122.304,1,en_route_delivery,3.989,1.919,-3.000,1.500,joint_grid_transaction,819,819,2,9,40,0.000,1.00,2.720,False,None,0.000,False
1122.304,2,en_route_delivery,-1.661,3.203,-6.000,3.500,joint_grid_transaction,819,819,1,9,43,0.000,0.40,-3.034,False,None,0.000,False
1122.304,3,en_route_delivery,5.306,-2.022,6.000,3.500,joint_grid_transaction,819,819,2,9,47,0.000,1.00,-0.106,False,None,0.000,False
1122.304,4,en_route_pickup,-0.033,3.084,0.000,-3.500,joint_grid_transaction,819,819,1,9,48,0.000,0.55,1.743,False,None,0.000,False
1122.304,5,en_route_delivery,-2.054,1.960,1.000,1.500,joint_grid_transaction,819,819,1,8,46,0.000,1.00,0.094,False,None,0.000,False
1122.304,6,en_route_delivery,-2.120,-3.932,0.000,-3.500,joint_grid_transaction,819,819,2,9,42,0.000,1.00,-0.887,False,joint_slot_deadline,1123.284,False
1122.304,7,en_route_pickup,1.009,-2.254,1.000,-1.500,joint_grid_transaction,819,819,1,4,70,0.000,1.00,1.478,False,None,0.000,False
1122.304,8,en_route_delivery,3.980,-1.761,0.000,-3.500,joint_grid_transaction,819,819,1,9,35,0.000,1.00,1.944,False,None,0.000,False
1124.352,1,en_route_delivery,3.780,1.977,-3.000,1.500,joint_grid_transaction,820,820,2,9,40,0.000,1.00,2.984,False,None,0.000,False
1124.352,2,en_route_delivery,-1.844,3.226,-6.000,3.500,joint_grid_transaction,820,820,2,9,43,0.000,1.00,-3.033,False,None,0.000,False
1124.352,3,en_route_delivery,5.640,-1.989,6.000,3.500,joint_grid_transaction,820,820,2,9,47,0.000,1.00,-0.096,False,None,0.000,False
1124.352,4,en_route_pickup,-0.108,3.001,0.000,-3.500,joint_grid_transaction,820,820,2,9,48,0.000,1.00,2.847,False,None,0.000,False
1124.352,5,en_route_delivery,-1.837,1.941,1.000,1.500,joint_grid_transaction,820,820,2,9,46,0.000,1.00,0.078,False,None,0.000,False
1124.352,6,en_route_delivery,-2.080,-3.826,0.000,-3.500,joint_grid_transaction,820,820,1,8,42,0.000,1.00,-1.200,False,joint_slot_deadline,1125.284,False
1124.352,7,en_route_delivery,1.027,-2.072,0.000,-3.500,joint_grid_transaction,820,820,2,1,70,0.000,1.00,1.475,False,None,0.000,False
1124.352,8,en_route_delivery,3.878,-1.852,0.000,-3.500,joint_grid_transaction,820,820,1,8,35,0.000,1.00,2.502,False,joint_slot_deadline,1125.284,False
1126.400,1,en_route_delivery,3.462,2.014,-3.000,1.500,joint_grid_transaction,821,821,2,9,40,0.000,1.00,3.041,False,None,0.000,False
1126.400,2,en_route_delivery,-2.101,3.253,-6.000,3.500,joint_grid_transaction,821,821,3,9,43,0.000,1.00,-3.034,False,None,0.000,False
1126.400,3,en_route_delivery,5.765,-1.968,6.000,3.500,joint_grid_transaction,821,821,2,8,47,0.000,1.00,-0.461,False,None,0.000,False
1126.400,4,en_route_pickup,-0.350,3.028,0.000,-3.500,joint_grid_transaction,821,821,2,8,48,0.000,1.00,3.077,False,None,0.000,False
1126.400,5,en_route_delivery,-1.612,1.935,1.000,1.500,joint_grid_transaction,821,821,2,9,46,0.000,1.00,0.002,False,None,0.000,False
1126.400,6,en_route_delivery,-2.014,-3.532,0.000,-3.500,joint_grid_transaction,821,821,2,9,42,0.000,1.00,-1.476,False,None,0.000,False
1126.400,7,en_route_delivery,0.958,-2.068,0.000,-3.500,joint_grid_transaction,821,821,1,2,70,0.000,1.00,2.586,False,joint_window_endpoint,1126.740,False
1126.400,8,en_route_delivery,3.814,-1.895,0.000,-3.500,joint_grid_transaction,821,821,3,9,35,0.000,1.00,2.662,False,None,0.000,False
1128.448,1,en_route_delivery,3.215,2.038,-3.000,1.500,joint_grid_transaction,822,822,1,8,40,0.000,1.00,3.045,False,joint_slot_deadline,1128.612,False
1128.448,2,en_route_delivery,-2.389,3.284,-6.000,3.500,joint_grid_transaction,822,822,2,9,43,0.000,1.00,-3.039,False,None,0.000,False
1128.448,3,en_route_delivery,5.835,-1.894,6.000,3.500,joint_grid_transaction,822,822,2,9,47,0.000,1.00,-0.811,False,joint_slot_deadline,1128.612,False
1128.448,4,en_route_pickup,-0.626,3.047,0.000,-3.500,joint_grid_transaction,822,822,2,9,48,0.000,1.00,3.070,False,None,0.000,False
1128.448,5,en_route_delivery,-1.334,1.941,1.000,1.500,joint_grid_transaction,822,822,2,9,46,0.000,1.00,0.033,False,None,0.000,False
1128.448,6,en_route_delivery,-1.919,-3.386,0.000,-3.500,joint_grid_transaction,822,822,2,9,42,0.000,1.00,-0.796,False,joint_slot_deadline,1128.612,False
1128.448,7,en_route_delivery,0.957,-2.068,0.000,-3.500,joint_grid_transaction,822,822,1,2,70,0.000,1.00,2.583,False,joint_window_endpoint,1128.820,False
1128.448,8,en_route_delivery,3.640,-2.040,0.000,-3.500,joint_grid_transaction,822,822,2,9,35,0.000,1.00,2.276,False,None,0.000,False
1130.496,1,en_route_delivery,3.003,2.058,-3.000,1.500,joint_grid_transaction,823,823,2,9,40,0.000,1.00,3.069,False,None,0.000,False
1130.496,2,en_route_delivery,-2.628,3.305,-6.000,3.500,joint_grid_transaction,823,823,2,9,43,0.000,1.00,-3.061,False,None,0.000,False
1130.496,3,en_route_delivery,5.885,-1.810,6.000,3.500,joint_grid_transaction,823,823,3,9,47,0.000,1.00,-1.046,False,None,0.000,False
1130.496,4,en_route_pickup,-0.860,3.060,0.000,-3.500,joint_grid_transaction,823,823,2,9,48,0.000,1.00,3.091,False,None,0.000,False
1130.496,5,en_route_delivery,-0.977,1.974,1.000,1.500,joint_grid_transaction,823,823,2,9,46,0.000,1.00,0.110,False,None,0.000,False
1130.496,6,en_route_delivery,-1.851,-3.366,0.000,-3.500,joint_grid_transaction,823,823,2,8,42,0.000,1.00,-0.520,False,None,0.000,False
1130.496,7,en_route_delivery,0.956,-2.067,0.000,-3.500,joint_grid_transaction,823,823,1,2,70,0.000,1.00,2.580,False,joint_window_endpoint,1130.900,False
1130.496,8,en_route_delivery,3.584,-2.149,0.000,-3.500,joint_grid_transaction,823,823,2,8,35,0.000,1.00,1.980,False,None,0.000,False
1132.544,1,en_route_delivery,2.773,2.066,-3.000,1.500,joint_grid_transaction,824,824,2,9,40,0.000,1.00,3.088,False,None,0.000,False
1132.544,2,en_route_delivery,-2.846,3.314,-6.000,3.500,joint_grid_transaction,824,824,2,9,43,0.000,1.00,3.137,False,None,0.000,False
1132.544,3,en_route_delivery,5.978,-1.529,6.000,3.500,joint_grid_transaction,824,824,2,9,47,0.000,1.00,-1.431,False,None,0.000,False
1132.544,4,en_route_pickup,-1.081,3.067,0.000,-3.500,joint_grid_transaction,824,824,2,9,48,0.000,1.00,-3.119,False,None,0.000,False
1132.544,5,en_route_delivery,-0.719,2.000,1.000,1.500,joint_grid_transaction,824,824,1,8,46,0.000,1.00,0.099,False,joint_slot_deadline,1132.788,False
1132.544,6,en_route_delivery,-1.531,-3.268,0.000,-3.500,joint_grid_transaction,824,824,2,9,42,0.000,1.00,-0.118,False,None,0.000,False
1132.544,7,en_route_delivery,0.956,-2.066,0.000,-3.500,joint_grid_transaction,824,824,1,2,70,0.000,1.00,2.577,False,joint_window_endpoint,1132.980,False
1132.544,8,en_route_delivery,3.511,-2.467,0.000,-3.500,joint_grid_transaction,824,824,2,9,35,0.000,1.00,1.662,False,None,0.000,False
1134.592,1,en_route_delivery,2.515,2.060,-3.000,1.500,joint_grid_transaction,824,824,3,9,40,0.000,1.00,-3.090,False,None,0.000,False
1134.592,2,en_route_delivery,-3.144,3.303,-6.000,3.500,joint_grid_transaction,824,824,3,9,43,0.000,1.00,3.071,False,None,0.000,False
1134.592,3,en_route_delivery,6.011,-1.189,6.000,3.500,joint_grid_transaction,824,824,4,9,47,0.000,1.00,-1.481,False,None,0.000,False
1134.592,4,en_route_pickup,-1.424,3.036,0.000,-3.500,joint_grid_transaction,824,824,3,9,48,0.000,1.00,-3.031,False,None,0.000,False
1134.592,5,en_route_delivery,-0.536,2.019,1.000,1.500,joint_grid_transaction,824,824,2,8,46,1135.028,1.00,0.101,False,None,0.000,False
1134.592,6,en_route_delivery,-1.198,-3.237,0.000,-3.500,joint_grid_transaction,824,824,4,9,42,0.000,1.00,-0.092,False,None,0.000,False
1134.592,7,en_route_delivery,0.818,-2.108,0.000,-3.500,_joint_stall_recovery,825,824,3,6,70,0.000,1.00,-2.772,False,None,0.000,False
1134.592,8,en_route_delivery,3.482,-2.788,0.000,-3.500,joint_grid_transaction,824,824,4,9,35,0.000,1.00,1.660,False,None,0.000,False
1136.640,1,en_route_delivery,2.149,2.020,-3.000,1.500,joint_grid_transaction,824,824,5,9,40,0.000,1.00,-3.042,False,None,0.000,False
1136.640,2,en_route_delivery,-3.514,3.263,-6.000,3.500,joint_grid_transaction,824,824,4,9,43,0.000,1.00,3.043,False,None,0.000,False
1136.640,3,en_route_delivery,6.037,-0.903,6.000,3.500,joint_grid_transaction,824,824,5,9,47,0.000,1.00,-1.481,False,None,0.000,False
1136.640,4,en_route_pickup,-1.777,2.999,0.000,-3.500,joint_grid_transaction,824,824,4,9,48,0.000,1.00,-3.044,False,None,0.000,False
1136.640,5,en_route_delivery,-0.329,2.041,1.000,1.500,joint_grid_transaction,824,824,3,8,46,0.000,1.00,0.103,False,None,0.000,False
1136.640,6,en_route_delivery,-0.918,-3.211,0.000,-3.500,joint_grid_transaction,824,824,5,9,42,0.000,1.00,-0.092,False,None,0.000,False
1136.640,7,en_route_delivery,0.610,-2.341,0.000,-3.500,_joint_stall_recovery,825,824,4,6,70,0.000,1.00,-2.314,False,None,0.000,False
1136.640,8,en_route_delivery,3.458,-3.061,0.000,-3.500,joint_grid_transaction,824,824,5,9,35,0.000,1.00,1.661,False,None,0.000,False
1138.688,1,en_route_delivery,1.912,1.997,-3.000,1.500,joint_grid_transaction,830,830,2,8,40,0.000,1.00,-3.039,False,None,0.000,False
1138.688,2,en_route_delivery,-3.834,3.232,-6.000,3.500,joint_grid_transaction,830,830,3,9,43,0.000,1.00,3.048,False,None,0.000,False
1138.688,3,en_route_delivery,6.055,-0.666,6.000,3.500,joint_grid_transaction,830,830,2,8,47,0.000,1.00,-1.509,False,None,0.000,False
1138.688,4,en_route_pickup,-2.075,2.971,0.000,-3.500,joint_grid_transaction,830,830,3,9,48,0.000,1.00,-3.047,False,None,0.000,False
1138.688,5,en_route_delivery,-0.100,2.060,1.000,1.500,joint_grid_transaction,830,830,2,9,46,0.000,1.00,0.069,False,None,0.000,False
1138.688,6,en_route_delivery,-0.685,-3.194,0.000,-3.500,joint_grid_transaction,830,830,3,6,42,0.000,1.00,-0.051,False,None,0.000,False
1138.688,7,en_route_delivery,0.397,-2.342,0.000,-3.500,joint_grid_transaction,830,830,2,9,70,0.000,1.00,2.889,False,None,0.000,False
1138.688,8,en_route_delivery,3.441,-3.286,0.000,-3.500,joint_grid_transaction,830,830,2,6,35,0.000,1.00,1.603,False,None,0.000,False
1140.736,1,en_route_delivery,1.620,1.967,-3.000,1.500,joint_grid_transaction,830,830,3,8,40,0.000,1.00,-3.043,False,None,0.000,False
1140.736,2,en_route_delivery,-4.106,3.207,-6.000,3.500,joint_grid_transaction,830,830,4,9,43,0.000,1.00,3.048,False,None,0.000,False
1140.736,3,en_route_delivery,6.066,-0.446,6.000,3.500,joint_grid_transaction,830,830,2,8,47,0.000,1.00,-1.576,False,None,0.000,False
1140.736,4,en_route_pickup,-2.322,2.949,0.000,-3.500,joint_grid_transaction,830,830,4,9,48,0.000,1.00,-3.063,False,None,0.000,False
1140.736,5,en_route_delivery,0.043,2.078,1.000,1.500,joint_grid_transaction,830,830,3,9,46,0.000,1.00,0.445,False,None,0.000,False
1140.736,6,returning_to_charge,-0.465,-3.183,-8.500,0.000,joint_grid_transaction,830,830,3,2,None,0.000,1.00,-0.002,False,None,0.000,False
1140.736,7,en_route_delivery,0.023,-2.269,0.000,-3.500,joint_grid_transaction,830,830,3,9,70,0.000,1.00,3.040,False,None,0.000,False
1140.736,8,en_route_delivery,3.432,-3.515,0.000,-3.500,joint_grid_transaction,830,830,3,6,35,0.000,1.00,1.584,False,None,0.000,False
1142.784,1,en_route_delivery,1.375,1.946,-3.000,1.500,joint_grid_transaction,831,831,3,9,40,0.000,1.00,-3.058,False,None,0.000,False
1142.784,2,en_route_delivery,-4.332,3.191,-6.000,3.500,joint_grid_transaction,831,831,3,9,43,0.000,1.00,3.093,False,None,0.000,False
1142.784,3,en_route_delivery,6.048,-0.132,6.000,3.500,joint_grid_transaction,831,831,3,9,47,0.000,1.00,-1.671,False,None,0.000,False
1142.784,4,en_route_pickup,-2.535,2.935,0.000,-3.500,joint_grid_transaction,831,831,2,9,48,0.000,1.00,-3.138,False,None,0.000,False
1142.784,5,en_route_delivery,0.023,2.319,1.000,1.500,joint_grid_transaction,831,831,3,9,46,0.000,1.00,1.509,False,None,0.000,False
1142.784,6,returning_to_charge,-0.581,-3.210,-8.500,0.000,joint_grid_transaction,831,831,2,9,None,0.000,1.00,-2.395,False,None,0.000,False
1142.784,7,en_route_delivery,0.038,-2.459,0.000,-3.500,joint_grid_transaction,831,831,2,6,70,0.000,1.00,-1.802,False,None,0.000,False
1142.784,8,en_route_delivery,3.454,-3.825,0.000,-3.500,joint_grid_transaction,831,831,3,4,35,0.000,1.00,1.452,False,None,0.000,False
1144.832,1,en_route_delivery,1.161,1.936,-3.000,1.500,joint_grid_transaction,832,832,2,9,40,0.000,1.00,3.137,False,None,0.000,False
1144.832,2,en_route_delivery,-4.547,3.182,-6.000,3.500,joint_grid_transaction,832,832,2,8,43,0.000,1.00,-3.125,False,None,0.000,False
1144.832,3,en_route_delivery,6.008,0.235,6.000,3.500,joint_grid_transaction,832,832,1,8,47,0.000,1.00,-1.667,False,None,0.000,False
1144.832,4,en_route_pickup,-2.815,2.941,0.000,-3.500,joint_grid_transaction,832,832,2,9,48,0.000,1.00,3.104,False,None,0.000,False
1144.832,5,en_route_delivery,0.037,2.528,1.000,1.500,joint_grid_transaction,832,832,1,9,46,0.000,1.00,1.267,False,None,0.000,False
1144.832,6,returning_to_charge,-0.885,-3.246,-8.500,0.000,joint_grid_transaction,832,832,2,9,None,0.000,1.00,-3.058,False,None,0.000,False
1144.832,7,en_route_delivery,-0.004,-2.813,0.000,-3.500,joint_grid_transaction,832,832,2,4,70,0.000,1.00,-1.658,False,None,0.000,False
1144.832,8,en_route_delivery,3.478,-4.034,0.000,-3.500,joint_grid_transaction,832,832,1,2,35,0.000,1.00,1.461,False,joint_window_endpoint,1145.300,False
1146.880,1,en_route_delivery,0.866,1.946,-3.000,1.500,joint_grid_transaction,834,834,2,9,40,0.000,1.00,3.075,False,None,0.000,False
1146.880,2,en_route_delivery,-4.881,3.209,-6.000,3.500,joint_grid_transaction,834,834,2,7,43,0.000,1.00,-3.025,False,None,0.000,False
1146.880,3,en_route_delivery,5.989,0.428,6.000,3.500,joint_grid_transaction,834,834,2,9,47,0.000,1.00,-1.669,False,None,0.000,False
1146.880,4,en_route_pickup,-3.180,2.978,0.000,-3.500,joint_grid_transaction,834,834,2,9,48,0.000,1.00,3.035,False,None,0.000,False
1146.880,5,en_route_delivery,0.089,2.667,1.000,1.500,joint_grid_transaction,834,834,1,8,46,0.000,1.00,1.537,False,None,0.000,False
1146.880,6,returning_to_charge,-1.175,-3.271,-8.500,0.000,joint_grid_transaction,834,834,2,9,None,0.000,1.00,-3.056,False,None,0.000,False
1146.880,7,en_route_delivery,0.021,-2.929,6.000,-3.500,joint_grid_transaction,834,834,1,9,49,0.000,1.00,-0.702,False,None,0.000,False
1146.880,8,en_route_delivery,3.431,-3.968,0.000,-3.500,joint_grid_transaction,834,834,2,9,35,0.000,1.00,2.492,False,None,0.000,False
1148.928,1,en_route_delivery,0.517,1.986,-3.000,1.500,joint_grid_transaction,834,834,3,9,40,0.000,1.00,3.044,False,None,0.000,False
1148.928,2,en_route_delivery,-5.214,3.247,-6.000,3.500,joint_grid_transaction,834,834,3,7,43,0.000,1.00,-3.036,False,None,0.000,False
1148.928,3,en_route_delivery,5.963,0.681,6.000,3.500,joint_grid_transaction,834,834,3,9,47,0.000,1.00,-1.670,False,None,0.000,False
1148.928,4,en_route_pickup,-3.455,3.008,0.000,-3.500,joint_grid_transaction,834,834,3,9,48,0.000,1.00,3.035,False,None,0.000,False
1148.928,5,en_route_delivery,0.104,2.825,1.000,1.500,joint_grid_transaction,834,834,2,8,46,0.000,1.00,1.089,False,None,0.000,False
1148.928,6,returning_to_charge,-1.430,-3.293,-8.500,0.000,joint_grid_transaction,834,834,3,9,None,0.000,1.00,-3.053,False,None,0.000,False
1148.928,7,en_route_delivery,0.326,-2.988,6.000,-3.500,joint_grid_transaction,834,834,3,9,49,0.000,1.00,-0.093,False,None,0.000,False
1148.928,8,en_route_delivery,3.126,-4.003,0.000,-3.500,joint_grid_transaction,834,834,3,9,35,0.000,1.00,3.059,False,None,0.000,False
1150.976,1,en_route_delivery,0.194,2.016,-3.000,1.500,joint_grid_transaction,834,834,5,9,40,0.000,1.00,3.048,False,None,0.000,False
1150.976,2,en_route_delivery,-5.512,3.278,-1.000,1.500,joint_grid_transaction,834,834,4,2,53,0.000,1.00,-3.042,False,None,0.000,False
1150.976,3,en_route_delivery,5.941,0.920,6.000,3.500,joint_grid_transaction,834,834,4,9,47,0.000,1.00,-1.659,False,None,0.000,False
1150.976,4,en_route_pickup,-3.735,3.037,0.000,-3.500,joint_grid_transaction,834,834,4,9,48,0.000,1.00,3.041,False,None,0.000,False
1150.976,5,en_route_delivery,0.362,2.938,1.000,1.500,joint_grid_transaction,834,834,4,8,46,0.000,1.00,0.315,False,None,0.000,False
1150.976,6,returning_to_charge,-1.665,-3.310,-8.500,0.000,joint_grid_transaction,834,834,4,9,None,0.000,1.00,-3.074,False,None,0.000,False
1150.976,7,en_route_delivery,0.652,-3.017,6.000,-3.500,joint_grid_transaction,834,834,4,9,49,0.000,1.00,-0.086,False,None,0.000,False
1150.976,8,en_route_delivery,2.820,-4.029,0.000,-3.500,joint_grid_transaction,834,834,4,9,35,0.000,1.00,3.059,False,None,0.000,False
1153.024,1,en_route_delivery,-0.081,2.042,-3.000,1.500,joint_grid_transaction,836,836,3,9,40,0.000,1.00,3.049,False,None,0.000,False
1153.024,2,en_route_delivery,-5.415,3.242,-1.000,1.500,joint_grid_transaction,836,836,2,9,53,0.000,1.00,0.826,False,None,0.000,False
1153.024,3,en_route_delivery,5.935,1.141,6.000,3.500,joint_grid_transaction,836,836,2,8,47,0.000,1.00,-1.571,False,None,0.000,False
1153.024,4,en_route_pickup,-3.870,2.922,0.000,-3.500,joint_grid_transaction,836,836,3,9,48,0.000,1.00,-2.244,False,None,0.000,False
1153.024,5,en_route_delivery,0.658,2.992,1.000,1.500,joint_grid_transaction,836,836,3,9,46,0.000,1.00,0.086,False,None,0.000,False
1153.024,6,returning_to_charge,-1.896,-3.314,-8.500,0.000,joint_grid_transaction,836,836,2,8,None,0.000,1.00,3.127,False,None,0.000,False
1153.024,7,en_route_delivery,0.882,-3.037,6.000,-3.500,joint_grid_transaction,836,836,2,8,49,0.000,1.00,-0.090,False,None,0.000,False
1153.024,8,en_route_delivery,2.621,-4.046,0.000,-3.500,joint_grid_transaction,836,836,2,8,35,0.000,1.00,3.055,False,None,0.000,False
1155.072,1,en_route_delivery,-0.302,2.058,-3.000,1.500,joint_grid_transaction,837,837,2,9,40,0.000,1.00,3.108,False,None,0.000,False
1155.072,2,en_route_delivery,-5.181,3.244,-1.000,1.500,joint_grid_transaction,837,837,2,9,53,0.000,0.85,0.084,False,None,0.000,False
1155.072,3,en_route_delivery,5.936,1.404,6.000,3.500,joint_grid_transaction,837,837,2,9,47,0.000,1.00,-1.563,False,None,0.000,False
1155.072,4,en_route_pickup,-3.976,2.691,0.000,-3.500,joint_grid_transaction,837,837,2,9,48,0.000,1.00,-2.166,False,None,0.000,False
1155.072,5,en_route_delivery,0.857,2.922,1.000,1.500,joint_grid_transaction,837,837,2,8,46,0.000,1.00,0.750,False,None,0.000,False
1155.072,6,returning_to_charge,-2.226,-3.289,-8.500,0.000,joint_grid_transaction,837,837,2,9,None,0.000,1.00,3.017,False,None,0.000,False
1155.072,7,en_route_delivery,1.122,-3.056,6.000,-3.500,joint_grid_transaction,837,837,2,9,49,0.000,1.00,-0.069,False,None,0.000,False
1155.072,8,en_route_delivery,2.396,-4.060,0.000,-3.500,joint_grid_transaction,837,837,2,9,35,0.000,1.00,3.102,False,None,0.000,False
1157.120,1,en_route_delivery,-0.525,2.068,-3.000,1.500,joint_grid_transaction,837,837,2,9,40,0.000,1.00,3.139,False,None,0.000,False
1157.120,2,en_route_delivery,-4.902,3.219,-1.000,1.500,joint_grid_transaction,837,837,3,9,53,0.000,1.00,0.088,False,None,0.000,False
1157.120,3,en_route_delivery,5.953,1.715,6.000,3.500,joint_grid_transaction,837,837,3,9,47,0.000,1.00,-1.466,False,None,0.000,False
1157.120,4,en_route_pickup,-4.162,2.450,0.000,-3.500,joint_grid_transaction,837,837,3,9,48,0.000,1.00,-2.052,False,None,0.000,False
1157.120,5,en_route_delivery,0.928,2.742,1.000,1.500,joint_grid_transaction,837,837,3,8,46,0.000,1.00,1.207,False,None,0.000,False
1157.120,6,returning_to_charge,-2.511,-3.256,-8.500,0.000,joint_grid_transaction,837,837,3,9,None,0.000,1.00,3.049,False,None,0.000,False
1157.120,7,en_route_delivery,1.275,-3.060,6.000,-3.500,joint_grid_transaction,837,837,3,9,49,0.000,1.00,-0.440,False,None,0.000,False
1157.120,8,en_route_delivery,2.217,-4.065,0.000,-3.500,joint_grid_transaction,837,837,3,9,35,0.000,1.00,-2.814,False,None,0.000,False
1159.168,1,en_route_delivery,-0.844,2.044,-3.000,1.500,joint_grid_transaction,838,838,2,9,40,0.000,1.00,-3.026,False,None,0.000,False
1159.168,2,en_route_delivery,-4.649,3.198,-1.000,1.500,joint_grid_transaction,838,838,2,9,53,0.000,1.00,0.083,False,None,0.000,False
1159.168,3,en_route_delivery,5.993,2.080,6.000,3.500,joint_grid_transaction,838,838,2,7,47,0.000,1.00,-1.474,False,None,0.000,False
1159.168,4,en_route_pickup,-4.241,2.086,0.000,-3.500,joint_grid_transaction,838,838,2,9,48,0.000,1.00,-1.664,False,None,0.000,False
1159.168,5,en_route_delivery,0.993,2.377,1.000,1.500,joint_grid_transaction,838,838,2,5,46,0.000,1.00,1.478,False,None,0.000,False
1159.168,6,returning_to_charge,-2.824,-3.228,-8.500,0.000,joint_grid_transaction,838,838,2,9,None,0.000,1.00,3.051,False,None,0.000,False
1159.168,7,en_route_delivery,1.382,-2.910,6.000,-3.500,joint_grid_transaction,838,838,1,8,49,0.000,1.00,-1.019,False,joint_slot_deadline,1159.796,False
1159.168,8,en_route_delivery,2.123,-3.924,0.000,-3.500,joint_grid_transaction,838,838,1,8,35,0.000,1.00,-2.170,False,joint_slot_deadline,1159.796,False
1161.216,1,en_route_delivery,-1.207,2.005,-3.000,1.500,joint_grid_transaction,838,838,3,9,40,0.000,1.00,-3.043,False,None,0.000,False
1161.216,2,en_route_delivery,-4.438,3.186,-1.000,1.500,joint_grid_transaction,838,838,3,9,53,0.000,1.00,0.002,False,None,0.000,False
1161.216,3,en_route_delivery,6.023,2.393,6.000,3.500,joint_grid_transaction,838,838,3,7,47,0.000,1.00,-1.477,False,None,0.000,False
1161.216,4,en_route_pickup,-4.270,1.768,0.000,-3.500,joint_grid_transaction,838,838,3,9,48,0.000,1.00,-1.662,False,None,0.000,False
1161.216,5,en_route_pickup,1.022,2.062,-6.000,-3.500,joint_grid_transaction,838,838,3,9,52,0.000,1.00,1.480,False,None,0.000,False
1161.216,6,returning_to_charge,-3.091,-3.204,-8.500,0.000,joint_grid_transaction,838,838,3,9,None,0.000,1.00,3.051,False,None,0.000,False
1161.216,7,en_route_delivery,1.466,-2.683,6.000,-3.500,joint_grid_transaction,838,838,3,8,49,0.000,1.00,-1.345,False,None,0.000,False
1161.216,8,en_route_delivery,2.038,-3.691,0.000,-3.500,joint_grid_transaction,838,838,3,8,35,0.000,1.00,-1.787,False,None,0.000,False
1163.264,1,en_route_delivery,-1.514,1.976,-3.000,1.500,joint_grid_transaction,839,839,2,9,40,0.000,1.00,-3.047,False,None,0.000,False
1163.264,2,en_route_delivery,-4.141,3.196,-1.000,1.500,joint_grid_transaction,839,839,3,9,53,0.000,1.00,0.069,False,None,0.000,False
1163.264,3,en_route_delivery,6.042,2.599,6.000,3.500,joint_grid_transaction,839,839,2,5,47,0.000,1.00,-1.475,False,None,0.000,False
1163.264,4,en_route_pickup,-4.295,1.500,0.000,-3.500,joint_grid_transaction,839,839,2,9,48,0.000,1.00,-1.660,False,None,0.000,False
1163.264,5,en_route_pickup,0.904,2.053,-6.000,-3.500,joint_grid_transaction,839,839,2,9,52,0.000,1.00,2.812,False,None,0.000,False
1163.264,6,returning_to_charge,-3.311,-3.189,-8.500,0.000,joint_grid_transaction,839,839,3,9,None,0.000,1.00,3.118,False,None,0.000,False
1163.264,7,en_route_delivery,1.503,-2.489,6.000,-3.500,joint_grid_transaction,839,839,3,9,49,0.000,1.00,-1.062,False,None,0.000,False
1163.264,8,en_route_delivery,2.000,-3.490,0.000,-3.500,joint_grid_transaction,839,839,3,9,35,0.000,1.00,-2.083,False,None,0.000,False
1165.312,1,en_route_delivery,-1.772,1.952,-3.000,1.500,joint_grid_transaction,839,839,3,9,40,0.000,1.00,-3.050,False,None,0.000,False
1165.312,2,en_route_delivery,-3.769,3.236,-1.000,1.500,joint_grid_transaction,839,839,4,9,53,0.000,1.00,0.097,False,None,0.000,False
1165.312,3,en_route_delivery,6.059,2.820,6.000,3.500,joint_grid_transaction,839,839,3,5,47,0.000,1.00,-1.529,False,None,0.000,False
1165.312,4,en_route_pickup,-4.313,1.268,0.000,-3.500,joint_grid_transaction,839,839,3,9,48,0.000,1.00,-1.641,False,None,0.000,False
1165.312,5,en_route_pickup,0.545,2.000,-6.000,-3.500,joint_grid_transaction,839,839,3,9,52,0.000,1.00,3.053,False,None,0.000,False
1165.312,6,returning_to_charge,-3.534,-3.182,-8.500,0.000,joint_grid_transaction,839,839,3,9,None,0.000,1.00,-3.134,False,None,0.000,False
1165.312,7,en_route_delivery,1.764,-2.317,6.000,-3.500,joint_grid_transaction,839,839,4,9,49,0.000,1.00,-0.346,False,None,0.000,False
1165.312,8,en_route_delivery,1.739,-3.318,0.000,-3.500,joint_grid_transaction,839,839,4,9,35,0.000,1.00,-2.796,False,None,0.000,False
1167.360,1,en_route_delivery,-1.999,1.936,-3.000,1.500,joint_grid_transaction,841,841,1,7,40,0.000,1.00,-3.090,False,None,0.000,False
1167.360,2,en_route_delivery,-3.469,3.265,-1.000,1.500,joint_grid_transaction,841,841,1,8,53,0.000,1.00,0.093,False,None,0.000,False
1167.360,3,en_route_pickup,6.034,2.918,1.000,1.500,joint_grid_transaction,841,841,1,9,55,0.000,1.00,-2.374,False,None,0.000,False
1167.360,4,en_route_pickup,-4.314,1.026,0.000,-3.500,joint_grid_transaction,841,841,2,9,48,0.000,1.00,-1.564,False,None,0.000,False
1167.360,5,en_route_pickup,0.240,1.973,-6.000,-3.500,joint_grid_transaction,841,841,2,9,52,0.000,1.00,3.059,False,None,0.000,False
1167.360,6,returning_to_charge,-3.863,-3.208,-8.500,0.000,joint_grid_transaction,841,841,2,9,None,0.000,1.00,-3.028,False,None,0.000,False
1167.360,7,en_route_delivery,2.127,-2.255,6.000,-3.500,joint_grid_transaction,841,841,2,9,49,0.000,1.00,-0.094,False,None,0.000,False
1167.360,8,en_route_delivery,1.376,-3.256,0.000,-3.500,joint_grid_transaction,841,841,2,8,35,0.000,1.00,-3.047,False,None,0.000,False
1169.408,1,en_route_delivery,-2.251,1.937,-3.000,1.500,joint_grid_transaction,841,841,2,7,40,0.000,1.00,3.134,False,None,0.000,False
1169.408,2,en_route_delivery,-3.251,3.286,-1.000,1.500,joint_grid_transaction,841,841,2,8,53,0.000,1.00,0.095,False,None,0.000,False
1169.408,3,en_route_pickup,5.729,2.989,1.000,1.500,joint_grid_transaction,841,841,2,9,55,0.000,1.00,-3.042,False,None,0.000,False
1169.408,4,en_route_pickup,-4.299,0.726,0.000,-3.500,joint_grid_transaction,841,841,3,9,48,0.000,1.00,-1.481,False,None,0.000,False
1169.408,5,en_route_pickup,0.010,1.953,-6.000,-3.500,joint_grid_transaction,841,841,3,9,52,0.000,1.00,3.055,False,None,0.000,False
1169.408,6,returning_to_charge,-4.224,-3.246,-8.500,0.000,joint_grid_transaction,841,841,3,9,None,0.000,1.00,-3.044,False,None,0.000,False
1169.408,7,en_route_delivery,2.439,-2.226,6.000,-3.500,joint_grid_transaction,841,841,3,9,49,0.000,1.00,-0.091,False,None,0.000,False
1169.408,8,en_route_delivery,1.064,-3.227,0.000,-3.500,joint_grid_transaction,841,841,3,8,35,0.000,1.00,-3.050,False,None,0.000,False
1171.456,1,en_route_delivery,-2.538,1.952,-3.000,1.500,joint_grid_transaction,842,842,2,6,40,0.000,1.00,3.041,False,joint_slot_deadline,1171.764,False
1171.456,2,en_route_delivery,-3.011,3.308,-1.000,1.500,joint_grid_transaction,842,842,2,9,53,0.000,1.00,0.081,False,None,0.000,False
1171.456,3,en_route_pickup,5.468,3.012,1.000,1.500,joint_grid_transaction,842,842,1,8,55,0.000,1.00,-3.053,False,joint_slot_deadline,1171.764,False
1171.456,4,en_route_pickup,-4.262,0.356,0.000,-3.500,joint_grid_transaction,842,842,2,9,48,0.000,1.00,-1.474,False,None,0.000,False
1171.456,5,en_route_pickup,-0.224,1.937,-6.000,-3.500,joint_grid_transaction,842,842,2,9,52,0.000,1.00,3.074,False,None,0.000,False
1171.456,6,returning_to_charge,-4.528,-3.275,-8.500,0.000,joint_grid_transaction,842,842,2,9,None,0.000,1.00,-3.052,False,None,0.000,False
1171.456,7,en_route_delivery,2.703,-2.203,6.000,-3.500,joint_grid_transaction,842,842,2,9,49,0.000,1.00,-0.089,False,None,0.000,False
1171.456,8,en_route_delivery,0.800,-3.203,0.000,-3.500,joint_grid_transaction,842,842,2,6,35,0.000,1.00,-3.052,False,None,0.000,False
1173.504,1,en_route_pickup,-2.784,1.979,-6.000,3.500,joint_grid_transaction,843,843,1,8,56,0.000,1.00,3.035,False,joint_slot_deadline,1174.020,False
1173.504,2,en_route_delivery,-2.782,3.315,-1.000,1.500,joint_grid_transaction,843,843,2,9,53,0.000,1.00,0.044,False,None,0.000,False
1173.504,3,en_route_pickup,5.232,3.034,1.000,1.500,joint_grid_transaction,843,843,1,8,55,0.000,1.00,-3.050,False,None,0.000,False
1173.504,4,en_route_pickup,-4.231,0.037,0.000,-3.500,joint_grid_transaction,843,843,2,9,48,0.000,1.00,-1.478,False,None,0.000,False
1173.504,5,en_route_pickup,-0.468,1.937,-6.000,-3.500,joint_grid_transaction,843,843,2,9,52,0.000,1.00,-3.125,False,None,0.000,False
1173.504,6,returning_to_charge,-4.752,-3.296,-8.500,0.000,joint_grid_transaction,843,843,1,8,None,0.000,1.00,-3.049,False,None,0.000,False
1173.504,7,en_route_delivery,2.934,-2.188,6.000,-3.500,joint_grid_transaction,843,843,2,9,49,0.000,1.00,-0.059,False,None,0.000,False
1173.504,8,en_route_delivery,0.569,-3.188,0.000,-3.500,joint_grid_transaction,843,843,2,5,35,0.000,1.00,-3.082,False,None,0.000,False
1175.552,1,en_route_pickup,-3.025,2.006,-6.000,3.500,joint_grid_transaction,844,844,2,9,56,0.000,1.00,3.037,False,None,0.000,False
1175.552,2,en_route_delivery,-2.523,3.309,-1.000,1.500,joint_grid_transaction,844,844,2,9,53,0.000,1.00,0.061,False,None,0.000,False
1175.552,3,en_route_pickup,5.030,3.053,1.000,1.500,joint_grid_transaction,844,844,2,9,55,0.000,1.00,-3.054,False,None,0.000,False
1175.552,4,en_route_pickup,-4.206,-0.228,0.000,-3.500,joint_grid_transaction,844,844,2,9,48,0.000,1.00,-1.478,False,None,0.000,False
1175.552,5,en_route_pickup,-0.784,1.963,-6.000,-3.500,joint_grid_transaction,844,844,2,9,52,0.000,1.00,-2.999,False,joint_slot_deadline,1175.860,False
1175.552,6,returning_to_charge,-4.966,-3.313,-8.500,0.000,joint_grid_transaction,844,844,2,9,None,0.000,1.00,-3.068,False,None,0.000,False
1175.552,7,en_route_delivery,3.176,-2.189,6.000,-3.500,joint_grid_transaction,844,844,2,9,49,0.000,1.00,-0.037,False,None,0.000,False
1175.552,8,en_route_pickup,0.330,-3.187,-6.000,3.500,joint_grid_transaction,844,844,2,9,57,0.000,1.00,3.115,False,None,0.000,False
1177.600,1,en_route_pickup,-3.268,2.032,-6.000,3.500,joint_grid_transaction,844,844,3,9,56,0.000,1.00,3.038,False,None,0.000,False
1177.600,2,en_route_delivery,-2.157,3.269,-1.000,1.500,joint_grid_transaction,844,844,4,9,53,0.000,1.00,0.101,False,None,0.000,False
1177.600,3,en_route_pickup,4.805,3.065,1.000,1.500,joint_grid_transaction,844,844,3,9,55,0.000,1.00,-3.081,False,None,0.000,False
1177.600,4,en_route_pickup,-4.187,-0.461,0.000,-3.500,joint_grid_transaction,844,844,3,9,48,0.000,1.00,-1.492,False,None,0.000,False
1177.600,5,en_route_pickup,-1.083,1.995,-6.000,-3.500,joint_grid_transaction,844,844,4,9,52,0.000,1.00,-3.046,False,None,0.000,False
1177.600,6,returning_to_charge,-5.203,-3.315,-8.500,0.000,joint_grid_transaction,844,844,3,9,None,0.000,1.00,-3.141,False,None,0.000,False
1177.600,7,en_route_delivery,3.534,-2.225,6.000,-3.500,joint_grid_transaction,844,844,3,9,49,0.000,1.00,-0.114,False,None,0.000,False
1177.600,8,en_route_pickup,-0.019,-3.220,-6.000,3.500,joint_grid_transaction,844,844,3,9,57,0.000,1.00,3.019,False,None,0.000,False
1179.648,1,en_route_pickup,-3.503,2.055,-6.000,3.500,joint_grid_transaction,845,845,1,8,56,0.000,1.00,3.068,False,None,0.000,False
1179.648,2,en_route_delivery,-1.829,3.236,-1.000,1.500,joint_grid_transaction,845,845,2,9,53,0.000,1.00,0.097,False,None,0.000,False
1179.648,3,en_route_pickup,4.558,3.061,1.000,1.500,joint_grid_transaction,845,845,2,9,55,0.000,1.00,3.088,False,None,0.000,False
1179.648,4,en_route_pickup,-4.189,-0.703,0.000,-3.500,joint_grid_transaction,845,845,2,9,48,0.000,1.00,-1.605,False,None,0.000,False
1179.648,5,en_route_pickup,-1.392,2.025,-6.000,-3.500,joint_grid_transaction,845,845,2,9,52,0.000,1.00,-3.049,False,None,0.000,False
1179.648,6,returning_to_charge,-5.469,-3.313,-8.500,0.000,joint_grid_transaction,845,845,2,9,None,0.000,1.00,3.124,False,None,0.000,False
1179.648,7,en_route_delivery,3.781,-2.250,6.000,-3.500,joint_grid_transaction,845,845,1,8,49,0.000,1.00,-0.099,False,joint_slot_deadline,1179.844,False
1179.648,8,en_route_pickup,-0.281,-3.247,-6.000,3.500,joint_grid_transaction,845,845,1,8,57,0.000,1.00,3.045,False,joint_slot_deadline,1179.844,False
1181.696,1,en_route_pickup,-3.731,2.067,-6.000,3.500,joint_grid_transaction,845,845,2,8,56,0.000,1.00,3.086,False,None,0.000,False
1181.696,2,en_route_delivery,-1.550,3.210,-1.000,1.500,joint_grid_transaction,845,845,3,9,53,0.000,1.00,0.094,False,None,0.000,False
1181.696,3,en_route_pickup,4.194,3.021,1.000,1.500,joint_grid_transaction,845,845,4,9,55,0.000,1.00,3.038,False,None,0.000,False
1181.696,4,en_route_pickup,-4.225,-1.060,0.000,-3.500,joint_grid_transaction,845,845,4,9,48,0.000,1.00,-1.683,False,None,0.000,False
1181.696,5,en_route_pickup,-1.655,2.049,-6.000,-3.500,joint_grid_transaction,845,845,3,9,52,0.000,1.00,-3.050,False,None,0.000,False
1181.696,6,returning_to_charge,-5.809,-3.284,-8.500,0.000,joint_grid_transaction,845,845,4,9,None,0.000,1.00,3.012,False,None,0.000,False
1181.696,7,en_route_delivery,4.043,-2.277,6.000,-3.500,joint_grid_transaction,845,845,2,8,49,0.000,1.00,-0.101,False,None,0.000,False
1181.696,8,en_route_pickup,-0.548,-3.274,-6.000,3.500,joint_grid_transaction,845,845,3,8,57,0.000,1.00,3.042,False,None,0.000,False
1183.744,1,en_route_pickup,-4.002,2.054,-6.000,3.500,joint_grid_transaction,846,846,2,9,56,0.000,1.00,-3.046,False,None,0.000,False
1183.744,2,en_route_delivery,-1.314,3.190,-1.000,1.500,joint_grid_transaction,846,846,2,9,53,0.000,1.00,0.082,False,None,0.000,False
1183.744,3,en_route_pickup,3.968,2.999,1.000,1.500,joint_grid_transaction,846,846,1,8,55,0.000,1.00,3.044,False,joint_slot_deadline,1183.844,False
1183.744,4,en_route_pickup,-4.259,-1.399,0.000,-3.500,joint_grid_transaction,846,846,2,9,48,0.000,1.00,-1.667,False,None,0.000,False
1183.744,5,en_route_pickup,-1.876,2.062,-6.000,-3.500,joint_grid_transaction,846,846,2,9,52,0.000,1.00,-3.090,False,None,0.000,False
1183.744,6,returning_to_charge,-6.161,-3.248,-8.500,0.000,joint_grid_transaction,846,846,2,9,None,0.000,1.00,3.046,False,None,0.000,False
1183.744,7,en_route_delivery,4.285,-2.300,6.000,-3.500,joint_grid_transaction,846,846,1,8,49,0.000,1.00,-0.071,False,None,0.000,False
1183.744,8,en_route_pickup,-0.786,-3.297,-6.000,3.500,joint_grid_transaction,846,846,1,8,57,0.000,1.00,3.056,False,joint_slot_deadline,1183.844,False
1185.792,1,en_route_pickup,-4.371,2.013,-6.000,3.500,joint_grid_transaction,846,846,4,9,56,0.000,1.00,-3.042,False,None,0.000,False
1185.792,2,en_route_delivery,-1.160,3.146,-1.000,1.500,joint_grid_transaction,846,846,4,9,53,0.000,1.00,0.585,False,None,0.000,False
1185.792,3,en_route_pickup,3.694,2.971,1.000,1.500,joint_grid_transaction,846,846,3,8,55,0.000,1.00,3.041,False,None,0.000,False
1185.792,4,en_route_pickup,-4.286,-1.687,0.000,-3.500,joint_grid_transaction,846,846,3,9,48,0.000,1.00,-1.664,False,None,0.000,False
1185.792,5,en_route_pickup,-2.101,2.066,-6.000,-3.500,joint_grid_transaction,846,846,3,9,52,0.000,1.00,3.113,False,None,0.000,False
1185.792,6,returning_to_charge,-6.460,-3.220,-8.500,0.000,joint_grid_transaction,846,846,3,9,None,0.000,1.00,3.049,False,None,0.000,False
1185.792,7,en_route_delivery,4.500,-2.315,6.000,-3.500,joint_grid_transaction,846,846,2,8,49,0.000,1.00,-0.039,False,None,0.000,False
1185.792,8,en_route_pickup,-0.996,-3.315,-6.000,3.500,joint_grid_transaction,846,846,2,8,57,0.000,1.00,3.089,False,None,0.000,False
1187.840,1,en_route_pickup,-4.691,1.982,-6.000,3.500,joint_grid_transaction,847,847,2,9,56,0.000,1.00,-3.046,False,None,0.000,False
1187.840,2,en_route_delivery,-1.125,3.073,-1.000,1.500,joint_grid_transaction,847,847,2,9,53,0.000,1.00,0.849,False,joint_slot_deadline,1187.844,False
1187.840,3,en_route_pickup,3.463,2.949,1.000,1.500,joint_grid_transaction,847,847,1,8,55,0.000,1.00,3.077,False,None,0.000,False
1187.840,4,en_route_pickup,-4.225,-1.827,0.000,-3.500,joint_grid_transaction,847,847,2,9,48,0.000,1.00,-0.794,False,None,0.000,False
1187.840,5,en_route_pickup,-2.450,2.032,-6.000,-3.500,joint_grid_transaction,847,847,2,9,52,0.000,1.00,3.031,False,None,0.000,False
1187.840,6,returning_to_charge,-6.712,-3.197,-8.500,0.000,joint_grid_transaction,847,847,2,9,None,0.000,1.00,3.051,False,None,0.000,False
1187.840,7,en_route_delivery,4.778,-2.304,6.000,-3.500,joint_grid_transaction,847,847,2,9,49,0.000,1.00,-0.084,False,None,0.000,False
1187.840,8,en_route_pickup,-1.264,-3.306,-6.000,3.500,joint_grid_transaction,847,847,2,9,57,0.000,1.00,-3.077,False,None,0.000,False
1189.888,1,en_route_pickup,-4.962,1.956,-6.000,3.500,joint_grid_transaction,847,847,3,9,56,0.000,1.00,-3.048,False,None,0.000,False
1189.888,2,en_route_delivery,-1.025,2.819,-1.000,1.500,joint_grid_transaction,847,847,4,9,53,0.000,1.00,1.403,False,None,0.000,False
1189.888,3,en_route_pickup,3.238,2.935,1.000,1.500,joint_grid_transaction,847,847,2,8,55,0.000,1.00,3.114,False,None,0.000,False
1189.888,4,en_route_pickup,-3.918,-1.962,0.000,-3.500,joint_grid_transaction,847,847,4,9,48,0.000,1.00,-0.206,False,None,0.000,False
1189.888,5,en_route_pickup,-2.799,1.997,-6.000,-3.500,joint_grid_transaction,847,847,3,9,52,0.000,1.00,3.045,False,None,0.000,False
1189.888,6,returning_to_charge,-6.935,-3.186,-8.500,0.000,joint_grid_transaction,847,847,3,9,None,0.000,1.00,3.083,False,None,0.000,False
1189.888,7,en_route_delivery,5.148,-2.264,6.000,-3.500,joint_grid_transaction,847,847,4,9,49,0.000,1.00,-0.100,False,None,0.000,False
1189.888,8,en_route_pickup,-1.633,-3.267,-6.000,3.500,joint_grid_transaction,847,847,4,9,57,0.000,1.00,-3.042,False,None,0.000,False
1191.936,1,en_route_pickup,-5.196,1.939,-6.000,3.500,joint_grid_transaction,848,848,2,9,56,0.000,1.00,-3.068,False,None,0.000,False
1191.936,2,en_route_delivery,-0.990,2.476,-1.000,1.500,joint_grid_transaction,848,848,2,6,53,0.000,1.00,1.482,False,None,0.000,False
1191.936,3,en_route_pickup,2.951,2.949,1.000,1.500,joint_grid_transaction,848,848,2,9,55,0.000,1.00,-3.047,False,None,0.000,False
1191.936,4,en_route_pickup,-3.708,-1.990,0.000,-3.500,joint_grid_transaction,848,848,1,8,48,0.000,1.00,-0.103,False,None,0.000,False
1191.936,5,en_route_pickup,-3.041,1.973,-6.000,-3.500,joint_grid_transaction,848,848,1,8,52,0.000,1.00,3.043,False,None,0.000,False
1191.936,6,returning_to_charge,-7.180,-3.188,-8.500,0.000,joint_grid_transaction,848,848,2,9,None,0.000,1.00,-3.089,False,None,0.000,False
1191.936,7,en_route_delivery,5.469,-2.232,6.000,-3.500,joint_grid_transaction,848,848,2,9,49,0.000,1.00,-0.096,False,None,0.000,False
1191.936,8,en_route_pickup,-1.959,-3.235,-6.000,3.500,joint_grid_transaction,848,848,2,9,57,0.000,1.00,-3.046,False,None,0.000,False
1193.984,1,en_route_pickup,-5.429,1.935,-6.000,3.500,joint_grid_transaction,848,848,3,9,56,0.000,1.00,3.141,False,None,0.000,False
1193.984,2,en_route_delivery,-0.965,2.189,-1.000,1.500,joint_grid_transaction,848,848,4,6,53,0.000,1.00,1.481,False,None,0.000,False
1193.984,3,en_route_pickup,2.580,2.988,1.000,1.500,joint_grid_transaction,848,848,4,9,55,0.000,1.00,-3.041,False,None,0.000,False
1193.984,4,en_route_pickup,-3.396,-2.021,0.000,-3.500,joint_grid_transaction,848,848,3,8,48,0.000,1.00,-0.099,False,None,0.000,False
1193.984,5,en_route_pickup,-3.285,1.950,-6.000,-3.500,joint_grid_transaction,848,848,2,8,52,0.000,1.00,3.074,False,None,0.000,False
1193.984,6,returning_to_charge,-7.537,-3.226,-8.500,0.000,joint_grid_transaction,848,848,4,9,None,0.000,1.00,-3.111,False,None,0.000,False
1193.984,7,en_route_delivery,5.739,-2.206,6.000,-3.500,joint_grid_transaction,848,848,3,9,49,0.000,1.00,-0.093,False,None,0.000,False
1193.984,8,en_route_pickup,-2.234,-3.209,-6.000,3.500,joint_grid_transaction,848,848,3,9,57,0.000,1.00,-3.049,False,None,0.000,False
1196.032,1,en_route_pickup,-5.697,1.938,-6.000,3.500,joint_grid_transaction,850,850,2,9,56,0.000,1.00,3.118,False,None,0.000,False
1196.032,2,en_route_pickup,-0.982,2.078,-6.000,3.500,joint_grid_transaction,850,850,1,9,58,0.000,1.00,2.365,False,None,0.000,False
1196.032,3,en_route_pickup,2.263,3.019,1.000,1.500,joint_grid_transaction,850,850,2,9,55,0.000,1.00,-3.047,False,None,0.000,False
1196.032,4,en_route_pickup,-3.133,-2.047,0.000,-3.500,joint_grid_transaction,850,850,2,9,48,0.000,1.00,-0.097,False,None,0.000,False
1196.032,5,en_route_pickup,-3.515,1.936,-6.000,-3.500,joint_grid_transaction,850,850,1,8,52,0.000,1.00,3.114,False,None,0.000,False
1196.032,6,returning_to_charge,-7.606,-3.164,-8.500,0.000,joint_grid_transaction,850,850,2,9,None,0.000,1.00,2.470,False,joint_slot_deadline,1196.452,False
1196.032,7,en_route_delivery,5.832,-2.275,6.000,-3.500,joint_grid_transaction,850,850,2,7,49,0.000,1.00,-0.778,False,None,0.000,False
1196.032,8,en_route_pickup,-2.471,-3.189,-6.000,3.500,joint_grid_transaction,850,850,2,9,57,0.000,1.00,-3.064,False,None,0.000,False
1198.080,1,en_route_pickup,-5.860,2.053,-6.000,3.500,joint_grid_transaction,850,850,3,9,56,0.000,1.00,2.284,False,None,0.000,False
1198.080,2,en_route_pickup,-1.281,2.013,-6.000,3.500,joint_grid_transaction,850,850,2,9,58,0.000,1.00,3.036,False,None,0.000,False
1198.080,3,en_route_pickup,2.011,3.044,1.000,1.500,joint_grid_transaction,850,850,3,9,55,0.000,1.00,-3.045,False,None,0.000,False
1198.080,4,en_route_pickup,-2.918,-2.061,0.000,-3.500,joint_grid_transaction,850,850,3,9,48,0.000,1.00,-0.024,False,None,0.000,False
1198.080,5,en_route_pickup,-3.759,1.938,-6.000,-3.500,joint_grid_transaction,850,850,2,8,52,0.000,1.00,-3.124,False,None,0.000,False
1198.080,6,returning_to_charge,-7.684,-2.950,-8.500,0.000,joint_grid_transaction,850,850,3,9,None,0.000,1.00,1.928,False,None,0.000,False
1198.080,7,en_route_delivery,5.959,-2.566,6.000,-3.500,joint_grid_transaction,850,850,4,7,49,0.000,1.00,-1.343,False,None,0.000,False
1198.080,8,en_route_pickup,-2.706,-3.185,-6.000,3.500,joint_grid_transaction,850,850,3,9,57,0.000,1.00,-3.129,False,None,0.000,False
1200.128,1,en_route_pickup,-5.954,2.287,-6.000,3.500,joint_grid_transaction,851,851,1,6,56,0.000,1.00,1.835,False,joint_slot_deadline,1200.436,False
1200.128,2,en_route_pickup,-1.608,1.983,-6.000,3.500,joint_grid_transaction,851,851,2,9,58,0.000,1.00,3.054,False,None,0.000,False
1200.128,3,en_route_pickup,1.778,3.063,1.000,1.500,joint_grid_transaction,851,851,2,9,55,0.000,1.00,-3.067,False,None,0.000,False
1200.128,4,en_route_pickup,-2.695,-2.067,0.000,-3.500,joint_grid_transaction,851,851,1,9,48,0.000,1.00,-0.018,False,None,0.000,False
1200.128,5,en_route_pickup,-4.037,1.959,-6.000,-3.500,joint_grid_transaction,851,851,1,8,52,0.000,1.00,-3.009,False,joint_slot_deadline,1200.436,False
1200.128,6,returning_to_charge,-7.745,-2.586,-8.500,0.000,joint_grid_transaction,851,851,2,9,None,0.000,1.00,1.663,False,None,0.000,False
1200.128,7,en_route_delivery,6.002,-2.921,6.000,3.500,joint_grid_transaction,851,851,2,1,59,0.000,1.00,-1.477,False,None,0.000,False
1200.128,8,en_route_pickup,-2.973,-3.191,-6.000,3.500,joint_grid_transaction,851,851,2,9,57,0.000,1.00,3.094,False,None,0.000,False
1202.176,1,en_route_pickup,-5.997,2.586,-6.000,3.500,joint_grid_transaction,852,852,3,6,56,0.000,1.00,1.663,False,None,0.000,False
1202.176,2,en_route_pickup,-1.834,1.963,-6.000,3.500,joint_grid_transaction,852,852,2,8,58,0.000,1.00,3.050,False,None,0.000,False
1202.176,3,en_route_pickup,1.540,3.065,1.000,1.500,joint_grid_transaction,852,852,2,9,55,0.000,1.00,-3.138,False,None,0.000,False
1202.176,4,en_route_pickup,-2.397,-2.041,0.000,-3.500,joint_grid_transaction,852,852,3,9,48,0.000,1.00,-0.122,False,None,0.000,False
1202.176,5,en_route_pickup,-4.339,1.992,-6.000,-3.500,joint_grid_transaction,852,852,3,9,52,0.000,1.00,-3.044,False,None,0.000,False
1202.176,6,returning_to_charge,-7.773,-2.273,-8.500,0.000,joint_grid_transaction,852,852,2,9,None,0.000,1.00,1.660,False,None,0.000,False
1202.176,7,en_route_delivery,6.072,-2.902,6.000,3.500,joint_grid_transaction,852,852,1,8,59,0.000,1.00,-0.489,False,None,0.000,False
1202.176,8,en_route_pickup,-3.336,-3.229,-6.000,3.500,joint_grid_transaction,852,852,3,9,57,0.000,1.00,3.039,False,None,0.000,False
1204.224,1,en_route_pickup,-6.025,2.895,-6.000,3.500,joint_grid_transaction,852,852,4,6,56,0.000,1.00,1.661,False,None,0.000,False
1204.224,2,en_route_pickup,-2.067,1.944,-6.000,3.500,joint_grid_transaction,852,852,3,8,58,0.000,1.00,3.083,False,None,0.000,False
1204.224,3,en_route_pickup,1.280,3.065,1.000,1.500,joint_grid_transaction,852,852,3,9,55,0.000,1.00,3.138,False,None,0.000,False
1204.224,4,en_route_pickup,-2.038,-2.003,0.000,-3.500,joint_grid_transaction,852,852,4,9,48,0.000,1.00,-0.098,False,None,0.000,False
1204.224,5,en_route_pickup,-4.652,2.022,-6.000,-3.500,joint_grid_transaction,852,852,4,9,52,0.000,1.00,-3.048,False,None,0.000,False
1204.224,6,returning_to_charge,-7.797,-2.008,-8.500,0.000,joint_grid_transaction,852,852,3,9,None,0.000,1.00,1.660,False,None,0.000,False
1204.224,7,en_route_delivery,6.027,-2.658,6.000,3.500,joint_grid_transaction,852,852,2,8,59,0.000,1.00,-1.513,False,None,0.000,False
1204.224,8,en_route_pickup,-3.668,-3.262,-6.000,3.500,joint_grid_transaction,852,852,4,9,57,0.000,1.00,3.045,False,None,0.000,False
1206.272,1,en_route_delivery,-5.977,2.940,0.000,3.500,joint_grid_transaction,855,855,1,9,56,0.000,1.00,0.551,False,None,0.000,False
1206.272,2,en_route_pickup,-2.286,1.933,-6.000,3.500,joint_grid_transaction,855,855,1,8,58,0.000,1.00,-3.136,False,None,0.000,False
1206.272,3,en_route_pickup,1.141,2.958,1.000,1.500,joint_grid_transaction,855,855,2,8,55,0.000,1.00,2.276,False,None,0.000,False
1206.272,4,en_route_pickup,-1.735,-1.974,0.000,-3.500,joint_grid_transaction,855,855,2,9,48,0.000,1.00,-0.094,False,None,0.000,False
1206.272,5,en_route_pickup,-4.917,2.047,-6.000,-3.500,joint_grid_transaction,855,855,2,9,52,0.000,1.00,-3.048,False,None,0.000,False
1206.272,6,returning_to_charge,-7.813,-1.775,-8.500,0.000,joint_grid_transaction,855,855,2,9,None,0.000,1.00,1.640,False,None,0.000,False
1206.272,7,en_route_delivery,6.045,-2.377,6.000,3.500,joint_grid_transaction,855,855,2,9,59,0.000,1.00,-1.504,False,None,0.000,False
1206.272,8,en_route_pickup,-3.949,-3.289,-6.000,3.500,joint_grid_transaction,855,855,2,9,57,0.000,1.00,3.049,False,None,0.000,False
1208.320,1,en_route_delivery,-5.646,3.000,0.000,3.500,joint_grid_transaction,855,855,3,9,56,0.000,1.00,0.088,False,None,0.000,False
1208.320,2,en_route_pickup,-2.588,1.947,-6.000,3.500,joint_grid_transaction,855,855,3,8,58,0.000,1.00,-3.058,False,None,0.000,False
1208.320,3,en_route_pickup,1.027,2.633,1.000,1.500,joint_grid_transaction,855,855,4,8,55,0.000,1.00,1.719,False,None,0.000,False
1208.320,4,en_route_pickup,-1.482,-1.950,0.000,-3.500,joint_grid_transaction,855,855,3,9,48,0.000,1.00,-0.087,False,None,0.000,False
1208.320,5,en_route_pickup,-5.142,2.062,-6.000,-3.500,joint_grid_transaction,855,855,3,9,52,0.000,1.00,-3.083,False,None,0.000,False
1208.320,6,returning_to_charge,-7.815,-1.535,-8.500,0.000,joint_grid_transaction,855,855,3,9,None,0.000,1.00,1.574,False,None,0.000,False
1208.320,7,en_route_delivery,6.060,-2.136,6.000,3.500,joint_grid_transaction,855,855,3,9,59,0.000,1.00,-1.511,False,None,0.000,False
1208.320,8,en_route_pickup,-4.189,-3.310,-6.000,3.500,joint_grid_transaction,855,855,3,9,57,0.000,1.00,3.054,False,None,0.000,False
1210.368,1,en_route_delivery,-5.340,3.027,0.000,3.500,joint_grid_transaction,856,856,2,9,56,0.000,1.00,0.087,False,None,0.000,False
1210.368,2,en_route_pickup,-2.960,1.987,-6.000,3.500,joint_grid_transaction,856,856,2,9,58,0.000,1.00,-3.047,False,None,0.000,False
1210.368,3,en_route_pickup,0.992,2.288,1.000,1.500,joint_grid_transaction,856,856,2,5,55,0.000,1.00,1.663,False,None,0.000,False
1210.368,4,en_route_pickup,-1.252,-1.936,0.000,-3.500,joint_grid_transaction,856,856,2,9,48,0.000,1.00,-0.049,False,None,0.000,False
1210.368,5,en_route_pickup,-5.371,2.065,-6.000,-3.500,joint_grid_transaction,856,856,2,9,52,0.000,1.00,3.112,False,None,0.000,False
1210.368,6,returning_to_charge,-7.810,-1.265,-8.500,0.000,joint_grid_transaction,856,856,2,9,None,0.000,1.00,1.537,False,None,0.000,False
1210.368,7,en_route_delivery,6.066,-1.914,6.000,3.500,joint_grid_transaction,856,856,2,9,59,0.000,1.00,-1.591,False,None,0.000,False
1210.368,8,en_route_pickup,-4.415,-3.314,-6.000,3.500,joint_grid_transaction,856,856,2,9,57,0.000,1.00,-3.138,False,None,0.000,False
1212.416,1,en_route_delivery,-5.078,3.050,0.000,3.500,joint_grid_transaction,857,857,1,8,56,0.000,1.00,0.088,False,None,0.000,False
1212.416,2,en_route_pickup,-3.281,2.017,-6.000,3.500,joint_grid_transaction,857,857,1,9,58,0.000,1.00,-3.050,False,None,0.000,False
1212.416,3,en_route_delivery,0.969,2.021,6.000,-3.500,joint_grid_transaction,857,857,1,9,55,0.000,1.00,1.394,False,None,0.000,False
1212.416,4,en_route_pickup,-0.994,-1.939,0.000,-3.500,joint_grid_transaction,857,857,1,9,48,0.000,1.00,-0.027,False,None,0.000,False
1212.416,5,en_route_pickup,-5.722,2.031,-6.000,-3.500,joint_grid_transaction,857,857,1,8,52,0.000,1.00,3.031,False,None,0.000,False
1212.416,6,returning_to_charge,-7.774,-0.907,-8.500,0.000,joint_grid_transaction,857,857,2,8,None,0.000,1.00,1.459,False,None,0.000,False
1212.416,7,en_route_delivery,6.037,-1.575,6.000,3.500,joint_grid_transaction,857,857,2,9,59,0.000,1.00,-1.690,False,None,0.000,False
1212.416,8,en_route_pickup,-4.705,-3.305,-6.000,3.500,joint_grid_transaction,857,857,1,8,57,0.000,1.00,-3.084,False,None,0.000,False
1214.464,1,en_route_delivery,-4.854,3.062,0.000,3.500,joint_grid_transaction,857,857,2,8,56,0.000,1.00,0.050,False,None,0.000,False
1214.464,2,en_route_pickup,-3.553,2.042,-6.000,3.500,joint_grid_transaction,857,857,3,9,58,0.000,1.00,-3.050,False,None,0.000,False
1214.464,3,en_route_delivery,1.184,2.029,6.000,-3.500,joint_grid_transaction,857,857,2,9,55,0.000,1.00,0.188,False,None,0.000,False
1214.464,4,en_route_pickup,-0.638,-1.973,0.000,-3.500,joint_grid_transaction,857,857,3,9,48,0.000,1.00,-0.105,False,None,0.000,False
1214.464,5,en_route_pickup,-5.828,1.959,-6.000,-3.500,joint_grid_transaction,857,857,2,8,52,0.000,1.00,2.399,False,None,0.000,False
1214.464,6,returning_to_charge,-7.739,-0.573,-8.500,0.000,joint_grid_transaction,857,857,3,8,None,0.000,1.00,1.471,False,None,0.000,False
1214.464,7,en_route_delivery,6.005,-1.301,6.000,3.500,joint_grid_transaction,857,857,3,9,59,0.000,1.00,-1.675,False,None,0.000,False
1214.464,8,en_route_pickup,-4.970,-3.276,-6.000,3.500,joint_grid_transaction,857,857,2,8,57,0.000,1.00,-3.033,False,None,0.000,False
1216.512,1,en_route_delivery,-4.624,3.064,0.000,3.500,joint_grid_transaction,858,858,2,9,56,0.000,1.00,0.041,False,None,0.000,False
1216.512,2,en_route_pickup,-3.775,2.060,-6.000,3.500,joint_grid_transaction,858,858,1,9,58,0.000,1.00,-3.105,False,None,0.000,False
1216.512,3,en_route_delivery,1.531,1.992,6.000,-3.500,joint_grid_transaction,858,858,1,9,55,0.000,1.00,0.088,False,None,0.000,False
1216.512,4,en_route_pickup,-0.295,-2.007,0.000,-3.500,joint_grid_transaction,858,858,1,8,48,0.000,1.00,-0.095,False,None,0.000,False
1216.512,5,en_route_pickup,-5.960,1.659,-6.000,-3.500,joint_grid_transaction,858,858,2,9,52,0.000,1.00,1.787,False,None,0.000,False
1216.512,6,returning_to_charge,-7.712,-0.292,-8.500,0.000,joint_grid_transaction,858,858,1,5,None,0.000,1.00,1.475,False,None,0.000,False
1216.512,7,en_route_delivery,5.974,-0.998,6.000,3.500,joint_grid_transaction,858,858,1,9,59,0.000,1.00,-1.669,False,None,0.000,False
1216.512,8,en_route_pickup,-5.254,-3.240,-6.000,3.500,joint_grid_transaction,858,858,0,8,57,0.000,1.00,-2.696,False,None,0.000,False
1218.560,1,en_route_delivery,-4.264,3.026,0.000,3.500,joint_grid_transaction,858,858,3,9,56,0.000,1.00,0.108,False,None,0.000,False
1218.560,2,en_route_pickup,-4.007,2.068,-6.000,3.500,joint_grid_transaction,858,858,2,9,58,0.000,1.00,-3.114,False,None,0.000,False
1218.560,3,en_route_delivery,1.823,1.966,6.000,-3.500,joint_grid_transaction,858,858,3,9,55,0.000,1.00,0.089,False,None,0.000,False
1218.560,4,en_route_pickup,-0.146,-2.088,0.000,-3.500,joint_grid_transaction,858,858,2,8,48,0.000,1.00,-0.716,False,None,0.000,False
1218.560,5,en_route_pickup,-6.003,1.304,-6.000,-3.500,joint_grid_transaction,858,858,3,9,52,0.000,1.00,1.666,False,None,0.000,False
1218.560,6,returning_to_charge,-7.767,-0.181,-8.500,0.000,joint_grid_transaction,858,858,2,5,None,0.000,1.00,2.330,False,None,0.000,False
1218.560,7,en_route_delivery,5.949,-0.744,6.000,3.500,joint_grid_transaction,858,858,2,9,59,0.000,1.00,-1.666,False,None,0.000,False
1218.560,8,en_route_pickup,-5.116,-3.243,-6.000,3.500,joint_grid_transaction,858,858,1,8,57,0.000,1.00,-0.418,False,None,0.000,False
1220.608,1,en_route_delivery,-3.925,2.992,0.000,3.500,joint_grid_transaction,859,859,2,9,56,0.000,1.00,0.097,False,None,0.000,False
1220.608,2,en_route_pickup,-4.301,2.050,-6.000,3.500,joint_grid_transaction,859,859,1,9,58,0.000,1.00,3.029,False,None,0.000,False
1220.608,3,en_route_delivery,2.065,1.947,6.000,-3.500,joint_grid_transaction,859,859,2,9,55,0.000,1.00,0.065,False,None,0.000,False
1220.608,4,en_route_pickup,-0.043,-2.373,0.000,-3.500,joint_grid_transaction,859,859,2,6,48,0.000,1.00,-1.346,False,None,0.000,False
1220.608,5,en_route_pickup,-6.030,1.008,-6.000,-3.500,joint_grid_transaction,859,859,1,8,52,0.000,1.00,1.662,False,None,0.000,False
1220.608,6,charging,-8.071,-0.040,-8.500,0.000,joint_grid_transaction,859,859,2,3,None,0.000,1.00,2.920,False,None,0.000,False
1220.608,7,en_route_delivery,5.935,-0.515,6.000,3.500,joint_grid_transaction,859,859,1,9,59,0.000,1.00,-1.632,False,None,0.000,False
1220.608,8,en_route_pickup,-4.892,-3.228,-6.000,3.500,joint_grid_transaction,859,859,1,9,57,0.000,1.00,-0.456,False,None,0.000,False
1222.656,1,en_route_delivery,-3.638,2.964,0.000,3.500,joint_grid_transaction,859,859,3,9,56,0.000,1.00,0.095,False,None,0.000,False
1222.656,2,en_route_pickup,-4.670,2.010,-6.000,3.500,joint_grid_transaction,859,859,3,9,58,0.000,1.00,3.042,False,None,0.000,False
1222.656,3,en_route_delivery,2.285,1.934,6.000,-3.500,joint_grid_transaction,859,859,2,9,55,0.000,1.00,0.006,False,None,0.000,False
1222.656,4,en_route_pickup,0.001,-2.730,0.000,-3.500,joint_grid_transaction,859,859,3,6,48,0.000,1.00,-1.479,False,None,0.000,False
1222.656,5,en_route_pickup,-6.049,0.813,-6.000,-3.500,joint_grid_transaction,859,859,2,8,52,0.000,1.00,1.665,False,None,0.000,False
1222.656,6,charging,-8.281,-0.012,-8.500,0.000,joint_grid_transaction,859,859,3,3,None,0.000,1.00,3.045,False,None,0.000,False
1222.656,7,en_route_delivery,5.941,-0.257,6.000,3.500,joint_grid_transaction,859,859,2,9,59,0.000,1.00,-1.522,False,None,0.000,False
1222.656,8,en_route_pickup,-5.025,-3.226,-6.000,3.500,joint_grid_transaction,859,859,1,9,57,0.000,1.00,-2.678,False,None,0.000,False
1224.704,1,en_route_delivery,-3.413,2.946,0.000,3.500,joint_grid_transaction,861,861,2,9,56,0.000,1.00,0.068,False,None,0.000,False
1224.704,2,en_route_pickup,-4.985,1.979,-6.000,3.500,joint_grid_transaction,861,861,1,8,58,0.000,1.00,3.047,False,None,0.000,False
1224.704,3,en_route_delivery,2.595,1.952,6.000,-3.500,joint_grid_transaction,861,861,2,9,55,0.000,1.00,0.100,False,None,0.000,False
1224.704,4,en_route_delivery,0.020,-2.971,-6.000,-3.500,joint_grid_transaction,861,861,1,9,48,0.000,1.00,-1.991,False,None,0.000,False
1224.704,5,en_route_pickup,-6.062,0.590,-6.000,-3.500,joint_grid_transaction,861,861,2,9,52,0.000,1.00,1.629,False,None,0.000,False
1224.704,6,charging,-8.281,-0.012,-8.500,0.000,joint_grid_transaction,859,859,3,3,None,0.000,1.00,3.045,False,None,0.000,False
1224.704,7,en_route_delivery,5.980,0.101,6.000,3.500,joint_grid_transaction,861,861,2,9,59,0.000,1.00,-1.457,False,None,0.000,False
1224.704,8,en_route_pickup,-5.335,-3.265,-6.000,3.500,joint_grid_transaction,861,861,2,9,57,0.000,1.00,-3.066,False,None,0.000,False
1226.752,1,en_route_delivery,-3.197,2.935,0.000,3.500,joint_grid_transaction,861,861,3,9,56,0.000,1.00,0.005,False,None,0.000,False
1226.752,2,en_route_pickup,-5.190,1.959,-6.000,3.500,joint_grid_transaction,861,861,2,8,58,0.000,1.00,3.045,False,None,0.000,False
1226.752,3,en_route_delivery,2.962,1.992,6.000,-3.500,joint_grid_transaction,861,861,3,9,55,0.000,1.00,0.099,False,None,0.000,False
1226.752,4,en_route_delivery,-0.221,-2.975,-6.000,-3.500,joint_grid_transaction,861,861,2,9,48,0.000,1.00,-2.981,False,None,0.000,False
1226.752,5,en_route_pickup,-6.065,0.357,-6.000,-3.500,joint_grid_transaction,861,861,3,9,52,0.000,1.00,1.546,False,None,0.000,False
1226.752,6,en_route_pickup,-8.281,-0.012,-6.000,3.500,joint_grid_transaction,859,859,3,1,60,0.000,1.00,3.045,False,None,0.000,False
1226.752,7,en_route_delivery,6.013,0.433,6.000,3.500,joint_grid_transaction,861,861,3,9,59,0.000,1.00,-1.476,False,None,0.000,False
1226.752,8,en_route_pickup,-5.626,-3.287,-6.000,3.500,joint_grid_transaction,861,861,3,9,57,0.000,1.00,-3.062,False,None,0.000,False
1228.800,1,en_route_delivery,-2.962,2.941,0.000,3.500,joint_grid_transaction,862,862,1,8,56,0.000,1.00,0.044,False,joint_slot_deadline,1229.012,False
1228.800,2,en_route_pickup,-5.424,1.941,-6.000,3.500,joint_grid_transaction,862,862,2,9,58,0.000,1.00,3.070,False,None,0.000,False
1228.800,3,en_route_delivery,3.272,2.022,6.000,-3.500,joint_grid_transaction,862,862,2,9,55,0.000,1.00,0.094,False,None,0.000,False
1228.800,4,en_route_delivery,-0.532,-3.007,-6.000,-3.500,joint_grid_transaction,862,862,2,9,48,0.000,1.00,-3.052,False,joint_slot_deadline,1229.012,False
1228.800,5,en_route_pickup,-6.032,0.012,-6.000,-3.500,joint_grid_transaction,862,862,2,9,52,0.000,1.00,1.452,False,None,0.000,False
1228.800,6,en_route_pickup,-8.199,0.058,-6.000,3.500,joint_grid_transaction,862,862,2,9,60,0.000,1.00,1.968,False,None,0.000,False
1228.800,7,en_route_delivery,6.039,0.714,6.000,3.500,joint_grid_transaction,862,862,2,9,59,0.000,1.00,-1.480,False,None,0.000,False
1228.800,8,en_route_pickup,-5.683,-3.238,-6.000,3.500,joint_grid_transaction,862,862,2,9,57,0.000,1.00,2.085,False,None,0.000,False
1230.848,1,en_route_delivery,-2.633,2.976,0.000,3.500,joint_grid_transaction,863,863,3,9,56,0.000,1.00,0.100,False,None,0.000,False
1230.848,2,en_route_pickup,-5.654,1.936,-6.000,3.500,joint_grid_transaction,863,863,2,9,58,0.000,1.00,-3.140,False,None,0.000,False
1230.848,3,en_route_delivery,3.514,2.045,6.000,-3.500,joint_grid_transaction,863,863,2,9,55,0.000,1.00,0.095,False,None,0.000,False
1230.848,4,en_route_delivery,-0.787,-3.031,-6.000,-3.500,joint_grid_transaction,863,863,2,9,48,0.000,1.00,-3.048,False,None,0.000,False
1230.848,5,en_route_pickup,-5.996,-0.335,-6.000,-3.500,joint_grid_transaction,863,863,3,9,52,0.000,1.00,1.472,False,None,0.000,False
1230.848,6,en_route_pickup,-8.035,0.008,-6.000,3.500,joint_grid_transaction,863,863,2,9,60,0.000,1.00,0.128,False,None,0.000,False
1230.848,7,en_route_delivery,6.061,0.953,6.000,3.500,joint_grid_transaction,863,863,2,9,59,0.000,1.00,-1.480,False,None,0.000,False
1230.848,8,en_route_pickup,-5.528,-3.269,-6.000,3.500,joint_grid_transaction,863,863,2,9,57,0.000,1.00,0.230,False,None,0.000,False
1232.896,1,en_route_delivery,-2.293,3.008,0.000,3.500,joint_grid_transaction,863,863,4,9,56,0.000,1.00,0.094,False,None,0.000,False
1232.896,2,en_route_pickup,-5.933,1.941,-6.000,3.500,joint_grid_transaction,863,863,3,9,58,0.000,1.00,-3.108,False,None,0.000,False
1232.896,3,en_route_delivery,3.739,2.064,6.000,-3.500,joint_grid_transaction,863,863,3,9,55,0.000,1.00,0.060,False,None,0.000,False
1232.896,4,en_route_delivery,-1.028,-3.053,-6.000,-3.500,joint_grid_transaction,863,863,3,9,48,0.000,1.00,-3.077,False,None,0.000,False
1232.896,5,en_route_pickup,-5.967,-0.628,-6.000,-3.500,joint_grid_transaction,863,863,4,9,52,0.000,1.00,1.475,False,None,0.000,False
1232.896,6,en_route_pickup,-7.723,0.030,-6.000,3.500,joint_grid_transaction,863,863,3,9,60,0.000,1.00,0.068,False,None,0.000,False
1232.896,7,en_route_delivery,6.065,1.181,6.000,3.500,joint_grid_transaction,863,863,3,9,59,0.000,1.00,-1.565,False,None,0.000,False
1232.896,8,en_route_pickup,-5.189,-3.234,-6.000,3.500,joint_grid_transaction,863,863,4,9,57,0.000,1.00,0.080,False,None,0.000,False
1234.944,1,en_route_delivery,-2.005,3.035,0.000,3.500,joint_grid_transaction,864,864,2,9,56,0.000,1.00,0.091,False,None,0.000,False
1234.944,2,en_route_pickup,-6.291,1.975,-6.000,3.500,joint_grid_transaction,864,864,2,9,58,0.000,1.00,-3.031,False,None,0.000,False
1234.944,3,en_route_delivery,3.990,2.062,6.000,-3.500,joint_grid_transaction,864,864,2,9,55,0.000,1.00,0.020,False,None,0.000,False
1234.944,4,en_route_delivery,-1.258,-3.065,-6.000,-3.500,joint_grid_transaction,864,864,2,9,48,0.000,1.00,-3.106,False,None,0.000,False
1234.944,5,en_route_pickup,-5.946,-0.866,-6.000,-3.500,joint_grid_transaction,864,864,2,8,52,0.000,1.00,1.484,False,None,0.000,False
1234.944,6,en_route_pickup,-7.458,0.049,-6.000,3.500,joint_grid_transaction,864,864,2,9,60,0.000,1.00,0.075,False,None,0.000,False
1234.944,7,en_route_delivery,6.061,1.445,6.000,3.500,joint_grid_transaction,864,864,2,9,59,0.000,1.00,-1.603,False,None,0.000,False
1234.944,8,en_route_pickup,-4.904,-3.211,-6.000,3.500,joint_grid_transaction,864,864,3,9,57,0.000,1.00,0.082,False,None,0.000,False
1236.992,1,en_route_delivery,-1.762,3.057,0.000,3.500,joint_grid_transaction,864,864,3,9,56,0.000,1.00,0.086,False,None,0.000,False
1236.992,2,en_route_pickup,-6.627,2.009,-6.000,3.500,joint_grid_transaction,864,864,4,9,58,0.000,1.00,-3.044,False,None,0.000,False
1236.992,3,en_route_delivery,4.336,2.031,6.000,-3.500,joint_grid_transaction,864,864,4,9,55,0.000,1.00,0.117,False,None,0.000,False
1236.992,4,en_route_delivery,-1.531,-3.056,-6.000,-3.500,joint_grid_transaction,864,864,3,9,48,0.000,1.00,3.082,False,None,0.000,False
1236.992,5,en_route_pickup,-5.935,-1.077,-6.000,-3.500,joint_grid_transaction,864,864,3,8,52,0.000,1.00,1.574,False,None,0.000,False
1236.992,6,en_route_pickup,-7.232,0.064,-6.000,3.500,joint_grid_transaction,864,864,3,9,60,0.000,1.00,0.028,False,None,0.000,False
1236.992,7,en_route_delivery,6.026,1.801,6.000,3.500,joint_grid_transaction,864,864,4,9,59,0.000,1.00,-1.687,False,None,0.000,False
1236.992,8,en_route_pickup,-4.664,-3.194,-6.000,3.500,joint_grid_transaction,864,864,4,9,57,0.000,1.00,0.061,False,None,0.000,False
1239.040,1,en_route_delivery,-1.537,3.067,0.000,3.500,joint_grid_transaction,865,865,2,9,56,0.000,1.00,0.058,False,None,0.000,False
1239.040,2,en_route_pickup,-6.523,2.037,-6.000,3.500,joint_grid_transaction,865,865,1,9,58,0.000,1.00,-0.733,False,None,0.000,False
1239.040,3,en_route_delivery,4.644,1.997,6.000,-3.500,joint_grid_transaction,865,865,3,9,55,0.000,1.00,0.107,False,None,0.000,False
1239.040,4,en_route_delivery,-1.904,-3.017,-6.000,-3.500,joint_grid_transaction,865,865,3,9,48,0.000,1.00,3.045,False,None,0.000,False
1239.040,5,en_route_pickup,-5.952,-1.391,-6.000,-3.500,joint_grid_transaction,865,865,3,9,52,0.000,1.00,1.672,False,None,0.000,False
1239.040,6,en_route_pickup,-6.982,0.066,-6.000,3.500,joint_grid_transaction,865,865,2,9,60,0.000,1.00,0.014,False,None,0.000,False
1239.040,7,en_route_delivery,5.991,2.138,6.000,3.500,joint_grid_transaction,865,865,3,8,59,0.000,1.00,-1.671,False,None,0.000,False
1239.040,8,en_route_pickup,-4.459,-3.184,-6.000,3.500,joint_grid_transaction,865,865,2,9,57,0.000,1.00,0.098,False,None,0.000,False
1241.088,1,en_route_delivery,-1.277,3.058,0.000,3.500,joint_grid_transaction,865,865,3,9,56,0.000,1.00,0.079,False,None,0.000,False
1241.088,2,en_route_pickup,-6.264,2.032,-6.000,3.500,joint_grid_transaction,865,865,2,9,58,0.000,1.00,-0.059,False,None,0.000,False
1241.088,3,en_route_delivery,4.933,1.967,6.000,-3.500,joint_grid_transaction,865,865,4,9,55,0.000,1.00,0.101,False,None,0.000,False
1241.088,4,en_route_delivery,-2.233,-2.986,-6.000,-3.500,joint_grid_transaction,865,865,4,9,48,0.000,1.00,3.049,False,None,0.000,False
1241.088,5,en_route_pickup,-5.992,-1.759,-6.000,-3.500,joint_grid_transaction,865,865,4,9,52,0.000,1.00,1.665,False,None,0.000,False
1241.088,6,en_route_pickup,-6.686,0.051,-6.000,3.500,joint_grid_transaction,865,865,4,9,60,0.000,1.00,0.094,False,None,0.000,False
1241.088,7,en_route_delivery,5.963,2.422,6.000,3.500,joint_grid_transaction,865,865,4,8,59,0.000,1.00,-1.667,False,None,0.000,False
1241.088,8,en_route_pickup,-4.350,-2.998,-6.000,3.500,joint_grid_transaction,865,865,4,9,57,0.000,1.00,1.100,False,None,0.000,False
1243.136,1,en_route_delivery,-0.909,3.016,0.000,3.500,joint_grid_transaction,866,866,3,8,56,0.000,1.00,0.100,False,None,0.000,False
1243.136,2,en_route_pickup,-5.996,2.049,-6.000,3.500,joint_grid_transaction,866,866,2,9,58,0.000,1.00,-0.068,False,None,0.000,False
1243.136,3,en_route_delivery,5.135,1.946,6.000,-3.500,joint_grid_transaction,866,866,2,8,55,0.000,1.00,0.101,False,None,0.000,False
1243.136,4,en_route_delivery,-2.358,-3.096,-6.000,-3.500,joint_grid_transaction,866,866,3,7,48,0.000,1.00,-2.196,False,None,0.000,False
1243.136,5,en_route_pickup,-6.021,-2.073,-6.000,-3.500,joint_grid_transaction,866,866,3,8,52,0.000,1.00,1.663,False,None,0.000,False
1243.136,6,en_route_pickup,-6.328,0.010,-6.000,3.500,joint_grid_transaction,866,866,3,9,60,0.000,1.00,0.102,False,None,0.000,False
1243.136,7,en_route_delivery,5.944,2.638,6.000,3.500,joint_grid_transaction,866,866,2,5,59,0.000,1.00,-1.659,False,None,0.000,False
1243.136,8,en_route_pickup,-4.510,-3.023,-6.000,3.500,joint_grid_transaction,866,866,1,9,57,0.000,1.00,2.899,False,None,0.000,False
1245.184,1,en_route_delivery,-0.584,2.984,0.000,3.500,joint_grid_transaction,867,867,2,6,56,0.000,1.00,0.091,False,None,0.000,False
1245.184,2,en_route_pickup,-5.761,2.065,-6.000,3.500,joint_grid_transaction,867,867,1,9,58,0.000,1.00,-0.058,False,None,0.000,False
1245.184,3,en_route_delivery,5.342,1.936,6.000,-3.500,joint_grid_transaction,867,867,2,9,55,0.000,1.00,0.002,False,None,0.000,False
1245.184,4,en_route_delivery,-2.478,-3.451,-6.000,-3.500,joint_grid_transaction,867,867,1,4,48,0.000,1.00,-1.695,False,None,0.000,False
1245.184,5,en_route_pickup,-6.045,-2.339,-6.000,-3.500,joint_grid_transaction,867,867,2,6,52,0.000,1.00,1.660,False,None,0.000,False
1245.184,6,en_route_pickup,-6.137,0.085,-6.000,3.500,joint_grid_transaction,867,867,2,9,60,0.000,1.00,0.739,False,None,0.000,False
1245.184,7,en_route_delivery,5.935,2.852,6.000,3.500,joint_grid_transaction,867,867,2,4,59,0.000,1.00,-1.563,False,None,0.000,False
1245.184,8,en_route_pickup,-4.638,-2.846,-6.000,3.500,joint_grid_transaction,867,867,1,9,57,0.000,1.00,1.948,False,None,0.000,False
1247.232,1,en_route_delivery,-0.323,2.960,0.000,3.500,joint_grid_transaction,868,868,2,5,56,0.000,1.00,0.093,False,None,0.000,False
1247.232,2,en_route_pickup,-5.740,1.992,-6.000,3.500,joint_grid_transaction,868,868,1,9,58,0.000,1.00,-1.247,False,None,0.000,False
1247.232,3,en_route_delivery,5.623,1.941,6.000,-3.500,joint_grid_transaction,868,868,2,9,55,0.000,1.00,0.033,False,None,0.000,False
1247.232,4,en_route_delivery,-2.505,-3.704,-6.000,-3.500,joint_grid_transaction,868,868,2,4,48,0.000,1.00,-1.673,False,None,0.000,False
1247.232,5,en_route_pickup,-6.061,-2.557,-6.000,-3.500,joint_grid_transaction,868,868,2,5,52,0.000,1.00,1.596,False,None,0.000,False
1247.232,6,en_route_pickup,-6.137,0.086,-6.000,3.500,joint_grid_transaction,868,868,1,8,60,0.000,1.00,0.740,False,joint_slot_deadline,1247.332,False
1247.232,7,en_route_delivery,5.883,2.914,-6.000,3.500,joint_grid_transaction,868,868,2,9,61,0.000,1.00,-2.586,False,None,0.000,False
1247.232,8,en_route_pickup,-4.457,-2.817,-6.000,3.500,joint_grid_transaction,868,868,1,8,57,0.000,1.00,0.406,False,joint_slot_deadline,1247.332,False
1249.280,1,en_route_pickup,-0.292,3.015,-3.000,-1.500,joint_grid_transaction,870,870,2,9,62,0.000,1.00,1.107,False,None,0.000,False
1249.280,2,en_route_pickup,-5.912,2.028,-6.000,3.500,joint_grid_transaction,870,870,2,9,58,0.000,1.00,-2.928,False,None,0.000,False
1249.280,3,en_route_delivery,5.845,1.907,6.000,-3.500,joint_grid_transaction,870,870,2,9,55,0.000,1.00,0.613,False,None,0.000,False
1249.280,4,en_route_delivery,-2.533,-3.990,-6.000,-3.500,joint_grid_transaction,870,870,1,2,48,0.000,1.00,-1.668,False,None,0.000,False
1249.280,5,en_route_pickup,-6.068,-2.780,-6.000,-3.500,joint_grid_transaction,870,870,1,4,52,0.000,1.00,1.564,False,None,0.000,False
1249.280,6,en_route_pickup,-6.053,0.316,-6.000,3.500,joint_grid_transaction,870,870,2,9,60,0.000,1.00,1.254,False,None,0.000,False
1249.280,7,en_route_delivery,5.534,2.994,-6.000,3.500,joint_grid_transaction,870,870,1,8,61,0.000,1.00,-3.053,False,None,0.000,False
1249.280,8,en_route_pickup,-4.364,-2.683,-6.000,3.500,joint_grid_transaction,870,870,1,8,57,0.000,1.00,0.909,False,joint_slot_deadline,1250.292,False
1251.328,1,en_route_pickup,-0.455,2.981,-3.000,-1.500,joint_grid_transaction,872,872,1,8,62,0.000,1.00,2.931,False,None,0.000,False
1251.328,2,en_route_pickup,-6.190,1.993,-6.000,3.500,joint_grid_transaction,872,872,2,9,58,0.000,1.00,-3.040,False,None,0.000,False
1251.328,3,en_route_delivery,5.863,1.829,6.000,-3.500,joint_grid_transaction,872,872,2,9,55,0.000,1.00,0.959,False,joint_slot_deadline,1252.292,False
1251.328,4,en_route_delivery,-2.541,-4.021,-6.000,-3.500,joint_grid_transaction,872,872,2,9,48,0.000,1.00,-1.960,False,None,0.000,False
1251.328,5,en_route_delivery,-6.046,-3.050,-6.000,3.500,joint_grid_transaction,872,872,1,9,52,0.000,1.00,1.176,False,None,0.000,False
1251.328,6,en_route_pickup,-6.000,0.631,-6.000,3.500,joint_grid_transaction,872,872,1,9,60,0.000,1.00,1.190,False,None,0.000,False
1251.328,7,en_route_delivery,5.313,3.014,-6.000,3.500,joint_grid_transaction,872,872,2,9,61,0.000,1.00,-3.053,False,None,0.000,False
1251.328,8,en_route_pickup,-4.312,-2.540,-6.000,3.500,joint_grid_transaction,872,872,2,9,57,0.000,1.00,1.258,False,None,0.000,False
1253.376,1,en_route_pickup,-0.695,3.012,-3.000,-1.500,joint_grid_transaction,872,872,2,8,62,0.000,1.00,3.040,False,None,0.000,False
1253.376,2,en_route_pickup,-6.428,1.968,-6.000,3.500,joint_grid_transaction,872,872,3,9,58,0.000,1.00,-3.039,False,None,0.000,False
1253.376,3,en_route_delivery,5.931,1.706,6.000,-3.500,joint_grid_transaction,872,872,3,9,55,0.000,1.00,1.164,False,joint_slot_deadline,1253.492,False
1253.376,4,en_route_delivery,-2.799,-3.996,-6.000,-3.500,joint_grid_transaction,872,872,3,9,48,0.000,1.00,-3.050,False,None,0.000,False
1253.376,5,en_route_delivery,-6.044,-2.916,-6.000,3.500,joint_grid_transaction,872,872,2,9,52,0.000,1.00,1.068,False,None,0.000,False
1253.376,6,en_route_pickup,-5.812,0.568,-6.000,3.500,joint_grid_transaction,872,872,2,9,60,0.000,1.00,0.072,False,None,0.000,False
1253.376,7,en_route_delivery,5.073,3.036,-6.000,3.500,joint_grid_transaction,872,872,3,9,61,0.000,1.00,-3.050,False,None,0.000,False
1253.376,8,en_route_pickup,-4.261,-2.278,-6.000,3.500,joint_grid_transaction,872,872,3,9,57,0.000,1.00,1.480,False,None,0.000,False
1255.424,1,en_route_pickup,-0.973,3.039,-3.000,-1.500,joint_grid_transaction,873,873,2,9,62,0.000,1.00,3.044,False,None,0.000,False
1255.424,2,en_route_pickup,-6.672,1.943,-6.000,3.500,joint_grid_transaction,873,873,2,9,58,0.000,1.00,-3.042,False,None,0.000,False
1255.424,3,en_route_delivery,5.994,1.393,6.000,-3.500,joint_grid_transaction,873,873,3,9,55,0.000,1.00,1.461,False,None,0.000,False
1255.424,4,en_route_delivery,-3.099,-4.021,-6.000,-3.500,joint_grid_transaction,873,873,3,9,48,0.000,1.00,-3.054,False,None,0.000,False
1255.424,5,en_route_delivery,-5.997,-2.645,-6.000,3.500,joint_grid_transaction,873,873,3,9,52,0.000,1.00,1.470,False,None,0.000,False
1255.424,6,en_route_pickup,-5.568,0.561,-6.000,3.500,joint_grid_transaction,873,873,2,9,60,0.000,1.00,0.081,False,None,0.000,False
1255.424,7,en_route_delivery,4.829,3.058,-6.000,3.500,joint_grid_transaction,873,873,2,9,61,0.000,1.00,-3.055,False,None,0.000,False
1255.424,8,en_route_pickup,-4.387,-2.273,-6.000,3.500,joint_grid_transaction,873,873,2,9,57,0.000,1.00,2.902,False,None,0.000,False
1257.472,1,en_route_pickup,-1.209,3.061,-3.000,-1.500,joint_grid_transaction,873,873,3,9,62,0.000,1.00,3.051,False,None,0.000,False
1257.472,2,en_route_pickup,-6.889,1.936,-6.000,3.500,joint_grid_transaction,873,873,3,9,58,0.000,1.00,-3.130,False,None,0.000,False
1257.472,3,en_route_delivery,6.026,1.088,6.000,-3.500,joint_grid_transaction,873,873,4,9,55,0.000,1.00,1.470,False,None,0.000,False
1257.472,4,en_route_delivery,-3.371,-4.045,-6.000,-3.500,joint_grid_transaction,873,873,4,9,48,0.000,1.00,-3.053,False,None,0.000,False
1257.472,5,en_route_delivery,-5.968,-2.351,-6.000,3.500,joint_grid_transaction,873,873,4,9,52,0.000,1.00,1.474,False,None,0.000,False
1257.472,6,en_route_pickup,-5.196,0.516,-6.000,3.500,joint_grid_transaction,873,873,4,9,60,0.000,1.00,0.101,False,None,0.000,False
1257.472,7,en_route_delivery,4.606,3.064,-6.000,3.500,joint_grid_transaction,873,873,3,9,61,0.000,1.00,-3.135,False,None,0.000,False
1257.472,8,en_route_pickup,-4.728,-2.236,-6.000,3.500,joint_grid_transaction,873,873,3,9,57,0.000,1.00,3.058,False,None,0.000,False
1259.520,1,en_route_pickup,-1.438,3.065,-3.000,-1.500,joint_grid_transaction,874,874,2,9,62,0.000,1.00,3.136,False,None,0.000,False
1259.520,2,en_route_pickup,-7.124,1.935,-6.000,3.500,joint_grid_transaction,874,874,2,8,58,0.000,1.00,3.125,False,None,0.000,False
1259.520,3,en_route_delivery,6.046,0.893,6.000,-3.500,joint_grid_transaction,874,874,2,8,55,0.000,1.00,1.469,False,None,0.000,False
1259.520,4,en_route_delivery,-3.596,-4.060,-6.000,-3.500,joint_grid_transaction,874,874,2,8,48,0.000,1.00,-3.096,False,None,0.000,False
1259.520,5,en_route_delivery,-5.948,-2.143,-6.000,3.500,joint_grid_transaction,874,874,2,8,52,0.000,1.00,1.473,False,None,0.000,False
1259.520,6,en_route_pickup,-4.977,0.478,-6.000,3.500,joint_grid_transaction,874,874,3,4,60,0.000,1.00,0.536,False,None,0.000,False
1259.520,7,en_route_delivery,4.377,3.065,-6.000,3.500,joint_grid_transaction,874,874,2,8,61,0.000,1.00,3.129,False,None,0.000,False
1259.520,8,en_route_pickup,-4.664,-2.189,-6.000,3.500,joint_grid_transaction,874,874,2,9,57,0.000,1.00,0.885,False,None,0.000,False
1261.568,1,en_route_pickup,-1.702,3.062,-3.000,-1.500,joint_grid_transaction,875,875,2,9,62,0.000,1.00,-3.115,False,None,0.000,False
1261.568,2,en_route_pickup,-7.459,1.962,-6.000,3.500,joint_grid_transaction,875,875,2,6,58,0.000,1.00,3.023,False,None,0.000,False
1261.568,3,en_route_delivery,6.061,0.680,6.000,-3.500,joint_grid_transaction,875,875,2,9,55,0.000,1.00,1.542,False,None,0.000,False
1261.568,4,en_route_delivery,-3.789,-4.067,-6.000,-3.500,joint_grid_transaction,875,875,2,9,48,0.000,1.00,2.932,False,None,0.000,False
1261.568,5,en_route_delivery,-5.935,-1.939,-6.000,3.500,joint_grid_transaction,875,875,2,9,52,0.000,1.00,1.567,False,None,0.000,False
1261.568,6,en_route_pickup,-4.848,0.442,-6.000,3.500,joint_grid_transaction,875,875,1,5,60,0.000,1.00,0.135,False,None,0.000,False
1261.568,7,en_route_delivery,4.050,3.041,-6.000,3.500,joint_grid_transaction,875,875,2,9,61,0.000,1.00,3.023,False,None,0.000,False
1261.568,8,en_route_pickup,-4.569,-2.253,-6.000,3.500,joint_grid_transaction,875,875,1,8,57,0.000,1.00,0.803,False,None,0.000,False
1263.616,1,en_route_pickup,-2.052,3.028,-3.000,-1.500,joint_grid_transaction,876,876,2,9,62,0.000,1.00,-3.019,False,None,0.000,False
1263.616,2,en_route_pickup,-7.616,2.082,-6.000,3.500,joint_grid_transaction,876,876,2,7,58,0.000,1.00,2.272,False,None,0.000,False
1263.616,3,en_route_delivery,6.068,0.462,6.000,-3.500,joint_grid_transaction,876,876,1,9,55,0.000,1.00,1.583,False,None,0.000,False
1263.616,4,en_route_delivery,-3.902,-3.875,-6.000,-3.500,joint_grid_transaction,876,876,1,8,48,0.000,1.00,2.025,False,joint_slot_deadline,1264.692,False
1263.616,5,en_route_delivery,-5.934,-1.686,-6.000,3.500,joint_grid_transaction,876,876,2,9,52,0.000,1.00,1.583,False,None,0.000,False
1263.616,6,en_route_pickup,-4.652,0.435,-6.000,3.500,joint_grid_transaction,876,876,2,5,60,0.000,1.00,0.009,False,None,0.000,False
1263.616,7,en_route_delivery,3.702,3.003,-6.000,3.500,joint_grid_transaction,876,876,2,9,61,0.000,1.00,3.050,False,None,0.000,False
1263.616,8,en_route_pickup,-4.681,-2.232,-6.000,3.500,joint_grid_transaction,876,876,1,8,57,0.000,1.00,2.671,False,None,0.000,False
1265.664,1,en_route_pickup,-2.399,2.995,-3.000,-1.500,joint_grid_transaction,876,876,3,9,62,0.000,1.00,-3.049,False,None,0.000,False
1265.664,2,en_route_pickup,-7.673,2.216,-6.000,3.500,joint_grid_transaction,876,876,3,7,58,0.000,1.00,1.931,False,None,0.000,False
1265.664,3,en_route_delivery,6.039,0.126,6.000,-3.500,joint_grid_transaction,876,876,3,9,55,0.000,1.00,1.686,False,None,0.000,False
1265.664,4,en_route_delivery,-3.959,-3.716,-6.000,-3.500,joint_grid_transaction,876,876,2,8,48,0.000,1.00,1.822,False,None,0.000,False
1265.664,5,en_route_delivery,-5.956,-1.361,-6.000,3.500,joint_grid_transaction,876,876,3,9,52,0.000,1.00,1.678,False,None,0.000,False
1265.664,6,en_route_pickup,-4.484,0.463,-6.000,3.500,joint_grid_transaction,876,876,3,5,60,0.000,1.00,0.631,False,None,0.000,False
1265.664,7,en_route_delivery,3.394,2.975,-6.000,3.500,joint_grid_transaction,876,876,3,9,61,0.000,1.00,3.051,False,None,0.000,False
1265.664,8,en_route_pickup,-4.547,-2.229,-6.000,3.500,joint_grid_transaction,876,876,1,8,57,0.000,1.00,0.443,False,None,0.000,False
1267.712,1,en_route_pickup,-2.694,2.967,-3.000,-1.500,joint_grid_transaction,877,877,1,8,62,0.000,1.00,-3.051,False,None,0.000,False
1267.712,2,en_route_pickup,-7.742,2.582,-6.000,3.500,joint_grid_transaction,877,877,2,4,58,0.000,1.00,1.667,False,None,0.000,False
1267.712,3,en_route_delivery,6.002,-0.232,6.000,-3.500,joint_grid_transaction,877,877,1,8,55,0.000,1.00,1.669,False,None,0.000,False
1267.712,4,en_route_delivery,-4.001,-3.477,-6.000,-3.500,joint_grid_transaction,877,877,2,9,48,0.000,1.00,1.997,False,None,0.000,False
1267.712,5,en_route_delivery,-5.995,-0.999,-6.000,3.500,joint_grid_transaction,877,877,1,8,52,0.000,1.00,1.669,False,None,0.000,False
1267.712,6,en_route_pickup,-4.306,0.749,-6.000,3.500,joint_grid_transaction,877,877,1,2,60,0.000,1.00,1.282,False,None,0.000,False
1267.712,7,en_route_delivery,3.133,2.951,-6.000,3.500,joint_grid_transaction,877,877,2,9,61,0.000,1.00,3.055,False,None,0.000,False
1267.712,8,en_route_pickup,-4.413,-2.153,-6.000,3.500,joint_grid_transaction,877,877,1,9,57,0.000,1.00,0.954,False,None,0.000,False
1269.760,1,en_route_pickup,-2.915,2.947,-3.000,-1.500,joint_grid_transaction,877,877,2,8,62,0.000,1.00,-3.049,False,None,0.000,False
1269.760,2,en_route_pickup,-7.772,2.897,-6.000,3.500,joint_grid_transaction,877,877,3,4,58,0.000,1.00,1.663,False,None,0.000,False
1269.760,3,en_route_delivery,5.981,-0.434,6.000,-3.500,joint_grid_transaction,877,877,2,8,55,0.000,1.00,1.672,False,None,0.000,False
1269.760,4,en_route_delivery,-4.216,-3.339,-6.000,-3.500,joint_grid_transaction,877,877,3,9,48,0.000,1.00,2.739,False,None,0.000,False
1269.760,5,en_route_delivery,-6.015,-0.810,-6.000,3.500,joint_grid_transaction,877,877,2,8,52,0.000,1.00,1.672,False,None,0.000,False
1269.760,6,en_route_pickup,-4.296,0.786,-6.000,3.500,joint_grid_transaction,877,877,1,2,60,0.000,1.00,1.307,False,joint_window_endpoint,1270.100,False
1269.760,7,en_route_delivery,2.913,2.938,-6.000,3.500,joint_grid_transaction,877,877,3,9,61,0.000,1.00,3.115,False,None,0.000,False
1269.760,8,en_route_pickup,-4.528,-2.205,-6.000,3.500,joint_grid_transaction,877,877,1,9,57,0.000,1.00,3.041,False,None,0.000,False
1271.808,1,en_route_pickup,-3.135,2.937,-3.000,-1.500,joint_grid_transaction,879,879,2,9,62,0.000,1.00,-3.123,False,None,0.000,False
1271.808,2,en_route_pickup,-7.784,3.034,-6.000,3.500,joint_grid_transaction,879,879,1,2,58,0.000,1.00,1.663,False,joint_window_endpoint,1272.180,False
1271.808,3,en_route_delivery,5.955,-0.701,6.000,-3.500,joint_grid_transaction,879,879,1,8,55,0.000,1.00,1.668,False,None,0.000,False
1271.808,4,en_route_delivery,-4.582,-3.261,-6.000,-3.500,joint_grid_transaction,879,879,2,8,48,0.000,1.00,3.047,False,None,0.000,False
1271.808,5,en_route_delivery,-6.042,-0.538,-6.000,3.500,joint_grid_transaction,879,879,1,8,52,0.000,1.00,1.668,False,None,0.000,False
1271.808,6,en_route_pickup,-4.295,0.788,-6.000,3.500,joint_grid_transaction,879,879,1,2,60,0.000,1.00,1.300,False,joint_window_endpoint,1272.180,False
1271.808,7,en_route_delivery,2.688,2.933,-6.000,3.500,joint_grid_transaction,879,879,2,9,61,0.000,1.00,-3.123,False,None,0.000,False
1271.808,8,en_route_pickup,-4.750,-2.187,-6.000,3.500,joint_grid_transaction,879,879,1,9,57,0.000,1.00,3.090,False,None,0.000,False
1273.856,1,en_route_pickup,-3.379,2.936,-3.000,-1.500,joint_grid_transaction,879,879,3,9,62,0.000,1.00,3.117,False,None,0.000,False
1273.856,2,en_route_pickup,-7.784,3.034,-6.000,3.500,joint_grid_transaction,879,879,1,2,58,0.000,1.00,1.663,False,joint_window_endpoint,1274.260,False
1273.856,3,en_route_delivery,5.939,-0.918,6.000,-3.500,joint_grid_transaction,879,879,2,8,55,0.000,1.00,1.638,False,None,0.000,False
1273.856,4,en_route_delivery,-4.902,-3.231,-6.000,-3.500,joint_grid_transaction,879,879,3,8,48,0.000,1.00,3.050,False,None,0.000,False
1273.856,5,en_route_delivery,-6.059,-0.334,-6.000,3.500,joint_grid_transaction,879,879,2,8,52,0.000,1.00,1.650,False,None,0.000,False
1273.856,6,en_route_pickup,-4.295,0.788,-6.000,3.500,joint_grid_transaction,879,879,1,2,60,0.000,1.00,1.300,False,joint_window_endpoint,1274.260,False
1273.856,7,en_route_delivery,2.351,2.961,-6.000,3.500,joint_grid_transaction,879,879,3,9,61,0.000,1.00,-3.031,False,None,0.000,False
1273.856,8,en_route_pickup,-4.994,-2.184,-6.000,3.500,joint_grid_transaction,879,879,2,9,57,0.000,1.00,3.124,False,None,0.000,False
1275.904,1,en_route_pickup,-3.646,2.961,-3.000,-1.500,joint_grid_transaction,880,880,3,9,62,0.000,1.00,3.031,False,None,0.000,False
1275.904,2,en_route_pickup,-7.785,3.035,-6.000,3.500,joint_grid_transaction,880,880,1,2,58,0.000,1.00,1.664,False,joint_window_endpoint,1276.340,False
1275.904,3,en_route_delivery,5.936,-1.150,6.000,-3.500,joint_grid_transaction,880,880,2,9,55,0.000,1.00,1.553,False,None,0.000,False
1275.904,4,en_route_delivery,-5.113,-3.211,-6.000,-3.500,joint_grid_transaction,880,880,2,6,48,0.000,1.00,3.048,False,None,0.000,False
1275.904,5,en_route_delivery,-6.064,-0.108,-6.000,3.500,joint_grid_transaction,880,880,2,9,52,0.000,1.00,1.559,False,None,0.000,False
1275.904,6,en_route_pickup,-4.294,0.789,-6.000,3.500,joint_grid_transaction,880,880,1,2,60,0.000,1.00,1.297,False,joint_window_endpoint,1276.340,False
1275.904,7,en_route_delivery,2.118,2.988,-6.000,3.500,joint_grid_transaction,880,880,2,8,61,0.000,1.00,-3.034,False,None,0.000,False
1275.904,8,en_route_pickup,-4.915,-2.230,-6.000,3.500,joint_grid_transaction,880,880,2,9,57,0.000,1.00,-0.912,False,None,0.000,False
1277.952,1,en_route_pickup,-4.004,2.998,-3.000,-1.500,joint_grid_transaction,886,886,1,8,62,0.000,1.00,3.043,False,None,0.000,False
1277.952,2,en_route_pickup,-7.785,3.035,-6.000,3.500,joint_grid_transaction,886,886,1,2,58,0.000,1.00,1.665,False,joint_window_endpoint,1278.420,False
1277.952,3,en_route_delivery,5.964,-1.487,6.000,-3.500,joint_grid_transaction,886,886,2,9,55,0.000,1.00,1.442,False,None,0.000,False
1277.952,4,en_route_delivery,-5.342,-3.194,-6.000,-3.500,joint_grid_transaction,886,886,2,5,48,0.000,1.00,3.084,False,None,0.000,False
1277.952,5,en_route_delivery,-6.042,0.215,-6.000,3.500,joint_grid_transaction,886,886,2,9,52,0.000,1.00,1.448,False,None,0.000,False
1277.952,6,en_route_pickup,-4.270,0.907,-6.000,3.500,_joint_stall_recovery,882,880,3,6,60,0.000,1.00,1.652,False,None,0.000,False
1277.952,7,en_route_delivery,1.804,3.020,-6.000,3.500,joint_grid_transaction,886,886,1,8,61,0.000,1.00,-3.041,False,None,0.000,False
1277.952,8,en_route_pickup,-4.693,-2.246,-6.000,3.500,joint_grid_transaction,886,886,1,9,57,0.000,1.00,-0.474,False,None,0.000,False
1280.000,1,en_route_pickup,-4.037,2.978,-3.000,-1.500,joint_grid_transaction,886,886,2,8,62,0.000,0.70,-2.556,False,None,0.000,False
1280.000,2,en_route_pickup,-7.737,2.969,-6.000,3.500,_joint_stall_recovery,887,886,1,3,58,0.000,1.00,0.645,False,None,0.000,False
1280.000,3,en_route_delivery,5.992,-1.729,6.000,-3.500,joint_grid_transaction,886,886,3,9,55,0.000,1.00,1.479,False,None,0.000,False
1280.000,4,en_route_pickup,-5.563,-3.184,6.000,3.500,joint_grid_transaction,886,886,2,2,63,0.000,1.00,-3.132,False,None,0.000,False
1280.000,5,en_route_delivery,-6.011,0.480,-6.000,3.500,joint_grid_transaction,886,886,3,9,52,0.000,1.00,1.477,False,None,0.000,False
1280.000,6,en_route_pickup,-4.417,1.203,-6.000,3.500,_joint_stall_recovery,882,880,3,6,60,0.000,1.00,2.105,False,None,0.000,False
1280.000,7,en_route_delivery,1.573,3.044,-6.000,3.500,joint_grid_transaction,886,886,2,8,61,0.000,1.00,-3.040,False,None,0.000,False
1280.000,8,en_route_pickup,-4.829,-2.242,-6.000,3.500,joint_grid_transaction,886,886,2,9,57,0.000,1.00,-2.721,False,None,0.000,False
1282.048,1,en_route_pickup,-4.101,2.910,-3.000,-1.500,joint_grid_transaction,886,886,3,8,62,0.000,0.40,-2.315,False,None,0.000,False
1282.048,2,en_route_pickup,-7.416,3.044,-6.000,3.500,_joint_stall_recovery,887,886,1,3,58,0.000,1.00,0.187,False,None,0.000,False
1282.048,3,en_route_delivery,6.021,-2.044,6.000,-3.500,joint_grid_transaction,886,886,4,9,55,0.000,1.00,1.480,False,None,0.000,False
1282.048,4,en_route_pickup,-5.767,-3.205,6.000,3.500,joint_grid_transaction,886,886,4,2,63,0.000,1.00,-2.600,False,None,0.000,False
1282.048,5,en_route_delivery,-5.981,0.799,-6.000,3.500,joint_grid_transaction,886,886,4,9,52,0.000,1.00,1.479,False,None,0.000,False
1282.048,6,en_route_pickup,-4.600,1.524,-6.000,3.500,_joint_stall_recovery,882,880,4,6,60,0.000,1.00,1.921,False,None,0.000,False
1282.048,7,en_route_delivery,1.345,3.060,-6.000,3.500,joint_grid_transaction,886,886,3,8,61,0.000,1.00,-3.080,False,None,0.000,False
1282.048,8,en_route_pickup,-5.136,-2.274,-6.000,3.500,joint_grid_transaction,886,886,3,9,57,0.000,1.00,-3.073,False,None,0.000,False
1284.096,1,en_route_pickup,-4.156,2.835,-3.000,-1.500,joint_grid_transaction,895,895,1,9,62,0.000,1.00,-2.226,False,None,0.000,False
1284.096,2,en_route_pickup,-7.149,3.085,-6.000,3.500,joint_grid_transaction,895,895,1,4,58,0.000,1.00,0.538,False,None,0.000,False
1284.096,3,en_route_delivery,6.045,-2.312,6.000,-3.500,joint_grid_transaction,895,895,2,6,55,0.000,1.00,1.480,False,None,0.000,False
1284.096,4,en_route_pickup,-5.849,-3.360,6.000,3.500,joint_grid_transaction,895,895,1,9,63,0.000,1.00,-1.645,False,None,0.000,False
1284.096,5,en_route_delivery,-5.957,1.070,-6.000,3.500,joint_grid_transaction,895,895,2,9,52,0.000,1.00,1.479,False,None,0.000,False
1284.096,6,en_route_pickup,-4.659,1.788,-6.000,3.500,joint_grid_transaction,895,895,1,8,60,0.000,1.00,1.044,False,None,0.000,False
1284.096,7,en_route_delivery,1.114,3.064,-6.000,3.500,joint_grid_transaction,895,895,2,9,61,0.000,1.00,3.119,False,None,0.000,False
1284.096,8,en_route_pickup,-5.414,-2.293,-6.000,3.500,joint_grid_transaction,895,895,2,9,57,0.000,1.00,-3.068,False,None,0.000,False
1286.144,1,en_route_pickup,-4.449,2.770,-3.000,-1.500,joint_grid_transaction,895,895,2,9,62,0.000,1.00,-3.005,False,None,0.000,False
1286.144,2,en_route_pickup,-7.283,3.066,-6.000,3.500,joint_grid_transaction,895,895,1,4,58,0.000,1.00,2.593,False,None,0.000,False
1286.144,3,en_route_delivery,6.061,-2.529,6.000,-3.500,joint_grid_transaction,895,895,2,6,55,0.000,1.00,1.547,False,None,0.000,False
1286.144,4,en_route_pickup,-5.673,-3.287,6.000,3.500,joint_grid_transaction,895,895,2,9,63,0.000,1.00,-0.056,False,None,0.000,False
1286.144,5,en_route_delivery,-5.940,1.287,-6.000,3.500,joint_grid_transaction,895,895,2,9,52,0.000,1.00,1.546,False,None,0.000,False
1286.144,6,en_route_pickup,-4.477,1.759,-6.000,3.500,joint_grid_transaction,895,895,2,8,60,0.000,0.70,0.357,False,None,0.000,False
1286.144,7,en_route_delivery,0.771,3.034,-6.000,3.500,joint_grid_transaction,895,895,3,9,61,0.000,1.00,3.025,False,None,0.000,False
1286.144,8,en_route_pickup,-5.658,-2.310,-6.000,3.500,joint_grid_transaction,895,895,3,9,57,0.000,1.00,-3.077,False,None,0.000,False
1288.192,1,en_route_pickup,-4.537,2.760,-3.000,-1.500,joint_grid_transaction,896,896,3,9,62,0.000,0.70,-3.040,False,joint_slot_deadline,1288.980,False
1288.192,2,en_route_pickup,-7.521,3.015,-6.000,3.500,joint_grid_transaction,896,896,3,4,58,0.000,1.00,-2.767,False,None,0.000,False
1288.192,3,en_route_delivery,6.065,-2.776,6.000,-3.500,joint_grid_transaction,896,896,2,5,55,0.000,1.00,1.555,False,None,0.000,False
1288.192,4,en_route_pickup,-5.413,-3.302,6.000,3.500,joint_grid_transaction,896,896,3,9,63,0.000,1.00,-0.067,False,None,0.000,False
1288.192,5,en_route_delivery,-5.934,1.524,-6.000,3.500,joint_grid_transaction,896,896,2,9,52,0.000,1.00,1.561,False,None,0.000,False
1288.192,6,en_route_pickup,-4.392,1.835,-6.000,3.500,joint_grid_transaction,896,896,2,9,60,0.000,1.00,0.731,False,None,0.000,False
1288.192,7,en_route_delivery,0.423,2.997,-6.000,3.500,joint_grid_transaction,896,896,3,9,61,0.000,1.00,3.041,False,None,0.000,False
1288.192,8,en_route_pickup,-5.888,-2.315,-6.000,3.500,joint_grid_transaction,896,896,2,9,57,0.000,1.00,3.134,False,None,0.000,False
1290.240,1,en_route_pickup,-4.537,2.760,-3.000,-1.500,joint_grid_transaction,898,898,2,9,62,0.000,0.70,-3.025,False,joint_slot_deadline,1290.964,False
1290.240,2,en_route_pickup,-7.605,3.087,-6.000,3.500,joint_grid_transaction,898,898,1,2,58,0.000,1.00,-2.416,False,joint_slot_deadline,1290.964,False
1290.240,3,en_route_pickup,6.049,-2.957,3.000,-1.500,joint_grid_transaction,898,898,1,9,92,0.000,1.00,2.178,False,None,0.000,False
1290.240,4,en_route_pickup,-5.192,-3.314,6.000,3.500,joint_grid_transaction,898,898,1,9,63,0.000,1.00,-0.002,False,None,0.000,False
1290.240,5,en_route_delivery,-5.948,1.823,-6.000,3.500,joint_grid_transaction,898,898,2,8,52,0.000,1.00,1.661,False,None,0.000,False
1290.240,6,en_route_pickup,-4.084,1.966,-6.000,3.500,joint_grid_transaction,898,898,2,9,60,0.000,1.00,0.186,False,None,0.000,False
1290.240,7,en_route_delivery,0.130,2.968,-6.000,3.500,joint_grid_transaction,898,898,2,9,61,0.000,1.00,3.046,False,None,0.000,False
1290.240,8,en_route_pickup,-6.086,-2.289,-6.000,3.500,joint_grid_transaction,898,898,1,9,57,0.000,1.00,2.505,False,None,0.000,False
1292.288,1,en_route_pickup,-4.458,2.694,-3.000,-1.500,joint_grid_transaction,898,898,3,9,62,0.000,1.00,-2.014,False,None,0.000,False
1292.288,2,en_route_pickup,-7.605,3.087,-6.000,3.500,joint_grid_transaction,898,898,1,2,58,0.000,1.00,-2.416,False,joint_window_endpoint,1292.660,False
1292.288,3,en_route_pickup,5.771,-2.989,3.000,-1.500,joint_grid_transaction,898,898,2,9,92,0.000,1.00,3.037,False,None,0.000,False
1292.288,4,en_route_pickup,-4.928,-3.314,6.000,3.500,joint_grid_transaction,898,898,3,9,63,0.000,1.00,-0.005,False,None,0.000,False
1292.288,5,en_route_delivery,-5.989,2.193,-6.000,3.500,joint_grid_transaction,898,898,3,8,52,0.000,1.00,1.669,False,None,0.000,False
1292.288,6,en_route_pickup,-3.760,2.005,-6.000,3.500,joint_grid_transaction,898,898,3,9,60,0.000,1.00,0.101,False,None,0.000,False
1292.288,7,en_route_delivery,-0.116,2.946,-6.000,3.500,joint_grid_transaction,898,898,3,9,61,0.000,1.00,3.056,False,None,0.000,False
1292.288,8,en_route_pickup,-5.962,-2.295,-6.000,3.500,joint_grid_transaction,898,898,1,9,57,0.000,1.00,0.444,False,None,0.000,False
1294.336,1,en_route_pickup,-4.344,2.532,-3.000,-1.500,joint_grid_transaction,899,899,3,9,62,0.000,1.00,-1.157,False,None,0.000,False
1294.336,2,en_route_pickup,-7.483,3.059,-6.000,3.500,joint_grid_transaction,899,899,1,9,58,0.000,1.00,-0.180,False,None,0.000,False
1294.336,3,en_route_pickup,5.447,-3.018,3.000,-1.500,joint_grid_transaction,899,899,3,9,92,0.000,1.00,3.054,False,None,0.000,False
1294.336,4,en_route_pickup,-4.659,-3.313,6.000,3.500,joint_grid_transaction,899,899,3,9,63,0.000,1.00,-0.011,False,None,0.000,False
1294.336,5,en_route_delivery,-6.009,2.394,-6.000,3.500,joint_grid_transaction,899,899,2,6,52,0.000,1.00,1.672,False,None,0.000,False
1294.336,6,en_route_pickup,-3.475,2.034,-6.000,3.500,joint_grid_transaction,899,899,2,9,60,0.000,1.00,0.096,False,None,0.000,False
1294.336,7,en_route_delivery,-0.333,2.935,-6.000,3.500,joint_grid_transaction,899,899,3,9,61,0.000,1.00,3.136,False,None,0.000,False
1294.336,8,en_route_pickup,-5.625,-2.244,-6.000,3.500,joint_grid_transaction,899,899,3,9,57,0.000,1.00,0.085,False,None,0.000,False
1296.384,1,en_route_pickup,-4.262,2.194,-3.000,-1.500,joint_grid_transaction,900,900,3,9,62,0.000,1.00,-1.456,False,None,0.000,False
1296.384,2,en_route_pickup,-7.265,3.067,-6.000,3.500,joint_grid_transaction,900,900,2,9,58,0.000,1.00,-0.052,False,None,0.000,False
1296.384,3,en_route_pickup,5.196,-3.040,3.000,-1.500,joint_grid_transaction,900,900,3,9,92,0.000,1.00,3.053,False,None,0.000,False
1296.384,4,en_route_pickup,-4.435,-3.302,6.000,3.500,joint_grid_transaction,900,900,2,8,63,0.000,1.00,-0.074,False,None,0.000,False
1296.384,5,en_route_delivery,-6.037,2.677,-6.000,3.500,joint_grid_transaction,900,900,2,5,52,0.000,1.00,1.668,False,None,0.000,False
1296.384,6,en_route_pickup,-3.236,2.055,-6.000,3.500,joint_grid_transaction,900,900,2,9,60,0.000,1.00,0.069,False,None,0.000,False
1296.384,7,en_route_delivery,-0.563,2.934,-6.000,3.500,joint_grid_transaction,900,900,2,8,61,0.000,1.00,-3.131,False,None,0.000,False
1296.384,8,en_route_pickup,-5.605,-2.154,-6.000,3.500,joint_grid_transaction,900,900,1,8,57,0.000,1.00,1.755,False,None,0.000,False
1298.432,1,en_route_pickup,-4.229,1.882,-3.000,-1.500,joint_grid_transaction,901,901,2,9,62,0.000,1.00,-1.469,False,None,0.000,False
1298.432,2,en_route_pickup,-7.161,3.025,-6.000,3.500,joint_grid_transaction,901,901,2,9,58,0.000,1.00,-0.515,False,None,0.000,False
1298.432,3,en_route_pickup,4.969,-3.058,3.000,-1.500,joint_grid_transaction,901,901,1,9,92,0.000,1.00,3.103,False,None,0.000,False
1298.432,4,en_route_pickup,-4.064,-3.262,6.000,3.500,joint_grid_transaction,901,901,2,9,63,0.000,1.00,-0.100,False,None,0.000,False
1298.432,5,en_route_delivery,-6.051,2.865,-6.000,3.500,joint_grid_transaction,901,901,1,9,52,0.000,1.00,1.166,False,None,0.000,False
1298.432,6,en_route_pickup,-3.053,2.061,-6.000,3.500,joint_grid_transaction,901,901,1,8,60,0.000,1.00,0.416,False,None,0.000,False
1298.432,7,en_route_delivery,-0.885,2.955,-6.000,3.500,joint_grid_transaction,901,901,2,9,61,0.000,1.00,-3.033,False,None,0.000,False
1298.432,8,en_route_pickup,-5.818,-2.221,-6.000,3.500,joint_grid_transaction,901,901,2,9,57,0.000,1.00,3.092,False,None,0.000,False
1300.480,1,en_route_pickup,-4.203,1.620,-3.000,-1.500,joint_grid_transaction,901,901,3,9,62,0.000,1.00,-1.472,False,None,0.000,False
1300.480,2,en_route_pickup,-6.849,2.988,-6.000,3.500,joint_grid_transaction,901,901,3,9,58,0.000,1.00,-0.077,False,None,0.000,False
1300.480,3,en_route_pickup,4.742,-3.069,3.000,-1.500,joint_grid_transaction,901,901,2,9,92,0.000,1.00,3.120,False,None,0.000,False
1300.480,4,en_route_pickup,-3.793,-3.234,6.000,3.500,joint_grid_transaction,901,901,3,9,63,0.000,1.00,-0.102,False,None,0.000,False
1300.480,5,en_route_delivery,-5.971,2.764,-6.000,3.500,joint_grid_transaction,901,901,2,9,52,0.000,1.00,0.648,False,None,0.000,False
1300.480,6,en_route_pickup,-3.128,1.994,-6.000,3.500,joint_grid_transaction,901,901,1,8,60,0.000,0.55,1.936,False,None,0.000,False
1300.480,7,en_route_delivery,-1.233,2.994,-6.000,3.500,joint_grid_transaction,901,901,3,9,61,0.000,1.00,-3.044,False,None,0.000,False
1300.480,8,en_route_pickup,-6.094,-2.204,-6.000,3.500,joint_grid_transaction,901,901,3,9,57,0.000,1.00,3.074,False,None,0.000,False
1302.528,1,en_route_pickup,-4.180,1.387,-3.000,-1.500,joint_grid_transaction,902,902,1,4,62,0.000,1.00,-1.475,False,None,0.000,False
1302.528,2,en_route_pickup,-6.841,2.897,-6.000,3.500,joint_grid_transaction,902,902,1,4,58,0.000,1.00,-1.596,False,None,0.000,False
1302.528,3,en_route_pickup,4.553,-2.965,3.000,-1.500,joint_grid_transaction,902,902,1,2,92,0.000,1.00,-2.436,False,None,0.000,False
1302.528,4,en_route_pickup,-3.489,-3.204,6.000,3.500,joint_grid_transaction,902,902,1,8,63,0.000,1.00,-0.099,False,None,0.000,False
1302.528,5,en_route_delivery,-5.896,2.762,-6.000,3.500,joint_grid_transaction,902,902,1,2,52,0.000,1.00,0.890,False,None,0.000,False
1302.528,6,en_route_pickup,-3.157,2.035,-6.000,3.500,joint_grid_transaction,902,902,1,3,60,0.000,0.40,2.364,False,None,0.000,False
1302.528,7,en_route_delivery,-1.458,3.113,-6.000,3.500,joint_grid_transaction,902,902,1,2,61,0.000,1.00,-2.423,False,None,0.000,False
1302.528,8,en_route_pickup,-6.229,-2.052,-6.000,3.500,joint_grid_transaction,902,902,2,6,57,0.000,1.00,2.196,False,None,0.000,False
1304.576,1,en_route_pickup,-4.159,1.164,-3.000,-1.500,joint_grid_transaction,904,903,1,9,62,0.000,1.00,-1.487,False,None,0.000,False
1304.576,2,en_route_pickup,-6.867,2.632,-6.000,3.500,joint_grid_transaction,904,903,1,8,58,0.000,1.00,-1.664,False,None,0.000,False
1304.576,3,en_route_pickup,4.272,-2.707,3.000,-1.500,joint_grid_transaction,904,903,1,9,92,0.000,1.00,-2.398,False,None,0.000,False
1304.576,4,en_route_pickup,-3.172,-3.173,6.000,3.500,joint_grid_transaction,904,903,1,9,63,0.000,1.00,-0.087,False,None,0.000,False
1304.576,5,en_route_pickup,-5.902,2.980,1.000,-1.500,joint_grid_transaction,904,903,1,9,64,0.000,1.00,1.498,False,None,0.000,False
1304.576,6,en_route_pickup,-3.319,2.057,-6.000,3.500,joint_grid_transaction,904,903,1,9,60,0.000,1.00,3.044,False,None,0.000,False
1304.576,7,en_route_delivery,-1.735,3.375,-6.000,3.500,joint_grid_transaction,904,903,1,8,61,0.000,1.00,-2.387,False,None,0.000,False
1304.576,8,en_route_pickup,-6.426,-1.728,-6.000,3.500,joint_grid_transaction,904,903,1,9,57,0.000,1.00,2.056,False,None,0.000,False
1306.624,1,en_route_pickup,-4.163,0.973,-3.000,-1.500,joint_grid_transaction,904,904,2,9,62,0.000,1.00,-1.648,False,None,0.000,False
1306.624,2,en_route_pickup,-7.041,2.706,-6.000,3.500,joint_grid_transaction,904,904,1,8,58,0.000,1.00,-3.082,False,None,0.000,False
1306.624,3,en_route_pickup,4.021,-2.713,3.000,-1.500,joint_grid_transaction,904,904,2,9,92,0.000,1.00,-3.085,False,None,0.000,False
1306.624,4,en_route_pickup,-2.975,-3.169,6.000,3.500,joint_grid_transaction,904,904,2,9,63,0.000,1.00,-0.048,False,None,0.000,False
1306.624,5,en_route_pickup,-5.680,2.971,1.000,-1.500,joint_grid_transaction,904,904,3,9,64,0.000,1.00,0.213,False,None,0.000,False
1306.624,6,en_route_pickup,-3.682,2.013,-6.000,3.500,joint_grid_transaction,904,904,3,9,60,0.000,1.00,3.049,False,None,0.000,False
1306.624,7,en_route_delivery,-1.994,3.306,-6.000,3.500,joint_grid_transaction,904,904,2,8,61,0.000,1.00,2.938,False,None,0.000,False
1306.624,8,en_route_pickup,-6.267,-1.763,-6.000,3.500,joint_grid_transaction,904,904,1,9,57,0.000,1.00,0.205,False,None,0.000,False
1308.672,1,en_route_pickup,-4.221,0.607,-3.000,-1.500,joint_grid_transaction,904,904,4,9,62,0.000,1.00,-1.692,False,None,0.000,False
1308.672,2,en_route_pickup,-7.282,2.691,-6.000,3.500,joint_grid_transaction,904,904,2,8,58,0.000,1.00,-3.110,False,None,0.000,False
1308.672,3,en_route_pickup,3.759,-2.696,3.000,-1.500,joint_grid_transaction,904,904,3,9,92,0.000,1.00,-3.076,False,None,0.000,False
1308.672,4,en_route_pickup,-2.617,-3.220,6.000,3.500,joint_grid_transaction,904,904,4,9,63,0.000,1.00,-0.123,False,None,0.000,False
1308.672,5,en_route_pickup,-5.332,3.008,1.000,-1.500,joint_grid_transaction,904,904,4,9,64,0.000,1.00,0.088,False,None,0.000,False
1308.672,6,en_route_pickup,-4.007,1.984,-6.000,3.500,joint_grid_transaction,904,904,4,9,60,0.000,1.00,3.052,False,None,0.000,False
1308.672,7,en_route_delivery,-2.272,3.269,-6.000,3.500,joint_grid_transaction,904,904,4,8,61,0.000,1.00,-2.721,False,None,0.000,False
1308.672,8,en_route_pickup,-6.122,-1.612,-6.000,3.500,joint_grid_transaction,904,904,3,9,57,0.000,1.00,1.048,False,None,0.000,False
1310.720,1,en_route_pickup,-4.243,0.403,-3.000,-1.500,joint_grid_transaction,905,905,2,12,62,0.000,1.00,-1.677,False,None,0.000,False
1310.720,2,en_route_pickup,-7.513,2.683,-6.000,3.500,joint_grid_transaction,905,905,2,10,58,0.000,1.00,-3.118,False,None,0.000,False
1310.720,3,en_route_pickup,3.527,-2.683,3.000,-1.500,joint_grid_transaction,905,905,2,9,92,0.000,1.00,-3.080,False,None,0.000,False
1310.720,4,en_route_pickup,-2.404,-3.243,6.000,3.500,joint_grid_transaction,905,905,2,12,63,0.000,1.00,-0.107,False,None,0.000,False
1310.720,5,en_route_pickup,-5.040,3.034,1.000,-1.500,joint_grid_transaction,905,905,2,13,64,0.000,1.00,0.087,False,None,0.000,False
1310.720,6,en_route_pickup,-4.281,1.959,-6.000,3.500,joint_grid_transaction,905,905,2,13,60,0.000,1.00,3.054,False,None,0.000,False
1310.720,7,en_route_delivery,-2.340,3.361,-6.000,3.500,joint_grid_transaction,905,905,3,6,61,0.000,1.00,-2.244,False,None,0.000,False
1310.720,8,en_route_pickup,-6.048,-1.484,-6.000,3.500,joint_grid_transaction,905,905,2,8,57,0.000,1.00,1.190,False,None,0.000,False
1312.768,1,en_route_pickup,-4.275,0.098,-3.000,-1.500,joint_grid_transaction,905,905,3,12,62,0.000,1.00,-1.671,False,None,0.000,False
1312.768,2,en_route_pickup,-7.612,2.564,-6.000,3.500,joint_grid_transaction,905,905,4,10,58,0.000,1.00,-2.143,False,None,0.000,False
1312.768,3,en_route_pickup,3.267,-2.692,3.000,-1.500,joint_grid_transaction,905,905,3,9,92,0.000,1.00,3.072,False,None,0.000,False
1312.768,4,en_route_pickup,-2.098,-3.274,6.000,3.500,joint_grid_transaction,905,905,3,12,63,0.000,1.00,-0.101,False,None,0.000,False
1312.768,5,en_route_pickup,-4.791,3.056,1.000,-1.500,joint_grid_transaction,905,905,3,13,64,0.000,1.00,0.088,False,None,0.000,False
1312.768,6,en_route_pickup,-4.511,1.940,-6.000,3.500,joint_grid_transaction,905,905,3,13,60,0.000,1.00,3.090,False,None,0.000,False
1312.768,7,en_route_delivery,-2.473,3.711,-6.000,3.500,joint_grid_transaction,905,905,4,6,61,0.000,1.00,-1.716,False,None,0.000,False
1312.768,8,en_route_pickup,-6.002,-1.247,-6.000,3.500,joint_grid_transaction,905,905,3,8,57,0.000,1.00,1.487,False,None,0.000,False
1314.816,1,en_route_pickup,-4.295,-0.099,-3.000,-1.500,joint_grid_transaction,906,906,2,8,62,0.000,1.00,-1.672,False,None,0.000,False
1314.816,2,en_route_pickup,-7.703,2.373,-6.000,3.500,joint_grid_transaction,906,906,3,5,58,0.000,1.00,-1.836,False,None,0.000,False
1314.816,3,en_route_pickup,3.173,-2.620,3.000,-1.500,joint_grid_transaction,906,906,3,7,92,0.000,1.00,-2.275,False,None,0.000,False
1314.816,4,en_route_pickup,-1.901,-3.294,6.000,3.500,joint_grid_transaction,906,906,2,8,63,0.000,1.00,-0.102,False,None,0.000,False
1314.816,5,en_route_pickup,-4.567,3.065,1.000,-1.500,joint_grid_transaction,906,906,2,9,64,0.000,1.00,0.051,False,None,0.000,False
1314.816,6,en_route_pickup,-4.744,1.933,-6.000,3.500,joint_grid_transaction,906,906,2,9,60,0.000,1.00,3.100,False,None,0.000,False
1314.816,7,en_route_delivery,-2.506,4.032,-6.000,3.500,joint_grid_transaction,906,906,2,3,61,0.000,1.00,-1.662,False,joint_window_endpoint,1315.220,False
1314.816,8,en_route_pickup,-6.132,-1.255,-6.000,3.500,joint_grid_transaction,906,906,2,9,57,0.000,1.00,2.949,False,None,0.000,False
1316.864,1,en_route_pickup,-4.310,-0.311,-3.000,-1.500,joint_grid_transaction,907,907,2,9,62,0.000,1.00,-1.598,False,None,0.000,False
1316.864,2,en_route_pickup,-7.751,2.015,-6.000,3.500,joint_grid_transaction,907,907,2,3,58,0.000,1.00,-1.662,False,None,0.000,False
1316.864,3,en_route_pickup,3.077,-2.455,3.000,-1.500,joint_grid_transaction,907,907,1,5,92,0.000,1.00,-1.991,False,joint_slot_deadline,1316.932,False
1316.864,4,en_route_pickup,-1.689,-3.310,6.000,3.500,joint_grid_transaction,907,907,2,9,63,0.000,1.00,-0.028,False,None,0.000,False
1316.864,5,en_route_pickup,-4.462,3.031,1.000,-1.500,joint_grid_transaction,907,907,2,9,64,0.000,1.00,0.714,False,None,0.000,False
1316.864,6,en_route_pickup,-5.024,1.947,-6.000,3.500,joint_grid_transaction,907,907,2,9,60,0.000,1.00,-3.040,False,None,0.000,False
1316.864,7,en_route_delivery,-2.506,4.033,-6.000,3.500,joint_grid_transaction,907,907,1,2,61,0.000,1.00,-1.663,False,joint_window_endpoint,1317.300,False
1316.864,8,en_route_pickup,-6.460,-1.227,-6.000,3.500,joint_grid_transaction,907,907,2,8,57,0.000,1.00,3.068,False,None,0.000,False
1318.912,1,en_route_pickup,-4.319,-0.532,-3.000,-1.500,joint_grid_transaction,908,908,1,8,62,0.000,1.00,-1.565,False,None,0.000,False
1318.912,2,en_route_pickup,-7.756,1.967,-6.000,3.500,joint_grid_transaction,908,908,1,2,58,0.000,1.00,-1.663,False,joint_window_endpoint,1319.380,False
1318.912,3,en_route_pickup,3.016,-2.203,3.000,-1.500,joint_grid_transaction,908,908,3,5,92,0.000,1.00,-1.709,False,None,0.000,False
1318.912,4,en_route_pickup,-1.468,-3.319,6.000,3.500,joint_grid_transaction,908,908,1,8,63,0.000,1.00,-0.006,False,None,0.000,False
1318.912,5,en_route_pickup,-4.372,2.923,1.000,-1.500,joint_grid_transaction,908,908,3,9,64,0.000,1.00,0.945,False,None,0.000,False
1318.912,6,en_route_pickup,-5.297,1.979,-6.000,3.500,joint_grid_transaction,908,908,3,9,60,0.000,1.00,-3.023,False,None,0.000,False
1318.912,7,en_route_delivery,-2.507,4.034,-6.000,3.500,joint_grid_transaction,908,908,1,2,61,0.000,1.00,-1.665,False,joint_window_endpoint,1319.380,False
1318.912,8,en_route_pickup,-6.592,-1.152,-6.000,3.500,joint_grid_transaction,908,908,3,7,57,0.000,1.00,2.398,False,None,0.000,False
1320.960,1,en_route_pickup,-4.300,-0.787,-3.000,-1.500,joint_grid_transaction,909,909,1,8,62,0.000,1.00,-1.446,False,joint_slot_deadline,1321.284,False
1320.960,2,en_route_pickup,-7.768,1.840,-6.000,3.500,joint_grid_transaction,909,909,2,5,58,0.000,1.00,-1.667,False,None,0.000,False
1320.960,3,en_route_delivery,2.947,-2.070,0.000,-3.500,joint_grid_transaction,909,909,2,9,92,0.000,1.00,-2.503,False,None,0.000,False
1320.960,4,en_route_pickup,-1.214,-3.300,6.000,3.500,joint_grid_transaction,909,909,1,8,63,0.000,1.00,-0.123,False,joint_slot_deadline,1321.284,False
1320.960,5,en_route_pickup,-4.271,2.580,1.000,-1.500,joint_grid_transaction,909,909,2,9,64,0.000,1.00,1.455,False,None,0.000,False
1320.960,6,en_route_pickup,-5.623,2.014,-6.000,3.500,joint_grid_transaction,909,909,2,9,60,0.000,1.00,-3.040,False,None,0.000,False
1320.960,7,en_route_delivery,-2.507,4.035,-6.000,3.500,joint_grid_transaction,909,909,1,2,61,0.000,1.00,-1.666,False,joint_window_endpoint,1321.300,False
1320.960,8,en_route_pickup,-6.632,-1.025,-6.000,3.500,joint_grid_transaction,909,909,1,7,57,0.000,1.00,0.836,False,None,0.000,False
1323.008,1,en_route_pickup,-4.264,-1.093,-3.000,-1.500,joint_grid_transaction,910,910,2,9,62,0.000,1.00,-1.471,False,None,0.000,False
1323.008,2,en_route_pickup,-7.794,1.570,-6.000,3.500,joint_grid_transaction,910,910,2,4,58,0.000,1.00,-1.660,False,None,0.000,False
1323.008,3,en_route_delivery,2.624,-2.011,0.000,-3.500,joint_grid_transaction,910,910,2,9,92,0.000,1.00,-3.054,False,None,0.000,False
1323.008,4,en_route_pickup,-0.907,-3.265,6.000,3.500,joint_grid_transaction,910,910,2,9,63,0.000,1.00,-0.100,False,None,0.000,False
1323.008,5,en_route_pickup,-4.238,2.244,1.000,-1.500,joint_grid_transaction,910,910,1,8,64,0.000,1.00,1.479,False,None,0.000,False
1323.008,6,en_route_pickup,-5.780,2.030,-6.000,3.500,joint_grid_transaction,910,910,1,8,60,0.000,1.00,-2.882,False,None,0.000,False
1323.008,7,en_route_delivery,-2.507,4.036,-6.000,3.500,joint_grid_transaction,910,910,1,2,61,0.000,1.00,-1.667,False,joint_window_endpoint,1323.380,False
1323.008,8,en_route_pickup,-6.340,-1.002,-6.000,3.500,joint_grid_transaction,910,910,2,7,57,0.000,1.00,0.084,False,None,0.000,False
1325.056,1,en_route_pickup,-4.233,-1.415,-3.000,-1.500,joint_grid_transaction,910,910,3,9,62,0.000,1.00,-1.475,False,None,0.000,False
1325.056,2,en_route_pickup,-7.810,1.336,-6.000,3.500,joint_grid_transaction,910,910,3,4,58,0.000,1.00,-1.634,False,None,0.000,False
1325.056,3,en_route_delivery,2.299,-1.982,0.000,-3.500,joint_grid_transaction,910,910,3,9,92,0.000,1.00,-3.056,False,None,0.000,False
1325.056,4,en_route_pickup,-0.585,-3.233,6.000,3.500,joint_grid_transaction,910,910,3,9,63,0.000,1.00,-0.096,False,None,0.000,False
1325.056,5,en_route_pickup,-4.219,2.043,1.000,-1.500,joint_grid_transaction,910,910,2,8,64,0.000,1.00,1.476,False,None,0.000,False
1325.056,6,en_route_pickup,-5.908,2.236,-6.000,3.500,joint_grid_transaction,910,910,3,8,60,0.000,1.00,-1.995,False,None,0.000,False
1325.056,7,en_route_delivery,-2.656,3.977,-6.000,3.500,_joint_stall_recovery,911,910,3,9,61,0.000,1.00,2.964,False,None,0.000,False
1325.056,8,en_route_pickup,-6.148,-0.911,-6.000,3.500,joint_grid_transaction,910,910,3,7,57,0.000,1.00,0.767,False,joint_slot_deadline,1324.980,False
1327.104,1,en_route_pickup,-4.207,-1.689,-3.000,-1.500,joint_grid_transaction,910,910,4,9,62,0.000,1.00,-1.477,False,None,0.000,False
1327.104,2,en_route_pickup,-7.816,1.210,-6.000,3.500,joint_grid_transaction,910,910,3,4,58,0.000,1.00,-1.567,False,joint_window_endpoint,1327.540,False
1327.104,3,en_route_delivery,2.022,-1.958,0.000,-3.500,joint_grid_transaction,910,910,4,9,92,0.000,1.00,-3.055,False,None,0.000,False
1327.104,4,en_route_pickup,-0.311,-3.207,6.000,3.500,joint_grid_transaction,910,910,4,9,63,0.000,1.00,-0.094,False,None,0.000,False
1327.104,5,en_route_pickup,-4.195,1.793,1.000,-1.500,joint_grid_transaction,910,910,3,8,64,0.000,1.00,1.477,False,None,0.000,False
1327.104,6,en_route_pickup,-5.989,2.602,-6.000,3.500,joint_grid_transaction,910,910,5,8,60,0.000,1.00,-1.663,False,None,0.000,False
1327.104,7,en_route_delivery,-2.975,3.819,-6.000,3.500,_joint_stall_recovery,911,910,3,9,61,0.000,1.00,2.606,False,None,0.000,False
1327.104,8,en_route_pickup,-6.036,-0.600,-6.000,3.500,joint_grid_transaction,910,910,5,7,57,0.000,1.00,1.383,False,None,0.000,False
1329.152,1,en_route_pickup,-4.157,-1.834,-3.000,-1.500,joint_grid_transaction,913,913,2,8,62,0.000,1.00,-0.979,False,None,0.000,False
1329.152,2,en_route_pickup,-7.816,1.209,-6.000,3.500,joint_grid_transaction,913,913,1,2,58,0.000,1.00,-1.567,False,joint_window_endpoint,1329.620,False
1329.152,3,en_route_delivery,1.785,-1.938,0.000,-3.500,joint_grid_transaction,913,913,2,9,92,0.000,1.00,-3.061,False,None,0.000,False
1329.152,4,en_route_pickup,-0.107,-3.191,6.000,3.500,joint_grid_transaction,913,913,2,8,63,0.000,1.00,-0.072,False,None,0.000,False
1329.152,5,en_route_pickup,-4.186,1.571,1.000,-1.500,joint_grid_transaction,913,913,2,9,64,0.000,1.00,1.520,False,None,0.000,False
1329.152,6,en_route_delivery,-6.018,2.905,-3.000,-1.500,joint_grid_transaction,913,913,3,5,60,0.000,1.00,-1.667,False,None,0.000,True
1329.152,7,en_route_delivery,-2.858,3.823,-6.000,3.500,joint_grid_transaction,913,913,2,5,61,0.000,1.00,0.494,False,None,0.000,False
1329.152,8,en_route_pickup,-5.880,-0.672,-6.000,3.500,joint_grid_transaction,913,913,2,7,57,0.000,1.00,0.096,False,None,0.000,False
1331.200,1,en_route_pickup,-4.137,-1.854,-3.000,-1.500,joint_grid_transaction,915,915,3,9,62,0.000,1.00,-0.977,False,None,0.000,False
1331.200,2,en_route_pickup,-7.816,1.209,-6.000,3.500,joint_grid_transaction,915,915,1,2,58,0.000,1.00,-1.561,False,joint_window_endpoint,1331.540,False
1331.200,3,en_route_delivery,1.550,-1.936,0.000,-3.500,joint_grid_transaction,915,915,2,9,92,0.000,1.00,3.134,False,None,0.000,False
1331.200,4,en_route_pickup,0.116,-3.185,6.000,3.500,joint_grid_transaction,915,915,2,9,63,0.000,1.00,-0.013,False,None,0.000,False
1331.200,5,en_route_pickup,-4.187,1.330,1.000,-1.500,joint_grid_transaction,915,915,2,9,64,0.000,1.00,1.611,False,None,0.000,False
1331.200,6,en_route_delivery,-5.941,2.931,-3.000,-1.500,joint_grid_transaction,915,915,2,9,60,0.000,1.00,-0.440,False,None,0.000,False
1331.200,7,en_route_delivery,-2.849,3.724,-6.000,3.500,joint_grid_transaction,915,915,1,8,61,0.000,1.00,2.084,False,None,0.000,False
1331.200,8,en_route_pickup,-5.920,-0.581,-6.000,3.500,joint_grid_transaction,915,915,2,4,57,0.000,1.00,1.507,False,None,0.000,False
1333.248,1,en_route_pickup,-4.021,-2.211,-3.000,-1.500,joint_grid_transaction,916,916,2,8,62,0.000,1.00,-1.450,False,None,0.000,False
1333.248,2,en_route_pickup,-7.816,1.208,-6.000,3.500,joint_grid_transaction,916,916,1,2,58,0.000,1.00,-1.561,False,joint_window_endpoint,1333.620,False
1333.248,3,en_route_delivery,1.237,-1.955,0.000,-3.500,joint_grid_transaction,916,916,2,9,92,0.000,1.00,3.027,False,None,0.000,False
1333.248,4,en_route_pickup,0.444,-3.209,6.000,3.500,joint_grid_transaction,916,916,2,9,63,0.000,1.00,-0.117,False,None,0.000,False
1333.248,5,en_route_pickup,-4.225,0.973,1.000,-1.500,joint_grid_transaction,916,916,2,9,64,0.000,1.00,1.684,False,None,0.000,False
1333.248,6,en_route_delivery,-5.717,2.984,-3.000,-1.500,joint_grid_transaction,916,916,1,8,60,0.000,1.00,-0.122,False,joint_slot_deadline,1333.284,False
1333.248,7,en_route_delivery,-3.115,3.745,-6.000,3.500,joint_grid_transaction,916,916,2,9,61,0.000,1.00,3.066,False,None,0.000,False
1333.248,8,en_route_pickup,-5.935,-0.336,-6.000,3.500,joint_grid_transaction,916,916,2,3,57,0.000,1.00,1.705,False,None,0.000,False
1335.296,1,en_route_pickup,-3.957,-2.381,-3.000,-1.500,joint_grid_transaction,917,917,1,9,62,0.000,1.00,-0.697,False,None,0.000,False
1335.296,2,en_route_pickup,-7.780,1.264,-6.000,3.500,_joint_stall_recovery,918,917,2,7,58,0.000,1.00,-0.744,False,None,0.000,False
1335.296,3,en_route_delivery,0.874,-1.994,0.000,-3.500,joint_grid_transaction,917,917,2,9,92,0.000,1.00,3.043,False,None,0.000,False
1335.296,4,en_route_pickup,0.782,-3.245,6.000,3.500,joint_grid_transaction,917,917,1,8,63,0.000,1.00,-0.094,False,joint_slot_deadline,1335.780,False
1335.296,5,en_route_pickup,-4.260,0.646,1.000,-1.500,joint_grid_transaction,917,917,2,9,64,0.000,1.00,1.673,False,None,0.000,False
1335.296,6,en_route_delivery,-5.406,3.017,-3.000,-1.500,joint_grid_transaction,917,917,2,9,60,0.000,1.00,-0.096,False,None,0.000,False
1335.296,7,en_route_delivery,-3.262,3.689,-6.000,3.500,joint_grid_transaction,917,917,1,6,61,0.000,1.00,2.277,False,None,0.000,False
1335.296,8,en_route_pickup,-5.955,-0.214,-6.000,3.500,joint_grid_transaction,917,917,1,2,57,0.000,1.00,1.757,False,joint_window_endpoint,1335.700,False
1337.344,1,en_route_pickup,-3.789,-2.354,-3.000,-1.500,joint_grid_transaction,917,917,2,9,62,0.000,1.00,-0.048,False,None,0.000,False
1337.344,2,en_route_pickup,-7.563,1.348,-6.000,3.500,_joint_stall_recovery,918,917,3,7,58,0.000,1.00,-0.470,False,None,0.000,False
1337.344,3,en_route_delivery,0.564,-2.024,0.000,-3.500,joint_grid_transaction,917,917,3,9,92,0.000,1.00,3.047,False,None,0.000,False
1337.344,4,en_route_pickup,1.013,-3.268,6.000,3.500,joint_grid_transaction,917,917,2,8,63,0.000,1.00,-0.097,False,None,0.000,False
1337.344,5,en_route_pickup,-4.288,0.365,1.000,-1.500,joint_grid_transaction,917,917,3,9,64,0.000,1.00,1.669,False,None,0.000,False
1337.344,6,en_route_delivery,-5.133,3.043,-3.000,-1.500,joint_grid_transaction,917,917,3,9,60,0.000,1.00,-0.095,False,None,0.000,False
1337.344,7,en_route_delivery,-3.136,3.726,-6.000,3.500,joint_grid_transaction,917,917,2,6,61,0.000,1.00,0.204,False,None,0.000,False
1337.344,8,en_route_pickup,-5.955,-0.214,-6.000,3.500,joint_grid_transaction,917,917,1,2,57,0.000,1.00,1.757,False,joint_window_endpoint,1337.780,False
1339.392,1,en_route_pickup,-3.668,-2.359,-3.000,-1.500,joint_grid_transaction,938,938,2,9,62,0.000,1.00,-0.454,False,joint_slot_deadline,1339.972,False
1339.392,2,en_route_pickup,-7.377,1.483,-6.000,3.500,joint_grid_transaction,938,938,2,9,58,0.000,1.00,-0.374,False,None,0.000,False
1339.392,3,en_route_delivery,0.302,-2.048,0.000,-3.500,joint_grid_transaction,938,938,2,9,92,0.000,1.00,3.054,False,None,0.000,False
1339.392,4,en_route_pickup,1.279,-3.294,6.000,3.500,joint_grid_transaction,938,938,1,9,63,0.000,1.00,-0.094,False,None,0.000,False
1339.392,5,en_route_pickup,-4.307,0.132,1.000,-1.500,joint_grid_transaction,938,938,2,9,64,0.000,1.00,1.637,False,None,0.000,False
1339.392,6,en_route_delivery,-4.910,3.059,-3.000,-1.500,joint_grid_transaction,938,938,2,9,60,0.000,1.00,-0.053,False,None,0.000,False
1339.392,7,en_route_delivery,-2.840,3.704,-6.000,3.500,joint_grid_transaction,938,938,2,5,61,0.000,1.00,0.063,False,None,0.000,False
1339.392,8,en_route_pickup,-5.956,-0.213,-6.000,3.500,joint_grid_transaction,938,938,1,2,57,0.000,1.00,1.760,False,joint_window_endpoint,1339.860,False
1341.440,1,en_route_pickup,-3.605,-2.518,-3.000,-1.500,joint_grid_transaction,939,939,2,8,62,0.000,1.00,-1.054,False,None,0.000,False
1341.440,2,en_route_pickup,-7.052,1.521,-6.000,3.500,joint_grid_transaction,939,939,2,9,58,0.000,1.00,-0.065,False,None,0.000,False
1341.440,3,en_route_delivery,0.157,-2.098,0.000,-3.500,joint_grid_transaction,939,939,2,8,92,0.000,1.00,2.560,False,joint_slot_deadline,1342.292,False
1341.440,4,en_route_pickup,1.501,-3.313,6.000,3.500,joint_grid_transaction,939,939,1,9,63,0.000,1.00,-0.053,False,None,0.000,False
1341.440,5,en_route_pickup,-4.315,-0.090,1.000,-1.500,joint_grid_transaction,939,939,2,9,64,0.000,1.00,1.561,False,None,0.000,False
1341.440,6,en_route_delivery,-4.692,3.067,-3.000,-1.500,joint_grid_transaction,939,939,1,9,60,0.000,1.00,-0.018,False,None,0.000,False
1341.440,7,en_route_delivery,-2.717,3.714,-6.000,3.500,joint_grid_transaction,939,939,1,4,61,0.000,1.00,0.523,False,None,0.000,False
1341.440,8,en_route_pickup,-5.956,-0.212,-6.000,3.500,joint_grid_transaction,939,939,1,2,57,0.000,1.00,1.763,False,joint_window_endpoint,1341.780,False
1343.488,1,en_route_pickup,-3.527,-2.753,-3.000,-1.500,joint_grid_transaction,939,939,3,8,62,0.000,1.00,-1.405,False,None,0.000,False
1343.488,2,en_route_pickup,-6.803,1.539,-6.000,3.500,joint_grid_transaction,939,939,3,9,58,0.000,1.00,-0.073,False,None,0.000,False
1343.488,3,en_route_delivery,0.112,-2.229,0.000,-3.500,joint_grid_transaction,939,939,3,8,92,0.000,1.00,2.066,False,None,0.000,False
1343.488,4,en_route_pickup,1.744,-3.316,6.000,3.500,joint_grid_transaction,939,939,2,9,63,0.000,1.00,-0.020,False,None,0.000,False
1343.488,5,en_route_pickup,-4.296,-0.409,1.000,-1.500,joint_grid_transaction,939,939,3,9,64,0.000,1.00,1.463,False,None,0.000,False
1343.488,6,en_route_delivery,-4.486,3.038,-3.000,-1.500,joint_grid_transaction,939,939,3,9,60,0.000,1.00,-0.587,False,None,0.000,False
1343.488,7,en_route_delivery,-2.563,3.974,-6.000,3.500,joint_grid_transaction,939,939,3,4,61,0.000,1.00,1.263,False,None,0.000,False
1343.488,8,en_route_pickup,-5.970,-0.131,-6.000,3.500,_joint_stall_recovery,940,939,2,3,57,1343.524,1.00,1.675,False,None,0.000,False
1345.536,1,en_route_pickup,-3.492,-3.100,-3.000,-1.500,joint_grid_transaction,942,942,3,6,62,0.000,1.00,-1.483,False,None,0.000,False
1345.536,2,en_route_pickup,-6.553,1.558,-6.000,3.500,joint_grid_transaction,942,942,2,9,58,0.000,1.00,-0.077,False,None,0.000,False
1345.536,3,en_route_delivery,0.038,-2.418,0.000,-3.500,joint_grid_transaction,942,942,3,7,92,0.000,1.00,1.783,False,None,0.000,False
1345.536,4,en_route_pickup,2.017,-3.308,6.000,3.500,joint_grid_transaction,942,942,2,9,63,0.000,1.00,-0.061,False,None,0.000,False
1345.536,5,en_route_pickup,-4.265,-0.662,1.000,-1.500,joint_grid_transaction,942,942,3,9,64,0.000,1.00,1.478,False,None,0.000,False
1345.536,6,en_route_delivery,-4.337,2.838,-3.000,-1.500,joint_grid_transaction,942,942,3,9,60,0.000,1.00,-1.181,False,None,0.000,False
1345.536,7,en_route_delivery,-2.545,4.037,-6.000,3.500,joint_grid_transaction,942,942,1,2,61,0.000,1.00,1.310,False,joint_window_endpoint,1345.940,False
1345.536,8,en_route_pickup,-5.989,0.072,-6.000,3.500,_joint_stall_recovery,940,939,2,3,57,0.000,0.55,1.651,False,None,0.000,False
1347.584,1,en_route_pickup,-3.421,-3.184,-3.000,-1.500,joint_grid_transaction,944,944,2,6,62,0.000,1.00,-0.540,False,None,0.000,False
1347.584,2,en_route_pickup,-6.322,1.564,-6.000,3.500,joint_grid_transaction,944,944,2,9,58,0.000,1.00,-0.016,False,None,0.000,False
1347.584,3,en_route_delivery,-0.004,-2.774,0.000,-3.500,joint_grid_transaction,944,944,2,5,92,0.000,1.00,1.658,False,None,0.000,False
1347.584,4,en_route_pickup,2.285,-3.279,6.000,3.500,joint_grid_transaction,944,944,1,8,63,0.000,1.00,-0.126,False,joint_slot_deadline,1347.780,False
1347.584,5,en_route_pickup,-4.235,-0.990,1.000,-1.500,joint_grid_transaction,944,944,2,9,64,0.000,1.00,1.481,False,None,0.000,False
1347.584,6,en_route_delivery,-4.260,2.471,-3.000,-1.500,joint_grid_transaction,944,944,2,9,60,0.000,1.00,-1.475,False,None,0.000,False
1347.584,7,en_route_delivery,-2.544,4.038,-6.000,3.500,joint_grid_transaction,944,944,1,2,61,0.000,1.00,1.307,False,joint_window_endpoint,1348.020,False
1347.584,8,en_route_pickup,-5.994,0.135,-6.000,3.500,_joint_stall_recovery,940,939,2,3,57,0.000,0.55,1.652,False,None,0.000,False
1349.632,1,en_route_pickup,-3.227,-3.243,-3.000,-1.500,joint_grid_transaction,946,946,2,5,62,0.000,1.00,-0.496,False,None,0.000,False
1349.632,2,en_route_pickup,-6.162,1.601,-6.000,3.500,joint_grid_transaction,946,946,2,9,58,0.000,1.00,-0.547,False,joint_slot_deadline,1350.388,False
1349.632,3,en_route_delivery,-0.038,-2.957,-1.000,-1.500,joint_grid_transaction,946,946,2,9,90,0.000,1.00,2.190,False,None,0.000,False
1349.632,4,en_route_pickup,2.592,-3.247,6.000,3.500,joint_grid_transaction,946,946,2,9,63,0.000,1.00,-0.094,False,None,0.000,False
1349.632,5,en_route_pickup,-4.210,-1.266,1.000,-1.500,joint_grid_transaction,946,946,1,9,64,0.000,1.00,1.482,False,None,0.000,False
1349.632,6,en_route_delivery,-4.232,2.190,-3.000,-1.500,joint_grid_transaction,946,946,2,9,60,0.000,1.00,-1.473,False,None,0.000,False
1349.632,7,en_route_delivery,-2.544,4.039,-6.000,3.500,joint_grid_transaction,946,946,1,2,61,0.000,1.00,1.303,False,joint_window_endpoint,1350.100,False
1349.632,8,en_route_pickup,-6.007,0.264,-6.000,3.500,joint_grid_transaction,946,946,1,6,57,0.000,0.55,1.854,False,None,0.000,False
1351.680,1,en_route_pickup,-3.069,-3.497,-3.000,-1.500,joint_grid_transaction,947,946,3,3,62,0.000,1.00,-1.230,False,None,0.000,False
1351.680,2,en_route_pickup,-6.110,1.742,-6.000,3.500,joint_grid_transaction,947,946,3,9,58,0.000,1.00,-1.056,False,None,0.000,False
1351.680,3,en_route_delivery,-0.324,-2.981,-1.000,-1.500,joint_grid_transaction,947,946,3,9,90,0.000,1.00,3.007,False,None,0.000,False
1351.680,4,en_route_pickup,2.887,-3.219,6.000,3.500,joint_grid_transaction,947,946,3,9,63,0.000,1.00,-0.090,False,None,0.000,False
1351.680,5,en_route_pickup,-4.190,-1.499,1.000,-1.500,joint_grid_transaction,947,946,2,9,64,0.000,1.00,1.509,False,None,0.000,False
1351.680,6,en_route_delivery,-4.206,1.923,-3.000,-1.500,joint_grid_transaction,947,946,3,9,60,0.000,1.00,-1.477,False,None,0.000,False
1351.680,7,en_route_delivery,-2.543,4.039,-6.000,3.500,joint_grid_transaction,947,946,1,2,61,0.000,1.00,1.300,False,joint_window_endpoint,1352.020,False
1351.680,8,en_route_pickup,-6.188,0.229,-6.000,3.500,joint_grid_transaction,947,946,2,5,57,0.000,1.00,2.878,False,None,0.000,False
1353.728,1,en_route_pickup,-3.014,-3.781,-3.000,-1.500,joint_grid_transaction,947,947,2,3,62,0.000,1.00,-1.472,False,joint_window_endpoint,1354.100,False
1353.728,2,en_route_pickup,-6.033,1.954,-6.000,3.500,joint_grid_transaction,947,947,3,9,58,0.000,1.00,-1.384,False,None,0.000,False
1353.728,3,en_route_delivery,-0.663,-3.012,-1.000,-1.500,joint_grid_transaction,947,947,3,9,90,0.000,1.00,3.055,False,None,0.000,False
1353.728,4,en_route_pickup,3.140,-3.196,6.000,3.500,joint_grid_transaction,947,947,3,9,63,0.000,1.00,-0.090,False,None,0.000,False
1353.728,5,en_route_pickup,-4.183,-1.731,1.000,-1.500,joint_grid_transaction,947,947,2,9,64,0.000,1.00,1.518,False,None,0.000,False
1353.728,6,en_route_delivery,-4.190,1.710,-3.000,-1.500,joint_grid_transaction,947,947,2,9,60,0.000,1.00,-1.549,False,None,0.000,False
1353.728,7,en_route_delivery,-2.654,3.977,-6.000,3.500,_joint_stall_recovery,948,947,3,10,61,0.000,1.00,2.896,False,None,0.000,False
1353.728,8,en_route_pickup,-6.050,0.236,-6.000,3.500,joint_grid_transaction,947,947,1,5,57,0.000,1.00,0.542,False,None,0.000,False
1355.776,1,en_route_pickup,-3.014,-3.782,-3.000,-1.500,joint_grid_transaction,961,947,2,9,62,0.000,1.00,-1.493,False,joint_window_endpoint,1356.180,False
1355.776,2,en_route_pickup,-5.994,2.306,-6.000,3.500,joint_grid_transaction,961,947,5,6,58,0.000,1.00,-1.484,False,None,0.000,False
1355.776,3,en_route_delivery,-0.837,-2.950,-1.000,-1.500,joint_grid_transaction,961,947,4,8,90,0.000,1.00,-2.406,False,None,0.000,False
1355.776,4,en_route_pickup,3.356,-3.186,6.000,3.500,joint_grid_transaction,961,947,4,9,63,0.000,1.00,-0.004,False,None,0.000,False
1355.776,5,en_route_pickup,-4.126,-1.819,1.000,-1.500,joint_grid_transaction,961,947,4,9,64,0.000,1.00,0.779,False,None,0.000,False
1355.776,6,en_route_delivery,-4.182,1.480,-3.000,-1.500,joint_grid_transaction,961,947,3,9,60,0.000,1.00,-1.559,False,None,0.000,False
1355.776,7,en_route_delivery,-2.911,3.854,-6.000,3.500,joint_grid_transaction,961,947,4,3,61,0.000,1.00,-2.596,False,None,0.000,False
1355.776,8,en_route_pickup,-5.750,0.268,-6.000,3.500,joint_grid_transaction,961,947,2,6,57,0.000,1.00,0.048,False,None,0.000,False
1357.824,1,en_route_pickup,-3.217,-3.737,-3.000,-1.500,joint_grid_transaction,961,961,2,9,62,0.000,1.00,-2.996,False,None,0.000,False
1357.824,2,en_route_pickup,-5.969,2.605,-6.000,3.500,joint_grid_transaction,961,961,3,6,58,0.000,1.00,-1.484,False,None,0.000,False
1357.824,3,en_route_delivery,-0.905,-2.815,-1.000,-1.500,joint_grid_transaction,961,961,3,8,90,0.000,1.00,-1.991,False,None,0.000,False
1357.824,4,en_route_pickup,3.615,-3.186,6.000,3.500,joint_grid_transaction,961,961,3,9,63,0.000,1.00,-0.006,False,None,0.000,False
1357.824,5,en_route_pickup,-4.005,-1.895,1.000,-1.500,joint_grid_transaction,961,961,3,9,64,0.000,1.00,0.486,False,None,0.000,False
1357.824,6,en_route_delivery,-4.202,1.174,-3.000,-1.500,joint_grid_transaction,961,961,3,9,60,0.000,1.00,-1.680,False,None,0.000,False
1357.824,7,en_route_delivery,-2.773,3.870,-6.000,3.500,joint_grid_transaction,961,961,1,3,61,0.000,1.00,-0.182,False,None,0.000,False
1357.824,8,en_route_pickup,-5.879,0.248,-6.000,3.500,joint_grid_transaction,961,961,1,6,57,0.000,1.00,2.453,False,None,0.000,False
1359.872,1,en_route_pickup,-3.548,-3.767,-3.000,-1.500,joint_grid_transaction,962,962,3,9,62,0.000,1.00,-3.057,False,None,0.000,False
1359.872,2,en_route_pickup,-5.950,2.821,-6.000,3.500,joint_grid_transaction,962,962,2,4,58,0.000,1.00,-1.487,False,None,0.000,False
1359.872,3,en_route_delivery,-0.988,-2.448,-1.000,-1.500,joint_grid_transaction,962,962,3,6,90,0.000,1.00,-1.667,False,None,0.000,False
1359.872,4,en_route_pickup,3.835,-3.193,6.000,3.500,joint_grid_transaction,962,962,2,8,63,0.000,1.00,-0.047,False,None,0.000,False
1359.872,5,en_route_pickup,-3.672,-1.987,1.000,-1.500,joint_grid_transaction,962,962,3,9,64,0.000,1.00,0.128,False,None,0.000,False
1359.872,6,en_route_delivery,-4.231,0.923,-3.000,-1.500,joint_grid_transaction,962,962,3,9,60,0.000,1.00,-1.690,False,None,0.000,False
1359.872,7,en_route_delivery,-2.673,3.871,-6.000,3.500,joint_grid_transaction,962,962,2,4,61,0.000,1.00,-0.389,False,None,0.000,False
1359.872,8,en_route_pickup,-6.164,0.233,-6.000,3.500,joint_grid_transaction,962,962,2,6,57,0.000,1.00,3.071,False,None,0.000,False
1361.920,1,en_route_pickup,-3.776,-3.784,-3.000,-1.500,joint_grid_transaction,963,963,2,9,62,0.000,1.00,2.793,False,None,0.000,False
1361.920,2,en_route_delivery,-5.895,2.906,6.000,3.500,joint_grid_transaction,963,963,2,9,58,0.000,1.00,-0.688,False,None,0.000,False
1361.920,3,en_route_delivery,-1.018,-2.128,-1.000,-1.500,joint_grid_transaction,963,963,2,4,90,0.000,1.00,-1.664,False,None,0.000,False
1361.920,4,en_route_pickup,4.204,-3.231,6.000,3.500,joint_grid_transaction,963,963,2,9,63,0.000,1.00,-0.099,False,None,0.000,False
1361.920,5,en_route_pickup,-3.343,-2.017,1.000,-1.500,joint_grid_transaction,963,963,2,9,64,0.000,1.00,0.088,False,None,0.000,False
1361.920,6,en_route_delivery,-4.265,0.597,-3.000,-1.500,joint_grid_transaction,963,963,2,9,60,0.000,1.00,-1.670,False,None,0.000,False
1361.920,7,en_route_delivery,-2.647,3.996,-6.000,3.500,joint_grid_transaction,963,963,1,9,61,0.000,1.00,-2.128,False,None,0.000,False
1361.920,8,en_route_pickup,-6.454,0.212,-6.000,3.500,joint_grid_transaction,963,963,2,5,57,0.000,1.00,3.068,False,None,0.000,False
1363.968,1,en_route_pickup,-3.868,-3.673,-3.000,-1.500,joint_grid_transaction,964,964,2,9,62,0.000,1.00,2.287,False,joint_slot_deadline,1363.908,False
1363.968,2,en_route_delivery,-5.712,2.963,6.000,3.500,joint_grid_transaction,964,964,1,8,58,0.000,1.00,-0.263,False,joint_slot_deadline,1363.908,False
1363.968,3,en_route_pickup,-0.957,-2.067,-3.000,-1.500,joint_grid_transaction,964,964,1,8,65,0.000,1.00,-0.542,False,None,0.000,False
1363.968,4,en_route_pickup,4.533,-3.263,6.000,3.500,joint_grid_transaction,964,964,2,9,63,0.000,1.00,-0.094,False,None,0.000,False
1363.968,5,en_route_pickup,-3.065,-2.042,1.000,-1.500,joint_grid_transaction,964,964,2,9,64,0.000,1.00,0.088,False,None,0.000,False
1363.968,6,en_route_delivery,-4.292,0.322,-3.000,-1.500,joint_grid_transaction,964,964,2,9,60,0.000,1.00,-1.667,False,None,0.000,False
1363.968,7,en_route_delivery,-2.924,3.998,-6.000,3.500,joint_grid_transaction,964,964,2,9,61,0.000,1.00,-3.060,False,None,0.000,False
1363.968,8,en_route_pickup,-6.705,0.193,-6.000,3.500,joint_grid_transaction,964,964,2,4,57,0.000,1.00,3.065,False,None,0.000,False
1366.016,1,en_route_pickup,-3.979,-3.461,-3.000,-1.500,joint_grid_transaction,964,964,4,9,62,0.000,1.00,2.257,False,None,0.000,False
1366.016,2,en_route_delivery,-5.362,3.006,6.000,3.500,joint_grid_transaction,964,964,3,8,58,0.000,1.00,-0.088,False,None,0.000,False
1366.016,3,en_route_pickup,-0.622,-2.006,-3.000,-1.500,joint_grid_transaction,964,964,3,8,65,0.000,1.00,-0.089,False,None,0.000,False
1366.016,4,en_route_pickup,4.811,-3.289,6.000,3.500,joint_grid_transaction,964,964,4,9,63,0.000,1.00,-0.094,False,None,0.000,False
1366.016,5,en_route_pickup,-2.827,-2.060,1.000,-1.500,joint_grid_transaction,964,964,3,9,64,0.000,1.00,0.076,False,None,0.000,False
1366.016,6,en_route_delivery,-4.309,0.089,-3.000,-1.500,joint_grid_transaction,964,964,3,9,60,0.000,1.00,-1.639,False,None,0.000,False
1366.016,7,en_route_delivery,-3.239,4.023,-6.000,3.500,joint_grid_transaction,964,964,3,9,61,0.000,1.00,-3.061,False,None,0.000,False
1366.016,8,en_route_pickup,-6.934,0.185,-6.000,3.500,joint_grid_transaction,964,964,3,4,57,0.000,1.00,3.105,False,None,0.000,False
1368.064,1,en_route_pickup,-4.111,-3.358,-3.000,-1.500,joint_grid_transaction,965,965,1,8,62,0.000,1.00,2.640,False,joint_slot_deadline,1368.292,False
1368.064,2,en_route_delivery,-5.065,3.032,6.000,3.500,joint_grid_transaction,965,965,2,9,58,0.000,1.00,-0.087,False,None,0.000,False
1368.064,3,en_route_pickup,-0.306,-1.978,-3.000,-1.500,joint_grid_transaction,965,965,2,6,65,0.000,1.00,-0.087,False,None,0.000,False
1368.064,4,en_route_pickup,5.034,-3.308,6.000,3.500,joint_grid_transaction,965,965,1,9,63,0.000,1.00,-0.038,False,None,0.000,False
1368.064,5,en_route_pickup,-2.599,-2.065,1.000,-1.500,joint_grid_transaction,965,965,2,9,64,0.000,1.00,0.008,False,None,0.000,False
1368.064,6,en_route_delivery,-4.314,-0.141,-3.000,-1.500,joint_grid_transaction,965,965,2,9,60,0.000,1.00,-1.559,False,None,0.000,False
1368.064,7,en_route_delivery,-3.508,4.045,-6.000,3.500,joint_grid_transaction,965,965,2,9,61,0.000,1.00,-3.062,False,None,0.000,False
1368.064,8,en_route_pickup,-7.042,0.183,-6.000,3.500,joint_grid_transaction,965,965,1,2,57,0.000,1.00,-3.125,False,joint_window_endpoint,1368.500,False
1370.112,1,en_route_pickup,-4.389,-3.271,-3.000,-1.500,joint_grid_transaction,967,965,3,9,62,0.000,1.00,2.999,False,None,0.000,False
1370.112,2,en_route_delivery,-4.811,3.054,6.000,3.500,joint_grid_transaction,967,965,3,8,58,0.000,1.00,-0.088,False,None,0.000,False
1370.112,3,en_route_pickup,-0.037,-1.954,-3.000,-1.500,joint_grid_transaction,967,965,3,4,65,0.000,1.00,-0.088,False,None,0.000,False
1370.112,4,en_route_pickup,5.262,-3.318,6.000,3.500,joint_grid_transaction,967,965,2,9,63,0.000,1.00,-0.021,False,None,0.000,False
1370.112,5,en_route_pickup,-2.287,-2.047,1.000,-1.500,joint_grid_transaction,967,965,3,8,64,0.000,1.00,0.109,False,None,0.000,False
1370.112,6,en_route_delivery,-4.292,-0.467,-3.000,-1.500,joint_grid_transaction,967,965,3,8,60,0.000,1.00,-1.449,False,None,0.000,False
1370.112,7,en_route_delivery,-3.740,4.063,-6.000,3.500,joint_grid_transaction,967,965,3,9,61,0.000,1.00,-3.080,False,None,0.000,False
1370.112,8,en_route_pickup,-7.043,0.183,-6.000,3.500,joint_grid_transaction,967,965,1,7,57,0.000,1.00,-3.125,False,joint_window_endpoint,1370.580,False
1372.160,1,en_route_pickup,-4.664,-3.243,-3.000,-1.500,joint_grid_transaction,967,967,3,9,62,0.000,1.00,3.047,False,None,0.000,False
1372.160,2,en_route_delivery,-4.599,3.064,6.000,3.500,joint_grid_transaction,967,967,2,8,58,0.000,1.00,-0.041,False,None,0.000,False
1372.160,3,en_route_pickup,0.198,-1.938,-3.000,-1.500,joint_grid_transaction,967,967,2,4,65,0.000,1.00,-0.067,False,None,0.000,False
1372.160,4,en_route_pickup,5.565,-3.298,6.000,3.500,joint_grid_transaction,967,967,2,9,63,0.000,1.00,-0.117,False,None,0.000,False
1372.160,5,en_route_pickup,-2.063,-2.019,1.000,-1.500,joint_grid_transaction,967,967,2,8,64,0.000,1.00,0.098,False,None,0.000,False
1372.160,6,en_route_delivery,-4.265,-0.685,-3.000,-1.500,joint_grid_transaction,967,967,2,8,60,0.000,1.00,-1.476,False,None,0.000,False
1372.160,7,en_route_delivery,-3.787,4.064,-6.000,3.500,joint_grid_transaction,967,967,2,9,61,0.000,0.40,2.973,False,None,0.000,False
1372.160,8,en_route_pickup,-7.378,0.210,-6.000,3.500,joint_grid_transaction,967,967,3,7,57,0.000,1.00,-3.030,False,None,0.000,False
1374.208,1,en_route_pickup,-4.952,-3.216,-3.000,-1.500,joint_grid_transaction,969,969,2,9,62,0.000,1.00,3.050,False,None,0.000,False
1374.208,2,en_route_delivery,-4.366,3.064,6.000,3.500,joint_grid_transaction,969,969,2,9,58,0.000,1.00,-0.043,False,None,0.000,False
1374.208,3,en_route_pickup,0.299,-1.978,-3.000,-1.500,joint_grid_transaction,969,969,2,3,65,0.000,1.00,-0.712,False,None,0.000,False
1374.208,4,en_route_pickup,5.931,-3.258,6.000,3.500,joint_grid_transaction,969,969,2,9,63,0.000,1.00,-0.099,False,None,0.000,False
1374.208,5,en_route_pickup,-1.732,-1.988,1.000,-1.500,joint_grid_transaction,969,969,1,8,64,0.000,1.00,0.093,False,None,0.000,False
1374.208,6,en_route_delivery,-4.235,-1.012,-3.000,-1.500,joint_grid_transaction,969,969,1,8,60,0.000,1.00,-1.480,False,None,0.000,False
1374.208,7,en_route_delivery,-3.835,3.979,-6.000,3.500,joint_grid_transaction,969,969,2,9,61,0.000,1.00,2.321,False,joint_slot_deadline,1374.788,False
1374.208,8,en_route_pickup,-7.568,0.278,-6.000,3.500,joint_grid_transaction,969,969,2,5,57,0.000,1.00,-2.440,False,None,0.000,False
1376.256,1,en_route_pickup,-5.199,-3.193,-3.000,-1.500,joint_grid_transaction,970,969,3,7,62,0.000,1.00,3.051,False,None,0.000,False
1376.256,2,en_route_delivery,-4.005,3.025,6.000,3.500,joint_grid_transaction,970,969,3,9,58,0.000,1.00,-0.108,False,None,0.000,False
1376.256,3,en_route_pickup,0.382,-2.067,-3.000,-1.500,joint_grid_transaction,970,969,2,2,65,0.000,1.00,-0.902,False,joint_window_endpoint,1376.660,False
1376.256,4,en_route_pickup,6.243,-3.228,6.000,3.500,joint_grid_transaction,970,969,3,9,63,0.000,1.00,-0.095,False,None,0.000,False
1376.256,5,en_route_pickup,-1.519,-1.967,1.000,-1.500,joint_grid_transaction,970,969,2,9,64,0.000,1.00,0.096,False,None,0.000,False
1376.256,6,en_route_delivery,-4.214,-1.229,-3.000,-1.500,joint_grid_transaction,970,969,2,9,60,0.000,1.00,-1.477,False,None,0.000,False
1376.256,7,en_route_delivery,-3.859,3.956,-6.000,3.500,joint_grid_transaction,970,969,4,8,61,0.000,0.85,2.293,False,None,0.000,False
1376.256,8,en_route_pickup,-7.695,0.536,-6.000,3.500,joint_grid_transaction,970,969,3,3,57,0.000,1.00,-1.879,False,None,0.000,False
1378.304,1,en_route_pickup,-5.424,-3.186,-3.000,-1.500,joint_grid_transaction,971,971,2,7,62,0.000,1.00,3.119,False,None,0.000,False
1378.304,2,en_route_delivery,-3.667,2.991,6.000,3.500,joint_grid_transaction,971,971,2,9,58,0.000,1.00,-0.097,False,None,0.000,False
1378.304,3,en_route_pickup,0.358,-2.098,-3.000,-1.500,joint_grid_transaction,971,971,1,8,65,0.000,1.00,-1.875,False,None,0.000,False
1378.304,4,en_route_pickup,6.506,-3.203,6.000,3.500,joint_grid_transaction,971,971,1,8,63,0.000,1.00,-0.092,False,None,0.000,False
1378.304,5,en_route_pickup,-1.391,-1.971,1.000,-1.500,joint_grid_transaction,971,971,2,9,64,0.000,1.00,0.694,False,None,0.000,False
1378.304,6,en_route_delivery,-4.192,-1.471,-3.000,-1.500,joint_grid_transaction,971,971,2,9,60,0.000,1.00,-1.486,False,None,0.000,False
1378.304,7,en_route_delivery,-3.881,3.930,-6.000,3.500,joint_grid_transaction,971,971,2,9,61,0.000,0.70,2.256,False,joint_slot_deadline,1378.788,False
1378.304,8,en_route_pickup,-7.737,0.784,-6.000,3.500,joint_grid_transaction,971,971,1,2,57,0.000,1.00,-1.669,False,joint_window_endpoint,1378.740,False
1380.352,1,en_route_pickup,-5.673,-3.187,-3.000,-1.500,joint_grid_transaction,972,972,2,6,62,0.000,1.00,-3.111,False,None,0.000,False
1380.352,2,en_route_delivery,-3.382,2.964,6.000,3.500,joint_grid_transaction,972,972,2,9,58,0.000,1.00,-0.093,False,None,0.000,False
1380.352,3,en_route_pickup,0.140,-2.034,-3.000,-1.500,joint_grid_transaction,972,972,2,9,65,0.000,1.00,-3.087,False,None,0.000,False
1380.352,4,en_route_pickup,6.720,-3.187,6.000,3.500,joint_grid_transaction,972,972,1,9,63,0.000,1.00,-0.075,False,None,0.000,False
1380.352,5,en_route_pickup,-1.281,-2.264,1.000,-1.500,joint_grid_transaction,972,972,1,9,64,0.000,1.00,1.386,False,None,0.000,False
1380.352,6,en_route_delivery,-4.184,-1.698,-3.000,-1.500,joint_grid_transaction,972,972,1,8,60,0.000,1.00,-1.524,False,None,0.000,False
1380.352,7,en_route_delivery,-3.904,3.865,-6.000,3.500,joint_grid_transaction,972,972,2,9,61,0.000,0.55,2.011,False,None,0.000,False
1380.352,8,en_route_pickup,-7.737,0.784,-6.000,3.500,joint_grid_transaction,972,972,1,2,57,0.000,1.00,-1.671,False,joint_window_endpoint,1380.820,False
1382.400,1,en_route_pickup,-6.026,-3.222,-3.000,-1.500,joint_grid_transaction,973,973,2,5,62,0.000,1.00,-3.020,False,None,0.000,False
1382.400,2,en_route_delivery,-3.141,2.944,6.000,3.500,joint_grid_transaction,973,973,2,13,58,0.000,1.00,-0.074,False,None,0.000,False
1382.400,3,en_route_pickup,-0.111,-2.050,-3.000,-1.500,joint_grid_transaction,973,973,2,13,65,0.000,1.00,-3.076,False,None,0.000,False
1382.400,4,en_route_pickup,6.962,-3.187,6.000,3.500,joint_grid_transaction,973,973,2,13,63,0.000,1.00,-0.016,False,None,0.000,False
1382.400,5,en_route_pickup,-1.253,-2.491,1.000,-1.500,joint_grid_transaction,973,973,2,13,64,0.000,0.55,1.471,False,None,0.000,False
1382.400,6,en_route_delivery,-4.142,-1.830,-3.000,-1.500,joint_grid_transaction,973,973,2,9,60,0.000,1.00,-0.947,False,joint_slot_deadline,1382.292,False
1382.400,7,en_route_delivery,-3.943,3.758,-6.000,3.500,joint_grid_transaction,973,973,1,12,61,0.000,0.55,1.863,False,None,0.000,False
1382.400,8,en_route_pickup,-7.737,0.785,-6.000,3.500,joint_grid_transaction,973,973,1,2,57,0.000,1.00,-1.672,False,joint_window_endpoint,1382.740,False
1384.448,1,en_route_pickup,-6.107,-3.158,-3.000,-1.500,joint_grid_transaction,974,974,2,4,62,0.000,1.00,2.464,False,joint_slot_deadline,1384.788,False
1384.448,2,en_route_delivery,-2.924,2.935,6.000,3.500,joint_grid_transaction,974,974,2,9,58,0.000,1.00,-0.006,False,None,0.000,False
1384.448,3,en_route_pickup,-0.344,-2.062,-3.000,-1.500,joint_grid_transaction,974,974,2,9,65,0.000,1.00,-3.110,False,None,0.000,False
1384.448,4,en_route_pickup,7.285,-3.214,6.000,3.500,joint_grid_transaction,974,974,2,9,63,0.000,1.00,-0.141,False,None,0.000,False
1384.448,5,en_route_pickup,-1.236,-2.579,1.000,-1.500,joint_grid_transaction,974,974,2,9,64,0.000,0.70,1.422,False,None,0.000,False
1384.448,6,en_route_delivery,-3.952,-1.919,-3.000,-1.500,joint_grid_transaction,974,974,2,8,60,0.000,1.00,-0.458,False,joint_slot_deadline,1384.788,False
1384.448,7,en_route_delivery,-3.979,3.598,-6.000,3.500,joint_grid_transaction,974,974,2,9,61,0.000,1.00,1.711,False,None,0.000,False
1384.448,8,en_route_pickup,-7.738,0.786,-6.000,3.500,joint_grid_transaction,974,974,1,2,57,0.000,1.00,-1.674,False,joint_window_endpoint,1384.820,False
1386.496,1,en_route_pickup,-6.195,-3.030,-3.000,-1.500,joint_grid_transaction,975,975,1,5,62,0.000,1.00,2.375,False,None,0.000,False
1386.496,2,en_route_delivery,-2.620,2.949,6.000,3.500,joint_grid_transaction,975,975,2,9,58,0.000,1.00,-0.087,False,None,0.000,False
1386.496,3,en_route_pickup,-0.562,-2.068,-3.000,-1.500,joint_grid_transaction,975,975,2,9,65,0.000,1.00,3.118,False,None,0.000,False
1386.496,4,en_route_pickup,7.530,-3.240,6.000,3.500,joint_grid_transaction,975,975,2,9,63,0.000,1.00,-0.279,False,None,0.000,False
1386.496,5,en_route_pickup,-1.206,-2.771,1.000,-1.500,joint_grid_transaction,975,975,2,9,64,0.000,1.00,1.118,False,None,0.000,False
1386.496,6,en_route_delivery,-3.653,-1.987,-3.000,-1.500,joint_grid_transaction,975,975,2,6,60,0.000,1.00,-0.091,False,None,0.000,False
1386.496,7,en_route_delivery,-4.081,3.387,-6.000,3.500,joint_grid_transaction,975,975,2,9,61,0.000,1.00,2.334,False,None,0.000,False
1386.496,8,en_route_pickup,-7.738,0.787,-6.000,3.500,joint_grid_transaction,975,975,1,2,57,0.000,1.00,-1.675,False,joint_window_endpoint,1386.900,False
1388.544,1,en_route_pickup,-6.368,-2.922,-3.000,-1.500,joint_grid_transaction,975,975,2,5,62,0.000,1.00,2.282,False,None,0.000,False
1388.544,2,en_route_delivery,-2.250,2.989,6.000,3.500,joint_grid_transaction,975,975,3,9,58,0.000,1.00,-0.096,False,None,0.000,False
1388.544,3,en_route_pickup,-0.908,-2.035,-3.000,-1.500,joint_grid_transaction,975,975,3,9,65,0.000,1.00,3.030,False,None,0.000,False
1388.544,4,en_route_pickup,7.661,-3.031,6.000,3.500,joint_grid_transaction,975,975,3,9,63,0.000,1.00,-1.164,False,None,0.000,False
1388.544,5,en_route_pickup,-1.006,-2.904,1.000,-1.500,joint_grid_transaction,975,975,3,9,64,0.000,1.00,0.445,False,None,0.000,False
1388.544,6,en_route_delivery,-3.325,-2.016,-3.000,-1.500,joint_grid_transaction,975,975,3,6,60,0.000,1.00,-0.086,False,None,0.000,False
1388.544,7,en_route_delivery,-4.246,3.326,-6.000,3.500,joint_grid_transaction,975,975,3,9,61,0.000,1.00,2.773,False,None,0.000,False
1388.544,8,en_route_pickup,-7.688,1.043,-6.000,3.500,_joint_stall_recovery,976,975,2,7,57,1389.028,1.00,-1.088,False,None,0.000,False
1390.592,1,en_route_pickup,-6.412,-2.815,-3.000,-1.500,joint_grid_transaction,979,979,2,4,62,0.000,1.00,1.991,False,None,0.000,False
1390.592,2,en_route_delivery,-1.958,3.017,6.000,3.500,joint_grid_transaction,979,979,3,9,58,0.000,1.00,-0.098,False,None,0.000,False
1390.592,3,en_route_pickup,-1.262,-1.999,-3.000,-1.500,joint_grid_transaction,979,979,2,9,65,0.000,1.00,3.046,False,None,0.000,False
1390.592,4,en_route_pickup,7.736,-2.708,6.000,3.500,joint_grid_transaction,979,979,3,9,63,0.000,1.00,-1.459,False,None,0.000,False
1390.592,5,en_route_pickup,-0.706,-2.983,1.000,-1.500,joint_grid_transaction,979,979,3,9,64,0.000,1.00,0.133,False,None,0.000,False
1390.592,6,en_route_delivery,-3.154,-2.095,0.000,-3.500,joint_grid_transaction,979,979,3,9,120,0.000,1.00,-0.737,False,None,0.000,False
1390.592,7,en_route_delivery,-4.542,3.263,-6.000,3.500,joint_grid_transaction,979,979,3,9,61,0.000,1.00,3.032,False,None,0.000,False
1390.592,8,en_route_pickup,-7.561,1.255,-6.000,3.500,_joint_stall_recovery,976,975,2,7,57,0.000,1.00,-1.015,False,None,0.000,False
1392.640,1,en_route_pickup,-6.483,-2.550,-3.000,-1.500,joint_grid_transaction,979,979,3,4,62,0.000,1.00,1.686,False,None,0.000,False
1392.640,2,en_route_delivery,-1.690,3.043,6.000,3.500,joint_grid_transaction,979,979,4,9,58,0.000,1.00,-0.097,False,None,0.000,False
1392.640,3,en_route_pickup,-1.560,-1.971,-3.000,-1.500,joint_grid_transaction,979,979,4,9,65,0.000,1.00,3.048,False,None,0.000,False
1392.640,4,en_route_pickup,7.770,-2.395,6.000,3.500,joint_grid_transaction,979,979,4,9,63,0.000,1.00,-1.467,False,None,0.000,False
1392.640,5,en_route_pickup,-0.380,-3.016,1.000,-1.500,joint_grid_transaction,979,979,4,9,64,0.000,1.00,0.094,False,None,0.000,False
1392.640,6,en_route_delivery,-3.039,-2.399,0.000,-3.500,joint_grid_transaction,979,979,4,9,120,0.000,1.00,-1.366,False,None,0.000,False
1392.640,7,en_route_delivery,-4.854,3.230,-6.000,3.500,joint_grid_transaction,979,979,4,9,61,0.000,1.00,3.038,False,None,0.000,False
1392.640,8,en_route_pickup,-7.374,1.586,-6.000,3.500,_joint_stall_recovery,976,975,3,7,57,0.000,1.00,-1.214,False,None,0.000,False
1394.688,1,en_route_pickup,-6.491,-2.466,-3.000,-1.500,joint_grid_transaction,980,980,1,2,62,0.000,1.00,1.666,False,joint_window_endpoint,1395.060,False
1394.688,2,en_route_delivery,-1.473,3.061,6.000,3.500,joint_grid_transaction,980,980,1,8,58,0.000,1.00,-0.030,False,None,0.000,False
1394.688,3,en_route_pickup,-1.689,-1.959,-3.000,-1.500,joint_grid_transaction,980,980,1,8,65,0.000,1.00,3.058,False,joint_slot_deadline,1394.788,False
1394.688,4,en_route_pickup,7.796,-2.132,6.000,3.500,joint_grid_transaction,980,980,2,9,63,0.000,1.00,-1.470,False,None,0.000,False
1394.688,5,en_route_pickup,-0.104,-3.042,1.000,-1.500,joint_grid_transaction,980,980,2,9,64,0.000,1.00,0.093,False,None,0.000,False
1394.688,6,en_route_delivery,-2.939,-2.459,0.000,-3.500,joint_grid_transaction,980,980,2,9,120,0.000,1.00,-0.377,False,None,0.000,False
1394.688,7,en_route_delivery,-5.116,3.203,-6.000,3.500,joint_grid_transaction,980,980,2,6,61,0.000,1.00,3.041,False,None,0.000,False
1394.688,8,en_route_pickup,-7.359,1.698,-6.000,3.500,joint_grid_transaction,980,980,1,5,57,0.000,1.00,-2.404,False,None,0.000,False
1396.736,1,en_route_pickup,-6.491,-2.465,-3.000,-1.500,joint_grid_transaction,981,981,1,2,62,0.000,1.00,1.667,False,joint_window_endpoint,1397.140,False
1396.736,2,en_route_delivery,-1.241,3.068,6.000,3.500,joint_grid_transaction,981,981,1,9,58,0.000,1.00,-0.020,False,None,0.000,False
1396.736,3,en_route_pickup,-1.635,-1.990,-3.000,-1.500,joint_grid_transaction,981,981,1,8,65,0.000,1.00,-2.367,False,None,0.000,False
1396.736,4,en_route_pickup,7.811,-1.918,6.000,3.500,joint_grid_transaction,981,981,2,9,63,0.000,1.00,-1.541,False,None,0.000,False
1396.736,5,en_route_pickup,0.127,-3.059,1.000,-1.500,joint_grid_transaction,981,981,2,9,64,0.000,1.00,0.060,False,None,0.000,False
1396.736,6,en_route_delivery,-2.741,-2.534,0.000,-3.500,joint_grid_transaction,981,981,1,9,120,0.000,1.00,-0.809,False,None,0.000,False
1396.736,7,en_route_delivery,-5.329,3.189,-6.000,3.500,joint_grid_transaction,981,981,2,5,61,0.000,1.00,3.112,False,None,0.000,False
1396.736,8,en_route_pickup,-7.533,1.712,-6.000,3.500,joint_grid_transaction,981,981,2,5,57,0.000,1.00,2.620,False,None,0.000,False
1398.784,1,en_route_pickup,-6.491,-2.465,-3.000,-1.500,joint_grid_transaction,981,981,1,2,62,0.000,1.00,1.667,False,joint_window_endpoint,1399.220,False
1398.784,2,en_route_delivery,-0.938,3.047,6.000,3.500,joint_grid_transaction,981,981,3,9,58,0.000,1.00,-0.119,False,None,0.000,False
1398.784,3,en_route_pickup,-1.926,-2.007,-3.000,-1.500,joint_grid_transaction,981,981,2,8,65,0.000,1.00,-3.065,False,None,0.000,False
1398.784,4,en_route_pickup,7.818,-1.700,6.000,3.500,joint_grid_transaction,981,981,3,9,63,0.000,1.00,-1.592,False,None,0.000,False
1398.784,5,en_route_pickup,0.354,-3.065,1.000,-1.500,joint_grid_transaction,981,981,3,9,64,0.000,1.00,0.012,False,None,0.000,False
1398.784,6,en_route_delivery,-2.736,-2.776,0.000,-3.500,joint_grid_transaction,981,981,3,9,120,0.000,1.00,-1.259,False,None,0.000,False
1398.784,7,en_route_delivery,-5.546,3.182,-6.000,-3.500,joint_grid_transaction,981,981,2,2,69,0.000,1.00,-3.121,False,None,0.000,False
1398.784,8,en_route_pickup,-7.679,1.464,-6.000,3.500,joint_grid_transaction,981,981,3,5,57,0.000,1.00,1.953,False,None,0.000,False
1400.832,1,en_route_pickup,-6.492,-2.465,-3.000,-1.500,joint_grid_transaction,983,983,1,2,62,0.000,1.00,1.669,False,joint_window_endpoint,1401.300,False
1400.832,2,en_route_delivery,-0.573,3.008,6.000,3.500,joint_grid_transaction,983,983,3,9,58,0.000,1.00,-0.099,False,None,0.000,False
1400.832,3,en_route_pickup,-2.077,-2.019,-3.000,-1.500,joint_grid_transaction,983,983,2,7,65,0.000,1.00,-3.061,False,None,0.000,False
1400.832,4,en_route_pickup,7.785,-1.354,6.000,3.500,joint_grid_transaction,983,983,3,9,63,0.000,1.00,-1.684,False,None,0.000,False
1400.832,5,en_route_pickup,0.688,-3.038,1.000,-1.500,joint_grid_transaction,983,983,3,9,64,0.000,1.00,0.114,False,None,0.000,False
1400.832,6,en_route_delivery,-2.545,-2.875,0.000,-3.500,joint_grid_transaction,983,983,3,9,120,0.000,1.00,-0.528,False,None,0.000,False
1400.832,7,en_route_delivery,-5.778,3.196,-6.000,-3.500,joint_grid_transaction,983,983,3,9,69,0.000,1.00,2.711,False,None,0.000,False
1400.832,8,en_route_pickup,-7.508,1.505,-6.000,3.500,joint_grid_transaction,983,983,1,8,57,0.000,1.00,0.165,False,None,0.000,False
1402.880,1,en_route_pickup,-6.462,-2.450,-3.000,-1.500,_joint_stall_recovery,985,984,2,5,62,0.000,1.00,0.967,False,None,0.000,False
1402.880,2,en_route_delivery,-0.262,2.977,6.000,3.500,joint_grid_transaction,984,984,2,9,58,0.000,1.00,-0.095,False,None,0.000,False
1402.880,3,en_route_pickup,-2.220,-2.030,-3.000,-1.500,joint_grid_transaction,984,984,2,7,65,0.000,1.00,-3.061,False,None,0.000,False
1402.880,4,en_route_pickup,7.760,-1.126,6.000,3.500,joint_grid_transaction,984,984,2,8,63,0.000,1.00,-1.679,False,None,0.000,False
1402.880,5,en_route_pickup,0.862,-2.912,1.000,-1.500,joint_grid_transaction,984,984,3,8,64,0.000,1.00,0.936,False,None,0.000,False
1402.880,6,en_route_delivery,-2.362,-2.956,0.000,-3.500,joint_grid_transaction,984,984,3,9,120,0.000,1.00,-0.247,False,None,0.000,False
1402.880,7,en_route_delivery,-5.832,3.116,-6.000,-3.500,joint_grid_transaction,984,984,3,9,69,0.000,1.00,2.247,False,None,0.000,False
1402.880,8,en_route_pickup,-7.182,1.478,-6.000,3.500,joint_grid_transaction,984,984,3,9,57,0.000,1.00,0.078,False,None,0.000,False
1404.928,1,en_route_pickup,-6.230,-2.252,-3.000,-1.500,_joint_stall_recovery,985,984,3,5,62,0.000,1.00,0.443,False,None,0.000,False
1404.928,2,en_route_delivery,-0.000,2.953,6.000,3.500,joint_grid_transaction,984,984,3,9,58,0.000,1.00,-0.093,False,None,0.000,False
1404.928,3,en_route_pickup,-2.481,-2.051,-3.000,-1.500,joint_grid_transaction,984,984,3,7,65,0.000,1.00,-3.059,False,None,0.000,False
1404.928,4,en_route_pickup,7.727,-0.817,6.000,3.500,joint_grid_transaction,984,984,3,8,63,0.000,1.00,-1.673,False,None,0.000,False
1404.928,5,en_route_pickup,0.977,-2.564,1.000,-1.500,joint_grid_transaction,984,984,4,8,64,0.000,1.00,1.446,False,None,0.000,False
1404.928,6,en_route_delivery,-2.003,-3.001,0.000,-3.500,joint_grid_transaction,984,984,4,9,120,0.000,1.00,-0.087,False,None,0.000,False
1404.928,7,en_route_delivery,-5.972,2.769,-6.000,-3.500,joint_grid_transaction,984,984,4,9,69,0.000,1.00,1.728,False,None,0.000,False
1404.928,8,en_route_pickup,-6.907,1.456,-6.000,3.500,joint_grid_transaction,984,984,4,9,57,0.000,1.00,0.081,False,None,0.000,False
1406.976,1,en_route_pickup,-5.953,-2.206,-3.000,-1.500,joint_grid_transaction,988,988,1,4,62,0.000,1.00,0.413,False,None,0.000,False
1406.976,2,en_route_delivery,0.230,2.936,6.000,3.500,joint_grid_transaction,988,988,1,9,58,0.000,1.00,-0.065,False,None,0.000,False
1406.976,3,en_route_pickup,-2.710,-2.065,-3.000,-1.500,joint_grid_transaction,988,988,1,4,65,0.000,1.00,-3.080,False,None,0.000,False
1406.976,4,en_route_pickup,7.701,-0.557,6.000,3.500,joint_grid_transaction,988,988,1,8,63,0.000,1.00,-1.669,False,None,0.000,False
1406.976,5,en_route_pickup,1.011,-2.226,1.000,-1.500,joint_grid_transaction,988,988,1,4,64,0.000,1.00,1.477,False,None,0.000,False
1406.976,6,en_route_delivery,-1.700,-3.028,0.000,-3.500,joint_grid_transaction,988,988,2,9,120,0.000,1.00,-0.087,False,None,0.000,False
1406.976,7,en_route_delivery,-6.085,2.637,-6.000,-3.500,joint_grid_transaction,988,988,2,9,69,0.000,1.00,2.448,False,joint_slot_deadline,1407.812,False
1406.976,8,en_route_pickup,-6.679,1.441,-6.000,3.500,joint_grid_transaction,988,988,2,9,57,0.000,1.00,0.039,False,None,0.000,False
1409.024,1,en_route_pickup,-6.090,-2.240,-3.000,-1.500,joint_grid_transaction,989,989,2,3,62,0.000,1.00,2.650,False,None,0.000,False
1409.024,2,en_route_delivery,0.478,2.938,6.000,3.500,joint_grid_transaction,989,989,2,9,58,0.000,1.00,-0.028,False,None,0.000,False
1409.024,3,en_route_delivery,-2.797,-2.021,0.000,3.500,joint_grid_transaction,989,989,2,3,65,0.000,1.00,2.438,False,None,0.000,False
1409.024,4,en_route_pickup,7.687,-0.335,6.000,3.500,joint_grid_transaction,989,989,2,7,63,0.000,1.00,-1.630,False,None,0.000,False
1409.024,5,en_route_delivery,1.060,-2.067,6.000,3.500,joint_grid_transaction,989,989,2,9,64,0.000,1.00,0.796,False,None,0.000,False
1409.024,6,en_route_delivery,-1.444,-3.050,0.000,-3.500,joint_grid_transaction,989,989,2,9,120,0.000,1.00,-0.083,False,None,0.000,False
1409.024,7,en_route_delivery,-6.185,2.612,-6.000,-3.500,joint_grid_transaction,989,989,2,9,69,0.000,1.00,-3.018,False,None,0.000,False
1409.024,8,en_route_pickup,-6.463,1.431,-6.000,3.500,joint_grid_transaction,989,989,1,9,57,0.000,1.00,0.011,False,None,0.000,False
1411.072,1,en_route_pickup,-5.962,-2.239,-3.000,-1.500,joint_grid_transaction,990,990,2,9,62,0.000,1.00,0.491,False,None,0.000,False
1411.072,2,en_route_delivery,0.832,2.973,6.000,3.500,joint_grid_transaction,990,990,3,9,58,0.000,1.00,-0.111,False,None,0.000,False
1411.072,3,en_route_delivery,-3.086,-1.993,0.000,3.500,joint_grid_transaction,990,990,3,9,65,0.000,1.00,3.064,False,None,0.000,False
1411.072,4,en_route_pickup,7.687,-0.099,6.000,3.500,joint_grid_transaction,990,990,2,6,63,0.000,1.00,-1.533,False,None,0.000,False
1411.072,5,en_route_delivery,1.360,-2.017,6.000,3.500,joint_grid_transaction,990,990,3,9,64,0.000,1.00,0.115,False,None,0.000,False
1411.072,6,en_route_delivery,-1.227,-3.065,0.000,-3.500,joint_grid_transaction,990,990,2,9,120,0.000,1.00,-0.021,False,None,0.000,False
1411.072,7,en_route_delivery,-6.473,2.556,-6.000,-3.500,joint_grid_transaction,990,990,2,9,69,0.000,1.00,2.942,False,None,0.000,False
1411.072,8,en_route_pickup,-6.231,1.461,-6.000,3.500,joint_grid_transaction,990,990,3,9,57,0.000,1.00,0.543,False,None,0.000,False
1413.120,1,en_route_pickup,-5.671,-2.269,-3.000,-1.500,joint_grid_transaction,991,991,3,9,62,0.000,1.00,0.076,False,None,0.000,False
1413.120,2,en_route_delivery,1.080,2.998,6.000,3.500,joint_grid_transaction,991,991,2,8,58,0.000,1.00,-0.101,False,None,0.000,False
1413.120,3,en_route_delivery,-3.326,-1.974,0.000,3.500,joint_grid_transaction,991,991,2,8,65,0.000,1.00,3.058,False,None,0.000,False
1413.120,4,en_route_pickup,7.723,0.258,6.000,3.500,joint_grid_transaction,991,991,2,5,63,0.000,1.00,-1.460,False,None,0.000,False
1413.120,5,en_route_delivery,1.579,-1.997,6.000,3.500,joint_grid_transaction,991,991,2,8,64,0.000,1.00,0.095,False,None,0.000,False
1413.120,6,en_route_delivery,-0.964,-3.062,0.000,-3.500,joint_grid_transaction,991,991,2,8,120,0.000,1.00,-0.018,False,None,0.000,False
1413.120,7,en_route_delivery,-6.647,2.430,-6.000,-3.500,joint_grid_transaction,991,991,3,9,69,0.000,1.00,2.418,False,None,0.000,False
1413.120,8,en_route_pickup,-6.124,1.594,-6.000,3.500,joint_grid_transaction,991,991,3,9,57,0.000,1.00,1.005,False,None,0.000,False
1415.168,1,en_route_pickup,-5.389,-2.291,-3.000,-1.500,joint_grid_transaction,992,992,2,9,62,0.000,1.00,0.080,False,None,0.000,False
1415.168,2,en_route_delivery,1.381,3.028,6.000,3.500,joint_grid_transaction,992,992,2,9,58,0.000,1.00,-0.096,False,None,0.000,False
1415.168,3,en_route_delivery,-3.590,-1.952,0.000,3.500,joint_grid_transaction,992,992,2,9,65,0.000,1.00,3.057,False,None,0.000,False
1415.168,4,en_route_pickup,7.757,0.598,6.000,3.500,joint_grid_transaction,992,992,2,3,63,0.000,1.00,-1.474,False,None,0.000,False
1415.168,5,en_route_delivery,1.875,-1.969,6.000,3.500,joint_grid_transaction,992,992,2,9,64,0.000,1.00,0.092,False,None,0.000,False
1415.168,6,en_route_delivery,-0.620,-3.034,0.000,-3.500,joint_grid_transaction,992,992,2,6,120,0.000,1.00,-0.109,False,None,0.000,False
1415.168,7,en_route_delivery,-6.864,2.232,-6.000,-3.500,joint_grid_transaction,992,992,2,9,69,0.000,1.00,2.219,False,None,0.000,False
1415.168,8,en_route_pickup,-6.018,1.954,-6.000,3.500,joint_grid_transaction,992,992,2,8,57,0.000,1.00,1.463,False,None,0.000,False
1417.216,1,en_route_pickup,-5.211,-2.304,-3.000,-1.500,joint_grid_transaction,992,992,4,9,62,0.000,1.00,0.047,False,joint_slot_deadline,1418.180,False
1417.216,2,en_route_delivery,1.635,3.052,6.000,3.500,joint_grid_transaction,992,992,3,9,58,0.000,1.00,-0.095,False,None,0.000,False
1417.216,3,en_route_delivery,-3.806,-1.938,0.000,3.500,joint_grid_transaction,992,992,3,9,65,0.000,1.00,3.127,False,None,0.000,False
1417.216,4,en_route_pickup,7.775,0.782,6.000,3.500,joint_grid_transaction,992,992,2,3,63,0.000,1.00,-1.476,False,joint_window_endpoint,1417.620,False
1417.216,5,en_route_delivery,2.127,-1.946,6.000,3.500,joint_grid_transaction,992,992,3,9,64,0.000,1.00,0.092,False,None,0.000,False
1417.216,6,en_route_delivery,-0.270,-2.998,3.000,-1.500,joint_grid_transaction,992,992,3,2,127,0.000,1.00,-0.099,False,None,0.000,False
1417.216,7,en_route_delivery,-6.879,2.166,-6.000,-3.500,joint_grid_transaction,992,992,4,9,69,0.000,0.70,1.830,False,None,0.000,False
1417.216,8,en_route_pickup,-5.988,2.250,-6.000,3.500,joint_grid_transaction,992,992,3,8,57,0.000,1.00,1.472,False,None,0.000,False
1419.264,1,en_route_pickup,-5.209,-2.304,-3.000,-1.500,joint_grid_transaction,995,995,2,9,62,0.000,1.00,0.034,False,joint_slot_deadline,1420.292,False
1419.264,2,en_route_delivery,1.849,3.063,6.000,3.500,joint_grid_transaction,995,995,2,9,58,0.000,1.00,-0.011,False,None,0.000,False
1419.264,3,en_route_delivery,-4.031,-1.935,0.000,3.500,joint_grid_transaction,995,995,1,9,65,0.000,1.00,3.127,False,None,0.000,False
1419.264,4,en_route_pickup,7.776,0.784,6.000,3.500,joint_grid_transaction,995,995,1,2,63,0.000,1.00,-1.474,False,joint_window_endpoint,1419.700,False
1419.264,5,en_route_delivery,2.337,-1.936,6.000,3.500,joint_grid_transaction,995,995,2,9,64,0.000,1.00,0.002,False,None,0.000,False
1419.264,6,en_route_delivery,0.023,-2.970,3.000,-1.500,joint_grid_transaction,995,995,1,9,127,0.000,1.00,-0.094,False,None,0.000,False
1419.264,7,en_route_delivery,-6.867,2.184,-6.000,-3.500,joint_grid_transaction,995,995,1,8,69,0.000,1.00,1.039,False,joint_slot_deadline,1420.292,False
1419.264,8,en_route_pickup,-5.961,2.526,-6.000,3.500,joint_grid_transaction,995,995,1,5,57,0.000,1.00,1.476,False,None,0.000,False
1421.312,1,en_route_pickup,-5.208,-2.304,-3.000,-1.500,joint_grid_transaction,995,995,3,9,62,0.000,1.00,0.034,False,joint_slot_deadline,1421.492,False
1421.312,2,en_route_delivery,2.095,3.065,6.000,3.500,joint_grid_transaction,995,995,3,9,58,0.000,1.00,-0.015,False,None,0.000,False
1421.312,3,en_route_delivery,-4.118,-1.796,0.000,3.500,joint_grid_transaction,995,995,3,9,65,0.000,1.00,2.120,False,None,0.000,False
1421.312,4,en_route_pickup,7.776,0.784,6.000,3.500,joint_grid_transaction,995,995,1,2,63,0.000,1.00,-1.474,False,joint_window_endpoint,1421.780,False
1421.312,5,en_route_delivery,2.615,-1.940,6.000,3.500,joint_grid_transaction,995,995,3,9,64,0.000,1.00,0.027,False,None,0.000,False
1421.312,6,en_route_delivery,0.268,-2.947,3.000,-1.500,joint_grid_transaction,995,995,2,9,127,0.000,1.00,-0.078,False,None,0.000,False
1421.312,7,en_route_delivery,-6.765,2.138,-6.000,-3.500,joint_grid_transaction,995,995,2,8,69,0.000,1.00,0.598,False,None,0.000,False
1421.312,8,en_route_pickup,-5.943,2.730,-6.000,3.500,joint_grid_transaction,995,995,2,5,57,0.000,0.70,1.505,False,None,0.000,False
1423.360,1,en_route_pickup,-5.126,-2.190,-3.000,-1.500,joint_grid_transaction,996,996,2,9,62,0.000,1.00,0.886,False,None,0.000,False
1423.360,2,en_route_delivery,2.387,3.041,6.000,3.500,joint_grid_transaction,996,996,3,9,58,0.000,1.00,-0.109,False,None,0.000,False
1423.360,3,en_route_delivery,-4.203,-1.611,0.000,3.500,joint_grid_transaction,996,996,3,9,65,0.000,1.00,1.831,False,None,0.000,False
1423.360,4,en_route_pickup,7.776,0.785,6.000,3.500,joint_grid_transaction,996,996,1,2,63,0.000,1.00,-1.473,False,joint_window_endpoint,1423.700,False
1423.360,5,en_route_delivery,2.885,-1.965,6.000,3.500,joint_grid_transaction,996,996,3,9,64,0.000,1.00,0.109,False,None,0.000,False
1423.360,6,en_route_delivery,0.496,-2.934,3.000,-1.500,joint_grid_transaction,996,996,2,9,127,0.000,1.00,-0.046,False,None,0.000,False
1423.360,7,en_route_delivery,-6.609,2.060,-6.000,-3.500,joint_grid_transaction,996,996,2,8,69,0.000,1.00,0.303,False,None,0.000,False
1423.360,8,en_route_pickup,-5.937,2.889,-6.000,3.500,joint_grid_transaction,996,996,2,4,57,0.000,1.00,1.533,False,None,0.000,False
1425.408,1,en_route_pickup,-5.057,-2.227,-3.000,-1.500,joint_grid_transaction,998,998,1,9,62,0.000,1.00,0.219,False,None,0.000,False
1425.408,2,en_route_delivery,2.747,3.003,6.000,3.500,joint_grid_transaction,998,998,2,9,58,0.000,1.00,-0.099,False,None,0.000,False
1425.408,3,en_route_delivery,-4.251,-1.252,0.000,3.500,joint_grid_transaction,998,998,2,9,65,0.000,1.00,1.658,False,None,0.000,False
1425.408,4,en_route_pickup,7.788,0.899,6.000,3.500,_joint_stall_recovery,999,998,1,5,63,0.000,1.00,-1.469,False,None,0.000,False
1425.408,5,en_route_delivery,3.237,-2.001,6.000,3.500,joint_grid_transaction,998,998,2,9,64,0.000,1.00,0.098,False,None,0.000,False
1425.408,6,en_route_delivery,0.768,-2.945,3.000,-1.500,joint_grid_transaction,998,998,2,9,127,0.000,1.00,-0.074,False,None,0.000,False
1425.408,7,en_route_delivery,-6.246,2.004,-6.000,-3.500,joint_grid_transaction,998,998,2,9,69,0.000,1.00,0.090,False,None,0.000,False
1425.408,8,en_route_delivery,-5.844,2.917,6.000,-3.500,joint_grid_transaction,998,998,2,9,57,0.000,1.00,0.456,False,None,0.000,False
1427.456,1,en_route_pickup,-4.762,-2.205,-3.000,-1.500,joint_grid_transaction,1001,1001,1,9,62,0.000,1.00,0.061,False,None,0.000,False
1427.456,2,en_route_delivery,3.049,2.974,6.000,3.500,joint_grid_transaction,1001,1001,2,9,58,0.000,1.00,-0.096,False,None,0.000,False
1427.456,3,en_route_delivery,-4.277,-0.948,0.000,3.500,joint_grid_transaction,1001,1001,2,9,65,0.000,1.00,1.658,False,None,0.000,False
1427.456,4,en_route_pickup,7.699,1.075,6.000,3.500,_joint_stall_recovery,999,998,2,5,63,0.000,1.00,-2.119,False,None,0.000,False
1427.456,5,en_route_delivery,3.531,-2.030,6.000,3.500,joint_grid_transaction,1001,1001,1,9,64,0.000,1.00,0.094,False,None,0.000,False
1427.456,6,en_route_delivery,1.138,-2.985,3.000,-1.500,joint_grid_transaction,1001,1001,2,9,127,0.000,1.00,-0.100,False,None,0.000,False
1427.456,7,en_route_delivery,-6.140,1.885,-6.000,-3.500,joint_grid_transaction,1001,1001,1,8,69,0.000,1.00,0.955,False,joint_slot_deadline,1428.372,False
1427.456,8,en_route_delivery,-5.481,2.994,6.000,-3.500,joint_grid_transaction,1001,1001,1,8,57,0.000,1.00,0.091,False,None,0.000,False
1429.504,1,en_route_pickup,-4.516,-2.189,-3.000,-1.500,joint_grid_transaction,1001,1001,2,9,62,0.000,1.00,0.069,False,None,0.000,False
1429.504,2,en_route_delivery,3.298,2.951,6.000,3.500,joint_grid_transaction,1001,1001,3,9,58,0.000,1.00,-0.079,False,None,0.000,False
1429.504,3,en_route_delivery,-4.299,-0.690,0.000,3.500,joint_grid_transaction,1001,1001,3,9,65,0.000,1.00,1.654,False,None,0.000,False
1429.504,4,en_route_pickup,7.489,1.395,6.000,3.500,_joint_stall_recovery,999,998,2,5,63,0.000,1.00,-2.163,False,None,0.000,False
1429.504,5,en_route_delivery,3.775,-2.052,6.000,3.500,joint_grid_transaction,1001,1001,2,9,64,0.000,1.00,0.071,False,None,0.000,False
1429.504,6,en_route_delivery,1.447,-3.016,3.000,-1.500,joint_grid_transaction,1001,1001,3,9,127,0.000,1.00,-0.102,False,None,0.000,False
1429.504,7,en_route_delivery,-6.057,1.711,-6.000,-3.500,joint_grid_transaction,1001,1001,2,8,69,0.000,1.00,1.242,False,None,0.000,False
1429.504,8,en_route_delivery,-5.297,3.012,6.000,-3.500,joint_grid_transaction,1001,1001,2,8,57,0.000,1.00,0.095,False,None,0.000,False
1431.552,1,en_route_pickup,-4.277,-2.185,-3.000,-1.500,joint_grid_transaction,1002,1002,1,8,62,0.000,1.00,0.019,False,None,0.000,False
1431.552,2,en_route_delivery,3.520,2.935,6.000,3.500,joint_grid_transaction,1002,1002,1,9,58,0.000,1.00,-0.025,False,None,0.000,False
1431.552,3,en_route_delivery,-4.314,-0.474,0.000,3.500,joint_grid_transaction,1002,1002,1,9,65,0.000,1.00,1.588,False,None,0.000,False
1431.552,4,en_route_pickup,7.379,1.659,6.000,3.500,joint_grid_transaction,1002,1002,1,4,63,0.000,1.00,-1.246,False,None,0.000,False
1431.552,5,en_route_delivery,4.005,-2.065,6.000,3.500,joint_grid_transaction,1002,1002,1,9,64,0.000,1.00,0.036,False,None,0.000,False
1431.552,6,en_route_delivery,1.718,-3.043,3.000,-1.500,joint_grid_transaction,1002,1002,1,8,127,0.000,1.00,-0.098,False,None,0.000,False
1431.552,7,en_route_delivery,-6.003,1.370,-6.000,-3.500,joint_grid_transaction,1002,1002,2,9,69,0.000,1.00,1.477,False,None,0.000,False
1431.552,8,en_route_delivery,-5.016,3.038,6.000,-3.500,joint_grid_transaction,1002,1002,1,8,57,0.000,1.00,0.093,False,None,0.000,False
1433.600,1,en_route_pickup,-4.035,-2.188,-3.000,-1.500,joint_grid_transaction,1002,1002,2,8,62,0.000,1.00,0.033,False,None,0.000,False
1433.600,2,en_route_delivery,3.774,2.935,6.000,3.500,joint_grid_transaction,1002,1002,2,9,58,0.000,1.00,-0.005,False,None,0.000,False
1433.600,3,en_route_delivery,-4.312,-0.210,0.000,3.500,joint_grid_transaction,1002,1002,2,9,65,0.000,1.00,1.554,False,None,0.000,False
1433.600,4,en_route_pickup,7.535,1.578,6.000,3.500,joint_grid_transaction,1002,1002,1,4,63,0.000,1.00,-0.046,False,None,0.000,False
1433.600,5,en_route_delivery,4.271,-2.059,6.000,3.500,joint_grid_transaction,1002,1002,2,9,64,0.000,1.00,0.044,False,None,0.000,False
1433.600,6,en_route_delivery,1.933,-3.061,3.000,-1.500,joint_grid_transaction,1002,1002,2,8,127,0.000,1.00,-0.080,False,None,0.000,False
1433.600,7,en_route_delivery,-5.974,1.062,-6.000,-3.500,joint_grid_transaction,1002,1002,3,9,69,0.000,1.00,1.480,False,None,0.000,False
1433.600,8,en_route_delivery,-4.819,3.057,6.000,-3.500,joint_grid_transaction,1002,1002,2,8,57,0.000,1.00,0.094,False,None,0.000,False
1435.648,1,en_route_pickup,-3.678,-2.225,-3.000,-1.500,joint_grid_transaction,1003,1003,2,7,62,0.000,1.00,0.110,False,None,0.000,False
1435.648,2,en_route_delivery,4.071,2.948,6.000,3.500,joint_grid_transaction,1003,1003,2,9,58,0.000,1.00,-0.083,False,None,0.000,False
1435.648,3,en_route_delivery,-4.285,0.131,0.000,3.500,joint_grid_transaction,1003,1003,2,9,65,0.000,1.00,1.461,False,None,0.000,False
1435.648,4,en_route_pickup,7.632,1.434,6.000,3.500,joint_grid_transaction,1003,1003,2,4,63,0.000,1.00,-0.907,False,joint_slot_deadline,1436.372,False
1435.648,5,en_route_delivery,4.517,-2.017,6.000,3.500,joint_grid_transaction,1003,1003,2,9,64,0.000,1.00,0.576,False,None,0.000,False
1435.648,6,en_route_delivery,2.163,-3.064,3.000,-1.500,joint_grid_transaction,1003,1003,2,9,127,0.000,1.00,-0.022,False,None,0.000,False
1435.648,7,en_route_delivery,-5.951,0.800,-6.000,-3.500,joint_grid_transaction,1003,1003,2,9,69,0.000,1.00,1.488,False,None,0.000,False
1435.648,8,en_route_delivery,-4.597,3.064,6.000,-3.500,joint_grid_transaction,1003,1003,2,9,57,0.000,1.00,0.005,False,None,0.000,False
1437.696,1,en_route_pickup,-3.336,-2.258,-3.000,-1.500,joint_grid_transaction,1003,1003,3,7,62,0.000,1.00,0.093,False,None,0.000,False
1437.696,2,en_route_delivery,4.442,2.988,6.000,3.500,joint_grid_transaction,1003,1003,3,9,58,0.000,1.00,-0.098,False,None,0.000,False
1437.696,3,en_route_delivery,-4.249,0.482,0.000,3.500,joint_grid_transaction,1003,1003,3,9,65,0.000,1.00,1.472,False,None,0.000,False
1437.696,4,en_route_pickup,7.701,1.237,6.000,3.500,joint_grid_transaction,1003,1003,3,4,63,0.000,1.00,-1.307,False,None,0.000,False
1437.696,5,en_route_delivery,4.692,-1.740,6.000,3.500,joint_grid_transaction,1003,1003,3,9,64,0.000,1.00,1.265,False,None,0.000,False
1437.696,6,en_route_delivery,2.506,-3.033,3.000,-1.500,joint_grid_transaction,1003,1003,3,9,127,0.000,1.00,-0.124,False,None,0.000,False
1437.696,7,en_route_delivery,-5.937,0.569,-6.000,-3.500,joint_grid_transaction,1003,1003,3,9,69,0.000,1.00,1.510,False,None,0.000,False
1437.696,8,en_route_delivery,-4.337,3.064,6.000,-3.500,joint_grid_transaction,1003,1003,3,9,57,0.000,1.00,0.009,False,None,0.000,False
1439.744,1,en_route_pickup,-3.156,-2.190,-3.000,-1.500,joint_grid_transaction,1004,1004,2,5,62,0.000,1.00,0.762,False,None,0.000,False
1439.744,2,en_route_delivery,4.761,3.018,6.000,3.500,joint_grid_transaction,1004,1004,2,9,58,0.000,1.00,-0.094,False,None,0.000,False
1439.744,3,en_route_delivery,-4.220,0.777,0.000,3.500,joint_grid_transaction,1004,1004,2,13,65,0.000,1.00,1.477,False,None,0.000,False
1439.744,4,en_route_pickup,7.708,1.213,6.000,3.500,joint_grid_transaction,1004,1004,1,2,63,0.000,1.00,-1.318,False,joint_window_endpoint,1440.180,False
1439.744,5,en_route_delivery,4.740,-1.468,6.000,3.500,joint_grid_transaction,1004,1004,2,9,64,0.000,1.00,1.473,False,joint_slot_deadline,1439.812,False
1439.744,6,en_route_delivery,2.782,-3.004,3.000,-1.500,joint_grid_transaction,1004,1004,2,9,127,0.000,1.00,-0.102,False,joint_slot_deadline,1439.812,False
1439.744,7,en_route_delivery,-5.938,0.328,-6.000,-3.500,joint_grid_transaction,1004,1004,2,13,69,0.000,1.00,1.613,False,None,0.000,False
1439.744,8,en_route_delivery,-4.022,3.046,6.000,-3.500,joint_grid_transaction,1004,1004,2,13,57,0.000,1.00,0.111,False,None,0.000,False
1441.792,1,en_route_pickup,-3.106,-2.092,-3.000,-1.500,joint_grid_transaction,1005,1005,1,4,62,0.000,1.00,1.106,False,joint_slot_deadline,1441.780,False
1441.792,2,en_route_delivery,5.028,3.043,6.000,3.500,joint_grid_transaction,1005,1005,2,8,58,0.000,1.00,-0.090,False,None,0.000,False
1441.792,3,en_route_delivery,-4.198,1.019,0.000,3.500,joint_grid_transaction,1005,1005,2,9,65,0.000,1.00,1.494,False,None,0.000,False
1441.792,4,en_route_pickup,7.708,1.212,6.000,3.500,joint_grid_transaction,1005,1005,1,2,63,0.000,1.00,-1.315,False,joint_window_endpoint,1442.260,False
1441.792,5,en_route_delivery,4.765,-1.218,6.000,3.500,joint_grid_transaction,1005,1005,2,8,64,0.000,1.00,1.473,False,joint_slot_deadline,1441.780,False
1441.792,6,en_route_delivery,2.861,-2.919,3.000,-1.500,joint_grid_transaction,1005,1005,2,8,127,0.000,1.00,-0.755,False,joint_slot_deadline,1441.780,False
1441.792,7,en_route_delivery,-5.976,-0.031,-6.000,-3.500,joint_grid_transaction,1005,1005,2,9,69,0.000,1.00,1.681,False,None,0.000,False
1441.792,8,en_route_delivery,-3.719,3.011,6.000,-3.500,joint_grid_transaction,1005,1005,2,9,57,0.000,1.00,0.104,False,joint_slot_deadline,1441.780,False
1443.840,1,en_route_delivery,-2.926,-2.023,0.000,-3.500,joint_grid_transaction,1007,1007,2,9,62,0.000,1.00,0.272,False,None,0.000,False
1443.840,2,en_route_delivery,5.257,3.061,6.000,3.500,joint_grid_transaction,1007,1007,1,6,58,0.000,1.00,-0.052,False,None,0.000,False
1443.840,3,en_route_delivery,-4.185,1.249,0.000,3.500,joint_grid_transaction,1007,1007,1,9,65,0.000,1.00,1.524,False,None,0.000,False
1443.840,4,en_route_pickup,7.709,1.210,6.000,3.500,joint_grid_transaction,1007,1007,1,2,63,0.000,1.00,-1.308,False,joint_window_endpoint,1444.180,False
1443.840,5,en_route_delivery,4.792,-0.953,6.000,3.500,joint_grid_transaction,1007,1007,1,6,64,0.000,1.00,1.471,False,None,0.000,False
1443.840,6,en_route_delivery,2.892,-2.825,3.000,-1.500,joint_grid_transaction,1007,1007,1,6,127,0.000,1.00,-1.092,False,None,0.000,False
1443.840,7,en_route_delivery,-6.005,-0.316,-6.000,-3.500,joint_grid_transaction,1007,1007,2,9,69,0.000,1.00,1.675,False,None,0.000,False
1443.840,8,en_route_delivery,-3.435,2.980,6.000,-3.500,joint_grid_transaction,1007,1007,2,9,57,0.000,1.00,0.109,False,None,0.000,False
1445.888,1,en_route_delivery,-2.584,-1.985,0.000,-3.500,joint_grid_transaction,1007,1007,3,9,62,0.000,1.00,0.080,False,None,0.000,False
1445.888,2,en_route_delivery,5.498,3.067,6.000,3.500,joint_grid_transaction,1007,1007,2,6,58,0.000,1.00,-0.037,False,None,0.000,False
1445.888,3,en_route_delivery,-4.192,1.514,0.000,3.500,joint_grid_transaction,1007,1007,2,9,65,0.000,1.00,1.618,False,None,0.000,False
1445.888,4,en_route_pickup,7.709,1.210,6.000,3.500,joint_grid_transaction,1007,1007,1,2,63,0.000,1.00,-1.308,False,joint_window_endpoint,1446.260,False
1445.888,5,en_route_delivery,4.811,-0.734,6.000,3.500,joint_grid_transaction,1007,1007,2,6,64,0.000,1.00,1.526,False,None,0.000,False
1445.888,6,en_route_delivery,2.982,-2.520,3.000,-1.500,joint_grid_transaction,1007,1007,2,6,127,0.000,1.00,-1.452,False,None,0.000,False
1445.888,7,en_route_delivery,-6.034,-0.603,-6.000,-3.500,joint_grid_transaction,1007,1007,3,9,69,0.000,1.00,1.671,False,None,0.000,False
1445.888,8,en_route_delivery,-3.180,2.953,6.000,-3.500,joint_grid_transaction,1007,1007,3,9,57,0.000,1.00,0.099,False,None,0.000,False
1447.936,1,en_route_delivery,-2.379,-1.968,0.000,-3.500,joint_grid_transaction,1008,1008,2,8,62,0.000,1.00,0.085,False,None,0.000,False
1447.936,2,returning_to_charge,5.773,3.055,8.500,0.000,joint_grid_transaction,1008,1008,2,2,None,0.000,1.00,-0.077,False,None,0.000,False
1447.936,3,en_route_delivery,-4.214,1.773,0.000,3.500,joint_grid_transaction,1008,1008,3,9,65,0.000,1.00,1.129,False,None,0.000,False
1447.936,4,en_route_pickup,7.628,1.289,6.000,3.500,_joint_stall_recovery,1009,1008,3,6,63,0.000,1.00,-2.953,False,None,0.000,False
1447.936,5,en_route_delivery,4.818,-0.498,6.000,3.500,joint_grid_transaction,1008,1008,2,5,64,0.000,1.00,1.541,False,None,0.000,False
1447.936,6,en_route_delivery,3.013,-2.187,3.000,-1.500,joint_grid_transaction,1008,1008,3,5,127,0.000,1.00,-1.479,False,None,0.000,False
1447.936,7,en_route_delivery,-6.054,-0.841,-6.000,-3.500,joint_grid_transaction,1008,1008,3,9,69,0.000,1.00,1.640,False,None,0.000,False
1447.936,8,en_route_delivery,-2.969,2.937,6.000,-3.500,joint_grid_transaction,1008,1008,2,9,57,0.000,1.00,0.020,False,None,0.000,False
1449.984,1,en_route_delivery,-2.126,-1.946,0.000,-3.500,joint_grid_transaction,1008,1008,3,8,62,0.000,1.00,0.086,False,None,0.000,False
1449.984,2,returning_to_charge,5.879,3.201,8.500,0.000,joint_grid_transaction,1008,1008,4,2,None,0.000,1.00,-1.055,False,None,0.000,False
1449.984,3,en_route_delivery,-3.966,1.929,0.000,3.500,joint_grid_transaction,1008,1008,4,9,65,0.000,1.00,0.380,False,None,0.000,False
1449.984,4,en_route_pickup,7.475,1.470,6.000,3.500,_joint_stall_recovery,1009,1008,3,6,63,0.000,1.00,2.280,False,None,0.000,False
1449.984,5,en_route_delivery,4.803,-0.216,6.000,3.500,joint_grid_transaction,1008,1008,3,5,64,0.000,1.00,1.665,False,None,0.000,False
1449.984,6,en_route_pickup,3.039,-1.906,-6.000,3.500,joint_grid_transaction,1008,1008,4,4,66,0.000,1.00,-1.479,False,None,0.000,False
1449.984,7,en_route_delivery,-6.065,-1.059,-6.000,-3.500,joint_grid_transaction,1008,1008,4,9,69,0.000,1.00,1.568,False,None,0.000,False
1449.984,8,en_route_delivery,-2.723,2.934,6.000,-3.500,joint_grid_transaction,1008,1008,3,9,57,0.000,1.00,0.010,False,None,0.000,False
1452.032,1,en_route_delivery,-1.911,-1.936,0.000,-3.500,joint_grid_transaction,1014,1014,2,9,62,0.000,1.00,0.004,False,None,0.000,False
1452.032,2,returning_to_charge,6.074,3.250,8.500,0.000,joint_grid_transaction,1014,1014,2,9,None,0.000,1.00,-0.174,False,None,0.000,False
1452.032,3,en_route_delivery,-3.681,1.988,0.000,3.500,joint_grid_transaction,1014,1014,3,9,65,0.000,1.00,0.120,False,None,0.000,False
1452.032,4,en_route_pickup,7.298,1.498,6.000,3.500,joint_grid_transaction,1014,1014,2,9,63,0.000,1.00,2.977,False,None,0.000,False
1452.032,5,en_route_delivery,4.683,-0.181,6.000,3.500,joint_grid_transaction,1014,1014,2,9,64,0.000,1.00,3.028,False,None,0.000,False
1452.032,6,en_route_pickup,2.963,-1.914,-6.000,3.500,joint_grid_transaction,1014,1014,1,9,66,0.000,1.00,-3.140,False,None,0.000,False
1452.032,7,en_route_delivery,-6.055,-1.328,-6.000,-3.500,joint_grid_transaction,1014,1014,3,9,69,0.000,1.00,1.502,False,None,0.000,False
1452.032,8,en_route_delivery,-2.421,2.952,6.000,-3.500,joint_grid_transaction,1014,1014,3,9,57,0.000,1.00,0.107,False,None,0.000,False
1454.080,1,en_route_delivery,-1.653,-1.935,0.000,-3.500,joint_grid_transaction,1014,1014,3,9,62,0.000,1.00,0.006,False,None,0.000,False
1454.080,2,returning_to_charge,6.396,3.277,8.500,0.000,joint_grid_transaction,1014,1014,3,9,None,0.000,1.00,-0.074,False,None,0.000,False
1454.080,3,en_route_delivery,-3.365,2.021,0.000,3.500,joint_grid_transaction,1014,1014,4,9,65,0.000,1.00,0.099,False,None,0.000,False
1454.080,4,en_route_pickup,6.975,1.524,6.000,3.500,joint_grid_transaction,1014,1014,3,9,63,0.000,1.00,3.068,False,None,0.000,False
1454.080,5,en_route_delivery,4.484,-0.172,6.000,3.500,joint_grid_transaction,1014,1014,2,9,64,0.000,1.00,-3.114,False,None,0.000,False
1454.080,6,en_route_pickup,2.617,-1.970,-6.000,3.500,joint_grid_transaction,1014,1014,3,9,66,0.000,1.00,3.016,False,None,0.000,False
1454.080,7,en_route_delivery,-6.015,-1.701,-6.000,-3.500,joint_grid_transaction,1014,1014,4,9,69,0.000,1.00,1.475,False,None,0.000,False
1454.080,8,en_route_delivery,-2.054,2.992,6.000,-3.500,joint_grid_transaction,1014,1014,4,9,57,0.000,1.00,0.100,False,None,0.000,False
1456.128,1,en_route_delivery,-1.352,-1.948,0.000,-3.500,joint_grid_transaction,1015,1015,2,9,62,0.000,1.00,0.080,False,None,0.000,False
1456.128,2,returning_to_charge,6.667,3.297,8.500,0.000,joint_grid_transaction,1015,1015,2,9,None,0.000,1.00,-0.078,False,None,0.000,False
1456.128,3,en_route_delivery,-3.101,2.047,0.000,3.500,joint_grid_transaction,1015,1015,2,9,65,0.000,1.00,0.097,False,None,0.000,False
1456.128,4,en_route_pickup,6.715,1.544,6.000,3.500,joint_grid_transaction,1015,1015,1,8,63,0.000,1.00,3.065,False,None,0.000,False
1456.128,5,en_route_delivery,4.414,-0.145,6.000,3.500,joint_grid_transaction,1015,1015,2,9,64,0.000,1.00,2.638,False,joint_slot_deadline,1456.292,False
1456.128,6,en_route_pickup,2.269,-2.005,-6.000,3.500,joint_grid_transaction,1015,1015,2,9,66,0.000,1.00,3.046,False,None,0.000,False
1456.128,7,en_route_delivery,-5.984,-2.025,-6.000,-3.500,joint_grid_transaction,1015,1015,2,8,69,0.000,1.00,1.479,False,None,0.000,False
1456.128,8,en_route_delivery,-1.743,3.022,6.000,-3.500,joint_grid_transaction,1015,1015,2,9,57,0.000,1.00,0.095,False,None,0.000,False
1458.176,1,en_route_delivery,-0.981,-1.989,0.000,-3.500,joint_grid_transaction,1015,1015,3,9,62,0.000,1.00,0.098,False,None,0.000,False
1458.176,2,returning_to_charge,6.899,3.311,8.500,0.000,joint_grid_transaction,1015,1015,3,9,None,0.000,1.00,-0.059,False,None,0.000,False
1458.176,3,en_route_delivery,-2.880,2.061,0.000,3.500,joint_grid_transaction,1015,1015,3,9,65,0.000,1.00,0.049,False,None,0.000,False
1458.176,4,en_route_pickup,6.500,1.561,6.000,3.500,joint_grid_transaction,1015,1015,2,8,63,0.000,1.00,3.081,False,None,0.000,False
1458.176,5,en_route_delivery,4.317,0.093,6.000,3.500,joint_grid_transaction,1015,1015,4,9,64,0.000,1.00,1.916,False,None,0.000,False
1458.176,6,en_route_pickup,1.980,-2.033,-6.000,3.500,joint_grid_transaction,1015,1015,3,9,66,0.000,1.00,3.049,False,None,0.000,False
1458.176,7,en_route_delivery,-5.960,-2.277,-6.000,-3.500,joint_grid_transaction,1015,1015,3,8,69,0.000,1.00,1.477,False,None,0.000,False
1458.176,8,en_route_delivery,-1.482,3.047,6.000,-3.500,joint_grid_transaction,1015,1015,3,9,57,0.000,1.00,0.092,False,None,0.000,False
1460.224,1,en_route_delivery,-0.718,-2.014,0.000,-3.500,joint_grid_transaction,1016,1016,1,8,62,0.000,1.00,0.094,False,joint_slot_deadline,1460.292,False
1460.224,2,returning_to_charge,7.130,3.314,8.500,0.000,joint_grid_transaction,1016,1016,2,9,None,0.000,1.00,-0.031,False,None,0.000,False
1460.224,3,en_route_delivery,-2.657,2.066,0.000,3.500,joint_grid_transaction,1016,1016,2,9,65,0.000,1.00,0.026,False,None,0.000,False
1460.224,4,en_route_pickup,6.257,1.564,6.000,3.500,joint_grid_transaction,1016,1016,2,9,63,0.000,1.00,3.127,False,None,0.000,False
1460.224,5,en_route_delivery,4.256,0.458,6.000,3.500,joint_grid_transaction,1016,1016,2,9,64,0.000,1.00,1.660,False,None,0.000,False
1460.224,6,en_route_pickup,1.734,-2.054,-6.000,3.500,joint_grid_transaction,1016,1016,2,9,66,0.000,1.00,3.068,False,None,0.000,False
1460.224,7,en_route_delivery,-5.940,-2.507,-6.000,-3.500,joint_grid_transaction,1016,1016,2,6,69,0.000,1.00,1.518,False,None,0.000,False
1460.224,8,en_route_delivery,-1.252,3.063,6.000,-3.500,joint_grid_transaction,1016,1016,2,9,57,0.000,1.00,0.057,False,None,0.000,False
1462.272,1,en_route_delivery,-0.458,-2.039,0.000,-3.500,joint_grid_transaction,1016,1016,3,8,62,0.000,1.00,0.098,False,None,0.000,False
1462.272,2,returning_to_charge,7.482,3.280,8.500,0.000,joint_grid_transaction,1016,1016,3,9,None,0.000,1.00,-0.111,False,None,0.000,False
1462.272,3,en_route_delivery,-2.309,2.033,0.000,3.500,joint_grid_transaction,1016,1016,3,9,65,0.000,1.00,0.110,False,None,0.000,False
1462.272,4,en_route_pickup,6.155,1.660,6.000,3.500,joint_grid_transaction,1016,1016,4,9,63,0.000,1.00,2.199,False,None,0.000,False
1462.272,5,en_route_delivery,4.228,0.771,6.000,3.500,joint_grid_transaction,1016,1016,3,9,64,0.000,1.00,1.658,False,None,0.000,False
1462.272,6,en_route_pickup,1.506,-2.067,-6.000,3.500,joint_grid_transaction,1016,1016,3,9,66,0.000,1.00,3.096,False,None,0.000,False
1462.272,7,en_route_delivery,-5.932,-2.738,-6.000,-3.500,joint_grid_transaction,1016,1016,3,6,69,0.000,1.00,1.526,False,None,0.000,False
1462.272,8,en_route_delivery,-1.008,3.066,6.000,-3.500,joint_grid_transaction,1016,1016,3,9,57,0.000,1.00,0.014,False,None,0.000,False
1464.320,1,en_route_delivery,-0.240,-2.059,0.000,-3.500,joint_grid_transaction,1018,1017,1,9,62,0.000,1.00,0.066,False,None,0.000,False
1464.320,2,returning_to_charge,7.597,3.196,8.500,0.000,joint_grid_transaction,1018,1017,2,9,None,0.000,1.00,-0.751,False,None,0.000,False
1464.320,3,en_route_delivery,-1.959,1.997,0.000,3.500,joint_grid_transaction,1018,1017,2,9,65,0.000,1.00,0.097,False,None,0.000,False
1464.320,4,en_route_pickup,6.073,1.807,6.000,3.500,joint_grid_transaction,1018,1017,1,8,63,0.000,1.00,1.994,False,joint_slot_deadline,1464.292,False
1464.320,5,en_route_delivery,4.205,1.036,6.000,3.500,joint_grid_transaction,1018,1017,2,9,64,0.000,1.00,1.655,False,None,0.000,False
1464.320,6,en_route_pickup,1.226,-2.052,-6.000,3.500,joint_grid_transaction,1018,1017,2,9,66,0.000,1.00,-3.037,False,None,0.000,False
1464.320,7,en_route_pickup,-5.944,-3.003,0.000,-3.500,joint_grid_transaction,1018,1017,2,9,67,0.000,1.00,1.536,False,None,0.000,False
1464.320,8,en_route_delivery,-0.727,3.054,6.000,-3.500,joint_grid_transaction,1018,1017,2,9,57,0.000,1.00,0.082,False,None,0.000,False
1466.368,1,en_route_delivery,-0.373,-2.042,0.000,-3.500,joint_grid_transaction,1018,1018,2,9,62,0.000,1.00,2.487,False,None,0.000,False
1466.368,2,returning_to_charge,7.658,3.059,8.500,0.000,joint_grid_transaction,1018,1018,3,9,None,0.000,1.00,-1.167,False,None,0.000,False
1466.368,3,en_route_delivery,-1.664,1.969,0.000,3.500,joint_grid_transaction,1018,1018,3,9,65,0.000,1.00,0.095,False,None,0.000,False
1466.368,4,en_route_pickup,6.006,2.171,6.000,3.500,joint_grid_transaction,1018,1018,3,8,63,0.000,1.00,1.658,False,None,0.000,False
1466.368,5,en_route_delivery,4.187,1.262,6.000,3.500,joint_grid_transaction,1018,1018,2,9,64,0.000,1.00,1.615,False,None,0.000,False
1466.368,6,en_route_pickup,0.857,-2.012,-6.000,3.500,joint_grid_transaction,1018,1018,3,9,66,0.000,1.00,-3.043,False,None,0.000,False
1466.368,7,en_route_pickup,-5.725,-2.977,0.000,-3.500,joint_grid_transaction,1018,1018,2,9,67,0.000,1.00,0.189,False,None,0.000,False
1466.368,8,en_route_delivery,-0.357,3.014,6.000,-3.500,joint_grid_transaction,1018,1018,3,9,57,0.000,1.00,0.101,False,None,0.000,False
1468.416,1,en_route_delivery,-0.642,-1.998,0.000,-3.500,joint_grid_transaction,1019,1019,1,9,62,0.000,1.00,2.790,False,None,0.000,False
1468.416,2,returning_to_charge,7.738,2.693,8.500,0.000,joint_grid_transaction,1019,1019,2,9,None,0.000,1.00,-1.474,False,None,0.000,False
1468.416,3,en_route_delivery,-1.420,1.948,0.000,3.500,joint_grid_transaction,1019,1019,2,9,65,0.000,1.00,0.078,False,None,0.000,False
1468.416,4,en_route_pickup,5.978,2.487,6.000,3.500,joint_grid_transaction,1019,1019,1,5,63,0.000,1.00,1.657,False,None,0.000,False
1468.416,5,en_route_delivery,4.183,1.505,6.000,3.500,joint_grid_transaction,1019,1019,1,9,64,0.000,1.00,1.601,False,None,0.000,False
1468.416,6,en_route_pickup,0.576,-1.980,-6.000,3.500,joint_grid_transaction,1019,1019,1,9,66,0.000,1.00,-2.778,False,None,0.000,False
1468.416,7,en_route_pickup,-5.381,-3.011,0.000,-3.500,joint_grid_transaction,1019,1019,2,9,67,0.000,1.00,0.085,False,None,0.000,False
1468.416,8,en_route_delivery,-0.036,2.983,6.000,-3.500,joint_grid_transaction,1019,1019,1,8,57,0.000,1.00,0.096,False,None,0.000,False
1470.464,1,en_route_delivery,-0.502,-1.997,0.000,-3.500,joint_grid_transaction,1019,1019,1,9,62,0.000,1.00,0.472,False,None,0.000,False
1470.464,2,returning_to_charge,7.769,2.373,8.500,0.000,joint_grid_transaction,1019,1019,3,9,None,0.000,1.00,-1.478,False,None,0.000,False
1470.464,3,en_route_delivery,-1.209,1.935,0.000,3.500,joint_grid_transaction,1019,1019,2,9,65,0.000,1.00,0.002,False,None,0.000,False
1470.464,4,en_route_pickup,5.961,2.674,6.000,3.500,joint_grid_transaction,1019,1019,2,5,63,0.000,1.00,1.661,False,None,0.000,False
1470.464,5,en_route_delivery,4.197,1.788,6.000,3.500,joint_grid_transaction,1019,1019,2,9,64,0.000,1.00,1.486,False,None,0.000,False
1470.464,6,en_route_pickup,0.717,-1.980,-6.000,3.500,joint_grid_transaction,1019,1019,1,9,66,0.000,1.00,-0.447,False,None,0.000,False
1470.464,7,en_route_pickup,-5.091,-3.036,0.000,-3.500,joint_grid_transaction,1019,1019,3,9,67,0.000,1.00,0.086,False,None,0.000,False
1470.464,8,en_route_delivery,0.174,2.962,6.000,-3.500,joint_grid_transaction,1019,1019,2,8,57,0.000,1.00,0.098,False,None,0.000,False
1472.512,1,en_route_delivery,-0.215,-1.972,0.000,-3.500,joint_grid_transaction,1020,1020,1,13,62,0.000,1.00,0.065,False,None,0.000,False
1472.512,2,returning_to_charge,7.793,2.102,8.500,0.000,joint_grid_transaction,1020,1020,2,13,None,0.000,1.00,-1.481,False,None,0.000,False
1472.512,3,en_route_delivery,-0.940,1.936,0.000,3.500,joint_grid_transaction,1020,1020,2,11,65,0.000,1.00,0.010,False,None,0.000,False
1472.512,4,en_route_delivery,5.942,2.916,3.000,-1.500,joint_grid_transaction,1020,1020,2,3,63,0.000,1.00,1.644,False,None,0.000,False
1472.512,5,en_route_delivery,4.106,1.888,6.000,3.500,joint_grid_transaction,1020,1020,1,9,64,0.000,1.00,2.273,False,None,0.000,False
1472.512,6,en_route_pickup,0.989,-1.962,-6.000,3.500,joint_grid_transaction,1020,1020,1,12,66,0.000,1.00,-0.061,False,None,0.000,False
1472.512,7,en_route_pickup,-4.843,-3.057,0.000,-3.500,joint_grid_transaction,1020,1020,2,13,67,0.000,1.00,0.078,False,None,0.000,False
1472.512,8,en_route_delivery,0.411,2.942,6.000,-3.500,joint_grid_transaction,1020,1020,2,13,57,0.000,1.00,0.070,False,None,0.000,False
1474.560,1,en_route_delivery,0.056,-1.953,0.000,-3.500,joint_grid_transaction,1021,1021,2,9,62,0.000,1.00,0.073,False,None,0.000,False
1474.560,2,returning_to_charge,7.809,1.872,8.500,0.000,joint_grid_transaction,1021,1021,2,9,None,0.000,1.00,-1.511,False,None,0.000,False
1474.560,3,en_route_delivery,-0.648,1.956,0.000,3.500,joint_grid_transaction,1021,1021,3,9,65,0.000,1.00,0.102,False,None,0.000,False
1474.560,4,en_route_delivery,5.803,2.935,3.000,-1.500,joint_grid_transaction,1021,1021,2,9,63,0.000,1.00,2.781,False,None,0.000,False
1474.560,5,en_route_delivery,4.257,1.919,6.000,3.500,joint_grid_transaction,1021,1021,2,9,64,0.000,1.00,0.465,False,None,0.000,False
1474.560,6,en_route_pickup,1.233,-1.946,-6.000,3.500,joint_grid_transaction,1021,1021,2,9,66,0.000,1.00,-0.070,False,None,0.000,False
1474.560,7,en_route_pickup,-4.619,-3.064,0.000,-3.500,joint_grid_transaction,1021,1021,2,9,67,0.000,1.00,-0.001,False,None,0.000,False
1474.560,8,en_route_delivery,0.639,2.935,6.000,-3.500,joint_grid_transaction,1021,1021,2,9,57,0.000,1.00,0.006,False,None,0.000,False
1476.608,1,en_route_delivery,0.282,-1.938,0.000,-3.500,joint_grid_transaction,1021,1021,3,9,62,0.000,1.00,0.025,False,None,0.000,False
1476.608,2,returning_to_charge,7.816,1.645,8.500,0.000,joint_grid_transaction,1021,1021,3,9,None,0.000,1.00,-1.584,False,None,0.000,False
1476.608,3,en_route_delivery,-0.284,1.994,0.000,3.500,joint_grid_transaction,1021,1021,4,9,65,0.000,1.00,0.099,False,None,0.000,False
1476.608,4,en_route_delivery,5.441,2.997,3.000,-1.500,joint_grid_transaction,1021,1021,4,9,63,0.000,1.00,3.051,False,None,0.000,False
1476.608,5,en_route_delivery,4.619,1.994,6.000,3.500,joint_grid_transaction,1021,1021,4,9,64,0.000,1.00,0.091,False,None,0.000,False
1476.608,6,en_route_pickup,1.464,-1.933,-6.000,3.500,joint_grid_transaction,1021,1021,3,9,66,0.000,1.00,-0.061,False,None,0.000,False
1476.608,7,en_route_pickup,-4.353,-3.064,0.000,-3.500,joint_grid_transaction,1021,1021,3,9,67,0.000,1.00,0.003,False,None,0.000,False
1476.608,8,en_route_delivery,0.896,2.936,6.000,-3.500,joint_grid_transaction,1021,1021,3,9,57,0.000,1.00,0.014,False,None,0.000,False
1478.656,1,en_route_delivery,0.527,-1.934,0.000,-3.500,joint_grid_transaction,1022,1022,2,9,62,0.000,1.00,0.012,False,None,0.000,False
1478.656,2,returning_to_charge,7.796,1.379,8.500,0.000,joint_grid_transaction,1022,1022,3,9,None,0.000,1.00,-1.677,False,None,0.000,False
1478.656,3,en_route_delivery,-0.139,2.119,0.000,3.500,joint_grid_transaction,1022,1022,3,8,65,0.000,1.00,0.979,False,None,0.000,False
1478.656,4,en_route_delivery,5.153,3.024,3.000,-1.500,joint_grid_transaction,1022,1022,3,9,63,0.000,1.00,3.047,False,None,0.000,False
1478.656,5,en_route_delivery,4.848,2.016,6.000,3.500,joint_grid_transaction,1022,1022,2,8,64,0.000,1.00,0.095,False,None,0.000,False
1478.656,6,en_route_pickup,1.720,-1.941,-6.000,3.500,joint_grid_transaction,1022,1022,2,9,66,0.000,1.00,-0.069,False,None,0.000,False
1478.656,7,en_route_pickup,-4.140,-3.060,0.000,-3.500,joint_grid_transaction,1022,1022,2,8,67,0.000,1.00,0.025,False,None,0.000,False
1478.656,8,en_route_delivery,1.119,2.949,6.000,-3.500,joint_grid_transaction,1022,1022,2,8,57,0.000,1.00,0.091,False,None,0.000,False
1480.704,1,en_route_delivery,0.821,-1.947,0.000,-3.500,joint_grid_transaction,1022,1022,4,9,62,0.000,1.00,0.081,False,None,0.000,False
1480.704,2,returning_to_charge,7.756,1.015,8.500,0.000,joint_grid_transaction,1022,1022,4,9,None,0.000,1.00,-1.669,False,None,0.000,False
1480.704,3,en_route_delivery,-0.021,2.476,0.000,3.500,joint_grid_transaction,1022,1022,4,8,65,0.000,1.00,1.448,False,None,0.000,False
1480.704,4,en_route_delivery,4.891,3.048,3.000,-1.500,joint_grid_transaction,1022,1022,4,9,63,0.000,1.00,3.048,False,None,0.000,False
1480.704,5,en_route_delivery,5.124,2.042,6.000,3.500,joint_grid_transaction,1022,1022,3,8,64,0.000,1.00,0.094,False,None,0.000,False
1480.704,6,en_route_pickup,2.087,-1.982,-6.000,3.500,joint_grid_transaction,1022,1022,4,9,66,0.000,1.00,-0.100,False,None,0.000,False
1480.704,7,en_route_pickup,-3.789,-3.029,0.000,-3.500,joint_grid_transaction,1022,1022,3,8,67,0.000,1.00,0.102,False,None,0.000,False
1480.704,8,en_route_delivery,1.490,2.990,6.000,-3.500,joint_grid_transaction,1022,1022,3,8,57,0.000,1.00,0.095,False,None,0.000,False
1482.752,1,en_route_delivery,1.129,-1.983,0.000,-3.500,joint_grid_transaction,1023,1023,3,9,62,0.000,1.00,0.101,False,None,0.000,False
1482.752,2,returning_to_charge,7.727,0.708,8.500,0.000,joint_grid_transaction,1023,1023,3,8,None,0.000,1.00,-1.666,False,None,0.000,False
1482.752,3,en_route_delivery,0.011,2.813,0.000,3.500,joint_grid_transaction,1023,1023,3,5,65,0.000,1.00,1.479,False,None,0.000,False
1482.752,4,en_route_delivery,4.672,3.061,3.000,-1.500,joint_grid_transaction,1023,1023,3,9,63,0.000,1.00,3.120,False,None,0.000,False
1482.752,5,en_route_delivery,5.351,2.058,6.000,3.500,joint_grid_transaction,1023,1023,2,8,64,0.000,1.00,0.059,False,None,0.000,False
1482.752,6,en_route_pickup,2.365,-2.010,-6.000,3.500,joint_grid_transaction,1023,1023,3,9,66,0.000,1.00,-0.103,False,None,0.000,False
1482.752,7,en_route_pickup,-3.441,-2.996,0.000,-3.500,joint_grid_transaction,1023,1023,3,9,67,0.000,1.00,0.094,False,None,0.000,False
1482.752,8,en_route_delivery,1.808,3.019,6.000,-3.500,joint_grid_transaction,1023,1023,3,9,57,0.000,1.00,0.092,False,None,0.000,False
1484.800,1,en_route_delivery,1.459,-2.014,0.000,-3.500,joint_grid_transaction,1024,1024,2,9,62,0.000,1.00,0.092,False,None,0.000,False
1484.800,2,returning_to_charge,7.703,0.450,8.500,0.000,joint_grid_transaction,1024,1024,1,6,None,0.000,1.00,-1.659,False,None,0.000,False
1484.800,3,en_route_pickup,0.076,2.918,1.000,1.500,joint_grid_transaction,1024,1024,2,9,68,0.000,1.00,0.631,False,None,0.000,False
1484.800,4,en_route_delivery,4.459,3.067,3.000,-1.500,joint_grid_transaction,1024,1024,1,9,63,0.000,1.00,-3.038,False,None,0.000,False
1484.800,5,en_route_delivery,5.571,2.066,6.000,3.500,joint_grid_transaction,1024,1024,2,9,64,0.000,1.00,0.018,False,None,0.000,False
1484.800,6,en_route_pickup,2.645,-2.039,-6.000,3.500,joint_grid_transaction,1024,1024,2,9,66,0.000,1.00,-0.099,False,None,0.000,False
1484.800,7,en_route_pickup,-3.147,-2.968,0.000,-3.500,joint_grid_transaction,1024,1024,2,9,67,0.000,1.00,0.093,False,None,0.000,False
1484.800,8,en_route_delivery,2.077,3.044,6.000,-3.500,joint_grid_transaction,1024,1024,2,9,57,0.000,1.00,0.092,False,None,0.000,False
1486.848,1,en_route_delivery,1.738,-2.040,0.000,-3.500,joint_grid_transaction,1024,1024,3,9,62,0.000,1.00,0.090,False,None,0.000,False
1486.848,2,returning_to_charge,7.686,0.232,8.500,0.000,joint_grid_transaction,1024,1024,2,6,None,0.000,1.00,-1.599,False,None,0.000,False
1486.848,3,en_route_pickup,0.405,2.988,1.000,1.500,joint_grid_transaction,1024,1024,3,9,68,0.000,1.00,0.090,False,None,0.000,False
1486.848,4,en_route_delivery,4.346,2.870,3.000,-1.500,joint_grid_transaction,1024,1024,3,9,63,0.000,1.00,-2.002,False,None,0.000,False
1486.848,5,en_route_delivery,5.793,2.066,6.000,3.500,joint_grid_transaction,1024,1024,3,9,64,0.000,1.00,0.481,False,None,0.000,False
1486.848,6,en_route_pickup,2.879,-2.058,-6.000,3.500,joint_grid_transaction,1024,1024,3,9,66,0.000,1.00,-0.070,False,None,0.000,False
1486.848,7,en_route_pickup,-2.901,-2.947,0.000,-3.500,joint_grid_transaction,1024,1024,3,9,67,0.000,1.00,0.077,False,None,0.000,False
1486.848,8,en_route_delivery,2.292,3.060,6.000,-3.500,joint_grid_transaction,1024,1024,2,9,57,0.000,1.00,0.020,False,None,0.000,False
1488.896,1,en_route_delivery,1.794,-1.992,0.000,-3.500,joint_grid_transaction,1025,1025,1,8,62,0.000,1.00,1.051,False,None,0.000,False
1488.896,2,returning_to_charge,7.816,0.118,8.500,0.000,joint_grid_transaction,1025,1025,2,5,None,0.000,1.00,-0.668,False,None,0.000,False
1488.896,3,en_route_pickup,0.730,3.017,1.000,1.500,joint_grid_transaction,1025,1025,2,9,68,0.000,1.00,0.087,False,None,0.000,False
1488.896,4,en_route_delivery,4.262,2.503,3.000,-1.500,joint_grid_transaction,1025,1025,2,9,63,0.000,1.00,-1.666,False,None,0.000,False
1488.896,5,en_route_delivery,5.860,2.165,6.000,3.500,joint_grid_transaction,1025,1025,2,8,64,0.000,1.00,0.965,False,joint_slot_deadline,1489.108,False
1488.896,6,en_route_pickup,2.916,-2.004,-6.000,3.500,joint_grid_transaction,1025,1025,2,9,66,0.000,1.00,-1.071,False,None,0.000,False
1488.896,7,en_route_pickup,-2.686,-2.935,0.000,-3.500,joint_grid_transaction,1025,1025,2,9,67,0.000,1.00,0.002,False,None,0.000,False
1488.896,8,en_route_delivery,2.524,3.068,6.000,-3.500,joint_grid_transaction,1025,1025,1,8,57,0.000,1.00,0.010,False,None,0.000,False
1490.944,1,en_route_delivery,1.654,-2.026,0.000,-3.500,joint_grid_transaction,1025,1025,2,8,62,0.000,1.00,2.890,False,None,0.000,False
1490.944,2,charging,8.106,0.029,8.500,0.000,joint_grid_transaction,1025,1025,4,0,None,0.000,1.00,-0.160,False,None,0.000,False
1490.944,3,en_route_pickup,0.856,2.908,1.000,1.500,joint_grid_transaction,1025,1025,4,9,68,0.000,1.00,0.940,False,None,0.000,False
1490.944,4,en_route_delivery,4.231,2.191,3.000,-1.500,joint_grid_transaction,1025,1025,4,9,63,0.000,1.00,-1.668,False,None,0.000,False
1490.944,5,en_route_delivery,5.963,2.397,6.000,3.500,joint_grid_transaction,1025,1025,4,8,64,0.000,1.00,1.355,False,None,0.000,False
1490.944,6,en_route_pickup,2.753,-2.027,-6.000,3.500,joint_grid_transaction,1025,1025,2,9,66,0.000,1.00,-2.887,False,None,0.000,False
1490.944,7,en_route_pickup,-2.411,-2.939,0.000,-3.500,joint_grid_transaction,1025,1025,3,9,67,0.000,1.00,0.021,False,None,0.000,False
1490.944,8,en_route_delivery,2.830,3.046,6.000,-3.500,joint_grid_transaction,1025,1025,3,8,57,0.000,1.00,0.111,False,None,0.000,False
1492.992,1,en_route_delivery,1.364,-1.991,0.000,-3.500,joint_grid_transaction,1026,1026,3,13,62,0.000,1.00,3.053,False,None,0.000,False
1492.992,2,charging,8.282,0.009,8.500,0.000,joint_grid_transaction,1025,1025,5,0,None,0.000,1.00,-0.095,False,None,0.000,False
1492.992,3,en_route_pickup,0.927,2.773,1.000,1.500,joint_grid_transaction,1026,1026,2,7,68,0.000,1.00,1.212,False,None,0.000,False
1492.992,4,en_route_delivery,4.206,1.924,3.000,-1.500,joint_grid_transaction,1026,1026,3,13,63,0.000,1.00,-1.666,False,None,0.000,False
1492.992,5,en_route_delivery,5.998,2.642,6.000,3.500,joint_grid_transaction,1026,1026,3,6,64,0.000,1.00,1.471,False,None,0.000,False
1492.992,6,en_route_pickup,2.408,-1.988,-6.000,3.500,joint_grid_transaction,1026,1026,3,13,66,0.000,1.00,-3.059,False,None,0.000,False
1492.992,7,en_route_pickup,-2.091,-2.967,0.000,-3.500,joint_grid_transaction,1026,1026,3,13,67,0.000,1.00,0.108,False,None,0.000,False
1492.992,8,en_route_delivery,3.146,3.010,6.000,-3.500,joint_grid_transaction,1026,1026,3,13,57,0.000,1.00,0.107,False,None,0.000,False
1495.040,1,en_route_delivery,1.073,-1.965,0.000,-3.500,joint_grid_transaction,1026,1026,4,13,62,0.000,1.00,3.053,False,None,0.000,False
1495.040,2,charging,8.282,0.009,8.500,0.000,joint_grid_transaction,1025,1025,5,0,None,0.000,1.00,-0.095,False,None,0.000,False
1495.040,3,en_route_pickup,0.992,2.442,1.000,1.500,joint_grid_transaction,1026,1026,4,7,68,0.000,1.00,1.477,False,None,0.000,False
1495.040,4,en_route_delivery,4.189,1.712,3.000,-1.500,joint_grid_transaction,1026,1026,3,13,63,0.000,1.00,-1.588,False,None,0.000,False
1495.040,5,en_route_delivery,6.028,2.944,0.000,3.500,joint_grid_transaction,1026,1026,4,2,73,0.000,1.00,1.475,False,None,0.000,False
1495.040,6,en_route_pickup,2.117,-1.964,-6.000,3.500,joint_grid_transaction,1026,1026,4,13,66,0.000,1.00,-3.057,False,None,0.000,False
1495.040,7,en_route_pickup,-1.743,-3.003,0.000,-3.500,joint_grid_transaction,1026,1026,4,13,67,0.000,1.00,0.098,False,None,0.000,False
1495.040,8,en_route_delivery,3.457,2.978,6.000,-3.500,joint_grid_transaction,1026,1026,4,13,57,0.000,1.00,0.101,False,None,0.000,False
1497.088,1,en_route_delivery,1.127,-2.020,0.000,-3.500,joint_grid_transaction,1028,1028,1,8,62,0.000,1.00,-1.029,False,None,0.000,False
1497.088,2,en_route_pickup,8.282,0.009,6.000,3.500,joint_grid_transaction,1025,1025,5,1,72,0.000,1.00,-0.095,False,None,0.000,False
1497.088,3,en_route_pickup,1.020,2.144,1.000,1.500,joint_grid_transaction,1028,1028,3,5,68,0.000,1.00,1.474,False,None,0.000,False
1497.088,4,en_route_delivery,4.184,1.472,3.000,-1.500,joint_grid_transaction,1028,1028,2,9,63,0.000,1.00,-1.577,False,None,0.000,False
1497.088,5,en_route_delivery,5.905,2.950,0.000,3.500,joint_grid_transaction,1028,1028,2,9,73,0.000,1.00,2.820,False,None,0.000,False
1497.088,6,en_route_pickup,2.170,-2.019,-6.000,3.500,joint_grid_transaction,1028,1028,1,9,66,0.000,1.00,1.027,False,None,0.000,False
1497.088,7,en_route_pickup,-1.450,-3.031,0.000,-3.500,joint_grid_transaction,1028,1028,3,9,67,0.000,1.00,0.096,False,None,0.000,False
1497.088,8,en_route_delivery,3.718,2.952,6.000,-3.500,joint_grid_transaction,1028,1028,2,9,57,0.000,1.00,0.097,False,None,0.000,False
1499.136,1,en_route_delivery,1.398,-2.005,0.000,-3.500,joint_grid_transaction,1031,1031,2,13,62,0.000,1.00,-0.076,False,None,0.000,False
1499.136,2,en_route_pickup,8.198,-0.065,6.000,3.500,joint_grid_transaction,1031,1031,2,13,72,0.000,1.00,-1.255,False,None,0.000,False
1499.136,3,en_route_delivery,0.985,2.074,-6.000,3.500,joint_grid_transaction,1031,1031,1,13,68,0.000,1.00,2.514,False,None,0.000,False
1499.136,4,en_route_delivery,4.193,1.212,3.000,-1.500,joint_grid_transaction,1031,1031,1,12,63,0.000,1.00,-1.509,False,joint_slot_deadline,1499.284,False
1499.136,5,en_route_delivery,5.548,3.002,0.000,3.500,joint_grid_transaction,1031,1031,2,13,73,0.000,1.00,3.053,False,None,0.000,False
1499.136,6,en_route_pickup,2.442,-2.006,-6.000,3.500,joint_grid_transaction,1031,1031,2,13,66,0.000,1.00,0.075,False,None,0.000,False
1499.136,7,en_route_pickup,-1.213,-3.052,0.000,-3.500,joint_grid_transaction,1031,1031,1,8,67,0.000,1.00,0.061,False,None,0.000,False
1499.136,8,en_route_delivery,3.844,2.901,6.000,-3.500,joint_grid_transaction,1031,1031,2,13,57,0.000,1.00,0.608,False,None,0.000,False
1501.184,1,en_route_delivery,1.705,-2.029,0.000,-3.500,joint_grid_transaction,1031,1031,3,13,62,0.000,1.00,-0.078,False,None,0.000,False
1501.184,2,en_route_pickup,8.024,-0.011,6.000,3.500,joint_grid_transaction,1031,1031,2,13,72,0.000,1.00,-3.037,False,None,0.000,False
1501.184,3,en_route_delivery,0.663,2.007,-6.000,3.500,joint_grid_transaction,1031,1031,3,13,68,0.000,1.00,3.052,False,None,0.000,False
1501.184,4,en_route_delivery,4.230,0.868,3.000,-1.500,joint_grid_transaction,1031,1031,3,12,63,0.000,1.00,-1.475,False,None,0.000,False
1501.184,5,en_route_delivery,5.246,3.029,0.000,3.500,joint_grid_transaction,1031,1031,3,13,73,0.000,1.00,3.054,False,None,0.000,False
1501.184,6,en_route_pickup,2.747,-2.029,-6.000,3.500,joint_grid_transaction,1031,1031,3,13,66,0.000,1.00,0.077,False,None,0.000,False
1501.184,7,en_route_pickup,-0.999,-3.066,0.000,-3.500,joint_grid_transaction,1031,1031,2,8,67,0.000,1.00,0.042,False,None,0.000,False
1501.184,8,en_route_delivery,3.944,2.646,6.000,-3.500,joint_grid_transaction,1031,1031,4,13,57,0.000,1.00,1.279,False,None,0.000,False
1503.232,1,en_route_delivery,1.743,-1.964,0.000,-3.500,joint_grid_transaction,1032,1032,1,9,62,0.000,1.00,-1.253,False,None,0.000,False
1503.232,2,en_route_pickup,7.718,-0.031,6.000,3.500,joint_grid_transaction,1032,1032,2,9,72,0.000,1.00,-3.075,False,None,0.000,False
1503.232,3,en_route_delivery,0.345,1.979,-6.000,3.500,joint_grid_transaction,1032,1032,2,9,68,0.000,1.00,3.054,False,None,0.000,False
1503.232,4,en_route_delivery,4.262,0.534,3.000,-1.500,joint_grid_transaction,1032,1032,2,9,63,0.000,1.00,-1.479,False,None,0.000,False
1503.232,5,en_route_delivery,4.991,3.051,0.000,3.500,joint_grid_transaction,1032,1032,2,9,73,0.000,1.00,3.057,False,None,0.000,False
1503.232,6,en_route_pickup,2.788,-1.965,-6.000,3.500,joint_grid_transaction,1032,1032,1,8,66,0.000,1.00,1.253,False,None,0.000,False
1503.232,7,en_route_pickup,-0.717,-3.051,0.000,-3.500,joint_grid_transaction,1032,1032,2,7,67,0.000,1.00,0.102,False,None,0.000,False
1503.232,8,en_route_delivery,4.052,2.411,6.000,-3.500,joint_grid_transaction,1032,1032,2,9,57,0.000,1.00,0.812,False,None,0.000,False
1505.280,1,en_route_delivery,1.567,-2.010,0.000,-3.500,joint_grid_transaction,1032,1032,2,9,62,0.000,1.00,-2.984,False,None,0.000,False
1505.280,2,en_route_pickup,7.466,-0.050,6.000,3.500,joint_grid_transaction,1032,1032,3,9,72,0.000,1.00,-3.067,False,None,0.000,False
1505.280,3,en_route_delivery,0.074,1.955,-6.000,3.500,joint_grid_transaction,1032,1032,3,9,68,0.000,1.00,3.053,False,None,0.000,False
1505.280,4,en_route_delivery,4.288,0.251,3.000,-1.500,joint_grid_transaction,1032,1032,3,9,63,0.000,1.00,-1.481,False,None,0.000,False
1505.280,5,en_route_delivery,4.793,3.063,0.000,3.500,joint_grid_transaction,1032,1032,3,9,73,0.000,0.85,3.079,False,None,0.000,False
1505.280,6,en_route_pickup,2.627,-2.012,-6.000,3.500,joint_grid_transaction,1032,1032,2,8,66,0.000,1.00,2.964,False,None,0.000,False
1505.280,7,en_route_pickup,-0.357,-3.012,0.000,-3.500,joint_grid_transaction,1032,1032,4,7,67,0.000,1.00,0.099,False,None,0.000,False
1505.280,8,en_route_delivery,4.210,2.199,6.000,-3.500,joint_grid_transaction,1032,1032,4,9,57,0.000,1.00,0.818,False,None,0.000,False
1507.328,1,en_route_delivery,1.238,-1.981,0.000,-3.500,joint_grid_transaction,1035,1035,2,9,62,0.000,1.00,-3.061,False,None,0.000,False
1507.328,2,en_route_pickup,7.236,-0.064,6.000,3.500,joint_grid_transaction,1035,1035,2,9,72,0.000,1.00,-3.108,False,None,0.000,False
1507.328,3,en_route_delivery,-0.158,1.939,-6.000,3.500,joint_grid_transaction,1035,1035,2,9,68,0.000,1.00,3.081,False,None,0.000,False
1507.328,4,en_route_delivery,4.308,0.011,3.000,-1.500,joint_grid_transaction,1035,1035,2,9,63,0.000,1.00,-1.490,False,None,0.000,False
1507.328,5,en_route_delivery,4.581,3.064,0.000,3.500,joint_grid_transaction,1035,1035,2,9,73,0.000,1.00,-3.129,False,None,0.000,False
1507.328,6,en_route_pickup,2.466,-1.995,-6.000,3.500,joint_grid_transaction,1035,1035,1,8,66,0.000,1.00,3.060,False,joint_slot_deadline,1507.284,False
1507.328,7,en_route_delivery,-0.308,-2.915,-6.000,3.500,joint_grid_transaction,1035,1035,2,9,67,0.000,1.00,1.548,False,None,0.000,False
1507.328,8,en_route_delivery,4.318,2.115,6.000,-3.500,joint_grid_transaction,1035,1035,1,8,57,0.000,1.00,0.557,False,joint_slot_deadline,1507.284,False
1509.376,1,en_route_delivery,0.964,-1.958,0.000,-3.500,joint_grid_transaction,1036,1036,1,9,62,0.000,1.00,-3.059,False,None,0.000,False
1509.376,2,en_route_pickup,6.974,-0.061,6.000,3.500,joint_grid_transaction,1036,1036,1,9,72,0.000,1.00,3.119,False,None,0.000,False
1509.376,3,en_route_delivery,-0.390,1.936,-6.000,3.500,joint_grid_transaction,1036,1036,2,9,68,0.000,1.00,-3.117,False,None,0.000,False
1509.376,4,en_route_delivery,4.316,-0.218,3.000,-1.500,joint_grid_transaction,1036,1036,1,8,63,0.000,1.00,-1.517,False,None,0.000,False
1509.376,5,en_route_delivery,4.254,3.041,0.000,3.500,joint_grid_transaction,1036,1036,1,8,73,0.000,1.00,-3.012,False,None,0.000,False
1509.376,6,en_route_pickup,2.167,-1.970,-6.000,3.500,joint_grid_transaction,1036,1036,2,9,66,0.000,1.00,3.056,False,None,0.000,False
1509.376,7,en_route_delivery,-0.510,-2.980,-6.000,3.500,joint_grid_transaction,1036,1036,1,9,67,0.000,1.00,3.087,False,None,0.000,False
1509.376,8,en_route_delivery,4.675,2.016,6.000,-3.500,joint_grid_transaction,1036,1036,2,9,57,0.000,1.00,0.111,False,None,0.000,False
1511.424,1,en_route_delivery,0.732,-1.940,0.000,-3.500,joint_grid_transaction,1036,1036,2,9,62,0.000,1.00,-3.095,False,None,0.000,False
1511.424,2,en_route_pickup,6.621,-0.030,6.000,3.500,joint_grid_transaction,1036,1036,3,9,72,0.000,1.00,3.036,False,None,0.000,False
1511.424,3,en_route_delivery,-0.736,1.968,-6.000,3.500,joint_grid_transaction,1036,1036,3,9,68,0.000,1.00,-3.025,False,None,0.000,False
1511.424,4,en_route_delivery,4.310,-0.461,3.000,-1.500,joint_grid_transaction,1036,1036,2,8,63,0.000,1.00,-1.632,False,None,0.000,False
1511.424,5,en_route_delivery,4.020,3.013,0.000,3.500,joint_grid_transaction,1036,1036,2,8,73,0.000,1.00,-3.046,False,None,0.000,False
1511.424,6,en_route_pickup,1.913,-1.948,-6.000,3.500,joint_grid_transaction,1036,1036,3,9,66,0.000,1.00,3.060,False,None,0.000,False
1511.424,7,en_route_delivery,-0.798,-2.962,-6.000,3.500,joint_grid_transaction,1036,1036,3,9,67,0.000,1.00,3.072,False,None,0.000,False
1511.424,8,en_route_delivery,4.848,1.929,6.000,-3.500,joint_grid_transaction,1036,1036,3,9,57,0.000,1.00,0.743,False,None,0.000,False
1513.472,1,en_route_delivery,0.502,-1.931,0.000,-3.500,joint_grid_transaction,1037,1037,1,9,62,0.000,1.00,-3.105,False,None,0.000,False
1513.472,2,en_route_pickup,6.276,0.005,6.000,3.500,joint_grid_transaction,1037,1037,1,8,72,0.000,1.00,3.045,False,None,0.000,False
1513.472,3,en_route_delivery,-1.084,2.004,-6.000,3.500,joint_grid_transaction,1037,1037,2,9,68,0.000,1.00,-3.044,False,None,0.000,False
1513.472,4,en_route_delivery,4.269,-0.828,3.000,-1.500,joint_grid_transaction,1037,1037,2,9,63,0.000,1.00,-1.672,False,None,0.000,False
1513.472,5,en_route_delivery,3.698,2.983,0.000,3.500,joint_grid_transaction,1037,1037,2,9,73,0.000,1.00,-3.049,False,None,0.000,False
1513.472,6,en_route_pickup,1.701,-1.935,-6.000,3.500,joint_grid_transaction,1037,1037,2,9,66,0.000,1.00,3.138,False,None,0.000,False
1513.472,7,en_route_delivery,-1.044,-2.945,-6.000,3.500,joint_grid_transaction,1037,1037,2,9,67,0.000,1.00,3.090,False,None,0.000,False
1513.472,8,en_route_delivery,4.964,1.625,6.000,-3.500,joint_grid_transaction,1037,1037,2,9,57,0.000,1.00,1.377,False,None,0.000,False
1515.520,1,en_route_delivery,0.212,-1.950,0.000,-3.500,joint_grid_transaction,1037,1037,2,9,62,0.000,1.00,3.008,False,None,0.000,False
1515.520,2,en_route_pickup,6.147,0.087,6.000,3.500,joint_grid_transaction,1037,1037,2,8,72,0.000,1.00,2.408,False,None,0.000,False
1515.520,3,en_route_delivery,-1.378,2.032,-6.000,3.500,joint_grid_transaction,1037,1037,3,9,68,0.000,1.00,-3.047,False,None,0.000,False
1515.520,4,en_route_delivery,4.237,-1.157,3.000,-1.500,joint_grid_transaction,1037,1037,3,9,63,0.000,1.00,-1.667,False,None,0.000,False
1515.520,5,en_route_delivery,3.425,2.958,0.000,3.500,joint_grid_transaction,1037,1037,3,9,73,0.000,1.00,-3.049,False,None,0.000,False
1515.520,6,en_route_pickup,1.448,-1.934,-6.000,3.500,joint_grid_transaction,1037,1037,2,9,66,0.000,1.00,-3.135,False,None,0.000,False
1515.520,7,en_route_delivery,-1.270,-2.933,-6.000,3.500,joint_grid_transaction,1037,1037,2,9,67,0.000,1.00,3.130,False,None,0.000,False
1515.520,8,en_route_delivery,5.004,1.273,6.000,-3.500,joint_grid_transaction,1037,1037,3,9,57,0.000,1.00,1.478,False,None,0.000,False
1517.568,1,en_route_delivery,0.124,-2.076,0.000,-3.500,joint_grid_transaction,1038,1038,2,8,62,0.000,1.00,2.215,False,None,0.000,False
1517.568,2,en_route_pickup,6.116,0.178,6.000,3.500,joint_grid_transaction,1038,1038,2,8,72,0.000,1.00,2.074,False,None,0.000,False
1517.568,3,en_route_delivery,-1.626,2.055,-6.000,3.500,joint_grid_transaction,1038,1038,2,9,68,0.000,1.00,-3.053,False,None,0.000,False
1517.568,4,en_route_delivery,4.210,-1.437,3.000,-1.500,joint_grid_transaction,1038,1038,2,9,63,0.000,1.00,-1.665,False,None,0.000,False
1517.568,5,en_route_delivery,3.202,2.941,0.000,3.500,joint_grid_transaction,1038,1038,2,9,73,0.000,1.00,-3.113,False,None,0.000,False
1517.568,6,en_route_pickup,1.165,-1.950,-6.000,3.500,joint_grid_transaction,1038,1038,3,9,66,0.000,1.00,-3.045,False,None,0.000,False
1517.568,7,en_route_delivery,-1.581,-2.955,-6.000,3.500,joint_grid_transaction,1038,1038,3,9,67,0.000,1.00,-3.028,False,None,0.000,False
1517.568,8,en_route_delivery,5.031,0.979,6.000,-3.500,joint_grid_transaction,1038,1038,2,9,57,0.000,1.00,1.481,False,None,0.000,False
1519.616,1,en_route_delivery,0.022,-2.414,0.000,-3.500,joint_grid_transaction,1038,1038,4,8,62,0.000,1.00,1.694,False,None,0.000,False
1519.616,2,en_route_pickup,6.020,0.486,6.000,3.500,joint_grid_transaction,1038,1038,3,8,72,0.000,1.00,1.698,False,None,0.000,False
1519.616,3,en_route_delivery,-1.839,2.065,-6.000,3.500,joint_grid_transaction,1038,1038,3,9,68,0.000,1.00,-3.141,False,None,0.000,False
1519.616,4,en_route_delivery,4.190,-1.675,3.000,-1.500,joint_grid_transaction,1038,1038,3,9,63,0.000,1.00,-1.650,False,None,0.000,False
1519.616,5,en_route_delivery,2.976,2.932,0.000,3.500,joint_grid_transaction,1038,1038,3,9,73,0.000,1.00,-3.134,False,None,0.000,False
1519.616,6,en_route_pickup,0.963,-1.973,-6.000,3.500,joint_grid_transaction,1038,1038,4,9,66,0.000,1.00,-3.019,False,joint_slot_deadline,1519.684,False
1519.616,7,en_route_delivery,-1.946,-2.993,-6.000,3.500,joint_grid_transaction,1038,1038,4,9,67,0.000,1.00,-3.043,False,None,0.000,False
1519.616,8,en_route_delivery,5.053,0.733,6.000,-3.500,joint_grid_transaction,1038,1038,3,9,57,0.000,1.00,1.498,False,None,0.000,False
1521.664,1,en_route_delivery,-0.010,-2.752,0.000,-3.500,joint_grid_transaction,1039,1039,2,5,62,0.000,1.00,1.664,False,None,0.000,False
1521.664,2,en_route_pickup,5.988,0.823,6.000,3.500,joint_grid_transaction,1039,1039,3,13,72,0.000,1.00,1.661,False,None,0.000,False
1521.664,3,en_route_delivery,-2.098,2.058,-6.000,3.500,joint_grid_transaction,1039,1039,3,13,68,0.000,1.00,3.099,False,None,0.000,False
1521.664,4,en_route_delivery,4.155,-1.826,3.000,-1.500,joint_grid_transaction,1039,1039,2,9,63,0.000,1.00,-2.104,False,None,0.000,False
1521.664,5,en_route_delivery,2.655,2.958,0.000,3.500,joint_grid_transaction,1039,1039,3,13,73,0.000,1.00,3.022,False,None,0.000,False
1521.664,6,en_route_pickup,0.664,-2.005,-6.000,3.500,joint_grid_transaction,1039,1039,3,13,66,0.000,1.00,-3.037,False,None,0.000,False
1521.664,7,en_route_delivery,-2.255,-3.023,-6.000,3.500,joint_grid_transaction,1039,1039,2,13,67,0.000,1.00,-3.047,False,None,0.000,False
1521.664,8,en_route_delivery,5.091,0.651,6.000,-3.500,joint_grid_transaction,1039,1039,2,13,57,0.000,0.55,0.951,False,None,0.000,False
1523.712,1,en_route_delivery,-0.024,-2.965,6.000,-3.500,joint_grid_transaction,1041,1041,1,9,111,0.000,1.00,1.075,False,None,0.000,False
1523.712,2,en_route_pickup,5.963,1.109,6.000,3.500,joint_grid_transaction,1041,1041,2,9,72,0.000,1.00,1.660,False,None,0.000,False
1523.712,3,en_route_delivery,-2.461,2.020,-6.000,3.500,joint_grid_transaction,1041,1041,2,9,68,0.000,1.00,3.032,False,None,0.000,False
1523.712,4,en_route_delivery,3.953,-1.922,3.000,-1.500,joint_grid_transaction,1041,1041,1,7,63,0.000,1.00,-2.712,False,joint_slot_deadline,1524.484,False
1523.712,5,en_route_delivery,2.294,2.996,0.000,3.500,joint_grid_transaction,1041,1041,2,9,73,0.000,1.00,3.043,False,None,0.000,False
1523.712,6,en_route_pickup,0.378,-2.035,-6.000,3.500,joint_grid_transaction,1041,1041,2,9,66,0.000,1.00,-3.043,False,None,0.000,False
1523.712,7,en_route_delivery,-2.515,-3.048,-6.000,3.500,joint_grid_transaction,1041,1041,1,9,67,0.000,1.00,-3.050,False,None,0.000,False
1523.712,8,en_route_delivery,5.121,0.670,6.000,-3.500,joint_grid_transaction,1041,1041,1,8,57,0.000,0.55,0.702,False,joint_slot_deadline,1524.484,False
1525.760,1,en_route_delivery,0.230,-2.980,6.000,-3.500,joint_grid_transaction,1041,1041,2,9,111,0.000,1.00,0.142,False,None,0.000,False
1525.760,2,en_route_pickup,5.945,1.335,6.000,3.500,joint_grid_transaction,1041,1041,3,9,72,0.000,0.70,1.624,False,None,0.000,False
1525.760,3,en_route_delivery,-2.726,1.991,-6.000,3.500,joint_grid_transaction,1041,1041,3,9,68,0.000,1.00,3.037,False,None,0.000,False
1525.760,4,en_route_delivery,3.734,-1.978,3.000,-1.500,joint_grid_transaction,1041,1041,2,7,63,0.000,1.00,-3.002,False,None,0.000,False
1525.760,5,en_route_delivery,2.036,3.023,0.000,3.500,joint_grid_transaction,1041,1041,3,9,73,0.000,1.00,3.041,False,None,0.000,False
1525.760,6,en_route_pickup,0.141,-2.055,-6.000,3.500,joint_grid_transaction,1041,1041,3,9,66,0.000,1.00,-3.068,False,None,0.000,False
1525.760,7,en_route_delivery,-2.740,-3.065,-6.000,3.500,joint_grid_transaction,1041,1041,2,9,67,0.000,1.00,-3.089,False,None,0.000,False
1525.760,8,en_route_delivery,5.245,0.594,6.000,-3.500,joint_grid_transaction,1041,1041,2,8,57,0.000,1.00,0.451,False,None,0.000,False
1527.808,1,en_route_delivery,0.568,-3.012,6.000,-3.500,joint_grid_transaction,1042,1042,3,9,111,0.000,1.00,0.089,False,None,0.000,False
1527.808,2,en_route_pickup,5.935,1.515,6.000,3.500,joint_grid_transaction,1042,1042,2,9,72,0.000,1.00,1.601,False,None,0.000,False
1527.808,3,en_route_delivery,-3.005,1.963,-6.000,3.500,joint_grid_transaction,1042,1042,2,9,68,0.000,1.00,3.042,False,None,0.000,False
1527.808,4,en_route_delivery,3.394,-2.011,3.000,-1.500,joint_grid_transaction,1042,1042,3,6,63,0.000,1.00,-3.052,False,None,0.000,False
1527.808,5,en_route_delivery,1.776,3.048,0.000,3.500,joint_grid_transaction,1042,1042,2,9,73,0.000,1.00,3.045,False,None,0.000,False
1527.808,6,en_route_pickup,-0.077,-2.065,-6.000,3.500,joint_grid_transaction,1042,1042,2,8,66,0.000,1.00,3.135,False,None,0.000,False
1527.808,7,en_route_delivery,-2.997,-3.061,-6.000,3.500,joint_grid_transaction,1042,1042,2,9,67,0.000,1.00,3.110,False,None,0.000,False
1527.808,8,en_route_delivery,5.609,0.510,6.000,-3.500,joint_grid_transaction,1042,1042,3,9,57,0.000,1.00,0.091,False,None,0.000,False
1529.856,1,en_route_delivery,0.853,-3.038,6.000,-3.500,joint_grid_transaction,1043,1043,2,9,111,0.000,1.00,0.089,False,None,0.000,False
1529.856,2,en_route_pickup,5.943,1.788,6.000,3.500,joint_grid_transaction,1043,1043,1,8,72,0.000,1.00,1.517,False,None,0.000,False
1529.856,3,en_route_delivery,-3.236,1.940,-6.000,3.500,joint_grid_transaction,1043,1043,1,8,68,0.000,1.00,3.064,False,None,0.000,False
1529.856,4,en_route_pickup,3.107,-2.037,-6.000,-3.500,joint_grid_transaction,1043,1043,2,9,74,0.000,1.00,-3.052,False,None,0.000,False
1529.856,5,en_route_delivery,1.547,3.063,0.000,3.500,joint_grid_transaction,1043,1043,2,9,73,0.000,1.00,3.082,False,None,0.000,False
1529.856,6,en_route_pickup,-0.385,-2.050,-6.000,3.500,joint_grid_transaction,1043,1043,2,9,66,0.000,1.00,3.050,False,None,0.000,False
1529.856,7,en_route_delivery,-3.286,-3.033,-6.000,3.500,joint_grid_transaction,1043,1043,1,8,67,0.000,1.00,3.005,False,joint_slot_deadline,1530.228,False
1529.856,8,en_route_delivery,5.932,0.482,6.000,-3.500,joint_grid_transaction,1043,1043,2,9,57,0.000,1.00,0.088,False,None,0.000,False
1531.904,1,en_route_delivery,1.090,-3.056,6.000,-3.500,joint_grid_transaction,1043,1043,3,9,111,0.000,1.00,0.062,False,None,0.000,False
1531.904,2,en_route_pickup,5.975,2.091,6.000,3.500,joint_grid_transaction,1043,1043,3,8,72,0.000,1.00,1.467,False,None,0.000,False
1531.904,3,en_route_delivery,-3.466,1.934,-6.000,3.500,joint_grid_transaction,1043,1043,2,8,68,0.000,1.00,3.096,False,None,0.000,False
1531.904,4,en_route_pickup,2.863,-2.056,-6.000,-3.500,joint_grid_transaction,1043,1043,3,9,74,0.000,1.00,-3.066,False,None,0.000,False
1531.904,5,en_route_delivery,1.306,3.064,0.000,3.500,joint_grid_transaction,1043,1043,3,9,73,0.000,1.00,-3.130,False,None,0.000,False
1531.904,6,en_route_pickup,-0.754,-2.010,-6.000,3.500,joint_grid_transaction,1043,1043,3,9,66,0.000,1.00,3.046,False,None,0.000,False
1531.904,7,en_route_delivery,-3.571,-3.003,-6.000,3.500,joint_grid_transaction,1043,1043,3,8,67,0.000,1.00,3.049,False,None,0.000,False
1531.904,8,en_route_delivery,6.207,0.457,6.000,-3.500,joint_grid_transaction,1043,1043,3,9,57,0.000,1.00,0.088,False,None,0.000,False
1533.952,1,en_route_delivery,1.310,-3.066,6.000,-3.500,joint_grid_transaction,1044,1044,2,9,111,0.000,1.00,0.006,False,None,0.000,False
1533.952,2,en_route_pickup,6.008,2.432,6.000,3.500,joint_grid_transaction,1044,1044,2,6,72,0.000,1.00,1.478,False,None,0.000,False
1533.952,3,en_route_delivery,-3.728,1.943,-6.000,3.500,joint_grid_transaction,1044,1044,2,9,68,0.000,1.00,-3.061,False,None,0.000,False
1533.952,4,en_route_pickup,2.641,-2.064,-6.000,-3.500,joint_grid_transaction,1044,1044,2,9,74,0.000,1.00,3.136,False,None,0.000,False
1533.952,5,en_route_delivery,0.981,3.041,0.000,3.500,joint_grid_transaction,1044,1044,2,8,73,0.000,1.00,-3.005,False,None,0.000,False
1533.952,6,en_route_pickup,-1.031,-1.984,-6.000,3.500,joint_grid_transaction,1044,1044,1,8,66,0.000,1.00,3.049,False,joint_slot_deadline,1534.212,False
1533.952,7,en_route_delivery,-3.878,-2.974,-6.000,3.500,joint_grid_transaction,1044,1044,2,9,67,0.000,1.00,3.051,False,None,0.000,False
1533.952,8,en_route_delivery,6.444,0.439,6.000,-3.500,joint_grid_transaction,1044,1044,2,9,57,0.000,1.00,0.073,False,None,0.000,False
1536.000,1,en_route_delivery,1.611,-3.053,6.000,-3.500,joint_grid_transaction,1044,1044,3,9,111,0.000,1.00,0.079,False,None,0.000,False
1536.000,2,en_route_pickup,6.035,2.722,6.000,3.500,joint_grid_transaction,1044,1044,3,6,72,0.000,1.00,1.480,False,None,0.000,False
1536.000,3,en_route_delivery,-4.097,1.984,-6.000,3.500,joint_grid_transaction,1044,1044,4,9,68,0.000,1.00,-3.042,False,None,0.000,False
1536.000,4,en_route_pickup,2.340,-2.051,-6.000,-3.500,joint_grid_transaction,1044,1044,3,9,74,0.000,1.00,3.062,False,None,0.000,False
1536.000,5,en_route_delivery,0.659,3.005,0.000,3.500,joint_grid_transaction,1044,1044,4,8,73,0.000,1.00,-3.046,False,None,0.000,False
1536.000,6,en_route_pickup,-1.266,-1.961,-6.000,3.500,joint_grid_transaction,1044,1044,2,8,66,0.000,1.00,3.047,False,None,0.000,False
1536.000,7,en_route_delivery,-4.140,-2.950,-6.000,3.500,joint_grid_transaction,1044,1044,3,9,67,0.000,1.00,3.051,False,None,0.000,False
1536.000,8,en_route_delivery,6.677,0.435,6.000,-3.500,joint_grid_transaction,1044,1044,3,9,57,0.000,1.00,0.002,False,None,0.000,False
1538.048,1,en_route_delivery,1.982,-3.012,6.000,-3.500,joint_grid_transaction,1045,1045,2,9,111,0.000,1.00,0.097,False,None,0.000,False
1538.048,2,en_route_delivery,6.056,2.969,1.000,-1.500,joint_grid_transaction,1045,1045,2,3,72,0.000,1.00,1.484,False,None,0.000,False
1538.048,3,en_route_delivery,-4.421,2.016,-6.000,3.500,joint_grid_transaction,1045,1045,2,9,68,0.000,1.00,-3.046,False,None,0.000,False
1538.048,4,en_route_pickup,1.974,-2.010,-6.000,-3.500,joint_grid_transaction,1045,1045,2,9,74,0.000,1.00,3.034,False,None,0.000,False
1538.048,5,en_route_delivery,0.350,2.975,0.000,3.500,joint_grid_transaction,1045,1045,2,5,73,0.000,1.00,-3.049,False,None,0.000,False
1538.048,6,en_route_pickup,-1.499,-1.941,-6.000,3.500,joint_grid_transaction,1045,1045,2,9,66,0.000,1.00,3.078,False,None,0.000,False
1538.048,7,en_route_delivery,-4.360,-2.938,-6.000,3.500,joint_grid_transaction,1045,1045,2,9,67,0.000,1.00,3.104,False,None,0.000,False
1538.048,8,en_route_delivery,6.955,0.442,6.000,-3.500,joint_grid_transaction,1045,1045,2,9,57,0.000,1.00,0.040,False,None,0.000,False
1540.096,1,en_route_delivery,2.282,-2.983,6.000,-3.500,joint_grid_transaction,1047,1047,1,8,111,0.000,1.00,0.093,False,joint_slot_deadline,1540.372,False
1540.096,2,en_route_delivery,5.863,2.966,1.000,-1.500,joint_grid_transaction,1047,1047,2,9,72,0.000,1.00,2.912,False,None,0.000,False
1540.096,3,en_route_delivery,-4.653,2.039,-6.000,3.500,joint_grid_transaction,1047,1047,2,9,68,0.000,1.00,-3.044,False,None,0.000,False
1540.096,4,en_route_pickup,1.718,-1.983,-6.000,-3.500,joint_grid_transaction,1047,1047,1,8,74,0.000,1.00,3.041,False,joint_slot_deadline,1540.372,False
1540.096,5,en_route_pickup,0.286,3.016,3.000,1.500,joint_grid_transaction,1047,1047,1,9,75,0.000,1.00,2.165,False,None,0.000,False
1540.096,6,en_route_pickup,-1.733,-1.934,-6.000,3.500,joint_grid_transaction,1047,1047,2,9,66,0.000,1.00,3.096,False,None,0.000,False
1540.096,7,en_route_delivery,-4.583,-2.933,-6.000,3.500,joint_grid_transaction,1047,1047,2,9,67,0.000,1.00,-3.121,False,None,0.000,False
1540.096,8,en_route_delivery,7.203,0.465,6.000,-3.500,joint_grid_transaction,1047,1047,2,9,57,0.000,1.00,0.110,False,None,0.000,False
1542.144,1,en_route_delivery,2.514,-2.961,6.000,-3.500,joint_grid_transaction,1047,1047,2,8,111,0.000,1.00,0.095,False,None,0.000,False
1542.144,2,en_route_delivery,5.513,3.007,1.000,-1.500,joint_grid_transaction,1047,1047,3,9,72,0.000,1.00,3.053,False,None,0.000,False
1542.144,3,en_route_delivery,-4.889,2.058,-6.000,3.500,joint_grid_transaction,1047,1047,3,9,68,0.000,1.00,-3.068,False,None,0.000,False
1542.144,4,en_route_pickup,1.490,-1.959,-6.000,-3.500,joint_grid_transaction,1047,1047,2,8,74,0.000,1.00,3.041,False,None,0.000,False
1542.144,5,en_route_pickup,0.434,2.985,3.000,1.500,joint_grid_transaction,1047,1047,2,9,75,0.000,1.00,0.229,False,None,0.000,False
1542.144,6,en_route_pickup,-1.998,-1.943,-6.000,3.500,joint_grid_transaction,1047,1047,3,9,66,0.000,1.00,-3.074,False,None,0.000,False
1542.144,7,en_route_delivery,-4.924,-2.963,-6.000,3.500,joint_grid_transaction,1047,1047,3,9,67,0.000,1.00,-3.030,False,None,0.000,False
1542.144,8,en_route_delivery,7.533,0.499,6.000,-3.500,joint_grid_transaction,1047,1047,4,9,57,0.000,1.00,0.119,False,None,0.000,False
1544.192,1,en_route_delivery,2.746,-2.940,6.000,-3.500,joint_grid_transaction,1048,1048,2,9,111,0.000,1.00,0.064,False,None,0.000,False
1544.192,2,en_route_delivery,5.221,3.032,1.000,-1.500,joint_grid_transaction,1048,1048,2,9,72,0.000,1.00,3.058,False,None,0.000,False
1544.192,3,en_route_delivery,-5.111,2.065,-6.000,3.500,joint_grid_transaction,1048,1048,2,9,68,0.000,1.00,3.132,False,None,0.000,False
1544.192,4,en_route_pickup,1.262,-1.938,-6.000,-3.500,joint_grid_transaction,1048,1048,2,9,74,0.000,1.00,3.071,False,None,0.000,False
1544.192,5,en_route_pickup,0.769,3.018,3.000,1.500,joint_grid_transaction,1048,1048,2,9,75,0.000,1.00,0.078,False,None,0.000,False
1544.192,6,en_route_pickup,-2.283,-1.974,-6.000,3.500,joint_grid_transaction,1048,1048,2,9,66,0.000,1.00,-3.022,False,joint_slot_deadline,1544.356,False
1544.192,7,en_route_delivery,-5.278,-3.000,-6.000,3.500,joint_grid_transaction,1048,1048,2,9,67,0.000,1.00,-3.043,False,None,0.000,False
1544.192,8,en_route_delivery,7.610,0.417,6.000,-3.500,joint_grid_transaction,1048,1048,2,9,57,0.000,1.00,0.735,False,joint_slot_deadline,1544.356,False
1546.240,1,en_route_delivery,2.981,-2.934,6.000,-3.500,joint_grid_transaction,1048,1048,3,9,111,0.000,1.00,0.042,False,None,0.000,False
1546.240,2,en_route_delivery,4.989,3.053,1.000,-1.500,joint_grid_transaction,1048,1048,3,9,72,0.000,1.00,3.061,False,None,0.000,False
1546.240,3,en_route_delivery,-5.430,2.045,-6.000,3.500,joint_grid_transaction,1048,1048,3,9,68,0.000,1.00,3.030,False,None,0.000,False
1546.240,4,en_route_pickup,1.025,-1.934,-6.000,-3.500,joint_grid_transaction,1048,1048,3,9,74,0.000,1.00,3.118,False,None,0.000,False
1546.240,5,en_route_pickup,1.032,3.040,3.000,1.500,joint_grid_transaction,1048,1048,3,9,75,0.000,1.00,0.083,False,None,0.000,False
1546.240,6,en_route_pickup,-2.588,-2.007,-6.000,3.500,joint_grid_transaction,1048,1048,4,9,66,0.000,1.00,-3.044,False,None,0.000,False
1546.240,7,en_route_delivery,-5.545,-3.028,-6.000,3.500,joint_grid_transaction,1048,1048,3,9,67,0.000,1.00,-3.041,False,None,0.000,False
1546.240,8,en_route_delivery,7.705,0.147,6.000,-3.500,joint_grid_transaction,1048,1048,4,9,57,0.000,1.00,1.335,False,None,0.000,False
1548.288,1,en_route_delivery,3.254,-2.946,6.000,-3.500,joint_grid_transaction,1049,1049,2,9,111,0.000,1.00,0.093,False,None,0.000,False
1548.288,2,en_route_delivery,4.759,3.065,1.000,-1.500,joint_grid_transaction,1049,1049,2,9,72,0.000,1.00,3.086,False,None,0.000,False
1548.288,3,en_route_delivery,-5.782,2.006,-6.000,3.500,joint_grid_transaction,1049,1049,2,9,68,0.000,1.00,3.041,False,None,0.000,False
1548.288,4,en_route_pickup,0.756,-1.942,-6.000,-3.500,joint_grid_transaction,1049,1049,2,9,74,0.000,1.00,-3.078,False,None,0.000,False
1548.288,5,en_route_pickup,1.265,3.059,3.000,1.500,joint_grid_transaction,1049,1049,1,8,75,0.000,1.00,0.053,False,None,0.000,False
1548.288,6,en_route_pickup,-2.876,-2.035,-6.000,3.500,joint_grid_transaction,1049,1049,2,9,66,0.000,1.00,-3.046,False,None,0.000,False
1548.288,7,en_route_delivery,-5.785,-3.051,-6.000,3.500,joint_grid_transaction,1049,1049,1,8,67,0.000,1.00,-3.077,False,None,0.000,False
1548.288,8,en_route_delivery,7.751,-0.212,6.000,-3.500,joint_grid_transaction,1049,1049,2,5,57,0.000,1.00,1.479,False,None,0.000,False
1550.336,1,en_route_delivery,3.623,-2.987,6.000,-3.500,joint_grid_transaction,1049,1049,4,9,111,0.000,1.00,0.099,False,None,0.000,False
1550.336,2,en_route_delivery,4.494,3.057,1.000,-1.500,joint_grid_transaction,1049,1049,3,9,72,0.000,1.00,-3.080,False,None,0.000,False
1550.336,3,en_route_delivery,-6.069,1.976,-6.000,3.500,joint_grid_transaction,1049,1049,4,9,68,0.000,1.00,3.040,False,None,0.000,False
1550.336,4,en_route_pickup,0.389,-1.982,-6.000,-3.500,joint_grid_transaction,1049,1049,4,9,74,0.000,1.00,-3.041,False,None,0.000,False
1550.336,5,en_route_pickup,1.494,3.068,3.000,1.500,joint_grid_transaction,1049,1049,2,8,75,0.000,1.00,0.036,False,None,0.000,False
1550.336,6,en_route_pickup,-3.117,-2.055,-6.000,3.500,joint_grid_transaction,1049,1049,3,9,66,0.000,1.00,-3.066,False,None,0.000,False
1550.336,7,en_route_delivery,-5.885,-2.889,-6.000,3.500,joint_grid_transaction,1049,1049,3,8,67,0.000,1.00,2.081,False,None,0.000,False
1550.336,8,en_route_delivery,7.778,-0.513,6.000,-3.500,joint_grid_transaction,1049,1049,3,5,57,0.000,1.00,1.481,False,None,0.000,False
1552.384,1,en_route_delivery,3.944,-3.018,6.000,-3.500,joint_grid_transaction,1050,1050,2,9,111,0.000,1.00,0.095,False,None,0.000,False
1552.384,2,en_route_delivery,4.390,2.950,1.000,-1.500,joint_grid_transaction,1050,1050,2,9,72,0.000,1.00,-2.295,False,None,0.000,False
1552.384,3,en_route_delivery,-6.286,1.954,-6.000,3.500,joint_grid_transaction,1050,1050,1,8,68,0.000,1.00,3.054,False,joint_slot_deadline,1552.356,False
1552.384,4,en_route_pickup,0.062,-2.014,-6.000,-3.500,joint_grid_transaction,1050,1050,2,9,74,0.000,1.00,-3.045,False,None,0.000,False
1552.384,5,en_route_pickup,1.783,3.049,3.000,1.500,joint_grid_transaction,1050,1050,2,9,75,0.000,1.00,0.131,False,None,0.000,False
1552.384,6,en_route_pickup,-3.335,-2.065,-6.000,3.500,joint_grid_transaction,1050,1050,2,9,66,0.000,1.00,3.137,False,None,0.000,False
1552.384,7,en_route_delivery,-5.983,-2.526,-6.000,3.500,joint_grid_transaction,1050,1050,2,9,67,0.000,1.00,1.671,False,None,0.000,False
1552.384,8,en_route_delivery,7.713,-0.542,6.000,-3.500,joint_grid_transaction,1050,1050,1,4,57,0.000,1.00,2.842,False,None,0.000,False
1554.432,1,en_route_delivery,4.216,-3.044,6.000,-3.500,joint_grid_transaction,1050,1050,3,9,111,0.000,1.00,0.093,False,None,0.000,False
1554.432,2,en_route_delivery,4.278,2.629,1.000,-1.500,joint_grid_transaction,1050,1050,4,9,72,0.000,1.00,-1.723,False,None,0.000,False
1554.432,3,en_route_delivery,-6.508,1.936,-6.000,3.500,joint_grid_transaction,1050,1050,2,8,68,0.000,1.00,3.099,False,None,0.000,False
1554.432,4,en_route_pickup,-0.215,-2.041,-6.000,-3.500,joint_grid_transaction,1050,1050,3,9,74,0.000,1.00,-3.048,False,None,0.000,False
1554.432,5,en_route_pickup,2.150,3.009,3.000,1.500,joint_grid_transaction,1050,1050,4,9,75,0.000,1.00,0.099,False,None,0.000,False
1554.432,6,en_route_pickup,-3.633,-2.053,-6.000,3.500,joint_grid_transaction,1050,1050,3,9,66,0.000,1.00,3.072,False,None,0.000,False
1554.432,7,en_route_delivery,-6.014,-2.198,-6.000,3.500,joint_grid_transaction,1050,1050,4,9,67,0.000,1.00,1.664,False,None,0.000,False
1554.432,8,en_route_delivery,7.472,-0.559,6.000,-3.500,joint_grid_transaction,1050,1050,2,4,57,0.000,1.00,3.106,False,None,0.000,False
1556.480,1,en_route_delivery,4.450,-3.061,6.000,-3.500,joint_grid_transaction,1051,1051,2,9,111,0.000,1.00,0.073,False,None,0.000,False
1556.480,2,en_route_delivery,4.242,2.283,1.000,-1.500,joint_grid_transaction,1051,1051,2,9,72,0.000,1.00,-1.664,False,None,0.000,False
1556.480,3,en_route_delivery,-6.506,2.018,-6.000,3.500,joint_grid_transaction,1051,1051,1,9,68,0.000,1.00,-1.553,False,None,0.000,False
1556.480,4,en_route_pickup,-0.451,-2.061,-6.000,-3.500,joint_grid_transaction,1051,1051,2,9,74,0.000,1.00,-3.059,False,None,0.000,False
1556.480,5,en_route_pickup,2.463,2.978,3.000,1.500,joint_grid_transaction,1051,1051,2,9,75,0.000,1.00,0.095,False,None,0.000,False
1556.480,6,en_route_pickup,-4.004,-2.013,-6.000,3.500,joint_grid_transaction,1051,1051,2,9,66,0.000,1.00,3.044,False,None,0.000,False
1556.480,7,en_route_delivery,-6.037,-1.952,-6.000,3.500,joint_grid_transaction,1051,1051,1,8,67,0.000,1.00,1.666,False,joint_slot_deadline,1556.356,False
1556.480,8,en_route_delivery,7.374,-0.435,6.000,-3.500,joint_grid_transaction,1051,1051,2,3,57,0.000,1.00,-2.259,False,None,0.000,False
1558.528,1,en_route_delivery,4.687,-3.063,6.000,-3.500,joint_grid_transaction,1052,1052,2,9,111,0.000,1.00,0.016,False,None,0.000,False
1558.528,2,en_route_delivery,4.216,1.994,1.000,-1.500,joint_grid_transaction,1052,1052,1,8,72,0.000,1.00,-1.661,False,None,0.000,False
1558.528,3,en_route_delivery,-6.297,1.979,-6.000,3.500,joint_grid_transaction,1052,1052,2,9,68,0.000,1.00,-0.163,False,None,0.000,False
1558.528,4,en_route_pickup,-0.682,-2.064,-6.000,-3.500,joint_grid_transaction,1052,1052,2,9,74,0.000,1.00,-3.141,False,None,0.000,False
1558.528,5,en_route_pickup,2.729,2.954,3.000,1.500,joint_grid_transaction,1052,1052,2,9,75,0.000,1.00,0.086,False,None,0.000,False
1558.528,6,en_route_pickup,-4.325,-1.982,-6.000,3.500,joint_grid_transaction,1052,1052,2,9,66,0.000,1.00,3.048,False,None,0.000,False
1558.528,7,en_route_delivery,-6.057,-1.724,-6.000,3.500,joint_grid_transaction,1052,1052,1,9,67,0.000,1.00,1.621,False,None,0.000,False
1558.528,8,en_route_delivery,7.371,-0.432,6.000,-3.500,joint_grid_transaction,1052,1052,1,2,57,0.000,1.00,-2.258,False,joint_window_endpoint,1558.900,False
1560.576,1,en_route_delivery,5.023,-3.035,6.000,-3.500,joint_grid_transaction,1053,1053,2,8,111,0.000,1.00,0.135,False,None,0.000,False
1560.576,2,en_route_delivery,4.196,1.777,1.000,-1.500,joint_grid_transaction,1053,1053,2,9,72,0.000,1.00,-1.659,False,None,0.000,False
1560.576,3,en_route_delivery,-5.983,2.015,-6.000,3.500,joint_grid_transaction,1053,1053,2,9,68,0.000,1.00,-0.105,False,None,0.000,False
1560.576,4,en_route_pickup,-0.948,-2.063,-6.000,-3.500,joint_grid_transaction,1053,1053,2,9,74,0.000,1.00,3.127,False,None,0.000,False
1560.576,5,en_route_pickup,2.843,2.903,3.000,1.500,joint_grid_transaction,1053,1053,2,8,75,0.000,1.00,0.606,False,joint_slot_deadline,1560.788,False
1560.576,6,en_route_pickup,-4.523,-1.954,-6.000,3.500,joint_grid_transaction,1053,1053,2,9,66,0.000,1.00,2.683,False,None,0.000,False
1560.576,7,en_route_delivery,-6.068,-1.496,-6.000,3.500,joint_grid_transaction,1053,1053,1,8,67,0.000,1.00,1.597,False,None,0.000,False
1560.576,8,en_route_delivery,7.370,-0.431,6.000,-3.500,joint_grid_transaction,1053,1053,1,2,57,0.000,1.00,-2.260,False,joint_window_endpoint,1560.980,False
1562.624,1,en_route_delivery,5.347,-3.001,6.000,-3.500,joint_grid_transaction,1054,1054,2,6,111,0.000,1.00,0.093,False,None,0.000,False
1562.624,2,en_route_delivery,4.185,1.553,1.000,-1.500,joint_grid_transaction,1054,1054,2,9,72,0.000,1.00,-1.629,False,None,0.000,False
1562.624,3,en_route_delivery,-5.734,2.042,-6.000,3.500,joint_grid_transaction,1054,1054,1,9,68,0.000,1.00,-0.104,False,None,0.000,False
1562.624,4,en_route_pickup,-1.283,-2.036,-6.000,-3.500,joint_grid_transaction,1054,1054,1,8,74,0.000,1.00,3.003,False,None,0.000,False
1562.624,5,en_route_pickup,2.923,2.703,3.000,1.500,joint_grid_transaction,1054,1054,1,6,75,0.000,1.00,1.148,False,joint_slot_deadline,1563.284,False
1562.624,6,en_route_pickup,-4.656,-1.803,-6.000,3.500,joint_grid_transaction,1054,1054,2,9,66,0.000,1.00,2.250,False,joint_slot_deadline,1563.284,False
1562.624,7,en_route_delivery,-6.051,-1.211,-6.000,3.500,joint_grid_transaction,1054,1054,1,8,67,0.000,1.00,1.456,False,None,0.000,False
1562.624,8,en_route_delivery,7.369,-0.430,6.000,-3.500,joint_grid_transaction,1054,1054,1,2,57,0.000,1.00,-2.262,False,joint_window_endpoint,1563.060,False
1564.672,1,en_route_delivery,5.650,-2.973,6.000,-3.500,joint_grid_transaction,1055,1055,2,5,111,0.000,1.00,0.089,False,None,0.000,False
1564.672,2,en_route_delivery,4.190,1.304,1.000,-1.500,joint_grid_transaction,1055,1055,1,8,72,0.000,1.00,-1.510,False,None,0.000,False
1564.672,3,en_route_delivery,-5.511,2.062,-6.000,3.500,joint_grid_transaction,1055,1055,1,9,68,0.000,1.00,-0.067,False,None,0.000,False
1564.672,4,en_route_pickup,-1.523,-2.009,-6.000,-3.500,joint_grid_transaction,1055,1055,1,9,74,0.000,1.00,3.046,False,None,0.000,False
1564.672,5,en_route_pickup,2.981,2.463,3.000,1.500,joint_grid_transaction,1055,1055,2,5,75,0.000,1.00,1.444,False,None,0.000,False
1564.672,6,en_route_pickup,-4.706,-1.704,-6.000,3.500,joint_grid_transaction,1055,1055,1,9,66,0.000,1.00,2.035,False,None,0.000,False
1564.672,7,en_route_delivery,-6.022,-0.961,-6.000,3.500,joint_grid_transaction,1055,1055,2,9,67,0.000,1.00,1.464,False,None,0.000,False
1564.672,8,en_route_delivery,7.368,-0.429,6.000,-3.500,joint_grid_transaction,1055,1055,1,2,57,0.000,1.00,-2.264,False,joint_window_endpoint,1565.140,False
1566.720,1,en_route_pickup,5.792,-3.000,-1.000,1.500,joint_grid_transaction,1055,1055,3,3,76,0.000,1.00,0.686,False,None,0.000,False
1566.720,2,en_route_delivery,4.220,1.046,1.000,-1.500,joint_grid_transaction,1055,1055,2,8,72,0.000,1.00,-1.461,False,None,0.000,False
1566.720,3,en_route_delivery,-5.270,2.065,-6.000,3.500,joint_grid_transaction,1055,1055,2,9,68,0.000,1.00,-0.013,False,None,0.000,False
1566.720,4,en_route_pickup,-1.839,-1.980,-6.000,-3.500,joint_grid_transaction,1055,1055,3,9,74,0.000,1.00,3.049,False,None,0.000,False
1566.720,5,en_route_pickup,3.012,2.125,3.000,1.500,joint_grid_transaction,1055,1055,3,5,75,0.000,1.00,1.484,False,None,0.000,False
1566.720,6,en_route_pickup,-4.951,-1.737,-6.000,3.500,joint_grid_transaction,1055,1055,2,9,66,0.000,1.00,3.073,False,None,0.000,False
1566.720,7,en_route_delivery,-5.989,-0.629,-6.000,3.500,joint_grid_transaction,1055,1055,3,9,67,0.000,1.00,1.475,False,None,0.000,False
1566.720,8,en_route_delivery,7.247,-0.522,6.000,-3.500,_joint_stall_recovery,1056,1055,3,7,57,0.000,1.00,2.535,False,None,0.000,False
1568.768,1,en_route_pickup,5.950,-3.287,-1.000,1.500,joint_grid_transaction,1055,1055,4,3,76,0.000,1.00,1.284,False,None,0.000,False
1568.768,2,en_route_delivery,4.255,0.701,1.000,-1.500,joint_grid_transaction,1055,1055,3,8,72,0.000,1.00,-1.474,False,None,0.000,False
1568.768,3,en_route_delivery,-5.009,2.063,-6.000,3.500,joint_grid_transaction,1055,1055,3,9,68,0.000,1.00,-0.017,False,None,0.000,False
1568.768,4,en_route_pickup,-2.108,-1.955,-6.000,-3.500,joint_grid_transaction,1055,1055,4,9,74,0.000,1.00,3.049,False,None,0.000,False
1568.768,5,en_route_delivery,3.037,1.836,0.000,3.500,joint_grid_transaction,1055,1055,4,1,75,0.000,1.00,1.484,False,None,0.000,False
1568.768,6,en_route_pickup,-5.247,-1.716,-6.000,3.500,joint_grid_transaction,1055,1055,3,9,66,0.000,1.00,3.069,False,None,0.000,False
1568.768,7,en_route_delivery,-5.962,-0.346,-6.000,3.500,joint_grid_transaction,1055,1055,4,9,67,0.000,1.00,1.477,False,None,0.000,False
1568.768,8,en_route_delivery,6.967,-0.779,6.000,-3.500,_joint_stall_recovery,1056,1055,4,7,57,0.000,1.00,2.356,False,None,0.000,False
1570.816,1,en_route_pickup,5.881,-3.214,-1.000,1.500,joint_grid_transaction,1060,1060,2,9,76,0.000,1.00,2.704,False,None,0.000,False
1570.816,2,en_route_delivery,4.279,0.451,1.000,-1.500,joint_grid_transaction,1060,1060,2,8,72,0.000,1.00,-1.472,False,None,0.000,False
1570.816,3,en_route_delivery,-4.696,2.037,-6.000,3.500,joint_grid_transaction,1060,1060,3,9,68,0.000,1.00,-0.150,False,None,0.000,False
1570.816,4,en_route_pickup,-2.328,-1.940,-6.000,-3.500,joint_grid_transaction,1060,1060,2,9,74,0.000,1.00,3.110,False,None,0.000,False
1570.816,5,en_route_delivery,2.961,1.835,0.000,3.500,joint_grid_transaction,1060,1060,2,9,75,0.000,1.00,3.108,False,None,0.000,False
1570.816,6,en_route_pickup,-5.503,-1.697,-6.000,3.500,joint_grid_transaction,1060,1060,2,9,66,0.000,1.00,3.066,False,None,0.000,False
1570.816,7,en_route_delivery,-5.942,-0.108,-6.000,3.500,joint_grid_transaction,1060,1060,2,9,67,0.000,1.00,1.496,False,None,0.000,False
1570.816,8,en_route_delivery,6.771,-0.844,6.000,-3.500,joint_grid_transaction,1060,1060,2,9,57,0.000,1.00,-3.106,False,None,0.000,False
1572.864,1,en_route_pickup,5.548,-3.262,-1.000,1.500,joint_grid_transaction,1060,1060,3,9,76,0.000,1.00,3.063,False,None,0.000,False
1572.864,2,en_route_delivery,4.301,0.213,1.000,-1.500,joint_grid_transaction,1060,1060,2,8,72,0.000,1.00,-1.508,False,None,0.000,False
1572.864,3,en_route_delivery,-4.341,1.999,-6.000,3.500,joint_grid_transaction,1060,1060,4,9,68,0.000,1.00,-0.096,False,None,0.000,False
1572.864,4,en_route_pickup,-2.546,-1.932,-6.000,-3.500,joint_grid_transaction,1060,1060,2,9,74,0.000,1.00,-3.128,False,None,0.000,False
1572.864,5,en_route_delivery,2.694,1.947,0.000,3.500,joint_grid_transaction,1060,1060,4,9,75,0.000,1.00,-2.874,False,None,0.000,False
1572.864,6,en_route_pickup,-5.733,-1.684,-6.000,3.500,joint_grid_transaction,1060,1060,3,9,66,0.000,1.00,3.084,False,None,0.000,False
1572.864,7,en_route_delivery,-5.935,0.115,-6.000,3.500,joint_grid_transaction,1060,1060,3,9,67,0.000,1.00,1.577,False,None,0.000,False
1572.864,8,en_route_delivery,6.439,-0.790,6.000,-3.500,joint_grid_transaction,1060,1060,4,9,57,0.000,1.00,-2.971,False,None,0.000,False
1574.912,1,en_route_pickup,5.381,-3.171,-1.000,1.500,joint_grid_transaction,1061,1061,3,9,76,0.000,1.00,-2.295,False,None,0.000,False
1574.912,2,en_route_delivery,4.315,-0.019,1.000,-1.500,joint_grid_transaction,1061,1061,2,9,72,0.000,1.00,-1.546,False,None,0.000,False
1574.912,3,en_route_delivery,-4.041,1.971,-6.000,3.500,joint_grid_transaction,1061,1061,2,9,68,0.000,1.00,-0.092,False,None,0.000,False
1574.912,4,en_route_pickup,-2.826,-1.953,-6.000,-3.500,joint_grid_transaction,1061,1061,3,9,74,0.000,1.00,-3.021,False,None,0.000,False
1574.912,5,en_route_delivery,2.435,1.989,0.000,3.500,joint_grid_transaction,1061,1061,3,9,75,0.000,1.00,-3.029,False,None,0.000,False
1574.912,6,en_route_pickup,-5.999,-1.694,-6.000,3.500,joint_grid_transaction,1061,1061,2,9,66,0.000,1.00,-3.067,False,None,0.000,False
1574.912,7,en_route_delivery,-5.942,0.323,-6.000,3.500,joint_grid_transaction,1061,1061,2,8,67,0.000,1.00,1.619,False,None,0.000,False
1574.912,8,en_route_delivery,6.371,-0.825,6.000,-3.500,joint_grid_transaction,1061,1061,3,9,57,0.000,1.00,2.229,False,None,0.000,False
1576.960,1,en_route_pickup,5.278,-2.849,-1.000,1.500,joint_grid_transaction,1061,1061,4,9,76,0.000,1.00,-1.720,False,None,0.000,False
1576.960,2,en_route_delivery,4.315,-0.274,1.000,-1.500,joint_grid_transaction,1061,1061,3,9,72,0.000,1.00,-1.569,False,None,0.000,False
1576.960,3,en_route_delivery,-3.787,1.947,-6.000,3.500,joint_grid_transaction,1061,1061,3,9,68,0.000,1.00,-0.092,False,None,0.000,False
1576.960,4,en_route_pickup,-3.191,-1.993,-6.000,-3.500,joint_grid_transaction,1061,1061,4,9,74,0.000,1.00,-3.043,False,None,0.000,False
1576.960,5,en_route_delivery,2.125,2.022,0.000,3.500,joint_grid_transaction,1061,1061,4,9,75,0.000,1.00,-3.039,False,None,0.000,False
1576.960,6,en_route_pickup,-6.367,-1.734,-6.000,3.500,joint_grid_transaction,1061,1061,4,9,66,0.000,1.00,-3.041,False,None,0.000,False
1576.960,7,en_route_delivery,-5.981,0.694,-6.000,3.500,joint_grid_transaction,1061,1061,3,8,67,0.000,1.00,1.670,False,None,0.000,False
1576.960,8,en_route_delivery,6.273,-1.159,6.000,-3.500,joint_grid_transaction,1061,1061,4,9,57,0.000,1.00,1.696,False,None,0.000,False
1579.008,1,en_route_pickup,5.242,-2.505,-1.000,1.500,joint_grid_transaction,1062,1062,2,9,76,0.000,1.00,-1.665,False,None,0.000,False
1579.008,2,en_route_delivery,4.303,-0.568,1.000,-1.500,joint_grid_transaction,1062,1062,3,9,72,0.000,1.00,-1.652,False,None,0.000,False
1579.008,3,en_route_delivery,-3.563,1.936,-6.000,3.500,joint_grid_transaction,1062,1062,2,9,68,0.000,1.00,-0.059,False,None,0.000,False
1579.008,4,en_route_pickup,-3.501,-2.023,-6.000,-3.500,joint_grid_transaction,1062,1062,2,9,74,0.000,1.00,-3.047,False,None,0.000,False
1579.008,5,en_route_delivery,1.927,2.042,0.000,3.500,joint_grid_transaction,1062,1062,2,8,75,0.000,1.00,-3.038,False,None,0.000,False
1579.008,6,en_route_pickup,-6.578,-1.755,-6.000,3.500,joint_grid_transaction,1062,1062,2,8,66,0.000,1.00,-3.038,False,None,0.000,False
1579.008,7,en_route_delivery,-6.013,1.024,-6.000,3.500,joint_grid_transaction,1062,1062,2,9,67,0.000,1.00,1.664,False,None,0.000,False
1579.008,8,en_route_delivery,6.240,-1.498,6.000,-3.500,joint_grid_transaction,1062,1062,2,9,57,0.000,1.00,1.663,False,None,0.000,False
1581.056,1,en_route_pickup,5.216,-2.219,-1.000,1.500,joint_grid_transaction,1062,1062,3,9,76,0.000,1.00,-1.662,False,None,0.000,False
1581.056,2,en_route_delivery,4.263,-0.940,1.000,-1.500,joint_grid_transaction,1062,1062,4,9,72,0.000,1.00,-1.668,False,None,0.000,False
1581.056,3,en_route_delivery,-3.318,1.939,-6.000,3.500,joint_grid_transaction,1062,1062,3,9,68,0.000,1.00,-0.052,False,None,0.000,False
1581.056,4,en_route_pickup,-3.762,-2.048,-6.000,-3.500,joint_grid_transaction,1062,1062,3,9,74,0.000,1.00,-3.049,False,None,0.000,False
1581.056,5,en_route_delivery,1.716,2.060,0.000,3.500,joint_grid_transaction,1062,1062,2,8,75,0.000,1.00,-3.117,False,None,0.000,False
1581.056,6,en_route_pickup,-6.864,-1.784,-6.000,3.500,joint_grid_transaction,1062,1062,3,8,66,0.000,1.00,-3.042,False,None,0.000,False
1581.056,7,en_route_delivery,-6.039,1.303,-6.000,3.500,joint_grid_transaction,1062,1062,4,9,67,0.000,1.00,1.664,False,None,0.000,False
1581.056,8,en_route_delivery,6.214,-1.781,6.000,-3.500,joint_grid_transaction,1062,1062,3,9,57,0.000,1.00,1.661,False,None,0.000,False
1583.104,1,en_route_pickup,5.195,-1.981,-1.000,1.500,joint_grid_transaction,1063,1063,2,9,76,0.000,1.00,-1.633,False,None,0.000,False
1583.104,2,en_route_delivery,4.232,-1.260,1.000,-1.500,joint_grid_transaction,1063,1063,2,9,72,0.000,1.00,-1.664,False,None,0.000,False
1583.104,3,en_route_delivery,-2.954,1.978,-6.000,3.500,joint_grid_transaction,1063,1063,3,9,68,0.000,1.00,-0.104,False,None,0.000,False
1583.104,4,en_route_pickup,-3.990,-2.063,-6.000,-3.500,joint_grid_transaction,1063,1063,2,9,74,0.000,1.00,-3.085,False,None,0.000,False
1583.104,5,en_route_delivery,1.485,2.068,0.000,3.500,joint_grid_transaction,1063,1063,2,9,75,0.000,1.00,-3.124,False,None,0.000,False
1583.104,6,en_route_pickup,-7.089,-1.804,-6.000,3.500,joint_grid_transaction,1063,1063,2,8,66,0.000,1.00,-3.072,False,None,0.000,False
1583.104,7,en_route_delivery,-6.057,1.531,-6.000,3.500,joint_grid_transaction,1063,1063,2,9,67,0.000,1.00,1.615,False,None,0.000,False
1583.104,8,en_route_delivery,6.194,-2.017,6.000,-3.500,joint_grid_transaction,1063,1063,2,9,57,0.000,1.00,1.633,False,None,0.000,False
1585.152,1,en_route_pickup,5.183,-1.752,-1.000,1.500,joint_grid_transaction,1064,1064,2,9,76,0.000,1.00,-1.615,False,None,0.000,False
1585.152,2,en_route_delivery,4.208,-1.529,1.000,-1.500,joint_grid_transaction,1064,1064,2,9,72,0.000,1.00,-1.659,False,None,0.000,False
1585.152,3,en_route_delivery,-2.717,2.002,-6.000,3.500,joint_grid_transaction,1064,1064,1,8,68,0.000,1.00,-0.097,False,joint_slot_deadline,1585.284,False
1585.152,4,en_route_pickup,-4.243,-2.061,-6.000,-3.500,joint_grid_transaction,1064,1064,2,9,74,0.000,1.00,3.117,False,None,0.000,False
1585.152,5,en_route_delivery,1.212,2.051,0.000,3.500,joint_grid_transaction,1064,1064,2,9,75,0.000,1.00,3.022,False,joint_slot_deadline,1585.284,False
1585.152,6,en_route_pickup,-7.126,-1.745,-6.000,3.500,joint_grid_transaction,1064,1064,1,8,66,0.000,1.00,1.986,False,None,0.000,False
1585.152,7,en_route_delivery,-6.068,1.759,-6.000,3.500,joint_grid_transaction,1064,1064,1,8,67,0.000,1.00,1.598,False,None,0.000,False
1585.152,8,en_route_delivery,6.152,-2.092,6.000,-3.500,joint_grid_transaction,1064,1064,2,8,57,0.000,1.00,2.149,False,joint_slot_deadline,1585.284,False
1587.200,1,en_route_pickup,5.097,-1.561,-1.000,1.500,joint_grid_transaction,1065,1064,4,9,76,0.000,1.00,-1.948,False,None,0.000,False
1587.200,2,en_route_delivery,4.189,-1.747,1.000,-1.500,joint_grid_transaction,1065,1064,3,9,72,0.000,1.00,-1.630,False,None,0.000,False
1587.200,3,en_route_delivery,-2.629,2.144,-6.000,3.500,joint_grid_transaction,1065,1064,3,8,68,0.000,1.00,-1.021,False,None,0.000,False
1587.200,4,en_route_pickup,-4.595,-2.028,-6.000,-3.500,joint_grid_transaction,1065,1064,4,9,74,0.000,1.00,3.024,False,None,0.000,False
1587.200,5,en_route_delivery,0.872,2.012,0.000,3.500,joint_grid_transaction,1065,1064,4,9,75,0.000,1.00,3.042,False,None,0.000,False
1587.200,6,en_route_pickup,-6.954,-1.770,-6.000,3.500,joint_grid_transaction,1065,1064,1,9,66,0.000,1.00,0.228,False,None,0.000,False
1587.200,7,en_route_delivery,-6.048,2.057,-6.000,3.500,joint_grid_transaction,1065,1064,2,7,67,0.000,1.00,1.452,False,None,0.000,False
1587.200,8,en_route_delivery,6.032,-2.414,6.000,-3.500,joint_grid_transaction,1065,1064,4,6,57,0.000,1.00,1.749,False,None,0.000,False
1589.248,1,en_route_pickup,5.025,-1.595,-1.000,1.500,joint_grid_transaction,1065,1065,3,9,76,0.000,1.00,-2.579,False,None,0.000,False
1589.248,2,en_route_delivery,4.095,-1.842,1.000,-1.500,joint_grid_transaction,1065,1065,3,9,72,0.000,1.00,-2.503,False,None,0.000,False
1589.248,3,en_route_delivery,-2.561,2.290,-6.000,3.500,joint_grid_transaction,1065,1065,2,8,68,0.000,1.00,-1.222,False,None,0.000,False
1589.248,4,en_route_pickup,-4.926,-1.992,-6.000,-3.500,joint_grid_transaction,1065,1065,3,9,74,0.000,1.00,3.035,False,None,0.000,False
1589.248,5,en_route_delivery,0.581,1.983,0.000,3.500,joint_grid_transaction,1065,1065,3,9,75,0.000,1.00,3.040,False,None,0.000,False
1589.248,6,en_route_pickup,-6.712,-1.720,-6.000,3.500,joint_grid_transaction,1065,1065,3,9,66,0.000,1.00,0.579,False,None,0.000,False
1589.248,7,en_route_delivery,-6.009,2.424,-6.000,3.500,joint_grid_transaction,1065,1065,3,7,67,0.000,1.00,1.472,False,None,0.000,False
1589.248,8,en_route_delivery,5.999,-2.680,6.000,-3.500,joint_grid_transaction,1065,1065,3,6,57,0.000,1.00,1.677,False,None,0.000,False
1591.296,1,en_route_pickup,4.667,-1.506,-1.000,1.500,joint_grid_transaction,1065,1065,5,9,76,0.000,1.00,-3.051,False,None,0.000,False
1591.296,2,en_route_delivery,3.745,-1.975,1.000,-1.500,joint_grid_transaction,1065,1065,4,9,72,0.000,1.00,-2.993,False,None,0.000,False
1591.296,3,en_route_delivery,-2.507,2.603,-6.000,3.500,joint_grid_transaction,1065,1065,4,8,68,0.000,1.00,-1.478,False,None,0.000,False
1591.296,4,en_route_pickup,-5.206,-1.962,-6.000,-3.500,joint_grid_transaction,1065,1065,4,9,74,0.000,1.00,3.040,False,None,0.000,False
1591.296,5,en_route_delivery,0.312,1.956,0.000,3.500,joint_grid_transaction,1065,1065,4,9,75,0.000,1.00,3.044,False,None,0.000,False
1591.296,6,en_route_pickup,-6.558,-1.457,-6.000,3.500,joint_grid_transaction,1065,1065,4,9,66,0.000,1.00,1.180,False,None,0.000,False
1591.296,7,en_route_delivery,-5.978,2.737,-6.000,3.500,joint_grid_transaction,1065,1065,4,7,67,0.000,1.00,1.476,False,None,0.000,False
1591.296,8,en_route_delivery,5.969,-2.973,3.000,1.500,joint_grid_transaction,1065,1065,4,3,82,0.000,1.00,1.671,False,None,0.000,False
1593.344,1,en_route_pickup,4.470,-1.482,-1.000,1.500,joint_grid_transaction,1068,1068,1,9,76,0.000,1.00,-2.797,False,None,0.000,False
1593.344,2,en_route_delivery,3.399,-2.008,1.000,-1.500,joint_grid_transaction,1068,1068,2,9,72,0.000,1.00,-3.054,False,None,0.000,False
1593.344,3,en_route_delivery,-2.485,2.855,-6.000,3.500,joint_grid_transaction,1068,1068,1,9,68,0.000,1.00,-1.862,False,None,0.000,False
1593.344,4,en_route_pickup,-5.443,-1.940,-6.000,-3.500,joint_grid_transaction,1068,1068,1,8,74,0.000,1.00,3.052,False,None,0.000,False
1593.344,5,en_route_delivery,0.213,1.966,0.000,3.500,joint_grid_transaction,1068,1068,2,8,75,0.000,1.00,-2.664,False,None,0.000,False
1593.344,6,en_route_pickup,-6.705,-1.506,-6.000,3.500,joint_grid_transaction,1068,1068,1,8,66,0.000,1.00,2.947,False,None,0.000,False
1593.344,7,returning_home,-5.951,2.959,-4.000,3.000,joint_grid_transaction,1068,1068,2,9,None,0.000,1.00,1.147,False,None,0.000,False
1593.344,8,en_route_delivery,5.757,-2.962,3.000,1.500,joint_grid_transaction,1068,1068,1,8,82,0.000,1.00,2.911,False,None,0.000,False
1595.392,1,en_route_pickup,4.345,-1.278,-1.000,1.500,joint_grid_transaction,1068,1068,3,9,76,0.000,1.00,-1.998,False,None,0.000,False
1595.392,2,en_route_delivery,3.106,-2.034,1.000,-1.500,joint_grid_transaction,1068,1068,3,9,72,0.000,1.00,-3.054,False,None,0.000,False
1595.392,3,en_route_delivery,-2.701,2.791,-6.000,3.500,joint_grid_transaction,1068,1068,2,9,68,0.000,1.00,-3.091,False,None,0.000,False
1595.392,4,en_route_pickup,-5.669,-1.936,-6.000,-3.500,joint_grid_transaction,1068,1068,2,8,74,0.000,1.00,3.139,False,None,0.000,False
1595.392,5,en_route_delivery,0.068,2.214,0.000,3.500,joint_grid_transaction,1068,1068,3,8,75,0.000,1.00,-1.893,False,None,0.000,False
1595.392,6,en_route_pickup,-6.945,-1.480,-6.000,3.500,joint_grid_transaction,1068,1068,2,8,66,0.000,1.00,3.052,False,None,0.000,False
1595.392,7,returning_home,-5.688,2.972,-4.000,3.000,joint_grid_transaction,1068,1068,3,9,None,0.000,1.00,0.183,False,None,0.000,False
1595.392,8,en_route_delivery,5.527,-2.996,3.000,1.500,joint_grid_transaction,1068,1068,2,8,82,0.000,1.00,3.055,False,None,0.000,False
1597.440,1,en_route_pickup,4.262,-0.912,-1.000,1.500,joint_grid_transaction,1069,1069,2,9,76,0.000,1.00,-1.664,False,None,0.000,False
1597.440,2,en_route_delivery,2.856,-2.055,1.000,-1.500,joint_grid_transaction,1069,1069,2,9,72,0.000,1.00,-3.061,False,None,0.000,False
1597.440,3,en_route_delivery,-2.957,2.807,-6.000,3.500,joint_grid_transaction,1069,1069,1,8,68,0.000,1.00,-3.076,False,None,0.000,False
1597.440,4,en_route_pickup,-5.788,-1.957,-6.000,-3.500,joint_grid_transaction,1069,1069,1,8,74,0.000,1.00,-2.644,False,None,0.000,False
1597.440,5,en_route_delivery,0.006,2.578,0.000,3.500,joint_grid_transaction,1069,1069,2,5,75,0.000,1.00,-1.665,False,None,0.000,False
1597.440,6,en_route_pickup,-7.131,-1.425,-6.000,3.500,joint_grid_transaction,1069,1069,2,9,66,0.000,1.00,2.815,False,None,0.000,False
1597.440,7,returning_home,-5.422,3.001,-4.000,3.000,joint_grid_transaction,1068,1068,4,9,None,0.000,1.00,0.097,False,None,0.000,False
1597.440,8,en_route_delivery,5.214,-3.023,3.000,1.500,joint_grid_transaction,1069,1069,1,9,82,0.000,1.00,3.056,False,None,0.000,False
1599.488,1,en_route_pickup,4.232,-0.589,-1.000,1.500,joint_grid_transaction,1069,1069,3,9,76,0.000,1.00,-1.661,False,None,0.000,False
1599.488,2,en_route_delivery,2.635,-2.064,1.000,-1.500,joint_grid_transaction,1069,1069,3,9,72,0.000,1.00,-3.138,False,None,0.000,False
1599.488,3,en_route_delivery,-3.190,2.815,-6.000,3.500,joint_grid_transaction,1069,1069,2,8,68,0.000,1.00,-3.105,False,None,0.000,False
1599.488,4,en_route_pickup,-5.936,-2.210,-6.000,-3.500,joint_grid_transaction,1069,1069,3,8,74,0.000,1.00,-1.881,False,None,0.000,False
1599.488,5,en_route_delivery,-0.023,2.890,0.000,3.500,joint_grid_transaction,1069,1069,3,5,75,0.000,1.00,-1.662,False,None,0.000,False
1599.488,6,en_route_pickup,-7.293,-1.426,-6.000,3.500,joint_grid_transaction,1069,1069,2,9,66,0.000,1.00,-3.097,False,None,0.000,False
1599.488,7,returning_home,-5.123,3.029,-4.000,3.000,joint_grid_transaction,1068,1068,5,9,None,0.000,1.00,0.094,False,None,0.000,False
1599.488,8,en_route_delivery,4.948,-3.046,3.000,1.500,joint_grid_transaction,1069,1069,3,9,82,0.000,1.00,3.054,False,None,0.000,False
1601.536,1,en_route_pickup,4.207,-0.314,-1.000,1.500,joint_grid_transaction,1071,1071,2,13,76,0.000,1.00,-1.661,False,None,0.000,False
1601.536,2,en_route_delivery,2.376,-2.065,1.000,-1.500,joint_grid_transaction,1071,1071,2,9,72,0.000,1.00,3.135,False,None,0.000,False
1601.536,3,en_route_delivery,-3.437,2.812,-6.000,3.500,joint_grid_transaction,1071,1071,2,13,68,0.000,1.00,3.102,False,None,0.000,False
1601.536,4,en_route_pickup,-5.994,-2.555,-6.000,-3.500,joint_grid_transaction,1071,1071,3,6,74,0.000,1.00,-1.672,False,None,0.000,False
1601.536,5,en_route_pickup,0.046,2.932,1.000,1.500,joint_grid_transaction,1071,1071,2,11,117,0.000,1.00,-0.481,False,None,0.000,False
1601.536,6,en_route_pickup,-7.541,-1.453,-6.000,3.500,joint_grid_transaction,1071,1071,3,13,66,0.000,1.00,3.083,False,None,0.000,False
1601.536,7,returning_home,-5.072,2.954,-4.000,3.000,joint_grid_transaction,1071,1071,1,13,None,0.000,1.00,1.066,False,None,0.000,False
1601.536,8,en_route_delivery,4.725,-3.062,3.000,1.500,joint_grid_transaction,1071,1071,2,13,82,0.000,1.00,3.111,False,None,0.000,False
1603.584,1,en_route_pickup,4.190,-0.078,-1.000,1.500,joint_grid_transaction,1071,1071,3,13,76,0.000,1.00,-1.639,False,None,0.000,False
1603.584,2,en_route_delivery,2.073,-2.051,1.000,-1.500,joint_grid_transaction,1071,1071,3,9,72,0.000,1.00,3.056,False,None,0.000,False
1603.584,3,en_route_delivery,-3.795,2.775,-6.000,3.500,joint_grid_transaction,1071,1071,4,13,68,0.000,1.00,3.027,False,None,0.000,False
1603.584,4,en_route_pickup,-6.024,-2.863,-6.000,-3.500,joint_grid_transaction,1071,1071,4,6,74,0.000,1.00,-1.668,False,None,0.000,False
1603.584,5,en_route_pickup,0.395,2.997,1.000,1.500,joint_grid_transaction,1071,1071,3,11,117,0.000,1.00,-0.089,False,None,0.000,False
1603.584,6,en_route_pickup,-7.629,-1.296,-6.000,3.500,joint_grid_transaction,1071,1071,4,13,66,0.000,1.00,2.082,False,None,0.000,False
1603.584,7,returning_home,-5.006,2.608,-4.000,3.000,joint_grid_transaction,1071,1071,3,13,None,0.000,1.00,1.483,False,None,0.000,False
1603.584,8,en_route_delivery,4.486,-3.067,3.000,1.500,joint_grid_transaction,1071,1071,3,13,82,0.000,1.00,3.125,False,None,0.000,False
1605.632,1,en_route_pickup,4.186,0.155,-1.000,1.500,joint_grid_transaction,1072,1072,2,9,76,0.000,1.00,-1.555,False,None,0.000,False
1605.632,2,en_route_delivery,1.718,-2.010,1.000,-1.500,joint_grid_transaction,1072,1072,2,7,72,0.000,1.00,3.037,False,joint_slot_deadline,1605.636,False
1605.632,3,en_route_delivery,-4.031,2.751,-6.000,3.500,joint_grid_transaction,1072,1072,1,8,68,0.000,0.85,3.044,False,joint_slot_deadline,1605.636,False
1605.632,4,en_route_delivery,-5.971,-2.924,0.000,3.500,joint_grid_transaction,1072,1072,1,9,74,0.000,1.00,-0.587,False,None,0.000,False
1605.632,5,en_route_pickup,0.706,3.024,1.000,1.500,joint_grid_transaction,1072,1072,2,9,117,0.000,1.00,-0.088,False,None,0.000,False
1605.632,6,en_route_pickup,-7.628,-1.221,-6.000,3.500,joint_grid_transaction,1072,1072,1,8,66,0.000,1.00,0.458,False,None,0.000,False
1605.632,7,returning_home,-4.978,2.291,-4.000,3.000,joint_grid_transaction,1072,1072,2,9,None,0.000,1.00,1.484,False,None,0.000,False
1605.632,8,en_route_delivery,4.378,-2.944,3.000,1.500,joint_grid_transaction,1072,1072,2,9,82,0.000,1.00,-2.254,False,None,0.000,False
1607.680,1,en_route_pickup,4.213,0.489,-1.000,1.500,joint_grid_transaction,1073,1072,3,8,76,0.000,1.00,-1.445,False,None,0.000,False
1607.680,2,en_route_delivery,1.418,-1.977,1.000,-1.500,joint_grid_transaction,1073,1072,4,5,72,0.000,1.00,3.039,False,None,0.000,False
1607.680,3,en_route_delivery,-4.271,2.728,-6.000,3.500,joint_grid_transaction,1073,1072,2,9,68,0.000,0.85,3.061,False,None,0.000,False
1607.680,4,en_route_delivery,-5.637,-2.993,0.000,3.500,joint_grid_transaction,1073,1072,3,9,74,0.000,1.00,-0.090,False,None,0.000,False
1607.680,5,en_route_pickup,0.865,2.927,1.000,1.500,joint_grid_transaction,1073,1072,3,8,117,0.000,1.00,-0.800,False,None,0.000,False
1607.680,6,en_route_pickup,-7.447,-1.189,-6.000,3.500,joint_grid_transaction,1073,1072,2,8,66,0.000,1.00,0.530,False,None,0.000,False
1607.680,7,returning_home,-4.954,2.022,-4.000,3.000,joint_grid_transaction,1073,1072,3,9,None,0.000,1.00,1.484,False,None,0.000,False
1607.680,8,en_route_delivery,4.274,-2.617,3.000,1.500,joint_grid_transaction,1073,1072,4,9,82,0.000,1.00,-1.712,False,None,0.000,False
1609.728,1,en_route_pickup,4.240,0.724,-1.000,1.500,joint_grid_transaction,1074,1074,2,9,76,0.000,1.00,-1.478,False,None,0.000,False
1609.728,2,en_route_pickup,1.376,-1.886,0.000,3.500,joint_grid_transaction,1074,1074,1,8,78,0.000,1.00,1.796,False,None,0.000,False
1609.728,3,en_route_delivery,-4.512,2.708,-6.000,3.500,joint_grid_transaction,1074,1074,2,9,68,0.000,1.00,3.059,False,None,0.000,False
1609.728,4,en_route_delivery,-5.320,-3.022,0.000,3.500,joint_grid_transaction,1074,1074,2,9,74,0.000,1.00,-0.088,False,None,0.000,False
1609.728,5,en_route_pickup,0.868,2.924,1.000,1.500,joint_grid_transaction,1074,1074,1,7,117,0.000,1.00,-0.804,False,joint_slot_deadline,1609.812,False
1609.728,6,en_route_pickup,-7.400,-1.156,-6.000,3.500,joint_grid_transaction,1074,1074,1,7,66,0.000,1.00,0.651,False,joint_slot_deadline,1609.812,False
1609.728,7,returning_home,-4.902,1.905,-4.000,3.000,joint_grid_transaction,1074,1074,2,9,None,0.000,1.00,0.951,False,None,0.000,False
1609.728,8,en_route_delivery,4.241,-2.298,3.000,1.500,joint_grid_transaction,1074,1074,2,9,82,0.000,1.00,-1.669,False,None,0.000,False
1611.776,1,en_route_pickup,4.269,1.043,-1.000,1.500,joint_grid_transaction,1075,1075,1,13,76,0.000,1.00,-1.480,False,None,0.000,False
1611.776,2,en_route_pickup,1.528,-1.958,0.000,3.500,joint_grid_transaction,1075,1075,1,13,78,0.000,1.00,0.069,False,None,0.000,False
1611.776,3,en_route_delivery,-4.702,2.694,-6.000,3.500,joint_grid_transaction,1075,1075,1,9,68,0.000,0.75,3.077,False,None,0.000,False
1611.776,4,en_route_delivery,-5.049,-3.046,0.000,3.500,joint_grid_transaction,1075,1075,1,12,74,0.000,1.00,-0.088,False,None,0.000,False
1611.776,5,en_route_pickup,0.965,2.629,1.000,1.500,joint_grid_transaction,1075,1075,2,6,117,0.000,1.00,-1.382,False,None,0.000,False
1611.776,6,en_route_pickup,-7.299,-0.886,-6.000,3.500,joint_grid_transaction,1075,1075,2,6,66,0.000,1.00,1.309,False,None,0.000,False
1611.776,7,returning_home,-4.803,1.881,-4.000,3.000,joint_grid_transaction,1075,1075,1,8,None,0.000,0.45,0.497,False,None,0.000,False
1611.776,8,en_route_delivery,4.214,-2.013,3.000,1.500,joint_grid_transaction,1075,1075,1,13,82,0.000,1.00,-1.665,False,None,0.000,False
1613.824,1,en_route_pickup,4.293,1.314,-1.000,1.500,joint_grid_transaction,1075,1075,3,13,76,0.000,1.00,-1.480,False,None,0.000,False
1613.824,2,en_route_pickup,1.776,-1.942,0.000,3.500,joint_grid_transaction,1075,1075,2,13,78,0.000,1.00,0.050,False,None,0.000,False
1613.824,3,en_route_delivery,-4.919,2.685,-6.000,3.500,joint_grid_transaction,1075,1075,2,9,68,0.000,1.00,3.091,False,None,0.000,False
1613.824,4,en_route_delivery,-4.836,-3.061,0.000,3.500,joint_grid_transaction,1075,1075,2,12,74,0.000,1.00,-0.068,False,None,0.000,False
1613.824,5,en_route_pickup,1.004,2.306,1.000,1.500,joint_grid_transaction,1075,1075,3,6,117,0.000,1.00,-1.468,False,None,0.000,False
1613.824,6,en_route_pickup,-7.250,-0.552,-6.000,3.500,joint_grid_transaction,1075,1075,3,6,66,0.000,1.00,1.475,False,None,0.000,False
1613.824,7,returning_home,-4.782,1.890,-4.000,3.000,_priority_yield_direct,1076,1075,0,1,None,1614.028,0.40,0.079,False,None,0.000,False
1613.824,8,en_route_delivery,4.191,-1.774,3.000,1.500,joint_grid_transaction,1075,1075,2,13,82,0.000,1.00,-1.659,False,None,0.000,False
1615.872,1,en_route_pickup,4.310,1.532,-1.000,1.500,joint_grid_transaction,1079,1079,1,9,76,0.000,1.00,-1.540,False,None,0.000,False
1615.872,2,en_route_pickup,2.003,-1.932,0.000,3.500,joint_grid_transaction,1079,1079,1,9,78,0.000,1.00,0.027,False,None,0.000,False
1615.872,3,en_route_delivery,-5.157,2.687,-6.000,3.500,joint_grid_transaction,1079,1079,2,8,68,0.000,1.00,-3.084,False,None,0.000,False
1615.872,4,en_route_delivery,-4.605,-3.064,0.000,3.500,joint_grid_transaction,1079,1079,2,9,74,0.000,1.00,-0.034,False,None,0.000,False
1615.872,5,en_route_delivery,1.033,2.021,0.000,3.500,joint_grid_transaction,1079,1079,2,9,117,0.000,1.00,-1.436,False,None,0.000,False
1615.872,6,en_route_pickup,-7.222,-0.251,-6.000,3.500,joint_grid_transaction,1079,1079,1,3,66,0.000,1.00,1.478,False,None,0.000,False
1615.872,7,returning_home,-4.782,1.890,-4.000,3.000,joint_grid_transaction,1079,1079,1,8,None,1616.028,0.40,0.047,False,None,0.000,False
1615.872,8,en_route_delivery,4.184,-1.548,3.000,1.500,joint_grid_transaction,1079,1079,1,9,82,0.000,1.00,-1.616,False,None,0.000,False
1617.920,1,en_route_pickup,4.318,1.765,-1.000,1.500,joint_grid_transaction,1080,1080,1,8,76,0.000,1.00,-1.556,False,None,0.000,False
1617.920,2,en_route_pickup,2.287,-1.950,0.000,3.500,joint_grid_transaction,1080,1080,2,9,78,0.000,1.00,0.126,False,None,0.000,False
1617.920,3,en_route_delivery,-5.449,2.722,-6.000,3.500,joint_grid_transaction,1080,1080,2,7,68,0.000,1.00,-3.033,False,None,0.000,False
1617.920,4,en_route_delivery,-4.449,-3.004,0.000,3.500,joint_grid_transaction,1080,1080,2,9,74,0.000,1.00,-0.725,False,None,0.000,False
1617.920,5,en_route_delivery,1.174,2.058,0.000,3.500,joint_grid_transaction,1079,1079,2,9,117,0.000,1.00,-0.321,False,None,0.000,False
1617.920,6,en_route_pickup,-7.198,0.003,-6.000,3.500,joint_grid_transaction,1080,1080,1,2,66,0.000,1.00,1.479,False,None,0.000,False
1617.920,7,returning_home,-4.556,1.936,-4.000,3.000,joint_grid_transaction,1080,1080,2,8,None,0.000,1.00,0.200,False,None,0.000,False
1617.920,8,en_route_delivery,4.192,-1.292,3.000,1.500,joint_grid_transaction,1080,1080,2,9,82,0.000,1.00,-1.494,False,None,0.000,False
1619.968,1,en_route_pickup,4.182,1.880,-1.000,1.500,joint_grid_transaction,1081,1081,2,9,76,0.000,1.00,-2.459,False,None,0.000,False
1619.968,2,en_route_pickup,2.586,-1.985,0.000,3.500,joint_grid_transaction,1081,1081,2,9,78,0.000,1.00,0.098,False,None,0.000,False
1619.968,3,en_route_delivery,-5.783,2.757,-6.000,3.500,joint_grid_transaction,1081,1081,1,5,68,0.000,1.00,-2.985,False,None,0.000,False
1619.968,4,en_route_delivery,-4.295,-2.705,0.000,3.500,joint_grid_transaction,1081,1081,1,9,74,0.000,1.00,-1.315,False,None,0.000,False
1619.968,5,en_route_delivery,1.491,2.001,0.000,3.500,joint_grid_transaction,1081,1081,0,2,117,0.000,1.00,-0.379,False,None,0.000,False
1619.968,6,en_route_pickup,-7.197,0.038,-6.000,3.500,joint_grid_transaction,1081,1081,1,2,66,0.000,1.00,1.516,False,joint_window_endpoint,1620.340,False
1619.968,7,returning_home,-4.222,1.989,-4.000,3.000,joint_grid_transaction,1081,1081,2,6,None,0.000,1.00,0.312,False,None,0.000,False
1619.968,8,en_route_delivery,4.234,-0.923,3.000,1.500,joint_grid_transaction,1081,1081,2,9,82,0.000,1.00,-1.471,False,None,0.000,False
1622.016,1,en_route_pickup,4.029,1.937,-1.000,1.500,joint_grid_transaction,1082,1082,2,9,76,0.000,1.00,-2.833,False,None,0.000,False
1622.016,2,en_route_pickup,2.911,-2.016,0.000,3.500,joint_grid_transaction,1082,1082,2,9,78,0.000,1.00,0.094,False,None,0.000,False
1622.016,3,en_route_delivery,-5.859,2.837,-6.000,3.500,joint_grid_transaction,1082,1082,2,5,68,0.000,1.00,-2.380,False,joint_slot_deadline,1622.292,False
1622.016,4,en_route_delivery,-4.249,-2.348,0.000,3.500,joint_grid_transaction,1082,1082,2,9,74,0.000,1.00,-1.477,False,None,0.000,False
1622.016,5,en_route_delivery,1.352,2.001,0.000,3.500,joint_grid_transaction,1082,1082,2,4,117,0.000,1.00,-2.677,False,None,0.000,False
1622.016,6,en_route_pickup,-7.197,0.038,-6.000,3.500,joint_grid_transaction,1082,1082,1,2,66,0.000,1.00,1.522,False,joint_window_endpoint,1622.420,False
1622.016,7,returning_home,-4.134,2.083,-4.000,3.000,joint_grid_transaction,1082,1082,2,6,None,0.000,1.00,0.819,False,joint_slot_deadline,1622.292,False
1622.016,8,en_route_delivery,4.266,-0.598,3.000,1.500,joint_grid_transaction,1082,1082,2,9,82,0.000,1.00,-1.476,False,None,0.000,False
1624.064,1,en_route_pickup,3.666,1.995,-1.000,1.500,joint_grid_transaction,1083,1083,2,9,76,0.000,1.00,-3.047,False,None,0.000,False
1624.064,2,en_route_pickup,3.186,-2.041,0.000,3.500,joint_grid_transaction,1083,1083,2,9,78,0.000,1.00,0.090,False,None,0.000,False
1624.064,3,en_route_pickup,-5.954,3.093,1.000,-1.500,joint_grid_transaction,1082,1082,4,4,79,0.000,1.00,-1.816,False,None,0.000,False
1624.064,4,en_route_delivery,-4.221,-2.046,0.000,3.500,joint_grid_transaction,1083,1083,2,9,74,0.000,1.00,-1.483,False,None,0.000,False
1624.064,5,en_route_delivery,1.054,1.974,0.000,3.500,joint_grid_transaction,1083,1083,2,3,117,0.000,1.00,-3.079,False,None,0.000,False
1624.064,6,en_route_pickup,-7.181,0.005,-6.000,3.500,joint_grid_transaction,1083,1083,2,9,66,0.000,1.00,0.945,False,None,0.000,False
1624.064,7,returning_home,-4.040,2.348,-4.000,3.000,joint_grid_transaction,1083,1083,2,4,None,0.000,1.00,1.355,False,None,0.000,False
1624.064,8,en_route_delivery,4.291,-0.323,3.000,1.500,joint_grid_transaction,1083,1083,2,9,82,0.000,1.00,-1.480,False,None,0.000,False
1626.112,1,en_route_pickup,3.355,2.024,-1.000,1.500,joint_grid_transaction,1083,1083,3,9,76,0.000,1.00,-3.050,False,None,0.000,False
1626.112,2,en_route_pickup,3.424,-2.060,0.000,3.500,joint_grid_transaction,1083,1083,3,9,78,0.000,1.00,0.072,False,None,0.000,False
1626.112,3,en_route_pickup,-5.984,3.284,1.000,-1.500,joint_grid_transaction,1082,1082,5,4,79,0.000,1.00,-1.677,False,None,0.000,False
1626.112,4,en_route_delivery,-4.199,-1.801,0.000,3.500,joint_grid_transaction,1083,1083,3,9,74,0.000,1.00,-1.480,False,None,0.000,False
1626.112,5,en_route_delivery,0.967,1.969,0.000,3.500,joint_grid_transaction,1083,1083,2,3,117,0.000,1.00,-3.078,False,joint_window_endpoint,1626.580,False
1626.112,6,en_route_pickup,-6.904,0.001,-6.000,3.500,joint_grid_transaction,1083,1083,3,9,66,0.000,1.00,0.080,False,None,0.000,False
1626.112,7,returning_home,-3.998,2.703,-4.000,3.000,joint_grid_transaction,1083,1083,3,4,None,0.000,1.00,1.476,False,None,0.000,False
1626.112,8,en_route_delivery,4.310,-0.085,3.000,1.500,joint_grid_transaction,1083,1083,3,9,82,0.000,1.00,-1.498,False,None,0.000,False
1628.160,1,en_route_pickup,3.131,2.045,-1.000,1.500,joint_grid_transaction,1084,1084,2,8,76,0.000,1.00,-3.048,False,None,0.000,False
1628.160,2,en_route_pickup,3.654,-2.065,0.000,3.500,joint_grid_transaction,1084,1084,2,9,78,0.000,1.00,0.004,False,None,0.000,False
1628.160,3,en_route_pickup,-5.822,3.232,1.000,-1.500,joint_grid_transaction,1084,1084,2,9,79,0.000,1.00,-0.193,False,None,0.000,False
1628.160,4,en_route_delivery,-4.186,-1.577,0.000,3.500,joint_grid_transaction,1084,1084,2,9,74,0.000,1.00,-1.511,False,None,0.000,False
1628.160,5,en_route_delivery,0.727,1.952,0.000,3.500,joint_grid_transaction,1084,1084,2,6,117,0.000,1.00,-3.070,False,None,0.000,False
1628.160,6,en_route_pickup,-6.624,0.024,-6.000,3.500,joint_grid_transaction,1084,1084,3,9,66,0.000,1.00,0.085,False,None,0.000,False
1628.160,7,returning_home,-4.082,2.862,-4.000,3.000,joint_grid_transaction,1084,1084,3,9,None,0.000,1.00,2.332,False,joint_slot_deadline,1628.692,False
1628.160,8,en_route_delivery,4.314,0.135,3.000,1.500,joint_grid_transaction,1084,1084,2,8,82,0.000,1.00,-1.585,False,None,0.000,False
1630.208,1,en_route_pickup,2.910,2.060,-1.000,1.500,joint_grid_transaction,1085,1085,2,9,76,0.000,1.00,-3.097,False,None,0.000,False
1630.208,2,en_route_pickup,3.941,-2.056,0.000,3.500,joint_grid_transaction,1085,1085,2,9,78,0.000,1.00,0.055,False,None,0.000,False
1630.208,3,en_route_pickup,-5.485,3.265,1.000,-1.500,joint_grid_transaction,1085,1085,2,9,79,0.000,1.00,-0.083,False,None,0.000,False
1630.208,4,en_route_delivery,-4.187,-1.338,0.000,3.500,joint_grid_transaction,1085,1085,2,9,74,0.000,1.00,-1.613,False,None,0.000,False
1630.208,5,en_route_delivery,0.495,1.936,0.000,3.500,joint_grid_transaction,1085,1085,2,7,117,0.000,1.00,-3.100,False,None,0.000,False
1630.208,6,en_route_pickup,-6.355,0.047,-6.000,3.500,joint_grid_transaction,1085,1085,2,9,66,0.000,1.00,0.087,False,None,0.000,False
1630.208,7,returning_home,-4.062,2.885,-4.000,3.000,joint_grid_transaction,1085,1085,1,8,None,0.000,1.00,2.120,False,joint_slot_deadline,1630.132,False
1630.208,8,en_route_delivery,4.290,0.465,3.000,1.500,joint_grid_transaction,1085,1085,2,9,82,0.000,1.00,-1.691,False,None,0.000,False
1632.256,1,en_route_pickup,2.694,2.068,-1.000,1.500,joint_grid_transaction,1085,1085,3,9,76,0.000,1.00,3.123,False,None,0.000,False
1632.256,2,en_route_pickup,4.123,-1.925,0.000,3.500,joint_grid_transaction,1085,1085,3,9,78,0.000,1.00,0.892,False,None,0.000,False
1632.256,3,en_route_pickup,-5.204,3.289,1.000,-1.500,joint_grid_transaction,1085,1085,3,9,79,0.000,1.00,-0.086,False,None,0.000,False
1632.256,4,en_route_delivery,-4.225,-0.979,0.000,3.500,joint_grid_transaction,1085,1085,3,9,74,0.000,1.00,-1.681,False,None,0.000,False
1632.256,5,en_route_delivery,0.244,1.935,0.000,3.500,joint_grid_transaction,1085,1085,3,7,117,0.000,1.00,-3.139,False,None,0.000,False
1632.256,6,en_route_pickup,-6.200,0.076,-6.000,3.500,joint_grid_transaction,1085,1085,3,9,66,0.000,1.00,0.490,False,None,0.000,False
1632.256,7,returning_home,-4.033,2.878,-4.000,3.000,joint_grid_transaction,1085,1085,3,8,None,0.000,1.00,0.933,False,None,0.000,False
1632.256,8,en_route_delivery,4.252,0.825,3.000,1.500,joint_grid_transaction,1085,1085,4,9,82,0.000,1.00,-1.664,False,None,0.000,False
1634.304,1,en_route_pickup,2.437,2.047,-1.000,1.500,joint_grid_transaction,1086,1086,3,9,76,0.000,1.00,3.006,False,None,0.000,False
1634.304,2,en_route_pickup,4.172,-1.812,0.000,3.500,joint_grid_transaction,1086,1086,2,8,78,0.000,1.00,1.187,False,None,0.000,False
1634.304,3,en_route_pickup,-4.968,3.307,1.000,-1.500,joint_grid_transaction,1086,1086,2,9,79,0.000,1.00,-0.044,False,None,0.000,False
1634.304,4,en_route_delivery,-4.254,-0.697,0.000,3.500,joint_grid_transaction,1086,1086,3,9,74,0.000,1.00,-1.675,False,None,0.000,False
1634.304,5,en_route_delivery,-0.038,1.945,0.000,3.500,joint_grid_transaction,1086,1086,2,5,117,0.000,1.00,3.078,False,None,0.000,False
1634.304,6,en_route_pickup,-6.170,0.135,-6.000,3.500,joint_grid_transaction,1086,1086,3,9,66,0.000,1.00,0.875,False,None,0.000,False
1634.304,7,returning_home,-3.943,2.907,-4.000,3.000,joint_grid_transaction,1086,1086,2,8,None,0.000,1.00,0.501,False,None,0.000,False
1634.304,8,en_route_delivery,4.230,1.052,3.000,1.500,joint_grid_transaction,1086,1086,2,8,82,0.000,1.00,-1.668,False,None,0.000,False
1636.352,1,en_route_pickup,2.073,2.006,-1.000,1.500,joint_grid_transaction,1086,1086,4,9,76,0.000,1.00,3.043,False,None,0.000,False
1636.352,2,en_route_pickup,4.236,-1.536,0.000,3.500,joint_grid_transaction,1086,1086,3,8,78,0.000,1.00,1.473,False,None,0.000,False
1636.352,3,en_route_pickup,-4.741,3.318,1.000,-1.500,joint_grid_transaction,1086,1086,3,9,79,0.000,1.00,-0.022,False,None,0.000,False
1636.352,4,en_route_delivery,-4.283,-0.408,0.000,3.500,joint_grid_transaction,1086,1086,4,9,74,0.000,1.00,-1.671,False,None,0.000,False
1636.352,5,en_route_delivery,-0.412,1.984,0.000,3.500,joint_grid_transaction,1086,1086,4,5,117,0.000,1.00,3.045,False,None,0.000,False
1636.352,6,en_route_pickup,-6.028,0.468,-6.000,3.500,joint_grid_transaction,1086,1086,4,9,66,0.000,1.00,1.406,False,None,0.000,False
1636.352,7,returning_home,-3.582,2.989,-4.000,3.000,joint_grid_transaction,1086,1086,3,8,None,0.000,1.00,0.090,False,None,0.000,False
1636.352,8,en_route_delivery,4.205,1.317,3.000,1.500,joint_grid_transaction,1086,1086,3,8,82,0.000,1.00,-1.666,False,None,0.000,False
1638.400,1,en_route_pickup,1.764,1.976,-1.000,1.500,joint_grid_transaction,1087,1087,2,9,76,0.000,1.00,3.047,False,None,0.000,False
1638.400,2,en_route_pickup,4.266,-1.211,0.000,3.500,joint_grid_transaction,1087,1087,2,9,78,0.000,1.00,1.481,False,None,0.000,False
1638.400,3,en_route_pickup,-4.463,3.298,1.000,-1.500,joint_grid_transaction,1087,1087,2,9,79,0.000,1.00,-0.276,False,None,0.000,False
1638.400,4,en_route_delivery,-4.304,-0.181,0.000,3.500,joint_grid_transaction,1087,1087,2,8,74,0.000,1.00,-1.642,False,None,0.000,False
1638.400,5,en_route_delivery,-0.738,2.015,0.000,3.500,joint_grid_transaction,1087,1087,2,3,117,0.000,1.00,3.048,False,None,0.000,False
1638.400,6,en_route_pickup,-5.992,0.816,-6.000,3.500,joint_grid_transaction,1087,1087,3,9,66,0.000,1.00,1.482,False,None,0.000,False
1638.400,7,returning_home,-3.259,3.018,-4.000,3.000,joint_grid_transaction,1087,1087,2,9,None,0.000,1.00,0.088,False,None,0.000,False
1638.400,8,en_route_delivery,4.189,1.534,3.000,1.500,joint_grid_transaction,1087,1087,2,9,82,0.000,1.00,-1.597,False,None,0.000,False
1640.448,1,en_route_pickup,1.502,1.953,-1.000,1.500,joint_grid_transaction,1089,1089,2,9,76,0.000,1.00,3.057,False,None,0.000,False
1640.448,2,en_route_pickup,4.291,-0.935,0.000,3.500,joint_grid_transaction,1089,1089,2,9,78,0.000,1.00,1.480,False,None,0.000,False
1640.448,3,en_route_pickup,-4.374,3.178,1.000,-1.500,joint_grid_transaction,1089,1089,2,9,79,0.000,1.00,-0.854,False,joint_slot_deadline,1640.788,False
1640.448,4,en_route_delivery,-4.316,0.034,0.000,3.500,joint_grid_transaction,1089,1089,1,9,74,0.000,1.00,-1.570,False,None,0.000,False
1640.448,5,en_route_delivery,-0.900,2.031,0.000,3.500,joint_grid_transaction,1089,1089,2,9,117,0.000,1.00,3.045,False,None,0.000,False
1640.448,6,en_route_pickup,-5.966,1.109,-6.000,3.500,joint_grid_transaction,1089,1089,2,9,66,0.000,1.00,1.482,False,None,0.000,False
1640.448,7,returning_home,-3.214,3.022,-4.000,3.000,joint_grid_transaction,1089,1089,2,8,None,0.000,1.00,0.072,False,joint_slot_deadline,1640.788,False
1640.448,8,en_route_delivery,4.183,1.773,3.000,1.500,joint_grid_transaction,1089,1089,1,8,82,0.000,1.00,-1.585,False,None,0.000,False
1642.496,1,en_route_pickup,1.270,1.936,-1.000,1.500,joint_grid_transaction,1090,1090,1,9,76,0.000,1.00,3.080,False,None,0.000,False
1642.496,2,en_route_pickup,4.308,-0.714,0.000,3.500,joint_grid_transaction,1090,1090,1,9,78,0.000,1.00,1.542,False,None,0.000,False
1642.496,3,en_route_pickup,-4.288,2.920,1.000,-1.500,joint_grid_transaction,1090,1090,2,9,79,0.000,1.00,-1.361,False,None,0.000,False
1642.496,4,en_route_delivery,-4.302,0.337,0.000,3.500,joint_grid_transaction,1090,1090,2,9,74,0.000,1.00,-1.482,False,None,0.000,False
1642.496,5,en_route_delivery,-1.038,2.044,0.000,3.500,joint_grid_transaction,1090,1090,2,9,117,0.000,1.00,3.063,False,joint_slot_deadline,1643.412,False
1642.496,6,en_route_pickup,-5.946,1.355,-6.000,3.500,joint_grid_transaction,1090,1090,2,9,66,0.000,1.00,1.494,False,None,0.000,False
1642.496,7,returning_home,-3.213,3.021,-4.000,3.000,joint_grid_transaction,1090,1090,2,6,None,0.000,1.00,0.059,False,joint_slot_deadline,1643.412,False
1642.496,8,en_route_delivery,4.133,1.827,3.000,1.500,joint_grid_transaction,1090,1090,2,9,82,0.000,1.00,-2.264,False,joint_slot_deadline,1643.412,False
1644.544,1,en_route_pickup,1.018,1.939,-1.000,1.500,joint_grid_transaction,1090,1090,2,9,76,0.000,1.00,-3.109,False,None,0.000,False
1644.544,2,en_route_pickup,4.318,-0.486,0.000,3.500,joint_grid_transaction,1090,1090,2,9,78,0.000,1.00,1.556,False,None,0.000,False
1644.544,3,en_route_pickup,-4.247,2.566,1.000,-1.500,joint_grid_transaction,1090,1090,3,9,79,0.000,1.00,-1.477,False,None,0.000,False
1644.544,4,en_route_delivery,-4.326,0.581,0.000,3.500,joint_grid_transaction,1090,1090,3,9,74,0.000,1.00,-2.207,False,None,0.000,False
1644.544,5,en_route_delivery,-1.039,2.044,0.000,3.500,joint_grid_transaction,1090,1090,3,9,117,0.000,1.00,3.062,False,joint_slot_deadline,1644.612,False
1644.544,6,en_route_pickup,-5.935,1.571,-6.000,3.500,joint_grid_transaction,1090,1090,3,9,66,0.000,1.00,1.572,False,None,0.000,False
1644.544,7,returning_home,-3.282,2.970,-4.000,3.000,joint_grid_transaction,1090,1090,3,6,None,0.000,0.85,0.966,False,joint_slot_deadline,1644.612,False
1644.544,8,en_route_delivery,3.993,1.898,3.000,1.500,joint_grid_transaction,1090,1090,3,9,82,0.000,1.00,-2.658,False,None,0.000,False
1646.592,1,en_route_pickup,0.659,1.975,-1.000,1.500,joint_grid_transaction,1091,1091,2,9,76,0.000,1.00,-3.039,False,None,0.000,False
1646.592,2,en_route_pickup,4.297,-0.178,0.000,3.500,joint_grid_transaction,1091,1091,2,9,78,0.000,1.00,1.688,False,None,0.000,False
1646.592,3,en_route_pickup,-4.219,2.269,1.000,-1.500,joint_grid_transaction,1091,1091,1,8,79,0.000,1.00,-1.480,False,None,0.000,False
1646.592,4,en_route_delivery,-4.482,0.714,0.000,3.500,joint_grid_transaction,1091,1091,1,9,74,0.000,1.00,-2.274,False,None,0.000,False
1646.592,5,en_route_delivery,-1.104,2.049,0.000,3.500,joint_grid_transaction,1091,1091,2,9,117,0.000,1.00,3.064,False,None,0.000,False
1646.592,6,en_route_pickup,-5.939,1.847,-6.000,3.500,joint_grid_transaction,1091,1091,2,8,66,0.000,1.00,1.594,False,None,0.000,False
1646.592,7,returning_home,-3.366,3.019,-4.000,3.000,joint_grid_transaction,1091,1091,2,4,None,0.000,0.85,2.714,False,None,0.000,False
1646.592,8,en_route_delivery,3.628,1.987,3.000,1.500,joint_grid_transaction,1091,1091,2,6,82,0.000,1.00,-3.053,False,None,0.000,False
1648.640,1,en_route_pickup,0.318,2.008,-1.000,1.500,joint_grid_transaction,1091,1091,3,9,76,0.000,1.00,-3.049,False,None,0.000,False
1648.640,2,en_route_pickup,4.257,0.188,0.000,3.500,joint_grid_transaction,1091,1091,3,9,78,0.000,1.00,1.669,False,None,0.000,False
1648.640,3,en_route_pickup,-4.199,2.049,1.000,-1.500,joint_grid_transaction,1091,1091,2,8,79,0.000,1.00,-1.478,False,None,0.000,False
1648.640,4,en_route_delivery,-4.588,0.860,0.000,3.500,joint_grid_transaction,1091,1091,3,9,74,0.000,1.00,-2.506,False,None,0.000,False
1648.640,5,en_route_delivery,-1.328,2.061,0.000,3.500,joint_grid_transaction,1091,1091,3,9,117,0.000,1.00,3.121,False,None,0.000,False
1648.640,6,en_route_pickup,-5.969,2.196,-6.000,3.500,joint_grid_transaction,1091,1091,3,8,66,0.000,1.00,1.673,False,None,0.000,False
1648.640,7,returning_home,-3.668,2.982,-4.000,3.000,joint_grid_transaction,1091,1091,3,4,None,0.000,1.00,3.071,False,None,0.000,False
1648.640,8,en_route_pickup,3.301,2.016,0.000,-3.500,joint_grid_transaction,1091,1091,3,3,80,0.000,1.00,-3.054,False,None,0.000,False
1650.688,1,en_route_pickup,0.029,2.034,-1.000,1.500,joint_grid_transaction,1093,1093,2,8,76,0.000,1.00,-3.052,False,None,0.000,False
1650.688,2,en_route_pickup,4.228,0.496,0.000,3.500,joint_grid_transaction,1093,1093,1,8,78,0.000,0.85,1.650,False,None,0.000,False
1650.688,3,en_route_pickup,-4.187,1.827,1.000,-1.500,joint_grid_transaction,1093,1093,2,9,79,0.000,1.00,-1.513,False,None,0.000,False
1650.688,4,en_route_delivery,-4.769,0.896,0.000,3.500,joint_grid_transaction,1093,1093,1,9,74,0.000,1.00,-2.987,False,None,0.000,False
1650.688,5,en_route_delivery,-1.559,2.066,0.000,3.500,joint_grid_transaction,1093,1093,2,3,117,0.000,1.00,-3.127,False,None,0.000,False
1650.688,6,en_route_pickup,-6.002,2.531,-6.000,3.500,joint_grid_transaction,1093,1093,1,5,66,0.000,1.00,1.665,False,None,0.000,False
1650.688,7,en_route_pickup,-3.872,2.967,1.000,-1.500,joint_grid_transaction,1093,1093,2,9,81,0.000,1.00,3.064,False,None,0.000,False
1650.688,8,en_route_pickup,3.311,2.095,0.000,-3.500,joint_grid_transaction,1093,1093,2,9,80,0.000,1.00,-1.204,False,None,0.000,False
1652.736,1,en_route_pickup,-0.214,2.057,-1.000,1.500,joint_grid_transaction,1094,1094,1,6,76,0.000,1.00,-3.050,False,None,0.000,False
1652.736,2,en_route_pickup,4.211,0.705,0.000,3.500,joint_grid_transaction,1094,1094,1,8,78,0.000,1.00,1.655,False,None,0.000,False
1652.736,3,en_route_pickup,-4.187,1.589,1.000,-1.500,joint_grid_transaction,1094,1094,2,9,79,0.000,1.00,-1.609,False,None,0.000,False
1652.736,4,en_route_delivery,-5.026,0.961,0.000,3.500,joint_grid_transaction,1094,1094,1,9,74,0.000,1.00,-2.674,False,None,0.000,False
1652.736,5,en_route_delivery,-1.789,2.052,0.000,3.500,joint_grid_transaction,1094,1094,2,9,117,0.000,1.00,3.063,False,None,0.000,False
1652.736,6,en_route_pickup,-6.023,2.747,-6.000,3.500,joint_grid_transaction,1094,1094,1,4,66,0.000,1.00,1.668,False,None,0.000,False
1652.736,7,en_route_pickup,-4.065,2.926,1.000,-1.500,joint_grid_transaction,1094,1094,2,9,81,0.000,1.00,2.599,False,None,0.000,False
1652.736,8,en_route_pickup,3.530,2.036,0.000,-3.500,joint_grid_transaction,1094,1094,1,9,80,0.000,1.00,-0.049,False,None,0.000,False
1654.784,1,en_route_pickup,-0.439,2.065,-1.000,1.500,joint_grid_transaction,1095,1095,2,6,76,0.000,1.00,-3.102,False,None,0.000,False
1654.784,2,en_route_pickup,4.198,0.864,0.000,3.500,joint_grid_transaction,1095,1095,2,9,78,0.000,1.00,1.644,False,None,0.000,False
1654.784,3,en_route_pickup,-4.219,1.285,1.000,-1.500,joint_grid_transaction,1095,1095,2,9,79,0.000,1.00,-1.690,False,None,0.000,False
1654.784,4,en_route_delivery,-5.154,1.143,0.000,3.500,joint_grid_transaction,1095,1095,1,8,74,0.000,1.00,-2.004,False,joint_slot_deadline,1655.668,False
1654.784,5,en_route_delivery,-1.846,2.155,0.000,3.500,joint_grid_transaction,1095,1095,2,9,117,0.000,1.00,2.219,False,joint_slot_deadline,1655.668,False
1654.784,6,en_route_delivery,-6.042,2.964,-1.000,1.500,joint_grid_transaction,1095,1095,1,9,66,0.000,1.00,1.215,False,None,0.000,False
1654.784,7,en_route_pickup,-4.100,2.846,1.000,-1.500,joint_grid_transaction,1095,1095,2,9,81,0.000,1.00,2.207,False,joint_slot_deadline,1655.668,False
1654.784,8,en_route_pickup,3.788,2.052,0.000,-3.500,joint_grid_transaction,1095,1095,1,9,80,0.000,1.00,-0.065,False,None,0.000,False
1656.832,1,en_route_pickup,-0.686,2.062,-1.000,1.500,joint_grid_transaction,1095,1095,3,6,76,0.000,1.00,3.095,False,None,0.000,False
1656.832,2,en_route_pickup,4.187,1.089,0.000,3.500,joint_grid_transaction,1095,1095,3,9,78,0.000,1.00,1.588,False,None,0.000,False
1656.832,3,en_route_pickup,-4.248,1.029,1.000,-1.500,joint_grid_transaction,1095,1095,3,9,79,0.000,1.00,-1.674,False,None,0.000,False
1656.832,4,en_route_delivery,-5.205,1.286,0.000,3.500,joint_grid_transaction,1095,1095,2,8,74,0.000,1.00,-1.840,False,joint_slot_deadline,1656.868,False
1656.832,5,en_route_delivery,-1.926,2.296,0.000,3.500,joint_grid_transaction,1095,1095,3,9,117,0.000,1.00,1.991,False,joint_slot_deadline,1656.868,False
1656.832,6,en_route_delivery,-5.801,2.975,-1.000,1.500,joint_grid_transaction,1095,1095,2,9,66,0.000,1.00,0.165,False,None,0.000,False
1656.832,7,en_route_pickup,-4.177,2.707,1.000,-1.500,joint_grid_transaction,1095,1095,3,9,81,0.000,1.00,1.981,False,joint_slot_deadline,1656.868,False
1656.832,8,en_route_pickup,3.889,2.228,0.000,-3.500,joint_grid_transaction,1095,1095,3,9,80,0.000,1.00,-1.081,False,None,0.000,False
1658.880,1,en_route_delivery,-0.703,1.968,6.000,3.500,joint_grid_transaction,1096,1096,2,9,76,0.000,1.00,1.500,False,None,0.000,False
1658.880,2,en_route_pickup,4.183,1.323,0.000,3.500,joint_grid_transaction,1096,1096,2,9,78,0.000,1.00,1.553,False,None,0.000,False
1658.880,3,en_route_pickup,-4.277,0.731,1.000,-1.500,joint_grid_transaction,1096,1096,2,9,79,0.000,1.00,-1.666,False,None,0.000,False
1658.880,4,en_route_delivery,-5.242,1.531,0.000,3.500,joint_grid_transaction,1096,1096,1,8,74,0.000,0.85,-1.658,False,joint_slot_deadline,1659.140,False
1658.880,5,en_route_delivery,-1.930,2.421,0.000,3.500,joint_grid_transaction,1096,1096,2,9,117,0.000,1.00,0.667,False,None,0.000,False
1658.880,6,en_route_delivery,-5.469,3.009,-1.000,1.500,joint_grid_transaction,1096,1096,2,9,66,0.000,1.00,0.087,False,None,0.000,False
1658.880,7,en_route_pickup,-4.233,2.466,1.000,-1.500,joint_grid_transaction,1096,1096,1,8,81,0.000,1.00,1.690,False,joint_slot_deadline,1659.140,False
1658.880,8,en_route_pickup,3.980,2.533,0.000,-3.500,joint_grid_transaction,1096,1096,2,9,80,0.000,1.00,-1.432,False,joint_slot_deadline,1659.140,False
1660.928,1,en_route_delivery,-0.486,2.010,6.000,3.500,joint_grid_transaction,1096,1096,2,9,76,0.000,1.00,0.134,False,None,0.000,False
1660.928,2,en_route_pickup,4.212,1.660,0.000,3.500,joint_grid_transaction,1096,1096,3,9,78,0.000,1.00,1.460,False,None,0.000,False
1660.928,3,en_route_pickup,-4.300,0.499,1.000,-1.500,joint_grid_transaction,1096,1096,3,9,79,0.000,1.00,-1.667,False,None,0.000,False
1660.928,4,en_route_delivery,-5.263,1.756,0.000,3.500,joint_grid_transaction,1096,1096,2,8,74,0.000,0.85,-1.646,False,None,0.000,False
1660.928,5,en_route_delivery,-1.608,2.487,0.000,3.500,joint_grid_transaction,1096,1096,3,9,117,0.000,1.00,0.093,False,None,0.000,False
1660.928,6,en_route_delivery,-5.222,3.032,-1.000,1.500,joint_grid_transaction,1096,1096,3,9,66,0.000,1.00,0.091,False,None,0.000,False
1660.928,7,en_route_pickup,-4.263,2.189,1.000,-1.500,joint_grid_transaction,1096,1096,3,8,81,0.000,1.00,1.669,False,None,0.000,False
1660.928,8,en_route_pickup,4.009,2.773,0.000,-3.500,joint_grid_transaction,1096,1096,4,9,80,0.000,1.00,-1.209,False,None,0.000,False
1662.976,1,en_route_delivery,-0.157,1.981,6.000,3.500,joint_grid_transaction,1097,1097,3,9,76,0.000,1.00,0.082,False,None,0.000,False
1662.976,2,en_route_pickup,4.211,1.777,0.000,3.500,joint_grid_transaction,1097,1097,2,8,78,0.000,1.00,2.078,False,None,0.000,False
1662.976,3,en_route_pickup,-4.315,0.271,1.000,-1.500,joint_grid_transaction,1097,1097,2,9,79,0.000,1.00,-1.632,False,None,0.000,False
1662.976,4,en_route_delivery,-5.282,2.006,0.000,3.500,joint_grid_transaction,1097,1097,2,9,74,0.000,1.00,-1.651,False,None,0.000,False
1662.976,5,en_route_delivery,-1.368,2.510,0.000,3.500,joint_grid_transaction,1097,1097,3,9,117,0.000,1.00,0.099,False,None,0.000,False
1662.976,6,en_route_delivery,-4.979,3.053,-1.000,1.500,joint_grid_transaction,1097,1097,2,9,66,0.000,1.00,0.068,False,None,0.000,False
1662.976,7,en_route_pickup,-4.290,1.911,1.000,-1.500,joint_grid_transaction,1097,1097,3,9,81,0.000,1.00,1.667,False,None,0.000,False
1662.976,8,en_route_pickup,4.085,2.861,0.000,-3.500,joint_grid_transaction,1097,1097,3,9,80,0.000,1.00,-0.840,False,joint_slot_deadline,1663.492,False
1665.024,1,en_route_delivery,0.122,1.958,6.000,3.500,joint_grid_transaction,1097,1097,4,9,76,0.000,1.00,0.085,False,None,0.000,False
1665.024,2,en_route_pickup,3.956,1.931,0.000,3.500,joint_grid_transaction,1097,1097,3,8,78,0.000,1.00,2.759,False,None,0.000,False
1665.024,3,en_route_pickup,-4.310,0.018,1.000,-1.500,joint_grid_transaction,1097,1097,3,9,79,0.000,1.00,-1.530,False,None,0.000,False
1665.024,4,en_route_delivery,-5.149,2.120,0.000,3.500,joint_grid_transaction,1097,1097,4,9,74,0.000,1.00,-0.574,False,None,0.000,False
1665.024,5,en_route_delivery,-1.085,2.538,0.000,3.500,joint_grid_transaction,1097,1097,4,9,117,0.000,1.00,0.096,False,None,0.000,False
1665.024,6,en_route_delivery,-4.750,3.066,-1.000,1.500,joint_grid_transaction,1097,1097,3,9,66,0.000,1.00,0.035,False,None,0.000,False
1665.024,7,en_route_pickup,-4.307,1.688,1.000,-1.500,joint_grid_transaction,1097,1097,4,9,81,0.000,1.00,1.617,False,None,0.000,False
1665.024,8,en_route_pickup,4.088,2.860,0.000,-3.500,joint_grid_transaction,1097,1097,5,9,80,0.000,1.00,-0.824,False,joint_slot_deadline,1665.892,False
1667.072,1,en_route_delivery,0.360,1.942,6.000,3.500,joint_grid_transaction,1098,1098,3,13,76,0.000,1.00,0.060,False,None,0.000,False
1667.072,2,en_route_pickup,3.592,1.994,0.000,3.500,joint_grid_transaction,1098,1098,3,13,78,0.000,1.00,3.050,False,None,0.000,False
1667.072,3,en_route_pickup,-4.273,-0.345,1.000,-1.500,joint_grid_transaction,1098,1098,3,13,79,0.000,1.00,-1.470,False,None,0.000,False
1667.072,4,en_route_delivery,-4.962,2.095,0.000,3.500,joint_grid_transaction,1098,1098,2,13,74,0.000,0.85,-0.166,False,None,0.000,False
1667.072,5,en_route_delivery,-1.199,2.561,0.000,3.500,joint_grid_transaction,1098,1098,1,6,117,0.000,1.00,2.438,False,None,0.000,False
1667.072,6,en_route_delivery,-4.469,3.053,-1.000,1.500,joint_grid_transaction,1098,1098,2,13,66,0.000,1.00,0.091,False,None,0.000,False
1667.072,7,en_route_pickup,-4.318,1.469,1.000,-1.500,joint_grid_transaction,1098,1098,2,13,81,0.000,1.00,1.568,False,None,0.000,False
1667.072,8,en_route_pickup,4.137,2.819,0.000,-3.500,joint_grid_transaction,1098,1098,2,13,80,0.000,0.55,-0.271,False,None,0.000,False
1669.120,1,en_route_delivery,0.583,1.934,6.000,3.500,joint_grid_transaction,1100,1099,2,9,76,0.000,1.00,0.015,False,None,0.000,False
1669.120,2,en_route_pickup,3.278,2.023,0.000,3.500,joint_grid_transaction,1100,1099,2,9,78,0.000,1.00,3.053,False,None,0.000,False
1669.120,3,en_route_pickup,-4.240,-0.682,1.000,-1.500,joint_grid_transaction,1100,1099,2,8,79,0.000,1.00,-1.477,False,None,0.000,False
1669.120,4,en_route_delivery,-4.857,2.082,0.000,3.500,joint_grid_transaction,1100,1099,2,9,74,0.000,1.00,-0.613,False,joint_slot_deadline,1669.284,False
1669.120,5,en_route_delivery,-1.391,2.552,0.000,3.500,joint_grid_transaction,1100,1099,2,9,117,0.000,1.00,3.046,False,None,0.000,False
1669.120,6,en_route_delivery,-4.217,3.025,-1.000,1.500,joint_grid_transaction,1100,1099,1,9,66,0.000,1.00,0.116,False,joint_slot_deadline,1669.284,False
1669.120,7,en_route_pickup,-4.300,1.210,1.000,-1.500,joint_grid_transaction,1100,1099,1,9,81,0.000,1.00,1.459,False,joint_slot_deadline,1669.284,False
1669.120,8,en_route_pickup,4.093,2.789,0.000,-3.500,joint_grid_transaction,1100,1099,1,8,80,0.000,1.00,-0.782,False,None,0.000,False
1671.168,1,en_route_delivery,0.771,1.968,6.000,3.500,joint_grid_transaction,1100,1100,3,9,76,0.000,1.00,0.634,False,None,0.000,False
1671.168,2,en_route_pickup,3.012,2.046,0.000,3.500,joint_grid_transaction,1100,1100,2,9,78,0.000,1.00,3.053,False,None,0.000,False
1671.168,3,en_route_pickup,-4.219,-0.901,1.000,-1.500,joint_grid_transaction,1100,1100,2,8,79,0.000,1.00,-1.475,False,None,0.000,False
1671.168,4,en_route_delivery,-4.694,2.068,0.000,3.500,joint_grid_transaction,1100,1100,1,9,74,0.000,1.00,-0.021,False,None,0.000,False
1671.168,5,en_route_delivery,-1.607,2.563,0.000,3.500,joint_grid_transaction,1100,1100,3,9,117,0.000,1.00,3.124,False,None,0.000,False
1671.168,6,en_route_delivery,-3.886,2.990,-1.000,1.500,joint_grid_transaction,1100,1100,3,9,66,0.000,1.00,0.101,False,None,0.000,False
1671.168,7,en_route_pickup,-4.260,0.844,1.000,-1.500,joint_grid_transaction,1100,1100,3,9,81,0.000,1.00,1.472,False,None,0.000,False
1671.168,8,en_route_pickup,4.205,2.567,0.000,-3.500,joint_grid_transaction,1100,1100,2,8,80,0.000,1.00,-1.331,False,None,0.000,False
1673.216,1,en_route_delivery,0.944,2.232,6.000,3.500,joint_grid_transaction,1101,1101,1,9,76,0.000,1.00,1.151,False,None,0.000,False
1673.216,2,en_route_pickup,2.778,2.063,0.000,3.500,joint_grid_transaction,1101,1101,1,9,78,0.000,1.00,3.070,False,None,0.000,False
1673.216,3,en_route_pickup,-4.196,-1.150,1.000,-1.500,joint_grid_transaction,1101,1101,2,9,79,0.000,1.00,-1.485,False,None,0.000,False
1673.216,4,en_route_delivery,-4.354,2.038,0.000,3.500,joint_grid_transaction,1101,1101,2,9,74,0.000,1.00,-0.122,False,None,0.000,False
1673.216,5,en_route_delivery,-1.771,2.560,0.000,3.500,joint_grid_transaction,1101,1101,1,4,117,0.000,1.00,-2.660,False,None,0.000,False
1673.216,6,en_route_delivery,-3.606,2.962,-1.000,1.500,joint_grid_transaction,1101,1101,2,9,66,0.000,1.00,0.093,False,None,0.000,False
1673.216,7,en_route_pickup,-4.230,0.528,1.000,-1.500,joint_grid_transaction,1101,1101,1,8,81,0.000,1.00,1.476,False,None,0.000,False
1673.216,8,en_route_pickup,4.251,2.208,0.000,-3.500,joint_grid_transaction,1101,1101,1,9,80,0.000,1.00,-1.482,False,None,0.000,False
1675.264,1,en_route_delivery,1.110,2.293,6.000,3.500,joint_grid_transaction,1101,1101,2,9,76,0.000,1.00,0.866,False,None,0.000,False
1675.264,2,en_route_pickup,2.536,2.064,0.000,3.500,joint_grid_transaction,1101,1101,2,9,78,0.000,1.00,-3.132,False,None,0.000,False
1675.264,3,en_route_pickup,-4.187,-1.371,1.000,-1.500,joint_grid_transaction,1101,1101,3,9,79,0.000,1.00,-1.558,False,None,0.000,False
1675.264,4,en_route_delivery,-4.063,2.005,0.000,3.500,joint_grid_transaction,1101,1101,3,9,74,0.000,1.00,-0.106,False,None,0.000,False
1675.264,5,en_route_delivery,-1.637,2.392,0.000,3.500,joint_grid_transaction,1101,1101,3,4,117,0.000,1.00,-1.013,False,None,0.000,False
1675.264,6,en_route_delivery,-3.368,2.943,-1.000,1.500,joint_grid_transaction,1101,1101,3,9,66,0.000,1.00,0.074,False,None,0.000,False
1675.264,7,en_route_pickup,-4.211,0.340,1.000,-1.500,joint_grid_transaction,1101,1101,2,8,81,0.000,1.00,1.474,False,None,0.000,False
1675.264,8,en_route_pickup,4.278,1.904,0.000,-3.500,joint_grid_transaction,1101,1101,3,9,80,0.000,1.00,-1.483,False,None,0.000,False
1677.312,1,en_route_delivery,1.223,2.616,6.000,3.500,joint_grid_transaction,1102,1102,2,9,76,0.000,1.00,1.420,False,None,0.000,False
1677.312,2,en_route_pickup,2.218,2.044,0.000,3.500,joint_grid_transaction,1102,1102,1,9,78,0.000,1.00,-3.017,False,None,0.000,False
1677.312,3,en_route_pickup,-4.185,-1.617,1.000,-1.500,joint_grid_transaction,1102,1102,2,9,79,0.000,1.00,-1.594,False,None,0.000,False
1677.312,4,en_route_delivery,-3.762,1.973,0.000,3.500,joint_grid_transaction,1102,1102,1,9,74,0.000,1.00,-0.100,False,None,0.000,False
1677.312,5,en_route_delivery,-1.549,2.228,0.000,3.500,joint_grid_transaction,1102,1102,1,9,117,0.000,1.00,-1.012,False,None,0.000,False
1677.312,6,en_route_delivery,-3.147,2.935,-1.000,1.500,joint_grid_transaction,1102,1102,2,9,66,0.000,1.00,0.013,False,None,0.000,False
1677.312,7,en_route_pickup,-4.192,0.104,1.000,-1.500,joint_grid_transaction,1102,1102,2,9,81,0.000,1.00,1.505,False,None,0.000,False
1677.312,8,en_route_pickup,4.300,1.647,0.000,-3.500,joint_grid_transaction,1102,1102,2,9,80,0.000,1.00,-1.485,False,None,0.000,False
1679.360,1,en_route_delivery,1.309,2.836,6.000,3.500,joint_grid_transaction,1102,1102,3,9,76,0.000,1.00,0.841,False,None,0.000,False
1679.360,2,en_route_pickup,1.857,2.005,0.000,3.500,joint_grid_transaction,1102,1102,3,9,78,0.000,1.00,-3.043,False,None,0.000,False
1679.360,3,en_route_pickup,-4.157,-1.837,1.000,-1.500,joint_grid_transaction,1102,1102,3,9,79,0.000,1.00,-0.976,False,None,0.000,False
1679.360,4,en_route_delivery,-3.509,1.948,0.000,3.500,joint_grid_transaction,1102,1102,2,9,74,0.000,1.00,-0.097,False,None,0.000,False
1679.360,5,en_route_delivery,-1.285,2.242,0.000,3.500,joint_grid_transaction,1102,1102,2,9,117,0.000,1.00,-0.073,False,None,0.000,False
1679.360,6,en_route_delivery,-2.820,2.958,-1.000,1.500,joint_grid_transaction,1102,1102,3,9,66,0.000,1.00,0.114,False,None,0.000,False
1679.360,7,en_route_pickup,-4.185,-0.124,1.000,-1.500,joint_grid_transaction,1102,1102,3,9,81,0.000,1.00,1.574,False,None,0.000,False
1679.360,8,en_route_pickup,4.313,1.432,0.000,-3.500,joint_grid_transaction,1102,1102,3,9,80,0.000,1.00,-1.562,False,None,0.000,False
1681.408,1,en_route_delivery,1.608,2.960,6.000,3.500,joint_grid_transaction,1102,1102,5,9,76,0.000,1.00,0.210,False,None,0.000,False
1681.408,2,en_route_pickup,1.549,1.975,0.000,3.500,joint_grid_transaction,1102,1102,4,9,78,0.000,1.00,-3.047,False,None,0.000,False
1681.408,3,en_route_pickup,-3.894,-1.944,1.000,-1.500,joint_grid_transaction,1102,1102,5,9,79,0.000,1.00,-0.286,False,None,0.000,False
1681.408,4,en_route_delivery,-3.282,1.935,0.000,3.500,joint_grid_transaction,1102,1102,3,9,74,0.000,1.00,-0.062,False,None,0.000,False
1681.408,5,en_route_delivery,-1.142,2.159,0.000,3.500,joint_grid_transaction,1102,1102,5,9,117,0.000,1.00,-0.742,False,joint_slot_deadline,1681.892,False
1681.408,6,en_route_delivery,-2.459,2.997,-1.000,1.500,joint_grid_transaction,1102,1102,4,9,66,0.000,1.00,0.096,False,None,0.000,False
1681.408,7,en_route_pickup,-4.193,-0.409,1.000,-1.500,joint_grid_transaction,1102,1102,4,9,81,0.000,1.00,1.618,False,None,0.000,False
1681.408,8,en_route_pickup,4.316,1.186,0.000,-3.500,joint_grid_transaction,1102,1102,4,9,80,0.000,1.00,-1.576,False,None,0.000,False
1683.456,1,en_route_delivery,1.873,2.997,6.000,3.500,joint_grid_transaction,1103,1103,3,9,76,0.000,1.00,0.108,False,None,0.000,False
1683.456,2,en_route_pickup,1.288,1.951,0.000,3.500,joint_grid_transaction,1103,1103,2,9,78,0.000,1.00,-3.048,False,None,0.000,False
1683.456,3,en_route_pickup,-3.618,-1.993,1.000,-1.500,joint_grid_transaction,1103,1103,3,9,79,0.000,1.00,-0.093,False,None,0.000,False
1683.456,4,en_route_delivery,-3.033,1.938,0.000,3.500,joint_grid_transaction,1103,1103,2,9,74,0.000,1.00,-0.034,False,None,0.000,False
1683.456,5,en_route_delivery,-1.006,2.182,0.000,3.500,joint_grid_transaction,1103,1103,1,8,117,0.000,1.00,-0.038,False,None,0.000,False
1683.456,6,en_route_delivery,-2.153,3.026,-1.000,1.500,joint_grid_transaction,1103,1103,3,9,66,0.000,1.00,0.093,False,None,0.000,False
1683.456,7,en_route_pickup,-4.217,-0.640,1.000,-1.500,joint_grid_transaction,1103,1103,2,8,81,0.000,1.00,1.679,False,None,0.000,False
1683.456,8,en_route_pickup,4.298,0.872,0.000,-3.500,joint_grid_transaction,1103,1103,3,9,80,0.000,1.00,-1.674,False,None,0.000,False
1685.504,1,en_route_delivery,2.172,3.028,6.000,3.500,joint_grid_transaction,1104,1104,2,9,76,0.000,1.00,0.101,False,None,0.000,False
1685.504,2,en_route_pickup,1.061,1.937,0.000,3.500,joint_grid_transaction,1104,1104,2,9,78,0.000,1.00,-3.081,False,None,0.000,False
1685.504,3,en_route_pickup,-3.299,-2.021,1.000,-1.500,joint_grid_transaction,1104,1104,2,9,79,0.000,1.00,-0.087,False,None,0.000,False
1685.504,4,en_route_delivery,-2.918,2.018,0.000,3.500,joint_grid_transaction,1104,1104,1,9,74,0.000,1.00,-1.103,False,None,0.000,False
1685.504,5,en_route_delivery,-0.894,2.172,0.000,3.500,joint_grid_transaction,1104,1104,2,9,117,0.000,1.00,-0.100,False,None,0.000,False
1685.504,6,en_route_delivery,-1.894,3.050,-1.000,1.500,joint_grid_transaction,1104,1104,2,9,66,0.000,1.00,0.093,False,None,0.000,False
1685.504,7,en_route_pickup,-4.253,-0.989,1.000,-1.500,joint_grid_transaction,1104,1104,2,9,81,0.000,1.00,1.668,False,None,0.000,False
1685.504,8,en_route_pickup,4.257,0.507,0.000,-3.500,joint_grid_transaction,1104,1104,2,9,80,0.000,1.00,-1.672,False,None,0.000,False
1687.552,1,en_route_delivery,2.423,3.053,6.000,3.500,joint_grid_transaction,1104,1104,3,9,76,0.000,1.00,0.098,False,None,0.000,False
1687.552,2,en_route_pickup,0.821,1.936,0.000,3.500,joint_grid_transaction,1104,1104,3,9,78,0.000,1.00,3.116,False,None,0.000,False
1687.552,3,en_route_pickup,-3.028,-2.045,1.000,-1.500,joint_grid_transaction,1104,1104,3,9,79,0.000,1.00,-0.088,False,None,0.000,False
1687.552,4,en_route_delivery,-3.084,1.990,0.000,3.500,joint_grid_transaction,1104,1104,2,9,74,0.000,1.00,-2.940,False,None,0.000,False
1687.552,5,en_route_delivery,-0.710,2.171,0.000,3.500,joint_grid_transaction,1104,1104,2,9,117,0.000,1.00,-0.062,False,None,0.000,False
1687.552,6,en_route_delivery,-1.715,3.062,-1.000,1.500,joint_grid_transaction,1104,1104,3,9,66,0.000,1.00,0.254,False,None,0.000,False
1687.552,7,en_route_pickup,-4.282,-1.274,1.000,-1.500,joint_grid_transaction,1104,1104,3,9,81,0.000,1.00,1.669,False,None,0.000,False
1687.552,8,en_route_pickup,4.227,0.214,0.000,-3.500,joint_grid_transaction,1104,1104,4,9,80,0.000,1.00,-1.673,False,None,0.000,False
1689.600,1,en_route_delivery,2.642,3.063,6.000,3.500,joint_grid_transaction,1105,1105,2,9,76,0.000,1.00,0.022,False,None,0.000,False
1689.600,2,en_route_pickup,0.473,1.970,0.000,3.500,joint_grid_transaction,1105,1105,1,8,78,0.000,1.00,3.015,False,None,0.000,False
1689.600,3,en_route_pickup,-2.793,-2.063,1.000,-1.500,joint_grid_transaction,1105,1105,1,8,79,0.000,1.00,-0.075,False,None,0.000,False
1689.600,4,en_route_delivery,-3.272,2.014,0.000,3.500,joint_grid_transaction,1105,1105,2,9,74,0.000,1.00,-2.737,False,None,0.000,False
1689.600,5,en_route_delivery,-0.649,2.333,0.000,3.500,joint_grid_transaction,1105,1105,2,9,117,0.000,1.00,-1.402,False,None,0.000,False
1689.600,6,en_route_delivery,-1.643,2.893,-1.000,1.500,joint_grid_transaction,1105,1105,2,9,66,0.000,1.00,1.458,False,None,0.000,False
1689.600,7,en_route_pickup,-4.304,-1.513,1.000,-1.500,joint_grid_transaction,1105,1105,1,9,81,0.000,1.00,1.647,False,None,0.000,False
1689.600,8,en_route_pickup,4.202,-0.035,0.000,-3.500,joint_grid_transaction,1105,1105,1,9,80,0.000,1.00,-1.653,False,None,0.000,False
1691.648,1,en_route_delivery,2.885,3.064,6.000,3.500,joint_grid_transaction,1105,1105,3,9,76,0.000,1.00,0.017,False,None,0.000,False
1691.648,2,en_route_pickup,0.239,1.995,0.000,3.500,joint_grid_transaction,1105,1105,2,8,78,0.000,1.00,3.047,False,None,0.000,False
1691.648,3,en_route_pickup,-2.555,-2.064,1.000,-1.500,joint_grid_transaction,1105,1105,2,8,79,0.000,1.00,-0.015,False,None,0.000,False
1691.648,4,en_route_delivery,-3.421,2.247,0.000,3.500,joint_grid_transaction,1105,1105,3,9,74,0.000,1.00,-1.952,False,None,0.000,False
1691.648,5,en_route_delivery,-0.657,2.520,0.000,3.500,joint_grid_transaction,1105,1105,2,9,117,0.000,1.00,-1.660,False,None,0.000,False
1691.648,6,en_route_delivery,-1.661,2.697,-1.000,1.500,joint_grid_transaction,1105,1105,3,9,66,0.000,1.00,1.534,False,None,0.000,False
1691.648,7,en_route_pickup,-4.317,-1.741,1.000,-1.500,joint_grid_transaction,1105,1105,2,9,81,0.000,1.00,1.615,False,None,0.000,False
1691.648,8,en_route_pickup,4.186,-0.260,0.000,-3.500,joint_grid_transaction,1105,1105,2,9,80,0.000,1.00,-1.608,False,None,0.000,False
1693.696,1,en_route_delivery,3.220,3.037,6.000,3.500,joint_grid_transaction,1106,1106,2,13,76,0.000,1.00,0.121,False,None,0.000,False
1693.696,2,en_route_pickup,0.141,2.089,0.000,3.500,joint_grid_transaction,1106,1106,2,8,78,0.000,1.00,2.314,False,joint_slot_deadline,1694.292,False
1693.696,3,en_route_pickup,-2.223,-2.037,1.000,-1.500,joint_grid_transaction,1106,1106,2,13,79,0.000,1.00,-0.140,False,None,0.000,False
1693.696,4,en_route_delivery,-3.492,2.612,0.000,3.500,joint_grid_transaction,1106,1106,2,8,74,0.000,1.00,-1.664,False,None,0.000,False
1693.696,5,en_route_delivery,-0.696,2.768,0.000,3.500,joint_grid_transaction,1106,1106,2,13,117,0.000,1.00,-1.154,False,None,0.000,False
1693.696,6,en_route_delivery,-1.547,2.568,-1.000,1.500,joint_grid_transaction,1106,1106,1,7,66,0.000,0.70,0.761,False,None,0.000,False
1693.696,7,en_route_pickup,-4.206,-1.861,1.000,-1.500,joint_grid_transaction,1106,1106,2,13,81,0.000,1.00,0.698,False,None,0.000,False
1693.696,8,en_route_pickup,4.185,-0.511,0.000,-3.500,joint_grid_transaction,1106,1106,1,12,80,0.000,1.00,-1.577,False,None,0.000,False
1695.744,1,en_route_delivery,3.526,3.003,6.000,3.500,joint_grid_transaction,1106,1106,3,13,76,0.000,1.00,0.095,False,None,0.000,False
1695.744,2,en_route_pickup,0.075,2.243,0.000,3.500,joint_grid_transaction,1106,1106,3,8,78,0.000,0.85,1.937,False,None,0.000,False
1695.744,3,en_route_pickup,-1.966,-2.008,1.000,-1.500,joint_grid_transaction,1106,1106,3,13,79,0.000,1.00,-0.095,False,None,0.000,False
1695.744,4,en_route_delivery,-3.521,2.929,0.000,3.500,joint_grid_transaction,1106,1106,3,8,74,0.000,1.00,-1.661,False,None,0.000,False
1695.744,5,en_route_delivery,-0.563,3.051,0.000,3.500,joint_grid_transaction,1106,1106,4,13,117,0.000,1.00,-1.590,False,None,0.000,False
1695.744,6,en_route_delivery,-1.448,2.542,-1.000,1.500,joint_grid_transaction,1106,1106,2,7,66,0.000,0.40,0.351,False,None,0.000,False
1695.744,7,en_route_pickup,-3.961,-1.957,1.000,-1.500,joint_grid_transaction,1106,1106,3,13,81,0.000,1.00,0.249,False,None,0.000,False
1695.744,8,en_route_pickup,4.190,-0.745,0.000,-3.500,joint_grid_transaction,1106,1106,2,12,80,0.000,1.00,-1.535,False,None,0.000,False
1697.792,1,en_route_delivery,3.831,2.974,6.000,3.500,joint_grid_transaction,1107,1107,3,9,76,0.000,1.00,0.093,False,None,0.000,False
1697.792,2,en_route_pickup,0.141,2.211,0.000,3.500,joint_grid_transaction,1107,1107,1,8,78,0.000,0.85,0.203,False,None,0.000,False
1697.792,3,en_route_pickup,-1.652,-1.978,1.000,-1.500,joint_grid_transaction,1107,1107,3,9,79,0.000,1.00,-0.092,False,None,0.000,False
1697.792,4,en_route_delivery,-3.545,3.199,0.000,3.500,joint_grid_transaction,1107,1107,2,6,74,0.000,1.00,-1.661,False,None,0.000,False
1697.792,5,en_route_delivery,-0.460,2.984,0.000,3.500,joint_grid_transaction,1107,1107,2,9,117,0.000,1.00,-0.320,False,None,0.000,False
1697.792,6,en_route_delivery,-1.281,2.507,-1.000,1.500,joint_grid_transaction,1107,1107,2,7,66,0.000,1.00,0.103,False,None,0.000,False
1697.792,7,en_route_pickup,-3.642,-1.999,1.000,-1.500,joint_grid_transaction,1107,1107,3,9,81,0.000,1.00,0.100,False,None,0.000,False
1697.792,8,en_route_pickup,4.227,-1.107,0.000,-3.500,joint_grid_transaction,1107,1107,3,9,80,0.000,1.00,-1.472,False,None,0.000,False
1699.840,1,en_route_delivery,4.090,2.950,6.000,3.500,joint_grid_transaction,1109,1109,2,5,76,0.000,1.00,0.092,False,None,0.000,False
1699.840,2,en_route_pickup,0.073,2.138,0.000,3.500,joint_grid_transaction,1109,1109,1,5,78,0.000,1.00,1.200,False,None,0.000,False
1699.840,3,en_route_pickup,-1.384,-1.954,1.000,-1.500,joint_grid_transaction,1109,1109,2,5,79,0.000,1.00,-0.092,False,None,0.000,False
1699.840,4,en_route_delivery,-3.561,3.432,0.000,3.500,joint_grid_transaction,1109,1109,2,5,74,0.000,1.00,-1.633,False,None,0.000,False
1699.840,5,en_route_pickup,-0.280,3.013,6.000,3.500,_priority_yield_direct,1110,1109,0,8,83,0.000,0.70,-0.292,False,None,0.000,False
1699.840,6,en_route_delivery,-1.139,2.418,-1.000,1.500,joint_grid_transaction,1109,1109,2,5,66,0.000,0.60,0.747,False,joint_slot_deadline,1700.292,False
1699.840,7,en_route_pickup,-3.341,-2.028,1.000,-1.500,joint_grid_transaction,1109,1109,2,5,81,0.000,1.00,0.095,False,None,0.000,False
1699.840,8,en_route_pickup,4.259,-1.445,0.000,-3.500,joint_grid_transaction,1109,1109,2,5,80,0.000,1.00,-1.478,False,None,0.000,False
1701.888,1,en_route_delivery,4.296,2.936,6.000,3.500,joint_grid_transaction,1109,1109,2,5,76,0.000,1.00,0.003,False,None,0.000,False
1701.888,2,en_route_pickup,0.127,2.198,0.000,3.500,_command_reverse,1112,1109,0,1,78,0.000,1.00,0.565,False,None,0.000,False
1701.888,3,en_route_pickup,-1.164,-1.940,1.000,-1.500,joint_grid_transaction,1109,1109,3,5,79,0.000,1.00,-0.033,False,None,0.000,False
1701.888,4,en_route_delivery,-3.563,3.670,0.000,3.500,joint_grid_transaction,1109,1109,3,5,74,0.000,1.00,-1.552,False,None,0.000,False
1701.888,5,en_route_pickup,-0.367,3.073,6.000,3.500,_priority_yield_direct,1110,1109,0,8,83,0.000,1.00,-2.069,False,None,0.000,False
1701.888,6,en_route_delivery,-1.141,2.380,-1.000,1.500,joint_grid_transaction,1109,1109,3,5,66,0.000,0.55,0.974,False,None,0.000,False
1701.888,7,en_route_pickup,-3.087,-2.053,1.000,-1.500,joint_grid_transaction,1109,1109,3,5,81,0.000,1.00,0.094,False,None,0.000,False
1701.888,8,en_route_pickup,4.285,-1.733,0.000,-3.500,joint_grid_transaction,1109,1109,3,5,80,0.000,1.00,-1.480,False,None,0.000,False
1703.936,1,en_route_delivery,4.555,2.935,6.000,3.500,joint_grid_transaction,1109,1109,4,5,76,0.000,1.00,0.003,False,None,0.000,False
1703.936,2,en_route_pickup,0.281,2.334,0.000,3.500,_command_reverse,1117,1109,0,1,78,0.000,1.00,0.748,False,None,0.000,False
1703.936,3,en_route_pickup,-0.947,-1.932,1.000,-1.500,joint_grid_transaction,1109,1109,3,5,79,0.000,1.00,-0.021,False,None,0.000,False
1703.936,4,en_route_delivery,-3.534,4.010,0.000,3.500,joint_grid_transaction,1109,1109,4,5,74,0.000,1.00,-1.443,False,None,0.000,False
1703.936,5,en_route_pickup,-0.632,3.087,6.000,3.500,_priority_yield_direct,1110,1109,0,8,83,0.000,1.00,-2.923,False,None,0.000,False
1703.936,6,en_route_delivery,-1.088,2.279,-1.000,1.500,joint_grid_transaction,1109,1109,3,5,66,0.000,0.55,1.168,False,None,0.000,False
1703.936,7,en_route_pickup,-2.867,-2.063,1.000,-1.500,joint_grid_transaction,1109,1109,4,5,81,0.000,1.00,0.029,False,None,0.000,False
1703.936,8,en_route_pickup,4.175,-1.871,0.000,-3.500,joint_grid_transaction,1109,1109,4,5,80,0.000,1.00,-2.416,False,None,0.000,False
1705.984,1,en_route_delivery,4.790,2.940,6.000,3.500,joint_grid_transaction,1109,1109,4,5,76,0.000,1.00,0.033,False,joint_window_endpoint,1706.420,False
1705.984,2,en_route_pickup,0.552,2.603,0.000,3.500,_command_reverse,1117,1109,0,1,78,0.000,1.00,0.793,False,None,0.000,False
1705.984,3,en_route_pickup,-0.713,-1.950,1.000,-1.500,joint_grid_transaction,1109,1109,4,5,79,0.000,1.00,-0.121,False,joint_window_endpoint,1706.420,False
1705.984,4,en_route_delivery,-3.531,4.034,0.000,3.500,joint_grid_transaction,1109,1109,4,5,74,0.000,1.00,-1.440,False,joint_window_endpoint,1706.420,False
1705.984,5,en_route_pickup,-0.912,3.144,6.000,3.500,_priority_yield_direct,1110,1109,0,8,83,0.000,1.00,-2.956,False,None,0.000,False
1705.984,6,en_route_delivery,-1.086,2.274,-1.000,1.500,joint_grid_transaction,1109,1109,3,5,66,1707.020,0.40,1.174,False,None,0.000,False
1705.984,7,en_route_pickup,-2.709,-2.067,1.000,-1.500,joint_grid_transaction,1109,1109,4,5,81,0.000,1.00,0.014,False,joint_window_endpoint,1706.420,False
1705.984,8,en_route_pickup,4.175,-1.871,0.000,-3.500,joint_grid_transaction,1109,1109,4,5,80,0.000,1.00,-2.416,False,joint_window_endpoint,1706.420,False
1708.032,1,en_route_delivery,5.123,2.973,6.000,3.500,joint_grid_transaction,1131,1131,2,7,76,0.000,1.00,0.106,False,None,0.000,False
1708.032,2,en_route_pickup,0.432,2.638,0.000,3.500,joint_grid_transaction,1131,1131,2,6,78,0.000,0.40,2.601,False,None,0.000,False
1708.032,3,en_route_pickup,-0.377,-1.988,1.000,-1.500,joint_grid_transaction,1131,1131,2,9,79,0.000,1.00,-0.098,False,None,0.000,False
1708.032,4,en_route_delivery,-3.530,4.036,0.000,3.500,joint_grid_transaction,1131,1131,1,2,74,0.000,1.00,-1.436,False,joint_window_endpoint,1708.500,False
1708.032,5,en_route_pickup,-0.894,3.115,6.000,3.500,joint_grid_transaction,1131,1131,2,13,83,0.000,1.00,2.336,False,joint_slot_deadline,1708.788,False
1708.032,6,returning_home,-1.030,2.091,0.000,3.000,joint_grid_transaction,1131,1131,2,4,None,0.000,1.00,1.401,False,None,0.000,False
1708.032,7,en_route_pickup,-2.412,-2.047,1.000,-1.500,joint_grid_transaction,1131,1131,2,13,81,0.000,1.00,0.109,False,None,0.000,False
1708.032,8,en_route_pickup,4.159,-1.863,0.000,-3.500,joint_grid_transaction,1131,1131,1,12,80,0.000,1.00,-2.524,False,joint_slot_deadline,1708.788,False
1710.080,1,en_route_delivery,5.328,2.994,6.000,3.500,joint_grid_transaction,1132,1132,2,6,76,0.000,1.00,0.104,False,None,0.000,False
1710.080,2,en_route_pickup,0.375,2.666,0.000,3.500,joint_grid_transaction,1132,1132,2,6,78,0.000,1.00,2.739,False,None,0.000,False
1710.080,3,en_route_pickup,-0.175,-2.008,1.000,-1.500,joint_grid_transaction,1132,1132,2,8,79,0.000,1.00,-0.101,False,None,0.000,False
1710.080,4,en_route_delivery,-3.530,4.037,0.000,3.500,joint_grid_transaction,1132,1132,1,2,74,0.000,1.00,-1.433,False,joint_window_endpoint,1710.420,False
1710.080,5,en_route_pickup,-0.860,3.048,6.000,3.500,joint_grid_transaction,1132,1132,2,13,83,0.000,0.55,1.516,False,None,0.000,False
1710.080,6,returning_home,-1.061,2.049,0.000,3.000,joint_grid_transaction,1132,1132,2,13,None,0.000,0.55,2.470,False,None,0.000,False
1710.080,7,en_route_pickup,-2.168,-2.019,1.000,-1.500,joint_grid_transaction,1132,1132,2,12,81,0.000,1.00,0.116,False,None,0.000,False
1710.080,8,en_route_pickup,4.115,-1.890,0.000,-3.500,joint_grid_transaction,1132,1132,2,12,80,0.000,1.00,-2.653,False,None,0.000,False
1712.128,1,waiting,5.634,3.025,0.000,0.000,joint_grid_transaction,1133,1133,3,0,None,0.000,1.00,0.099,False,None,0.000,False
1712.128,2,en_route_pickup,0.296,2.913,0.000,3.500,joint_grid_transaction,1133,1133,2,8,78,0.000,1.00,1.818,False,None,0.000,False
1712.128,3,en_route_pickup,0.109,-2.036,1.000,-1.500,joint_grid_transaction,1133,1133,3,8,79,0.000,1.00,-0.098,False,None,0.000,False
1712.128,4,en_route_delivery,-3.529,4.037,0.000,3.500,joint_grid_transaction,1133,1133,1,2,74,0.000,1.00,-1.431,False,joint_window_endpoint,1712.500,False
1712.128,5,en_route_pickup,-0.894,2.938,6.000,3.500,joint_grid_transaction,1133,1133,1,8,83,0.000,1.00,1.912,False,None,0.000,False
1712.128,6,returning_home,-0.961,2.055,0.000,3.000,joint_grid_transaction,1133,1133,1,9,None,0.000,1.00,0.600,False,None,0.000,False
1712.128,7,en_route_pickup,-1.847,-1.985,1.000,-1.500,joint_grid_transaction,1133,1133,3,9,81,0.000,1.00,0.103,False,None,0.000,False
1712.128,8,en_route_pickup,3.972,-1.949,0.000,-3.500,joint_grid_transaction,1133,1133,2,8,80,0.000,1.00,-2.842,False,None,0.000,False
1714.176,1,returning_to_charge,5.831,3.084,8.500,0.000,joint_grid_transaction,1133,1133,4,1,None,0.000,1.00,0.615,False,None,0.000,False
1714.176,2,en_route_delivery,0.350,3.095,6.000,-3.500,joint_grid_transaction,1133,1133,4,2,78,0.000,1.00,0.740,False,None,0.000,False
1714.176,3,en_route_pickup,0.342,-2.056,1.000,-1.500,joint_grid_transaction,1133,1133,4,8,79,0.000,1.00,-0.064,False,None,0.000,False
1714.176,4,en_route_delivery,-3.461,3.957,0.000,3.500,_joint_stall_recovery,1138,1133,2,8,74,0.000,1.00,-0.406,False,None,0.000,False
1714.176,5,en_route_pickup,-0.966,2.666,6.000,3.500,joint_grid_transaction,1133,1133,4,8,83,0.000,1.00,1.736,False,None,0.000,False
1714.176,6,returning_home,-0.841,2.030,0.000,3.000,joint_grid_transaction,1133,1133,2,9,None,1716.524,0.40,0.210,False,None,0.000,False
1714.176,7,en_route_pickup,-1.575,-1.957,1.000,-1.500,joint_grid_transaction,1133,1133,4,9,81,0.000,1.00,0.099,False,None,0.000,False
1714.176,8,en_route_pickup,3.672,-1.996,0.000,-3.500,joint_grid_transaction,1133,1133,4,8,80,0.000,1.00,-3.049,False,None,0.000,False
1716.224,1,returning_to_charge,5.929,3.294,8.500,0.000,joint_grid_transaction,1133,1133,6,1,None,0.000,1.00,1.179,False,None,0.000,False
1716.224,2,en_route_delivery,0.676,3.219,6.000,-3.500,joint_grid_transaction,1133,1133,5,2,78,0.000,1.00,0.166,False,None,0.000,False
1716.224,3,en_route_pickup,0.561,-2.065,1.000,-1.500,joint_grid_transaction,1133,1133,5,8,79,0.000,1.00,-0.010,False,None,0.000,False
1716.224,4,en_route_delivery,-3.194,3.920,0.000,3.500,_joint_stall_recovery,1138,1133,3,8,74,0.000,1.00,-0.481,False,None,0.000,False
1716.224,5,en_route_pickup,-0.980,2.559,6.000,3.500,joint_grid_transaction,1133,1133,4,8,83,0.000,1.00,1.673,True,None,0.000,True
1716.224,6,returning_home,-0.841,2.030,0.000,3.000,joint_grid_transaction,1133,1133,2,9,None,1716.524,0.40,0.210,False,None,0.000,False
1716.224,7,en_route_pickup,-1.344,-1.940,1.000,-1.500,joint_grid_transaction,1133,1133,5,9,81,0.000,1.00,0.067,False,None,0.000,False
1716.224,8,en_route_pickup,3.361,-2.024,0.000,-3.500,joint_grid_transaction,1133,1133,5,8,80,0.000,1.00,-3.051,False,None,0.000,False
1718.272,1,returning_to_charge,6.005,3.219,8.500,0.000,joint_grid_transaction,1142,1142,1,2,None,0.000,1.00,0.232,False,None,0.000,False
1718.272,2,en_route_delivery,0.848,3.168,6.000,-3.500,joint_grid_transaction,1142,1142,1,8,78,0.000,1.00,0.692,False,None,0.000,False
1718.272,3,en_route_delivery,0.700,-1.988,6.000,3.500,joint_grid_transaction,1142,1142,1,10,79,0.000,1.00,-0.871,False,None,0.000,False
1718.272,4,en_route_delivery,-3.040,3.836,0.000,3.500,joint_grid_transaction,1142,1142,1,4,74,0.000,0.60,-0.469,False,None,0.000,False
1718.272,5,en_route_pickup,-0.980,2.559,6.000,3.500,joint_grid_transaction,1142,1142,0,3,83,0.000,1.00,1.673,True,None,0.000,True
1718.272,6,returning_home,-0.841,2.030,0.000,3.000,joint_grid_transaction,1142,1142,0,2,None,0.000,0.40,0.210,True,None,0.000,True
1718.272,7,en_route_pickup,-1.338,-2.012,1.000,-1.500,joint_grid_transaction,1142,1142,1,2,81,0.000,1.00,1.317,False,None,0.000,False
1718.272,8,en_route_pickup,3.067,-2.090,0.000,-3.500,joint_grid_transaction,1142,1142,1,2,80,0.000,1.00,-2.769,False,None,0.000,False
1720.320,1,returning_to_charge,6.167,3.002,8.500,0.000,joint_grid_transaction,1144,1144,1,2,None,0.000,1.00,0.895,False,None,0.000,False
1720.320,2,en_route_delivery,1.144,2.934,6.000,-3.500,joint_grid_transaction,1144,1144,1,8,78,0.000,1.00,0.513,False,None,0.000,False
1720.320,3,en_route_delivery,0.845,-1.919,6.000,3.500,joint_grid_transaction,1144,1144,1,7,79,0.000,1.00,-0.425,False,None,0.000,False
1720.320,4,en_route_delivery,-2.915,3.778,0.000,3.500,joint_grid_transaction,1144,1144,1,4,74,0.000,0.60,-0.396,False,None,0.000,False
1720.320,5,en_route_pickup,-0.980,2.559,6.000,3.500,joint_grid_transaction,1144,1144,0,7,83,0.000,0.65,1.673,True,None,0.000,True
1720.320,6,returning_home,-0.841,2.030,0.000,3.000,joint_grid_transaction,1144,1144,1,2,None,0.000,0.40,0.207,True,None,0.000,True
1720.320,7,en_route_pickup,-1.313,-1.973,1.000,-1.500,joint_grid_transaction,1144,1144,1,3,81,0.000,1.00,0.844,False,None,0.000,False
1720.320,8,en_route_pickup,2.728,-2.186,0.000,-3.500,joint_grid_transaction,1144,1144,2,4,80,0.000,1.00,-3.050,False,None,0.000,False
1722.368,1,returning_to_charge,6.403,2.700,8.500,0.000,joint_grid_transaction,1145,1145,1,2,None,0.000,1.00,0.910,False,None,0.000,False
1722.368,2,en_route_delivery,1.298,2.917,6.000,-3.500,joint_grid_transaction,1145,1145,1,12,78,0.000,1.00,0.732,False,None,0.000,False
1722.368,3,en_route_delivery,1.059,-2.160,6.000,3.500,joint_grid_transaction,1145,1145,1,9,79,0.000,1.00,-0.872,False,None,0.000,False
1722.368,4,en_route_delivery,-2.788,3.725,0.000,3.500,joint_grid_transaction,1145,1145,1,4,74,0.000,0.60,-0.409,False,None,0.000,False
1722.368,5,en_route_pickup,-0.980,2.559,6.000,3.500,joint_grid_transaction,1145,1145,0,9,83,0.000,0.65,1.673,True,None,0.000,True
1722.368,6,returning_home,-0.841,2.030,0.000,3.000,joint_grid_transaction,1145,1145,1,2,None,0.000,0.40,0.203,True,None,0.000,True
1722.368,7,en_route_pickup,-1.034,-1.968,1.000,-1.500,joint_grid_transaction,1145,1145,1,3,81,0.000,1.00,0.085,False,None,0.000,False
1722.368,8,en_route_pickup,2.592,-2.293,0.000,-3.500,joint_grid_transaction,1145,1145,1,5,80,0.000,1.00,-2.155,False,None,0.000,False
1724.416,1,returning_to_charge,6.638,2.398,8.500,0.000,joint_grid_transaction,1146,1146,1,2,None,0.000,1.00,0.911,False,None,0.000,False
1724.416,2,en_route_delivery,1.539,3.018,6.000,-3.500,joint_grid_transaction,1146,1146,1,4,78,0.000,1.00,0.214,False,None,0.000,False
1724.416,3,en_route_delivery,1.308,-2.450,6.000,3.500,joint_grid_transaction,1146,1146,1,5,79,0.000,1.00,-0.843,False,None,0.000,False
1724.416,4,en_route_delivery,-2.663,3.669,0.000,3.500,joint_grid_transaction,1146,1146,1,4,74,0.000,0.60,-0.426,False,None,0.000,False
1724.416,5,en_route_pickup,-0.980,2.559,6.000,3.500,joint_grid_transaction,1146,1146,0,9,83,0.000,0.65,1.673,True,None,0.000,True
1724.416,6,returning_home,-0.841,2.030,0.000,3.000,joint_grid_transaction,1146,1146,1,2,None,0.000,0.40,0.199,True,None,0.000,True
1724.416,7,en_route_pickup,-0.695,-1.997,1.000,-1.500,joint_grid_transaction,1146,1146,1,3,81,0.000,1.00,0.084,False,None,0.000,False
1724.416,8,en_route_pickup,2.352,-2.409,0.000,-3.500,joint_grid_transaction,1146,1146,1,7,80,0.000,1.00,-2.395,False,None,0.000,False
1726.464,1,returning_to_charge,6.873,2.096,8.500,0.000,joint_grid_transaction,1146,1146,1,2,None,0.000,1.00,0.911,False,None,0.000,False
1726.464,2,en_route_delivery,1.918,3.071,6.000,-3.500,joint_grid_transaction,1146,1146,1,4,78,0.000,1.00,0.115,False,None,0.000,False
1726.464,3,en_route_delivery,1.563,-2.735,6.000,3.500,joint_grid_transaction,1146,1146,1,5,79,0.000,1.00,-0.839,False,None,0.000,False
1726.464,4,en_route_delivery,-2.537,3.612,0.000,3.500,joint_grid_transaction,1146,1146,1,4,74,0.000,0.60,-0.430,False,None,0.000,False
1726.464,5,en_route_pickup,-0.963,2.592,6.000,3.500,_command_reverse,1149,1146,0,1,83,0.000,0.55,0.934,False,None,0.000,False
1726.464,6,returning_home,-0.847,2.033,0.000,3.000,joint_grid_transaction,1146,1146,1,2,None,0.000,0.60,0.343,False,None,0.000,False
1726.464,7,en_route_pickup,-0.369,-2.024,1.000,-1.500,joint_grid_transaction,1146,1146,1,3,81,0.000,1.00,0.084,False,None,0.000,False
1726.464,8,en_route_pickup,2.200,-2.553,0.000,-3.500,joint_grid_transaction,1146,1146,1,7,80,1731.020,0.40,-2.370,False,None,0.000,False
1728.512,1,returning_to_charge,7.108,1.793,8.500,0.000,joint_grid_transaction,1146,1146,1,2,None,0.000,1.00,0.911,False,None,0.000,False
1728.512,2,en_route_delivery,2.298,3.114,6.000,-3.500,joint_grid_transaction,1146,1146,1,4,78,0.000,1.00,0.113,False,None,0.000,False
1728.512,3,en_route_delivery,1.819,-3.020,6.000,3.500,joint_grid_transaction,1146,1146,1,5,79,0.000,1.00,-0.839,False,None,0.000,False
1728.512,4,en_route_delivery,-2.412,3.555,0.000,3.500,joint_grid_transaction,1146,1146,1,4,74,0.000,0.60,-0.431,False,None,0.000,False
1728.512,5,en_route_pickup,-0.903,2.639,6.000,3.500,_command_reverse,1149,1146,0,1,83,0.000,0.55,0.282,False,None,0.000,False
1728.512,6,returning_home,-0.802,2.085,0.000,3.000,joint_grid_transaction,1146,1146,1,2,None,0.000,0.60,0.711,False,None,0.000,False
1728.512,7,en_route_pickup,-0.068,-2.050,1.000,-1.500,joint_grid_transaction,1146,1146,1,3,81,0.000,1.00,0.083,False,None,0.000,False
1728.512,8,en_route_pickup,2.200,-2.553,0.000,-3.500,joint_grid_transaction,1146,1146,1,7,80,1731.020,0.40,-2.370,False,None,0.000,False
1730.560,1,returning_to_charge,7.335,1.593,8.500,0.000,joint_grid_transaction,1153,1153,1,13,None,0.000,1.00,0.427,False,None,0.000,False
1730.560,2,en_route_delivery,2.674,3.161,6.000,-3.500,joint_grid_transaction,1153,1153,2,13,78,0.000,1.00,0.190,False,None,0.000,False
1730.560,3,en_route_delivery,2.051,-3.216,6.000,3.500,joint_grid_transaction,1153,1153,2,13,79,0.000,1.00,-0.478,False,None,0.000,False
1730.560,4,en_route_delivery,-2.309,3.513,0.000,3.500,joint_grid_transaction,1153,1153,1,12,74,0.000,0.60,-0.338,False,None,0.000,False
1730.560,5,en_route_pickup,-0.704,2.726,6.000,3.500,joint_grid_transaction,1153,1153,2,13,83,0.000,1.00,0.335,False,None,0.000,False
1730.560,6,returning_home,-0.723,2.133,0.000,3.000,joint_grid_transaction,1153,1153,1,13,None,1732.028,0.40,0.677,False,None,0.000,False
1730.560,7,en_route_pickup,0.182,-2.070,1.000,-1.500,joint_grid_transaction,1153,1153,2,7,81,0.000,1.00,0.075,False,None,0.000,False
1730.560,8,en_route_pickup,2.193,-2.546,0.000,-3.500,joint_grid_transaction,1153,1153,2,13,80,1731.020,0.40,-2.435,False,None,0.000,False
1732.608,1,returning_to_charge,7.405,1.576,8.500,0.000,joint_grid_transaction,1154,1154,1,2,None,0.000,1.00,0.748,False,None,0.000,False
1732.608,2,en_route_delivery,2.869,3.160,6.000,-3.500,joint_grid_transaction,1154,1154,1,3,78,0.000,1.00,0.637,False,None,0.000,False
1732.608,3,en_route_delivery,2.375,-3.260,6.000,3.500,joint_grid_transaction,1154,1154,1,4,79,0.000,1.00,-0.080,False,None,0.000,False
1732.608,4,en_route_delivery,-2.176,3.484,0.000,3.500,joint_grid_transaction,1154,1154,1,3,74,0.000,0.60,-0.182,False,None,0.000,False
1732.608,5,en_route_pickup,-0.357,2.768,6.000,3.500,joint_grid_transaction,1154,1154,1,12,83,0.000,1.00,0.076,False,None,0.000,False
1732.608,6,returning_home,-0.696,2.156,0.000,3.000,joint_grid_transaction,1154,1154,1,2,None,0.000,1.00,0.740,False,None,0.000,False
1732.608,7,en_route_pickup,0.350,-2.021,1.000,-1.500,joint_grid_transaction,1154,1154,1,2,81,0.000,1.00,0.569,False,None,0.000,False
1732.608,8,en_route_pickup,1.991,-2.542,0.000,-3.500,joint_grid_transaction,1154,1154,1,3,80,0.000,1.00,-3.079,False,None,0.000,False
1734.656,1,returning_to_charge,7.636,1.273,8.500,0.000,joint_grid_transaction,1154,1154,1,2,None,0.000,1.00,0.970,False,None,0.000,False
1734.656,2,en_route_delivery,3.145,2.897,6.000,-3.500,joint_grid_transaction,1154,1154,1,3,78,0.000,1.00,0.801,False,None,0.000,False
1734.656,3,en_route_delivery,2.680,-3.284,6.000,3.500,joint_grid_transaction,1154,1154,1,4,79,0.000,1.00,-0.080,False,None,0.000,False
1734.656,4,en_route_delivery,-2.041,3.458,0.000,3.500,joint_grid_transaction,1154,1154,1,3,74,0.000,0.60,-0.194,False,None,0.000,False
1734.656,5,en_route_pickup,-0.147,2.784,6.000,3.500,_command_reverse,1159,1154,0,1,83,0.000,1.00,0.076,False,None,0.000,False
1734.656,6,returning_home,-0.525,2.248,0.000,3.000,_command_reverse,1157,1154,0,1,None,0.000,0.55,0.192,False,None,0.000,False
1734.656,7,en_route_delivery,0.652,-1.787,-6.000,3.500,joint_grid_transaction,1154,1154,1,2,81,0.000,1.00,0.688,False,None,0.000,False
1734.656,8,en_route_pickup,1.823,-2.579,0.000,-3.500,_priority_yield_direct,1156,1154,0,1,80,0.000,0.70,-2.800,False,None,0.000,False
1736.704,1,returning_to_charge,7.851,0.957,8.500,0.000,joint_grid_transaction,1154,1154,1,2,None,0.000,1.00,0.975,False,None,0.000,False
1736.704,2,en_route_delivery,3.411,2.621,6.000,-3.500,joint_grid_transaction,1154,1154,1,3,78,0.000,1.00,0.804,False,None,0.000,False
1736.704,3,en_route_delivery,2.845,-3.225,6.000,3.500,joint_grid_transaction,1154,1154,2,4,79,0.000,1.00,-0.701,False,None,0.000,False
1736.704,4,en_route_delivery,-1.906,3.432,0.000,3.500,joint_grid_transaction,1154,1154,1,3,74,0.000,0.60,-0.197,False,None,0.000,False
1736.704,5,en_route_pickup,-0.063,2.791,6.000,3.500,_command_reverse,1159,1154,0,1,83,0.000,1.00,0.081,False,None,0.000,False
1736.704,6,returning_home,-0.508,2.250,0.000,3.000,_command_reverse,1157,1154,0,1,None,0.000,0.55,0.111,False,None,0.000,False
1736.704,7,en_route_delivery,0.832,-1.639,-6.000,3.500,joint_grid_transaction,1154,1154,2,2,81,0.000,1.00,0.691,False,None,0.000,False
1736.704,8,en_route_pickup,1.652,-2.654,0.000,-3.500,_priority_yield_direct,1156,1154,0,1,80,0.000,0.70,-2.687,False,None,0.000,False
1738.752,1,returning_to_charge,7.897,0.841,8.500,0.000,joint_grid_transaction,1166,1166,1,8,None,0.000,1.00,2.382,False,joint_slot_deadline,1738.788,False
1738.752,2,en_route_delivery,3.655,2.503,6.000,-3.500,joint_grid_transaction,1166,1166,2,13,78,0.000,1.00,0.153,False,None,0.000,False
1738.752,3,en_route_delivery,3.051,-3.150,6.000,3.500,joint_grid_transaction,1166,1166,1,13,79,0.000,1.00,-0.210,False,None,0.000,False
1738.752,4,en_route_delivery,-1.857,3.416,0.000,3.500,joint_grid_transaction,1166,1166,2,11,74,0.000,0.60,-0.399,False,joint_slot_deadline,1738.788,False
1738.752,5,en_route_pickup,0.124,2.804,6.000,3.500,joint_grid_transaction,1166,1166,2,13,83,0.000,1.00,0.072,False,None,0.000,False
1738.752,6,returning_home,-0.504,2.259,0.000,3.000,_priority_yield_direct,1167,1166,0,1,None,1740.028,0.40,0.488,False,None,0.000,False
1738.752,7,en_route_delivery,0.824,-1.692,-6.000,3.500,joint_grid_transaction,1166,1166,1,13,81,0.000,1.00,0.771,False,None,0.000,False
1738.752,8,en_route_pickup,1.481,-2.725,0.000,-3.500,joint_grid_transaction,1166,1166,1,10,80,0.000,0.70,-2.900,False,None,0.000,False
1740.800,1,returning_to_charge,7.784,0.571,8.500,0.000,joint_grid_transaction,1166,1166,3,8,None,0.000,1.00,1.770,False,None,0.000,False
1740.800,2,en_route_delivery,3.980,2.477,6.000,-3.500,joint_grid_transaction,1166,1166,3,13,78,0.000,1.00,0.076,False,None,0.000,False
1740.800,3,en_route_delivery,3.425,-3.225,6.000,3.500,joint_grid_transaction,1166,1166,3,13,79,0.000,1.00,-0.116,False,None,0.000,False
1740.800,4,en_route_delivery,-1.734,3.362,0.000,3.500,joint_grid_transaction,1166,1166,3,11,74,0.000,0.60,-0.432,False,None,0.000,False
1740.800,5,en_route_pickup,0.348,2.814,6.000,3.500,joint_grid_transaction,1166,1166,3,13,83,0.000,1.00,0.008,False,None,0.000,False
1740.800,6,returning_home,-0.508,2.261,0.000,3.000,_priority_yield_direct,1167,1166,0,1,None,1742.028,0.40,0.532,False,None,0.000,False
1740.800,7,en_route_delivery,0.783,-1.765,-6.000,3.500,joint_grid_transaction,1166,1166,2,13,81,1741.028,1.00,2.072,False,None,0.000,False
1740.800,8,en_route_pickup,1.306,-2.749,0.000,-3.500,joint_grid_transaction,1166,1166,2,10,80,0.000,0.70,-3.045,False,None,0.000,False
1742.848,1,returning_to_charge,7.745,0.219,8.500,0.000,joint_grid_transaction,1166,1166,4,8,None,0.000,1.00,1.658,False,None,0.000,False
1742.848,2,en_route_delivery,4.253,2.455,6.000,-3.500,joint_grid_transaction,1166,1166,4,13,78,0.000,1.00,0.079,False,None,0.000,False
1742.848,3,en_route_delivery,3.765,-3.258,6.000,3.500,joint_grid_transaction,1166,1166,4,13,79,0.000,1.00,-0.095,False,None,0.000,False
1742.848,4,en_route_delivery,-1.607,3.312,0.000,3.500,joint_grid_transaction,1166,1166,4,11,74,0.000,0.60,-0.274,False,None,0.000,False
1742.848,5,en_route_pickup,0.598,2.815,6.000,3.500,joint_grid_transaction,1166,1166,4,13,83,0.000,1.00,0.017,False,None,0.000,False
1742.848,6,returning_home,-0.509,2.282,0.000,3.000,_priority_yield_direct,1167,1166,0,1,None,0.000,1.00,0.716,False,None,0.000,False
1742.848,7,en_route_delivery,0.569,-1.915,-6.000,3.500,joint_grid_transaction,1166,1166,3,13,81,0.000,1.00,2.759,False,None,0.000,False
1742.848,8,en_route_pickup,1.151,-2.764,0.000,-3.500,joint_grid_transaction,1166,1166,3,10,80,0.000,0.70,-3.048,False,None,0.000,False
1744.896,1,returning_to_charge,7.888,0.129,8.500,0.000,joint_grid_transaction,1170,1170,3,5,None,0.000,1.00,0.540,False,None,0.000,False
1744.896,2,en_route_delivery,4.486,2.437,6.000,-3.500,joint_grid_transaction,1170,1170,2,9,78,0.000,1.00,0.067,False,None,0.000,False
1744.896,3,en_route_delivery,4.049,-3.285,6.000,3.500,joint_grid_transaction,1170,1170,3,9,79,0.000,1.00,-0.094,False,None,0.000,False
1744.896,4,en_route_delivery,-1.366,3.264,0.000,3.500,joint_grid_transaction,1170,1170,2,8,74,0.000,1.00,-0.106,False,None,0.000,False
1744.896,5,en_route_pickup,0.892,2.790,6.000,3.500,joint_grid_transaction,1170,1170,3,9,83,0.000,1.00,0.110,False,None,0.000,False
1744.896,6,returning_home,-0.363,2.287,0.000,3.000,joint_grid_transaction,1170,1170,2,9,None,0.000,1.00,0.084,False,None,0.000,False
1744.896,7,en_route_delivery,0.203,-1.990,-6.000,3.500,joint_grid_transaction,1170,1170,3,9,81,0.000,1.00,3.046,False,None,0.000,False
1744.896,8,en_route_pickup,0.967,-2.781,0.000,-3.500,joint_grid_transaction,1170,1170,1,8,80,0.000,0.55,-3.071,False,None,0.000,False
1746.944,1,charging,8.248,0.019,8.500,0.000,joint_grid_transaction,1170,1170,4,0,None,0.000,1.00,0.116,False,None,0.000,False
1746.944,2,en_route_delivery,4.727,2.434,6.000,-3.500,joint_grid_transaction,1170,1170,3,9,78,0.000,1.00,0.011,False,None,0.000,False
1746.944,3,en_route_delivery,4.281,-3.305,6.000,3.500,joint_grid_transaction,1170,1170,3,9,79,0.000,1.00,-0.048,False,None,0.000,False
1746.944,4,en_route_delivery,-1.035,3.235,0.000,3.500,joint_grid_transaction,1170,1170,3,8,74,0.000,1.00,-0.087,False,None,0.000,False
1746.944,5,en_route_pickup,1.251,2.752,6.000,3.500,joint_grid_transaction,1170,1170,4,9,83,0.000,1.00,0.099,False,None,0.000,False
1746.944,6,returning_home,-0.157,2.344,0.000,3.000,joint_grid_transaction,1170,1170,3,9,None,0.000,1.00,0.626,False,None,0.000,False
1746.944,7,en_route_delivery,-0.115,-2.020,-6.000,3.500,joint_grid_transaction,1170,1170,4,9,81,0.000,1.00,3.049,False,None,0.000,False
1746.944,8,en_route_pickup,0.831,-2.791,0.000,-3.500,joint_grid_transaction,1170,1170,2,8,80,0.000,0.55,-3.072,False,None,0.000,False
1748.992,1,charging,8.284,0.015,8.500,0.000,joint_grid_transaction,1170,1170,5,0,None,0.000,1.00,0.104,False,None,0.000,False
1748.992,2,en_route_delivery,4.992,2.438,6.000,-3.500,joint_grid_transaction,1171,1171,2,9,78,0.000,1.00,0.031,False,None,0.000,False
1748.992,3,en_route_delivery,4.510,-3.317,6.000,3.500,joint_grid_transaction,1171,1171,2,9,79,0.000,1.00,-0.028,False,None,0.000,False
1748.992,4,en_route_delivery,-0.755,3.210,0.000,3.500,joint_grid_transaction,1171,1171,2,6,74,0.000,1.00,-0.087,False,None,0.000,False
1748.992,5,en_route_pickup,1.551,2.723,6.000,3.500,joint_grid_transaction,1171,1171,3,9,83,0.000,1.00,0.096,False,None,0.000,False
1748.992,6,returning_home,-0.042,2.408,0.000,3.000,joint_grid_transaction,1171,1171,3,9,None,0.000,1.00,0.409,False,None,0.000,False
1748.992,7,en_route_delivery,-0.372,-2.043,-6.000,3.500,joint_grid_transaction,1171,1171,3,9,81,0.000,1.00,3.050,False,None,0.000,False
1748.992,8,en_route_pickup,0.679,-2.802,0.000,-3.500,joint_grid_transaction,1171,1171,2,7,80,0.000,1.00,-3.069,False,None,0.000,False
1751.040,1,en_route_pickup,8.284,0.015,0.000,-3.500,joint_grid_transaction,1170,1170,5,8,84,0.000,1.00,0.104,False,None,0.000,False
1751.040,2,en_route_delivery,5.284,2.467,6.000,-3.500,joint_grid_transaction,1172,1172,2,9,78,0.000,1.00,0.139,False,joint_slot_deadline,1751.284,False
1751.040,3,en_route_delivery,4.787,-3.300,6.000,3.500,joint_grid_transaction,1172,1172,2,9,79,0.000,1.00,-0.117,False,None,0.000,False
1751.040,4,en_route_delivery,-0.514,3.190,0.000,3.500,joint_grid_transaction,1172,1172,2,5,74,0.000,1.00,-0.073,False,None,0.000,False
1751.040,5,en_route_pickup,1.786,2.702,6.000,3.500,joint_grid_transaction,1172,1172,1,8,83,0.000,1.00,0.077,False,None,0.000,False
1751.040,6,returning_home,0.193,2.477,0.000,3.000,joint_grid_transaction,1171,1171,4,9,None,0.000,0.85,0.144,False,None,0.000,False
1751.040,7,en_route_delivery,-0.598,-2.059,-6.000,3.500,joint_grid_transaction,1172,1172,2,9,81,0.000,1.00,3.083,False,None,0.000,False
1751.040,8,en_route_pickup,0.463,-2.815,0.000,-3.500,joint_grid_transaction,1172,1172,1,6,80,0.000,1.00,-3.140,False,None,0.000,False
1753.088,1,en_route_pickup,8.195,-0.061,0.000,-3.500,joint_grid_transaction,1173,1173,2,9,84,0.000,1.00,1.871,False,None,0.000,False
1753.088,2,en_route_delivery,5.563,2.499,6.000,-3.500,joint_grid_transaction,1173,1173,3,9,78,0.000,1.00,0.107,False,None,0.000,False
1753.088,3,en_route_delivery,5.066,-3.267,6.000,3.500,joint_grid_transaction,1173,1173,3,9,79,0.000,1.00,-0.114,False,None,0.000,False
1753.088,4,en_route_pickup,-0.549,3.269,0.000,-3.500,joint_grid_transaction,1173,1173,2,9,85,0.000,1.00,-1.761,False,None,0.000,False
1753.088,5,en_route_pickup,1.988,2.686,6.000,3.500,joint_grid_transaction,1173,1173,2,9,83,0.000,1.00,0.056,False,None,0.000,False
1753.088,6,returning_home,0.191,2.568,0.000,3.000,joint_grid_transaction,1173,1173,2,4,None,0.000,1.00,1.725,False,None,0.000,False
1753.088,7,en_route_delivery,-0.816,-2.067,-6.000,3.500,joint_grid_transaction,1173,1173,2,8,81,0.000,1.00,-3.123,False,None,0.000,False
1753.088,8,en_route_pickup,0.188,-2.811,0.000,-3.500,joint_grid_transaction,1173,1173,3,9,80,0.000,1.00,3.112,False,None,0.000,False
1755.136,1,en_route_pickup,7.958,-0.012,0.000,-3.500,joint_grid_transaction,1173,1173,2,9,84,0.000,1.00,3.076,False,None,0.000,False
1755.136,2,en_route_delivery,5.764,2.515,6.000,-3.500,joint_grid_transaction,1173,1173,4,9,78,0.000,1.00,0.489,False,None,0.000,False
1755.136,3,en_route_delivery,5.386,-3.233,6.000,3.500,joint_grid_transaction,1173,1173,4,9,79,0.000,1.00,-0.103,False,None,0.000,False
1755.136,4,en_route_pickup,-0.783,3.237,0.000,-3.500,joint_grid_transaction,1173,1173,2,9,85,0.000,1.00,-3.002,False,None,0.000,False
1755.136,5,en_route_pickup,2.235,2.686,6.000,3.500,joint_grid_transaction,1173,1173,3,9,83,0.000,1.00,0.003,False,None,0.000,False
1755.136,6,en_route_pickup,0.065,2.790,1.000,1.500,joint_grid_transaction,1173,1173,4,1,86,0.000,1.00,1.917,False,None,0.000,False
1755.136,7,en_route_delivery,-1.153,-2.039,-6.000,3.500,joint_grid_transaction,1173,1173,3,8,81,0.000,1.00,-3.030,False,None,0.000,False
1755.136,8,en_route_pickup,-0.172,-2.777,0.000,-3.500,joint_grid_transaction,1173,1173,4,9,80,0.000,1.00,3.038,False,None,0.000,False
1757.184,1,en_route_pickup,7.670,-0.032,0.000,-3.500,joint_grid_transaction,1174,1174,3,9,84,0.000,1.00,3.068,False,None,0.000,False
1757.184,2,en_route_delivery,5.856,2.402,6.000,-3.500,joint_grid_transaction,1174,1174,3,9,78,0.000,1.00,0.940,False,None,0.000,False
1757.184,3,en_route_delivery,5.654,-3.206,6.000,3.500,joint_grid_transaction,1174,1174,2,9,79,0.000,1.00,-0.099,False,None,0.000,False
1757.184,4,en_route_pickup,-0.788,3.171,0.000,-3.500,joint_grid_transaction,1174,1174,2,9,85,0.000,1.00,1.262,False,None,0.000,False
1757.184,5,en_route_pickup,2.553,2.710,6.000,3.500,joint_grid_transaction,1174,1174,3,9,83,0.000,1.00,0.139,False,None,0.000,False
1757.184,6,en_route_pickup,0.148,2.723,1.000,1.500,joint_grid_transaction,1174,1174,2,9,86,0.000,1.00,0.366,False,None,0.000,False
1757.184,7,en_route_delivery,-1.510,-2.001,-6.000,3.500,joint_grid_transaction,1174,1174,2,9,81,0.000,1.00,-3.043,False,None,0.000,False
1757.184,8,en_route_pickup,-0.512,-2.743,0.000,-3.500,joint_grid_transaction,1174,1174,2,9,80,0.000,1.00,3.045,False,None,0.000,False
1759.232,1,en_route_pickup,7.411,-0.051,0.000,-3.500,joint_grid_transaction,1175,1175,2,9,84,0.000,1.00,3.066,False,None,0.000,False
1759.232,2,en_route_delivery,5.977,2.051,6.000,-3.500,joint_grid_transaction,1175,1175,2,9,78,0.000,1.00,1.425,False,None,0.000,False
1759.232,3,en_route_delivery,5.813,-3.171,6.000,3.500,joint_grid_transaction,1175,1175,2,9,79,0.000,1.00,-0.509,False,None,0.000,False
1759.232,4,en_route_pickup,-0.592,3.071,0.000,-3.500,joint_grid_transaction,1175,1175,1,9,85,0.000,1.00,0.490,False,None,0.000,False
1759.232,5,en_route_pickup,2.797,2.768,6.000,3.500,joint_grid_transaction,1175,1175,2,7,83,0.000,1.00,0.632,False,None,0.000,False
1759.232,6,en_route_pickup,0.489,2.767,1.000,1.500,joint_grid_transaction,1175,1175,1,8,86,0.000,1.00,0.076,False,None,0.000,False
1759.232,7,en_route_delivery,-1.810,-1.972,-6.000,3.500,joint_grid_transaction,1175,1175,2,9,81,0.000,1.00,-3.047,False,None,0.000,False
1759.232,8,en_route_pickup,-0.782,-2.718,0.000,-3.500,joint_grid_transaction,1175,1175,1,9,80,0.000,1.00,-3.046,False,None,0.000,False
1761.280,1,en_route_pickup,7.193,-0.064,0.000,-3.500,joint_grid_transaction,1175,1175,2,9,84,0.000,1.00,3.138,False,None,0.000,False
1761.280,2,en_route_delivery,6.004,1.817,6.000,-3.500,joint_grid_transaction,1175,1175,3,9,78,0.000,1.00,1.465,False,None,0.000,False
1761.280,3,en_route_delivery,5.871,-3.053,6.000,3.500,joint_grid_transaction,1175,1175,3,9,79,0.000,1.00,-1.032,False,None,0.000,False
1761.280,4,en_route_pickup,-0.719,3.068,0.000,-3.500,joint_grid_transaction,1175,1175,1,9,85,0.000,1.00,2.605,False,None,0.000,False
1761.280,5,en_route_pickup,2.911,2.951,6.000,3.500,joint_grid_transaction,1175,1175,3,7,83,0.000,1.00,1.170,False,None,0.000,False
1761.280,6,en_route_pickup,0.771,2.789,1.000,1.500,joint_grid_transaction,1175,1175,2,8,86,0.000,1.00,0.078,False,None,0.000,False
1761.280,7,en_route_delivery,-2.059,-1.950,-6.000,3.500,joint_grid_transaction,1175,1175,3,9,81,0.000,1.00,-3.063,False,None,0.000,False
1761.280,8,en_route_pickup,-0.647,-2.732,0.000,-3.500,joint_grid_transaction,1175,1175,2,9,80,0.000,1.00,-0.626,False,None,0.000,False
1763.328,1,en_route_pickup,6.937,-0.065,0.000,-3.500,joint_grid_transaction,1175,1175,4,9,84,0.000,1.00,3.141,False,None,0.000,False
1763.328,2,en_route_delivery,6.034,1.529,6.000,-3.500,joint_grid_transaction,1175,1175,4,9,78,0.000,1.00,1.470,False,None,0.000,False
1763.328,3,en_route_delivery,5.982,-2.694,6.000,3.500,joint_grid_transaction,1175,1175,5,9,79,0.000,1.00,-1.455,False,None,0.000,False
1763.328,4,en_route_pickup,-1.070,2.996,0.000,-3.500,joint_grid_transaction,1175,1175,3,9,85,0.000,1.00,3.058,False,None,0.000,False
1763.328,5,en_route_pickup,2.989,3.318,6.000,3.500,joint_grid_transaction,1175,1175,5,7,83,0.000,1.00,1.475,False,None,0.000,False
1763.328,6,en_route_pickup,0.882,2.638,1.000,1.500,joint_grid_transaction,1175,1175,4,8,86,0.000,1.00,1.046,False,None,0.000,False
1763.328,7,en_route_delivery,-2.278,-1.935,-6.000,3.500,joint_grid_transaction,1175,1175,3,9,81,0.000,1.00,-3.122,False,None,0.000,False
1763.328,8,en_route_pickup,-0.348,-2.761,0.000,-3.500,joint_grid_transaction,1175,1175,3,9,80,0.000,1.00,-0.076,False,None,0.000,False
1765.376,1,en_route_pickup,6.969,-0.212,0.000,-3.500,joint_grid_transaction,1176,1176,2,9,84,0.000,1.00,1.656,False,None,0.000,False
1765.376,2,en_route_delivery,6.058,1.287,6.000,-3.500,joint_grid_transaction,1176,1176,2,9,78,0.000,1.00,1.473,False,None,0.000,False
1765.376,3,en_route_delivery,6.011,-2.382,6.000,3.500,joint_grid_transaction,1176,1176,3,9,79,0.000,1.00,-1.478,False,None,0.000,False
1765.376,4,en_route_pickup,-1.363,2.971,0.000,-3.500,joint_grid_transaction,1176,1176,3,9,85,0.000,1.00,3.054,False,None,0.000,False
1765.376,5,en_route_pickup,3.146,3.292,6.000,3.500,joint_grid_transaction,1176,1176,2,6,83,0.000,1.00,0.066,False,None,0.000,False
1765.376,6,en_route_pickup,0.943,2.498,1.000,1.500,joint_grid_transaction,1176,1176,2,6,86,0.000,1.00,1.260,False,None,0.000,False
1765.376,7,en_route_delivery,-2.549,-1.941,-6.000,3.500,joint_grid_transaction,1176,1176,2,9,81,0.000,1.00,3.107,False,None,0.000,False
1765.376,8,en_route_pickup,-0.136,-2.778,0.000,-3.500,joint_grid_transaction,1176,1176,2,8,80,0.000,1.00,-0.082,False,None,0.000,False
1767.424,1,en_route_pickup,6.953,-0.493,0.000,-3.500,joint_grid_transaction,1176,1176,3,9,84,0.000,1.00,1.634,False,None,0.000,False
1767.424,2,en_route_delivery,6.065,1.063,6.000,-3.500,joint_grid_transaction,1176,1176,3,9,78,0.000,1.00,1.533,False,None,0.000,False
1767.424,3,en_route_delivery,6.037,-2.096,6.000,3.500,joint_grid_transaction,1176,1176,4,9,79,0.000,1.00,-1.479,False,None,0.000,False
1767.424,4,en_route_pickup,-1.620,2.948,0.000,-3.500,joint_grid_transaction,1176,1176,4,9,85,0.000,1.00,3.053,False,None,0.000,False
1767.424,5,en_route_pickup,3.346,3.349,6.000,3.500,joint_grid_transaction,1176,1176,3,6,83,0.000,1.00,0.627,False,None,0.000,False
1767.424,6,en_route_pickup,0.992,2.214,1.000,1.500,joint_grid_transaction,1176,1176,3,6,86,0.000,1.00,1.478,False,None,0.000,False
1767.424,7,en_route_delivery,-2.915,-1.976,-6.000,3.500,joint_grid_transaction,1176,1176,4,9,81,0.000,1.00,3.041,False,None,0.000,False
1767.424,8,en_route_pickup,0.127,-2.800,0.000,-3.500,joint_grid_transaction,1176,1176,3,8,80,0.000,1.00,-0.084,False,None,0.000,False
1769.472,1,en_route_pickup,6.937,-0.734,0.000,-3.500,joint_grid_transaction,1178,1178,1,8,84,0.000,1.00,1.635,False,None,0.000,False
1769.472,2,en_route_delivery,6.061,0.814,6.000,-3.500,joint_grid_transaction,1178,1178,2,9,78,0.000,1.00,1.629,False,None,0.000,False
1769.472,3,en_route_delivery,6.056,-1.869,6.000,3.500,joint_grid_transaction,1178,1178,2,9,79,0.000,1.00,-1.493,False,None,0.000,False
1769.472,4,en_route_pickup,-1.839,2.937,0.000,-3.500,joint_grid_transaction,1178,1178,2,9,85,0.000,1.00,3.132,False,None,0.000,False
1769.472,5,en_route_pickup,3.482,3.331,6.000,3.500,joint_grid_transaction,1178,1178,1,6,83,0.000,1.00,0.005,False,None,0.000,False
1769.472,6,en_route_delivery,1.052,2.067,0.000,-3.500,joint_grid_transaction,1178,1178,2,9,86,0.000,1.00,0.703,False,None,0.000,False
1769.472,7,en_route_delivery,-3.148,-2.000,-6.000,3.500,joint_grid_transaction,1178,1178,2,9,81,0.000,1.00,3.038,False,None,0.000,False
1769.472,8,en_route_pickup,0.349,-2.812,0.000,-3.500,joint_grid_transaction,1178,1178,2,6,80,0.000,1.00,-0.025,False,None,0.000,False
1771.520,1,en_route_pickup,6.935,-0.976,0.000,-3.500,joint_grid_transaction,1178,1178,2,8,84,0.000,1.00,1.577,False,None,0.000,False
1771.520,2,en_route_delivery,6.020,0.448,6.000,-3.500,joint_grid_transaction,1178,1178,3,9,78,0.000,1.00,1.673,False,None,0.000,False
1771.520,3,en_route_delivery,6.065,-1.650,6.000,3.500,joint_grid_transaction,1178,1178,3,9,79,0.000,1.00,-1.571,False,None,0.000,False
1771.520,4,en_route_pickup,-2.086,2.935,0.000,-3.500,joint_grid_transaction,1178,1178,3,9,85,0.000,1.00,-3.135,False,None,0.000,False
1771.520,5,en_route_pickup,3.792,3.296,6.000,3.500,joint_grid_transaction,1178,1178,2,6,83,0.000,1.00,0.127,False,None,0.000,False
1771.520,6,en_route_delivery,1.367,2.012,0.000,-3.500,joint_grid_transaction,1178,1178,3,9,86,0.000,1.00,0.091,False,None,0.000,False
1771.520,7,en_route_delivery,-3.443,-2.030,-6.000,3.500,joint_grid_transaction,1178,1178,3,9,81,0.000,1.00,3.043,False,None,0.000,False
1771.520,8,en_route_pickup,0.535,-2.816,0.000,-3.500,joint_grid_transaction,1178,1178,3,6,80,0.000,1.00,-0.311,False,None,0.000,False
1773.568,1,en_route_pickup,6.916,-1.109,0.000,-3.500,joint_grid_transaction,1179,1179,2,9,84,0.000,1.00,2.187,False,joint_slot_deadline,1773.908,False
1773.568,2,en_route_delivery,5.988,0.117,6.000,-3.500,joint_grid_transaction,1179,1179,2,9,78,0.000,1.00,1.667,False,None,0.000,False
1773.568,3,en_route_delivery,6.021,-1.557,6.000,3.500,joint_grid_transaction,1179,1179,1,9,79,0.000,1.00,-2.468,False,None,0.000,False
1773.568,4,en_route_pickup,-2.394,2.950,0.000,-3.500,joint_grid_transaction,1179,1179,2,9,85,0.000,1.00,-3.048,False,None,0.000,False
1773.568,5,en_route_pickup,3.841,3.354,6.000,3.500,joint_grid_transaction,1179,1179,2,5,83,0.000,1.00,0.749,False,joint_slot_deadline,1773.908,False
1773.568,6,en_route_delivery,1.694,1.984,0.000,-3.500,joint_grid_transaction,1179,1179,2,9,86,0.000,1.00,0.086,False,None,0.000,False
1773.568,7,en_route_delivery,-3.692,-2.054,-6.000,3.500,joint_grid_transaction,1179,1179,2,9,81,0.000,1.00,3.048,False,None,0.000,False
1773.568,8,en_route_pickup,0.583,-2.685,0.000,-3.500,joint_grid_transaction,1179,1179,1,5,80,0.000,1.00,-2.038,False,None,0.000,False
1775.616,1,en_route_pickup,6.795,-1.375,0.000,-3.500,joint_grid_transaction,1179,1179,4,9,84,0.000,1.00,1.812,False,None,0.000,False
1775.616,2,en_route_delivery,5.961,-0.164,6.000,-3.500,joint_grid_transaction,1179,1179,3,9,78,0.000,1.00,1.665,False,None,0.000,False
1775.616,3,en_route_delivery,5.710,-1.500,6.000,3.500,joint_grid_transaction,1179,1179,2,9,79,0.000,1.00,-3.058,False,None,0.000,False
1775.616,4,en_route_pickup,-2.763,2.990,0.000,-3.500,joint_grid_transaction,1179,1179,3,9,85,0.000,1.00,-3.046,False,None,0.000,False
1775.616,5,en_route_pickup,3.947,3.600,6.000,3.500,joint_grid_transaction,1179,1179,4,5,83,0.000,1.00,1.294,False,None,0.000,False
1775.616,6,en_route_delivery,1.974,1.959,0.000,-3.500,joint_grid_transaction,1179,1179,3,9,86,0.000,1.00,0.086,False,None,0.000,False
1775.616,7,en_route_delivery,-3.913,-2.064,-6.000,3.500,joint_grid_transaction,1179,1179,3,9,81,0.000,1.00,3.096,False,None,0.000,False
1775.616,8,en_route_pickup,0.431,-2.696,0.000,-3.500,joint_grid_transaction,1179,1179,2,5,80,0.000,1.00,-2.493,False,None,0.000,False
1777.664,1,en_route_pickup,6.711,-1.595,0.000,-3.500,joint_grid_transaction,1180,1180,2,9,84,0.000,1.00,2.327,False,None,0.000,False
1777.664,2,en_route_delivery,5.942,-0.402,6.000,-3.500,joint_grid_transaction,1180,1180,2,9,78,0.000,1.00,1.646,False,None,0.000,False
1777.664,3,en_route_delivery,5.467,-1.479,6.000,3.500,joint_grid_transaction,1180,1180,1,8,79,0.000,1.00,-3.058,False,joint_slot_deadline,1777.908,False
1777.664,4,en_route_pickup,-3.032,3.016,0.000,-3.500,joint_grid_transaction,1180,1180,1,8,85,0.000,1.00,-3.049,False,joint_slot_deadline,1777.908,False
1777.664,5,en_route_pickup,4.049,3.704,6.000,3.500,joint_grid_transaction,1180,1180,2,9,83,0.000,1.00,0.415,False,None,0.000,False
1777.664,6,en_route_delivery,2.215,1.939,0.000,-3.500,joint_grid_transaction,1180,1180,2,9,86,0.000,1.00,0.080,False,None,0.000,False
1777.664,7,en_route_delivery,-4.150,-2.063,-6.000,3.500,joint_grid_transaction,1180,1180,2,9,81,0.000,1.00,-3.094,False,None,0.000,False
1777.664,8,en_route_pickup,0.282,-2.636,0.000,-3.500,joint_grid_transaction,1180,1180,2,6,80,0.000,1.00,-3.031,False,None,0.000,False
1779.712,1,en_route_pickup,6.545,-1.799,0.000,-3.500,joint_grid_transaction,1181,1181,1,9,84,0.000,1.00,2.314,False,None,0.000,False
1779.712,2,en_route_delivery,5.936,-0.626,6.000,-3.500,joint_grid_transaction,1181,1181,2,9,78,0.000,1.00,1.557,False,None,0.000,False
1779.712,3,en_route_delivery,5.280,-1.458,6.000,3.500,joint_grid_transaction,1181,1181,2,9,79,0.000,1.00,-2.790,False,None,0.000,False
1779.712,4,en_route_pickup,-3.269,3.039,0.000,-3.500,joint_grid_transaction,1181,1181,1,9,85,0.000,1.00,-3.047,False,None,0.000,False
1779.712,5,en_route_pickup,4.002,3.540,6.000,3.500,joint_grid_transaction,1181,1181,1,8,83,0.000,1.00,1.426,False,None,0.000,False
1779.712,6,en_route_delivery,2.447,1.935,0.000,-3.500,joint_grid_transaction,1181,1181,2,9,86,0.000,1.00,0.010,False,None,0.000,False
1779.712,7,en_route_delivery,-4.513,-2.023,-6.000,3.500,joint_grid_transaction,1181,1181,1,8,81,0.000,1.00,-3.034,False,None,0.000,False
1779.712,8,en_route_pickup,0.168,-2.633,0.000,-3.500,joint_grid_transaction,1181,1181,2,5,80,0.000,1.00,-2.613,False,joint_slot_deadline,1780.532,False
1781.760,1,en_route_pickup,6.398,-1.842,0.000,-3.500,joint_grid_transaction,1181,1181,2,9,84,0.000,1.00,2.339,False,None,0.000,False
1781.760,2,en_route_delivery,5.960,-0.956,6.000,-3.500,joint_grid_transaction,1181,1181,3,9,78,0.000,1.00,1.452,False,None,0.000,False
1781.760,3,en_route_delivery,5.105,-1.251,6.000,3.500,joint_grid_transaction,1181,1181,3,9,79,0.000,1.00,-2.058,False,None,0.000,False
1781.760,4,en_route_pickup,-3.499,3.060,0.000,-3.500,joint_grid_transaction,1181,1181,2,9,85,0.000,1.00,-3.079,False,None,0.000,False
1781.760,5,en_route_pickup,4.087,3.396,6.000,3.500,joint_grid_transaction,1181,1181,2,8,83,0.000,1.00,0.833,False,None,0.000,False
1781.760,6,en_route_delivery,2.706,1.937,0.000,-3.500,joint_grid_transaction,1181,1181,3,9,86,0.000,1.00,0.018,False,None,0.000,False
1781.760,7,en_route_delivery,-4.729,-2.000,-6.000,3.500,joint_grid_transaction,1181,1181,2,8,81,0.000,1.00,-3.036,False,None,0.000,False
1781.760,8,en_route_pickup,0.117,-2.501,0.000,-3.500,joint_grid_transaction,1181,1181,3,5,80,0.000,1.00,-2.102,False,None,0.000,False
1783.808,1,en_route_pickup,6.276,-1.882,0.000,-3.500,joint_grid_transaction,1182,1182,2,9,84,0.000,1.00,-2.999,False,None,0.000,False
1783.808,2,en_route_delivery,6.062,-1.026,6.000,-3.500,joint_grid_transaction,1182,1182,1,9,78,0.000,1.00,0.054,False,None,0.000,False
1783.808,3,en_route_delivery,5.091,-1.196,6.000,3.500,joint_grid_transaction,1182,1182,1,8,79,1784.028,0.40,-1.204,False,None,0.000,False
1783.808,4,en_route_pickup,-3.735,3.066,0.000,-3.500,joint_grid_transaction,1182,1182,2,9,85,0.000,1.00,-3.100,False,None,0.000,False
1783.808,5,en_route_pickup,4.184,3.361,6.000,3.500,joint_grid_transaction,1182,1182,2,9,83,0.000,1.00,0.507,False,joint_slot_deadline,1783.780,False
1783.808,6,en_route_delivery,3.035,1.965,0.000,-3.500,joint_grid_transaction,1182,1182,2,9,86,0.000,1.00,0.143,False,None,0.000,False
1783.808,7,en_route_delivery,-5.020,-1.970,-6.000,3.500,joint_grid_transaction,1182,1182,2,9,81,0.000,1.00,-3.043,False,None,0.000,False
1783.808,8,en_route_pickup,-0.029,-2.438,0.000,-3.500,joint_grid_transaction,1182,1182,1,4,80,0.000,1.00,-3.068,False,None,0.000,False
1785.856,1,en_route_pickup,5.990,-1.801,0.000,-3.500,joint_grid_transaction,1183,1183,2,13,84,1788.520,0.40,-2.909,False,None,0.000,False
1785.856,2,en_route_delivery,6.053,-0.976,6.000,-3.500,joint_grid_transaction,1183,1183,2,13,78,0.000,0.60,0.502,False,None,0.000,False
1785.856,3,en_route_delivery,5.139,-1.096,6.000,3.500,joint_grid_transaction,1183,1183,1,12,79,0.000,1.00,-1.178,False,joint_slot_deadline,1786.292,False
1785.856,4,en_route_pickup,-4.003,3.056,0.000,-3.500,joint_grid_transaction,1183,1183,2,13,85,0.000,1.00,3.066,False,None,0.000,False
1785.856,5,en_route_pickup,4.439,3.274,6.000,3.500,joint_grid_transaction,1183,1183,2,13,83,0.000,1.00,0.151,False,None,0.000,False
1785.856,6,en_route_delivery,3.385,2.002,0.000,-3.500,joint_grid_transaction,1183,1183,2,13,86,0.000,1.00,0.093,False,None,0.000,False
1785.856,7,en_route_delivery,-5.261,-1.946,-6.000,3.500,joint_grid_transaction,1183,1183,1,12,81,0.000,1.00,-3.067,False,None,0.000,False
1785.856,8,en_route_pickup,-0.127,-2.415,0.000,-3.500,joint_grid_transaction,1183,1183,2,6,80,0.000,1.00,-3.066,False,None,0.000,False
1787.904,1,en_route_pickup,5.981,-1.799,0.000,-3.500,joint_grid_transaction,1184,1184,1,13,84,1788.520,0.40,-2.911,False,None,0.000,False
1787.904,2,en_route_delivery,6.135,-0.972,6.000,-3.500,joint_grid_transaction,1184,1184,1,12,78,0.000,0.60,0.096,False,None,0.000,False
1787.904,3,en_route_delivery,5.294,-1.071,6.000,3.500,joint_grid_transaction,1184,1184,1,12,79,0.000,1.00,-0.439,False,joint_slot_deadline,1788.788,False
1787.904,4,en_route_pickup,-4.125,2.929,0.000,-3.500,joint_grid_transaction,1184,1184,2,13,85,0.000,1.00,2.284,False,joint_slot_deadline,1788.788,False
1787.904,5,en_route_pickup,4.780,3.240,6.000,3.500,joint_grid_transaction,1184,1184,1,13,83,0.000,1.00,0.090,False,None,0.000,False
1787.904,6,en_route_delivery,3.683,2.029,0.000,-3.500,joint_grid_transaction,1184,1184,2,13,86,0.000,1.00,0.090,False,None,0.000,False
1787.904,7,en_route_delivery,-5.478,-1.934,-6.000,3.500,joint_grid_transaction,1184,1184,1,13,81,0.000,1.00,-3.080,False,None,0.000,False
1787.904,8,en_route_pickup,-0.337,-2.424,0.000,-3.500,joint_grid_transaction,1184,1184,2,5,80,0.000,1.00,3.038,False,None,0.000,False
1789.952,1,en_route_pickup,5.827,-1.771,0.000,-3.500,joint_grid_transaction,1185,1185,2,9,84,0.000,0.55,-3.025,False,None,0.000,False
1789.952,2,en_route_delivery,6.287,-0.959,6.000,-3.500,joint_grid_transaction,1185,1185,2,9,78,0.000,1.00,0.069,False,None,0.000,False
1789.952,3,en_route_delivery,5.294,-1.026,6.000,3.500,joint_grid_transaction,1185,1185,1,9,79,0.000,0.70,-0.779,False,None,0.000,False
1789.952,4,en_route_pickup,-4.185,2.769,0.000,-3.500,joint_grid_transaction,1185,1185,2,9,85,0.000,1.00,1.891,False,None,0.000,False
1789.952,5,en_route_pickup,5.034,3.217,6.000,3.500,joint_grid_transaction,1185,1185,1,8,83,0.000,1.00,0.088,False,joint_slot_deadline,1790.292,False
1789.952,6,en_route_delivery,3.927,2.051,0.000,-3.500,joint_grid_transaction,1185,1185,2,9,86,0.000,1.00,0.090,False,None,0.000,False
1789.952,7,en_route_delivery,-5.742,-1.944,-6.000,3.500,joint_grid_transaction,1185,1185,2,9,81,0.000,1.00,3.059,False,None,0.000,False
1789.952,8,en_route_pickup,-0.674,-2.456,0.000,-3.500,joint_grid_transaction,1185,1185,2,5,80,0.000,1.00,3.120,False,None,0.000,False
1792.000,1,en_route_pickup,5.562,-1.742,0.000,-3.500,joint_grid_transaction,1185,1185,3,9,84,0.000,1.00,-3.039,False,None,0.000,False
1792.000,2,en_route_delivery,6.401,-1.148,6.000,-3.500,joint_grid_transaction,1185,1185,3,9,78,0.000,1.00,1.134,False,None,0.000,False
1792.000,3,en_route_delivery,5.332,-0.899,6.000,3.500,joint_grid_transaction,1185,1185,2,9,79,0.000,1.00,-0.853,False,None,0.000,False
1792.000,4,en_route_pickup,-4.246,2.417,0.000,-3.500,joint_grid_transaction,1185,1185,4,9,85,0.000,1.00,1.664,False,None,0.000,False
1792.000,5,en_route_pickup,5.242,3.198,6.000,3.500,joint_grid_transaction,1185,1185,2,8,83,0.000,1.00,0.091,False,None,0.000,False
1792.000,6,en_route_delivery,4.033,2.025,0.000,-3.500,joint_grid_transaction,1185,1185,3,9,86,0.000,1.00,0.691,False,None,0.000,False
1792.000,7,en_route_delivery,-5.823,-1.872,-6.000,3.500,joint_grid_transaction,1185,1185,4,9,81,0.000,1.00,-2.285,False,None,0.000,False
1792.000,8,en_route_pickup,-0.835,-2.391,0.000,-3.500,joint_grid_transaction,1185,1185,4,5,80,0.000,1.00,-2.315,False,None,0.000,False
1794.048,1,en_route_pickup,5.473,-1.733,0.000,-3.500,joint_grid_transaction,1186,1186,1,9,84,1794.116,0.40,-3.042,False,None,0.000,False
1794.048,2,en_route_delivery,6.392,-1.267,6.000,-3.500,joint_grid_transaction,1186,1186,2,9,78,0.000,1.00,2.531,False,None,0.000,False
1794.048,3,en_route_delivery,5.515,-0.777,6.000,3.500,joint_grid_transaction,1186,1186,1,9,79,0.000,1.00,-0.782,False,None,0.000,False
1794.048,4,en_route_pickup,-4.274,2.107,0.000,-3.500,joint_grid_transaction,1186,1186,2,9,85,0.000,1.00,1.660,False,None,0.000,False
1794.048,5,en_route_pickup,5.470,3.185,6.000,3.500,joint_grid_transaction,1186,1186,1,8,83,0.000,1.00,0.062,False,None,0.000,False
1794.048,6,en_route_delivery,4.200,1.734,0.000,-3.500,joint_grid_transaction,1186,1186,2,9,86,0.000,1.00,1.290,False,None,0.000,False
1794.048,7,en_route_delivery,-5.970,-1.530,-6.000,3.500,joint_grid_transaction,1186,1186,2,9,81,0.000,1.00,-1.742,False,None,0.000,False
1794.048,8,en_route_pickup,-0.965,-2.251,0.000,-3.500,joint_grid_transaction,1186,1186,1,9,80,0.000,1.00,-2.408,False,None,0.000,False
1796.096,1,en_route_pickup,5.259,-1.711,0.000,-3.500,joint_grid_transaction,1188,1188,2,9,84,0.000,1.00,-3.043,False,None,0.000,False
1796.096,2,en_route_delivery,6.219,-1.343,6.000,-3.500,joint_grid_transaction,1188,1188,2,9,78,0.000,1.00,2.515,False,None,0.000,False
1796.096,3,en_route_delivery,5.528,-0.689,6.000,3.500,joint_grid_transaction,1188,1188,2,9,79,0.000,0.85,-0.896,False,None,0.000,False
1796.096,4,en_route_pickup,-4.298,1.842,0.000,-3.500,joint_grid_transaction,1188,1188,2,9,85,0.000,1.00,1.661,False,None,0.000,False
1796.096,5,en_route_delivery,5.498,3.250,-1.000,-1.500,joint_grid_transaction,1188,1188,1,9,83,0.000,1.00,1.133,False,None,0.000,False
1796.096,6,en_route_delivery,4.241,1.487,0.000,-3.500,joint_grid_transaction,1188,1188,2,9,86,0.000,1.00,1.479,False,None,0.000,False
1796.096,7,en_route_delivery,-6.002,-1.253,-6.000,3.500,joint_grid_transaction,1188,1188,2,9,81,0.000,1.00,-1.658,False,None,0.000,False
1796.096,8,en_route_pickup,-1.253,-2.235,0.000,-3.500,joint_grid_transaction,1188,1188,2,9,80,0.000,1.00,-3.070,False,None,0.000,False
1798.144,1,en_route_pickup,5.027,-1.689,0.000,-3.500,joint_grid_transaction,1189,1189,1,8,84,0.000,1.00,-3.061,False,None,0.000,False
1798.144,2,en_route_delivery,6.086,-1.548,6.000,-3.500,joint_grid_transaction,1189,1189,1,8,78,0.000,1.00,2.039,False,joint_slot_deadline,1798.788,False
1798.144,3,en_route_delivery,5.702,-0.585,6.000,3.500,joint_grid_transaction,1189,1189,2,9,79,0.000,1.00,-0.372,False,joint_slot_deadline,1798.788,False
1798.144,4,en_route_pickup,-4.311,1.618,0.000,-3.500,joint_grid_transaction,1189,1189,2,9,85,0.000,1.00,1.622,False,None,0.000,False
1798.144,5,en_route_delivery,5.332,3.219,-1.000,-1.500,joint_grid_transaction,1189,1189,2,9,83,0.000,1.00,2.912,False,None,0.000,False
1798.144,6,en_route_delivery,4.270,1.191,0.000,-3.500,joint_grid_transaction,1189,1189,2,9,86,0.000,1.00,1.475,False,None,0.000,False
1798.144,7,en_route_delivery,-6.028,-0.952,-6.000,3.500,joint_grid_transaction,1189,1189,2,9,81,0.000,1.00,-1.659,False,None,0.000,False
1798.144,8,en_route_pickup,-1.534,-2.213,0.000,-3.500,joint_grid_transaction,1189,1189,1,9,80,0.000,1.00,-3.064,False,None,0.000,False
