sim_time,robot_id,state,pos_x,pos_y,goal_x,goal_y,active_plan_source,active_plan_epoch,controller_epoch,controller_waypoint_idx,waypoints,current_task,hold_until,speed_scale,heading,emergency_braking,joint_wait_reason,joint_wait_until,replan_requested
0.256,1,en_route_pickup,-4.000,3.000,-6.000,3.500,None,None,0,0,1,1,0.000,1.00,-0.001,False,None,0.000,False
0.256,2,idle,-4.000,-3.000,0.000,0.000,None,None,0,0,0,None,0.000,1.00,-0.001,False,None,0.000,False
0.256,3,idle,4.000,3.000,0.000,0.000,None,None,0,0,0,None,0.000,1.00,3.142,False,None,0.000,False
0.256,4,idle,4.000,-3.000,0.000,0.000,None,None,0,0,0,None,0.000,1.00,3.142,False,None,0.000,False
0.256,5,idle,-7.000,-0.000,0.000,0.000,None,None,0,0,0,None,0.000,1.00,1.571,False,None,0.000,False
0.256,6,idle,7.000,0.000,0.000,0.000,None,None,0,0,0,None,0.000,1.00,1.571,False,None,0.000,False
0.256,7,idle,-8.500,1.200,0.000,0.000,None,None,0,0,0,None,0.000,1.00,-0.001,False,None,0.000,False
0.256,8,idle,8.500,-1.200,0.000,0.000,None,None,0,0,0,None,0.000,1.00,3.142,False,None,0.000,False
0.512,1,en_route_pickup,-4.000,3.000,-6.000,3.500,None,None,0,0,1,1,0.000,1.00,-0.001,False,None,0.000,False
0.512,2,idle,-4.000,-3.000,0.000,0.000,None,None,0,0,0,None,0.000,1.00,-0.001,False,None,0.000,False
0.512,3,idle,4.000,3.000,0.000,0.000,None,None,0,0,0,None,0.000,1.00,3.142,False,None,0.000,False
0.512,4,idle,4.000,-3.000,0.000,0.000,None,None,0,0,0,None,0.000,1.00,3.142,False,None,0.000,False
0.512,5,idle,-7.000,-0.000,0.000,0.000,None,None,0,0,0,None,0.000,1.00,1.571,False,None,0.000,False
0.512,6,idle,7.000,0.000,0.000,0.000,None,None,0,0,0,None,0.000,1.00,1.571,False,None,0.000,False
0.512,7,idle,-8.500,1.200,0.000,0.000,None,None,0,0,0,None,0.000,1.00,-0.001,False,None,0.000,False
0.512,8,idle,8.500,-1.200,0.000,0.000,None,None,0,0,0,None,0.000,1.00,3.142,False,None,0.000,False
0.768,1,en_route_pickup,-4.003,2.999,-6.000,3.500,joint_grid_transaction,1,1,1,9,1,0.000,1.00,0.191,False,None,0.000,False
0.768,2,idle,-4.000,-3.000,0.000,0.000,None,None,0,0,0,None,0.000,1.00,-0.001,False,None,0.000,False
0.768,3,idle,4.000,3.000,0.000,0.000,None,None,0,0,0,None,0.000,1.00,3.142,False,None,0.000,False
0.768,4,idle,4.000,-3.000,0.000,0.000,None,None,0,0,0,None,0.000,1.00,3.142,False,None,0.000,False
0.768,5,idle,-7.000,-0.000,0.000,0.000,None,None,0,0,0,None,0.000,1.00,1.571,False,None,0.000,False
0.768,6,idle,7.000,0.000,0.000,0.000,None,None,0,0,0,None,0.000,1.00,1.571,False,None,0.000,False
0.768,7,idle,-8.500,1.200,0.000,0.000,None,None,0,0,0,None,0.000,1.00,-0.001,False,None,0.000,False
0.768,8,idle,8.500,-1.200,0.000,0.000,None,None,0,0,0,None,0.000,1.00,3.142,False,None,0.000,False
1.024,1,en_route_pickup,-4.023,2.991,-6.000,3.500,joint_grid_transaction,1,1,1,9,1,0.000,1.00,0.525,False,None,0.000,False
1.024,2,idle,-4.000,-3.000,0.000,0.000,None,None,0,0,0,None,0.000,1.00,-0.001,False,None,0.000,False
1.024,3,idle,4.000,3.000,0.000,0.000,None,None,0,0,0,None,0.000,1.00,3.142,False,None,0.000,False
1.024,4,idle,4.000,-3.000,0.000,0.000,None,None,0,0,0,None,0.000,1.00,3.142,False,None,0.000,False
1.024,5,idle,-7.000,-0.000,0.000,0.000,None,None,0,0,0,None,0.000,1.00,1.571,False,None,0.000,False
1.024,6,idle,7.000,0.000,0.000,0.000,None,None,0,0,0,None,0.000,1.00,1.571,False,None,0.000,False
1.024,7,idle,-8.500,1.200,0.000,0.000,None,None,0,0,0,None,0.000,1.00,-0.001,False,None,0.000,False
1.024,8,idle,8.500,-1.200,0.000,0.000,None,None,0,0,0,None,0.000,1.00,3.142,False,None,0.000,False
1.280,1,en_route_pickup,-4.050,2.971,-6.000,3.500,joint_grid_transaction,1,1,2,9,1,0.000,1.00,0.779,False,None,0.000,False
1.280,2,en_route_pickup,-4.000,-3.000,-1.000,1.500,None,None,0,0,4,2,0.000,1.00,-0.001,False,None,0.000,False
1.280,3,idle,4.000,3.000,0.000,0.000,None,None,0,0,0,None,0.000,1.00,3.142,False,None,0.000,False
1.280,4,idle,4.000,-3.000,0.000,0.000,None,None,0,0,0,None,0.000,1.00,3.142,False,None,0.000,False
1.280,5,idle,-7.000,-0.000,0.000,0.000,None,None,0,0,0,None,0.000,1.00,1.571,False,None,0.000,False
1.280,6,idle,7.000,0.000,0.000,0.000,None,None,0,0,0,None,0.000,1.00,1.571,False,None,0.000,False
1.280,7,idle,-8.500,1.200,0.000,0.000,None,None,0,0,0,None,0.000,1.00,-0.001,False,None,0.000,False
1.280,8,idle,8.500,-1.200,0.000,0.000,None,None,0,0,0,None,0.000,1.00,3.142,False,None,0.000,False
1.536,1,en_route_pickup,-4.075,2.943,-6.000,3.500,joint_grid_transaction,1,1,2,9,1,0.000,1.00,1.027,False,None,0.000,False
1.536,2,en_route_pickup,-4.000,-3.000,-1.000,1.500,None,None,0,0,4,2,0.000,1.00,-0.001,False,None,0.000,False
1.536,3,en_route_pickup,4.000,3.000,-3.000,1.500,None,None,0,0,2,3,0.000,1.00,3.142,False,None,0.000,False
1.536,4,idle,4.000,-3.000,0.000,0.000,None,None,0,0,0,None,0.000,1.00,3.142,False,None,0.000,False
1.536,5,idle,-7.000,-0.000,0.000,0.000,None,None,0,0,0,None,0.000,1.00,1.571,False,None,0.000,False
1.536,6,idle,7.000,0.000,0.000,0.000,None,None,0,0,0,None,0.000,1.00,1.571,False,None,0.000,False
1.536,7,idle,-8.500,1.200,0.000,0.000,None,None,0,0,0,None,0.000,1.00,-0.001,False,None,0.000,False
1.536,8,idle,8.500,-1.200,0.000,0.000,None,None,0,0,0,None,0.000,1.00,3.142,False,None,0.000,False
1.792,1,en_route_pickup,-4.087,2.922,-6.000,3.500,joint_grid_transaction,1,1,2,9,1,0.000,1.00,1.349,False,None,0.000,False
1.792,2,en_route_pickup,-4.000,-3.000,-1.000,1.500,None,None,0,0,4,2,0.000,1.00,-0.001,False,None,0.000,False
1.792,3,en_route_pickup,4.000,3.000,-3.000,1.500,None,None,0,0,2,3,0.000,1.00,3.142,False,None,0.000,False
1.792,4,idle,4.000,-3.000,0.000,0.000,None,None,0,0,0,None,0.000,1.00,3.142,False,None,0.000,False
1.792,5,idle,-7.000,-0.000,0.000,0.000,None,None,0,0,0,None,0.000,1.00,1.571,False,None,0.000,False
1.792,6,idle,7.000,0.000,0.000,0.000,None,None,0,0,0,None,0.000,1.00,1.571,False,None,0.000,False
1.792,7,idle,-8.500,1.200,0.000,0.000,None,None,0,0,0,None,0.000,1.00,-0.001,False,None,0.000,False
1.792,8,idle,8.500,-1.200,0.000,0.000,None,None,0,0,0,None,0.000,1.00,3.142,False,None,0.000,False
2.048,1,en_route_pickup,-4.088,2.921,-6.000,3.500,joint_grid_transaction,1,1,2,9,1,0.000,1.00,1.774,False,None,0.000,False
2.048,2,en_route_pickup,-4.000,-3.000,-1.000,1.500,None,None,0,0,4,2,0.000,1.00,-0.001,False,None,0.000,False
2.048,3,en_route_pickup,4.000,3.000,-3.000,1.500,None,None,0,0,2,3,0.000,1.00,3.142,False,None,0.000,False
2.048,4,idle,4.000,-3.000,0.000,0.000,None,None,0,0,0,None,0.000,1.00,3.142,False,None,0.000,False
2.048,5,idle,-7.000,-0.000,0.000,0.000,None,None,0,0,0,None,0.000,1.00,1.571,False,None,0.000,False
2.048,6,idle,7.000,0.000,0.000,0.000,None,None,0,0,0,None,0.000,1.00,1.571,False,None,0.000,False
2.048,7,idle,-8.500,1.200,0.000,0.000,None,None,0,0,0,None,0.000,1.00,-0.001,False,None,0.000,False
2.048,8,idle,8.500,-1.200,0.000,0.000,None,None,0,0,0,None,0.000,1.00,3.142,False,None,0.000,False
2.304,1,en_route_pickup,-4.096,2.941,-6.000,3.500,joint_grid_transaction,1,1,2,9,1,0.000,1.00,2.105,False,None,0.000,False
2.304,2,en_route_pickup,-4.000,-3.000,-1.000,1.500,None,None,0,0,4,2,0.000,1.00,-0.001,False,None,0.000,False
2.304,3,en_route_pickup,4.000,3.000,-3.000,1.500,None,None,0,0,2,3,0.000,1.00,3.142,False,None,0.000,False
2.304,4,idle,4.000,-3.000,0.000,0.000,None,None,0,0,0,None,0.000,1.00,3.142,False,None,0.000,False
2.304,5,idle,-7.000,-0.000,0.000,0.000,None,None,0,0,0,None,0.000,1.00,1.571,False,None,0.000,False
2.304,6,idle,7.000,0.000,0.000,0.000,None,None,0,0,0,None,0.000,1.00,1.571,False,None,0.000,False
2.304,7,idle,-8.500,1.200,0.000,0.000,None,None,0,0,0,None,0.000,1.00,-0.001,False,None,0.000,False
2.304,8,idle,8.500,-1.200,0.000,0.000,None,None,0,0,0,None,0.000,1.00,3.142,False,None,0.000,False
2.560,1,en_route_pickup,-4.118,2.968,-6.000,3.500,joint_grid_transaction,1,1,2,9,1,0.000,1.00,2.357,False,None,0.000,False
2.560,2,en_route_pickup,-4.000,-3.000,-1.000,1.500,None,None,0,0,4,2,0.000,1.00,-0.001,False,None,0.000,False
2.560,3,en_route_pickup,4.000,3.000,-3.000,1.500,None,None,0,0,2,3,0.000,1.00,3.142,False,None,0.000,False
2.560,4,idle,4.000,-3.000,0.000,0.000,None,None,0,0,0,None,0.000,1.00,3.142,False,None,0.000,False
2.560,5,idle,-7.000,-0.000,0.000,0.000,None,None,0,0,0,None,0.000,1.00,1.571,False,None,0.000,False
2.560,6,idle,7.000,0.000,0.000,0.000,None,None,0,0,0,None,0.000,1.00,1.571,False,None,0.000,False
2.560,7,idle,-8.500,1.200,0.000,0.000,None,None,0,0,0,None,0.000,1.00,-0.001,False,None,0.000,False
2.560,8,idle,8.500,-1.200,0.000,0.000,None,None,0,0,0,None,0.000,1.00,3.142,False,None,0.000,False
2.816,1,en_route_pickup,-4.142,2.991,-6.000,3.500,joint_grid_transaction,1,1,2,9,1,0.000,1.00,2.580,False,None,0.000,False
2.816,2,en_route_pickup,-4.000,-3.000,-1.000,1.500,None,None,0,0,4,2,0.000,1.00,-0.001,False,None,0.000,False
2.816,3,en_route_pickup,4.000,3.000,-3.000,1.500,None,None,0,0,2,3,0.000,1.00,3.142,False,None,0.000,False
2.816,4,idle,4.000,-3.000,0.000,0.000,None,None,0,0,0,None,0.000,1.00,3.142,False,None,0.000,False
2.816,5,idle,-7.000,-0.000,0.000,0.000,None,None,0,0,0,None,0.000,1.00,1.571,False,None,0.000,False
2.816,6,idle,7.000,0.000,0.000,0.000,None,None,0,0,0,None,0.000,1.00,1.571,False,None,0.000,False
2.816,7,idle,-8.500,1.200,0.000,0.000,None,None,0,0,0,None,0.000,1.00,-0.001,False,None,0.000,False
2.816,8,idle,8.500,-1.200,0.000,0.000,None,None,0,0,0,None,0.000,1.00,3.142,False,None,0.000,False
3.072,1,en_route_pickup,-4.157,3.000,-6.000,3.500,joint_grid_transaction,1,1,2,9,1,0.000,1.00,2.762,False,None,0.000,False
3.072,2,en_route_pickup,-4.000,-3.000,-1.000,1.500,None,None,0,0,4,2,0.000,1.00,-0.001,False,None,0.000,False
3.072,3,en_route_pickup,4.000,3.000,-3.000,1.500,None,None,0,0,2,3,0.000,1.00,3.142,False,None,0.000,False
3.072,4,idle,4.000,-3.000,0.000,0.000,None,None,0,0,0,None,0.000,1.00,3.142,False,None,0.000,False
3.072,5,idle,-7.000,-0.000,0.000,0.000,None,None,0,0,0,None,0.000,1.00,1.571,False,None,0.000,False
3.072,6,idle,7.000,0.000,0.000,0.000,None,None,0,0,0,None,0.000,1.00,1.571,False,None,0.000,False
3.072,7,idle,-8.500,1.200,0.000,0.000,None,None,0,0,0,None,0.000,1.00,-0.001,False,None,0.000,False
3.072,8,idle,8.500,-1.200,0.000,0.000,None,None,0,0,0,None,0.000,1.00,3.142,False,None,0.000,False
3.328,1,en_route_pickup,-4.176,2.998,-6.000,3.500,joint_grid_transaction,1,1,2,9,1,0.000,1.00,2.869,False,None,0.000,False
3.328,2,en_route_pickup,-4.000,-3.000,-1.000,1.500,None,None,0,0,4,2,0.000,1.00,-0.001,False,None,0.000,False
3.328,3,en_route_pickup,4.000,3.000,-3.000,1.500,None,None,0,0,2,3,0.000,1.00,3.142,False,None,0.000,False
3.328,4,idle,4.000,-3.000,0.000,0.000,None,None,0,0,0,None,0.000,1.00,3.142,False,None,0.000,False
3.328,5,idle,-7.000,-0.000,0.000,0.000,None,None,0,0,0,None,0.000,1.00,1.571,False,None,0.000,False
3.328,6,idle,7.000,0.000,0.000,0.000,None,None,0,0,0,None,0.000,1.00,1.571,False,None,0.000,False
3.328,7,idle,-8.500,1.200,0.000,0.000,None,None,0,0,0,None,0.000,1.00,-0.001,False,None,0.000,False
3.328,8,idle,8.500,-1.200,0.000,0.000,None,None,0,0,0,None,0.000,1.00,3.142,False,None,0.000,False
3.584,1,en_route_pickup,-4.221,2.988,-6.000,3.500,joint_grid_transaction,1,1,2,9,1,0.000,1.00,2.990,False,None,0.000,False
3.584,2,en_route_pickup,-4.000,-3.000,-1.000,1.500,None,None,0,0,4,2,0.000,1.00,-0.001,False,None,0.000,False
3.584,3,en_route_pickup,4.000,3.000,-3.000,1.500,None,None,0,0,2,3,0.000,1.00,3.142,False,None,0.000,False
3.584,4,idle,4.000,-3.000,0.000,0.000,None,None,0,0,0,None,0.000,1.00,3.142,False,None,0.000,False
3.584,5,idle,-7.000,-0.000,0.000,0.000,None,None,0,0,0,None,0.000,1.00,1.571,False,None,0.000,False
3.584,6,idle,7.000,0.000,0.000,0.000,None,None,0,0,0,None,0.000,1.00,1.571,False,None,0.000,False
3.584,7,idle,-8.500,1.200,0.000,0.000,None,None,0,0,0,None,0.000,1.00,-0.001,False,None,0.000,False
3.584,8,idle,8.500,-1.200,0.000,0.000,None,None,0,0,0,None,0.000,1.00,3.142,False,None,0.000,False
3.840,1,en_route_pickup,-4.268,2.983,-6.000,3.500,joint_grid_transaction,1,1,2,9,1,0.000,1.00,3.070,False,None,0.000,False
3.840,2,en_route_pickup,-4.000,-3.000,-1.000,1.500,None,None,0,0,4,2,0.000,1.00,-0.001,False,None,0.000,False
3.840,3,en_route_pickup,4.000,3.000,-3.000,1.500,None,None,0,0,2,3,0.000,1.00,3.142,False,None,0.000,False
3.840,4,idle,4.000,-3.000,0.000,0.000,None,None,0,0,0,None,0.000,1.00,3.142,False,None,0.000,False
3.840,5,idle,-7.000,-0.000,0.000,0.000,None,None,0,0,0,None,0.000,1.00,1.571,False,None,0.000,False
3.840,6,idle,7.000,0.000,0.000,0.000,None,None,0,0,0,None,0.000,1.00,1.571,False,None,0.000,False
3.840,7,idle,-8.500,1.200,0.000,0.000,None,None,0,0,0,None,0.000,1.00,-0.001,False,None,0.000,False
3.840,8,idle,8.500,-1.200,0.000,0.000,None,None,0,0,0,None,0.000,1.00,3.142,False,None,0.000,False
4.096,1,en_route_pickup,-4.310,2.980,-6.000,3.500,joint_grid_transaction,2,1,3,9,1,0.000,1.00,3.084,False,None,0.000,False
4.096,2,en_route_pickup,-4.000,-3.000,-1.000,1.500,joint_grid_transaction,2,0,0,9,2,0.000,1.00,0.018,False,None,0.000,False
4.096,3,en_route_pickup,3.998,3.000,-3.000,1.500,joint_grid_transaction,2,0,0,9,3,0.000,1.00,3.142,False,None,0.000,False
4.096,4,idle,4.000,-3.000,0.000,0.000,None,None,0,0,0,None,0.000,1.00,3.142,False,None,0.000,False
4.096,5,idle,-7.000,-0.000,0.000,0.000,None,None,0,0,0,None,0.000,1.00,1.571,False,None,0.000,False
4.096,6,idle,7.000,0.000,0.000,0.000,None,None,0,0,0,None,0.000,1.00,1.571,False,None,0.000,False
4.096,7,idle,-8.500,1.200,0.000,0.000,None,None,0,0,0,None,0.000,1.00,-0.001,False,None,0.000,False
4.096,8,idle,8.500,-1.200,0.000,0.000,None,None,0,0,0,None,0.000,1.00,3.142,False,None,0.000,False
4.352,1,en_route_pickup,-4.349,2.978,-6.000,3.500,joint_grid_transaction,2,2,2,9,1,0.000,1.00,3.082,False,None,0.000,False
4.352,2,en_route_pickup,-4.013,-3.004,-1.000,1.500,joint_grid_transaction,2,2,1,9,2,0.000,1.00,0.392,False,None,0.000,False
4.352,3,en_route_pickup,3.950,3.000,-3.000,1.500,joint_grid_transaction,2,2,2,9,3,0.000,1.00,3.142,False,None,0.000,False
4.352,4,idle,4.000,-3.000,0.000,0.000,None,None,0,0,0,None,0.000,1.00,3.142,False,None,0.000,False
4.352,5,idle,-7.000,-0.000,0.000,0.000,None,None,0,0,0,None,0.000,1.00,1.571,False,None,0.000,False
4.352,6,idle,7.000,0.000,0.000,0.000,None,None,0,0,0,None,0.000,1.00,1.571,False,None,0.000,False
4.352,7,idle,-8.500,1.200,0.000,0.000,None,None,0,0,0,None,0.000,1.00,-0.001,False,None,0.000,False
4.352,8,idle,8.500,-1.200,0.000,0.000,None,None,0,0,0,None,0.000,1.00,3.142,False,None,0.000,False
4.608,1,en_route_pickup,-4.388,2.976,-6.000,3.500,joint_grid_transaction,2,2,2,9,1,0.000,1.00,3.081,False,None,0.000,False
4.608,2,en_route_pickup,-4.027,-3.010,-1.000,1.500,joint_grid_transaction,2,2,1,9,2,0.000,1.00,0.562,False,None,0.000,False
4.608,3,en_route_pickup,3.902,3.000,-3.000,1.500,joint_grid_transaction,2,2,2,9,3,0.000,1.00,3.142,False,None,0.000,False
4.608,4,idle,4.000,-3.000,0.000,0.000,None,None,0,0,0,None,0.000,1.00,3.142,False,None,0.000,False
4.608,5,idle,-7.000,-0.000,0.000,0.000,None,None,0,0,0,None,0.000,1.00,1.571,False,None,0.000,False
4.608,6,idle,7.000,0.000,0.000,0.000,None,None,0,0,0,None,0.000,1.00,1.571,False,None,0.000,False
4.608,7,idle,-8.500,1.200,0.000,0.000,None,None,0,0,0,None,0.000,1.00,-0.001,False,None,0.000,False
4.608,8,idle,8.500,-1.200,0.000,0.000,None,None,0,0,0,None,0.000,1.00,3.142,False,None,0.000,False
4.864,1,en_route_pickup,-4.426,2.973,-6.000,3.500,joint_grid_transaction,2,2,2,9,1,0.000,1.00,3.080,False,None,0.000,False
4.864,2,en_route_pickup,-4.005,-2.997,-1.000,1.500,joint_grid_transaction,2,2,2,9,2,0.000,1.00,0.245,False,None,0.000,False
4.864,3,en_route_pickup,3.854,3.000,-3.000,1.500,joint_grid_transaction,2,2,2,9,3,0.000,1.00,3.142,False,None,0.000,False
4.864,4,idle,4.000,-3.000,0.000,0.000,None,None,0,0,0,None,0.000,1.00,3.142,False,None,0.000,False
4.864,5,idle,-7.000,-0.000,0.000,0.000,None,None,0,0,0,None,0.000,1.00,1.571,False,None,0.000,False
4.864,6,idle,7.000,0.000,0.000,0.000,None,None,0,0,0,None,0.000,1.00,1.571,False,None,0.000,False
4.864,7,idle,-8.500,1.200,0.000,0.000,None,None,0,0,0,None,0.000,1.00,-0.001,False,None,0.000,False
4.864,8,idle,8.500,-1.200,0.000,0.000,None,None,0,0,0,None,0.000,1.00,3.142,False,None,0.000,False
5.120,1,en_route_pickup,-4.462,2.971,-6.000,3.500,joint_grid_transaction,3,2,2,9,1,0.000,1.00,3.080,False,None,0.000,False
5.120,2,en_route_pickup,-4.002,-2.995,-1.000,1.500,joint_grid_transaction,3,2,2,9,2,0.000,1.00,0.178,False,None,0.000,False
5.120,3,en_route_pickup,3.807,3.000,-3.000,1.500,joint_grid_transaction,3,2,2,8,3,0.000,1.00,3.142,False,None,0.000,False
5.120,4,idle,4.000,-3.000,0.000,0.000,None,None,0,0,0,None,0.000,1.00,3.142,False,None,0.000,False
5.120,5,idle,-7.000,-0.000,0.000,0.000,None,None,0,0,0,None,0.000,1.00,1.571,False,None,0.000,False
5.120,6,idle,7.000,0.000,0.000,0.000,None,None,0,0,0,None,0.000,1.00,1.571,False,None,0.000,False
5.120,7,idle,-8.500,1.200,0.000,0.000,None,None,0,0,0,None,0.000,1.00,-0.001,False,None,0.000,False
5.120,8,idle,8.500,-1.200,0.000,0.000,None,None,0,0,0,None,0.000,1.00,3.142,False,None,0.000,False
5.376,1,en_route_pickup,-4.497,2.969,-6.000,3.500,joint_grid_transaction,3,3,1,9,1,0.000,1.00,3.079,False,None,0.000,False
5.376,2,en_route_pickup,-4.022,-2.988,-1.000,1.500,joint_grid_transaction,3,3,1,9,2,0.000,1.00,0.515,False,None,0.000,False
5.376,3,en_route_pickup,3.759,3.000,-3.000,1.500,joint_grid_transaction,3,3,1,8,3,0.000,1.00,3.142,False,None,0.000,False
5.376,4,idle,4.000,-3.000,0.000,0.000,None,None,0,0,0,None,0.000,1.00,3.142,False,None,0.000,False
5.376,5,idle,-7.000,-0.000,0.000,0.000,None,None,0,0,0,None,0.000,1.00,1.571,False,None,0.000,False
5.376,6,idle,7.000,0.000,0.000,0.000,None,None,0,0,0,None,0.000,1.00,1.571,False,None,0.000,False
5.376,7,idle,-8.500,1.200,0.000,0.000,None,None,0,0,0,None,0.000,1.00,-0.001,False,None,0.000,False
5.376,8,idle,8.500,-1.200,0.000,0.000,None,None,0,0,0,None,0.000,1.00,3.142,False,None,0.000,False
5.632,1,en_route_pickup,-4.531,2.967,-6.000,3.500,joint_grid_transaction,3,3,1,9,1,0.000,1.00,3.079,False,None,0.000,False
5.632,2,en_route_pickup,-4.049,-2.967,-1.000,1.500,joint_grid_transaction,3,3,2,9,2,0.000,1.00,0.771,False,None,0.000,False
5.632,3,en_route_pickup,3.719,3.000,-3.000,1.500,joint_grid_transaction,3,3,1,8,3,0.000,1.00,-3.142,False,joint_slot_deadline,6.292,False
5.632,4,idle,4.000,-3.000,0.000,0.000,None,None,0,0,0,None,0.000,1.00,3.142,False,None,0.000,False
5.632,5,idle,-7.000,-0.000,0.000,0.000,None,None,0,0,0,None,0.000,1.00,1.571,False,None,0.000,False
5.632,6,idle,7.000,0.000,0.000,0.000,None,None,0,0,0,None,0.000,1.00,1.571,False,None,0.000,False
5.632,7,idle,-8.500,1.200,0.000,0.000,None,None,0,0,0,None,0.000,1.00,-0.001,False,None,0.000,False
5.632,8,idle,8.500,-1.200,0.000,0.000,None,None,0,0,0,None,0.000,1.00,3.142,False,None,0.000,False
5.888,1,en_route_pickup,-4.567,2.964,-6.000,3.500,joint_grid_transaction,3,3,2,9,1,0.000,1.00,3.074,False,None,0.000,False
5.888,2,en_route_pickup,-4.074,-2.940,-1.000,1.500,joint_grid_transaction,3,3,2,9,2,0.000,1.00,1.017,False,None,0.000,False
5.888,3,en_route_pickup,3.719,3.000,-3.000,1.500,joint_grid_transaction,3,3,1,8,3,0.000,1.00,-3.142,False,joint_slot_deadline,6.292,False
5.888,4,idle,4.000,-3.000,0.000,0.000,None,None,0,0,0,None,0.000,1.00,3.142,False,None,0.000,False
5.888,5,idle,-7.000,-0.000,0.000,0.000,None,None,0,0,0,None,0.000,1.00,1.571,False,None,0.000,False
5.888,6,idle,7.000,0.000,0.000,0.000,None,None,0,0,0,None,0.000,1.00,1.571,False,None,0.000,False
5.888,7,idle,-8.500,1.200,0.000,0.000,None,None,0,0,0,None,0.000,1.00,-0.001,False,None,0.000,False
5.888,8,idle,8.500,-1.200,0.000,0.000,None,None,0,0,0,None,0.000,1.00,3.142,False,None,0.000,False
6.144,1,en_route_pickup,-4.603,2.962,-6.000,3.500,joint_grid_transaction,3,3,2,9,1,0.000,1.00,3.074,False,None,0.000,False
6.144,2,en_route_pickup,-4.086,-2.918,-1.000,1.500,joint_grid_transaction,3,3,2,9,2,0.000,1.00,1.337,False,None,0.000,False
6.144,3,en_route_pickup,3.719,3.000,-3.000,1.500,joint_grid_transaction,3,3,1,8,3,0.000,1.00,-3.142,False,joint_slot_deadline,6.292,False
6.144,4,idle,4.000,-3.000,0.000,0.000,None,None,0,0,0,None,0.000,1.00,3.142,False,None,0.000,False
6.144,5,idle,-7.000,-0.000,0.000,0.000,None,None,0,0,0,None,0.000,1.00,1.571,False,None,0.000,False
6.144,6,idle,7.000,0.000,0.000,0.000,None,None,0,0,0,None,0.000,1.00,1.571,False,None,0.000,False
6.144,7,idle,-8.500,1.200,0.000,0.000,None,None,0,0,0,None,0.000,1.00,-0.001,False,None,0.000,False
6.144,8,idle,8.500,-1.200,0.000,0.000,None,None,0,0,0,None,0.000,1.00,3.142,False,None,0.000,False
6.400,1,en_route_pickup,-4.638,2.960,-6.000,3.500,joint_grid_transaction,3,3,2,9,1,0.000,1.00,3.073,False,None,0.000,False
6.400,2,en_route_pickup,-4.087,-2.915,-1.000,1.500,joint_grid_transaction,3,3,2,9,2,0.000,1.00,1.746,False,None,0.000,False
6.400,3,en_route_pickup,3.705,3.000,-3.000,1.500,joint_grid_transaction,3,3,1,8,3,0.000,1.00,-3.142,False,joint_slot_deadline,6.292,False
6.400,4,idle,4.000,-3.000,0.000,0.000,None,None,0,0,0,None,0.000,1.00,3.142,False,None,0.000,False
6.400,5,idle,-7.000,-0.000,0.000,0.000,None,None,0,0,0,None,0.000,1.00,1.571,False,None,0.000,False
6.400,6,idle,7.000,0.000,0.000,0.000,None,None,0,0,0,None,0.000,1.00,1.571,False,None,0.000,False
6.400,7,idle,-8.500,1.200,0.000,0.000,None,None,0,0,0,None,0.000,1.00,-0.001,False,None,0.000,False
6.400,8,idle,8.500,-1.200,0.000,0.000,None,None,0,0,0,None,0.000,1.00,3.142,False,None,0.000,False
6.656,1,en_route_pickup,-4.660,2.959,-6.000,3.500,_joint_stall_recovery,4,3,1,3,1,0.000,1.00,-3.065,False,None,0.000,False
6.656,2,en_route_pickup,-4.090,-2.925,-1.000,1.500,joint_grid_transaction,3,3,2,9,2,0.000,1.00,1.959,False,None,0.000,False
6.656,3,en_route_pickup,3.658,3.000,-3.000,1.500,joint_grid_transaction,3,3,2,8,3,0.000,1.00,-3.142,False,None,0.000,False
6.656,4,idle,4.000,-3.000,0.000,0.000,None,None,0,0,0,None,0.000,1.00,3.142,False,None,0.000,False
6.656,5,idle,-7.000,-0.000,0.000,0.000,None,None,0,0,0,None,0.000,1.00,1.571,False,None,0.000,False
6.656,6,idle,7.000,0.000,0.000,0.000,None,None,0,0,0,None,0.000,1.00,1.571,False,None,0.000,False
6.656,7,idle,-8.500,1.200,0.000,0.000,None,None,0,0,0,None,0.000,1.00,-0.001,False,None,0.000,False
6.656,8,idle,8.500,-1.200,0.000,0.000,None,None,0,0,0,None,0.000,1.00,3.142,False,None,0.000,False
6.912,1,en_route_pickup,-4.651,2.961,-6.000,3.500,_joint_stall_recovery,4,3,1,3,1,0.000,1.00,-2.822,False,None,0.000,False
6.912,2,en_route_pickup,-4.106,-2.905,-1.000,1.500,joint_grid_transaction,3,3,3,9,2,0.000,1.00,2.054,False,None,0.000,False
6.912,3,en_route_pickup,3.610,3.000,-3.000,1.500,joint_grid_transaction,3,3,2,8,3,0.000,1.00,-3.142,False,None,0.000,False
6.912,4,idle,4.000,-3.000,0.000,0.000,None,None,0,0,0,None,0.000,1.00,3.142,False,None,0.000,False
6.912,5,idle,-7.000,-0.000,0.000,0.000,None,None,0,0,0,None,0.000,1.00,1.571,False,None,0.000,False
6.912,6,idle,7.000,0.000,0.000,0.000,None,None,0,0,0,None,0.000,1.00,1.571,False,None,0.000,False
6.912,7,idle,-8.500,1.200,0.000,0.000,None,None,0,0,0,None,0.000,1.00,-0.001,False,None,0.000,False
6.912,8,idle,8.500,-1.200,0.000,0.000,None,None,0,0,0,None,0.000,1.00,3.142,False,None,0.000,False
7.168,1,en_route_pickup,-4.664,2.972,-6.000,3.500,_joint_stall_recovery,4,3,1,3,1,0.000,1.00,-2.692,False,None,0.000,False
7.168,2,en_route_pickup,-4.126,-2.862,-1.000,1.500,joint_grid_transaction,3,3,3,9,2,0.000,1.00,1.994,False,None,0.000,False
7.168,3,en_route_pickup,3.562,3.000,-3.000,1.500,joint_grid_transaction,3,3,2,8,3,0.000,1.00,-3.142,False,None,0.000,False
7.168,4,idle,4.000,-3.000,0.000,0.000,None,None,0,0,0,None,0.000,1.00,3.142,False,None,0.000,False
7.168,5,idle,-7.000,-0.000,0.000,0.000,None,None,0,0,0,None,0.000,1.00,1.571,False,None,0.000,False
7.168,6,idle,7.000,0.000,0.000,0.000,None,None,0,0,0,None,0.000,1.00,1.571,False,None,0.000,False
7.168,7,idle,-8.500,1.200,0.000,0.000,None,None,0,0,0,None,0.000,1.00,-0.001,False,None,0.000,False
7.168,8,idle,8.500,-1.200,0.000,0.000,None,None,0,0,0,None,0.000,1.00,3.142,False,None,0.000,False
7.424,1,en_route_pickup,-4.705,2.994,-6.000,3.500,_joint_stall_recovery,4,3,1,3,1,0.000,1.00,-2.590,False,None,0.000,False
7.424,2,en_route_pickup,-4.145,-2.818,-1.000,1.500,joint_grid_transaction,3,3,3,9,2,0.000,1.00,1.954,False,None,0.000,False
7.424,3,en_route_pickup,3.514,3.000,-3.000,1.500,joint_grid_transaction,3,3,2,8,3,0.000,1.00,-3.142,False,None,0.000,False
7.424,4,idle,4.000,-3.000,0.000,0.000,None,None,0,0,0,None,0.000,1.00,3.142,False,None,0.000,False
7.424,5,idle,-7.000,-0.000,0.000,0.000,None,None,0,0,0,None,0.000,1.00,1.571,False,None,0.000,False
7.424,6,idle,7.000,0.000,0.000,0.000,None,None,0,0,0,None,0.000,1.00,1.571,False,None,0.000,False
7.424,7,idle,-8.500,1.200,0.000,0.000,None,None,0,0,0,None,0.000,1.00,-0.001,False,None,0.000,False
7.424,8,idle,8.500,-1.200,0.000,0.000,None,None,0,0,0,None,0.000,1.00,3.142,False,None,0.000,False
7.680,1,en_route_pickup,-4.741,3.017,-6.000,3.500,_joint_stall_recovery,4,3,1,3,1,0.000,1.00,-2.547,False,None,0.000,False
7.680,2,en_route_pickup,-4.162,-2.774,-1.000,1.500,joint_grid_transaction,3,3,3,9,2,0.000,1.00,1.926,False,None,0.000,False
7.680,3,en_route_pickup,3.466,3.000,-3.000,1.500,_joint_stall_recovery,6,3,2,6,3,0.000,1.00,-3.142,False,None,0.000,False
7.680,4,idle,4.000,-3.000,0.000,0.000,None,None,0,0,0,None,0.000,1.00,3.142,False,None,0.000,False
7.680,5,idle,-7.000,-0.000,0.000,0.000,None,None,0,0,0,None,0.000,1.00,1.571,False,None,0.000,False
7.680,6,idle,7.000,0.000,0.000,0.000,None,None,0,0,0,None,0.000,1.00,1.571,False,None,0.000,False
7.680,7,idle,-8.500,1.200,0.000,0.000,None,None,0,0,0,None,0.000,1.00,-0.001,False,None,0.000,False
7.680,8,idle,8.500,-1.200,0.000,0.000,None,None,0,0,0,None,0.000,1.00,3.142,False,None,0.000,False
7.936,1,en_route_pickup,-4.754,3.012,-6.000,3.500,_joint_stall_recovery,4,3,2,3,1,0.000,1.00,-2.661,False,None,0.000,False
7.936,2,en_route_pickup,-4.178,-2.729,-1.000,1.500,joint_grid_transaction,3,3,3,9,2,0.000,1.00,1.906,False,None,0.000,False
7.936,3,en_route_pickup,3.418,3.000,-3.000,1.500,_joint_stall_recovery,6,3,0,6,3,0.000,1.00,-3.142,False,None,0.000,False
7.936,4,idle,4.000,-3.000,0.000,0.000,None,None,0,0,0,None,0.000,1.00,3.142,False,None,0.000,False
7.936,5,idle,-7.000,-0.000,0.000,0.000,None,None,0,0,0,None,0.000,1.00,1.571,False,None,0.000,False
7.936,6,idle,7.000,0.000,0.000,0.000,None,None,0,0,0,None,0.000,1.00,1.571,False,None,0.000,False
7.936,7,idle,-8.500,1.200,0.000,0.000,None,None,0,0,0,None,0.000,1.00,-0.001,False,None,0.000,False
7.936,8,idle,8.500,-1.200,0.000,0.000,None,None,0,0,0,None,0.000,1.00,3.142,False,None,0.000,False
8.192,1,en_route_pickup,-4.796,3.031,-6.000,3.500,_joint_stall_recovery,4,3,2,3,1,0.000,1.00,-2.777,False,None,0.000,False
8.192,2,en_route_pickup,-4.192,-2.684,-1.000,1.500,_joint_stall_recovery,7,3,1,5,2,0.000,1.00,1.823,False,None,0.000,False
8.192,3,en_route_pickup,3.370,3.000,-3.000,1.500,_joint_stall_recovery,6,3,0,6,3,0.000,1.00,-3.142,False,None,0.000,False
8.192,4,idle,4.000,-3.000,0.000,0.000,None,None,0,0,0,None,0.000,1.00,3.142,False,None,0.000,False
8.192,5,idle,-7.000,-0.000,0.000,0.000,None,None,0,0,0,None,0.000,1.00,1.571,False,None,0.000,False
8.192,6,idle,7.000,0.000,0.000,0.000,None,None,0,0,0,None,0.000,1.00,1.571,False,None,0.000,False
8.192,7,idle,-8.500,1.200,0.000,0.000,None,None,0,0,0,None,0.000,1.00,-0.001,False,None,0.000,False
8.192,8,idle,8.500,-1.200,0.000,0.000,None,None,0,0,0,None,0.000,1.00,3.142,False,None,0.000,False
8.448,1,en_route_pickup,-4.841,3.046,-6.000,3.500,_joint_stall_recovery,4,3,2,3,1,0.000,1.00,-2.853,False,None,0.000,False
8.448,2,en_route_pickup,-4.202,-2.638,-1.000,1.500,_joint_stall_recovery,7,3,1,5,2,0.000,1.00,1.736,False,None,0.000,False
8.448,3,en_route_pickup,3.323,3.000,-3.000,1.500,_joint_stall_recovery,6,3,0,6,3,0.000,1.00,-3.142,False,None,0.000,False
8.448,4,idle,4.000,-3.000,0.000,0.000,None,None,0,0,0,None,0.000,1.00,3.142,False,None,0.000,False
8.448,5,idle,-7.000,-0.000,0.000,0.000,None,None,0,0,0,None,0.000,1.00,1.571,False,None,0.000,False
8.448,6,idle,7.000,0.000,0.000,0.000,None,None,0,0,0,None,0.000,1.00,1.571,False,None,0.000,False
8.448,7,idle,-8.500,1.200,0.000,0.000,None,None,0,0,0,None,0.000,1.00,-0.001,False,None,0.000,False
8.448,8,idle,8.500,-1.200,0.000,0.000,None,None,0,0,0,None,0.000,1.00,3.142,False,None,0.000,False
8.704,1,en_route_pickup,-4.886,3.059,-6.000,3.500,_joint_stall_recovery,4,3,2,3,1,0.000,1.00,-2.900,False,None,0.000,False
8.704,2,en_route_pickup,-4.209,-2.591,-1.000,1.500,_joint_stall_recovery,7,3,1,5,2,0.000,1.00,1.683,False,None,0.000,False
8.704,3,en_route_pickup,3.275,3.000,-3.000,1.500,_joint_stall_recovery,6,3,0,6,3,0.000,1.00,-3.142,False,None,0.000,False
8.704,4,idle,4.000,-3.000,0.000,0.000,None,None,0,0,0,None,0.000,1.00,3.142,False,None,0.000,False
8.704,5,idle,-7.000,-0.000,0.000,0.000,None,None,0,0,0,None,0.000,1.00,1.571,False,None,0.000,False
8.704,6,idle,7.000,0.000,0.000,0.000,None,None,0,0,0,None,0.000,1.00,1.571,False,None,0.000,False
8.704,7,idle,-8.500,1.200,0.000,0.000,None,None,0,0,0,None,0.000,1.00,-0.001,False,None,0.000,False
8.704,8,idle,8.500,-1.200,0.000,0.000,None,None,0,0,0,None,0.000,1.00,3.142,False,None,0.000,False
8.960,1,en_route_pickup,-4.933,3.069,-6.000,3.500,_joint_stall_recovery,4,3,2,3,1,0.000,1.00,-2.929,False,None,0.000,False
8.960,2,en_route_pickup,-4.213,-2.544,-1.000,1.500,_joint_stall_recovery,7,3,1,5,2,0.000,1.00,1.658,False,None,0.000,False
8.960,3,en_route_pickup,3.227,3.000,-3.000,1.500,_joint_stall_recovery,6,3,0,6,3,0.000,1.00,-3.142,False,None,0.000,False
8.960,4,idle,4.000,-3.000,0.000,0.000,None,None,0,0,0,None,0.000,1.00,3.142,False,None,0.000,False
8.960,5,idle,-7.000,-0.000,0.000,0.000,None,None,0,0,0,None,0.000,1.00,1.571,False,None,0.000,False
8.960,6,idle,7.000,0.000,0.000,0.000,None,None,0,0,0,None,0.000,1.00,1.571,False,None,0.000,False
8.960,7,idle,-8.500,1.200,0.000,0.000,None,None,0,0,0,None,0.000,1.00,-0.001,False,None,0.000,False
8.960,8,idle,8.500,-1.200,0.000,0.000,None,None,0,0,0,None,0.000,1.00,3.142,False,None,0.000,False
9.216,1,en_route_pickup,-4.979,3.079,-6.000,3.500,_joint_stall_recovery,4,3,2,3,1,0.000,1.00,-2.948,False,None,0.000,False
9.216,2,en_route_pickup,-4.217,-2.501,-1.000,1.500,_joint_stall_recovery,7,3,1,5,2,0.000,1.00,1.657,False,None,0.000,False
9.216,3,en_route_pickup,3.179,3.000,-3.000,1.500,_joint_stall_recovery,6,3,0,6,3,0.000,1.00,-3.142,False,None,0.000,False
9.216,4,idle,4.000,-3.000,0.000,0.000,None,None,0,0,0,None,0.000,1.00,3.142,False,None,0.000,False
9.216,5,idle,-7.000,-0.000,0.000,0.000,None,None,0,0,0,None,0.000,1.00,1.571,False,None,0.000,False
9.216,6,idle,7.000,0.000,0.000,0.000,None,None,0,0,0,None,0.000,1.00,1.571,False,None,0.000,False
9.216,7,idle,-8.500,1.200,0.000,0.000,None,None,0,0,0,None,0.000,1.00,-0.001,False,None,0.000,False
9.216,8,idle,8.500,-1.200,0.000,0.000,None,None,0,0,0,None,0.000,1.00,3.142,False,None,0.000,False
9.472,1,en_route_pickup,-5.026,3.088,-6.000,3.500,_joint_stall_recovery,4,3,2,3,1,0.000,1.00,-2.959,False,None,0.000,False
9.472,2,en_route_pickup,-4.221,-2.458,-1.000,1.500,_joint_stall_recovery,7,3,1,5,2,0.000,1.00,1.657,False,None,0.000,False
9.472,3,en_route_pickup,3.131,3.000,-3.000,1.500,_joint_stall_recovery,6,3,0,6,3,0.000,1.00,-3.142,False,None,0.000,False
9.472,4,idle,4.000,-3.000,0.000,0.000,None,None,0,0,0,None,0.000,1.00,3.142,False,None,0.000,False
9.472,5,idle,-7.000,-0.000,0.000,0.000,None,None,0,0,0,None,0.000,1.00,1.571,False,None,0.000,False
9.472,6,idle,7.000,0.000,0.000,0.000,None,None,0,0,0,None,0.000,1.00,1.571,False,None,0.000,False
9.472,7,idle,-8.500,1.200,0.000,0.000,None,None,0,0,0,None,0.000,1.00,-0.001,False,None,0.000,False
9.472,8,idle,8.500,-1.200,0.000,0.000,None,None,0,0,0,None,0.000,1.00,3.142,False,None,0.000,False
9.728,1,en_route_pickup,-5.073,3.096,-6.000,3.500,_joint_stall_recovery,4,3,2,3,1,0.000,1.00,-2.966,False,None,0.000,False
9.728,2,en_route_pickup,-4.224,-2.415,-1.000,1.500,_joint_stall_recovery,7,3,1,5,2,0.000,1.00,1.657,False,None,0.000,False
9.728,3,en_route_pickup,3.083,3.000,-3.000,1.500,_joint_stall_recovery,6,3,0,6,3,0.000,1.00,-3.142,False,None,0.000,False
9.728,4,idle,4.000,-3.000,0.000,0.000,None,None,0,0,0,None,0.000,1.00,3.142,False,None,0.000,False
9.728,5,idle,-7.000,-0.000,0.000,0.000,None,None,0,0,0,None,0.000,1.00,1.571,False,None,0.000,False
9.728,6,idle,7.000,0.000,0.000,0.000,None,None,0,0,0,None,0.000,1.00,1.571,False,None,0.000,False
9.728,7,idle,-8.500,1.200,0.000,0.000,None,None,0,0,0,None,0.000,1.00,-0.001,False,None,0.000,False
9.728,8,idle,8.500,-1.200,0.000,0.000,None,None,0,0,0,None,0.000,1.00,3.142,False,None,0.000,False
9.984,1,en_route_pickup,-5.121,3.104,-6.000,3.500,_joint_stall_recovery,4,3,2,3,1,0.000,1.00,-2.971,False,None,0.000,False
9.984,2,en_route_pickup,-4.228,-2.372,-1.000,1.500,_joint_stall_recovery,7,3,1,5,2,0.000,1.00,1.657,False,None,0.000,False
9.984,3,en_route_pickup,3.035,3.000,-3.000,1.500,_joint_stall_recovery,6,3,0,6,3,0.000,1.00,-3.142,False,None,0.000,False
9.984,4,en_route_pickup,4.000,-3.000,0.000,3.500,None,None,0,0,3,4,0.000,1.00,3.142,False,None,0.000,False
9.984,5,idle,-7.000,-0.000,0.000,0.000,None,None,0,0,0,None,0.000,1.00,1.571,False,None,0.000,False
9.984,6,idle,7.000,0.000,0.000,0.000,None,None,0,0,0,None,0.000,1.00,1.571,False,None,0.000,False
9.984,7,idle,-8.500,1.200,0.000,0.000,None,None,0,0,0,None,0.000,1.00,-0.001,False,None,0.000,False
9.984,8,idle,8.500,-1.200,0.000,0.000,None,None,0,0,0,None,0.000,1.00,3.142,False,None,0.000,False
10.240,1,en_route_pickup,-5.168,3.112,-6.000,3.500,_joint_stall_recovery,4,3,2,3,1,0.000,1.00,-2.973,False,None,0.000,False
10.240,2,en_route_pickup,-4.232,-2.329,-1.000,1.500,_joint_stall_recovery,7,3,1,5,2,0.000,1.00,1.657,False,None,0.000,False
10.240,3,en_route_pickup,2.987,3.000,-3.000,1.500,_joint_stall_recovery,6,3,0,6,3,0.000,1.00,-3.142,False,None,0.000,False
10.240,4,en_route_pickup,4.000,-3.000,0.000,3.500,None,None,0,0,3,4,0.000,1.00,3.142,False,None,0.000,False
10.240,5,idle,-7.000,-0.000,0.000,0.000,None,None,0,0,0,None,0.000,1.00,1.571,False,None,0.000,False
10.240,6,idle,7.000,0.000,0.000,0.000,None,None,0,0,0,None,0.000,1.00,1.571,False,None,0.000,False
10.240,7,idle,-8.500,1.200,0.000,0.000,None,None,0,0,0,None,0.000,1.00,-0.001,False,None,0.000,False
10.240,8,idle,8.500,-1.200,0.000,0.000,None,None,0,0,0,None,0.000,1.00,3.142,False,None,0.000,False
10.496,1,en_route_pickup,-5.215,3.120,-6.000,3.500,_joint_stall_recovery,4,3,2,3,1,0.000,1.00,-2.975,False,None,0.000,False
10.496,2,en_route_pickup,-4.235,-2.286,-1.000,1.500,_joint_stall_recovery,7,3,1,5,2,0.000,1.00,1.657,False,None,0.000,False
10.496,3,en_route_pickup,2.940,3.000,-3.000,1.500,_joint_stall_recovery,6,3,0,6,3,0.000,1.00,-3.142,False,None,0.000,False
10.496,4,en_route_pickup,4.000,-3.000,0.000,3.500,None,None,0,0,3,4,0.000,1.00,3.142,False,None,0.000,False
10.496,5,idle,-7.000,-0.000,0.000,0.000,None,None,0,0,0,None,0.000,1.00,1.571,False,None,0.000,False
10.496,6,idle,7.000,0.000,0.000,0.000,None,None,0,0,0,None,0.000,1.00,1.571,False,None,0.000,False
10.496,7,idle,-8.500,1.200,0.000,0.000,None,None,0,0,0,None,0.000,1.00,-0.001,False,None,0.000,False
10.496,8,idle,8.500,-1.200,0.000,0.000,None,None,0,0,0,None,0.000,1.00,3.142,False,None,0.000,False
10.752,1,en_route_pickup,-5.262,3.128,-6.000,3.500,_joint_stall_recovery,4,3,2,3,1,0.000,1.00,-2.976,False,None,0.000,False
10.752,2,en_route_pickup,-4.239,-2.244,-1.000,1.500,_joint_stall_recovery,7,3,1,5,2,0.000,1.00,1.656,False,None,0.000,False
10.752,3,en_route_pickup,2.892,3.000,-3.000,1.500,_joint_stall_recovery,6,3,0,6,3,0.000,1.00,-3.142,False,None,0.000,False
10.752,4,en_route_pickup,4.000,-3.000,0.000,3.500,None,None,0,0,3,4,0.000,1.00,3.142,False,None,0.000,False
10.752,5,idle,-7.000,-0.000,0.000,0.000,None,None,0,0,0,None,0.000,1.00,1.571,False,None,0.000,False
10.752,6,idle,7.000,0.000,0.000,0.000,None,None,0,0,0,None,0.000,1.00,1.571,False,None,0.000,False
10.752,7,idle,-8.500,1.200,0.000,0.000,None,None,0,0,0,None,0.000,1.00,-0.001,False,None,0.000,False
10.752,8,idle,8.500,-1.200,0.000,0.000,None,None,0,0,0,None,0.000,1.00,3.142,False,None,0.000,False
11.008,1,en_route_pickup,-5.309,3.136,-6.000,3.500,_joint_stall_recovery,4,3,2,3,1,0.000,1.00,-2.977,False,None,0.000,False
11.008,2,en_route_pickup,-4.243,-2.202,-1.000,1.500,_joint_stall_recovery,7,3,1,5,2,0.000,1.00,1.656,False,None,0.000,False
11.008,3,en_route_pickup,2.844,3.000,-3.000,1.500,_joint_stall_recovery,6,3,0,6,3,0.000,1.00,-3.142,False,None,0.000,False
11.008,4,en_route_pickup,4.000,-3.000,0.000,3.500,None,None,0,0,3,4,0.000,1.00,3.142,False,None,0.000,False
11.008,5,idle,-7.000,-0.000,0.000,0.000,None,None,0,0,0,None,0.000,1.00,1.571,False,None,0.000,False
11.008,6,idle,7.000,0.000,0.000,0.000,None,None,0,0,0,None,0.000,1.00,1.571,False,None,0.000,False
11.008,7,idle,-8.500,1.200,0.000,0.000,None,None,0,0,0,None,0.000,1.00,-0.001,False,None,0.000,False
11.008,8,idle,8.500,-1.200,0.000,0.000,None,None,0,0,0,None,0.000,1.00,3.142,False,None,0.000,False
11.264,1,en_route_pickup,-5.357,3.144,-6.000,3.500,_joint_stall_recovery,4,3,2,3,1,0.000,1.00,-2.978,False,None,0.000,False
11.264,2,en_route_pickup,-4.246,-2.160,-1.000,1.500,_joint_stall_recovery,7,3,1,5,2,0.000,1.00,1.656,False,None,0.000,False
11.264,3,en_route_pickup,2.796,3.000,-3.000,1.500,_joint_stall_recovery,6,3,0,6,3,0.000,1.00,-3.142,False,None,0.000,False
11.264,4,en_route_pickup,4.000,-3.000,0.000,3.500,None,None,0,0,3,4,0.000,1.00,3.142,False,None,0.000,False
11.264,5,idle,-7.000,-0.000,0.000,0.000,None,None,0,0,0,None,0.000,1.00,1.571,False,None,0.000,False
11.264,6,idle,7.000,0.000,0.000,0.000,None,None,0,0,0,None,0.000,1.00,1.571,False,None,0.000,False
11.264,7,idle,-8.500,1.200,0.000,0.000,None,None,0,0,0,None,0.000,1.00,-0.001,False,None,0.000,False
11.264,8,idle,8.500,-1.200,0.000,0.000,None,None,0,0,0,None,0.000,1.00,3.142,False,None,0.000,False
11.520,1,en_route_pickup,-5.404,3.152,-6.000,3.500,_joint_stall_recovery,4,3,2,3,1,0.000,1.00,-2.978,False,None,0.000,False
11.520,2,en_route_pickup,-4.250,-2.118,-1.000,1.500,_joint_stall_recovery,7,3,1,5,2,0.000,1.00,1.656,False,None,0.000,False
11.520,3,en_route_pickup,2.748,3.000,-3.000,1.500,_joint_stall_recovery,6,3,0,6,3,0.000,1.00,-3.142,False,None,0.000,False
11.520,4,en_route_pickup,4.000,-3.000,0.000,3.500,None,None,0,0,3,4,0.000,1.00,3.142,False,None,0.000,False
11.520,5,idle,-7.000,-0.000,0.000,0.000,None,None,0,0,0,None,0.000,1.00,1.571,False,None,0.000,False
11.520,6,idle,7.000,0.000,0.000,0.000,None,None,0,0,0,None,0.000,1.00,1.571,False,None,0.000,False
11.520,7,idle,-8.500,1.200,0.000,0.000,None,None,0,0,0,None,0.000,1.00,-0.001,False,None,0.000,False
11.520,8,idle,8.500,-1.200,0.000,0.000,None,None,0,0,0,None,0.000,1.00,3.142,False,None,0.000,False
11.776,1,en_route_pickup,-5.451,3.160,-6.000,3.500,_joint_stall_recovery,4,3,2,3,1,0.000,1.00,-2.978,False,None,0.000,False
11.776,2,en_route_pickup,-4.253,-2.077,-1.000,1.500,_joint_stall_recovery,7,3,1,5,2,0.000,1.00,1.656,False,None,0.000,False
11.776,3,en_route_pickup,2.700,3.000,-3.000,1.500,_joint_stall_recovery,6,3,0,6,3,0.000,1.00,-3.142,False,None,0.000,False
11.776,4,en_route_pickup,4.000,-3.000,0.000,3.500,None,None,0,0,3,4,0.000,1.00,3.142,False,None,0.000,False
11.776,5,idle,-7.000,-0.000,0.000,0.000,None,None,0,0,0,None,0.000,1.00,1.571,False,None,0.000,False
11.776,6,idle,7.000,0.000,0.000,0.000,None,None,0,0,0,None,0.000,1.00,1.571,False,None,0.000,False
11.776,7,idle,-8.500,1.200,0.000,0.000,None,None,0,0,0,None,0.000,1.00,-0.001,False,None,0.000,False
11.776,8,idle,8.500,-1.200,0.000,0.000,None,None,0,0,0,None,0.000,1.00,3.142,False,None,0.000,False
12.032,1,en_route_pickup,-5.498,3.167,-6.000,3.500,_joint_stall_recovery,4,3,2,3,1,0.000,1.00,-2.978,False,None,0.000,False
12.032,2,en_route_pickup,-4.257,-2.036,-1.000,1.500,_joint_stall_recovery,7,3,1,5,2,0.000,1.00,1.656,False,None,0.000,False
12.032,3,en_route_pickup,2.652,3.000,-3.000,1.500,_joint_stall_recovery,6,3,0,6,3,0.000,1.00,-3.142,False,None,0.000,False
12.032,4,en_route_pickup,4.000,-3.000,0.000,3.500,None,None,0,0,3,4,0.000,1.00,3.142,False,None,0.000,False
12.032,5,idle,-7.000,-0.000,0.000,0.000,None,None,0,0,0,None,0.000,1.00,1.571,False,None,0.000,False
12.032,6,idle,7.000,0.000,0.000,0.000,None,None,0,0,0,None,0.000,1.00,1.571,False,None,0.000,False
12.032,7,idle,-8.500,1.200,0.000,0.000,None,None,0,0,0,None,0.000,1.00,-0.001,False,None,0.000,False
12.032,8,idle,8.500,-1.200,0.000,0.000,None,None,0,0,0,None,0.000,1.00,3.142,False,None,0.000,False
12.288,1,en_route_pickup,-5.546,3.175,-6.000,3.500,_joint_stall_recovery,4,3,2,3,1,0.000,1.00,-2.978,False,None,0.000,False
12.288,2,en_route_pickup,-4.260,-1.995,-1.000,1.500,_joint_stall_recovery,7,3,1,5,2,0.000,1.00,1.656,False,None,0.000,False
12.288,3,en_route_pickup,2.604,3.000,-3.000,1.500,_joint_stall_recovery,6,3,0,6,3,0.000,1.00,-3.142,False,None,0.000,False
12.288,4,en_route_pickup,4.000,-3.000,0.000,3.500,None,None,0,0,3,4,0.000,1.00,3.142,False,None,0.000,False
12.288,5,idle,-7.000,-0.000,0.000,0.000,None,None,0,0,0,None,0.000,1.00,1.571,False,None,0.000,False
12.288,6,idle,7.000,0.000,0.000,0.000,None,None,0,0,0,None,0.000,1.00,1.571,False,None,0.000,False
12.288,7,idle,-8.500,1.200,0.000,0.000,None,None,0,0,0,None,0.000,1.00,-0.001,False,None,0.000,False
12.288,8,idle,8.500,-1.200,0.000,0.000,None,None,0,0,0,None,0.000,1.00,3.142,False,None,0.000,False
12.544,1,en_route_delivery,-5.592,3.183,-3.000,-1.500,joint_grid_transaction,10,10,2,3,1,0.000,1.00,-2.971,False,None,0.000,False
12.544,2,en_route_pickup,-4.264,-1.955,-1.000,1.500,joint_grid_transaction,10,10,2,9,2,0.000,1.00,1.655,False,None,0.000,False
12.544,3,en_route_pickup,2.557,3.000,-3.000,1.500,joint_grid_transaction,10,10,1,8,3,0.000,1.00,-3.142,False,None,0.000,False
12.544,4,en_route_pickup,4.001,-3.000,0.000,3.500,joint_grid_transaction,10,10,1,9,4,0.000,1.00,3.054,False,None,0.000,False
12.544,5,idle,-7.000,-0.000,0.000,0.000,None,None,0,0,0,None,0.000,1.00,1.571,False,None,0.000,False
12.544,6,idle,7.000,0.000,0.000,0.000,None,None,0,0,0,None,0.000,1.00,1.571,False,None,0.000,False
12.544,7,idle,-8.500,1.200,0.000,0.000,None,None,0,0,0,None,0.000,1.00,-0.001,False,None,0.000,False
12.544,8,idle,8.500,-1.200,0.000,0.000,None,None,0,0,0,None,0.000,1.00,3.142,False,None,0.000,False
12.800,1,en_route_delivery,-5.639,3.191,-3.000,-1.500,joint_grid_transaction,10,10,2,3,1,0.000,1.00,-2.975,False,None,0.000,False
12.800,2,en_route_pickup,-4.267,-1.916,-1.000,1.500,joint_grid_transaction,10,10,2,9,2,0.000,1.00,1.655,False,None,0.000,False
12.800,3,en_route_pickup,2.509,3.000,-3.000,1.500,joint_grid_transaction,10,10,1,8,3,0.000,1.00,-3.142,False,None,0.000,False
12.800,4,en_route_pickup,4.017,-2.995,0.000,3.500,joint_grid_transaction,10,10,1,9,4,0.000,1.00,2.691,False,None,0.000,False
12.800,5,idle,-7.000,-0.000,0.000,0.000,None,None,0,0,0,None,0.000,1.00,1.571,False,None,0.000,False
12.800,6,idle,7.000,0.000,0.000,0.000,None,None,0,0,0,None,0.000,1.00,1.571,False,None,0.000,False
12.800,7,idle,-8.500,1.200,0.000,0.000,None,None,0,0,0,None,0.000,1.00,-0.001,False,None,0.000,False
12.800,8,idle,8.500,-1.200,0.000,0.000,None,None,0,0,0,None,0.000,1.00,3.142,False,None,0.000,False
13.056,1,en_route_delivery,-5.686,3.199,-3.000,-1.500,joint_grid_transaction,10,10,2,3,1,0.000,1.00,-2.977,False,None,0.000,False
13.056,2,en_route_pickup,-4.270,-1.878,-1.000,1.500,joint_grid_transaction,10,10,2,9,2,0.000,1.00,1.655,False,None,0.000,False
13.056,3,en_route_pickup,2.469,3.000,-3.000,1.500,joint_grid_transaction,10,10,1,8,3,0.000,1.00,-3.142,False,None,0.000,False
13.056,4,en_route_pickup,4.043,-2.977,0.000,3.500,joint_grid_transaction,10,10,2,9,4,0.000,1.00,2.420,False,None,0.000,False
13.056,5,idle,-7.000,-0.000,0.000,0.000,None,None,0,0,0,None,0.000,1.00,1.571,False,None,0.000,False
13.056,6,idle,7.000,0.000,0.000,0.000,None,None,0,0,0,None,0.000,1.00,1.571,False,None,0.000,False
13.056,7,idle,-8.500,1.200,0.000,0.000,None,None,0,0,0,None,0.000,1.00,-0.001,False,None,0.000,False
13.056,8,idle,8.500,-1.200,0.000,0.000,None,None,0,0,0,None,0.000,1.00,3.142,False,None,0.000,False
13.312,1,en_route_delivery,-5.733,3.207,-3.000,-1.500,joint_grid_transaction,10,10,2,3,1,0.000,1.00,-2.978,False,None,0.000,False
13.312,2,en_route_pickup,-4.273,-1.841,-1.000,1.500,joint_grid_transaction,10,10,2,9,2,0.000,1.00,1.655,False,None,0.000,False
13.312,3,en_route_pickup,2.469,3.000,-3.000,1.500,joint_grid_transaction,10,10,1,8,3,0.000,1.00,-3.142,False,joint_slot_deadline,13.652,False
13.312,4,en_route_pickup,4.070,-2.950,0.000,3.500,joint_grid_transaction,10,10,2,9,4,0.000,1.00,2.183,False,None,0.000,False
13.312,5,idle,-7.000,-0.000,0.000,0.000,None,None,0,0,0,None,0.000,1.00,1.571,False,None,0.000,False
13.312,6,idle,7.000,0.000,0.000,0.000,None,None,0,0,0,None,0.000,1.00,1.571,False,None,0.000,False
13.312,7,idle,-8.500,1.200,0.000,0.000,None,None,0,0,0,None,0.000,1.00,-0.001,False,None,0.000,False
13.312,8,idle,8.500,-1.200,0.000,0.000,None,None,0,0,0,None,0.000,1.00,3.142,False,None,0.000,False
13.568,1,en_route_delivery,-5.780,3.215,-3.000,-1.500,joint_grid_transaction,10,10,2,3,1,0.000,1.00,-2.979,False,None,0.000,False
13.568,2,en_route_pickup,-4.276,-1.805,-1.000,1.500,joint_grid_transaction,10,10,2,9,2,0.000,1.00,1.655,False,None,0.000,False
13.568,3,en_route_pickup,2.469,3.000,-3.000,1.500,joint_grid_transaction,10,10,1,8,3,0.000,1.00,-3.142,False,joint_slot_deadline,13.652,False
13.568,4,en_route_pickup,4.085,-2.926,0.000,3.500,joint_grid_transaction,10,10,2,9,4,0.000,1.00,1.882,False,None,0.000,False
13.568,5,idle,-7.000,-0.000,0.000,0.000,None,None,0,0,0,None,0.000,1.00,1.571,False,None,0.000,False
13.568,6,idle,7.000,0.000,0.000,0.000,None,None,0,0,0,None,0.000,1.00,1.571,False,None,0.000,False
13.568,7,idle,-8.500,1.200,0.000,0.000,None,None,0,0,0,None,0.000,1.00,-0.001,False,None,0.000,False
13.568,8,idle,8.500,-1.200,0.000,0.000,None,None,0,0,0,None,0.000,1.00,3.142,False,None,0.000,False
13.824,1,en_route_delivery,-5.769,3.221,-3.000,-1.500,joint_grid_transaction,12,12,1,9,1,0.000,1.00,-2.698,False,None,0.000,False
13.824,2,en_route_pickup,-4.279,-1.770,-1.000,1.500,joint_grid_transaction,12,12,1,8,2,0.000,1.00,1.655,False,None,0.000,False
13.824,3,en_route_pickup,2.432,3.000,-3.000,1.500,joint_grid_transaction,12,12,2,9,3,0.000,1.00,-3.142,False,None,0.000,False
13.824,4,en_route_pickup,4.088,-2.918,0.000,3.500,joint_grid_transaction,12,12,2,9,4,0.000,1.00,1.476,False,None,0.000,False
13.824,5,idle,-7.000,-0.000,0.000,0.000,None,None,0,0,0,None,0.000,1.00,1.571,False,None,0.000,False
13.824,6,idle,7.000,0.000,0.000,0.000,None,None,0,0,0,None,0.000,1.00,1.571,False,None,0.000,False
13.824,7,idle,-8.500,1.200,0.000,0.000,None,None,0,0,0,None,0.000,1.00,-0.001,False,None,0.000,False
13.824,8,idle,8.500,-1.200,0.000,0.000,None,None,0,0,0,None,0.000,1.00,3.142,False,None,0.000,False
14.080,1,en_route_delivery,-5.743,3.238,-3.000,-1.500,joint_grid_transaction,12,12,1,9,1,0.000,1.00,-2.426,False,None,0.000,False
14.080,2,en_route_pickup,-4.282,-1.738,-1.000,1.500,joint_grid_transaction,12,12,1,8,2,0.000,1.00,1.655,False,None,0.000,False
14.080,3,en_route_pickup,2.384,3.000,-3.000,1.500,joint_grid_transaction,12,12,2,9,3,0.000,1.00,-3.142,False,None,0.000,False
14.080,4,en_route_pickup,4.090,-2.927,0.000,3.500,joint_grid_transaction,12,12,2,9,4,0.000,1.00,1.224,False,None,0.000,False
14.080,5,idle,-7.000,-0.000,0.000,0.000,None,None,0,0,0,None,0.000,1.00,1.571,False,None,0.000,False
14.080,6,idle,7.000,0.000,0.000,0.000,None,None,0,0,0,None,0.000,1.00,1.571,False,None,0.000,False
14.080,7,idle,-8.500,1.200,0.000,0.000,None,None,0,0,0,None,0.000,1.00,-0.001,False,None,0.000,False
14.080,8,idle,8.500,-1.200,0.000,0.000,None,None,0,0,0,None,0.000,1.00,3.142,False,None,0.000,False
14.336,1,en_route_delivery,-5.717,3.265,-3.000,-1.500,joint_grid_transaction,12,12,1,9,1,0.000,1.00,-2.189,False,None,0.000,False
14.336,2,en_route_pickup,-4.284,-1.716,-1.000,1.500,joint_grid_transaction,12,12,1,8,2,0.000,1.00,1.654,False,None,0.000,False
14.336,3,en_route_pickup,2.336,3.000,-3.000,1.500,joint_grid_transaction,12,12,2,9,3,0.000,1.00,-3.142,False,None,0.000,False
14.336,4,en_route_pickup,4.102,-2.915,0.000,3.500,joint_grid_transaction,12,12,2,9,4,0.000,1.00,1.090,False,None,0.000,False
14.336,5,idle,-7.000,-0.000,0.000,0.000,None,None,0,0,0,None,0.000,1.00,1.571,False,None,0.000,False
14.336,6,idle,7.000,0.000,0.000,0.000,None,None,0,0,0,None,0.000,1.00,1.571,False,None,0.000,False
14.336,7,idle,-8.500,1.200,0.000,0.000,None,None,0,0,0,None,0.000,1.00,-0.001,False,None,0.000,False
14.336,8,idle,8.500,-1.200,0.000,0.000,None,None,0,0,0,None,0.000,1.00,3.142,False,None,0.000,False
14.592,1,en_route_delivery,-5.701,3.289,-3.000,-1.500,joint_grid_transaction,12,12,2,9,1,0.000,1.00,-1.890,False,None,0.000,False
14.592,2,en_route_pickup,-4.284,-1.716,-1.000,1.500,joint_grid_transaction,12,12,1,8,2,0.000,1.00,1.654,False,joint_slot_deadline,14.788,False
14.592,3,en_route_pickup,2.288,3.000,-3.000,1.500,joint_grid_transaction,12,12,2,9,3,0.000,1.00,-3.142,False,None,0.000,False
14.592,4,en_route_pickup,4.103,-2.913,0.000,3.500,joint_grid_transaction,12,12,2,9,4,0.000,1.00,1.082,False,joint_slot_deadline,14.788,False
14.592,5,idle,-7.000,-0.000,0.000,0.000,None,None,0,0,0,None,0.000,1.00,1.571,False,None,0.000,False
14.592,6,idle,7.000,0.000,0.000,0.000,None,None,0,0,0,None,0.000,1.00,1.571,False,None,0.000,False
14.592,7,idle,-8.500,1.200,0.000,0.000,None,None,0,0,0,None,0.000,1.00,-0.001,False,None,0.000,False
14.592,8,idle,8.500,-1.200,0.000,0.000,None,None,0,0,0,None,0.000,1.00,3.142,False,None,0.000,False
14.848,1,en_route_delivery,-5.698,3.298,-3.000,-1.500,joint_grid_transaction,12,12,2,9,1,0.000,1.00,-1.480,False,None,0.000,False
14.848,2,en_route_pickup,-4.284,-1.712,-1.000,1.500,joint_grid_transaction,12,12,1,8,2,0.000,1.00,1.658,False,joint_slot_deadline,14.788,False
14.848,3,en_route_pickup,2.240,3.000,-3.000,1.500,joint_grid_transaction,12,12,2,9,3,0.000,1.00,-3.142,False,None,0.000,False
14.848,4,en_route_pickup,4.106,-2.908,0.000,3.500,joint_grid_transaction,12,12,2,9,4,0.000,1.00,1.074,False,joint_slot_deadline,14.788,False
14.848,5,idle,-7.000,-0.000,0.000,0.000,None,None,0,0,0,None,0.000,1.00,1.571,False,None,0.000,False
14.848,6,idle,7.000,0.000,0.000,0.000,None,None,0,0,0,None,0.000,1.00,1.571,False,None,0.000,False
14.848,7,idle,-8.500,1.200,0.000,0.000,None,None,0,0,0,None,0.000,1.00,-0.001,False,None,0.000,False
14.848,8,idle,8.500,-1.200,0.000,0.000,None,None,0,0,0,None,0.000,1.00,3.142,False,None,0.000,False
15.104,1,en_route_delivery,-5.693,3.281,-3.000,-1.500,joint_grid_transaction,12,12,2,9,1,0.000,1.00,-1.118,False,None,0.000,False
15.104,2,en_route_pickup,-4.287,-1.677,-1.000,1.500,joint_grid_transaction,12,12,2,8,2,0.000,1.00,1.659,False,None,0.000,False
15.104,3,en_route_pickup,2.192,3.000,-3.000,1.500,joint_grid_transaction,12,12,3,9,3,0.000,1.00,-3.142,False,None,0.000,False
15.104,4,en_route_pickup,4.127,-2.866,0.000,3.500,joint_grid_transaction,12,12,3,9,4,0.000,1.00,1.139,False,None,0.000,False
15.104,5,idle,-7.000,-0.000,0.000,0.000,None,None,0,0,0,None,0.000,1.00,1.571,False,None,0.000,False
15.104,6,idle,7.000,0.000,0.000,0.000,None,None,0,0,0,None,0.000,1.00,1.571,False,None,0.000,False
15.104,7,idle,-8.500,1.200,0.000,0.000,None,None,0,0,0,None,0.000,1.00,-0.001,False,None,0.000,False
15.104,8,idle,8.500,-1.200,0.000,0.000,None,None,0,0,0,None,0.000,1.00,3.142,False,None,0.000,False
15.360,1,en_route_delivery,-5.675,3.255,-3.000,-1.500,joint_grid_transaction,12,12,2,9,1,0.000,1.00,-0.848,False,None,0.000,False
15.360,2,en_route_pickup,-4.291,-1.642,-1.000,1.500,joint_grid_transaction,12,12,2,8,2,0.000,1.00,1.659,False,None,0.000,False
15.360,3,en_route_pickup,2.144,3.000,-3.000,1.500,joint_grid_transaction,12,12,3,9,3,0.000,1.00,-3.142,False,None,0.000,False
15.360,4,en_route_pickup,4.146,-2.823,0.000,3.500,joint_grid_transaction,12,12,3,9,4,0.000,1.00,1.185,False,None,0.000,False
15.360,5,idle,-7.000,-0.000,0.000,0.000,None,None,0,0,0,None,0.000,1.00,1.571,False,None,0.000,False
15.360,6,idle,7.000,0.000,0.000,0.000,None,None,0,0,0,None,0.000,1.00,1.571,False,None,0.000,False
15.360,7,idle,-8.500,1.200,0.000,0.000,None,None,0,0,0,None,0.000,1.00,-0.001,False,None,0.000,False
15.360,8,idle,8.500,-1.200,0.000,0.000,None,None,0,0,0,None,0.000,1.00,3.142,False,None,0.000,False
15.616,1,en_route_delivery,-5.651,3.231,-3.000,-1.500,joint_grid_transaction,12,12,2,9,1,0.000,1.00,-0.635,False,None,0.000,False
15.616,2,en_route_pickup,-4.293,-1.609,-1.000,1.500,joint_grid_transaction,12,12,2,8,2,0.000,1.00,1.659,False,None,0.000,False
15.616,3,en_route_pickup,2.096,3.000,-3.000,1.500,joint_grid_transaction,12,12,3,9,3,0.000,1.00,-3.142,False,None,0.000,False
15.616,4,en_route_pickup,4.163,-2.778,0.000,3.500,joint_grid_transaction,12,12,3,9,4,0.000,1.00,1.217,False,None,0.000,False
15.616,5,idle,-7.000,-0.000,0.000,0.000,None,None,0,0,0,None,0.000,1.00,1.571,False,None,0.000,False
15.616,6,idle,7.000,0.000,0.000,0.000,None,None,0,0,0,None,0.000,1.00,1.571,False,None,0.000,False
15.616,7,idle,-8.500,1.200,0.000,0.000,None,None,0,0,0,None,0.000,1.00,-0.001,False,None,0.000,False
15.616,8,idle,8.500,-1.200,0.000,0.000,None,None,0,0,0,None,0.000,1.00,3.142,False,None,0.000,False
15.872,1,en_route_delivery,-5.635,3.220,-3.000,-1.500,joint_grid_transaction,12,12,2,9,1,0.000,1.00,-0.465,False,None,0.000,False
15.872,2,en_route_pickup,-4.296,-1.577,-1.000,1.500,joint_grid_transaction,12,12,2,8,2,0.000,1.00,1.658,False,None,0.000,False
15.872,3,en_route_pickup,2.049,3.000,-3.000,1.500,joint_grid_transaction,12,12,3,9,3,0.000,1.00,-3.142,False,None,0.000,False
15.872,4,en_route_pickup,4.179,-2.734,0.000,3.500,joint_grid_transaction,12,12,3,9,4,0.000,1.00,1.239,False,None,0.000,False
15.872,5,idle,-7.000,-0.000,0.000,0.000,None,None,0,0,0,None,0.000,1.00,1.571,False,None,0.000,False
15.872,6,idle,7.000,0.000,0.000,0.000,None,None,0,0,0,None,0.000,1.00,1.571,False,None,0.000,False
15.872,7,idle,-8.500,1.200,0.000,0.000,None,None,0,0,0,None,0.000,1.00,-0.001,False,None,0.000,False
15.872,8,idle,8.500,-1.200,0.000,0.000,None,None,0,0,0,None,0.000,1.00,3.142,False,None,0.000,False
16.128,1,en_route_delivery,-5.614,3.223,-3.000,-1.500,joint_grid_transaction,12,12,2,9,1,0.000,1.00,-0.350,False,None,0.000,False
16.128,2,en_route_pickup,-4.299,-1.547,-1.000,1.500,joint_grid_transaction,12,12,2,8,2,0.000,1.00,1.658,False,None,0.000,False
16.128,3,en_route_pickup,2.001,3.000,-3.000,1.500,joint_grid_transaction,12,12,3,9,3,0.000,1.00,-3.142,False,None,0.000,False
16.128,4,en_route_pickup,4.194,-2.689,0.000,3.500,_joint_stall_recovery,13,12,3,6,4,0.000,1.00,1.302,False,None,0.000,False
16.128,5,idle,-7.000,-0.000,0.000,0.000,None,None,0,0,0,None,0.000,1.00,1.571,False,None,0.000,False
16.128,6,idle,7.000,0.000,0.000,0.000,None,None,0,0,0,None,0.000,1.00,1.571,False,None,0.000,False
16.128,7,idle,-8.500,1.200,0.000,0.000,None,None,0,0,0,None,0.000,1.00,-0.001,False,None,0.000,False
16.128,8,idle,8.500,-1.200,0.000,0.000,None,None,0,0,0,None,0.000,1.00,3.142,False,None,0.000,False
16.384,1,en_route_delivery,-5.569,3.236,-3.000,-1.500,joint_grid_transaction,12,12,2,9,1,0.000,1.00,-0.232,False,None,0.000,False
16.384,2,en_route_pickup,-4.301,-1.518,-1.000,1.500,joint_grid_transaction,12,12,2,8,2,0.000,1.00,1.658,False,None,0.000,False
16.384,3,en_route_pickup,1.953,3.000,-3.000,1.500,joint_grid_transaction,12,12,4,9,3,0.000,1.00,-3.142,False,None,0.000,False
16.384,4,en_route_pickup,4.204,-2.643,0.000,3.500,_joint_stall_recovery,13,12,1,6,4,0.000,1.00,1.396,False,None,0.000,False
16.384,5,idle,-7.000,-0.000,0.000,0.000,None,None,0,0,0,None,0.000,1.00,1.571,False,None,0.000,False
16.384,6,idle,7.000,0.000,0.000,0.000,None,None,0,0,0,None,0.000,1.00,1.571,False,None,0.000,False
16.384,7,idle,-8.500,1.200,0.000,0.000,None,None,0,0,0,None,0.000,1.00,-0.001,False,None,0.000,False
16.384,8,idle,8.500,-1.200,0.000,0.000,None,None,0,0,0,None,0.000,1.00,3.142,False,None,0.000,False
16.640,1,en_route_delivery,-5.523,3.245,-3.000,-1.500,joint_grid_transaction,12,12,2,9,1,0.000,1.00,-0.151,False,None,0.000,False
16.640,2,en_route_pickup,-4.303,-1.493,-1.000,1.500,joint_grid_transaction,12,12,2,8,2,0.000,1.00,1.652,False,None,0.000,False
16.640,3,en_route_pickup,1.905,3.000,-3.000,1.500,joint_grid_transaction,12,12,4,9,3,0.000,1.00,-3.142,False,None,0.000,False
16.640,4,en_route_pickup,4.210,-2.596,0.000,3.500,_joint_stall_recovery,13,12,1,6,4,0.000,1.00,1.454,False,None,0.000,False
16.640,5,idle,-7.000,-0.000,0.000,0.000,None,None,0,0,0,None,0.000,1.00,1.571,False,None,0.000,False
16.640,6,idle,7.000,0.000,0.000,0.000,None,None,0,0,0,None,0.000,1.00,1.571,False,None,0.000,False
16.640,7,idle,-8.500,1.200,0.000,0.000,None,None,0,0,0,None,0.000,1.00,-0.001,False,None,0.000,False
16.640,8,idle,8.500,-1.200,0.000,0.000,None,None,0,0,0,None,0.000,1.00,3.142,False,None,0.000,False
16.896,1,en_route_delivery,-5.476,3.250,-3.000,-1.500,joint_grid_transaction,12,12,2,9,1,0.000,1.00,-0.095,False,None,0.000,False
16.896,2,en_route_pickup,-4.305,-1.472,-1.000,1.500,joint_grid_transaction,12,12,2,8,2,0.000,1.00,1.632,False,None,0.000,False
16.896,3,en_route_pickup,1.857,3.000,-3.000,1.500,joint_grid_transaction,12,12,4,9,3,0.000,1.00,-3.142,False,None,0.000,False
16.896,4,en_route_pickup,4.215,-2.549,0.000,3.500,_joint_stall_recovery,13,12,1,6,4,0.000,1.00,1.484,False,None,0.000,False
16.896,5,idle,-7.000,-0.000,0.000,0.000,None,None,0,0,0,None,0.000,1.00,1.571,False,None,0.000,False
16.896,6,idle,7.000,0.000,0.000,0.000,None,None,0,0,0,None,0.000,1.00,1.571,False,None,0.000,False
16.896,7,idle,-8.500,1.200,0.000,0.000,None,None,0,0,0,None,0.000,1.00,-0.001,False,None,0.000,False
16.896,8,idle,8.500,-1.200,0.000,0.000,None,None,0,0,0,None,0.000,1.00,3.142,False,None,0.000,False
17.152,1,en_route_delivery,-5.432,3.254,-3.000,-1.500,joint_grid_transaction,12,12,3,9,1,0.000,1.00,-0.076,False,None,0.000,False
17.152,2,en_route_pickup,-4.306,-1.444,-1.000,1.500,joint_grid_transaction,12,12,3,8,2,0.000,1.00,1.626,False,None,0.000,False
17.152,3,en_route_pickup,1.809,3.000,-3.000,1.500,joint_grid_transaction,12,12,4,9,3,0.000,1.00,3.142,False,None,0.000,False
17.152,4,en_route_pickup,4.219,-2.505,0.000,3.500,_joint_stall_recovery,13,12,1,6,4,0.000,1.00,1.485,False,None,0.000,False
17.152,5,idle,-7.000,-0.000,0.000,0.000,None,None,0,0,0,None,0.000,1.00,1.571,False,None,0.000,False
17.152,6,idle,7.000,0.000,0.000,0.000,None,None,0,0,0,None,0.000,1.00,1.571,False,None,0.000,False
17.152,7,idle,-8.500,1.200,0.000,0.000,None,None,0,0,0,None,0.000,1.00,-0.001,False,None,0.000,False
17.152,8,idle,8.500,-1.200,0.000,0.000,None,None,0,0,0,None,0.000,1.00,3.142,False,None,0.000,False
17.408,1,en_route_delivery,-5.391,3.257,-3.000,-1.500,joint_grid_transaction,12,12,3,9,1,0.000,1.00,-0.077,False,None,0.000,False
17.408,2,en_route_pickup,-4.308,-1.410,-1.000,1.500,joint_grid_transaction,12,12,3,8,2,0.000,1.00,1.630,False,None,0.000,False
17.408,3,en_route_pickup,1.761,3.000,-3.000,1.500,joint_grid_transaction,12,12,4,9,3,0.000,1.00,-3.142,False,None,0.000,False
17.408,4,en_route_pickup,4.223,-2.462,0.000,3.500,_joint_stall_recovery,13,12,1,6,4,0.000,1.00,1.485,False,None,0.000,False
17.408,5,idle,-7.000,-0.000,0.000,0.000,None,None,0,0,0,None,0.000,1.00,1.571,False,None,0.000,False
17.408,6,idle,7.000,0.000,0.000,0.000,None,None,0,0,0,None,0.000,1.00,1.571,False,None,0.000,False
17.408,7,idle,-8.500,1.200,0.000,0.000,None,None,0,0,0,None,0.000,1.00,-0.001,False,None,0.000,False
17.408,8,idle,8.500,-1.200,0.000,0.000,None,None,0,0,0,None,0.000,1.00,3.142,False,None,0.000,False
17.664,1,en_route_delivery,-5.350,3.260,-3.000,-1.500,joint_grid_transaction,12,12,3,9,1,0.000,1.00,-0.077,False,None,0.000,False
17.664,2,en_route_pickup,-4.310,-1.378,-1.000,1.500,joint_grid_transaction,12,12,3,8,2,0.000,1.00,1.631,False,None,0.000,False
17.664,3,en_route_pickup,1.714,3.000,-3.000,1.500,joint_grid_transaction,12,12,4,9,3,0.000,1.00,-3.142,False,None,0.000,False
17.664,4,en_route_pickup,4.226,-2.419,0.000,3.500,_joint_stall_recovery,13,12,1,6,4,0.000,1.00,1.485,False,None,0.000,False
17.664,5,idle,-7.000,-0.000,0.000,0.000,None,None,0,0,0,None,0.000,1.00,1.571,False,None,0.000,False
17.664,6,idle,7.000,0.000,0.000,0.000,None,None,0,0,0,None,0.000,1.00,1.571,False,None,0.000,False
17.664,7,idle,-8.500,1.200,0.000,0.000,None,None,0,0,0,None,0.000,1.00,-0.001,False,None,0.000,False
17.664,8,idle,8.500,-1.200,0.000,0.000,None,None,0,0,0,None,0.000,1.00,3.142,False,None,0.000,False
17.920,1,en_route_delivery,-5.311,3.263,-3.000,-1.500,joint_grid_transaction,12,12,3,9,1,0.000,1.00,-0.077,False,None,0.000,False
17.920,2,en_route_pickup,-4.312,-1.347,-1.000,1.500,joint_grid_transaction,12,12,3,8,2,0.000,1.00,1.631,False,None,0.000,False
17.920,3,en_route_pickup,1.666,3.000,-3.000,1.500,joint_grid_transaction,12,12,5,9,3,0.000,1.00,-3.142,False,None,0.000,False
17.920,4,en_route_pickup,4.230,-2.376,0.000,3.500,_joint_stall_recovery,13,12,1,6,4,0.000,1.00,1.485,False,None,0.000,False
17.920,5,idle,-7.000,-0.000,0.000,0.000,None,None,0,0,0,None,0.000,1.00,1.571,False,None,0.000,False
17.920,6,idle,7.000,0.000,0.000,0.000,None,None,0,0,0,None,0.000,1.00,1.571,False,None,0.000,False
17.920,7,idle,-8.500,1.200,0.000,0.000,None,None,0,0,0,None,0.000,1.00,-0.001,False,None,0.000,False
17.920,8,idle,8.500,-1.200,0.000,0.000,None,None,0,0,0,None,0.000,1.00,3.142,False,None,0.000,False
18.176,1,en_route_delivery,-5.273,3.266,-3.000,-1.500,joint_grid_transaction,12,12,3,9,1,0.000,1.00,-0.077,False,None,0.000,False
18.176,2,en_route_pickup,-4.313,-1.317,-1.000,1.500,joint_grid_transaction,12,12,3,8,2,0.000,1.00,1.632,False,None,0.000,False
18.176,3,en_route_pickup,1.618,3.000,-3.000,1.500,joint_grid_transaction,12,12,5,9,3,0.000,1.00,3.142,False,None,0.000,False
18.176,4,en_route_pickup,4.234,-2.334,0.000,3.500,_joint_stall_recovery,13,12,1,6,4,0.000,1.00,1.485,False,None,0.000,False
18.176,5,idle,-7.000,-0.000,0.000,0.000,None,None,0,0,0,None,0.000,1.00,1.571,False,None,0.000,False
18.176,6,idle,7.000,0.000,0.000,0.000,None,None,0,0,0,None,0.000,1.00,1.571,False,None,0.000,False
18.176,7,idle,-8.500,1.200,0.000,0.000,None,None,0,0,0,None,0.000,1.00,-0.001,False,None,0.000,False
18.176,8,idle,8.500,-1.200,0.000,0.000,None,None,0,0,0,None,0.000,1.00,3.142,False,None,0.000,False
18.432,1,en_route_delivery,-5.236,3.269,-3.000,-1.500,joint_grid_transaction,12,12,3,9,1,0.000,1.00,-0.077,False,None,0.000,False
18.432,2,en_route_pickup,-4.315,-1.289,-1.000,1.500,joint_grid_transaction,12,12,3,8,2,0.000,1.00,1.633,False,None,0.000,False
18.432,3,en_route_pickup,1.570,3.000,-3.000,1.500,joint_grid_transaction,12,12,5,9,3,0.000,1.00,3.142,False,None,0.000,False
18.432,4,en_route_pickup,4.237,-2.291,0.000,3.500,_joint_stall_recovery,13,12,1,6,4,0.000,1.00,1.486,False,None,0.000,False
18.432,5,idle,-7.000,-0.000,0.000,0.000,None,None,0,0,0,None,0.000,1.00,1.571,False,None,0.000,False
18.432,6,idle,7.000,0.000,0.000,0.000,None,None,0,0,0,None,0.000,1.00,1.571,False,None,0.000,False
18.432,7,idle,-8.500,1.200,0.000,0.000,None,None,0,0,0,None,0.000,1.00,-0.001,False,None,0.000,False
18.432,8,idle,8.500,-1.200,0.000,0.000,None,None,0,0,0,None,0.000,1.00,3.142,False,None,0.000,False
18.688,1,en_route_delivery,-5.199,3.272,-3.000,-1.500,joint_grid_transaction,12,12,4,9,1,0.000,1.00,-0.079,False,None,0.000,False
18.688,2,en_route_pickup,-4.316,-1.265,-1.000,1.500,joint_grid_transaction,12,12,3,8,2,0.000,1.00,1.622,False,None,0.000,False
18.688,3,en_route_pickup,1.522,3.000,-3.000,1.500,joint_grid_transaction,12,12,5,9,3,0.000,1.00,-3.142,False,None,0.000,False
18.688,4,en_route_pickup,4.241,-2.249,0.000,3.500,_joint_stall_recovery,13,12,1,6,4,0.000,1.00,1.486,False,None,0.000,False
18.688,5,idle,-7.000,-0.000,0.000,0.000,None,None,0,0,0,None,0.000,1.00,1.571,False,None,0.000,False
18.688,6,idle,7.000,0.000,0.000,0.000,None,None,0,0,0,None,0.000,1.00,1.571,False,None,0.000,False
18.688,7,idle,-8.500,1.200,0.000,0.000,None,None,0,0,0,None,0.000,1.00,-0.001,False,None,0.000,False
18.688,8,idle,8.500,-1.200,0.000,0.000,None,None,0,0,0,None,0.000,1.00,3.142,False,None,0.000,False
18.944,1,en_route_delivery,-5.161,3.275,-3.000,-1.500,joint_grid_transaction,12,12,4,9,1,0.000,1.00,-0.079,False,None,0.000,False
18.944,2,en_route_pickup,-4.317,-1.243,-1.000,1.500,joint_grid_transaction,12,12,3,8,2,0.000,1.00,1.600,False,None,0.000,False
18.944,3,en_route_pickup,1.474,3.000,-3.000,1.500,joint_grid_transaction,12,12,5,9,3,0.000,1.00,-3.142,False,None,0.000,False
18.944,4,en_route_pickup,4.244,-2.207,0.000,3.500,_joint_stall_recovery,13,12,1,6,4,0.000,1.00,1.486,False,None,0.000,False
18.944,5,idle,-7.000,-0.000,0.000,0.000,None,None,0,0,0,None,0.000,1.00,1.571,False,None,0.000,False
18.944,6,idle,7.000,0.000,0.000,0.000,None,None,0,0,0,None,0.000,1.00,1.571,False,None,0.000,False
18.944,7,idle,-8.500,1.200,0.000,0.000,None,None,0,0,0,None,0.000,1.00,-0.001,False,None,0.000,False
18.944,8,idle,8.500,-1.200,0.000,0.000,None,None,0,0,0,None,0.000,1.00,3.142,False,None,0.000,False
19.200,1,en_route_delivery,-5.124,3.278,-3.000,-1.500,joint_grid_transaction,12,12,4,9,1,0.000,1.00,-0.079,False,None,0.000,False
19.200,2,en_route_pickup,-4.317,-1.221,-1.000,1.500,joint_grid_transaction,12,12,3,8,2,0.000,1.00,1.577,False,None,0.000,False
19.200,3,en_route_pickup,1.426,3.000,-3.000,1.500,joint_grid_transaction,12,12,6,9,3,0.000,1.00,3.142,False,None,0.000,False
19.200,4,en_route_pickup,4.248,-2.165,0.000,3.500,_joint_stall_recovery,13,12,1,6,4,0.000,1.00,1.486,False,None,0.000,False
19.200,5,idle,-7.000,-0.000,0.000,0.000,None,None,0,0,0,None,0.000,1.00,1.571,False,None,0.000,False
19.200,6,idle,7.000,0.000,0.000,0.000,None,None,0,0,0,None,0.000,1.00,1.571,False,None,0.000,False
19.200,7,idle,-8.500,1.200,0.000,0.000,None,None,0,0,0,None,0.000,1.00,-0.001,False,None,0.000,False
19.200,8,idle,8.500,-1.200,0.000,0.000,None,None,0,0,0,None,0.000,1.00,3.142,False,None,0.000,False
19.456,1,en_route_delivery,-5.088,3.281,-3.000,-1.500,joint_grid_transaction,12,12,4,9,1,0.000,1.00,-0.079,False,None,0.000,False
19.456,2,en_route_pickup,-4.317,-1.192,-1.000,1.500,joint_grid_transaction,12,12,4,8,2,0.000,1.00,1.555,False,None,0.000,False
19.456,3,en_route_pickup,1.378,3.000,-3.000,1.500,joint_grid_transaction,12,12,6,9,3,0.000,1.00,3.142,False,None,0.000,False
19.456,4,en_route_pickup,4.252,-2.124,0.000,3.500,_joint_stall_recovery,13,12,1,6,4,0.000,1.00,1.486,False,None,0.000,False
19.456,5,idle,-7.000,-0.000,0.000,0.000,None,None,0,0,0,None,0.000,1.00,1.571,False,None,0.000,False
19.456,6,idle,7.000,0.000,0.000,0.000,None,None,0,0,0,None,0.000,1.00,1.571,False,None,0.000,False
19.456,7,idle,-8.500,1.200,0.000,0.000,None,None,0,0,0,None,0.000,1.00,-0.001,False,None,0.000,False
19.456,8,idle,8.500,-1.200,0.000,0.000,None,None,0,0,0,None,0.000,1.00,3.142,False,None,0.000,False
19.712,1,en_route_delivery,-5.053,3.284,-3.000,-1.500,joint_grid_transaction,15,15,1,8,1,0.000,1.00,-0.079,False,None,0.000,False
19.712,2,en_route_pickup,-4.316,-1.154,-1.000,1.500,joint_grid_transaction,15,15,2,9,2,0.000,1.00,1.545,False,None,0.000,False
19.712,3,en_route_pickup,1.331,3.000,-3.000,1.500,joint_grid_transaction,15,15,2,9,3,0.000,1.00,-3.142,False,None,0.000,False
19.712,4,en_route_pickup,4.255,-2.083,0.000,3.500,joint_grid_transaction,15,15,2,9,4,0.000,1.00,1.489,False,None,0.000,False
19.712,5,idle,-7.000,-0.000,0.000,0.000,None,None,0,0,0,None,0.000,1.00,1.571,False,None,0.000,False
19.712,6,idle,7.000,0.000,0.000,0.000,None,None,0,0,0,None,0.000,1.00,1.571,False,None,0.000,False
19.712,7,idle,-8.500,1.200,0.000,0.000,None,None,0,0,0,None,0.000,1.00,-0.001,False,None,0.000,False
19.712,8,idle,8.500,-1.200,0.000,0.000,None,None,0,0,0,None,0.000,1.00,3.142,False,None,0.000,False
19.968,1,en_route_delivery,-5.020,3.286,-3.000,-1.500,joint_grid_transaction,15,15,1,8,1,0.000,1.00,-0.079,False,None,0.000,False
19.968,2,en_route_pickup,-4.314,-1.115,-1.000,1.500,joint_grid_transaction,15,15,2,9,2,0.000,1.00,1.535,False,None,0.000,False
19.968,3,en_route_pickup,1.283,3.000,-3.000,1.500,joint_grid_transaction,15,15,2,9,3,0.000,1.00,-3.142,False,None,0.000,False
19.968,4,en_route_pickup,4.258,-2.043,0.000,3.500,joint_grid_transaction,15,15,2,9,4,0.000,1.00,1.489,False,None,0.000,False
19.968,5,idle,-7.000,-0.000,0.000,0.000,None,None,0,0,0,None,0.000,1.00,1.571,False,None,0.000,False
19.968,6,idle,7.000,0.000,0.000,0.000,None,None,0,0,0,None,0.000,1.00,1.571,False,None,0.000,False
19.968,7,idle,-8.500,1.200,0.000,0.000,None,None,0,0,0,None,0.000,1.00,-0.001,False,None,0.000,False
19.968,8,idle,8.500,-1.200,0.000,0.000,None,None,0,0,0,None,0.000,1.00,3.142,False,None,0.000,False
20.224,1,en_route_delivery,-4.989,3.289,-3.000,-1.500,joint_grid_transaction,15,15,1,8,1,0.000,1.00,-0.079,False,None,0.000,False
20.224,2,en_route_pickup,-4.312,-1.075,-1.000,1.500,joint_grid_transaction,15,15,2,9,2,0.000,1.00,1.522,False,None,0.000,False
20.224,3,en_route_pickup,1.235,3.000,-3.000,1.500,joint_grid_transaction,15,15,2,9,3,0.000,1.00,-3.142,False,None,0.000,False
20.224,4,en_route_pickup,4.261,-2.004,0.000,3.500,joint_grid_transaction,15,15,2,9,4,0.000,1.00,1.489,False,None,0.000,False
20.224,5,idle,-7.000,-0.000,0.000,0.000,None,None,0,0,0,None,0.000,1.00,1.571,False,None,0.000,False
20.224,6,idle,7.000,0.000,0.000,0.000,None,None,0,0,0,None,0.000,1.00,1.571,False,None,0.000,False
20.224,7,idle,-8.500,1.200,0.000,0.000,None,None,0,0,0,None,0.000,1.00,-0.001,False,None,0.000,False
20.224,8,idle,8.500,-1.200,0.000,0.000,None,None,0,0,0,None,0.000,1.00,3.142,False,None,0.000,False
20.480,1,en_route_delivery,-4.965,3.291,-3.000,-1.500,joint_grid_transaction,15,15,1,8,1,0.000,1.00,-0.079,False,None,0.000,False
20.480,2,en_route_pickup,-4.309,-1.035,-1.000,1.500,joint_grid_transaction,15,15,2,9,2,0.000,1.00,1.504,False,None,0.000,False
20.480,3,en_route_pickup,1.217,3.000,-3.000,1.500,joint_grid_transaction,15,15,2,9,3,0.000,1.00,3.142,False,joint_slot_deadline,20.804,False
20.480,4,en_route_pickup,4.264,-1.968,0.000,3.500,joint_grid_transaction,15,15,2,9,4,0.000,1.00,1.489,False,None,0.000,False
20.480,5,idle,-7.000,-0.000,0.000,0.000,None,None,0,0,0,None,0.000,1.00,1.571,False,None,0.000,False
20.480,6,idle,7.000,0.000,0.000,0.000,None,None,0,0,0,None,0.000,1.00,1.571,False,None,0.000,False
20.480,7,idle,-8.500,1.200,0.000,0.000,None,None,0,0,0,None,0.000,1.00,-0.001,False,None,0.000,False
20.480,8,idle,8.500,-1.200,0.000,0.000,None,None,0,0,0,None,0.000,1.00,3.142,False,None,0.000,False
20.736,1,en_route_delivery,-4.965,3.291,-3.000,-1.500,joint_grid_transaction,15,15,1,8,1,0.000,1.00,-0.079,False,joint_slot_deadline,20.804,False
20.736,2,en_route_pickup,-4.304,-0.993,-1.000,1.500,joint_grid_transaction,15,15,2,9,2,0.000,1.00,1.480,False,None,0.000,False
20.736,3,en_route_pickup,1.217,3.000,-3.000,1.500,joint_grid_transaction,15,15,2,9,3,0.000,1.00,3.142,False,joint_slot_deadline,20.804,False
20.736,4,en_route_pickup,4.264,-1.968,0.000,3.500,joint_grid_transaction,15,15,2,9,4,0.000,1.00,1.489,False,joint_slot_deadline,20.804,False
20.736,5,idle,-7.000,-0.000,0.000,0.000,None,None,0,0,0,None,0.000,1.00,1.571,False,None,0.000,False
20.736,6,idle,7.000,0.000,0.000,0.000,None,None,0,0,0,None,0.000,1.00,1.571,False,None,0.000,False
20.736,7,idle,-8.500,1.200,0.000,0.000,None,None,0,0,0,None,0.000,1.00,-0.001,False,None,0.000,False
20.736,8,idle,8.500,-1.200,0.000,0.000,None,None,0,0,0,None,0.000,1.00,3.142,False,None,0.000,False
20.992,1,en_route_delivery,-4.943,3.293,-3.000,-1.500,joint_grid_transaction,15,15,2,8,1,0.000,1.00,-0.084,False,None,0.000,False
20.992,2,en_route_pickup,-4.299,-0.949,-1.000,1.500,joint_grid_transaction,15,15,3,9,2,0.000,1.00,1.457,False,None,0.000,False
20.992,3,en_route_pickup,1.188,3.000,-3.000,1.500,joint_grid_transaction,15,15,3,9,3,0.000,1.00,3.142,False,None,0.000,False
20.992,4,en_route_pickup,4.267,-1.944,0.000,3.500,joint_grid_transaction,15,15,3,9,4,0.000,1.00,1.483,False,None,0.000,False
20.992,5,idle,-7.000,-0.000,0.000,0.000,None,None,0,0,0,None,0.000,1.00,1.571,False,None,0.000,False
20.992,6,idle,7.000,0.000,0.000,0.000,None,None,0,0,0,None,0.000,1.00,1.571,False,None,0.000,False
20.992,7,idle,-8.500,1.200,0.000,0.000,None,None,0,0,0,None,0.000,1.00,-0.001,False,None,0.000,False
20.992,8,idle,8.500,-1.200,0.000,0.000,None,None,0,0,0,None,0.000,1.00,3.142,False,None,0.000,False
21.248,1,en_route_delivery,-4.909,3.295,-3.000,-1.500,joint_grid_transaction,15,15,2,8,1,0.000,1.00,-0.084,False,None,0.000,False
21.248,2,en_route_pickup,-4.294,-0.902,-1.000,1.500,joint_grid_transaction,15,15,3,9,2,0.000,1.00,1.459,False,None,0.000,False
21.248,3,en_route_pickup,1.140,3.000,-3.000,1.500,joint_grid_transaction,15,15,3,9,3,0.000,1.00,3.142,False,None,0.000,False
21.248,4,en_route_pickup,4.270,-1.906,0.000,3.500,joint_grid_transaction,15,15,3,9,4,0.000,1.00,1.483,False,None,0.000,False
21.248,5,idle,-7.000,-0.000,0.000,0.000,None,None,0,0,0,None,0.000,1.00,1.571,False,None,0.000,False
21.248,6,idle,7.000,0.000,0.000,0.000,None,None,0,0,0,None,0.000,1.00,1.571,False,None,0.000,False
21.248,7,idle,-8.500,1.200,0.000,0.000,None,None,0,0,0,None,0.000,1.00,-0.001,False,None,0.000,False
21.248,8,idle,8.500,-1.200,0.000,0.000,None,None,0,0,0,None,0.000,1.00,3.142,False,None,0.000,False
21.504,1,en_route_delivery,-4.876,3.298,-3.000,-1.500,joint_grid_transaction,15,15,2,8,1,0.000,1.00,-0.084,False,None,0.000,False
21.504,2,en_route_pickup,-4.288,-0.854,-1.000,1.500,joint_grid_transaction,15,15,3,9,2,0.000,1.00,1.460,False,None,0.000,False
21.504,3,en_route_pickup,1.092,3.000,-3.000,1.500,joint_grid_transaction,15,15,3,9,3,0.000,1.00,-3.142,False,None,0.000,False
21.504,4,en_route_pickup,4.273,-1.869,0.000,3.500,joint_grid_transaction,15,15,3,9,4,0.000,1.00,1.484,False,None,0.000,False
21.504,5,idle,-7.000,-0.000,0.000,0.000,None,None,0,0,0,None,0.000,1.00,1.571,False,None,0.000,False
21.504,6,idle,7.000,0.000,0.000,0.000,None,None,0,0,0,None,0.000,1.00,1.571,False,None,0.000,False
21.504,7,idle,-8.500,1.200,0.000,0.000,None,None,0,0,0,None,0.000,1.00,-0.001,False,None,0.000,False
21.504,8,idle,8.500,-1.200,0.000,0.000,None,None,0,0,0,None,0.000,1.00,3.142,False,None,0.000,False
21.760,1,en_route_delivery,-4.845,3.301,-3.000,-1.500,joint_grid_transaction,15,15,2,8,1,0.000,1.00,-0.084,False,None,0.000,False
21.760,2,en_route_pickup,-4.283,-0.807,-1.000,1.500,joint_grid_transaction,15,15,3,9,2,0.000,1.00,1.461,False,None,0.000,False
21.760,3,en_route_pickup,1.045,3.000,-3.000,1.500,joint_grid_transaction,15,15,3,9,3,0.000,1.00,-3.142,False,None,0.000,False
21.760,4,en_route_pickup,4.276,-1.833,0.000,3.500,joint_grid_transaction,15,15,3,9,4,0.000,1.00,1.484,False,None,0.000,False
21.760,5,idle,-7.000,-0.000,0.000,0.000,None,None,0,0,0,None,0.000,1.00,1.571,False,None,0.000,False
21.760,6,idle,7.000,0.000,0.000,0.000,None,None,0,0,0,None,0.000,1.00,1.571,False,None,0.000,False
21.760,7,idle,-8.500,1.200,0.000,0.000,None,None,0,0,0,None,0.000,1.00,-0.001,False,None,0.000,False
21.760,8,idle,8.500,-1.200,0.000,0.000,None,None,0,0,0,None,0.000,1.00,3.142,False,None,0.000,False
22.016,1,en_route_delivery,-4.815,3.303,-3.000,-1.500,joint_grid_transaction,15,15,2,8,1,0.000,1.00,-0.084,False,None,0.000,False
22.016,2,en_route_pickup,-4.278,-0.759,-1.000,1.500,joint_grid_transaction,15,15,3,9,2,0.000,1.00,1.462,False,None,0.000,False
22.016,3,en_route_pickup,0.997,3.000,-3.000,1.500,joint_grid_transaction,15,15,3,9,3,0.000,1.00,3.142,False,None,0.000,False
22.016,4,en_route_pickup,4.279,-1.798,0.000,3.500,joint_grid_transaction,15,15,3,9,4,0.000,1.00,1.484,False,None,0.000,False
22.016,5,idle,-7.000,-0.000,0.000,0.000,None,None,0,0,0,None,0.000,1.00,1.571,False,None,0.000,False
22.016,6,idle,7.000,0.000,0.000,0.000,None,None,0,0,0,None,0.000,1.00,1.571,False,None,0.000,False
22.016,7,idle,-8.500,1.200,0.000,0.000,None,None,0,0,0,None,0.000,1.00,-0.001,False,None,0.000,False
22.016,8,idle,8.500,-1.200,0.000,0.000,None,None,0,0,0,None,0.000,1.00,3.142,False,None,0.000,False
22.272,1,en_route_delivery,-4.786,3.306,-3.000,-1.500,joint_grid_transaction,15,15,2,8,1,0.000,1.00,-0.083,False,None,0.000,False
22.272,2,en_route_pickup,-4.273,-0.712,-1.000,1.500,joint_grid_transaction,15,15,4,9,2,0.000,1.00,1.464,False,None,0.000,False
22.272,3,en_route_pickup,0.949,3.000,-3.000,1.500,joint_grid_transaction,15,15,4,9,3,0.000,1.00,3.142,False,None,0.000,False
22.272,4,en_route_pickup,4.282,-1.764,0.000,3.500,joint_grid_transaction,15,15,3,9,4,0.000,1.00,1.484,False,None,0.000,False
22.272,5,idle,-7.000,-0.000,0.000,0.000,None,None,0,0,0,None,0.000,1.00,1.571,False,None,0.000,False
22.272,6,idle,7.000,0.000,0.000,0.000,None,None,0,0,0,None,0.000,1.00,1.571,False,None,0.000,False
22.272,7,idle,-8.500,1.200,0.000,0.000,None,None,0,0,0,None,0.000,1.00,-0.001,False,None,0.000,False
22.272,8,idle,8.500,-1.200,0.000,0.000,None,None,0,0,0,None,0.000,1.00,3.142,False,None,0.000,False
22.528,1,en_route_delivery,-4.760,3.308,-3.000,-1.500,joint_grid_transaction,15,15,2,8,1,0.000,1.00,-0.077,False,None,0.000,False
22.528,2,en_route_pickup,-4.268,-0.667,-1.000,1.500,joint_grid_transaction,15,15,4,9,2,0.000,1.00,1.471,False,None,0.000,False
22.528,3,en_route_pickup,0.901,3.000,-3.000,1.500,joint_grid_transaction,15,15,4,9,3,0.000,1.00,-3.142,False,None,0.000,False
22.528,4,en_route_pickup,4.285,-1.733,0.000,3.500,joint_grid_transaction,15,15,3,9,4,0.000,1.00,1.485,False,None,0.000,False
22.528,5,idle,-7.000,-0.000,0.000,0.000,None,None,0,0,0,None,0.000,1.00,1.571,False,None,0.000,False
22.528,6,idle,7.000,0.000,0.000,0.000,None,None,0,0,0,None,0.000,1.00,1.571,False,None,0.000,False
22.528,7,idle,-8.500,1.200,0.000,0.000,None,None,0,0,0,None,0.000,1.00,-0.001,False,None,0.000,False
22.528,8,idle,8.500,-1.200,0.000,0.000,None,None,0,0,0,None,0.000,1.00,3.142,False,None,0.000,False
22.784,1,en_route_delivery,-4.739,3.309,-3.000,-1.500,joint_grid_transaction,15,15,2,8,1,0.000,1.00,-0.057,False,None,0.000,False
22.784,2,en_route_pickup,-4.264,-0.624,-1.000,1.500,joint_grid_transaction,15,15,4,9,2,0.000,1.00,1.471,False,None,0.000,False
22.784,3,en_route_pickup,0.853,3.000,-3.000,1.500,joint_grid_transaction,15,15,4,9,3,0.000,1.00,-3.142,False,None,0.000,False
22.784,4,en_route_pickup,4.288,-1.701,0.000,3.500,joint_grid_transaction,15,15,4,9,4,0.000,1.00,1.482,False,None,0.000,False
22.784,5,idle,-7.000,-0.000,0.000,0.000,None,None,0,0,0,None,0.000,1.00,1.571,False,None,0.000,False
22.784,6,idle,7.000,0.000,0.000,0.000,None,None,0,0,0,None,0.000,1.00,1.571,False,None,0.000,False
22.784,7,idle,-8.500,1.200,0.000,0.000,None,None,0,0,0,None,0.000,1.00,-0.001,False,None,0.000,False
22.784,8,idle,8.500,-1.200,0.000,0.000,None,None,0,0,0,None,0.000,1.00,3.142,False,None,0.000,False
23.040,1,en_route_delivery,-4.718,3.310,-3.000,-1.500,joint_grid_transaction,15,15,2,8,1,0.000,1.00,-0.035,False,None,0.000,False
23.040,2,en_route_pickup,-4.260,-0.581,-1.000,1.500,joint_grid_transaction,15,15,4,9,2,0.000,1.00,1.472,False,None,0.000,False
23.040,3,en_route_pickup,0.805,3.000,-3.000,1.500,joint_grid_transaction,15,15,4,9,3,0.000,1.00,3.142,False,None,0.000,False
23.040,4,en_route_pickup,4.291,-1.666,0.000,3.500,joint_grid_transaction,15,15,4,9,4,0.000,1.00,1.482,False,None,0.000,False
23.040,5,idle,-7.000,-0.000,0.000,0.000,None,None,0,0,0,None,0.000,1.00,1.571,False,None,0.000,False
23.040,6,idle,7.000,0.000,0.000,0.000,None,None,0,0,0,None,0.000,1.00,1.571,False,None,0.000,False
23.040,7,idle,-8.500,1.200,0.000,0.000,None,None,0,0,0,None,0.000,1.00,-0.001,False,None,0.000,False
23.040,8,idle,8.500,-1.200,0.000,0.000,None,None,0,0,0,None,0.000,1.00,3.142,False,None,0.000,False
23.296,1,en_route_delivery,-4.687,3.310,-3.000,-1.500,joint_grid_transaction,15,15,3,8,1,0.000,1.00,-0.026,False,None,0.000,False
23.296,2,en_route_pickup,-4.255,-0.539,-1.000,1.500,joint_grid_transaction,15,15,4,9,2,0.000,1.00,1.473,False,None,0.000,False
23.296,3,en_route_pickup,0.757,3.000,-3.000,1.500,joint_grid_transaction,15,15,4,9,3,0.000,1.00,3.142,False,None,0.000,False
23.296,4,en_route_pickup,4.294,-1.633,0.000,3.500,joint_grid_transaction,15,15,4,9,4,0.000,1.00,1.483,False,None,0.000,False
23.296,5,en_route_pickup,-7.000,-0.000,1.000,1.500,None,None,0,0,5,5,0.000,1.00,1.571,False,None,0.000,False
23.296,6,idle,7.000,0.000,0.000,0.000,None,None,0,0,0,None,0.000,1.00,1.571,False,None,0.000,False
23.296,7,idle,-8.500,1.200,0.000,0.000,None,None,0,0,0,None,0.000,1.00,-0.001,False,None,0.000,False
23.296,8,idle,8.500,-1.200,0.000,0.000,None,None,0,0,0,None,0.000,1.00,3.142,False,None,0.000,False
23.552,1,en_route_delivery,-4.652,3.311,-3.000,-1.500,joint_grid_transaction,15,15,3,8,1,0.000,1.00,-0.032,False,None,0.000,False
23.552,2,en_route_pickup,-4.251,-0.497,-1.000,1.500,joint_grid_transaction,15,15,4,9,2,0.000,1.00,1.473,False,None,0.000,False
23.552,3,en_route_pickup,0.710,3.000,-3.000,1.500,joint_grid_transaction,15,15,5,9,3,0.000,1.00,-3.142,False,None,0.000,False
23.552,4,en_route_pickup,4.297,-1.601,0.000,3.500,joint_grid_transaction,15,15,4,9,4,0.000,1.00,1.483,False,None,0.000,False
23.552,5,en_route_pickup,-7.000,-0.000,1.000,1.500,None,None,0,0,5,5,0.000,1.00,1.571,False,None,0.000,False
23.552,6,idle,7.000,0.000,0.000,0.000,None,None,0,0,0,None,0.000,1.00,1.571,False,None,0.000,False
23.552,7,returning_home,-8.500,1.200,-7.000,0.000,None,None,0,0,2,None,0.000,1.00,-0.001,False,None,0.000,False
23.552,8,idle,8.500,-1.200,0.000,0.000,None,None,0,0,0,None,0.000,1.00,3.142,False,None,0.000,False
23.808,1,en_route_delivery,-4.620,3.312,-3.000,-1.500,joint_grid_transaction,16,16,2,9,1,0.000,1.00,-0.030,False,None,0.000,False
23.808,2,en_route_pickup,-4.247,-0.457,-1.000,1.500,joint_grid_transaction,16,16,1,9,2,0.000,1.00,1.474,False,None,0.000,False
23.808,3,en_route_pickup,0.662,3.000,-3.000,1.500,joint_grid_transaction,16,16,2,9,3,0.000,1.00,-3.142,False,None,0.000,False
23.808,4,en_route_pickup,4.300,-1.570,0.000,3.500,joint_grid_transaction,16,16,1,8,4,0.000,1.00,1.483,False,None,0.000,False
23.808,5,en_route_pickup,-7.000,-0.000,1.000,1.500,None,None,0,0,5,5,0.000,1.00,1.571,False,None,0.000,False
23.808,6,idle,7.000,0.000,0.000,0.000,None,None,0,0,0,None,0.000,1.00,1.571,False,None,0.000,False
23.808,7,returning_home,-8.500,1.200,-7.000,0.000,None,None,0,0,2,None,0.000,1.00,-0.001,False,None,0.000,False
23.808,8,idle,8.500,-1.200,0.000,0.000,None,None,0,0,0,None,0.000,1.00,3.142,False,None,0.000,False
24.064,1,en_route_delivery,-4.588,3.313,-3.000,-1.500,joint_grid_transaction,16,16,2,9,1,0.000,1.00,-0.036,False,None,0.000,False
24.064,2,en_route_pickup,-4.244,-0.417,-1.000,1.500,joint_grid_transaction,16,16,2,9,2,0.000,1.00,1.474,False,None,0.000,False
24.064,3,en_route_pickup,0.614,3.000,-3.000,1.500,joint_grid_transaction,16,16,2,9,3,0.000,1.00,-3.142,False,None,0.000,False
24.064,4,en_route_pickup,4.302,-1.540,0.000,3.500,joint_grid_transaction,16,16,1,8,4,0.000,1.00,1.483,False,None,0.000,False
24.064,5,en_route_pickup,-7.000,-0.000,1.000,1.500,None,None,0,0,5,5,0.000,1.00,1.571,False,None,0.000,False
24.064,6,idle,7.000,0.000,0.000,0.000,None,None,0,0,0,None,0.000,1.00,1.571,False,None,0.000,False
24.064,7,returning_home,-8.500,1.200,-7.000,0.000,None,None,0,0,2,None,0.000,1.00,-0.001,False,None,0.000,False
24.064,8,idle,8.500,-1.200,0.000,0.000,None,None,0,0,0,None,0.000,1.00,3.142,False,None,0.000,False
24.320,1,en_route_delivery,-4.558,3.314,-3.000,-1.500,joint_grid_transaction,16,16,2,9,1,0.000,1.00,-0.043,False,None,0.000,False
24.320,2,en_route_pickup,-4.240,-0.378,-1.000,1.500,joint_grid_transaction,16,16,2,9,2,0.000,1.00,1.475,False,None,0.000,False
24.320,3,en_route_pickup,0.566,3.000,-3.000,1.500,joint_grid_transaction,16,16,2,9,3,0.000,1.00,3.142,False,None,0.000,False
24.320,4,en_route_pickup,4.304,-1.513,0.000,3.500,joint_grid_transaction,16,16,1,8,4,0.000,1.00,1.484,False,None,0.000,False
24.320,5,en_route_pickup,-7.000,-0.000,1.000,1.500,None,None,0,0,5,5,0.000,1.00,1.571,False,None,0.000,False
24.320,6,idle,7.000,0.000,0.000,0.000,None,None,0,0,0,None,0.000,1.00,1.571,False,None,0.000,False
24.320,7,returning_home,-8.500,1.200,-7.000,0.000,None,None,0,0,2,None,0.000,1.00,-0.001,False,None,0.000,False
24.320,8,idle,8.500,-1.200,0.000,0.000,None,None,0,0,0,None,0.000,1.00,3.142,False,None,0.000,False
24.576,1,en_route_delivery,-4.531,3.316,-3.000,-1.500,joint_grid_transaction,16,16,2,9,1,0.000,1.00,-0.050,False,None,0.000,False
24.576,2,en_route_pickup,-4.236,-0.340,-1.000,1.500,joint_grid_transaction,16,16,2,9,2,0.000,1.00,1.475,False,None,0.000,False
24.576,3,en_route_pickup,0.518,3.000,-3.000,1.500,joint_grid_transaction,16,16,2,9,3,0.000,1.00,3.142,False,None,0.000,False
24.576,4,en_route_pickup,4.306,-1.490,0.000,3.500,joint_grid_transaction,16,16,1,8,4,0.000,1.00,1.499,False,None,0.000,False
24.576,5,en_route_pickup,-7.000,-0.000,1.000,1.500,None,None,0,0,5,5,0.000,1.00,1.571,False,None,0.000,False
24.576,6,idle,7.000,0.000,0.000,0.000,None,None,0,0,0,None,0.000,1.00,1.571,False,None,0.000,False
24.576,7,returning_home,-8.500,1.200,-7.000,0.000,None,None,0,0,2,None,0.000,1.00,-0.001,False,None,0.000,False
24.576,8,idle,8.500,-1.200,0.000,0.000,None,None,0,0,0,None,0.000,1.00,3.142,False,None,0.000,False
24.832,1,en_route_delivery,-4.507,3.317,-3.000,-1.500,joint_grid_transaction,16,16,2,9,1,0.000,1.00,-0.042,False,None,0.000,False
24.832,2,en_route_pickup,-4.232,-0.302,-1.000,1.500,joint_grid_transaction,16,16,2,9,2,0.000,1.00,1.476,False,None,0.000,False
24.832,3,en_route_pickup,0.470,3.000,-3.000,1.500,joint_grid_transaction,16,16,2,9,3,0.000,1.00,-3.142,False,None,0.000,False
24.832,4,en_route_pickup,4.307,-1.470,0.000,3.500,joint_grid_transaction,16,16,1,8,4,0.000,1.00,1.527,False,None,0.000,False
24.832,5,en_route_pickup,-7.000,-0.000,1.000,1.500,None,None,0,0,5,5,0.000,1.00,1.571,False,None,0.000,False
24.832,6,idle,7.000,0.000,0.000,0.000,None,None,0,0,0,None,0.000,1.00,1.571,False,None,0.000,False
24.832,7,returning_home,-8.500,1.200,-7.000,0.000,None,None,0,0,2,None,0.000,1.00,-0.001,False,None,0.000,False
24.832,8,idle,8.500,-1.200,0.000,0.000,None,None,0,0,0,None,0.000,1.00,3.142,False,None,0.000,False
25.088,1,en_route_delivery,-4.485,3.317,-3.000,-1.500,joint_grid_transaction,16,16,2,9,1,0.000,1.00,-0.020,False,None,0.000,False
25.088,2,en_route_pickup,-4.229,-0.266,-1.000,1.500,joint_grid_transaction,16,16,2,9,2,0.000,1.00,1.476,False,None,0.000,False
25.088,3,en_route_pickup,0.422,3.000,-3.000,1.500,joint_grid_transaction,16,16,3,9,3,0.000,1.00,-3.142,False,None,0.000,False
25.088,4,en_route_pickup,4.308,-1.441,0.000,3.500,joint_grid_transaction,16,16,2,8,4,0.000,1.00,1.534,False,None,0.000,False
25.088,5,en_route_pickup,-7.000,-0.000,1.000,1.500,None,None,0,0,5,5,0.000,1.00,1.571,False,None,0.000,False
25.088,6,idle,7.000,0.000,0.000,0.000,None,None,0,0,0,None,0.000,1.00,1.571,False,None,0.000,False
25.088,7,returning_home,-8.500,1.200,-7.000,0.000,None,None,0,0,2,None,0.000,1.00,-0.001,False,None,0.000,False
25.088,8,idle,8.500,-1.200,0.000,0.000,None,None,0,0,0,None,0.000,1.00,3.142,False,None,0.000,False
25.344,1,en_route_delivery,-4.462,3.317,-3.000,-1.500,joint_grid_transaction,16,16,2,9,1,0.000,1.00,-0.005,False,None,0.000,False
25.344,2,en_route_pickup,-4.226,-0.232,-1.000,1.500,joint_grid_transaction,16,16,2,9,2,0.000,1.00,1.477,False,None,0.000,False
25.344,3,en_route_pickup,0.374,3.000,-3.000,1.500,joint_grid_transaction,16,16,3,9,3,0.000,1.00,3.142,False,None,0.000,False
25.344,4,en_route_pickup,4.309,-1.407,0.000,3.500,joint_grid_transaction,16,16,2,8,4,0.000,1.00,1.526,False,None,0.000,False
25.344,5,en_route_pickup,-7.000,-0.000,1.000,1.500,None,None,0,0,5,5,0.000,1.00,1.571,False,None,0.000,False
25.344,6,idle,7.000,0.000,0.000,0.000,None,None,0,0,0,None,0.000,1.00,1.571,False,None,0.000,False
25.344,7,returning_home,-8.500,1.200,-7.000,0.000,None,None,0,0,2,None,0.000,1.00,-0.001,False,None,0.000,False
25.344,8,idle,8.500,-1.200,0.000,0.000,None,None,0,0,0,None,0.000,1.00,3.142,False,None,0.000,False
25.600,1,en_route_delivery,-4.464,3.315,-3.000,-1.500,joint_grid_transaction,16,16,3,9,1,0.000,1.00,-0.291,False,None,0.000,False
25.600,2,en_route_pickup,-4.223,-0.197,-1.000,1.500,joint_grid_transaction,16,16,2,9,2,0.000,1.00,1.476,False,None,0.000,False
25.600,3,en_route_pickup,0.327,3.000,-3.000,1.500,joint_grid_transaction,16,16,3,9,3,0.000,1.00,3.142,False,None,0.000,False
25.600,4,en_route_pickup,4.311,-1.375,0.000,3.500,joint_grid_transaction,16,16,2,8,4,0.000,1.00,1.518,False,None,0.000,False
25.600,5,en_route_pickup,-7.000,-0.000,1.000,1.500,None,None,0,0,5,5,0.000,1.00,1.571,False,None,0.000,False
25.600,6,idle,7.000,0.000,0.000,0.000,None,None,0,0,0,None,0.000,1.00,1.571,False,None,0.000,False
25.600,7,returning_home,-8.500,1.200,-7.000,0.000,None,None,0,0,2,None,0.000,1.00,-0.001,False,None,0.000,False
25.600,8,idle,8.500,-1.200,0.000,0.000,None,None,0,0,0,None,0.000,1.00,3.142,False,None,0.000,False
25.856,1,en_route_delivery,-4.479,3.309,-3.000,-1.500,joint_grid_transaction,16,16,3,9,1,0.000,1.00,-0.511,False,None,0.000,False
25.856,2,en_route_pickup,-4.219,-0.162,-1.000,1.500,joint_grid_transaction,16,16,3,9,2,0.000,1.00,1.476,False,None,0.000,False
25.856,3,en_route_pickup,0.279,3.000,-3.000,1.500,joint_grid_transaction,16,16,3,9,3,0.000,1.00,-3.142,False,None,0.000,False
25.856,4,en_route_pickup,4.312,-1.345,0.000,3.500,joint_grid_transaction,16,16,2,8,4,0.000,1.00,1.513,False,None,0.000,False
25.856,5,en_route_pickup,-7.000,-0.000,1.000,1.500,None,None,0,0,5,5,0.000,1.00,1.571,False,None,0.000,False
25.856,6,en_route_pickup,7.000,0.000,-1.000,-1.500,None,None,0,0,3,6,0.000,1.00,1.571,False,None,0.000,False
25.856,7,returning_home,-8.500,1.200,-7.000,0.000,None,None,0,0,2,None,0.000,1.00,-0.001,False,None,0.000,False
25.856,8,idle,8.500,-1.200,0.000,0.000,None,None,0,0,0,None,0.000,1.00,3.142,False,None,0.000,False
26.112,1,en_route_delivery,-4.483,3.297,-3.000,-1.500,joint_grid_transaction,16,16,3,9,1,0.000,1.00,-0.642,False,None,0.000,False
26.112,2,en_route_pickup,-4.216,-0.127,-1.000,1.500,joint_grid_transaction,16,16,3,9,2,0.000,1.00,1.477,False,None,0.000,False
26.112,3,en_route_pickup,0.231,3.000,-3.000,1.500,joint_grid_transaction,16,16,3,9,3,0.000,1.00,-3.142,False,None,0.000,False
26.112,4,en_route_pickup,4.314,-1.315,0.000,3.500,joint_grid_transaction,16,16,2,8,4,0.000,1.00,1.512,False,None,0.000,False
26.112,5,en_route_pickup,-7.000,-0.000,1.000,1.500,None,None,0,0,5,5,0.000,1.00,1.571,False,None,0.000,False
26.112,6,en_route_pickup,7.000,0.000,-1.000,-1.500,None,None,0,0,3,6,0.000,1.00,1.571,False,None,0.000,False
26.112,7,returning_home,-8.500,1.200,-7.000,0.000,None,None,0,0,2,None,0.000,1.00,-0.001,False,None,0.000,False
26.112,8,returning_home,8.500,-1.200,7.000,0.000,None,None,0,0,2,None,0.000,1.00,3.142,False,None,0.000,False
26.368,1,en_route_delivery,-4.448,3.268,-3.000,-1.500,joint_grid_transaction,17,16,3,9,1,0.000,1.00,-0.737,False,None,0.000,False
26.368,2,en_route_pickup,-4.213,-0.093,-1.000,1.500,joint_grid_transaction,17,16,3,8,2,0.000,1.00,1.477,False,None,0.000,False
26.368,3,en_route_pickup,0.183,3.000,-3.000,1.500,joint_grid_transaction,17,16,4,9,3,0.000,1.00,3.142,False,None,0.000,False
26.368,4,en_route_pickup,4.316,-1.287,0.000,3.500,joint_grid_transaction,17,16,2,9,4,0.000,1.00,1.511,False,None,0.000,False
26.368,5,en_route_pickup,-7.000,-0.000,1.000,1.500,joint_grid_transaction,17,0,0,9,5,0.000,1.00,1.565,False,None,0.000,False
26.368,6,en_route_pickup,7.000,0.000,-1.000,-1.500,joint_grid_transaction,17,0,0,9,6,0.000,1.00,1.577,False,None,0.000,False
26.368,7,returning_home,-8.499,1.200,-7.000,0.000,joint_grid_transaction,17,0,0,9,None,0.000,1.00,-0.002,False,None,0.000,False
26.368,8,returning_home,8.500,-1.200,7.000,0.000,None,None,0,0,2,None,0.000,1.00,3.142,False,None,0.000,False
26.624,1,en_route_delivery,-4.416,3.236,-3.000,-1.500,joint_grid_transaction,17,17,2,9,1,0.000,1.00,-0.815,False,None,0.000,False
26.624,2,en_route_pickup,-4.210,-0.061,-1.000,1.500,joint_grid_transaction,17,17,1,8,2,0.000,1.00,1.477,False,None,0.000,False
26.624,3,en_route_pickup,0.135,3.000,-3.000,1.500,joint_grid_transaction,17,17,2,9,3,0.000,1.00,3.142,False,None,0.000,False
26.624,4,en_route_pickup,4.317,-1.263,0.000,3.500,joint_grid_transaction,17,17,1,9,4,0.000,1.00,1.522,False,None,0.000,False
26.624,5,en_route_pickup,-6.997,-0.012,1.000,1.500,joint_grid_transaction,17,17,1,9,5,0.000,1.00,1.200,False,None,0.000,False
26.624,6,en_route_pickup,6.997,0.012,-1.000,-1.500,joint_grid_transaction,17,17,1,9,6,0.000,1.00,1.942,False,None,0.000,False
26.624,7,returning_home,-8.467,1.200,-7.000,0.000,joint_grid_transaction,17,17,1,9,None,0.000,1.00,0.001,False,None,0.000,False
26.624,8,returning_home,8.500,-1.200,7.000,0.000,None,None,0,0,2,None,0.000,1.00,3.142,False,None,0.000,False
26.880,1,en_route_delivery,-4.384,3.201,-3.000,-1.500,joint_grid_transaction,17,17,2,9,1,0.000,1.00,-0.878,False,None,0.000,False
26.880,2,en_route_pickup,-4.207,-0.030,-1.000,1.500,joint_grid_transaction,17,17,1,8,2,0.000,1.00,1.478,False,None,0.000,False
26.880,3,en_route_pickup,0.087,3.000,-3.000,1.500,joint_grid_transaction,17,17,2,9,3,0.000,1.00,-3.142,False,None,0.000,False
26.880,4,en_route_pickup,4.318,-1.241,0.000,3.500,joint_grid_transaction,17,17,1,9,4,0.000,1.00,1.544,False,None,0.000,False
26.880,5,en_route_pickup,-6.983,-0.036,1.000,1.500,joint_grid_transaction,17,17,1,9,5,0.000,1.00,0.911,False,None,0.000,False
26.880,6,en_route_pickup,6.983,0.036,-1.000,-1.500,joint_grid_transaction,17,17,1,9,6,0.000,1.00,2.231,False,None,0.000,False
26.880,7,returning_home,-8.429,1.200,-7.000,0.000,joint_grid_transaction,17,17,2,9,None,0.000,1.00,0.001,False,None,0.000,False
26.880,8,returning_home,8.500,-1.200,7.000,0.000,None,None,0,0,2,None,0.000,1.00,3.142,False,None,0.000,False
27.136,1,en_route_delivery,-4.369,3.182,-3.000,-1.500,joint_grid_transaction,18,17,2,8,1,0.000,1.00,-0.900,False,joint_slot_deadline,27.540,False
27.136,2,en_route_pickup,-4.204,-0.001,-1.000,1.500,joint_grid_transaction,18,17,1,9,2,0.000,1.00,1.478,False,None,0.000,False
27.136,3,en_route_pickup,0.039,3.000,-3.000,1.500,joint_grid_transaction,18,17,2,8,3,0.000,1.00,-3.142,False,None,0.000,False
27.136,4,en_route_pickup,4.318,-1.220,0.000,3.500,joint_grid_transaction,18,17,1,9,4,0.000,1.00,1.574,False,None,0.000,False
27.136,5,en_route_pickup,-6.963,-0.058,1.000,1.500,joint_grid_transaction,18,17,1,9,5,0.000,1.00,0.732,False,None,0.000,False
27.136,6,en_route_pickup,6.963,0.058,-1.000,-1.500,joint_grid_transaction,18,17,1,9,6,0.000,1.00,2.410,False,None,0.000,False
27.136,7,returning_home,-8.391,1.200,-7.000,0.000,joint_grid_transaction,18,17,2,9,None,0.000,1.00,0.005,False,None,0.000,False
27.136,8,returning_home,8.498,-1.200,7.000,0.000,joint_grid_transaction,18,0,0,9,None,0.000,1.00,3.142,False,None,0.000,False
27.392,1,en_route_delivery,-4.369,3.182,-3.000,-1.500,joint_grid_transaction,18,18,1,8,1,0.000,1.00,-0.900,False,joint_slot_deadline,28.292,False
27.392,2,en_route_pickup,-4.202,0.024,-1.000,1.500,joint_grid_transaction,18,18,1,9,2,0.000,1.00,1.486,False,None,0.000,False
27.392,3,en_route_pickup,-0.009,3.000,-3.000,1.500,joint_grid_transaction,18,18,1,8,3,0.000,1.00,-3.142,False,None,0.000,False
27.392,4,en_route_pickup,4.317,-1.188,0.000,3.500,joint_grid_transaction,18,18,2,9,4,0.000,1.00,1.583,False,None,0.000,False
27.392,5,en_route_pickup,-6.946,-0.072,1.000,1.500,joint_grid_transaction,18,18,2,9,5,0.000,1.00,0.574,False,None,0.000,False
27.392,6,en_route_pickup,6.946,0.072,-1.000,-1.500,joint_grid_transaction,18,18,2,9,6,0.000,1.00,2.567,False,None,0.000,False
27.392,7,returning_home,-8.352,1.200,-7.000,0.000,joint_grid_transaction,18,18,2,9,None,0.000,1.00,0.006,False,None,0.000,False
27.392,8,returning_home,8.465,-1.200,7.000,0.000,joint_grid_transaction,18,18,1,9,None,0.000,1.00,-3.141,False,None,0.000,False
27.648,1,en_route_delivery,-4.369,3.182,-3.000,-1.500,joint_grid_transaction,18,18,1,8,1,0.000,1.00,-0.900,False,joint_slot_deadline,28.292,False
27.648,2,en_route_pickup,-4.200,0.051,-1.000,1.500,joint_grid_transaction,18,18,1,9,2,0.000,1.00,1.492,False,None,0.000,False
27.648,3,en_route_pickup,-0.033,3.000,-3.000,1.500,joint_grid_transaction,18,18,1,8,3,0.000,1.00,3.142,False,joint_slot_deadline,28.292,False
27.648,4,en_route_pickup,4.316,-1.150,0.000,3.500,joint_grid_transaction,18,18,2,9,4,0.000,1.00,1.588,False,None,0.000,False
27.648,5,en_route_pickup,-6.932,-0.076,1.000,1.500,joint_grid_transaction,18,18,2,9,5,0.000,1.00,0.463,False,None,0.000,False
27.648,6,en_route_pickup,6.932,0.076,-1.000,-1.500,joint_grid_transaction,18,18,2,9,6,0.000,1.00,2.678,False,None,0.000,False
27.648,7,returning_home,-8.314,1.201,-7.000,0.000,joint_grid_transaction,18,18,2,9,None,0.000,1.00,0.009,False,None,0.000,False
27.648,8,returning_home,8.426,-1.200,7.000,0.000,joint_grid_transaction,18,18,2,9,None,0.000,1.00,-3.141,False,None,0.000,False
27.904,1,en_route_delivery,-4.369,3.182,-3.000,-1.500,joint_grid_transaction,18,18,1,8,1,0.000,1.00,-0.900,False,joint_slot_deadline,28.292,False
27.904,2,en_route_pickup,-4.197,0.084,-1.000,1.500,joint_grid_transaction,18,18,2,9,2,0.000,1.00,1.492,False,None,0.000,False
27.904,3,en_route_pickup,-0.033,3.000,-3.000,1.500,joint_grid_transaction,18,18,1,8,3,0.000,1.00,3.142,False,joint_slot_deadline,28.292,False
27.904,4,en_route_pickup,4.315,-1.112,0.000,3.500,joint_grid_transaction,18,18,2,9,4,0.000,1.00,1.595,False,None,0.000,False
27.904,5,en_route_pickup,-6.889,-0.058,1.000,1.500,joint_grid_transaction,18,18,2,9,5,0.000,1.00,0.342,False,None,0.000,False
27.904,6,en_route_pickup,6.889,0.058,-1.000,-1.500,joint_grid_transaction,18,18,2,9,6,0.000,1.00,2.800,False,None,0.000,False
27.904,7,returning_home,-8.277,1.201,-7.000,0.000,joint_grid_transaction,18,18,2,9,None,0.000,1.00,0.012,False,None,0.000,False
27.904,8,returning_home,8.387,-1.200,7.000,0.000,joint_grid_transaction,18,18,2,9,None,0.000,1.00,-3.141,False,None,0.000,False
28.160,1,en_route_delivery,-4.369,3.182,-3.000,-1.500,joint_grid_transaction,18,18,1,8,1,0.000,1.00,-0.900,False,joint_slot_deadline,28.292,False
28.160,2,en_route_pickup,-4.195,0.116,-1.000,1.500,joint_grid_transaction,18,18,2,9,2,0.000,1.00,1.492,False,None,0.000,False
28.160,3,en_route_pickup,-0.033,3.000,-3.000,1.500,joint_grid_transaction,18,18,1,8,3,0.000,1.00,3.142,False,joint_slot_deadline,28.292,False
28.160,4,en_route_pickup,4.313,-1.074,0.000,3.500,joint_grid_transaction,18,18,2,9,4,0.000,1.00,1.604,False,None,0.000,False
28.160,5,en_route_pickup,-6.844,-0.044,1.000,1.500,joint_grid_transaction,18,18,2,9,5,0.000,1.00,0.259,False,None,0.000,False
28.160,6,en_route_pickup,6.844,0.044,-1.000,-1.500,joint_grid_transaction,18,18,2,9,6,0.000,1.00,2.883,False,None,0.000,False
28.160,7,returning_home,-8.241,1.202,-7.000,0.000,joint_grid_transaction,18,18,2,9,None,0.000,1.00,0.017,False,None,0.000,False
28.160,8,returning_home,8.349,-1.200,7.000,0.000,joint_grid_transaction,18,18,2,9,None,0.000,1.00,-3.141,False,None,0.000,False
28.416,1,en_route_delivery,-4.373,3.176,-3.000,-1.500,joint_grid_transaction,18,18,2,8,1,0.000,1.00,-0.953,False,None,0.000,False
28.416,2,en_route_pickup,-4.192,0.147,-1.000,1.500,joint_grid_transaction,18,18,2,9,2,0.000,1.00,1.492,False,None,0.000,False
28.416,3,en_route_pickup,-0.050,3.000,-3.000,1.500,joint_grid_transaction,18,18,2,8,3,0.000,1.00,3.142,False,None,0.000,False
28.416,4,en_route_pickup,4.311,-1.036,0.000,3.500,joint_grid_transaction,18,18,2,9,4,0.000,1.00,1.617,False,None,0.000,False
28.416,5,en_route_pickup,-6.798,-0.033,1.000,1.500,joint_grid_transaction,18,18,2,9,5,0.000,1.00,0.202,False,None,0.000,False
28.416,6,en_route_pickup,6.798,0.033,-1.000,-1.500,joint_grid_transaction,18,18,2,9,6,0.000,1.00,2.939,False,None,0.000,False
28.416,7,returning_home,-8.204,1.203,-7.000,0.000,joint_grid_transaction,18,18,2,9,None,0.000,1.00,0.023,False,None,0.000,False
28.416,8,returning_home,8.312,-1.200,7.000,0.000,joint_grid_transaction,18,18,2,9,None,0.000,1.00,-3.141,False,None,0.000,False
28.672,1,en_route_delivery,-4.361,3.148,-3.000,-1.500,joint_grid_transaction,18,18,2,8,1,0.000,1.00,-1.065,False,None,0.000,False
28.672,2,en_route_pickup,-4.190,0.176,-1.000,1.500,joint_grid_transaction,18,18,2,9,2,0.000,1.00,1.492,False,None,0.000,False
28.672,3,en_route_pickup,-0.098,3.000,-3.000,1.500,joint_grid_transaction,18,18,2,8,3,0.000,1.00,3.142,False,None,0.000,False
28.672,4,en_route_pickup,4.308,-0.998,0.000,3.500,joint_grid_transaction,18,18,2,9,4,0.000,1.00,1.635,False,None,0.000,False
28.672,5,en_route_pickup,-6.751,-0.025,1.000,1.500,joint_grid_transaction,18,18,2,9,5,0.000,1.00,0.163,False,None,0.000,False
28.672,6,en_route_pickup,6.751,0.025,-1.000,-1.500,joint_grid_transaction,18,18,2,9,6,0.000,1.00,2.979,False,None,0.000,False
28.672,7,returning_home,-8.161,1.205,-7.000,0.000,joint_grid_transaction,18,18,3,9,None,0.000,1.00,0.031,False,None,0.000,False
28.672,8,returning_home,8.276,-1.200,7.000,0.000,joint_grid_transaction,18,18,2,9,None,0.000,1.00,-3.140,False,None,0.000,False
28.928,1,en_route_delivery,-4.340,3.106,-3.000,-1.500,joint_grid_transaction,18,18,2,8,1,0.000,1.00,-1.165,False,None,0.000,False
28.928,2,en_route_pickup,-4.188,0.204,-1.000,1.500,joint_grid_transaction,18,18,2,9,2,0.000,1.00,1.492,False,None,0.000,False
28.928,3,en_route_pickup,-0.146,3.000,-3.000,1.500,joint_grid_transaction,18,18,2,8,3,0.000,1.00,-3.142,False,None,0.000,False
28.928,4,en_route_pickup,4.304,-0.958,0.000,3.500,joint_grid_transaction,18,18,2,9,4,0.000,1.00,1.659,False,None,0.000,False
28.928,5,en_route_pickup,-6.704,-0.018,1.000,1.500,joint_grid_transaction,18,18,2,9,5,0.000,1.00,0.128,False,None,0.000,False
28.928,6,en_route_pickup,6.704,0.018,-1.000,-1.500,joint_grid_transaction,18,18,2,9,6,0.000,1.00,3.014,False,None,0.000,False
28.928,7,returning_home,-8.117,1.207,-7.000,0.000,joint_grid_transaction,18,18,3,9,None,0.000,1.00,0.042,False,None,0.000,False
28.928,8,returning_home,8.242,-1.200,7.000,0.000,joint_grid_transaction,18,18,2,9,None,0.000,1.00,-3.139,False,None,0.000,False
29.184,1,en_route_delivery,-4.323,3.062,-3.000,-1.500,joint_grid_transaction,18,18,2,8,1,0.000,1.00,-1.233,False,None,0.000,False
29.184,2,en_route_pickup,-4.186,0.228,-1.000,1.500,joint_grid_transaction,18,18,2,9,2,0.000,1.00,1.502,False,None,0.000,False
29.184,3,en_route_pickup,-0.193,3.000,-3.000,1.500,joint_grid_transaction,18,18,2,8,3,0.000,1.00,-3.142,False,None,0.000,False
29.184,4,en_route_pickup,4.299,-0.910,0.000,3.500,joint_grid_transaction,18,18,3,9,4,0.000,1.00,1.672,False,None,0.000,False
29.184,5,en_route_pickup,-6.657,-0.013,1.000,1.500,joint_grid_transaction,18,18,3,9,5,0.000,1.00,0.093,False,None,0.000,False
29.184,6,en_route_pickup,6.657,0.013,-1.000,-1.500,joint_grid_transaction,18,18,3,9,6,0.000,1.00,3.049,False,None,0.000,False
29.184,7,returning_home,-8.072,1.209,-7.000,0.000,joint_grid_transaction,18,18,3,9,None,0.000,1.00,0.056,False,None,0.000,False
29.184,8,returning_home,8.209,-1.200,7.000,0.000,joint_grid_transaction,18,18,2,9,None,0.000,1.00,-3.138,False,None,0.000,False
29.440,1,en_route_delivery,-4.308,3.016,-3.000,-1.500,joint_grid_transaction,18,18,2,8,1,0.000,1.00,-1.279,False,None,0.000,False
29.440,2,en_route_pickup,-4.185,0.249,-1.000,1.500,joint_grid_transaction,18,18,2,9,2,0.000,1.00,1.523,False,None,0.000,False
29.440,3,en_route_pickup,-0.241,3.000,-3.000,1.500,joint_grid_transaction,18,18,2,8,3,0.000,1.00,3.142,False,None,0.000,False
29.440,4,en_route_pickup,4.294,-0.863,0.000,3.500,joint_grid_transaction,18,18,3,9,4,0.000,1.00,1.680,False,None,0.000,False
29.440,5,en_route_pickup,-6.613,-0.009,1.000,1.500,joint_grid_transaction,18,18,3,9,5,0.000,1.00,0.087,False,None,0.000,False
29.440,6,en_route_pickup,6.613,0.009,-1.000,-1.500,joint_grid_transaction,18,18,3,9,6,0.000,1.00,3.055,False,None,0.000,False
29.440,7,returning_home,-8.027,1.212,-7.000,0.000,joint_grid_transaction,18,18,3,9,None,0.000,1.00,0.074,False,None,0.000,False
29.440,8,returning_home,8.168,-1.201,7.000,0.000,joint_grid_transaction,18,18,3,9,None,0.000,1.00,-3.137,False,None,0.000,False
29.696,1,en_route_delivery,-4.295,2.971,-3.000,-1.500,joint_grid_transaction,18,18,2,8,1,0.000,1.00,-1.313,False,None,0.000,False
29.696,2,en_route_pickup,-4.185,0.270,-1.000,1.500,joint_grid_transaction,18,18,2,9,2,0.000,1.00,1.552,False,None,0.000,False
29.696,3,en_route_pickup,-0.289,3.000,-3.000,1.500,joint_grid_transaction,18,18,2,8,3,0.000,1.00,3.142,False,None,0.000,False
29.696,4,en_route_pickup,4.289,-0.815,0.000,3.500,joint_grid_transaction,18,18,3,9,4,0.000,1.00,1.685,False,None,0.000,False
29.696,5,en_route_pickup,-6.570,-0.005,1.000,1.500,joint_grid_transaction,18,18,3,9,5,0.000,1.00,0.087,False,None,0.000,False
29.696,6,en_route_pickup,6.570,0.005,-1.000,-1.500,joint_grid_transaction,18,18,3,9,6,0.000,1.00,3.055,False,None,0.000,False
29.696,7,returning_home,-7.979,1.216,-7.000,0.000,joint_grid_transaction,18,18,3,9,None,0.000,1.00,0.098,False,None,0.000,False
29.696,8,returning_home,8.129,-1.201,7.000,0.000,joint_grid_transaction,18,18,3,9,None,0.000,1.00,-3.135,False,None,0.000,False
29.952,1,en_route_delivery,-4.285,2.925,-3.000,-1.500,joint_grid_transaction,18,18,3,8,1,0.000,1.00,-1.377,False,None,0.000,False
29.952,2,en_route_pickup,-4.185,0.294,-1.000,1.500,joint_grid_transaction,18,18,2,9,2,0.000,1.00,1.576,False,None,0.000,False
29.952,3,en_route_pickup,-0.337,3.000,-3.000,1.500,joint_grid_transaction,18,18,3,8,3,0.000,1.00,-3.142,False,None,0.000,False
29.952,4,en_route_pickup,4.283,-0.768,0.000,3.500,joint_grid_transaction,18,18,3,9,4,0.000,1.00,1.689,False,None,0.000,False
29.952,5,en_route_pickup,-6.528,-0.001,1.000,1.500,joint_grid_transaction,18,18,3,9,5,0.000,1.00,0.087,False,None,0.000,False
29.952,6,en_route_pickup,6.528,0.001,-1.000,-1.500,joint_grid_transaction,18,18,3,9,6,0.000,1.00,3.055,False,None,0.000,False
29.952,7,returning_home,-7.934,1.221,-7.000,0.000,joint_grid_transaction,18,18,4,9,None,0.000,1.00,0.103,False,None,0.000,False
29.952,8,returning_home,8.090,-1.201,7.000,0.000,joint_grid_transaction,18,18,3,9,None,0.000,1.00,-3.133,False,None,0.000,False
30.208,1,en_route_delivery,-4.277,2.878,-3.000,-1.500,joint_grid_transaction,18,18,3,8,1,0.000,1.00,-1.425,False,None,0.000,False
30.208,2,en_route_pickup,-4.185,0.331,-1.000,1.500,joint_grid_transaction,18,18,3,9,2,0.000,1.00,1.578,False,None,0.000,False
30.208,3,en_route_pickup,-0.385,3.000,-3.000,1.500,joint_grid_transaction,18,18,3,8,3,0.000,1.00,-3.142,False,None,0.000,False
30.208,4,en_route_pickup,4.278,-0.720,0.000,3.500,joint_grid_transaction,18,18,3,9,4,0.000,1.00,1.692,False,None,0.000,False
30.208,5,en_route_pickup,-6.487,0.002,1.000,1.500,joint_grid_transaction,18,18,3,9,5,0.000,1.00,0.087,False,None,0.000,False
30.208,6,en_route_pickup,6.487,-0.002,-1.000,-1.500,joint_grid_transaction,18,18,3,9,6,0.000,1.00,3.055,False,None,0.000,False
30.208,7,returning_home,-7.910,1.223,-7.000,0.000,_joint_stall_recovery,19,18,2,7,None,0.000,1.00,0.048,False,None,0.000,False
30.208,8,returning_home,8.052,-1.202,7.000,0.000,joint_grid_transaction,18,18,3,9,None,0.000,1.00,-3.129,False,None,0.000,False
30.464,1,en_route_delivery,-4.271,2.830,-3.000,-1.500,joint_grid_transaction,18,18,3,8,1,0.000,1.00,-1.456,False,None,0.000,False
30.464,2,en_route_pickup,-4.186,0.368,-1.000,1.500,joint_grid_transaction,18,18,3,9,2,0.000,1.00,1.581,False,None,0.000,False
30.464,3,en_route_pickup,-0.433,3.000,-3.000,1.500,joint_grid_transaction,18,18,3,8,3,0.000,1.00,3.142,False,None,0.000,False
30.464,4,en_route_pickup,4.272,-0.674,0.000,3.500,joint_grid_transaction,18,18,4,9,4,0.000,1.00,1.675,False,None,0.000,False
30.464,5,en_route_pickup,-6.446,0.006,1.000,1.500,joint_grid_transaction,18,18,4,9,5,0.000,1.00,0.086,False,None,0.000,False
30.464,6,en_route_pickup,6.446,-0.006,-1.000,-1.500,joint_grid_transaction,18,18,4,9,6,0.000,1.00,3.055,False,None,0.000,False
30.464,7,returning_home,-7.906,1.220,-7.000,0.000,_joint_stall_recovery,19,18,2,7,None,0.000,1.00,0.210,False,None,0.000,False
30.464,8,returning_home,8.014,-1.203,7.000,0.000,joint_grid_transaction,18,18,3,9,None,0.000,1.00,-3.124,False,None,0.000,False
30.720,1,en_route_delivery,-4.269,2.812,-3.000,-1.500,joint_grid_transaction,18,18,3,8,1,31.044,1.00,-1.465,False,None,0.000,False
30.720,2,en_route_pickup,-4.186,0.405,-1.000,1.500,joint_grid_transaction,18,18,3,9,2,0.000,1.00,1.585,False,None,0.000,False
30.720,3,en_route_pickup,-0.481,3.000,-3.000,1.500,joint_grid_transaction,18,18,3,8,3,0.000,1.00,3.142,False,None,0.000,False
30.720,4,en_route_pickup,4.268,-0.630,0.000,3.500,joint_grid_transaction,18,18,4,9,4,0.000,1.00,1.670,False,None,0.000,False
30.720,5,en_route_pickup,-6.433,0.009,1.000,1.500,_joint_stall_recovery,20,18,2,5,5,0.000,1.00,0.244,False,None,0.000,False
30.720,6,en_route_pickup,6.406,-0.009,-1.000,-1.500,joint_grid_transaction,18,18,4,9,6,0.000,1.00,3.055,False,None,0.000,False
30.720,7,returning_home,-7.868,1.206,-7.000,0.000,_joint_stall_recovery,19,18,2,7,None,0.000,1.00,0.288,False,None,0.000,False
30.720,8,returning_home,7.977,-1.204,7.000,0.000,joint_grid_transaction,18,18,3,9,None,0.000,1.00,-3.117,False,None,0.000,False
30.976,1,en_route_delivery,-4.269,2.812,-3.000,-1.500,joint_grid_transaction,18,18,3,8,1,31.044,1.00,-1.465,False,None,0.000,False
30.976,2,en_route_pickup,-4.187,0.441,-1.000,1.500,joint_grid_transaction,18,18,3,9,2,0.000,1.00,1.590,False,None,0.000,False
30.976,3,en_route_pickup,-0.529,3.000,-3.000,1.500,joint_grid_transaction,18,18,3,8,3,0.000,1.00,-3.142,False,None,0.000,False
30.976,4,en_route_pickup,4.264,-0.586,0.000,3.500,joint_grid_transaction,18,18,4,9,4,0.000,1.00,1.670,False,None,0.000,False
30.976,5,en_route_pickup,-6.443,0.012,1.000,1.500,_joint_stall_recovery,20,18,2,5,5,0.000,1.00,0.418,False,None,0.000,False
30.976,6,en_route_pickup,6.367,-0.013,-1.000,-1.500,joint_grid_transaction,18,18,4,9,6,0.000,1.00,3.055,False,None,0.000,False
30.976,7,returning_home,-7.825,1.191,-7.000,0.000,_joint_stall_recovery,19,18,2,7,None,0.000,1.00,0.377,False,None,0.000,False
30.976,8,returning_home,7.936,-1.206,7.000,0.000,joint_grid_transaction,18,18,4,9,None,0.000,1.00,-3.108,False,None,0.000,False
31.232,1,en_route_delivery,-4.265,2.786,-3.000,-1.500,joint_grid_transaction,18,18,3,8,1,0.000,1.00,-1.458,False,None,0.000,False
31.232,2,en_route_pickup,-4.189,0.476,-1.000,1.500,joint_grid_transaction,18,18,3,9,2,0.000,1.00,1.598,False,None,0.000,False
31.232,3,en_route_pickup,-0.576,3.000,-3.000,1.500,joint_grid_transaction,18,18,4,8,3,0.000,1.00,-3.142,False,None,0.000,False
31.232,4,en_route_pickup,4.259,-0.543,0.000,3.500,joint_grid_transaction,18,18,4,9,4,0.000,1.00,1.669,False,None,0.000,False
31.232,5,en_route_pickup,-6.415,0.031,1.000,1.500,_joint_stall_recovery,20,18,2,5,5,0.000,1.00,0.540,False,None,0.000,False
31.232,6,en_route_pickup,6.328,-0.016,-1.000,-1.500,joint_grid_transaction,18,18,4,9,6,0.000,1.00,3.056,False,None,0.000,False
31.232,7,returning_home,-7.796,1.176,-7.000,0.000,_joint_stall_recovery,19,18,3,7,None,0.000,1.00,0.501,False,None,0.000,False
31.232,8,returning_home,7.892,-1.208,7.000,0.000,joint_grid_transaction,18,18,4,9,None,0.000,1.00,-3.097,False,None,0.000,False
31.488,1,en_route_delivery,-4.261,2.742,-3.000,-1.500,joint_grid_transaction,18,18,3,8,1,0.000,1.00,-1.461,False,None,0.000,False
31.488,2,en_route_pickup,-4.191,0.511,-1.000,1.500,joint_grid_transaction,18,18,3,9,2,0.000,1.00,1.609,False,None,0.000,False
31.488,3,en_route_pickup,-0.624,3.000,-3.000,1.500,joint_grid_transaction,18,18,4,8,3,0.000,1.00,-3.142,False,None,0.000,False
31.488,4,en_route_pickup,4.255,-0.500,0.000,3.500,joint_grid_transaction,18,18,4,9,4,0.000,1.00,1.669,False,None,0.000,False
31.488,5,en_route_pickup,-6.376,0.057,1.000,1.500,_joint_stall_recovery,20,18,2,5,5,0.000,1.00,0.621,False,None,0.000,False
31.488,6,en_route_pickup,6.291,-0.019,-1.000,-1.500,joint_grid_transaction,18,18,4,9,6,0.000,1.00,3.056,False,None,0.000,False
31.488,7,returning_home,-7.808,1.169,-7.000,0.000,_joint_stall_recovery,19,18,3,7,None,0.000,1.00,0.636,False,None,0.000,False
31.488,8,returning_home,7.846,-1.210,7.000,0.000,joint_grid_transaction,18,18,4,9,None,0.000,1.00,-3.082,False,None,0.000,False
31.744,1,en_route_delivery,-4.259,2.715,-3.000,-1.500,joint_grid_transaction,18,18,4,8,1,0.000,1.00,-1.628,False,None,0.000,False
31.744,2,en_route_pickup,-4.193,0.548,-1.000,1.500,joint_grid_transaction,18,18,3,9,2,0.000,1.00,1.625,False,None,0.000,False
31.744,3,en_route_pickup,-0.672,3.000,-3.000,1.500,joint_grid_transaction,18,18,4,8,3,0.000,1.00,3.142,False,None,0.000,False
31.744,4,en_route_pickup,4.251,-0.459,0.000,3.500,joint_grid_transaction,18,18,5,9,4,0.000,1.00,1.668,False,None,0.000,False
31.744,5,en_route_pickup,-6.338,0.085,1.000,1.500,_joint_stall_recovery,20,18,2,5,5,0.000,1.00,0.670,False,None,0.000,False
31.744,6,en_route_pickup,6.255,-0.022,-1.000,-1.500,joint_grid_transaction,18,18,4,9,6,0.000,1.00,3.056,False,None,0.000,False
31.744,7,returning_home,-7.780,1.140,-7.000,0.000,_joint_stall_recovery,19,18,3,7,None,0.000,1.00,0.757,False,None,0.000,False
31.744,8,returning_home,7.799,-1.214,7.000,0.000,joint_grid_transaction,18,18,4,9,None,0.000,1.00,-3.063,False,None,0.000,False
32.000,1,en_route_delivery,-4.261,2.725,-3.000,-1.500,joint_grid_transaction,18,18,4,8,1,0.000,1.00,-1.928,False,None,0.000,False
32.000,2,en_route_pickup,-4.196,0.593,-1.000,1.500,joint_grid_transaction,18,18,4,9,2,0.000,1.00,1.643,False,None,0.000,False
32.000,3,en_route_pickup,-0.720,3.000,-3.000,1.500,joint_grid_transaction,18,18,4,8,3,0.000,1.00,3.142,False,None,0.000,False
32.000,4,en_route_pickup,4.247,-0.418,0.000,3.500,joint_grid_transaction,18,18,5,9,4,0.000,1.00,1.668,False,None,0.000,False
32.000,5,en_route_pickup,-6.301,0.115,1.000,1.500,_joint_stall_recovery,20,18,2,5,5,0.000,1.00,0.699,False,None,0.000,False
32.000,6,en_route_pickup,6.221,-0.025,-1.000,-1.500,joint_grid_transaction,18,18,4,9,6,0.000,1.00,3.056,False,None,0.000,False
32.000,7,returning_home,-7.747,1.107,-7.000,0.000,_joint_stall_recovery,19,18,3,7,None,0.000,1.00,0.838,False,None,0.000,False
32.000,8,returning_home,7.751,-1.218,7.000,0.000,joint_grid_transaction,18,18,4,9,None,0.000,1.00,-3.044,False,None,0.000,False
32.256,1,en_route_delivery,-4.268,2.733,-3.000,-1.500,joint_grid_transaction,18,18,4,8,1,0.000,1.00,-2.076,False,None,0.000,False
32.256,2,en_route_pickup,-4.200,0.641,-1.000,1.500,joint_grid_transaction,18,18,4,9,2,0.000,1.00,1.665,False,None,0.000,False
32.256,3,en_route_pickup,-0.768,3.000,-3.000,1.500,joint_grid_transaction,18,18,4,8,3,0.000,1.00,-3.142,False,None,0.000,False
32.256,4,en_route_pickup,4.243,-0.378,0.000,3.500,joint_grid_transaction,18,18,5,9,4,0.000,1.00,1.667,False,None,0.000,False
32.256,5,en_route_pickup,-6.265,0.146,1.000,1.500,_joint_stall_recovery,20,18,2,5,5,0.000,1.00,0.717,False,None,0.000,False
32.256,6,en_route_pickup,6.185,-0.028,-1.000,-1.500,joint_grid_transaction,18,18,5,9,6,0.000,1.00,3.054,False,None,0.000,False
32.256,7,returning_home,-7.716,1.070,-7.000,0.000,_joint_stall_recovery,19,18,3,7,None,0.000,1.00,0.892,False,None,0.000,False
32.256,8,returning_home,7.704,-1.223,7.000,0.000,joint_grid_transaction,18,18,4,9,None,0.000,1.00,-3.035,False,None,0.000,False
32.512,1,en_route_delivery,-4.293,2.694,-3.000,-1.500,joint_grid_transaction,18,18,4,8,1,0.000,1.00,-2.195,False,None,0.000,False
32.512,2,en_route_pickup,-4.205,0.688,-1.000,1.500,joint_grid_transaction,18,18,4,9,2,0.000,1.00,1.684,False,None,0.000,False
32.512,3,en_route_pickup,-0.816,3.000,-3.000,1.500,joint_grid_transaction,18,18,5,8,3,0.000,1.00,-3.142,False,None,0.000,False
32.512,4,en_route_pickup,4.239,-0.340,0.000,3.500,joint_grid_transaction,18,18,5,9,4,0.000,1.00,1.667,False,None,0.000,False
32.512,5,en_route_pickup,-6.229,0.178,1.000,1.500,_joint_stall_recovery,20,18,2,5,5,0.000,1.00,0.728,False,None,0.000,False
32.512,6,en_route_pickup,6.149,-0.032,-1.000,-1.500,joint_grid_transaction,18,18,5,9,6,0.000,1.00,3.055,False,None,0.000,False
32.512,7,returning_home,-7.687,1.033,-7.000,0.000,_joint_stall_recovery,19,18,4,7,None,0.000,1.00,0.919,False,None,0.000,False
32.512,8,returning_home,7.660,-1.227,7.000,0.000,joint_grid_transaction,18,18,5,9,None,0.000,1.00,-3.037,False,None,0.000,False
32.768,1,en_route_delivery,-4.322,2.657,-3.000,-1.500,joint_grid_transaction,18,18,4,8,1,0.000,1.00,-2.279,False,None,0.000,False
32.768,2,en_route_pickup,-4.211,0.736,-1.000,1.500,joint_grid_transaction,18,18,4,9,2,0.000,1.00,1.696,False,None,0.000,False
32.768,3,en_route_pickup,-0.864,3.000,-3.000,1.500,joint_grid_transaction,18,18,5,8,3,0.000,1.00,3.142,False,None,0.000,False
32.768,4,en_route_pickup,4.236,-0.302,0.000,3.500,joint_grid_transaction,18,18,5,9,4,0.000,1.00,1.666,False,None,0.000,False
32.768,5,en_route_pickup,-6.194,0.210,1.000,1.500,_joint_stall_recovery,20,18,2,5,5,0.000,1.00,0.734,False,None,0.000,False
32.768,6,en_route_pickup,6.114,-0.035,-1.000,-1.500,joint_grid_transaction,18,18,5,9,6,0.000,1.00,3.055,False,None,0.000,False
32.768,7,returning_home,-7.658,0.995,-7.000,0.000,_joint_stall_recovery,19,18,4,7,None,0.000,1.00,0.905,False,None,0.000,False
32.768,8,returning_home,7.650,-1.227,7.000,0.000,_joint_stall_recovery,22,18,2,4,None,0.000,1.00,2.929,False,None,0.000,False
33.024,1,en_route_delivery,-4.342,2.648,-3.000,-1.500,joint_grid_transaction,18,18,5,8,1,0.000,1.00,-2.403,False,None,0.000,False
33.024,2,en_route_pickup,-4.217,0.783,-1.000,1.500,joint_grid_transaction,18,18,4,9,2,0.000,1.00,1.706,False,None,0.000,False
33.024,3,en_route_pickup,-0.911,3.000,-3.000,1.500,joint_grid_transaction,18,18,5,8,3,0.000,1.00,3.142,False,None,0.000,False
33.024,4,en_route_pickup,4.232,-0.265,0.000,3.500,joint_grid_transaction,18,18,5,9,4,0.000,1.00,1.666,False,None,0.000,False
33.024,5,en_route_pickup,-6.158,0.242,1.000,1.500,_joint_stall_recovery,20,18,2,5,5,0.000,1.00,0.738,False,None,0.000,False
33.024,6,en_route_pickup,6.080,-0.038,-1.000,-1.500,joint_grid_transaction,18,18,5,9,6,0.000,1.00,3.055,False,None,0.000,False
33.024,7,returning_home,-7.628,0.958,-7.000,0.000,_joint_stall_recovery,19,18,4,7,None,0.000,1.00,0.895,False,None,0.000,False
33.024,8,returning_home,7.671,-1.218,7.000,0.000,_joint_stall_recovery,22,18,2,4,None,0.000,1.00,2.601,False,None,0.000,False
33.280,1,en_route_delivery,-4.360,2.649,-3.000,-1.500,joint_grid_transaction,18,18,5,8,1,0.000,1.00,-2.507,False,None,0.000,False
33.280,2,en_route_pickup,-4.223,0.830,-1.000,1.500,joint_grid_transaction,18,18,5,9,2,0.000,1.00,1.681,False,None,0.000,False
33.280,3,en_route_pickup,-0.959,3.000,-3.000,1.500,joint_grid_transaction,18,18,5,8,3,0.000,1.00,-3.142,False,None,0.000,False
33.280,4,en_route_pickup,4.229,-0.230,0.000,3.500,joint_grid_transaction,18,18,5,9,4,0.000,1.00,1.665,False,None,0.000,False
33.280,5,en_route_pickup,-6.123,0.274,1.000,1.500,_joint_stall_recovery,20,18,2,5,5,0.000,1.00,0.741,False,None,0.000,False
33.280,6,en_route_pickup,6.083,-0.040,-1.000,-1.500,_joint_stall_recovery,24,18,2,5,6,0.000,1.00,2.837,False,None,0.000,False
33.280,7,returning_home,-7.598,0.920,-7.000,0.000,_joint_stall_recovery,19,18,4,7,None,0.000,1.00,0.889,False,None,0.000,False
33.280,8,returning_home,7.684,-1.210,7.000,0.000,_joint_stall_recovery,22,18,2,4,None,0.000,0.70,2.474,False,None,0.000,False
33.536,1,en_route_delivery,-4.399,2.624,-3.000,-1.500,joint_grid_transaction,18,18,5,8,1,0.000,1.00,-2.621,False,None,0.000,False
33.536,2,en_route_pickup,-4.228,0.877,-1.000,1.500,joint_grid_transaction,18,18,5,9,2,0.000,1.00,1.668,False,None,0.000,False
33.536,3,en_route_pickup,-1.007,3.000,-3.000,1.500,joint_grid_transaction,18,18,5,8,3,0.000,1.00,-3.142,False,None,0.000,False
33.536,4,en_route_pickup,4.226,-0.194,0.000,3.500,joint_grid_transaction,18,18,6,9,4,0.000,1.00,1.666,False,None,0.000,False
33.536,5,en_route_pickup,-6.088,0.307,1.000,1.500,_joint_stall_recovery,20,18,2,5,5,0.000,1.00,0.742,False,None,0.000,False
33.536,6,en_route_pickup,6.095,-0.045,-1.000,-1.500,_joint_stall_recovery,24,18,2,5,6,0.000,1.00,2.665,False,None,0.000,False
33.536,7,returning_home,-7.568,0.883,-7.000,0.000,_joint_stall_recovery,19,18,4,7,None,0.000,1.00,0.885,False,None,0.000,False
33.536,8,returning_home,7.694,-1.201,7.000,0.000,_joint_stall_recovery,22,18,2,4,None,0.000,0.70,2.386,False,None,0.000,False
33.792,1,en_route_delivery,-4.441,2.602,-3.000,-1.500,joint_grid_transaction,18,18,5,8,1,0.000,1.00,-2.699,False,None,0.000,False
33.792,2,en_route_pickup,-4.232,0.921,-1.000,1.500,joint_grid_transaction,18,18,5,9,2,0.000,1.00,1.667,False,None,0.000,False
33.792,3,en_route_pickup,-1.055,3.000,-3.000,1.500,joint_grid_transaction,18,18,6,8,3,0.000,1.00,3.142,False,None,0.000,False
33.792,4,en_route_pickup,4.222,-0.158,0.000,3.500,joint_grid_transaction,18,18,6,9,4,0.000,1.00,1.665,False,None,0.000,False
33.792,5,en_route_pickup,-6.052,0.339,1.000,1.500,_joint_stall_recovery,20,18,2,5,5,0.000,1.00,0.743,False,None,0.000,False
33.792,6,en_route_pickup,6.075,-0.063,-1.000,-1.500,_joint_stall_recovery,24,18,2,5,6,0.000,1.00,2.538,False,None,0.000,False
33.792,7,returning_home,-7.537,0.846,-7.000,0.000,_joint_stall_recovery,19,18,4,7,None,0.000,1.00,0.882,False,None,0.000,False
33.792,8,returning_home,7.703,-1.192,7.000,0.000,_joint_stall_recovery,22,18,2,4,None,0.000,0.70,2.316,False,None,0.000,False
34.048,1,en_route_delivery,-4.485,2.583,-3.000,-1.500,joint_grid_transaction,18,18,5,8,1,0.000,1.00,-2.752,False,None,0.000,False
34.048,2,en_route_pickup,-4.236,0.966,-1.000,1.500,joint_grid_transaction,18,18,5,9,2,0.000,1.00,1.667,False,None,0.000,False
34.048,3,en_route_pickup,-1.103,3.000,-3.000,1.500,joint_grid_transaction,18,18,6,8,3,0.000,1.00,3.142,False,None,0.000,False
34.048,4,en_route_pickup,4.219,-0.122,0.000,3.500,joint_grid_transaction,18,18,6,9,4,0.000,1.00,1.665,False,None,0.000,False
34.048,5,en_route_pickup,-6.017,0.371,1.000,1.500,_joint_stall_recovery,20,18,2,5,5,0.000,1.00,0.744,False,None,0.000,False
34.048,6,en_route_pickup,6.038,-0.092,-1.000,-1.500,_joint_stall_recovery,24,18,2,5,6,0.000,1.00,2.452,False,None,0.000,False
34.048,7,returning_home,-7.507,0.809,-7.000,0.000,_joint_stall_recovery,19,18,4,7,None,0.000,1.00,0.881,False,None,0.000,False
34.048,8,returning_home,7.709,-1.185,7.000,0.000,_joint_stall_recovery,22,18,2,4,None,0.000,1.00,2.253,False,None,0.000,False
34.304,1,en_route_delivery,-4.529,2.566,-3.000,-1.500,joint_grid_transaction,18,18,5,8,1,0.000,1.00,-2.790,False,None,0.000,False
34.304,2,en_route_pickup,-4.241,1.010,-1.000,1.500,joint_grid_transaction,18,18,5,9,2,0.000,1.00,1.666,False,None,0.000,False
34.304,3,en_route_pickup,-1.151,3.000,-3.000,1.500,joint_grid_transaction,18,18,6,8,3,0.000,1.00,-3.142,False,None,0.000,False
34.304,4,en_route_pickup,4.216,-0.088,0.000,3.500,joint_grid_transaction,18,18,6,9,4,0.000,1.00,1.664,False,None,0.000,False
34.304,5,en_route_pickup,-5.982,0.404,1.000,1.500,_joint_stall_recovery,20,18,2,5,5,0.000,1.00,0.744,False,None,0.000,False
34.304,6,en_route_pickup,6.002,-0.123,-1.000,-1.500,_joint_stall_recovery,24,18,2,5,6,0.000,1.00,2.400,False,None,0.000,False
34.304,7,returning_home,-7.476,0.773,-7.000,0.000,_joint_stall_recovery,19,18,4,7,None,0.000,1.00,0.880,False,None,0.000,False
34.304,8,returning_home,7.709,-1.167,7.000,0.000,_joint_stall_recovery,22,18,2,4,None,0.000,1.00,2.147,False,None,0.000,False
34.560,1,en_route_delivery,-4.574,2.551,-3.000,-1.500,joint_grid_transaction,18,18,6,8,1,0.000,1.00,-2.867,False,None,0.000,False
34.560,2,en_route_pickup,-4.245,1.052,-1.000,1.500,joint_grid_transaction,18,18,5,9,2,0.000,1.00,1.666,False,None,0.000,False
34.560,3,en_route_pickup,-1.199,3.000,-3.000,1.500,joint_grid_transaction,18,18,6,8,3,0.000,1.00,-3.142,False,None,0.000,False
34.560,4,en_route_pickup,4.213,-0.056,0.000,3.500,joint_grid_transaction,18,18,6,9,4,0.000,1.00,1.664,False,None,0.000,False
34.560,5,en_route_pickup,-5.947,0.436,1.000,1.500,_joint_stall_recovery,20,18,2,5,5,0.000,1.00,0.744,False,None,0.000,False
34.560,6,en_route_pickup,5.968,-0.156,-1.000,-1.500,_joint_stall_recovery,24,18,2,5,6,0.000,1.00,2.368,False,None,0.000,False
34.560,7,returning_home,-7.448,0.735,-7.000,0.000,_joint_stall_recovery,19,18,5,7,None,0.000,1.00,0.987,False,None,0.000,False
34.560,8,returning_home,7.686,-1.126,7.000,0.000,_joint_stall_recovery,22,18,2,4,None,0.000,1.00,2.034,False,None,0.000,False
34.816,1,en_route_delivery,-4.620,2.540,-3.000,-1.500,joint_grid_transaction,18,18,6,8,1,0.000,1.00,-2.933,False,None,0.000,False
34.816,2,en_route_pickup,-4.249,1.094,-1.000,1.500,joint_grid_transaction,18,18,6,9,2,0.000,1.00,1.665,False,None,0.000,False
34.816,3,en_route_pickup,-1.247,3.000,-3.000,1.500,joint_grid_transaction,18,18,6,8,3,0.000,1.00,-3.142,False,None,0.000,False
34.816,4,en_route_pickup,4.210,-0.024,0.000,3.500,joint_grid_transaction,18,18,6,9,4,0.000,1.00,1.664,False,None,0.000,False
34.816,5,en_route_pickup,-5.912,0.469,1.000,1.500,_joint_stall_recovery,20,18,2,5,5,0.000,1.00,0.744,False,None,0.000,False
34.816,6,en_route_pickup,5.934,-0.190,-1.000,-1.500,_joint_stall_recovery,24,18,2,5,6,0.000,1.00,2.349,False,None,0.000,False
34.816,7,returning_home,-7.424,0.695,-7.000,0.000,_joint_stall_recovery,19,18,5,7,None,0.000,1.00,1.069,False,None,0.000,False
34.816,8,returning_home,7.666,-1.083,7.000,0.000,_joint_stall_recovery,22,18,2,4,None,0.000,1.00,1.961,False,None,0.000,False
35.072,1,en_route_delivery,-4.666,2.531,-3.000,-1.500,joint_grid_transaction,18,18,6,8,1,0.000,1.00,-2.978,False,None,0.000,False
35.072,2,en_route_pickup,-4.253,1.134,-1.000,1.500,joint_grid_transaction,18,18,6,9,2,0.000,1.00,1.665,False,None,0.000,False
35.072,3,en_route_pickup,-1.294,3.000,-3.000,1.500,joint_grid_transaction,18,18,7,8,3,0.000,1.00,3.142,False,None,0.000,False
35.072,4,en_route_pickup,4.207,0.005,0.000,3.500,joint_grid_transaction,18,18,6,9,4,0.000,1.00,1.663,False,None,0.000,False
35.072,5,en_route_pickup,-5.876,0.501,1.000,1.500,_joint_stall_recovery,20,18,2,5,5,0.000,1.00,0.745,False,None,0.000,False
35.072,6,en_route_pickup,5.901,-0.224,-1.000,-1.500,_joint_stall_recovery,24,18,2,5,6,0.000,1.00,2.337,False,None,0.000,False
35.072,7,returning_home,-7.403,0.652,-7.000,0.000,_joint_stall_recovery,19,18,5,7,None,0.000,1.00,1.123,False,None,0.000,False
35.072,8,returning_home,7.650,-1.039,7.000,0.000,_joint_stall_recovery,22,18,2,4,None,0.000,1.00,1.914,False,None,0.000,False
35.328,1,en_route_delivery,-4.713,2.524,-3.000,-1.500,joint_grid_transaction,18,18,6,8,1,0.000,1.00,-3.008,False,None,0.000,False
35.328,2,en_route_pickup,-4.256,1.174,-1.000,1.500,joint_grid_transaction,18,18,6,9,2,0.000,1.00,1.664,False,None,0.000,False
35.328,3,en_route_pickup,-1.342,3.000,-3.000,1.500,joint_grid_transaction,18,18,7,8,3,0.000,1.00,3.142,False,None,0.000,False
35.328,4,en_route_pickup,4.204,0.032,0.000,3.500,joint_grid_transaction,18,18,6,9,4,0.000,1.00,1.663,False,None,0.000,False
35.328,5,en_route_pickup,-5.841,0.534,1.000,1.500,_joint_stall_recovery,20,18,2,5,5,0.000,1.00,0.745,False,None,0.000,False
35.328,6,en_route_pickup,5.868,-0.258,-1.000,-1.500,_joint_stall_recovery,24,18,2,5,6,0.000,1.00,2.330,False,None,0.000,False
35.328,7,returning_home,-7.383,0.609,-7.000,0.000,_joint_stall_recovery,19,18,5,7,None,0.000,1.00,1.160,False,None,0.000,False
35.328,8,returning_home,7.634,-0.994,7.000,0.000,_joint_stall_recovery,22,18,2,4,None,0.000,1.00,1.883,False,None,0.000,False
35.584,1,en_route_delivery,-4.761,2.518,-3.000,-1.500,joint_grid_transaction,18,18,6,8,1,0.000,1.00,-3.029,False,None,0.000,False
35.584,2,en_route_pickup,-4.260,1.213,-1.000,1.500,joint_grid_transaction,18,18,6,9,2,0.000,1.00,1.664,False,None,0.000,False
35.584,3,en_route_pickup,-1.390,3.000,-3.000,1.500,joint_grid_transaction,18,18,7,8,3,0.000,1.00,-3.142,False,None,0.000,False
35.584,4,en_route_pickup,4.202,0.063,0.000,3.500,joint_grid_transaction,18,18,7,9,4,0.000,1.00,1.659,False,None,0.000,False
35.584,5,en_route_pickup,-5.806,0.566,1.000,1.500,_joint_stall_recovery,20,18,2,5,5,0.000,1.00,0.745,False,None,0.000,False
35.584,6,en_route_pickup,5.835,-0.293,-1.000,-1.500,_joint_stall_recovery,24,18,2,5,6,0.000,1.00,2.326,False,None,0.000,False
35.584,7,returning_home,-7.364,0.565,-7.000,0.000,_joint_stall_recovery,19,18,6,7,None,0.000,1.00,1.157,False,None,0.000,False
35.584,8,returning_home,7.620,-0.948,7.000,0.000,_joint_stall_recovery,22,18,2,4,None,0.000,1.00,1.864,False,None,0.000,False
35.840,1,en_route_delivery,-4.781,2.514,-3.000,-1.500,joint_grid_transaction,18,18,6,8,1,0.000,1.00,-2.877,False,None,0.000,False
35.840,2,en_route_pickup,-4.263,1.251,-1.000,1.500,joint_grid_transaction,18,18,6,9,2,0.000,1.00,1.663,False,None,0.000,False
35.840,3,en_route_pickup,-1.438,3.000,-3.000,1.500,joint_grid_transaction,18,18,7,8,3,0.000,1.00,-3.142,False,None,0.000,False
35.840,4,en_route_pickup,4.199,0.096,0.000,3.500,joint_grid_transaction,18,18,7,9,4,0.000,1.00,1.659,False,None,0.000,False
35.840,5,en_route_pickup,-5.771,0.598,1.000,1.500,_joint_stall_recovery,20,18,2,5,5,0.000,1.00,0.745,False,None,0.000,False
35.840,6,en_route_pickup,5.802,-0.328,-1.000,-1.500,_joint_stall_recovery,24,18,2,5,6,0.000,1.00,2.323,False,None,0.000,False
35.840,7,returning_home,-7.344,0.523,-7.000,0.000,_joint_stall_recovery,19,18,6,7,None,0.000,1.00,1.091,False,None,0.000,False
35.840,8,returning_home,7.607,-0.903,7.000,0.000,_joint_stall_recovery,22,18,2,4,None,0.000,1.00,1.850,False,None,0.000,False
36.096,1,en_route_delivery,-4.768,2.509,-3.000,-1.500,joint_grid_transaction,18,18,7,8,1,0.000,1.00,-2.673,False,None,0.000,False
36.096,2,en_route_pickup,-4.267,1.288,-1.000,1.500,joint_grid_transaction,18,18,6,9,2,0.000,1.00,1.664,False,None,0.000,False
36.096,3,en_route_pickup,-1.486,3.000,-3.000,1.500,joint_grid_transaction,18,18,7,8,3,0.000,1.00,3.142,False,None,0.000,False
36.096,4,en_route_pickup,4.196,0.127,0.000,3.500,joint_grid_transaction,18,18,7,9,4,0.000,1.00,1.659,False,None,0.000,False
36.096,5,en_route_pickup,-5.736,0.631,1.000,1.500,_joint_stall_recovery,20,18,2,5,5,0.000,1.00,0.745,False,None,0.000,False
36.096,6,en_route_pickup,5.769,-0.363,-1.000,-1.500,_joint_stall_recovery,24,18,2,5,6,0.000,1.00,2.321,False,None,0.000,False
36.096,7,returning_home,-7.321,0.481,-7.000,0.000,_joint_stall_recovery,19,18,6,7,None,0.000,1.00,1.048,False,None,0.000,False
36.096,8,returning_home,7.594,-0.857,7.000,0.000,_joint_stall_recovery,22,18,2,4,None,0.000,1.00,1.842,False,None,0.000,False
36.352,1,en_route_delivery,-4.778,2.494,-3.000,-1.500,joint_grid_transaction,18,18,7,8,1,0.000,1.00,-2.544,False,None,0.000,False
36.352,2,en_route_pickup,-4.270,1.326,-1.000,1.500,joint_grid_transaction,18,18,7,9,2,0.000,1.00,1.663,False,None,0.000,False
36.352,3,en_route_pickup,-1.531,3.000,-3.000,1.500,joint_grid_transaction,18,18,7,8,3,0.000,1.00,3.142,False,None,0.000,False
36.352,4,en_route_pickup,4.193,0.157,0.000,3.500,joint_grid_transaction,18,18,7,9,4,0.000,1.00,1.658,False,None,0.000,False
36.352,5,en_route_pickup,-5.700,0.663,1.000,1.500,_joint_stall_recovery,20,18,2,5,5,0.000,1.00,0.745,False,None,0.000,False
36.352,6,en_route_pickup,5.737,-0.398,-1.000,-1.500,_joint_stall_recovery,24,18,2,5,6,0.000,1.00,2.320,False,None,0.000,False
36.352,7,returning_home,-7.296,0.440,-7.000,0.000,_joint_stall_recovery,19,18,6,7,None,0.000,1.00,1.021,False,None,0.000,False
36.352,8,returning_home,7.585,-0.831,7.000,0.000,_joint_stall_recovery,22,18,3,4,None,0.000,1.00,1.903,False,None,0.000,False
36.608,1,en_route_delivery,-4.816,2.465,-3.000,-1.500,joint_grid_transaction,18,18,7,8,1,0.000,1.00,-2.442,False,None,0.000,False
36.608,2,en_route_pickup,-4.274,1.363,-1.000,1.500,joint_grid_transaction,18,18,7,9,2,0.000,1.00,1.663,False,None,0.000,False
36.608,3,en_route_pickup,-1.531,3.000,-3.000,1.500,joint_grid_transaction,18,18,7,8,3,0.000,1.00,3.142,False,joint_window_endpoint,36.980,False
36.608,4,en_route_pickup,4.191,0.186,0.000,3.500,joint_grid_transaction,18,18,7,9,4,0.000,1.00,1.658,False,None,0.000,False
36.608,5,en_route_pickup,-5.665,0.696,1.000,1.500,_joint_stall_recovery,20,18,2,5,5,0.000,1.00,0.745,False,None,0.000,False
36.608,6,en_route_pickup,5.704,-0.433,-1.000,-1.500,_joint_stall_recovery,24,18,2,5,6,0.000,1.00,2.320,False,None,0.000,False
36.608,7,returning_home,-7.271,0.400,-7.000,0.000,_joint_stall_recovery,19,18,6,7,None,0.000,1.00,1.003,False,None,0.000,False
36.608,8,returning_home,7.566,-0.790,7.000,0.000,_joint_stall_recovery,22,18,3,4,None,0.000,1.00,2.010,False,None,0.000,False
36.864,1,en_route_delivery,-4.850,2.437,-3.000,-1.500,joint_grid_transaction,29,29,2,9,1,0.000,1.00,-2.389,False,None,0.000,False
36.864,2,en_route_pickup,-4.277,1.399,-1.000,1.500,joint_grid_transaction,29,29,2,9,2,0.000,1.00,1.661,False,None,0.000,False
36.864,3,en_route_pickup,-1.575,3.000,-3.000,1.500,joint_grid_transaction,29,29,2,9,3,0.000,1.00,-3.142,False,None,0.000,False
36.864,4,en_route_pickup,4.189,0.213,0.000,3.500,joint_grid_transaction,29,29,1,8,4,0.000,1.00,1.658,False,None,0.000,False
36.864,5,en_route_pickup,-5.640,0.680,1.000,1.500,joint_grid_transaction,29,29,1,9,5,0.000,1.00,0.467,False,None,0.000,False
36.864,6,en_route_pickup,5.679,-0.415,-1.000,-1.500,joint_grid_transaction,29,29,1,9,6,0.000,1.00,2.586,False,None,0.000,False
36.864,7,returning_home,-7.249,0.419,-7.000,0.000,joint_grid_transaction,29,29,1,4,None,0.000,1.00,0.749,False,None,0.000,False
36.864,8,returning_home,7.550,-0.805,7.000,0.000,joint_grid_transaction,29,29,1,6,None,0.000,1.00,2.288,False,None,0.000,False
37.120,1,en_route_delivery,-4.864,2.423,-3.000,-1.500,joint_grid_transaction,29,29,2,9,1,0.000,1.00,-2.359,False,None,0.000,False
37.120,2,en_route_pickup,-4.280,1.434,-1.000,1.500,joint_grid_transaction,29,29,2,9,2,0.000,1.00,1.660,False,None,0.000,False
37.120,3,en_route_pickup,-1.623,3.000,-3.000,1.500,joint_grid_transaction,29,29,2,9,3,0.000,1.00,-3.142,False,None,0.000,False
37.120,4,en_route_pickup,4.187,0.234,0.000,3.500,joint_grid_transaction,29,29,1,8,4,0.000,1.00,1.637,False,None,0.000,False
37.120,5,en_route_pickup,-5.622,0.672,1.000,1.500,joint_grid_transaction,29,29,2,9,5,0.000,1.00,0.150,False,None,0.000,False
37.120,6,en_route_pickup,5.657,-0.403,-1.000,-1.500,joint_grid_transaction,29,29,1,9,6,0.000,1.00,2.904,False,None,0.000,False
37.120,7,returning_home,-7.222,0.442,-7.000,0.000,joint_grid_transaction,29,29,1,4,None,0.000,1.00,0.491,False,None,0.000,False
37.120,8,returning_home,7.531,-0.825,7.000,0.000,joint_grid_transaction,29,29,1,6,None,0.000,1.00,2.449,False,None,0.000,False
37.376,1,en_route_delivery,-4.864,2.423,-3.000,-1.500,joint_grid_transaction,29,29,2,9,1,0.000,1.00,-2.359,False,joint_slot_deadline,37.796,False
37.376,2,en_route_pickup,-4.283,1.467,-1.000,1.500,joint_grid_transaction,29,29,2,9,2,0.000,1.00,1.660,False,None,0.000,False
37.376,3,en_route_pickup,-1.671,3.000,-3.000,1.500,joint_grid_transaction,29,29,2,9,3,0.000,1.00,3.142,False,None,0.000,False
37.376,4,en_route_pickup,4.187,0.255,0.000,3.500,joint_grid_transaction,29,29,1,8,4,0.000,1.00,1.616,False,None,0.000,False
37.376,5,en_route_pickup,-5.621,0.671,1.000,1.500,joint_grid_transaction,29,29,2,9,5,0.000,1.00,0.103,False,None,0.000,False
37.376,6,en_route_pickup,5.652,-0.402,-1.000,-1.500,joint_grid_transaction,29,29,2,9,6,0.000,1.00,-3.127,False,None,0.000,False
37.376,7,returning_home,-7.217,0.443,-7.000,0.000,joint_grid_transaction,29,29,2,4,None,0.000,1.00,0.442,False,None,0.000,False
37.376,8,returning_home,7.516,-0.830,7.000,0.000,joint_grid_transaction,29,29,1,6,None,0.000,1.00,2.556,False,None,0.000,False
37.632,1,en_route_delivery,-4.864,2.423,-3.000,-1.500,joint_grid_transaction,29,29,2,9,1,0.000,1.00,-2.359,False,joint_slot_deadline,37.796,False
37.632,2,en_route_pickup,-4.286,1.499,-1.000,1.500,joint_grid_transaction,29,29,2,9,2,0.000,1.00,1.660,False,None,0.000,False
37.632,3,en_route_pickup,-1.719,3.000,-3.000,1.500,joint_grid_transaction,29,29,2,9,3,0.000,1.00,3.142,False,None,0.000,False
37.632,4,en_route_pickup,4.186,0.276,0.000,3.500,joint_grid_transaction,29,29,1,8,4,0.000,1.00,1.587,False,None,0.000,False
37.632,5,en_route_pickup,-5.596,0.664,1.000,1.500,joint_grid_transaction,29,29,2,9,5,0.000,1.00,0.177,False,None,0.000,False
37.632,6,en_route_pickup,5.631,-0.398,-1.000,-1.500,joint_grid_transaction,29,29,2,9,6,0.000,1.00,-3.058,False,None,0.000,False
37.632,7,returning_home,-7.178,0.420,-7.000,0.000,joint_grid_transaction,29,29,2,4,None,0.000,1.00,0.563,False,None,0.000,False
37.632,8,returning_home,7.475,-0.807,7.000,0.000,joint_grid_transaction,29,29,1,6,None,0.000,1.00,2.684,False,None,0.000,False
37.888,1,en_route_delivery,-4.868,2.426,-3.000,-1.500,joint_grid_transaction,29,29,2,9,1,0.000,1.00,-2.390,False,joint_slot_deadline,37.796,False
37.888,2,en_route_pickup,-4.289,1.529,-1.000,1.500,joint_grid_transaction,29,29,2,9,2,0.000,1.00,1.659,False,None,0.000,False
37.888,3,en_route_pickup,-1.767,3.000,-3.000,1.500,joint_grid_transaction,29,29,2,9,3,0.000,1.00,-3.142,False,None,0.000,False
37.888,4,en_route_pickup,4.186,0.300,0.000,3.500,joint_grid_transaction,29,29,1,8,4,0.000,1.00,1.576,False,None,0.000,False
37.888,5,en_route_pickup,-5.558,0.652,1.000,1.500,joint_grid_transaction,29,29,2,9,5,0.000,1.00,0.243,False,None,0.000,False
37.888,6,en_route_pickup,5.598,-0.392,-1.000,-1.500,joint_grid_transaction,29,29,2,9,6,0.000,1.00,-3.022,False,None,0.000,False
37.888,7,returning_home,-7.160,0.399,-7.000,0.000,joint_grid_transaction,29,29,2,4,None,0.000,1.00,0.677,False,None,0.000,False
37.888,8,returning_home,7.440,-0.792,7.000,0.000,joint_grid_transaction,29,29,2,6,None,0.000,1.00,2.793,False,None,0.000,False
38.144,1,en_route_delivery,-4.898,2.407,-3.000,-1.500,joint_grid_transaction,29,29,3,9,1,0.000,1.00,-2.505,False,None,0.000,False
38.144,2,en_route_pickup,-4.292,1.562,-1.000,1.500,joint_grid_transaction,29,29,3,9,2,0.000,1.00,1.662,False,None,0.000,False
38.144,3,en_route_pickup,-1.814,3.000,-3.000,1.500,joint_grid_transaction,29,29,3,9,3,0.000,1.00,-3.142,False,None,0.000,False
38.144,4,en_route_pickup,4.186,0.337,0.000,3.500,joint_grid_transaction,29,29,2,8,4,0.000,1.00,1.577,False,None,0.000,False
38.144,5,en_route_pickup,-5.515,0.639,1.000,1.500,joint_grid_transaction,29,29,2,9,5,0.000,1.00,0.324,False,None,0.000,False
38.144,6,en_route_pickup,5.562,-0.384,-1.000,-1.500,joint_grid_transaction,29,29,2,9,6,0.000,1.00,-2.974,False,None,0.000,False
38.144,7,returning_home,-7.174,0.386,-7.000,0.000,joint_grid_transaction,29,29,3,4,None,0.000,1.00,0.802,False,None,0.000,False
38.144,8,returning_home,7.395,-0.779,7.000,0.000,joint_grid_transaction,29,29,2,6,None,0.000,1.00,2.901,False,None,0.000,False
38.400,1,en_route_delivery,-4.937,2.381,-3.000,-1.500,joint_grid_transaction,29,29,3,9,1,0.000,1.00,-2.597,False,None,0.000,False
38.400,2,en_route_pickup,-4.295,1.595,-1.000,1.500,joint_grid_transaction,29,29,3,9,2,0.000,1.00,1.662,False,None,0.000,False
38.400,3,en_route_pickup,-1.862,3.000,-3.000,1.500,joint_grid_transaction,29,29,3,9,3,0.000,1.00,-3.142,False,None,0.000,False
38.400,4,en_route_pickup,4.185,0.372,0.000,3.500,joint_grid_transaction,29,29,2,8,4,0.000,1.00,1.578,False,None,0.000,False
38.400,5,en_route_pickup,-5.471,0.622,1.000,1.500,joint_grid_transaction,29,29,2,9,5,0.000,1.00,0.393,False,None,0.000,False
38.400,6,en_route_pickup,5.522,-0.373,-1.000,-1.500,joint_grid_transaction,29,29,2,9,6,0.000,1.00,-2.913,False,None,0.000,False
38.400,7,returning_home,-7.163,0.361,-7.000,0.000,joint_grid_transaction,29,29,3,4,None,0.000,1.00,0.913,False,None,0.000,False
38.400,8,returning_home,7.349,-0.769,7.000,0.000,joint_grid_transaction,29,29,2,6,None,0.000,1.00,2.973,False,None,0.000,False
38.656,1,en_route_delivery,-4.979,2.358,-3.000,-1.500,joint_grid_transaction,29,29,3,9,1,0.000,1.00,-2.661,False,None,0.000,False
38.656,2,en_route_pickup,-4.298,1.628,-1.000,1.500,joint_grid_transaction,29,29,3,9,2,0.000,1.00,1.661,False,None,0.000,False
38.656,3,en_route_pickup,-1.910,3.000,-3.000,1.500,joint_grid_transaction,29,29,3,9,3,0.000,1.00,3.142,False,None,0.000,False
38.656,4,en_route_pickup,4.185,0.406,0.000,3.500,joint_grid_transaction,29,29,2,8,4,0.000,1.00,1.580,False,None,0.000,False
38.656,5,en_route_pickup,-5.428,0.603,1.000,1.500,joint_grid_transaction,29,29,2,9,5,0.000,1.00,0.402,False,None,0.000,False
38.656,6,en_route_pickup,5.478,-0.360,-1.000,-1.500,joint_grid_transaction,29,29,2,9,6,0.000,1.00,-2.838,False,None,0.000,False
38.656,7,returning_home,-7.136,0.322,-7.000,0.000,joint_grid_transaction,29,29,3,4,None,0.000,1.00,1.012,False,None,0.000,False
38.656,8,returning_home,7.302,-0.762,7.000,0.000,joint_grid_transaction,29,29,2,6,None,0.000,1.00,3.022,False,None,0.000,False
38.912,1,en_route_delivery,-5.021,2.337,-3.000,-1.500,joint_grid_transaction,29,29,3,9,1,0.000,1.00,-2.706,False,None,0.000,False
38.912,2,en_route_pickup,-4.301,1.659,-1.000,1.500,joint_grid_transaction,29,29,3,9,2,0.000,1.00,1.661,False,None,0.000,False
38.912,3,en_route_pickup,-1.958,3.000,-3.000,1.500,joint_grid_transaction,29,29,3,9,3,0.000,1.00,3.142,False,None,0.000,False
38.912,4,en_route_pickup,4.185,0.439,0.000,3.500,joint_grid_transaction,29,29,2,8,4,0.000,1.00,1.581,False,None,0.000,False
38.912,5,en_route_pickup,-5.383,0.586,1.000,1.500,joint_grid_transaction,29,29,3,9,5,0.000,1.00,0.332,False,None,0.000,False
38.912,6,en_route_pickup,5.433,-0.345,-1.000,-1.500,joint_grid_transaction,29,29,3,9,6,0.000,1.00,-2.802,False,None,0.000,False
38.912,7,returning_home,-7.113,0.281,-7.000,0.000,joint_grid_transaction,29,29,3,4,None,0.000,1.00,1.080,False,None,0.000,False
38.912,8,returning_home,7.255,-0.757,7.000,0.000,joint_grid_transaction,29,29,2,6,None,0.000,1.00,3.051,False,None,0.000,False
39.168,1,en_route_delivery,-5.047,2.324,-3.000,-1.500,joint_grid_transaction,29,29,3,9,1,0.000,1.00,-2.717,False,None,0.000,False
39.168,2,en_route_pickup,-4.303,1.689,-1.000,1.500,joint_grid_transaction,29,29,3,9,2,0.000,1.00,1.661,False,None,0.000,False
39.168,3,en_route_pickup,-2.006,3.000,-3.000,1.500,joint_grid_transaction,29,29,3,9,3,0.000,1.00,-3.142,False,None,0.000,False
39.168,4,en_route_pickup,4.185,0.470,0.000,3.500,joint_grid_transaction,29,29,2,8,4,0.000,1.00,1.583,False,None,0.000,False
39.168,5,en_route_pickup,-5.338,0.572,1.000,1.500,joint_grid_transaction,29,29,3,9,5,0.000,1.00,0.284,False,None,0.000,False
39.168,6,en_route_pickup,5.388,-0.330,-1.000,-1.500,joint_grid_transaction,29,29,3,9,6,0.000,1.00,-2.855,False,None,0.000,False
39.168,7,returning_home,-7.091,0.239,-7.000,0.000,joint_grid_transaction,29,29,3,4,None,0.000,1.00,1.128,False,None,0.000,False
39.168,8,returning_home,7.216,-0.754,7.000,0.000,joint_grid_transaction,29,29,2,6,None,0.000,1.00,3.018,False,None,0.000,False
39.424,1,en_route_delivery,-5.047,2.324,-3.000,-1.500,joint_grid_transaction,29,29,4,9,1,0.000,1.00,-2.717,False,joint_slot_deadline,40.196,False
39.424,2,en_route_pickup,-4.306,1.717,-1.000,1.500,joint_grid_transaction,29,29,3,9,2,0.000,1.00,1.660,False,None,0.000,False
39.424,3,en_route_pickup,-2.054,3.000,-3.000,1.500,joint_grid_transaction,29,29,4,9,3,0.000,1.00,-3.142,False,None,0.000,False
39.424,4,en_route_pickup,4.184,0.499,0.000,3.500,joint_grid_transaction,29,29,2,8,4,0.000,1.00,1.585,False,None,0.000,False
39.424,5,en_route_pickup,-5.292,0.559,1.000,1.500,joint_grid_transaction,29,29,3,9,5,0.000,1.00,0.252,False,None,0.000,False
39.424,6,en_route_pickup,5.342,-0.318,-1.000,-1.500,joint_grid_transaction,29,29,3,9,6,0.000,1.00,-2.890,False,None,0.000,False
39.424,7,en_route_pickup,-7.076,0.206,0.000,-3.500,joint_grid_transaction,29,29,4,2,7,0.000,1.00,1.155,False,None,0.000,False
39.424,8,returning_home,7.228,-0.750,7.000,0.000,joint_grid_transaction,29,29,3,6,None,0.000,1.00,2.749,False,None,0.000,False
39.680,1,en_route_delivery,-5.047,2.324,-3.000,-1.500,joint_grid_transaction,29,29,4,9,1,0.000,1.00,-2.717,False,joint_slot_deadline,40.196,False
39.680,2,en_route_pickup,-4.308,1.740,-1.000,1.500,joint_grid_transaction,29,29,3,9,2,0.000,1.00,1.649,False,None,0.000,False
39.680,3,en_route_pickup,-2.102,3.000,-3.000,1.500,joint_grid_transaction,29,29,4,9,3,0.000,1.00,3.142,False,None,0.000,False
39.680,4,en_route_pickup,4.184,0.524,0.000,3.500,joint_grid_transaction,29,29,2,8,4,0.000,1.00,1.581,False,None,0.000,False
39.680,5,en_route_pickup,-5.246,0.548,1.000,1.500,joint_grid_transaction,29,29,3,9,5,0.000,1.00,0.230,False,None,0.000,False
39.680,6,en_route_pickup,5.296,-0.306,-1.000,-1.500,joint_grid_transaction,29,29,3,9,6,0.000,1.00,-2.914,False,None,0.000,False
39.680,7,en_route_pickup,-7.076,0.206,0.000,-3.500,joint_grid_transaction,29,29,4,2,7,0.000,1.00,1.155,False,None,0.000,False
39.680,8,returning_home,7.234,-0.742,7.000,0.000,joint_grid_transaction,29,29,3,6,None,0.000,1.00,2.607,False,None,0.000,False
39.936,1,en_route_delivery,-5.047,2.324,-3.000,-1.500,joint_grid_transaction,29,29,4,9,1,0.000,1.00,-2.717,False,joint_slot_deadline,40.196,False
39.936,2,en_route_pickup,-4.309,1.762,-1.000,1.500,joint_grid_transaction,29,29,3,9,2,0.000,1.00,1.629,False,None,0.000,False
39.936,3,en_route_pickup,-2.149,3.000,-3.000,1.500,joint_grid_transaction,29,29,4,9,3,0.000,1.00,3.142,False,None,0.000,False
39.936,4,en_route_pickup,4.184,0.551,0.000,3.500,joint_grid_transaction,29,29,2,8,4,0.000,1.00,1.562,False,None,0.000,False
39.936,5,en_route_pickup,-5.200,0.538,1.000,1.500,joint_grid_transaction,29,29,3,9,5,0.000,1.00,0.199,False,None,0.000,False
39.936,6,en_route_pickup,5.249,-0.296,-1.000,-1.500,joint_grid_transaction,29,29,3,9,6,0.000,1.00,-2.931,False,None,0.000,False
39.936,7,en_route_pickup,-7.076,0.206,0.000,-3.500,joint_grid_transaction,29,29,4,2,7,0.000,1.00,1.155,False,None,0.000,False
39.936,8,returning_home,7.195,-0.715,7.000,0.000,joint_grid_transaction,29,29,3,6,None,0.000,1.00,2.492,False,None,0.000,False
40.192,1,en_route_delivery,-5.048,2.322,-3.000,-1.500,joint_grid_transaction,30,30,2,9,1,0.000,1.00,-2.699,False,joint_slot_deadline,41.156,False
40.192,2,en_route_pickup,-4.309,1.783,-1.000,1.500,joint_grid_transaction,30,30,1,9,2,0.000,1.00,1.601,False,None,0.000,False
40.192,3,en_route_pickup,-2.197,3.000,-3.000,1.500,joint_grid_transaction,30,30,2,9,3,0.000,1.00,-3.142,False,None,0.000,False
40.192,4,en_route_pickup,4.185,0.588,0.000,3.500,joint_grid_transaction,30,30,2,9,4,0.000,1.00,1.554,False,None,0.000,False
40.192,5,en_route_pickup,-5.153,0.529,1.000,1.500,joint_grid_transaction,30,30,2,9,5,0.000,1.00,0.153,False,None,0.000,False
40.192,6,en_route_pickup,5.203,-0.286,-1.000,-1.500,joint_grid_transaction,30,30,2,9,6,0.000,1.00,-2.954,False,None,0.000,False
40.192,7,en_route_pickup,-7.062,0.227,0.000,-3.500,joint_grid_transaction,30,30,1,9,7,0.000,1.00,0.915,False,None,0.000,False
40.192,8,returning_home,7.160,-0.689,7.000,0.000,joint_grid_transaction,30,30,2,5,None,0.000,1.00,2.431,False,None,0.000,False
40.448,1,en_route_delivery,-5.048,2.322,-3.000,-1.500,joint_grid_transaction,30,30,2,9,1,0.000,1.00,-2.699,False,joint_slot_deadline,41.156,False
40.448,2,en_route_pickup,-4.309,1.786,-1.000,1.500,joint_grid_transaction,30,30,2,9,2,0.000,1.00,1.349,False,None,0.000,False
40.448,3,en_route_pickup,-2.244,3.000,-3.000,1.500,joint_grid_transaction,30,30,2,9,3,0.000,1.00,-3.142,False,None,0.000,False
40.448,4,en_route_pickup,4.186,0.626,0.000,3.500,joint_grid_transaction,30,30,2,9,4,0.000,1.00,1.547,False,None,0.000,False
40.448,5,en_route_pickup,-5.106,0.523,1.000,1.500,joint_grid_transaction,30,30,2,9,5,0.000,1.00,0.119,False,None,0.000,False
40.448,6,en_route_pickup,5.156,-0.279,-1.000,-1.500,joint_grid_transaction,30,30,2,9,6,0.000,1.00,-3.000,False,None,0.000,False
40.448,7,en_route_pickup,-7.037,0.254,0.000,-3.500,joint_grid_transaction,30,30,1,9,7,0.000,1.00,0.686,False,None,0.000,False
40.448,8,returning_home,7.138,-0.669,7.000,0.000,joint_grid_transaction,30,30,2,5,None,0.000,1.00,2.385,False,None,0.000,False
40.704,1,en_route_delivery,-5.048,2.322,-3.000,-1.500,joint_grid_transaction,30,30,2,9,1,0.000,1.00,-2.699,False,joint_slot_deadline,41.156,False
40.704,2,en_route_pickup,-4.303,1.772,-1.000,1.500,joint_grid_transaction,30,30,2,9,2,0.000,1.00,1.098,False,None,0.000,False
40.704,3,en_route_pickup,-2.281,3.000,-3.000,1.500,joint_grid_transaction,30,30,2,9,3,0.000,1.00,-3.142,False,joint_slot_deadline,41.156,False
40.704,4,en_route_pickup,4.187,0.664,0.000,3.500,joint_grid_transaction,30,30,2,9,4,0.000,1.00,1.538,False,None,0.000,False
40.704,5,en_route_pickup,-5.058,0.518,1.000,1.500,joint_grid_transaction,30,30,2,9,5,0.000,1.00,0.099,False,None,0.000,False
40.704,6,en_route_pickup,5.108,-0.273,-1.000,-1.500,joint_grid_transaction,30,30,2,9,6,0.000,1.00,-3.029,False,None,0.000,False
40.704,7,en_route_pickup,-7.019,0.269,0.000,-3.500,joint_grid_transaction,30,30,1,9,7,0.000,1.00,0.501,False,None,0.000,False
40.704,8,returning_home,7.138,-0.669,7.000,0.000,joint_grid_transaction,30,30,2,5,None,0.000,1.00,2.385,False,joint_slot_deadline,41.156,False
40.960,1,en_route_delivery,-5.048,2.322,-3.000,-1.500,joint_grid_transaction,30,30,2,9,1,0.000,1.00,-2.699,False,joint_slot_deadline,41.156,False
40.960,2,en_route_pickup,-4.295,1.760,-1.000,1.500,joint_grid_transaction,30,30,2,9,2,0.000,1.00,0.964,False,None,0.000,False
40.960,3,en_route_pickup,-2.281,3.000,-3.000,1.500,joint_grid_transaction,30,30,2,9,3,0.000,1.00,-3.142,False,joint_slot_deadline,41.156,False
40.960,4,en_route_pickup,4.190,0.703,0.000,3.500,joint_grid_transaction,30,30,2,9,4,0.000,1.00,1.526,False,None,0.000,False
40.960,5,en_route_pickup,-5.013,0.514,1.000,1.500,joint_grid_transaction,30,30,2,9,5,0.000,1.00,0.096,False,None,0.000,False
40.960,6,en_route_pickup,5.062,-0.268,-1.000,-1.500,joint_grid_transaction,30,30,2,9,6,0.000,1.00,-3.045,False,None,0.000,False
40.960,7,en_route_pickup,-7.005,0.272,0.000,-3.500,joint_grid_transaction,30,30,1,9,7,0.000,1.00,0.380,False,None,0.000,False
40.960,8,returning_home,7.138,-0.669,7.000,0.000,joint_grid_transaction,30,30,2,5,None,0.000,1.00,2.385,False,joint_slot_deadline,41.156,False
41.216,1,en_route_delivery,-5.044,2.319,-3.000,-1.500,joint_grid_transaction,30,30,2,9,1,0.000,1.00,-2.651,False,joint_slot_deadline,41.156,False
41.216,2,en_route_pickup,-4.266,1.795,-1.000,1.500,joint_grid_transaction,30,30,2,9,2,0.000,1.00,0.845,False,None,0.000,False
41.216,3,en_route_pickup,-2.286,3.000,-3.000,1.500,joint_grid_transaction,30,30,2,9,3,0.000,1.00,-3.142,False,joint_slot_deadline,41.156,False
41.216,4,en_route_pickup,4.193,0.742,0.000,3.500,joint_grid_transaction,30,30,2,9,4,0.000,1.00,1.509,False,None,0.000,False
41.216,5,en_route_pickup,-4.969,0.509,1.000,1.500,joint_grid_transaction,30,30,2,9,5,0.000,1.00,0.095,False,None,0.000,False
41.216,6,en_route_pickup,5.017,-0.264,-1.000,-1.500,joint_grid_transaction,30,30,2,9,6,0.000,1.00,-3.046,False,None,0.000,False
41.216,7,en_route_pickup,-6.962,0.257,0.000,-3.500,joint_grid_transaction,30,30,1,9,7,0.000,1.00,0.253,False,None,0.000,False
41.216,8,returning_home,7.141,-0.666,7.000,0.000,joint_grid_transaction,30,30,2,5,None,0.000,1.00,2.358,False,joint_slot_deadline,41.156,False
41.472,1,en_route_delivery,-5.017,2.300,-3.000,-1.500,joint_grid_transaction,30,30,3,9,1,0.000,1.00,-2.389,False,None,0.000,False
41.472,2,en_route_pickup,-4.233,1.829,-1.000,1.500,joint_grid_transaction,30,30,2,9,2,0.000,1.00,0.764,False,None,0.000,False
41.472,3,en_route_pickup,-2.334,3.000,-3.000,1.500,joint_grid_transaction,30,30,3,9,3,0.000,1.00,3.142,False,None,0.000,False
41.472,4,en_route_pickup,4.197,0.782,0.000,3.500,joint_grid_transaction,30,30,2,9,4,0.000,1.00,1.486,False,None,0.000,False
41.472,5,en_route_pickup,-4.927,0.505,1.000,1.500,joint_grid_transaction,30,30,3,9,5,0.000,1.00,0.094,False,None,0.000,False
41.472,6,en_route_pickup,4.973,-0.259,-1.000,-1.500,joint_grid_transaction,30,30,2,9,6,0.000,1.00,-3.046,False,None,0.000,False
41.472,7,en_route_pickup,-6.916,0.248,0.000,-3.500,joint_grid_transaction,30,30,2,9,7,0.000,1.00,0.152,False,None,0.000,False
41.472,8,returning_home,7.154,-0.652,7.000,0.000,joint_grid_transaction,30,30,3,5,None,0.000,1.00,2.245,False,None,0.000,False
41.728,1,en_route_delivery,-4.993,2.275,-3.000,-1.500,joint_grid_transaction,30,30,3,9,1,0.000,1.00,-2.173,False,None,0.000,False
41.728,2,en_route_pickup,-4.198,1.861,-1.000,1.500,joint_grid_transaction,30,30,2,9,2,0.000,1.00,0.707,False,None,0.000,False
41.728,3,en_route_pickup,-2.382,3.000,-3.000,1.500,joint_grid_transaction,30,30,3,9,3,0.000,1.00,3.142,False,None,0.000,False
41.728,4,en_route_pickup,4.201,0.828,0.000,3.500,joint_grid_transaction,30,30,3,9,4,0.000,1.00,1.472,False,None,0.000,False
41.728,5,en_route_pickup,-4.886,0.501,1.000,1.500,joint_grid_transaction,30,30,3,9,5,0.000,1.00,0.094,False,None,0.000,False
41.728,6,en_route_pickup,4.930,-0.255,-1.000,-1.500,joint_grid_transaction,30,30,3,9,6,0.000,1.00,-3.047,False,None,0.000,False
41.728,7,en_route_pickup,-6.869,0.243,0.000,-3.500,joint_grid_transaction,30,30,2,9,7,0.000,1.00,0.088,False,None,0.000,False
41.728,8,returning_home,7.134,-0.620,7.000,0.000,joint_grid_transaction,30,30,3,5,None,0.000,1.00,2.132,False,None,0.000,False
41.984,1,en_route_delivery,-4.983,2.260,-3.000,-1.500,joint_grid_transaction,30,30,3,9,1,0.000,1.00,-2.003,False,None,0.000,False
41.984,2,en_route_pickup,-4.174,1.873,-1.000,1.500,joint_grid_transaction,30,30,3,9,2,0.000,1.00,0.618,False,None,0.000,False
41.984,3,en_route_pickup,-2.429,3.000,-3.000,1.500,joint_grid_transaction,30,30,3,9,3,0.000,1.00,-3.142,False,None,0.000,False
41.984,4,en_route_pickup,4.206,0.876,0.000,3.500,joint_grid_transaction,30,30,3,9,4,0.000,1.00,1.465,False,None,0.000,False
41.984,5,en_route_pickup,-4.845,0.498,1.000,1.500,joint_grid_transaction,30,30,3,9,5,0.000,1.00,0.094,False,None,0.000,False
41.984,6,en_route_pickup,4.889,-0.251,-1.000,-1.500,joint_grid_transaction,30,30,3,9,6,0.000,1.00,-3.047,False,None,0.000,False
41.984,7,en_route_pickup,-6.826,0.239,0.000,-3.500,joint_grid_transaction,30,30,2,9,7,0.000,1.00,0.070,False,None,0.000,False
41.984,8,returning_home,7.111,-0.579,7.000,0.000,joint_grid_transaction,30,30,3,5,None,0.000,1.00,2.041,False,None,0.000,False
42.240,1,en_route_delivery,-4.987,2.240,-3.000,-1.500,joint_grid_transaction,30,30,3,9,1,0.000,1.00,-1.905,False,None,0.000,False
42.240,2,en_route_pickup,-4.144,1.888,-1.000,1.500,joint_grid_transaction,30,30,3,9,2,0.000,1.00,0.505,False,None,0.000,False
42.240,3,en_route_pickup,-2.477,3.000,-3.000,1.500,joint_grid_transaction,30,30,3,9,3,0.000,1.00,-3.142,False,None,0.000,False
42.240,4,en_route_pickup,4.211,0.923,0.000,3.500,joint_grid_transaction,30,30,3,9,4,0.000,1.00,1.460,False,None,0.000,False
42.240,5,en_route_pickup,-4.805,0.494,1.000,1.500,joint_grid_transaction,30,30,3,9,5,0.000,1.00,0.093,False,None,0.000,False
42.240,6,en_route_pickup,4.848,-0.248,-1.000,-1.500,joint_grid_transaction,30,30,3,9,6,0.000,1.00,-3.048,False,None,0.000,False
42.240,7,en_route_pickup,-6.786,0.237,0.000,-3.500,joint_grid_transaction,30,30,2,9,7,0.000,1.00,0.071,False,None,0.000,False
42.240,8,returning_home,7.091,-0.536,7.000,0.000,joint_grid_transaction,30,30,3,5,None,0.000,1.00,1.979,False,None,0.000,False
42.496,1,en_route_delivery,-4.999,2.195,-3.000,-1.500,joint_grid_transaction,30,30,4,9,1,0.000,1.00,-1.779,False,None,0.000,False
42.496,2,en_route_pickup,-4.102,1.909,-1.000,1.500,joint_grid_transaction,30,30,3,9,2,0.000,1.00,0.408,False,None,0.000,False
42.496,3,en_route_pickup,-2.525,3.000,-3.000,1.500,joint_grid_transaction,30,30,3,9,3,0.000,1.00,3.142,False,None,0.000,False
42.496,4,en_route_pickup,4.217,0.971,0.000,3.500,joint_grid_transaction,30,30,3,9,4,0.000,1.00,1.457,False,None,0.000,False
42.496,5,en_route_pickup,-4.766,0.490,1.000,1.500,joint_grid_transaction,30,30,3,9,5,0.000,1.00,0.093,False,None,0.000,False
42.496,6,en_route_pickup,4.808,-0.244,-1.000,-1.500,joint_grid_transaction,30,30,3,9,6,0.000,1.00,-3.048,False,None,0.000,False
42.496,7,en_route_pickup,-6.748,0.234,0.000,-3.500,joint_grid_transaction,30,30,2,9,7,0.000,1.00,0.071,False,None,0.000,False
42.496,8,returning_home,7.073,-0.492,7.000,0.000,joint_grid_transaction,30,30,3,5,None,0.000,1.00,1.935,False,None,0.000,False
42.752,1,en_route_delivery,-5.007,2.149,-3.000,-1.500,joint_grid_transaction,30,30,4,9,1,0.000,1.00,-1.691,False,None,0.000,False
42.752,2,en_route_pickup,-4.058,1.926,-1.000,1.500,joint_grid_transaction,30,30,3,9,2,0.000,1.00,0.342,False,None,0.000,False
42.752,3,en_route_pickup,-2.573,3.000,-3.000,1.500,joint_grid_transaction,30,30,4,9,3,0.000,1.00,3.142,False,None,0.000,False
42.752,4,en_route_pickup,4.222,1.018,0.000,3.500,joint_grid_transaction,30,30,3,9,4,0.000,1.00,1.455,False,None,0.000,False
42.752,5,en_route_pickup,-4.729,0.487,1.000,1.500,joint_grid_transaction,30,30,3,9,5,0.000,1.00,0.092,False,None,0.000,False
42.752,6,en_route_pickup,4.769,-0.240,-1.000,-1.500,joint_grid_transaction,30,30,3,9,6,0.000,1.00,-3.049,False,None,0.000,False
42.752,7,en_route_pickup,-6.710,0.231,0.000,-3.500,joint_grid_transaction,30,30,3,9,7,0.000,1.00,0.073,False,None,0.000,False
42.752,8,returning_home,7.057,-0.447,7.000,0.000,joint_grid_transaction,30,30,4,5,None,0.000,1.00,1.886,False,None,0.000,False
43.008,1,en_route_delivery,-5.011,2.103,-3.000,-1.500,joint_grid_transaction,30,30,4,9,1,0.000,1.00,-1.642,False,None,0.000,False
43.008,2,en_route_pickup,-4.012,1.941,-1.000,1.500,joint_grid_transaction,30,30,3,9,2,0.000,1.00,0.296,False,None,0.000,False
43.008,3,en_route_pickup,-2.621,3.000,-3.000,1.500,joint_grid_transaction,30,30,4,9,3,0.000,1.00,-3.142,False,None,0.000,False
43.008,4,en_route_pickup,4.227,1.065,0.000,3.500,joint_grid_transaction,30,30,4,9,4,0.000,1.00,1.465,False,None,0.000,False
43.008,5,en_route_pickup,-4.691,0.483,1.000,1.500,joint_grid_transaction,30,30,4,9,5,0.000,1.00,0.092,False,None,0.000,False
43.008,6,en_route_pickup,4.732,-0.237,-1.000,-1.500,joint_grid_transaction,30,30,3,9,6,0.000,1.00,-3.049,False,None,0.000,False
43.008,7,en_route_pickup,-6.671,0.228,0.000,-3.500,joint_grid_transaction,30,30,3,9,7,0.000,1.00,0.073,False,None,0.000,False
43.008,8,returning_home,7.044,-0.402,7.000,0.000,joint_grid_transaction,30,30,4,5,None,0.000,1.00,1.806,False,None,0.000,False
43.264,1,en_route_delivery,-5.014,2.062,-3.000,-1.500,joint_grid_transaction,30,30,4,9,1,0.000,1.00,-1.639,False,None,0.000,False
43.264,2,en_route_pickup,-3.967,1.954,-1.000,1.500,joint_grid_transaction,30,30,3,9,2,0.000,1.00,0.264,False,None,0.000,False
43.264,3,en_route_pickup,-2.669,3.000,-3.000,1.500,joint_grid_transaction,30,30,4,9,3,0.000,1.00,-3.142,False,None,0.000,False
43.264,4,en_route_pickup,4.232,1.109,0.000,3.500,joint_grid_transaction,30,30,4,9,4,0.000,1.00,1.470,False,None,0.000,False
43.264,5,en_route_pickup,-4.653,0.480,1.000,1.500,joint_grid_transaction,30,30,4,9,5,0.000,1.00,0.092,False,None,0.000,False
43.264,6,en_route_pickup,4.694,-0.233,-1.000,-1.500,joint_grid_transaction,30,30,4,9,6,0.000,1.00,-3.049,False,None,0.000,False
43.264,7,en_route_pickup,-6.633,0.225,0.000,-3.500,joint_grid_transaction,30,30,3,9,7,0.000,1.00,0.074,False,None,0.000,False
43.264,8,returning_home,7.035,-0.355,7.000,0.000,joint_grid_transaction,30,30,4,5,None,0.000,1.00,1.753,False,None,0.000,False
43.520,1,en_route_delivery,-5.017,2.023,-3.000,-1.500,joint_grid_transaction,30,30,4,9,1,0.000,1.00,-1.640,False,None,0.000,False
43.520,2,en_route_pickup,-3.921,1.965,-1.000,1.500,joint_grid_transaction,30,30,4,9,2,0.000,1.00,0.196,False,None,0.000,False
43.520,3,en_route_pickup,-2.717,3.000,-3.000,1.500,joint_grid_transaction,30,30,4,9,3,0.000,1.00,3.142,False,None,0.000,False
43.520,4,en_route_pickup,4.236,1.153,0.000,3.500,joint_grid_transaction,30,30,4,9,4,0.000,1.00,1.470,False,None,0.000,False
43.520,5,en_route_pickup,-4.616,0.476,1.000,1.500,joint_grid_transaction,30,30,4,9,5,0.000,1.00,0.092,False,None,0.000,False
43.520,6,en_route_pickup,4.656,-0.230,-1.000,-1.500,joint_grid_transaction,30,30,4,9,6,0.000,1.00,-3.049,False,None,0.000,False
43.520,7,en_route_pickup,-6.596,0.223,0.000,-3.500,joint_grid_transaction,30,30,3,9,7,0.000,1.00,0.074,False,None,0.000,False
43.520,8,returning_home,7.027,-0.309,7.000,0.000,joint_grid_transaction,30,30,4,5,None,0.000,1.00,1.716,False,None,0.000,False
43.776,1,en_route_delivery,-5.019,1.986,-3.000,-1.500,joint_grid_transaction,30,30,4,9,1,0.000,1.00,-1.640,False,None,0.000,False
43.776,2,en_route_pickup,-3.874,1.973,-1.000,1.500,joint_grid_transaction,30,30,4,9,2,0.000,1.00,0.149,False,None,0.000,False
43.776,3,en_route_pickup,-2.764,3.000,-3.000,1.500,joint_grid_transaction,30,30,4,9,3,0.000,1.00,3.142,False,None,0.000,False
43.776,4,en_route_pickup,4.241,1.196,0.000,3.500,joint_grid_transaction,30,30,4,9,4,0.000,1.00,1.471,False,None,0.000,False
43.776,5,en_route_pickup,-4.580,0.473,1.000,1.500,joint_grid_transaction,30,30,4,9,5,0.000,1.00,0.091,False,None,0.000,False
43.776,6,en_route_pickup,4.619,-0.226,-1.000,-1.500,joint_grid_transaction,30,30,4,9,6,0.000,1.00,-3.050,False,None,0.000,False
43.776,7,en_route_pickup,-6.560,0.220,0.000,-3.500,joint_grid_transaction,30,30,3,9,7,0.000,1.00,0.074,False,None,0.000,False
43.776,8,returning_home,7.021,-0.261,7.000,0.000,joint_grid_transaction,30,30,4,5,None,0.000,1.00,1.691,False,None,0.000,False
44.032,1,en_route_delivery,-5.022,1.949,-3.000,-1.500,joint_grid_transaction,31,31,2,9,1,0.000,1.00,-1.643,False,None,0.000,False
44.032,2,en_route_pickup,-3.829,1.979,-1.000,1.500,joint_grid_transaction,31,31,2,9,2,0.000,1.00,0.131,False,None,0.000,False
44.032,3,en_route_pickup,-2.807,3.000,-3.000,1.500,joint_grid_transaction,31,31,2,9,3,0.000,1.00,-3.104,False,None,0.000,False
44.032,4,en_route_pickup,4.245,1.238,0.000,3.500,joint_grid_transaction,31,31,1,9,4,0.000,1.00,1.472,False,None,0.000,False
44.032,5,en_route_pickup,-4.546,0.470,1.000,1.500,joint_grid_transaction,31,31,1,8,5,0.000,1.00,0.091,False,None,0.000,False
44.032,6,en_route_pickup,4.584,-0.223,-1.000,-1.500,joint_grid_transaction,31,31,1,8,6,0.000,1.00,-3.050,False,None,0.000,False
44.032,7,en_route_pickup,-6.526,0.217,0.000,-3.500,joint_grid_transaction,31,31,1,9,7,0.000,1.00,0.074,False,None,0.000,False
44.032,8,returning_home,7.016,-0.216,7.000,0.000,joint_grid_transaction,31,31,1,2,None,0.000,1.00,1.675,False,None,0.000,False
44.288,1,en_route_delivery,-5.025,1.911,-3.000,-1.500,joint_grid_transaction,31,31,2,9,1,0.000,1.00,-1.644,False,None,0.000,False
44.288,2,en_route_pickup,-3.785,1.984,-1.000,1.500,joint_grid_transaction,31,31,2,9,2,0.000,1.00,0.120,False,None,0.000,False
44.288,3,en_route_pickup,-2.796,2.997,-3.000,1.500,joint_grid_transaction,31,31,2,9,3,0.000,1.00,-2.776,False,None,0.000,False
44.288,4,en_route_pickup,4.249,1.279,0.000,3.500,joint_grid_transaction,31,31,1,9,4,0.000,1.00,1.472,False,None,0.000,False
44.288,5,en_route_pickup,-4.519,0.468,1.000,1.500,joint_grid_transaction,31,31,1,8,5,0.000,0.85,0.077,False,None,0.000,False
44.288,6,en_route_pickup,4.549,-0.220,-1.000,-1.500,joint_grid_transaction,31,31,1,8,6,0.000,1.00,-3.051,False,None,0.000,False
44.288,7,en_route_pickup,-6.493,0.215,0.000,-3.500,joint_grid_transaction,31,31,1,9,7,0.000,1.00,0.075,False,None,0.000,False
44.288,8,en_route_pickup,7.016,-0.216,-6.000,-3.500,joint_grid_transaction,31,31,2,3,8,0.000,1.00,1.675,False,None,0.000,False
44.544,1,en_route_delivery,-5.028,1.873,-3.000,-1.500,joint_grid_transaction,31,31,2,9,1,0.000,1.00,-1.644,False,None,0.000,False
44.544,2,en_route_pickup,-3.739,1.989,-1.000,1.500,joint_grid_transaction,31,31,2,9,2,0.000,1.00,0.101,False,None,0.000,False
44.544,3,en_route_pickup,-2.784,2.991,-3.000,1.500,joint_grid_transaction,31,31,2,9,3,0.000,1.00,-2.616,False,None,0.000,False
44.544,4,en_route_pickup,4.253,1.320,0.000,3.500,joint_grid_transaction,31,31,2,9,4,0.000,1.00,1.473,False,None,0.000,False
44.544,5,en_route_pickup,-4.495,0.466,1.000,1.500,joint_grid_transaction,31,31,1,8,5,0.000,0.70,0.077,False,None,0.000,False
44.544,6,en_route_pickup,4.516,-0.217,-1.000,-1.500,joint_grid_transaction,31,31,1,8,6,0.000,1.00,-3.051,False,None,0.000,False
44.544,7,en_route_pickup,-6.461,0.213,0.000,-3.500,joint_grid_transaction,31,31,1,9,7,0.000,1.00,0.076,False,None,0.000,False
44.544,8,en_route_pickup,7.016,-0.216,-6.000,-3.500,joint_grid_transaction,31,31,2,3,8,0.000,1.00,1.675,False,None,0.000,False
44.800,1,en_route_delivery,-5.030,1.837,-3.000,-1.500,joint_grid_transaction,32,31,2,8,1,0.000,1.00,-1.644,False,None,0.000,False
44.800,2,en_route_pickup,-3.717,1.992,-1.000,1.500,joint_grid_transaction,32,31,2,9,2,0.000,1.00,0.100,False,None,0.000,False
44.800,3,en_route_pickup,-2.811,2.972,-3.000,1.500,joint_grid_transaction,32,31,2,9,3,0.000,1.00,-2.533,False,None,0.000,False
44.800,4,en_route_pickup,4.257,1.359,0.000,3.500,joint_grid_transaction,32,31,2,9,4,0.000,1.00,1.474,False,None,0.000,False
44.800,5,en_route_pickup,-4.479,0.465,1.000,1.500,joint_grid_transaction,32,31,1,9,5,0.000,0.70,0.071,False,None,0.000,False
44.800,6,en_route_pickup,4.485,-0.214,-1.000,-1.500,joint_grid_transaction,32,31,1,9,6,0.000,1.00,-3.051,False,None,0.000,False
44.800,7,en_route_pickup,-6.426,0.210,0.000,-3.500,joint_grid_transaction,32,31,2,9,7,0.000,1.00,0.076,False,None,0.000,False
44.800,8,en_route_pickup,7.015,-0.217,-6.000,-3.500,joint_grid_transaction,32,31,2,9,8,0.000,1.00,1.697,False,None,0.000,False
45.056,1,en_route_delivery,-5.033,1.802,-3.000,-1.500,joint_grid_transaction,32,32,1,8,1,0.000,1.00,-1.645,False,None,0.000,False
45.056,2,en_route_pickup,-3.676,1.996,-1.000,1.500,joint_grid_transaction,32,32,2,9,2,0.000,1.00,0.104,False,None,0.000,False
45.056,3,en_route_pickup,-2.829,2.984,-3.000,1.500,joint_grid_transaction,32,32,2,9,3,0.000,1.00,-2.737,False,None,0.000,False
45.056,4,en_route_pickup,4.261,1.398,0.000,3.500,joint_grid_transaction,32,32,2,9,4,0.000,1.00,1.474,False,None,0.000,False
45.056,5,en_route_pickup,-4.466,0.464,1.000,1.500,joint_grid_transaction,32,32,1,9,5,0.000,0.70,0.037,False,None,0.000,False
45.056,6,en_route_pickup,4.463,-0.213,-1.000,-1.500,joint_grid_transaction,32,32,1,9,6,0.000,1.00,3.129,False,None,0.000,False
45.056,7,en_route_pickup,-6.391,0.207,0.000,-3.500,joint_grid_transaction,32,32,2,9,7,0.000,1.00,0.076,False,None,0.000,False
45.056,8,en_route_pickup,7.009,-0.234,-6.000,-3.500,joint_grid_transaction,32,32,1,9,8,0.000,1.00,2.045,False,None,0.000,False
45.312,1,en_route_delivery,-5.035,1.768,-3.000,-1.500,joint_grid_transaction,32,32,1,8,1,0.000,1.00,-1.645,False,None,0.000,False
45.312,2,en_route_pickup,-3.636,2.000,-1.000,1.500,joint_grid_transaction,32,32,2,9,2,0.000,1.00,0.103,False,None,0.000,False
45.312,3,en_route_pickup,-2.839,2.986,-3.000,1.500,joint_grid_transaction,32,32,2,9,3,0.000,1.00,-2.878,False,None,0.000,False
45.312,4,en_route_pickup,4.264,1.436,0.000,3.500,joint_grid_transaction,32,32,2,9,4,0.000,1.00,1.475,False,None,0.000,False
45.312,5,en_route_pickup,-4.469,0.464,1.000,1.500,joint_grid_transaction,32,32,2,9,5,0.000,0.70,0.177,False,None,0.000,False
45.312,6,en_route_pickup,4.474,-0.215,-1.000,-1.500,joint_grid_transaction,32,32,2,9,6,0.000,1.00,2.780,False,None,0.000,False
45.312,7,en_route_pickup,-6.358,0.205,0.000,-3.500,joint_grid_transaction,32,32,2,9,7,0.000,1.00,0.076,False,None,0.000,False
45.312,8,en_route_pickup,6.990,-0.261,-6.000,-3.500,joint_grid_transaction,32,32,1,9,8,0.000,1.00,2.310,False,None,0.000,False
45.568,1,en_route_delivery,-5.038,1.736,-3.000,-1.500,joint_grid_transaction,32,32,1,8,1,0.000,1.00,-1.645,False,None,0.000,False
45.568,2,en_route_pickup,-3.596,2.004,-1.000,1.500,joint_grid_transaction,32,32,2,9,2,0.000,1.00,0.102,False,None,0.000,False
45.568,3,en_route_pickup,-2.881,2.977,-3.000,1.500,joint_grid_transaction,32,32,2,9,3,0.000,1.00,-2.983,False,None,0.000,False
45.568,4,en_route_pickup,4.268,1.473,0.000,3.500,joint_grid_transaction,32,32,2,9,4,0.000,1.00,1.475,False,None,0.000,False
45.568,5,en_route_pickup,-4.475,0.466,1.000,1.500,joint_grid_transaction,32,32,2,9,5,0.000,0.70,0.327,False,None,0.000,False
45.568,6,en_route_pickup,4.487,-0.222,-1.000,-1.500,joint_grid_transaction,32,32,2,9,6,0.000,1.00,2.612,False,None,0.000,False
45.568,7,en_route_pickup,-6.326,0.202,0.000,-3.500,joint_grid_transaction,32,32,2,9,7,0.000,1.00,0.076,False,None,0.000,False
45.568,8,en_route_pickup,6.968,-0.282,-6.000,-3.500,joint_grid_transaction,32,32,1,9,8,0.000,1.00,2.499,False,None,0.000,False
45.824,1,en_route_delivery,-5.039,1.715,-3.000,-1.500,joint_grid_transaction,32,32,1,8,1,0.000,1.00,-1.645,False,joint_slot_deadline,45.956,False
45.824,2,en_route_pickup,-3.557,2.008,-1.000,1.500,joint_grid_transaction,32,32,2,9,2,0.000,1.00,0.101,False,None,0.000,False
45.824,3,en_route_pickup,-2.927,2.972,-3.000,1.500,joint_grid_transaction,32,32,2,9,3,0.000,1.00,-3.072,False,None,0.000,False
45.824,4,en_route_pickup,4.271,1.508,0.000,3.500,joint_grid_transaction,32,32,2,9,4,0.000,1.00,1.476,False,None,0.000,False
45.824,5,en_route_pickup,-4.482,0.469,1.000,1.500,joint_grid_transaction,32,32,2,9,5,0.000,0.70,0.430,False,None,0.000,False
45.824,6,en_route_pickup,4.465,-0.243,-1.000,-1.500,joint_grid_transaction,32,32,2,9,6,0.000,1.00,2.485,False,None,0.000,False
45.824,7,en_route_pickup,-6.295,0.200,0.000,-3.500,joint_grid_transaction,32,32,2,9,7,0.000,1.00,0.076,False,None,0.000,False
45.824,8,en_route_pickup,6.953,-0.294,-6.000,-3.500,joint_grid_transaction,32,32,2,9,8,0.000,1.00,2.663,False,None,0.000,False
46.080,1,en_route_delivery,-5.040,1.718,-3.000,-1.500,joint_grid_transaction,32,32,1,8,1,0.000,1.00,-1.764,False,joint_slot_deadline,45.956,False
46.080,2,en_route_pickup,-3.519,2.012,-1.000,1.500,joint_grid_transaction,32,32,2,9,2,0.000,1.00,0.101,False,None,0.000,False
46.080,3,en_route_pickup,-2.967,2.970,-3.000,1.500,joint_grid_transaction,32,32,2,9,3,0.000,1.00,-3.091,False,None,0.000,False
46.080,4,en_route_pickup,4.274,1.543,0.000,3.500,joint_grid_transaction,32,32,2,9,4,0.000,1.00,1.475,False,None,0.000,False
46.080,5,en_route_pickup,-4.488,0.472,1.000,1.500,joint_grid_transaction,32,32,2,9,5,0.000,1.00,0.514,False,None,0.000,False
46.080,6,en_route_pickup,4.430,-0.274,-1.000,-1.500,joint_grid_transaction,32,32,2,9,6,0.000,1.00,2.392,False,None,0.000,False
46.080,7,en_route_pickup,-6.266,0.198,0.000,-3.500,joint_grid_transaction,32,32,2,9,7,0.000,1.00,0.077,False,None,0.000,False
46.080,8,en_route_pickup,6.932,-0.291,-6.000,-3.500,joint_grid_transaction,32,32,2,9,8,0.000,1.00,2.777,False,None,0.000,False
46.336,1,en_route_delivery,-5.043,1.728,-3.000,-1.500,joint_grid_transaction,32,32,2,8,1,0.000,1.00,-1.966,False,None,0.000,False
46.336,2,en_route_pickup,-3.483,2.016,-1.000,1.500,joint_grid_transaction,32,32,2,9,2,0.000,1.00,0.100,False,None,0.000,False
46.336,3,en_route_pickup,-3.002,2.968,-3.000,1.500,joint_grid_transaction,32,32,2,9,3,0.000,1.00,-3.088,False,None,0.000,False
46.336,4,en_route_pickup,4.278,1.579,0.000,3.500,joint_grid_transaction,32,32,3,9,4,0.000,1.00,1.476,False,None,0.000,False
46.336,5,en_route_pickup,-4.473,0.491,1.000,1.500,joint_grid_transaction,32,32,2,9,5,0.000,1.00,0.639,False,None,0.000,False
46.336,6,en_route_pickup,4.396,-0.307,-1.000,-1.500,joint_grid_transaction,32,32,2,9,6,0.000,1.00,2.326,False,None,0.000,False
46.336,7,en_route_pickup,-6.239,0.196,0.000,-3.500,joint_grid_transaction,32,32,2,9,7,0.000,1.00,0.077,False,None,0.000,False
46.336,8,en_route_pickup,6.887,-0.277,-6.000,-3.500,joint_grid_transaction,32,32,2,9,8,0.000,1.00,2.892,False,None,0.000,False
46.592,1,en_route_delivery,-5.059,1.707,-3.000,-1.500,joint_grid_transaction,32,32,2,8,1,0.000,1.00,-2.092,False,None,0.000,False
46.592,2,en_route_pickup,-3.446,2.020,-1.000,1.500,joint_grid_transaction,32,32,3,9,2,0.000,1.00,0.100,False,None,0.000,False
46.592,3,en_route_pickup,-3.035,2.967,-3.000,1.500,joint_grid_transaction,32,32,2,9,3,0.000,1.00,-3.095,False,None,0.000,False
46.592,4,en_route_pickup,4.281,1.615,0.000,3.500,joint_grid_transaction,32,32,3,9,4,0.000,1.00,1.476,False,None,0.000,False
46.592,5,en_route_pickup,-4.436,0.521,1.000,1.500,joint_grid_transaction,32,32,2,9,5,0.000,1.00,0.735,False,None,0.000,False
46.592,6,en_route_pickup,4.383,-0.331,-1.000,-1.500,joint_grid_transaction,32,32,3,9,6,0.000,1.00,2.229,False,None,0.000,False
46.592,7,en_route_pickup,-6.219,0.195,0.000,-3.500,joint_grid_transaction,32,32,2,9,7,0.000,1.00,0.049,False,None,0.000,False
46.592,8,en_route_pickup,6.841,-0.267,-6.000,-3.500,joint_grid_transaction,32,32,2,9,8,0.000,1.00,2.969,False,None,0.000,False
46.848,1,en_route_delivery,-5.085,1.668,-3.000,-1.500,joint_grid_transaction,32,32,2,8,1,0.000,1.00,-2.189,False,None,0.000,False
46.848,2,en_route_pickup,-3.410,2.023,-1.000,1.500,joint_grid_transaction,32,32,3,9,2,0.000,1.00,0.099,False,None,0.000,False
46.848,3,en_route_pickup,-3.035,2.967,-3.000,1.500,joint_grid_transaction,32,32,3,9,3,0.000,1.00,-3.095,False,joint_slot_deadline,47.156,False
46.848,4,en_route_pickup,4.285,1.649,0.000,3.500,joint_grid_transaction,32,32,3,9,4,0.000,1.00,1.477,False,None,0.000,False
46.848,5,en_route_pickup,-4.403,0.554,1.000,1.500,joint_grid_transaction,32,32,2,9,5,0.000,1.00,0.802,False,None,0.000,False
46.848,6,en_route_pickup,4.374,-0.355,-1.000,-1.500,joint_grid_transaction,32,32,3,9,6,0.000,1.00,2.120,False,None,0.000,False
46.848,7,en_route_pickup,-6.188,0.193,0.000,-3.500,joint_grid_transaction,32,32,3,9,7,0.000,1.00,0.051,False,None,0.000,False
46.848,8,en_route_pickup,6.794,-0.260,-6.000,-3.500,joint_grid_transaction,32,32,2,9,8,0.000,1.00,3.022,False,None,0.000,False
47.104,1,en_route_delivery,-5.095,1.654,-3.000,-1.500,joint_grid_transaction,32,32,2,8,1,0.000,1.00,-2.218,False,joint_slot_deadline,47.156,False
47.104,2,en_route_pickup,-3.374,2.027,-1.000,1.500,joint_grid_transaction,32,32,3,9,2,0.000,1.00,0.099,False,None,0.000,False
47.104,3,en_route_pickup,-3.035,2.967,-3.000,1.500,joint_grid_transaction,32,32,3,9,3,0.000,1.00,-3.095,False,joint_slot_deadline,47.156,False
47.104,4,en_route_pickup,4.288,1.682,0.000,3.500,joint_grid_transaction,32,32,3,9,4,0.000,1.00,1.477,False,None,0.000,False
47.104,5,en_route_pickup,-4.384,0.580,1.000,1.500,joint_grid_transaction,32,32,3,9,5,0.000,1.00,0.891,False,None,0.000,False
47.104,6,en_route_pickup,4.352,-0.397,-1.000,-1.500,joint_grid_transaction,32,32,3,9,6,0.000,1.00,2.016,False,None,0.000,False
47.104,7,en_route_pickup,-6.155,0.192,0.000,-3.500,joint_grid_transaction,32,32,3,9,7,0.000,1.00,0.058,False,None,0.000,False
47.104,8,en_route_pickup,6.747,-0.255,-6.000,-3.500,joint_grid_transaction,32,32,2,9,8,0.000,1.00,3.054,False,None,0.000,False
47.360,1,en_route_delivery,-5.113,1.628,-3.000,-1.500,joint_grid_transaction,32,32,3,8,1,0.000,1.00,-2.143,False,None,0.000,False
47.360,2,en_route_pickup,-3.339,2.030,-1.000,1.500,joint_grid_transaction,32,32,3,9,2,0.000,1.00,0.098,False,None,0.000,False
47.360,3,en_route_pickup,-3.035,2.966,-3.000,1.500,joint_grid_transaction,32,32,4,9,3,0.000,1.00,-3.094,False,joint_slot_deadline,48.356,False
47.360,4,en_route_pickup,4.291,1.714,0.000,3.500,joint_grid_transaction,32,32,3,9,4,0.000,1.00,1.477,False,None,0.000,False
47.360,5,en_route_pickup,-4.379,0.601,1.000,1.500,joint_grid_transaction,32,32,3,9,5,0.000,1.00,0.998,False,None,0.000,False
47.360,6,en_route_pickup,4.333,-0.440,-1.000,-1.500,joint_grid_transaction,32,32,3,9,6,0.000,1.00,1.945,False,None,0.000,False
47.360,7,en_route_pickup,-6.123,0.190,0.000,-3.500,joint_grid_transaction,32,32,3,9,7,0.000,1.00,0.060,False,None,0.000,False
47.360,8,en_route_pickup,6.704,-0.252,-6.000,-3.500,joint_grid_transaction,32,32,2,9,8,0.000,1.00,3.057,False,None,0.000,False
47.616,1,en_route_delivery,-5.137,1.587,-3.000,-1.500,joint_grid_transaction,32,32,3,8,1,0.000,1.00,-2.047,False,None,0.000,False
47.616,2,en_route_pickup,-3.306,2.033,-1.000,1.500,joint_grid_transaction,32,32,3,9,2,0.000,1.00,0.098,False,None,0.000,False
47.616,3,en_route_pickup,-3.035,2.966,-3.000,1.500,joint_grid_transaction,32,32,4,9,3,0.000,1.00,-3.094,False,joint_slot_deadline,48.356,False
47.616,4,en_route_pickup,4.293,1.743,0.000,3.500,joint_grid_transaction,32,32,3,9,4,0.000,1.00,1.478,False,None,0.000,False
47.616,5,en_route_pickup,-4.356,0.642,1.000,1.500,joint_grid_transaction,32,32,3,9,5,0.000,1.00,1.109,False,None,0.000,False
47.616,6,en_route_pickup,4.317,-0.484,-1.000,-1.500,joint_grid_transaction,32,32,3,9,6,0.000,1.00,1.896,False,None,0.000,False
47.616,7,en_route_pickup,-6.092,0.188,0.000,-3.500,joint_grid_transaction,32,32,3,9,7,0.000,1.00,0.060,False,None,0.000,False
47.616,8,en_route_pickup,6.663,-0.248,-6.000,-3.500,joint_grid_transaction,32,32,3,9,8,0.000,1.00,3.057,False,None,0.000,False
47.872,1,en_route_delivery,-5.157,1.545,-3.000,-1.500,joint_grid_transaction,32,32,3,8,1,0.000,1.00,-1.981,False,None,0.000,False
47.872,2,en_route_pickup,-3.274,2.037,-1.000,1.500,joint_grid_transaction,32,32,3,9,2,0.000,1.00,0.097,False,None,0.000,False
47.872,3,en_route_pickup,-3.035,2.966,-3.000,1.500,joint_grid_transaction,32,32,4,9,3,0.000,1.00,-3.094,False,joint_slot_deadline,48.356,False
47.872,4,en_route_pickup,4.296,1.771,0.000,3.500,joint_grid_transaction,32,32,3,9,4,0.000,1.00,1.478,False,None,0.000,False
47.872,5,en_route_pickup,-4.337,0.685,1.000,1.500,joint_grid_transaction,32,32,3,9,5,0.000,1.00,1.183,False,None,0.000,False
47.872,6,en_route_pickup,4.302,-0.530,-1.000,-1.500,joint_grid_transaction,32,32,3,9,6,0.000,1.00,1.861,False,None,0.000,False
47.872,7,en_route_pickup,-6.063,0.186,0.000,-3.500,joint_grid_transaction,32,32,3,9,7,0.000,1.00,0.061,False,None,0.000,False
47.872,8,en_route_pickup,6.622,-0.245,-6.000,-3.500,joint_grid_transaction,32,32,3,9,8,0.000,1.00,3.057,False,None,0.000,False
48.128,1,en_route_delivery,-5.175,1.501,-3.000,-1.500,joint_grid_transaction,32,32,3,8,1,0.000,1.00,-1.936,False,None,0.000,False
48.128,2,en_route_pickup,-3.244,2.039,-1.000,1.500,joint_grid_transaction,32,32,3,9,2,0.000,1.00,0.096,False,None,0.000,False
48.128,3,en_route_pickup,-3.035,2.966,-3.000,1.500,joint_grid_transaction,32,32,4,9,3,0.000,1.00,-3.094,False,joint_slot_deadline,48.356,False
48.128,4,en_route_pickup,4.297,1.788,0.000,3.500,joint_grid_transaction,32,32,3,9,4,0.000,1.00,1.587,False,None,0.000,False
48.128,5,en_route_pickup,-4.320,0.729,1.000,1.500,joint_grid_transaction,32,32,3,9,5,0.000,1.00,1.234,False,None,0.000,False
48.128,6,en_route_pickup,4.290,-0.575,-1.000,-1.500,joint_grid_transaction,32,32,4,9,6,0.000,1.00,1.793,False,None,0.000,False
48.128,7,en_route_pickup,-6.035,0.184,0.000,-3.500,joint_grid_transaction,32,32,3,9,7,0.000,1.00,0.062,False,None,0.000,False
48.128,8,en_route_pickup,6.582,-0.241,-6.000,-3.500,joint_grid_transaction,32,32,3,9,8,0.000,1.00,3.057,False,None,0.000,False
48.384,1,en_route_delivery,-5.191,1.457,-3.000,-1.500,joint_grid_transaction,32,32,3,8,1,0.000,1.00,-1.911,False,None,0.000,False
48.384,2,en_route_pickup,-3.216,2.042,-1.000,1.500,joint_grid_transaction,32,32,3,9,2,0.000,1.00,0.096,False,None,0.000,False
48.384,3,en_route_pickup,-3.035,2.967,-3.000,1.500,joint_grid_transaction,32,32,4,9,3,0.000,1.00,-3.101,False,joint_slot_deadline,48.356,False
48.384,4,en_route_pickup,4.294,1.777,0.000,3.500,joint_grid_transaction,32,32,4,9,4,0.000,1.00,1.938,False,None,0.000,False
48.384,5,en_route_pickup,-4.305,0.774,1.000,1.500,joint_grid_transaction,32,32,3,9,5,0.000,1.00,1.271,False,None,0.000,False
48.384,6,en_route_pickup,4.281,-0.622,-1.000,-1.500,joint_grid_transaction,32,32,4,9,6,0.000,1.00,1.739,False,None,0.000,False
48.384,7,en_route_pickup,-6.012,0.183,0.000,-3.500,joint_grid_transaction,32,32,3,9,7,0.000,1.00,0.051,False,None,0.000,False
48.384,8,en_route_pickup,6.543,-0.238,-6.000,-3.500,joint_grid_transaction,32,32,3,9,8,0.000,1.00,3.057,False,None,0.000,False
48.640,1,en_route_delivery,-5.199,1.468,-3.000,-1.500,joint_grid_transaction,32,32,4,8,1,0.000,1.00,-2.111,False,None,0.000,False
48.640,2,en_route_pickup,-3.183,2.045,-1.000,1.500,joint_grid_transaction,32,32,4,9,2,0.000,1.00,0.098,False,None,0.000,False
48.640,3,en_route_pickup,-3.035,2.967,-3.000,1.500,joint_grid_transaction,32,32,5,9,3,0.000,1.00,-3.101,False,joint_slot_deadline,49.556,False
48.640,4,en_route_pickup,4.287,1.763,0.000,3.500,joint_grid_transaction,32,32,4,9,4,0.000,1.00,2.109,False,None,0.000,False
48.640,5,en_route_pickup,-4.293,0.820,1.000,1.500,joint_grid_transaction,32,32,4,9,5,0.000,1.00,1.335,False,None,0.000,False
48.640,6,en_route_pickup,4.274,-0.669,-1.000,-1.500,joint_grid_transaction,32,32,4,9,6,0.000,1.00,1.702,False,None,0.000,False
48.640,7,en_route_pickup,-5.991,0.183,0.000,-3.500,joint_grid_transaction,32,32,3,9,7,0.000,1.00,0.023,False,None,0.000,False
48.640,8,en_route_pickup,6.505,-0.235,-6.000,-3.500,joint_grid_transaction,32,32,3,9,8,0.000,1.00,3.057,False,None,0.000,False
48.896,1,en_route_delivery,-5.213,1.469,-3.000,-1.500,joint_grid_transaction,32,32,4,8,1,0.000,1.00,-2.238,False,None,0.000,False
48.896,2,en_route_pickup,-3.151,2.049,-1.000,1.500,joint_grid_transaction,32,32,4,9,2,0.000,1.00,0.097,False,None,0.000,False
48.896,3,en_route_pickup,-3.035,2.967,-3.000,1.500,joint_grid_transaction,32,32,5,9,3,0.000,1.00,-3.101,False,joint_slot_deadline,49.556,False
48.896,4,en_route_pickup,4.267,1.782,0.000,3.500,joint_grid_transaction,32,32,4,9,4,0.000,1.00,2.236,False,None,0.000,False
48.896,5,en_route_pickup,-4.283,0.866,1.000,1.500,joint_grid_transaction,32,32,4,9,5,0.000,1.00,1.393,False,None,0.000,False
48.896,6,en_route_pickup,4.268,-0.716,-1.000,-1.500,joint_grid_transaction,32,32,4,9,6,0.000,1.00,1.678,False,None,0.000,False
48.896,7,en_route_pickup,-5.968,0.183,0.000,-3.500,joint_grid_transaction,32,32,3,9,7,0.000,1.00,0.002,False,None,0.000,False
48.896,8,en_route_pickup,6.468,-0.232,-6.000,-3.500,joint_grid_transaction,32,32,3,9,8,0.000,1.00,3.057,False,None,0.000,False
49.152,1,en_route_delivery,-5.239,1.435,-3.000,-1.500,joint_grid_transaction,33,33,1,9,1,0.000,1.00,-2.303,False,None,0.000,False
49.152,2,en_route_pickup,-3.120,2.051,-1.000,1.500,joint_grid_transaction,33,33,1,9,2,0.000,1.00,0.088,False,None,0.000,False
49.152,3,en_route_pickup,-3.036,2.967,-3.000,1.500,joint_grid_transaction,33,33,1,9,3,0.000,1.00,-3.108,False,None,0.000,False
49.152,4,en_route_pickup,4.238,1.816,0.000,3.500,joint_grid_transaction,33,33,1,9,4,0.000,1.00,2.304,False,None,0.000,False
49.152,5,en_route_pickup,-4.276,0.912,1.000,1.500,joint_grid_transaction,33,33,1,9,5,0.000,1.00,1.424,False,None,0.000,False
49.152,6,en_route_pickup,4.264,-0.763,-1.000,-1.500,joint_grid_transaction,33,33,1,9,6,0.000,1.00,1.668,False,None,0.000,False
49.152,7,en_route_pickup,-5.938,0.183,0.000,-3.500,joint_grid_transaction,33,33,1,9,7,0.000,1.00,0.020,False,None,0.000,False
49.152,8,en_route_pickup,6.430,-0.228,-6.000,-3.500,joint_grid_transaction,33,33,1,9,8,0.000,1.00,3.057,False,None,0.000,False
49.408,1,en_route_delivery,-5.220,1.409,-3.000,-1.500,joint_grid_transaction,33,33,1,9,1,0.000,1.00,-2.028,False,None,0.000,False
49.408,2,en_route_pickup,-3.090,2.054,-1.000,1.500,joint_grid_transaction,33,33,2,9,2,0.000,1.00,0.088,False,None,0.000,False
49.408,3,en_route_pickup,-3.036,2.967,-3.000,1.500,joint_grid_transaction,33,33,2,9,3,0.000,1.00,-3.108,False,joint_slot_deadline,50.308,False
49.408,4,en_route_pickup,4.206,1.850,0.000,3.500,joint_grid_transaction,33,33,2,9,4,0.000,1.00,2.380,False,None,0.000,False
49.408,5,en_route_pickup,-4.269,0.956,1.000,1.500,joint_grid_transaction,33,33,2,9,5,0.000,1.00,1.441,False,None,0.000,False
49.408,6,en_route_pickup,4.260,-0.806,-1.000,-1.500,joint_grid_transaction,33,33,2,9,6,0.000,1.00,1.666,False,None,0.000,False
49.408,7,en_route_pickup,-5.899,0.185,0.000,-3.500,joint_grid_transaction,33,33,2,9,7,0.000,1.00,0.028,False,None,0.000,False
49.408,8,en_route_pickup,6.393,-0.225,-6.000,-3.500,joint_grid_transaction,33,33,2,9,8,0.000,1.00,3.057,False,None,0.000,False
49.664,1,en_route_delivery,-5.212,1.391,-3.000,-1.500,joint_grid_transaction,33,33,1,9,1,0.000,1.00,-1.673,False,None,0.000,False
49.664,2,en_route_pickup,-3.061,2.056,-1.000,1.500,joint_grid_transaction,33,33,2,9,2,0.000,1.00,0.087,False,None,0.000,False
49.664,3,en_route_pickup,-3.036,2.967,-3.000,1.500,joint_grid_transaction,33,33,2,9,3,0.000,1.00,-3.108,False,joint_slot_deadline,50.308,False
49.664,4,en_route_pickup,4.179,1.873,0.000,3.500,joint_grid_transaction,33,33,2,9,4,0.000,1.00,2.425,False,joint_slot_deadline,50.308,False
49.664,5,en_route_pickup,-4.264,1.004,1.000,1.500,joint_grid_transaction,33,33,2,9,5,0.000,1.00,1.467,False,None,0.000,False
49.664,6,en_route_pickup,4.256,-0.848,-1.000,-1.500,joint_grid_transaction,33,33,2,9,6,0.000,1.00,1.666,False,None,0.000,False
49.664,7,en_route_pickup,-5.859,0.186,0.000,-3.500,joint_grid_transaction,33,33,2,9,7,0.000,1.00,0.039,False,None,0.000,False
49.664,8,en_route_pickup,6.357,-0.222,-6.000,-3.500,joint_grid_transaction,33,33,2,9,8,0.000,1.00,3.058,False,None,0.000,False
49.920,1,en_route_delivery,-5.210,1.399,-3.000,-1.500,joint_grid_transaction,33,33,1,9,1,0.000,1.00,-1.257,False,None,0.000,False
49.920,2,en_route_pickup,-3.033,2.059,-1.000,1.500,joint_grid_transaction,33,33,2,9,2,0.000,1.00,0.087,False,None,0.000,False
49.920,3,en_route_pickup,-3.036,2.967,-3.000,1.500,joint_grid_transaction,33,33,2,9,3,0.000,1.00,-3.108,False,joint_slot_deadline,50.308,False
49.920,4,en_route_pickup,4.179,1.873,0.000,3.500,joint_grid_transaction,33,33,2,9,4,0.000,1.00,2.425,False,joint_slot_deadline,50.308,False
49.920,5,en_route_pickup,-4.261,1.033,1.000,1.500,joint_grid_transaction,33,33,2,9,5,0.000,1.00,1.476,False,None,0.000,False
49.920,6,en_route_pickup,4.252,-0.890,-1.000,-1.500,joint_grid_transaction,33,33,2,9,6,0.000,1.00,1.666,False,None,0.000,False
49.920,7,en_route_pickup,-5.819,0.189,0.000,-3.500,joint_grid_transaction,33,33,2,9,7,0.000,1.00,0.053,False,None,0.000,False
49.920,8,en_route_pickup,6.321,-0.219,-6.000,-3.500,joint_grid_transaction,33,33,2,9,8,0.000,1.00,3.058,False,None,0.000,False
50.176,1,en_route_delivery,-5.202,1.417,-3.000,-1.500,joint_grid_transaction,33,33,1,9,1,0.000,1.00,-1.005,False,None,0.000,False
50.176,2,en_route_pickup,-3.011,2.060,-1.000,1.500,joint_grid_transaction,33,33,2,9,2,0.000,1.00,0.072,False,None,0.000,False
50.176,3,en_route_pickup,-3.036,2.967,-3.000,1.500,joint_grid_transaction,33,33,2,9,3,0.000,1.00,-3.108,False,joint_slot_deadline,50.308,False
50.176,4,en_route_pickup,4.179,1.873,0.000,3.500,joint_grid_transaction,33,33,2,9,4,0.000,1.00,2.425,False,joint_slot_deadline,50.308,False
50.176,5,en_route_pickup,-4.261,1.033,1.000,1.500,joint_grid_transaction,33,33,2,9,5,0.000,1.00,1.476,False,joint_slot_deadline,50.308,False
50.176,6,en_route_pickup,4.248,-0.931,-1.000,-1.500,joint_grid_transaction,33,33,2,9,6,0.000,1.00,1.665,False,None,0.000,False
50.176,7,en_route_pickup,-5.778,0.192,0.000,-3.500,joint_grid_transaction,33,33,2,9,7,0.000,1.00,0.073,False,None,0.000,False
50.176,8,en_route_pickup,6.287,-0.216,-6.000,-3.500,joint_grid_transaction,33,33,2,9,8,0.000,1.00,3.058,False,None,0.000,False
50.432,1,en_route_delivery,-5.203,1.416,-3.000,-1.500,joint_grid_transaction,33,33,3,9,1,0.000,1.00,-1.019,False,joint_slot_deadline,51.508,False
50.432,2,en_route_pickup,-2.990,2.061,-1.000,1.500,joint_grid_transaction,33,33,2,9,2,0.000,1.00,0.051,False,None,0.000,False
50.432,3,en_route_pickup,-3.036,2.967,-3.000,1.500,joint_grid_transaction,33,33,3,9,3,0.000,1.00,-3.101,False,joint_slot_deadline,51.508,False
50.432,4,en_route_pickup,4.173,1.868,0.000,3.500,joint_grid_transaction,33,33,3,9,4,0.000,1.00,2.479,False,None,0.000,False
50.432,5,en_route_pickup,-4.259,1.048,1.000,1.500,joint_grid_transaction,33,33,3,9,5,0.000,1.00,1.469,False,None,0.000,False
50.432,6,en_route_pickup,4.244,-0.970,-1.000,-1.500,joint_grid_transaction,33,33,2,9,6,0.000,1.00,1.665,False,None,0.000,False
50.432,7,en_route_pickup,-5.736,0.197,0.000,-3.500,joint_grid_transaction,33,33,2,9,7,0.000,1.00,0.098,False,None,0.000,False
50.432,8,en_route_pickup,6.255,-0.214,-6.000,-3.500,joint_grid_transaction,33,33,2,9,8,0.000,1.00,3.058,False,None,0.000,False
50.688,1,en_route_delivery,-5.203,1.416,-3.000,-1.500,joint_grid_transaction,33,33,3,9,1,0.000,1.00,-1.019,False,joint_slot_deadline,51.508,False
50.688,2,en_route_pickup,-2.969,2.062,-1.000,1.500,joint_grid_transaction,33,33,2,9,2,0.000,1.00,0.022,False,None,0.000,False
50.688,3,en_route_pickup,-3.036,2.967,-3.000,1.500,joint_grid_transaction,33,33,3,9,3,0.000,1.00,-3.101,False,joint_slot_deadline,51.508,False
50.688,4,en_route_pickup,4.151,1.875,0.000,3.500,joint_grid_transaction,33,33,3,9,4,0.000,1.00,2.587,False,None,0.000,False
50.688,5,en_route_pickup,-4.255,1.085,1.000,1.500,joint_grid_transaction,33,33,3,9,5,0.000,0.85,1.482,False,None,0.000,False
50.688,6,en_route_pickup,4.240,-1.009,-1.000,-1.500,joint_grid_transaction,33,33,2,9,6,0.000,1.00,1.664,False,None,0.000,False
50.688,7,en_route_pickup,-5.691,0.202,0.000,-3.500,joint_grid_transaction,33,33,2,9,7,0.000,1.00,0.117,False,None,0.000,False
50.688,8,en_route_pickup,6.225,-0.211,-6.000,-3.500,joint_grid_transaction,33,33,2,9,8,0.000,1.00,3.058,False,None,0.000,False
50.944,1,en_route_delivery,-5.203,1.416,-3.000,-1.500,joint_grid_transaction,33,33,3,9,1,0.000,1.00,-1.019,False,joint_slot_deadline,51.508,False
50.944,2,en_route_pickup,-2.938,2.062,-1.000,1.500,joint_grid_transaction,33,33,3,9,2,0.000,1.00,0.012,False,None,0.000,False
50.944,3,en_route_pickup,-3.036,2.967,-3.000,1.500,joint_grid_transaction,33,33,3,9,3,0.000,1.00,-3.101,False,joint_slot_deadline,51.508,False
50.944,4,en_route_pickup,4.109,1.897,0.000,3.500,joint_grid_transaction,33,33,3,9,4,0.000,1.00,2.694,False,None,0.000,False
50.944,5,en_route_pickup,-4.253,1.116,1.000,1.500,joint_grid_transaction,33,33,3,9,5,0.000,0.85,1.484,False,None,0.000,False
50.944,6,en_route_pickup,4.237,-1.047,-1.000,-1.500,joint_grid_transaction,33,33,3,9,6,0.000,1.00,1.664,False,None,0.000,False
50.944,7,en_route_pickup,-5.644,0.208,0.000,-3.500,joint_grid_transaction,33,33,3,9,7,0.000,1.00,0.114,False,None,0.000,False
50.944,8,en_route_pickup,6.192,-0.208,-6.000,-3.500,joint_grid_transaction,33,33,3,9,8,0.000,1.00,3.055,False,None,0.000,False
51.200,1,en_route_delivery,-5.203,1.416,-3.000,-1.500,joint_grid_transaction,33,33,3,9,1,0.000,1.00,-1.019,False,joint_slot_deadline,51.508,False
51.200,2,en_route_pickup,-2.903,2.063,-1.000,1.500,joint_grid_transaction,33,33,3,9,2,0.000,1.00,0.014,False,None,0.000,False
51.200,3,en_route_pickup,-3.036,2.967,-3.000,1.500,joint_grid_transaction,33,33,3,9,3,0.000,1.00,-3.101,False,joint_slot_deadline,51.508,False
51.200,4,en_route_pickup,4.066,1.916,0.000,3.500,joint_grid_transaction,33,33,3,9,4,0.000,1.00,2.766,False,None,0.000,False
51.200,5,en_route_pickup,-4.250,1.152,1.000,1.500,joint_grid_transaction,33,33,3,9,5,0.000,1.00,1.480,False,None,0.000,False
51.200,6,en_route_pickup,4.233,-1.086,-1.000,-1.500,joint_grid_transaction,33,33,3,9,6,0.000,1.00,1.664,False,None,0.000,False
51.200,7,en_route_pickup,-5.596,0.213,0.000,-3.500,joint_grid_transaction,33,33,3,9,7,0.000,1.00,0.111,False,None,0.000,False
51.200,8,en_route_pickup,6.158,-0.205,-6.000,-3.500,joint_grid_transaction,33,33,3,9,8,0.000,1.00,3.056,False,None,0.000,False
51.456,1,en_route_delivery,-5.203,1.416,-3.000,-1.500,joint_grid_transaction,33,33,3,9,1,0.000,1.00,-1.019,False,joint_slot_deadline,51.508,False
51.456,2,en_route_pickup,-2.868,2.063,-1.000,1.500,joint_grid_transaction,33,33,3,9,2,0.000,1.00,0.017,False,None,0.000,False
51.456,3,en_route_pickup,-3.036,2.967,-3.000,1.500,joint_grid_transaction,33,33,3,9,3,0.000,1.00,-3.101,False,joint_slot_deadline,51.508,False
51.456,4,en_route_pickup,4.021,1.932,0.000,3.500,joint_grid_transaction,33,33,3,9,4,0.000,1.00,2.816,False,None,0.000,False
51.456,5,en_route_pickup,-4.246,1.193,1.000,1.500,joint_grid_transaction,33,33,3,9,5,0.000,1.00,1.480,False,None,0.000,False
51.456,6,en_route_pickup,4.230,-1.123,-1.000,-1.500,joint_grid_transaction,33,33,3,9,6,0.000,1.00,1.663,False,None,0.000,False
51.456,7,en_route_pickup,-5.549,0.218,0.000,-3.500,joint_grid_transaction,33,33,3,9,7,0.000,1.00,0.110,False,None,0.000,False
51.456,8,en_route_pickup,6.125,-0.203,-6.000,-3.500,joint_grid_transaction,33,33,3,9,8,0.000,1.00,3.056,False,None,0.000,False
51.712,1,en_route_delivery,-5.188,1.404,-3.000,-1.500,joint_grid_transaction,33,33,4,9,1,0.000,1.00,-0.923,False,None,0.000,False
51.712,2,en_route_pickup,-2.835,2.064,-1.000,1.500,joint_grid_transaction,33,33,3,9,2,0.000,1.00,0.021,False,None,0.000,False
51.712,3,en_route_pickup,-3.033,2.966,-3.000,1.500,joint_grid_transaction,33,33,4,9,3,0.000,0.85,-2.929,False,None,0.000,False
51.712,4,en_route_pickup,3.976,1.946,0.000,3.500,joint_grid_transaction,33,33,3,9,4,0.000,1.00,2.851,False,None,0.000,False
51.712,5,en_route_pickup,-4.242,1.232,1.000,1.500,joint_grid_transaction,33,33,3,9,5,0.000,1.00,1.481,False,None,0.000,False
51.712,6,en_route_pickup,4.226,-1.160,-1.000,-1.500,joint_grid_transaction,33,33,3,9,6,0.000,1.00,1.663,False,None,0.000,False
51.712,7,en_route_pickup,-5.501,0.224,0.000,-3.500,joint_grid_transaction,33,33,3,9,7,0.000,1.00,0.109,False,None,0.000,False
51.712,8,en_route_pickup,6.094,-0.200,-6.000,-3.500,joint_grid_transaction,33,33,3,9,8,0.000,1.00,3.056,False,None,0.000,False
51.968,1,en_route_delivery,-5.171,1.383,-3.000,-1.500,joint_grid_transaction,33,33,4,9,1,0.000,1.00,-0.860,False,None,0.000,False
51.968,2,en_route_pickup,-2.804,2.064,-1.000,1.500,joint_grid_transaction,33,33,3,9,2,0.000,1.00,0.024,False,None,0.000,False
51.968,3,en_route_pickup,-3.025,2.963,-3.000,1.500,joint_grid_transaction,33,33,4,9,3,0.000,0.85,-2.774,False,None,0.000,False
51.968,4,en_route_pickup,3.931,1.959,0.000,3.500,joint_grid_transaction,33,33,4,9,4,0.000,1.00,2.914,False,None,0.000,False
51.968,5,en_route_pickup,-4.239,1.271,1.000,1.500,joint_grid_transaction,33,33,3,9,5,0.000,1.00,1.481,False,None,0.000,False
51.968,6,en_route_pickup,4.223,-1.195,-1.000,-1.500,joint_grid_transaction,33,33,3,9,6,0.000,1.00,1.663,False,None,0.000,False
51.968,7,en_route_pickup,-5.454,0.229,0.000,-3.500,joint_grid_transaction,33,33,3,9,7,0.000,1.00,0.104,False,None,0.000,False
51.968,8,en_route_pickup,6.064,-0.197,-6.000,-3.500,joint_grid_transaction,33,33,3,9,8,0.000,1.00,3.056,False,None,0.000,False
52.224,1,en_route_delivery,-5.170,1.383,-3.000,-1.500,joint_grid_transaction,34,34,1,8,1,0.000,1.00,-0.858,False,joint_slot_deadline,53.284,False
52.224,2,en_route_pickup,-2.775,2.065,-1.000,1.500,joint_grid_transaction,34,34,1,9,2,0.000,1.00,0.029,False,None,0.000,False
52.224,3,en_route_pickup,-3.027,2.956,-3.000,1.500,joint_grid_transaction,34,34,2,9,3,0.000,0.85,-2.665,False,None,0.000,False
52.224,4,en_route_pickup,3.884,1.968,0.000,3.500,joint_grid_transaction,34,34,2,9,4,0.000,1.00,2.965,False,None,0.000,False
52.224,5,en_route_pickup,-4.235,1.309,1.000,1.500,joint_grid_transaction,34,34,2,9,5,0.000,1.00,1.481,False,None,0.000,False
52.224,6,en_route_pickup,4.220,-1.229,-1.000,-1.500,joint_grid_transaction,34,34,1,9,6,0.000,1.00,1.662,False,None,0.000,False
52.224,7,en_route_pickup,-5.410,0.233,0.000,-3.500,joint_grid_transaction,34,34,2,9,7,0.000,1.00,0.099,False,None,0.000,False
52.224,8,en_route_pickup,6.035,-0.195,-6.000,-3.500,joint_grid_transaction,34,34,1,9,8,0.000,1.00,3.056,False,None,0.000,False
52.480,1,en_route_delivery,-5.170,1.383,-3.000,-1.500,joint_grid_transaction,34,34,1,8,1,0.000,1.00,-0.858,False,joint_slot_deadline,53.284,False
52.480,2,en_route_pickup,-2.748,2.066,-1.000,1.500,joint_grid_transaction,34,34,1,9,2,0.000,1.00,0.033,False,None,0.000,False
52.480,3,en_route_pickup,-3.056,2.939,-3.000,1.500,joint_grid_transaction,34,34,2,9,3,0.000,0.85,-2.577,False,None,0.000,False
52.480,4,en_route_pickup,3.837,1.976,0.000,3.500,joint_grid_transaction,34,34,2,9,4,0.000,1.00,3.005,False,None,0.000,False
52.480,5,en_route_pickup,-4.232,1.347,1.000,1.500,joint_grid_transaction,34,34,2,9,5,0.000,1.00,1.482,False,None,0.000,False
52.480,6,en_route_pickup,4.217,-1.261,-1.000,-1.500,joint_grid_transaction,34,34,1,9,6,0.000,1.00,1.662,False,None,0.000,False
52.480,7,en_route_pickup,-5.367,0.238,0.000,-3.500,joint_grid_transaction,34,34,2,9,7,0.000,1.00,0.098,False,None,0.000,False
52.480,8,en_route_pickup,6.010,-0.193,-6.000,-3.500,joint_grid_transaction,34,34,1,9,8,0.000,1.00,3.063,False,None,0.000,False
52.736,1,en_route_delivery,-5.170,1.383,-3.000,-1.500,joint_grid_transaction,34,34,1,8,1,0.000,1.00,-0.858,False,joint_slot_deadline,53.284,False
52.736,2,en_route_pickup,-2.726,2.066,-1.000,1.500,joint_grid_transaction,34,34,1,9,2,0.000,1.00,0.011,False,None,0.000,False
52.736,3,en_route_pickup,-3.092,2.914,-3.000,1.500,joint_grid_transaction,34,34,2,9,3,0.000,1.00,-2.491,False,None,0.000,False
52.736,4,en_route_pickup,3.790,1.981,0.000,3.500,joint_grid_transaction,34,34,2,9,4,0.000,1.00,3.032,False,None,0.000,False
52.736,5,en_route_pickup,-4.229,1.385,1.000,1.500,joint_grid_transaction,34,34,2,9,5,0.000,1.00,1.482,False,None,0.000,False
52.736,6,en_route_pickup,4.214,-1.292,-1.000,-1.500,joint_grid_transaction,34,34,1,9,6,0.000,1.00,1.664,False,None,0.000,False
52.736,7,en_route_pickup,-5.324,0.242,0.000,-3.500,joint_grid_transaction,34,34,2,9,7,0.000,1.00,0.098,False,None,0.000,False
52.736,8,en_route_pickup,5.989,-0.192,-6.000,-3.500,joint_grid_transaction,34,34,1,9,8,0.000,1.00,3.083,False,None,0.000,False
52.992,1,en_route_delivery,-5.170,1.383,-3.000,-1.500,joint_grid_transaction,34,34,1,8,1,0.000,1.00,-0.858,False,joint_slot_deadline,53.284,False
52.992,2,en_route_pickup,-2.699,2.066,-1.000,1.500,joint_grid_transaction,34,34,2,9,2,0.000,1.00,0.009,False,None,0.000,False
52.992,3,en_route_pickup,-3.099,2.909,-3.000,1.500,joint_grid_transaction,34,34,2,9,3,0.000,1.00,-2.476,False,joint_slot_deadline,53.284,False
52.992,4,en_route_pickup,3.743,1.986,0.000,3.500,joint_grid_transaction,34,34,2,9,4,0.000,1.00,3.045,False,None,0.000,False
52.992,5,en_route_pickup,-4.225,1.421,1.000,1.500,joint_grid_transaction,34,34,2,9,5,0.000,1.00,1.482,False,None,0.000,False
52.992,6,en_route_pickup,4.211,-1.327,-1.000,-1.500,joint_grid_transaction,34,34,2,9,6,0.000,1.00,1.664,False,None,0.000,False
52.992,7,en_route_pickup,-5.282,0.246,0.000,-3.500,joint_grid_transaction,34,34,2,9,7,0.000,1.00,0.097,False,None,0.000,False
52.992,8,en_route_pickup,5.968,-0.191,-6.000,-3.500,joint_grid_transaction,34,34,1,9,8,0.000,1.00,3.111,False,None,0.000,False
53.248,1,en_route_delivery,-5.170,1.383,-3.000,-1.500,joint_grid_transaction,34,34,1,8,1,0.000,0.85,-0.858,False,joint_slot_deadline,53.284,False
53.248,2,en_route_pickup,-2.661,2.066,-1.000,1.500,joint_grid_transaction,34,34,2,9,2,0.000,1.00,0.013,False,None,0.000,False
53.248,3,en_route_pickup,-3.099,2.909,-3.000,1.500,joint_grid_transaction,34,34,2,9,3,0.000,1.00,-2.476,False,joint_slot_deadline,53.284,False
53.248,4,en_route_pickup,3.718,1.989,0.000,3.500,joint_grid_transaction,34,34,2,9,4,0.000,1.00,3.045,False,None,0.000,False
53.248,5,en_route_pickup,-4.222,1.456,1.000,1.500,joint_grid_transaction,34,34,2,9,5,0.000,1.00,1.482,False,None,0.000,False
53.248,6,en_route_pickup,4.208,-1.360,-1.000,-1.500,joint_grid_transaction,34,34,2,9,6,0.000,1.00,1.663,False,None,0.000,False
53.248,7,en_route_pickup,-5.240,0.250,0.000,-3.500,joint_grid_transaction,34,34,2,9,7,0.000,1.00,0.097,False,None,0.000,False
53.248,8,en_route_pickup,5.936,-0.190,-6.000,-3.500,joint_grid_transaction,34,34,2,9,8,0.000,1.00,3.112,False,None,0.000,False
53.504,1,en_route_delivery,-5.170,1.382,-3.000,-1.500,joint_grid_transaction,34,34,2,8,1,0.000,0.85,-0.857,False,joint_slot_deadline,54.484,False
53.504,2,en_route_pickup,-2.624,2.065,-1.000,1.500,joint_grid_transaction,34,34,2,9,2,0.000,1.00,0.018,False,None,0.000,False
53.504,3,en_route_pickup,-3.098,2.907,-3.000,1.500,joint_grid_transaction,34,34,3,9,3,0.000,1.00,-2.462,False,joint_slot_deadline,54.484,False
53.504,4,en_route_pickup,3.687,1.992,0.000,3.500,joint_grid_transaction,34,34,3,9,4,0.000,1.00,3.039,False,None,0.000,False
53.504,5,en_route_pickup,-4.219,1.490,1.000,1.500,joint_grid_transaction,34,34,2,9,5,0.000,1.00,1.483,False,None,0.000,False
53.504,6,en_route_pickup,4.205,-1.393,-1.000,-1.500,joint_grid_transaction,34,34,2,9,6,0.000,1.00,1.663,False,None,0.000,False
53.504,7,en_route_pickup,-5.200,0.254,0.000,-3.500,joint_grid_transaction,34,34,3,9,7,0.000,1.00,0.096,False,None,0.000,False
53.504,8,en_route_pickup,5.902,-0.189,-6.000,-3.500,joint_grid_transaction,34,34,2,9,8,0.000,1.00,3.106,False,None,0.000,False
53.760,1,en_route_delivery,-5.170,1.382,-3.000,-1.500,joint_grid_transaction,34,34,2,8,1,0.000,0.85,-0.857,False,joint_slot_deadline,54.484,False
53.760,2,en_route_pickup,-2.586,2.064,-1.000,1.500,joint_grid_transaction,34,34,2,9,2,0.000,1.00,0.024,False,None,0.000,False
53.760,3,en_route_pickup,-3.098,2.907,-3.000,1.500,joint_grid_transaction,34,34,3,9,3,0.000,1.00,-2.462,False,joint_slot_deadline,54.484,False
53.760,4,en_route_pickup,3.646,1.996,0.000,3.500,joint_grid_transaction,34,34,3,9,4,0.000,1.00,3.039,False,None,0.000,False
53.760,5,en_route_pickup,-4.216,1.522,1.000,1.500,joint_grid_transaction,34,34,2,9,5,0.000,1.00,1.483,False,None,0.000,False
53.760,6,en_route_pickup,4.202,-1.424,-1.000,-1.500,joint_grid_transaction,34,34,2,9,6,0.000,1.00,1.663,False,None,0.000,False
53.760,7,en_route_pickup,-5.160,0.258,0.000,-3.500,joint_grid_transaction,34,34,3,9,7,0.000,1.00,0.096,False,None,0.000,False
53.760,8,en_route_pickup,5.870,-0.188,-6.000,-3.500,joint_grid_transaction,34,34,2,9,8,0.000,1.00,3.099,False,None,0.000,False
54.016,1,en_route_delivery,-5.170,1.382,-3.000,-1.500,joint_grid_transaction,34,34,2,8,1,0.000,0.85,-0.857,False,joint_slot_deadline,54.484,False
54.016,2,en_route_pickup,-2.549,2.062,-1.000,1.500,joint_grid_transaction,34,34,2,9,2,0.000,1.00,0.034,False,None,0.000,False
54.016,3,en_route_pickup,-3.098,2.907,-3.000,1.500,joint_grid_transaction,34,34,3,9,3,0.000,1.00,-2.462,False,joint_slot_deadline,54.484,False
54.016,4,en_route_pickup,3.605,2.000,0.000,3.500,joint_grid_transaction,34,34,3,9,4,0.000,1.00,3.040,False,None,0.000,False
54.016,5,en_route_pickup,-4.213,1.555,1.000,1.500,joint_grid_transaction,34,34,3,9,5,0.000,1.00,1.480,False,None,0.000,False
54.016,6,en_route_pickup,4.199,-1.453,-1.000,-1.500,joint_grid_transaction,34,34,2,9,6,0.000,1.00,1.662,False,None,0.000,False
54.016,7,en_route_pickup,-5.121,0.261,0.000,-3.500,joint_grid_transaction,34,34,3,9,7,0.000,1.00,0.095,False,None,0.000,False
54.016,8,en_route_pickup,5.839,-0.186,-6.000,-3.500,joint_grid_transaction,34,34,2,9,8,0.000,1.00,3.091,False,None,0.000,False
54.272,1,en_route_delivery,-5.170,1.382,-3.000,-1.500,joint_grid_transaction,34,34,2,8,1,0.000,0.70,-0.857,False,joint_slot_deadline,54.484,False
54.272,2,en_route_pickup,-2.512,2.060,-1.000,1.500,joint_grid_transaction,34,34,2,9,2,0.000,1.00,0.047,False,None,0.000,False
54.272,3,en_route_pickup,-3.098,2.907,-3.000,1.500,joint_grid_transaction,34,34,3,9,3,0.000,0.55,-2.462,False,joint_slot_deadline,54.484,False
54.272,4,en_route_pickup,3.566,2.004,0.000,3.500,joint_grid_transaction,34,34,3,9,4,0.000,1.00,3.041,False,None,0.000,False
54.272,5,en_route_pickup,-4.210,1.589,1.000,1.500,joint_grid_transaction,34,34,3,9,5,0.000,1.00,1.481,False,None,0.000,False
54.272,6,en_route_pickup,4.197,-1.481,-1.000,-1.500,joint_grid_transaction,34,34,2,9,6,0.000,1.00,1.662,False,None,0.000,False
54.272,7,en_route_pickup,-5.083,0.265,0.000,-3.500,joint_grid_transaction,34,34,3,9,7,0.000,1.00,0.095,False,None,0.000,False
54.272,8,en_route_pickup,5.810,-0.185,-6.000,-3.500,joint_grid_transaction,34,34,2,9,8,0.000,1.00,3.085,False,None,0.000,False
54.528,1,en_route_delivery,-5.168,1.383,-3.000,-1.500,joint_grid_transaction,34,34,2,8,1,0.000,0.70,-0.847,False,joint_slot_deadline,54.484,False
54.528,2,en_route_pickup,-2.474,2.056,-1.000,1.500,joint_grid_transaction,34,34,2,9,2,0.000,1.00,0.066,False,None,0.000,False
54.528,3,en_route_pickup,-3.096,2.907,-3.000,1.500,joint_grid_transaction,34,34,3,9,3,0.000,0.55,-2.452,False,joint_slot_deadline,54.484,False
54.528,4,en_route_pickup,3.527,2.008,0.000,3.500,joint_grid_transaction,34,34,3,9,4,0.000,1.00,3.041,False,None,0.000,False
54.528,5,en_route_pickup,-4.207,1.623,1.000,1.500,joint_grid_transaction,34,34,3,9,5,0.000,1.00,1.481,False,None,0.000,False
54.528,6,en_route_pickup,4.195,-1.505,-1.000,-1.500,joint_grid_transaction,34,34,2,9,6,0.000,1.00,1.652,False,None,0.000,False
54.528,7,en_route_pickup,-5.046,0.268,0.000,-3.500,joint_grid_transaction,34,34,3,9,7,0.000,1.00,0.094,False,None,0.000,False
54.528,8,en_route_pickup,5.783,-0.183,-6.000,-3.500,joint_grid_transaction,34,34,2,9,8,0.000,1.00,3.084,False,None,0.000,False
54.784,1,en_route_delivery,-5.163,1.389,-3.000,-1.500,joint_grid_transaction,34,34,3,8,1,0.000,0.55,-0.800,False,None,0.000,False
54.784,2,en_route_pickup,-2.430,2.052,-1.000,1.500,joint_grid_transaction,34,34,3,9,2,0.000,1.00,0.087,False,None,0.000,False
54.784,3,en_route_pickup,-3.096,2.906,-3.000,1.500,joint_grid_transaction,34,34,4,9,3,55.028,0.55,-2.448,False,None,0.000,False
54.784,4,en_route_pickup,3.489,2.012,0.000,3.500,joint_grid_transaction,34,34,3,9,4,0.000,1.00,3.042,False,None,0.000,False
54.784,5,en_route_pickup,-4.204,1.655,1.000,1.500,joint_grid_transaction,34,34,3,9,5,0.000,1.00,1.481,False,None,0.000,False
54.784,6,en_route_pickup,4.194,-1.525,-1.000,-1.500,joint_grid_transaction,34,34,2,9,6,0.000,1.00,1.624,False,None,0.000,False
54.784,7,en_route_pickup,-5.011,0.272,0.000,-3.500,joint_grid_transaction,34,34,3,9,7,0.000,1.00,0.094,False,None,0.000,False
54.784,8,en_route_pickup,5.760,-0.182,-6.000,-3.500,joint_grid_transaction,34,34,2,9,8,0.000,1.00,3.100,False,None,0.000,False
55.040,1,en_route_delivery,-5.159,1.393,-3.000,-1.500,joint_grid_transaction,34,34,3,8,1,0.000,0.55,-0.762,False,None,0.000,False
55.040,2,en_route_pickup,-2.382,2.048,-1.000,1.500,joint_grid_transaction,34,34,3,9,2,0.000,1.00,0.102,False,None,0.000,False
55.040,3,en_route_pickup,-3.096,2.906,-3.000,1.500,joint_grid_transaction,34,34,4,9,3,0.000,0.55,-2.448,False,None,0.000,False
55.040,4,en_route_pickup,3.452,2.016,0.000,3.500,joint_grid_transaction,34,34,3,9,4,0.000,1.00,3.042,False,None,0.000,False
55.040,5,en_route_pickup,-4.202,1.686,1.000,1.500,joint_grid_transaction,34,34,3,9,5,0.000,1.00,1.482,False,None,0.000,False
55.040,6,en_route_pickup,4.193,-1.551,-1.000,-1.500,joint_grid_transaction,34,34,2,9,6,0.000,1.00,1.610,False,None,0.000,False
55.040,7,en_route_pickup,-4.977,0.275,0.000,-3.500,joint_grid_transaction,34,34,3,9,7,0.000,1.00,0.093,False,None,0.000,False
55.040,8,en_route_pickup,5.738,-0.182,-6.000,-3.500,joint_grid_transaction,34,34,2,9,8,0.000,1.00,3.123,False,None,0.000,False
55.296,1,en_route_delivery,-5.157,1.394,-3.000,-1.500,joint_grid_transaction,35,35,1,8,1,0.000,0.55,-0.753,False,joint_slot_deadline,56.292,False
55.296,2,en_route_pickup,-2.336,2.043,-1.000,1.500,joint_grid_transaction,35,35,2,9,2,0.000,1.00,0.116,False,None,0.000,False
55.296,3,en_route_pickup,-3.088,2.899,-3.000,1.500,joint_grid_transaction,34,34,4,9,3,0.000,0.55,-2.377,False,None,0.000,False
55.296,4,en_route_pickup,3.415,2.019,0.000,3.500,joint_grid_transaction,35,35,2,9,4,0.000,1.00,3.044,False,None,0.000,False
55.296,5,en_route_pickup,-4.199,1.715,1.000,1.500,joint_grid_transaction,35,35,1,8,5,0.000,1.00,1.482,False,None,0.000,False
55.296,6,en_route_pickup,4.192,-1.584,-1.000,-1.500,joint_grid_transaction,35,35,2,9,6,0.000,1.00,1.613,False,None,0.000,False
55.296,7,en_route_pickup,-4.942,0.278,0.000,-3.500,joint_grid_transaction,35,35,2,9,7,0.000,1.00,0.095,False,None,0.000,False
55.296,8,en_route_pickup,5.716,-0.182,-6.000,-3.500,joint_grid_transaction,35,35,1,9,8,0.000,1.00,-3.136,False,None,0.000,False
55.552,1,en_route_delivery,-5.157,1.394,-3.000,-1.500,joint_grid_transaction,35,35,1,8,1,0.000,0.55,-0.753,False,joint_slot_deadline,56.292,False
55.552,2,en_route_pickup,-2.288,2.037,-1.000,1.500,joint_grid_transaction,35,35,2,9,2,0.000,1.00,0.120,False,None,0.000,False
55.552,3,en_route_pickup,-3.078,2.889,-3.000,1.500,joint_grid_transaction,34,34,4,9,3,0.000,1.00,-2.297,False,None,0.000,False
55.552,4,en_route_pickup,3.378,2.023,0.000,3.500,joint_grid_transaction,35,35,2,9,4,0.000,1.00,3.044,False,None,0.000,False
55.552,5,en_route_pickup,-4.197,1.743,1.000,1.500,joint_grid_transaction,35,35,1,8,5,0.000,1.00,1.482,False,None,0.000,False
55.552,6,en_route_pickup,4.190,-1.617,-1.000,-1.500,joint_grid_transaction,35,35,2,9,6,0.000,1.00,1.621,False,None,0.000,False
55.552,7,en_route_pickup,-4.906,0.282,0.000,-3.500,joint_grid_transaction,35,35,2,9,7,0.000,1.00,0.094,False,None,0.000,False
55.552,8,en_route_pickup,5.683,-0.183,-6.000,-3.500,joint_grid_transaction,35,35,2,9,8,0.000,1.00,-3.118,False,None,0.000,False
55.808,1,en_route_delivery,-5.157,1.394,-3.000,-1.500,joint_grid_transaction,35,35,1,8,1,0.000,0.55,-0.753,False,joint_slot_deadline,56.292,False
55.808,2,en_route_pickup,-2.241,2.031,-1.000,1.500,joint_grid_transaction,35,35,2,9,2,0.000,1.00,0.124,False,None,0.000,False
55.808,3,en_route_pickup,-3.058,2.864,-3.000,1.500,joint_grid_transaction,34,34,4,9,3,0.000,1.00,-2.047,False,None,0.000,False
55.808,4,en_route_pickup,3.342,2.027,0.000,3.500,joint_grid_transaction,35,35,2,9,4,0.000,1.00,3.045,False,None,0.000,False
55.808,5,en_route_pickup,-4.195,1.764,1.000,1.500,joint_grid_transaction,35,35,1,8,5,0.000,1.00,1.504,False,None,0.000,False
55.808,6,en_route_pickup,4.189,-1.648,-1.000,-1.500,joint_grid_transaction,35,35,2,9,6,0.000,1.00,1.628,False,None,0.000,False
55.808,7,en_route_pickup,-4.872,0.285,0.000,-3.500,joint_grid_transaction,35,35,2,9,7,0.000,1.00,0.094,False,None,0.000,False
55.808,8,en_route_pickup,5.643,-0.184,-6.000,-3.500,joint_grid_transaction,35,35,2,9,8,0.000,1.00,-3.109,False,None,0.000,False
56.064,1,en_route_delivery,-5.157,1.394,-3.000,-1.500,joint_grid_transaction,35,35,1,8,1,0.000,0.55,-0.753,False,joint_slot_deadline,56.292,False
56.064,2,en_route_pickup,-2.217,2.028,-1.000,1.500,joint_grid_transaction,35,35,2,9,2,0.000,1.00,0.125,False,joint_slot_deadline,56.292,False
56.064,3,en_route_pickup,-3.051,2.850,-3.000,1.500,joint_grid_transaction,34,34,4,9,3,0.000,1.00,-1.831,False,None,0.000,False
56.064,4,en_route_pickup,3.308,2.030,0.000,3.500,joint_grid_transaction,35,35,2,9,4,0.000,1.00,3.045,False,None,0.000,False
56.064,5,en_route_pickup,-4.194,1.785,1.000,1.500,joint_grid_transaction,35,35,1,8,5,0.000,1.00,1.525,False,None,0.000,False
56.064,6,en_route_pickup,4.187,-1.678,-1.000,-1.500,joint_grid_transaction,35,35,2,9,6,0.000,1.00,1.630,False,None,0.000,False
56.064,7,en_route_pickup,-4.838,0.288,0.000,-3.500,joint_grid_transaction,35,35,2,9,7,0.000,1.00,0.093,False,None,0.000,False
56.064,8,en_route_pickup,5.603,-0.186,-6.000,-3.500,joint_grid_transaction,35,35,2,9,8,0.000,1.00,-3.097,False,None,0.000,False
56.320,1,en_route_delivery,-5.157,1.394,-3.000,-1.500,joint_grid_transaction,35,35,1,8,1,0.000,0.55,-0.750,False,joint_slot_deadline,56.292,False
56.320,2,en_route_pickup,-2.216,2.028,-1.000,1.500,joint_grid_transaction,35,35,2,9,2,0.000,1.00,0.126,False,joint_slot_deadline,56.292,False
56.320,3,en_route_pickup,-3.051,2.838,-3.000,1.500,joint_grid_transaction,34,34,4,9,3,0.000,1.00,-1.715,False,None,0.000,False
56.320,4,en_route_pickup,3.275,2.033,0.000,3.500,joint_grid_transaction,35,35,2,9,4,0.000,1.00,3.046,False,None,0.000,False
56.320,5,en_route_pickup,-4.194,1.788,1.000,1.500,joint_grid_transaction,35,35,1,8,5,0.000,1.00,1.525,False,joint_slot_deadline,56.292,False
56.320,6,en_route_pickup,4.185,-1.706,-1.000,-1.500,joint_grid_transaction,35,35,2,9,6,0.000,1.00,1.630,False,None,0.000,False
56.320,7,en_route_pickup,-4.806,0.291,0.000,-3.500,joint_grid_transaction,35,35,2,9,7,0.000,1.00,0.093,False,None,0.000,False
56.320,8,en_route_pickup,5.563,-0.189,-6.000,-3.500,joint_grid_transaction,35,35,2,9,8,0.000,1.00,-3.081,False,None,0.000,False
56.576,1,en_route_delivery,-5.152,1.398,-3.000,-1.500,joint_grid_transaction,35,35,2,8,1,0.000,0.55,-0.716,False,None,0.000,False
56.576,2,en_route_pickup,-2.174,2.022,-1.000,1.500,joint_grid_transaction,35,35,3,9,2,0.000,1.00,0.125,False,None,0.000,False
56.576,3,en_route_pickup,-3.054,2.815,-3.000,1.500,joint_grid_transaction,34,34,4,9,3,0.000,1.00,-1.701,False,None,0.000,False
56.576,4,en_route_pickup,3.244,2.036,0.000,3.500,joint_grid_transaction,35,35,2,9,4,0.000,1.00,3.046,False,None,0.000,False
56.576,5,en_route_pickup,-4.192,1.780,1.000,1.500,joint_grid_transaction,35,35,2,8,5,0.000,1.00,1.264,False,None,0.000,False
56.576,6,en_route_pickup,4.184,-1.732,-1.000,-1.500,joint_grid_transaction,35,35,2,9,6,0.000,1.00,1.624,False,None,0.000,False
56.576,7,en_route_pickup,-4.776,0.294,0.000,-3.500,joint_grid_transaction,35,35,2,9,7,0.000,1.00,0.092,False,None,0.000,False
56.576,8,en_route_pickup,5.521,-0.193,-6.000,-3.500,joint_grid_transaction,35,35,2,9,8,0.000,1.00,-3.060,False,None,0.000,False
56.832,1,en_route_delivery,-5.149,1.401,-3.000,-1.500,joint_grid_transaction,35,35,2,8,1,0.000,0.55,-0.684,False,None,0.000,False
56.832,2,en_route_pickup,-2.128,2.017,-1.000,1.500,joint_grid_transaction,35,35,3,9,2,0.000,1.00,0.104,False,None,0.000,False
56.832,3,en_route_pickup,-3.056,2.794,-3.000,1.500,joint_grid_transaction,34,34,4,9,3,0.000,1.00,-1.676,False,None,0.000,False
56.832,4,en_route_pickup,3.215,2.039,0.000,3.500,joint_grid_transaction,35,35,2,9,4,0.000,1.00,3.047,False,None,0.000,False
56.832,5,en_route_pickup,-4.183,1.785,1.000,1.500,joint_grid_transaction,35,35,2,8,5,0.000,1.00,1.125,False,None,0.000,False
56.832,6,en_route_pickup,4.183,-1.754,-1.000,-1.500,joint_grid_transaction,35,35,2,9,6,0.000,1.00,1.603,False,None,0.000,False
56.832,7,en_route_pickup,-4.747,0.297,0.000,-3.500,joint_grid_transaction,35,35,2,9,7,0.000,1.00,0.092,False,None,0.000,False
56.832,8,en_route_pickup,5.478,-0.198,-6.000,-3.500,joint_grid_transaction,35,35,2,9,8,0.000,1.00,-3.031,False,None,0.000,False
57.088,1,en_route_delivery,-5.143,1.399,-3.000,-1.500,joint_grid_transaction,35,35,2,8,1,0.000,0.55,-0.649,False,None,0.000,False
57.088,2,en_route_pickup,-2.084,2.013,-1.000,1.500,joint_grid_transaction,35,35,3,9,2,0.000,1.00,0.097,False,None,0.000,False
57.088,3,en_route_pickup,-3.058,2.773,-3.000,1.500,joint_grid_transaction,34,34,4,9,3,0.000,1.00,-1.656,False,None,0.000,False
57.088,4,en_route_pickup,3.181,2.042,0.000,3.500,joint_grid_transaction,35,35,3,9,4,0.000,1.00,3.045,False,None,0.000,False
57.088,5,en_route_pickup,-4.160,1.826,1.000,1.500,joint_grid_transaction,35,35,2,8,5,0.000,1.00,1.012,False,None,0.000,False
57.088,6,en_route_pickup,4.183,-1.776,-1.000,-1.500,joint_grid_transaction,35,35,2,9,6,0.000,1.00,1.580,False,None,0.000,False
57.088,7,en_route_pickup,-4.723,0.298,0.000,-3.500,joint_grid_transaction,35,35,2,9,7,0.000,1.00,0.079,False,None,0.000,False
57.088,8,en_route_pickup,5.432,-0.204,-6.000,-3.500,joint_grid_transaction,35,35,3,9,8,0.000,1.00,-3.020,False,None,0.000,False
57.344,1,en_route_delivery,-5.131,1.391,-3.000,-1.500,joint_grid_transaction,35,35,2,8,1,0.000,0.55,-0.607,False,None,0.000,False
57.344,2,en_route_pickup,-2.041,2.008,-1.000,1.500,joint_grid_transaction,35,35,3,9,2,0.000,1.00,0.097,False,None,0.000,False
57.344,3,en_route_pickup,-3.059,2.752,-3.000,1.500,joint_grid_transaction,34,34,4,9,3,0.000,1.00,-1.637,False,None,0.000,False
57.344,4,en_route_pickup,3.148,2.045,0.000,3.500,joint_grid_transaction,35,35,3,9,4,0.000,1.00,3.045,False,None,0.000,False
57.344,5,en_route_pickup,-4.151,1.841,1.000,1.500,joint_grid_transaction,35,35,2,8,5,0.000,1.00,0.977,False,joint_slot_deadline,57.492,False
57.344,6,en_route_pickup,4.183,-1.792,-1.000,-1.500,joint_grid_transaction,35,35,3,9,6,0.000,1.00,1.646,False,None,0.000,False
57.344,7,en_route_pickup,-4.696,0.300,0.000,-3.500,joint_grid_transaction,35,35,3,9,7,0.000,1.00,0.073,False,None,0.000,False
57.344,8,en_route_pickup,5.385,-0.210,-6.000,-3.500,joint_grid_transaction,35,35,3,9,8,0.000,1.00,-3.026,False,None,0.000,False
57.600,1,en_route_delivery,-5.119,1.383,-3.000,-1.500,joint_grid_transaction,35,35,2,8,1,0.000,0.55,-0.570,False,None,0.000,False
57.600,2,en_route_pickup,-1.998,2.004,-1.000,1.500,joint_grid_transaction,35,35,3,9,2,0.000,1.00,0.096,False,None,0.000,False
57.600,3,en_route_pickup,-3.060,2.736,-3.000,1.500,joint_grid_transaction,34,34,4,9,3,58.020,1.00,-1.621,False,None,0.000,False
57.600,4,en_route_pickup,3.116,2.048,0.000,3.500,joint_grid_transaction,35,35,3,9,4,0.000,1.00,3.046,False,None,0.000,False
57.600,5,en_route_pickup,-4.145,1.834,1.000,1.500,joint_grid_transaction,35,35,2,8,5,0.000,1.00,0.910,False,joint_slot_deadline,57.492,False
57.600,6,en_route_pickup,4.181,-1.783,-1.000,-1.500,joint_grid_transaction,35,35,3,9,6,0.000,1.00,1.892,False,None,0.000,False
57.600,7,en_route_pickup,-4.662,0.303,0.000,-3.500,joint_grid_transaction,35,35,3,9,7,0.000,1.00,0.074,False,None,0.000,False
57.600,8,en_route_pickup,5.337,-0.215,-6.000,-3.500,joint_grid_transaction,35,35,3,9,8,0.000,1.00,-3.030,False,None,0.000,False
57.856,1,en_route_delivery,-5.107,1.376,-3.000,-1.500,joint_grid_transaction,35,35,2,8,1,0.000,0.55,-0.537,False,None,0.000,False
57.856,2,en_route_pickup,-1.957,2.000,-1.000,1.500,joint_grid_transaction,35,35,3,9,2,0.000,1.00,0.096,False,None,0.000,False
57.856,3,en_route_pickup,-3.060,2.736,-3.000,1.500,joint_grid_transaction,34,34,4,9,3,58.020,1.00,-1.621,False,None,0.000,False
57.856,4,en_route_pickup,3.086,2.051,0.000,3.500,joint_grid_transaction,35,35,3,9,4,0.000,1.00,3.046,False,None,0.000,False
57.856,5,en_route_pickup,-4.132,1.819,1.000,1.500,joint_grid_transaction,35,35,3,8,5,0.000,1.00,0.783,False,None,0.000,False
57.856,6,en_route_pickup,4.169,-1.798,-1.000,-1.500,joint_grid_transaction,35,35,3,9,6,0.000,1.00,2.021,False,None,0.000,False
57.856,7,en_route_pickup,-4.630,0.305,0.000,-3.500,joint_grid_transaction,35,35,3,9,7,0.000,1.00,0.074,False,None,0.000,False
57.856,8,en_route_pickup,5.290,-0.220,-6.000,-3.500,joint_grid_transaction,35,35,3,9,8,0.000,1.00,-3.033,False,None,0.000,False
58.112,1,en_route_delivery,-5.096,1.369,-3.000,-1.500,joint_grid_transaction,36,35,2,9,1,0.000,0.55,-0.512,False,None,0.000,False
58.112,2,en_route_pickup,-1.917,1.996,-1.000,1.500,joint_grid_transaction,36,35,4,7,2,0.000,1.00,0.095,False,None,0.000,False
58.112,3,en_route_pickup,-3.060,2.730,-3.000,1.500,joint_grid_transaction,34,34,4,9,3,0.000,1.00,-1.616,False,None,0.000,False
58.112,4,en_route_pickup,3.057,2.054,0.000,3.500,joint_grid_transaction,36,35,3,8,4,0.000,1.00,3.047,False,None,0.000,False
58.112,5,en_route_pickup,-4.109,1.831,1.000,1.500,joint_grid_transaction,36,35,3,9,5,0.000,1.00,0.693,False,None,0.000,False
58.112,6,en_route_pickup,4.148,-1.839,-1.000,-1.500,joint_grid_transaction,36,35,3,9,6,0.000,1.00,2.110,False,None,0.000,False
58.112,7,en_route_pickup,-4.599,0.307,0.000,-3.500,joint_grid_transaction,36,35,3,9,7,0.000,1.00,0.066,False,None,0.000,False
58.112,8,en_route_pickup,5.243,-0.225,-6.000,-3.500,joint_grid_transaction,36,35,3,9,8,0.000,1.00,-3.033,False,None,0.000,False
58.368,1,en_route_delivery,-5.084,1.362,-3.000,-1.500,joint_grid_transaction,36,36,2,9,1,0.000,0.55,-0.487,False,None,0.000,False
58.368,2,en_route_pickup,-1.877,1.993,-1.000,1.500,joint_grid_transaction,36,36,2,7,2,0.000,1.00,0.095,False,None,0.000,False
58.368,3,en_route_pickup,-3.060,2.710,-3.000,1.500,joint_grid_transaction,34,34,4,9,3,0.000,1.00,-1.574,False,None,0.000,False
58.368,4,en_route_pickup,3.030,2.057,0.000,3.500,joint_grid_transaction,36,36,1,8,4,0.000,1.00,3.047,False,None,0.000,False
58.368,5,en_route_pickup,-4.108,1.834,1.000,1.500,joint_grid_transaction,36,36,2,9,5,0.000,1.00,0.721,False,joint_slot_deadline,59.284,False
58.368,6,en_route_pickup,4.147,-1.841,-1.000,-1.500,joint_grid_transaction,36,36,2,9,6,0.000,1.00,2.110,False,joint_slot_deadline,59.284,False
58.368,7,en_route_pickup,-4.569,0.309,0.000,-3.500,joint_grid_transaction,36,36,2,9,7,0.000,1.00,0.067,False,None,0.000,False
58.368,8,en_route_pickup,5.196,-0.230,-6.000,-3.500,joint_grid_transaction,36,36,1,9,8,0.000,1.00,-3.039,False,None,0.000,False
58.624,1,en_route_delivery,-5.071,1.355,-3.000,-1.500,joint_grid_transaction,36,36,2,9,1,0.000,0.55,-0.463,False,None,0.000,False
58.624,2,en_route_pickup,-1.838,1.989,-1.000,1.500,joint_grid_transaction,36,36,2,7,2,0.000,1.00,0.094,False,None,0.000,False
58.624,3,en_route_pickup,-3.058,2.721,-3.000,1.500,joint_grid_transaction,34,34,5,9,3,0.000,1.00,-1.215,False,None,0.000,False
58.624,4,en_route_pickup,3.008,2.058,0.000,3.500,joint_grid_transaction,36,36,1,8,4,0.000,1.00,3.062,False,None,0.000,False
58.624,5,en_route_pickup,-4.108,1.834,1.000,1.500,joint_grid_transaction,36,36,2,9,5,0.000,1.00,0.721,False,joint_slot_deadline,59.284,False
58.624,6,en_route_pickup,4.147,-1.841,-1.000,-1.500,joint_grid_transaction,36,36,2,9,6,0.000,1.00,2.110,False,joint_slot_deadline,59.284,False
58.624,7,en_route_pickup,-4.541,0.311,0.000,-3.500,joint_grid_transaction,36,36,2,9,7,0.000,1.00,0.067,False,None,0.000,False
58.624,8,en_route_pickup,5.153,-0.235,-6.000,-3.500,joint_grid_transaction,36,36,2,9,8,0.000,1.00,-3.042,False,None,0.000,False
58.880,1,en_route_delivery,-5.058,1.349,-3.000,-1.500,joint_grid_transaction,36,36,2,9,1,0.000,0.55,-0.442,False,None,0.000,False
58.880,2,en_route_pickup,-1.800,1.985,-1.000,1.500,joint_grid_transaction,36,36,2,7,2,0.000,1.00,0.094,False,None,0.000,False
58.880,3,en_route_pickup,-3.051,2.735,-3.000,1.500,joint_grid_transaction,34,34,5,9,3,0.000,1.00,-1.031,False,None,0.000,False
58.880,4,en_route_pickup,2.987,2.059,0.000,3.500,joint_grid_transaction,36,36,1,8,4,0.000,1.00,3.089,False,None,0.000,False
58.880,5,en_route_pickup,-4.108,1.834,1.000,1.500,joint_grid_transaction,36,36,2,9,5,0.000,1.00,0.721,False,joint_slot_deadline,59.284,False
58.880,6,en_route_pickup,4.147,-1.841,-1.000,-1.500,joint_grid_transaction,36,36,2,9,6,0.000,1.00,2.110,False,joint_slot_deadline,59.284,False
58.880,7,en_route_pickup,-4.514,0.313,0.000,-3.500,joint_grid_transaction,36,36,2,9,7,0.000,1.00,0.067,False,None,0.000,False
58.880,8,en_route_pickup,5.110,-0.239,-6.000,-3.500,joint_grid_transaction,36,36,2,9,8,0.000,1.00,-3.042,False,None,0.000,False
59.136,1,en_route_delivery,-5.045,1.343,-3.000,-1.500,joint_grid_transaction,36,36,2,9,1,0.000,0.55,-0.423,False,None,0.000,False
59.136,2,en_route_pickup,-1.763,1.982,-1.000,1.500,joint_grid_transaction,36,36,2,7,2,0.000,1.00,0.093,False,None,0.000,False
59.136,3,en_route_pickup,-3.034,2.726,-3.000,1.500,joint_grid_transaction,34,34,5,9,3,0.000,1.00,-0.906,False,None,0.000,False
59.136,4,en_route_pickup,2.965,2.060,0.000,3.500,joint_grid_transaction,36,36,1,8,4,0.000,1.00,3.111,False,None,0.000,False
59.136,5,en_route_pickup,-4.108,1.834,1.000,1.500,joint_grid_transaction,36,36,2,9,5,0.000,1.00,0.721,False,joint_slot_deadline,59.284,False
59.136,6,en_route_pickup,4.147,-1.841,-1.000,-1.500,joint_grid_transaction,36,36,2,9,6,0.000,1.00,2.110,False,joint_slot_deadline,59.284,False
59.136,7,en_route_pickup,-4.493,0.314,0.000,-3.500,joint_grid_transaction,36,36,2,9,7,0.000,1.00,0.040,False,None,0.000,False
59.136,8,en_route_pickup,5.067,-0.243,-6.000,-3.500,joint_grid_transaction,36,36,2,9,8,0.000,1.00,-3.043,False,None,0.000,False
59.392,1,en_route_delivery,-5.032,1.337,-3.000,-1.500,joint_grid_transaction,36,36,2,9,1,0.000,0.55,-0.406,False,None,0.000,False
59.392,2,en_route_pickup,-1.728,1.979,-1.000,1.500,joint_grid_transaction,36,36,2,7,2,0.000,1.00,0.093,False,None,0.000,False
59.392,3,en_route_pickup,-3.003,2.690,-3.000,1.500,joint_grid_transaction,34,34,5,9,3,0.000,1.00,-0.805,False,None,0.000,False
59.392,4,en_route_pickup,2.950,2.060,0.000,3.500,joint_grid_transaction,36,36,2,8,4,0.000,1.00,3.115,False,None,0.000,False
59.392,5,en_route_pickup,-4.097,1.844,1.000,1.500,joint_grid_transaction,36,36,3,9,5,0.000,1.00,0.688,False,None,0.000,False
59.392,6,en_route_pickup,4.142,-1.833,-1.000,-1.500,joint_grid_transaction,36,36,3,9,6,0.000,1.00,2.186,False,None,0.000,False
59.392,7,en_route_pickup,-4.471,0.314,0.000,-3.500,joint_grid_transaction,36,36,2,9,7,0.000,1.00,0.017,False,None,0.000,False
59.392,8,en_route_pickup,5.025,-0.247,-6.000,-3.500,joint_grid_transaction,36,36,2,9,8,0.000,1.00,-3.044,False,None,0.000,False
59.648,1,en_route_delivery,-5.019,1.332,-3.000,-1.500,joint_grid_transaction,36,36,2,9,1,0.000,0.55,-0.390,False,None,0.000,False
59.648,2,en_route_pickup,-1.692,1.975,-1.000,1.500,joint_grid_transaction,36,36,3,7,2,0.000,1.00,0.094,False,None,0.000,False
59.648,3,en_route_pickup,-2.969,2.658,-3.000,1.500,joint_grid_transaction,34,34,5,9,3,0.000,1.00,-0.736,False,None,0.000,False
59.648,4,en_route_pickup,2.915,2.061,0.000,3.500,joint_grid_transaction,36,36,2,8,4,0.000,1.00,3.109,False,None,0.000,False
59.648,5,en_route_pickup,-4.059,1.871,1.000,1.500,joint_grid_transaction,36,36,3,9,5,0.000,1.00,0.575,False,None,0.000,False
59.648,6,en_route_pickup,4.129,-1.818,-1.000,-1.500,joint_grid_transaction,36,36,3,9,6,0.000,1.00,2.327,False,None,0.000,False
59.648,7,en_route_pickup,-4.461,0.314,0.000,-3.500,joint_grid_transaction,36,36,3,9,7,0.000,1.00,0.164,False,None,0.000,False
59.648,8,en_route_pickup,4.985,-0.251,-6.000,-3.500,joint_grid_transaction,36,36,2,9,8,0.000,1.00,-3.044,False,None,0.000,False
59.904,1,en_route_delivery,-5.006,1.327,-3.000,-1.500,joint_grid_transaction,36,36,2,9,1,0.000,0.55,-0.376,False,None,0.000,False
59.904,2,en_route_pickup,-1.656,1.972,-1.000,1.500,joint_grid_transaction,36,36,3,7,2,0.000,1.00,0.093,False,None,0.000,False
59.904,3,en_route_pickup,-2.933,2.627,-3.000,1.500,joint_grid_transaction,34,34,5,9,3,0.000,1.00,-0.687,False,None,0.000,False
59.904,4,en_route_pickup,2.882,2.062,0.000,3.500,joint_grid_transaction,36,36,2,8,4,0.000,1.00,3.103,False,None,0.000,False
59.904,5,en_route_pickup,-4.019,1.895,1.000,1.500,joint_grid_transaction,36,36,3,9,5,0.000,1.00,0.497,False,None,0.000,False
59.904,6,en_route_pickup,4.107,-1.824,-1.000,-1.500,joint_grid_transaction,36,36,3,9,6,0.000,1.00,2.438,False,None,0.000,False
59.904,7,en_route_pickup,-4.476,0.309,0.000,-3.500,joint_grid_transaction,36,36,3,9,7,0.000,1.00,0.448,False,None,0.000,False
59.904,8,en_route_pickup,4.945,-0.255,-6.000,-3.500,joint_grid_transaction,36,36,3,9,8,0.000,1.00,-3.045,False,None,0.000,False
60.160,1,en_route_delivery,-4.992,1.321,-3.000,-1.500,joint_grid_transaction,36,36,2,9,1,0.000,0.55,-0.364,False,None,0.000,False
60.160,2,en_route_pickup,-1.620,1.969,-1.000,1.500,joint_grid_transaction,36,36,3,7,2,0.000,1.00,0.093,False,None,0.000,False
60.160,3,en_route_pickup,-2.917,2.626,-3.000,1.500,joint_grid_transaction,34,34,6,9,3,0.000,1.00,-0.580,False,None,0.000,False
60.160,4,en_route_pickup,2.851,2.064,0.000,3.500,joint_grid_transaction,36,36,2,8,4,0.000,1.00,3.096,False,None,0.000,False
60.160,5,en_route_pickup,-3.977,1.916,1.000,1.500,joint_grid_transaction,36,36,3,9,5,0.000,1.00,0.443,False,None,0.000,False
60.160,6,en_route_pickup,4.069,-1.853,-1.000,-1.500,joint_grid_transaction,36,36,3,9,6,0.000,1.00,2.543,False,None,0.000,False
60.160,7,en_route_pickup,-4.489,0.302,0.000,-3.500,joint_grid_transaction,36,36,3,9,7,0.000,1.00,0.592,False,None,0.000,False
60.160,8,en_route_pickup,4.905,-0.259,-6.000,-3.500,joint_grid_transaction,36,36,3,9,8,0.000,1.00,-3.045,False,None,0.000,False
60.416,1,en_route_delivery,-4.979,1.316,-3.000,-1.500,joint_grid_transaction,36,36,2,9,1,0.000,0.55,-0.352,False,None,0.000,False
60.416,2,en_route_pickup,-1.586,1.965,-1.000,1.500,joint_grid_transaction,36,36,3,7,2,0.000,1.00,0.092,False,None,0.000,False
60.416,3,en_route_pickup,-2.877,2.603,-3.000,1.500,joint_grid_transaction,34,34,6,9,3,0.000,1.00,-0.459,False,None,0.000,False
60.416,4,en_route_pickup,2.822,2.065,0.000,3.500,joint_grid_transaction,36,36,2,8,4,0.000,1.00,3.088,False,None,0.000,False
60.416,5,en_route_pickup,-3.955,1.926,1.000,1.500,joint_grid_transaction,36,36,3,9,5,0.000,1.00,0.421,False,joint_slot_deadline,60.484,False
60.416,6,en_route_pickup,4.029,-1.878,-1.000,-1.500,joint_grid_transaction,36,36,3,9,6,0.000,1.00,2.614,False,None,0.000,False
60.416,7,en_route_pickup,-4.462,0.276,0.000,-3.500,joint_grid_transaction,36,36,3,9,7,0.000,1.00,0.714,False,None,0.000,False
60.416,8,en_route_pickup,4.867,-0.263,-6.000,-3.500,joint_grid_transaction,36,36,3,9,8,0.000,1.00,-3.046,False,None,0.000,False
60.672,1,en_route_delivery,-4.965,1.311,-3.000,-1.500,joint_grid_transaction,36,36,2,9,1,0.000,0.55,-0.342,False,None,0.000,False
60.672,2,en_route_pickup,-1.553,1.962,-1.000,1.500,joint_grid_transaction,36,36,3,7,2,0.000,1.00,0.092,False,None,0.000,False
60.672,3,en_route_pickup,-2.833,2.584,-3.000,1.500,joint_grid_transaction,34,34,6,9,3,0.000,1.00,-0.377,False,None,0.000,False
60.672,4,en_route_pickup,2.794,2.067,0.000,3.500,joint_grid_transaction,36,36,2,8,4,0.000,1.00,3.084,False,None,0.000,False
60.672,5,en_route_pickup,-3.931,1.937,1.000,1.500,joint_grid_transaction,36,36,4,9,5,0.000,1.00,0.374,False,None,0.000,False
60.672,6,en_route_pickup,3.988,-1.901,-1.000,-1.500,joint_grid_transaction,36,36,3,9,6,0.000,1.00,2.664,False,None,0.000,False
60.672,7,en_route_pickup,-4.428,0.243,0.000,-3.500,joint_grid_transaction,36,36,3,9,7,0.000,1.00,0.800,False,None,0.000,False
60.672,8,en_route_pickup,4.829,-0.266,-6.000,-3.500,joint_grid_transaction,36,36,3,9,8,0.000,1.00,-3.046,False,None,0.000,False
60.928,1,en_route_delivery,-4.952,1.307,-3.000,-1.500,joint_grid_transaction,36,36,3,9,1,0.000,0.55,-0.318,False,None,0.000,False
60.928,2,en_route_pickup,-1.522,1.960,-1.000,1.500,joint_grid_transaction,36,36,3,7,2,0.000,1.00,0.092,False,None,0.000,False
60.928,3,en_route_pickup,-2.789,2.568,-3.000,1.500,joint_grid_transaction,34,34,6,9,3,0.000,1.00,-0.321,False,None,0.000,False
60.928,4,en_route_pickup,2.769,2.068,0.000,3.500,joint_grid_transaction,36,36,2,8,4,0.000,1.00,3.089,False,None,0.000,False
60.928,5,en_route_pickup,-3.887,1.952,1.000,1.500,joint_grid_transaction,36,36,4,9,5,0.000,1.00,0.277,False,None,0.000,False
60.928,6,en_route_pickup,3.945,-1.921,-1.000,-1.500,joint_grid_transaction,36,36,3,9,6,0.000,1.00,2.718,False,None,0.000,False
60.928,7,en_route_pickup,-4.396,0.208,0.000,-3.500,joint_grid_transaction,36,36,3,9,7,0.000,1.00,0.861,False,None,0.000,False
60.928,8,en_route_pickup,4.792,-0.270,-6.000,-3.500,joint_grid_transaction,36,36,3,9,8,0.000,1.00,-3.047,False,None,0.000,False
61.184,1,en_route_delivery,-4.938,1.302,-3.000,-1.500,joint_grid_transaction,37,37,2,9,1,0.000,0.55,-0.291,False,None,0.000,False
61.184,2,en_route_pickup,-1.493,1.957,-1.000,1.500,joint_grid_transaction,37,37,1,5,2,0.000,1.00,0.091,False,None,0.000,False
61.184,3,en_route_pickup,-2.752,2.560,-3.000,1.500,joint_grid_transaction,37,37,2,9,3,0.000,1.00,-0.183,False,None,0.000,False
61.184,4,en_route_pickup,2.747,2.069,0.000,3.500,joint_grid_transaction,37,37,1,9,4,0.000,1.00,3.111,False,None,0.000,False
61.184,5,en_route_pickup,-3.842,1.963,1.000,1.500,joint_grid_transaction,37,37,2,9,5,0.000,1.00,0.227,False,None,0.000,False
61.184,6,en_route_pickup,3.901,-1.938,-1.000,-1.500,joint_grid_transaction,37,37,2,9,6,0.000,1.00,2.816,False,None,0.000,False
61.184,7,en_route_pickup,-4.372,0.181,0.000,-3.500,joint_grid_transaction,37,37,2,9,7,0.000,1.00,0.877,False,None,0.000,False
61.184,8,en_route_pickup,4.757,-0.273,-6.000,-3.500,joint_grid_transaction,37,37,1,9,8,0.000,1.00,-3.047,False,None,0.000,False
61.440,1,en_route_delivery,-4.924,1.299,-3.000,-1.500,joint_grid_transaction,37,37,2,9,1,0.000,0.55,-0.266,False,None,0.000,False
61.440,2,en_route_pickup,-1.466,1.954,-1.000,1.500,joint_grid_transaction,37,37,1,5,2,0.000,1.00,0.091,False,None,0.000,False
61.440,3,en_route_pickup,-2.753,2.561,-3.000,1.500,joint_grid_transaction,37,37,2,9,3,0.000,1.00,-0.241,False,None,0.000,False
61.440,4,en_route_pickup,2.725,2.069,0.000,3.500,joint_grid_transaction,37,37,1,9,4,0.000,1.00,3.141,False,None,0.000,False
61.440,5,en_route_pickup,-3.796,1.972,1.000,1.500,joint_grid_transaction,37,37,2,9,5,0.000,1.00,0.176,False,None,0.000,False
61.440,6,en_route_pickup,3.856,-1.952,-1.000,-1.500,joint_grid_transaction,37,37,2,9,6,0.000,1.00,2.890,False,None,0.000,False
61.440,7,en_route_pickup,-4.372,0.181,0.000,-3.500,joint_grid_transaction,37,37,2,9,7,0.000,1.00,0.877,False,joint_slot_deadline,62.292,False
61.440,8,en_route_pickup,4.724,-0.276,-6.000,-3.500,joint_grid_transaction,37,37,1,9,8,0.000,1.00,-3.048,False,None,0.000,False
61.696,1,en_route_delivery,-4.895,1.291,-3.000,-1.500,joint_grid_transaction,37,37,2,9,1,0.000,1.00,-0.241,False,None,0.000,False
61.696,2,en_route_pickup,-1.433,1.951,-1.000,1.500,joint_grid_transaction,37,37,2,5,2,0.000,1.00,0.093,False,None,0.000,False
61.696,3,en_route_pickup,-2.775,2.571,-3.000,1.500,joint_grid_transaction,37,37,2,9,3,0.000,1.00,-0.562,False,None,0.000,False
61.696,4,en_route_pickup,2.698,2.068,0.000,3.500,joint_grid_transaction,37,37,1,9,4,0.000,1.00,-3.121,False,None,0.000,False
61.696,5,en_route_pickup,-3.749,1.980,1.000,1.500,joint_grid_transaction,37,37,2,9,5,0.000,1.00,0.140,False,None,0.000,False
61.696,6,en_route_pickup,3.810,-1.962,-1.000,-1.500,joint_grid_transaction,37,37,2,9,6,0.000,1.00,2.940,False,None,0.000,False
61.696,7,en_route_pickup,-4.372,0.181,0.000,-3.500,joint_grid_transaction,37,37,2,9,7,0.000,1.00,0.877,False,joint_slot_deadline,62.292,False
61.696,8,en_route_pickup,4.689,-0.280,-6.000,-3.500,joint_grid_transaction,37,37,2,9,8,0.000,1.00,-3.046,False,None,0.000,False
61.952,1,en_route_delivery,-4.849,1.281,-3.000,-1.500,joint_grid_transaction,37,37,2,9,1,0.000,1.00,-0.182,False,None,0.000,False
61.952,2,en_route_pickup,-1.401,1.948,-1.000,1.500,joint_grid_transaction,37,37,2,5,2,0.000,1.00,0.093,False,None,0.000,False
61.952,3,en_route_pickup,-2.803,2.594,-3.000,1.500,joint_grid_transaction,37,37,2,9,3,0.000,1.00,-0.808,False,None,0.000,False
61.952,4,en_route_pickup,2.659,2.067,0.000,3.500,joint_grid_transaction,37,37,2,9,4,0.000,1.00,-3.113,False,None,0.000,False
61.952,5,en_route_pickup,-3.716,1.984,1.000,1.500,joint_grid_transaction,37,37,2,9,5,0.000,1.00,0.122,False,joint_slot_deadline,62.292,False
61.952,6,en_route_pickup,3.763,-1.971,-1.000,-1.500,joint_grid_transaction,37,37,2,9,6,0.000,1.00,2.975,False,None,0.000,False
61.952,7,en_route_pickup,-4.372,0.181,0.000,-3.500,joint_grid_transaction,37,37,2,9,7,0.000,1.00,0.877,False,joint_slot_deadline,62.292,False
61.952,8,en_route_pickup,4.653,-0.283,-6.000,-3.500,joint_grid_transaction,37,37,2,9,8,0.000,1.00,-3.047,False,None,0.000,False
62.208,1,en_route_delivery,-4.802,1.273,-3.000,-1.500,joint_grid_transaction,37,37,2,9,1,0.000,1.00,-0.142,False,None,0.000,False
62.208,2,en_route_delivery,-1.370,1.946,0.000,-3.500,joint_grid_transaction,37,37,2,4,2,0.000,1.00,0.092,False,None,0.000,False
62.208,3,en_route_pickup,-2.825,2.619,-3.000,1.500,joint_grid_transaction,37,37,2,9,3,0.000,1.00,-1.046,False,None,0.000,False
62.208,4,en_route_pickup,2.619,2.065,0.000,3.500,joint_grid_transaction,37,37,2,9,4,0.000,1.00,-3.102,False,None,0.000,False
62.208,5,en_route_pickup,-3.716,1.984,1.000,1.500,joint_grid_transaction,37,37,2,9,5,0.000,1.00,0.122,False,joint_slot_deadline,62.292,False
62.208,6,en_route_pickup,3.716,-1.978,-1.000,-1.500,joint_grid_transaction,37,37,2,9,6,0.000,1.00,3.000,False,None,0.000,False
62.208,7,en_route_pickup,-4.372,0.181,0.000,-3.500,joint_grid_transaction,37,37,2,9,7,0.000,1.00,0.877,False,joint_slot_deadline,62.292,False
62.208,8,en_route_pickup,4.619,-0.286,-6.000,-3.500,joint_grid_transaction,37,37,2,9,8,0.000,1.00,-3.047,False,None,0.000,False
62.464,1,en_route_delivery,-4.755,1.267,-3.000,-1.500,joint_grid_transaction,37,37,2,9,1,0.000,1.00,-0.115,False,None,0.000,False
62.464,2,en_route_delivery,-1.340,1.943,0.000,-3.500,joint_grid_transaction,37,37,2,4,2,0.000,1.00,0.092,False,None,0.000,False
62.464,3,en_route_pickup,-2.824,2.620,-3.000,1.500,joint_grid_transaction,37,37,3,9,3,0.000,1.00,-1.040,False,joint_slot_deadline,63.492,False
62.464,4,en_route_pickup,2.579,2.062,0.000,3.500,joint_grid_transaction,37,37,2,9,4,0.000,1.00,-3.088,False,None,0.000,False
62.464,5,en_route_pickup,-3.694,1.987,1.000,1.500,joint_grid_transaction,37,37,3,9,5,0.000,1.00,0.128,False,None,0.000,False
62.464,6,en_route_pickup,3.694,-1.982,-1.000,-1.500,joint_grid_transaction,37,37,3,9,6,0.000,1.00,2.995,False,None,0.000,False
62.464,7,en_route_pickup,-4.379,0.173,0.000,-3.500,joint_grid_transaction,37,37,3,9,7,0.000,1.00,0.951,False,None,0.000,False
62.464,8,en_route_pickup,4.586,-0.289,-6.000,-3.500,joint_grid_transaction,37,37,2,9,8,0.000,1.00,-3.048,False,None,0.000,False
62.720,1,en_route_delivery,-4.708,1.262,-3.000,-1.500,joint_grid_transaction,38,38,1,9,1,0.000,1.00,-0.096,False,None,0.000,False
62.720,2,en_route_delivery,-1.330,1.943,0.000,-3.500,joint_grid_transaction,38,38,1,9,2,0.000,1.00,0.149,False,None,0.000,False
62.720,3,en_route_pickup,-2.820,2.633,-3.000,1.500,joint_grid_transaction,38,38,1,8,3,0.000,1.00,-1.103,False,None,0.000,False
62.720,4,en_route_pickup,2.538,2.059,0.000,3.500,joint_grid_transaction,38,38,1,8,4,0.000,1.00,-3.068,False,None,0.000,False
62.720,5,en_route_pickup,-3.651,1.992,1.000,1.500,joint_grid_transaction,38,38,1,9,5,0.000,1.00,0.113,False,None,0.000,False
62.720,6,en_route_pickup,3.648,-1.988,-1.000,-1.500,joint_grid_transaction,38,38,1,9,6,0.000,1.00,3.030,False,None,0.000,False
62.720,7,en_route_pickup,-4.362,0.141,0.000,-3.500,joint_grid_transaction,38,38,1,9,7,0.000,1.00,1.055,False,None,0.000,False
62.720,8,en_route_pickup,4.554,-0.292,-6.000,-3.500,joint_grid_transaction,38,38,1,8,8,0.000,1.00,-3.048,False,None,0.000,False
62.976,1,en_route_delivery,-4.665,1.258,-3.000,-1.500,joint_grid_transaction,38,38,2,9,1,0.000,1.00,-0.092,False,None,0.000,False
62.976,2,en_route_delivery,-1.349,1.949,0.000,-3.500,joint_grid_transaction,38,38,1,9,2,0.000,1.00,0.495,False,None,0.000,False
62.976,3,en_route_pickup,-2.802,2.676,-3.000,1.500,joint_grid_transaction,38,38,1,8,3,0.000,1.00,-1.222,False,None,0.000,False
62.976,4,en_route_pickup,2.496,2.054,0.000,3.500,joint_grid_transaction,38,38,1,8,4,0.000,1.00,-3.043,False,None,0.000,False
62.976,5,en_route_pickup,-3.608,1.997,1.000,1.500,joint_grid_transaction,38,38,2,9,5,0.000,1.00,0.099,False,None,0.000,False
62.976,6,en_route_pickup,3.601,-1.992,-1.000,-1.500,joint_grid_transaction,38,38,2,9,6,0.000,1.00,3.056,False,None,0.000,False
62.976,7,en_route_pickup,-4.341,0.099,0.000,-3.500,joint_grid_transaction,38,38,2,9,7,0.000,1.00,1.156,False,None,0.000,False
62.976,8,en_route_pickup,4.524,-0.295,-6.000,-3.500,joint_grid_transaction,38,38,1,8,8,0.000,1.00,-3.049,False,None,0.000,False
63.232,1,en_route_delivery,-4.622,1.254,-3.000,-1.500,joint_grid_transaction,38,38,2,9,1,0.000,1.00,-0.092,False,None,0.000,False
63.232,2,en_route_delivery,-1.375,1.969,0.000,-3.500,joint_grid_transaction,38,38,1,9,2,0.000,1.00,0.755,False,None,0.000,False
63.232,3,en_route_pickup,-2.787,2.721,-3.000,1.500,joint_grid_transaction,38,38,1,8,3,0.000,1.00,-1.305,False,None,0.000,False
63.232,4,en_route_pickup,2.462,2.050,0.000,3.500,joint_grid_transaction,38,38,1,8,4,0.000,1.00,-3.018,False,joint_slot_deadline,63.748,False
63.232,5,en_route_pickup,-3.567,2.001,1.000,1.500,joint_grid_transaction,38,38,2,9,5,0.000,1.00,0.098,False,None,0.000,False
63.232,6,en_route_pickup,3.559,-1.996,-1.000,-1.500,joint_grid_transaction,38,38,2,9,6,0.000,1.00,3.056,False,None,0.000,False
63.232,7,en_route_pickup,-4.324,0.055,0.000,-3.500,joint_grid_transaction,38,38,2,9,7,0.000,1.00,1.224,False,None,0.000,False
63.232,8,en_route_pickup,4.496,-0.298,-6.000,-3.500,joint_grid_transaction,38,38,1,8,8,0.000,1.00,-3.049,False,None,0.000,False
63.488,1,en_route_delivery,-4.581,1.251,-3.000,-1.500,joint_grid_transaction,38,38,2,9,1,0.000,1.00,-0.092,False,None,0.000,False
63.488,2,en_route_delivery,-1.401,1.996,0.000,-3.500,joint_grid_transaction,38,38,1,9,2,0.000,1.00,0.998,False,None,0.000,False
63.488,3,en_route_pickup,-2.776,2.767,-3.000,1.500,joint_grid_transaction,38,38,1,8,3,0.000,1.00,-1.363,False,None,0.000,False
63.488,4,en_route_pickup,2.462,2.050,0.000,3.500,joint_grid_transaction,38,38,1,8,4,0.000,1.00,-3.018,False,joint_slot_deadline,63.748,False
63.488,5,en_route_pickup,-3.527,2.005,1.000,1.500,joint_grid_transaction,38,38,2,9,5,0.000,1.00,0.097,False,None,0.000,False
63.488,6,en_route_pickup,3.517,-2.000,-1.000,-1.500,joint_grid_transaction,38,38,2,9,6,0.000,1.00,3.056,False,None,0.000,False
63.488,7,en_route_pickup,-4.309,0.010,0.000,-3.500,joint_grid_transaction,38,38,2,9,7,0.000,1.00,1.272,False,None,0.000,False
63.488,8,en_route_pickup,4.473,-0.300,-6.000,-3.500,joint_grid_transaction,38,38,1,8,8,0.000,1.00,-3.060,False,None,0.000,False
63.744,1,en_route_delivery,-4.540,1.247,-3.000,-1.500,joint_grid_transaction,38,38,2,9,1,0.000,1.00,-0.091,False,None,0.000,False
63.744,2,en_route_delivery,-1.414,2.019,0.000,-3.500,joint_grid_transaction,38,38,1,9,2,0.000,1.00,1.311,False,None,0.000,False
63.744,3,en_route_pickup,-2.773,2.785,-3.000,1.500,joint_grid_transaction,38,38,1,8,3,0.000,1.00,-1.380,False,joint_slot_deadline,63.748,False
63.744,4,en_route_pickup,2.462,2.050,0.000,3.500,joint_grid_transaction,38,38,1,8,4,0.000,1.00,-3.018,False,joint_slot_deadline,63.748,False
63.744,5,en_route_pickup,-3.488,2.009,1.000,1.500,joint_grid_transaction,38,38,2,9,5,0.000,1.00,0.097,False,None,0.000,False
63.744,6,en_route_pickup,3.475,-2.003,-1.000,-1.500,joint_grid_transaction,38,38,2,9,6,0.000,1.00,3.057,False,None,0.000,False
63.744,7,en_route_pickup,-4.295,-0.036,0.000,-3.500,joint_grid_transaction,38,38,2,9,7,0.000,1.00,1.306,False,None,0.000,False
63.744,8,en_route_pickup,4.464,-0.300,-6.000,-3.500,joint_grid_transaction,38,38,1,8,8,0.000,1.00,-3.070,False,joint_slot_deadline,63.748,False
64.000,1,en_route_delivery,-4.500,1.243,-3.000,-1.500,joint_grid_transaction,38,38,2,9,1,0.000,1.00,-0.091,False,None,0.000,False
64.000,2,en_route_delivery,-1.416,2.023,0.000,-3.500,joint_grid_transaction,38,38,1,9,2,0.000,1.00,1.733,False,None,0.000,False
64.000,3,en_route_pickup,-2.775,2.786,-3.000,1.500,joint_grid_transaction,38,38,2,8,3,0.000,1.00,-1.742,False,None,0.000,False
64.000,4,en_route_pickup,2.423,2.045,0.000,3.500,joint_grid_transaction,38,38,2,8,4,0.000,1.00,-3.012,False,None,0.000,False
64.000,5,en_route_pickup,-3.450,2.012,1.000,1.500,joint_grid_transaction,38,38,2,9,5,0.000,1.00,0.096,False,None,0.000,False
64.000,6,en_route_pickup,3.435,-2.007,-1.000,-1.500,joint_grid_transaction,38,38,3,9,6,0.000,1.00,3.057,False,None,0.000,False
64.000,7,en_route_pickup,-4.286,-0.073,0.000,-3.500,joint_grid_transaction,38,38,3,9,7,0.000,1.00,1.345,False,None,0.000,False
64.000,8,en_route_pickup,4.471,-0.302,-6.000,-3.500,joint_grid_transaction,38,38,2,8,8,0.000,1.00,-2.837,False,None,0.000,False
64.256,1,en_route_delivery,-4.467,1.240,-3.000,-1.500,joint_grid_transaction,38,38,2,9,1,0.000,1.00,-0.127,False,None,0.000,False
64.256,2,en_route_delivery,-1.423,2.004,0.000,-3.500,joint_grid_transaction,38,38,1,9,2,0.000,1.00,2.075,False,None,0.000,False
64.256,3,en_route_pickup,-2.778,2.775,-3.000,1.500,joint_grid_transaction,38,38,2,8,3,0.000,1.00,-1.969,False,None,0.000,False
64.256,4,en_route_pickup,2.376,2.039,0.000,3.500,joint_grid_transaction,38,38,2,8,4,0.000,1.00,-3.022,False,None,0.000,False
64.256,5,en_route_pickup,-3.412,2.016,1.000,1.500,joint_grid_transaction,38,38,3,9,5,0.000,1.00,0.096,False,None,0.000,False
64.256,6,en_route_pickup,3.395,-2.010,-1.000,-1.500,joint_grid_transaction,38,38,3,9,6,0.000,1.00,3.057,False,None,0.000,False
64.256,7,en_route_pickup,-4.277,-0.119,0.000,-3.500,joint_grid_transaction,38,38,3,9,7,0.000,1.00,1.406,False,None,0.000,False
64.256,8,en_route_pickup,4.472,-0.310,-6.000,-3.500,joint_grid_transaction,38,38,2,8,8,0.000,1.00,-2.695,False,None,0.000,False
64.512,1,en_route_delivery,-4.478,1.236,-3.000,-1.500,joint_grid_transaction,38,38,3,9,1,0.000,1.00,-0.385,False,None,0.000,False
64.512,2,en_route_delivery,-1.443,1.977,0.000,-3.500,joint_grid_transaction,38,38,1,9,2,0.000,1.00,2.332,False,None,0.000,False
64.512,3,en_route_pickup,-2.791,2.786,-3.000,1.500,joint_grid_transaction,38,38,2,8,3,0.000,1.00,-2.102,False,None,0.000,False
64.512,4,en_route_pickup,2.328,2.033,0.000,3.500,joint_grid_transaction,38,38,2,8,4,0.000,1.00,-3.029,False,None,0.000,False
64.512,5,en_route_pickup,-3.374,2.020,1.000,1.500,joint_grid_transaction,38,38,3,9,5,0.000,1.00,0.095,False,None,0.000,False
64.512,6,en_route_pickup,3.356,-2.013,-1.000,-1.500,joint_grid_transaction,38,38,3,9,6,0.000,1.00,3.057,False,None,0.000,False
64.512,7,en_route_pickup,-4.270,-0.166,0.000,-3.500,joint_grid_transaction,38,38,3,9,7,0.000,1.00,1.446,False,None,0.000,False
64.512,8,en_route_pickup,4.431,-0.332,-6.000,-3.500,joint_grid_transaction,38,38,2,8,8,0.000,1.00,-2.581,False,None,0.000,False
64.768,1,en_route_delivery,-4.477,1.226,-3.000,-1.500,joint_grid_transaction,38,38,3,9,1,0.000,1.00,-0.525,False,None,0.000,False
64.768,2,en_route_delivery,-1.464,1.957,0.000,-3.500,joint_grid_transaction,38,38,1,9,2,0.000,1.00,2.513,False,None,0.000,False
64.768,3,en_route_pickup,-2.817,2.825,-3.000,1.500,joint_grid_transaction,38,38,2,8,3,0.000,1.00,-2.207,False,None,0.000,False
64.768,4,en_route_pickup,2.281,2.028,0.000,3.500,joint_grid_transaction,38,38,2,8,4,0.000,1.00,-3.033,False,None,0.000,False
64.768,5,en_route_pickup,-3.338,2.023,1.000,1.500,joint_grid_transaction,38,38,3,9,5,0.000,1.00,0.095,False,None,0.000,False
64.768,6,en_route_pickup,3.317,-2.017,-1.000,-1.500,joint_grid_transaction,38,38,3,9,6,0.000,1.00,3.057,False,None,0.000,False
64.768,7,en_route_pickup,-4.265,-0.214,0.000,-3.500,joint_grid_transaction,38,38,3,9,7,0.000,1.00,1.472,False,None,0.000,False
64.768,8,en_route_pickup,4.407,-0.349,-6.000,-3.500,joint_grid_transaction,38,38,2,8,8,0.000,1.00,-2.526,False,None,0.000,False
65.024,1,en_route_delivery,-4.438,1.200,-3.000,-1.500,joint_grid_transaction,38,38,3,9,1,0.000,1.00,-0.636,False,None,0.000,False
65.024,2,en_route_delivery,-1.476,1.947,0.000,-3.500,joint_grid_transaction,38,38,1,9,2,0.000,1.00,2.649,False,None,0.000,False
65.024,3,en_route_pickup,-2.843,2.853,-3.000,1.500,joint_grid_transaction,38,38,3,8,3,0.000,1.00,-2.314,False,None,0.000,False
65.024,4,en_route_pickup,2.234,2.023,0.000,3.500,joint_grid_transaction,38,38,2,8,4,0.000,1.00,-3.034,False,None,0.000,False
65.024,5,en_route_pickup,-3.303,2.026,1.000,1.500,joint_grid_transaction,38,38,3,9,5,0.000,1.00,0.094,False,None,0.000,False
65.024,6,en_route_pickup,3.280,-2.020,-1.000,-1.500,joint_grid_transaction,38,38,3,9,6,0.000,1.00,3.057,False,None,0.000,False
65.024,7,en_route_pickup,-4.260,-0.259,0.000,-3.500,joint_grid_transaction,38,38,3,9,7,0.000,1.00,1.477,False,None,0.000,False
65.024,8,en_route_pickup,4.411,-0.352,-6.000,-3.500,joint_grid_transaction,38,38,3,8,8,0.000,1.00,-2.482,False,None,0.000,False
65.280,1,en_route_delivery,-4.401,1.171,-3.000,-1.500,joint_grid_transaction,38,38,3,9,1,0.000,1.00,-0.715,False,None,0.000,False
65.280,2,en_route_delivery,-1.514,1.964,0.000,-3.500,joint_grid_transaction,38,38,1,9,2,0.000,1.00,2.762,False,None,0.000,False
65.280,3,en_route_pickup,-2.855,2.841,-3.000,1.500,joint_grid_transaction,38,38,3,8,3,0.000,1.00,-2.439,False,None,0.000,False
65.280,4,en_route_pickup,2.188,2.018,0.000,3.500,joint_grid_transaction,38,38,3,8,4,0.000,1.00,-3.041,False,None,0.000,False
65.280,5,en_route_pickup,-3.269,2.030,1.000,1.500,joint_grid_transaction,38,38,3,9,5,0.000,1.00,0.094,False,None,0.000,False
65.280,6,en_route_pickup,3.244,-2.023,-1.000,-1.500,joint_grid_transaction,38,38,3,9,6,0.000,1.00,3.057,False,None,0.000,False
65.280,7,en_route_pickup,-4.256,-0.302,0.000,-3.500,joint_grid_transaction,38,38,3,9,7,0.000,1.00,1.478,False,None,0.000,False
65.280,8,en_route_pickup,4.426,-0.366,-6.000,-3.500,joint_grid_transaction,38,38,3,8,8,0.000,1.00,-2.352,False,None,0.000,False
65.536,1,en_route_delivery,-4.401,1.154,-3.000,-1.500,joint_grid_transaction,38,38,4,9,1,0.000,1.00,-0.849,False,None,0.000,False
65.536,2,en_route_delivery,-1.531,1.975,0.000,-3.500,joint_grid_transaction,38,38,2,9,2,0.000,1.00,2.701,False,None,0.000,False
65.536,3,en_route_pickup,-2.886,2.859,-3.000,1.500,joint_grid_transaction,38,38,3,8,3,0.000,1.00,-2.552,False,None,0.000,False
65.536,4,en_route_pickup,2.145,2.014,0.000,3.500,joint_grid_transaction,38,38,3,8,4,0.000,1.00,-3.042,False,None,0.000,False
65.536,5,en_route_pickup,-3.237,2.033,1.000,1.500,joint_grid_transaction,38,38,3,9,5,0.000,1.00,0.093,False,None,0.000,False
65.536,6,en_route_pickup,3.210,-2.026,-1.000,-1.500,joint_grid_transaction,38,38,3,9,6,0.000,1.00,3.056,False,None,0.000,False
65.536,7,en_route_pickup,-4.252,-0.343,0.000,-3.500,joint_grid_transaction,38,38,4,9,7,0.000,1.00,1.479,False,None,0.000,False
65.536,8,en_route_pickup,4.417,-0.390,-6.000,-3.500,joint_grid_transaction,38,38,3,8,8,0.000,1.00,-2.243,False,None,0.000,False
65.792,1,en_route_delivery,-4.395,1.132,-3.000,-1.500,joint_grid_transaction,38,38,4,9,1,0.000,1.00,-0.957,False,None,0.000,False
65.792,2,en_route_delivery,-1.520,1.983,0.000,-3.500,joint_grid_transaction,38,38,2,9,2,0.000,1.00,2.563,False,None,0.000,False
65.792,3,en_route_pickup,-2.926,2.883,-3.000,1.500,joint_grid_transaction,38,38,3,8,3,0.000,1.00,-2.646,False,None,0.000,False
65.792,4,en_route_pickup,2.102,2.009,0.000,3.500,joint_grid_transaction,38,38,3,8,4,0.000,1.00,-3.042,False,None,0.000,False
65.792,5,en_route_pickup,-3.205,2.035,1.000,1.500,joint_grid_transaction,38,38,4,9,5,0.000,1.00,0.096,False,None,0.000,False
65.792,6,en_route_pickup,3.173,-2.029,-1.000,-1.500,joint_grid_transaction,38,38,4,9,6,0.000,1.00,3.056,False,None,0.000,False
65.792,7,en_route_pickup,-4.249,-0.384,0.000,-3.500,joint_grid_transaction,38,38,4,9,7,0.000,1.00,1.479,False,None,0.000,False
65.792,8,en_route_pickup,4.390,-0.428,-6.000,-3.500,joint_grid_transaction,38,38,3,8,8,0.000,1.00,-2.142,False,None,0.000,False
66.048,1,en_route_delivery,-4.370,1.092,-3.000,-1.500,joint_grid_transaction,38,38,4,9,1,0.000,1.00,-1.064,False,None,0.000,False
66.048,2,en_route_delivery,-1.555,2.011,0.000,-3.500,joint_grid_transaction,38,38,2,9,2,0.000,1.00,2.444,False,None,0.000,False
66.048,3,en_route_pickup,-2.969,2.904,-3.000,1.500,joint_grid_transaction,38,38,3,8,3,0.000,1.00,-2.710,False,None,0.000,False
66.048,4,en_route_pickup,2.060,2.005,0.000,3.500,joint_grid_transaction,38,38,3,8,4,0.000,1.00,-3.043,False,None,0.000,False
66.048,5,en_route_pickup,-3.171,2.039,1.000,1.500,joint_grid_transaction,38,38,4,9,5,0.000,1.00,0.095,False,None,0.000,False
66.048,6,en_route_pickup,3.137,-2.032,-1.000,-1.500,joint_grid_transaction,38,38,4,9,6,0.000,1.00,3.056,False,None,0.000,False
66.048,7,en_route_pickup,-4.245,-0.425,0.000,-3.500,joint_grid_transaction,38,38,4,9,7,0.000,1.00,1.479,False,None,0.000,False
66.048,8,en_route_pickup,4.366,-0.469,-6.000,-3.500,joint_grid_transaction,38,38,3,8,8,0.000,1.00,-2.073,False,None,0.000,False
66.304,1,en_route_delivery,-4.365,1.083,-3.000,-1.500,joint_grid_transaction,39,39,1,12,1,0.000,1.00,-1.074,False,joint_slot_deadline,67.284,False
66.304,2,en_route_delivery,-1.589,2.039,0.000,-3.500,joint_grid_transaction,39,39,2,13,2,0.000,1.00,2.383,False,None,0.000,False
66.304,3,en_route_pickup,-2.991,2.903,-3.000,1.500,joint_grid_transaction,39,39,1,9,3,0.000,1.00,-2.998,False,None,0.000,False
66.304,4,en_route_pickup,2.019,2.001,0.000,3.500,joint_grid_transaction,39,39,1,12,4,0.000,1.00,-3.044,False,None,0.000,False
66.304,5,en_route_pickup,-3.139,2.042,1.000,1.500,joint_grid_transaction,39,39,2,13,5,0.000,1.00,0.093,False,None,0.000,False
66.304,6,en_route_pickup,3.104,-2.035,-1.000,-1.500,joint_grid_transaction,39,39,2,13,6,0.000,1.00,3.057,False,None,0.000,False
66.304,7,en_route_pickup,-4.241,-0.464,0.000,-3.500,joint_grid_transaction,39,39,1,12,7,0.000,1.00,1.480,False,None,0.000,False
66.304,8,en_route_pickup,4.344,-0.508,-6.000,-3.500,joint_grid_transaction,39,39,2,13,8,0.000,1.00,-2.039,False,None,0.000,False
66.560,1,en_route_delivery,-4.365,1.083,-3.000,-1.500,joint_grid_transaction,39,39,1,12,1,0.000,1.00,-1.074,False,joint_slot_deadline,67.284,False
66.560,2,en_route_delivery,-1.620,2.071,0.000,-3.500,joint_grid_transaction,39,39,2,13,2,0.000,0.50,2.316,False,None,0.000,False
66.560,3,en_route_pickup,-2.992,2.902,-3.000,1.500,_priority_yield_resume,40,39,1,1,3,0.000,0.55,2.997,False,None,0.000,False
66.560,4,en_route_pickup,1.978,1.997,0.000,3.500,joint_grid_transaction,39,39,1,12,4,0.000,1.00,-3.044,False,None,0.000,False
66.560,5,en_route_pickup,-3.106,2.045,1.000,1.500,joint_grid_transaction,39,39,2,13,5,0.000,1.00,0.092,False,None,0.000,False
66.560,6,en_route_pickup,3.070,-2.037,-1.000,-1.500,joint_grid_transaction,39,39,2,13,6,0.000,1.00,3.058,False,None,0.000,False
66.560,7,en_route_pickup,-4.238,-0.502,0.000,-3.500,joint_grid_transaction,39,39,1,12,7,0.000,1.00,1.480,False,None,0.000,False
66.560,8,en_route_pickup,4.326,-0.546,-6.000,-3.500,joint_grid_transaction,39,39,2,13,8,0.000,1.00,-2.001,False,None,0.000,False
66.816,1,en_route_delivery,-4.365,1.083,-3.000,-1.500,joint_grid_transaction,39,39,1,12,1,0.000,1.00,-1.074,False,joint_slot_deadline,67.284,False
66.816,2,en_route_delivery,-1.621,2.072,0.000,-3.500,joint_grid_transaction,39,39,2,13,2,0.000,0.50,2.315,False,joint_slot_deadline,67.284,False
66.816,3,en_route_pickup,-2.988,2.901,-3.000,1.500,_priority_yield_resume,40,39,0,1,3,0.000,0.55,2.880,False,None,0.000,False
66.816,4,en_route_pickup,1.969,1.996,0.000,3.500,joint_grid_transaction,39,39,1,12,4,0.000,1.00,-3.044,False,joint_slot_deadline,67.284,False
66.816,5,en_route_pickup,-3.075,2.048,1.000,1.500,joint_grid_transaction,39,39,2,13,5,0.000,1.00,0.092,False,None,0.000,False
66.816,6,en_route_pickup,3.038,-2.040,-1.000,-1.500,joint_grid_transaction,39,39,2,13,6,0.000,1.00,3.058,False,None,0.000,False
66.816,7,en_route_pickup,-4.235,-0.532,0.000,-3.500,joint_grid_transaction,39,39,1,12,7,0.000,1.00,1.480,False,None,0.000,False
66.816,8,en_route_pickup,4.326,-0.546,-6.000,-3.500,joint_grid_transaction,39,39,2,13,8,0.000,1.00,-2.001,False,joint_slot_deadline,67.284,False
67.072,1,en_route_delivery,-4.365,1.083,-3.000,-1.500,joint_grid_transaction,39,39,1,12,1,0.000,1.00,-1.074,False,joint_slot_deadline,67.284,False
67.072,2,en_route_delivery,-1.621,2.072,0.000,-3.500,joint_grid_transaction,39,39,2,13,2,0.000,0.50,2.315,False,joint_slot_deadline,67.284,False
67.072,3,en_route_pickup,-2.982,2.899,-3.000,1.500,_priority_yield_resume,40,39,0,1,3,0.000,0.55,2.775,False,None,0.000,False
67.072,4,en_route_pickup,1.969,1.996,0.000,3.500,joint_grid_transaction,39,39,1,12,4,0.000,1.00,-3.044,False,joint_slot_deadline,67.284,False
67.072,5,en_route_pickup,-3.046,2.050,1.000,1.500,joint_grid_transaction,39,39,2,13,5,0.000,1.00,0.092,False,None,0.000,False
67.072,6,en_route_pickup,3.007,-2.043,-1.000,-1.500,joint_grid_transaction,39,39,2,13,6,0.000,1.00,3.058,False,None,0.000,False
67.072,7,en_route_pickup,-4.235,-0.532,0.000,-3.500,joint_grid_transaction,39,39,1,12,7,0.000,1.00,1.480,False,joint_slot_deadline,67.284,False
67.072,8,en_route_pickup,4.326,-0.546,-6.000,-3.500,joint_grid_transaction,39,39,2,13,8,0.000,1.00,-2.001,False,joint_slot_deadline,67.284,False
67.328,1,en_route_delivery,-4.364,1.080,-3.000,-1.500,joint_grid_transaction,39,39,1,12,1,0.000,1.00,-1.067,False,joint_slot_deadline,67.284,False
67.328,2,en_route_delivery,-1.620,2.073,0.000,-3.500,joint_grid_transaction,39,39,2,13,2,0.000,0.50,2.311,False,joint_slot_deadline,67.284,False
67.328,3,en_route_pickup,-2.975,2.896,-3.000,1.500,_priority_yield_resume,40,39,0,1,3,0.000,0.55,2.679,False,None,0.000,False
67.328,4,en_route_pickup,1.966,1.996,0.000,3.500,joint_grid_transaction,39,39,1,12,4,0.000,1.00,-3.042,False,joint_slot_deadline,67.284,False
67.328,5,en_route_pickup,-3.018,2.053,1.000,1.500,joint_grid_transaction,39,39,2,13,5,0.000,1.00,0.091,False,None,0.000,False
67.328,6,en_route_pickup,2.979,-2.045,-1.000,-1.500,joint_grid_transaction,39,39,2,13,6,0.000,1.00,3.058,False,None,0.000,False
67.328,7,en_route_pickup,-4.235,-0.535,0.000,-3.500,joint_grid_transaction,39,39,1,12,7,0.000,1.00,1.478,False,joint_slot_deadline,67.284,False
67.328,8,en_route_pickup,4.325,-0.548,-6.000,-3.500,joint_grid_transaction,39,39,2,13,8,0.000,1.00,-2.006,False,joint_slot_deadline,67.284,False
67.584,1,en_route_delivery,-4.343,1.039,-3.000,-1.500,joint_grid_transaction,39,39,2,12,1,0.000,1.00,-1.136,False,None,0.000,False
67.584,2,en_route_delivery,-1.617,2.076,0.000,-3.500,joint_grid_transaction,39,39,3,13,2,0.000,0.50,2.279,False,None,0.000,False
67.584,3,en_route_pickup,-2.968,2.892,-3.000,1.500,_priority_yield_resume,40,39,0,1,3,0.000,0.55,2.591,False,None,0.000,False
67.584,4,en_route_pickup,1.927,1.992,0.000,3.500,joint_grid_transaction,39,39,2,12,4,0.000,1.00,-3.039,False,None,0.000,False
67.584,5,en_route_pickup,-2.994,2.055,1.000,1.500,joint_grid_transaction,39,39,2,13,5,0.000,1.00,0.081,False,None,0.000,False
67.584,6,en_route_pickup,2.949,-2.048,-1.000,-1.500,joint_grid_transaction,39,39,3,13,6,0.000,1.00,3.055,False,None,0.000,False
67.584,7,en_route_pickup,-4.231,-0.572,0.000,-3.500,joint_grid_transaction,39,39,2,12,7,0.000,1.00,1.475,False,None,0.000,False
67.584,8,en_route_pickup,4.308,-0.588,-6.000,-3.500,joint_grid_transaction,39,39,3,13,8,0.000,1.00,-1.904,False,None,0.000,False
67.840,1,en_route_delivery,-4.324,0.996,-3.000,-1.500,joint_grid_transaction,39,39,2,12,1,0.000,1.00,-1.190,False,None,0.000,False
67.840,2,en_route_delivery,-1.614,2.080,0.000,-3.500,joint_grid_transaction,39,39,3,13,2,0.000,0.50,2.250,False,None,0.000,False
67.840,3,en_route_pickup,-2.960,2.887,-3.000,1.500,_priority_yield_resume,40,39,0,1,3,0.000,0.55,2.510,False,None,0.000,False
67.840,4,en_route_pickup,1.889,1.988,0.000,3.500,joint_grid_transaction,39,39,2,12,4,0.000,1.00,-3.039,False,None,0.000,False
67.840,5,en_route_pickup,-2.974,2.055,1.000,1.500,joint_grid_transaction,39,39,2,13,5,0.000,1.00,0.053,False,None,0.000,False
67.840,6,en_route_pickup,2.916,-2.050,-1.000,-1.500,joint_grid_transaction,39,39,3,13,6,0.000,1.00,3.056,False,None,0.000,False
67.840,7,en_route_pickup,-4.228,-0.609,0.000,-3.500,joint_grid_transaction,39,39,2,12,7,0.000,1.00,1.475,False,None,0.000,False
67.840,8,en_route_pickup,4.295,-0.634,-6.000,-3.500,joint_grid_transaction,39,39,3,13,8,0.000,1.00,-1.822,False,None,0.000,False
68.096,1,en_route_delivery,-4.310,0.960,-3.000,-1.500,joint_grid_transaction,39,39,2,12,1,0.000,1.00,-1.223,False,None,0.000,False
68.096,2,en_route_delivery,-1.612,2.083,0.000,-3.500,joint_grid_transaction,39,39,3,13,2,0.000,0.50,2.222,False,None,0.000,False
68.096,3,en_route_pickup,-2.953,2.881,-3.000,1.500,joint_grid_transaction,40,39,0,0,3,78.032,0.40,2.448,False,None,0.000,False
68.096,4,en_route_pickup,1.851,1.984,0.000,3.500,joint_grid_transaction,39,39,2,12,4,0.000,1.00,-3.040,False,None,0.000,False
68.096,5,en_route_pickup,-2.946,2.057,1.000,1.500,joint_grid_transaction,39,39,3,13,5,0.000,1.00,0.047,False,None,0.000,False
68.096,6,en_route_pickup,2.884,-2.053,-1.000,-1.500,joint_grid_transaction,39,39,3,13,6,0.000,1.00,3.056,False,None,0.000,False
68.096,7,en_route_pickup,-4.224,-0.645,0.000,-3.500,joint_grid_transaction,39,39,2,12,7,0.000,1.00,1.476,False,None,0.000,False
68.096,8,en_route_pickup,4.284,-0.680,-6.000,-3.500,joint_grid_transaction,39,39,3,13,8,0.000,1.00,-1.767,False,None,0.000,False
68.352,1,en_route_delivery,-4.310,0.960,-3.000,-1.500,joint_grid_transaction,39,39,2,12,1,0.000,1.00,-1.223,False,joint_slot_deadline,68.484,False
68.352,2,en_route_delivery,-1.610,2.085,0.000,-3.500,joint_grid_transaction,39,39,3,13,2,0.000,0.50,2.196,False,None,0.000,False
68.352,3,en_route_pickup,-2.953,2.881,-3.000,1.500,joint_grid_transaction,40,39,0,0,3,78.032,0.40,2.448,False,None,0.000,False
68.352,4,en_route_pickup,1.815,1.980,0.000,3.500,joint_grid_transaction,39,39,2,12,4,0.000,1.00,-3.041,False,None,0.000,False
68.352,5,en_route_pickup,-2.913,2.058,1.000,1.500,joint_grid_transaction,39,39,3,13,5,0.000,1.00,0.056,False,None,0.000,False
68.352,6,en_route_pickup,2.853,-2.056,-1.000,-1.500,joint_grid_transaction,39,39,3,13,6,0.000,1.00,3.056,False,None,0.000,False
68.352,7,en_route_pickup,-4.221,-0.680,0.000,-3.500,joint_grid_transaction,39,39,2,12,7,0.000,1.00,1.476,False,None,0.000,False
68.352,8,en_route_pickup,4.276,-0.727,-6.000,-3.500,joint_grid_transaction,39,39,3,13,8,0.000,1.00,-1.728,False,None,0.000,False
68.608,1,en_route_delivery,-4.305,0.947,-3.000,-1.500,joint_grid_transaction,39,39,2,12,1,0.000,1.00,-1.228,False,None,0.000,False
68.608,2,en_route_delivery,-1.620,2.100,0.000,-3.500,joint_grid_transaction,39,39,3,13,2,0.000,1.00,2.148,False,None,0.000,False
68.608,3,en_route_pickup,-2.953,2.881,-3.000,1.500,joint_grid_transaction,40,39,0,0,3,78.032,0.40,2.448,False,None,0.000,False
68.608,4,en_route_pickup,1.780,1.977,0.000,3.500,joint_grid_transaction,39,39,2,12,4,0.000,1.00,-3.041,False,None,0.000,False
68.608,5,en_route_pickup,-2.881,2.060,1.000,1.500,joint_grid_transaction,39,39,3,13,5,0.000,1.00,0.059,False,None,0.000,False
68.608,6,en_route_pickup,2.824,-2.058,-1.000,-1.500,joint_grid_transaction,39,39,3,13,6,0.000,1.00,3.056,False,None,0.000,False
68.608,7,en_route_pickup,-4.218,-0.714,0.000,-3.500,joint_grid_transaction,39,39,2,12,7,0.000,1.00,1.477,False,None,0.000,False
68.608,8,en_route_pickup,4.269,-0.774,-6.000,-3.500,joint_grid_transaction,39,39,3,13,8,0.000,1.00,-1.701,False,None,0.000,False
68.864,1,en_route_delivery,-4.292,0.902,-3.000,-1.500,joint_grid_transaction,39,39,3,12,1,0.000,1.00,-1.321,False,None,0.000,False
68.864,2,en_route_delivery,-1.644,2.141,0.000,-3.500,joint_grid_transaction,39,39,3,13,2,0.000,1.00,2.036,False,None,0.000,False
68.864,3,en_route_pickup,-2.953,2.881,-3.000,1.500,joint_grid_transaction,40,39,0,0,3,78.032,0.40,2.448,False,None,0.000,False
68.864,4,en_route_pickup,1.746,1.973,0.000,3.500,joint_grid_transaction,39,39,2,12,4,0.000,1.00,-3.042,False,None,0.000,False
68.864,5,en_route_pickup,-2.850,2.062,1.000,1.500,joint_grid_transaction,39,39,3,13,5,0.000,1.00,0.060,False,None,0.000,False
68.864,6,en_route_pickup,2.796,-2.061,-1.000,-1.500,joint_grid_transaction,39,39,3,13,6,0.000,1.00,3.056,False,None,0.000,False
68.864,7,en_route_pickup,-4.215,-0.745,0.000,-3.500,joint_grid_transaction,39,39,2,12,7,0.000,1.00,1.477,False,None,0.000,False
68.864,8,en_route_pickup,4.264,-0.821,-6.000,-3.500,joint_grid_transaction,39,39,4,13,8,0.000,1.00,-1.669,False,None,0.000,False
69.120,1,en_route_delivery,-4.282,0.856,-3.000,-1.500,joint_grid_transaction,42,39,3,9,1,0.000,1.00,-1.377,False,None,0.000,False
69.120,2,en_route_delivery,-1.662,2.183,0.000,-3.500,joint_grid_transaction,42,39,3,9,2,0.000,1.00,1.946,False,None,0.000,False
69.120,3,en_route_pickup,-2.953,2.882,-3.000,1.500,joint_grid_transaction,42,39,0,9,3,78.032,0.40,2.450,False,None,0.000,False
69.120,4,en_route_pickup,1.715,1.970,0.000,3.500,joint_grid_transaction,42,39,2,9,4,0.000,1.00,-3.043,False,None,0.000,False
69.120,5,en_route_pickup,-2.820,2.064,1.000,1.500,joint_grid_transaction,42,39,3,8,5,0.000,1.00,0.061,False,None,0.000,False
69.120,6,en_route_pickup,2.773,-2.062,-1.000,-1.500,joint_grid_transaction,42,39,3,9,6,0.000,1.00,3.066,False,None,0.000,False
69.120,7,en_route_pickup,-4.212,-0.775,0.000,-3.500,joint_grid_transaction,42,39,2,9,7,0.000,1.00,1.478,False,None,0.000,False
69.120,8,en_route_pickup,4.260,-0.866,-6.000,-3.500,joint_grid_transaction,42,39,4,9,8,0.000,1.00,-1.659,False,None,0.000,False
69.376,1,en_route_delivery,-4.273,0.811,-3.000,-1.500,joint_grid_transaction,42,42,2,9,1,0.000,1.00,-1.416,False,None,0.000,False
69.376,2,en_route_delivery,-1.657,2.195,0.000,-3.500,joint_grid_transaction,42,42,2,9,2,0.000,1.00,1.619,False,None,0.000,False
69.376,3,en_route_pickup,-2.957,2.885,-3.000,1.500,joint_grid_transaction,42,42,1,9,3,78.032,0.40,2.490,False,None,0.000,False
69.376,4,en_route_pickup,1.680,1.967,0.000,3.500,joint_grid_transaction,42,42,2,9,4,0.000,1.00,-3.042,False,None,0.000,False
69.376,5,en_route_pickup,-2.792,2.066,1.000,1.500,joint_grid_transaction,42,42,1,8,5,0.000,1.00,0.061,False,None,0.000,False
69.376,6,en_route_pickup,2.751,-2.063,-1.000,-1.500,joint_grid_transaction,42,42,1,9,6,0.000,1.00,3.087,False,None,0.000,False
69.376,7,en_route_pickup,-4.209,-0.807,0.000,-3.500,joint_grid_transaction,42,42,2,9,7,0.000,1.00,1.476,False,None,0.000,False
69.376,8,en_route_pickup,4.256,-0.909,-6.000,-3.500,joint_grid_transaction,42,42,2,9,8,0.000,1.00,-1.659,False,None,0.000,False
69.632,1,en_route_delivery,-4.267,0.763,-3.000,-1.500,joint_grid_transaction,42,42,2,9,1,0.000,1.00,-1.450,False,None,0.000,False
69.632,2,en_route_delivery,-1.657,2.193,0.000,-3.500,joint_grid_transaction,42,42,2,9,2,0.000,1.00,1.395,False,None,0.000,False
69.632,3,en_route_pickup,-2.962,2.888,-3.000,1.500,joint_grid_transaction,42,42,1,9,3,78.032,0.40,2.532,False,None,0.000,False
69.632,4,en_route_pickup,1.646,1.963,0.000,3.500,joint_grid_transaction,42,42,2,9,4,0.000,1.00,-3.042,False,None,0.000,False
69.632,5,en_route_pickup,-2.768,2.067,1.000,1.500,joint_grid_transaction,42,42,1,8,5,0.000,1.00,0.050,False,None,0.000,False
69.632,6,en_route_pickup,2.730,-2.064,-1.000,-1.500,joint_grid_transaction,42,42,1,9,6,0.000,1.00,3.115,False,None,0.000,False
69.632,7,en_route_pickup,-4.206,-0.841,0.000,-3.500,joint_grid_transaction,42,42,2,9,7,0.000,1.00,1.476,False,None,0.000,False
69.632,8,en_route_pickup,4.252,-0.951,-6.000,-3.500,joint_grid_transaction,42,42,2,9,8,0.000,1.00,-1.659,False,None,0.000,False
69.888,1,en_route_delivery,-4.262,0.719,-3.000,-1.500,joint_grid_transaction,42,42,2,9,1,0.000,1.00,-1.471,False,None,0.000,False
69.888,2,en_route_delivery,-1.645,2.227,0.000,-3.500,joint_grid_transaction,42,42,2,9,2,0.000,1.00,1.329,False,None,0.000,False
69.888,3,en_route_pickup,-2.966,2.891,-3.000,1.500,joint_grid_transaction,42,42,1,9,3,78.032,0.40,2.575,False,None,0.000,False
69.888,4,en_route_pickup,1.612,1.960,0.000,3.500,joint_grid_transaction,42,42,2,9,4,0.000,1.00,-3.043,False,None,0.000,False
69.888,5,en_route_pickup,-2.746,2.067,1.000,1.500,joint_grid_transaction,42,42,1,8,5,0.000,1.00,0.029,False,None,0.000,False
69.888,6,en_route_pickup,2.707,-2.064,-1.000,-1.500,joint_grid_transaction,42,42,1,9,6,0.000,1.00,3.139,False,None,0.000,False
69.888,7,en_route_pickup,-4.203,-0.873,0.000,-3.500,joint_grid_transaction,42,42,2,9,7,0.000,1.00,1.476,False,None,0.000,False
69.888,8,en_route_pickup,4.249,-0.992,-6.000,-3.500,joint_grid_transaction,42,42,2,9,8,0.000,1.00,-1.658,False,None,0.000,False
70.144,1,en_route_delivery,-4.262,0.719,-3.000,-1.500,joint_grid_transaction,42,42,2,9,1,0.000,1.00,-1.471,False,joint_slot_deadline,70.292,False
70.144,2,en_route_delivery,-1.631,2.268,0.000,-3.500,joint_grid_transaction,42,42,2,9,2,0.000,1.00,1.245,False,None,0.000,False
70.144,3,en_route_pickup,-2.970,2.894,-3.000,1.500,joint_grid_transaction,42,42,1,9,3,78.032,0.40,2.620,False,None,0.000,False
70.144,4,en_route_pickup,1.581,1.957,0.000,3.500,joint_grid_transaction,42,42,2,9,4,0.000,1.00,-3.043,False,None,0.000,False
70.144,5,en_route_pickup,-2.724,2.068,1.000,1.500,joint_grid_transaction,42,42,1,8,5,0.000,1.00,0.005,False,None,0.000,False
70.144,6,en_route_pickup,2.670,-2.064,-1.000,-1.500,joint_grid_transaction,42,42,2,9,6,0.000,1.00,3.138,False,None,0.000,False
70.144,7,en_route_pickup,-4.200,-0.904,0.000,-3.500,joint_grid_transaction,42,42,2,9,7,0.000,1.00,1.477,False,None,0.000,False
70.144,8,en_route_pickup,4.245,-1.030,-6.000,-3.500,joint_grid_transaction,42,42,2,9,8,0.000,1.00,-1.658,False,None,0.000,False
70.400,1,en_route_delivery,-4.261,0.706,-3.000,-1.500,joint_grid_transaction,42,42,2,9,1,0.000,1.00,-1.465,False,joint_slot_deadline,70.292,False
70.400,2,en_route_delivery,-1.614,2.312,0.000,-3.500,joint_grid_transaction,42,42,2,9,2,0.000,1.00,1.162,False,None,0.000,False
70.400,3,en_route_pickup,-2.974,2.896,-3.000,1.500,joint_grid_transaction,42,42,1,9,3,78.032,0.40,2.667,False,None,0.000,False
70.400,4,en_route_pickup,1.550,1.954,0.000,3.500,joint_grid_transaction,42,42,2,9,4,0.000,1.00,-3.044,False,None,0.000,False
70.400,5,en_route_pickup,-2.696,2.067,1.000,1.500,joint_grid_transaction,42,42,1,8,5,0.000,1.00,0.016,False,None,0.000,False
70.400,6,en_route_pickup,2.634,-2.064,-1.000,-1.500,joint_grid_transaction,42,42,2,9,6,0.000,1.00,3.138,False,None,0.000,False
70.400,7,en_route_pickup,-4.197,-0.934,0.000,-3.500,joint_grid_transaction,42,42,2,9,7,0.000,1.00,1.477,False,None,0.000,False
70.400,8,en_route_pickup,4.244,-1.042,-6.000,-3.500,joint_grid_transaction,42,42,2,9,8,0.000,1.00,-1.664,False,joint_slot_deadline,70.292,False
70.656,1,en_route_delivery,-4.256,0.665,-3.000,-1.500,joint_grid_transaction,42,42,3,9,1,0.000,1.00,-1.465,False,None,0.000,False
70.656,2,en_route_delivery,-1.597,2.356,0.000,-3.500,joint_grid_transaction,42,42,3,9,2,0.000,1.00,1.226,False,None,0.000,False
70.656,3,en_route_pickup,-2.978,2.898,-3.000,1.500,joint_grid_transaction,42,42,1,9,3,78.032,0.40,2.716,False,None,0.000,False
70.656,4,en_route_pickup,1.522,1.951,0.000,3.500,joint_grid_transaction,42,42,2,9,4,0.000,1.00,-3.045,False,None,0.000,False
70.656,5,en_route_pickup,-2.657,2.066,1.000,1.500,joint_grid_transaction,42,42,2,8,5,0.000,1.00,0.022,False,None,0.000,False
70.656,6,en_route_pickup,2.600,-2.064,-1.000,-1.500,joint_grid_transaction,42,42,2,9,6,0.000,1.00,3.137,False,None,0.000,False
70.656,7,en_route_pickup,-4.194,-0.962,0.000,-3.500,joint_grid_transaction,42,42,2,9,7,0.000,1.00,1.478,False,None,0.000,False
70.656,8,en_route_pickup,4.240,-1.082,-6.000,-3.500,joint_grid_transaction,42,42,3,9,8,0.000,1.00,-1.664,False,None,0.000,False
70.912,1,en_route_delivery,-4.252,0.624,-3.000,-1.500,joint_grid_transaction,42,42,3,9,1,0.000,1.00,-1.466,False,None,0.000,False
70.912,2,en_route_delivery,-1.582,2.401,0.000,-3.500,joint_grid_transaction,42,42,3,9,2,0.000,1.00,1.270,False,None,0.000,False
70.912,3,en_route_pickup,-2.981,2.899,-3.000,1.500,joint_grid_transaction,42,42,1,9,3,78.032,0.40,2.765,False,None,0.000,False
70.912,4,en_route_pickup,1.496,1.949,0.000,3.500,joint_grid_transaction,42,42,2,9,4,0.000,1.00,-3.052,False,None,0.000,False
70.912,5,en_route_pickup,-2.619,2.065,1.000,1.500,joint_grid_transaction,42,42,2,8,5,0.000,1.00,0.031,False,None,0.000,False
70.912,6,en_route_pickup,2.566,-2.065,-1.000,-1.500,joint_grid_transaction,42,42,2,9,6,0.000,1.00,3.136,False,None,0.000,False
70.912,7,en_route_pickup,-4.192,-0.986,0.000,-3.500,joint_grid_transaction,42,42,2,9,7,0.000,1.00,1.489,False,None,0.000,False
70.912,8,en_route_pickup,4.237,-1.121,-6.000,-3.500,joint_grid_transaction,42,42,3,9,8,0.000,1.00,-1.664,False,None,0.000,False
71.168,1,en_route_delivery,-4.248,0.584,-3.000,-1.500,joint_grid_transaction,42,42,3,9,1,0.000,1.00,-1.467,False,None,0.000,False
71.168,2,en_route_delivery,-1.568,2.447,0.000,-3.500,joint_grid_transaction,42,42,3,9,2,0.000,1.00,1.300,False,None,0.000,False
71.168,3,en_route_pickup,-2.984,2.900,-3.000,1.500,joint_grid_transaction,42,42,1,9,3,78.032,0.40,2.813,False,None,0.000,False
71.168,4,en_route_pickup,1.475,1.947,0.000,3.500,joint_grid_transaction,42,42,2,9,4,0.000,1.00,-3.071,False,None,0.000,False
71.168,5,en_route_pickup,-2.580,2.063,1.000,1.500,joint_grid_transaction,42,42,2,8,5,0.000,1.00,0.042,False,None,0.000,False
71.168,6,en_route_pickup,2.535,-2.065,-1.000,-1.500,joint_grid_transaction,42,42,2,9,6,0.000,1.00,3.135,False,None,0.000,False
71.168,7,en_route_pickup,-4.191,-1.007,0.000,-3.500,joint_grid_transaction,42,42,2,9,7,0.000,1.00,1.509,False,None,0.000,False
71.168,8,en_route_pickup,4.233,-1.159,-6.000,-3.500,joint_grid_transaction,42,42,3,9,8,0.000,1.00,-1.663,False,None,0.000,False
71.424,1,en_route_delivery,-4.244,0.545,-3.000,-1.500,joint_grid_transaction,42,42,3,9,1,0.000,1.00,-1.468,False,None,0.000,False
71.424,2,en_route_delivery,-1.556,2.493,0.000,-3.500,joint_grid_transaction,42,42,3,9,2,0.000,1.00,1.321,False,None,0.000,False
71.424,3,en_route_pickup,-2.987,2.901,-3.000,1.500,joint_grid_transaction,42,42,1,9,3,78.032,0.40,2.860,False,None,0.000,False
71.424,4,en_route_pickup,1.449,1.946,0.000,3.500,joint_grid_transaction,42,42,3,9,4,0.000,1.00,-3.084,False,None,0.000,False
71.424,5,en_route_pickup,-2.540,2.060,1.000,1.500,joint_grid_transaction,42,42,2,8,5,0.000,1.00,0.058,False,None,0.000,False
71.424,6,en_route_pickup,2.505,-2.065,-1.000,-1.500,joint_grid_transaction,42,42,2,9,6,0.000,1.00,3.134,False,None,0.000,False
71.424,7,en_route_pickup,-4.191,-1.027,0.000,-3.500,joint_grid_transaction,42,42,2,9,7,0.000,1.00,1.537,False,None,0.000,False
71.424,8,en_route_pickup,4.230,-1.195,-6.000,-3.500,joint_grid_transaction,42,42,3,9,8,0.000,1.00,-1.663,False,None,0.000,False
71.680,1,en_route_delivery,-4.240,0.507,-3.000,-1.500,joint_grid_transaction,42,42,3,9,1,0.000,1.00,-1.468,False,None,0.000,False
71.680,2,en_route_delivery,-1.545,2.539,0.000,-3.500,joint_grid_transaction,42,42,3,9,2,0.000,1.00,1.339,False,None,0.000,False
71.680,3,en_route_pickup,-2.989,2.902,-3.000,1.500,joint_grid_transaction,42,42,1,9,3,78.032,0.40,2.905,False,None,0.000,False
71.680,4,en_route_pickup,1.416,1.944,0.000,3.500,joint_grid_transaction,42,42,3,9,4,0.000,1.00,-3.081,False,None,0.000,False
71.680,5,en_route_pickup,-2.499,2.056,1.000,1.500,joint_grid_transaction,42,42,2,8,5,0.000,1.00,0.080,False,None,0.000,False
71.680,6,en_route_pickup,2.477,-2.065,-1.000,-1.500,joint_grid_transaction,42,42,2,9,6,0.000,1.00,3.133,False,None,0.000,False
71.680,7,en_route_pickup,-4.190,-1.056,0.000,-3.500,joint_grid_transaction,42,42,2,9,7,0.000,1.00,1.546,False,None,0.000,False
71.680,8,en_route_pickup,4.227,-1.231,-6.000,-3.500,joint_grid_transaction,42,42,3,9,8,0.000,1.00,-1.662,False,None,0.000,False
71.936,1,en_route_delivery,-4.236,0.470,-3.000,-1.500,joint_grid_transaction,42,42,3,9,1,0.000,1.00,-1.469,False,None,0.000,False
71.936,2,en_route_delivery,-1.535,2.585,0.000,-3.500,joint_grid_transaction,42,42,4,9,2,0.000,1.00,1.396,False,None,0.000,False
71.936,3,en_route_pickup,-2.990,2.902,-3.000,1.500,joint_grid_transaction,42,42,1,9,3,78.032,0.40,2.950,False,None,0.000,False
71.936,4,en_route_pickup,1.383,1.942,0.000,3.500,joint_grid_transaction,42,42,3,9,4,0.000,1.00,-3.080,False,None,0.000,False
71.936,5,en_route_pickup,-2.457,2.051,1.000,1.500,joint_grid_transaction,42,42,2,8,5,0.000,1.00,0.107,False,None,0.000,False
71.936,6,en_route_pickup,2.450,-2.065,-1.000,-1.500,joint_grid_transaction,42,42,2,9,6,0.000,1.00,-3.138,False,None,0.000,False
71.936,7,en_route_pickup,-4.189,-1.091,0.000,-3.500,joint_grid_transaction,42,42,3,9,7,0.000,1.00,1.541,False,None,0.000,False
71.936,8,en_route_pickup,4.223,-1.265,-6.000,-3.500,joint_grid_transaction,42,42,3,9,8,0.000,1.00,-1.662,False,None,0.000,False
72.192,1,en_route_delivery,-4.232,0.433,-3.000,-1.500,joint_grid_transaction,42,42,4,9,1,0.000,1.00,-1.469,False,None,0.000,False
72.192,2,en_route_delivery,-1.528,2.632,0.000,-3.500,joint_grid_transaction,42,42,4,9,2,0.000,1.00,1.434,False,None,0.000,False
72.192,3,en_route_pickup,-2.992,2.902,-3.000,1.500,joint_grid_transaction,42,42,1,9,3,78.032,0.40,2.992,False,None,0.000,False
72.192,4,en_route_pickup,1.351,1.940,0.000,3.500,joint_grid_transaction,42,42,3,9,4,0.000,1.00,-3.080,False,None,0.000,False
72.192,5,en_route_pickup,-2.410,2.046,1.000,1.500,joint_grid_transaction,42,42,3,8,5,0.000,1.00,0.110,False,None,0.000,False
72.192,6,en_route_pickup,2.412,-2.065,-1.000,-1.500,joint_grid_transaction,42,42,3,9,6,0.000,1.00,-3.136,False,None,0.000,False
72.192,7,en_route_pickup,-4.188,-1.124,0.000,-3.500,joint_grid_transaction,42,42,3,9,7,0.000,1.00,1.534,False,None,0.000,False
72.192,8,en_route_pickup,4.220,-1.299,-6.000,-3.500,joint_grid_transaction,42,42,4,9,8,0.000,1.00,-1.664,False,None,0.000,False
72.448,1,en_route_delivery,-4.228,0.396,-3.000,-1.500,joint_grid_transaction,42,42,4,9,1,0.000,1.00,-1.470,False,None,0.000,False
72.448,2,en_route_delivery,-1.522,2.680,0.000,-3.500,joint_grid_transaction,42,42,4,9,2,0.000,1.00,1.459,False,None,0.000,False
72.448,3,en_route_pickup,-2.993,2.902,-3.000,1.500,joint_grid_transaction,42,42,1,9,3,78.032,0.40,3.034,False,None,0.000,False
72.448,4,en_route_pickup,1.321,1.938,0.000,3.500,joint_grid_transaction,42,42,3,9,4,0.000,1.00,-3.079,False,None,0.000,False
72.448,5,en_route_pickup,-2.362,2.041,1.000,1.500,joint_grid_transaction,42,42,3,8,5,0.000,1.00,0.111,False,None,0.000,False
72.448,6,en_route_pickup,2.376,-2.065,-1.000,-1.500,joint_grid_transaction,42,42,3,9,6,0.000,1.00,-3.134,False,None,0.000,False
72.448,7,en_route_pickup,-4.187,-1.156,0.000,-3.500,joint_grid_transaction,42,42,3,9,7,0.000,1.00,1.527,False,None,0.000,False
72.448,8,en_route_pickup,4.217,-1.334,-6.000,-3.500,joint_grid_transaction,42,42,4,9,8,0.000,1.00,-1.663,False,None,0.000,False
72.704,1,en_route_delivery,-4.225,0.360,-3.000,-1.500,joint_grid_transaction,42,42,4,9,1,0.000,1.00,-1.471,False,None,0.000,False
72.704,2,en_route_delivery,-1.517,2.727,0.000,-3.500,joint_grid_transaction,42,42,4,9,2,0.000,1.00,1.472,False,None,0.000,False
72.704,3,en_route_pickup,-2.993,2.902,-3.000,1.500,joint_grid_transaction,42,42,1,9,3,78.032,0.40,3.073,False,None,0.000,False
72.704,4,en_route_pickup,1.293,1.937,0.000,3.500,joint_grid_transaction,42,42,3,9,4,0.000,1.00,-3.079,False,None,0.000,False
72.704,5,en_route_pickup,-2.315,2.035,1.000,1.500,joint_grid_transaction,42,42,3,8,5,0.000,1.00,0.111,False,None,0.000,False
72.704,6,en_route_pickup,2.340,-2.064,-1.000,-1.500,joint_grid_transaction,42,42,3,9,6,0.000,1.00,-3.131,False,None,0.000,False
72.704,7,en_route_pickup,-4.185,-1.185,0.000,-3.500,joint_grid_transaction,42,42,3,9,7,0.000,1.00,1.520,False,None,0.000,False
72.704,8,en_route_pickup,4.214,-1.369,-6.000,-3.500,joint_grid_transaction,42,42,4,9,8,0.000,1.00,-1.663,False,None,0.000,False
72.960,1,en_route_delivery,-4.221,0.325,-3.000,-1.500,joint_grid_transaction,42,42,4,9,1,0.000,1.00,-1.471,False,None,0.000,False
72.960,2,en_route_delivery,-1.513,2.772,0.000,-3.500,joint_grid_transaction,42,42,4,9,2,0.000,1.00,1.473,False,None,0.000,False
72.960,3,en_route_pickup,-2.994,2.902,-3.000,1.500,joint_grid_transaction,42,42,1,9,3,78.032,0.40,3.111,False,None,0.000,False
72.960,4,en_route_pickup,1.267,1.935,0.000,3.500,joint_grid_transaction,42,42,3,9,4,0.000,1.00,-3.085,False,None,0.000,False
72.960,5,en_route_pickup,-2.267,2.030,1.000,1.500,joint_grid_transaction,42,42,3,8,5,0.000,1.00,0.112,False,None,0.000,False
72.960,6,en_route_pickup,2.305,-2.063,-1.000,-1.500,joint_grid_transaction,42,42,3,9,6,0.000,1.00,-3.127,False,None,0.000,False
72.960,7,en_route_pickup,-4.184,-1.212,0.000,-3.500,joint_grid_transaction,42,42,3,9,7,0.000,1.00,1.514,False,None,0.000,False
72.960,8,en_route_pickup,4.211,-1.402,-6.000,-3.500,joint_grid_transaction,42,42,4,9,8,0.000,1.00,-1.662,False,None,0.000,False
73.216,1,en_route_delivery,-4.218,0.292,-3.000,-1.500,joint_grid_transaction,42,42,4,9,1,0.000,1.00,-1.472,False,None,0.000,False
73.216,2,en_route_delivery,-1.513,2.784,0.000,-3.500,joint_grid_transaction,42,42,5,9,2,0.000,1.00,1.758,False,None,0.000,False
73.216,3,en_route_pickup,-2.994,2.902,-3.000,1.500,joint_grid_transaction,42,42,1,9,3,78.032,0.40,-3.137,False,None,0.000,False
73.216,4,en_route_pickup,1.246,1.934,0.000,3.500,joint_grid_transaction,42,42,3,9,4,0.000,1.00,-3.106,False,None,0.000,False
73.216,5,en_route_pickup,-2.220,2.025,1.000,1.500,joint_grid_transaction,42,42,3,8,5,0.000,1.00,0.112,False,None,0.000,False
73.216,6,en_route_pickup,2.270,-2.062,-1.000,-1.500,joint_grid_transaction,42,42,3,9,6,0.000,1.00,-3.121,False,None,0.000,False
73.216,7,en_route_pickup,-4.183,-1.236,0.000,-3.500,joint_grid_transaction,42,42,3,9,7,0.000,1.00,1.525,False,None,0.000,False
73.216,8,en_route_pickup,4.208,-1.435,-6.000,-3.500,joint_grid_transaction,42,42,4,9,8,0.000,1.00,-1.662,False,None,0.000,False
73.472,1,en_route_delivery,-4.215,0.260,-3.000,-1.500,joint_grid_transaction,42,42,4,9,1,0.000,1.00,-1.473,False,None,0.000,False
73.472,2,en_route_delivery,-1.516,2.773,0.000,-3.500,joint_grid_transaction,42,42,5,9,2,0.000,1.00,1.984,False,None,0.000,False
73.472,3,en_route_pickup,-2.994,2.902,-3.000,1.500,joint_grid_transaction,42,42,1,9,3,78.032,0.40,-3.104,False,None,0.000,False
73.472,4,en_route_pickup,1.223,1.934,0.000,3.500,joint_grid_transaction,42,42,3,9,4,0.000,1.00,-3.129,False,None,0.000,False
73.472,5,en_route_pickup,-2.174,2.020,1.000,1.500,joint_grid_transaction,42,42,4,8,5,0.000,1.00,0.101,False,None,0.000,False
73.472,6,en_route_pickup,2.237,-2.061,-1.000,-1.500,joint_grid_transaction,42,42,3,9,6,0.000,1.00,-3.112,False,None,0.000,False
73.472,7,en_route_pickup,-4.182,-1.258,0.000,-3.500,joint_grid_transaction,42,42,3,9,7,0.000,1.00,1.547,False,None,0.000,False
73.472,8,en_route_pickup,4.205,-1.465,-6.000,-3.500,joint_grid_transaction,42,42,4,9,8,0.000,1.00,-1.662,False,None,0.000,False
73.728,1,en_route_delivery,-4.212,0.230,-3.000,-1.500,joint_grid_transaction,43,43,1,9,1,0.000,1.00,-1.473,False,None,0.000,False
73.728,2,en_route_delivery,-1.514,2.774,0.000,-3.500,joint_grid_transaction,43,43,1,9,2,0.000,1.00,1.960,False,None,0.000,False
73.728,3,en_route_pickup,-2.994,2.902,-3.000,1.500,joint_grid_transaction,43,43,1,6,3,78.032,0.40,-3.126,False,None,0.000,False
73.728,4,en_route_pickup,1.196,1.934,0.000,3.500,joint_grid_transaction,43,43,1,9,4,0.000,1.00,3.135,False,None,0.000,False
73.728,5,en_route_pickup,-2.130,2.016,1.000,1.500,joint_grid_transaction,43,43,1,9,5,0.000,1.00,0.101,False,None,0.000,False
73.728,6,en_route_pickup,2.202,-2.059,-1.000,-1.500,joint_grid_transaction,43,43,1,9,6,0.000,1.00,-3.100,False,None,0.000,False
73.728,7,en_route_pickup,-4.182,-1.281,0.000,-3.500,joint_grid_transaction,43,43,1,9,7,0.000,1.00,1.571,False,None,0.000,False
73.728,8,en_route_pickup,4.202,-1.494,-6.000,-3.500,joint_grid_transaction,43,43,1,9,8,0.000,1.00,-1.661,False,None,0.000,False
73.984,1,en_route_delivery,-4.209,0.200,-3.000,-1.500,joint_grid_transaction,43,43,2,9,1,0.000,1.00,-1.471,False,None,0.000,False
73.984,2,en_route_delivery,-1.514,2.777,0.000,-3.500,joint_grid_transaction,43,43,2,9,2,0.000,1.00,1.922,False,None,0.000,False
73.984,3,en_route_pickup,-2.993,2.902,-3.000,1.500,joint_grid_transaction,43,43,1,6,3,78.032,0.40,3.083,False,None,0.000,False
73.984,4,en_route_pickup,1.158,1.935,0.000,3.500,joint_grid_transaction,43,43,2,9,4,0.000,1.00,3.133,False,None,0.000,False
73.984,5,en_route_pickup,-2.087,2.011,1.000,1.500,joint_grid_transaction,43,43,2,9,5,0.000,1.00,0.100,False,None,0.000,False
73.984,6,en_route_pickup,2.158,-2.056,-1.000,-1.500,joint_grid_transaction,43,43,2,9,6,0.000,1.00,-3.086,False,None,0.000,False
73.984,7,en_route_pickup,-4.183,-1.310,0.000,-3.500,joint_grid_transaction,43,43,2,9,7,0.000,1.00,1.594,False,None,0.000,False
73.984,8,en_route_pickup,4.200,-1.519,-6.000,-3.500,joint_grid_transaction,43,43,1,9,8,0.000,1.00,-1.655,False,None,0.000,False
74.240,1,en_route_delivery,-4.206,0.167,-3.000,-1.500,joint_grid_transaction,43,43,2,9,1,0.000,1.00,-1.472,False,None,0.000,False
74.240,2,en_route_delivery,-1.519,2.767,0.000,-3.500,joint_grid_transaction,43,43,2,9,2,0.000,1.00,2.070,False,None,0.000,False
74.240,3,en_route_pickup,-2.992,2.902,-3.000,1.500,joint_grid_transaction,43,43,1,6,3,78.032,0.40,3.014,False,None,0.000,False
74.240,4,en_route_pickup,1.121,1.935,0.000,3.500,joint_grid_transaction,43,43,2,9,4,0.000,1.00,3.129,False,None,0.000,False
74.240,5,en_route_pickup,-2.045,2.007,1.000,1.500,joint_grid_transaction,43,43,2,9,5,0.000,1.00,0.099,False,None,0.000,False
74.240,6,en_route_pickup,2.114,-2.053,-1.000,-1.500,joint_grid_transaction,43,43,2,9,6,0.000,1.00,-3.068,False,None,0.000,False
74.240,7,en_route_pickup,-4.184,-1.350,0.000,-3.500,joint_grid_transaction,43,43,2,9,7,0.000,1.00,1.602,False,None,0.000,False
74.240,8,en_route_pickup,4.199,-1.542,-6.000,-3.500,joint_grid_transaction,43,43,1,9,8,0.000,1.00,-1.635,False,None,0.000,False
74.496,1,en_route_delivery,-4.202,0.135,-3.000,-1.500,joint_grid_transaction,43,43,2,9,1,0.000,1.00,-1.472,False,None,0.000,False
74.496,2,en_route_delivery,-1.544,2.804,0.000,-3.500,joint_grid_transaction,43,43,2,9,2,0.000,1.00,2.190,False,None,0.000,False
74.496,3,en_route_pickup,-2.990,2.902,-3.000,1.500,joint_grid_transaction,43,43,1,6,3,78.032,0.40,2.949,False,None,0.000,False
74.496,4,en_route_pickup,1.084,1.936,0.000,3.500,joint_grid_transaction,43,43,2,9,4,0.000,1.00,3.124,False,None,0.000,False
74.496,5,en_route_pickup,-2.003,2.003,1.000,1.500,joint_grid_transaction,43,43,2,9,5,0.000,1.00,0.099,False,None,0.000,False
74.496,6,en_route_pickup,2.067,-2.049,-1.000,-1.500,joint_grid_transaction,43,43,2,9,6,0.000,1.00,-3.044,False,None,0.000,False
74.496,7,en_route_pickup,-4.186,-1.390,0.000,-3.500,joint_grid_transaction,43,43,2,9,7,0.000,1.00,1.614,False,None,0.000,False
74.496,8,en_route_pickup,4.197,-1.575,-6.000,-3.500,joint_grid_transaction,43,43,2,9,8,0.000,1.00,-1.638,False,None,0.000,False
74.752,1,en_route_delivery,-4.199,0.104,-3.000,-1.500,joint_grid_transaction,43,43,2,9,1,0.000,1.00,-1.473,False,None,0.000,False
74.752,2,en_route_delivery,-1.573,2.842,0.000,-3.500,joint_grid_transaction,43,43,2,9,2,0.000,1.00,2.273,False,None,0.000,False
74.752,3,en_route_pickup,-2.988,2.901,-3.000,1.500,joint_grid_transaction,43,43,1,6,3,78.032,0.40,2.888,False,None,0.000,False
74.752,4,en_route_pickup,1.048,1.937,0.000,3.500,joint_grid_transaction,43,43,2,9,4,0.000,1.00,3.117,False,None,0.000,False
74.752,5,en_route_pickup,-1.970,1.999,1.000,1.500,joint_grid_transaction,43,43,2,9,5,0.000,1.00,0.098,False,joint_slot_deadline,74.788,False
74.752,6,en_route_pickup,2.020,-2.044,-1.000,-1.500,joint_grid_transaction,43,43,2,9,6,0.000,1.00,-3.020,False,None,0.000,False
74.752,7,en_route_pickup,-4.189,-1.430,0.000,-3.500,joint_grid_transaction,43,43,2,9,7,0.000,1.00,1.630,False,None,0.000,False
74.752,8,en_route_pickup,4.194,-1.609,-6.000,-3.500,joint_grid_transaction,43,43,2,9,8,0.000,1.00,-1.639,False,None,0.000,False
75.008,1,en_route_delivery,-4.196,0.074,-3.000,-1.500,joint_grid_transaction,43,43,2,9,1,0.000,1.00,-1.474,False,None,0.000,False
75.008,2,en_route_delivery,-1.593,2.851,0.000,-3.500,joint_grid_transaction,43,43,3,9,2,0.000,1.00,2.398,False,None,0.000,False
75.008,3,en_route_pickup,-2.985,2.901,-3.000,1.500,joint_grid_transaction,43,43,1,6,3,78.032,0.40,2.831,False,None,0.000,False
75.008,4,en_route_pickup,1.013,1.939,0.000,3.500,joint_grid_transaction,43,43,2,9,4,0.000,1.00,3.106,False,None,0.000,False
75.008,5,en_route_pickup,-1.941,1.996,1.000,1.500,joint_grid_transaction,43,43,3,9,5,0.000,1.00,0.104,False,None,0.000,False
75.008,6,en_route_pickup,1.972,-2.037,-1.000,-1.500,joint_grid_transaction,43,43,2,9,6,0.000,1.00,-3.003,False,None,0.000,False
75.008,7,en_route_pickup,-4.193,-1.472,0.000,-3.500,joint_grid_transaction,43,43,2,9,7,0.000,1.00,1.651,False,None,0.000,False
75.008,8,en_route_pickup,4.192,-1.640,-6.000,-3.500,joint_grid_transaction,43,43,2,9,8,0.000,1.00,-1.639,False,None,0.000,False
75.264,1,en_route_delivery,-4.194,0.046,-3.000,-1.500,joint_grid_transaction,44,44,1,8,1,0.000,1.00,-1.474,False,None,0.000,False
75.264,2,en_route_delivery,-1.597,2.848,0.000,-3.500,joint_grid_transaction,44,44,2,9,2,0.000,1.00,2.422,False,joint_slot_deadline,76.292,False
75.264,3,en_route_pickup,-2.982,2.899,-3.000,1.500,joint_grid_transaction,44,44,1,6,3,78.032,0.40,2.777,False,None,0.000,False
75.264,4,en_route_pickup,0.977,1.942,0.000,3.500,joint_grid_transaction,44,44,1,9,4,0.000,1.00,3.092,False,None,0.000,False
75.264,5,en_route_pickup,-1.901,1.992,1.000,1.500,joint_grid_transaction,44,44,2,9,5,0.000,1.00,0.103,False,None,0.000,False
75.264,6,en_route_pickup,1.926,-2.031,-1.000,-1.500,joint_grid_transaction,44,44,2,9,6,0.000,1.00,-3.016,False,None,0.000,False
75.264,7,en_route_pickup,-4.198,-1.515,0.000,-3.500,joint_grid_transaction,44,44,1,9,7,0.000,1.00,1.678,False,None,0.000,False
75.264,8,en_route_pickup,4.190,-1.671,-6.000,-3.500,joint_grid_transaction,44,44,1,8,8,0.000,1.00,-1.639,False,None,0.000,False
75.520,1,en_route_delivery,-4.192,0.022,-3.000,-1.500,joint_grid_transaction,44,44,1,8,1,0.000,1.00,-1.486,False,None,0.000,False
75.520,2,en_route_delivery,-1.597,2.848,0.000,-3.500,joint_grid_transaction,44,44,2,9,2,0.000,1.00,2.422,False,joint_slot_deadline,76.292,False
75.520,3,en_route_pickup,-2.979,2.898,-3.000,1.500,joint_grid_transaction,44,44,1,6,3,78.032,0.40,2.725,False,None,0.000,False
75.520,4,en_route_pickup,0.936,1.945,0.000,3.500,joint_grid_transaction,44,44,1,9,4,0.000,1.00,3.074,False,None,0.000,False
75.520,5,en_route_pickup,-1.863,1.988,1.000,1.500,joint_grid_transaction,44,44,2,9,5,0.000,1.00,0.103,False,None,0.000,False
75.520,6,en_route_pickup,1.879,-2.026,-1.000,-1.500,joint_grid_transaction,44,44,2,9,6,0.000,1.00,-3.037,False,None,0.000,False
75.520,7,en_route_pickup,-4.203,-1.561,0.000,-3.500,joint_grid_transaction,44,44,1,9,7,0.000,1.00,1.694,False,None,0.000,False
75.520,8,en_route_pickup,4.188,-1.699,-6.000,-3.500,joint_grid_transaction,44,44,1,8,8,0.000,1.00,-1.640,False,None,0.000,False
75.776,1,en_route_delivery,-4.191,0.001,-3.000,-1.500,joint_grid_transaction,44,44,1,8,1,0.000,1.00,-1.506,False,None,0.000,False
75.776,2,en_route_delivery,-1.597,2.848,0.000,-3.500,joint_grid_transaction,44,44,2,9,2,0.000,1.00,2.422,False,joint_slot_deadline,76.292,False
75.776,3,en_route_pickup,-2.975,2.896,-3.000,1.500,joint_grid_transaction,44,44,1,6,3,78.032,0.40,2.675,False,None,0.000,False
75.776,4,en_route_pickup,0.889,1.949,0.000,3.500,joint_grid_transaction,44,44,2,9,4,0.000,1.00,3.053,False,None,0.000,False
75.776,5,en_route_pickup,-1.826,1.984,1.000,1.500,joint_grid_transaction,44,44,2,9,5,0.000,1.00,0.102,False,None,0.000,False
75.776,6,en_route_pickup,1.833,-2.021,-1.000,-1.500,joint_grid_transaction,44,44,2,9,6,0.000,1.00,-3.043,False,None,0.000,False
75.776,7,en_route_pickup,-4.209,-1.608,0.000,-3.500,joint_grid_transaction,44,44,2,9,7,0.000,1.00,1.687,False,None,0.000,False
75.776,8,en_route_pickup,4.186,-1.726,-6.000,-3.500,joint_grid_transaction,44,44,1,8,8,0.000,1.00,-1.640,False,None,0.000,False
76.032,1,en_route_delivery,-4.190,-0.020,-3.000,-1.500,joint_grid_transaction,44,44,1,8,1,0.000,1.00,-1.527,False,None,0.000,False
76.032,2,en_route_delivery,-1.597,2.848,0.000,-3.500,joint_grid_transaction,44,44,2,9,2,0.000,1.00,2.422,False,joint_slot_deadline,76.292,False
76.032,3,en_route_pickup,-2.971,2.894,-3.000,1.500,joint_grid_transaction,44,44,1,6,3,78.032,0.40,2.628,False,None,0.000,False
76.032,4,en_route_pickup,0.841,1.953,0.000,3.500,joint_grid_transaction,44,44,2,9,4,0.000,1.00,3.034,False,None,0.000,False
76.032,5,en_route_pickup,-1.790,1.981,1.000,1.500,joint_grid_transaction,44,44,2,9,5,0.000,1.00,0.101,False,None,0.000,False
76.032,6,en_route_pickup,1.788,-2.017,-1.000,-1.500,joint_grid_transaction,44,44,2,9,6,0.000,1.00,-3.044,False,None,0.000,False
76.032,7,en_route_pickup,-4.215,-1.656,0.000,-3.500,joint_grid_transaction,44,44,2,9,7,0.000,1.00,1.682,False,None,0.000,False
76.032,8,en_route_pickup,4.185,-1.748,-6.000,-3.500,joint_grid_transaction,44,44,1,8,8,0.000,1.00,-1.619,False,None,0.000,False
76.288,1,en_route_delivery,-4.189,-0.039,-3.000,-1.500,joint_grid_transaction,44,44,1,8,1,0.000,1.00,-1.550,False,None,0.000,False
76.288,2,en_route_delivery,-1.597,2.848,0.000,-3.500,joint_grid_transaction,44,44,2,9,2,0.000,1.00,2.422,False,joint_slot_deadline,76.292,False
76.288,3,en_route_pickup,-2.967,2.892,-3.000,1.500,joint_grid_transaction,44,44,1,6,3,78.032,0.40,2.583,False,None,0.000,False
76.288,4,en_route_pickup,0.794,1.959,0.000,3.500,joint_grid_transaction,44,44,2,9,4,0.000,1.00,3.022,False,None,0.000,False
76.288,5,en_route_pickup,-1.755,1.977,1.000,1.500,joint_grid_transaction,44,44,2,9,5,0.000,1.00,0.100,False,None,0.000,False
76.288,6,en_route_pickup,1.743,-2.012,-1.000,-1.500,joint_grid_transaction,44,44,2,9,6,0.000,1.00,-3.044,False,None,0.000,False
76.288,7,en_route_pickup,-4.220,-1.703,0.000,-3.500,joint_grid_transaction,44,44,2,9,7,0.000,1.00,1.680,False,None,0.000,False
76.288,8,en_route_pickup,4.185,-1.770,-6.000,-3.500,joint_grid_transaction,44,44,1,8,8,0.000,1.00,-1.597,False,None,0.000,False
76.544,1,en_route_delivery,-4.189,-0.070,-3.000,-1.500,joint_grid_transaction,44,44,2,8,1,0.000,1.00,-1.546,False,None,0.000,False
76.544,2,en_route_delivery,-1.617,2.854,0.000,-3.500,joint_grid_transaction,44,44,3,9,2,0.000,1.00,2.521,False,None,0.000,False
76.544,3,en_route_pickup,-2.963,2.889,-3.000,1.500,joint_grid_transaction,44,44,1,6,3,78.032,0.40,2.539,False,None,0.000,False
76.544,4,en_route_pickup,0.746,1.965,0.000,3.500,joint_grid_transaction,44,44,2,9,4,0.000,1.00,3.013,False,None,0.000,False
76.544,5,en_route_pickup,-1.722,1.974,1.000,1.500,joint_grid_transaction,44,44,2,9,5,0.000,1.00,0.100,False,None,0.000,False
76.544,6,en_route_pickup,1.700,-2.008,-1.000,-1.500,joint_grid_transaction,44,44,3,9,6,0.000,1.00,-3.045,False,None,0.000,False
76.544,7,en_route_pickup,-4.225,-1.750,0.000,-3.500,joint_grid_transaction,44,44,2,9,7,0.000,1.00,1.679,False,None,0.000,False
76.544,8,en_route_pickup,4.185,-1.791,-6.000,-3.500,joint_grid_transaction,44,44,1,8,8,0.000,1.00,-1.566,False,None,0.000,False
76.800,1,en_route_delivery,-4.188,-0.104,-3.000,-1.500,joint_grid_transaction,44,44,2,8,1,0.000,1.00,-1.540,False,None,0.000,False
76.800,2,en_route_delivery,-1.657,2.879,0.000,-3.500,joint_grid_transaction,44,44,3,9,2,0.000,1.00,2.629,False,None,0.000,False
76.800,3,en_route_pickup,-2.958,2.886,-3.000,1.500,joint_grid_transaction,44,44,1,6,3,78.032,0.40,2.497,False,None,0.000,False
76.800,4,en_route_pickup,0.699,1.971,0.000,3.500,joint_grid_transaction,44,44,2,9,4,0.000,1.00,3.017,False,None,0.000,False
76.800,5,en_route_pickup,-1.687,1.970,1.000,1.500,joint_grid_transaction,44,44,3,9,5,0.000,1.00,0.101,False,None,0.000,False
76.800,6,en_route_pickup,1.658,-2.004,-1.000,-1.500,joint_grid_transaction,44,44,3,9,6,0.000,1.00,-3.046,False,None,0.000,False
76.800,7,en_route_pickup,-4.228,-1.787,0.000,-3.500,joint_grid_transaction,44,44,2,9,7,0.000,1.00,1.571,False,None,0.000,False
76.800,8,en_route_pickup,4.184,-1.786,-6.000,-3.500,joint_grid_transaction,44,44,2,8,8,0.000,1.00,-1.839,False,None,0.000,False
77.056,1,en_route_delivery,-4.187,-0.137,-3.000,-1.500,joint_grid_transaction,44,44,2,8,1,0.000,1.00,-1.534,False,None,0.000,False
77.056,2,en_route_delivery,-1.699,2.900,0.000,-3.500,joint_grid_transaction,44,44,3,9,2,0.000,1.00,2.703,False,None,0.000,False
77.056,3,en_route_pickup,-2.954,2.882,-3.000,1.500,joint_grid_transaction,44,44,1,6,3,78.032,0.40,2.457,False,None,0.000,False
77.056,4,en_route_pickup,0.652,1.976,0.000,3.500,joint_grid_transaction,44,44,3,9,4,0.000,1.00,3.040,False,None,0.000,False
77.056,5,en_route_pickup,-1.652,1.967,1.000,1.500,joint_grid_transaction,44,44,3,9,5,0.000,1.00,0.100,False,None,0.000,False
77.056,6,en_route_pickup,1.617,-2.000,-1.000,-1.500,joint_grid_transaction,44,44,3,9,6,0.000,1.00,-3.046,False,None,0.000,False
77.056,7,en_route_pickup,-4.226,-1.779,0.000,-3.500,joint_grid_transaction,44,44,3,9,7,0.000,1.00,1.246,False,None,0.000,False
77.056,8,en_route_pickup,4.177,-1.785,-6.000,-3.500,joint_grid_transaction,44,44,2,8,8,0.000,1.00,-1.986,False,None,0.000,False
77.312,1,en_route_delivery,-4.185,-0.168,-3.000,-1.500,joint_grid_transaction,44,44,2,8,1,0.000,1.00,-1.527,False,None,0.000,False
77.312,2,en_route_delivery,-1.743,2.919,0.000,-3.500,joint_grid_transaction,44,44,3,9,2,0.000,1.00,2.754,False,None,0.000,False
77.312,3,en_route_pickup,-2.950,2.879,-3.000,1.500,joint_grid_transaction,44,44,1,6,3,78.032,0.40,2.421,False,None,0.000,False
77.312,4,en_route_pickup,0.606,1.980,0.000,3.500,joint_grid_transaction,44,44,3,9,4,0.000,1.00,3.046,False,None,0.000,False
77.312,5,en_route_pickup,-1.618,1.963,1.000,1.500,joint_grid_transaction,44,44,3,9,5,0.000,1.00,0.099,False,None,0.000,False
77.312,6,en_route_pickup,1.576,-1.996,-1.000,-1.500,joint_grid_transaction,44,44,3,9,6,0.000,1.00,-3.047,False,None,0.000,False
77.312,7,en_route_pickup,-4.220,-1.769,0.000,-3.500,joint_grid_transaction,44,44,3,9,7,0.000,1.00,1.094,False,None,0.000,False
77.312,8,en_route_pickup,4.155,-1.827,-6.000,-3.500,joint_grid_transaction,44,44,2,8,8,0.000,1.00,-2.104,False,None,0.000,False
77.568,1,en_route_delivery,-4.184,-0.196,-3.000,-1.500,joint_grid_transaction,44,44,2,8,1,0.000,1.00,-1.520,False,None,0.000,False
77.568,2,en_route_delivery,-1.787,2.936,0.000,-3.500,joint_grid_transaction,44,44,3,9,2,0.000,1.00,2.791,False,None,0.000,False
77.568,3,en_route_pickup,-2.946,2.875,-3.000,1.500,joint_grid_transaction,44,44,1,6,3,78.032,0.40,2.388,False,None,0.000,False
77.568,4,en_route_pickup,0.562,1.985,0.000,3.500,joint_grid_transaction,44,44,3,9,4,0.000,1.00,3.046,False,None,0.000,False
77.568,5,en_route_pickup,-1.585,1.960,1.000,1.500,joint_grid_transaction,44,44,3,9,5,0.000,1.00,0.099,False,None,0.000,False
77.568,6,en_route_pickup,1.537,-1.993,-1.000,-1.500,joint_grid_transaction,44,44,3,9,6,0.000,1.00,-3.047,False,None,0.000,False
77.568,7,en_route_pickup,-4.196,-1.807,0.000,-3.500,joint_grid_transaction,44,44,3,9,7,0.000,1.00,0.972,False,None,0.000,False
77.568,8,en_route_pickup,4.144,-1.834,-6.000,-3.500,joint_grid_transaction,44,44,2,8,8,0.000,1.00,-2.183,False,joint_slot_deadline,77.492,False
77.824,1,en_route_delivery,-4.183,-0.223,-3.000,-1.500,joint_grid_transaction,44,44,2,8,1,0.000,1.00,-1.514,False,None,0.000,False
77.824,2,en_route_delivery,-1.832,2.950,0.000,-3.500,joint_grid_transaction,44,44,4,9,2,0.000,1.00,2.878,False,None,0.000,False
77.824,3,en_route_pickup,-2.942,2.872,-3.000,1.500,joint_grid_transaction,44,44,1,6,3,78.032,0.40,2.359,False,None,0.000,False
77.824,4,en_route_pickup,0.518,1.989,0.000,3.500,joint_grid_transaction,44,44,3,9,4,0.000,1.00,3.046,False,None,0.000,False
77.824,5,en_route_pickup,-1.554,1.957,1.000,1.500,joint_grid_transaction,44,44,3,9,5,0.000,1.00,0.098,False,None,0.000,False
77.824,6,en_route_pickup,1.499,-1.989,-1.000,-1.500,joint_grid_transaction,44,44,3,9,6,0.000,1.00,-3.048,False,None,0.000,False
77.824,7,en_route_pickup,-4.168,-1.845,0.000,-3.500,joint_grid_transaction,44,44,3,9,7,0.000,1.00,0.886,False,None,0.000,False
77.824,8,en_route_pickup,4.131,-1.818,-6.000,-3.500,joint_grid_transaction,44,44,3,8,8,0.000,1.00,-2.327,False,None,0.000,False
78.080,1,en_route_delivery,-4.182,-0.245,-3.000,-1.500,joint_grid_transaction,44,44,2,8,1,0.000,1.00,-1.536,False,None,0.000,False
78.080,2,en_route_delivery,-1.878,2.961,0.000,-3.500,joint_grid_transaction,44,44,4,9,2,0.000,1.00,2.940,False,None,0.000,False
78.080,3,en_route_pickup,-2.937,2.866,-3.000,1.500,joint_grid_transaction,44,44,1,6,3,0.000,1.00,2.312,False,None,0.000,False
78.080,4,en_route_pickup,0.474,1.993,0.000,3.500,joint_grid_transaction,44,44,3,9,4,0.000,1.00,3.047,False,None,0.000,False
78.080,5,en_route_pickup,-1.525,1.954,1.000,1.500,joint_grid_transaction,44,44,3,9,5,0.000,1.00,0.097,False,None,0.000,False
78.080,6,en_route_pickup,1.461,-1.985,-1.000,-1.500,joint_grid_transaction,44,44,3,9,6,0.000,1.00,-3.048,False,None,0.000,False
78.080,7,en_route_pickup,-4.151,-1.848,0.000,-3.500,joint_grid_transaction,44,44,4,9,7,0.000,1.00,0.750,False,None,0.000,False
78.080,8,en_route_pickup,4.110,-1.822,-6.000,-3.500,joint_grid_transaction,44,44,3,8,8,0.000,1.00,-2.434,False,None,0.000,False
78.336,1,en_route_delivery,-4.181,-0.267,-3.000,-1.500,joint_grid_transaction,44,44,2,8,1,0.000,1.00,-1.559,False,None,0.000,False
78.336,2,en_route_delivery,-1.925,2.970,0.000,-3.500,joint_grid_transaction,44,44,4,9,2,0.000,1.00,2.982,False,None,0.000,False
78.336,3,en_route_pickup,-2.923,2.850,-3.000,1.500,joint_grid_transaction,44,44,1,6,3,0.000,1.00,2.164,False,None,0.000,False
78.336,4,en_route_pickup,0.433,1.997,0.000,3.500,joint_grid_transaction,44,44,4,9,4,0.000,1.00,3.048,False,None,0.000,False
78.336,5,en_route_pickup,-1.497,1.952,1.000,1.500,joint_grid_transaction,44,44,3,9,5,0.000,1.00,0.097,False,None,0.000,False
78.336,6,en_route_pickup,1.423,-1.982,-1.000,-1.500,joint_grid_transaction,44,44,4,9,6,0.000,1.00,-3.048,False,None,0.000,False
78.336,7,en_route_pickup,-4.133,-1.847,0.000,-3.500,joint_grid_transaction,44,44,4,9,7,0.000,1.00,0.647,False,None,0.000,False
78.336,8,en_route_pickup,4.073,-1.851,-6.000,-3.500,joint_grid_transaction,44,44,3,8,8,0.000,1.00,-2.540,False,None,0.000,False
78.592,1,en_route_delivery,-4.182,-0.289,-3.000,-1.500,joint_grid_transaction,44,44,2,8,1,0.000,1.00,-1.585,False,None,0.000,False
78.592,2,en_route_delivery,-1.972,2.977,0.000,-3.500,joint_grid_transaction,44,44,4,9,2,0.000,1.00,3.011,False,None,0.000,False
78.592,3,en_route_pickup,-2.927,2.829,-3.000,1.500,joint_grid_transaction,44,44,1,6,3,0.000,1.00,2.054,False,None,0.000,False
78.592,4,en_route_pickup,0.392,2.001,0.000,3.500,joint_grid_transaction,44,44,4,9,4,0.000,1.00,3.048,False,None,0.000,False
78.592,5,en_route_pickup,-1.475,1.950,1.000,1.500,joint_grid_transaction,44,44,3,9,5,0.000,1.00,0.081,False,None,0.000,False
78.592,6,en_route_pickup,1.386,-1.978,-1.000,-1.500,joint_grid_transaction,44,44,4,9,6,0.000,1.00,-3.049,False,None,0.000,False
78.592,7,en_route_pickup,-4.094,-1.873,0.000,-3.500,joint_grid_transaction,44,44,4,9,7,0.000,1.00,0.534,False,None,0.000,False
78.592,8,en_route_pickup,4.033,-1.876,-6.000,-3.500,joint_grid_transaction,44,44,3,8,8,0.000,1.00,-2.613,False,None,0.000,False
78.848,1,en_route_delivery,-4.183,-0.326,-3.000,-1.500,joint_grid_transaction,45,45,2,9,1,0.000,1.00,-1.598,False,None,0.000,False
78.848,2,en_route_delivery,-2.019,2.982,0.000,-3.500,joint_grid_transaction,45,45,1,8,2,0.000,1.00,3.030,False,None,0.000,False
78.848,3,en_route_pickup,-2.946,2.786,-3.000,1.500,joint_grid_transaction,45,45,1,6,3,0.000,1.00,1.940,False,None,0.000,False
78.848,4,en_route_pickup,0.351,2.005,0.000,3.500,joint_grid_transaction,45,45,2,9,4,0.000,1.00,3.048,False,None,0.000,False
78.848,5,en_route_pickup,-1.449,1.948,1.000,1.500,joint_grid_transaction,45,45,1,9,5,0.000,1.00,0.068,False,None,0.000,False
78.848,6,en_route_pickup,1.350,-1.975,-1.000,-1.500,joint_grid_transaction,45,45,2,9,6,0.000,1.00,-3.051,False,None,0.000,False
78.848,7,en_route_pickup,-4.090,-1.875,0.000,-3.500,joint_grid_transaction,45,45,1,8,7,0.000,1.00,0.533,False,joint_slot_deadline,79.796,False
78.848,8,en_route_pickup,3.994,-1.899,-6.000,-3.500,joint_grid_transaction,45,45,2,9,8,0.000,1.00,-2.649,False,None,0.000,False
79.104,1,en_route_delivery,-4.185,-0.365,-3.000,-1.500,joint_grid_transaction,45,45,2,9,1,0.000,1.00,-1.608,False,None,0.000,False
79.104,2,en_route_delivery,-2.032,2.984,0.000,-3.500,joint_grid_transaction,45,45,1,8,2,0.000,1.00,3.034,False,joint_slot_deadline,79.796,False
79.104,3,en_route_pickup,-2.961,2.741,-3.000,1.500,joint_grid_transaction,45,45,1,6,3,0.000,1.00,1.861,False,None,0.000,False
79.104,4,en_route_pickup,0.312,2.008,0.000,3.500,joint_grid_transaction,45,45,2,9,4,0.000,1.00,3.049,False,None,0.000,False
79.104,5,en_route_pickup,-1.415,1.946,1.000,1.500,joint_grid_transaction,45,45,2,9,5,0.000,1.00,0.069,False,None,0.000,False
79.104,6,en_route_pickup,1.314,-1.972,-1.000,-1.500,joint_grid_transaction,45,45,2,9,6,0.000,1.00,-3.051,False,None,0.000,False
79.104,7,en_route_pickup,-4.090,-1.875,0.000,-3.500,joint_grid_transaction,45,45,1,8,7,0.000,1.00,0.533,False,joint_slot_deadline,79.796,False
79.104,8,en_route_pickup,3.952,-1.920,-6.000,-3.500,joint_grid_transaction,45,45,2,9,8,0.000,1.00,-2.693,False,None,0.000,False
79.360,1,en_route_delivery,-4.187,-0.406,-3.000,-1.500,joint_grid_transaction,45,45,2,9,1,0.000,1.00,-1.622,False,None,0.000,False
79.360,2,en_route_delivery,-2.032,2.984,0.000,-3.500,joint_grid_transaction,45,45,1,8,2,0.000,1.00,3.034,False,joint_slot_deadline,79.796,False
79.360,3,en_route_pickup,-2.973,2.696,-3.000,1.500,joint_grid_transaction,45,45,1,6,3,0.000,1.00,1.788,False,None,0.000,False
79.360,4,en_route_pickup,0.273,2.012,0.000,3.500,joint_grid_transaction,45,45,2,9,4,0.000,1.00,3.049,False,None,0.000,False
79.360,5,en_route_pickup,-1.382,1.944,1.000,1.500,joint_grid_transaction,45,45,2,9,5,0.000,1.00,0.069,False,None,0.000,False
79.360,6,en_route_pickup,1.280,-1.969,-1.000,-1.500,joint_grid_transaction,45,45,2,9,6,0.000,1.00,-3.051,False,None,0.000,False
79.360,7,en_route_pickup,-4.090,-1.875,0.000,-3.500,joint_grid_transaction,45,45,1,8,7,0.000,1.00,0.533,False,joint_slot_deadline,79.796,False
79.360,8,en_route_pickup,3.952,-1.920,-6.000,-3.500,joint_grid_transaction,45,45,2,9,8,0.000,1.00,-2.693,False,joint_slot_deadline,79.796,False
79.616,1,en_route_delivery,-4.190,-0.447,-3.000,-1.500,joint_grid_transaction,45,45,2,9,1,0.000,1.00,-1.640,False,None,0.000,False
79.616,2,en_route_delivery,-2.032,2.984,0.000,-3.500,joint_grid_transaction,45,45,1,8,2,0.000,1.00,3.034,False,joint_slot_deadline,79.796,False
79.616,3,en_route_pickup,-2.982,2.649,-3.000,1.500,joint_grid_transaction,45,45,2,6,3,0.000,1.00,1.721,False,None,0.000,False
79.616,4,en_route_pickup,0.236,2.015,0.000,3.500,joint_grid_transaction,45,45,2,9,4,0.000,1.00,3.050,False,None,0.000,False
79.616,5,en_route_pickup,-1.351,1.942,1.000,1.500,joint_grid_transaction,45,45,2,9,5,0.000,1.00,0.069,False,None,0.000,False
79.616,6,en_route_pickup,1.248,-1.966,-1.000,-1.500,joint_grid_transaction,45,45,2,9,6,0.000,1.00,-3.052,False,None,0.000,False
79.616,7,en_route_pickup,-4.090,-1.875,0.000,-3.500,joint_grid_transaction,45,45,1,8,7,0.000,1.00,0.533,False,joint_slot_deadline,79.796,False
79.616,8,en_route_pickup,3.952,-1.920,-6.000,-3.500,joint_grid_transaction,45,45,2,9,8,0.000,1.00,-2.693,False,joint_slot_deadline,79.796,False
79.872,1,en_route_delivery,-4.195,-0.489,-3.000,-1.500,joint_grid_transaction,45,45,2,9,1,0.000,1.00,-1.665,False,None,0.000,False
79.872,2,en_route_delivery,-2.039,2.985,0.000,-3.500,joint_grid_transaction,45,45,2,8,2,0.000,1.00,3.029,False,None,0.000,False
79.872,3,en_route_pickup,-2.988,2.602,-3.000,1.500,joint_grid_transaction,45,45,2,6,3,0.000,1.00,1.678,False,None,0.000,False
79.872,4,en_route_pickup,0.220,2.018,0.000,3.500,joint_grid_transaction,45,45,3,9,4,0.000,1.00,2.988,False,None,0.000,False
79.872,5,en_route_pickup,-1.321,1.940,1.000,1.500,joint_grid_transaction,45,45,2,9,5,0.000,1.00,0.070,False,None,0.000,False
79.872,6,en_route_pickup,1.218,-1.963,-1.000,-1.500,joint_grid_transaction,45,45,2,9,6,0.000,1.00,-3.052,False,None,0.000,False
79.872,7,en_route_pickup,-4.084,-1.879,0.000,-3.500,joint_grid_transaction,45,45,2,8,7,0.000,1.00,0.535,False,None,0.000,False
79.872,8,en_route_pickup,3.946,-1.923,-6.000,-3.500,joint_grid_transaction,45,45,3,9,8,0.000,1.00,-2.692,False,None,0.000,False
80.128,1,en_route_delivery,-4.200,-0.534,-3.000,-1.500,joint_grid_transaction,45,45,2,9,1,0.000,1.00,-1.696,False,None,0.000,False
80.128,2,en_route_delivery,-2.073,2.989,0.000,-3.500,joint_grid_transaction,45,45,2,8,2,0.000,0.70,3.035,False,None,0.000,False
80.128,3,en_route_pickup,-2.992,2.556,-3.000,1.500,joint_grid_transaction,45,45,2,6,3,0.000,1.00,1.658,False,None,0.000,False
80.128,4,en_route_pickup,0.231,2.021,0.000,3.500,joint_grid_transaction,45,45,3,9,4,0.000,1.00,2.751,False,None,0.000,False
80.128,5,en_route_pickup,-1.293,1.938,1.000,1.500,joint_grid_transaction,45,45,2,9,5,0.000,1.00,0.070,False,None,0.000,False
80.128,6,en_route_pickup,1.184,-1.960,-1.000,-1.500,joint_grid_transaction,45,45,3,9,6,0.000,1.00,-3.050,False,None,0.000,False
80.128,7,en_route_pickup,-4.042,-1.902,0.000,-3.500,joint_grid_transaction,45,45,2,8,7,0.000,1.00,0.454,False,None,0.000,False
80.128,8,en_route_pickup,3.904,-1.941,-6.000,-3.500,joint_grid_transaction,45,45,3,9,8,0.000,1.00,-2.808,False,None,0.000,False
80.384,1,en_route_delivery,-4.206,-0.581,-3.000,-1.500,joint_grid_transaction,45,45,3,9,1,0.000,1.00,-1.693,False,None,0.000,False
80.384,2,en_route_delivery,-2.095,2.991,0.000,-3.500,joint_grid_transaction,45,45,2,8,2,0.000,0.70,3.043,False,None,0.000,False
80.384,3,en_route_pickup,-2.996,2.513,-3.000,1.500,joint_grid_transaction,45,45,2,6,3,0.000,1.00,1.658,False,None,0.000,False
80.384,4,en_route_pickup,0.223,2.033,0.000,3.500,joint_grid_transaction,45,45,3,9,4,0.000,1.00,2.616,False,None,0.000,False
80.384,5,en_route_pickup,-1.268,1.936,1.000,1.500,joint_grid_transaction,45,45,2,9,5,0.000,1.00,0.065,False,None,0.000,False
80.384,6,en_route_pickup,1.150,-1.957,-1.000,-1.500,joint_grid_transaction,45,45,3,9,6,0.000,1.00,-3.050,False,None,0.000,False
80.384,7,en_route_pickup,-3.999,-1.921,0.000,-3.500,joint_grid_transaction,45,45,2,8,7,0.000,1.00,0.398,False,None,0.000,False
80.384,8,en_route_pickup,3.858,-1.954,-6.000,-3.500,joint_grid_transaction,45,45,3,9,8,0.000,1.00,-2.888,False,None,0.000,False
80.640,1,en_route_delivery,-4.212,-0.628,-3.000,-1.500,joint_grid_transaction,45,45,3,9,1,0.000,1.00,-1.686,False,None,0.000,False
80.640,2,en_route_delivery,-2.116,2.993,0.000,-3.500,joint_grid_transaction,45,45,2,8,2,0.000,0.70,3.043,False,None,0.000,False
80.640,3,en_route_pickup,-2.999,2.471,-3.000,1.500,joint_grid_transaction,45,45,2,6,3,0.000,1.00,1.658,False,None,0.000,False
80.640,4,en_route_pickup,0.184,2.059,0.000,3.500,joint_grid_transaction,45,45,3,9,4,0.000,1.00,2.510,False,None,0.000,False
80.640,5,en_route_pickup,-1.246,1.935,1.000,1.500,joint_grid_transaction,45,45,2,9,5,0.000,1.00,0.044,False,None,0.000,False
80.640,6,en_route_pickup,1.118,-1.954,-1.000,-1.500,joint_grid_transaction,45,45,3,9,6,0.000,1.00,-3.050,False,None,0.000,False
80.640,7,en_route_pickup,-3.960,-1.936,0.000,-3.500,joint_grid_transaction,45,45,2,8,7,0.000,1.00,0.362,False,None,0.000,False
80.640,8,en_route_pickup,3.812,-1.965,-6.000,-3.500,joint_grid_transaction,45,45,3,9,8,0.000,1.00,-2.942,False,None,0.000,False
80.896,1,en_route_delivery,-4.217,-0.676,-3.000,-1.500,joint_grid_transaction,45,45,3,9,1,0.000,1.00,-1.681,False,None,0.000,False
80.896,2,en_route_delivery,-2.136,2.995,0.000,-3.500,joint_grid_transaction,45,45,2,8,2,0.000,0.70,3.044,False,None,0.000,False
80.896,3,en_route_pickup,-3.003,2.430,-3.000,1.500,joint_grid_transaction,45,45,3,6,3,0.000,1.00,1.657,False,None,0.000,False
80.896,4,en_route_pickup,0.147,2.088,0.000,3.500,joint_grid_transaction,45,45,3,9,4,0.000,1.00,2.434,False,None,0.000,False
80.896,5,en_route_pickup,-1.225,1.935,1.000,1.500,joint_grid_transaction,45,45,2,9,5,0.000,1.00,0.015,False,None,0.000,False
80.896,6,en_route_pickup,1.087,-1.951,-1.000,-1.500,joint_grid_transaction,45,45,3,9,6,0.000,1.00,-3.051,False,None,0.000,False
80.896,7,en_route_pickup,-3.960,-1.936,0.000,-3.500,joint_grid_transaction,45,45,2,8,7,0.000,1.00,0.362,False,joint_slot_deadline,80.996,False
80.896,8,en_route_pickup,3.765,-1.973,-6.000,-3.500,joint_grid_transaction,45,45,3,9,8,0.000,1.00,-2.980,False,None,0.000,False
81.152,1,en_route_delivery,-4.222,-0.723,-3.000,-1.500,joint_grid_transaction,45,45,3,9,1,0.000,1.00,-1.679,False,None,0.000,False
81.152,2,en_route_delivery,-2.165,2.998,0.000,-3.500,joint_grid_transaction,45,45,2,8,2,0.000,1.00,3.039,False,None,0.000,False
81.152,3,en_route_pickup,-3.006,2.389,-3.000,1.500,joint_grid_transaction,45,45,3,6,3,0.000,1.00,1.657,False,None,0.000,False
81.152,4,en_route_pickup,0.156,2.097,0.000,3.500,joint_grid_transaction,45,45,4,9,4,0.000,1.00,2.356,False,None,0.000,False
81.152,5,en_route_pickup,-1.207,1.935,1.000,1.500,joint_grid_transaction,45,45,4,9,5,0.000,1.00,0.010,False,joint_slot_deadline,82.196,False
81.152,6,en_route_pickup,1.057,-1.948,-1.000,-1.500,joint_grid_transaction,45,45,3,9,6,0.000,1.00,-3.051,False,None,0.000,False
81.152,7,en_route_pickup,-3.942,-1.944,0.000,-3.500,joint_grid_transaction,45,45,3,8,7,0.000,1.00,0.341,False,None,0.000,False
81.152,8,en_route_pickup,3.718,-1.980,-6.000,-3.500,joint_grid_transaction,45,45,3,9,8,0.000,1.00,-3.007,False,None,0.000,False
81.408,1,en_route_delivery,-4.227,-0.770,-3.000,-1.500,joint_grid_transaction,45,45,3,9,1,0.000,1.00,-1.678,False,None,0.000,False
81.408,2,en_route_delivery,-2.205,3.002,0.000,-3.500,joint_grid_transaction,45,45,2,8,2,0.000,1.00,3.040,False,None,0.000,False
81.408,3,en_route_pickup,-3.010,2.349,-3.000,1.500,joint_grid_transaction,45,45,3,6,3,0.000,1.00,1.657,False,None,0.000,False
81.408,4,en_route_pickup,0.165,2.111,0.000,3.500,joint_grid_transaction,45,45,4,9,4,0.000,1.00,2.257,False,None,0.000,False
81.408,5,en_route_pickup,-1.207,1.935,1.000,1.500,joint_grid_transaction,45,45,4,9,5,0.000,1.00,0.010,False,joint_slot_deadline,82.196,False
81.408,6,en_route_pickup,1.029,-1.946,-1.000,-1.500,joint_grid_transaction,45,45,3,9,6,0.000,1.00,-3.051,False,None,0.000,False
81.408,7,en_route_pickup,-3.897,-1.957,0.000,-3.500,joint_grid_transaction,45,45,3,8,7,0.000,1.00,0.250,False,None,0.000,False
81.408,8,en_route_pickup,3.671,-1.986,-6.000,-3.500,joint_grid_transaction,45,45,4,9,8,0.000,1.00,-3.044,False,None,0.000,False
81.664,1,en_route_delivery,-4.232,-0.815,-3.000,-1.500,joint_grid_transaction,45,45,4,9,1,0.000,1.00,-1.671,False,None,0.000,False
81.664,2,en_route_delivery,-2.236,3.005,0.000,-3.500,joint_grid_transaction,45,45,2,8,2,0.000,0.70,3.051,False,None,0.000,False
81.664,3,en_route_pickup,-3.013,2.311,-3.000,1.500,joint_grid_transaction,45,45,3,6,3,0.000,1.00,1.657,False,None,0.000,False
81.664,4,en_route_pickup,0.138,2.149,0.000,3.500,joint_grid_transaction,45,45,4,9,4,0.000,1.00,2.138,False,None,0.000,False
81.664,5,en_route_pickup,-1.207,1.935,1.000,1.500,joint_grid_transaction,45,45,4,9,5,0.000,1.00,0.010,False,joint_slot_deadline,82.196,False
81.664,6,en_route_pickup,1.005,-1.944,-1.000,-1.500,joint_grid_transaction,45,45,3,9,6,0.000,1.00,-3.063,False,None,0.000,False
81.664,7,en_route_pickup,-3.851,-1.967,0.000,-3.500,joint_grid_transaction,45,45,3,8,7,0.000,1.00,0.189,False,None,0.000,False
81.664,8,en_route_pickup,3.626,-1.990,-6.000,-3.500,joint_grid_transaction,45,45,4,9,8,0.000,1.00,-3.054,False,None,0.000,False
81.920,1,en_route_delivery,-4.236,-0.859,-3.000,-1.500,joint_grid_transaction,45,45,4,9,1,0.000,1.00,-1.670,False,None,0.000,False
81.920,2,en_route_delivery,-2.256,3.007,0.000,-3.500,joint_grid_transaction,45,45,2,8,2,0.000,0.70,3.054,False,None,0.000,False
81.920,3,en_route_pickup,-3.017,2.273,-3.000,1.500,joint_grid_transaction,45,45,3,6,3,0.000,1.00,1.657,False,None,0.000,False
81.920,4,en_route_pickup,0.115,2.189,0.000,3.500,joint_grid_transaction,45,45,4,9,4,0.000,1.00,2.055,False,None,0.000,False
81.920,5,en_route_pickup,-1.207,1.935,1.000,1.500,joint_grid_transaction,45,45,4,9,5,0.000,1.00,0.010,False,joint_slot_deadline,82.196,False
81.920,6,en_route_pickup,0.983,-1.943,-1.000,-1.500,joint_grid_transaction,45,45,3,9,6,0.000,1.00,-3.083,False,None,0.000,False
81.920,7,en_route_pickup,-3.804,-1.975,0.000,-3.500,joint_grid_transaction,45,45,3,8,7,0.000,1.00,0.148,False,None,0.000,False
81.920,8,en_route_pickup,3.583,-1.994,-6.000,-3.500,joint_grid_transaction,45,45,4,9,8,0.000,1.00,-3.054,False,None,0.000,False
82.176,1,en_route_delivery,-4.241,-0.901,-3.000,-1.500,joint_grid_transaction,46,45,4,9,1,0.000,1.00,-1.670,False,None,0.000,False
82.176,2,en_route_delivery,-2.275,3.008,0.000,-3.500,joint_grid_transaction,46,45,2,9,2,0.000,0.70,3.054,False,None,0.000,False
82.176,3,en_route_pickup,-3.020,2.237,-3.000,1.500,joint_grid_transaction,46,45,3,4,3,0.000,1.00,1.657,False,None,0.000,False
82.176,4,en_route_pickup,0.094,2.230,0.000,3.500,joint_grid_transaction,46,45,4,7,4,0.000,1.00,2.018,False,None,0.000,False
82.176,5,en_route_pickup,-1.198,1.935,1.000,1.500,joint_grid_transaction,46,45,4,9,5,0.000,1.00,0.011,False,joint_slot_deadline,82.196,False
82.176,6,en_route_pickup,0.963,-1.942,-1.000,-1.500,joint_grid_transaction,46,45,3,9,6,0.000,1.00,-3.112,False,None,0.000,False
82.176,7,en_route_pickup,-3.756,-1.982,0.000,-3.500,joint_grid_transaction,46,45,3,8,7,0.000,1.00,0.119,False,None,0.000,False
82.176,8,en_route_pickup,3.541,-1.997,-6.000,-3.500,joint_grid_transaction,46,45,4,8,8,0.000,1.00,-3.054,False,None,0.000,False
82.432,1,en_route_delivery,-4.245,-0.943,-3.000,-1.500,joint_grid_transaction,46,46,2,9,1,0.000,1.00,-1.669,False,None,0.000,False
82.432,2,en_route_delivery,-2.294,3.010,0.000,-3.500,joint_grid_transaction,46,46,2,9,2,0.000,0.70,3.054,False,None,0.000,False
82.432,3,en_route_pickup,-3.023,2.201,-3.000,1.500,joint_grid_transaction,46,46,2,4,3,0.000,1.00,1.658,False,None,0.000,False
82.432,4,en_route_pickup,0.075,2.273,0.000,3.500,joint_grid_transaction,46,46,2,7,4,0.000,1.00,1.969,False,None,0.000,False
82.432,5,en_route_pickup,-1.159,1.936,1.000,1.500,joint_grid_transaction,46,46,2,9,5,0.000,1.00,0.016,False,None,0.000,False
82.432,6,en_route_pickup,0.928,-1.941,-1.000,-1.500,joint_grid_transaction,46,46,2,9,6,0.000,1.00,-3.105,False,None,0.000,False
82.432,7,en_route_pickup,-3.717,-1.986,0.000,-3.500,joint_grid_transaction,46,46,1,8,7,0.000,1.00,0.103,False,joint_slot_deadline,83.284,False
82.432,8,en_route_pickup,3.499,-2.001,-6.000,-3.500,joint_grid_transaction,46,46,1,8,8,0.000,1.00,-3.055,False,None,0.000,False
82.688,1,en_route_delivery,-4.249,-0.985,-3.000,-1.500,joint_grid_transaction,46,46,2,9,1,0.000,1.00,-1.669,False,None,0.000,False
82.688,2,en_route_delivery,-2.314,3.012,0.000,-3.500,joint_grid_transaction,46,46,2,9,2,0.000,0.70,3.054,False,None,0.000,False
82.688,3,en_route_pickup,-3.026,2.163,-3.000,1.500,joint_grid_transaction,46,46,2,4,3,0.000,1.00,1.658,False,None,0.000,False
82.688,4,en_route_pickup,0.067,2.292,0.000,3.500,joint_grid_transaction,46,46,2,7,4,0.000,1.00,1.952,False,joint_slot_deadline,83.284,False
82.688,5,en_route_pickup,-1.126,1.937,1.000,1.500,joint_grid_transaction,46,46,2,9,5,0.000,0.85,0.024,False,None,0.000,False
82.688,6,en_route_pickup,0.895,-1.940,-1.000,-1.500,joint_grid_transaction,46,46,2,9,6,0.000,1.00,-3.098,False,None,0.000,False
82.688,7,en_route_pickup,-3.718,-1.986,0.000,-3.500,joint_grid_transaction,46,46,1,8,7,0.000,1.00,0.103,False,joint_slot_deadline,83.284,False
82.688,8,en_route_pickup,3.469,-2.004,-6.000,-3.500,joint_grid_transaction,46,46,1,8,8,0.000,1.00,-3.055,False,None,0.000,False
82.944,1,en_route_delivery,-4.253,-1.025,-3.000,-1.500,joint_grid_transaction,46,46,2,9,1,0.000,1.00,-1.668,False,None,0.000,False
82.944,2,en_route_delivery,-2.333,3.013,0.000,-3.500,joint_grid_transaction,46,46,2,9,2,0.000,0.70,3.054,False,None,0.000,False
82.944,3,en_route_pickup,-3.029,2.127,-3.000,1.500,joint_grid_transaction,46,46,2,4,3,0.000,1.00,1.657,False,None,0.000,False
82.944,4,en_route_pickup,0.067,2.292,0.000,3.500,joint_grid_transaction,46,46,2,7,4,0.000,1.00,1.952,False,joint_slot_deadline,83.284,False
82.944,5,en_route_pickup,-1.098,1.938,1.000,1.500,joint_grid_transaction,46,46,2,9,5,0.000,0.85,0.031,False,None,0.000,False
82.944,6,en_route_pickup,0.863,-1.938,-1.000,-1.500,joint_grid_transaction,46,46,2,9,6,0.000,1.00,-3.089,False,None,0.000,False
82.944,7,en_route_pickup,-3.718,-1.986,0.000,-3.500,joint_grid_transaction,46,46,1,8,7,0.000,1.00,0.103,False,joint_slot_deadline,83.284,False
82.944,8,en_route_pickup,3.469,-2.004,-6.000,-3.500,joint_grid_transaction,46,46,1,8,8,0.000,1.00,-3.055,False,joint_slot_deadline,83.284,False
83.200,1,en_route_delivery,-4.254,-1.032,-3.000,-1.500,joint_grid_transaction,46,46,2,9,1,0.000,1.00,-1.668,False,joint_slot_deadline,83.284,False
83.200,2,en_route_delivery,-2.363,3.016,0.000,-3.500,joint_grid_transaction,46,46,2,9,2,0.000,1.00,3.050,False,None,0.000,False
83.200,3,en_route_delivery,-3.032,2.092,0.000,-3.500,joint_grid_transaction,46,46,2,5,3,0.000,1.00,1.657,False,None,0.000,False
83.200,4,en_route_pickup,0.067,2.292,0.000,3.500,joint_grid_transaction,46,46,2,7,4,0.000,1.00,1.952,False,joint_slot_deadline,83.284,False
83.200,5,en_route_pickup,-1.070,1.939,1.000,1.500,joint_grid_transaction,46,46,2,9,5,0.000,0.85,0.039,False,None,0.000,False
83.200,6,en_route_pickup,0.833,-1.937,-1.000,-1.500,joint_grid_transaction,46,46,2,9,6,0.000,1.00,-3.084,False,None,0.000,False
83.200,7,en_route_pickup,-3.718,-1.986,0.000,-3.500,joint_grid_transaction,46,46,1,8,7,0.000,1.00,0.103,False,joint_slot_deadline,83.284,False
83.200,8,en_route_pickup,3.469,-2.004,-6.000,-3.500,joint_grid_transaction,46,46,1,8,8,0.000,1.00,-3.055,False,joint_slot_deadline,83.284,False
83.456,1,en_route_delivery,-4.256,-1.054,-3.000,-1.500,joint_grid_transaction,46,46,3,9,1,0.000,1.00,-1.674,False,None,0.000,False
83.456,2,en_route_delivery,-2.401,3.020,0.000,-3.500,joint_grid_transaction,46,46,2,9,2,0.000,1.00,3.050,False,None,0.000,False
83.456,3,en_route_delivery,-3.035,2.058,0.000,-3.500,joint_grid_transaction,46,46,2,5,3,0.000,1.00,1.657,False,None,0.000,False
83.456,4,en_route_pickup,0.058,2.313,0.000,3.500,joint_grid_transaction,46,46,3,7,4,0.000,1.00,1.919,False,None,0.000,False
83.456,5,en_route_pickup,-1.042,1.941,1.000,1.500,joint_grid_transaction,46,46,2,9,5,0.000,0.85,0.049,False,None,0.000,False
83.456,6,en_route_pickup,0.805,-1.935,-1.000,-1.500,joint_grid_transaction,46,46,2,9,6,0.000,1.00,-3.083,False,None,0.000,False
83.456,7,en_route_pickup,-3.695,-1.989,0.000,-3.500,joint_grid_transaction,46,46,2,8,7,0.000,1.00,0.110,False,None,0.000,False
83.456,8,en_route_pickup,3.447,-2.006,-6.000,-3.500,joint_grid_transaction,46,46,2,8,8,0.000,1.00,-3.049,False,None,0.000,False
83.712,1,en_route_delivery,-4.260,-1.093,-3.000,-1.500,joint_grid_transaction,46,46,3,9,1,0.000,1.00,-1.673,False,None,0.000,False
83.712,2,en_route_delivery,-2.437,3.023,0.000,-3.500,joint_grid_transaction,46,46,2,9,2,0.000,1.00,3.051,False,None,0.000,False
83.712,3,en_route_delivery,-3.038,2.026,0.000,-3.500,joint_grid_transaction,46,46,2,5,3,0.000,1.00,1.657,False,None,0.000,False
83.712,4,en_route_pickup,0.044,2.358,0.000,3.500,joint_grid_transaction,46,46,3,7,4,0.000,1.00,1.828,False,None,0.000,False
83.712,5,en_route_pickup,-1.014,1.943,1.000,1.500,joint_grid_transaction,46,46,2,9,5,0.000,0.85,0.062,False,None,0.000,False
83.712,6,en_route_pickup,0.778,-1.933,-1.000,-1.500,joint_grid_transaction,46,46,2,9,6,0.000,1.00,-3.082,False,None,0.000,False
83.712,7,en_route_pickup,-3.653,-1.993,0.000,-3.500,joint_grid_transaction,46,46,2,8,7,0.000,1.00,0.109,False,None,0.000,False
83.712,8,en_route_pickup,3.407,-2.010,-6.000,-3.500,joint_grid_transaction,46,46,2,8,8,0.000,1.00,-3.049,False,None,0.000,False
83.968,1,en_route_delivery,-4.264,-1.131,-3.000,-1.500,joint_grid_transaction,47,47,2,9,1,0.000,1.00,-1.672,False,None,0.000,False
83.968,2,en_route_delivery,-2.472,3.026,0.000,-3.500,joint_grid_transaction,47,47,1,8,2,0.000,1.00,3.051,False,None,0.000,False
83.968,3,en_route_delivery,-3.036,2.028,0.000,-3.500,joint_grid_transaction,47,47,1,9,3,0.000,1.00,1.297,False,None,0.000,False
83.968,4,en_route_pickup,0.034,2.404,0.000,3.500,joint_grid_transaction,47,47,2,6,4,0.000,1.00,1.771,False,None,0.000,False
83.968,5,en_route_pickup,-0.985,1.946,1.000,1.500,joint_grid_transaction,47,47,1,9,5,0.000,0.85,0.078,False,None,0.000,False
83.968,6,en_route_pickup,0.756,-1.932,-1.000,-1.500,joint_grid_transaction,47,47,1,9,6,0.000,1.00,-3.104,False,None,0.000,False
83.968,7,en_route_pickup,-3.612,-1.998,0.000,-3.500,joint_grid_transaction,47,47,2,9,7,0.000,1.00,0.106,False,None,0.000,False
83.968,8,en_route_pickup,3.368,-2.013,-6.000,-3.500,joint_grid_transaction,47,47,2,9,8,0.000,1.00,-3.050,False,None,0.000,False
84.224,1,en_route_delivery,-4.268,-1.168,-3.000,-1.500,joint_grid_transaction,47,47,2,9,1,0.000,1.00,-1.671,False,None,0.000,False
84.224,2,en_route_delivery,-2.505,3.029,0.000,-3.500,joint_grid_transaction,47,47,1,8,2,0.000,1.00,3.051,False,None,0.000,False
84.224,3,en_route_delivery,-3.026,2.051,0.000,-3.500,joint_grid_transaction,47,47,1,9,3,0.000,1.00,0.984,False,None,0.000,False
84.224,4,en_route_pickup,0.025,2.451,0.000,3.500,joint_grid_transaction,47,47,2,6,4,0.000,1.00,1.727,False,None,0.000,False
84.224,5,en_route_pickup,-0.959,1.949,1.000,1.500,joint_grid_transaction,47,47,2,9,5,0.000,1.00,0.094,False,joint_slot_deadline,84.916,False
84.224,6,en_route_pickup,0.734,-1.932,-1.000,-1.500,joint_grid_transaction,47,47,1,9,6,0.000,1.00,-3.127,False,None,0.000,False
84.224,7,en_route_pickup,-3.572,-2.002,0.000,-3.500,joint_grid_transaction,47,47,2,9,7,0.000,1.00,0.105,False,None,0.000,False
84.224,8,en_route_pickup,3.330,-2.017,-6.000,-3.500,joint_grid_transaction,47,47,2,9,8,0.000,1.00,-3.050,False,None,0.000,False
84.480,1,en_route_delivery,-4.271,-1.204,-3.000,-1.500,joint_grid_transaction,47,47,2,9,1,0.000,1.00,-1.671,False,None,0.000,False
84.480,2,en_route_delivery,-2.533,3.032,0.000,-3.500,joint_grid_transaction,47,47,1,8,2,0.000,1.00,3.052,False,None,0.000,False
84.480,3,en_route_delivery,-3.007,2.073,0.000,-3.500,joint_grid_transaction,47,47,1,9,3,0.000,1.00,0.783,False,None,0.000,False
84.480,4,en_route_pickup,0.019,2.498,0.000,3.500,joint_grid_transaction,47,47,2,6,4,0.000,1.00,1.696,False,None,0.000,False
84.480,5,en_route_pickup,-0.959,1.949,1.000,1.500,joint_grid_transaction,47,47,2,9,5,0.000,1.00,0.094,False,joint_slot_deadline,84.916,False
84.480,6,en_route_pickup,0.711,-1.932,-1.000,-1.500,joint_grid_transaction,47,47,1,9,6,0.000,1.00,3.131,False,None,0.000,False
84.480,7,en_route_pickup,-3.533,-2.006,0.000,-3.500,joint_grid_transaction,47,47,2,9,7,0.000,1.00,0.104,False,None,0.000,False
84.480,8,en_route_pickup,3.294,-2.020,-6.000,-3.500,joint_grid_transaction,47,47,2,9,8,0.000,1.00,-3.051,False,None,0.000,False
84.736,1,en_route_delivery,-4.275,-1.238,-3.000,-1.500,joint_grid_transaction,47,47,2,9,1,0.000,1.00,-1.670,False,None,0.000,False
84.736,2,en_route_delivery,-2.533,3.032,0.000,-3.500,joint_grid_transaction,47,47,1,8,2,0.000,1.00,3.052,False,joint_slot_deadline,84.916,False
84.736,3,en_route_delivery,-2.993,2.087,0.000,-3.500,joint_grid_transaction,47,47,1,9,3,0.000,1.00,0.661,False,None,0.000,False
84.736,4,en_route_pickup,0.015,2.531,0.000,3.500,joint_grid_transaction,47,47,2,6,4,0.000,1.00,1.680,False,None,0.000,False
84.736,5,en_route_pickup,-0.959,1.949,1.000,1.500,joint_grid_transaction,47,47,2,9,5,0.000,1.00,0.094,False,joint_slot_deadline,84.916,False
84.736,6,en_route_pickup,0.674,-1.933,-1.000,-1.500,joint_grid_transaction,47,47,2,9,6,0.000,1.00,3.119,False,None,0.000,False
84.736,7,en_route_pickup,-3.495,-2.010,0.000,-3.500,joint_grid_transaction,47,47,2,9,7,0.000,1.00,0.103,False,None,0.000,False
84.736,8,en_route_pickup,3.258,-2.023,-6.000,-3.500,joint_grid_transaction,47,47,2,9,8,0.000,1.00,-3.051,False,None,0.000,False
84.992,1,en_route_delivery,-4.278,-1.271,-3.000,-1.500,joint_grid_transaction,47,47,2,9,1,0.000,1.00,-1.669,False,None,0.000,False
84.992,2,en_route_delivery,-2.540,3.032,0.000,-3.500,joint_grid_transaction,47,47,2,8,2,0.000,1.00,3.048,False,None,0.000,False
84.992,3,en_route_delivery,-2.960,2.067,0.000,-3.500,joint_grid_transaction,47,47,1,9,3,0.000,1.00,0.543,False,None,0.000,False
84.992,4,en_route_pickup,0.014,2.538,0.000,3.500,joint_grid_transaction,47,47,3,6,4,0.000,1.00,1.686,False,None,0.000,False
84.992,5,en_route_pickup,-0.952,1.950,1.000,1.500,joint_grid_transaction,47,47,3,9,5,0.000,1.00,0.100,False,None,0.000,False
84.992,6,en_route_pickup,0.635,-1.935,-1.000,-1.500,joint_grid_transaction,47,47,2,9,6,0.000,1.00,3.110,False,None,0.000,False
84.992,7,en_route_pickup,-3.458,-2.014,0.000,-3.500,joint_grid_transaction,47,47,3,9,7,0.000,1.00,0.103,False,None,0.000,False
84.992,8,en_route_pickup,3.224,-2.026,-6.000,-3.500,joint_grid_transaction,47,47,2,9,8,0.000,1.00,-3.051,False,None,0.000,False
85.248,1,en_route_delivery,-4.281,-1.305,-3.000,-1.500,joint_grid_transaction,47,47,3,9,1,0.000,1.00,-1.671,False,None,0.000,False
85.248,2,en_route_delivery,-2.575,3.036,0.000,-3.500,joint_grid_transaction,47,47,2,8,2,0.000,1.00,3.047,False,None,0.000,False
85.248,3,en_route_delivery,-2.943,2.065,0.000,-3.500,joint_grid_transaction,47,47,2,9,3,0.000,1.00,0.429,False,None,0.000,False
85.248,4,en_route_pickup,0.009,2.580,0.000,3.500,joint_grid_transaction,47,47,3,6,4,0.000,1.00,1.684,False,None,0.000,False
85.248,5,en_route_pickup,-0.904,1.955,1.000,1.500,joint_grid_transaction,47,47,3,9,5,0.000,1.00,0.106,False,None,0.000,False
85.248,6,en_route_pickup,0.596,-1.937,-1.000,-1.500,joint_grid_transaction,47,47,2,9,6,0.000,1.00,3.099,False,None,0.000,False
85.248,7,en_route_pickup,-3.420,-2.018,0.000,-3.500,joint_grid_transaction,47,47,3,9,7,0.000,1.00,0.102,False,None,0.000,False
85.248,8,en_route_pickup,3.189,-2.030,-6.000,-3.500,joint_grid_transaction,47,47,3,9,8,0.000,1.00,-3.050,False,None,0.000,False
85.504,1,en_route_delivery,-4.285,-1.340,-3.000,-1.500,joint_grid_transaction,47,47,3,9,1,0.000,1.00,-1.670,False,None,0.000,False
85.504,2,en_route_delivery,-2.609,3.039,0.000,-3.500,joint_grid_transaction,47,47,2,8,2,0.000,1.00,3.048,False,None,0.000,False
85.504,3,en_route_delivery,-2.899,2.048,0.000,-3.500,joint_grid_transaction,47,47,2,9,3,0.000,1.00,0.309,False,None,0.000,False
85.504,4,en_route_pickup,0.004,2.621,0.000,3.500,joint_grid_transaction,47,47,3,6,4,0.000,1.00,1.678,False,None,0.000,False
85.504,5,en_route_pickup,-0.857,1.960,1.000,1.500,joint_grid_transaction,47,47,3,9,5,0.000,1.00,0.108,False,None,0.000,False
85.504,6,en_route_pickup,0.556,-1.940,-1.000,-1.500,joint_grid_transaction,47,47,2,9,6,0.000,1.00,3.083,False,None,0.000,False
85.504,7,en_route_pickup,-3.383,-2.021,0.000,-3.500,joint_grid_transaction,47,47,3,9,7,0.000,1.00,0.101,False,None,0.000,False
85.504,8,en_route_pickup,3.154,-2.033,-6.000,-3.500,joint_grid_transaction,47,47,3,9,8,0.000,1.00,-3.050,False,None,0.000,False
85.760,1,en_route_delivery,-4.288,-1.373,-3.000,-1.500,joint_grid_transaction,47,47,3,9,1,0.000,1.00,-1.669,False,None,0.000,False
85.760,2,en_route_delivery,-2.642,3.042,0.000,-3.500,joint_grid_transaction,47,47,2,8,2,0.000,1.00,3.048,False,None,0.000,False
85.760,3,en_route_delivery,-2.854,2.036,0.000,-3.500,joint_grid_transaction,47,47,2,9,3,0.000,1.00,0.228,False,None,0.000,False
85.760,4,en_route_pickup,-0.000,2.662,0.000,3.500,joint_grid_transaction,47,47,3,6,4,0.000,1.00,1.677,False,None,0.000,False
85.760,5,en_route_pickup,-0.809,1.965,1.000,1.500,joint_grid_transaction,47,47,3,9,5,0.000,1.00,0.110,False,None,0.000,False
85.760,6,en_route_pickup,0.514,-1.943,-1.000,-1.500,joint_grid_transaction,47,47,2,9,6,0.000,1.00,3.061,False,None,0.000,False
85.760,7,en_route_pickup,-3.348,-2.025,0.000,-3.500,joint_grid_transaction,47,47,3,9,7,0.000,1.00,0.101,False,None,0.000,False
85.760,8,en_route_pickup,3.119,-2.036,-6.000,-3.500,joint_grid_transaction,47,47,3,9,8,0.000,1.00,-3.050,False,None,0.000,False
86.016,1,en_route_delivery,-4.291,-1.406,-3.000,-1.500,joint_grid_transaction,47,47,3,9,1,0.000,1.00,-1.669,False,None,0.000,False
86.016,2,en_route_delivery,-2.674,3.045,0.000,-3.500,joint_grid_transaction,47,47,2,8,2,0.000,1.00,3.048,False,None,0.000,False
86.016,3,en_route_delivery,-2.807,2.026,0.000,-3.500,joint_grid_transaction,47,47,2,9,3,0.000,1.00,0.173,False,None,0.000,False
86.016,4,en_route_pickup,-0.004,2.701,0.000,3.500,joint_grid_transaction,47,47,3,6,4,0.000,1.00,1.676,False,None,0.000,False
86.016,5,en_route_pickup,-0.762,1.970,1.000,1.500,joint_grid_transaction,47,47,3,9,5,0.000,1.00,0.111,False,None,0.000,False
86.016,6,en_route_pickup,0.472,-1.948,-1.000,-1.500,joint_grid_transaction,47,47,2,9,6,0.000,1.00,3.033,False,None,0.000,False
86.016,7,en_route_pickup,-3.313,-2.028,0.000,-3.500,joint_grid_transaction,47,47,3,9,7,0.000,1.00,0.100,False,None,0.000,False
86.016,8,en_route_pickup,3.086,-2.039,-6.000,-3.500,joint_grid_transaction,47,47,3,9,8,0.000,1.00,-3.051,False,None,0.000,False
86.272,1,en_route_delivery,-4.294,-1.437,-3.000,-1.500,joint_grid_transaction,47,47,3,9,1,0.000,1.00,-1.668,False,None,0.000,False
86.272,2,en_route_delivery,-2.704,3.048,0.000,-3.500,joint_grid_transaction,47,47,2,8,2,0.000,1.00,3.049,False,None,0.000,False
86.272,3,en_route_delivery,-2.760,2.019,0.000,-3.500,joint_grid_transaction,47,47,2,9,3,0.000,1.00,0.135,False,None,0.000,False
86.272,4,en_route_pickup,-0.008,2.740,0.000,3.500,joint_grid_transaction,47,47,3,6,4,0.000,1.00,1.675,False,None,0.000,False
86.272,5,en_route_pickup,-0.714,1.976,1.000,1.500,joint_grid_transaction,47,47,3,9,5,0.000,1.00,0.110,False,None,0.000,False
86.272,6,en_route_pickup,0.425,-1.954,-1.000,-1.500,joint_grid_transaction,47,47,3,9,6,0.000,1.00,3.027,False,None,0.000,False
86.272,7,en_route_pickup,-3.280,-2.032,0.000,-3.500,joint_grid_transaction,47,47,3,9,7,0.000,1.00,0.099,False,None,0.000,False
86.272,8,en_route_pickup,3.054,-2.042,-6.000,-3.500,joint_grid_transaction,47,47,3,9,8,0.000,1.00,-3.051,False,None,0.000,False
86.528,1,en_route_delivery,-4.297,-1.467,-3.000,-1.500,joint_grid_transaction,47,47,3,9,1,0.000,1.00,-1.668,False,None,0.000,False
86.528,2,en_route_delivery,-2.732,3.051,0.000,-3.500,joint_grid_transaction,47,47,2,8,2,0.000,1.00,3.049,False,None,0.000,False
86.528,3,en_route_delivery,-2.713,2.013,0.000,-3.500,joint_grid_transaction,47,47,2,9,3,0.000,1.00,0.108,False,None,0.000,False
86.528,4,en_route_pickup,-0.012,2.777,0.000,3.500,joint_grid_transaction,47,47,3,6,4,0.000,1.00,1.674,False,None,0.000,False
86.528,5,en_route_pickup,-0.669,1.980,1.000,1.500,joint_grid_transaction,47,47,4,9,5,0.000,1.00,0.101,False,None,0.000,False
86.528,6,en_route_pickup,0.378,-1.959,-1.000,-1.500,joint_grid_transaction,47,47,3,9,6,0.000,1.00,3.029,False,None,0.000,False
86.528,7,en_route_pickup,-3.249,-2.035,0.000,-3.500,joint_grid_transaction,47,47,3,9,7,0.000,1.00,0.099,False,None,0.000,False
86.528,8,en_route_pickup,3.024,-2.045,-6.000,-3.500,joint_grid_transaction,47,47,3,9,8,0.000,1.00,-3.052,False,None,0.000,False
86.784,1,en_route_delivery,-4.300,-1.494,-3.000,-1.500,joint_grid_transaction,47,47,3,9,1,0.000,1.00,-1.667,False,None,0.000,False
86.784,2,en_route_delivery,-2.757,3.053,0.000,-3.500,joint_grid_transaction,47,47,2,8,2,0.000,1.00,3.054,False,None,0.000,False
86.784,3,en_route_delivery,-2.668,2.009,0.000,-3.500,joint_grid_transaction,47,47,3,9,3,0.000,1.00,0.090,False,None,0.000,False
86.784,4,en_route_pickup,-0.016,2.814,0.000,3.500,joint_grid_transaction,47,47,4,6,4,0.000,1.00,1.674,False,None,0.000,False
86.784,5,en_route_pickup,-0.626,1.985,1.000,1.500,joint_grid_transaction,47,47,4,9,5,0.000,1.00,0.100,False,None,0.000,False
86.784,6,en_route_pickup,0.330,-1.964,-1.000,-1.500,joint_grid_transaction,47,47,3,9,6,0.000,1.00,3.031,False,None,0.000,False
86.784,7,en_route_pickup,-3.219,-2.038,0.000,-3.500,joint_grid_transaction,47,47,3,9,7,0.000,1.00,0.098,False,None,0.000,False
86.784,8,en_route_pickup,2.995,-2.047,-6.000,-3.500,joint_grid_transaction,47,47,3,9,8,0.000,1.00,-3.052,False,None,0.000,False
87.040,1,en_route_delivery,-4.302,-1.517,-3.000,-1.500,joint_grid_transaction,47,47,3,9,1,0.000,1.00,-1.650,False,None,0.000,False
87.040,2,en_route_delivery,-2.777,3.054,0.000,-3.500,joint_grid_transaction,47,47,2,8,2,0.000,1.00,3.082,False,None,0.000,False
87.040,3,en_route_delivery,-2.625,2.005,0.000,-3.500,joint_grid_transaction,47,47,3,9,3,0.000,1.00,0.089,False,None,0.000,False
87.040,4,en_route_pickup,-0.020,2.852,0.000,3.500,joint_grid_transaction,47,47,4,6,4,0.000,1.00,1.673,False,None,0.000,False
87.040,5,en_route_pickup,-0.583,1.989,1.000,1.500,joint_grid_transaction,47,47,4,9,5,0.000,1.00,0.100,False,None,0.000,False
87.040,6,en_route_pickup,0.283,-1.970,-1.000,-1.500,joint_grid_transaction,47,47,3,9,6,0.000,1.00,3.032,False,None,0.000,False
87.040,7,en_route_pickup,-3.187,-2.041,0.000,-3.500,joint_grid_transaction,47,47,4,9,7,0.000,1.00,0.100,False,None,0.000,False
87.040,8,en_route_pickup,2.971,-2.049,-6.000,-3.500,joint_grid_transaction,47,47,3,9,8,0.000,1.00,-3.064,False,None,0.000,False
87.296,1,en_route_delivery,-4.303,-1.539,-3.000,-1.500,joint_grid_transaction,47,47,3,9,1,0.000,1.00,-1.630,False,None,0.000,False
87.296,2,en_route_delivery,-2.805,3.055,0.000,-3.500,joint_grid_transaction,47,47,3,8,2,0.000,1.00,3.087,False,None,0.000,False
87.296,3,en_route_delivery,-2.583,2.001,0.000,-3.500,joint_grid_transaction,47,47,3,9,3,0.000,1.00,0.089,False,None,0.000,False
87.296,4,en_route_pickup,-0.024,2.888,0.000,3.500,joint_grid_transaction,47,47,4,6,4,0.000,1.00,1.672,False,None,0.000,False
87.296,5,en_route_pickup,-0.540,1.993,1.000,1.500,joint_grid_transaction,47,47,4,9,5,0.000,1.00,0.099,False,None,0.000,False
87.296,6,en_route_pickup,0.235,-1.975,-1.000,-1.500,joint_grid_transaction,47,47,3,9,6,0.000,1.00,3.033,False,None,0.000,False
87.296,7,en_route_pickup,-3.153,-2.044,0.000,-3.500,joint_grid_transaction,47,47,4,9,7,0.000,1.00,0.099,False,None,0.000,False
87.296,8,en_route_pickup,2.941,-2.051,-6.000,-3.500,joint_grid_transaction,47,47,4,9,8,0.000,1.00,-3.065,False,None,0.000,False
87.552,1,en_route_delivery,-4.305,-1.572,-3.000,-1.500,joint_grid_transaction,47,47,4,9,1,0.000,1.00,-1.635,False,None,0.000,False
87.552,2,en_route_delivery,-2.839,3.057,0.000,-3.500,joint_grid_transaction,47,47,3,8,2,0.000,1.00,3.082,False,None,0.000,False
87.552,3,en_route_delivery,-2.542,1.998,0.000,-3.500,joint_grid_transaction,47,47,3,9,3,0.000,1.00,0.089,False,None,0.000,False
87.552,4,en_route_delivery,-0.027,2.923,3.000,-1.500,joint_grid_transaction,47,47,4,4,4,0.000,1.00,1.672,False,None,0.000,False
87.552,5,en_route_pickup,-0.498,1.998,1.000,1.500,joint_grid_transaction,47,47,4,9,5,0.000,1.00,0.099,False,None,0.000,False
87.552,6,en_route_pickup,0.189,-1.980,-1.000,-1.500,joint_grid_transaction,47,47,4,9,6,0.000,1.00,3.041,False,None,0.000,False
87.552,7,en_route_pickup,-3.122,-2.048,0.000,-3.500,joint_grid_transaction,47,47,4,9,7,0.000,1.00,0.099,False,None,0.000,False
87.552,8,en_route_pickup,2.908,-2.054,-6.000,-3.500,joint_grid_transaction,47,47,4,9,8,0.000,1.00,-3.065,False,None,0.000,False
87.808,1,en_route_delivery,-4.307,-1.606,-3.000,-1.500,joint_grid_transaction,47,47,4,9,1,0.000,1.00,-1.635,False,None,0.000,False
87.808,2,en_route_delivery,-2.871,3.059,0.000,-3.500,joint_grid_transaction,47,47,3,8,2,0.000,1.00,3.082,False,None,0.000,False
87.808,3,en_route_delivery,-2.502,1.994,0.000,-3.500,joint_grid_transaction,47,47,3,9,3,0.000,1.00,0.089,False,None,0.000,False
87.808,4,en_route_delivery,-0.030,2.956,3.000,-1.500,joint_grid_transaction,47,47,4,4,4,0.000,1.00,1.671,False,None,0.000,False
87.808,5,en_route_pickup,-0.458,2.002,1.000,1.500,joint_grid_transaction,47,47,4,9,5,0.000,1.00,0.098,False,None,0.000,False
87.808,6,en_route_pickup,0.146,-1.984,-1.000,-1.500,joint_grid_transaction,47,47,4,9,6,0.000,1.00,3.042,False,None,0.000,False
87.808,7,en_route_pickup,-3.091,-2.051,0.000,-3.500,joint_grid_transaction,47,47,4,9,7,0.000,1.00,0.098,False,None,0.000,False
87.808,8,en_route_pickup,2.876,-2.056,-6.000,-3.500,joint_grid_transaction,47,47,4,9,8,0.000,1.00,-3.065,False,None,0.000,False
88.064,1,en_route_delivery,-4.309,-1.637,-3.000,-1.500,joint_grid_transaction,47,47,4,9,1,0.000,1.00,-1.636,False,None,0.000,False
88.064,2,en_route_delivery,-2.903,3.061,0.000,-3.500,joint_grid_transaction,47,47,3,8,2,0.000,1.00,3.081,False,None,0.000,False
88.064,3,en_route_delivery,-2.463,1.991,0.000,-3.500,joint_grid_transaction,47,47,3,9,3,0.000,1.00,0.089,False,None,0.000,False
88.064,4,en_route_delivery,-0.034,2.988,3.000,-1.500,joint_grid_transaction,47,47,4,4,4,0.000,1.00,1.670,False,None,0.000,False
88.064,5,en_route_pickup,-0.418,2.006,1.000,1.500,joint_grid_transaction,47,47,5,9,5,0.000,1.00,0.098,False,None,0.000,False
88.064,6,en_route_pickup,0.102,-1.988,-1.000,-1.500,joint_grid_transaction,47,47,4,9,6,0.000,1.00,3.043,False,None,0.000,False
88.064,7,en_route_pickup,-3.062,-2.053,0.000,-3.500,joint_grid_transaction,47,47,4,9,7,0.000,1.00,0.098,False,None,0.000,False
88.064,8,en_route_pickup,2.846,-2.059,-6.000,-3.500,joint_grid_transaction,47,47,4,9,8,0.000,1.00,-3.065,False,None,0.000,False
88.320,1,en_route_delivery,-4.311,-1.667,-3.000,-1.500,joint_grid_transaction,50,50,2,9,1,0.000,1.00,-1.630,False,None,0.000,False
88.320,2,en_route_delivery,-2.932,3.063,0.000,-3.500,joint_grid_transaction,50,50,1,8,2,0.000,1.00,3.080,False,None,0.000,False
88.320,3,en_route_delivery,-2.424,1.987,0.000,-3.500,joint_grid_transaction,50,50,2,9,3,0.000,1.00,0.088,False,None,0.000,False
88.320,4,en_route_delivery,-0.033,2.990,3.000,-1.500,joint_grid_transaction,50,50,1,9,4,0.000,1.00,1.329,False,None,0.000,False
88.320,5,en_route_pickup,-0.379,2.009,1.000,1.500,joint_grid_transaction,50,50,2,9,5,0.000,1.00,0.097,False,None,0.000,False
88.320,6,en_route_pickup,0.061,-1.993,-1.000,-1.500,joint_grid_transaction,50,50,2,9,6,0.000,1.00,3.040,False,None,0.000,False
88.320,7,en_route_pickup,-3.035,-2.056,0.000,-3.500,joint_grid_transaction,50,50,1,8,7,0.000,1.00,0.097,False,None,0.000,False
88.320,8,en_route_pickup,2.817,-2.061,-6.000,-3.500,joint_grid_transaction,50,50,1,8,8,0.000,1.00,-3.064,False,None,0.000,False
88.576,1,en_route_delivery,-4.312,-1.697,-3.000,-1.500,joint_grid_transaction,50,50,2,9,1,0.000,1.00,-1.631,False,None,0.000,False
88.576,2,en_route_delivery,-2.961,3.064,0.000,-3.500,joint_grid_transaction,50,50,1,8,2,0.000,1.00,3.080,False,None,0.000,False
88.576,3,en_route_delivery,-2.385,1.984,0.000,-3.500,joint_grid_transaction,50,50,2,9,3,0.000,1.00,0.088,False,None,0.000,False
88.576,4,en_route_delivery,-0.023,2.968,3.000,-1.500,joint_grid_transaction,50,50,1,9,4,0.000,1.00,1.008,False,None,0.000,False
88.576,5,en_route_pickup,-0.340,2.013,1.000,1.500,joint_grid_transaction,50,50,2,9,5,0.000,1.00,0.096,False,None,0.000,False
88.576,6,en_route_pickup,0.019,-1.997,-1.000,-1.500,joint_grid_transaction,50,50,2,9,6,0.000,1.00,3.041,False,None,0.000,False
88.576,7,en_route_pickup,-3.012,-2.058,0.000,-3.500,joint_grid_transaction,50,50,1,8,7,0.000,1.00,0.081,False,None,0.000,False
88.576,8,en_route_pickup,2.789,-2.063,-6.000,-3.500,joint_grid_transaction,50,50,1,8,8,0.000,1.00,-3.064,False,None,0.000,False
88.832,1,en_route_delivery,-4.314,-1.724,-3.000,-1.500,joint_grid_transaction,50,50,2,9,1,0.000,1.00,-1.632,False,None,0.000,False
88.832,2,en_route_delivery,-2.986,3.066,0.000,-3.500,joint_grid_transaction,50,50,1,8,2,0.000,1.00,3.084,False,None,0.000,False
88.832,3,en_route_delivery,-2.347,1.980,0.000,-3.500,joint_grid_transaction,50,50,2,9,3,0.000,1.00,0.088,False,None,0.000,False
88.832,4,en_route_delivery,-0.003,2.943,3.000,-1.500,joint_grid_transaction,50,50,1,9,4,0.000,1.00,0.786,False,None,0.000,False
88.832,5,en_route_pickup,-0.303,2.017,1.000,1.500,joint_grid_transaction,50,50,2,9,5,0.000,1.00,0.096,False,None,0.000,False
88.832,6,en_route_pickup,-0.022,-2.001,-1.000,-1.500,joint_grid_transaction,50,50,2,9,6,0.000,1.00,3.041,False,None,0.000,False
88.832,7,en_route_pickup,-2.991,-2.059,0.000,-3.500,joint_grid_transaction,50,50,1,8,7,0.000,1.00,0.061,False,None,0.000,False
88.832,8,en_route_pickup,2.767,-2.064,-6.000,-3.500,joint_grid_transaction,50,50,1,8,8,0.000,1.00,-3.081,False,None,0.000,False
89.088,1,en_route_delivery,-4.315,-1.747,-3.000,-1.500,joint_grid_transaction,50,50,2,9,1,0.000,1.00,-1.615,False,None,0.000,False
89.088,2,en_route_delivery,-3.007,3.066,0.000,-3.500,joint_grid_transaction,50,50,1,8,2,0.000,1.00,3.113,False,None,0.000,False
89.088,3,en_route_delivery,-2.311,1.977,0.000,-3.500,joint_grid_transaction,50,50,2,9,3,0.000,1.00,0.087,False,None,0.000,False
89.088,4,en_route_delivery,0.013,2.928,3.000,-1.500,joint_grid_transaction,50,50,1,9,4,0.000,1.00,0.649,False,None,0.000,False
89.088,5,en_route_pickup,-0.267,2.020,1.000,1.500,joint_grid_transaction,50,50,2,9,5,0.000,1.00,0.095,False,None,0.000,False
89.088,6,en_route_pickup,-0.032,-2.002,-1.000,-1.500,joint_grid_transaction,50,50,2,9,6,0.000,1.00,3.041,False,joint_slot_deadline,89.284,False
89.088,7,en_route_pickup,-2.970,-2.059,0.000,-3.500,joint_grid_transaction,50,50,1,8,7,0.000,1.00,0.033,False,None,0.000,False
89.088,8,en_route_pickup,2.745,-2.065,-6.000,-3.500,joint_grid_transaction,50,50,1,8,8,0.000,1.00,-3.101,False,None,0.000,False
89.344,1,en_route_delivery,-4.316,-1.769,-3.000,-1.500,joint_grid_transaction,50,50,2,9,1,0.000,1.00,-1.593,False,None,0.000,False
89.344,2,en_route_delivery,-3.029,3.067,0.000,-3.500,joint_grid_transaction,50,50,1,8,2,0.000,1.00,3.136,False,None,0.000,False
89.344,3,en_route_delivery,-2.275,1.974,0.000,-3.500,joint_grid_transaction,50,50,2,9,3,0.000,1.00,0.087,False,None,0.000,False
89.344,4,en_route_delivery,0.039,2.939,3.000,-1.500,joint_grid_transaction,50,50,1,9,4,0.000,1.00,0.536,False,None,0.000,False
89.344,5,en_route_pickup,-0.232,2.023,1.000,1.500,joint_grid_transaction,50,50,2,9,5,0.000,1.00,0.095,False,None,0.000,False
89.344,6,en_route_pickup,-0.036,-2.003,-1.000,-1.500,joint_grid_transaction,50,50,2,9,6,0.000,1.00,3.037,False,None,0.000,False
89.344,7,en_route_pickup,-2.957,-2.060,0.000,-3.500,joint_grid_transaction,50,50,1,8,7,0.000,1.00,0.029,False,None,0.000,False
89.344,8,en_route_pickup,2.724,-2.065,-6.000,-3.500,joint_grid_transaction,50,50,1,8,8,0.000,1.00,-3.131,False,None,0.000,False
89.600,1,en_route_delivery,-4.316,-1.790,-3.000,-1.500,joint_grid_transaction,50,50,2,9,1,0.000,1.00,-1.562,False,None,0.000,False
89.600,2,en_route_delivery,-3.057,3.066,0.000,-3.500,joint_grid_transaction,50,50,1,8,2,0.000,1.00,-3.127,False,None,0.000,False
89.600,3,en_route_delivery,-2.242,1.971,0.000,-3.500,joint_grid_transaction,50,50,2,9,3,0.000,1.00,0.087,False,None,0.000,False
89.600,4,en_route_delivery,0.054,2.939,3.000,-1.500,joint_grid_transaction,50,50,2,9,4,0.000,1.00,0.420,False,None,0.000,False
89.600,5,en_route_pickup,-0.197,2.027,1.000,1.500,joint_grid_transaction,50,50,2,9,5,0.000,1.00,0.096,False,None,0.000,False
89.600,6,en_route_pickup,-0.075,-2.007,-1.000,-1.500,joint_grid_transaction,50,50,3,9,6,0.000,1.00,3.036,False,None,0.000,False
89.600,7,en_route_pickup,-2.922,-2.061,0.000,-3.500,joint_grid_transaction,50,50,2,8,7,0.000,1.00,0.035,False,None,0.000,False
89.600,8,en_route_pickup,2.695,-2.065,-6.000,-3.500,joint_grid_transaction,50,50,1,8,8,0.000,1.00,3.140,False,None,0.000,False
89.856,1,en_route_delivery,-4.313,-1.780,-3.000,-1.500,joint_grid_transaction,50,50,3,9,1,0.000,1.00,-1.217,False,None,0.000,False
89.856,2,en_route_delivery,-3.096,3.065,0.000,-3.500,joint_grid_transaction,50,50,2,8,2,0.000,1.00,-3.121,False,None,0.000,False
89.856,3,en_route_delivery,-2.209,1.968,0.000,-3.500,joint_grid_transaction,50,50,2,9,3,0.000,1.00,0.089,False,None,0.000,False
89.856,4,en_route_delivery,0.098,2.955,3.000,-1.500,joint_grid_transaction,50,50,2,9,4,0.000,1.00,0.300,False,None,0.000,False
89.856,5,en_route_pickup,-0.161,2.030,1.000,1.500,joint_grid_transaction,50,50,3,9,5,0.000,1.00,0.095,False,None,0.000,False
89.856,6,en_route_pickup,-0.114,-2.011,-1.000,-1.500,joint_grid_transaction,50,50,3,9,6,0.000,1.00,3.037,False,None,0.000,False
89.856,7,en_route_pickup,-2.889,-2.062,0.000,-3.500,joint_grid_transaction,50,50,2,8,7,0.000,1.00,0.042,False,None,0.000,False
89.856,8,en_route_pickup,2.658,-2.065,-6.000,-3.500,joint_grid_transaction,50,50,2,8,8,0.000,1.00,3.140,False,None,0.000,False
90.112,1,en_route_delivery,-4.306,-1.766,-3.000,-1.500,joint_grid_transaction,50,50,3,9,1,0.000,1.00,-1.029,False,None,0.000,False
90.112,2,en_route_delivery,-3.135,3.064,0.000,-3.500,joint_grid_transaction,50,50,2,8,2,0.000,1.00,-3.113,False,None,0.000,False
90.112,3,en_route_delivery,-2.174,1.965,0.000,-3.500,joint_grid_transaction,50,50,3,9,3,0.000,1.00,0.089,False,None,0.000,False
90.112,4,en_route_delivery,0.144,2.967,3.000,-1.500,joint_grid_transaction,50,50,2,9,4,0.000,1.00,0.219,False,None,0.000,False
90.112,5,en_route_pickup,-0.127,2.034,1.000,1.500,joint_grid_transaction,50,50,3,9,5,0.000,1.00,0.095,False,None,0.000,False
90.112,6,en_route_pickup,-0.151,-2.015,-1.000,-1.500,joint_grid_transaction,50,50,3,9,6,0.000,1.00,3.038,False,None,0.000,False
90.112,7,en_route_pickup,-2.858,-2.064,0.000,-3.500,joint_grid_transaction,50,50,2,8,7,0.000,1.00,0.050,False,None,0.000,False
90.112,8,en_route_pickup,2.622,-2.065,-6.000,-3.500,joint_grid_transaction,50,50,2,8,8,0.000,1.00,3.139,False,None,0.000,False
90.368,1,en_route_delivery,-4.289,-1.774,-3.000,-1.500,joint_grid_transaction,50,50,3,9,1,0.000,1.00,-0.901,False,None,0.000,False
90.368,2,en_route_delivery,-3.173,3.062,0.000,-3.500,joint_grid_transaction,50,50,2,8,2,0.000,1.00,-3.102,False,None,0.000,False
90.368,3,en_route_delivery,-2.139,1.962,0.000,-3.500,joint_grid_transaction,50,50,3,9,3,0.000,1.00,0.089,False,None,0.000,False
90.368,4,en_route_delivery,0.190,2.976,3.000,-1.500,joint_grid_transaction,50,50,2,9,4,0.000,1.00,0.164,False,None,0.000,False
90.368,5,en_route_pickup,-0.093,2.037,1.000,1.500,joint_grid_transaction,50,50,3,9,5,0.000,1.00,0.094,False,None,0.000,False
90.368,6,en_route_pickup,-0.188,-2.019,-1.000,-1.500,joint_grid_transaction,50,50,3,9,6,0.000,1.00,3.038,False,None,0.000,False
90.368,7,en_route_pickup,-2.829,-2.065,0.000,-3.500,joint_grid_transaction,50,50,2,8,7,0.000,1.00,0.057,False,None,0.000,False
90.368,8,en_route_pickup,2.587,-2.065,-6.000,-3.500,joint_grid_transaction,50,50,2,8,8,0.000,1.00,3.137,False,None,0.000,False
90.624,1,en_route_delivery,-4.258,-1.810,-3.000,-1.500,joint_grid_transaction,50,50,3,9,1,0.000,1.00,-0.799,False,None,0.000,False
90.624,2,en_route_delivery,-3.213,3.059,0.000,-3.500,joint_grid_transaction,50,50,2,8,2,0.000,1.00,-3.087,False,None,0.000,False
90.624,3,en_route_delivery,-2.106,1.959,0.000,-3.500,joint_grid_transaction,50,50,3,9,3,0.000,1.00,0.089,False,None,0.000,False
90.624,4,en_route_delivery,0.237,2.983,3.000,-1.500,joint_grid_transaction,50,50,2,9,4,0.000,1.00,0.126,False,None,0.000,False
90.624,5,en_route_pickup,-0.060,2.040,1.000,1.500,joint_grid_transaction,50,50,3,9,5,0.000,1.00,0.094,False,None,0.000,False
90.624,6,en_route_pickup,-0.223,-2.022,-1.000,-1.500,joint_grid_transaction,50,50,3,9,6,0.000,1.00,3.039,False,None,0.000,False
90.624,7,en_route_pickup,-2.800,-2.067,0.000,-3.500,joint_grid_transaction,50,50,2,8,7,0.000,1.00,0.058,False,None,0.000,False
90.624,8,en_route_pickup,2.554,-2.065,-6.000,-3.500,joint_grid_transaction,50,50,2,8,8,0.000,1.00,3.136,False,None,0.000,False
90.880,1,en_route_delivery,-4.224,-1.842,-3.000,-1.500,joint_grid_transaction,50,50,3,9,1,0.000,1.00,-0.728,False,None,0.000,False
90.880,2,en_route_delivery,-3.253,3.056,0.000,-3.500,joint_grid_transaction,50,50,2,8,2,0.000,1.00,-3.066,False,None,0.000,False
90.880,3,en_route_delivery,-2.073,1.956,0.000,-3.500,joint_grid_transaction,50,50,3,9,3,0.000,1.00,0.088,False,None,0.000,False
90.880,4,en_route_delivery,0.285,2.988,3.000,-1.500,joint_grid_transaction,50,50,2,9,4,0.000,1.00,0.100,False,None,0.000,False
90.880,5,en_route_pickup,-0.030,2.043,1.000,1.500,joint_grid_transaction,50,50,3,9,5,0.000,1.00,0.093,False,None,0.000,False
90.880,6,en_route_pickup,-0.256,-2.026,-1.000,-1.500,joint_grid_transaction,50,50,3,9,6,0.000,1.00,3.040,False,None,0.000,False
90.880,7,en_route_pickup,-2.775,-2.068,0.000,-3.500,joint_grid_transaction,50,50,2,8,7,0.000,1.00,0.052,False,None,0.000,False
90.880,8,en_route_pickup,2.521,-2.064,-6.000,-3.500,joint_grid_transaction,50,50,2,8,8,0.000,1.00,3.133,False,None,0.000,False
91.136,1,en_route_delivery,-4.187,-1.873,-3.000,-1.500,joint_grid_transaction,50,50,3,9,1,0.000,1.00,-0.678,False,None,0.000,False
91.136,2,en_route_delivery,-3.294,3.051,0.000,-3.500,joint_grid_transaction,50,50,2,8,2,0.000,1.00,-3.040,False,None,0.000,False
91.136,3,en_route_delivery,-2.043,1.953,0.000,-3.500,joint_grid_transaction,50,50,3,9,3,0.000,1.00,0.088,False,None,0.000,False
91.136,4,en_route_delivery,0.329,2.993,3.000,-1.500,joint_grid_transaction,50,50,3,9,4,0.000,1.00,0.089,False,None,0.000,False
91.136,5,en_route_pickup,-0.001,2.045,1.000,1.500,joint_grid_transaction,50,50,3,9,5,0.000,1.00,0.093,False,None,0.000,False
91.136,6,en_route_pickup,-0.289,-2.029,-1.000,-1.500,joint_grid_transaction,50,50,3,9,6,0.000,1.00,3.039,False,None,0.000,False
91.136,7,en_route_pickup,-2.753,-2.069,0.000,-3.500,joint_grid_transaction,50,50,2,8,7,0.000,1.00,0.031,False,None,0.000,False
91.136,8,en_route_pickup,2.490,-2.064,-6.000,-3.500,joint_grid_transaction,50,50,2,8,8,0.000,1.00,3.129,False,None,0.000,False
91.392,1,en_route_delivery,-4.170,-1.876,-3.000,-1.500,joint_grid_transaction,50,50,4,9,1,0.000,1.00,-0.580,False,None,0.000,False
91.392,2,en_route_delivery,-3.342,3.046,0.000,-3.500,joint_grid_transaction,50,50,3,8,2,0.000,1.00,-3.035,False,None,0.000,False
91.392,3,en_route_delivery,-2.014,1.951,0.000,-3.500,joint_grid_transaction,50,50,3,9,3,0.000,1.00,0.088,False,None,0.000,False
91.392,4,en_route_delivery,0.371,2.996,3.000,-1.500,joint_grid_transaction,50,50,3,9,4,0.000,1.00,0.089,False,None,0.000,False
91.392,5,en_route_pickup,0.025,2.048,1.000,1.500,joint_grid_transaction,50,50,3,9,5,0.000,1.00,0.086,False,None,0.000,False
91.392,6,en_route_pickup,-0.324,-2.033,-1.000,-1.500,joint_grid_transaction,50,50,4,9,6,0.000,1.00,3.040,False,None,0.000,False
91.392,7,en_route_pickup,-2.731,-2.069,0.000,-3.500,joint_grid_transaction,50,50,2,8,7,0.000,1.00,0.008,False,None,0.000,False
91.392,8,en_route_pickup,2.460,-2.063,-6.000,-3.500,joint_grid_transaction,50,50,2,8,8,0.000,1.00,3.123,False,None,0.000,False
91.648,1,en_route_delivery,-4.130,-1.899,-3.000,-1.500,joint_grid_transaction,50,50,4,9,1,0.000,1.00,-0.458,False,None,0.000,False
91.648,2,en_route_delivery,-3.389,3.041,0.000,-3.500,joint_grid_transaction,50,50,3,8,2,0.000,1.00,-3.033,False,None,0.000,False
91.648,3,en_route_delivery,-1.987,1.949,0.000,-3.500,joint_grid_transaction,50,50,3,9,3,0.000,1.00,0.088,False,None,0.000,False
91.648,4,en_route_delivery,0.412,3.000,3.000,-1.500,joint_grid_transaction,50,50,3,9,4,0.000,1.00,0.089,False,None,0.000,False
91.648,5,en_route_pickup,0.052,2.050,1.000,1.500,joint_grid_transaction,50,50,4,9,5,0.000,1.00,0.079,False,None,0.000,False
91.648,6,en_route_pickup,-0.358,-2.036,-1.000,-1.500,joint_grid_transaction,50,50,4,9,6,0.000,1.00,3.040,False,None,0.000,False
91.648,7,en_route_pickup,-2.708,-2.069,0.000,-3.500,joint_grid_transaction,50,50,2,8,7,0.000,1.00,0.019,False,None,0.000,False
91.648,8,en_route_pickup,2.420,-2.061,-6.000,-3.500,joint_grid_transaction,50,50,3,8,8,0.000,1.00,3.117,False,None,0.000,False
91.904,1,en_route_delivery,-4.087,-1.918,-3.000,-1.500,joint_grid_transaction,50,50,4,9,1,0.000,1.00,-0.373,False,None,0.000,False
91.904,2,en_route_delivery,-3.437,3.036,0.000,-3.500,joint_grid_transaction,50,50,3,8,2,0.000,1.00,-3.031,False,None,0.000,False
91.904,3,en_route_delivery,-1.967,1.948,0.000,-3.500,joint_grid_transaction,50,50,3,9,3,0.000,1.00,0.060,False,None,0.000,False
91.904,4,en_route_delivery,0.453,3.004,3.000,-1.500,joint_grid_transaction,50,50,3,9,4,0.000,1.00,0.089,False,None,0.000,False
91.904,5,en_route_pickup,0.086,2.052,1.000,1.500,joint_grid_transaction,50,50,4,9,5,0.000,1.00,0.079,False,None,0.000,False
91.904,6,en_route_pickup,-0.391,-2.040,-1.000,-1.500,joint_grid_transaction,50,50,4,9,6,0.000,1.00,3.041,False,None,0.000,False
91.904,7,en_route_pickup,-2.669,-2.068,0.000,-3.500,joint_grid_transaction,50,50,3,8,7,0.000,1.00,0.027,False,None,0.000,False
91.904,8,en_route_pickup,2.379,-2.060,-6.000,-3.500,joint_grid_transaction,50,50,3,8,8,0.000,1.00,3.107,False,None,0.000,False
92.160,1,en_route_delivery,-4.044,-1.933,-3.000,-1.500,joint_grid_transaction,51,50,4,8,1,0.000,1.00,-0.333,False,None,0.000,False
92.160,2,en_route_delivery,-3.484,3.030,0.000,-3.500,joint_grid_transaction,51,50,3,8,2,0.000,1.00,-3.030,False,None,0.000,False
92.160,3,en_route_delivery,-1.937,1.946,0.000,-3.500,joint_grid_transaction,51,50,4,9,3,0.000,1.00,0.057,False,None,0.000,False
92.160,4,en_route_delivery,0.493,3.007,3.000,-1.500,joint_grid_transaction,51,50,3,9,4,0.000,1.00,0.088,False,None,0.000,False
92.160,5,en_route_pickup,0.117,2.054,1.000,1.500,joint_grid_transaction,51,50,4,7,5,0.000,1.00,0.071,False,None,0.000,False
92.160,6,en_route_pickup,-0.423,-2.043,-1.000,-1.500,joint_grid_transaction,51,50,4,8,6,0.000,1.00,3.042,False,None,0.000,False
92.160,7,en_route_pickup,-2.630,-2.066,0.000,-3.500,joint_grid_transaction,51,50,3,9,7,0.000,1.00,0.042,False,None,0.000,False
92.160,8,en_route_pickup,2.339,-2.058,-6.000,-3.500,joint_grid_transaction,51,50,3,9,8,0.000,1.00,3.088,False,None,0.000,False
92.416,1,en_route_delivery,-3.999,-1.948,-3.000,-1.500,joint_grid_transaction,51,51,2,8,1,0.000,1.00,-0.285,False,None,0.000,False
92.416,2,en_route_delivery,-3.532,3.025,0.000,-3.500,joint_grid_transaction,51,51,1,8,2,0.000,1.00,-3.029,False,None,0.000,False
92.416,3,en_route_delivery,-1.904,1.944,0.000,-3.500,joint_grid_transaction,51,51,2,9,3,0.000,1.00,0.061,False,None,0.000,False
92.416,4,en_route_delivery,0.532,3.011,3.000,-1.500,joint_grid_transaction,51,51,1,9,4,0.000,1.00,0.088,False,None,0.000,False
92.416,5,en_route_pickup,0.149,2.057,1.000,1.500,joint_grid_transaction,51,51,2,7,5,0.000,1.00,0.071,False,None,0.000,False
92.416,6,en_route_pickup,-0.453,-2.046,-1.000,-1.500,joint_grid_transaction,51,51,1,8,6,0.000,1.00,3.042,False,None,0.000,False
92.416,7,en_route_pickup,-2.590,-2.063,0.000,-3.500,joint_grid_transaction,51,51,2,9,7,0.000,1.00,0.057,False,None,0.000,False
92.416,8,en_route_pickup,2.297,-2.054,-6.000,-3.500,joint_grid_transaction,51,51,2,9,8,0.000,1.00,3.070,False,None,0.000,False
92.672,1,en_route_delivery,-3.965,-1.957,-3.000,-1.500,joint_grid_transaction,51,51,2,8,1,0.000,1.00,-0.258,False,joint_slot_deadline,93.284,False
92.672,2,en_route_delivery,-3.532,3.025,0.000,-3.500,joint_grid_transaction,51,51,1,8,2,0.000,1.00,-3.029,False,joint_slot_deadline,93.284,False
92.672,3,en_route_delivery,-1.871,1.942,0.000,-3.500,joint_grid_transaction,51,51,2,9,3,0.000,1.00,0.062,False,None,0.000,False
92.672,4,en_route_delivery,0.571,3.014,3.000,-1.500,joint_grid_transaction,51,51,2,9,4,0.000,1.00,0.088,False,None,0.000,False
92.672,5,en_route_pickup,0.179,2.059,1.000,1.500,joint_grid_transaction,51,51,2,7,5,0.000,1.00,0.072,False,None,0.000,False
92.672,6,en_route_pickup,-0.481,-2.049,-1.000,-1.500,joint_grid_transaction,51,51,1,8,6,0.000,1.00,3.043,False,None,0.000,False
92.672,7,en_route_pickup,-2.548,-2.060,0.000,-3.500,joint_grid_transaction,51,51,2,9,7,0.000,1.00,0.077,False,None,0.000,False
92.672,8,en_route_pickup,2.253,-2.050,-6.000,-3.500,joint_grid_transaction,51,51,2,9,8,0.000,1.00,3.045,False,None,0.000,False
92.928,1,en_route_delivery,-3.965,-1.957,-3.000,-1.500,joint_grid_transaction,51,51,2,8,1,0.000,1.00,-0.258,False,joint_slot_deadline,93.284,False
92.928,2,en_route_delivery,-3.532,3.025,0.000,-3.500,joint_grid_transaction,51,51,1,8,2,0.000,1.00,-3.029,False,joint_slot_deadline,93.284,False
92.928,3,en_route_delivery,-1.840,1.940,0.000,-3.500,joint_grid_transaction,51,51,2,9,3,0.000,1.00,0.062,False,None,0.000,False
92.928,4,en_route_delivery,0.609,3.017,3.000,-1.500,joint_grid_transaction,51,51,2,9,4,0.000,1.00,0.088,False,None,0.000,False
92.928,5,en_route_pickup,0.207,2.061,1.000,1.500,joint_grid_transaction,51,51,2,7,5,0.000,1.00,0.072,False,None,0.000,False
92.928,6,en_route_pickup,-0.507,-2.051,-1.000,-1.500,joint_grid_transaction,51,51,1,8,6,0.000,1.00,3.049,False,None,0.000,False
92.928,7,en_route_pickup,-2.504,-2.055,0.000,-3.500,joint_grid_transaction,51,51,2,9,7,0.000,1.00,0.104,False,None,0.000,False
92.928,8,en_route_pickup,2.213,-2.045,-6.000,-3.500,joint_grid_transaction,51,51,2,9,8,0.000,1.00,3.018,False,None,0.000,False
93.184,1,en_route_delivery,-3.965,-1.957,-3.000,-1.500,joint_grid_transaction,51,51,2,8,1,0.000,1.00,-0.258,False,joint_slot_deadline,93.284,False
93.184,2,en_route_delivery,-3.532,3.025,0.000,-3.500,joint_grid_transaction,51,51,1,8,2,0.000,1.00,-3.029,False,joint_slot_deadline,93.284,False
93.184,3,en_route_delivery,-1.811,1.938,0.000,-3.500,joint_grid_transaction,51,51,2,9,3,0.000,1.00,0.063,False,None,0.000,False
93.184,4,en_route_delivery,0.647,3.021,3.000,-1.500,joint_grid_transaction,51,51,2,9,4,0.000,1.00,0.088,False,None,0.000,False
93.184,5,en_route_pickup,0.233,2.063,1.000,1.500,joint_grid_transaction,51,51,2,7,5,0.000,1.00,0.066,False,None,0.000,False
93.184,6,en_route_pickup,-0.527,-2.052,-1.000,-1.500,joint_grid_transaction,51,51,1,8,6,0.000,1.00,3.076,False,None,0.000,False
93.184,7,en_route_pickup,-2.462,-2.049,0.000,-3.500,joint_grid_transaction,51,51,2,9,7,0.000,1.00,0.136,False,None,0.000,False
93.184,8,en_route_pickup,2.213,-2.045,-6.000,-3.500,joint_grid_transaction,51,51,2,9,8,0.000,1.00,3.018,False,joint_slot_deadline,93.284,False
93.440,1,en_route_delivery,-3.946,-1.963,-3.000,-1.500,joint_grid_transaction,51,51,2,8,1,0.000,1.00,-0.251,False,None,0.000,False
93.440,2,en_route_delivery,-3.553,3.022,0.000,-3.500,joint_grid_transaction,51,51,1,8,2,0.000,1.00,-3.022,False,None,0.000,False
93.440,3,en_route_delivery,-1.783,1.937,0.000,-3.500,joint_grid_transaction,51,51,2,9,3,0.000,1.00,0.063,False,None,0.000,False
93.440,4,en_route_delivery,0.683,3.024,3.000,-1.500,joint_grid_transaction,51,51,2,9,4,0.000,1.00,0.088,False,None,0.000,False
93.440,5,en_route_pickup,0.254,2.063,1.000,1.500,joint_grid_transaction,51,51,2,7,5,0.000,1.00,0.046,False,None,0.000,False
93.440,6,en_route_pickup,-0.535,-2.053,-1.000,-1.500,joint_grid_transaction,51,51,1,8,6,0.000,1.00,2.949,False,None,0.000,False
93.440,7,en_route_pickup,-2.440,-2.046,0.000,-3.500,joint_grid_transaction,51,51,2,9,7,0.000,1.00,0.144,False,None,0.000,False
93.440,8,en_route_pickup,2.192,-2.042,-6.000,-3.500,joint_grid_transaction,51,51,2,9,8,0.000,1.00,3.009,False,None,0.000,False
93.696,1,en_route_delivery,-3.900,-1.973,-3.000,-1.500,joint_grid_transaction,51,51,3,8,1,0.000,1.00,-0.180,False,None,0.000,False
93.696,2,en_route_delivery,-3.596,3.017,0.000,-3.500,joint_grid_transaction,51,51,2,8,2,0.000,1.00,-3.029,False,None,0.000,False
93.696,3,en_route_delivery,-1.759,1.935,0.000,-3.500,joint_grid_transaction,51,51,2,9,3,0.000,1.00,0.053,False,None,0.000,False
93.696,4,en_route_delivery,0.718,3.027,3.000,-1.500,joint_grid_transaction,51,51,2,9,4,0.000,1.00,0.087,False,None,0.000,False
93.696,5,en_route_pickup,0.276,2.064,1.000,1.500,joint_grid_transaction,51,51,2,7,5,0.000,1.00,0.023,False,None,0.000,False
93.696,6,en_route_pickup,-0.526,-2.056,-1.000,-1.500,joint_grid_transaction,51,51,2,8,6,0.000,1.00,2.755,False,None,0.000,False
93.696,7,en_route_pickup,-2.393,-2.039,0.000,-3.500,joint_grid_transaction,51,51,3,9,7,0.000,1.00,0.128,False,None,0.000,False
93.696,8,en_route_pickup,2.145,-2.036,-6.000,-3.500,joint_grid_transaction,51,51,3,9,8,0.000,1.00,3.023,False,None,0.000,False
93.952,1,en_route_delivery,-3.853,-1.980,-3.000,-1.500,joint_grid_transaction,51,51,3,8,1,0.000,1.00,-0.132,False,None,0.000,False
93.952,2,en_route_delivery,-3.640,3.012,0.000,-3.500,joint_grid_transaction,51,51,2,8,2,0.000,1.00,-3.036,False,None,0.000,False
93.952,3,en_route_delivery,-1.737,1.935,0.000,-3.500,joint_grid_transaction,51,51,2,9,3,0.000,1.00,0.031,False,None,0.000,False
93.952,4,en_route_delivery,0.752,3.030,3.000,-1.500,joint_grid_transaction,51,51,2,9,4,0.000,1.00,0.087,False,None,0.000,False
93.952,5,en_route_pickup,0.301,2.064,1.000,1.500,joint_grid_transaction,51,51,3,7,5,0.000,1.00,0.002,False,None,0.000,False
93.952,6,en_route_pickup,-0.553,-2.074,-1.000,-1.500,joint_grid_transaction,51,51,2,8,6,0.000,1.00,2.631,False,None,0.000,False
93.952,7,en_route_pickup,-2.346,-2.034,0.000,-3.500,joint_grid_transaction,51,51,3,9,7,0.000,1.00,0.116,False,None,0.000,False
93.952,8,en_route_pickup,2.097,-2.031,-6.000,-3.500,joint_grid_transaction,51,51,3,9,8,0.000,1.00,3.034,False,None,0.000,False
94.208,1,en_route_delivery,-3.805,-1.986,-3.000,-1.500,joint_grid_transaction,51,51,3,8,1,0.000,1.00,-0.101,False,None,0.000,False
94.208,2,en_route_delivery,-3.682,3.008,0.000,-3.500,joint_grid_transaction,51,51,2,8,2,0.000,1.00,-3.037,False,None,0.000,False
94.208,3,en_route_delivery,-1.716,1.934,0.000,-3.500,joint_grid_transaction,51,51,2,9,3,0.000,1.00,0.002,False,None,0.000,False
94.208,4,en_route_delivery,0.783,3.033,3.000,-1.500,joint_grid_transaction,51,51,2,9,4,0.000,1.00,0.087,False,None,0.000,False
94.208,5,en_route_pickup,0.339,2.064,1.000,1.500,joint_grid_transaction,51,51,3,7,5,0.000,1.00,0.002,False,None,0.000,False
94.208,6,en_route_pickup,-0.593,-2.099,-1.000,-1.500,joint_grid_transaction,51,51,2,8,6,0.000,1.00,2.534,False,None,0.000,False
94.208,7,en_route_pickup,-2.298,-2.028,0.000,-3.500,joint_grid_transaction,51,51,3,9,7,0.000,1.00,0.109,False,None,0.000,False
94.208,8,en_route_pickup,2.050,-2.026,-6.000,-3.500,joint_grid_transaction,51,51,3,9,8,0.000,1.00,3.037,False,None,0.000,False
94.464,1,en_route_delivery,-3.760,-1.990,-3.000,-1.500,joint_grid_transaction,51,51,3,8,1,0.000,1.00,-0.092,False,None,0.000,False
94.464,2,en_route_delivery,-3.724,3.004,0.000,-3.500,joint_grid_transaction,51,51,2,8,2,0.000,1.00,-3.037,False,None,0.000,False
94.464,3,en_route_delivery,-1.682,1.935,0.000,-3.500,joint_grid_transaction,51,51,3,9,3,0.000,1.00,0.007,False,None,0.000,False
94.464,4,en_route_delivery,0.819,3.036,3.000,-1.500,joint_grid_transaction,51,51,3,9,4,0.000,1.00,0.089,False,None,0.000,False
94.464,5,en_route_pickup,0.375,2.064,1.000,1.500,joint_grid_transaction,51,51,3,7,5,0.000,1.00,0.003,False,None,0.000,False
94.464,6,en_route_pickup,-0.593,-2.099,-1.000,-1.500,joint_grid_transaction,51,51,2,8,6,0.000,1.00,2.534,False,joint_slot_deadline,94.484,False
94.464,7,en_route_pickup,-2.251,-2.023,0.000,-3.500,joint_grid_transaction,51,51,3,9,7,0.000,1.00,0.107,False,None,0.000,False
94.464,8,en_route_pickup,2.004,-2.021,-6.000,-3.500,joint_grid_transaction,51,51,3,9,8,0.000,1.00,3.038,False,None,0.000,False
94.720,1,en_route_delivery,-3.716,-1.994,-3.000,-1.500,joint_grid_transaction,51,51,3,8,1,0.000,1.00,-0.091,False,None,0.000,False
94.720,2,en_route_delivery,-3.764,2.999,0.000,-3.500,joint_grid_transaction,51,51,2,8,2,0.000,1.00,-3.038,False,None,0.000,False
94.720,3,en_route_delivery,-1.645,1.935,0.000,-3.500,joint_grid_transaction,51,51,3,9,3,0.000,1.00,0.010,False,None,0.000,False
94.720,4,en_route_delivery,0.853,3.039,3.000,-1.500,joint_grid_transaction,51,51,3,9,4,0.000,1.00,0.089,False,None,0.000,False
94.720,5,en_route_pickup,0.410,2.064,1.000,1.500,joint_grid_transaction,51,51,3,7,5,0.000,1.00,0.004,False,None,0.000,False
94.720,6,en_route_pickup,-0.578,-2.111,-1.000,-1.500,joint_grid_transaction,51,51,3,8,6,0.000,1.00,2.398,False,None,0.000,False
94.720,7,en_route_pickup,-2.205,-2.018,0.000,-3.500,joint_grid_transaction,51,51,3,9,7,0.000,1.00,0.103,False,None,0.000,False
94.720,8,en_route_pickup,1.959,-2.016,-6.000,-3.500,joint_grid_transaction,51,51,3,9,8,0.000,1.00,3.040,False,None,0.000,False
94.976,1,en_route_delivery,-3.675,-1.998,-3.000,-1.500,joint_grid_transaction,51,51,4,8,1,0.000,1.00,-0.091,False,None,0.000,False
94.976,2,en_route_delivery,-3.804,2.995,0.000,-3.500,joint_grid_transaction,51,51,3,8,2,0.000,1.00,-3.039,False,None,0.000,False
94.976,3,en_route_delivery,-1.608,1.936,0.000,-3.500,joint_grid_transaction,51,51,3,9,3,0.000,1.00,0.013,False,None,0.000,False
94.976,4,en_route_delivery,0.887,3.042,3.000,-1.500,joint_grid_transaction,51,51,3,9,4,0.000,1.00,0.089,False,None,0.000,False
94.976,5,en_route_pickup,0.444,2.063,1.000,1.500,joint_grid_transaction,51,51,3,7,5,0.000,1.00,0.005,False,None,0.000,False
94.976,6,en_route_pickup,-0.571,-2.126,-1.000,-1.500,joint_grid_transaction,51,51,3,8,6,0.000,1.00,2.297,False,None,0.000,False
94.976,7,en_route_pickup,-2.162,-2.014,0.000,-3.500,joint_grid_transaction,51,51,4,9,7,0.000,1.00,0.100,False,None,0.000,False
94.976,8,en_route_pickup,1.916,-2.012,-6.000,-3.500,joint_grid_transaction,51,51,4,9,8,0.000,1.00,3.042,False,None,0.000,False
95.232,1,en_route_delivery,-3.634,-2.001,-3.000,-1.500,joint_grid_transaction,51,51,4,8,1,0.000,1.00,-0.091,False,None,0.000,False
95.232,2,en_route_delivery,-3.843,2.991,0.000,-3.500,joint_grid_transaction,51,51,3,8,2,0.000,1.00,-3.040,False,None,0.000,False
95.232,3,en_route_delivery,-1.572,1.937,0.000,-3.500,joint_grid_transaction,51,51,3,9,3,0.000,1.00,0.019,False,None,0.000,False
95.232,4,en_route_delivery,0.919,3.045,3.000,-1.500,joint_grid_transaction,51,51,3,9,4,0.000,1.00,0.089,False,None,0.000,False
95.232,5,en_route_pickup,0.477,2.063,1.000,1.500,joint_grid_transaction,51,51,3,7,5,0.000,1.00,0.007,False,None,0.000,False
95.232,6,en_route_pickup,-0.600,-2.163,-1.000,-1.500,joint_grid_transaction,51,51,3,8,6,0.000,1.00,2.178,False,None,0.000,False
95.232,7,en_route_pickup,-2.119,-2.010,0.000,-3.500,joint_grid_transaction,51,51,4,9,7,0.000,1.00,0.099,False,None,0.000,False
95.232,8,en_route_pickup,1.873,-2.008,-6.000,-3.500,joint_grid_transaction,51,51,4,9,8,0.000,1.00,3.043,False,None,0.000,False
95.488,1,en_route_delivery,-3.593,-2.005,-3.000,-1.500,joint_grid_transaction,51,51,4,8,1,0.000,1.00,-0.090,False,None,0.000,False
95.488,2,en_route_delivery,-3.881,2.987,0.000,-3.500,joint_grid_transaction,51,51,3,8,2,0.000,1.00,-3.040,False,None,0.000,False
95.488,3,en_route_delivery,-1.536,1.938,0.000,-3.500,joint_grid_transaction,51,51,3,9,3,0.000,1.00,0.026,False,None,0.000,False
95.488,4,en_route_delivery,0.950,3.048,3.000,-1.500,joint_grid_transaction,51,51,3,9,4,0.000,1.00,0.088,False,None,0.000,False
95.488,5,en_route_pickup,0.509,2.062,1.000,1.500,joint_grid_transaction,51,51,3,7,5,0.000,1.00,0.011,False,None,0.000,False
95.488,6,en_route_pickup,-0.625,-2.203,-1.000,-1.500,joint_grid_transaction,51,51,3,8,6,0.000,1.00,2.098,False,None,0.000,False
95.488,7,en_route_pickup,-2.077,-2.005,0.000,-3.500,joint_grid_transaction,51,51,4,9,7,0.000,1.00,0.099,False,None,0.000,False
95.488,8,en_route_pickup,1.832,-2.003,-6.000,-3.500,joint_grid_transaction,51,51,4,9,8,0.000,1.00,3.043,False,None,0.000,False
95.744,1,en_route_delivery,-3.553,-2.009,-3.000,-1.500,joint_grid_transaction,51,51,4,8,1,0.000,1.00,-0.090,False,None,0.000,False
95.744,2,en_route_delivery,-3.919,2.984,0.000,-3.500,joint_grid_transaction,51,51,3,8,2,0.000,1.00,-3.041,False,None,0.000,False
95.744,3,en_route_delivery,-1.501,1.940,0.000,-3.500,joint_grid_transaction,51,51,3,9,3,0.000,1.00,0.037,False,None,0.000,False
95.744,4,en_route_delivery,0.979,3.050,3.000,-1.500,joint_grid_transaction,51,51,3,9,4,0.000,1.00,0.088,False,None,0.000,False
95.744,5,en_route_pickup,0.538,2.062,1.000,1.500,joint_grid_transaction,51,51,3,7,5,0.000,1.00,0.015,False,None,0.000,False
95.744,6,en_route_pickup,-0.648,-2.245,-1.000,-1.500,joint_grid_transaction,51,51,3,8,6,0.000,1.00,2.042,False,None,0.000,False
95.744,7,en_route_pickup,-2.036,-2.001,0.000,-3.500,joint_grid_transaction,51,51,4,9,7,0.000,1.00,0.098,False,None,0.000,False
95.744,8,en_route_pickup,1.791,-1.999,-6.000,-3.500,joint_grid_transaction,51,51,4,9,8,0.000,1.00,3.044,False,None,0.000,False
96.000,1,en_route_delivery,-3.515,-2.012,-3.000,-1.500,joint_grid_transaction,51,51,4,8,1,0.000,1.00,-0.090,False,None,0.000,False
96.000,2,en_route_delivery,-3.955,2.980,0.000,-3.500,joint_grid_transaction,51,51,3,8,2,0.000,1.00,-3.042,False,None,0.000,False
96.000,3,en_route_delivery,-1.465,1.943,0.000,-3.500,joint_grid_transaction,51,51,3,9,3,0.000,1.00,0.052,False,None,0.000,False
96.000,4,en_route_delivery,1.006,3.052,3.000,-1.500,joint_grid_transaction,51,51,3,9,4,0.000,1.00,0.088,False,None,0.000,False
96.000,5,en_route_pickup,0.578,2.061,1.000,1.500,joint_grid_transaction,51,51,4,7,5,0.000,1.00,0.021,False,None,0.000,False
96.000,6,en_route_pickup,-0.668,-2.287,-1.000,-1.500,joint_grid_transaction,51,51,3,8,6,0.000,1.00,2.003,False,None,0.000,False
96.000,7,en_route_pickup,-1.995,-1.997,0.000,-3.500,joint_grid_transaction,51,51,4,9,7,0.000,1.00,0.098,False,None,0.000,False
96.000,8,en_route_pickup,1.751,-1.996,-6.000,-3.500,joint_grid_transaction,51,51,4,9,8,0.000,1.00,3.044,False,None,0.000,False
96.256,1,en_route_delivery,-3.478,-2.015,-3.000,-1.500,joint_grid_transaction,52,52,1,5,1,0.000,1.00,-0.090,False,None,0.000,False
96.256,2,en_route_delivery,-3.990,2.976,0.000,-3.500,joint_grid_transaction,52,52,1,9,2,0.000,1.00,-3.042,False,None,0.000,False
96.256,3,en_route_delivery,-1.452,1.945,0.000,-3.500,joint_grid_transaction,52,52,1,9,3,0.000,1.00,0.270,False,None,0.000,False
96.256,4,en_route_delivery,1.026,3.053,3.000,-1.500,joint_grid_transaction,52,52,1,9,4,0.000,1.00,0.060,False,None,0.000,False
96.256,5,en_route_pickup,0.617,2.059,1.000,1.500,joint_grid_transaction,52,52,2,5,5,0.000,1.00,0.033,False,None,0.000,False
96.256,6,en_route_pickup,-0.686,-2.331,-1.000,-1.500,joint_grid_transaction,52,52,2,9,6,0.000,1.00,1.911,False,None,0.000,False
96.256,7,en_route_pickup,-1.956,-1.994,0.000,-3.500,joint_grid_transaction,52,52,1,9,7,0.000,1.00,0.097,False,None,0.000,False
96.256,8,en_route_pickup,1.712,-1.992,-6.000,-3.500,joint_grid_transaction,52,52,1,9,8,0.000,1.00,3.045,False,None,0.000,False
96.512,1,en_route_delivery,-3.440,-2.019,-3.000,-1.500,joint_grid_transaction,52,52,2,5,1,0.000,1.00,-0.090,False,None,0.000,False
96.512,2,en_route_delivery,-4.023,2.973,0.000,-3.500,joint_grid_transaction,52,52,1,9,2,0.000,1.00,-3.043,False,None,0.000,False
96.512,3,en_route_delivery,-1.474,1.956,0.000,-3.500,joint_grid_transaction,52,52,1,9,3,0.000,1.00,0.584,False,None,0.000,False
96.512,4,en_route_delivery,1.053,3.055,3.000,-1.500,joint_grid_transaction,52,52,2,9,4,0.000,1.00,0.054,False,None,0.000,False
96.512,5,en_route_pickup,0.657,2.057,1.000,1.500,joint_grid_transaction,52,52,2,5,5,0.000,1.00,0.045,False,None,0.000,False
96.512,6,en_route_pickup,-0.700,-2.376,-1.000,-1.500,joint_grid_transaction,52,52,2,9,6,0.000,1.00,1.831,False,None,0.000,False
96.512,7,en_route_pickup,-1.916,-1.990,0.000,-3.500,joint_grid_transaction,52,52,2,9,7,0.000,1.00,0.097,False,None,0.000,False
96.512,8,en_route_pickup,1.673,-1.988,-6.000,-3.500,joint_grid_transaction,52,52,2,9,8,0.000,1.00,3.045,False,None,0.000,False
96.768,1,en_route_delivery,-3.403,-2.022,-3.000,-1.500,joint_grid_transaction,52,52,2,5,1,0.000,1.00,-0.090,False,None,0.000,False
96.768,2,en_route_delivery,-4.028,2.970,0.000,-3.500,joint_grid_transaction,52,52,2,9,2,0.000,1.00,-2.863,False,None,0.000,False
96.768,3,en_route_delivery,-1.502,1.980,0.000,-3.500,joint_grid_transaction,52,52,1,9,3,0.000,1.00,0.826,False,None,0.000,False
96.768,4,en_route_delivery,1.086,3.057,3.000,-1.500,joint_grid_transaction,52,52,2,9,4,0.000,1.00,0.059,False,None,0.000,False
96.768,5,en_route_pickup,0.699,2.054,1.000,1.500,joint_grid_transaction,52,52,2,5,5,0.000,1.00,0.061,False,None,0.000,False
96.768,6,en_route_pickup,-0.711,-2.422,-1.000,-1.500,joint_grid_transaction,52,52,2,9,6,0.000,1.00,1.776,False,None,0.000,False
96.768,7,en_route_pickup,-1.878,-1.986,0.000,-3.500,joint_grid_transaction,52,52,2,9,7,0.000,1.00,0.096,False,None,0.000,False
96.768,8,en_route_pickup,1.635,-1.984,-6.000,-3.500,joint_grid_transaction,52,52,2,9,8,0.000,1.00,3.046,False,None,0.000,False
97.024,1,en_route_delivery,-3.366,-2.026,-3.000,-1.500,joint_grid_transaction,52,52,2,5,1,0.000,1.00,-0.089,False,None,0.000,False
97.024,2,en_route_delivery,-4.018,2.966,0.000,-3.500,joint_grid_transaction,52,52,2,9,2,0.000,1.00,-2.696,False,None,0.000,False
97.024,3,en_route_delivery,-1.524,2.006,0.000,-3.500,joint_grid_transaction,52,52,1,9,3,0.000,1.00,1.087,False,None,0.000,False
97.024,4,en_route_delivery,1.119,3.059,3.000,-1.500,joint_grid_transaction,52,52,2,9,4,0.000,1.00,0.060,False,None,0.000,False
97.024,5,en_route_pickup,0.742,2.050,1.000,1.500,joint_grid_transaction,52,52,2,5,5,0.000,1.00,0.083,False,None,0.000,False
97.024,6,en_route_pickup,-0.720,-2.469,-1.000,-1.500,joint_grid_transaction,52,52,2,9,6,0.000,1.00,1.739,False,None,0.000,False
97.024,7,en_route_pickup,-1.840,-1.982,0.000,-3.500,joint_grid_transaction,52,52,2,9,7,0.000,1.00,0.096,False,None,0.000,False
97.024,8,en_route_pickup,1.597,-1.981,-6.000,-3.500,joint_grid_transaction,52,52,2,9,8,0.000,1.00,3.046,False,None,0.000,False
97.280,1,en_route_delivery,-3.330,-2.029,-3.000,-1.500,joint_grid_transaction,52,52,2,5,1,0.000,1.00,-0.089,False,None,0.000,False
97.280,2,en_route_delivery,-4.051,2.945,0.000,-3.500,joint_grid_transaction,52,52,2,9,2,0.000,1.00,-2.573,False,None,0.000,False
97.280,3,en_route_delivery,-1.533,2.025,0.000,-3.500,joint_grid_transaction,52,52,1,9,3,0.000,1.00,1.431,False,None,0.000,False
97.280,4,en_route_delivery,1.151,3.061,3.000,-1.500,joint_grid_transaction,52,52,2,9,4,0.000,1.00,0.061,False,None,0.000,False
97.280,5,en_route_delivery,0.786,2.046,6.000,-3.500,joint_grid_transaction,52,52,2,2,5,0.000,1.00,0.110,False,None,0.000,False
97.280,6,en_route_pickup,-0.727,-2.516,-1.000,-1.500,joint_grid_transaction,52,52,2,9,6,0.000,1.00,1.712,False,None,0.000,False
97.280,7,en_route_pickup,-1.804,-1.979,0.000,-3.500,joint_grid_transaction,52,52,2,9,7,0.000,1.00,0.095,False,None,0.000,False
97.280,8,en_route_pickup,1.561,-1.977,-6.000,-3.500,joint_grid_transaction,52,52,2,9,8,0.000,1.00,3.047,False,None,0.000,False
97.536,1,en_route_delivery,-3.296,-2.032,-3.000,-1.500,joint_grid_transaction,52,52,2,5,1,0.000,1.00,-0.089,False,None,0.000,False
97.536,2,en_route_delivery,-4.089,2.917,0.000,-3.500,joint_grid_transaction,52,52,2,9,2,0.000,1.00,-2.483,False,None,0.000,False
97.536,3,en_route_delivery,-1.534,2.021,0.000,-3.500,joint_grid_transaction,52,52,2,9,3,0.000,1.00,1.852,False,None,0.000,False
97.536,4,en_route_delivery,1.181,3.062,3.000,-1.500,joint_grid_transaction,52,52,2,9,4,0.000,1.00,0.061,False,None,0.000,False
97.536,5,en_route_delivery,0.775,2.042,6.000,-3.500,joint_grid_transaction,52,52,3,2,5,0.000,1.00,0.380,False,None,0.000,False
97.536,6,en_route_pickup,-0.733,-2.563,-1.000,-1.500,joint_grid_transaction,52,52,3,9,6,0.000,1.00,1.681,False,None,0.000,False
97.536,7,en_route_pickup,-1.769,-1.976,0.000,-3.500,joint_grid_transaction,52,52,2,9,7,0.000,1.00,0.095,False,None,0.000,False
97.536,8,en_route_pickup,1.526,-1.974,-6.000,-3.500,joint_grid_transaction,52,52,2,9,8,0.000,1.00,3.047,False,None,0.000,False
97.792,1,en_route_pickup,-3.264,-2.035,6.000,3.500,joint_grid_transaction,53,53,1,2,9,0.000,1.00,-0.088,False,None,0.000,False
97.792,2,en_route_delivery,-4.103,2.905,0.000,-3.500,joint_grid_transaction,53,53,2,9,2,0.000,1.00,-2.410,False,joint_slot_deadline,98.884,False
97.792,3,en_route_delivery,-1.545,1.998,0.000,-3.500,joint_grid_transaction,53,53,2,9,3,0.000,1.00,2.163,False,None,0.000,False
97.792,4,en_route_delivery,1.209,3.064,3.000,-1.500,joint_grid_transaction,53,53,1,9,4,0.000,1.00,0.062,False,None,0.000,False
97.792,5,en_route_delivery,0.770,2.039,6.000,-3.500,joint_grid_transaction,53,53,1,9,5,0.000,1.00,0.459,False,None,0.000,False
97.792,6,en_route_pickup,-0.738,-2.610,-1.000,-1.500,joint_grid_transaction,53,53,2,9,6,0.000,1.00,1.660,False,None,0.000,False
97.792,7,en_route_pickup,-1.736,-1.972,0.000,-3.500,joint_grid_transaction,53,53,1,9,7,0.000,1.00,0.094,False,None,0.000,False
97.792,8,en_route_pickup,1.493,-1.971,-6.000,-3.500,joint_grid_transaction,53,53,1,9,8,0.000,1.00,3.048,False,None,0.000,False
98.048,1,en_route_pickup,-3.233,-2.037,6.000,3.500,joint_grid_transaction,53,53,1,2,9,0.000,1.00,-0.088,False,None,0.000,False
98.048,2,en_route_delivery,-4.103,2.905,0.000,-3.500,joint_grid_transaction,53,53,2,9,2,0.000,1.00,-2.410,False,joint_slot_deadline,98.884,False
98.048,3,en_route_delivery,-1.568,1.971,0.000,-3.500,joint_grid_transaction,53,53,2,9,3,0.000,1.00,2.397,False,None,0.000,False
98.048,4,en_route_delivery,1.234,3.066,3.000,-1.500,joint_grid_transaction,53,53,1,9,4,0.000,1.00,0.057,False,None,0.000,False
98.048,5,en_route_delivery,0.792,2.032,6.000,-3.500,joint_grid_transaction,53,53,2,9,5,0.000,1.00,0.359,False,None,0.000,False
98.048,6,en_route_pickup,-0.741,-2.653,-1.000,-1.500,joint_grid_transaction,53,53,2,9,6,0.000,1.00,1.660,False,None,0.000,False
98.048,7,en_route_pickup,-1.702,-1.969,0.000,-3.500,joint_grid_transaction,53,53,1,9,7,0.000,1.00,0.096,False,None,0.000,False
98.048,8,en_route_pickup,1.461,-1.968,-6.000,-3.500,joint_grid_transaction,53,53,1,9,8,0.000,1.00,3.046,False,None,0.000,False
98.304,1,en_route_pickup,-3.213,-2.038,6.000,3.500,joint_grid_transaction,53,53,2,2,9,0.000,1.00,-0.044,False,None,0.000,False
98.304,2,en_route_delivery,-4.103,2.905,0.000,-3.500,joint_grid_transaction,53,53,2,9,2,0.000,1.00,-2.410,False,joint_slot_deadline,98.884,False
98.304,3,en_route_delivery,-1.588,1.954,0.000,-3.500,joint_grid_transaction,53,53,2,9,3,0.000,1.00,2.577,False,None,0.000,False
98.304,4,en_route_delivery,1.256,3.066,3.000,-1.500,joint_grid_transaction,53,53,1,9,4,0.000,1.00,0.035,False,None,0.000,False
98.304,5,en_route_delivery,0.836,2.018,6.000,-3.500,joint_grid_transaction,53,53,2,9,5,0.000,1.00,0.241,False,None,0.000,False
98.304,6,en_route_pickup,-0.745,-2.696,-1.000,-1.500,joint_grid_transaction,53,53,2,9,6,0.000,1.00,1.660,False,None,0.000,False
98.304,7,en_route_pickup,-1.667,-1.966,0.000,-3.500,joint_grid_transaction,53,53,2,9,7,0.000,1.00,0.095,False,None,0.000,False
98.304,8,en_route_pickup,1.426,-1.965,-6.000,-3.500,joint_grid_transaction,53,53,2,9,8,0.000,1.00,3.046,False,None,0.000,False
98.560,1,en_route_pickup,-3.170,-2.035,6.000,3.500,joint_grid_transaction,54,54,2,9,9,0.000,1.00,-0.080,False,None,0.000,False
98.560,2,en_route_delivery,-4.104,2.904,0.000,-3.500,joint_grid_transaction,54,54,1,8,2,0.000,1.00,-2.409,False,joint_slot_deadline,99.492,False
98.560,3,en_route_delivery,-1.600,1.948,0.000,-3.500,joint_grid_transaction,54,54,2,9,3,0.000,1.00,2.712,False,None,0.000,False
98.560,4,en_route_delivery,1.277,3.067,3.000,-1.500,joint_grid_transaction,54,54,1,9,4,0.000,1.00,0.006,False,None,0.000,False
98.560,5,en_route_delivery,0.882,2.009,6.000,-3.500,joint_grid_transaction,54,54,2,9,5,0.000,1.00,0.158,False,None,0.000,False
98.560,6,en_route_pickup,-0.749,-2.738,-1.000,-1.500,joint_grid_transaction,54,54,1,8,6,0.000,1.00,1.659,False,None,0.000,False
98.560,7,en_route_pickup,-1.633,-1.963,0.000,-3.500,joint_grid_transaction,54,54,2,9,7,0.000,1.00,0.093,False,None,0.000,False
98.560,8,en_route_pickup,1.392,-1.961,-6.000,-3.500,joint_grid_transaction,54,54,2,9,8,0.000,1.00,3.049,False,None,0.000,False
98.816,1,en_route_pickup,-3.123,-2.031,6.000,3.500,joint_grid_transaction,54,54,2,9,9,0.000,1.00,-0.081,False,None,0.000,False
98.816,2,en_route_delivery,-4.104,2.904,0.000,-3.500,joint_grid_transaction,54,54,1,8,2,0.000,1.00,-2.409,False,joint_slot_deadline,99.492,False
98.816,3,en_route_delivery,-1.640,1.964,0.000,-3.500,joint_grid_transaction,54,54,2,9,3,0.000,1.00,2.824,False,None,0.000,False
98.816,4,en_route_delivery,1.306,3.066,3.000,-1.500,joint_grid_transaction,54,54,2,9,4,0.000,1.00,0.008,False,None,0.000,False
98.816,5,en_route_delivery,0.929,2.003,6.000,-3.500,joint_grid_transaction,54,54,2,9,5,0.000,1.00,0.102,False,None,0.000,False
98.816,6,en_route_pickup,-0.753,-2.779,-1.000,-1.500,joint_grid_transaction,54,54,1,8,6,0.000,1.00,1.659,False,None,0.000,False
98.816,7,en_route_pickup,-1.600,-1.960,0.000,-3.500,joint_grid_transaction,54,54,2,9,7,0.000,1.00,0.092,False,None,0.000,False
98.816,8,en_route_pickup,1.359,-1.958,-6.000,-3.500,joint_grid_transaction,54,54,2,9,8,0.000,1.00,3.049,False,None,0.000,False
99.072,1,en_route_pickup,-3.075,-2.027,6.000,3.500,joint_grid_transaction,54,54,2,9,9,0.000,1.00,-0.082,False,None,0.000,False
99.072,2,en_route_delivery,-4.104,2.904,0.000,-3.500,joint_grid_transaction,54,54,1,8,2,0.000,1.00,-2.409,False,joint_slot_deadline,99.492,False
99.072,3,en_route_delivery,-1.685,1.976,0.000,-3.500,joint_grid_transaction,54,54,2,9,3,0.000,1.00,2.917,False,None,0.000,False
99.072,4,en_route_delivery,1.344,3.066,3.000,-1.500,joint_grid_transaction,54,54,2,9,4,0.000,1.00,0.011,False,None,0.000,False
99.072,5,en_route_delivery,0.974,1.999,6.000,-3.500,joint_grid_transaction,54,54,2,9,5,0.000,1.00,0.078,False,None,0.000,False
99.072,6,en_route_pickup,-0.753,-2.781,-1.000,-1.500,joint_grid_transaction,54,54,1,8,6,0.000,1.00,1.659,False,joint_slot_deadline,99.492,False
99.072,7,en_route_pickup,-1.568,-1.957,0.000,-3.500,joint_grid_transaction,54,54,2,9,7,0.000,1.00,0.092,False,None,0.000,False
99.072,8,en_route_pickup,1.327,-1.955,-6.000,-3.500,joint_grid_transaction,54,54,2,9,8,0.000,1.00,3.050,False,None,0.000,False
99.328,1,en_route_pickup,-3.027,-2.023,6.000,3.500,joint_grid_transaction,55,55,1,8,9,0.000,1.00,-0.082,False,None,0.000,False
99.328,2,en_route_delivery,-4.105,2.903,0.000,-3.500,joint_grid_transaction,55,55,1,8,2,0.000,1.00,-2.408,False,joint_slot_deadline,100.292,False
99.328,3,en_route_delivery,-1.732,1.985,0.000,-3.500,joint_grid_transaction,55,55,1,8,3,0.000,1.00,2.982,False,None,0.000,False
99.328,4,en_route_delivery,1.381,3.065,3.000,-1.500,joint_grid_transaction,55,55,2,9,4,0.000,1.00,0.022,False,None,0.000,False
99.328,5,en_route_delivery,1.015,1.996,6.000,-3.500,joint_grid_transaction,55,55,1,9,5,0.000,1.00,0.079,False,None,0.000,False
99.328,6,en_route_pickup,-0.757,-2.769,-1.000,-1.500,joint_grid_transaction,55,55,1,9,6,0.000,1.00,1.953,False,None,0.000,False
99.328,7,en_route_pickup,-1.537,-1.954,0.000,-3.500,joint_grid_transaction,55,55,1,8,7,0.000,1.00,0.092,False,None,0.000,False
99.328,8,en_route_pickup,1.297,-1.953,-6.000,-3.500,joint_grid_transaction,55,55,1,8,8,0.000,1.00,3.050,False,None,0.000,False
99.584,1,en_route_pickup,-2.980,-2.019,6.000,3.500,joint_grid_transaction,55,55,1,8,9,0.000,1.00,-0.083,False,None,0.000,False
99.584,2,en_route_delivery,-4.105,2.903,0.000,-3.500,joint_grid_transaction,55,55,1,8,2,0.000,1.00,-2.408,False,joint_slot_deadline,100.292,False
99.584,3,en_route_delivery,-1.779,1.992,0.000,-3.500,joint_grid_transaction,55,55,1,8,3,0.000,1.00,3.027,False,None,0.000,False
99.584,4,en_route_delivery,1.418,3.063,3.000,-1.500,joint_grid_transaction,55,55,2,9,4,0.000,1.00,0.031,False,None,0.000,False
99.584,5,en_route_delivery,1.056,1.992,6.000,-3.500,joint_grid_transaction,55,55,2,9,5,0.000,1.00,0.079,False,None,0.000,False
99.584,6,en_route_pickup,-0.772,-2.744,-1.000,-1.500,joint_grid_transaction,55,55,1,9,6,0.000,1.00,2.239,False,None,0.000,False
99.584,7,en_route_pickup,-1.511,-1.951,0.000,-3.500,joint_grid_transaction,55,55,1,8,7,0.000,0.55,0.084,False,None,0.000,False
99.584,8,en_route_pickup,1.268,-1.950,-6.000,-3.500,joint_grid_transaction,55,55,1,8,8,0.000,1.00,3.050,False,None,0.000,False
99.840,1,en_route_pickup,-2.967,-2.018,6.000,3.500,joint_grid_transaction,55,55,1,8,9,0.000,1.00,-0.083,False,joint_slot_deadline,100.292,False
99.840,2,en_route_delivery,-4.105,2.903,0.000,-3.500,joint_grid_transaction,55,55,1,8,2,0.000,1.00,-2.408,False,joint_slot_deadline,100.292,False
99.840,3,en_route_delivery,-1.782,1.992,0.000,-3.500,joint_grid_transaction,55,55,1,8,3,0.000,1.00,3.029,False,joint_slot_deadline,100.292,False
99.840,4,en_route_delivery,1.456,3.061,3.000,-1.500,joint_grid_transaction,55,55,2,9,4,0.000,1.00,0.043,False,None,0.000,False
99.840,5,en_route_delivery,1.096,1.989,6.000,-3.500,joint_grid_transaction,55,55,2,9,5,0.000,1.00,0.079,False,None,0.000,False
99.840,6,en_route_pickup,-0.782,-2.732,-1.000,-1.500,joint_grid_transaction,55,55,1,9,6,0.000,1.00,2.339,False,None,0.000,False
99.840,7,en_route_pickup,-1.501,-1.951,0.000,-3.500,joint_grid_transaction,55,55,1,8,7,0.000,0.55,0.074,False,None,0.000,False
99.840,8,en_route_pickup,1.243,-1.948,-6.000,-3.500,joint_grid_transaction,55,55,1,8,8,0.000,1.00,3.057,False,None,0.000,False
100.096,1,en_route_pickup,-2.967,-2.018,6.000,3.500,joint_grid_transaction,55,55,1,8,9,0.000,1.00,-0.083,False,joint_slot_deadline,100.292,False
100.096,2,en_route_delivery,-4.105,2.903,0.000,-3.500,joint_grid_transaction,55,55,1,8,2,0.000,1.00,-2.408,False,joint_slot_deadline,100.292,False
100.096,3,en_route_delivery,-1.782,1.992,0.000,-3.500,joint_grid_transaction,55,55,1,8,3,0.000,1.00,3.029,False,joint_slot_deadline,100.292,False
100.096,4,en_route_delivery,1.495,3.058,3.000,-1.500,joint_grid_transaction,55,55,2,9,4,0.000,1.00,0.060,False,None,0.000,False
100.096,5,en_route_delivery,1.136,1.986,6.000,-3.500,joint_grid_transaction,55,55,2,9,5,0.000,1.00,0.079,False,None,0.000,False
100.096,6,en_route_pickup,-0.782,-2.732,-1.000,-1.500,joint_grid_transaction,55,55,2,9,6,0.000,1.00,2.339,False,joint_slot_deadline,100.292,False
100.096,7,en_route_pickup,-1.493,-1.950,0.000,-3.500,joint_grid_transaction,55,55,1,8,7,0.000,0.55,0.074,False,None,0.000,False
100.096,8,en_route_pickup,1.221,-1.947,-6.000,-3.500,joint_grid_transaction,55,55,1,8,8,0.000,1.00,3.077,False,None,0.000,False
100.352,1,en_route_pickup,-2.962,-2.017,6.000,3.500,joint_grid_transaction,55,55,2,8,9,0.000,1.00,-0.087,False,None,0.000,False
100.352,2,en_route_delivery,-4.101,2.900,0.000,-3.500,joint_grid_transaction,55,55,2,8,2,0.000,1.00,-2.381,False,None,0.000,False
100.352,3,en_route_delivery,-1.787,1.993,0.000,-3.500,joint_grid_transaction,55,55,2,8,3,0.000,1.00,3.025,False,None,0.000,False
100.352,4,en_route_delivery,1.534,3.054,3.000,-1.500,joint_grid_transaction,55,55,2,9,4,0.000,1.00,0.083,False,None,0.000,False
100.352,5,en_route_delivery,1.175,1.983,6.000,-3.500,joint_grid_transaction,55,55,2,9,5,0.000,1.00,0.079,False,None,0.000,False
100.352,6,en_route_pickup,-0.777,-2.737,-1.000,-1.500,joint_grid_transaction,55,55,3,9,6,0.000,1.00,2.294,False,None,0.000,False
100.352,7,en_route_pickup,-1.485,-1.949,0.000,-3.500,joint_grid_transaction,55,55,1,8,7,0.000,0.55,0.075,False,None,0.000,False
100.352,8,en_route_pickup,1.208,-1.946,-6.000,-3.500,joint_grid_transaction,55,55,2,8,8,0.000,1.00,3.085,False,None,0.000,False
100.608,1,en_route_pickup,-2.919,-2.014,6.000,3.500,joint_grid_transaction,55,55,2,8,9,0.000,1.00,-0.090,False,None,0.000,False
100.608,2,en_route_delivery,-4.088,2.887,0.000,-3.500,joint_grid_transaction,55,55,2,8,2,0.000,1.00,-2.271,False,None,0.000,False
100.608,3,en_route_delivery,-1.827,1.998,0.000,-3.500,joint_grid_transaction,55,55,2,8,3,0.000,1.00,3.027,False,None,0.000,False
100.608,4,en_route_delivery,1.580,3.050,3.000,-1.500,joint_grid_transaction,55,55,3,9,4,0.000,1.00,0.098,False,None,0.000,False
100.608,5,en_route_delivery,1.212,1.980,6.000,-3.500,joint_grid_transaction,55,55,2,9,5,0.000,1.00,0.079,False,None,0.000,False
100.608,6,en_route_pickup,-0.759,-2.760,-1.000,-1.500,joint_grid_transaction,55,55,3,9,6,0.000,1.00,2.069,False,None,0.000,False
100.608,7,en_route_pickup,-1.477,-1.949,0.000,-3.500,joint_grid_transaction,55,55,1,8,7,0.000,0.55,0.075,False,None,0.000,False
100.608,8,en_route_pickup,1.174,-1.944,-6.000,-3.500,joint_grid_transaction,55,55,2,8,8,0.000,1.00,3.081,False,None,0.000,False
100.864,1,en_route_pickup,-2.876,-2.010,6.000,3.500,joint_grid_transaction,55,55,2,8,9,0.000,1.00,-0.090,False,None,0.000,False
100.864,2,en_route_delivery,-4.111,2.853,0.000,-3.500,joint_grid_transaction,55,55,2,8,2,0.000,1.00,-2.155,False,None,0.000,False
100.864,3,en_route_delivery,-1.868,2.002,0.000,-3.500,joint_grid_transaction,55,55,2,8,3,0.000,1.00,3.034,False,None,0.000,False
100.864,4,en_route_delivery,1.628,3.045,3.000,-1.500,joint_grid_transaction,55,55,3,9,4,0.000,1.00,0.107,False,None,0.000,False
100.864,5,en_route_delivery,1.248,1.977,6.000,-3.500,joint_grid_transaction,55,55,2,9,5,0.000,1.00,0.079,False,None,0.000,False
100.864,6,en_route_pickup,-0.752,-2.772,-1.000,-1.500,joint_grid_transaction,55,55,3,9,6,0.000,1.00,1.897,False,None,0.000,False
100.864,7,en_route_pickup,-1.470,-1.948,0.000,-3.500,joint_grid_transaction,55,55,1,8,7,0.000,0.55,0.069,False,None,0.000,False
100.864,8,en_route_pickup,1.141,-1.942,-6.000,-3.500,joint_grid_transaction,55,55,2,8,8,0.000,1.00,3.080,False,None,0.000,False
101.120,1,en_route_pickup,-2.833,-2.006,6.000,3.500,joint_grid_transaction,55,55,2,8,9,0.000,1.00,-0.090,False,None,0.000,False
101.120,2,en_route_delivery,-4.135,2.813,0.000,-3.500,joint_grid_transaction,55,55,2,8,2,0.000,1.00,-2.065,False,None,0.000,False
101.120,3,en_route_delivery,-1.907,2.006,0.000,-3.500,joint_grid_transaction,55,55,2,8,3,0.000,1.00,3.037,False,None,0.000,False
101.120,4,en_route_delivery,1.675,3.040,3.000,-1.500,joint_grid_transaction,55,55,3,9,4,0.000,1.00,0.113,False,None,0.000,False
101.120,5,en_route_delivery,1.283,1.974,6.000,-3.500,joint_grid_transaction,55,55,2,9,5,0.000,1.00,0.079,False,None,0.000,False
101.120,6,en_route_pickup,-0.754,-2.781,-1.000,-1.500,joint_grid_transaction,55,55,3,9,6,0.000,1.00,1.853,False,None,0.000,False
101.120,7,en_route_pickup,-1.464,-1.948,0.000,-3.500,joint_grid_transaction,55,55,1,8,7,0.000,0.55,0.061,False,None,0.000,False
101.120,8,en_route_pickup,1.109,-1.940,-6.000,-3.500,joint_grid_transaction,55,55,2,8,8,0.000,1.00,3.079,False,None,0.000,False
101.376,1,en_route_pickup,-2.791,-2.002,6.000,3.500,joint_grid_transaction,55,55,2,8,9,0.000,1.00,-0.089,False,None,0.000,False
101.376,2,en_route_delivery,-4.156,2.770,0.000,-3.500,joint_grid_transaction,55,55,2,8,2,0.000,1.00,-2.004,False,None,0.000,False
101.376,3,en_route_delivery,-1.945,2.010,0.000,-3.500,joint_grid_transaction,55,55,2,8,3,0.000,1.00,3.037,False,None,0.000,False
101.376,4,en_route_delivery,1.723,3.034,3.000,-1.500,joint_grid_transaction,55,55,3,9,4,0.000,1.00,0.116,False,None,0.000,False
101.376,5,en_route_delivery,1.320,1.971,6.000,-3.500,joint_grid_transaction,55,55,3,9,5,0.000,1.00,0.082,False,None,0.000,False
101.376,6,en_route_pickup,-0.754,-2.781,-1.000,-1.500,joint_grid_transaction,55,55,3,9,6,0.000,1.00,1.853,False,joint_slot_deadline,101.492,False
101.376,7,en_route_pickup,-1.454,-1.947,0.000,-3.500,joint_grid_transaction,55,55,2,8,7,0.000,0.55,0.063,False,None,0.000,False
101.376,8,en_route_pickup,1.079,-1.938,-6.000,-3.500,joint_grid_transaction,55,55,2,8,8,0.000,1.00,3.079,False,None,0.000,False
101.632,1,en_route_pickup,-2.750,-1.998,6.000,3.500,joint_grid_transaction,55,55,2,8,9,0.000,1.00,-0.089,False,None,0.000,False
101.632,2,en_route_delivery,-4.175,2.727,0.000,-3.500,joint_grid_transaction,55,55,2,8,2,0.000,1.00,-1.960,False,None,0.000,False
101.632,3,en_route_delivery,-1.982,2.014,0.000,-3.500,joint_grid_transaction,55,55,2,8,3,0.000,1.00,3.038,False,None,0.000,False
101.632,4,en_route_delivery,1.771,3.029,3.000,-1.500,joint_grid_transaction,55,55,3,9,4,0.000,1.00,0.119,False,None,0.000,False
101.632,5,en_route_delivery,1.356,1.968,6.000,-3.500,joint_grid_transaction,55,55,3,9,5,0.000,1.00,0.082,False,None,0.000,False
101.632,6,en_route_pickup,-0.756,-2.775,-1.000,-1.500,joint_grid_transaction,55,55,4,9,6,0.000,1.00,1.956,False,None,0.000,False
101.632,7,en_route_pickup,-1.441,-1.947,0.000,-3.500,joint_grid_transaction,55,55,2,8,7,0.000,0.70,0.065,False,None,0.000,False
101.632,8,en_route_pickup,1.050,-1.936,-6.000,-3.500,joint_grid_transaction,55,55,2,8,8,0.000,1.00,3.078,False,None,0.000,False
101.888,1,en_route_pickup,-2.709,-1.995,6.000,3.500,joint_grid_transaction,55,55,2,8,9,0.000,1.00,-0.089,False,None,0.000,False
101.888,2,en_route_delivery,-4.192,2.683,0.000,-3.500,joint_grid_transaction,55,55,3,8,2,0.000,1.00,-1.886,False,None,0.000,False
101.888,3,en_route_delivery,-2.018,2.018,0.000,-3.500,joint_grid_transaction,55,55,2,8,3,0.000,1.00,3.039,False,None,0.000,False
101.888,4,en_route_delivery,1.817,3.023,3.000,-1.500,joint_grid_transaction,55,55,4,9,4,0.000,1.00,0.107,False,None,0.000,False
101.888,5,en_route_delivery,1.392,1.966,6.000,-3.500,joint_grid_transaction,55,55,3,9,5,0.000,1.00,0.082,False,None,0.000,False
101.888,6,en_route_pickup,-0.765,-2.769,-1.000,-1.500,joint_grid_transaction,55,55,4,9,6,0.000,1.00,2.099,False,None,0.000,False
101.888,7,en_route_pickup,-1.424,-1.946,0.000,-3.500,joint_grid_transaction,55,55,2,8,7,0.000,0.70,0.065,False,None,0.000,False
101.888,8,en_route_pickup,1.024,-1.934,-6.000,-3.500,joint_grid_transaction,55,55,2,8,8,0.000,1.00,3.078,False,None,0.000,False
102.144,1,en_route_pickup,-2.669,-1.991,6.000,3.500,joint_grid_transaction,56,55,3,9,9,0.000,1.00,-0.088,False,None,0.000,False
102.144,2,en_route_delivery,-4.205,2.637,0.000,-3.500,joint_grid_transaction,56,55,3,9,2,0.000,1.00,-1.817,False,None,0.000,False
102.144,3,en_route_delivery,-2.054,2.021,0.000,-3.500,joint_grid_transaction,56,55,3,9,3,0.000,1.00,3.040,False,None,0.000,False
102.144,4,en_route_delivery,1.862,3.019,3.000,-1.500,joint_grid_transaction,56,55,4,9,4,0.000,1.00,0.101,False,None,0.000,False
102.144,5,en_route_delivery,1.426,1.963,6.000,-3.500,joint_grid_transaction,56,55,3,8,5,0.000,1.00,0.082,False,None,0.000,False
102.144,6,en_route_pickup,-0.788,-2.807,-1.000,-1.500,joint_grid_transaction,56,55,4,9,6,0.000,1.00,2.186,False,None,0.000,False
102.144,7,en_route_pickup,-1.406,-1.944,0.000,-3.500,joint_grid_transaction,56,55,2,9,7,0.000,0.85,0.062,False,None,0.000,False
102.144,8,en_route_pickup,1.002,-1.934,-6.000,-3.500,joint_grid_transaction,56,55,2,9,8,0.000,1.00,3.099,False,None,0.000,False
102.400,1,en_route_pickup,-2.630,-1.988,6.000,3.500,joint_grid_transaction,56,56,2,9,9,0.000,1.00,-0.088,False,None,0.000,False
102.400,2,en_route_delivery,-4.215,2.591,0.000,-3.500,joint_grid_transaction,56,56,2,9,2,0.000,1.00,-1.761,False,None,0.000,False
102.400,3,en_route_delivery,-2.090,2.025,0.000,-3.500,joint_grid_transaction,56,56,2,9,3,0.000,1.00,3.041,False,None,0.000,False
102.400,4,en_route_delivery,1.906,3.014,3.000,-1.500,joint_grid_transaction,56,56,2,9,4,0.000,1.00,0.100,False,None,0.000,False
102.400,5,en_route_delivery,1.458,1.960,6.000,-3.500,joint_grid_transaction,56,56,1,8,5,0.000,1.00,0.082,False,None,0.000,False
102.400,6,en_route_pickup,-0.817,-2.844,-1.000,-1.500,joint_grid_transaction,56,56,2,9,6,0.000,1.00,2.281,False,None,0.000,False
102.400,7,en_route_pickup,-1.383,-1.943,0.000,-3.500,joint_grid_transaction,56,56,2,9,7,0.000,0.85,0.064,False,None,0.000,False
102.400,8,en_route_pickup,0.981,-1.933,-6.000,-3.500,joint_grid_transaction,56,56,1,9,8,0.000,1.00,3.128,False,None,0.000,False
102.656,1,en_route_pickup,-2.592,-1.984,6.000,3.500,joint_grid_transaction,56,56,2,9,9,0.000,1.00,-0.088,False,None,0.000,False
102.656,2,en_route_delivery,-4.223,2.544,0.000,-3.500,joint_grid_transaction,56,56,2,9,2,0.000,1.00,-1.723,False,None,0.000,False
102.656,3,en_route_delivery,-2.126,2.029,0.000,-3.500,joint_grid_transaction,56,56,2,9,3,0.000,1.00,3.041,False,None,0.000,False
102.656,4,en_route_delivery,1.949,3.010,3.000,-1.500,joint_grid_transaction,56,56,2,9,4,0.000,1.00,0.099,False,None,0.000,False
102.656,5,en_route_delivery,1.489,1.958,6.000,-3.500,joint_grid_transaction,56,56,1,8,5,0.000,1.00,0.081,False,None,0.000,False
102.656,6,en_route_pickup,-0.833,-2.861,-1.000,-1.500,joint_grid_transaction,56,56,2,9,6,0.000,1.00,2.318,False,joint_slot_deadline,103.284,False
102.656,7,en_route_pickup,-1.360,-1.941,0.000,-3.500,joint_grid_transaction,56,56,2,9,7,0.000,0.85,0.064,False,None,0.000,False
102.656,8,en_route_pickup,0.958,-1.933,-6.000,-3.500,joint_grid_transaction,56,56,1,9,8,0.000,1.00,-3.130,False,None,0.000,False
102.912,1,en_route_pickup,-2.554,-1.981,6.000,3.500,joint_grid_transaction,56,56,2,9,9,0.000,1.00,-0.088,False,None,0.000,False
102.912,2,en_route_delivery,-4.230,2.497,0.000,-3.500,joint_grid_transaction,56,56,2,9,2,0.000,1.00,-1.697,False,None,0.000,False
102.912,3,en_route_delivery,-2.160,2.032,0.000,-3.500,joint_grid_transaction,56,56,2,9,3,0.000,1.00,3.042,False,None,0.000,False
102.912,4,en_route_delivery,1.991,3.006,3.000,-1.500,joint_grid_transaction,56,56,2,9,4,0.000,1.00,0.099,False,None,0.000,False
102.912,5,en_route_delivery,1.518,1.955,6.000,-3.500,joint_grid_transaction,56,56,1,8,5,0.000,1.00,0.081,False,None,0.000,False
102.912,6,en_route_pickup,-0.833,-2.861,-1.000,-1.500,joint_grid_transaction,56,56,2,9,6,0.000,1.00,2.318,False,joint_slot_deadline,103.284,False
102.912,7,en_route_pickup,-1.338,-1.940,0.000,-3.500,joint_grid_transaction,56,56,2,9,7,0.000,0.85,0.065,False,None,0.000,False
102.912,8,en_route_pickup,0.920,-1.934,-6.000,-3.500,joint_grid_transaction,56,56,2,9,8,0.000,1.00,-3.126,False,None,0.000,False
103.168,1,en_route_pickup,-2.518,-1.978,6.000,3.500,joint_grid_transaction,56,56,2,9,9,0.000,1.00,-0.088,False,None,0.000,False
103.168,2,en_route_delivery,-4.233,2.467,0.000,-3.500,joint_grid_transaction,56,56,2,9,2,0.000,1.00,-1.685,False,None,0.000,False
103.168,3,en_route_delivery,-2.193,2.035,0.000,-3.500,joint_grid_transaction,56,56,2,9,3,0.000,1.00,3.043,False,None,0.000,False
103.168,4,en_route_delivery,2.030,3.002,3.000,-1.500,joint_grid_transaction,56,56,2,9,4,0.000,1.00,0.098,False,None,0.000,False
103.168,5,en_route_delivery,1.535,1.954,6.000,-3.500,joint_grid_transaction,56,56,1,8,5,0.000,1.00,0.081,False,None,0.000,False
103.168,6,en_route_pickup,-0.833,-2.861,-1.000,-1.500,joint_grid_transaction,56,56,2,9,6,0.000,1.00,2.318,False,joint_slot_deadline,103.284,False
103.168,7,en_route_pickup,-1.313,-1.938,0.000,-3.500,joint_grid_transaction,56,56,2,9,7,0.000,1.00,0.068,False,None,0.000,False
103.168,8,en_route_pickup,0.882,-1.935,-6.000,-3.500,joint_grid_transaction,56,56,2,9,8,0.000,1.00,-3.120,False,None,0.000,False
103.424,1,en_route_pickup,-2.484,-1.975,6.000,3.500,joint_grid_transaction,56,56,2,9,9,0.000,1.00,-0.087,False,None,0.000,False
103.424,2,en_route_delivery,-4.236,2.450,0.000,-3.500,joint_grid_transaction,56,56,3,9,2,0.000,1.00,-1.692,False,None,0.000,False
103.424,3,en_route_delivery,-2.224,2.039,0.000,-3.500,joint_grid_transaction,56,56,2,9,3,0.000,1.00,3.043,False,None,0.000,False
103.424,4,en_route_delivery,2.047,3.000,3.000,-1.500,joint_grid_transaction,56,56,3,9,4,0.000,1.00,0.105,False,None,0.000,False
103.424,5,en_route_delivery,1.550,1.952,6.000,-3.500,joint_grid_transaction,56,56,2,8,5,0.000,1.00,0.086,False,None,0.000,False
103.424,6,en_route_pickup,-0.840,-2.853,-1.000,-1.500,joint_grid_transaction,56,56,3,9,6,0.000,1.00,2.384,False,None,0.000,False
103.424,7,en_route_pickup,-1.285,-1.937,0.000,-3.500,joint_grid_transaction,56,56,2,9,7,0.000,1.00,0.068,False,None,0.000,False
103.424,8,en_route_pickup,0.843,-1.937,-6.000,-3.500,joint_grid_transaction,56,56,2,9,8,0.000,1.00,-3.111,False,None,0.000,False
103.680,1,en_route_pickup,-2.449,-1.972,6.000,3.500,joint_grid_transaction,56,56,2,9,9,0.000,1.00,-0.089,False,None,0.000,False
103.680,2,en_route_delivery,-4.241,2.408,0.000,-3.500,joint_grid_transaction,56,56,3,9,2,0.000,1.00,-1.684,False,None,0.000,False
103.680,3,en_route_delivery,-2.254,2.041,0.000,-3.500,joint_grid_transaction,56,56,2,9,3,0.000,1.00,3.044,False,None,0.000,False
103.680,4,en_route_delivery,2.087,2.996,3.000,-1.500,joint_grid_transaction,56,56,3,9,4,0.000,1.00,0.104,False,None,0.000,False
103.680,5,en_route_delivery,1.583,1.950,6.000,-3.500,joint_grid_transaction,56,56,2,8,5,0.000,1.00,0.086,False,None,0.000,False
103.680,6,en_route_pickup,-0.856,-2.847,-1.000,-1.500,joint_grid_transaction,56,56,3,9,6,0.000,1.00,2.485,False,None,0.000,False
103.680,7,en_route_pickup,-1.261,-1.935,0.000,-3.500,joint_grid_transaction,56,56,2,9,7,0.000,1.00,0.058,False,None,0.000,False
103.680,8,en_route_pickup,0.805,-1.939,-6.000,-3.500,joint_grid_transaction,56,56,2,9,8,0.000,1.00,-3.100,False,None,0.000,False
103.936,1,en_route_pickup,-2.413,-1.969,6.000,3.500,joint_grid_transaction,56,56,3,9,9,0.000,1.00,-0.089,False,None,0.000,False
103.936,2,en_route_delivery,-4.245,2.365,0.000,-3.500,joint_grid_transaction,56,56,3,9,2,0.000,1.00,-1.676,False,None,0.000,False
103.936,3,en_route_delivery,-2.281,2.044,0.000,-3.500,joint_grid_transaction,56,56,2,9,3,0.000,1.00,3.045,False,None,0.000,False
103.936,4,en_route_delivery,2.126,2.992,3.000,-1.500,joint_grid_transaction,56,56,3,9,4,0.000,1.00,0.103,False,None,0.000,False
103.936,5,en_route_delivery,1.615,1.947,6.000,-3.500,joint_grid_transaction,56,56,2,8,5,0.000,1.00,0.085,False,None,0.000,False
103.936,6,en_route_pickup,-0.894,-2.873,-1.000,-1.500,joint_grid_transaction,56,56,3,9,6,0.000,1.00,2.607,False,None,0.000,False
103.936,7,en_route_pickup,-1.240,-1.935,0.000,-3.500,joint_grid_transaction,56,56,2,9,7,0.000,1.00,0.030,False,None,0.000,False
103.936,8,en_route_pickup,0.766,-1.941,-6.000,-3.500,joint_grid_transaction,56,56,2,9,8,0.000,1.00,-3.084,False,None,0.000,False
104.192,1,en_route_pickup,-2.378,-1.965,6.000,3.500,joint_grid_transaction,56,56,3,9,9,0.000,1.00,-0.089,False,None,0.000,False
104.192,2,en_route_delivery,-4.249,2.325,0.000,-3.500,joint_grid_transaction,56,56,3,9,2,0.000,1.00,-1.675,False,None,0.000,False
104.192,3,en_route_delivery,-2.312,2.047,0.000,-3.500,joint_grid_transaction,56,56,3,9,3,0.000,1.00,3.042,False,None,0.000,False
104.192,4,en_route_delivery,2.164,2.988,3.000,-1.500,joint_grid_transaction,56,56,3,9,4,0.000,1.00,0.102,False,None,0.000,False
104.192,5,en_route_delivery,1.646,1.944,6.000,-3.500,joint_grid_transaction,56,56,2,8,5,0.000,1.00,0.085,False,None,0.000,False
104.192,6,en_route_pickup,-0.936,-2.895,-1.000,-1.500,joint_grid_transaction,56,56,3,9,6,0.000,1.00,2.689,False,None,0.000,False
104.192,7,en_route_pickup,-1.218,-1.934,0.000,-3.500,joint_grid_transaction,56,56,2,9,7,0.000,1.00,0.007,False,None,0.000,False
104.192,8,en_route_pickup,0.727,-1.945,-6.000,-3.500,joint_grid_transaction,56,56,2,9,8,0.000,1.00,-3.062,False,None,0.000,False
104.448,1,en_route_pickup,-2.344,-1.962,6.000,3.500,joint_grid_transaction,56,56,3,9,9,0.000,1.00,-0.088,False,None,0.000,False
104.448,2,en_route_delivery,-4.254,2.285,0.000,-3.500,joint_grid_transaction,56,56,3,9,2,0.000,1.00,-1.674,False,None,0.000,False
104.448,3,en_route_delivery,-2.344,2.050,0.000,-3.500,joint_grid_transaction,56,56,3,9,3,0.000,1.00,3.043,False,None,0.000,False
104.448,4,en_route_delivery,2.201,2.984,3.000,-1.500,joint_grid_transaction,56,56,3,9,4,0.000,1.00,0.102,False,None,0.000,False
104.448,5,en_route_delivery,1.675,1.942,6.000,-3.500,joint_grid_transaction,56,56,2,8,5,0.000,1.00,0.085,False,None,0.000,False
104.448,6,en_route_pickup,-0.979,-2.915,-1.000,-1.500,joint_grid_transaction,56,56,3,9,6,0.000,1.00,2.745,False,None,0.000,False
104.448,7,en_route_pickup,-1.187,-1.935,0.000,-3.500,joint_grid_transaction,56,56,3,9,7,0.000,1.00,0.007,False,None,0.000,False
104.448,8,en_route_pickup,0.715,-1.949,-6.000,-3.500,joint_grid_transaction,56,56,3,9,8,0.000,1.00,-2.852,False,None,0.000,False
104.704,1,en_route_pickup,-2.311,-1.960,6.000,3.500,joint_grid_transaction,56,56,3,9,9,0.000,1.00,-0.088,False,None,0.000,False
104.704,2,en_route_delivery,-4.258,2.246,0.000,-3.500,joint_grid_transaction,56,56,3,9,2,0.000,1.00,-1.673,False,None,0.000,False
104.704,3,en_route_delivery,-2.375,2.053,0.000,-3.500,joint_grid_transaction,56,56,3,9,3,0.000,1.00,3.044,False,None,0.000,False
104.704,4,en_route_delivery,2.237,2.980,3.000,-1.500,joint_grid_transaction,56,56,3,9,4,0.000,1.00,0.101,False,None,0.000,False
104.704,5,en_route_delivery,1.703,1.939,6.000,-3.500,joint_grid_transaction,56,56,2,8,5,0.000,1.00,0.085,False,None,0.000,False
104.704,6,en_route_pickup,-1.023,-2.932,-1.000,-1.500,joint_grid_transaction,56,56,3,9,6,0.000,1.00,2.785,False,None,0.000,False
104.704,7,en_route_pickup,-1.150,-1.935,0.000,-3.500,joint_grid_transaction,56,56,3,9,7,0.000,1.00,0.010,False,None,0.000,False
104.704,8,en_route_pickup,0.729,-1.955,-6.000,-3.500,joint_grid_transaction,56,56,3,9,8,0.000,1.00,-2.638,False,None,0.000,False
104.960,1,en_route_pickup,-2.280,-1.957,6.000,3.500,joint_grid_transaction,56,56,3,9,9,0.000,1.00,-0.088,False,None,0.000,False
104.960,2,en_route_delivery,-4.261,2.208,0.000,-3.500,joint_grid_transaction,56,56,3,9,2,0.000,1.00,-1.673,False,None,0.000,False
104.960,3,en_route_delivery,-2.405,2.056,0.000,-3.500,joint_grid_transaction,56,56,3,9,3,0.000,1.00,3.044,False,None,0.000,False
104.960,4,en_route_delivery,2.271,2.977,3.000,-1.500,joint_grid_transaction,56,56,3,9,4,0.000,1.00,0.100,False,None,0.000,False
104.960,5,en_route_delivery,1.727,1.938,6.000,-3.500,joint_grid_transaction,56,56,2,8,5,0.000,1.00,0.074,False,None,0.000,False
104.960,6,en_route_pickup,-1.042,-2.939,-1.000,-1.500,joint_grid_transaction,56,56,4,9,6,0.000,1.00,2.789,False,None,0.000,False
104.960,7,en_route_pickup,-1.113,-1.936,0.000,-3.500,joint_grid_transaction,56,56,3,9,7,0.000,1.00,0.014,False,None,0.000,False
104.960,8,en_route_pickup,0.730,-1.968,-6.000,-3.500,joint_grid_transaction,56,56,3,9,8,0.000,1.00,-2.508,False,None,0.000,False
105.216,1,en_route_pickup,-2.251,-1.954,6.000,3.500,joint_grid_transaction,56,56,3,9,9,0.000,1.00,-0.087,False,None,0.000,False
105.216,2,en_route_delivery,-4.265,2.170,0.000,-3.500,joint_grid_transaction,56,56,4,9,2,0.000,1.00,-1.672,False,None,0.000,False
105.216,3,en_route_delivery,-2.433,2.059,0.000,-3.500,joint_grid_transaction,56,56,3,9,3,0.000,1.00,3.045,False,None,0.000,False
105.216,4,en_route_delivery,2.306,2.973,3.000,-1.500,joint_grid_transaction,56,56,4,9,4,0.000,1.00,0.101,False,None,0.000,False
105.216,5,en_route_delivery,1.748,1.937,6.000,-3.500,joint_grid_transaction,56,56,2,8,5,0.000,1.00,0.054,False,None,0.000,False
105.216,6,en_route_pickup,-1.042,-2.939,-1.000,-1.500,joint_grid_transaction,56,56,4,9,6,0.000,1.00,2.789,False,joint_slot_deadline,105.684,False
105.216,7,en_route_pickup,-1.076,-1.937,0.000,-3.500,joint_grid_transaction,56,56,3,9,7,0.000,1.00,0.019,False,None,0.000,False
105.216,8,en_route_pickup,0.694,-1.998,-6.000,-3.500,joint_grid_transaction,56,56,3,9,8,0.000,1.00,-2.399,False,None,0.000,False
105.472,1,en_route_pickup,-2.224,-1.952,6.000,3.500,joint_grid_transaction,56,56,3,9,9,0.000,1.00,-0.087,False,None,0.000,False
105.472,2,en_route_delivery,-4.269,2.133,0.000,-3.500,joint_grid_transaction,56,56,4,9,2,0.000,1.00,-1.671,False,None,0.000,False
105.472,3,en_route_delivery,-2.458,2.061,0.000,-3.500,joint_grid_transaction,56,56,3,9,3,0.000,1.00,3.051,False,None,0.000,False
105.472,4,en_route_delivery,2.341,2.970,3.000,-1.500,joint_grid_transaction,56,56,4,9,4,0.000,1.00,0.100,False,None,0.000,False
105.472,5,en_route_delivery,1.769,1.936,6.000,-3.500,joint_grid_transaction,56,56,2,8,5,0.000,1.00,0.025,False,None,0.000,False
105.472,6,en_route_pickup,-1.042,-2.939,-1.000,-1.500,joint_grid_transaction,56,56,4,9,6,0.000,1.00,2.789,False,joint_slot_deadline,105.684,False
105.472,7,en_route_pickup,-1.040,-1.938,0.000,-3.500,joint_grid_transaction,56,56,3,9,7,0.000,1.00,0.027,False,None,0.000,False
105.472,8,en_route_pickup,0.660,-2.032,-6.000,-3.500,joint_grid_transaction,56,56,3,9,8,0.000,1.00,-2.324,False,None,0.000,False
105.728,1,en_route_pickup,-2.197,-1.950,6.000,3.500,joint_grid_transaction,56,56,4,9,9,0.000,1.00,-0.080,False,None,0.000,False
105.728,2,en_route_delivery,-4.273,2.097,0.000,-3.500,joint_grid_transaction,56,56,4,9,2,0.000,1.00,-1.671,False,None,0.000,False
105.728,3,en_route_delivery,-2.479,2.063,0.000,-3.500,joint_grid_transaction,56,56,3,9,3,0.000,1.00,3.070,False,None,0.000,False
105.728,4,en_route_delivery,2.376,2.966,3.000,-1.500,joint_grid_transaction,56,56,4,9,4,0.000,1.00,0.099,False,None,0.000,False
105.728,5,en_route_delivery,1.792,1.936,6.000,-3.500,joint_grid_transaction,56,56,2,8,5,0.000,1.00,0.003,False,None,0.000,False
105.728,6,en_route_pickup,-1.043,-2.938,-1.000,-1.500,joint_grid_transaction,56,56,4,9,6,0.000,1.00,2.801,False,joint_slot_deadline,105.684,False
105.728,7,en_route_pickup,-1.005,-1.940,0.000,-3.500,joint_grid_transaction,56,56,3,9,7,0.000,1.00,0.038,False,None,0.000,False
105.728,8,en_route_pickup,0.629,-2.067,-6.000,-3.500,joint_grid_transaction,56,56,3,9,8,0.000,1.00,-2.271,False,None,0.000,False
105.984,1,en_route_pickup,-2.163,-1.947,6.000,3.500,joint_grid_transaction,56,56,4,9,9,0.000,1.00,-0.080,False,None,0.000,False
105.984,2,en_route_delivery,-4.276,2.062,0.000,-3.500,joint_grid_transaction,56,56,4,9,2,0.000,1.00,-1.670,False,None,0.000,False
105.984,3,en_route_delivery,-2.501,2.063,0.000,-3.500,joint_grid_transaction,56,56,3,9,3,0.000,1.00,3.091,False,None,0.000,False
105.984,4,en_route_delivery,2.409,2.963,3.000,-1.500,joint_grid_transaction,56,56,4,9,4,0.000,1.00,0.099,False,None,0.000,False
105.984,5,en_route_delivery,1.829,1.936,6.000,-3.500,joint_grid_transaction,56,56,3,8,5,0.000,1.00,0.003,False,None,0.000,False
105.984,6,en_route_pickup,-1.043,-2.938,-1.000,-1.500,joint_grid_transaction,56,56,5,9,6,0.000,1.00,2.801,False,joint_slot_deadline,106.884,False
105.984,7,en_route_pickup,-0.969,-1.943,0.000,-3.500,joint_grid_transaction,56,56,3,9,7,0.000,1.00,0.053,False,None,0.000,False
105.984,8,en_route_pickup,0.629,-2.082,-6.000,-3.500,joint_grid_transaction,56,56,4,9,8,0.000,1.00,-2.163,False,None,0.000,False
106.240,1,en_route_pickup,-2.131,-1.945,6.000,3.500,joint_grid_transaction,56,56,4,9,9,0.000,1.00,-0.080,False,None,0.000,False
106.240,2,en_route_delivery,-4.280,2.028,0.000,-3.500,joint_grid_transaction,56,56,4,9,2,0.000,1.00,-1.669,False,None,0.000,False
106.240,3,en_route_delivery,-2.522,2.064,0.000,-3.500,joint_grid_transaction,56,56,3,9,3,0.000,1.00,3.119,False,None,0.000,False
106.240,4,en_route_delivery,2.441,2.960,3.000,-1.500,joint_grid_transaction,56,56,4,9,4,0.000,1.00,0.098,False,None,0.000,False
106.240,5,en_route_delivery,1.865,1.936,6.000,-3.500,joint_grid_transaction,56,56,3,8,5,0.000,1.00,0.003,False,None,0.000,False
106.240,6,en_route_pickup,-1.043,-2.938,-1.000,-1.500,joint_grid_transaction,56,56,5,9,6,0.000,1.00,2.801,False,joint_slot_deadline,106.884,False
106.240,7,en_route_pickup,-0.925,-1.946,0.000,-3.500,joint_grid_transaction,56,56,4,9,7,0.000,1.00,0.071,False,None,0.000,False
106.240,8,en_route_pickup,0.606,-2.121,-6.000,-3.500,joint_grid_transaction,56,56,4,9,8,0.000,1.00,-2.045,False,None,0.000,False
106.496,1,en_route_pickup,-2.101,-1.942,6.000,3.500,joint_grid_transaction,56,56,4,9,9,0.000,1.00,-0.080,False,None,0.000,False
106.496,2,en_route_delivery,-4.283,1.996,0.000,-3.500,joint_grid_transaction,56,56,4,9,2,0.000,1.00,-1.669,False,None,0.000,False
106.496,3,en_route_delivery,-2.547,2.064,0.000,-3.500,joint_grid_transaction,56,56,3,9,3,0.000,1.00,3.137,False,None,0.000,False
106.496,4,en_route_delivery,2.471,2.957,3.000,-1.500,joint_grid_transaction,56,56,4,9,4,0.000,1.00,0.098,False,None,0.000,False
106.496,5,en_route_delivery,1.900,1.936,6.000,-3.500,joint_grid_transaction,56,56,3,8,5,0.000,1.00,0.003,False,None,0.000,False
106.496,6,en_route_pickup,-1.043,-2.938,-1.000,-1.500,joint_grid_transaction,56,56,5,9,6,0.000,1.00,2.801,False,joint_slot_deadline,106.884,False
106.496,7,en_route_pickup,-0.878,-1.950,0.000,-3.500,joint_grid_transaction,56,56,4,9,7,0.000,1.00,0.093,False,None,0.000,False
106.496,8,en_route_pickup,0.587,-2.164,-6.000,-3.500,joint_grid_transaction,56,56,4,9,8,0.000,1.00,-1.959,False,None,0.000,False
106.752,1,en_route_pickup,-2.072,-1.940,6.000,3.500,joint_grid_transaction,57,57,1,8,9,0.000,1.00,-0.080,False,None,0.000,False
106.752,2,en_route_delivery,-4.286,1.966,0.000,-3.500,joint_grid_transaction,57,57,1,9,2,0.000,1.00,-1.668,False,None,0.000,False
106.752,3,en_route_delivery,-2.582,2.064,0.000,-3.500,joint_grid_transaction,57,57,2,9,3,0.000,1.00,3.141,False,None,0.000,False
106.752,4,en_route_delivery,2.500,2.954,3.000,-1.500,joint_grid_transaction,57,57,1,9,4,0.000,1.00,0.097,False,None,0.000,False
106.752,5,en_route_delivery,1.934,1.935,6.000,-3.500,joint_grid_transaction,57,57,1,8,5,0.000,1.00,0.004,False,None,0.000,False
106.752,6,en_route_pickup,-1.043,-2.940,-1.000,-1.500,joint_grid_transaction,57,57,2,9,6,0.000,1.00,2.785,False,joint_slot_deadline,107.780,False
106.752,7,en_route_pickup,-0.832,-1.955,0.000,-3.500,joint_grid_transaction,57,57,2,9,7,0.000,1.00,0.112,False,None,0.000,False
106.752,8,en_route_pickup,0.584,-2.191,-6.000,-3.500,joint_grid_transaction,57,57,2,9,8,0.000,1.00,-1.724,False,None,0.000,False
107.008,1,en_route_pickup,-2.044,-1.938,6.000,3.500,joint_grid_transaction,57,57,1,8,9,0.000,1.00,-0.080,False,None,0.000,False
107.008,2,en_route_delivery,-4.289,1.932,0.000,-3.500,joint_grid_transaction,57,57,2,9,2,0.000,1.00,-1.670,False,None,0.000,False
107.008,3,en_route_delivery,-2.619,2.064,0.000,-3.500,joint_grid_transaction,57,57,2,9,3,0.000,1.00,3.141,False,None,0.000,False
107.008,4,en_route_delivery,2.524,2.952,3.000,-1.500,joint_grid_transaction,57,57,1,9,4,0.000,1.00,0.084,False,None,0.000,False
107.008,5,en_route_delivery,1.966,1.935,6.000,-3.500,joint_grid_transaction,57,57,1,8,5,0.000,1.00,0.005,False,None,0.000,False
107.008,6,en_route_pickup,-1.043,-2.940,-1.000,-1.500,joint_grid_transaction,57,57,2,9,6,0.000,1.00,2.785,False,joint_slot_deadline,107.780,False
107.008,7,en_route_pickup,-0.785,-1.960,0.000,-3.500,joint_grid_transaction,57,57,2,9,7,0.000,1.00,0.123,False,None,0.000,False
107.008,8,en_route_pickup,0.585,-2.192,-6.000,-3.500,joint_grid_transaction,57,57,2,9,8,0.000,1.00,-1.445,False,None,0.000,False
107.264,1,en_route_pickup,-2.020,-1.936,6.000,3.500,joint_grid_transaction,57,57,1,8,9,0.000,1.00,-0.070,False,None,0.000,False
107.264,2,en_route_delivery,-4.292,1.899,0.000,-3.500,joint_grid_transaction,57,57,2,9,2,0.000,1.00,-1.670,False,None,0.000,False
107.264,3,en_route_delivery,-2.654,2.064,0.000,-3.500,joint_grid_transaction,57,57,2,9,3,0.000,1.00,3.140,False,None,0.000,False
107.264,4,en_route_delivery,2.551,2.950,3.000,-1.500,joint_grid_transaction,57,57,2,9,4,0.000,1.00,0.078,False,None,0.000,False
107.264,5,en_route_delivery,1.996,1.935,6.000,-3.500,joint_grid_transaction,57,57,1,8,5,0.000,1.00,0.005,False,None,0.000,False
107.264,6,en_route_pickup,-1.043,-2.940,-1.000,-1.500,joint_grid_transaction,57,57,2,9,6,0.000,0.85,2.785,False,joint_slot_deadline,107.780,False
107.264,7,en_route_pickup,-0.737,-1.966,0.000,-3.500,joint_grid_transaction,57,57,2,9,7,0.000,1.00,0.130,False,None,0.000,False
107.264,8,en_route_pickup,0.592,-2.210,-6.000,-3.500,joint_grid_transaction,57,57,2,9,8,0.000,1.00,-1.340,False,None,0.000,False
107.520,1,en_route_pickup,-2.000,-1.935,6.000,3.500,joint_grid_transaction,57,57,1,8,9,0.000,1.00,-0.042,False,None,0.000,False
107.520,2,en_route_delivery,-4.296,1.867,0.000,-3.500,joint_grid_transaction,57,57,2,9,2,0.000,1.00,-1.669,False,None,0.000,False
107.520,3,en_route_delivery,-2.687,2.064,0.000,-3.500,joint_grid_transaction,57,57,2,9,3,0.000,1.00,3.140,False,None,0.000,False
107.520,4,en_route_delivery,2.584,2.947,3.000,-1.500,joint_grid_transaction,57,57,2,9,4,0.000,1.00,0.078,False,None,0.000,False
107.520,5,en_route_delivery,2.024,1.935,6.000,-3.500,joint_grid_transaction,57,57,1,8,5,0.000,1.00,0.006,False,None,0.000,False
107.520,6,en_route_pickup,-1.043,-2.940,-1.000,-1.500,joint_grid_transaction,57,57,2,9,6,0.000,0.85,2.785,False,joint_slot_deadline,107.780,False
107.520,7,en_route_pickup,-0.716,-1.969,0.000,-3.500,joint_grid_transaction,57,57,2,9,7,0.000,1.00,0.132,False,None,0.000,False
107.520,8,en_route_pickup,0.606,-2.250,-6.000,-3.500,joint_grid_transaction,57,57,2,9,8,0.000,1.00,-1.257,False,None,0.000,False
107.776,1,en_route_pickup,-1.983,-1.935,6.000,3.500,joint_grid_transaction,57,57,1,8,9,0.000,0.85,-0.024,False,None,0.000,False
107.776,2,en_route_delivery,-4.299,1.836,0.000,-3.500,joint_grid_transaction,57,57,2,9,2,0.000,1.00,-1.668,False,None,0.000,False
107.776,3,en_route_delivery,-2.719,2.064,0.000,-3.500,joint_grid_transaction,57,57,2,9,3,0.000,1.00,3.140,False,None,0.000,False
107.776,4,en_route_delivery,2.616,2.945,3.000,-1.500,joint_grid_transaction,57,57,2,9,4,0.000,1.00,0.079,False,None,0.000,False
107.776,5,en_route_delivery,2.041,1.935,6.000,-3.500,joint_grid_transaction,57,57,1,8,5,0.000,1.00,-0.001,False,None,0.000,False
107.776,6,en_route_pickup,-1.043,-2.940,-1.000,-1.500,joint_grid_transaction,57,57,2,9,6,0.000,1.00,2.785,False,joint_slot_deadline,107.780,False
107.776,7,en_route_pickup,-0.716,-1.969,0.000,-3.500,joint_grid_transaction,57,57,2,9,7,0.000,1.00,0.132,False,joint_slot_deadline,107.780,False
107.776,8,en_route_pickup,0.623,-2.293,-6.000,-3.500,joint_grid_transaction,57,57,2,9,8,0.000,1.00,-1.168,False,None,0.000,False
108.032,1,en_route_pickup,-1.967,-1.935,6.000,3.500,joint_grid_transaction,57,57,1,8,9,0.000,1.00,-0.008,False,None,0.000,False
108.032,2,en_route_delivery,-4.301,1.807,0.000,-3.500,joint_grid_transaction,57,57,2,9,2,0.000,1.00,-1.668,False,None,0.000,False
108.032,3,en_route_delivery,-2.749,2.064,0.000,-3.500,joint_grid_transaction,57,57,2,9,3,0.000,1.00,3.140,False,None,0.000,False
108.032,4,en_route_delivery,2.647,2.943,3.000,-1.500,joint_grid_transaction,57,57,2,9,4,0.000,1.00,0.079,False,None,0.000,False
108.032,5,en_route_delivery,2.074,1.935,6.000,-3.500,joint_grid_transaction,57,57,2,8,5,0.000,1.00,0.001,False,None,0.000,False
108.032,6,en_route_pickup,-1.044,-2.939,-1.000,-1.500,joint_grid_transaction,57,57,3,9,6,0.000,0.85,2.797,False,joint_slot_deadline,108.980,False
108.032,7,en_route_pickup,-0.679,-1.974,0.000,-3.500,joint_grid_transaction,57,57,3,9,7,0.000,1.00,0.133,False,None,0.000,False
108.032,8,en_route_pickup,0.642,-2.336,-6.000,-3.500,joint_grid_transaction,57,57,3,9,8,0.000,1.00,-1.171,False,None,0.000,False
108.288,1,en_route_pickup,-1.936,-1.935,6.000,3.500,joint_grid_transaction,57,57,2,8,9,0.000,1.00,-0.006,False,None,0.000,False
108.288,2,en_route_delivery,-4.304,1.779,0.000,-3.500,joint_grid_transaction,57,57,2,9,2,0.000,1.00,-1.667,False,None,0.000,False
108.288,3,en_route_delivery,-2.778,2.065,0.000,-3.500,joint_grid_transaction,57,57,2,9,3,0.000,1.00,3.140,False,None,0.000,False
108.288,4,en_route_delivery,2.676,2.940,3.000,-1.500,joint_grid_transaction,57,57,2,9,4,0.000,1.00,0.079,False,None,0.000,False
108.288,5,en_route_delivery,2.110,1.935,6.000,-3.500,joint_grid_transaction,57,57,2,8,5,0.000,1.00,0.001,False,None,0.000,False
108.288,6,en_route_pickup,-1.044,-2.939,-1.000,-1.500,joint_grid_transaction,57,57,3,9,6,0.000,0.85,2.797,False,joint_slot_deadline,108.980,False
108.288,7,en_route_pickup,-0.632,-1.980,0.000,-3.500,joint_grid_transaction,57,57,3,9,7,0.000,1.00,0.105,False,None,0.000,False
108.288,8,en_route_pickup,0.659,-2.380,-6.000,-3.500,joint_grid_transaction,57,57,3,9,8,0.000,1.00,-1.232,False,None,0.000,False
108.544,1,en_route_pickup,-1.898,-1.935,6.000,3.500,joint_grid_transaction,57,57,2,8,9,0.000,0.85,-0.009,False,None,0.000,False
108.544,2,en_route_delivery,-4.306,1.756,0.000,-3.500,joint_grid_transaction,57,57,2,9,2,0.000,1.00,-1.650,False,None,0.000,False
108.544,3,en_route_delivery,-2.809,2.065,0.000,-3.500,joint_grid_transaction,57,57,3,9,3,0.000,1.00,3.139,False,None,0.000,False
108.544,4,en_route_delivery,2.704,2.938,3.000,-1.500,joint_grid_transaction,57,57,2,9,4,0.000,1.00,0.079,False,None,0.000,False
108.544,5,en_route_delivery,2.145,1.935,6.000,-3.500,joint_grid_transaction,57,57,2,8,5,0.000,1.00,0.001,False,None,0.000,False
108.544,6,en_route_pickup,-1.044,-2.939,-1.000,-1.500,joint_grid_transaction,57,57,3,9,6,0.000,1.00,2.797,False,joint_slot_deadline,108.980,False
108.544,7,en_route_pickup,-0.586,-1.984,0.000,-3.500,joint_grid_transaction,57,57,3,9,7,0.000,1.00,0.093,False,None,0.000,False
108.544,8,en_route_pickup,0.674,-2.426,-6.000,-3.500,joint_grid_transaction,57,57,3,9,8,0.000,1.00,-1.274,False,None,0.000,False
108.800,1,en_route_pickup,-1.871,-1.936,6.000,3.500,joint_grid_transaction,57,57,2,8,9,0.000,0.85,-0.015,False,None,0.000,False
108.800,2,en_route_delivery,-4.307,1.735,0.000,-3.500,joint_grid_transaction,57,57,2,9,2,0.000,1.00,-1.630,False,None,0.000,False
108.800,3,en_route_delivery,-2.846,2.065,0.000,-3.500,joint_grid_transaction,57,57,3,9,3,0.000,1.00,3.139,False,None,0.000,False
108.800,4,en_route_delivery,2.728,2.936,3.000,-1.500,joint_grid_transaction,57,57,2,9,4,0.000,1.00,0.068,False,None,0.000,False
108.800,5,en_route_delivery,2.179,1.935,6.000,-3.500,joint_grid_transaction,57,57,2,8,5,0.000,1.00,0.001,False,None,0.000,False
108.800,6,en_route_pickup,-1.044,-2.939,-1.000,-1.500,joint_grid_transaction,57,57,3,9,6,0.000,1.00,2.797,False,joint_slot_deadline,108.980,False
108.800,7,en_route_pickup,-0.542,-1.989,0.000,-3.500,joint_grid_transaction,57,57,3,9,7,0.000,1.00,0.093,False,None,0.000,False
108.800,8,en_route_pickup,0.687,-2.471,-6.000,-3.500,joint_grid_transaction,57,57,3,9,8,0.000,1.00,-1.302,False,None,0.000,False
109.056,1,en_route_pickup,-1.844,-1.937,6.000,3.500,joint_grid_transaction,57,57,2,8,9,0.000,0.85,-0.019,False,None,0.000,False
109.056,2,en_route_delivery,-4.308,1.714,0.000,-3.500,joint_grid_transaction,57,57,2,9,2,0.000,1.00,-1.609,False,None,0.000,False
109.056,3,en_route_delivery,-2.881,2.065,0.000,-3.500,joint_grid_transaction,57,57,3,9,3,0.000,1.00,3.139,False,None,0.000,False
109.056,4,en_route_delivery,2.750,2.936,3.000,-1.500,joint_grid_transaction,57,57,2,9,4,0.000,1.00,0.047,False,None,0.000,False
109.056,5,en_route_delivery,2.212,1.935,6.000,-3.500,joint_grid_transaction,57,57,2,8,5,0.000,1.00,0.002,False,None,0.000,False
109.056,6,en_route_pickup,-1.048,-2.936,-1.000,-1.500,joint_grid_transaction,57,57,3,9,6,0.000,1.00,2.868,False,joint_slot_deadline,108.980,False
109.056,7,en_route_pickup,-0.499,-1.993,0.000,-3.500,joint_grid_transaction,57,57,3,9,7,0.000,1.00,0.093,False,None,0.000,False
109.056,8,en_route_pickup,0.699,-2.517,-6.000,-3.500,joint_grid_transaction,57,57,3,9,8,0.000,1.00,-1.322,False,None,0.000,False
109.312,1,en_route_pickup,-1.817,-1.938,6.000,3.500,joint_grid_transaction,57,57,2,8,9,0.000,0.85,-0.025,False,None,0.000,False
109.312,2,en_route_delivery,-4.309,1.681,0.000,-3.500,joint_grid_transaction,57,57,3,9,2,0.000,1.00,-1.609,False,None,0.000,False
109.312,3,en_route_delivery,-2.916,2.065,0.000,-3.500,joint_grid_transaction,57,57,3,9,3,0.000,1.00,3.138,False,None,0.000,False
109.312,4,en_route_delivery,2.771,2.935,3.000,-1.500,joint_grid_transaction,57,57,2,9,4,0.000,1.00,0.025,False,None,0.000,False
109.312,5,en_route_delivery,2.243,1.935,6.000,-3.500,joint_grid_transaction,57,57,2,8,5,0.000,1.00,0.002,False,None,0.000,False
109.312,6,en_route_pickup,-1.053,-2.934,-1.000,-1.500,joint_grid_transaction,57,57,4,9,6,0.000,1.00,-2.995,False,None,0.000,False
109.312,7,en_route_pickup,-0.456,-1.997,0.000,-3.500,joint_grid_transaction,57,57,4,9,7,0.000,1.00,0.092,False,None,0.000,False
109.312,8,en_route_pickup,0.710,-2.564,-6.000,-3.500,joint_grid_transaction,57,57,4,9,8,0.000,1.00,-1.365,False,None,0.000,False
109.568,1,en_route_pickup,-1.791,-1.939,6.000,3.500,joint_grid_transaction,57,57,2,8,9,0.000,0.85,-0.031,False,None,0.000,False
109.568,2,en_route_delivery,-4.310,1.647,0.000,-3.500,joint_grid_transaction,57,57,3,9,2,0.000,1.00,-1.616,False,None,0.000,False
109.568,3,en_route_delivery,-2.948,2.065,0.000,-3.500,joint_grid_transaction,57,57,3,9,3,0.000,1.00,3.137,False,None,0.000,False
109.568,4,en_route_delivery,2.795,2.935,3.000,-1.500,joint_grid_transaction,57,57,2,9,4,0.000,1.00,-0.002,False,None,0.000,False
109.568,5,en_route_delivery,2.272,1.935,6.000,-3.500,joint_grid_transaction,57,57,2,8,5,0.000,1.00,0.002,False,None,0.000,False
109.568,6,en_route_pickup,-1.034,-2.928,-1.000,-1.500,joint_grid_transaction,57,57,4,9,6,0.000,1.00,-2.649,False,None,0.000,False
109.568,7,en_route_pickup,-0.415,-2.000,0.000,-3.500,joint_grid_transaction,57,57,4,9,7,0.000,1.00,0.092,False,None,0.000,False
109.568,8,en_route_pickup,0.718,-2.610,-6.000,-3.500,joint_grid_transaction,57,57,4,9,8,0.000,1.00,-1.414,False,None,0.000,False
109.824,1,en_route_pickup,-1.765,-1.940,6.000,3.500,joint_grid_transaction,57,57,2,8,9,0.000,0.85,-0.040,False,None,0.000,False
109.824,2,en_route_delivery,-4.312,1.616,0.000,-3.500,joint_grid_transaction,57,57,3,9,2,0.000,1.00,-1.625,False,None,0.000,False
109.824,3,en_route_delivery,-2.979,2.065,0.000,-3.500,joint_grid_transaction,57,57,3,9,3,0.000,1.00,3.137,False,None,0.000,False
109.824,4,en_route_delivery,2.832,2.935,3.000,-1.500,joint_grid_transaction,57,57,3,9,4,0.000,1.00,-0.001,False,None,0.000,False
109.824,5,en_route_delivery,2.302,1.935,6.000,-3.500,joint_grid_transaction,57,57,3,8,5,0.000,1.00,0.003,False,None,0.000,False
109.824,6,en_route_pickup,-1.008,-2.908,-1.000,-1.500,joint_grid_transaction,57,57,4,9,6,0.000,1.00,-2.388,False,None,0.000,False
109.824,7,en_route_pickup,-0.375,-2.004,0.000,-3.500,joint_grid_transaction,57,57,4,9,7,0.000,1.00,0.091,False,None,0.000,False
109.824,8,en_route_pickup,0.725,-2.657,-6.000,-3.500,joint_grid_transaction,57,57,4,9,8,0.000,1.00,-1.446,False,None,0.000,False
110.080,1,en_route_pickup,-1.738,-1.942,6.000,3.500,joint_grid_transaction,57,57,2,8,9,0.000,0.85,-0.051,False,None,0.000,False
110.080,2,en_route_delivery,-4.313,1.586,0.000,-3.500,joint_grid_transaction,57,57,3,9,2,0.000,1.00,-1.629,False,None,0.000,False
110.080,3,en_route_delivery,-3.008,2.065,0.000,-3.500,joint_grid_transaction,57,57,3,9,3,0.000,1.00,3.136,False,None,0.000,False
110.080,4,en_route_delivery,2.868,2.935,3.000,-1.500,joint_grid_transaction,57,57,3,9,4,0.000,1.00,-0.001,False,None,0.000,False
110.080,5,en_route_delivery,2.339,1.936,6.000,-3.500,joint_grid_transaction,57,57,3,8,5,0.000,1.00,0.004,False,None,0.000,False
110.080,6,en_route_pickup,-0.983,-2.882,-1.000,-1.500,joint_grid_transaction,57,57,4,9,6,0.000,0.85,-2.159,False,None,0.000,False
110.080,7,en_route_pickup,-0.335,-2.008,0.000,-3.500,joint_grid_transaction,57,57,4,9,7,0.000,1.00,0.091,False,None,0.000,False
110.080,8,en_route_pickup,0.731,-2.705,-6.000,-3.500,joint_grid_transaction,57,57,4,9,8,0.000,1.00,-1.467,False,None,0.000,False
110.336,1,en_route_pickup,-1.711,-1.945,6.000,3.500,joint_grid_transaction,57,57,2,8,9,0.000,0.85,-0.065,False,None,0.000,False
110.336,2,en_route_delivery,-4.315,1.557,0.000,-3.500,joint_grid_transaction,57,57,3,9,2,0.000,1.00,-1.630,False,None,0.000,False
110.336,3,en_route_delivery,-3.034,2.065,0.000,-3.500,joint_grid_transaction,57,57,3,9,3,0.000,1.00,3.141,False,None,0.000,False
110.336,4,en_route_delivery,2.903,2.935,3.000,-1.500,joint_grid_transaction,57,57,3,9,4,0.000,1.00,-0.001,False,None,0.000,False
110.336,5,en_route_delivery,2.376,1.936,6.000,-3.500,joint_grid_transaction,57,57,3,8,5,0.000,1.00,0.006,False,None,0.000,False
110.336,6,en_route_pickup,-0.972,-2.865,-1.000,-1.500,joint_grid_transaction,57,57,4,9,6,0.000,0.85,-1.945,False,None,0.000,False
110.336,7,en_route_pickup,-0.296,-2.011,0.000,-3.500,joint_grid_transaction,57,57,4,9,7,0.000,1.00,0.091,False,None,0.000,False
110.336,8,en_route_pickup,0.735,-2.751,-6.000,-3.500,joint_grid_transaction,57,57,4,9,8,0.000,1.00,-1.473,False,None,0.000,False
110.592,1,en_route_pickup,-1.675,-1.947,6.000,3.500,joint_grid_transaction,57,57,3,8,9,0.000,1.00,-0.080,False,None,0.000,False
110.592,2,en_route_delivery,-4.317,1.530,0.000,-3.500,joint_grid_transaction,57,57,3,9,2,0.000,1.00,-1.630,False,None,0.000,False
110.592,3,en_route_delivery,-3.068,2.065,0.000,-3.500,joint_grid_transaction,57,57,4,9,3,0.000,1.00,-3.134,False,None,0.000,False
110.592,4,en_route_delivery,2.937,2.935,3.000,-1.500,joint_grid_transaction,57,57,3,9,4,0.000,1.00,-0.001,False,None,0.000,False
110.592,5,en_route_delivery,2.412,1.936,6.000,-3.500,joint_grid_transaction,57,57,3,8,5,0.000,1.00,0.008,False,None,0.000,False
110.592,6,en_route_pickup,-0.968,-2.853,-1.000,-1.500,joint_grid_transaction,57,57,4,9,6,0.000,0.85,-1.679,False,None,0.000,False
110.592,7,en_route_pickup,-0.258,-2.015,0.000,-3.500,joint_grid_transaction,57,57,4,9,7,0.000,1.00,0.090,False,None,0.000,False
110.592,8,en_route_pickup,0.739,-2.795,-6.000,-3.500,joint_grid_transaction,57,57,5,9,8,0.000,1.00,-1.474,False,None,0.000,False
110.848,1,en_route_pickup,-1.628,-1.952,6.000,3.500,joint_grid_transaction,58,58,2,9,9,0.000,1.00,-0.100,False,None,0.000,False
110.848,2,en_route_delivery,-4.318,1.507,0.000,-3.500,joint_grid_transaction,58,58,1,9,2,0.000,1.00,-1.615,False,None,0.000,False
110.848,3,en_route_delivery,-3.105,2.064,0.000,-3.500,joint_grid_transaction,58,58,2,9,3,0.000,1.00,-3.126,False,None,0.000,False
110.848,4,en_route_delivery,2.969,2.935,3.000,-1.500,joint_grid_transaction,58,58,1,8,4,0.000,1.00,-0.001,False,None,0.000,False
110.848,5,en_route_delivery,2.447,1.937,6.000,-3.500,joint_grid_transaction,58,58,2,9,5,0.000,1.00,0.020,False,None,0.000,False
110.848,6,en_route_pickup,-0.967,-2.856,-1.000,-1.500,joint_grid_transaction,58,58,1,8,6,0.000,0.85,-1.364,False,None,0.000,False
110.848,7,en_route_pickup,-0.222,-2.018,0.000,-3.500,joint_grid_transaction,58,58,1,8,7,0.000,1.00,0.090,False,None,0.000,False
110.848,8,en_route_pickup,0.743,-2.837,-6.000,-3.500,joint_grid_transaction,58,58,2,9,8,0.000,1.00,-1.475,False,None,0.000,False
111.104,1,en_route_pickup,-1.580,-1.957,6.000,3.500,joint_grid_transaction,58,58,2,9,9,0.000,1.00,-0.112,False,None,0.000,False
111.104,2,en_route_delivery,-4.318,1.486,0.000,-3.500,joint_grid_transaction,58,58,1,9,2,0.000,1.00,-1.586,False,None,0.000,False
111.104,3,en_route_delivery,-3.143,2.063,0.000,-3.500,joint_grid_transaction,58,58,2,9,3,0.000,1.00,-3.119,False,None,0.000,False
111.104,4,en_route_delivery,2.999,2.935,3.000,-1.500,joint_grid_transaction,58,58,1,8,4,0.000,1.00,-0.002,False,None,0.000,False
111.104,5,en_route_delivery,2.482,1.939,6.000,-3.500,joint_grid_transaction,58,58,2,9,5,0.000,1.00,0.029,False,None,0.000,False
111.104,6,en_route_pickup,-0.961,-2.865,-1.000,-1.500,_joint_stall_recovery,59,58,1,4,6,0.000,1.00,-1.149,False,None,0.000,False
111.104,7,en_route_pickup,-0.223,-2.021,0.000,-3.500,joint_grid_transaction,58,58,2,8,7,0.000,1.00,0.320,False,None,0.000,False
111.104,8,en_route_pickup,0.747,-2.879,-6.000,-3.500,joint_grid_transaction,58,58,2,9,8,0.000,1.00,-1.476,False,None,0.000,False
111.360,1,en_route_pickup,-1.533,-1.962,6.000,3.500,joint_grid_transaction,58,58,2,9,9,0.000,1.00,-0.120,False,None,0.000,False
111.360,2,en_route_delivery,-4.318,1.463,0.000,-3.500,joint_grid_transaction,58,58,1,9,2,0.000,1.00,-1.561,False,None,0.000,False
111.360,3,en_route_delivery,-3.180,2.062,0.000,-3.500,joint_grid_transaction,58,58,2,9,3,0.000,1.00,-3.110,False,None,0.000,False
111.360,4,en_route_delivery,3.027,2.935,3.000,-1.500,joint_grid_transaction,58,58,1,8,4,0.000,1.00,-0.002,False,None,0.000,False
111.360,5,en_route_delivery,2.517,1.941,6.000,-3.500,joint_grid_transaction,58,58,2,9,5,0.000,1.00,0.040,False,None,0.000,False
111.360,6,en_route_pickup,-0.945,-2.823,-1.000,-1.500,_joint_stall_recovery,59,58,2,4,6,0.000,1.00,-1.234,False,None,0.000,False
111.360,7,en_route_pickup,-0.233,-2.026,0.000,-3.500,joint_grid_transaction,58,58,2,8,7,0.000,1.00,0.475,False,None,0.000,False
111.360,8,en_route_pickup,0.751,-2.920,-6.000,-3.500,joint_grid_transaction,58,58,2,9,8,0.000,1.00,-1.476,False,None,0.000,False
111.616,1,en_route_pickup,-1.493,-1.967,6.000,3.500,joint_grid_transaction,58,58,2,9,9,0.000,0.70,-0.125,False,None,0.000,False
111.616,2,en_route_delivery,-4.317,1.428,0.000,-3.500,joint_grid_transaction,58,58,2,9,2,0.000,1.00,-1.549,False,None,0.000,False
111.616,3,en_route_delivery,-3.218,2.060,0.000,-3.500,joint_grid_transaction,58,58,2,9,3,0.000,1.00,-3.098,False,None,0.000,False
111.616,4,en_route_delivery,3.040,2.935,3.000,-1.500,joint_grid_transaction,58,58,1,8,4,0.000,1.00,-0.001,False,joint_slot_deadline,111.780,False
111.616,5,en_route_delivery,2.538,1.943,6.000,-3.500,joint_grid_transaction,58,58,2,9,5,0.000,1.00,0.050,False,joint_slot_deadline,111.780,False
111.616,6,en_route_pickup,-0.934,-2.788,-1.000,-1.500,_joint_stall_recovery,59,58,2,4,6,0.000,0.55,-1.287,False,None,0.000,False
111.616,7,en_route_pickup,-0.195,-2.050,0.000,-3.500,joint_grid_transaction,58,58,2,8,7,0.000,1.00,0.598,False,None,0.000,False
111.616,8,en_route_pickup,0.755,-2.960,-6.000,-3.500,joint_grid_transaction,58,58,2,9,8,0.000,1.00,-1.477,False,None,0.000,False
111.872,1,en_route_pickup,-1.470,-1.970,6.000,3.500,joint_grid_transaction,58,58,2,9,9,0.000,0.70,-0.127,False,None,0.000,False
111.872,2,en_route_delivery,-4.316,1.389,0.000,-3.500,joint_grid_transaction,58,58,2,9,2,0.000,1.00,-1.541,False,None,0.000,False
111.872,3,en_route_delivery,-3.256,2.057,0.000,-3.500,joint_grid_transaction,58,58,2,9,3,0.000,1.00,-3.082,False,None,0.000,False
111.872,4,en_route_delivery,3.050,2.935,3.000,-1.500,joint_grid_transaction,58,58,2,8,4,0.000,1.00,-0.002,False,None,0.000,False
111.872,5,en_route_delivery,2.549,1.943,6.000,-3.500,joint_grid_transaction,58,58,3,9,5,0.000,1.00,0.055,False,None,0.000,False
111.872,6,en_route_pickup,-0.930,-2.774,-1.000,-1.500,_joint_stall_recovery,59,58,2,4,6,0.000,0.55,-1.303,False,None,0.000,False
111.872,7,en_route_pickup,-0.158,-2.079,0.000,-3.500,joint_grid_transaction,58,58,2,8,7,0.000,1.00,0.685,False,None,0.000,False
111.872,8,en_route_pickup,0.759,-2.999,-6.000,-3.500,joint_grid_transaction,58,58,2,9,8,0.000,1.00,-1.477,False,None,0.000,False
112.128,1,en_route_pickup,-1.440,-1.974,6.000,3.500,joint_grid_transaction,58,58,3,9,9,0.000,1.00,-0.126,False,None,0.000,False
112.128,2,en_route_delivery,-4.314,1.350,0.000,-3.500,joint_grid_transaction,58,58,2,9,2,0.000,1.00,-1.529,False,None,0.000,False
112.128,3,en_route_delivery,-3.297,2.053,0.000,-3.500,joint_grid_transaction,58,58,2,9,3,0.000,1.00,-3.060,False,None,0.000,False
112.128,4,en_route_delivery,3.087,2.935,3.000,-1.500,joint_grid_transaction,58,58,2,8,4,0.000,1.00,-0.002,False,None,0.000,False
112.128,5,en_route_delivery,2.595,1.947,6.000,-3.500,joint_grid_transaction,58,58,3,9,5,0.000,1.00,0.073,False,None,0.000,False
112.128,6,en_route_pickup,-0.926,-2.760,-1.000,-1.500,_joint_stall_recovery,59,58,2,4,6,0.000,0.55,-1.316,False,None,0.000,False
112.128,7,en_route_pickup,-0.151,-2.097,0.000,-3.500,joint_grid_transaction,58,58,3,8,7,0.000,1.00,0.818,False,None,0.000,False
112.128,8,en_route_pickup,0.762,-3.034,-6.000,-3.500,joint_grid_transaction,58,58,2,9,8,0.000,1.00,-1.459,False,None,0.000,False
112.384,1,en_route_pickup,-1.396,-1.979,6.000,3.500,joint_grid_transaction,58,58,3,9,9,0.000,1.00,-0.116,False,None,0.000,False
112.384,2,en_route_delivery,-4.311,1.310,0.000,-3.500,joint_grid_transaction,58,58,2,9,2,0.000,1.00,-1.514,False,None,0.000,False
112.384,3,en_route_delivery,-3.344,2.049,0.000,-3.500,joint_grid_transaction,58,58,3,9,3,0.000,1.00,-3.045,False,None,0.000,False
112.384,4,en_route_delivery,3.122,2.935,3.000,-1.500,joint_grid_transaction,58,58,2,8,4,0.000,1.00,-0.002,False,None,0.000,False
112.384,5,en_route_delivery,2.642,1.951,6.000,-3.500,joint_grid_transaction,58,58,3,9,5,0.000,1.00,0.095,False,None,0.000,False
112.384,6,en_route_pickup,-0.922,-2.747,-1.000,-1.500,_joint_stall_recovery,59,58,2,4,6,0.000,0.55,-1.328,False,None,0.000,False
112.384,7,en_route_pickup,-0.153,-2.115,0.000,-3.500,joint_grid_transaction,58,58,3,8,7,0.000,1.00,0.922,False,None,0.000,False
112.384,8,en_route_pickup,0.766,-3.023,-6.000,-3.500,joint_grid_transaction,58,58,3,9,8,0.000,1.00,-1.197,False,None,0.000,False
112.640,1,en_route_pickup,-1.359,-1.983,6.000,3.500,joint_grid_transaction,58,58,3,9,9,0.000,0.70,-0.102,False,None,0.000,False
112.640,2,en_route_delivery,-4.307,1.269,0.000,-3.500,joint_grid_transaction,58,58,2,9,2,0.000,1.00,-1.493,False,None,0.000,False
112.640,3,en_route_delivery,-3.392,2.044,0.000,-3.500,joint_grid_transaction,58,58,3,9,3,0.000,1.00,-3.035,False,None,0.000,False
112.640,4,en_route_delivery,3.157,2.935,3.000,-1.500,joint_grid_transaction,58,58,2,8,4,0.000,1.00,-0.002,False,None,0.000,False
112.640,5,en_route_delivery,2.689,1.956,6.000,-3.500,joint_grid_transaction,58,58,3,9,5,0.000,1.00,0.113,False,None,0.000,False
112.640,6,en_route_pickup,-0.919,-2.733,-1.000,-1.500,_joint_stall_recovery,59,58,2,4,6,0.000,0.55,-1.338,False,None,0.000,False
112.640,7,en_route_pickup,-0.127,-2.154,0.000,-3.500,joint_grid_transaction,58,58,3,8,7,0.000,1.00,1.038,False,None,0.000,False
112.640,8,en_route_pickup,0.775,-3.021,-6.000,-3.500,joint_grid_transaction,58,58,3,9,8,0.000,1.00,-1.055,False,None,0.000,False
112.896,1,en_route_pickup,-1.337,-1.986,6.000,3.500,joint_grid_transaction,58,58,3,9,9,0.000,0.70,-0.100,False,None,0.000,False
112.896,2,en_route_delivery,-4.302,1.226,0.000,-3.500,joint_grid_transaction,58,58,2,9,2,0.000,1.00,-1.466,False,None,0.000,False
112.896,3,en_route_delivery,-3.439,2.038,0.000,-3.500,joint_grid_transaction,58,58,3,9,3,0.000,1.00,-3.029,False,None,0.000,False
112.896,4,en_route_delivery,3.190,2.935,3.000,-1.500,joint_grid_transaction,58,58,2,8,4,0.000,1.00,0.002,False,None,0.000,False
112.896,5,en_route_delivery,2.737,1.961,6.000,-3.500,joint_grid_transaction,58,58,3,9,5,0.000,1.00,0.126,False,None,0.000,False
112.896,6,en_route_pickup,-0.916,-2.719,-1.000,-1.500,_joint_stall_recovery,59,58,2,4,6,0.000,0.55,-1.347,False,None,0.000,False
112.896,7,en_route_pickup,-0.104,-2.195,0.000,-3.500,joint_grid_transaction,58,58,3,8,7,0.000,1.00,1.116,False,None,0.000,False
112.896,8,en_route_pickup,0.800,-3.060,-6.000,-3.500,joint_grid_transaction,58,58,3,9,8,0.000,1.00,-0.942,False,None,0.000,False
113.152,1,en_route_pickup,-1.315,-1.988,6.000,3.500,joint_grid_transaction,58,58,3,9,9,0.000,0.75,-0.100,False,None,0.000,False
113.152,2,en_route_delivery,-4.297,1.180,0.000,-3.500,joint_grid_transaction,58,58,3,9,2,0.000,1.00,-1.455,False,None,0.000,False
113.152,3,en_route_delivery,-3.487,2.033,0.000,-3.500,joint_grid_transaction,58,58,3,9,3,0.000,1.00,-3.024,False,None,0.000,False
113.152,4,en_route_delivery,3.222,2.935,3.000,-1.500,joint_grid_transaction,58,58,2,8,4,0.000,1.00,0.002,False,None,0.000,False
113.152,5,en_route_delivery,2.784,1.967,6.000,-3.500,joint_grid_transaction,58,58,3,9,5,0.000,1.00,0.135,False,None,0.000,False
113.152,6,en_route_pickup,-0.913,-2.706,-1.000,-1.500,_joint_stall_recovery,59,58,2,4,6,0.000,0.45,-1.354,False,None,0.000,False
113.152,7,en_route_pickup,-0.085,-2.239,0.000,-3.500,joint_grid_transaction,58,58,3,8,7,0.000,1.00,1.170,False,None,0.000,False
113.152,8,en_route_pickup,0.829,-3.097,-6.000,-3.500,joint_grid_transaction,58,58,3,9,8,0.000,1.00,-0.862,False,None,0.000,False
113.408,1,en_route_pickup,-1.291,-1.990,6.000,3.500,joint_grid_transaction,58,58,3,9,9,0.000,0.75,-0.099,False,None,0.000,False
113.408,2,en_route_delivery,-4.291,1.133,0.000,-3.500,joint_grid_transaction,58,58,3,9,2,0.000,1.00,-1.458,False,None,0.000,False
113.408,3,en_route_delivery,-3.534,2.027,0.000,-3.500,joint_grid_transaction,58,58,3,9,3,0.000,1.00,-3.021,False,None,0.000,False
113.408,4,en_route_delivery,3.252,2.935,3.000,-1.500,joint_grid_transaction,58,58,2,8,4,0.000,1.00,0.002,False,None,0.000,False
113.408,5,en_route_delivery,2.831,1.973,6.000,-3.500,joint_grid_transaction,58,58,4,9,5,0.000,1.00,0.110,False,None,0.000,False
113.408,6,en_route_pickup,-0.911,-2.697,-1.000,-1.500,_joint_stall_recovery,59,58,2,4,6,0.000,0.45,-1.359,False,None,0.000,False
113.408,7,en_route_pickup,-0.067,-2.283,0.000,-3.500,joint_grid_transaction,58,58,3,8,7,0.000,1.00,1.208,False,None,0.000,False
113.408,8,en_route_pickup,0.838,-3.108,-6.000,-3.500,joint_grid_transaction,58,58,4,9,8,0.000,1.00,-0.860,False,joint_slot_deadline,114.180,False
113.664,1,en_route_pickup,-1.267,-1.993,6.000,3.500,joint_grid_transaction,58,58,3,9,9,0.000,0.75,-0.099,False,None,0.000,False
113.664,2,en_route_delivery,-4.286,1.085,0.000,-3.500,joint_grid_transaction,58,58,3,9,2,0.000,1.00,-1.460,False,None,0.000,False
113.664,3,en_route_delivery,-3.580,2.022,0.000,-3.500,joint_grid_transaction,58,58,4,9,3,0.000,1.00,-3.038,False,None,0.000,False
113.664,4,en_route_delivery,3.280,2.935,3.000,-1.500,joint_grid_transaction,58,58,2,8,4,0.000,1.00,0.002,False,None,0.000,False
113.664,5,en_route_delivery,2.878,1.978,6.000,-3.500,joint_grid_transaction,58,58,4,9,5,0.000,1.00,0.097,False,None,0.000,False
113.664,6,en_route_pickup,-0.909,-2.688,-1.000,-1.500,_joint_stall_recovery,59,58,2,4,6,0.000,0.45,-1.363,False,None,0.000,False
113.664,7,en_route_pickup,-0.052,-2.327,0.000,-3.500,joint_grid_transaction,58,58,4,8,7,0.000,1.00,1.291,False,None,0.000,False
113.664,8,en_route_pickup,0.838,-3.108,-6.000,-3.500,joint_grid_transaction,58,58,4,9,8,0.000,1.00,-0.860,False,joint_slot_deadline,114.180,False
113.920,1,en_route_pickup,-1.243,-1.995,6.000,3.500,joint_grid_transaction,58,58,3,9,9,0.000,0.75,-0.098,False,None,0.000,False
113.920,2,en_route_delivery,-4.281,1.038,0.000,-3.500,joint_grid_transaction,58,58,3,9,2,0.000,1.00,-1.461,False,None,0.000,False
113.920,3,en_route_delivery,-3.625,2.018,0.000,-3.500,joint_grid_transaction,58,58,4,9,3,0.000,1.00,-3.042,False,None,0.000,False
113.920,4,en_route_delivery,3.312,2.935,3.000,-1.500,joint_grid_transaction,58,58,2,8,4,0.000,1.00,0.006,False,None,0.000,False
113.920,5,en_route_delivery,2.923,1.982,6.000,-3.500,joint_grid_transaction,58,58,4,9,5,0.000,1.00,0.096,False,None,0.000,False
113.920,6,en_route_pickup,-0.907,-2.678,-1.000,-1.500,_joint_stall_recovery,59,58,2,4,6,0.000,0.45,-1.367,False,None,0.000,False
113.920,7,en_route_pickup,-0.041,-2.373,0.000,-3.500,joint_grid_transaction,58,58,4,8,7,0.000,1.00,1.358,False,None,0.000,False
113.920,8,en_route_pickup,0.838,-3.108,-6.000,-3.500,joint_grid_transaction,58,58,4,9,8,0.000,1.00,-0.860,False,joint_slot_deadline,114.180,False
114.176,1,en_route_pickup,-1.219,-1.997,6.000,3.500,joint_grid_transaction,58,58,3,9,9,0.000,0.75,-0.098,False,None,0.000,False
114.176,2,en_route_delivery,-4.276,0.990,0.000,-3.500,joint_grid_transaction,58,58,3,9,2,0.000,1.00,-1.462,False,None,0.000,False
114.176,3,en_route_delivery,-3.668,2.013,0.000,-3.500,joint_grid_transaction,58,58,4,9,3,0.000,1.00,-3.042,False,None,0.000,False
114.176,4,en_route_delivery,3.349,2.935,3.000,-1.500,joint_grid_transaction,58,58,3,8,4,0.000,1.00,0.009,False,None,0.000,False
114.176,5,en_route_delivery,2.967,1.987,6.000,-3.500,joint_grid_transaction,58,58,4,9,5,0.000,1.00,0.096,False,None,0.000,False
114.176,6,en_route_pickup,-0.905,-2.669,-1.000,-1.500,_joint_stall_recovery,59,58,2,4,6,0.000,0.45,-1.370,False,None,0.000,False
114.176,7,en_route_pickup,-0.032,-2.420,0.000,-3.500,joint_grid_transaction,58,58,4,8,7,0.000,1.00,1.403,False,None,0.000,False
114.176,8,en_route_pickup,0.838,-3.108,-6.000,-3.500,joint_grid_transaction,58,58,4,9,8,0.000,1.00,-0.860,False,joint_slot_deadline,114.180,False
114.432,1,en_route_pickup,-1.196,-2.000,6.000,3.500,joint_grid_transaction,58,58,4,9,9,0.000,0.75,-0.097,False,None,0.000,False
114.432,2,en_route_delivery,-4.271,0.944,0.000,-3.500,joint_grid_transaction,58,58,4,9,2,0.000,1.00,-1.469,False,None,0.000,False
114.432,3,en_route_delivery,-3.711,2.009,0.000,-3.500,joint_grid_transaction,58,58,4,9,3,0.000,1.00,-3.043,False,None,0.000,False
114.432,4,en_route_delivery,3.386,2.936,3.000,-1.500,joint_grid_transaction,58,58,3,8,4,0.000,1.00,0.012,False,None,0.000,False
114.432,5,en_route_delivery,3.011,1.991,6.000,-3.500,joint_grid_transaction,58,58,4,9,5,0.000,1.00,0.095,False,None,0.000,False
114.432,6,en_route_pickup,-0.903,-2.659,-1.000,-1.500,_joint_stall_recovery,59,58,2,4,6,0.000,0.45,-1.373,False,None,0.000,False
114.432,7,en_route_pickup,-0.025,-2.467,0.000,-3.500,joint_grid_transaction,58,58,4,8,7,0.000,1.00,1.434,False,None,0.000,False
114.432,8,en_route_pickup,0.838,-3.109,-6.000,-3.500,joint_grid_transaction,58,58,5,9,8,0.000,1.00,-0.859,False,joint_slot_deadline,115.380,False
114.688,1,en_route_pickup,-1.164,-2.003,6.000,3.500,joint_grid_transaction,58,58,4,9,9,0.000,1.00,-0.102,False,None,0.000,False
114.688,2,en_route_delivery,-4.266,0.900,0.000,-3.500,joint_grid_transaction,58,58,4,9,2,0.000,1.00,-1.471,False,None,0.000,False
114.688,3,en_route_delivery,-3.754,2.005,0.000,-3.500,joint_grid_transaction,58,58,4,9,3,0.000,1.00,-3.043,False,None,0.000,False
114.688,4,en_route_delivery,3.422,2.937,3.000,-1.500,joint_grid_transaction,58,58,3,8,4,0.000,1.00,0.017,False,None,0.000,False
114.688,5,en_route_delivery,3.053,1.995,6.000,-3.500,joint_grid_transaction,58,58,5,9,5,0.000,1.00,0.095,False,None,0.000,False
114.688,6,en_route_pickup,-0.901,-2.648,-1.000,-1.500,_priority_yield_resume,66,58,0,1,6,0.000,0.55,-1.364,False,None,0.000,False
114.688,7,en_route_pickup,-0.021,-2.494,0.000,-3.500,joint_grid_transaction,58,58,4,8,7,0.000,0.50,1.446,False,None,0.000,False
114.688,8,en_route_pickup,0.838,-3.109,-6.000,-3.500,joint_grid_transaction,58,58,5,9,8,0.000,1.00,-0.859,False,joint_slot_deadline,115.380,False
114.944,1,en_route_pickup,-1.125,-2.007,6.000,3.500,joint_grid_transaction,58,58,4,9,9,0.000,1.00,-0.101,False,None,0.000,False
114.944,2,en_route_delivery,-4.262,0.857,0.000,-3.500,joint_grid_transaction,58,58,4,9,2,0.000,1.00,-1.472,False,None,0.000,False
114.944,3,en_route_delivery,-3.795,2.001,0.000,-3.500,joint_grid_transaction,58,58,5,9,3,0.000,1.00,-3.044,False,None,0.000,False
114.944,4,en_route_delivery,3.458,2.938,3.000,-1.500,joint_grid_transaction,58,58,3,8,4,0.000,1.00,0.024,False,None,0.000,False
114.944,5,en_route_delivery,3.095,1.999,6.000,-3.500,joint_grid_transaction,58,58,5,9,5,0.000,1.00,0.094,False,None,0.000,False
114.944,6,en_route_pickup,-0.897,-2.635,-1.000,-1.500,_priority_yield_resume,66,58,0,1,6,0.000,0.55,-1.345,False,None,0.000,False
114.944,7,en_route_pickup,-0.020,-2.506,0.000,-3.500,joint_grid_transaction,58,58,4,8,7,0.000,0.50,1.451,False,None,0.000,False
114.944,8,en_route_pickup,0.838,-3.109,-6.000,-3.500,joint_grid_transaction,58,58,5,9,8,0.000,1.00,-0.859,False,joint_slot_deadline,115.380,False
115.200,1,en_route_pickup,-1.086,-2.011,6.000,3.500,joint_grid_transaction,58,58,4,9,9,0.000,1.00,-0.100,False,None,0.000,False
115.200,2,en_route_delivery,-4.258,0.814,0.000,-3.500,joint_grid_transaction,58,58,4,9,2,0.000,1.00,-1.472,False,None,0.000,False
115.200,3,en_route_delivery,-3.836,1.997,0.000,-3.500,joint_grid_transaction,58,58,5,9,3,0.000,1.00,-3.044,False,None,0.000,False
115.200,4,en_route_delivery,3.493,2.939,3.000,-1.500,joint_grid_transaction,58,58,3,8,4,0.000,1.00,0.033,False,None,0.000,False
115.200,5,en_route_delivery,3.136,2.003,6.000,-3.500,joint_grid_transaction,58,58,5,9,5,0.000,1.00,0.094,False,None,0.000,False
115.200,6,en_route_pickup,-0.894,-2.621,-1.000,-1.500,_priority_yield_resume,66,58,0,1,6,0.000,0.55,-1.325,False,None,0.000,False
115.200,7,en_route_pickup,-0.018,-2.518,0.000,-3.500,joint_grid_transaction,58,58,4,8,7,0.000,0.50,1.456,False,None,0.000,False
115.200,8,en_route_pickup,0.838,-3.109,-6.000,-3.500,joint_grid_transaction,58,58,5,9,8,0.000,1.00,-0.859,False,joint_slot_deadline,115.380,False
115.456,1,en_route_pickup,-1.049,-2.014,6.000,3.500,joint_grid_transaction,58,58,4,9,9,0.000,1.00,-0.100,False,None,0.000,False
115.456,2,en_route_delivery,-4.254,0.772,0.000,-3.500,joint_grid_transaction,58,58,4,9,2,0.000,1.00,-1.473,False,None,0.000,False
115.456,3,en_route_delivery,-3.875,1.993,0.000,-3.500,joint_grid_transaction,58,58,5,9,3,0.000,1.00,-3.045,False,None,0.000,False
115.456,4,en_route_delivery,3.528,2.942,3.000,-1.500,joint_grid_transaction,58,58,3,8,4,0.000,1.00,0.047,False,None,0.000,False
115.456,5,en_route_delivery,3.175,2.006,6.000,-3.500,joint_grid_transaction,58,58,5,9,5,0.000,1.00,0.093,False,None,0.000,False
115.456,6,en_route_pickup,-0.890,-2.607,-1.000,-1.500,_priority_yield_resume,66,58,0,1,6,0.000,0.55,-1.304,False,None,0.000,False
115.456,7,en_route_pickup,-0.017,-2.530,0.000,-3.500,joint_grid_transaction,58,58,4,8,7,0.000,0.50,1.460,False,None,0.000,False
115.456,8,en_route_pickup,0.842,-3.104,-6.000,-3.500,joint_grid_transaction,58,58,5,9,8,0.000,1.00,-0.821,False,joint_slot_deadline,115.380,False
115.712,1,en_route_pickup,-1.012,-2.018,6.000,3.500,joint_grid_transaction,58,58,4,9,9,0.000,1.00,-0.099,False,None,0.000,False
115.712,2,en_route_delivery,-4.250,0.731,0.000,-3.500,joint_grid_transaction,58,58,4,9,2,0.000,1.00,-1.473,False,None,0.000,False
115.712,3,en_route_delivery,-3.914,1.989,0.000,-3.500,joint_grid_transaction,58,58,5,9,3,0.000,1.00,-3.045,False,None,0.000,False
115.712,4,en_route_delivery,3.570,2.945,3.000,-1.500,joint_grid_transaction,58,58,4,8,4,0.000,1.00,0.064,False,None,0.000,False
115.712,5,en_route_delivery,3.214,2.010,6.000,-3.500,joint_grid_transaction,58,58,5,9,5,0.000,1.00,0.093,False,None,0.000,False
115.712,6,en_route_pickup,-0.886,-2.593,-1.000,-1.500,_priority_yield_resume,66,58,0,1,6,0.000,0.55,-1.285,False,None,0.000,False
115.712,7,en_route_pickup,-0.016,-2.541,0.000,-3.500,joint_grid_transaction,58,58,5,8,7,0.000,0.50,1.464,False,None,0.000,False
115.712,8,en_route_pickup,0.856,-3.090,-6.000,-3.500,joint_grid_transaction,58,58,6,9,8,0.000,1.00,-0.706,False,None,0.000,False
115.968,1,en_route_pickup,-0.978,-2.021,6.000,3.500,joint_grid_transaction,58,58,4,9,9,0.000,1.00,-0.098,False,None,0.000,False
115.968,2,en_route_delivery,-4.246,0.691,0.000,-3.500,joint_grid_transaction,58,58,5,9,2,0.000,1.00,-1.474,False,None,0.000,False
115.968,3,en_route_delivery,-3.952,1.986,0.000,-3.500,joint_grid_transaction,58,58,5,9,3,0.000,1.00,-3.046,False,None,0.000,False
115.968,4,en_route_delivery,3.617,2.948,3.000,-1.500,joint_grid_transaction,58,58,4,8,4,0.000,1.00,0.084,False,None,0.000,False
115.968,5,en_route_delivery,3.252,2.014,6.000,-3.500,joint_grid_transaction,58,58,5,9,5,0.000,1.00,0.093,False,None,0.000,False
115.968,6,en_route_pickup,-0.882,-2.580,-1.000,-1.500,_priority_yield_resume,66,58,0,1,6,0.000,0.55,-1.268,False,None,0.000,False
115.968,7,en_route_pickup,-0.014,-2.552,0.000,-3.500,joint_grid_transaction,58,58,5,8,7,0.000,0.50,1.464,False,None,0.000,False
115.968,8,en_route_pickup,0.887,-3.109,-6.000,-3.500,joint_grid_transaction,58,58,6,9,8,0.000,1.00,-0.592,False,None,0.000,False
116.224,1,en_route_pickup,-0.949,-2.024,6.000,3.500,joint_grid_transaction,58,58,5,9,9,0.000,1.00,-0.099,False,None,0.000,False
116.224,2,en_route_delivery,-4.242,0.651,0.000,-3.500,joint_grid_transaction,58,58,5,9,2,0.000,1.00,-1.474,False,None,0.000,False
116.224,3,en_route_delivery,-3.989,1.982,0.000,-3.500,joint_grid_transaction,58,58,5,9,3,0.000,1.00,-3.046,False,None,0.000,False
116.224,4,en_route_delivery,3.664,2.953,3.000,-1.500,joint_grid_transaction,58,58,4,8,4,0.000,1.00,0.106,False,None,0.000,False
116.224,5,en_route_delivery,3.289,2.017,6.000,-3.500,joint_grid_transaction,58,58,5,9,5,0.000,1.00,0.093,False,None,0.000,False
116.224,6,en_route_pickup,-0.878,-2.569,-1.000,-1.500,_priority_yield_resume,66,58,0,1,6,0.000,0.55,-1.257,False,None,0.000,False
116.224,7,en_route_pickup,-0.013,-2.562,0.000,-3.500,joint_grid_transaction,58,58,5,8,7,0.000,0.50,1.465,False,None,0.000,False
116.224,8,en_route_pickup,0.927,-3.133,-6.000,-3.500,joint_grid_transaction,58,58,6,9,8,0.000,1.00,-0.498,False,None,0.000,False
116.480,1,en_route_pickup,-0.949,-2.024,6.000,3.500,joint_grid_transaction,58,58,5,9,9,0.000,1.00,-0.099,True,None,0.000,True
116.480,2,en_route_delivery,-4.238,0.613,0.000,-3.500,joint_grid_transaction,58,58,5,9,2,0.000,1.00,-1.475,False,None,0.000,False
116.480,3,en_route_delivery,-4.023,1.979,0.000,-3.500,joint_grid_transaction,58,58,5,9,3,0.000,1.00,-3.047,False,None,0.000,False
116.480,4,en_route_delivery,3.712,2.958,3.000,-1.500,joint_grid_transaction,58,58,4,8,4,0.000,1.00,0.120,False,None,0.000,False
116.480,5,en_route_delivery,3.327,2.021,6.000,-3.500,joint_grid_transaction,58,58,6,9,5,0.000,1.00,0.092,False,None,0.000,False
116.480,6,en_route_pickup,-0.878,-2.569,-1.000,-1.500,_priority_yield_resume,66,58,0,1,6,0.000,0.55,-1.257,True,None,0.000,True
116.480,7,en_route_pickup,-0.012,-2.573,0.000,-3.500,joint_grid_transaction,58,58,5,8,7,0.000,0.50,1.466,False,None,0.000,False
116.480,8,en_route_pickup,0.969,-3.154,-6.000,-3.500,joint_grid_transaction,58,58,6,9,8,0.000,1.00,-0.433,False,None,0.000,False
116.736,1,en_route_pickup,-0.949,-2.024,6.000,3.500,joint_grid_transaction,58,58,5,9,9,0.000,1.00,-0.099,True,None,0.000,True
116.736,2,en_route_delivery,-4.234,0.575,0.000,-3.500,joint_grid_transaction,58,58,5,9,2,0.000,1.00,-1.475,False,None,0.000,False
116.736,3,en_route_delivery,-4.027,1.976,0.000,-3.500,joint_grid_transaction,58,58,6,9,3,0.000,1.00,-2.849,False,None,0.000,False
116.736,4,en_route_delivery,3.759,2.964,3.000,-1.500,joint_grid_transaction,58,58,4,8,4,0.000,1.00,0.130,False,None,0.000,False
116.736,5,en_route_delivery,3.364,2.024,6.000,-3.500,joint_grid_transaction,58,58,6,9,5,0.000,1.00,0.092,False,None,0.000,False
116.736,6,en_route_pickup,-0.878,-2.569,-1.000,-1.500,joint_grid_transaction,66,58,0,0,6,126.528,0.40,-1.257,True,None,0.000,True
116.736,7,en_route_pickup,-0.011,-2.584,0.000,-3.500,joint_grid_transaction,58,58,5,8,7,0.000,0.50,1.467,False,None,0.000,False
116.736,8,en_route_pickup,1.013,-3.173,-6.000,-3.500,joint_grid_transaction,58,58,6,9,8,0.000,1.00,-0.388,False,None,0.000,False
116.992,1,en_route_pickup,-0.949,-2.024,6.000,3.500,joint_grid_transaction,58,58,5,9,9,0.000,1.00,-0.099,True,None,0.000,True
116.992,2,en_route_delivery,-4.231,0.538,0.000,-3.500,joint_grid_transaction,58,58,5,9,2,0.000,1.00,-1.476,False,None,0.000,False
116.992,3,en_route_delivery,-4.017,1.972,0.000,-3.500,joint_grid_transaction,58,58,6,9,3,0.000,1.00,-2.684,False,None,0.000,False
116.992,4,en_route_delivery,3.806,2.971,3.000,-1.500,joint_grid_transaction,58,58,5,8,4,0.000,1.00,0.122,False,None,0.000,False
116.992,5,en_route_delivery,3.400,2.027,6.000,-3.500,joint_grid_transaction,58,58,6,9,5,0.000,1.00,0.092,False,None,0.000,False
116.992,6,en_route_pickup,-0.878,-2.569,-1.000,-1.500,joint_grid_transaction,66,58,0,0,6,126.528,0.40,-1.257,True,None,0.000,True
116.992,7,en_route_pickup,-0.010,-2.594,0.000,-3.500,joint_grid_transaction,58,58,5,8,7,0.000,0.50,1.467,False,None,0.000,False
116.992,8,en_route_pickup,1.042,-3.185,-6.000,-3.500,joint_grid_transaction,58,58,7,9,8,0.000,1.00,-0.374,False,joint_slot_deadline,117.780,False
117.248,1,en_route_pickup,-0.949,-2.024,6.000,3.500,joint_grid_transaction,68,68,0,4,9,0.000,1.00,-0.099,True,None,0.000,True
117.248,2,en_route_delivery,-4.227,0.500,0.000,-3.500,joint_grid_transaction,68,68,1,3,2,0.000,1.00,-1.474,False,None,0.000,False
117.248,3,en_route_delivery,-4.022,1.955,0.000,-3.500,joint_grid_transaction,68,68,1,14,3,0.000,1.00,-2.453,False,None,0.000,False
117.248,4,en_route_delivery,3.831,2.972,3.000,-1.500,joint_grid_transaction,68,68,1,5,4,0.000,1.00,0.114,False,None,0.000,False
117.248,5,en_route_delivery,3.437,2.031,6.000,-3.500,joint_grid_transaction,68,68,1,5,5,0.000,1.00,0.093,False,None,0.000,False
117.248,6,en_route_pickup,-0.878,-2.569,-1.000,-1.500,joint_grid_transaction,68,68,0,2,6,126.528,0.40,-1.257,True,None,0.000,True
117.248,7,en_route_pickup,-0.009,-2.606,0.000,-3.500,joint_grid_transaction,68,68,1,2,7,0.000,0.55,1.468,False,None,0.000,False
117.248,8,en_route_pickup,1.030,-3.193,-6.000,-3.500,joint_grid_transaction,68,68,1,4,8,0.000,1.00,-0.535,False,None,0.000,False
117.504,1,en_route_pickup,-0.949,-2.024,6.000,3.500,joint_grid_transaction,68,68,0,4,9,0.000,1.00,-0.099,True,None,0.000,True
117.504,2,en_route_delivery,-4.223,0.460,0.000,-3.500,joint_grid_transaction,68,68,1,3,2,0.000,1.00,-1.475,False,None,0.000,False
117.504,3,en_route_delivery,-3.996,1.929,0.000,-3.500,joint_grid_transaction,68,68,1,14,3,0.000,1.00,-2.209,False,None,0.000,False
117.504,4,en_route_delivery,3.815,2.967,3.000,-1.500,joint_grid_transaction,68,68,1,5,4,0.000,1.00,0.442,False,None,0.000,False
117.504,5,en_route_delivery,3.476,2.034,6.000,-3.500,joint_grid_transaction,68,68,1,5,5,0.000,1.00,0.093,False,None,0.000,False
117.504,6,en_route_pickup,-0.878,-2.569,-1.000,-1.500,joint_grid_transaction,68,68,0,2,6,126.528,0.40,-1.257,True,None,0.000,True
117.504,7,en_route_pickup,-0.007,-2.619,0.000,-3.500,joint_grid_transaction,68,68,1,2,7,0.000,0.55,1.468,False,None,0.000,False
117.504,8,en_route_pickup,1.003,-3.214,-6.000,-3.500,joint_grid_transaction,68,68,1,4,8,0.000,1.00,-0.787,False,None,0.000,False
117.760,1,en_route_pickup,-0.949,-2.024,6.000,3.500,joint_grid_transaction,68,68,0,4,9,0.000,1.00,-0.099,True,None,0.000,True
117.760,2,en_route_delivery,-4.220,0.420,0.000,-3.500,joint_grid_transaction,68,68,1,3,2,0.000,1.00,-1.475,False,None,0.000,False
117.760,3,en_route_delivery,-3.980,1.904,0.000,-3.500,joint_grid_transaction,68,68,1,14,3,0.000,1.00,-1.917,False,None,0.000,False
117.760,4,en_route_delivery,3.800,2.958,3.000,-1.500,joint_grid_transaction,68,68,1,5,4,0.000,1.00,0.616,False,None,0.000,False
117.760,5,en_route_delivery,3.515,2.038,6.000,-3.500,joint_grid_transaction,68,68,1,5,5,0.000,1.00,0.092,False,None,0.000,False
117.760,6,en_route_pickup,-0.878,-2.569,-1.000,-1.500,joint_grid_transaction,68,68,0,2,6,126.528,0.40,-1.257,True,None,0.000,True
117.760,7,en_route_pickup,-0.006,-2.631,0.000,-3.500,joint_grid_transaction,68,68,1,2,7,0.000,0.55,1.469,False,None,0.000,False
117.760,8,en_route_pickup,0.979,-3.241,-6.000,-3.500,joint_grid_transaction,68,68,1,4,8,0.000,1.00,-1.037,False,None,0.000,False
118.016,1,en_route_pickup,-0.949,-2.024,6.000,3.500,joint_grid_transaction,68,68,0,4,9,0.000,1.00,-0.099,True,None,0.000,True
118.016,2,en_route_delivery,-4.216,0.380,0.000,-3.500,joint_grid_transaction,68,68,1,3,2,0.000,1.00,-1.476,False,None,0.000,False
118.016,3,en_route_delivery,-3.976,1.893,0.000,-3.500,joint_grid_transaction,68,68,1,14,3,0.000,1.00,-1.515,False,None,0.000,False
118.016,4,en_route_delivery,3.796,2.944,3.000,-1.500,joint_grid_transaction,68,68,1,5,4,0.000,1.00,0.732,False,None,0.000,False
118.016,5,en_route_delivery,3.553,2.042,6.000,-3.500,joint_grid_transaction,68,68,1,5,5,0.000,1.00,0.092,False,None,0.000,False
118.016,6,en_route_pickup,-0.878,-2.569,-1.000,-1.500,joint_grid_transaction,68,68,0,2,6,126.528,0.40,-1.257,True,None,0.000,True
118.016,7,en_route_pickup,-0.005,-2.644,0.000,-3.500,joint_grid_transaction,68,68,1,2,7,0.000,0.55,1.470,False,None,0.000,False
118.016,8,en_route_pickup,0.967,-3.262,-6.000,-3.500,joint_grid_transaction,68,68,1,4,8,0.000,1.00,-1.363,False,None,0.000,False
118.272,1,en_route_pickup,-0.949,-2.024,6.000,3.500,joint_grid_transaction,68,68,0,4,9,0.000,1.00,-0.099,True,None,0.000,True
118.272,2,en_route_delivery,-4.212,0.340,0.000,-3.500,joint_grid_transaction,68,68,1,3,2,0.000,1.00,-1.476,False,None,0.000,False
118.272,3,en_route_delivery,-3.971,1.909,0.000,-3.500,joint_grid_transaction,68,68,1,14,3,0.000,1.00,-1.142,False,None,0.000,False
118.272,4,en_route_delivery,3.829,2.911,3.000,-1.500,joint_grid_transaction,68,68,1,5,4,0.000,1.00,0.839,False,None,0.000,False
118.272,5,en_route_delivery,3.592,2.045,6.000,-3.500,joint_grid_transaction,68,68,1,5,5,0.000,1.00,0.092,False,None,0.000,False
118.272,6,en_route_pickup,-0.878,-2.569,-1.000,-1.500,joint_grid_transaction,68,68,0,2,6,126.528,0.40,-1.257,True,None,0.000,True
118.272,7,en_route_pickup,-0.004,-2.656,0.000,-3.500,joint_grid_transaction,68,68,1,2,7,0.000,0.55,1.470,False,None,0.000,False
118.272,8,en_route_pickup,0.966,-3.263,-6.000,-3.500,joint_grid_transaction,68,68,1,4,8,0.000,1.00,-1.788,False,None,0.000,False
118.528,1,en_route_pickup,-0.949,-2.024,6.000,3.500,joint_grid_transaction,68,68,0,4,9,0.000,1.00,-0.099,True,None,0.000,True
118.528,2,en_route_delivery,-4.208,0.300,0.000,-3.500,joint_grid_transaction,68,68,1,3,2,0.000,1.00,-1.476,False,None,0.000,False
118.528,3,en_route_delivery,-3.955,1.934,0.000,-3.500,joint_grid_transaction,68,68,1,14,3,0.000,1.00,-0.867,False,None,0.000,False
118.528,4,en_route_delivery,3.859,2.875,3.000,-1.500,joint_grid_transaction,68,68,1,5,4,0.000,1.00,0.908,False,None,0.000,False
118.528,5,en_route_delivery,3.630,2.049,6.000,-3.500,joint_grid_transaction,68,68,1,5,5,0.000,1.00,0.091,False,None,0.000,False
118.528,6,en_route_pickup,-0.878,-2.569,-1.000,-1.500,joint_grid_transaction,68,68,0,2,6,126.528,0.40,-1.257,True,None,0.000,True
118.528,7,en_route_pickup,-0.002,-2.668,0.000,-3.500,joint_grid_transaction,68,68,1,2,7,0.000,0.55,1.471,False,None,0.000,False
118.528,8,en_route_pickup,0.957,-3.241,-6.000,-3.500,joint_grid_transaction,68,68,1,4,8,0.000,1.00,-2.115,False,None,0.000,False
118.784,1,en_route_pickup,-0.949,-2.024,6.000,3.500,joint_grid_transaction,68,68,0,4,9,0.000,1.00,-0.099,True,None,0.000,True
118.784,2,en_route_delivery,-4.204,0.260,0.000,-3.500,joint_grid_transaction,68,68,1,3,2,0.000,1.00,-1.477,False,None,0.000,False
118.784,3,en_route_delivery,-3.929,1.960,0.000,-3.500,joint_grid_transaction,68,68,1,14,3,0.000,1.00,-0.640,False,None,0.000,False
118.784,4,en_route_delivery,3.888,2.837,3.000,-1.500,joint_grid_transaction,68,68,1,5,4,0.000,1.00,0.951,False,None,0.000,False
118.784,5,en_route_delivery,3.667,2.052,6.000,-3.500,joint_grid_transaction,68,68,1,5,5,0.000,1.00,0.091,False,None,0.000,False
118.784,6,en_route_pickup,-0.878,-2.569,-1.000,-1.500,joint_grid_transaction,68,68,0,2,6,126.528,0.40,-1.257,True,None,0.000,True
118.784,7,en_route_pickup,-0.001,-2.681,0.000,-3.500,joint_grid_transaction,68,68,1,2,7,0.000,0.55,1.471,False,None,0.000,False
118.784,8,en_route_pickup,0.935,-3.214,-6.000,-3.500,joint_grid_transaction,68,68,1,4,8,0.000,1.00,-2.364,False,None,0.000,False
119.040,1,en_route_pickup,-0.949,-2.024,6.000,3.500,joint_grid_transaction,68,68,0,4,9,0.000,1.00,-0.099,True,None,0.000,True
119.040,2,en_route_delivery,-4.201,0.220,0.000,-3.500,joint_grid_transaction,68,68,1,3,2,0.000,1.00,-1.477,False,None,0.000,False
119.040,3,en_route_delivery,-3.911,1.973,0.000,-3.500,joint_grid_transaction,68,68,1,14,3,0.000,1.00,-0.441,False,None,0.000,False
119.040,4,en_route_delivery,3.915,2.798,3.000,-1.500,joint_grid_transaction,68,68,1,5,4,0.000,1.00,0.979,False,None,0.000,False
119.040,5,en_route_delivery,3.705,2.055,6.000,-3.500,_priority_yield_resume,70,68,1,2,5,0.000,0.55,0.091,False,None,0.000,False
119.040,6,en_route_pickup,-0.878,-2.569,-1.000,-1.500,joint_grid_transaction,68,68,0,2,6,126.528,0.40,-1.257,True,None,0.000,True
119.040,7,en_route_pickup,0.000,-2.693,0.000,-3.500,joint_grid_transaction,68,68,1,2,7,0.000,0.55,1.472,False,None,0.000,False
119.040,8,en_route_pickup,0.912,-3.193,-6.000,-3.500,joint_grid_transaction,68,68,1,4,8,0.000,1.00,-2.572,False,None,0.000,False
119.296,1,en_route_pickup,-0.949,-2.024,6.000,3.500,joint_grid_transaction,68,68,0,4,9,0.000,1.00,-0.099,True,None,0.000,True
119.296,2,en_route_delivery,-4.197,0.180,0.000,-3.500,joint_grid_transaction,68,68,1,3,2,0.000,1.00,-1.477,False,None,0.000,False
119.296,3,en_route_delivery,-3.901,1.978,0.000,-3.500,joint_grid_transaction,68,68,1,14,3,0.000,1.00,-0.282,False,None,0.000,False
119.296,4,en_route_delivery,3.941,2.758,3.000,-1.500,joint_grid_transaction,68,68,1,5,4,0.000,1.00,0.996,False,None,0.000,False
119.296,5,en_route_delivery,3.706,2.055,6.000,-3.500,_priority_yield_resume,70,68,0,2,5,0.000,0.55,0.042,False,None,0.000,False
119.296,6,en_route_pickup,-0.878,-2.569,-1.000,-1.500,joint_grid_transaction,68,68,0,2,6,126.528,0.40,-1.257,True,None,0.000,True
119.296,7,en_route_pickup,0.001,-2.705,0.000,-3.500,joint_grid_transaction,68,68,1,2,7,0.000,0.55,1.472,False,None,0.000,False
119.296,8,en_route_pickup,0.898,-3.184,-6.000,-3.500,joint_grid_transaction,68,68,1,4,8,0.000,1.00,-2.749,False,None,0.000,False
119.552,1,en_route_pickup,-0.949,-2.024,6.000,3.500,joint_grid_transaction,68,68,0,4,9,0.000,1.00,-0.099,True,None,0.000,True
119.552,2,en_route_delivery,-4.193,0.140,0.000,-3.500,joint_grid_transaction,68,68,1,3,2,0.000,1.00,-1.478,False,None,0.000,False
119.552,3,en_route_delivery,-3.862,1.968,0.000,-3.500,joint_grid_transaction,68,68,1,14,3,0.000,1.00,-0.189,False,None,0.000,False
119.552,4,en_route_delivery,3.967,2.717,3.000,-1.500,joint_grid_transaction,68,68,1,5,4,0.000,1.00,1.008,False,None,0.000,False
119.552,5,en_route_delivery,3.704,2.055,6.000,-3.500,_priority_yield_resume,70,68,0,2,5,0.000,0.55,0.171,False,None,0.000,False
119.552,6,en_route_pickup,-0.878,-2.569,-1.000,-1.500,joint_grid_transaction,68,68,0,2,6,126.528,0.40,-1.257,True,None,0.000,True
119.552,7,en_route_pickup,0.002,-2.718,0.000,-3.500,joint_grid_transaction,68,68,1,2,7,0.000,0.55,1.473,False,None,0.000,False
119.552,8,en_route_pickup,0.881,-3.185,-6.000,-3.500,joint_grid_transaction,68,68,1,4,8,0.000,1.00,-2.857,False,None,0.000,False
119.808,1,en_route_pickup,-0.949,-2.024,6.000,3.500,joint_grid_transaction,68,68,0,4,9,0.000,1.00,-0.099,True,None,0.000,True
119.808,2,en_route_delivery,-4.189,0.101,0.000,-3.500,joint_grid_transaction,68,68,1,3,2,0.000,1.00,-1.478,False,None,0.000,False
119.808,3,en_route_delivery,-3.815,1.962,0.000,-3.500,joint_grid_transaction,68,68,1,14,3,0.000,1.00,-0.103,False,None,0.000,False
119.808,4,en_route_delivery,3.992,2.677,3.000,-1.500,joint_grid_transaction,68,68,1,5,4,0.000,1.00,1.015,False,None,0.000,False
119.808,5,en_route_delivery,3.700,2.054,6.000,-3.500,_priority_yield_resume,70,68,0,2,5,0.000,0.55,0.279,False,None,0.000,False
119.808,6,en_route_pickup,-0.878,-2.569,-1.000,-1.500,joint_grid_transaction,68,68,0,2,6,126.528,0.40,-1.257,True,None,0.000,True
119.808,7,en_route_pickup,0.004,-2.730,0.000,-3.500,joint_grid_transaction,68,68,1,2,7,0.000,0.55,1.473,False,None,0.000,False
119.808,8,en_route_pickup,0.836,-3.196,-6.000,-3.500,joint_grid_transaction,68,68,1,4,8,0.000,1.00,-2.967,False,None,0.000,False
120.064,1,en_route_pickup,-0.949,-2.024,6.000,3.500,joint_grid_transaction,68,68,0,4,9,0.000,1.00,-0.099,True,None,0.000,True
120.064,2,en_route_delivery,-4.186,0.061,0.000,-3.500,joint_grid_transaction,68,68,1,3,2,0.000,1.00,-1.478,False,None,0.000,False
120.064,3,en_route_delivery,-3.770,1.958,0.000,-3.500,joint_grid_transaction,68,68,1,14,3,0.000,1.00,-0.067,False,None,0.000,False
120.064,4,en_route_delivery,4.017,2.636,3.000,-1.500,joint_grid_transaction,68,68,1,5,4,0.000,1.00,1.020,False,None,0.000,False
120.064,5,en_route_delivery,3.695,2.052,6.000,-3.500,_priority_yield_resume,70,68,0,2,5,0.000,0.55,0.364,False,None,0.000,False
120.064,6,en_route_pickup,-0.878,-2.569,-1.000,-1.500,joint_grid_transaction,68,68,0,2,6,126.528,0.40,-1.257,True,None,0.000,True
120.064,7,en_route_pickup,0.005,-2.742,0.000,-3.500,joint_grid_transaction,68,68,1,2,7,0.000,0.55,1.474,False,None,0.000,False
120.064,8,en_route_pickup,0.789,-3.202,-6.000,-3.500,joint_grid_transaction,68,68,1,4,8,0.000,1.00,-3.034,False,None,0.000,False
120.320,1,en_route_pickup,-0.949,-2.024,6.000,3.500,joint_grid_transaction,68,68,0,4,9,0.000,1.00,-0.099,True,None,0.000,True
120.320,2,en_route_delivery,-4.182,0.022,0.000,-3.500,joint_grid_transaction,68,68,1,3,2,0.000,1.00,-1.479,False,None,0.000,False
120.320,3,en_route_delivery,-3.730,1.955,0.000,-3.500,joint_grid_transaction,68,68,1,14,3,0.000,1.00,-0.067,False,None,0.000,False
120.320,4,en_route_delivery,4.042,2.595,3.000,-1.500,joint_grid_transaction,68,68,1,5,4,0.000,1.00,1.024,False,None,0.000,False
120.320,5,en_route_delivery,3.690,2.050,6.000,-3.500,_priority_yield_resume,70,68,0,2,5,0.000,0.55,0.433,False,None,0.000,False
120.320,6,en_route_pickup,-0.878,-2.569,-1.000,-1.500,joint_grid_transaction,68,68,0,2,6,126.528,0.40,-1.257,True,None,0.000,True
120.320,7,en_route_pickup,0.006,-2.754,0.000,-3.500,joint_grid_transaction,68,68,1,2,7,0.000,0.55,1.474,False,None,0.000,False
120.320,8,en_route_pickup,0.743,-3.206,-6.000,-3.500,joint_grid_transaction,68,68,1,4,8,0.000,1.00,-3.062,False,None,0.000,False
120.576,1,en_route_pickup,-0.949,-2.024,6.000,3.500,joint_grid_transaction,68,68,0,4,9,0.000,1.00,-0.099,True,None,0.000,True
120.576,2,en_route_delivery,-4.178,-0.018,0.000,-3.500,joint_grid_transaction,68,68,1,3,2,0.000,1.00,-1.479,False,None,0.000,False
120.576,3,en_route_delivery,-3.690,1.953,0.000,-3.500,joint_grid_transaction,68,68,1,14,3,0.000,1.00,-0.068,False,None,0.000,False
120.576,4,en_route_delivery,4.067,2.555,3.000,-1.500,joint_grid_transaction,68,68,1,5,4,0.000,1.00,1.026,False,None,0.000,False
120.576,5,en_route_delivery,3.686,2.048,6.000,-3.500,joint_grid_transaction,70,68,0,0,5,130.528,0.40,0.484,False,None,0.000,False
120.576,6,en_route_pickup,-0.878,-2.569,-1.000,-1.500,joint_grid_transaction,68,68,0,2,6,126.528,0.40,-1.257,True,None,0.000,True
120.576,7,en_route_pickup,0.007,-2.766,0.000,-3.500,joint_grid_transaction,68,68,1,2,7,0.000,0.55,1.475,False,None,0.000,False
120.576,8,en_route_pickup,0.700,-3.210,-6.000,-3.500,joint_grid_transaction,68,68,1,4,8,0.000,1.00,-3.062,False,None,0.000,False
120.832,1,en_route_pickup,-0.949,-2.024,6.000,3.500,joint_grid_transaction,68,68,0,4,9,0.000,1.00,-0.099,True,None,0.000,True
120.832,2,en_route_delivery,-4.175,-0.057,0.000,-3.500,joint_grid_transaction,68,68,1,3,2,0.000,1.00,-1.479,False,None,0.000,False
120.832,3,en_route_delivery,-3.650,1.950,0.000,-3.500,joint_grid_transaction,68,68,1,14,3,0.000,1.00,-0.068,False,None,0.000,False
120.832,4,en_route_delivery,4.092,2.514,3.000,-1.500,joint_grid_transaction,68,68,1,5,4,0.000,1.00,1.027,False,None,0.000,False
120.832,5,en_route_delivery,3.686,2.048,6.000,-3.500,joint_grid_transaction,70,68,0,0,5,130.528,0.40,0.484,False,None,0.000,False
120.832,6,en_route_pickup,-0.878,-2.569,-1.000,-1.500,joint_grid_transaction,68,68,0,2,6,126.528,0.40,-1.257,True,None,0.000,True
120.832,7,en_route_pickup,0.008,-2.778,0.000,-3.500,joint_grid_transaction,68,68,1,2,7,0.000,0.55,1.475,False,None,0.000,False
120.832,8,en_route_pickup,0.658,-3.213,-6.000,-3.500,joint_grid_transaction,68,68,1,4,8,0.000,1.00,-3.062,False,None,0.000,False
121.088,1,en_route_pickup,-0.949,-2.024,6.000,3.500,joint_grid_transaction,68,68,0,4,9,0.000,1.00,-0.099,True,None,0.000,True
121.088,2,en_route_delivery,-4.171,-0.096,0.000,-3.500,joint_grid_transaction,68,68,1,3,2,0.000,1.00,-1.480,False,None,0.000,False
121.088,3,en_route_delivery,-3.611,1.947,0.000,-3.500,joint_grid_transaction,68,68,1,14,3,0.000,1.00,-0.069,False,None,0.000,False
121.088,4,en_route_delivery,4.116,2.473,3.000,-1.500,joint_grid_transaction,68,68,1,5,4,0.000,1.00,1.028,False,None,0.000,False
121.088,5,en_route_delivery,3.686,2.048,6.000,-3.500,joint_grid_transaction,70,68,0,0,5,130.528,0.40,0.484,False,None,0.000,False
121.088,6,en_route_pickup,-0.878,-2.569,-1.000,-1.500,joint_grid_transaction,68,68,0,2,6,126.528,0.40,-1.257,True,None,0.000,True
121.088,7,en_route_pickup,0.010,-2.791,0.000,-3.500,joint_grid_transaction,68,68,1,2,7,0.000,0.55,1.476,False,None,0.000,False
121.088,8,en_route_pickup,0.616,-3.217,-6.000,-3.500,joint_grid_transaction,68,68,1,4,8,0.000,1.00,-3.062,False,None,0.000,False
121.344,1,en_route_pickup,-0.949,-2.024,6.000,3.500,joint_grid_transaction,71,71,0,4,9,0.000,1.00,-0.099,True,None,0.000,True
121.344,2,en_route_delivery,-4.168,-0.136,0.000,-3.500,joint_grid_transaction,71,71,1,3,2,0.000,1.00,-1.480,False,None,0.000,False
121.344,3,en_route_delivery,-3.569,1.944,0.000,-3.500,joint_grid_transaction,71,71,1,8,3,0.000,1.00,-0.071,False,None,0.000,False
121.344,4,en_route_delivery,4.138,2.435,3.000,-1.500,joint_grid_transaction,71,71,1,6,4,0.000,1.00,1.053,False,None,0.000,False
121.344,5,en_route_delivery,3.690,2.050,6.000,-3.500,joint_grid_transaction,71,71,1,5,5,130.528,0.40,0.438,False,None,0.000,False
121.344,6,en_route_pickup,-0.878,-2.569,-1.000,-1.500,joint_grid_transaction,71,71,0,2,6,126.528,0.40,-1.257,True,None,0.000,True
121.344,7,en_route_pickup,0.011,-2.803,0.000,-3.500,joint_grid_transaction,71,71,1,2,7,0.000,0.55,1.476,False,None,0.000,False
121.344,8,en_route_pickup,0.616,-3.215,-6.000,-3.500,joint_grid_transaction,71,71,1,7,8,0.000,1.00,2.862,False,None,0.000,False
121.600,1,en_route_pickup,-0.949,-2.024,6.000,3.500,joint_grid_transaction,71,71,0,4,9,0.000,1.00,-0.099,True,None,0.000,True
121.600,2,en_route_delivery,-4.164,-0.175,0.000,-3.500,joint_grid_transaction,71,71,1,3,2,0.000,1.00,-1.480,False,None,0.000,False
121.600,3,en_route_delivery,-3.528,1.941,0.000,-3.500,joint_grid_transaction,71,71,1,8,3,0.000,1.00,-0.072,False,None,0.000,False
121.600,4,en_route_delivery,4.131,2.423,3.000,-1.500,joint_grid_transaction,71,71,2,6,4,0.000,1.00,1.208,False,None,0.000,False
121.600,5,en_route_delivery,3.693,2.052,6.000,-3.500,joint_grid_transaction,71,71,1,5,5,130.528,0.40,0.388,False,None,0.000,False
121.600,6,en_route_pickup,-0.878,-2.569,-1.000,-1.500,joint_grid_transaction,71,71,0,2,6,126.528,0.40,-1.257,True,None,0.000,True
121.600,7,en_route_pickup,0.012,-2.820,0.000,-3.500,joint_grid_transaction,71,71,1,2,7,0.000,1.00,1.472,False,None,0.000,False
121.600,8,en_route_pickup,0.631,-3.209,-6.000,-3.500,_priority_yield_resume,72,71,1,2,8,0.000,0.55,2.639,False,None,0.000,False
121.856,1,en_route_pickup,-0.949,-2.024,6.000,3.500,joint_grid_transaction,71,71,0,4,9,0.000,1.00,-0.099,True,None,0.000,True
121.856,2,en_route_delivery,-4.161,-0.214,0.000,-3.500,joint_grid_transaction,71,71,1,3,2,0.000,1.00,-1.480,False,None,0.000,False
121.856,3,en_route_delivery,-3.486,1.938,0.000,-3.500,joint_grid_transaction,71,71,1,8,3,0.000,1.00,-0.072,False,None,0.000,False
121.856,4,en_route_delivery,4.141,2.390,3.000,-1.500,joint_grid_transaction,71,71,2,6,4,0.000,1.00,1.311,False,None,0.000,False
121.856,5,en_route_delivery,3.697,2.053,6.000,-3.500,joint_grid_transaction,71,71,1,5,5,130.528,0.40,0.334,False,None,0.000,False
121.856,6,en_route_pickup,-0.878,-2.569,-1.000,-1.500,joint_grid_transaction,71,71,0,2,6,126.528,0.40,-1.257,True,None,0.000,True
121.856,7,en_route_pickup,0.016,-2.859,0.000,-3.500,joint_grid_transaction,71,71,1,2,7,0.000,1.00,1.472,False,None,0.000,False
121.856,8,en_route_pickup,0.624,-3.213,-6.000,-3.500,_priority_yield_resume,72,71,0,2,8,0.000,0.55,2.732,False,None,0.000,False
122.112,1,en_route_pickup,-0.949,-2.024,6.000,3.500,joint_grid_transaction,71,71,0,4,9,0.000,1.00,-0.099,True,None,0.000,True
122.112,2,en_route_delivery,-4.157,-0.253,0.000,-3.500,joint_grid_transaction,71,71,1,3,2,0.000,1.00,-1.481,False,None,0.000,False
122.112,3,en_route_delivery,-3.444,1.935,0.000,-3.500,joint_grid_transaction,71,71,1,8,3,0.000,1.00,-0.073,False,None,0.000,False
122.112,4,en_route_delivery,4.145,2.373,3.000,-1.500,joint_grid_transaction,71,71,2,6,4,0.000,1.00,1.350,True,None,0.000,True
122.112,5,en_route_delivery,3.698,2.054,6.000,-3.500,joint_grid_transaction,71,71,1,5,5,130.528,0.40,0.310,True,None,0.000,True
122.112,6,en_route_pickup,-0.878,-2.569,-1.000,-1.500,joint_grid_transaction,71,71,0,2,6,126.528,0.40,-1.257,True,None,0.000,True
122.112,7,en_route_pickup,0.020,-2.897,0.000,-3.500,joint_grid_transaction,71,71,1,2,7,0.000,1.00,1.473,False,None,0.000,False
122.112,8,en_route_pickup,0.618,-3.215,-6.000,-3.500,_priority_yield_resume,72,71,0,2,8,0.000,0.55,2.831,False,None,0.000,False
122.368,1,en_route_pickup,-0.949,-2.024,6.000,3.500,joint_grid_transaction,71,71,0,4,9,0.000,1.00,-0.099,True,None,0.000,True
122.368,2,en_route_delivery,-4.154,-0.291,0.000,-3.500,joint_grid_transaction,71,71,1,3,2,0.000,1.00,-1.481,False,None,0.000,False
122.368,3,en_route_delivery,-3.402,1.932,0.000,-3.500,joint_grid_transaction,71,71,1,8,3,0.000,1.00,-0.073,False,None,0.000,False
122.368,4,en_route_delivery,4.145,2.373,3.000,-1.500,joint_grid_transaction,71,71,2,6,4,0.000,1.00,1.350,True,None,0.000,True
122.368,5,en_route_delivery,3.698,2.054,6.000,-3.500,joint_grid_transaction,71,71,1,5,5,130.528,0.40,0.310,True,None,0.000,True
122.368,6,en_route_pickup,-0.878,-2.569,-1.000,-1.500,joint_grid_transaction,71,71,0,2,6,126.528,0.40,-1.257,True,None,0.000,True
122.368,7,en_route_delivery,0.024,-2.935,6.000,3.500,joint_grid_transaction,71,71,1,8,7,0.000,1.00,1.473,False,None,0.000,False
122.368,8,en_route_pickup,0.613,-3.216,-6.000,-3.500,_priority_yield_resume,72,71,0,2,8,0.000,0.55,2.930,False,None,0.000,False
122.624,1,en_route_pickup,-0.949,-2.024,6.000,3.500,joint_grid_transaction,71,71,0,4,9,0.000,1.00,-0.099,True,None,0.000,True
122.624,2,en_route_delivery,-4.150,-0.330,0.000,-3.500,joint_grid_transaction,71,71,1,3,2,0.000,1.00,-1.481,False,None,0.000,False
122.624,3,en_route_delivery,-3.360,1.929,0.000,-3.500,joint_grid_transaction,71,71,1,8,3,0.000,1.00,-0.073,False,None,0.000,False
122.624,4,en_route_delivery,4.145,2.373,3.000,-1.500,joint_grid_transaction,71,71,2,6,4,0.000,1.00,1.350,True,None,0.000,True
122.624,5,en_route_delivery,3.698,2.054,6.000,-3.500,joint_grid_transaction,71,71,1,5,5,130.528,0.40,0.310,True,None,0.000,True
122.624,6,en_route_pickup,-0.878,-2.569,-1.000,-1.500,joint_grid_transaction,71,71,0,2,6,126.528,0.40,-1.257,True,None,0.000,True
122.624,7,en_route_delivery,0.027,-2.972,6.000,3.500,joint_grid_transaction,71,71,1,8,7,0.000,1.00,1.474,False,None,0.000,False
122.624,8,en_route_pickup,0.611,-3.217,-6.000,-3.500,_priority_yield_resume,72,71,0,2,8,0.000,0.55,3.023,False,None,0.000,False
122.880,1,en_route_pickup,-0.949,-2.024,6.000,3.500,joint_grid_transaction,71,71,0,4,9,0.000,1.00,-0.099,True,None,0.000,True
122.880,2,en_route_delivery,-4.147,-0.369,0.000,-3.500,joint_grid_transaction,71,71,1,3,2,0.000,1.00,-1.481,False,None,0.000,False
122.880,3,en_route_delivery,-3.319,1.926,0.000,-3.500,joint_grid_transaction,71,71,1,8,3,0.000,1.00,-0.074,False,None,0.000,False
122.880,4,en_route_delivery,4.145,2.373,3.000,-1.500,joint_grid_transaction,71,71,2,6,4,0.000,1.00,1.350,True,None,0.000,True
122.880,5,en_route_delivery,3.698,2.054,6.000,-3.500,joint_grid_transaction,71,71,1,5,5,130.528,0.40,0.310,True,None,0.000,True
122.880,6,en_route_pickup,-0.878,-2.569,-1.000,-1.500,joint_grid_transaction,71,71,0,2,6,126.528,0.40,-1.257,True,None,0.000,True
122.880,7,en_route_delivery,0.031,-3.009,6.000,3.500,joint_grid_transaction,71,71,1,8,7,0.000,1.00,1.474,False,None,0.000,False
122.880,8,en_route_pickup,0.609,-3.217,-6.000,-3.500,_priority_yield_resume,72,71,0,2,8,0.000,0.55,3.111,False,None,0.000,False
123.136,1,en_route_pickup,-0.949,-2.024,6.000,3.500,joint_grid_transaction,71,71,0,4,9,0.000,1.00,-0.099,True,None,0.000,True
123.136,2,en_route_delivery,-4.143,-0.407,0.000,-3.500,joint_grid_transaction,71,71,1,3,2,0.000,1.00,-1.482,False,None,0.000,False
123.136,3,en_route_delivery,-3.277,1.923,0.000,-3.500,joint_grid_transaction,71,71,1,8,3,0.000,1.00,-0.074,False,None,0.000,False
123.136,4,en_route_delivery,4.145,2.373,3.000,-1.500,joint_grid_transaction,71,71,2,6,4,0.000,1.00,1.350,True,None,0.000,True
123.136,5,en_route_delivery,3.698,2.054,6.000,-3.500,joint_grid_transaction,71,71,1,5,5,130.528,0.40,0.310,True,None,0.000,True
123.136,6,en_route_pickup,-0.878,-2.569,-1.000,-1.500,joint_grid_transaction,71,71,0,2,6,126.528,0.40,-1.257,True,None,0.000,True
123.136,7,en_route_delivery,0.034,-3.044,6.000,3.500,joint_grid_transaction,71,71,1,8,7,0.000,1.00,1.475,False,None,0.000,False
123.136,8,en_route_pickup,0.609,-3.217,-6.000,-3.500,joint_grid_transaction,72,71,0,0,8,133.024,0.40,-3.121,False,None,0.000,False
123.392,1,en_route_pickup,-0.949,-2.024,6.000,3.500,joint_grid_transaction,71,71,0,4,9,0.000,1.00,-0.099,True,None,0.000,True
123.392,2,en_route_delivery,-4.140,-0.445,0.000,-3.500,joint_grid_transaction,71,71,1,3,2,0.000,1.00,-1.482,False,None,0.000,False
123.392,3,en_route_delivery,-3.236,1.920,0.000,-3.500,joint_grid_transaction,71,71,1,8,3,0.000,1.00,-0.074,False,None,0.000,False
123.392,4,en_route_delivery,4.145,2.373,3.000,-1.500,joint_grid_transaction,71,71,2,6,4,0.000,1.00,1.350,True,None,0.000,True
123.392,5,en_route_delivery,3.698,2.054,6.000,-3.500,joint_grid_transaction,71,71,1,5,5,130.528,0.40,0.310,True,None,0.000,True
123.392,6,en_route_pickup,-0.878,-2.569,-1.000,-1.500,joint_grid_transaction,71,71,0,2,6,126.528,0.40,-1.257,True,None,0.000,True
123.392,7,en_route_delivery,0.038,-3.079,6.000,3.500,joint_grid_transaction,71,71,1,8,7,0.000,1.00,1.475,False,None,0.000,False
123.392,8,en_route_pickup,0.609,-3.217,-6.000,-3.500,joint_grid_transaction,72,71,0,0,8,133.024,0.40,-3.121,False,None,0.000,False
123.648,1,en_route_pickup,-0.949,-2.024,6.000,3.500,joint_grid_transaction,71,71,0,4,9,0.000,1.00,-0.099,True,None,0.000,True
123.648,2,en_route_delivery,-4.136,-0.484,0.000,-3.500,joint_grid_transaction,71,71,1,3,2,0.000,1.00,-1.482,False,None,0.000,False
123.648,3,en_route_delivery,-3.194,1.917,0.000,-3.500,joint_grid_transaction,71,71,1,8,3,0.000,1.00,-0.075,False,None,0.000,False
123.648,4,en_route_delivery,4.145,2.373,3.000,-1.500,joint_grid_transaction,71,71,2,6,4,0.000,1.00,1.350,True,None,0.000,True
123.648,5,en_route_delivery,3.698,2.054,6.000,-3.500,joint_grid_transaction,71,71,1,5,5,130.528,0.40,0.310,True,None,0.000,True
123.648,6,en_route_pickup,-0.878,-2.569,-1.000,-1.500,joint_grid_transaction,71,71,0,2,6,126.528,0.40,-1.257,True,None,0.000,True
123.648,7,en_route_delivery,0.041,-3.113,6.000,3.500,joint_grid_transaction,71,71,1,8,7,0.000,1.00,1.476,False,None,0.000,False
123.648,8,en_route_pickup,0.609,-3.217,-6.000,-3.500,joint_grid_transaction,72,71,0,0,8,133.024,0.40,-3.121,False,None,0.000,False
123.904,1,en_route_pickup,-0.949,-2.024,6.000,3.500,joint_grid_transaction,71,71,0,4,9,0.000,1.00,-0.099,True,None,0.000,True
123.904,2,en_route_delivery,-4.133,-0.522,0.000,-3.500,joint_grid_transaction,71,71,1,3,2,0.000,1.00,-1.482,False,None,0.000,False
123.904,3,en_route_delivery,-3.153,1.914,0.000,-3.500,joint_grid_transaction,71,71,1,8,3,0.000,1.00,-0.075,False,None,0.000,False
123.904,4,en_route_delivery,4.145,2.373,3.000,-1.500,joint_grid_transaction,71,71,2,6,4,0.000,1.00,1.350,True,None,0.000,True
123.904,5,en_route_delivery,3.698,2.054,6.000,-3.500,joint_grid_transaction,71,71,1,5,5,130.528,0.40,0.310,True,None,0.000,True
123.904,6,en_route_pickup,-0.878,-2.569,-1.000,-1.500,joint_grid_transaction,71,71,0,2,6,126.528,0.40,-1.257,True,None,0.000,True
123.904,7,en_route_delivery,0.044,-3.145,6.000,3.500,joint_grid_transaction,71,71,1,8,7,0.000,1.00,1.476,False,None,0.000,False
123.904,8,en_route_pickup,0.609,-3.217,-6.000,-3.500,joint_grid_transaction,72,71,0,0,8,133.024,0.40,-3.121,False,None,0.000,False
124.160,1,en_route_pickup,-0.949,-2.024,6.000,3.500,joint_grid_transaction,71,71,0,4,9,0.000,1.00,-0.099,True,None,0.000,True
124.160,2,en_route_delivery,-4.130,-0.560,0.000,-3.500,joint_grid_transaction,71,71,1,3,2,0.000,1.00,-1.482,False,None,0.000,False
124.160,3,en_route_delivery,-3.111,1.911,0.000,-3.500,joint_grid_transaction,71,71,1,8,3,0.000,1.00,-0.075,False,None,0.000,False
124.160,4,en_route_delivery,4.145,2.373,3.000,-1.500,joint_grid_transaction,71,71,2,6,4,0.000,1.00,1.350,True,None,0.000,True
124.160,5,en_route_delivery,3.698,2.054,6.000,-3.500,joint_grid_transaction,71,71,1,5,5,130.528,0.40,0.310,True,None,0.000,True
124.160,6,en_route_pickup,-0.878,-2.569,-1.000,-1.500,joint_grid_transaction,71,71,0,2,6,126.528,0.40,-1.257,True,None,0.000,True
124.160,7,en_route_delivery,0.047,-3.176,6.000,3.500,joint_grid_transaction,71,71,1,8,7,0.000,1.00,1.477,False,None,0.000,False
124.160,8,en_route_pickup,0.609,-3.217,-6.000,-3.500,joint_grid_transaction,72,71,0,0,8,133.024,0.40,-3.121,False,None,0.000,False
124.416,1,en_route_pickup,-0.949,-2.024,6.000,3.500,joint_grid_transaction,71,71,0,4,9,0.000,1.00,-0.099,True,None,0.000,True
124.416,2,en_route_delivery,-4.126,-0.598,0.000,-3.500,joint_grid_transaction,71,71,1,3,2,0.000,1.00,-1.482,False,None,0.000,False
124.416,3,en_route_delivery,-3.070,1.908,0.000,-3.500,joint_grid_transaction,71,71,1,8,3,0.000,1.00,-0.075,False,None,0.000,False
124.416,4,en_route_delivery,4.145,2.373,3.000,-1.500,joint_grid_transaction,71,71,2,6,4,0.000,1.00,1.350,True,None,0.000,True
124.416,5,en_route_delivery,3.698,2.054,6.000,-3.500,joint_grid_transaction,71,71,1,5,5,130.528,0.40,0.310,True,None,0.000,True
124.416,6,en_route_pickup,-0.878,-2.569,-1.000,-1.500,joint_grid_transaction,71,71,0,2,6,126.528,0.40,-1.257,True,None,0.000,True
124.416,7,en_route_delivery,0.050,-3.206,6.000,3.500,joint_grid_transaction,71,71,1,8,7,0.000,1.00,1.477,False,None,0.000,False
124.416,8,en_route_pickup,0.609,-3.217,-6.000,-3.500,joint_grid_transaction,72,71,0,0,8,133.024,0.40,-3.121,False,None,0.000,False
124.672,1,en_route_pickup,-0.949,-2.024,6.000,3.500,joint_grid_transaction,71,71,0,4,9,0.000,1.00,-0.099,True,None,0.000,True
124.672,2,en_route_delivery,-4.123,-0.636,0.000,-3.500,joint_grid_transaction,71,71,1,3,2,0.000,1.00,-1.483,False,None,0.000,False
124.672,3,en_route_delivery,-3.029,1.904,0.000,-3.500,joint_grid_transaction,71,71,1,8,3,0.000,1.00,-0.076,False,None,0.000,False
124.672,4,en_route_delivery,4.145,2.373,3.000,-1.500,joint_grid_transaction,71,71,2,6,4,0.000,1.00,1.350,True,None,0.000,True
124.672,5,en_route_delivery,3.698,2.054,6.000,-3.500,joint_grid_transaction,71,71,1,5,5,130.528,0.40,0.310,True,None,0.000,True
124.672,6,en_route_pickup,-0.878,-2.569,-1.000,-1.500,joint_grid_transaction,71,71,0,2,6,126.528,0.40,-1.257,True,None,0.000,True
124.672,7,en_route_delivery,0.052,-3.234,6.000,3.500,joint_grid_transaction,71,71,1,8,7,0.000,1.00,1.477,False,None,0.000,False
124.672,8,en_route_pickup,0.609,-3.217,-6.000,-3.500,joint_grid_transaction,72,71,0,0,8,133.024,0.40,-3.121,False,None,0.000,False
124.928,1,en_route_pickup,-0.949,-2.024,6.000,3.500,joint_grid_transaction,71,71,0,4,9,0.000,1.00,-0.099,True,None,0.000,True
124.928,2,en_route_delivery,-4.120,-0.673,0.000,-3.500,joint_grid_transaction,71,71,1,3,2,0.000,1.00,-1.483,False,None,0.000,False
124.928,3,en_route_delivery,-2.988,1.901,0.000,-3.500,joint_grid_transaction,71,71,1,8,3,0.000,1.00,-0.076,False,None,0.000,False
124.928,4,en_route_delivery,4.145,2.373,3.000,-1.500,joint_grid_transaction,71,71,2,6,4,0.000,1.00,1.350,True,None,0.000,True
124.928,5,en_route_delivery,3.698,2.054,6.000,-3.500,joint_grid_transaction,71,71,1,5,5,130.528,0.40,0.310,True,None,0.000,True
124.928,6,en_route_pickup,-0.878,-2.569,-1.000,-1.500,joint_grid_transaction,71,71,0,2,6,126.528,0.40,-1.257,True,None,0.000,True
124.928,7,en_route_delivery,0.054,-3.256,6.000,3.500,joint_grid_transaction,71,71,1,8,7,0.000,1.00,1.495,False,None,0.000,False
124.928,8,en_route_pickup,0.609,-3.217,-6.000,-3.500,joint_grid_transaction,72,71,0,0,8,133.024,0.40,-3.121,False,None,0.000,False
125.184,1,en_route_pickup,-0.949,-2.024,6.000,3.500,joint_grid_transaction,75,75,0,4,9,0.000,1.00,-0.099,True,None,0.000,True
125.184,2,en_route_delivery,-4.117,-0.702,0.000,-3.500,joint_grid_transaction,75,75,2,8,2,0.000,1.00,-1.520,False,None,0.000,False
125.184,3,en_route_delivery,-2.956,1.900,0.000,-3.500,joint_grid_transaction,75,75,1,6,3,0.000,1.00,-0.027,False,None,0.000,False
125.184,4,en_route_delivery,4.145,2.373,3.000,-1.500,joint_grid_transaction,75,75,0,7,4,0.000,1.00,1.350,True,None,0.000,True
125.184,5,en_route_delivery,3.698,2.054,6.000,-3.500,joint_grid_transaction,75,75,0,4,5,130.528,0.40,0.310,True,None,0.000,True
125.184,6,en_route_pickup,-0.878,-2.569,-1.000,-1.500,joint_grid_transaction,75,75,0,2,6,126.528,0.40,-1.257,True,None,0.000,True
125.184,7,en_route_delivery,0.056,-3.270,6.000,3.500,joint_grid_transaction,75,75,1,5,7,0.000,1.00,1.442,False,None,0.000,False
125.184,8,en_route_pickup,0.607,-3.217,-6.000,-3.500,joint_grid_transaction,75,75,1,4,8,133.024,0.40,-3.121,False,None,0.000,False
125.440,1,en_route_pickup,-0.949,-2.024,6.000,3.500,joint_grid_transaction,75,75,0,4,9,0.000,1.00,-0.099,True,None,0.000,True
125.440,2,en_route_delivery,-4.119,-0.705,0.000,-3.500,joint_grid_transaction,75,75,2,8,2,0.000,1.00,-1.703,False,None,0.000,False
125.440,3,en_route_delivery,-2.970,1.903,0.000,-3.500,joint_grid_transaction,75,75,1,6,3,0.000,1.00,-0.409,False,None,0.000,False
125.440,4,en_route_delivery,4.145,2.373,3.000,-1.500,joint_grid_transaction,75,75,0,7,4,0.000,1.00,1.350,True,None,0.000,True
125.440,5,en_route_delivery,3.698,2.054,6.000,-3.500,joint_grid_transaction,75,75,0,4,5,130.528,0.40,0.310,True,None,0.000,True
125.440,6,en_route_pickup,-0.878,-2.569,-1.000,-1.500,joint_grid_transaction,75,75,0,2,6,126.528,0.40,-1.257,True,None,0.000,True
125.440,7,en_route_delivery,0.057,-3.265,6.000,3.500,joint_grid_transaction,75,75,1,5,7,0.000,1.00,1.296,True,None,0.000,True
125.440,8,en_route_pickup,0.604,-3.217,-6.000,-3.500,joint_grid_transaction,75,75,1,4,8,133.024,0.40,-3.121,True,None,0.000,True
125.696,1,en_route_pickup,-0.949,-2.024,6.000,3.500,joint_grid_transaction,75,75,0,4,9,0.000,1.00,-0.099,True,None,0.000,True
125.696,2,en_route_delivery,-4.128,-0.740,0.000,-3.500,joint_grid_transaction,75,75,2,8,2,0.000,1.00,-1.757,False,None,0.000,False
125.696,3,en_route_delivery,-2.996,1.919,0.000,-3.500,joint_grid_transaction,75,75,1,6,3,0.000,1.00,-0.689,False,None,0.000,False
125.696,4,en_route_delivery,4.145,2.373,3.000,-1.500,joint_grid_transaction,75,75,0,7,4,0.000,1.00,1.350,True,None,0.000,True
125.696,5,en_route_delivery,3.698,2.054,6.000,-3.500,joint_grid_transaction,75,75,0,4,5,130.528,0.40,0.310,True,None,0.000,True
125.696,6,en_route_pickup,-0.878,-2.569,-1.000,-1.500,joint_grid_transaction,75,75,0,2,6,126.528,0.40,-1.257,True,None,0.000,True
125.696,7,en_route_delivery,0.057,-3.265,6.000,3.500,joint_grid_transaction,75,75,1,5,7,0.000,1.00,1.296,True,None,0.000,True
125.696,8,en_route_pickup,0.604,-3.217,-6.000,-3.500,joint_grid_transaction,75,75,1,4,8,133.024,0.40,-3.121,True,None,0.000,True
125.952,1,en_route_pickup,-0.949,-2.024,6.000,3.500,joint_grid_transaction,75,75,0,4,9,0.000,1.00,-0.099,True,None,0.000,True
125.952,2,en_route_delivery,-4.140,-0.779,0.000,-3.500,joint_grid_transaction,75,75,2,8,2,0.000,1.00,-1.825,False,None,0.000,False
125.952,3,en_route_delivery,-3.023,1.946,0.000,-3.500,joint_grid_transaction,75,75,1,6,3,0.000,1.00,-0.924,False,None,0.000,False
125.952,4,en_route_delivery,4.145,2.373,3.000,-1.500,joint_grid_transaction,75,75,0,7,4,0.000,1.00,1.350,True,None,0.000,True
125.952,5,en_route_delivery,3.698,2.054,6.000,-3.500,joint_grid_transaction,75,75,0,4,5,130.528,0.40,0.310,True,None,0.000,True
125.952,6,en_route_pickup,-0.878,-2.569,-1.000,-1.500,joint_grid_transaction,75,75,0,2,6,126.528,0.40,-1.257,True,None,0.000,True
125.952,7,en_route_delivery,0.057,-3.265,6.000,3.500,joint_grid_transaction,75,75,1,5,7,0.000,1.00,1.296,True,None,0.000,True
125.952,8,en_route_pickup,0.604,-3.217,-6.000,-3.500,joint_grid_transaction,75,75,1,4,8,133.024,0.40,-3.121,True,None,0.000,True
126.208,1,en_route_pickup,-0.949,-2.024,6.000,3.500,joint_grid_transaction,75,75,0,4,9,0.000,1.00,-0.099,True,None,0.000,True
126.208,2,en_route_delivery,-4.153,-0.822,0.000,-3.500,joint_grid_transaction,75,75,2,8,2,0.000,1.00,-1.843,False,None,0.000,False
126.208,3,en_route_delivery,-3.040,1.971,0.000,-3.500,joint_grid_transaction,75,75,1,6,3,0.000,1.00,-1.214,False,None,0.000,False
126.208,4,en_route_delivery,4.145,2.373,3.000,-1.500,joint_grid_transaction,75,75,0,7,4,0.000,1.00,1.350,True,None,0.000,True
126.208,5,en_route_delivery,3.698,2.054,6.000,-3.500,joint_grid_transaction,75,75,0,4,5,130.528,0.40,0.310,True,None,0.000,True
126.208,6,en_route_pickup,-0.878,-2.569,-1.000,-1.500,joint_grid_transaction,75,75,0,2,6,126.528,0.40,-1.257,True,None,0.000,True
126.208,7,en_route_delivery,0.057,-3.265,6.000,3.500,joint_grid_transaction,75,75,1,5,7,0.000,1.00,1.296,True,None,0.000,True
126.208,8,en_route_pickup,0.604,-3.217,-6.000,-3.500,joint_grid_transaction,75,75,1,4,8,133.024,0.40,-3.121,True,None,0.000,True
126.464,1,en_route_pickup,-0.949,-2.024,6.000,3.500,joint_grid_transaction,75,75,0,4,9,0.000,1.00,-0.099,False,None,0.000,True
126.464,2,en_route_delivery,-4.164,-0.868,0.000,-3.500,joint_grid_transaction,75,75,3,8,2,0.000,1.00,-1.765,False,None,0.000,False
126.464,3,en_route_delivery,-3.044,1.982,0.000,-3.500,joint_grid_transaction,75,75,1,6,3,0.000,1.00,-1.612,False,None,0.000,False
126.464,4,en_route_delivery,4.145,2.373,3.000,-1.500,joint_grid_transaction,75,75,0,7,4,0.000,1.00,1.350,True,None,0.000,True
126.464,5,en_route_delivery,3.698,2.054,6.000,-3.500,joint_grid_transaction,75,75,0,4,5,130.528,0.40,0.310,True,None,0.000,True
126.464,6,en_route_pickup,-0.878,-2.569,-1.000,-1.500,joint_grid_transaction,75,75,0,2,6,126.528,0.40,-1.257,False,None,0.000,True
126.464,7,en_route_delivery,0.057,-3.265,6.000,3.500,joint_grid_transaction,75,75,1,5,7,0.000,1.00,1.296,True,None,0.000,True
126.464,8,en_route_pickup,0.604,-3.217,-6.000,-3.500,joint_grid_transaction,75,75,1,4,8,133.024,0.40,-3.121,True,None,0.000,True
126.720,1,en_route_pickup,-0.949,-2.024,6.000,3.500,joint_grid_transaction,75,75,0,4,9,0.000,1.00,-0.099,False,None,0.000,False
126.720,2,en_route_delivery,-4.172,-0.914,0.000,-3.500,joint_grid_transaction,75,75,3,8,2,0.000,1.00,-1.716,False,None,0.000,False
126.720,3,en_route_delivery,-3.048,1.968,0.000,-3.500,joint_grid_transaction,75,75,1,6,3,0.000,1.00,-1.989,False,None,0.000,False
126.720,4,en_route_delivery,4.145,2.373,3.000,-1.500,joint_grid_transaction,75,75,0,7,4,0.000,1.00,1.350,True,None,0.000,True
126.720,5,en_route_delivery,3.698,2.054,6.000,-3.500,joint_grid_transaction,75,75,0,4,5,130.528,0.40,0.310,True,None,0.000,True
126.720,6,en_route_pickup,-0.878,-2.569,-1.000,-1.500,joint_grid_transaction,75,75,0,2,6,0.000,1.00,-1.257,False,None,0.000,False
126.720,7,en_route_delivery,0.057,-3.265,6.000,3.500,joint_grid_transaction,75,75,1,5,7,0.000,1.00,1.296,True,None,0.000,True
126.720,8,en_route_pickup,0.604,-3.217,-6.000,-3.500,joint_grid_transaction,75,75,1,4,8,133.024,0.40,-3.121,True,None,0.000,True
126.976,1,en_route_pickup,-0.949,-2.024,6.000,3.500,joint_grid_transaction,75,75,0,4,9,0.000,1.00,-0.099,False,None,0.000,False
126.976,2,en_route_delivery,-4.178,-0.962,0.000,-3.500,joint_grid_transaction,75,75,3,8,2,0.000,1.00,-1.686,False,None,0.000,False
126.976,3,en_route_delivery,-3.064,1.942,0.000,-3.500,joint_grid_transaction,75,75,1,6,3,0.000,1.00,-2.267,False,None,0.000,False
126.976,4,en_route_delivery,4.145,2.373,3.000,-1.500,joint_grid_transaction,75,75,0,7,4,0.000,1.00,1.350,True,None,0.000,True
126.976,5,en_route_delivery,3.698,2.054,6.000,-3.500,joint_grid_transaction,75,75,0,4,5,130.528,0.40,0.310,True,None,0.000,True
126.976,6,en_route_pickup,-0.878,-2.569,-1.000,-1.500,joint_grid_transaction,75,75,0,2,6,0.000,1.00,-1.257,False,None,0.000,False
126.976,7,en_route_delivery,0.057,-3.265,6.000,3.500,joint_grid_transaction,75,75,1,5,7,0.000,1.00,1.296,True,None,0.000,True
126.976,8,en_route_pickup,0.604,-3.217,-6.000,-3.500,joint_grid_transaction,75,75,1,4,8,133.024,0.40,-3.121,True,None,0.000,True
127.232,1,en_route_pickup,-0.949,-2.024,6.000,3.500,joint_grid_transaction,76,76,0,4,9,0.000,1.00,-0.099,False,None,0.000,True
127.232,2,en_route_delivery,-4.183,-1.009,0.000,-3.500,joint_grid_transaction,76,76,1,6,2,0.000,1.00,-1.670,False,None,0.000,False
127.232,3,en_route_delivery,-3.088,1.917,0.000,-3.500,joint_grid_transaction,76,76,1,6,3,0.000,1.00,-2.476,False,None,0.000,False
127.232,4,en_route_delivery,4.145,2.373,3.000,-1.500,joint_grid_transaction,76,76,0,5,4,0.000,1.00,1.350,True,None,0.000,True
127.232,5,en_route_delivery,3.698,2.054,6.000,-3.500,joint_grid_transaction,76,76,0,4,5,130.528,0.40,0.310,True,None,0.000,True
127.232,6,en_route_pickup,-0.878,-2.569,-1.000,-1.500,joint_grid_transaction,76,76,0,2,6,0.000,1.00,-1.257,False,None,0.000,True
127.232,7,en_route_delivery,0.057,-3.265,6.000,3.500,joint_grid_transaction,76,76,0,6,7,0.000,1.00,1.296,True,None,0.000,True
127.232,8,en_route_pickup,0.604,-3.217,-6.000,-3.500,joint_grid_transaction,76,76,0,4,8,133.024,0.40,-3.121,True,None,0.000,True
127.488,1,en_route_pickup,-0.949,-2.024,6.000,3.500,joint_grid_transaction,76,76,0,4,9,0.000,1.00,-0.099,False,None,0.000,True
127.488,2,en_route_delivery,-4.188,-1.054,0.000,-3.500,joint_grid_transaction,76,76,1,6,2,0.000,1.00,-1.669,False,None,0.000,False
127.488,3,en_route_delivery,-3.105,1.905,0.000,-3.500,joint_grid_transaction,76,76,1,6,3,0.000,1.00,-2.648,False,None,0.000,False
127.488,4,en_route_delivery,4.145,2.373,3.000,-1.500,joint_grid_transaction,76,76,0,5,4,0.000,1.00,1.350,True,None,0.000,True
127.488,5,en_route_delivery,3.698,2.054,6.000,-3.500,joint_grid_transaction,76,76,0,4,5,130.528,0.40,0.310,True,None,0.000,True
127.488,6,en_route_pickup,-0.878,-2.569,-1.000,-1.500,joint_grid_transaction,76,76,0,2,6,0.000,1.00,-1.257,False,None,0.000,True
127.488,7,en_route_delivery,0.057,-3.265,6.000,3.500,joint_grid_transaction,76,76,0,6,7,0.000,1.00,1.296,True,None,0.000,True
127.488,8,en_route_pickup,0.604,-3.217,-6.000,-3.500,joint_grid_transaction,76,76,0,4,8,133.024,0.40,-3.121,True,None,0.000,True
127.744,1,en_route_pickup,-0.949,-2.024,6.000,3.500,joint_grid_transaction,76,76,0,4,9,0.000,1.00,-0.099,False,None,0.000,False
127.744,2,en_route_delivery,-4.192,-1.100,0.000,-3.500,joint_grid_transaction,76,76,1,6,2,0.000,1.00,-1.669,False,None,0.000,False
127.744,3,en_route_delivery,-3.118,1.902,0.000,-3.500,joint_grid_transaction,76,76,1,6,3,0.000,1.00,-2.766,False,None,0.000,False
127.744,4,en_route_delivery,4.145,2.373,3.000,-1.500,joint_grid_transaction,76,76,0,5,4,0.000,1.00,1.350,True,None,0.000,True
127.744,5,en_route_delivery,3.698,2.054,6.000,-3.500,joint_grid_transaction,76,76,0,4,5,130.528,0.40,0.310,True,None,0.000,True
127.744,6,en_route_pickup,-0.878,-2.569,-1.000,-1.500,joint_grid_transaction,76,76,0,2,6,0.000,1.00,-1.257,False,None,0.000,False
127.744,7,en_route_delivery,0.057,-3.265,6.000,3.500,joint_grid_transaction,76,76,0,6,7,0.000,1.00,1.296,True,None,0.000,True
127.744,8,en_route_pickup,0.604,-3.217,-6.000,-3.500,joint_grid_transaction,76,76,0,4,8,133.024,0.40,-3.121,True,None,0.000,True
128.000,1,en_route_pickup,-0.949,-2.024,6.000,3.500,joint_grid_transaction,76,76,0,4,9,0.000,1.00,-0.099,False,None,0.000,False
128.000,2,en_route_delivery,-4.197,-1.145,0.000,-3.500,joint_grid_transaction,76,76,1,6,2,0.000,1.00,-1.668,False,None,0.000,False
128.000,3,en_route_delivery,-3.162,1.916,0.000,-3.500,joint_grid_transaction,76,76,1,6,3,0.000,1.00,-2.881,False,None,0.000,False
128.000,4,en_route_delivery,4.145,2.373,3.000,-1.500,joint_grid_transaction,76,76,0,5,4,0.000,1.00,1.350,True,None,0.000,True
128.000,5,en_route_delivery,3.698,2.054,6.000,-3.500,joint_grid_transaction,76,76,0,4,5,130.528,0.40,0.310,True,None,0.000,True
128.000,6,en_route_pickup,-0.878,-2.569,-1.000,-1.500,joint_grid_transaction,76,76,0,2,6,0.000,1.00,-1.257,False,None,0.000,False
128.000,7,en_route_delivery,0.057,-3.265,6.000,3.500,joint_grid_transaction,76,76,0,6,7,0.000,1.00,1.296,True,None,0.000,True
128.000,8,en_route_pickup,0.604,-3.217,-6.000,-3.500,joint_grid_transaction,76,76,0,4,8,133.024,0.40,-3.121,True,None,0.000,True
128.256,1,en_route_pickup,-0.949,-2.024,6.000,3.500,joint_grid_transaction,76,76,0,4,9,0.000,1.00,-0.099,False,None,0.000,False
128.256,2,en_route_delivery,-4.201,-1.190,0.000,-3.500,joint_grid_transaction,76,76,1,6,2,0.000,1.00,-1.668,False,None,0.000,False
128.256,3,en_route_delivery,-3.208,1.927,0.000,-3.500,joint_grid_transaction,76,76,1,6,3,0.000,1.00,-2.957,False,None,0.000,False
128.256,4,en_route_delivery,4.151,2.386,3.000,-1.500,_joint_stall_recovery,77,76,0,7,4,0.000,1.00,1.117,False,None,0.000,False
128.256,5,en_route_delivery,3.700,2.054,6.000,-3.500,joint_grid_transaction,76,76,1,4,5,130.528,0.40,0.268,False,None,0.000,True
128.256,6,en_route_pickup,-0.878,-2.569,-1.000,-1.500,joint_grid_transaction,76,76,0,2,6,0.000,1.00,-1.257,False,None,0.000,False
128.256,7,en_route_delivery,0.057,-3.265,6.000,3.500,joint_grid_transaction,76,76,0,6,7,0.000,1.00,1.296,True,None,0.000,True
128.256,8,en_route_pickup,0.604,-3.217,-6.000,-3.500,joint_grid_transaction,76,76,0,4,8,133.024,0.40,-3.121,True,None,0.000,True
128.512,1,en_route_pickup,-0.949,-2.024,6.000,3.500,joint_grid_transaction,76,76,0,4,9,0.000,1.00,-0.099,True,None,0.000,False
128.512,2,en_route_delivery,-4.205,-1.235,0.000,-3.500,joint_grid_transaction,76,76,1,6,2,0.000,1.00,-1.667,False,None,0.000,False
128.512,3,en_route_delivery,-3.255,1.934,0.000,-3.500,joint_grid_transaction,76,76,1,6,3,0.000,1.00,-3.004,False,None,0.000,False
128.512,4,en_route_delivery,4.160,2.401,3.000,-1.500,_joint_stall_recovery,77,76,0,7,4,0.000,1.00,0.956,False,None,0.000,False
128.512,5,en_route_delivery,3.703,2.055,6.000,-3.500,joint_grid_transaction,76,76,1,4,5,130.528,0.40,0.208,False,None,0.000,True
128.512,6,en_route_pickup,-0.878,-2.569,-1.000,-1.500,joint_grid_transaction,76,76,0,2,6,0.000,1.00,-1.257,True,None,0.000,False
128.512,7,en_route_delivery,0.057,-3.265,6.000,3.500,joint_grid_transaction,76,76,0,6,7,0.000,1.00,1.296,True,None,0.000,True
128.512,8,en_route_pickup,0.604,-3.217,-6.000,-3.500,joint_grid_transaction,76,76,0,4,8,133.024,0.40,-3.121,True,None,0.000,True
128.768,1,en_route_pickup,-0.949,-2.024,6.000,3.500,joint_grid_transaction,76,76,0,4,9,0.000,1.00,-0.099,True,None,0.000,False
128.768,2,en_route_delivery,-4.210,-1.280,0.000,-3.500,joint_grid_transaction,76,76,1,6,2,0.000,1.00,-1.667,False,None,0.000,False
128.768,3,en_route_delivery,-3.302,1.940,0.000,-3.500,joint_grid_transaction,76,76,1,6,3,0.000,1.00,-3.033,False,None,0.000,False
128.768,4,en_route_delivery,4.179,2.392,3.000,-1.500,_joint_stall_recovery,77,76,0,7,4,0.000,1.00,0.836,False,None,0.000,False
128.768,5,en_route_delivery,3.705,2.055,6.000,-3.500,joint_grid_transaction,76,76,1,4,5,130.528,0.40,0.145,False,None,0.000,False
128.768,6,en_route_pickup,-0.878,-2.569,-1.000,-1.500,joint_grid_transaction,76,76,0,2,6,0.000,1.00,-1.257,True,None,0.000,False
128.768,7,en_route_delivery,0.057,-3.265,6.000,3.500,joint_grid_transaction,76,76,0,6,7,0.000,1.00,1.296,True,None,0.000,True
128.768,8,en_route_pickup,0.604,-3.217,-6.000,-3.500,joint_grid_transaction,76,76,0,4,8,133.024,0.40,-3.121,True,None,0.000,True
129.024,1,en_route_pickup,-0.949,-2.024,6.000,3.500,joint_grid_transaction,76,76,0,4,9,0.000,1.00,-0.099,True,None,0.000,False
129.024,2,en_route_delivery,-4.214,-1.324,0.000,-3.500,joint_grid_transaction,76,76,1,6,2,0.000,1.00,-1.666,False,None,0.000,False
129.024,3,en_route_delivery,-3.349,1.945,0.000,-3.500,joint_grid_transaction,76,76,1,6,3,0.000,1.00,-3.045,False,None,0.000,False
129.024,4,en_route_delivery,4.212,2.359,3.000,-1.500,_joint_stall_recovery,77,76,0,7,4,0.000,1.00,0.738,False,None,0.000,False
129.024,5,en_route_delivery,3.706,2.055,6.000,-3.500,joint_grid_transaction,76,76,1,4,5,130.528,0.40,0.077,False,None,0.000,False
129.024,6,en_route_pickup,-0.878,-2.569,-1.000,-1.500,joint_grid_transaction,76,76,0,2,6,0.000,1.00,-1.257,True,None,0.000,False
129.024,7,en_route_delivery,0.057,-3.265,6.000,3.500,joint_grid_transaction,76,76,0,6,7,0.000,1.00,1.296,True,None,0.000,True
129.024,8,en_route_pickup,0.604,-3.217,-6.000,-3.500,joint_grid_transaction,76,76,0,4,8,133.024,0.40,-3.121,True,None,0.000,True
129.280,1,en_route_pickup,-0.949,-2.024,6.000,3.500,joint_grid_transaction,76,76,0,4,9,0.000,1.00,-0.099,True,None,0.000,False
129.280,2,en_route_delivery,-4.218,-1.369,0.000,-3.500,joint_grid_transaction,76,76,1,6,2,0.000,1.00,-1.666,False,None,0.000,False
129.280,3,en_route_delivery,-3.394,1.949,0.000,-3.500,joint_grid_transaction,76,76,1,6,3,0.000,1.00,-3.045,False,None,0.000,False
129.280,4,en_route_delivery,4.248,2.329,3.000,-1.500,_joint_stall_recovery,77,76,0,7,4,0.000,1.00,0.676,False,None,0.000,False
129.280,5,en_route_delivery,3.707,2.055,6.000,-3.500,joint_grid_transaction,76,76,1,4,5,130.528,0.40,0.004,False,None,0.000,False
129.280,6,en_route_pickup,-0.878,-2.569,-1.000,-1.500,joint_grid_transaction,76,76,0,2,6,0.000,1.00,-1.257,True,None,0.000,False
129.280,7,en_route_delivery,0.057,-3.265,6.000,3.500,joint_grid_transaction,76,76,0,6,7,0.000,1.00,1.296,True,None,0.000,True
129.280,8,en_route_pickup,0.604,-3.217,-6.000,-3.500,joint_grid_transaction,76,76,0,4,8,133.024,0.40,-3.121,True,None,0.000,True
129.536,1,en_route_pickup,-0.949,-2.024,6.000,3.500,joint_grid_transaction,76,76,0,4,9,0.000,1.00,-0.099,True,None,0.000,False
129.536,2,en_route_delivery,-4.222,-1.413,0.000,-3.500,joint_grid_transaction,76,76,1,6,2,0.000,1.00,-1.666,False,None,0.000,False
129.536,3,en_route_delivery,-3.439,1.953,0.000,-3.500,joint_grid_transaction,76,76,1,6,3,0.000,1.00,-3.045,False,None,0.000,False
129.536,4,en_route_delivery,4.286,2.300,3.000,-1.500,_joint_stall_recovery,77,76,0,7,4,0.000,1.00,0.635,False,None,0.000,False
129.536,5,en_route_delivery,3.706,2.055,6.000,-3.500,joint_grid_transaction,76,76,1,4,5,130.528,0.40,0.070,False,None,0.000,False
129.536,6,en_route_pickup,-0.878,-2.569,-1.000,-1.500,joint_grid_transaction,76,76,0,2,6,0.000,1.00,-1.257,True,None,0.000,False
129.536,7,en_route_delivery,0.057,-3.265,6.000,3.500,joint_grid_transaction,76,76,0,6,7,0.000,1.00,1.296,True,None,0.000,True
129.536,8,en_route_pickup,0.604,-3.217,-6.000,-3.500,joint_grid_transaction,76,76,0,4,8,133.024,0.40,-3.121,True,None,0.000,True
129.792,1,en_route_pickup,-0.949,-2.024,6.000,3.500,joint_grid_transaction,76,76,0,4,9,0.000,1.00,-0.099,True,None,0.000,False
129.792,2,en_route_delivery,-4.227,-1.457,0.000,-3.500,joint_grid_transaction,76,76,1,6,2,0.000,1.00,-1.665,False,None,0.000,False
129.792,3,en_route_delivery,-3.483,1.958,0.000,-3.500,joint_grid_transaction,76,76,1,6,3,0.000,1.00,-3.046,False,None,0.000,False
129.792,4,en_route_delivery,4.324,2.272,3.000,-1.500,_joint_stall_recovery,77,76,0,7,4,0.000,1.00,0.609,False,None,0.000,False
129.792,5,en_route_delivery,3.705,2.056,6.000,-3.500,joint_grid_transaction,76,76,1,4,5,130.528,0.40,0.138,False,None,0.000,False
129.792,6,en_route_pickup,-0.878,-2.569,-1.000,-1.500,joint_grid_transaction,76,76,0,2,6,0.000,1.00,-1.257,True,None,0.000,False
129.792,7,en_route_delivery,0.057,-3.265,6.000,3.500,joint_grid_transaction,76,76,0,6,7,0.000,1.00,1.296,True,None,0.000,True
129.792,8,en_route_pickup,0.604,-3.217,-6.000,-3.500,joint_grid_transaction,76,76,0,4,8,133.024,0.40,-3.121,True,None,0.000,True
130.048,1,en_route_pickup,-0.949,-2.024,6.000,3.500,joint_grid_transaction,76,76,0,4,9,0.000,1.00,-0.099,True,None,0.000,False
130.048,2,en_route_delivery,-4.231,-1.501,0.000,-3.500,joint_grid_transaction,76,76,1,6,2,0.000,1.00,-1.665,False,None,0.000,False
130.048,3,en_route_delivery,-3.528,1.962,0.000,-3.500,joint_grid_transaction,76,76,1,6,3,0.000,1.00,-3.046,False,None,0.000,False
130.048,4,en_route_delivery,4.364,2.245,3.000,-1.500,_joint_stall_recovery,77,76,0,7,4,0.000,1.00,0.592,False,None,0.000,False
130.048,5,en_route_delivery,3.703,2.056,6.000,-3.500,joint_grid_transaction,76,76,1,4,5,130.528,0.40,0.202,False,None,0.000,False
130.048,6,en_route_pickup,-0.878,-2.569,-1.000,-1.500,joint_grid_transaction,76,76,0,2,6,0.000,1.00,-1.257,True,None,0.000,False
130.048,7,en_route_delivery,0.057,-3.265,6.000,3.500,joint_grid_transaction,76,76,0,6,7,0.000,1.00,1.296,True,None,0.000,True
130.048,8,en_route_pickup,0.604,-3.217,-6.000,-3.500,joint_grid_transaction,76,76,0,4,8,133.024,0.40,-3.121,True,None,0.000,True
130.304,1,en_route_pickup,-0.949,-2.024,6.000,3.500,joint_grid_transaction,76,76,0,4,9,0.000,1.00,-0.099,True,None,0.000,False
130.304,2,en_route_delivery,-4.235,-1.545,0.000,-3.500,joint_grid_transaction,76,76,1,6,2,0.000,1.00,-1.664,False,None,0.000,False
130.304,3,en_route_delivery,-3.573,1.966,0.000,-3.500,joint_grid_transaction,76,76,1,6,3,0.000,1.00,-3.047,False,None,0.000,False
130.304,4,en_route_delivery,4.404,2.219,3.000,-1.500,_joint_stall_recovery,77,76,0,7,4,0.000,1.00,0.581,False,None,0.000,False
130.304,5,en_route_delivery,3.701,2.056,6.000,-3.500,joint_grid_transaction,76,76,1,4,5,130.528,0.40,0.262,False,None,0.000,False
130.304,6,en_route_pickup,-0.878,-2.569,-1.000,-1.500,joint_grid_transaction,76,76,0,2,6,0.000,1.00,-1.257,True,None,0.000,False
130.304,7,en_route_delivery,0.057,-3.265,6.000,3.500,joint_grid_transaction,76,76,0,6,7,0.000,1.00,1.296,True,None,0.000,True
130.304,8,en_route_pickup,0.604,-3.217,-6.000,-3.500,joint_grid_transaction,76,76,0,4,8,133.024,0.40,-3.121,True,None,0.000,True
130.560,1,en_route_pickup,-0.949,-2.024,6.000,3.500,joint_grid_transaction,76,76,0,4,9,0.000,1.00,-0.099,True,None,0.000,False
130.560,2,en_route_delivery,-4.239,-1.588,0.000,-3.500,joint_grid_transaction,76,76,1,6,2,0.000,1.00,-1.664,False,None,0.000,False
130.560,3,en_route_delivery,-3.617,1.970,0.000,-3.500,joint_grid_transaction,76,76,1,6,3,0.000,1.00,-3.047,False,None,0.000,False
130.560,4,en_route_delivery,4.444,2.193,3.000,-1.500,_joint_stall_recovery,77,76,0,7,4,0.000,1.00,0.573,False,None,0.000,False
130.560,5,en_route_delivery,3.697,2.058,6.000,-3.500,joint_grid_transaction,76,76,1,4,5,0.000,1.00,0.329,False,None,0.000,False
130.560,6,en_route_pickup,-0.878,-2.569,-1.000,-1.500,joint_grid_transaction,76,76,0,2,6,0.000,1.00,-1.257,True,None,0.000,False
130.560,7,en_route_delivery,0.057,-3.265,6.000,3.500,joint_grid_transaction,76,76,0,6,7,0.000,1.00,1.296,True,None,0.000,True
130.560,8,en_route_pickup,0.604,-3.217,-6.000,-3.500,joint_grid_transaction,76,76,0,4,8,133.024,0.40,-3.121,True,None,0.000,True
130.816,1,en_route_pickup,-0.949,-2.024,6.000,3.500,joint_grid_transaction,76,76,0,4,9,0.000,1.00,-0.099,True,None,0.000,False
130.816,2,en_route_delivery,-4.243,-1.631,0.000,-3.500,joint_grid_transaction,76,76,1,6,2,0.000,1.00,-1.664,False,None,0.000,False
130.816,3,en_route_delivery,-3.661,1.975,0.000,-3.500,joint_grid_transaction,76,76,1,6,3,0.000,1.00,-3.048,False,None,0.000,False
130.816,4,en_route_delivery,4.446,2.171,3.000,-1.500,_joint_stall_recovery,77,76,1,7,4,0.000,1.00,0.748,False,None,0.000,False
130.816,5,en_route_delivery,3.673,2.071,6.000,-3.500,joint_grid_transaction,76,76,1,4,5,0.000,1.00,0.627,False,None,0.000,False
130.816,6,en_route_pickup,-0.878,-2.569,-1.000,-1.500,joint_grid_transaction,76,76,0,2,6,0.000,1.00,-1.257,True,None,0.000,False
130.816,7,en_route_delivery,0.057,-3.265,6.000,3.500,joint_grid_transaction,76,76,0,6,7,0.000,1.00,1.296,True,None,0.000,True
130.816,8,en_route_pickup,0.604,-3.217,-6.000,-3.500,joint_grid_transaction,76,76,0,4,8,133.024,0.40,-3.121,True,None,0.000,True
131.072,1,en_route_pickup,-0.949,-2.024,6.000,3.500,joint_grid_transaction,76,76,0,4,9,0.000,1.00,-0.099,True,None,0.000,False
131.072,2,en_route_delivery,-4.247,-1.673,0.000,-3.500,joint_grid_transaction,76,76,1,6,2,0.000,1.00,-1.663,False,None,0.000,False
131.072,3,en_route_delivery,-3.705,1.979,0.000,-3.500,joint_grid_transaction,76,76,1,6,3,0.000,1.00,-3.048,False,None,0.000,False
131.072,4,en_route_delivery,4.426,2.151,3.000,-1.500,_joint_stall_recovery,77,76,1,7,4,0.000,1.00,0.920,False,None,0.000,False
131.072,5,en_route_delivery,3.646,2.096,6.000,-3.500,joint_grid_transaction,76,76,1,4,5,0.000,1.00,0.864,False,None,0.000,False
131.072,6,en_route_pickup,-0.878,-2.569,-1.000,-1.500,joint_grid_transaction,76,76,0,2,6,0.000,1.00,-1.257,True,None,0.000,False
131.072,7,en_route_delivery,0.057,-3.265,6.000,3.500,joint_grid_transaction,76,76,0,6,7,0.000,1.00,1.296,True,None,0.000,True
131.072,8,en_route_pickup,0.604,-3.217,-6.000,-3.500,joint_grid_transaction,76,76,0,4,8,133.024,0.40,-3.121,True,None,0.000,True
131.328,1,en_route_pickup,-0.949,-2.024,6.000,3.500,joint_grid_transaction,79,79,0,5,9,0.000,1.00,-0.099,True,None,0.000,True
131.328,2,en_route_delivery,-4.246,-1.676,0.000,-3.500,joint_grid_transaction,79,79,1,7,2,0.000,1.00,-1.323,False,None,0.000,False
131.328,3,en_route_delivery,-3.702,1.983,0.000,-3.500,joint_grid_transaction,79,79,1,12,3,0.000,1.00,-2.759,False,None,0.000,False
131.328,4,en_route_delivery,4.416,2.138,3.000,-1.500,_joint_stall_recovery,77,76,1,7,4,0.000,1.00,1.051,False,None,0.000,False
131.328,5,en_route_delivery,3.627,2.120,6.000,-3.500,joint_grid_transaction,79,79,1,5,5,0.000,1.00,1.102,False,None,0.000,False
131.328,6,en_route_pickup,-0.878,-2.569,-1.000,-1.500,joint_grid_transaction,79,79,0,2,6,0.000,1.00,-1.257,True,None,0.000,True
131.328,7,en_route_delivery,0.057,-3.265,6.000,3.500,joint_grid_transaction,79,79,0,7,7,0.000,1.00,1.296,True,None,0.000,True
131.328,8,en_route_pickup,0.604,-3.217,-6.000,-3.500,joint_grid_transaction,79,79,0,4,8,133.024,0.40,-3.121,True,None,0.000,True
131.584,1,en_route_pickup,-0.949,-2.024,6.000,3.500,joint_grid_transaction,79,79,0,5,9,0.000,1.00,-0.099,True,None,0.000,True
131.584,2,en_route_delivery,-4.240,-1.660,0.000,-3.500,joint_grid_transaction,79,79,1,7,2,0.000,1.00,-1.074,False,None,0.000,False
131.584,3,en_route_delivery,-3.677,1.998,0.000,-3.500,joint_grid_transaction,79,79,1,12,3,0.000,1.00,-2.473,False,None,0.000,False
131.584,4,en_route_delivery,4.434,2.101,3.000,-1.500,_joint_stall_recovery,77,76,1,7,4,0.000,1.00,1.165,False,None,0.000,False
131.584,5,en_route_delivery,3.621,2.132,6.000,-3.500,joint_grid_transaction,79,79,1,5,5,0.000,1.00,1.301,False,None,0.000,False
131.584,6,en_route_pickup,-0.878,-2.569,-1.000,-1.500,joint_grid_transaction,79,79,0,2,6,0.000,1.00,-1.257,True,None,0.000,True
131.584,7,en_route_delivery,0.057,-3.265,6.000,3.500,joint_grid_transaction,79,79,0,7,7,0.000,1.00,1.296,True,None,0.000,True
131.584,8,en_route_pickup,0.604,-3.217,-6.000,-3.500,joint_grid_transaction,79,79,0,4,8,133.024,0.40,-3.121,True,None,0.000,True
131.840,1,en_route_pickup,-0.949,-2.024,6.000,3.500,joint_grid_transaction,79,79,0,5,9,0.000,1.00,-0.099,True,None,0.000,True
131.840,2,en_route_delivery,-4.232,-1.648,0.000,-3.500,joint_grid_transaction,79,79,1,7,2,0.000,1.00,-0.940,False,None,0.000,False
131.840,3,en_route_delivery,-3.650,2.024,0.000,-3.500,joint_grid_transaction,79,79,1,12,3,0.000,1.00,-2.238,False,None,0.000,False
131.840,4,en_route_delivery,4.450,2.057,3.000,-1.500,_joint_stall_recovery,77,76,2,7,4,0.000,1.00,1.284,False,None,0.000,False
131.840,5,en_route_delivery,3.622,2.149,6.000,-3.500,joint_grid_transaction,79,79,1,5,5,0.000,1.00,1.393,False,None,0.000,False
131.840,6,en_route_pickup,-0.878,-2.569,-1.000,-1.500,joint_grid_transaction,79,79,0,2,6,0.000,1.00,-1.257,True,None,0.000,True
131.840,7,en_route_delivery,0.057,-3.265,6.000,3.500,joint_grid_transaction,79,79,0,7,7,0.000,1.00,1.296,True,None,0.000,True
131.840,8,en_route_pickup,0.604,-3.217,-6.000,-3.500,joint_grid_transaction,79,79,0,4,8,133.024,0.40,-3.121,True,None,0.000,True
132.096,1,en_route_pickup,-0.949,-2.024,6.000,3.500,joint_grid_transaction,79,79,0,5,9,0.000,1.00,-0.099,True,None,0.000,True
132.096,2,en_route_delivery,-4.205,-1.674,0.000,-3.500,joint_grid_transaction,79,79,1,7,2,0.000,1.00,-0.819,False,None,0.000,False
132.096,3,en_route_delivery,-3.632,2.050,0.000,-3.500,joint_grid_transaction,79,79,1,12,3,0.000,1.00,-1.955,False,None,0.000,False
132.096,4,en_route_delivery,4.461,2.011,3.000,-1.500,_joint_stall_recovery,77,76,2,7,4,0.000,1.00,1.367,False,None,0.000,False
132.096,5,en_route_delivery,3.628,2.189,6.000,-3.500,joint_grid_transaction,79,79,1,5,5,0.000,1.00,1.472,False,None,0.000,False
132.096,6,en_route_pickup,-0.878,-2.569,-1.000,-1.500,joint_grid_transaction,79,79,0,2,6,0.000,1.00,-1.257,True,None,0.000,True
132.096,7,en_route_delivery,0.057,-3.265,6.000,3.500,joint_grid_transaction,79,79,0,7,7,0.000,1.00,1.296,True,None,0.000,True
132.096,8,en_route_pickup,0.604,-3.217,-6.000,-3.500,joint_grid_transaction,79,79,0,4,8,133.024,0.40,-3.121,True,None,0.000,True
132.352,1,en_route_pickup,-0.949,-2.024,6.000,3.500,joint_grid_transaction,79,79,0,5,9,0.000,1.00,-0.099,True,None,0.000,True
132.352,2,en_route_delivery,-4.171,-1.707,0.000,-3.500,joint_grid_transaction,79,79,1,7,2,0.000,1.00,-0.737,False,None,0.000,False
132.352,3,en_route_delivery,-3.627,2.063,0.000,-3.500,joint_grid_transaction,79,79,1,12,3,0.000,1.00,-1.569,False,None,0.000,False
132.352,4,en_route_delivery,4.469,1.964,3.000,-1.500,_joint_stall_recovery,77,76,2,7,4,0.000,1.00,1.421,False,None,0.000,False
132.352,5,en_route_delivery,3.631,2.228,6.000,-3.500,joint_grid_transaction,79,79,1,5,5,0.000,1.00,1.514,False,None,0.000,False
132.352,6,en_route_pickup,-0.878,-2.569,-1.000,-1.500,joint_grid_transaction,79,79,0,2,6,0.000,1.00,-1.257,True,None,0.000,True
132.352,7,en_route_delivery,0.057,-3.265,6.000,3.500,joint_grid_transaction,79,79,0,7,7,0.000,1.00,1.296,True,None,0.000,True
132.352,8,en_route_pickup,0.604,-3.217,-6.000,-3.500,joint_grid_transaction,79,79,0,4,8,133.024,0.40,-3.121,True,None,0.000,True
132.608,1,en_route_pickup,-0.949,-2.024,6.000,3.500,joint_grid_transaction,79,79,0,5,9,0.000,1.00,-0.099,True,None,0.000,True
132.608,2,en_route_delivery,-4.135,-1.737,0.000,-3.500,joint_grid_transaction,79,79,1,7,2,0.000,1.00,-0.683,False,None,0.000,False
132.608,3,en_route_delivery,-3.624,2.050,0.000,-3.500,joint_grid_transaction,79,79,1,12,3,0.000,1.00,-1.179,False,None,0.000,False
132.608,4,en_route_delivery,4.476,1.917,3.000,-1.500,_joint_stall_recovery,77,76,2,7,4,0.000,1.00,1.456,False,None,0.000,False
132.608,5,en_route_delivery,3.633,2.262,6.000,-3.500,joint_grid_transaction,79,79,1,5,5,0.000,1.00,1.514,False,None,0.000,False
132.608,6,en_route_pickup,-0.878,-2.569,-1.000,-1.500,joint_grid_transaction,79,79,0,2,6,0.000,1.00,-1.257,True,None,0.000,True
132.608,7,en_route_delivery,0.057,-3.265,6.000,3.500,joint_grid_transaction,79,79,0,7,7,0.000,1.00,1.296,True,None,0.000,True
132.608,8,en_route_pickup,0.604,-3.217,-6.000,-3.500,joint_grid_transaction,79,79,0,4,8,133.024,0.40,-3.121,True,None,0.000,True
132.864,1,en_route_pickup,-0.949,-2.024,6.000,3.500,joint_grid_transaction,79,79,0,5,9,0.000,1.00,-0.099,True,None,0.000,True
132.864,2,en_route_delivery,-4.097,-1.767,0.000,-3.500,joint_grid_transaction,79,79,1,7,2,0.000,1.00,-0.647,False,None,0.000,False
132.864,3,en_route_delivery,-3.609,2.025,0.000,-3.500,joint_grid_transaction,79,79,1,12,3,0.000,1.00,-0.895,False,None,0.000,False
132.864,4,en_route_delivery,4.480,1.870,3.000,-1.500,_joint_stall_recovery,77,76,2,7,4,0.000,1.00,1.475,False,None,0.000,False
132.864,5,en_route_delivery,3.635,2.296,6.000,-3.500,joint_grid_transaction,79,79,1,5,5,0.000,1.00,1.513,False,None,0.000,False
132.864,6,en_route_pickup,-0.878,-2.569,-1.000,-1.500,joint_grid_transaction,79,79,0,2,6,0.000,1.00,-1.257,True,None,0.000,True
132.864,7,en_route_delivery,0.057,-3.265,6.000,3.500,joint_grid_transaction,79,79,0,7,7,0.000,1.00,1.296,True,None,0.000,True
132.864,8,en_route_pickup,0.604,-3.217,-6.000,-3.500,joint_grid_transaction,79,79,0,4,8,133.024,0.40,-3.121,True,None,0.000,True
133.120,1,en_route_pickup,-0.949,-2.024,6.000,3.500,joint_grid_transaction,80,79,0,8,9,0.000,1.00,-0.099,True,None,0.000,True
133.120,2,en_route_delivery,-4.060,-1.795,0.000,-3.500,joint_grid_transaction,80,79,1,8,2,0.000,1.00,-0.635,False,None,0.000,False
133.120,3,en_route_delivery,-3.583,1.998,0.000,-3.500,joint_grid_transaction,80,79,1,24,3,0.000,1.00,-0.670,False,None,0.000,False
133.120,4,en_route_delivery,4.482,1.845,3.000,-1.500,_joint_stall_recovery,77,76,2,7,4,0.000,1.00,1.583,False,None,0.000,False
133.120,5,en_route_delivery,3.637,2.328,6.000,-3.500,joint_grid_transaction,80,79,1,4,5,0.000,1.00,1.505,False,None,0.000,False
133.120,6,en_route_pickup,-0.878,-2.569,-1.000,-1.500,joint_grid_transaction,80,79,0,2,6,0.000,1.00,-1.257,True,None,0.000,True
133.120,7,en_route_delivery,0.057,-3.265,6.000,3.500,joint_grid_transaction,80,79,0,9,7,0.000,1.00,1.296,True,None,0.000,True
133.120,8,en_route_pickup,0.604,-3.217,-6.000,-3.500,joint_grid_transaction,80,79,0,4,8,133.124,0.40,-3.121,True,None,0.000,True
133.376,1,en_route_pickup,-0.949,-2.024,6.000,3.500,joint_grid_transaction,80,80,0,8,9,0.000,1.00,-0.099,True,None,0.000,True
133.376,2,en_route_delivery,-4.022,-1.822,0.000,-3.500,joint_grid_transaction,80,80,2,8,2,0.000,1.00,-0.617,False,None,0.000,False
133.376,3,en_route_delivery,-3.565,1.984,0.000,-3.500,joint_grid_transaction,80,80,1,24,3,0.000,1.00,-0.475,False,None,0.000,False
133.376,4,en_route_delivery,4.479,1.825,3.000,-1.500,_joint_stall_recovery,77,76,3,7,4,0.000,1.00,1.665,False,None,0.000,False
133.376,5,en_route_delivery,3.641,2.316,6.000,-3.500,joint_grid_transaction,80,80,1,4,5,0.000,1.00,1.186,False,None,0.000,False
133.376,6,en_route_pickup,-0.878,-2.569,-1.000,-1.500,joint_grid_transaction,80,80,0,2,6,0.000,1.00,-1.257,True,None,0.000,True
133.376,7,en_route_delivery,0.057,-3.265,6.000,3.500,joint_grid_transaction,80,80,0,9,7,0.000,1.00,1.296,True,None,0.000,True
133.376,8,en_route_pickup,0.604,-3.217,-6.000,-3.500,joint_grid_transaction,80,80,0,4,8,0.000,0.40,-3.121,True,None,0.000,True
133.632,1,en_route_pickup,-0.949,-2.024,6.000,3.500,joint_grid_transaction,80,80,0,8,9,0.000,1.00,-0.099,True,None,0.000,True
133.632,2,en_route_delivery,-3.983,-1.849,0.000,-3.500,joint_grid_transaction,80,80,2,8,2,0.000,1.00,-0.600,False,None,0.000,False
133.632,3,en_route_delivery,-3.554,1.979,0.000,-3.500,joint_grid_transaction,80,80,1,24,3,0.000,1.00,-0.320,False,None,0.000,False
133.632,4,en_route_delivery,4.472,1.791,3.000,-1.500,_joint_stall_recovery,77,76,3,7,4,0.000,1.00,1.705,False,None,0.000,False
133.632,5,en_route_delivery,3.648,2.302,6.000,-3.500,joint_grid_transaction,80,80,1,4,5,0.000,1.00,1.010,False,None,0.000,False
133.632,6,en_route_pickup,-0.878,-2.569,-1.000,-1.500,joint_grid_transaction,80,80,0,2,6,0.000,1.00,-1.257,True,None,0.000,True
133.632,7,en_route_delivery,0.057,-3.265,6.000,3.500,joint_grid_transaction,80,80,0,9,7,0.000,1.00,1.296,True,None,0.000,True
133.632,8,en_route_pickup,0.604,-3.217,-6.000,-3.500,joint_grid_transaction,80,80,0,4,8,0.000,1.00,-3.121,True,None,0.000,True
133.888,1,en_route_pickup,-0.949,-2.024,6.000,3.500,joint_grid_transaction,80,80,0,8,9,0.000,1.00,-0.099,True,None,0.000,True
133.888,2,en_route_delivery,-3.944,-1.876,0.000,-3.500,joint_grid_transaction,80,80,2,8,2,0.000,1.00,-0.589,False,None,0.000,False
133.888,3,en_route_delivery,-3.517,1.989,0.000,-3.500,joint_grid_transaction,80,80,1,24,3,0.000,1.00,-0.222,False,None,0.000,False
133.888,4,en_route_delivery,4.463,1.754,3.000,-1.500,_joint_stall_recovery,77,76,3,7,4,0.000,1.00,1.757,False,None,0.000,False
133.888,5,en_route_delivery,3.664,2.308,6.000,-3.500,joint_grid_transaction,80,80,1,4,5,0.000,1.00,0.886,False,None,0.000,False
133.888,6,en_route_pickup,-0.878,-2.569,-1.000,-1.500,joint_grid_transaction,80,80,0,2,6,0.000,1.00,-1.257,True,None,0.000,True
133.888,7,en_route_delivery,0.057,-3.265,6.000,3.500,joint_grid_transaction,80,80,0,9,7,0.000,1.00,1.296,True,None,0.000,True
133.888,8,en_route_pickup,0.604,-3.217,-6.000,-3.500,joint_grid_transaction,80,80,0,4,8,0.000,1.00,-3.121,True,None,0.000,True
134.144,1,en_route_pickup,-0.949,-2.024,6.000,3.500,joint_grid_transaction,80,80,0,8,9,134.316,0.65,-0.099,True,None,0.000,True
134.144,2,en_route_delivery,-3.905,-1.903,0.000,-3.500,joint_grid_transaction,80,80,3,8,2,0.000,1.00,-0.635,False,None,0.000,False
134.144,3,en_route_delivery,-3.470,1.997,0.000,-3.500,joint_grid_transaction,80,80,1,24,3,0.000,1.00,-0.134,False,None,0.000,False
134.144,4,en_route_delivery,4.452,1.712,3.000,-1.500,_joint_stall_recovery,77,76,3,7,4,0.000,1.00,1.821,False,None,0.000,False
134.144,5,en_route_delivery,3.696,2.342,6.000,-3.500,joint_grid_transaction,80,80,1,4,5,0.000,1.00,0.786,False,None,0.000,False
134.144,6,en_route_pickup,-0.878,-2.569,-1.000,-1.500,joint_grid_transaction,80,80,0,2,6,134.316,0.40,-1.257,True,None,0.000,True
134.144,7,en_route_delivery,0.057,-3.265,6.000,3.500,joint_grid_transaction,80,80,0,9,7,134.316,0.65,1.296,True,None,0.000,True
134.144,8,en_route_pickup,0.604,-3.217,-6.000,-3.500,joint_grid_transaction,80,80,0,4,8,134.316,0.40,-3.121,True,None,0.000,True
134.400,1,en_route_pickup,-0.949,-2.024,6.000,3.500,joint_grid_transaction,80,80,0,8,9,0.000,0.65,-0.099,True,None,0.000,True
134.400,2,en_route_delivery,-3.867,-1.932,0.000,-3.500,joint_grid_transaction,80,80,3,8,2,0.000,1.00,-0.678,False,None,0.000,False
134.400,3,en_route_delivery,-3.423,2.002,0.000,-3.500,joint_grid_transaction,80,80,1,24,3,0.000,1.00,-0.084,False,None,0.000,False
134.400,4,en_route_delivery,4.438,1.667,3.000,-1.500,_joint_stall_recovery,77,76,3,7,4,0.000,1.00,1.888,False,None,0.000,False
134.400,5,en_route_delivery,3.730,2.375,6.000,-3.500,joint_grid_transaction,80,80,1,4,5,0.000,1.00,0.723,False,None,0.000,False
134.400,6,en_route_pickup,-0.878,-2.569,-1.000,-1.500,joint_grid_transaction,80,80,0,2,6,0.000,0.40,-1.257,True,None,0.000,True
134.400,7,en_route_delivery,0.057,-3.265,6.000,3.500,joint_grid_transaction,80,80,0,9,7,0.000,0.65,1.296,True,None,0.000,True
134.400,8,en_route_pickup,0.604,-3.217,-6.000,-3.500,joint_grid_transaction,80,80,0,4,8,0.000,0.40,-3.121,True,None,0.000,True
134.656,1,en_route_pickup,-0.949,-2.024,6.000,3.500,joint_grid_transaction,80,80,0,8,9,134.828,0.65,-0.099,True,None,0.000,True
134.656,2,en_route_delivery,-3.831,-1.962,0.000,-3.500,joint_grid_transaction,80,80,3,8,2,0.000,1.00,-0.705,False,None,0.000,False
134.656,3,en_route_delivery,-3.380,2.005,0.000,-3.500,joint_grid_transaction,80,80,1,24,3,0.000,1.00,-0.077,False,None,0.000,False
134.656,4,en_route_delivery,4.422,1.622,3.000,-1.500,_joint_stall_recovery,77,76,3,7,4,0.000,1.00,1.933,False,None,0.000,False
134.656,5,en_route_delivery,3.767,2.405,6.000,-3.500,joint_grid_transaction,80,80,1,4,5,0.000,1.00,0.682,False,None,0.000,False
134.656,6,en_route_pickup,-0.878,-2.569,-1.000,-1.500,joint_grid_transaction,80,80,0,2,6,134.828,0.40,-1.257,True,None,0.000,True
134.656,7,en_route_delivery,0.057,-3.265,6.000,3.500,joint_grid_transaction,80,80,0,9,7,134.828,0.65,1.296,True,None,0.000,True
134.656,8,en_route_pickup,0.604,-3.217,-6.000,-3.500,joint_grid_transaction,80,80,0,4,8,134.828,0.40,-3.121,True,None,0.000,True
134.912,1,en_route_pickup,-0.949,-2.024,6.000,3.500,joint_grid_transaction,80,80,0,8,9,0.000,0.65,-0.099,True,None,0.000,True
134.912,2,en_route_delivery,-3.794,-1.994,0.000,-3.500,joint_grid_transaction,80,80,3,8,2,0.000,1.00,-0.723,False,None,0.000,False
134.912,3,en_route_delivery,-3.339,2.009,0.000,-3.500,joint_grid_transaction,80,80,1,24,3,0.000,1.00,-0.077,False,None,0.000,False
134.912,4,en_route_delivery,4.405,1.578,3.000,-1.500,_joint_stall_recovery,77,76,3,7,4,0.000,1.00,1.964,False,None,0.000,False
134.912,5,en_route_delivery,3.804,2.435,6.000,-3.500,joint_grid_transaction,80,80,1,4,5,0.000,1.00,0.656,False,None,0.000,False
134.912,6,en_route_pickup,-0.878,-2.569,-1.000,-1.500,joint_grid_transaction,80,80,0,2,6,0.000,0.40,-1.257,True,None,0.000,True
134.912,7,en_route_delivery,0.057,-3.265,6.000,3.500,joint_grid_transaction,80,80,0,9,7,0.000,0.65,1.296,True,None,0.000,True
134.912,8,en_route_pickup,0.604,-3.217,-6.000,-3.500,joint_grid_transaction,80,80,0,4,8,0.000,0.40,-3.121,True,None,0.000,True
135.168,1,en_route_pickup,-0.949,-2.024,6.000,3.500,joint_grid_transaction,81,80,0,9,9,135.324,0.65,-0.099,True,None,0.000,True
135.168,2,en_route_delivery,-3.759,-2.026,0.000,-3.500,joint_grid_transaction,81,80,3,6,2,0.000,1.00,-0.729,False,None,0.000,False
135.168,3,en_route_delivery,-3.297,2.012,0.000,-3.500,joint_grid_transaction,81,80,1,9,3,0.000,1.00,-0.077,False,None,0.000,False
135.168,4,en_route_delivery,4.397,1.563,3.000,-1.500,joint_grid_transaction,81,76,4,7,4,0.000,1.00,1.971,False,None,0.000,False
135.168,5,en_route_delivery,3.842,2.464,6.000,-3.500,joint_grid_transaction,81,80,1,5,5,0.000,1.00,0.670,False,None,0.000,False
135.168,6,en_route_pickup,-0.878,-2.569,-1.000,-1.500,joint_grid_transaction,81,80,0,2,6,135.324,0.40,-1.257,True,None,0.000,True
135.168,7,en_route_delivery,0.057,-3.265,6.000,3.500,joint_grid_transaction,81,80,0,5,7,135.324,0.65,1.296,True,None,0.000,True
135.168,8,en_route_pickup,0.604,-3.217,-6.000,-3.500,joint_grid_transaction,81,80,0,4,8,135.324,0.40,-3.121,True,None,0.000,True
135.424,1,en_route_pickup,-0.949,-2.024,6.000,3.500,joint_grid_transaction,81,81,0,9,9,0.000,0.65,-0.099,True,None,0.000,True
135.424,2,en_route_delivery,-3.723,-2.057,0.000,-3.500,joint_grid_transaction,81,81,1,6,2,0.000,1.00,-0.723,False,None,0.000,False
135.424,3,en_route_delivery,-3.255,2.015,0.000,-3.500,joint_grid_transaction,81,81,1,9,3,0.000,1.00,-0.077,False,None,0.000,False
135.424,4,en_route_delivery,4.381,1.589,3.000,-1.500,joint_grid_transaction,81,81,1,7,4,0.000,1.00,2.253,False,None,0.000,False
135.424,5,en_route_delivery,3.877,2.494,6.000,-3.500,joint_grid_transaction,81,81,1,5,5,0.000,1.00,0.754,False,None,0.000,False
135.424,6,en_route_pickup,-0.878,-2.569,-1.000,-1.500,joint_grid_transaction,81,81,0,2,6,0.000,0.40,-1.257,True,None,0.000,True
135.424,7,en_route_delivery,0.057,-3.265,6.000,3.500,joint_grid_transaction,81,81,0,5,7,0.000,0.65,1.296,False,None,0.000,True
135.424,8,en_route_pickup,0.604,-3.217,-6.000,-3.500,joint_grid_transaction,81,81,0,4,8,0.000,0.40,-3.121,False,None,0.000,True
135.680,1,en_route_pickup,-0.949,-2.024,6.000,3.500,joint_grid_transaction,81,81,0,9,9,135.820,0.65,-0.099,True,None,0.000,True
135.680,2,en_route_delivery,-3.687,-2.089,0.000,-3.500,joint_grid_transaction,81,81,1,6,2,0.000,1.00,-0.718,False,None,0.000,False
135.680,3,en_route_delivery,-3.213,2.018,0.000,-3.500,joint_grid_transaction,81,81,1,9,3,0.000,1.00,-0.077,False,None,0.000,False
135.680,4,en_route_delivery,4.355,1.616,3.000,-1.500,joint_grid_transaction,81,81,1,7,4,0.000,1.00,2.489,False,None,0.000,False
135.680,5,en_route_delivery,3.911,2.528,6.000,-3.500,joint_grid_transaction,81,81,1,5,5,0.000,1.00,0.807,False,None,0.000,False
135.680,6,en_route_pickup,-0.878,-2.569,-1.000,-1.500,joint_grid_transaction,81,81,0,2,6,135.820,0.40,-1.257,True,None,0.000,True
135.680,7,en_route_delivery,0.057,-3.265,6.000,3.500,joint_grid_transaction,81,81,0,5,7,0.000,0.65,1.296,False,None,0.000,False
135.680,8,en_route_pickup,0.604,-3.217,-6.000,-3.500,_command_reverse,82,81,0,1,8,0.000,0.40,-3.121,False,None,0.000,False
135.936,1,en_route_pickup,-0.949,-2.024,6.000,3.500,joint_grid_transaction,81,81,0,9,9,0.000,0.65,-0.099,True,None,0.000,True
135.936,2,en_route_delivery,-3.661,-2.107,0.000,-3.500,joint_grid_transaction,81,81,2,6,2,0.000,1.00,-0.666,False,None,0.000,False
135.936,3,en_route_delivery,-3.172,2.022,0.000,-3.500,joint_grid_transaction,81,81,1,9,3,0.000,1.00,-0.078,False,None,0.000,False
135.936,4,en_route_delivery,4.330,1.633,3.000,-1.500,joint_grid_transaction,81,81,1,7,4,0.000,1.00,2.776,False,None,0.000,False
135.936,5,en_route_delivery,3.943,2.563,6.000,-3.500,joint_grid_transaction,81,81,1,5,5,0.000,1.00,0.840,False,None,0.000,False
135.936,6,en_route_pickup,-0.878,-2.569,-1.000,-1.500,joint_grid_transaction,81,81,0,2,6,0.000,0.40,-1.257,True,None,0.000,True
135.936,7,en_route_delivery,0.057,-3.265,6.000,3.500,joint_grid_transaction,81,81,0,5,7,0.000,1.00,1.296,False,None,0.000,False
135.936,8,en_route_pickup,0.604,-3.217,-6.000,-3.500,_command_reverse,82,81,0,1,8,0.000,0.40,-3.121,False,None,0.000,True
136.192,1,en_route_pickup,-0.949,-2.024,6.000,3.500,joint_grid_transaction,81,81,0,9,9,136.316,0.65,-0.099,True,None,0.000,True
136.192,2,en_route_delivery,-3.631,-2.123,0.000,-3.500,joint_grid_transaction,81,81,2,6,2,0.000,1.00,-0.553,False,None,0.000,False
136.192,3,en_route_delivery,-3.130,2.025,0.000,-3.500,joint_grid_transaction,81,81,1,9,3,0.000,1.00,-0.078,False,None,0.000,False
136.192,4,en_route_delivery,4.318,1.638,3.000,-1.500,joint_grid_transaction,81,81,1,7,4,0.000,1.00,-3.113,False,None,0.000,False
136.192,5,en_route_delivery,3.975,2.599,6.000,-3.500,joint_grid_transaction,81,81,1,5,5,0.000,1.00,0.861,False,None,0.000,False
136.192,6,en_route_pickup,-0.878,-2.569,-1.000,-1.500,joint_grid_transaction,81,81,0,2,6,136.316,0.40,-1.257,True,None,0.000,True
136.192,7,en_route_delivery,0.057,-3.265,6.000,3.500,_command_reverse,84,81,0,1,7,0.000,1.00,1.296,False,None,0.000,True
136.192,8,en_route_pickup,0.604,-3.217,-6.000,-3.500,_command_reverse,82,81,0,1,8,0.000,0.60,-3.121,False,None,0.000,False
136.448,1,en_route_pickup,-0.949,-2.024,6.000,3.500,joint_grid_transaction,81,81,0,9,9,0.000,0.65,-0.099,True,None,0.000,True
136.448,2,en_route_delivery,-3.590,-2.145,0.000,-3.500,joint_grid_transaction,81,81,2,6,2,0.000,1.00,-0.455,False,None,0.000,False
136.448,3,en_route_delivery,-3.088,2.028,0.000,-3.500,joint_grid_transaction,81,81,1,9,3,0.000,1.00,-0.078,False,None,0.000,False
136.448,4,en_route_delivery,4.332,1.641,3.000,-1.500,joint_grid_transaction,81,81,1,7,4,0.000,1.00,-2.731,False,None,0.000,False
136.448,5,en_route_delivery,4.006,2.635,6.000,-3.500,joint_grid_transaction,81,81,1,5,5,0.000,1.00,0.874,False,None,0.000,False
136.448,6,en_route_pickup,-0.878,-2.569,-1.000,-1.500,joint_grid_transaction,81,81,0,2,6,0.000,0.40,-1.257,True,None,0.000,True
136.448,7,en_route_delivery,0.057,-3.265,6.000,3.500,_command_reverse,84,81,0,1,7,0.000,1.00,1.296,False,None,0.000,True
136.448,8,en_route_pickup,0.604,-3.217,-6.000,-3.500,_command_reverse,82,81,0,1,8,0.000,0.60,-3.121,False,None,0.000,False
136.704,1,en_route_pickup,-0.949,-2.024,6.000,3.500,joint_grid_transaction,81,81,0,9,9,136.828,0.65,-0.099,True,None,0.000,True
136.704,2,en_route_delivery,-3.547,-2.164,0.000,-3.500,joint_grid_transaction,81,81,2,6,2,0.000,1.00,-0.388,False,None,0.000,False
136.704,3,en_route_delivery,-3.046,2.031,0.000,-3.500,joint_grid_transaction,81,81,1,9,3,0.000,1.00,-0.078,False,None,0.000,False
136.704,4,en_route_delivery,4.357,1.657,3.000,-1.500,joint_grid_transaction,81,81,1,7,4,0.000,1.00,-2.455,False,None,0.000,False
136.704,5,en_route_delivery,4.036,2.672,6.000,-3.500,joint_grid_transaction,81,81,1,5,5,0.000,1.00,0.882,False,None,0.000,False
136.704,6,en_route_pickup,-0.878,-2.569,-1.000,-1.500,joint_grid_transaction,81,81,0,2,6,136.828,0.40,-1.257,True,None,0.000,True
136.704,7,en_route_delivery,0.057,-3.265,6.000,3.500,_command_reverse,84,81,0,1,7,136.828,0.65,1.296,False,None,0.000,False
136.704,8,en_route_pickup,0.604,-3.217,-6.000,-3.500,_command_reverse,82,81,0,1,8,136.828,0.40,-3.121,False,None,0.000,False
136.960,1,en_route_pickup,-0.949,-2.024,6.000,3.500,joint_grid_transaction,81,81,0,9,9,0.000,0.65,-0.099,True,None,0.000,True
136.960,2,en_route_delivery,-3.502,-2.181,0.000,-3.500,joint_grid_transaction,81,81,2,6,2,0.000,1.00,-0.341,False,None,0.000,False
136.960,3,en_route_delivery,-3.005,2.035,0.000,-3.500,joint_grid_transaction,81,81,1,9,3,0.000,1.00,-0.078,False,None,0.000,False
136.960,4,en_route_delivery,4.378,1.677,3.000,-1.500,joint_grid_transaction,81,81,1,7,4,0.000,1.00,-2.281,False,None,0.000,False
136.960,5,en_route_delivery,4.066,2.709,6.000,-3.500,joint_grid_transaction,81,81,1,5,5,0.000,1.00,0.887,False,None,0.000,False
136.960,6,en_route_pickup,-0.878,-2.569,-1.000,-1.500,joint_grid_transaction,81,81,0,2,6,0.000,0.40,-1.257,True,None,0.000,True
136.960,7,en_route_delivery,0.057,-3.265,6.000,3.500,_command_reverse,84,81,0,1,7,0.000,0.65,1.296,False,None,0.000,False
136.960,8,en_route_pickup,0.604,-3.217,-6.000,-3.500,_command_reverse,82,81,0,1,8,0.000,0.40,-3.121,False,None,0.000,False
137.216,1,en_route_pickup,-0.949,-2.024,6.000,3.500,joint_grid_transaction,81,81,0,9,9,137.324,0.65,-0.099,True,None,0.000,True
137.216,2,en_route_delivery,-3.458,-2.197,0.000,-3.500,joint_grid_transaction,81,81,2,6,2,0.000,1.00,-0.324,False,None,0.000,False
137.216,3,en_route_delivery,-2.963,2.038,0.000,-3.500,joint_grid_transaction,81,81,1,9,3,0.000,1.00,-0.078,False,None,0.000,False
137.216,4,en_route_delivery,4.390,1.691,3.000,-1.500,joint_grid_transaction,81,81,1,7,4,0.000,1.00,-2.148,False,None,0.000,False
137.216,5,en_route_delivery,4.097,2.746,6.000,-3.500,joint_grid_transaction,81,81,1,5,5,0.000,1.00,0.891,False,None,0.000,False
137.216,6,en_route_pickup,-0.878,-2.569,-1.000,-1.500,joint_grid_transaction,81,81,0,2,6,137.324,0.40,-1.257,True,None,0.000,True
137.216,7,en_route_delivery,0.057,-3.265,6.000,3.500,_command_reverse,84,81,0,1,7,137.324,0.65,1.296,False,None,0.000,False
137.216,8,en_route_pickup,0.604,-3.217,-6.000,-3.500,_command_reverse,82,81,0,1,8,137.324,0.40,-3.121,False,None,0.000,False
137.472,1,en_route_pickup,-0.949,-2.024,6.000,3.500,joint_grid_transaction,81,81,0,9,9,0.000,0.65,-0.099,True,None,0.000,True
137.472,2,en_route_delivery,-3.415,-2.214,0.000,-3.500,joint_grid_transaction,81,81,3,6,2,0.000,1.00,-0.426,False,None,0.000,False
137.472,3,en_route_delivery,-2.922,2.041,0.000,-3.500,joint_grid_transaction,81,81,1,9,3,0.000,1.00,-0.079,False,None,0.000,False
137.472,4,en_route_delivery,4.378,1.719,3.000,-1.500,joint_grid_transaction,81,81,1,7,4,0.000,1.00,-2.038,False,None,0.000,False
137.472,5,en_route_delivery,4.127,2.783,6.000,-3.500,joint_grid_transaction,81,81,1,5,5,0.000,1.00,0.893,False,None,0.000,False
137.472,6,en_route_pickup,-0.878,-2.569,-1.000,-1.500,joint_grid_transaction,81,81,0,2,6,0.000,0.40,-1.257,True,None,0.000,True
137.472,7,en_route_delivery,0.057,-3.265,6.000,3.500,_command_reverse,84,81,0,1,7,0.000,0.65,1.296,True,None,0.000,False
137.472,8,en_route_pickup,0.604,-3.217,-6.000,-3.500,_command_reverse,82,81,0,1,8,0.000,0.40,-3.121,True,None,0.000,False
137.728,1,en_route_pickup,-0.949,-2.024,6.000,3.500,joint_grid_transaction,81,81,0,9,9,137.820,0.65,-0.099,True,None,0.000,True
137.728,2,en_route_delivery,-3.373,-2.236,0.000,-3.500,joint_grid_transaction,81,81,3,6,2,0.000,1.00,-0.500,False,None,0.000,False
137.728,3,en_route_delivery,-2.880,2.044,0.000,-3.500,joint_grid_transaction,81,81,1,9,3,0.000,1.00,-0.079,False,None,0.000,False
137.728,4,en_route_delivery,4.359,1.762,3.000,-1.500,joint_grid_transaction,81,81,1,7,4,0.000,1.00,-1.941,False,None,0.000,False
137.728,5,en_route_delivery,4.157,2.821,6.000,-3.500,joint_grid_transaction,81,81,1,5,5,0.000,1.00,0.894,False,None,0.000,False
137.728,6,en_route_pickup,-0.878,-2.569,-1.000,-1.500,joint_grid_transaction,81,81,0,2,6,137.820,0.40,-1.257,True,None,0.000,True
137.728,7,en_route_delivery,0.057,-3.265,6.000,3.500,_command_reverse,84,81,0,1,7,137.820,0.65,1.296,True,None,0.000,False
137.728,8,en_route_pickup,0.604,-3.217,-6.000,-3.500,_command_reverse,82,81,0,1,8,137.820,0.40,-3.121,True,None,0.000,False
137.984,1,en_route_pickup,-0.949,-2.024,6.000,3.500,joint_grid_transaction,81,81,0,9,9,0.000,0.65,-0.099,True,None,0.000,True
137.984,2,en_route_delivery,-3.332,-2.259,0.000,-3.500,joint_grid_transaction,81,81,3,6,2,0.000,1.00,-0.550,False,None,0.000,False
137.984,3,en_route_delivery,-2.839,2.048,0.000,-3.500,joint_grid_transaction,81,81,1,9,3,0.000,1.00,-0.079,False,None,0.000,False
137.984,4,en_route_delivery,4.343,1.807,3.000,-1.500,joint_grid_transaction,81,81,1,7,4,0.000,1.00,-1.878,False,None,0.000,False
137.984,5,en_route_delivery,4.187,2.858,6.000,-3.500,joint_grid_transaction,81,81,1,5,5,0.000,1.00,0.895,False,None,0.000,False
137.984,6,en_route_pickup,-0.878,-2.569,-1.000,-1.500,joint_grid_transaction,81,81,0,2,6,0.000,0.40,-1.257,True,None,0.000,True
137.984,7,en_route_delivery,0.057,-3.265,6.000,3.500,_command_reverse,84,81,0,1,7,0.000,0.65,1.296,True,None,0.000,False
137.984,8,en_route_pickup,0.604,-3.217,-6.000,-3.500,_command_reverse,82,81,0,1,8,0.000,0.40,-3.121,True,None,0.000,False
138.240,1,en_route_pickup,-0.949,-2.024,6.000,3.500,joint_grid_transaction,81,81,0,9,9,138.316,0.65,-0.099,True,None,0.000,True
138.240,2,en_route_delivery,-3.292,-2.285,0.000,-3.500,joint_grid_transaction,81,81,3,6,2,0.000,1.00,-0.583,False,None,0.000,False
138.240,3,en_route_delivery,-2.797,2.051,0.000,-3.500,joint_grid_transaction,81,81,1,9,3,0.000,1.00,-0.079,False,None,0.000,False
138.240,4,en_route_delivery,4.330,1.853,3.000,-1.500,joint_grid_transaction,81,81,1,7,4,0.000,1.00,-1.836,False,None,0.000,False
138.240,5,en_route_delivery,4.216,2.895,6.000,-3.500,joint_grid_transaction,81,81,1,5,5,0.000,1.00,0.896,False,None,0.000,False
138.240,6,en_route_pickup,-0.878,-2.569,-1.000,-1.500,joint_grid_transaction,81,81,0,2,6,138.316,0.40,-1.257,True,None,0.000,True
138.240,7,en_route_delivery,0.057,-3.265,6.000,3.500,_command_reverse,84,81,0,1,7,138.316,0.65,1.296,True,None,0.000,False
138.240,8,en_route_pickup,0.604,-3.217,-6.000,-3.500,_command_reverse,82,81,0,1,8,138.316,0.40,-3.121,True,None,0.000,False
138.496,1,en_route_pickup,-0.949,-2.024,6.000,3.500,joint_grid_transaction,81,81,0,9,9,0.000,0.65,-0.099,False,None,0.000,True
138.496,2,en_route_delivery,-3.252,-2.312,0.000,-3.500,joint_grid_transaction,81,81,3,6,2,0.000,1.00,-0.605,False,None,0.000,False
138.496,3,en_route_delivery,-2.756,2.054,0.000,-3.500,joint_grid_transaction,81,81,1,9,3,0.000,1.00,-0.079,False,None,0.000,False
138.496,4,en_route_delivery,4.318,1.899,3.000,-1.500,joint_grid_transaction,81,81,1,7,4,0.000,1.00,-1.808,False,None,0.000,False
138.496,5,en_route_delivery,4.246,2.933,6.000,-3.500,joint_grid_transaction,81,81,1,5,5,0.000,1.00,0.896,False,None,0.000,False
138.496,6,en_route_pickup,-0.878,-2.569,-1.000,-1.500,joint_grid_transaction,81,81,0,2,6,0.000,0.40,-1.257,False,None,0.000,True
138.496,7,en_route_delivery,0.057,-3.265,6.000,3.500,_command_reverse,84,81,0,1,7,0.000,0.65,1.296,True,None,0.000,False
138.496,8,en_route_pickup,0.604,-3.217,-6.000,-3.500,_command_reverse,82,81,0,1,8,0.000,0.40,-3.121,True,None,0.000,False
138.752,1,en_route_pickup,-0.949,-2.024,6.000,3.500,joint_grid_transaction,81,81,0,9,9,0.000,1.00,-0.099,False,None,0.000,False
138.752,2,en_route_delivery,-3.213,-2.339,0.000,-3.500,joint_grid_transaction,81,81,3,6,2,0.000,1.00,-0.621,False,None,0.000,False
138.752,3,en_route_delivery,-2.715,2.058,0.000,-3.500,joint_grid_transaction,81,81,1,9,3,0.000,1.00,-0.079,False,None,0.000,False
138.752,4,en_route_delivery,4.308,1.945,3.000,-1.500,joint_grid_transaction,81,81,1,7,4,0.000,1.00,-1.788,False,None,0.000,False
138.752,5,en_route_delivery,4.276,2.970,6.000,-3.500,joint_grid_transaction,81,81,1,5,5,0.000,1.00,0.896,False,None,0.000,False
138.752,6,en_route_pickup,-0.878,-2.569,-1.000,-1.500,_priority_yield_resume,91,81,0,1,6,0.000,0.55,-1.257,False,None,0.000,True
138.752,7,en_route_delivery,0.057,-3.265,6.000,3.500,_command_reverse,84,81,0,1,7,0.000,0.65,1.296,True,None,0.000,False
138.752,8,en_route_pickup,0.604,-3.217,-6.000,-3.500,_command_reverse,82,81,0,1,8,0.000,0.40,-3.121,True,None,0.000,False
139.008,1,en_route_pickup,-0.949,-2.024,6.000,3.500,joint_grid_transaction,81,81,0,9,9,0.000,1.00,-0.099,False,None,0.000,False
139.008,2,en_route_delivery,-3.175,-2.367,0.000,-3.500,joint_grid_transaction,81,81,3,6,2,0.000,1.00,-0.632,False,None,0.000,False
139.008,3,en_route_delivery,-2.673,2.061,0.000,-3.500,joint_grid_transaction,81,81,1,9,3,0.000,1.00,-0.079,False,None,0.000,False
139.008,4,en_route_delivery,4.298,1.992,3.000,-1.500,joint_grid_transaction,81,81,1,7,4,0.000,1.00,-1.775,False,None,0.000,False
139.008,5,en_route_delivery,4.306,3.007,6.000,-3.500,joint_grid_transaction,81,81,1,5,5,0.000,1.00,0.896,False,None,0.000,False
139.008,6,en_route_pickup,-0.878,-2.569,-1.000,-1.500,_priority_yield_resume,91,81,0,1,6,0.000,0.55,-1.257,False,None,0.000,True
139.008,7,en_route_delivery,0.057,-3.265,6.000,3.500,_command_reverse,84,81,0,1,7,0.000,0.65,1.296,True,None,0.000,False
139.008,8,en_route_pickup,0.604,-3.217,-6.000,-3.500,_command_reverse,82,81,0,1,8,0.000,0.40,-3.121,True,None,0.000,False
139.264,1,en_route_pickup,-0.949,-2.024,6.000,3.500,joint_grid_transaction,81,81,0,9,9,0.000,1.00,-0.099,False,None,0.000,False
139.264,2,en_route_delivery,-3.160,-2.359,0.000,-3.500,joint_grid_transaction,81,81,4,6,2,0.000,1.00,-0.456,False,None,0.000,False
139.264,3,en_route_delivery,-2.632,2.064,0.000,-3.500,joint_grid_transaction,81,81,1,9,3,0.000,1.00,-0.080,False,None,0.000,False
139.264,4,en_route_delivery,4.289,2.038,3.000,-1.500,joint_grid_transaction,81,81,1,7,4,0.000,1.00,-1.752,False,None,0.000,False
139.264,5,en_route_delivery,4.336,3.045,6.000,-3.500,joint_grid_transaction,81,81,1,5,5,0.000,1.00,0.897,False,None,0.000,False
139.264,6,en_route_pickup,-0.878,-2.569,-1.000,-1.500,_priority_yield_resume,91,81,0,1,6,0.000,0.55,-1.257,False,None,0.000,False
139.264,7,en_route_delivery,0.057,-3.265,6.000,3.500,_command_reverse,84,81,0,1,7,0.000,0.65,1.296,True,None,0.000,False
139.264,8,en_route_pickup,0.604,-3.217,-6.000,-3.500,_command_reverse,82,81,0,1,8,0.000,0.40,-3.121,True,None,0.000,False
139.520,1,en_route_pickup,-0.949,-2.024,6.000,3.500,joint_grid_transaction,81,81,0,9,9,0.000,1.00,-0.099,False,None,0.000,False
139.520,2,en_route_delivery,-3.143,-2.359,0.000,-3.500,joint_grid_transaction,81,81,4,6,2,0.000,1.00,-0.344,False,None,0.000,False
139.520,3,en_route_delivery,-2.591,2.067,0.000,-3.500,joint_grid_transaction,81,81,1,9,3,0.000,1.00,-0.080,False,None,0.000,False
139.520,4,en_route_delivery,4.291,2.037,3.000,-1.500,joint_grid_transaction,81,81,2,7,4,0.000,1.00,-1.332,False,None,0.000,False
139.520,5,en_route_delivery,4.366,3.081,6.000,-3.500,joint_grid_transaction,81,81,1,5,5,0.000,1.00,0.884,False,None,0.000,False
139.520,6,en_route_pickup,-0.878,-2.569,-1.000,-1.500,_priority_yield_resume,91,81,0,1,6,0.000,0.55,-1.257,False,None,0.000,False
139.520,7,en_route_delivery,0.057,-3.265,6.000,3.500,_command_reverse,84,81,0,1,7,0.000,0.65,1.296,True,None,0.000,False
139.520,8,en_route_pickup,0.604,-3.217,-6.000,-3.500,_command_reverse,82,81,0,1,8,0.000,0.40,-3.121,True,None,0.000,False
139.776,1,en_route_pickup,-0.949,-2.024,6.000,3.500,joint_grid_transaction,81,81,0,9,9,0.000,1.00,-0.099,False,None,0.000,False
139.776,2,en_route_delivery,-3.099,-2.372,0.000,-3.500,joint_grid_transaction,81,81,4,6,2,0.000,1.00,-0.231,False,None,0.000,False
139.776,3,en_route_delivery,-2.550,2.071,0.000,-3.500,joint_grid_transaction,81,81,1,9,3,0.000,1.00,-0.080,False,None,0.000,False
139.776,4,en_route_delivery,4.300,2.016,3.000,-1.500,joint_grid_transaction,81,81,2,7,4,0.000,1.00,-1.016,False,None,0.000,False
139.776,5,en_route_delivery,4.387,3.062,6.000,-3.500,joint_grid_transaction,81,81,2,5,5,0.000,1.00,0.660,False,None,0.000,False
139.776,6,en_route_pickup,-0.878,-2.569,-1.000,-1.500,_priority_yield_resume,91,81,0,1,6,0.000,0.55,-1.257,False,None,0.000,False
139.776,7,en_route_delivery,0.057,-3.265,6.000,3.500,_command_reverse,84,81,0,1,7,0.000,0.65,1.296,True,None,0.000,False
139.776,8,en_route_pickup,0.604,-3.217,-6.000,-3.500,_command_reverse,82,81,0,1,8,0.000,0.40,-3.121,True,None,0.000,False
140.032,1,en_route_pickup,-0.949,-2.024,6.000,3.500,joint_grid_transaction,81,81,0,9,9,0.000,1.00,-0.099,False,None,0.000,False
140.032,2,en_route_delivery,-3.052,-2.381,0.000,-3.500,joint_grid_transaction,81,81,4,6,2,0.000,1.00,-0.162,False,None,0.000,False
140.032,3,en_route_delivery,-2.509,2.074,0.000,-3.500,joint_grid_transaction,81,81,1,9,3,0.000,1.00,-0.080,False,None,0.000,False
140.032,4,en_route_delivery,4.315,1.996,3.000,-1.500,joint_grid_transaction,81,81,2,7,4,0.000,1.00,-0.827,False,None,0.000,False
140.032,5,en_route_delivery,4.403,3.050,6.000,-3.500,joint_grid_transaction,81,81,2,5,5,0.000,1.00,0.494,False,None,0.000,False
140.032,6,en_route_pickup,-0.878,-2.569,-1.000,-1.500,_priority_yield_resume,91,81,0,1,6,0.000,0.55,-1.257,False,None,0.000,False
140.032,7,en_route_delivery,0.057,-3.265,6.000,3.500,_command_reverse,84,81,0,1,7,0.000,0.65,1.296,True,None,0.000,False
140.032,8,en_route_pickup,0.604,-3.217,-6.000,-3.500,_command_reverse,82,81,0,1,8,0.000,0.40,-3.121,True,None,0.000,False
140.288,1,en_route_pickup,-0.949,-2.024,6.000,3.500,joint_grid_transaction,81,81,0,9,9,0.000,1.00,-0.099,False,None,0.000,False
140.288,2,en_route_delivery,-3.005,-2.388,0.000,-3.500,joint_grid_transaction,81,81,4,6,2,0.000,1.00,-0.120,False,None,0.000,False
140.288,3,en_route_delivery,-2.468,2.077,0.000,-3.500,joint_grid_transaction,81,81,1,9,3,0.000,1.00,-0.080,False,None,0.000,False
140.288,4,en_route_delivery,4.330,1.981,3.000,-1.500,joint_grid_transaction,81,81,2,7,4,0.000,1.00,-0.705,False,None,0.000,False
140.288,5,en_route_delivery,4.418,3.049,6.000,-3.500,joint_grid_transaction,81,81,2,5,5,0.000,1.00,0.380,False,None,0.000,False
140.288,6,en_route_pickup,-0.878,-2.569,-1.000,-1.500,_priority_yield_resume,91,81,0,1,6,0.000,0.55,-1.257,False,None,0.000,False
140.288,7,en_route_delivery,0.057,-3.265,6.000,3.500,_command_reverse,84,81,0,1,7,0.000,0.65,1.296,True,None,0.000,False
140.288,8,en_route_pickup,0.604,-3.217,-6.000,-3.500,_command_reverse,82,81,0,1,8,0.000,0.40,-3.121,True,None,0.000,False
140.544,1,en_route_pickup,-0.949,-2.024,6.000,3.500,joint_grid_transaction,81,81,0,9,9,0.000,1.00,-0.099,True,None,0.000,False
140.544,2,en_route_delivery,-2.958,-2.393,0.000,-3.500,joint_grid_transaction,81,81,4,6,2,0.000,1.00,-0.097,False,None,0.000,False
140.544,3,en_route_delivery,-2.427,2.081,0.000,-3.500,joint_grid_transaction,81,81,1,9,3,0.000,1.00,-0.080,False,None,0.000,False
140.544,4,en_route_delivery,4.352,1.988,3.000,-1.500,joint_grid_transaction,81,81,2,7,4,0.000,1.00,-0.598,False,None,0.000,False
140.544,5,en_route_delivery,4.462,3.064,6.000,-3.500,joint_grid_transaction,81,81,2,5,5,0.000,1.00,0.265,False,None,0.000,False
140.544,6,en_route_pickup,-0.878,-2.569,-1.000,-1.500,joint_grid_transaction,91,81,0,0,6,150.528,0.40,-1.257,True,None,0.000,False
140.544,7,en_route_delivery,0.057,-3.265,6.000,3.500,_command_reverse,84,81,0,1,7,0.000,0.65,1.296,True,None,0.000,False
140.544,8,en_route_pickup,0.604,-3.217,-6.000,-3.500,_command_reverse,82,81,0,1,8,0.000,0.40,-3.121,True,None,0.000,False
140.800,1,en_route_pickup,-0.949,-2.024,6.000,3.500,joint_grid_transaction,81,81,0,9,9,0.000,1.00,-0.099,True,None,0.000,False
140.800,2,en_route_delivery,-2.913,-2.397,0.000,-3.500,joint_grid_transaction,81,81,4,6,2,0.000,1.00,-0.094,False,None,0.000,False
140.800,3,en_route_delivery,-2.386,2.084,0.000,-3.500,joint_grid_transaction,81,81,1,9,3,0.000,1.00,-0.080,False,None,0.000,False
140.800,4,en_route_delivery,4.393,2.012,3.000,-1.500,joint_grid_transaction,81,81,2,7,4,0.000,1.00,-0.497,False,None,0.000,False
140.800,5,en_route_delivery,4.508,3.074,6.000,-3.500,joint_grid_transaction,81,81,2,5,5,0.000,1.00,0.194,False,None,0.000,False
140.800,6,en_route_pickup,-0.878,-2.569,-1.000,-1.500,joint_grid_transaction,91,81,0,0,6,150.528,0.40,-1.257,True,None,0.000,False
140.800,7,en_route_delivery,0.057,-3.265,6.000,3.500,_command_reverse,84,81,0,1,7,0.000,0.65,1.296,True,None,0.000,False
140.800,8,en_route_pickup,0.604,-3.217,-6.000,-3.500,_command_reverse,82,81,0,1,8,0.000,0.40,-3.121,True,None,0.000,False
141.056,1,en_route_pickup,-0.949,-2.024,6.000,3.500,joint_grid_transaction,81,81,0,9,9,0.000,1.00,-0.099,True,None,0.000,False
141.056,2,en_route_delivery,-2.868,-2.401,0.000,-3.500,joint_grid_transaction,81,81,4,6,2,0.000,1.00,-0.094,False,None,0.000,False
141.056,3,en_route_delivery,-2.345,2.087,0.000,-3.500,joint_grid_transaction,81,81,1,9,3,0.000,1.00,-0.080,False,None,0.000,False
141.056,4,en_route_delivery,4.435,2.033,3.000,-1.500,joint_grid_transaction,81,81,2,7,4,0.000,1.00,-0.434,False,None,0.000,False
141.056,5,en_route_delivery,4.555,3.082,6.000,-3.500,joint_grid_transaction,81,81,2,5,5,0.000,1.00,0.151,False,None,0.000,False
141.056,6,en_route_pickup,-0.878,-2.569,-1.000,-1.500,joint_grid_transaction,91,81,0,0,6,150.528,0.40,-1.257,True,None,0.000,False
141.056,7,en_route_delivery,0.057,-3.265,6.000,3.500,_command_reverse,84,81,0,1,7,141.324,0.65,1.296,True,None,0.000,False
141.056,8,en_route_pickup,0.604,-3.217,-6.000,-3.500,_command_reverse,82,81,0,1,8,141.324,0.40,-3.121,True,None,0.000,False
141.312,1,en_route_pickup,-0.949,-2.024,6.000,3.500,joint_grid_transaction,81,81,0,9,9,0.000,1.00,-0.099,True,None,0.000,False
141.312,2,en_route_delivery,-2.823,-2.405,0.000,-3.500,joint_grid_transaction,93,93,1,3,2,0.000,1.00,-0.094,False,None,0.000,False
141.312,3,en_route_delivery,-2.304,2.090,0.000,-3.500,joint_grid_transaction,93,93,1,14,3,0.000,1.00,-0.080,False,None,0.000,False
141.312,4,en_route_delivery,4.458,2.031,3.000,-1.500,joint_grid_transaction,93,93,1,4,4,0.000,1.00,-0.140,False,None,0.000,False
141.312,5,en_route_delivery,4.566,3.082,6.000,-3.500,joint_grid_transaction,93,93,1,3,5,0.000,1.00,0.189,False,None,0.000,False
141.312,6,en_route_pickup,-0.878,-2.569,-1.000,-1.500,joint_grid_transaction,93,93,0,2,6,150.528,0.40,-1.257,True,None,0.000,True
141.312,7,en_route_delivery,0.057,-3.265,6.000,3.500,joint_grid_transaction,93,93,0,10,7,141.324,0.65,1.296,True,None,0.000,True
141.312,8,en_route_pickup,0.604,-3.217,-6.000,-3.500,joint_grid_transaction,93,93,0,4,8,141.324,0.40,-3.121,True,None,0.000,True
141.568,1,en_route_pickup,-0.949,-2.024,6.000,3.500,joint_grid_transaction,81,81,0,9,9,0.000,1.00,-0.099,True,None,0.000,False
141.568,2,en_route_delivery,-2.779,-2.409,0.000,-3.500,joint_grid_transaction,93,93,1,3,2,0.000,1.00,-0.093,False,None,0.000,False
141.568,3,en_route_delivery,-2.263,2.094,0.000,-3.500,joint_grid_transaction,93,93,1,14,3,0.000,1.00,-0.081,False,None,0.000,False
141.568,4,en_route_delivery,4.453,2.030,3.000,-1.500,joint_grid_transaction,93,93,1,4,4,0.000,1.00,-0.281,False,None,0.000,False
141.568,5,en_route_delivery,4.546,3.074,6.000,-3.500,joint_grid_transaction,93,93,1,3,5,0.000,1.00,0.524,False,None,0.000,False
141.568,6,en_route_pickup,-0.878,-2.569,-1.000,-1.500,joint_grid_transaction,93,93,0,2,6,150.528,0.40,-1.257,True,None,0.000,True
141.568,7,en_route_delivery,0.057,-3.265,6.000,3.500,joint_grid_transaction,93,93,0,10,7,0.000,0.65,1.296,True,None,0.000,True
141.568,8,en_route_pickup,0.604,-3.217,-6.000,-3.500,joint_grid_transaction,93,93,0,4,8,0.000,0.40,-3.121,True,None,0.000,True
141.824,1,en_route_pickup,-0.949,-2.024,6.000,3.500,joint_grid_transaction,81,81,0,9,9,0.000,1.00,-0.099,True,None,0.000,False
141.824,2,en_route_delivery,-2.734,-2.414,0.000,-3.500,joint_grid_transaction,93,93,1,3,2,0.000,1.00,-0.093,False,None,0.000,False
141.824,3,en_route_delivery,-2.222,2.097,0.000,-3.500,joint_grid_transaction,93,93,1,14,3,0.000,1.00,-0.081,False,None,0.000,False
141.824,4,en_route_delivery,4.430,2.019,3.000,-1.500,joint_grid_transaction,93,93,1,4,4,0.000,1.00,-0.592,False,None,0.000,False
141.824,5,en_route_delivery,4.519,3.054,6.000,-3.500,joint_grid_transaction,93,93,1,3,5,0.000,1.00,0.778,False,None,0.000,False
141.824,6,en_route_pickup,-0.878,-2.569,-1.000,-1.500,joint_grid_transaction,93,93,0,2,6,150.528,0.40,-1.257,True,None,0.000,True
141.824,7,en_route_delivery,0.057,-3.265,6.000,3.500,joint_grid_transaction,93,93,0,10,7,0.000,0.65,1.296,True,None,0.000,True
141.824,8,en_route_pickup,0.604,-3.217,-6.000,-3.500,joint_grid_transaction,93,93,0,4,8,0.000,0.40,-3.121,True,None,0.000,True
142.080,1,en_route_pickup,-0.949,-2.024,6.000,3.500,joint_grid_transaction,81,81,0,9,9,0.000,1.00,-0.099,True,None,0.000,False
142.080,2,en_route_delivery,-2.690,-2.418,0.000,-3.500,joint_grid_transaction,93,93,1,3,2,0.000,1.00,-0.093,False,None,0.000,False
142.080,3,en_route_delivery,-2.182,2.100,0.000,-3.500,joint_grid_transaction,93,93,1,14,3,0.000,1.00,-0.081,False,None,0.000,False
142.080,4,en_route_delivery,4.403,1.995,3.000,-1.500,joint_grid_transaction,93,93,1,4,4,0.000,1.00,-0.833,False,None,0.000,False
142.080,5,en_route_delivery,4.494,3.026,6.000,-3.500,joint_grid_transaction,93,93,1,3,5,0.000,1.00,1.025,False,None,0.000,False
142.080,6,en_route_pickup,-0.878,-2.569,-1.000,-1.500,joint_grid_transaction,93,93,0,2,6,150.528,0.40,-1.257,True,None,0.000,True
142.080,7,en_route_delivery,0.057,-3.265,6.000,3.500,joint_grid_transaction,93,93,0,10,7,0.000,0.65,1.296,True,None,0.000,True
142.080,8,en_route_pickup,0.604,-3.217,-6.000,-3.500,joint_grid_transaction,93,93,0,4,8,0.000,0.40,-3.121,True,None,0.000,True
142.336,1,en_route_pickup,-0.949,-2.024,6.000,3.500,joint_grid_transaction,81,81,0,9,9,0.000,1.00,-0.099,True,None,0.000,False
142.336,2,en_route_delivery,-2.645,-2.422,0.000,-3.500,joint_grid_transaction,93,93,1,3,2,0.000,1.00,-0.092,False,None,0.000,False
142.336,3,en_route_delivery,-2.141,2.104,0.000,-3.500,joint_grid_transaction,93,93,1,14,3,0.000,1.00,-0.081,False,None,0.000,False
142.336,4,en_route_delivery,4.384,1.973,3.000,-1.500,joint_grid_transaction,93,93,1,4,4,0.000,1.00,-1.050,False,None,0.000,False
142.336,5,en_route_delivery,4.483,3.007,6.000,-3.500,joint_grid_transaction,93,93,1,3,5,0.000,1.00,1.306,False,None,0.000,False
142.336,6,en_route_pickup,-0.878,-2.569,-1.000,-1.500,joint_grid_transaction,93,93,0,2,6,150.528,0.40,-1.257,True,None,0.000,True
142.336,7,en_route_delivery,0.057,-3.265,6.000,3.500,joint_grid_transaction,93,93,0,10,7,0.000,0.65,1.296,True,None,0.000,True
142.336,8,en_route_pickup,0.604,-3.217,-6.000,-3.500,joint_grid_transaction,93,93,0,4,8,0.000,0.40,-3.121,True,None,0.000,True
142.592,1,en_route_pickup,-0.949,-2.024,6.000,3.500,joint_grid_transaction,81,81,0,9,9,0.000,1.00,-0.099,True,None,0.000,False
142.592,2,en_route_delivery,-2.601,-2.426,0.000,-3.500,joint_grid_transaction,93,93,1,3,2,0.000,1.00,-0.092,False,None,0.000,False
142.592,3,en_route_delivery,-2.100,2.107,0.000,-3.500,joint_grid_transaction,93,93,1,14,3,0.000,1.00,-0.081,False,None,0.000,False
142.592,4,en_route_delivery,4.376,1.959,3.000,-1.500,joint_grid_transaction,93,93,1,4,4,0.000,1.00,-1.231,False,None,0.000,False
142.592,5,en_route_delivery,4.481,3.000,6.000,-3.500,joint_grid_transaction,93,93,1,3,5,0.000,1.00,1.535,False,None,0.000,False
142.592,6,en_route_pickup,-0.878,-2.569,-1.000,-1.500,joint_grid_transaction,93,93,0,2,6,150.528,0.40,-1.257,True,None,0.000,True
142.592,7,en_route_delivery,0.057,-3.265,6.000,3.500,joint_grid_transaction,93,93,0,10,7,0.000,0.65,1.296,True,None,0.000,True
142.592,8,en_route_pickup,0.604,-3.217,-6.000,-3.500,joint_grid_transaction,93,93,0,4,8,0.000,0.40,-3.121,True,None,0.000,True
142.848,1,en_route_pickup,-0.949,-2.024,6.000,3.500,joint_grid_transaction,81,81,0,9,9,0.000,1.00,-0.099,True,None,0.000,False
142.848,2,en_route_delivery,-2.556,-2.430,0.000,-3.500,joint_grid_transaction,93,93,1,3,2,0.000,1.00,-0.092,False,None,0.000,False
142.848,3,en_route_delivery,-2.059,2.110,0.000,-3.500,joint_grid_transaction,93,93,1,14,3,0.000,1.00,-0.081,False,None,0.000,False
142.848,4,en_route_delivery,4.379,1.939,3.000,-1.500,joint_grid_transaction,93,93,1,4,4,0.000,1.00,-1.333,False,None,0.000,False
142.848,5,en_route_delivery,4.481,2.981,6.000,-3.500,joint_grid_transaction,93,93,1,3,5,0.000,1.00,1.581,False,None,0.000,False
142.848,6,en_route_pickup,-0.878,-2.569,-1.000,-1.500,joint_grid_transaction,93,93,0,2,6,150.528,0.40,-1.257,True,None,0.000,True
142.848,7,en_route_delivery,0.057,-3.265,6.000,3.500,joint_grid_transaction,93,93,0,10,7,0.000,0.65,1.296,True,None,0.000,True
142.848,8,en_route_pickup,0.604,-3.217,-6.000,-3.500,joint_grid_transaction,93,93,0,4,8,0.000,0.40,-3.121,True,None,0.000,True
143.104,1,en_route_pickup,-0.949,-2.024,6.000,3.500,joint_grid_transaction,81,81,0,9,9,0.000,1.00,-0.099,True,None,0.000,False
143.104,2,en_route_delivery,-2.512,-2.434,0.000,-3.500,joint_grid_transaction,93,93,1,3,2,0.000,1.00,-0.091,False,None,0.000,False
143.104,3,en_route_delivery,-2.019,2.114,0.000,-3.500,joint_grid_transaction,93,93,1,14,3,0.000,1.00,-0.081,False,None,0.000,False
143.104,4,en_route_delivery,4.387,1.893,3.000,-1.500,joint_grid_transaction,93,93,1,4,4,0.000,1.00,-1.442,False,None,0.000,False
143.104,5,en_route_delivery,4.480,2.955,6.000,-3.500,joint_grid_transaction,93,93,1,3,5,0.000,1.00,1.592,False,None,0.000,False
143.104,6,en_route_pickup,-0.878,-2.569,-1.000,-1.500,joint_grid_transaction,93,93,0,2,6,150.528,0.40,-1.257,True,None,0.000,True
143.104,7,en_route_delivery,0.057,-3.265,6.000,3.500,joint_grid_transaction,93,93,0,10,7,0.000,0.65,1.296,True,None,0.000,True
143.104,8,en_route_pickup,0.604,-3.217,-6.000,-3.500,joint_grid_transaction,93,93,0,4,8,0.000,0.40,-3.121,True,None,0.000,True
143.360,1,en_route_pickup,-0.949,-2.024,6.000,3.500,joint_grid_transaction,94,94,0,6,9,0.000,1.00,-0.099,True,None,0.000,True
143.360,2,en_route_delivery,-2.468,-2.438,0.000,-3.500,joint_grid_transaction,94,94,1,3,2,0.000,1.00,-0.091,False,None,0.000,False
143.360,3,en_route_delivery,-1.978,2.117,0.000,-3.500,joint_grid_transaction,94,94,1,14,3,0.000,1.00,-0.081,False,None,0.000,False
143.360,4,en_route_delivery,4.391,1.847,3.000,-1.500,joint_grid_transaction,93,93,1,4,4,0.000,1.00,-1.501,False,None,0.000,False
143.360,5,en_route_delivery,4.478,2.927,6.000,-3.500,joint_grid_transaction,94,94,1,3,5,0.000,1.00,1.601,False,None,0.000,False
143.360,6,en_route_pickup,-0.878,-2.569,-1.000,-1.500,joint_grid_transaction,94,94,0,2,6,150.528,0.40,-1.257,True,None,0.000,True
143.360,7,en_route_delivery,0.057,-3.265,6.000,3.500,joint_grid_transaction,93,93,0,10,7,0.000,0.65,1.296,True,None,0.000,True
143.360,8,en_route_pickup,0.604,-3.217,-6.000,-3.500,joint_grid_transaction,94,94,0,4,8,0.000,0.40,-3.121,True,None,0.000,True
143.616,1,en_route_pickup,-0.949,-2.024,6.000,3.500,joint_grid_transaction,94,94,0,6,9,0.000,1.00,-0.099,True,None,0.000,True
143.616,2,en_route_delivery,-2.424,-2.442,0.000,-3.500,joint_grid_transaction,94,94,1,3,2,0.000,1.00,-0.091,False,None,0.000,False
143.616,3,en_route_delivery,-1.938,2.120,0.000,-3.500,joint_grid_transaction,94,94,1,14,3,0.000,1.00,-0.081,False,None,0.000,False
143.616,4,en_route_delivery,4.394,1.806,3.000,-1.500,joint_grid_transaction,93,93,1,4,4,0.000,1.00,-1.505,False,None,0.000,False
143.616,5,en_route_delivery,4.476,2.899,6.000,-3.500,joint_grid_transaction,94,94,1,3,5,0.000,1.00,1.616,False,None,0.000,False
143.616,6,en_route_pickup,-0.878,-2.569,-1.000,-1.500,joint_grid_transaction,94,94,0,2,6,150.528,0.40,-1.257,True,None,0.000,True
143.616,7,en_route_delivery,0.057,-3.265,6.000,3.500,joint_grid_transaction,93,93,0,10,7,0.000,0.65,1.296,True,None,0.000,True
143.616,8,en_route_pickup,0.604,-3.217,-6.000,-3.500,joint_grid_transaction,94,94,0,4,8,0.000,0.40,-3.121,True,None,0.000,True
143.872,1,en_route_pickup,-0.949,-2.024,6.000,3.500,joint_grid_transaction,94,94,0,6,9,0.000,1.00,-0.099,True,None,0.000,True
143.872,2,en_route_delivery,-2.380,-2.446,0.000,-3.500,joint_grid_transaction,94,94,1,3,2,0.000,1.00,-0.091,False,None,0.000,False
143.872,3,en_route_delivery,-1.897,2.123,0.000,-3.500,joint_grid_transaction,94,94,1,14,3,0.000,1.00,-0.081,False,None,0.000,False
143.872,4,en_route_delivery,4.397,1.766,3.000,-1.500,joint_grid_transaction,93,93,1,4,4,0.000,1.00,-1.505,False,None,0.000,False
143.872,5,en_route_delivery,4.472,2.869,6.000,-3.500,joint_grid_transaction,94,94,1,3,5,0.000,1.00,1.636,False,None,0.000,False
143.872,6,en_route_pickup,-0.878,-2.569,-1.000,-1.500,joint_grid_transaction,94,94,0,2,6,150.528,0.40,-1.257,True,None,0.000,True
143.872,7,en_route_delivery,0.057,-3.265,6.000,3.500,joint_grid_transaction,93,93,0,10,7,0.000,0.65,1.296,True,None,0.000,True
143.872,8,en_route_pickup,0.604,-3.217,-6.000,-3.500,joint_grid_transaction,94,94,0,4,8,0.000,0.40,-3.121,True,None,0.000,True
144.128,1,en_route_pickup,-0.949,-2.024,6.000,3.500,joint_grid_transaction,94,94,0,6,9,0.000,1.00,-0.099,True,None,0.000,True
144.128,2,en_route_delivery,-2.336,-2.450,0.000,-3.500,joint_grid_transaction,94,94,1,3,2,0.000,1.00,-0.090,False,None,0.000,False
144.128,3,en_route_delivery,-1.857,2.127,0.000,-3.500,joint_grid_transaction,94,94,1,14,3,0.000,1.00,-0.081,False,None,0.000,False
144.128,4,en_route_delivery,4.399,1.726,3.000,-1.500,joint_grid_transaction,93,93,1,4,4,0.000,1.00,-1.504,False,None,0.000,False
144.128,5,en_route_delivery,4.467,2.837,6.000,-3.500,joint_grid_transaction,94,94,1,3,5,0.000,1.00,1.664,False,None,0.000,False
144.128,6,en_route_pickup,-0.878,-2.569,-1.000,-1.500,joint_grid_transaction,94,94,0,2,6,150.528,0.40,-1.257,True,None,0.000,True
144.128,7,en_route_delivery,0.057,-3.265,6.000,3.500,joint_grid_transaction,93,93,0,10,7,0.000,0.65,1.296,True,None,0.000,True
144.128,8,en_route_pickup,0.604,-3.217,-6.000,-3.500,joint_grid_transaction,94,94,0,4,8,0.000,0.40,-3.121,True,None,0.000,True
144.384,1,en_route_pickup,-0.949,-2.024,6.000,3.500,joint_grid_transaction,94,94,0,6,9,0.000,1.00,-0.099,True,None,0.000,True
144.384,2,en_route_delivery,-2.292,-2.454,0.000,-3.500,joint_grid_transaction,94,94,1,3,2,0.000,1.00,-0.090,False,None,0.000,False
144.384,3,en_route_delivery,-1.817,2.130,0.000,-3.500,joint_grid_transaction,94,94,1,14,3,0.000,1.00,-0.081,False,None,0.000,False
144.384,4,en_route_delivery,4.402,1.686,3.000,-1.500,joint_grid_transaction,93,93,1,4,4,0.000,1.00,-1.504,False,None,0.000,False
144.384,5,en_route_delivery,4.461,2.801,6.000,-3.500,joint_grid_transaction,94,94,1,3,5,0.000,1.00,1.702,False,None,0.000,False
144.384,6,en_route_pickup,-0.878,-2.569,-1.000,-1.500,joint_grid_transaction,94,94,0,2,6,150.528,0.40,-1.257,True,None,0.000,True
144.384,7,en_route_delivery,0.057,-3.265,6.000,3.500,joint_grid_transaction,93,93,0,10,7,0.000,0.65,1.296,True,None,0.000,True
144.384,8,en_route_pickup,0.604,-3.217,-6.000,-3.500,joint_grid_transaction,94,94,0,4,8,0.000,0.40,-3.121,True,None,0.000,True
144.640,1,en_route_pickup,-0.949,-2.024,6.000,3.500,joint_grid_transaction,94,94,0,6,9,0.000,1.00,-0.099,True,None,0.000,True
144.640,2,en_route_delivery,-2.249,-2.458,0.000,-3.500,joint_grid_transaction,94,94,1,3,2,0.000,1.00,-0.090,False,None,0.000,False
144.640,3,en_route_delivery,-1.776,2.133,0.000,-3.500,joint_grid_transaction,94,94,1,14,3,0.000,1.00,-0.081,False,None,0.000,False
144.640,4,en_route_delivery,4.405,1.647,3.000,-1.500,joint_grid_transaction,93,93,1,4,4,0.000,1.00,-1.503,False,None,0.000,False
144.640,5,en_route_delivery,4.452,2.762,6.000,-3.500,joint_grid_transaction,94,94,1,3,5,0.000,1.00,1.752,False,None,0.000,False
144.640,6,en_route_pickup,-0.878,-2.569,-1.000,-1.500,joint_grid_transaction,94,94,0,2,6,150.528,0.40,-1.257,True,None,0.000,True
144.640,7,en_route_delivery,0.057,-3.265,6.000,3.500,joint_grid_transaction,93,93,0,10,7,0.000,0.65,1.296,True,None,0.000,True
144.640,8,en_route_pickup,0.604,-3.217,-6.000,-3.500,joint_grid_transaction,94,94,0,4,8,0.000,0.40,-3.121,True,None,0.000,True
144.896,1,en_route_pickup,-0.949,-2.024,6.000,3.500,joint_grid_transaction,94,94,0,6,9,0.000,1.00,-0.099,True,None,0.000,True
144.896,2,en_route_delivery,-2.205,-2.462,0.000,-3.500,joint_grid_transaction,94,94,1,3,2,0.000,1.00,-0.090,False,None,0.000,False
144.896,3,en_route_delivery,-1.736,2.137,0.000,-3.500,joint_grid_transaction,94,94,1,14,3,0.000,1.00,-0.082,False,None,0.000,False
144.896,4,en_route_delivery,4.407,1.607,3.000,-1.500,joint_grid_transaction,93,93,1,4,4,0.000,1.00,-1.503,False,None,0.000,False
144.896,5,en_route_delivery,4.442,2.719,6.000,-3.500,joint_grid_transaction,94,94,1,3,5,0.000,1.00,1.813,False,None,0.000,False
144.896,6,en_route_pickup,-0.878,-2.569,-1.000,-1.500,joint_grid_transaction,94,94,0,2,6,150.528,0.40,-1.257,True,None,0.000,True
144.896,7,en_route_delivery,0.057,-3.265,6.000,3.500,joint_grid_transaction,93,93,0,10,7,0.000,0.65,1.296,True,None,0.000,True
144.896,8,en_route_pickup,0.604,-3.217,-6.000,-3.500,joint_grid_transaction,94,94,0,4,8,0.000,0.40,-3.121,True,None,0.000,True
145.152,1,en_route_pickup,-0.949,-2.024,6.000,3.500,joint_grid_transaction,94,94,0,6,9,0.000,1.00,-0.099,True,None,0.000,True
145.152,2,en_route_delivery,-2.162,-2.466,0.000,-3.500,joint_grid_transaction,95,95,1,3,2,0.000,1.00,-0.089,False,None,0.000,False
145.152,3,en_route_delivery,-1.695,2.140,0.000,-3.500,joint_grid_transaction,95,95,1,20,3,0.000,1.00,-0.085,False,None,0.000,False
145.152,4,en_route_delivery,4.410,1.568,3.000,-1.500,joint_grid_transaction,93,93,1,4,4,0.000,1.00,-1.502,False,None,0.000,False
145.152,5,en_route_delivery,4.429,2.674,6.000,-3.500,joint_grid_transaction,95,95,1,3,5,0.000,1.00,1.862,False,None,0.000,False
145.152,6,en_route_pickup,-0.878,-2.569,-1.000,-1.500,joint_grid_transaction,95,95,0,2,6,150.528,0.40,-1.257,True,None,0.000,True
145.152,7,en_route_delivery,0.057,-3.265,6.000,3.500,joint_grid_transaction,93,93,0,10,7,0.000,0.65,1.296,True,None,0.000,True
145.152,8,en_route_pickup,0.604,-3.217,-6.000,-3.500,joint_grid_transaction,95,95,0,4,8,0.000,0.40,-3.121,True,None,0.000,True
145.408,1,en_route_pickup,-0.949,-2.024,6.000,3.500,joint_grid_transaction,94,94,0,6,9,0.000,1.00,-0.099,True,None,0.000,True
145.408,2,en_route_delivery,-2.118,-2.470,0.000,-3.500,joint_grid_transaction,95,95,1,3,2,0.000,1.00,-0.089,False,None,0.000,False
145.408,3,en_route_delivery,-1.648,2.144,0.000,-3.500,joint_grid_transaction,95,95,1,20,3,0.000,1.00,-0.086,False,None,0.000,False
145.408,4,en_route_delivery,4.413,1.528,3.000,-1.500,joint_grid_transaction,93,93,1,4,4,0.000,1.00,-1.502,False,None,0.000,False
145.408,5,en_route_delivery,4.415,2.628,6.000,-3.500,joint_grid_transaction,95,95,1,3,5,0.000,1.00,1.849,False,None,0.000,False
145.408,6,en_route_pickup,-0.878,-2.569,-1.000,-1.500,joint_grid_transaction,95,95,0,2,6,150.528,0.40,-1.257,True,None,0.000,True
145.408,7,en_route_delivery,0.057,-3.265,6.000,3.500,joint_grid_transaction,93,93,0,10,7,0.000,0.65,1.296,True,None,0.000,True
145.408,8,en_route_pickup,0.604,-3.217,-6.000,-3.500,joint_grid_transaction,95,95,0,4,8,0.000,0.40,-3.121,True,None,0.000,True
145.664,1,en_route_pickup,-0.949,-2.024,6.000,3.500,joint_grid_transaction,94,94,0,6,9,0.000,1.00,-0.099,True,None,0.000,True
145.664,2,en_route_delivery,-2.075,-2.474,0.000,-3.500,joint_grid_transaction,95,95,1,3,2,0.000,1.00,-0.089,False,None,0.000,False
145.664,3,en_route_delivery,-1.601,2.148,0.000,-3.500,joint_grid_transaction,95,95,1,20,3,0.000,1.00,-0.086,False,None,0.000,False
145.664,4,en_route_delivery,4.416,1.489,3.000,-1.500,joint_grid_transaction,93,93,1,4,4,0.000,1.00,-1.501,False,None,0.000,False
145.664,5,en_route_delivery,4.402,2.582,6.000,-3.500,joint_grid_transaction,95,95,1,3,5,0.000,1.00,1.840,False,None,0.000,False
145.664,6,en_route_pickup,-0.878,-2.569,-1.000,-1.500,joint_grid_transaction,95,95,0,2,6,150.528,0.40,-1.257,True,None,0.000,True
145.664,7,en_route_delivery,0.057,-3.265,6.000,3.500,joint_grid_transaction,93,93,0,10,7,0.000,0.65,1.296,True,None,0.000,True
145.664,8,en_route_pickup,0.604,-3.217,-6.000,-3.500,joint_grid_transaction,95,95,0,4,8,0.000,0.40,-3.121,True,None,0.000,True
145.920,1,en_route_pickup,-0.949,-2.024,6.000,3.500,joint_grid_transaction,94,94,0,6,9,0.000,1.00,-0.099,True,None,0.000,True
145.920,2,en_route_delivery,-2.032,-2.477,0.000,-3.500,joint_grid_transaction,95,95,1,3,2,0.000,1.00,-0.089,False,None,0.000,False
145.920,3,en_route_delivery,-1.554,2.152,0.000,-3.500,joint_grid_transaction,95,95,1,20,3,0.000,1.00,-0.086,False,None,0.000,False
145.920,4,en_route_delivery,4.418,1.450,3.000,-1.500,joint_grid_transaction,93,93,1,4,4,0.000,1.00,-1.501,False,None,0.000,False
145.920,5,en_route_delivery,4.390,2.536,6.000,-3.500,joint_grid_transaction,95,95,1,3,5,0.000,1.00,1.835,False,None,0.000,False
145.920,6,en_route_pickup,-0.878,-2.569,-1.000,-1.500,joint_grid_transaction,95,95,0,2,6,150.528,0.40,-1.257,True,None,0.000,True
145.920,7,en_route_delivery,0.057,-3.265,6.000,3.500,joint_grid_transaction,93,93,0,10,7,0.000,0.65,1.296,True,None,0.000,True
145.920,8,en_route_pickup,0.604,-3.217,-6.000,-3.500,joint_grid_transaction,95,95,0,4,8,0.000,0.40,-3.121,True,None,0.000,True
146.176,1,en_route_pickup,-0.949,-2.024,6.000,3.500,joint_grid_transaction,94,94,0,6,9,0.000,1.00,-0.099,True,None,0.000,True
146.176,2,en_route_delivery,-1.990,-2.481,0.000,-3.500,joint_grid_transaction,95,95,1,3,2,0.000,1.00,-0.089,False,None,0.000,False
146.176,3,en_route_delivery,-1.507,2.156,0.000,-3.500,joint_grid_transaction,95,95,1,20,3,0.000,1.00,-0.086,False,None,0.000,False
146.176,4,en_route_delivery,4.421,1.411,3.000,-1.500,joint_grid_transaction,93,93,1,4,4,0.000,1.00,-1.500,False,None,0.000,False
146.176,5,en_route_delivery,4.377,2.490,6.000,-3.500,joint_grid_transaction,95,95,1,3,5,0.000,1.00,1.831,False,None,0.000,False
146.176,6,en_route_pickup,-0.878,-2.569,-1.000,-1.500,joint_grid_transaction,95,95,0,2,6,150.528,0.40,-1.257,True,None,0.000,True
146.176,7,en_route_delivery,0.057,-3.265,6.000,3.500,joint_grid_transaction,93,93,0,10,7,0.000,0.65,1.296,True,None,0.000,True
146.176,8,en_route_pickup,0.604,-3.217,-6.000,-3.500,joint_grid_transaction,95,95,0,4,8,0.000,0.40,-3.121,True,None,0.000,True
146.432,1,en_route_pickup,-0.949,-2.024,6.000,3.500,joint_grid_transaction,94,94,0,6,9,0.000,1.00,-0.099,True,None,0.000,True
146.432,2,en_route_delivery,-1.947,-2.485,0.000,-3.500,joint_grid_transaction,95,95,1,3,2,0.000,1.00,-0.088,False,None,0.000,False
146.432,3,en_route_delivery,-1.461,2.160,0.000,-3.500,joint_grid_transaction,95,95,1,20,3,0.000,1.00,-0.086,False,None,0.000,False
146.432,4,en_route_delivery,4.424,1.372,3.000,-1.500,joint_grid_transaction,93,93,1,4,4,0.000,1.00,-1.500,False,None,0.000,False
146.432,5,en_route_delivery,4.365,2.443,6.000,-3.500,joint_grid_transaction,95,95,1,3,5,0.000,1.00,1.829,False,None,0.000,False
146.432,6,en_route_pickup,-0.878,-2.569,-1.000,-1.500,joint_grid_transaction,95,95,0,2,6,150.528,0.40,-1.257,True,None,0.000,True
146.432,7,en_route_delivery,0.057,-3.265,6.000,3.500,joint_grid_transaction,93,93,0,10,7,0.000,0.65,1.296,True,None,0.000,True
146.432,8,en_route_pickup,0.604,-3.217,-6.000,-3.500,joint_grid_transaction,95,95,0,4,8,0.000,0.40,-3.121,True,None,0.000,True
146.688,1,en_route_pickup,-0.949,-2.024,6.000,3.500,joint_grid_transaction,94,94,0,6,9,0.000,1.00,-0.099,True,None,0.000,True
146.688,2,en_route_delivery,-1.905,-2.489,0.000,-3.500,joint_grid_transaction,95,95,1,3,2,0.000,1.00,-0.088,False,None,0.000,False
146.688,3,en_route_delivery,-1.414,2.164,0.000,-3.500,joint_grid_transaction,95,95,1,20,3,0.000,1.00,-0.086,False,None,0.000,False
146.688,4,en_route_delivery,4.427,1.334,3.000,-1.500,joint_grid_transaction,93,93,1,4,4,0.000,1.00,-1.499,False,None,0.000,False
146.688,5,en_route_delivery,4.353,2.397,6.000,-3.500,joint_grid_transaction,95,95,1,3,5,0.000,1.00,1.827,False,None,0.000,False
146.688,6,en_route_pickup,-0.878,-2.569,-1.000,-1.500,joint_grid_transaction,95,95,0,2,6,150.528,0.40,-1.257,True,None,0.000,True
146.688,7,en_route_delivery,0.057,-3.265,6.000,3.500,joint_grid_transaction,93,93,0,10,7,0.000,0.65,1.296,True,None,0.000,True
146.688,8,en_route_pickup,0.604,-3.217,-6.000,-3.500,joint_grid_transaction,95,95,0,4,8,0.000,0.40,-3.121,True,None,0.000,True
146.944,1,en_route_pickup,-0.949,-2.024,6.000,3.500,joint_grid_transaction,94,94,0,6,9,0.000,1.00,-0.099,True,None,0.000,True
146.944,2,en_route_delivery,-1.863,-2.492,0.000,-3.500,joint_grid_transaction,95,95,1,3,2,0.000,1.00,-0.088,False,None,0.000,False
146.944,3,en_route_delivery,-1.367,2.168,0.000,-3.500,joint_grid_transaction,95,95,1,20,3,0.000,1.00,-0.086,False,None,0.000,False
146.944,4,en_route_delivery,4.429,1.295,3.000,-1.500,joint_grid_transaction,93,93,1,4,4,0.000,1.00,-1.499,False,None,0.000,False
146.944,5,en_route_delivery,4.341,2.351,6.000,-3.500,joint_grid_transaction,95,95,1,3,5,0.000,1.00,1.826,False,None,0.000,False
146.944,6,en_route_pickup,-0.878,-2.569,-1.000,-1.500,joint_grid_transaction,95,95,0,2,6,150.528,0.40,-1.257,True,None,0.000,True
146.944,7,en_route_delivery,0.057,-3.265,6.000,3.500,joint_grid_transaction,93,93,0,10,7,0.000,0.65,1.296,True,None,0.000,True
146.944,8,en_route_pickup,0.604,-3.217,-6.000,-3.500,joint_grid_transaction,95,95,0,4,8,0.000,0.40,-3.121,True,None,0.000,True
147.200,1,en_route_pickup,-0.949,-2.024,6.000,3.500,joint_grid_transaction,96,94,0,8,9,0.000,1.00,-0.099,True,None,0.000,True
147.200,2,en_route_delivery,-1.836,-2.496,0.000,-3.500,joint_grid_transaction,96,95,1,6,2,0.000,1.00,-0.199,False,None,0.000,False
147.200,3,en_route_delivery,-1.323,2.173,0.000,-3.500,joint_grid_transaction,96,95,1,8,3,0.000,1.00,-0.097,False,None,0.000,False
147.200,4,en_route_delivery,4.432,1.271,3.000,-1.500,joint_grid_transaction,96,93,1,14,4,0.000,1.00,-1.386,False,None,0.000,False
147.200,5,en_route_delivery,4.335,2.315,6.000,-3.500,joint_grid_transaction,96,95,1,5,5,0.000,1.00,1.691,False,None,0.000,False
147.200,6,en_route_pickup,-0.878,-2.569,-1.000,-1.500,joint_grid_transaction,96,95,0,2,6,150.528,0.40,-1.257,True,None,0.000,True
147.200,7,en_route_delivery,0.057,-3.265,6.000,3.500,joint_grid_transaction,93,93,0,10,7,0.000,0.65,1.296,True,None,0.000,True
147.200,8,en_route_pickup,0.604,-3.217,-6.000,-3.500,joint_grid_transaction,96,95,0,4,8,0.000,0.40,-3.121,True,None,0.000,True
147.456,1,en_route_pickup,-0.949,-2.024,6.000,3.500,joint_grid_transaction,96,96,0,8,9,0.000,1.00,-0.099,True,None,0.000,True
147.456,2,en_route_delivery,-1.851,-2.502,0.000,-3.500,joint_grid_transaction,96,96,1,6,2,0.000,1.00,-0.469,False,None,0.000,False
147.456,3,en_route_delivery,-1.282,2.179,0.000,-3.500,joint_grid_transaction,96,96,1,8,3,0.000,1.00,-0.132,False,None,0.000,False
147.456,4,en_route_delivery,4.440,1.291,3.000,-1.500,joint_grid_transaction,96,96,1,14,4,0.000,1.00,-1.050,False,None,0.000,False
147.456,5,en_route_delivery,4.337,2.321,6.000,-3.500,joint_grid_transaction,96,96,1,5,5,0.000,1.00,1.273,False,None,0.000,False
147.456,6,en_route_pickup,-0.878,-2.569,-1.000,-1.500,joint_grid_transaction,96,96,0,2,6,150.528,0.40,-1.257,True,None,0.000,True
147.456,7,en_route_delivery,0.057,-3.265,6.000,3.500,joint_grid_transaction,93,93,0,10,7,0.000,0.65,1.296,True,None,0.000,True
147.456,8,en_route_pickup,0.604,-3.217,-6.000,-3.500,joint_grid_transaction,96,96,0,4,8,0.000,0.40,-3.121,True,None,0.000,True
147.712,1,en_route_pickup,-0.949,-2.024,6.000,3.500,joint_grid_transaction,96,96,0,8,9,0.000,1.00,-0.099,True,None,0.000,True
147.712,2,en_route_delivery,-1.864,-2.510,0.000,-3.500,joint_grid_transaction,96,96,1,6,2,0.000,1.00,-0.612,False,None,0.000,False
147.712,3,en_route_delivery,-1.237,2.186,0.000,-3.500,joint_grid_transaction,96,96,1,8,3,0.000,1.00,-0.176,False,None,0.000,False
147.712,4,en_route_delivery,4.460,1.317,3.000,-1.500,joint_grid_transaction,96,96,1,14,4,0.000,1.00,-0.802,False,None,0.000,False
147.712,5,en_route_delivery,4.348,2.344,6.000,-3.500,joint_grid_transaction,96,96,1,5,5,0.000,1.00,0.967,False,None,0.000,False
147.712,6,en_route_pickup,-0.878,-2.569,-1.000,-1.500,joint_grid_transaction,96,96,0,2,6,150.528,0.40,-1.257,True,None,0.000,True
147.712,7,en_route_delivery,0.057,-3.265,6.000,3.500,joint_grid_transaction,93,93,0,10,7,0.000,0.65,1.296,False,None,0.000,False
147.712,8,en_route_pickup,0.604,-3.217,-6.000,-3.500,joint_grid_transaction,96,96,0,4,8,0.000,0.40,-3.121,False,None,0.000,False
147.968,1,en_route_pickup,-0.949,-2.024,6.000,3.500,joint_grid_transaction,96,96,0,8,9,0.000,1.00,-0.099,True,None,0.000,True
147.968,2,en_route_delivery,-1.841,-2.535,0.000,-3.500,joint_grid_transaction,96,96,1,6,2,0.000,1.00,-0.734,False,None,0.000,False
147.968,3,en_route_delivery,-1.191,2.196,0.000,-3.500,joint_grid_transaction,96,96,1,8,3,0.000,1.00,-0.217,False,None,0.000,False
147.968,4,en_route_delivery,4.480,1.336,3.000,-1.500,joint_grid_transaction,96,96,1,14,4,0.000,1.00,-0.631,False,None,0.000,False
147.968,5,en_route_delivery,4.368,2.367,6.000,-3.500,joint_grid_transaction,96,96,1,5,5,0.000,1.00,0.769,False,None,0.000,False
147.968,6,en_route_pickup,-0.878,-2.569,-1.000,-1.500,joint_grid_transaction,96,96,0,2,6,150.528,0.40,-1.257,True,None,0.000,True
147.968,7,en_route_delivery,0.057,-3.265,6.000,3.500,joint_grid_transaction,93,93,0,10,7,0.000,0.65,1.296,False,None,0.000,False
147.968,8,en_route_pickup,0.604,-3.217,-6.000,-3.500,joint_grid_transaction,96,96,0,4,8,0.000,0.40,-3.121,False,None,0.000,False
148.224,1,en_route_pickup,-0.949,-2.024,6.000,3.500,joint_grid_transaction,96,96,0,8,9,0.000,1.00,-0.099,True,None,0.000,True
148.224,2,en_route_delivery,-1.808,-2.568,0.000,-3.500,joint_grid_transaction,96,96,1,6,2,0.000,1.00,-0.820,False,None,0.000,False
148.224,3,en_route_delivery,-1.144,2.207,0.000,-3.500,joint_grid_transaction,96,96,1,8,3,0.000,1.00,-0.242,False,None,0.000,False
148.224,4,en_route_delivery,4.493,1.346,3.000,-1.500,joint_grid_transaction,96,96,1,14,4,0.000,1.00,-0.496,False,None,0.000,False
148.224,5,en_route_delivery,4.384,2.382,6.000,-3.500,joint_grid_transaction,96,96,1,5,5,0.000,1.00,0.625,False,None,0.000,False
148.224,6,en_route_pickup,-0.878,-2.569,-1.000,-1.500,joint_grid_transaction,96,96,0,2,6,150.528,0.40,-1.257,True,None,0.000,True
148.224,7,en_route_delivery,0.057,-3.265,6.000,3.500,joint_grid_transaction,93,93,0,10,7,0.000,0.65,1.296,False,None,0.000,False
148.224,8,en_route_pickup,0.604,-3.217,-6.000,-3.500,joint_grid_transaction,96,96,0,4,8,0.000,0.40,-3.121,False,None,0.000,False
148.480,1,en_route_pickup,-0.949,-2.024,6.000,3.500,joint_grid_transaction,96,96,0,8,9,0.000,1.00,-0.099,True,None,0.000,True
148.480,2,en_route_delivery,-1.776,-2.603,0.000,-3.500,joint_grid_transaction,96,96,1,6,2,0.000,1.00,-0.875,False,None,0.000,False
148.480,3,en_route_delivery,-1.098,2.219,0.000,-3.500,joint_grid_transaction,96,96,1,8,3,0.000,1.00,-0.257,False,None,0.000,False
148.480,4,en_route_delivery,4.528,1.330,3.000,-1.500,joint_grid_transaction,96,96,1,14,4,0.000,1.00,-0.386,False,None,0.000,False
148.480,5,en_route_delivery,4.400,2.384,6.000,-3.500,joint_grid_transaction,96,96,1,5,5,0.000,1.00,0.518,False,None,0.000,False
148.480,6,en_route_pickup,-0.878,-2.569,-1.000,-1.500,joint_grid_transaction,96,96,0,2,6,150.528,0.40,-1.257,True,None,0.000,True
148.480,7,en_route_delivery,0.057,-3.265,6.000,3.500,joint_grid_transaction,93,93,0,10,7,0.000,0.65,1.296,False,None,0.000,False
148.480,8,en_route_pickup,0.604,-3.217,-6.000,-3.500,joint_grid_transaction,96,96,0,4,8,0.000,0.40,-3.121,False,None,0.000,False
148.736,1,en_route_pickup,-0.949,-2.024,6.000,3.500,joint_grid_transaction,96,96,0,8,9,0.000,1.00,-0.099,True,None,0.000,True
148.736,2,en_route_delivery,-1.747,-2.640,0.000,-3.500,joint_grid_transaction,96,96,1,6,2,0.000,1.00,-0.912,False,None,0.000,False
148.736,3,en_route_delivery,-1.052,2.231,0.000,-3.500,joint_grid_transaction,96,96,1,8,3,0.000,1.00,-0.266,False,None,0.000,False
148.736,4,en_route_delivery,4.572,1.315,3.000,-1.500,joint_grid_transaction,96,96,1,14,4,0.000,1.00,-0.294,False,None,0.000,False
148.736,5,en_route_delivery,4.442,2.364,6.000,-3.500,joint_grid_transaction,96,96,1,5,5,0.000,1.00,0.402,False,None,0.000,False
148.736,6,en_route_pickup,-0.878,-2.569,-1.000,-1.500,joint_grid_transaction,96,96,0,2,6,150.528,0.40,-1.257,True,None,0.000,True
148.736,7,en_route_delivery,0.057,-3.265,6.000,3.500,joint_grid_transaction,93,93,0,10,7,0.000,0.65,1.296,False,None,0.000,False
148.736,8,en_route_pickup,0.604,-3.217,-6.000,-3.500,joint_grid_transaction,96,96,0,4,8,0.000,0.40,-3.121,False,None,0.000,False
148.992,1,en_route_pickup,-0.949,-2.024,6.000,3.500,joint_grid_transaction,96,96,0,8,9,0.000,1.00,-0.099,True,None,0.000,True
148.992,2,en_route_delivery,-1.718,-2.678,0.000,-3.500,joint_grid_transaction,96,96,1,6,2,0.000,1.00,-0.937,False,None,0.000,False
148.992,3,en_route_delivery,-1.006,2.244,0.000,-3.500,joint_grid_transaction,96,96,1,8,3,0.000,1.00,-0.271,False,None,0.000,False
148.992,4,en_route_delivery,4.618,1.302,3.000,-1.500,joint_grid_transaction,96,96,1,14,4,0.000,1.00,-0.233,False,None,0.000,False
148.992,5,en_route_delivery,4.486,2.347,6.000,-3.500,joint_grid_transaction,96,96,1,5,5,0.000,1.00,0.332,False,None,0.000,False
148.992,6,en_route_pickup,-0.878,-2.569,-1.000,-1.500,joint_grid_transaction,96,96,0,2,6,150.528,0.40,-1.257,True,None,0.000,True
148.992,7,en_route_delivery,0.057,-3.265,6.000,3.500,joint_grid_transaction,93,93,0,10,7,0.000,0.65,1.296,False,None,0.000,False
148.992,8,en_route_pickup,0.604,-3.217,-6.000,-3.500,joint_grid_transaction,96,96,0,4,8,0.000,0.40,-3.121,False,None,0.000,False
149.248,1,en_route_pickup,-0.949,-2.024,6.000,3.500,joint_grid_transaction,97,97,0,9,9,0.000,1.00,-0.099,True,None,0.000,True
149.248,2,en_route_delivery,-1.699,-2.692,0.000,-3.500,joint_grid_transaction,97,97,1,2,2,0.000,1.00,-0.851,False,None,0.000,False
149.248,3,en_route_delivery,-0.960,2.256,0.000,-3.500,joint_grid_transaction,97,97,1,6,3,0.000,1.00,-0.271,False,None,0.000,False
149.248,4,en_route_delivery,4.635,1.293,3.000,-1.500,joint_grid_transaction,97,97,1,4,4,0.000,1.00,-0.371,False,None,0.000,False
149.248,5,en_route_delivery,4.501,2.334,6.000,-3.500,joint_grid_transaction,97,97,1,3,5,0.000,1.00,0.464,False,None,0.000,False
149.248,6,en_route_pickup,-0.878,-2.569,-1.000,-1.500,joint_grid_transaction,97,97,0,2,6,150.528,0.40,-1.257,True,None,0.000,True
149.248,7,en_route_delivery,0.057,-3.265,6.000,3.500,joint_grid_transaction,93,93,0,10,7,0.000,0.65,1.296,False,None,0.000,False
149.248,8,en_route_pickup,0.604,-3.217,-6.000,-3.500,joint_grid_transaction,97,97,0,8,8,0.000,0.40,-3.121,False,None,0.000,True
149.504,1,en_route_pickup,-0.949,-2.024,6.000,3.500,joint_grid_transaction,97,97,0,9,9,0.000,1.00,-0.099,True,None,0.000,True
149.504,2,en_route_delivery,-1.688,-2.680,0.000,-3.500,joint_grid_transaction,97,97,1,2,2,0.000,1.00,-0.750,False,None,0.000,False
149.504,3,en_route_delivery,-0.913,2.269,0.000,-3.500,joint_grid_transaction,97,97,1,6,3,0.000,1.00,-0.270,False,None,0.000,False
149.504,4,en_route_delivery,4.610,1.279,3.000,-1.500,joint_grid_transaction,97,97,1,4,4,0.000,1.00,-0.660,False,None,0.000,False
149.504,5,en_route_delivery,4.475,2.316,6.000,-3.500,joint_grid_transaction,97,97,1,3,5,0.000,1.00,0.732,False,None,0.000,False
149.504,6,en_route_pickup,-0.878,-2.569,-1.000,-1.500,joint_grid_transaction,97,97,0,2,6,150.528,0.40,-1.257,True,None,0.000,True
149.504,7,en_route_delivery,0.057,-3.265,6.000,3.500,joint_grid_transaction,93,93,0,10,7,0.000,0.65,1.296,False,None,0.000,False
149.504,8,en_route_pickup,0.604,-3.217,-6.000,-3.500,joint_grid_transaction,97,97,0,8,8,0.000,0.40,-3.121,False,None,0.000,True
149.760,1,en_route_pickup,-0.949,-2.024,6.000,3.500,joint_grid_transaction,97,97,0,9,9,0.000,1.00,-0.099,True,None,0.000,True
149.760,2,en_route_delivery,-1.653,-2.706,0.000,-3.500,joint_grid_transaction,97,97,1,2,2,0.000,1.00,-0.634,False,None,0.000,False
149.760,3,en_route_delivery,-0.867,2.282,0.000,-3.500,joint_grid_transaction,97,97,1,6,3,0.000,1.00,-0.269,False,None,0.000,False
149.760,4,en_route_delivery,4.584,1.255,3.000,-1.500,joint_grid_transaction,97,97,1,4,4,0.000,1.00,-0.880,False,None,0.000,False
149.760,5,en_route_delivery,4.448,2.288,6.000,-3.500,joint_grid_transaction,97,97,1,3,5,0.000,1.00,0.970,False,None,0.000,False
149.760,6,en_route_pickup,-0.878,-2.569,-1.000,-1.500,joint_grid_transaction,97,97,0,2,6,150.528,0.40,-1.257,True,None,0.000,True
149.760,7,en_route_delivery,0.057,-3.265,6.000,3.500,joint_grid_transaction,93,93,0,10,7,0.000,0.65,1.296,True,None,0.000,False
149.760,8,en_route_pickup,0.604,-3.217,-6.000,-3.500,joint_grid_transaction,97,97,0,8,8,0.000,0.40,-3.121,True,None,0.000,False
150.016,1,en_route_pickup,-0.949,-2.024,6.000,3.500,joint_grid_transaction,97,97,0,9,9,0.000,1.00,-0.099,True,None,0.000,True
150.016,2,en_route_delivery,-1.614,-2.733,0.000,-3.500,joint_grid_transaction,97,97,1,2,2,0.000,1.00,-0.558,False,None,0.000,False
150.016,3,en_route_delivery,-0.821,2.295,0.000,-3.500,joint_grid_transaction,97,97,1,6,3,0.000,1.00,-0.268,False,None,0.000,False
150.016,4,en_route_delivery,4.569,1.236,3.000,-1.500,joint_grid_transaction,97,97,1,4,4,0.000,1.00,-1.063,False,None,0.000,False
150.016,5,en_route_delivery,4.434,2.266,6.000,-3.500,joint_grid_transaction,97,97,1,3,5,0.000,1.00,1.261,False,None,0.000,False
150.016,6,en_route_pickup,-0.878,-2.569,-1.000,-1.500,joint_grid_transaction,97,97,0,2,6,150.528,0.40,-1.257,True,None,0.000,True
150.016,7,en_route_delivery,0.057,-3.265,6.000,3.500,joint_grid_transaction,93,93,0,10,7,0.000,0.65,1.296,True,None,0.000,False
150.016,8,en_route_pickup,0.604,-3.217,-6.000,-3.500,joint_grid_transaction,97,97,0,8,8,0.000,0.40,-3.121,True,None,0.000,False
150.272,1,en_route_pickup,-0.949,-2.024,6.000,3.500,joint_grid_transaction,97,97,0,9,9,0.000,1.00,-0.099,True,None,0.000,True
150.272,2,en_route_delivery,-1.573,-2.757,0.000,-3.500,joint_grid_transaction,97,97,1,2,2,0.000,1.00,-0.511,False,None,0.000,False
150.272,3,en_route_delivery,-0.775,2.307,0.000,-3.500,joint_grid_transaction,97,97,1,6,3,0.000,1.00,-0.268,False,None,0.000,False
150.272,4,en_route_delivery,4.563,1.225,3.000,-1.500,joint_grid_transaction,97,97,1,4,4,0.000,1.00,-1.211,False,None,0.000,False
150.272,5,en_route_delivery,4.432,2.257,6.000,-3.500,joint_grid_transaction,97,97,1,3,5,0.000,1.00,1.521,False,None,0.000,False
150.272,6,en_route_pickup,-0.878,-2.569,-1.000,-1.500,joint_grid_transaction,97,97,0,2,6,150.528,0.40,-1.257,True,None,0.000,True
150.272,7,en_route_delivery,0.057,-3.265,6.000,3.500,joint_grid_transaction,93,93,0,10,7,0.000,0.65,1.296,True,None,0.000,False
150.272,8,en_route_pickup,0.604,-3.217,-6.000,-3.500,joint_grid_transaction,97,97,0,8,8,0.000,0.40,-3.121,True,None,0.000,False
150.528,1,en_route_pickup,-0.949,-2.024,6.000,3.500,joint_grid_transaction,97,97,0,9,9,0.000,1.00,-0.099,False,None,0.000,True
150.528,2,en_route_delivery,-1.531,-2.780,0.000,-3.500,joint_grid_transaction,97,97,1,2,2,0.000,1.00,-0.483,False,None,0.000,False
150.528,3,en_route_delivery,-0.729,2.320,0.000,-3.500,joint_grid_transaction,97,97,1,6,3,0.000,1.00,-0.267,False,None,0.000,False
150.528,4,en_route_delivery,4.575,1.188,3.000,-1.500,joint_grid_transaction,97,97,1,4,4,0.000,1.00,-1.312,False,None,0.000,False
150.528,5,en_route_delivery,4.430,2.244,6.000,-3.500,joint_grid_transaction,97,97,1,3,5,0.000,1.00,1.634,False,None,0.000,False
150.528,6,en_route_pickup,-0.878,-2.569,-1.000,-1.500,joint_grid_transaction,97,97,0,2,6,150.528,0.40,-1.257,False,None,0.000,True
150.528,7,en_route_delivery,0.057,-3.265,6.000,3.500,joint_grid_transaction,93,93,0,10,7,0.000,0.65,1.296,True,None,0.000,False
150.528,8,en_route_pickup,0.604,-3.217,-6.000,-3.500,joint_grid_transaction,97,97,0,8,8,0.000,0.40,-3.121,True,None,0.000,False
150.784,1,en_route_pickup,-0.949,-2.024,6.000,3.500,joint_grid_transaction,97,97,0,9,9,0.000,1.00,-0.099,False,None,0.000,False
150.784,2,en_route_delivery,-1.488,-2.801,0.000,-3.500,joint_grid_transaction,97,97,1,2,2,0.000,1.00,-0.465,False,None,0.000,False
150.784,3,en_route_delivery,-0.683,2.333,0.000,-3.500,joint_grid_transaction,97,97,1,6,3,0.000,1.00,-0.267,False,None,0.000,False
150.784,4,en_route_delivery,4.585,1.142,3.000,-1.500,joint_grid_transaction,97,97,1,4,4,0.000,1.00,-1.395,False,None,0.000,False
150.784,5,en_route_delivery,4.425,2.212,6.000,-3.500,joint_grid_transaction,97,97,1,3,5,0.000,1.00,1.661,False,None,0.000,False
150.784,6,en_route_pickup,-0.878,-2.569,-1.000,-1.500,joint_grid_transaction,97,97,0,2,6,0.000,0.40,-1.257,False,None,0.000,False
150.784,7,en_route_delivery,0.057,-3.265,6.000,3.500,joint_grid_transaction,93,93,0,10,7,0.000,0.65,1.296,True,None,0.000,False
150.784,8,en_route_pickup,0.604,-3.217,-6.000,-3.500,joint_grid_transaction,97,97,0,8,8,0.000,0.40,-3.121,True,None,0.000,False
151.040,1,en_route_pickup,-0.949,-2.024,6.000,3.500,joint_grid_transaction,97,97,0,9,9,0.000,1.00,-0.099,False,None,0.000,False
151.040,2,en_route_delivery,-1.446,-2.823,0.000,-3.500,joint_grid_transaction,97,97,1,2,2,0.000,1.00,-0.454,False,None,0.000,False
151.040,3,en_route_delivery,-0.637,2.345,0.000,-3.500,joint_grid_transaction,97,97,1,6,3,0.000,1.00,-0.267,False,None,0.000,False
151.040,4,en_route_delivery,4.592,1.095,3.000,-1.500,joint_grid_transaction,97,97,1,4,4,0.000,1.00,-1.445,False,None,0.000,False
151.040,5,en_route_delivery,4.418,2.178,6.000,-3.500,joint_grid_transaction,97,97,1,3,5,0.000,1.00,1.699,False,None,0.000,False
151.040,6,en_route_pickup,-0.878,-2.569,-1.000,-1.500,joint_grid_transaction,97,97,0,2,6,0.000,1.00,-1.257,False,None,0.000,False
151.040,7,en_route_delivery,0.057,-3.265,6.000,3.500,joint_grid_transaction,93,93,0,10,7,0.000,0.65,1.296,True,None,0.000,False
151.040,8,en_route_pickup,0.604,-3.217,-6.000,-3.500,joint_grid_transaction,97,97,0,8,8,0.000,0.40,-3.121,True,None,0.000,False
151.296,1,en_route_pickup,-0.949,-2.024,6.000,3.500,joint_grid_transaction,98,98,0,8,9,0.000,1.00,-0.099,False,None,0.000,True
151.296,2,en_route_delivery,-1.403,-2.843,0.000,-3.500,joint_grid_transaction,98,98,1,2,2,0.000,1.00,-0.448,False,None,0.000,False
151.296,3,en_route_delivery,-0.590,2.358,0.000,-3.500,joint_grid_transaction,98,98,1,6,3,0.000,1.00,-0.263,False,None,0.000,False
151.296,4,en_route_delivery,4.597,1.047,3.000,-1.500,joint_grid_transaction,97,97,1,4,4,0.000,1.00,-1.473,False,None,0.000,False
151.296,5,en_route_delivery,4.411,2.134,6.000,-3.500,joint_grid_transaction,98,98,1,3,5,0.000,1.00,1.741,False,None,0.000,False
151.296,6,en_route_pickup,-0.878,-2.569,-1.000,-1.500,joint_grid_transaction,98,98,0,2,6,0.000,1.00,-1.257,False,None,0.000,True
151.296,7,en_route_delivery,0.057,-3.265,6.000,3.500,joint_grid_transaction,98,98,0,5,7,0.000,0.65,1.296,True,None,0.000,True
151.296,8,en_route_pickup,0.604,-3.217,-6.000,-3.500,joint_grid_transaction,98,98,0,8,8,0.000,0.40,-3.121,True,None,0.000,True
151.552,1,en_route_pickup,-0.949,-2.024,6.000,3.500,joint_grid_transaction,98,98,0,8,9,0.000,1.00,-0.099,False,None,0.000,False
151.552,2,en_route_delivery,-1.361,-2.863,0.000,-3.500,joint_grid_transaction,98,98,1,2,2,0.000,1.00,-0.444,False,None,0.000,False
151.552,3,en_route_delivery,-0.544,2.370,0.000,-3.500,joint_grid_transaction,98,98,1,6,3,0.000,1.00,-0.260,False,None,0.000,False
151.552,4,en_route_delivery,4.602,1.002,3.000,-1.500,joint_grid_transaction,97,97,1,4,4,0.000,1.00,-1.478,False,None,0.000,False
151.552,5,en_route_delivery,4.402,2.087,6.000,-3.500,joint_grid_transaction,98,98,1,3,5,0.000,1.00,1.774,False,None,0.000,False
151.552,6,en_route_pickup,-0.878,-2.569,-1.000,-1.500,_command_reverse,99,98,0,1,6,0.000,1.00,-1.257,False,None,0.000,False
151.552,7,en_route_delivery,0.057,-3.265,6.000,3.500,joint_grid_transaction,98,98,0,5,7,151.820,0.65,1.296,True,None,0.000,True
151.552,8,en_route_pickup,0.604,-3.217,-6.000,-3.500,joint_grid_transaction,98,98,0,8,8,151.820,0.40,-3.121,True,None,0.000,True
151.808,1,en_route_pickup,-0.949,-2.024,6.000,3.500,joint_grid_transaction,98,98,0,8,9,0.000,1.00,-0.099,False,None,0.000,False
151.808,2,en_route_delivery,-1.340,-2.873,0.000,-3.500,joint_grid_transaction,98,98,1,2,2,0.000,0.70,-0.442,False,None,0.000,False
151.808,3,en_route_delivery,-0.498,2.382,0.000,-3.500,joint_grid_transaction,98,98,1,6,3,0.000,1.00,-0.258,False,None,0.000,False
151.808,4,en_route_delivery,4.606,0.958,3.000,-1.500,joint_grid_transaction,97,97,1,4,4,0.000,1.00,-1.478,False,None,0.000,False
151.808,5,en_route_delivery,4.392,2.041,6.000,-3.500,joint_grid_transaction,98,98,1,3,5,0.000,1.00,1.795,False,None,0.000,False
151.808,6,en_route_pickup,-0.878,-2.569,-1.000,-1.500,_command_reverse,99,98,0,1,6,0.000,0.40,-1.257,False,None,0.000,True
151.808,7,en_route_delivery,0.057,-3.265,6.000,3.500,joint_grid_transaction,98,98,0,5,7,151.820,0.65,1.296,True,None,0.000,True
151.808,8,en_route_pickup,0.604,-3.217,-6.000,-3.500,joint_grid_transaction,98,98,0,8,8,151.820,0.40,-3.121,True,None,0.000,True
152.064,1,en_route_pickup,-0.949,-2.024,6.000,3.500,_command_reverse,101,98,0,2,9,0.000,1.00,-0.099,False,None,0.000,False
152.064,2,en_route_delivery,-1.334,-2.876,0.000,-3.500,joint_grid_transaction,98,98,1,2,2,0.000,0.60,-0.442,True,None,0.000,True
152.064,3,en_route_delivery,-0.452,2.395,0.000,-3.500,joint_grid_transaction,98,98,1,6,3,0.000,1.00,-0.257,False,None,0.000,False
152.064,4,en_route_delivery,4.610,0.913,3.000,-1.500,joint_grid_transaction,97,97,1,4,4,0.000,1.00,-1.479,False,None,0.000,False
152.064,5,en_route_delivery,4.381,1.994,6.000,-3.500,joint_grid_transaction,98,98,1,3,5,0.000,1.00,1.808,False,None,0.000,False
152.064,6,en_route_pickup,-0.878,-2.569,-1.000,-1.500,_command_reverse,99,98,0,1,6,0.000,0.60,-1.257,False,None,0.000,False
152.064,7,en_route_delivery,0.057,-3.265,6.000,3.500,joint_grid_transaction,98,98,0,5,7,152.316,0.65,1.296,True,None,0.000,True
152.064,8,en_route_pickup,0.604,-3.217,-6.000,-3.500,joint_grid_transaction,98,98,0,8,8,152.316,0.40,-3.121,True,None,0.000,True
152.320,1,en_route_pickup,-0.949,-2.024,6.000,3.500,_command_reverse,101,98,0,2,9,0.000,1.00,-0.099,False,None,0.000,True
152.320,2,en_route_delivery,-1.334,-2.876,0.000,-3.500,joint_grid_transaction,98,98,1,2,2,0.000,0.60,-0.442,True,None,0.000,True
152.320,3,en_route_delivery,-0.405,2.407,0.000,-3.500,joint_grid_transaction,98,98,1,6,3,0.000,1.00,-0.256,False,None,0.000,False
152.320,4,en_route_delivery,4.614,0.869,3.000,-1.500,joint_grid_transaction,97,97,1,4,4,0.000,1.00,-1.479,False,None,0.000,False
152.320,5,en_route_delivery,4.369,1.948,6.000,-3.500,joint_grid_transaction,98,98,1,3,5,0.000,1.00,1.817,False,None,0.000,False
152.320,6,en_route_pickup,-0.878,-2.569,-1.000,-1.500,_command_reverse,99,98,0,1,6,0.000,0.60,-1.257,False,None,0.000,False
152.320,7,en_route_delivery,0.057,-3.265,6.000,3.500,joint_grid_transaction,98,98,0,5,7,0.000,0.65,1.296,True,None,0.000,True
152.320,8,en_route_pickup,0.604,-3.217,-6.000,-3.500,joint_grid_transaction,98,98,0,8,8,0.000,0.40,-3.121,True,None,0.000,True
152.576,1,en_route_pickup,-0.949,-2.024,6.000,3.500,_command_reverse,101,98,0,2,9,152.828,0.65,-0.099,False,None,0.000,False
152.576,2,en_route_delivery,-1.334,-2.876,0.000,-3.500,joint_grid_transaction,98,98,1,2,2,152.828,0.65,-0.442,True,None,0.000,True
152.576,3,en_route_delivery,-0.359,2.419,0.000,-3.500,joint_grid_transaction,98,98,1,6,3,0.000,1.00,-0.256,False,None,0.000,False
152.576,4,en_route_delivery,4.618,0.824,3.000,-1.500,joint_grid_transaction,97,97,1,4,4,0.000,1.00,-1.479,False,None,0.000,False
152.576,5,en_route_delivery,4.357,1.902,6.000,-3.500,joint_grid_transaction,98,98,1,3,5,0.000,1.00,1.823,False,None,0.000,False
152.576,6,en_route_pickup,-0.878,-2.569,-1.000,-1.500,_command_reverse,99,98,0,1,6,152.828,0.40,-1.257,False,None,0.000,False
152.576,7,en_route_delivery,0.057,-3.265,6.000,3.500,joint_grid_transaction,98,98,0,5,7,152.828,0.65,1.296,True,None,0.000,True
152.576,8,en_route_pickup,0.604,-3.217,-6.000,-3.500,joint_grid_transaction,98,98,0,8,8,152.828,0.40,-3.121,True,None,0.000,True
152.832,1,en_route_pickup,-0.949,-2.024,6.000,3.500,_command_reverse,101,98,0,2,9,0.000,0.65,-0.099,True,None,0.000,False
152.832,2,en_route_delivery,-1.334,-2.876,0.000,-3.500,joint_grid_transaction,98,98,1,2,2,0.000,0.65,-0.442,True,None,0.000,True
152.832,3,en_route_delivery,-0.313,2.431,0.000,-3.500,joint_grid_transaction,98,98,1,6,3,0.000,1.00,-0.255,False,None,0.000,False
152.832,4,en_route_delivery,4.622,0.780,3.000,-1.500,joint_grid_transaction,97,97,1,4,4,0.000,1.00,-1.479,False,None,0.000,False
152.832,5,en_route_delivery,4.345,1.855,6.000,-3.500,joint_grid_transaction,98,98,1,3,5,0.000,1.00,1.827,False,None,0.000,False
152.832,6,en_route_pickup,-0.878,-2.569,-1.000,-1.500,_command_reverse,99,98,0,1,6,0.000,0.40,-1.257,True,None,0.000,False
152.832,7,en_route_delivery,0.057,-3.265,6.000,3.500,joint_grid_transaction,98,98,0,5,7,0.000,0.65,1.296,True,None,0.000,True
152.832,8,en_route_pickup,0.604,-3.217,-6.000,-3.500,joint_grid_transaction,98,98,0,8,8,0.000,0.40,-3.121,True,None,0.000,True
153.088,1,en_route_pickup,-0.949,-2.024,6.000,3.500,_command_reverse,101,98,0,2,9,153.324,0.65,-0.099,True,None,0.000,False
153.088,2,en_route_delivery,-1.334,-2.876,0.000,-3.500,joint_grid_transaction,98,98,1,2,2,153.324,0.65,-0.442,True,None,0.000,True
153.088,3,en_route_delivery,-0.266,2.443,0.000,-3.500,joint_grid_transaction,98,98,1,6,3,0.000,1.00,-0.255,False,None,0.000,False
153.088,4,en_route_delivery,4.626,0.736,3.000,-1.500,joint_grid_transaction,97,97,1,4,4,0.000,1.00,-1.480,False,None,0.000,False
153.088,5,en_route_delivery,4.333,1.809,6.000,-3.500,joint_grid_transaction,98,98,1,3,5,0.000,1.00,1.830,False,None,0.000,False
153.088,6,en_route_pickup,-0.878,-2.569,-1.000,-1.500,_command_reverse,99,98,0,1,6,153.324,0.40,-1.257,True,None,0.000,False
153.088,7,en_route_delivery,0.057,-3.265,6.000,3.500,joint_grid_transaction,98,98,0,5,7,153.324,0.65,1.296,True,None,0.000,True
153.088,8,en_route_pickup,0.604,-3.217,-6.000,-3.500,joint_grid_transaction,98,98,0,8,8,153.324,0.40,-3.121,True,None,0.000,True
153.344,1,en_route_pickup,-0.949,-2.024,6.000,3.500,_command_reverse,101,98,0,2,9,0.000,0.65,-0.099,True,None,0.000,False
153.344,2,en_route_delivery,-1.334,-2.876,0.000,-3.500,joint_grid_transaction,98,98,1,2,2,0.000,0.65,-0.442,True,None,0.000,True
153.344,3,en_route_delivery,-0.220,2.455,0.000,-3.500,joint_grid_transaction,98,98,1,6,3,0.000,1.00,-0.255,False,None,0.000,False
153.344,4,en_route_delivery,4.630,0.691,3.000,-1.500,joint_grid_transaction,97,97,1,4,4,0.000,1.00,-1.480,False,None,0.000,False
153.344,5,en_route_delivery,4.321,1.763,6.000,-3.500,joint_grid_transaction,98,98,1,3,5,0.000,1.00,1.832,False,None,0.000,False
153.344,6,en_route_pickup,-0.878,-2.569,-1.000,-1.500,_command_reverse,99,98,0,1,6,0.000,0.40,-1.257,True,None,0.000,False
153.344,7,en_route_delivery,0.057,-3.265,6.000,3.500,joint_grid_transaction,98,98,0,5,7,0.000,0.65,1.296,True,None,0.000,True
153.344,8,en_route_pickup,0.604,-3.217,-6.000,-3.500,joint_grid_transaction,98,98,0,8,8,0.000,0.40,-3.121,True,None,0.000,True
153.600,1,en_route_pickup,-0.949,-2.024,6.000,3.500,_command_reverse,101,98,0,2,9,153.820,0.65,-0.099,True,None,0.000,False
153.600,2,en_route_delivery,-1.334,-2.876,0.000,-3.500,joint_grid_transaction,98,98,1,2,2,153.820,0.65,-0.442,True,None,0.000,True
153.600,3,en_route_delivery,-0.174,2.467,0.000,-3.500,joint_grid_transaction,98,98,1,6,3,0.000,1.00,-0.255,False,None,0.000,False
153.600,4,en_route_delivery,4.634,0.647,3.000,-1.500,joint_grid_transaction,97,97,1,4,4,0.000,1.00,-1.480,False,None,0.000,False
153.600,5,en_route_delivery,4.309,1.717,6.000,-3.500,joint_grid_transaction,98,98,1,3,5,0.000,1.00,1.833,False,None,0.000,False
153.600,6,en_route_pickup,-0.878,-2.569,-1.000,-1.500,_command_reverse,99,98,0,1,6,153.820,0.40,-1.257,True,None,0.000,False
153.600,7,en_route_delivery,0.057,-3.265,6.000,3.500,joint_grid_transaction,98,98,0,5,7,153.820,0.65,1.296,True,None,0.000,True
153.600,8,en_route_pickup,0.604,-3.217,-6.000,-3.500,joint_grid_transaction,98,98,0,8,8,153.820,0.40,-3.121,True,None,0.000,True
153.856,1,en_route_pickup,-0.949,-2.024,6.000,3.500,_command_reverse,101,98,0,2,9,0.000,0.65,-0.099,True,None,0.000,False
153.856,2,en_route_delivery,-1.334,-2.876,0.000,-3.500,joint_grid_transaction,98,98,1,2,2,0.000,0.65,-0.442,True,None,0.000,True
153.856,3,en_route_delivery,-0.127,2.479,0.000,-3.500,joint_grid_transaction,98,98,1,6,3,0.000,1.00,-0.255,False,None,0.000,False
153.856,4,en_route_delivery,4.638,0.603,3.000,-1.500,joint_grid_transaction,97,97,1,4,4,0.000,1.00,-1.480,False,None,0.000,False
153.856,5,en_route_delivery,4.309,1.704,6.000,-3.500,joint_grid_transaction,98,98,2,3,5,0.000,1.00,1.629,False,None,0.000,False
153.856,6,en_route_pickup,-0.878,-2.569,-1.000,-1.500,_command_reverse,99,98,0,1,6,0.000,0.40,-1.257,True,None,0.000,False
153.856,7,en_route_delivery,0.057,-3.265,6.000,3.500,joint_grid_transaction,98,98,0,5,7,0.000,0.65,1.296,True,None,0.000,True
153.856,8,en_route_pickup,0.604,-3.217,-6.000,-3.500,joint_grid_transaction,98,98,0,8,8,0.000,0.40,-3.121,True,None,0.000,True
154.112,1,en_route_pickup,-0.949,-2.024,6.000,3.500,_command_reverse,101,98,0,2,9,154.316,0.65,-0.099,True,None,0.000,False
154.112,2,en_route_delivery,-1.334,-2.876,0.000,-3.500,joint_grid_transaction,98,98,1,2,2,154.316,0.65,-0.442,True,None,0.000,True
154.112,3,en_route_delivery,-0.081,2.491,0.000,-3.500,joint_grid_transaction,98,98,1,6,3,0.000,1.00,-0.255,False,None,0.000,False
154.112,4,en_route_delivery,4.642,0.558,3.000,-1.500,joint_grid_transaction,97,97,1,4,4,0.000,1.00,-1.481,False,None,0.000,False
154.112,5,en_route_delivery,4.310,1.687,6.000,-3.500,joint_grid_transaction,98,98,2,3,5,0.000,1.00,1.547,False,None,0.000,False
154.112,6,en_route_pickup,-0.878,-2.569,-1.000,-1.500,_command_reverse,99,98,0,1,6,154.316,0.40,-1.257,True,None,0.000,False
154.112,7,en_route_delivery,0.057,-3.265,6.000,3.500,joint_grid_transaction,98,98,0,5,7,154.316,0.65,1.296,True,None,0.000,True
154.112,8,en_route_pickup,0.604,-3.217,-6.000,-3.500,joint_grid_transaction,98,98,0,8,8,154.316,0.40,-3.121,True,None,0.000,True
154.368,1,en_route_pickup,-0.949,-2.024,6.000,3.500,_command_reverse,101,98,0,2,9,0.000,0.65,-0.099,True,None,0.000,False
154.368,2,en_route_delivery,-1.334,-2.876,0.000,-3.500,joint_grid_transaction,98,98,1,2,2,0.000,0.65,-0.442,True,None,0.000,True
154.368,3,en_route_delivery,-0.035,2.503,0.000,-3.500,joint_grid_transaction,98,98,1,6,3,0.000,1.00,-0.255,False,None,0.000,False
154.368,4,en_route_delivery,4.646,0.514,3.000,-1.500,joint_grid_transaction,97,97,1,4,4,0.000,1.00,-1.481,False,None,0.000,False
154.368,5,en_route_delivery,4.312,1.659,6.000,-3.500,joint_grid_transaction,98,98,2,3,5,0.000,1.00,1.537,False,None,0.000,False
154.368,6,en_route_pickup,-0.878,-2.569,-1.000,-1.500,_command_reverse,99,98,0,1,6,0.000,0.40,-1.257,True,None,0.000,False
154.368,7,en_route_delivery,0.057,-3.265,6.000,3.500,joint_grid_transaction,98,98,0,5,7,0.000,0.65,1.296,True,None,0.000,True
154.368,8,en_route_pickup,0.604,-3.217,-6.000,-3.500,joint_grid_transaction,98,98,0,8,8,0.000,0.40,-3.121,True,None,0.000,True
154.624,1,en_route_pickup,-0.949,-2.024,6.000,3.500,_command_reverse,101,98,0,2,9,154.828,0.65,-0.099,True,None,0.000,False
154.624,2,en_route_delivery,-1.334,-2.876,0.000,-3.500,joint_grid_transaction,98,98,1,2,2,154.828,0.65,-0.442,True,None,0.000,True
154.624,3,en_route_delivery,0.012,2.515,0.000,-3.500,joint_grid_transaction,98,98,1,6,3,0.000,1.00,-0.255,False,None,0.000,False
154.624,4,en_route_delivery,4.650,0.470,3.000,-1.500,joint_grid_transaction,97,97,1,4,4,0.000,1.00,-1.481,False,None,0.000,False
154.624,5,en_route_delivery,4.314,1.629,6.000,-3.500,joint_grid_transaction,98,98,2,3,5,0.000,1.00,1.521,False,None,0.000,False
154.624,6,en_route_pickup,-0.878,-2.569,-1.000,-1.500,_command_reverse,99,98,0,1,6,154.828,0.40,-1.257,True,None,0.000,False
154.624,7,en_route_delivery,0.057,-3.265,6.000,3.500,joint_grid_transaction,98,98,0,5,7,154.828,0.65,1.296,True,None,0.000,True
154.624,8,en_route_pickup,0.604,-3.217,-6.000,-3.500,joint_grid_transaction,98,98,0,8,8,154.828,0.40,-3.121,True,None,0.000,True
154.880,1,en_route_pickup,-0.949,-2.024,6.000,3.500,_command_reverse,101,98,0,2,9,0.000,0.65,-0.099,True,None,0.000,False
154.880,2,en_route_delivery,-1.334,-2.876,0.000,-3.500,joint_grid_transaction,98,98,1,2,2,0.000,0.65,-0.442,True,None,0.000,True
154.880,3,en_route_delivery,0.058,2.528,0.000,-3.500,joint_grid_transaction,98,98,1,6,3,0.000,1.00,-0.255,False,None,0.000,False
154.880,4,en_route_delivery,4.654,0.426,3.000,-1.500,joint_grid_transaction,97,97,1,4,4,0.000,1.00,-1.481,False,None,0.000,False
154.880,5,en_route_delivery,4.318,1.597,6.000,-3.500,joint_grid_transaction,98,98,2,3,5,0.000,1.00,1.500,False,None,0.000,False
154.880,6,en_route_pickup,-0.878,-2.569,-1.000,-1.500,_command_reverse,99,98,0,1,6,0.000,0.40,-1.257,True,None,0.000,False
154.880,7,en_route_delivery,0.057,-3.265,6.000,3.500,joint_grid_transaction,98,98,0,5,7,0.000,0.65,1.296,True,None,0.000,True
154.880,8,en_route_pickup,0.604,-3.217,-6.000,-3.500,joint_grid_transaction,98,98,0,8,8,0.000,0.40,-3.121,True,None,0.000,True
155.136,1,en_route_pickup,-0.949,-2.024,6.000,3.500,_command_reverse,101,98,0,2,9,155.324,0.65,-0.099,True,None,0.000,False
155.136,2,en_route_delivery,-1.334,-2.876,0.000,-3.500,joint_grid_transaction,107,98,1,2,2,155.324,0.65,-0.442,True,None,0.000,True
155.136,3,en_route_delivery,0.104,2.539,0.000,-3.500,joint_grid_transaction,107,98,1,7,3,0.000,1.00,-0.244,False,None,0.000,False
155.136,4,en_route_delivery,4.658,0.382,3.000,-1.500,joint_grid_transaction,97,97,1,4,4,0.000,1.00,-1.482,False,None,0.000,False
155.136,5,en_route_delivery,4.322,1.564,6.000,-3.500,joint_grid_transaction,107,98,2,4,5,0.000,1.00,1.497,False,None,0.000,False
155.136,6,en_route_pickup,-0.878,-2.569,-1.000,-1.500,joint_grid_transaction,107,98,0,2,6,155.324,0.40,-1.257,True,None,0.000,False
155.136,7,en_route_delivery,0.057,-3.265,6.000,3.500,joint_grid_transaction,107,98,0,7,7,155.324,0.65,1.296,True,None,0.000,True
155.136,8,en_route_pickup,0.604,-3.217,-6.000,-3.500,joint_grid_transaction,107,98,0,11,8,155.324,0.40,-3.121,True,None,0.000,True
155.392,1,en_route_pickup,-0.949,-2.024,6.000,3.500,_command_reverse,101,98,0,2,9,0.000,0.65,-0.099,True,None,0.000,False
155.392,2,en_route_delivery,-1.334,-2.876,0.000,-3.500,joint_grid_transaction,107,107,0,2,2,0.000,0.65,-0.442,True,None,0.000,True
155.392,3,en_route_delivery,0.150,2.549,0.000,-3.500,joint_grid_transaction,107,107,1,7,3,0.000,1.00,-0.166,False,None,0.000,False
155.392,4,en_route_delivery,4.662,0.338,3.000,-1.500,joint_grid_transaction,97,97,1,4,4,0.000,1.00,-1.482,False,None,0.000,False
155.392,5,en_route_delivery,4.320,1.573,6.000,-3.500,joint_grid_transaction,107,107,1,4,5,0.000,1.00,1.901,False,None,0.000,False
155.392,6,en_route_pickup,-0.878,-2.569,-1.000,-1.500,joint_grid_transaction,107,107,0,2,6,0.000,0.40,-1.257,True,None,0.000,True
155.392,7,en_route_delivery,0.057,-3.265,6.000,3.500,joint_grid_transaction,107,107,0,7,7,0.000,0.65,1.296,True,None,0.000,True
155.392,8,en_route_pickup,0.604,-3.217,-6.000,-3.500,joint_grid_transaction,107,107,0,11,8,0.000,0.40,-3.121,True,None,0.000,True
155.648,1,en_route_pickup,-0.949,-2.024,6.000,3.500,_command_reverse,101,98,0,2,9,155.820,0.65,-0.099,True,None,0.000,False
155.648,2,en_route_delivery,-1.334,-2.876,0.000,-3.500,joint_grid_transaction,107,107,0,2,2,155.820,0.65,-0.442,True,None,0.000,True
155.648,3,en_route_delivery,0.197,2.556,0.000,-3.500,joint_grid_transaction,107,107,1,7,3,0.000,1.00,-0.119,False,None,0.000,False
155.648,4,en_route_delivery,4.666,0.294,3.000,-1.500,joint_grid_transaction,97,97,1,4,4,0.000,1.00,-1.482,False,None,0.000,False
155.648,5,en_route_delivery,4.307,1.597,6.000,-3.500,joint_grid_transaction,107,107,1,4,5,0.000,1.00,2.200,False,None,0.000,False
155.648,6,en_route_pickup,-0.878,-2.569,-1.000,-1.500,joint_grid_transaction,107,107,0,2,6,155.820,0.40,-1.257,True,None,0.000,True
155.648,7,en_route_delivery,0.057,-3.265,6.000,3.500,joint_grid_transaction,107,107,0,7,7,155.820,0.65,1.296,True,None,0.000,True
155.648,8,en_route_pickup,0.604,-3.217,-6.000,-3.500,joint_grid_transaction,107,107,0,11,8,155.820,0.40,-3.121,True,None,0.000,True
155.904,1,en_route_pickup,-0.949,-2.024,6.000,3.500,_command_reverse,101,98,0,2,9,0.000,0.65,-0.099,True,None,0.000,False
155.904,2,en_route_delivery,-1.334,-2.876,0.000,-3.500,joint_grid_transaction,107,107,0,2,2,0.000,0.65,-0.442,True,None,0.000,True
155.904,3,en_route_delivery,0.244,2.561,0.000,-3.500,joint_grid_transaction,107,107,1,7,3,0.000,1.00,-0.094,False,None,0.000,False
155.904,4,en_route_delivery,4.670,0.250,3.000,-1.500,joint_grid_transaction,97,97,1,4,4,0.000,1.00,-1.482,False,None,0.000,False
155.904,5,en_route_delivery,4.282,1.624,6.000,-3.500,joint_grid_transaction,107,107,1,4,5,0.000,1.00,2.437,False,None,0.000,False
155.904,6,en_route_pickup,-0.878,-2.569,-1.000,-1.500,joint_grid_transaction,107,107,0,2,6,0.000,0.40,-1.257,True,None,0.000,True
155.904,7,en_route_delivery,0.057,-3.265,6.000,3.500,joint_grid_transaction,107,107,0,7,7,0.000,0.65,1.296,True,None,0.000,True
155.904,8,en_route_pickup,0.604,-3.217,-6.000,-3.500,joint_grid_transaction,107,107,0,11,8,0.000,0.40,-3.121,True,None,0.000,True
156.160,1,en_route_pickup,-0.949,-2.024,6.000,3.500,_command_reverse,101,98,0,2,9,156.316,0.65,-0.099,True,None,0.000,False
156.160,2,en_route_delivery,-1.334,-2.876,0.000,-3.500,joint_grid_transaction,107,107,0,2,2,156.316,0.65,-0.442,True,None,0.000,True
156.160,3,en_route_delivery,0.289,2.565,0.000,-3.500,joint_grid_transaction,107,107,1,7,3,0.000,1.00,-0.092,False,None,0.000,False
156.160,4,en_route_delivery,4.674,0.206,3.000,-1.500,joint_grid_transaction,97,97,1,4,4,0.000,1.00,-1.482,False,None,0.000,False
156.160,5,en_route_delivery,4.256,1.644,6.000,-3.500,joint_grid_transaction,107,107,1,4,5,0.000,1.00,2.709,False,None,0.000,False
156.160,6,en_route_pickup,-0.878,-2.569,-1.000,-1.500,joint_grid_transaction,107,107,0,2,6,156.316,0.40,-1.257,True,None,0.000,True
156.160,7,en_route_delivery,0.057,-3.265,6.000,3.500,joint_grid_transaction,107,107,0,7,7,156.316,0.65,1.296,True,None,0.000,True
156.160,8,en_route_pickup,0.604,-3.217,-6.000,-3.500,joint_grid_transaction,107,107,0,11,8,156.316,0.40,-3.121,True,None,0.000,True
156.416,1,en_route_pickup,-0.949,-2.024,6.000,3.500,_command_reverse,101,98,0,2,9,0.000,0.65,-0.099,True,None,0.000,False
156.416,2,en_route_delivery,-1.334,-2.876,0.000,-3.500,joint_grid_transaction,107,107,0,2,2,0.000,0.65,-0.442,True,None,0.000,True
156.416,3,en_route_delivery,0.333,2.569,0.000,-3.500,joint_grid_transaction,107,107,1,7,3,0.000,1.00,-0.092,False,None,0.000,False
156.416,4,en_route_delivery,4.678,0.163,3.000,-1.500,joint_grid_transaction,97,97,1,4,4,0.000,1.00,-1.483,False,None,0.000,False
156.416,5,en_route_delivery,4.240,1.651,6.000,-3.500,joint_grid_transaction,107,107,1,4,5,0.000,1.00,3.073,False,None,0.000,False
156.416,6,en_route_pickup,-0.878,-2.569,-1.000,-1.500,joint_grid_transaction,107,107,0,2,6,0.000,0.40,-1.257,True,None,0.000,True
156.416,7,en_route_delivery,0.057,-3.265,6.000,3.500,joint_grid_transaction,107,107,0,7,7,0.000,0.65,1.296,True,None,0.000,True
156.416,8,en_route_pickup,0.604,-3.217,-6.000,-3.500,joint_grid_transaction,107,107,0,11,8,0.000,0.40,-3.121,True,None,0.000,True
156.672,1,en_route_pickup,-0.949,-2.024,6.000,3.500,_command_reverse,101,98,0,2,9,156.828,0.65,-0.099,True,None,0.000,False
156.672,2,en_route_delivery,-1.334,-2.876,0.000,-3.500,joint_grid_transaction,107,107,0,2,2,156.828,0.65,-0.442,True,None,0.000,True
156.672,3,en_route_delivery,0.378,2.573,0.000,-3.500,joint_grid_transaction,107,107,1,7,3,0.000,1.00,-0.091,False,None,0.000,False
156.672,4,en_route_delivery,4.682,0.119,3.000,-1.500,joint_grid_transaction,97,97,1,4,4,0.000,1.00,-1.483,False,None,0.000,False
156.672,5,en_route_delivery,4.249,1.653,6.000,-3.500,joint_grid_transaction,107,107,1,4,5,0.000,1.00,-2.801,False,None,0.000,False
156.672,6,en_route_pickup,-0.878,-2.569,-1.000,-1.500,joint_grid_transaction,107,107,0,2,6,156.828,0.40,-1.257,True,None,0.000,True
156.672,7,en_route_delivery,0.057,-3.265,6.000,3.500,joint_grid_transaction,107,107,0,7,7,156.828,0.65,1.296,True,None,0.000,True
156.672,8,en_route_pickup,0.604,-3.217,-6.000,-3.500,joint_grid_transaction,107,107,0,11,8,156.828,0.40,-3.121,True,None,0.000,True
156.928,1,en_route_pickup,-0.949,-2.024,6.000,3.500,_command_reverse,101,98,0,2,9,0.000,0.65,-0.099,True,None,0.000,False
156.928,2,en_route_delivery,-1.334,-2.876,0.000,-3.500,joint_grid_transaction,107,107,0,2,2,0.000,0.65,-0.442,True,None,0.000,True
156.928,3,en_route_delivery,0.422,2.577,0.000,-3.500,joint_grid_transaction,107,107,1,7,3,0.000,1.00,-0.091,False,None,0.000,False
156.928,4,en_route_delivery,4.685,0.075,3.000,-1.500,joint_grid_transaction,97,97,1,4,4,0.000,1.00,-1.483,False,None,0.000,False
156.928,5,en_route_delivery,4.273,1.666,6.000,-3.500,joint_grid_transaction,107,107,1,4,5,0.000,1.00,-2.505,False,None,0.000,False
156.928,6,en_route_pickup,-0.878,-2.569,-1.000,-1.500,joint_grid_transaction,107,107,0,2,6,0.000,0.40,-1.257,True,None,0.000,True
156.928,7,en_route_delivery,0.057,-3.265,6.000,3.500,joint_grid_transaction,107,107,0,7,7,0.000,0.65,1.296,True,None,0.000,True
156.928,8,en_route_pickup,0.604,-3.217,-6.000,-3.500,joint_grid_transaction,107,107,0,11,8,0.000,0.40,-3.121,True,None,0.000,True
157.184,1,en_route_pickup,-0.949,-2.024,6.000,3.500,_command_reverse,101,98,0,2,9,157.324,0.65,-0.099,True,None,0.000,False
157.184,2,en_route_delivery,-1.334,-2.876,0.000,-3.500,joint_grid_transaction,108,108,0,2,2,157.324,0.65,-0.442,True,None,0.000,True
157.184,3,en_route_delivery,0.465,2.581,0.000,-3.500,joint_grid_transaction,108,108,1,7,3,0.000,1.00,-0.087,False,None,0.000,False
157.184,4,en_route_delivery,4.689,0.032,3.000,-1.500,joint_grid_transaction,108,108,1,4,4,0.000,1.00,-1.483,False,None,0.000,False
157.184,5,en_route_delivery,4.300,1.690,6.000,-3.500,joint_grid_transaction,108,108,1,3,5,0.000,1.00,-2.278,False,None,0.000,False
157.184,6,en_route_pickup,-0.878,-2.569,-1.000,-1.500,joint_grid_transaction,108,108,0,2,6,157.324,0.40,-1.257,True,None,0.000,True
157.184,7,en_route_delivery,0.057,-3.265,6.000,3.500,joint_grid_transaction,107,107,0,7,7,157.324,0.65,1.296,True,None,0.000,True
157.184,8,en_route_pickup,0.604,-3.217,-6.000,-3.500,joint_grid_transaction,108,108,0,8,8,157.324,0.40,-3.121,True,None,0.000,True
157.440,1,en_route_pickup,-0.949,-2.024,6.000,3.500,_command_reverse,101,98,0,2,9,0.000,0.65,-0.099,True,None,0.000,False
157.440,2,en_route_delivery,-1.334,-2.876,0.000,-3.500,joint_grid_transaction,108,108,0,2,2,0.000,0.65,-0.442,True,None,0.000,True
157.440,3,en_route_delivery,0.505,2.584,0.000,-3.500,joint_grid_transaction,108,108,1,7,3,0.000,1.00,-0.087,False,None,0.000,False
157.440,4,en_route_delivery,4.693,-0.011,3.000,-1.500,joint_grid_transaction,108,108,1,4,4,0.000,1.00,-1.483,False,None,0.000,False
157.440,5,en_route_delivery,4.320,1.717,6.000,-3.500,joint_grid_transaction,108,108,1,3,5,0.000,1.00,-2.007,False,None,0.000,False
157.440,6,en_route_pickup,-0.878,-2.569,-1.000,-1.500,joint_grid_transaction,108,108,0,2,6,0.000,0.40,-1.257,True,None,0.000,True
157.440,7,en_route_delivery,0.057,-3.265,6.000,3.500,joint_grid_transaction,107,107,0,7,7,0.000,0.65,1.296,True,None,0.000,True
157.440,8,en_route_pickup,0.604,-3.217,-6.000,-3.500,joint_grid_transaction,108,108,0,8,8,0.000,0.40,-3.121,True,None,0.000,True
157.696,1,en_route_pickup,-0.949,-2.024,6.000,3.500,_command_reverse,101,98,0,2,9,157.820,0.65,-0.099,True,None,0.000,False
157.696,2,en_route_delivery,-1.334,-2.876,0.000,-3.500,joint_grid_transaction,108,108,0,2,2,157.820,0.65,-0.442,True,None,0.000,True
157.696,3,en_route_delivery,0.545,2.588,0.000,-3.500,joint_grid_transaction,108,108,1,7,3,0.000,1.00,-0.087,False,None,0.000,False
157.696,4,en_route_delivery,4.697,-0.055,3.000,-1.500,joint_grid_transaction,108,108,1,4,4,0.000,1.00,-1.483,False,None,0.000,False
157.696,5,en_route_delivery,4.327,1.733,6.000,-3.500,joint_grid_transaction,108,108,1,3,5,0.000,1.00,-1.644,False,None,0.000,False
157.696,6,en_route_pickup,-0.878,-2.569,-1.000,-1.500,joint_grid_transaction,108,108,0,2,6,157.820,0.40,-1.257,True,None,0.000,True
157.696,7,en_route_delivery,0.057,-3.265,6.000,3.500,joint_grid_transaction,107,107,0,7,7,157.820,0.65,1.296,True,None,0.000,True
157.696,8,en_route_pickup,0.604,-3.217,-6.000,-3.500,joint_grid_transaction,108,108,0,8,8,157.820,0.40,-3.121,True,None,0.000,True
157.952,1,en_route_pickup,-0.949,-2.024,6.000,3.500,_command_reverse,101,98,0,2,9,0.000,0.65,-0.099,True,None,0.000,False
157.952,2,en_route_delivery,-1.334,-2.876,0.000,-3.500,joint_grid_transaction,108,108,0,2,2,0.000,0.65,-0.442,True,None,0.000,True
157.952,3,en_route_delivery,0.584,2.591,0.000,-3.500,joint_grid_transaction,108,108,1,7,3,0.000,1.00,-0.087,False,None,0.000,False
157.952,4,en_route_delivery,4.701,-0.098,3.000,-1.500,joint_grid_transaction,108,108,1,4,4,0.000,1.00,-1.483,False,None,0.000,False
157.952,5,en_route_delivery,4.329,1.724,6.000,-3.500,joint_grid_transaction,108,108,1,3,5,0.000,1.00,-1.234,False,None,0.000,False
157.952,6,en_route_pickup,-0.878,-2.569,-1.000,-1.500,joint_grid_transaction,108,108,0,2,6,0.000,0.40,-1.257,True,None,0.000,True
157.952,7,en_route_delivery,0.057,-3.265,6.000,3.500,joint_grid_transaction,107,107,0,7,7,0.000,0.65,1.296,True,None,0.000,True
157.952,8,en_route_pickup,0.604,-3.217,-6.000,-3.500,joint_grid_transaction,108,108,0,8,8,0.000,0.40,-3.121,True,None,0.000,True
158.208,1,en_route_pickup,-0.949,-2.024,6.000,3.500,_command_reverse,101,98,0,2,9,158.332,0.65,-0.099,True,None,0.000,False
158.208,2,en_route_delivery,-1.334,-2.876,0.000,-3.500,joint_grid_transaction,108,108,0,2,2,158.332,0.65,-0.442,True,None,0.000,True
158.208,3,en_route_delivery,0.624,2.595,0.000,-3.500,joint_grid_transaction,108,108,1,7,3,0.000,1.00,-0.087,False,None,0.000,False
158.208,4,en_route_delivery,4.704,-0.141,3.000,-1.500,joint_grid_transaction,108,108,1,4,4,0.000,1.00,-1.484,False,None,0.000,False
158.208,5,en_route_delivery,4.342,1.700,6.000,-3.500,joint_grid_transaction,108,108,1,3,5,0.000,1.00,-0.937,False,None,0.000,False
158.208,6,en_route_pickup,-0.878,-2.569,-1.000,-1.500,joint_grid_transaction,108,108,0,2,6,158.332,0.40,-1.257,True,None,0.000,True
158.208,7,en_route_delivery,0.057,-3.265,6.000,3.500,joint_grid_transaction,107,107,0,7,7,158.332,0.65,1.296,True,None,0.000,True
158.208,8,en_route_pickup,0.604,-3.217,-6.000,-3.500,joint_grid_transaction,108,108,0,8,8,158.332,0.40,-3.121,True,None,0.000,True
158.464,1,en_route_pickup,-0.949,-2.024,6.000,3.500,_command_reverse,101,98,0,2,9,0.000,0.65,-0.099,True,None,0.000,False
158.464,2,en_route_delivery,-1.334,-2.876,0.000,-3.500,joint_grid_transaction,108,108,0,2,2,0.000,0.65,-0.442,True,None,0.000,True
158.464,3,en_route_delivery,0.663,2.598,0.000,-3.500,joint_grid_transaction,108,108,1,7,3,0.000,1.00,-0.087,False,None,0.000,False
158.464,4,en_route_delivery,4.708,-0.184,3.000,-1.500,joint_grid_transaction,108,108,1,4,4,0.000,1.00,-1.484,False,None,0.000,False
158.464,5,en_route_delivery,4.367,1.672,6.000,-3.500,joint_grid_transaction,108,108,1,3,5,0.000,1.00,-0.700,False,None,0.000,False
158.464,6,en_route_pickup,-0.878,-2.569,-1.000,-1.500,joint_grid_transaction,108,108,0,2,6,0.000,0.40,-1.257,True,None,0.000,True
158.464,7,en_route_delivery,0.057,-3.265,6.000,3.500,joint_grid_transaction,107,107,0,7,7,0.000,0.65,1.296,True,None,0.000,True
158.464,8,en_route_pickup,0.604,-3.217,-6.000,-3.500,joint_grid_transaction,108,108,0,8,8,0.000,0.40,-3.121,True,None,0.000,True
158.720,1,en_route_pickup,-0.949,-2.024,6.000,3.500,joint_grid_transaction,109,98,0,12,9,158.828,0.65,-0.099,True,None,0.000,False
158.720,2,en_route_delivery,-1.334,-2.876,0.000,-3.500,joint_grid_transaction,109,108,0,2,2,158.828,0.65,-0.442,True,None,0.000,True
158.720,3,en_route_delivery,0.703,2.601,0.000,-3.500,joint_grid_transaction,109,108,1,7,3,0.000,1.00,-0.086,False,None,0.000,False
158.720,4,en_route_delivery,4.712,-0.227,3.000,-1.500,joint_grid_transaction,108,108,1,4,4,0.000,1.00,-1.484,False,None,0.000,False
158.720,5,en_route_delivery,4.393,1.653,6.000,-3.500,joint_grid_transaction,109,108,1,3,5,0.000,1.00,-0.427,False,None,0.000,False
158.720,6,en_route_pickup,-0.878,-2.569,-1.000,-1.500,joint_grid_transaction,109,108,0,2,6,158.828,0.40,-1.257,True,None,0.000,True
158.720,7,en_route_delivery,0.057,-3.265,6.000,3.500,joint_grid_transaction,107,107,0,7,7,158.828,0.65,1.296,True,None,0.000,True
158.720,8,en_route_pickup,0.604,-3.217,-6.000,-3.500,joint_grid_transaction,109,108,0,8,8,158.828,0.40,-3.121,True,None,0.000,True
158.976,1,en_route_pickup,-0.949,-2.024,6.000,3.500,joint_grid_transaction,109,109,0,12,9,0.000,0.65,-0.099,True,None,0.000,True
158.976,2,en_route_delivery,-1.334,-2.876,0.000,-3.500,joint_grid_transaction,109,109,0,2,2,0.000,0.65,-0.442,True,None,0.000,True
158.976,3,en_route_delivery,0.742,2.605,0.000,-3.500,joint_grid_transaction,109,109,1,7,3,0.000,1.00,-0.086,False,None,0.000,False
158.976,4,en_route_delivery,4.716,-0.270,3.000,-1.500,joint_grid_transaction,108,108,1,4,4,0.000,1.00,-1.484,False,None,0.000,False
158.976,5,en_route_delivery,4.409,1.646,6.000,-3.500,joint_grid_transaction,109,109,1,3,5,0.000,1.00,-0.061,False,None,0.000,False
158.976,6,en_route_pickup,-0.878,-2.569,-1.000,-1.500,joint_grid_transaction,109,109,0,2,6,0.000,0.40,-1.257,True,None,0.000,True
158.976,7,en_route_delivery,0.057,-3.265,6.000,3.500,joint_grid_transaction,107,107,0,7,7,0.000,0.65,1.296,True,None,0.000,True
158.976,8,en_route_pickup,0.604,-3.217,-6.000,-3.500,joint_grid_transaction,109,109,0,8,8,0.000,0.40,-3.121,True,None,0.000,True
159.232,1,en_route_pickup,-0.949,-2.024,6.000,3.500,joint_grid_transaction,109,109,0,12,9,159.324,0.65,-0.099,True,None,0.000,True
159.232,2,en_route_delivery,-1.334,-2.876,0.000,-3.500,joint_grid_transaction,109,109,0,2,2,159.324,0.65,-0.442,True,None,0.000,True
159.232,3,en_route_delivery,0.781,2.608,0.000,-3.500,joint_grid_transaction,109,109,1,7,3,0.000,1.00,-0.086,False,None,0.000,False
159.232,4,en_route_delivery,4.719,-0.313,3.000,-1.500,joint_grid_transaction,108,108,1,4,4,0.000,1.00,-1.484,False,None,0.000,False
159.232,5,en_route_delivery,4.404,1.645,6.000,-3.500,joint_grid_transaction,109,109,1,3,5,0.000,1.00,-0.250,False,None,0.000,False
159.232,6,en_route_pickup,-0.878,-2.569,-1.000,-1.500,joint_grid_transaction,109,109,0,2,6,159.324,0.40,-1.257,True,None,0.000,True
159.232,7,en_route_delivery,0.057,-3.265,6.000,3.500,joint_grid_transaction,107,107,0,7,7,159.324,0.65,1.296,True,None,0.000,True
159.232,8,en_route_pickup,0.604,-3.217,-6.000,-3.500,joint_grid_transaction,109,109,0,8,8,159.324,0.40,-3.121,True,None,0.000,True
159.488,1,en_route_pickup,-0.949,-2.024,6.000,3.500,joint_grid_transaction,109,109,0,12,9,0.000,0.65,-0.099,True,None,0.000,True
159.488,2,en_route_delivery,-1.334,-2.876,0.000,-3.500,joint_grid_transaction,109,109,0,2,2,0.000,0.65,-0.442,True,None,0.000,True
159.488,3,en_route_delivery,0.820,2.612,0.000,-3.500,joint_grid_transaction,109,109,1,7,3,0.000,1.00,-0.086,False,None,0.000,False
159.488,4,en_route_delivery,4.723,-0.356,3.000,-1.500,joint_grid_transaction,108,108,1,4,4,0.000,1.00,-1.484,False,None,0.000,False
159.488,5,en_route_delivery,4.401,1.640,6.000,-3.500,joint_grid_transaction,109,109,1,3,5,0.000,1.00,-0.399,False,None,0.000,False
159.488,6,en_route_pickup,-0.878,-2.569,-1.000,-1.500,joint_grid_transaction,109,109,0,2,6,0.000,0.40,-1.257,True,None,0.000,True
159.488,7,en_route_delivery,0.057,-3.265,6.000,3.500,joint_grid_transaction,107,107,0,7,7,0.000,0.65,1.296,True,None,0.000,True
159.488,8,en_route_pickup,0.604,-3.217,-6.000,-3.500,joint_grid_transaction,109,109,0,8,8,0.000,0.40,-3.121,True,None,0.000,True
159.744,1,en_route_pickup,-0.949,-2.024,6.000,3.500,joint_grid_transaction,109,109,0,12,9,159.820,0.65,-0.099,True,None,0.000,True
159.744,2,en_route_delivery,-1.334,-2.876,0.000,-3.500,joint_grid_transaction,109,109,0,2,2,159.820,0.65,-0.442,True,None,0.000,True
159.744,3,en_route_delivery,0.859,2.615,0.000,-3.500,joint_grid_transaction,109,109,1,7,3,0.000,1.00,-0.086,False,None,0.000,False
159.744,4,en_route_delivery,4.727,-0.398,3.000,-1.500,joint_grid_transaction,108,108,1,4,4,0.000,1.00,-1.484,False,None,0.000,False
159.744,5,en_route_delivery,4.442,1.619,6.000,-3.500,joint_grid_transaction,109,109,1,3,5,0.000,1.00,-0.512,False,None,0.000,False
159.744,6,en_route_pickup,-0.878,-2.569,-1.000,-1.500,joint_grid_transaction,109,109,0,2,6,159.820,0.40,-1.257,True,None,0.000,True
159.744,7,en_route_delivery,0.057,-3.265,6.000,3.500,joint_grid_transaction,107,107,0,7,7,159.820,0.65,1.296,False,None,0.000,True
159.744,8,en_route_pickup,0.605,-3.217,-6.000,-3.500,_joint_stall_recovery,110,109,0,7,8,0.000,1.00,3.047,False,None,0.000,False
160.000,1,en_route_pickup,-0.949,-2.024,6.000,3.500,joint_grid_transaction,109,109,0,12,9,0.000,0.65,-0.099,True,None,0.000,True
160.000,2,en_route_delivery,-1.334,-2.876,0.000,-3.500,joint_grid_transaction,109,109,0,2,2,0.000,0.65,-0.442,True,None,0.000,True
160.000,3,en_route_delivery,0.898,2.618,0.000,-3.500,joint_grid_transaction,109,109,1,7,3,0.000,1.00,-0.086,False,None,0.000,False
160.000,4,en_route_delivery,4.730,-0.440,3.000,-1.500,joint_grid_transaction,108,108,1,4,4,0.000,1.00,-1.484,False,None,0.000,False
160.000,5,en_route_delivery,4.482,1.594,6.000,-3.500,joint_grid_transaction,109,109,1,3,5,0.000,1.00,-0.584,False,None,0.000,False
160.000,6,en_route_pickup,-0.878,-2.569,-1.000,-1.500,joint_grid_transaction,109,109,0,2,6,0.000,0.40,-1.257,True,None,0.000,True
160.000,7,en_route_delivery,0.059,-3.259,6.000,3.500,joint_grid_transaction,107,107,1,7,7,0.000,0.65,1.198,False,None,0.000,True
160.000,8,en_route_pickup,0.622,-3.212,-6.000,-3.500,_joint_stall_recovery,110,109,0,7,8,0.000,1.00,2.685,False,None,0.000,False
160.256,1,en_route_pickup,-0.949,-2.024,6.000,3.500,joint_grid_transaction,109,109,0,12,9,160.332,0.65,-0.099,True,None,0.000,True
160.256,2,en_route_delivery,-1.334,-2.876,0.000,-3.500,joint_grid_transaction,109,109,0,2,2,160.332,0.65,-0.442,True,None,0.000,True
160.256,3,en_route_delivery,0.937,2.622,0.000,-3.500,joint_grid_transaction,109,109,1,7,3,0.000,1.00,-0.086,False,None,0.000,False
160.256,4,en_route_delivery,4.734,-0.483,3.000,-1.500,joint_grid_transaction,108,108,1,4,4,0.000,1.00,-1.485,False,None,0.000,False
160.256,5,en_route_delivery,4.521,1.567,6.000,-3.500,joint_grid_transaction,109,109,1,3,5,0.000,1.00,-0.629,False,None,0.000,False
160.256,6,en_route_pickup,-0.878,-2.569,-1.000,-1.500,joint_grid_transaction,109,109,0,2,6,160.332,0.40,-1.257,True,None,0.000,True
160.256,7,en_route_delivery,0.071,-3.237,6.000,3.500,joint_grid_transaction,107,107,1,7,7,0.000,1.00,0.939,False,None,0.000,False
160.256,8,en_route_pickup,0.630,-3.207,-6.000,-3.500,_command_reverse,112,109,0,1,8,0.000,0.40,2.590,False,None,0.000,False
160.512,1,en_route_pickup,-0.949,-2.024,6.000,3.500,joint_grid_transaction,109,109,0,12,9,0.000,0.65,-0.099,True,None,0.000,True
160.512,2,en_route_delivery,-1.334,-2.876,0.000,-3.500,joint_grid_transaction,109,109,0,2,2,0.000,0.65,-0.442,True,None,0.000,True
160.512,3,en_route_delivery,0.976,2.625,0.000,-3.500,joint_grid_transaction,109,109,1,7,3,0.000,1.00,-0.086,False,None,0.000,False
160.512,4,en_route_delivery,4.738,-0.525,3.000,-1.500,joint_grid_transaction,108,108,1,4,4,0.000,1.00,-1.485,False,None,0.000,False
160.512,5,en_route_delivery,4.559,1.538,6.000,-3.500,joint_grid_transaction,109,109,1,3,5,0.000,1.00,-0.656,False,None,0.000,False
160.512,6,en_route_pickup,-0.878,-2.569,-1.000,-1.500,joint_grid_transaction,109,109,0,2,6,0.000,0.40,-1.257,True,None,0.000,True
160.512,7,en_route_delivery,0.083,-3.224,6.000,3.500,joint_grid_transaction,107,107,1,7,7,0.000,1.00,0.817,False,None,0.000,True
160.512,8,en_route_pickup,0.632,-3.206,-6.000,-3.500,_command_reverse,112,109,0,1,8,0.000,0.40,2.566,True,None,0.000,True
160.768,1,en_route_pickup,-0.949,-2.024,6.000,3.500,joint_grid_transaction,109,109,0,12,9,0.000,0.65,-0.099,True,None,0.000,True
160.768,2,en_route_delivery,-1.334,-2.876,0.000,-3.500,joint_grid_transaction,109,109,0,2,2,0.000,0.65,-0.442,True,None,0.000,True
160.768,3,en_route_delivery,1.014,2.628,0.000,-3.500,joint_grid_transaction,109,109,1,7,3,0.000,1.00,-0.086,False,None,0.000,False
160.768,4,en_route_delivery,4.741,-0.567,3.000,-1.500,joint_grid_transaction,108,108,1,4,4,0.000,1.00,-1.485,False,None,0.000,False
160.768,5,en_route_delivery,4.597,1.509,6.000,-3.500,joint_grid_transaction,109,109,1,3,5,0.000,1.00,-0.673,False,None,0.000,False
160.768,6,en_route_pickup,-0.878,-2.569,-1.000,-1.500,joint_grid_transaction,109,109,0,2,6,0.000,0.40,-1.257,True,None,0.000,True
160.768,7,en_route_delivery,0.083,-3.224,6.000,3.500,_priority_yield_resume,114,107,0,1,7,0.000,0.55,0.817,False,None,0.000,True
160.768,8,en_route_pickup,0.632,-3.206,-6.000,-3.500,_command_reverse,112,109,0,1,8,0.000,1.00,2.566,True,None,0.000,True
161.024,1,en_route_pickup,-0.949,-2.024,6.000,3.500,joint_grid_transaction,109,109,0,12,9,0.000,0.65,-0.099,True,None,0.000,True
161.024,2,en_route_delivery,-1.334,-2.876,0.000,-3.500,joint_grid_transaction,109,109,0,2,2,0.000,0.65,-0.442,True,None,0.000,True
161.024,3,en_route_delivery,1.053,2.632,0.000,-3.500,joint_grid_transaction,109,109,1,7,3,0.000,1.00,-0.086,False,None,0.000,False
161.024,4,en_route_delivery,4.745,-0.608,3.000,-1.500,joint_grid_transaction,108,108,1,4,4,0.000,1.00,-1.485,False,None,0.000,False
161.024,5,en_route_delivery,4.634,1.479,6.000,-3.500,joint_grid_transaction,109,109,1,3,5,0.000,1.00,-0.684,False,None,0.000,False
161.024,6,en_route_pickup,-0.878,-2.569,-1.000,-1.500,joint_grid_transaction,109,109,0,2,6,0.000,0.40,-1.257,True,None,0.000,True
161.024,7,en_route_delivery,0.083,-3.224,6.000,3.500,_priority_yield_resume,114,107,0,1,7,0.000,0.55,0.817,False,None,0.000,True
161.024,8,en_route_pickup,0.632,-3.206,-6.000,-3.500,_command_reverse,112,109,0,1,8,0.000,1.00,2.566,True,None,0.000,True
161.280,1,en_route_pickup,-0.949,-2.024,6.000,3.500,joint_grid_transaction,109,109,0,12,9,0.000,0.65,-0.099,True,None,0.000,True
161.280,2,en_route_delivery,-1.334,-2.876,0.000,-3.500,joint_grid_transaction,109,109,0,2,2,0.000,0.65,-0.442,True,None,0.000,True
161.280,3,en_route_delivery,1.091,2.635,0.000,-3.500,joint_grid_transaction,109,109,1,7,3,0.000,1.00,-0.086,False,None,0.000,False
161.280,4,en_route_delivery,4.749,-0.650,3.000,-1.500,joint_grid_transaction,108,108,1,4,4,0.000,1.00,-1.485,False,None,0.000,False
161.280,5,en_route_delivery,4.671,1.449,6.000,-3.500,joint_grid_transaction,109,109,1,3,5,0.000,1.00,-0.690,False,None,0.000,False
161.280,6,en_route_pickup,-0.878,-2.569,-1.000,-1.500,joint_grid_transaction,109,109,0,2,6,0.000,0.40,-1.257,True,None,0.000,True
161.280,7,en_route_delivery,0.083,-3.224,6.000,3.500,_priority_yield_resume,114,107,0,1,7,0.000,0.55,0.817,False,None,0.000,False
161.280,8,en_route_pickup,0.632,-3.206,-6.000,-3.500,_command_reverse,112,109,0,1,8,0.000,1.00,2.566,True,None,0.000,True
161.536,1,en_route_pickup,-0.949,-2.024,6.000,3.500,joint_grid_transaction,109,109,0,12,9,0.000,0.65,-0.099,True,None,0.000,True
161.536,2,en_route_delivery,-1.334,-2.876,0.000,-3.500,joint_grid_transaction,109,109,0,2,2,0.000,0.65,-0.442,True,None,0.000,True
161.536,3,en_route_delivery,1.129,2.638,0.000,-3.500,joint_grid_transaction,109,109,1,7,3,0.000,1.00,-0.085,False,None,0.000,False
161.536,4,en_route_delivery,4.752,-0.691,3.000,-1.500,joint_grid_transaction,108,108,1,4,4,0.000,1.00,-1.485,False,None,0.000,False
161.536,5,en_route_delivery,4.708,1.418,6.000,-3.500,joint_grid_transaction,109,109,1,3,5,0.000,1.00,-0.694,False,None,0.000,False
161.536,6,en_route_pickup,-0.878,-2.569,-1.000,-1.500,joint_grid_transaction,109,109,0,2,6,0.000,0.40,-1.257,True,None,0.000,True
161.536,7,en_route_delivery,0.083,-3.224,6.000,3.500,_priority_yield_resume,114,107,0,1,7,0.000,0.55,0.817,False,None,0.000,False
161.536,8,en_route_pickup,0.632,-3.206,-6.000,-3.500,_command_reverse,112,109,0,1,8,0.000,1.00,2.566,True,None,0.000,True
161.792,1,en_route_pickup,-0.949,-2.024,6.000,3.500,joint_grid_transaction,109,109,0,12,9,0.000,0.65,-0.099,True,None,0.000,True
161.792,2,en_route_delivery,-1.334,-2.876,0.000,-3.500,joint_grid_transaction,109,109,0,2,2,0.000,0.65,-0.442,True,None,0.000,True
161.792,3,en_route_delivery,1.167,2.641,0.000,-3.500,joint_grid_transaction,109,109,1,7,3,0.000,1.00,-0.085,False,None,0.000,False
161.792,4,en_route_delivery,4.756,-0.733,3.000,-1.500,joint_grid_transaction,108,108,1,4,4,0.000,1.00,-1.485,False,None,0.000,False
161.792,5,en_route_delivery,4.745,1.387,6.000,-3.500,joint_grid_transaction,109,109,1,3,5,0.000,1.00,-0.697,False,None,0.000,False
161.792,6,en_route_pickup,-0.878,-2.569,-1.000,-1.500,joint_grid_transaction,109,109,0,2,6,0.000,0.40,-1.257,True,None,0.000,True
161.792,7,en_route_delivery,0.083,-3.224,6.000,3.500,_priority_yield_resume,114,107,0,1,7,0.000,0.55,0.817,True,None,0.000,False
161.792,8,en_route_pickup,0.632,-3.206,-6.000,-3.500,_command_reverse,112,109,0,1,8,0.000,1.00,2.566,True,None,0.000,True
162.048,1,en_route_pickup,-0.949,-2.024,6.000,3.500,joint_grid_transaction,109,109,0,12,9,0.000,0.50,-0.099,True,None,0.000,True
162.048,2,en_route_delivery,-1.334,-2.876,0.000,-3.500,_priority_yield_resume,115,109,0,1,2,0.000,0.55,-0.442,False,None,0.000,False
162.048,3,en_route_delivery,1.205,2.645,0.000,-3.500,joint_grid_transaction,109,109,1,7,3,0.000,1.00,-0.085,False,None,0.000,False
162.048,4,en_route_delivery,4.759,-0.774,3.000,-1.500,joint_grid_transaction,108,108,1,4,4,0.000,1.00,-1.485,False,None,0.000,False
162.048,5,en_route_delivery,4.781,1.357,6.000,-3.500,joint_grid_transaction,109,109,1,3,5,0.000,1.00,-0.699,False,None,0.000,False
162.048,6,en_route_pickup,-0.878,-2.569,-1.000,-1.500,joint_grid_transaction,109,109,0,2,6,0.000,1.00,-1.257,True,None,0.000,True
162.048,7,en_route_delivery,0.083,-3.224,6.000,3.500,joint_grid_transaction,114,107,0,0,7,172.032,0.40,0.817,True,None,0.000,False
162.048,8,en_route_pickup,0.632,-3.206,-6.000,-3.500,_command_reverse,112,109,0,1,8,0.000,0.50,2.566,True,None,0.000,True
162.304,1,en_route_pickup,-0.949,-2.024,6.000,3.500,joint_grid_transaction,109,109,0,12,9,0.000,0.50,-0.099,True,None,0.000,True
162.304,2,en_route_delivery,-1.342,-2.880,0.000,-3.500,_priority_yield_resume,115,109,0,1,2,0.000,0.55,-0.532,False,None,0.000,False
162.304,3,en_route_delivery,1.243,2.648,0.000,-3.500,joint_grid_transaction,109,109,1,7,3,0.000,1.00,-0.085,False,None,0.000,False
162.304,4,en_route_delivery,4.763,-0.815,3.000,-1.500,joint_grid_transaction,108,108,1,4,4,0.000,1.00,-1.485,False,None,0.000,False
162.304,5,en_route_delivery,4.818,1.326,6.000,-3.500,joint_grid_transaction,109,109,1,3,5,0.000,1.00,-0.700,False,None,0.000,False
162.304,6,en_route_pickup,-0.878,-2.569,-1.000,-1.500,joint_grid_transaction,109,109,0,2,6,0.000,1.00,-1.257,True,None,0.000,True
162.304,7,en_route_delivery,0.083,-3.224,6.000,3.500,joint_grid_transaction,114,107,0,0,7,172.032,0.40,0.817,True,None,0.000,False
162.304,8,en_route_pickup,0.632,-3.206,-6.000,-3.500,_command_reverse,112,109,0,1,8,0.000,0.50,2.566,True,None,0.000,True
162.560,1,en_route_pickup,-0.949,-2.024,6.000,3.500,joint_grid_transaction,109,109,0,12,9,0.000,0.50,-0.099,True,None,0.000,True
162.560,2,en_route_delivery,-1.350,-2.885,0.000,-3.500,_priority_yield_resume,115,109,0,1,2,0.000,0.55,-0.615,False,None,0.000,False
162.560,3,en_route_delivery,1.281,2.651,0.000,-3.500,joint_grid_transaction,109,109,1,7,3,0.000,1.00,-0.085,False,None,0.000,False
162.560,4,en_route_delivery,4.766,-0.855,3.000,-1.500,joint_grid_transaction,108,108,1,4,4,0.000,1.00,-1.485,False,None,0.000,False
162.560,5,en_route_delivery,4.855,1.295,6.000,-3.500,joint_grid_transaction,109,109,1,3,5,0.000,1.00,-0.700,False,None,0.000,False
162.560,6,en_route_pickup,-0.878,-2.569,-1.000,-1.500,joint_grid_transaction,109,109,0,2,6,0.000,1.00,-1.257,True,None,0.000,True
162.560,7,en_route_delivery,0.083,-3.224,6.000,3.500,joint_grid_transaction,114,107,0,0,7,172.032,0.40,0.817,True,None,0.000,False
162.560,8,en_route_pickup,0.632,-3.206,-6.000,-3.500,_command_reverse,112,109,0,1,8,0.000,0.50,2.566,True,None,0.000,True
162.816,1,en_route_pickup,-0.949,-2.024,6.000,3.500,joint_grid_transaction,109,109,0,12,9,0.000,0.50,-0.099,False,None,0.000,True
162.816,2,en_route_delivery,-1.358,-2.891,0.000,-3.500,_priority_yield_resume,115,109,0,1,2,0.000,0.55,-0.691,False,None,0.000,False
162.816,3,en_route_delivery,1.319,2.654,0.000,-3.500,joint_grid_transaction,109,109,1,7,3,0.000,1.00,-0.085,False,None,0.000,False
162.816,4,en_route_delivery,4.770,-0.895,3.000,-1.500,joint_grid_transaction,108,108,1,4,4,0.000,1.00,-1.486,False,None,0.000,False
162.816,5,en_route_delivery,4.891,1.264,6.000,-3.500,joint_grid_transaction,109,109,1,3,5,0.000,1.00,-0.701,False,None,0.000,False
162.816,6,en_route_pickup,-0.878,-2.569,-1.000,-1.500,joint_grid_transaction,109,109,0,2,6,0.000,1.00,-1.257,False,None,0.000,True
162.816,7,en_route_delivery,0.083,-3.224,6.000,3.500,joint_grid_transaction,114,107,0,0,7,172.032,0.40,0.817,True,None,0.000,False
162.816,8,en_route_pickup,0.632,-3.206,-6.000,-3.500,_command_reverse,112,109,0,1,8,0.000,0.50,2.566,True,None,0.000,True
163.072,1,en_route_pickup,-0.949,-2.024,6.000,3.500,joint_grid_transaction,109,109,0,12,9,0.000,0.50,-0.099,False,None,0.000,False
163.072,2,en_route_delivery,-1.366,-2.899,0.000,-3.500,_priority_yield_resume,115,109,0,1,2,0.000,0.55,-0.763,False,None,0.000,False
163.072,3,en_route_delivery,1.357,2.658,0.000,-3.500,joint_grid_transaction,109,109,1,7,3,0.000,1.00,-0.085,False,None,0.000,False
163.072,4,en_route_delivery,4.773,-0.935,3.000,-1.500,joint_grid_transaction,108,108,1,4,4,0.000,1.00,-1.486,False,None,0.000,False
163.072,5,en_route_delivery,4.928,1.233,6.000,-3.500,joint_grid_transaction,109,109,1,3,5,0.000,1.00,-0.701,False,None,0.000,False
163.072,6,en_route_pickup,-0.878,-2.569,-1.000,-1.500,joint_grid_transaction,109,109,0,2,6,0.000,1.00,-1.257,False,None,0.000,False
163.072,7,en_route_delivery,0.083,-3.224,6.000,3.500,joint_grid_transaction,114,107,0,0,7,172.032,0.40,0.817,True,None,0.000,False
163.072,8,en_route_pickup,0.632,-3.206,-6.000,-3.500,_command_reverse,112,109,0,1,8,0.000,0.50,2.566,True,None,0.000,True
163.328,1,en_route_pickup,-0.949,-2.024,6.000,3.500,joint_grid_transaction,109,109,0,12,9,0.000,0.50,-0.099,False,None,0.000,False
163.328,2,en_route_delivery,-1.374,-2.907,0.000,-3.500,_priority_yield_resume,115,109,0,1,2,0.000,0.55,-0.827,False,None,0.000,False
163.328,3,en_route_delivery,1.394,2.661,0.000,-3.500,joint_grid_transaction,109,109,1,7,3,0.000,1.00,-0.085,False,None,0.000,False
163.328,4,en_route_delivery,4.776,-0.975,3.000,-1.500,joint_grid_transaction,108,108,1,4,4,0.000,1.00,-1.486,False,None,0.000,False
163.328,5,en_route_delivery,4.964,1.202,6.000,-3.500,joint_grid_transaction,109,109,1,3,5,0.000,1.00,-0.701,False,None,0.000,False
163.328,6,en_route_pickup,-0.878,-2.569,-1.000,-1.500,joint_grid_transaction,109,109,0,2,6,0.000,1.00,-1.257,False,None,0.000,False
163.328,7,en_route_delivery,0.083,-3.224,6.000,3.500,joint_grid_transaction,114,107,0,0,7,172.032,0.40,0.817,True,None,0.000,False
163.328,8,en_route_pickup,0.632,-3.206,-6.000,-3.500,_command_reverse,112,109,0,1,8,0.000,0.50,2.566,True,None,0.000,True
163.584,1,en_route_pickup,-0.949,-2.024,6.000,3.500,joint_grid_transaction,109,109,0,12,9,0.000,0.50,-0.099,False,None,0.000,False
163.584,2,en_route_delivery,-1.380,-2.914,0.000,-3.500,_priority_yield_resume,115,109,0,1,2,0.000,0.55,-0.889,False,None,0.000,False
163.584,3,en_route_delivery,1.431,2.664,0.000,-3.500,joint_grid_transaction,109,109,1,7,3,0.000,1.00,-0.085,False,None,0.000,False
163.584,4,en_route_delivery,4.780,-1.015,3.000,-1.500,joint_grid_transaction,108,108,1,4,4,0.000,1.00,-1.486,False,None,0.000,False
163.584,5,en_route_delivery,5.001,1.172,6.000,-3.500,joint_grid_transaction,109,109,1,3,5,0.000,1.00,-0.701,False,None,0.000,False
163.584,6,en_route_pickup,-0.878,-2.569,-1.000,-1.500,joint_grid_transaction,109,109,0,2,6,0.000,1.00,-1.257,False,None,0.000,False
163.584,7,en_route_delivery,0.083,-3.224,6.000,3.500,joint_grid_transaction,114,107,0,0,7,172.032,0.40,0.817,True,None,0.000,False
163.584,8,en_route_pickup,0.632,-3.206,-6.000,-3.500,_command_reverse,112,109,0,1,8,0.000,0.50,2.566,True,None,0.000,True
163.840,1,en_route_pickup,-0.949,-2.024,6.000,3.500,joint_grid_transaction,109,109,0,12,9,0.000,0.50,-0.099,False,None,0.000,False
163.840,2,en_route_delivery,-1.385,-2.920,0.000,-3.500,_priority_yield_resume,115,109,0,1,2,0.000,0.55,-0.948,False,None,0.000,False
163.840,3,en_route_delivery,1.468,2.667,0.000,-3.500,joint_grid_transaction,109,109,1,7,3,0.000,1.00,-0.085,False,None,0.000,False
163.840,4,en_route_delivery,4.783,-1.054,3.000,-1.500,joint_grid_transaction,108,108,1,4,4,0.000,1.00,-1.486,False,None,0.000,False
163.840,5,en_route_delivery,5.037,1.141,6.000,-3.500,joint_grid_transaction,109,109,1,3,5,0.000,1.00,-0.701,False,None,0.000,False
163.840,6,en_route_pickup,-0.878,-2.569,-1.000,-1.500,joint_grid_transaction,109,109,0,2,6,0.000,1.00,-1.257,False,None,0.000,False
163.840,7,en_route_delivery,0.083,-3.224,6.000,3.500,joint_grid_transaction,114,107,0,0,7,172.032,0.40,0.817,True,None,0.000,False
163.840,8,en_route_pickup,0.632,-3.206,-6.000,-3.500,_command_reverse,112,109,0,1,8,0.000,0.50,2.566,True,None,0.000,True
164.096,1,en_route_pickup,-0.949,-2.024,6.000,3.500,joint_grid_transaction,109,109,0,12,9,0.000,1.00,-0.099,False,None,0.000,False
164.096,2,en_route_delivery,-1.388,-2.925,0.000,-3.500,joint_grid_transaction,115,109,0,0,2,174.032,0.40,-0.994,False,None,0.000,False
164.096,3,en_route_delivery,1.505,2.670,0.000,-3.500,joint_grid_transaction,109,109,1,7,3,0.000,1.00,-0.085,False,None,0.000,False
164.096,4,en_route_delivery,4.786,-1.092,3.000,-1.500,joint_grid_transaction,108,108,1,4,4,0.000,1.00,-1.486,False,None,0.000,False
164.096,5,en_route_delivery,5.074,1.110,6.000,-3.500,joint_grid_transaction,109,109,1,3,5,0.000,1.00,-0.701,False,None,0.000,False
164.096,6,en_route_pickup,-0.878,-2.569,-1.000,-1.500,_priority_yield_resume,118,109,0,1,6,0.000,0.55,-1.257,False,None,0.000,False
164.096,7,en_route_delivery,0.083,-3.224,6.000,3.500,joint_grid_transaction,114,107,0,0,7,172.032,0.40,0.817,True,None,0.000,False
164.096,8,en_route_pickup,0.632,-3.206,-6.000,-3.500,_command_reverse,112,109,0,1,8,0.000,0.50,2.566,True,None,0.000,True
164.352,1,en_route_pickup,-0.949,-2.024,6.000,3.500,joint_grid_transaction,109,109,0,12,9,0.000,1.00,-0.099,False,None,0.000,False
164.352,2,en_route_delivery,-1.388,-2.925,0.000,-3.500,joint_grid_transaction,115,109,0,0,2,174.032,0.40,-0.994,False,None,0.000,False
164.352,3,en_route_delivery,1.542,2.673,0.000,-3.500,joint_grid_transaction,109,109,1,7,3,0.000,1.00,-0.085,False,None,0.000,False
164.352,4,en_route_delivery,4.790,-1.131,3.000,-1.500,joint_grid_transaction,108,108,1,4,4,0.000,1.00,-1.486,False,None,0.000,False
164.352,5,en_route_delivery,5.111,1.079,6.000,-3.500,joint_grid_transaction,109,109,1,3,5,0.000,1.00,-0.701,False,None,0.000,False
164.352,6,en_route_pickup,-0.878,-2.569,-1.000,-1.500,_priority_yield_resume,118,109,0,1,6,0.000,0.55,-1.257,False,None,0.000,True
164.352,7,en_route_delivery,0.083,-3.224,6.000,3.500,joint_grid_transaction,114,107,0,0,7,172.032,0.40,0.817,True,None,0.000,False
164.352,8,en_route_pickup,0.632,-3.206,-6.000,-3.500,_command_reverse,112,109,0,1,8,0.000,0.50,2.566,True,None,0.000,True
164.608,1,en_route_pickup,-0.949,-2.024,6.000,3.500,joint_grid_transaction,109,109,0,12,9,0.000,1.00,-0.099,False,None,0.000,False
164.608,2,en_route_delivery,-1.388,-2.925,0.000,-3.500,joint_grid_transaction,115,109,0,0,2,174.032,0.40,-0.994,False,None,0.000,False
164.608,3,en_route_delivery,1.579,2.677,0.000,-3.500,joint_grid_transaction,109,109,1,7,3,0.000,1.00,-0.085,False,None,0.000,False
164.608,4,en_route_delivery,4.793,-1.169,3.000,-1.500,joint_grid_transaction,108,108,1,4,4,0.000,1.00,-1.486,False,None,0.000,False
164.608,5,en_route_delivery,5.147,1.048,6.000,-3.500,joint_grid_transaction,109,109,1,3,5,0.000,1.00,-0.701,False,None,0.000,False
164.608,6,en_route_pickup,-0.878,-2.569,-1.000,-1.500,_priority_yield_resume,118,109,0,1,6,0.000,0.55,-1.257,False,None,0.000,False
164.608,7,en_route_delivery,0.083,-3.224,6.000,3.500,joint_grid_transaction,114,107,0,0,7,172.032,0.40,0.817,True,None,0.000,False
164.608,8,en_route_pickup,0.632,-3.206,-6.000,-3.500,_command_reverse,112,109,0,1,8,0.000,0.50,2.566,True,None,0.000,True
164.864,1,en_route_pickup,-0.949,-2.024,6.000,3.500,joint_grid_transaction,109,109,0,12,9,0.000,1.00,-0.099,True,None,0.000,False
164.864,2,en_route_delivery,-1.388,-2.925,0.000,-3.500,joint_grid_transaction,115,109,0,0,2,174.032,0.40,-0.994,False,None,0.000,False
164.864,3,en_route_delivery,1.616,2.680,0.000,-3.500,joint_grid_transaction,109,109,1,7,3,0.000,1.00,-0.085,False,None,0.000,False
164.864,4,en_route_delivery,4.796,-1.206,3.000,-1.500,joint_grid_transaction,108,108,1,4,4,0.000,1.00,-1.486,False,None,0.000,False
164.864,5,en_route_delivery,5.184,1.017,6.000,-3.500,joint_grid_transaction,109,109,1,3,5,0.000,1.00,-0.701,False,None,0.000,False
164.864,6,en_route_pickup,-0.878,-2.569,-1.000,-1.500,_priority_yield_resume,118,109,0,1,6,0.000,0.55,-1.257,True,None,0.000,False
164.864,7,en_route_delivery,0.083,-3.224,6.000,3.500,joint_grid_transaction,114,107,0,0,7,172.032,0.40,0.817,True,None,0.000,False
164.864,8,en_route_pickup,0.632,-3.206,-6.000,-3.500,_command_reverse,112,109,0,1,8,0.000,0.50,2.566,True,None,0.000,True
165.120,1,en_route_pickup,-0.949,-2.024,6.000,3.500,joint_grid_transaction,109,109,0,12,9,0.000,1.00,-0.099,True,None,0.000,False
165.120,2,en_route_delivery,-1.388,-2.925,0.000,-3.500,joint_grid_transaction,115,109,0,0,2,174.032,0.40,-0.994,False,None,0.000,False
165.120,3,en_route_delivery,1.652,2.683,0.000,-3.500,joint_grid_transaction,109,109,1,7,3,0.000,1.00,-0.085,False,None,0.000,False
165.120,4,en_route_delivery,4.799,-1.243,3.000,-1.500,joint_grid_transaction,108,108,1,4,4,0.000,1.00,-1.486,False,None,0.000,False
165.120,5,en_route_delivery,5.220,0.986,6.000,-3.500,joint_grid_transaction,109,109,1,3,5,0.000,1.00,-0.701,False,None,0.000,False
165.120,6,en_route_pickup,-0.878,-2.569,-1.000,-1.500,_priority_yield_resume,118,109,0,1,6,0.000,0.55,-1.257,True,None,0.000,False
165.120,7,en_route_delivery,0.083,-3.224,6.000,3.500,joint_grid_transaction,114,107,0,0,7,172.032,0.40,0.817,True,None,0.000,False
165.120,8,en_route_pickup,0.632,-3.206,-6.000,-3.500,_command_reverse,112,109,0,1,8,0.000,0.50,2.566,True,None,0.000,True
165.376,1,en_route_pickup,-0.949,-2.024,6.000,3.500,joint_grid_transaction,109,109,0,12,9,0.000,1.00,-0.099,True,None,0.000,False
165.376,2,en_route_delivery,-1.388,-2.925,0.000,-3.500,joint_grid_transaction,115,109,0,0,2,174.032,0.40,-0.994,False,None,0.000,False
165.376,3,en_route_delivery,1.689,2.686,0.000,-3.500,joint_grid_transaction,109,109,1,7,3,0.000,1.00,-0.084,False,None,0.000,False
165.376,4,en_route_delivery,4.802,-1.280,3.000,-1.500,joint_grid_transaction,108,108,1,4,4,0.000,1.00,-1.486,False,None,0.000,False
165.376,5,en_route_delivery,5.257,0.955,6.000,-3.500,joint_grid_transaction,109,109,1,3,5,0.000,1.00,-0.701,False,None,0.000,False
165.376,6,en_route_pickup,-0.878,-2.569,-1.000,-1.500,_priority_yield_resume,118,109,0,1,6,0.000,0.55,-1.257,True,None,0.000,False
165.376,7,en_route_delivery,0.083,-3.224,6.000,3.500,joint_grid_transaction,114,107,0,0,7,172.032,0.40,0.817,True,None,0.000,False
165.376,8,en_route_pickup,0.632,-3.206,-6.000,-3.500,_command_reverse,112,109,0,1,8,0.000,0.50,2.566,True,None,0.000,True
165.632,1,en_route_pickup,-0.949,-2.024,6.000,3.500,joint_grid_transaction,109,109,0,12,9,0.000,1.00,-0.099,True,None,0.000,False
165.632,2,en_route_delivery,-1.388,-2.925,0.000,-3.500,joint_grid_transaction,115,109,0,0,2,174.032,0.40,-0.994,False,None,0.000,False
165.632,3,en_route_delivery,1.725,2.689,0.000,-3.500,joint_grid_transaction,109,109,1,7,3,0.000,1.00,-0.084,False,None,0.000,False
165.632,4,en_route_delivery,4.805,-1.316,3.000,-1.500,joint_grid_transaction,108,108,1,4,4,0.000,1.00,-1.486,False,None,0.000,False
165.632,5,en_route_delivery,5.293,0.924,6.000,-3.500,joint_grid_transaction,109,109,1,3,5,0.000,1.00,-0.701,False,None,0.000,False
165.632,6,en_route_pickup,-0.878,-2.569,-1.000,-1.500,_priority_yield_resume,118,109,0,1,6,0.000,0.55,-1.257,True,None,0.000,False
165.632,7,en_route_delivery,0.083,-3.224,6.000,3.500,joint_grid_transaction,114,107,0,0,7,172.032,0.40,0.817,True,None,0.000,False
165.632,8,en_route_pickup,0.632,-3.206,-6.000,-3.500,_command_reverse,112,109,0,1,8,0.000,0.50,2.566,True,None,0.000,True
165.888,1,en_route_pickup,-0.949,-2.024,6.000,3.500,joint_grid_transaction,109,109,0,12,9,0.000,1.00,-0.099,True,None,0.000,False
165.888,2,en_route_delivery,-1.388,-2.925,0.000,-3.500,joint_grid_transaction,115,109,0,0,2,174.032,0.40,-0.994,False,None,0.000,False
165.888,3,en_route_delivery,1.761,2.692,0.000,-3.500,joint_grid_transaction,109,109,1,7,3,0.000,1.00,-0.084,False,None,0.000,False
165.888,4,en_route_delivery,4.808,-1.351,3.000,-1.500,joint_grid_transaction,108,108,1,4,4,0.000,1.00,-1.486,False,None,0.000,False
165.888,5,en_route_delivery,5.330,0.894,6.000,-3.500,joint_grid_transaction,109,109,1,3,5,0.000,1.00,-0.701,False,None,0.000,False
165.888,6,en_route_pickup,-0.878,-2.569,-1.000,-1.500,_priority_yield_resume,118,109,0,1,6,0.000,0.55,-1.257,True,None,0.000,False
165.888,7,en_route_delivery,0.083,-3.224,6.000,3.500,joint_grid_transaction,114,107,0,0,7,172.032,0.40,0.817,True,None,0.000,False
165.888,8,en_route_pickup,0.632,-3.206,-6.000,-3.500,_command_reverse,112,109,0,1,8,0.000,0.50,2.566,True,None,0.000,True
166.144,1,en_route_pickup,-0.949,-2.024,6.000,3.500,joint_grid_transaction,109,109,0,12,9,0.000,1.00,-0.099,True,None,0.000,False
166.144,2,en_route_delivery,-1.388,-2.925,0.000,-3.500,joint_grid_transaction,115,109,0,0,2,174.032,0.40,-0.994,False,None,0.000,False
166.144,3,en_route_delivery,1.796,2.695,0.000,-3.500,joint_grid_transaction,109,109,1,7,3,0.000,1.00,-0.084,False,None,0.000,False
166.144,4,en_route_delivery,4.811,-1.386,3.000,-1.500,joint_grid_transaction,108,108,1,4,4,0.000,1.00,-1.487,False,None,0.000,False
166.144,5,en_route_delivery,5.319,0.874,6.000,-3.500,joint_grid_transaction,109,109,2,3,5,0.000,1.00,-0.892,False,None,0.000,False
166.144,6,en_route_pickup,-0.878,-2.569,-1.000,-1.500,joint_grid_transaction,118,109,0,0,6,176.032,0.40,-1.257,True,None,0.000,False
166.144,7,en_route_delivery,0.083,-3.224,6.000,3.500,joint_grid_transaction,114,107,0,0,7,172.032,0.40,0.817,True,None,0.000,False
166.144,8,en_route_pickup,0.632,-3.206,-6.000,-3.500,_command_reverse,112,109,0,1,8,0.000,0.50,2.566,True,None,0.000,True
166.400,1,en_route_pickup,-0.949,-2.024,6.000,3.500,joint_grid_transaction,109,109,0,12,9,0.000,1.00,-0.099,True,None,0.000,False
166.400,2,en_route_delivery,-1.388,-2.925,0.000,-3.500,joint_grid_transaction,115,109,0,0,2,174.032,0.40,-0.994,False,None,0.000,False
166.400,3,en_route_delivery,1.832,2.698,0.000,-3.500,joint_grid_transaction,109,109,1,7,3,0.000,1.00,-0.084,False,None,0.000,False
166.400,4,en_route_delivery,4.814,-1.420,3.000,-1.500,joint_grid_transaction,108,108,1,4,4,0.000,1.00,-1.487,False,None,0.000,False
166.400,5,en_route_delivery,5.307,0.859,6.000,-3.500,joint_grid_transaction,109,109,2,3,5,0.000,1.00,-1.042,False,None,0.000,False
166.400,6,en_route_pickup,-0.878,-2.569,-1.000,-1.500,joint_grid_transaction,118,109,0,0,6,176.032,0.40,-1.257,True,None,0.000,False
166.400,7,en_route_delivery,0.083,-3.224,6.000,3.500,joint_grid_transaction,114,107,0,0,7,172.032,0.40,0.817,True,None,0.000,False
166.400,8,en_route_pickup,0.632,-3.206,-6.000,-3.500,_command_reverse,112,109,0,1,8,0.000,0.50,2.566,True,None,0.000,True
166.656,1,en_route_pickup,-0.949,-2.024,6.000,3.500,joint_grid_transaction,109,109,0,12,9,0.000,1.00,-0.099,True,None,0.000,False
166.656,2,en_route_delivery,-1.388,-2.925,0.000,-3.500,joint_grid_transaction,115,109,0,0,2,174.032,0.40,-0.994,False,None,0.000,False
166.656,3,en_route_delivery,1.868,2.701,0.000,-3.500,joint_grid_transaction,109,109,1,7,3,0.000,1.00,-0.084,False,None,0.000,False
166.656,4,en_route_delivery,4.817,-1.453,3.000,-1.500,joint_grid_transaction,108,108,1,4,4,0.000,1.00,-1.487,False,None,0.000,False
166.656,5,en_route_delivery,5.309,0.839,6.000,-3.500,joint_grid_transaction,109,109,2,3,5,0.000,1.00,-1.151,False,None,0.000,False
166.656,6,en_route_pickup,-0.878,-2.569,-1.000,-1.500,joint_grid_transaction,118,109,0,0,6,176.032,0.40,-1.257,True,None,0.000,False
166.656,7,en_route_delivery,0.083,-3.224,6.000,3.500,joint_grid_transaction,114,107,0,0,7,172.032,0.40,0.817,True,None,0.000,False
166.656,8,en_route_pickup,0.643,-3.197,-6.000,-3.500,_joint_stall_recovery,121,109,0,7,8,0.000,1.00,2.455,False,None,0.000,False
166.912,1,en_route_pickup,-0.949,-2.024,6.000,3.500,joint_grid_transaction,109,109,0,12,9,0.000,1.00,-0.099,True,None,0.000,False
166.912,2,en_route_delivery,-1.388,-2.925,0.000,-3.500,joint_grid_transaction,115,109,0,0,2,174.032,0.40,-0.994,False,None,0.000,False
166.912,3,en_route_delivery,1.903,2.704,0.000,-3.500,joint_grid_transaction,109,109,1,7,3,0.000,1.00,-0.084,False,None,0.000,False
166.912,4,en_route_delivery,4.820,-1.485,3.000,-1.500,joint_grid_transaction,108,108,1,4,4,0.000,1.00,-1.487,False,None,0.000,False
166.912,5,en_route_delivery,5.326,0.796,6.000,-3.500,joint_grid_transaction,109,109,2,3,5,0.000,1.00,-1.257,False,None,0.000,False
166.912,6,en_route_pickup,-0.878,-2.569,-1.000,-1.500,joint_grid_transaction,118,109,0,0,6,176.032,0.40,-1.257,True,None,0.000,False
166.912,7,en_route_delivery,0.083,-3.224,6.000,3.500,joint_grid_transaction,114,107,0,0,7,172.032,0.40,0.817,True,None,0.000,False
166.912,8,en_route_pickup,0.671,-3.170,-6.000,-3.500,_joint_stall_recovery,121,109,0,7,8,0.000,1.00,2.220,False,None,0.000,False
167.168,1,en_route_pickup,-0.949,-2.024,6.000,3.500,joint_grid_transaction,109,109,0,12,9,0.000,1.00,-0.099,True,None,0.000,False
167.168,2,en_route_delivery,-1.388,-2.925,0.000,-3.500,joint_grid_transaction,115,109,0,0,2,174.032,0.40,-0.994,False,None,0.000,False
167.168,3,en_route_delivery,1.938,2.707,0.000,-3.500,joint_grid_transaction,109,109,1,7,3,0.000,1.00,-0.084,False,None,0.000,False
167.168,4,en_route_delivery,4.822,-1.516,3.000,-1.500,joint_grid_transaction,108,108,1,4,4,0.000,1.00,-1.487,False,None,0.000,False
167.168,5,en_route_delivery,5.339,0.750,6.000,-3.500,joint_grid_transaction,109,109,2,3,5,0.000,1.00,-1.321,False,None,0.000,False
167.168,6,en_route_pickup,-0.878,-2.569,-1.000,-1.500,joint_grid_transaction,118,109,0,0,6,176.032,0.40,-1.257,True,None,0.000,False
167.168,7,en_route_delivery,0.083,-3.224,6.000,3.500,joint_grid_transaction,114,107,0,0,7,172.032,0.40,0.817,True,None,0.000,False
167.168,8,en_route_pickup,0.685,-3.150,-6.000,-3.500,_joint_stall_recovery,121,109,0,7,8,0.000,1.00,1.991,False,None,0.000,False
167.424,1,en_route_pickup,-0.949,-2.024,6.000,3.500,joint_grid_transaction,109,109,0,12,9,0.000,1.00,-0.099,True,None,0.000,False
167.424,2,en_route_delivery,-1.388,-2.925,0.000,-3.500,joint_grid_transaction,115,109,0,0,2,174.032,0.40,-0.994,False,None,0.000,False
167.424,3,en_route_delivery,1.973,2.710,0.000,-3.500,joint_grid_transaction,109,109,1,7,3,0.000,1.00,-0.084,False,None,0.000,False
167.424,4,en_route_delivery,4.825,-1.546,3.000,-1.500,joint_grid_transaction,108,108,1,4,4,0.000,1.00,-1.487,False,None,0.000,False
167.424,5,en_route_delivery,5.350,0.704,6.000,-3.500,joint_grid_transaction,109,109,2,3,5,0.000,1.00,-1.360,False,None,0.000,False
167.424,6,en_route_pickup,-0.878,-2.569,-1.000,-1.500,joint_grid_transaction,118,109,0,0,6,176.032,0.40,-1.257,True,None,0.000,False
167.424,7,en_route_delivery,0.083,-3.224,6.000,3.500,joint_grid_transaction,114,107,0,0,7,172.032,0.40,0.817,True,None,0.000,False
167.424,8,en_route_pickup,0.690,-3.139,-6.000,-3.500,_joint_stall_recovery,121,109,0,7,8,0.000,1.00,1.808,False,None,0.000,False
167.680,1,en_route_pickup,-0.949,-2.024,6.000,3.500,joint_grid_transaction,109,109,0,12,9,0.000,1.00,-0.099,True,None,0.000,False
167.680,2,en_route_delivery,-1.388,-2.925,0.000,-3.500,joint_grid_transaction,115,109,0,0,2,174.032,0.40,-0.994,False,None,0.000,False
167.680,3,en_route_delivery,2.008,2.713,0.000,-3.500,joint_grid_transaction,109,109,1,7,3,0.000,1.00,-0.084,False,None,0.000,False
167.680,4,en_route_delivery,4.827,-1.576,3.000,-1.500,joint_grid_transaction,108,108,1,4,4,0.000,1.00,-1.487,False,None,0.000,False
167.680,5,en_route_delivery,5.359,0.657,6.000,-3.500,joint_grid_transaction,109,109,2,3,5,0.000,1.00,-1.383,False,None,0.000,False
167.680,6,en_route_pickup,-0.878,-2.569,-1.000,-1.500,joint_grid_transaction,118,109,0,0,6,176.032,0.40,-1.257,True,None,0.000,False
167.680,7,en_route_delivery,0.083,-3.224,6.000,3.500,joint_grid_transaction,114,107,0,0,7,172.032,0.40,0.817,True,None,0.000,False
167.680,8,en_route_pickup,0.686,-3.115,-6.000,-3.500,_joint_stall_recovery,121,109,0,7,8,0.000,1.00,1.739,False,None,0.000,False
167.936,1,en_route_pickup,-0.949,-2.024,6.000,3.500,joint_grid_transaction,109,109,0,12,9,0.000,1.00,-0.099,True,None,0.000,False
167.936,2,en_route_delivery,-1.388,-2.925,0.000,-3.500,joint_grid_transaction,115,109,0,0,2,174.032,0.40,-0.994,False,None,0.000,False
167.936,3,en_route_delivery,2.042,2.716,0.000,-3.500,joint_grid_transaction,109,109,1,7,3,0.000,1.00,-0.084,False,None,0.000,False
167.936,4,en_route_delivery,4.830,-1.603,3.000,-1.500,joint_grid_transaction,108,108,1,4,4,0.000,1.00,-1.487,False,None,0.000,False
167.936,5,en_route_delivery,5.368,0.610,6.000,-3.500,joint_grid_transaction,109,109,2,3,5,0.000,1.00,-1.397,False,None,0.000,False
167.936,6,en_route_pickup,-0.878,-2.569,-1.000,-1.500,joint_grid_transaction,118,109,0,0,6,176.032,0.40,-1.257,True,None,0.000,False
167.936,7,en_route_delivery,0.083,-3.224,6.000,3.500,joint_grid_transaction,114,107,0,0,7,172.032,0.40,0.817,True,None,0.000,False
167.936,8,en_route_pickup,0.681,-3.071,-6.000,-3.500,_joint_stall_recovery,121,109,0,7,8,0.000,1.00,1.645,False,None,0.000,False
168.192,1,en_route_pickup,-0.949,-2.024,6.000,3.500,joint_grid_transaction,109,109,0,12,9,0.000,1.00,-0.099,True,None,0.000,False
168.192,2,en_route_delivery,-1.388,-2.925,0.000,-3.500,joint_grid_transaction,115,109,0,0,2,174.032,0.40,-0.994,False,None,0.000,False
168.192,3,en_route_delivery,2.077,2.719,0.000,-3.500,joint_grid_transaction,109,109,1,7,3,0.000,1.00,-0.084,False,None,0.000,False
168.192,4,en_route_delivery,4.832,-1.630,3.000,-1.500,joint_grid_transaction,108,108,1,4,4,0.000,1.00,-1.487,False,None,0.000,False
168.192,5,en_route_delivery,5.376,0.563,6.000,-3.500,joint_grid_transaction,109,109,2,3,5,0.000,1.00,-1.406,False,None,0.000,False
168.192,6,en_route_pickup,-0.878,-2.569,-1.000,-1.500,joint_grid_transaction,118,109,0,0,6,176.032,0.40,-1.257,True,None,0.000,False
168.192,7,en_route_delivery,0.083,-3.224,6.000,3.500,joint_grid_transaction,114,107,0,0,7,172.032,0.40,0.817,True,None,0.000,False
168.192,8,en_route_pickup,0.678,-3.033,-6.000,-3.500,_joint_stall_recovery,121,109,0,7,8,0.000,1.00,1.618,False,None,0.000,False
168.448,1,en_route_pickup,-0.949,-2.024,6.000,3.500,joint_grid_transaction,109,109,0,12,9,0.000,1.00,-0.099,True,None,0.000,False
168.448,2,en_route_delivery,-1.388,-2.925,0.000,-3.500,joint_grid_transaction,115,109,0,0,2,174.032,0.40,-0.994,False,None,0.000,False
168.448,3,en_route_delivery,2.111,2.721,0.000,-3.500,joint_grid_transaction,109,109,1,7,3,0.000,1.00,-0.084,False,None,0.000,False
168.448,4,en_route_delivery,4.833,-1.651,3.000,-1.500,joint_grid_transaction,108,108,1,4,4,0.000,1.00,-1.508,False,None,0.000,False
168.448,5,en_route_delivery,5.383,0.516,6.000,-3.500,joint_grid_transaction,109,109,2,3,5,0.000,1.00,-1.411,False,None,0.000,False
168.448,6,en_route_pickup,-0.878,-2.569,-1.000,-1.500,joint_grid_transaction,118,109,0,0,6,176.032,0.40,-1.257,True,None,0.000,False
168.448,7,en_route_delivery,0.083,-3.224,6.000,3.500,joint_grid_transaction,114,107,0,0,7,172.032,0.40,0.817,True,None,0.000,False
168.448,8,en_route_pickup,0.677,-3.000,-6.000,-3.500,_joint_stall_recovery,121,109,0,7,8,0.000,1.00,1.626,False,None,0.000,False
168.704,1,en_route_pickup,-0.949,-2.024,6.000,3.500,joint_grid_transaction,109,109,0,12,9,0.000,1.00,-0.099,True,None,0.000,False
168.704,2,en_route_delivery,-1.388,-2.925,0.000,-3.500,joint_grid_transaction,115,109,0,0,2,174.032,0.40,-0.994,False,None,0.000,False
168.704,3,en_route_delivery,2.145,2.724,0.000,-3.500,joint_grid_transaction,109,109,1,7,3,0.000,1.00,-0.084,False,None,0.000,False
168.704,4,en_route_delivery,4.834,-1.673,3.000,-1.500,joint_grid_transaction,108,108,1,4,4,0.000,1.00,-1.521,False,None,0.000,False
168.704,5,en_route_delivery,5.391,0.469,6.000,-3.500,joint_grid_transaction,109,109,2,3,5,0.000,1.00,-1.414,False,None,0.000,False
168.704,6,en_route_pickup,-0.878,-2.569,-1.000,-1.500,joint_grid_transaction,118,109,0,0,6,176.032,0.40,-1.257,True,None,0.000,False
168.704,7,en_route_delivery,0.083,-3.224,6.000,3.500,joint_grid_transaction,114,107,0,0,7,172.032,0.40,0.817,True,None,0.000,False
168.704,8,en_route_pickup,0.675,-2.968,-6.000,-3.500,_joint_stall_recovery,121,109,0,7,8,0.000,1.00,1.630,False,None,0.000,False
168.960,1,en_route_pickup,-0.949,-2.024,6.000,3.500,joint_grid_transaction,109,109,0,12,9,0.000,1.00,-0.099,True,None,0.000,False
168.960,2,en_route_delivery,-1.388,-2.925,0.000,-3.500,joint_grid_transaction,115,109,0,0,2,174.032,0.40,-0.994,False,None,0.000,False
168.960,3,en_route_delivery,2.178,2.727,0.000,-3.500,joint_grid_transaction,109,109,1,7,3,0.000,1.00,-0.084,False,None,0.000,False
168.960,4,en_route_delivery,4.834,-1.695,3.000,-1.500,joint_grid_transaction,108,108,1,4,4,0.000,1.00,-1.543,False,None,0.000,False
168.960,5,en_route_delivery,5.398,0.421,6.000,-3.500,joint_grid_transaction,109,109,2,3,5,0.000,1.00,-1.416,False,None,0.000,False
168.960,6,en_route_pickup,-0.878,-2.569,-1.000,-1.500,joint_grid_transaction,118,109,0,0,6,176.032,0.40,-1.257,True,None,0.000,False
168.960,7,en_route_delivery,0.083,-3.224,6.000,3.500,joint_grid_transaction,114,107,0,0,7,172.032,0.40,0.817,True,None,0.000,False
168.960,8,en_route_pickup,0.673,-2.937,-6.000,-3.500,_joint_stall_recovery,121,109,0,7,8,0.000,1.00,1.631,False,None,0.000,False
169.216,1,en_route_pickup,-0.949,-2.024,6.000,3.500,joint_grid_transaction,109,109,0,12,9,0.000,1.00,-0.099,True,None,0.000,False
169.216,2,en_route_delivery,-1.388,-2.925,0.000,-3.500,joint_grid_transaction,115,109,0,0,2,174.032,0.40,-0.994,False,None,0.000,False
169.216,3,en_route_delivery,2.212,2.730,0.000,-3.500,joint_grid_transaction,109,109,1,7,3,0.000,1.00,-0.084,False,None,0.000,False
169.216,4,en_route_delivery,4.835,-1.717,3.000,-1.500,joint_grid_transaction,108,108,1,4,4,0.000,1.00,-1.567,False,None,0.000,False
169.216,5,en_route_delivery,5.406,0.374,6.000,-3.500,joint_grid_transaction,109,109,2,3,5,0.000,1.00,-1.417,False,None,0.000,False
169.216,6,en_route_pickup,-0.878,-2.569,-1.000,-1.500,joint_grid_transaction,118,109,0,0,6,176.032,0.40,-1.257,True,None,0.000,False
169.216,7,en_route_delivery,0.083,-3.224,6.000,3.500,joint_grid_transaction,114,107,0,0,7,172.032,0.40,0.817,True,None,0.000,False
169.216,8,en_route_pickup,0.671,-2.907,-6.000,-3.500,_joint_stall_recovery,121,109,0,7,8,0.000,1.00,1.631,False,None,0.000,False
169.472,1,en_route_pickup,-0.949,-2.024,6.000,3.500,joint_grid_transaction,109,109,0,12,9,0.000,1.00,-0.099,True,None,0.000,False
169.472,2,en_route_delivery,-1.388,-2.925,0.000,-3.500,joint_grid_transaction,115,109,0,0,2,174.032,0.40,-0.994,False,None,0.000,False
169.472,3,en_route_delivery,2.245,2.733,0.000,-3.500,joint_grid_transaction,109,109,1,7,3,0.000,1.00,-0.084,False,None,0.000,False
169.472,4,en_route_delivery,4.834,-1.741,3.000,-1.500,joint_grid_transaction,108,108,1,4,4,0.000,1.00,-1.587,False,None,0.000,False
169.472,5,en_route_delivery,5.413,0.327,6.000,-3.500,joint_grid_transaction,109,109,2,3,5,0.000,1.00,-1.417,False,None,0.000,False
169.472,6,en_route_pickup,-0.878,-2.569,-1.000,-1.500,joint_grid_transaction,118,109,0,0,6,176.032,0.40,-1.257,True,None,0.000,False
169.472,7,en_route_delivery,0.083,-3.224,6.000,3.500,joint_grid_transaction,114,107,0,0,7,172.032,0.40,0.817,True,None,0.000,False
169.472,8,en_route_pickup,0.670,-2.878,-6.000,-3.500,_joint_stall_recovery,121,109,0,7,8,0.000,1.00,1.632,False,None,0.000,False
169.728,1,en_route_pickup,-0.949,-2.024,6.000,3.500,joint_grid_transaction,109,109,0,12,9,0.000,1.00,-0.099,True,None,0.000,False
169.728,2,en_route_delivery,-1.388,-2.925,0.000,-3.500,joint_grid_transaction,115,109,0,0,2,174.032,0.40,-0.994,False,None,0.000,False
169.728,3,en_route_delivery,2.278,2.735,0.000,-3.500,joint_grid_transaction,109,109,1,7,3,0.000,1.00,-0.084,False,None,0.000,False
169.728,4,en_route_delivery,4.833,-1.766,3.000,-1.500,joint_grid_transaction,108,108,1,4,4,0.000,1.00,-1.614,False,None,0.000,False
169.728,5,en_route_delivery,5.420,0.279,6.000,-3.500,joint_grid_transaction,109,109,2,3,5,0.000,1.00,-1.418,False,None,0.000,False
169.728,6,en_route_pickup,-0.878,-2.569,-1.000,-1.500,joint_grid_transaction,118,109,0,0,6,176.032,0.40,-1.257,True,None,0.000,False
169.728,7,en_route_delivery,0.083,-3.224,6.000,3.500,joint_grid_transaction,114,107,0,0,7,172.032,0.40,0.817,True,None,0.000,False
169.728,8,en_route_pickup,0.668,-2.851,-6.000,-3.500,_joint_stall_recovery,121,109,0,7,8,0.000,1.00,1.632,False,None,0.000,False
169.984,1,en_route_pickup,-0.949,-2.024,6.000,3.500,joint_grid_transaction,109,109,0,12,9,0.000,1.00,-0.099,True,None,0.000,False
169.984,2,en_route_delivery,-1.388,-2.925,0.000,-3.500,joint_grid_transaction,115,109,0,0,2,174.032,0.40,-0.994,False,None,0.000,False
169.984,3,en_route_delivery,2.311,2.738,0.000,-3.500,joint_grid_transaction,109,109,1,7,3,0.000,1.00,-0.084,False,None,0.000,False
169.984,4,en_route_delivery,4.829,-1.794,3.000,-1.500,joint_grid_transaction,108,108,1,4,4,0.000,1.00,-1.639,False,None,0.000,False
169.984,5,en_route_delivery,5.428,0.232,6.000,-3.500,joint_grid_transaction,109,109,2,3,5,0.000,1.00,-1.418,False,None,0.000,False
169.984,6,en_route_pickup,-0.878,-2.569,-1.000,-1.500,joint_grid_transaction,118,109,0,0,6,176.032,0.40,-1.257,True,None,0.000,False
169.984,7,en_route_delivery,0.083,-3.224,6.000,3.500,joint_grid_transaction,114,107,0,0,7,172.032,0.40,0.817,True,None,0.000,False
169.984,8,en_route_pickup,0.666,-2.844,-6.000,-3.500,_joint_stall_recovery,121,109,2,7,8,0.000,1.00,1.820,False,None,0.000,False
170.240,1,en_route_pickup,-0.949,-2.024,6.000,3.500,joint_grid_transaction,109,109,0,12,9,0.000,1.00,-0.099,True,None,0.000,False
170.240,2,en_route_delivery,-1.388,-2.925,0.000,-3.500,joint_grid_transaction,115,109,0,0,2,174.032,0.40,-0.994,False,None,0.000,False
170.240,3,en_route_delivery,2.343,2.741,0.000,-3.500,joint_grid_transaction,109,109,1,7,3,0.000,1.00,-0.084,False,None,0.000,False
170.240,4,en_route_delivery,4.825,-1.785,3.000,-1.500,joint_grid_transaction,108,108,2,4,4,0.000,1.00,-1.954,False,None,0.000,False
170.240,5,en_route_delivery,5.435,0.185,6.000,-3.500,joint_grid_transaction,109,109,2,3,5,0.000,1.00,-1.418,False,None,0.000,False
170.240,6,en_route_pickup,-0.878,-2.569,-1.000,-1.500,joint_grid_transaction,118,109,0,0,6,176.032,0.40,-1.257,True,None,0.000,False
170.240,7,en_route_delivery,0.083,-3.224,6.000,3.500,joint_grid_transaction,114,107,0,0,7,172.032,0.40,0.817,True,None,0.000,False
170.240,8,en_route_pickup,0.656,-2.865,-6.000,-3.500,_joint_stall_recovery,121,109,2,7,8,0.000,1.00,2.137,False,None,0.000,False
170.496,1,en_route_pickup,-0.949,-2.024,6.000,3.500,joint_grid_transaction,109,109,0,12,9,0.000,1.00,-0.099,True,None,0.000,False
170.496,2,en_route_delivery,-1.388,-2.925,0.000,-3.500,joint_grid_transaction,115,109,0,0,2,174.032,0.40,-0.994,False,None,0.000,False
170.496,3,en_route_delivery,2.375,2.744,0.000,-3.500,joint_grid_transaction,109,109,1,7,3,0.000,1.00,-0.084,False,None,0.000,False
170.496,4,en_route_delivery,4.816,-1.768,3.000,-1.500,joint_grid_transaction,108,108,2,4,4,0.000,1.00,-2.168,False,None,0.000,False
170.496,5,en_route_delivery,5.442,0.137,6.000,-3.500,joint_grid_transaction,109,109,2,3,5,0.000,1.00,-1.418,False,None,0.000,False
170.496,6,en_route_pickup,-0.878,-2.569,-1.000,-1.500,joint_grid_transaction,118,109,0,0,6,176.032,0.40,-1.257,True,None,0.000,False
170.496,7,en_route_delivery,0.083,-3.224,6.000,3.500,joint_grid_transaction,114,107,0,0,7,172.032,0.40,0.817,True,None,0.000,False
170.496,8,en_route_pickup,0.640,-2.886,-6.000,-3.500,_joint_stall_recovery,121,109,2,7,8,0.000,1.00,2.327,False,None,0.000,False
170.752,1,en_route_pickup,-0.949,-2.024,6.000,3.500,joint_grid_transaction,123,123,0,7,9,0.000,1.00,-0.099,True,None,0.000,True
170.752,2,en_route_delivery,-1.387,-2.923,0.000,-3.500,joint_grid_transaction,123,123,1,2,2,174.032,0.40,-0.976,False,None,0.000,False
170.752,3,en_route_delivery,2.390,2.744,0.000,-3.500,joint_grid_transaction,123,123,1,13,3,0.000,1.00,-0.130,False,None,0.000,False
170.752,4,en_route_delivery,4.805,-1.754,3.000,-1.500,joint_grid_transaction,123,123,1,3,4,0.000,1.00,-2.294,False,None,0.000,False
170.752,5,en_route_delivery,5.449,0.090,6.000,-3.500,joint_grid_transaction,123,123,1,2,5,0.000,1.00,-1.418,False,None,0.000,False
170.752,6,en_route_pickup,-0.878,-2.569,-1.000,-1.500,joint_grid_transaction,123,123,0,2,6,176.032,0.40,-1.257,True,None,0.000,True
170.752,7,en_route_delivery,0.085,-3.221,6.000,3.500,joint_grid_transaction,123,123,1,10,7,172.032,0.40,0.796,False,None,0.000,False
170.752,8,en_route_pickup,0.615,-2.877,-6.000,-3.500,joint_grid_transaction,123,123,2,10,8,0.000,1.00,2.378,False,None,0.000,False
171.008,1,en_route_pickup,-0.949,-2.024,6.000,3.500,joint_grid_transaction,123,123,0,7,9,0.000,1.00,-0.099,True,None,0.000,True
171.008,2,en_route_delivery,-1.385,-2.920,0.000,-3.500,joint_grid_transaction,123,123,1,2,2,174.032,0.40,-0.946,False,None,0.000,False
171.008,3,en_route_delivery,2.373,2.739,0.000,-3.500,joint_grid_transaction,123,123,1,13,3,0.000,1.00,-0.466,False,None,0.000,False
171.008,4,en_route_delivery,4.780,-1.769,3.000,-1.500,joint_grid_transaction,123,123,1,3,4,0.000,1.00,-2.409,False,None,0.000,False
171.008,5,en_route_delivery,5.457,0.043,6.000,-3.500,joint_grid_transaction,123,123,1,2,5,0.000,1.00,-1.418,False,None,0.000,False
171.008,6,en_route_pickup,-0.878,-2.569,-1.000,-1.500,joint_grid_transaction,123,123,0,2,6,176.032,0.40,-1.257,True,None,0.000,True
171.008,7,en_route_delivery,0.090,-3.217,6.000,3.500,joint_grid_transaction,123,123,1,10,7,172.032,0.40,0.760,False,None,0.000,False
171.008,8,en_route_pickup,0.580,-2.844,-6.000,-3.500,joint_grid_transaction,123,123,2,10,8,0.000,1.00,2.362,False,None,0.000,False
171.264,1,en_route_pickup,-0.949,-2.024,6.000,3.500,joint_grid_transaction,123,123,0,7,9,0.000,1.00,-0.099,True,None,0.000,True
171.264,2,en_route_delivery,-1.383,-2.917,0.000,-3.500,joint_grid_transaction,123,123,1,2,2,174.032,0.40,-0.918,False,None,0.000,False
171.264,3,en_route_delivery,2.357,2.729,0.000,-3.500,joint_grid_transaction,123,123,1,13,3,0.000,1.00,-0.638,False,None,0.000,False
171.264,4,en_route_delivery,4.743,-1.799,3.000,-1.500,joint_grid_transaction,123,123,1,3,4,0.000,1.00,-2.497,False,None,0.000,False
171.264,5,en_route_delivery,5.464,-0.004,6.000,-3.500,joint_grid_transaction,123,123,1,2,5,0.000,1.00,-1.419,False,None,0.000,False
171.264,6,en_route_pickup,-0.878,-2.569,-1.000,-1.500,joint_grid_transaction,123,123,0,2,6,176.032,0.40,-1.257,True,None,0.000,True
171.264,7,en_route_delivery,0.094,-3.213,6.000,3.500,joint_grid_transaction,123,123,1,10,7,172.032,0.40,0.723,False,None,0.000,False
171.264,8,en_route_pickup,0.547,-2.810,-6.000,-3.500,joint_grid_transaction,123,123,2,10,8,0.000,1.00,2.351,False,None,0.000,False
171.520,1,en_route_pickup,-0.949,-2.024,6.000,3.500,joint_grid_transaction,123,123,0,7,9,0.000,1.00,-0.099,True,None,0.000,True
171.520,2,en_route_delivery,-1.380,-2.914,0.000,-3.500,joint_grid_transaction,123,123,1,2,2,174.032,0.40,-0.892,False,None,0.000,False
171.520,3,en_route_delivery,2.365,2.709,0.000,-3.500,joint_grid_transaction,123,123,1,13,3,0.000,1.00,-0.758,False,None,0.000,False
171.520,4,en_route_delivery,4.704,-1.827,3.000,-1.500,joint_grid_transaction,123,123,1,3,4,0.000,1.00,-2.551,False,None,0.000,False
171.520,5,en_route_delivery,5.471,-0.052,6.000,-3.500,joint_grid_transaction,123,123,1,2,5,0.000,1.00,-1.419,False,None,0.000,False
171.520,6,en_route_pickup,-0.878,-2.569,-1.000,-1.500,joint_grid_transaction,123,123,0,2,6,176.032,0.40,-1.257,True,None,0.000,True
171.520,7,en_route_delivery,0.099,-3.209,6.000,3.500,joint_grid_transaction,123,123,1,10,7,172.032,0.40,0.685,False,None,0.000,False
171.520,8,en_route_pickup,0.513,-2.776,-6.000,-3.500,joint_grid_transaction,123,123,2,10,8,0.000,1.00,2.343,False,None,0.000,False
171.776,1,en_route_pickup,-0.949,-2.024,6.000,3.500,joint_grid_transaction,123,123,0,7,9,0.000,1.00,-0.099,True,None,0.000,True
171.776,2,en_route_delivery,-1.378,-2.912,0.000,-3.500,joint_grid_transaction,123,123,1,2,2,174.032,0.40,-0.869,False,None,0.000,False
171.776,3,en_route_delivery,2.390,2.687,0.000,-3.500,joint_grid_transaction,123,123,1,13,3,0.000,1.00,-0.794,False,None,0.000,False
171.776,4,en_route_delivery,4.664,-1.852,3.000,-1.500,joint_grid_transaction,123,123,1,3,4,0.000,1.00,-2.584,False,None,0.000,False
171.776,5,en_route_delivery,5.478,-0.099,6.000,-3.500,joint_grid_transaction,123,123,1,2,5,0.000,1.00,-1.419,False,None,0.000,False
171.776,6,en_route_pickup,-0.878,-2.569,-1.000,-1.500,joint_grid_transaction,123,123,0,2,6,176.032,0.40,-1.257,True,None,0.000,True
171.776,7,en_route_delivery,0.103,-3.206,6.000,3.500,joint_grid_transaction,123,123,1,10,7,172.032,0.40,0.644,False,None,0.000,False
171.776,8,en_route_pickup,0.480,-2.742,-6.000,-3.500,joint_grid_transaction,123,123,2,10,8,0.000,1.00,2.339,False,None,0.000,False
172.032,1,en_route_pickup,-0.949,-2.024,6.000,3.500,joint_grid_transaction,123,123,0,7,9,0.000,1.00,-0.099,True,None,0.000,True
172.032,2,en_route_delivery,-1.376,-2.909,0.000,-3.500,joint_grid_transaction,123,123,1,2,2,174.032,0.40,-0.847,False,None,0.000,False
172.032,3,en_route_delivery,2.421,2.664,0.000,-3.500,joint_grid_transaction,123,123,2,13,3,0.000,1.00,-0.675,False,None,0.000,False
172.032,4,en_route_delivery,4.624,-1.877,3.000,-1.500,joint_grid_transaction,123,123,1,3,4,0.000,1.00,-2.605,False,None,0.000,False
172.032,5,en_route_delivery,5.486,-0.146,6.000,-3.500,joint_grid_transaction,123,123,1,2,5,0.000,1.00,-1.419,False,None,0.000,False
172.032,6,en_route_pickup,-0.878,-2.569,-1.000,-1.500,joint_grid_transaction,123,123,0,2,6,176.032,0.40,-1.257,True,None,0.000,True
172.032,7,en_route_delivery,0.107,-3.203,6.000,3.500,joint_grid_transaction,123,123,1,10,7,172.032,0.40,0.603,False,None,0.000,False
172.032,8,en_route_pickup,0.447,-2.707,-6.000,-3.500,joint_grid_transaction,123,123,2,10,8,0.000,1.00,2.335,False,None,0.000,False
172.288,1,en_route_pickup,-0.949,-2.024,6.000,3.500,joint_grid_transaction,123,123,0,7,9,0.000,1.00,-0.099,True,None,0.000,True
172.288,2,en_route_delivery,-1.374,-2.907,0.000,-3.500,joint_grid_transaction,123,123,1,2,2,174.032,0.40,-0.827,False,None,0.000,False
172.288,3,en_route_delivery,2.459,2.637,0.000,-3.500,joint_grid_transaction,123,123,2,13,3,0.000,1.00,-0.584,False,None,0.000,False
172.288,4,en_route_delivery,4.583,-1.901,3.000,-1.500,joint_grid_transaction,123,123,1,3,4,0.000,1.00,-2.617,False,None,0.000,False
172.288,5,en_route_delivery,5.493,-0.194,6.000,-3.500,joint_grid_transaction,123,123,1,2,5,0.000,1.00,-1.419,False,None,0.000,False
172.288,6,en_route_pickup,-0.878,-2.569,-1.000,-1.500,joint_grid_transaction,123,123,0,2,6,176.032,0.40,-1.257,True,None,0.000,True
172.288,7,en_route_delivery,0.110,-3.201,6.000,3.500,joint_grid_transaction,123,123,1,10,7,0.000,0.40,0.576,False,None,0.000,False
172.288,8,en_route_pickup,0.414,-2.673,-6.000,-3.500,joint_grid_transaction,123,123,2,10,8,0.000,1.00,2.333,False,None,0.000,False
172.544,1,en_route_pickup,-0.949,-2.024,6.000,3.500,joint_grid_transaction,123,123,0,7,9,0.000,1.00,-0.099,True,None,0.000,True
172.544,2,en_route_delivery,-1.372,-2.904,0.000,-3.500,joint_grid_transaction,123,123,1,2,2,174.032,0.40,-0.808,False,None,0.000,False
172.544,3,en_route_delivery,2.500,2.612,0.000,-3.500,joint_grid_transaction,123,123,2,13,3,0.000,1.00,-0.522,False,None,0.000,False
172.544,4,en_route_delivery,4.541,-1.925,3.000,-1.500,joint_grid_transaction,123,123,1,3,4,0.000,1.00,-2.625,False,None,0.000,False
172.544,5,en_route_delivery,5.500,-0.241,6.000,-3.500,joint_grid_transaction,123,123,1,2,5,0.000,1.00,-1.419,False,None,0.000,False
172.544,6,en_route_pickup,-0.878,-2.569,-1.000,-1.500,joint_grid_transaction,123,123,0,2,6,176.032,0.40,-1.257,True,None,0.000,True
172.544,7,en_route_delivery,0.114,-3.198,6.000,3.500,joint_grid_transaction,123,123,1,10,7,0.000,1.00,0.531,False,None,0.000,False
172.544,8,en_route_pickup,0.388,-2.664,-6.000,-3.500,joint_grid_transaction,123,123,3,10,8,0.000,1.00,2.460,False,None,0.000,False
172.800,1,en_route_pickup,-0.949,-2.024,6.000,3.500,joint_grid_transaction,124,124,0,18,9,0.000,1.00,-0.099,True,None,0.000,True
172.800,2,en_route_delivery,-1.370,-2.902,0.000,-3.500,joint_grid_transaction,124,124,1,2,2,174.032,0.40,-0.790,False,None,0.000,False
172.800,3,en_route_delivery,2.541,2.589,0.000,-3.500,joint_grid_transaction,124,124,1,13,3,0.000,1.00,-0.477,False,None,0.000,False
172.800,4,en_route_delivery,4.499,-1.949,3.000,-1.500,joint_grid_transaction,124,124,1,3,4,0.000,1.00,-2.630,False,None,0.000,False
172.800,5,en_route_delivery,5.507,-0.288,6.000,-3.500,joint_grid_transaction,124,124,1,2,5,0.000,1.00,-1.419,False,None,0.000,False
172.800,6,en_route_pickup,-0.878,-2.569,-1.000,-1.500,joint_grid_transaction,124,124,0,2,6,176.032,0.40,-1.257,True,None,0.000,True
172.800,7,en_route_delivery,0.135,-3.187,6.000,3.500,joint_grid_transaction,123,123,1,10,7,0.000,1.00,0.208,False,None,0.000,False
172.800,8,en_route_pickup,0.355,-2.653,-6.000,-3.500,joint_grid_transaction,124,124,2,8,8,0.000,1.00,2.536,False,None,0.000,False
173.056,1,en_route_pickup,-0.949,-2.024,6.000,3.500,joint_grid_transaction,124,124,0,18,9,0.000,1.00,-0.099,True,None,0.000,True
173.056,2,en_route_delivery,-1.368,-2.900,0.000,-3.500,joint_grid_transaction,124,124,1,2,2,174.032,0.40,-0.773,False,None,0.000,False
173.056,3,en_route_delivery,2.584,2.570,0.000,-3.500,joint_grid_transaction,124,124,2,13,3,0.000,1.00,-0.369,False,None,0.000,False
173.056,4,en_route_delivery,4.458,-1.972,3.000,-1.500,joint_grid_transaction,124,124,1,3,4,0.000,1.00,-2.633,False,None,0.000,False
173.056,5,en_route_delivery,5.515,-0.336,6.000,-3.500,joint_grid_transaction,124,124,1,2,5,0.000,1.00,-1.419,False,None,0.000,False
173.056,6,en_route_pickup,-0.878,-2.569,-1.000,-1.500,joint_grid_transaction,124,124,0,2,6,176.032,0.40,-1.257,True,None,0.000,True
173.056,7,en_route_delivery,0.179,-3.194,6.000,3.500,joint_grid_transaction,123,123,2,10,7,0.000,1.00,0.101,False,None,0.000,False
173.056,8,en_route_pickup,0.316,-2.626,-6.000,-3.500,joint_grid_transaction,124,124,2,8,8,0.000,1.00,2.543,False,None,0.000,False
173.312,1,en_route_pickup,-0.949,-2.024,6.000,3.500,joint_grid_transaction,124,124,0,18,9,0.000,1.00,-0.099,True,None,0.000,True
173.312,2,en_route_delivery,-1.366,-2.898,0.000,-3.500,joint_grid_transaction,124,124,1,2,2,174.032,0.40,-0.757,False,None,0.000,False
173.312,3,en_route_delivery,2.629,2.555,0.000,-3.500,joint_grid_transaction,124,124,2,13,3,0.000,1.00,-0.283,False,None,0.000,False
173.312,4,en_route_delivery,4.416,-1.995,3.000,-1.500,joint_grid_transaction,124,124,1,3,4,0.000,1.00,-2.635,False,None,0.000,False
173.312,5,en_route_delivery,5.522,-0.383,6.000,-3.500,joint_grid_transaction,124,124,1,2,5,0.000,1.00,-1.419,False,None,0.000,False
173.312,6,en_route_pickup,-0.878,-2.569,-1.000,-1.500,joint_grid_transaction,124,124,0,2,6,176.032,0.40,-1.257,True,None,0.000,True
173.312,7,en_route_delivery,0.224,-3.197,6.000,3.500,joint_grid_transaction,123,123,2,10,7,0.000,1.00,0.058,False,None,0.000,False
173.312,8,en_route_pickup,0.276,-2.600,-6.000,-3.500,joint_grid_transaction,124,124,2,8,8,0.000,1.00,2.548,False,None,0.000,False
173.568,1,en_route_pickup,-0.949,-2.024,6.000,3.500,joint_grid_transaction,124,124,0,18,9,0.000,1.00,-0.099,True,None,0.000,True
173.568,2,en_route_delivery,-1.364,-2.897,0.000,-3.500,joint_grid_transaction,124,124,1,2,2,174.032,0.40,-0.742,False,None,0.000,False
173.568,3,en_route_delivery,2.675,2.543,0.000,-3.500,joint_grid_transaction,124,124,2,13,3,0.000,1.00,-0.224,False,None,0.000,False
173.568,4,en_route_delivery,4.374,-2.018,3.000,-1.500,joint_grid_transaction,124,124,1,3,4,0.000,1.00,-2.636,False,None,0.000,False
173.568,5,en_route_delivery,5.529,-0.430,6.000,-3.500,joint_grid_transaction,124,124,1,2,5,0.000,1.00,-1.419,False,None,0.000,False
173.568,6,en_route_pickup,-0.878,-2.569,-1.000,-1.500,joint_grid_transaction,124,124,0,2,6,176.032,0.40,-1.257,True,None,0.000,True
173.568,7,en_route_delivery,0.263,-3.199,6.000,3.500,joint_grid_transaction,123,123,2,10,7,0.000,1.00,0.059,False,None,0.000,False
173.568,8,en_route_pickup,0.236,-2.573,-6.000,-3.500,joint_grid_transaction,124,124,2,8,8,0.000,1.00,2.551,False,None,0.000,False
173.824,1,en_route_pickup,-0.949,-2.024,6.000,3.500,joint_grid_transaction,124,124,0,18,9,0.000,1.00,-0.099,True,None,0.000,True
173.824,2,en_route_delivery,-1.362,-2.895,0.000,-3.500,joint_grid_transaction,124,124,1,2,2,174.032,0.40,-0.727,False,None,0.000,False
173.824,3,en_route_delivery,2.721,2.533,0.000,-3.500,joint_grid_transaction,124,124,2,13,3,0.000,1.00,-0.184,False,None,0.000,False
173.824,4,en_route_delivery,4.332,-2.042,3.000,-1.500,joint_grid_transaction,124,124,1,3,4,0.000,1.00,-2.637,False,None,0.000,False
173.824,5,en_route_delivery,5.536,-0.478,6.000,-3.500,joint_grid_transaction,124,124,1,2,5,0.000,1.00,-1.419,False,None,0.000,False
173.824,6,en_route_pickup,-0.878,-2.569,-1.000,-1.500,joint_grid_transaction,124,124,0,2,6,176.032,0.40,-1.257,True,None,0.000,True
173.824,7,en_route_delivery,0.301,-3.202,6.000,3.500,joint_grid_transaction,123,123,2,10,7,0.000,1.00,0.060,False,None,0.000,False
173.824,8,en_route_pickup,0.197,-2.546,-6.000,-3.500,joint_grid_transaction,124,124,2,8,8,0.000,1.00,2.553,False,None,0.000,False
174.080,1,en_route_pickup,-0.949,-2.024,6.000,3.500,joint_grid_transaction,124,124,0,18,9,0.000,1.00,-0.099,True,None,0.000,True
174.080,2,en_route_delivery,-1.359,-2.896,0.000,-3.500,joint_grid_transaction,124,124,1,2,2,174.132,0.40,-0.711,False,None,0.000,False
174.080,3,en_route_delivery,2.768,2.525,0.000,-3.500,joint_grid_transaction,124,124,2,13,3,0.000,1.00,-0.155,False,None,0.000,False
174.080,4,en_route_delivery,4.290,-2.065,3.000,-1.500,joint_grid_transaction,124,124,1,3,4,0.000,1.00,-2.637,False,None,0.000,False
174.080,5,en_route_delivery,5.544,-0.525,6.000,-3.500,joint_grid_transaction,124,124,1,2,5,0.000,1.00,-1.419,False,None,0.000,False
174.080,6,en_route_pickup,-0.878,-2.569,-1.000,-1.500,joint_grid_transaction,124,124,0,2,6,176.032,0.40,-1.257,True,None,0.000,True
174.080,7,en_route_delivery,0.340,-3.204,6.000,3.500,joint_grid_transaction,123,123,2,10,7,0.000,1.00,0.060,False,None,0.000,False
174.080,8,en_route_pickup,0.157,-2.520,-6.000,-3.500,joint_grid_transaction,124,124,2,8,8,0.000,1.00,2.554,False,None,0.000,False
174.336,1,en_route_pickup,-0.949,-2.024,6.000,3.500,joint_grid_transaction,124,124,0,18,9,0.000,1.00,-0.099,True,None,0.000,True
174.336,2,en_route_delivery,-1.355,-2.899,0.000,-3.500,joint_grid_transaction,124,124,1,2,2,0.000,0.40,-0.694,False,None,0.000,False
174.336,3,en_route_delivery,2.784,2.522,0.000,-3.500,joint_grid_transaction,124,124,3,13,3,0.000,1.00,-0.281,False,None,0.000,False
174.336,4,en_route_delivery,4.248,-2.088,3.000,-1.500,joint_grid_transaction,124,124,1,3,4,0.000,1.00,-2.638,False,None,0.000,False
174.336,5,en_route_delivery,5.551,-0.572,6.000,-3.500,joint_grid_transaction,124,124,1,2,5,0.000,1.00,-1.419,False,None,0.000,False
174.336,6,en_route_pickup,-0.878,-2.569,-1.000,-1.500,joint_grid_transaction,124,124,0,2,6,176.032,0.40,-1.257,True,None,0.000,True
174.336,7,en_route_delivery,0.378,-3.206,6.000,3.500,joint_grid_transaction,123,123,2,10,7,0.000,1.00,0.061,False,None,0.000,False
174.336,8,en_route_pickup,0.117,-2.493,-6.000,-3.500,joint_grid_transaction,124,124,2,8,8,0.000,1.00,2.555,False,None,0.000,False
174.592,1,en_route_pickup,-0.950,-2.025,6.000,3.500,_joint_stall_recovery,126,124,0,10,9,0.000,1.00,-0.140,False,None,0.000,False
174.592,2,en_route_delivery,-1.345,-2.907,0.000,-3.500,joint_grid_transaction,124,124,1,2,2,0.000,1.00,-0.666,False,None,0.000,False
174.592,3,en_route_delivery,2.803,2.510,0.000,-3.500,joint_grid_transaction,124,124,3,13,3,0.000,1.00,-0.398,False,None,0.000,False
174.592,4,en_route_delivery,4.206,-2.111,3.000,-1.500,joint_grid_transaction,124,124,1,3,4,0.000,1.00,-2.638,False,None,0.000,False
174.592,5,en_route_delivery,5.558,-0.620,6.000,-3.500,joint_grid_transaction,124,124,1,2,5,0.000,1.00,-1.419,False,None,0.000,False
174.592,6,en_route_pickup,-0.878,-2.569,-1.000,-1.500,joint_grid_transaction,124,124,0,2,6,176.032,0.40,-1.257,True,None,0.000,True
174.592,7,en_route_delivery,0.417,-3.209,6.000,3.500,joint_grid_transaction,123,123,2,10,7,0.000,1.00,0.062,False,None,0.000,False
174.592,8,en_route_pickup,0.077,-2.467,-6.000,-3.500,joint_grid_transaction,124,124,2,8,8,0.000,1.00,2.556,False,None,0.000,False
174.848,1,en_route_pickup,-0.968,-2.032,6.000,3.500,_joint_stall_recovery,126,124,0,10,9,0.000,1.00,-0.488,False,None,0.000,False
174.848,2,en_route_delivery,-1.307,-2.934,0.000,-3.500,joint_grid_transaction,124,124,1,2,2,0.000,1.00,-0.563,False,None,0.000,False
174.848,3,en_route_delivery,2.845,2.490,0.000,-3.500,joint_grid_transaction,124,124,3,13,3,0.000,1.00,-0.495,False,None,0.000,False
174.848,4,en_route_delivery,4.164,-2.134,3.000,-1.500,joint_grid_transaction,124,124,1,3,4,0.000,1.00,-2.638,False,None,0.000,False
174.848,5,en_route_delivery,5.565,-0.667,6.000,-3.500,joint_grid_transaction,124,124,1,2,5,0.000,1.00,-1.419,False,None,0.000,False
174.848,6,en_route_pickup,-0.878,-2.569,-1.000,-1.500,joint_grid_transaction,124,124,0,2,6,176.032,0.40,-1.257,False,None,0.000,True
174.848,7,en_route_delivery,0.455,-3.211,6.000,3.500,joint_grid_transaction,123,123,2,10,7,0.000,1.00,0.063,False,None,0.000,False
174.848,8,en_route_pickup,0.037,-2.440,-6.000,-3.500,joint_grid_transaction,124,124,2,8,8,0.000,1.00,2.556,False,None,0.000,False
175.104,1,en_route_pickup,-0.995,-2.051,6.000,3.500,_joint_stall_recovery,126,124,0,10,9,0.000,1.00,-0.750,False,None,0.000,False
175.104,2,en_route_delivery,-1.266,-2.958,0.000,-3.500,joint_grid_transaction,124,124,1,2,2,0.000,1.00,-0.500,False,None,0.000,False
175.104,3,en_route_delivery,2.886,2.466,0.000,-3.500,joint_grid_transaction,124,124,3,13,3,0.000,1.00,-0.556,False,None,0.000,False
175.104,4,en_route_delivery,4.123,-2.157,3.000,-1.500,joint_grid_transaction,124,124,1,3,4,0.000,1.00,-2.638,False,None,0.000,False
175.104,5,en_route_delivery,5.573,-0.714,6.000,-3.500,joint_grid_transaction,124,124,1,2,5,0.000,1.00,-1.419,False,None,0.000,False
175.104,6,en_route_pickup,-0.878,-2.569,-1.000,-1.500,joint_grid_transaction,124,124,0,2,6,176.032,0.40,-1.257,False,None,0.000,False
175.104,7,en_route_delivery,0.493,-3.213,6.000,3.500,joint_grid_transaction,123,123,2,10,7,0.000,1.00,0.063,False,None,0.000,False
175.104,8,en_route_pickup,-0.003,-2.414,-6.000,-3.500,joint_grid_transaction,124,124,2,8,8,0.000,1.00,2.556,False,None,0.000,False
175.360,1,en_route_pickup,-1.021,-2.078,6.000,3.500,_joint_stall_recovery,126,124,0,10,9,0.000,1.00,-0.992,False,None,0.000,False
175.360,2,en_route_delivery,-1.266,-2.958,0.000,-3.500,joint_grid_transaction,124,124,1,2,2,0.000,1.00,-0.500,True,None,0.000,True
175.360,3,en_route_delivery,2.926,2.440,0.000,-3.500,joint_grid_transaction,124,124,3,13,3,0.000,1.00,-0.595,False,None,0.000,False
175.360,4,en_route_delivery,4.081,-2.180,3.000,-1.500,joint_grid_transaction,124,124,1,3,4,0.000,1.00,-2.638,False,None,0.000,False
175.360,5,en_route_delivery,5.580,-0.762,6.000,-3.500,joint_grid_transaction,124,124,1,2,5,0.000,1.00,-1.419,False,None,0.000,False
175.360,6,en_route_pickup,-0.878,-2.569,-1.000,-1.500,joint_grid_transaction,124,124,0,2,6,176.032,0.40,-1.257,False,None,0.000,False
175.360,7,en_route_delivery,0.531,-3.216,6.000,3.500,joint_grid_transaction,123,123,2,10,7,0.000,1.00,0.064,False,None,0.000,False
175.360,8,en_route_pickup,-0.043,-2.387,-6.000,-3.500,joint_grid_transaction,124,124,2,8,8,0.000,1.00,2.556,False,None,0.000,False
175.616,1,en_route_pickup,-1.034,-2.101,6.000,3.500,_joint_stall_recovery,126,124,0,10,9,0.000,1.00,-1.303,False,None,0.000,False
175.616,2,en_route_delivery,-1.265,-2.959,0.000,-3.500,joint_grid_transaction,127,127,1,2,2,0.000,1.00,-0.504,True,None,0.000,True
175.616,3,en_route_delivery,2.919,2.417,0.000,-3.500,joint_grid_transaction,127,127,1,4,3,0.000,1.00,-0.811,False,None,0.000,False
175.616,4,en_route_delivery,4.055,-2.177,3.000,-1.500,joint_grid_transaction,127,127,1,2,4,0.000,1.00,-2.902,False,None,0.000,False
175.616,5,en_route_delivery,5.587,-0.809,6.000,-3.500,joint_grid_transaction,127,127,1,2,5,0.000,1.00,-1.419,False,None,0.000,False
175.616,6,en_route_pickup,-0.878,-2.569,-1.000,-1.500,joint_grid_transaction,127,127,0,2,6,176.032,0.40,-1.257,False,None,0.000,True
175.616,7,en_route_delivery,0.568,-3.218,6.000,3.500,joint_grid_transaction,123,123,2,10,7,0.000,1.00,0.065,False,None,0.000,False
175.616,8,en_route_pickup,-0.069,-2.392,-6.000,-3.500,joint_grid_transaction,127,127,1,12,8,0.000,1.00,2.805,False,None,0.000,False
175.872,1,en_route_pickup,-1.036,-2.106,6.000,3.500,_joint_stall_recovery,126,124,0,10,9,0.000,1.00,-1.723,False,None,0.000,False
175.872,2,en_route_delivery,-1.265,-2.959,0.000,-3.500,joint_grid_transaction,127,127,1,2,2,0.000,1.00,-0.504,True,None,0.000,True
175.872,3,en_route_delivery,2.896,2.390,0.000,-3.500,joint_grid_transaction,127,127,1,4,3,0.000,1.00,-1.067,False,None,0.000,False
175.872,4,en_route_delivery,4.051,-2.175,3.000,-1.500,joint_grid_transaction,127,127,1,2,4,0.000,1.00,3.038,False,None,0.000,False
175.872,5,en_route_delivery,5.595,-0.856,6.000,-3.500,joint_grid_transaction,127,127,1,2,5,0.000,1.00,-1.419,False,None,0.000,False
175.872,6,en_route_pickup,-0.878,-2.569,-1.000,-1.500,joint_grid_transaction,127,127,0,2,6,176.032,0.40,-1.257,False,None,0.000,True
175.872,7,en_route_delivery,0.606,-3.221,6.000,3.500,joint_grid_transaction,123,123,2,10,7,0.000,1.00,0.065,False,None,0.000,False
175.872,8,en_route_pickup,-0.079,-2.396,-6.000,-3.500,joint_grid_transaction,127,127,1,12,8,0.000,1.00,-3.074,False,None,0.000,False
176.128,1,en_route_pickup,-1.043,-2.087,6.000,3.500,_joint_stall_recovery,126,124,0,10,9,0.000,1.00,-2.068,False,None,0.000,False
176.128,2,en_route_delivery,-1.265,-2.959,0.000,-3.500,joint_grid_transaction,127,127,1,2,2,0.000,1.00,-0.504,True,None,0.000,True
176.128,3,en_route_delivery,2.886,2.370,0.000,-3.500,joint_grid_transaction,127,127,1,4,3,0.000,1.00,-1.404,False,None,0.000,False
176.128,4,en_route_delivery,4.056,-2.174,3.000,-1.500,joint_grid_transaction,127,127,1,2,4,0.000,1.00,2.861,False,None,0.000,False
176.128,5,en_route_delivery,5.602,-0.903,6.000,-3.500,joint_grid_transaction,127,127,1,2,5,0.000,1.00,-1.419,False,None,0.000,False
176.128,6,en_route_pickup,-0.878,-2.569,-1.000,-1.500,joint_grid_transaction,127,127,0,2,6,176.132,0.40,-1.257,False,None,0.000,False
176.128,7,en_route_delivery,0.643,-3.223,6.000,3.500,joint_grid_transaction,123,123,2,10,7,0.000,1.00,0.066,False,None,0.000,False
176.128,8,en_route_pickup,-0.066,-2.399,-6.000,-3.500,joint_grid_transaction,127,127,1,12,8,0.000,1.00,-2.743,False,None,0.000,False
176.384,1,en_route_pickup,-1.063,-2.060,6.000,3.500,_joint_stall_recovery,126,124,0,10,9,0.000,1.00,-2.328,False,None,0.000,False
176.384,2,en_route_delivery,-1.265,-2.959,0.000,-3.500,joint_grid_transaction,127,127,1,2,2,0.000,1.00,-0.504,True,None,0.000,True
176.384,3,en_route_delivery,2.885,2.373,0.000,-3.500,joint_grid_transaction,127,127,1,4,3,0.000,1.00,-1.828,False,None,0.000,False
176.384,4,en_route_delivery,4.017,-2.158,3.000,-1.500,joint_grid_transaction,127,127,1,2,4,0.000,1.00,2.767,False,None,0.000,False
176.384,5,en_route_delivery,5.609,-0.951,6.000,-3.500,joint_grid_transaction,127,127,1,2,5,0.000,1.00,-1.419,False,None,0.000,False
176.384,6,en_route_pickup,-0.878,-2.569,-1.000,-1.500,joint_grid_transaction,127,127,0,2,6,0.000,0.40,-1.257,False,None,0.000,False
176.384,7,en_route_delivery,0.680,-3.226,6.000,3.500,joint_grid_transaction,123,123,2,10,7,0.000,1.00,0.066,False,None,0.000,False
176.384,8,en_route_pickup,-0.053,-2.407,-6.000,-3.500,joint_grid_transaction,127,127,1,12,8,0.000,1.00,-2.575,False,None,0.000,False
176.640,1,en_route_pickup,-1.088,-2.036,6.000,3.500,_joint_stall_recovery,126,124,0,10,9,0.000,1.00,-2.551,False,None,0.000,False
176.640,2,en_route_delivery,-1.261,-2.962,0.000,-3.500,joint_grid_transaction,127,127,1,2,2,0.000,1.00,-0.513,True,None,0.000,True
176.640,3,en_route_delivery,2.875,2.395,0.000,-3.500,joint_grid_transaction,127,127,1,4,3,0.000,1.00,-2.144,False,None,0.000,False
176.640,4,en_route_delivery,3.974,-2.139,3.000,-1.500,joint_grid_transaction,127,127,1,2,4,0.000,1.00,2.685,False,None,0.000,False
176.640,5,en_route_delivery,5.616,-0.998,6.000,-3.500,joint_grid_transaction,127,127,1,2,5,0.000,1.00,-1.419,False,None,0.000,False
176.640,6,en_route_pickup,-0.880,-2.565,-1.000,-1.500,joint_grid_transaction,127,127,1,2,6,0.000,1.00,-1.329,False,None,0.000,False
176.640,7,en_route_delivery,0.717,-3.228,6.000,3.500,joint_grid_transaction,123,123,2,10,7,0.000,1.00,0.067,False,None,0.000,False
176.640,8,en_route_pickup,-0.061,-2.424,-6.000,-3.500,joint_grid_transaction,127,127,1,12,8,0.000,1.00,-2.452,False,None,0.000,False
176.896,1,en_route_pickup,-1.104,-2.026,6.000,3.500,_joint_stall_recovery,126,124,0,10,9,0.000,1.00,-2.744,False,None,0.000,False
176.896,2,en_route_delivery,-1.234,-2.978,0.000,-3.500,joint_grid_transaction,127,127,1,2,2,0.000,1.00,-0.505,False,None,0.000,True
176.896,3,en_route_delivery,2.852,2.422,0.000,-3.500,joint_grid_transaction,127,127,1,4,3,0.000,1.00,-2.383,False,None,0.000,False
176.896,4,en_route_delivery,3.932,-2.117,3.000,-1.500,joint_grid_transaction,127,127,1,2,4,0.000,1.00,2.634,False,None,0.000,False
176.896,5,en_route_delivery,5.624,-1.045,6.000,-3.500,joint_grid_transaction,127,127,1,2,5,0.000,1.00,-1.419,False,None,0.000,False
176.896,6,en_route_pickup,-0.877,-2.545,-1.000,-1.500,joint_grid_transaction,127,127,1,2,6,0.000,1.00,-1.404,False,None,0.000,False
176.896,7,en_route_delivery,0.753,-3.230,6.000,3.500,joint_grid_transaction,123,123,2,10,7,0.000,1.00,0.067,False,None,0.000,False
176.896,8,en_route_pickup,-0.096,-2.456,-6.000,-3.500,joint_grid_transaction,127,127,1,12,8,0.000,1.00,-2.356,False,None,0.000,False
177.152,1,en_route_pickup,-1.116,-2.024,6.000,3.500,_joint_stall_recovery,126,124,0,10,9,0.000,1.00,-2.872,False,None,0.000,False
177.152,2,en_route_delivery,-1.202,-2.995,0.000,-3.500,joint_grid_transaction,127,127,1,2,2,0.000,0.70,-0.470,False,None,0.000,False
177.152,3,en_route_delivery,2.831,2.440,0.000,-3.500,joint_grid_transaction,127,127,1,4,3,0.000,1.00,-2.573,False,None,0.000,False
177.152,4,en_route_delivery,3.890,-2.093,3.000,-1.500,joint_grid_transaction,127,127,1,2,4,0.000,1.00,2.602,False,None,0.000,False
177.152,5,en_route_delivery,5.631,-1.093,6.000,-3.500,joint_grid_transaction,127,127,1,2,5,0.000,1.00,-1.419,False,None,0.000,False
177.152,6,en_route_pickup,-0.874,-2.523,-1.000,-1.500,_command_reverse,129,127,1,2,6,0.000,0.40,-1.473,False,None,0.000,False
177.152,7,en_route_delivery,0.790,-3.233,6.000,3.500,joint_grid_transaction,123,123,2,10,7,0.000,1.00,0.068,False,None,0.000,False
177.152,8,en_route_pickup,-0.121,-2.483,-6.000,-3.500,joint_grid_transaction,127,127,1,12,8,0.000,0.70,-2.306,False,None,0.000,False
177.408,1,en_route_pickup,-1.159,-2.034,6.000,3.500,_joint_stall_recovery,126,124,0,10,9,0.000,1.00,-2.978,False,None,0.000,False
177.408,2,en_route_delivery,-1.181,-3.006,0.000,-3.500,joint_grid_transaction,127,127,1,2,2,0.000,0.70,-0.454,False,None,0.000,False
177.408,3,en_route_delivery,2.818,2.449,0.000,-3.500,joint_grid_transaction,127,127,1,4,3,0.000,1.00,-2.732,False,None,0.000,False
177.408,4,en_route_delivery,3.850,-2.068,3.000,-1.500,joint_grid_transaction,127,127,1,2,4,0.000,1.00,2.582,False,None,0.000,False
177.408,5,en_route_delivery,5.638,-1.140,6.000,-3.500,joint_grid_transaction,127,127,1,2,5,0.000,1.00,-1.419,False,None,0.000,False
177.408,6,en_route_pickup,-0.874,-2.523,-1.000,-1.500,_command_reverse,129,127,1,2,6,0.000,0.40,-1.545,False,None,0.000,False
177.408,7,en_route_delivery,0.826,-3.235,6.000,3.500,joint_grid_transaction,123,123,2,10,7,0.000,1.00,0.068,False,None,0.000,False
177.408,8,en_route_pickup,-0.137,-2.500,-6.000,-3.500,joint_grid_transaction,127,127,1,12,8,0.000,0.70,-2.283,False,None,0.000,False
177.664,1,en_route_pickup,-1.191,-2.038,6.000,3.500,_joint_stall_recovery,126,124,0,10,9,0.000,0.60,-3.035,False,None,0.000,False
177.664,2,en_route_delivery,-1.172,-3.012,0.000,-3.500,_command_reverse,131,127,0,1,2,0.000,0.70,-0.477,False,None,0.000,False
177.664,3,en_route_delivery,2.792,2.442,0.000,-3.500,joint_grid_transaction,127,127,1,4,3,0.000,1.00,-2.840,False,None,0.000,False
177.664,4,en_route_delivery,3.809,-2.042,3.000,-1.500,joint_grid_transaction,127,127,1,2,4,0.000,1.00,2.570,False,None,0.000,False
177.664,5,en_route_delivery,5.645,-1.187,6.000,-3.500,joint_grid_transaction,127,127,1,2,5,0.000,1.00,-1.419,False,None,0.000,False
177.664,6,en_route_pickup,-0.874,-2.523,-1.000,-1.500,_command_reverse,129,127,1,2,6,0.000,0.60,-1.664,False,None,0.000,False
177.664,7,en_route_delivery,0.863,-3.238,6.000,3.500,joint_grid_transaction,123,123,2,10,7,0.000,1.00,0.069,False,None,0.000,False
177.664,8,en_route_pickup,-0.150,-2.515,-6.000,-3.500,joint_grid_transaction,127,127,1,12,8,0.000,0.60,-2.266,False,None,0.000,False
177.920,1,en_route_pickup,-1.206,-2.039,6.000,3.500,_joint_stall_recovery,126,124,0,10,9,0.000,0.60,-3.047,False,None,0.000,False
177.920,2,en_route_delivery,-1.157,-3.022,0.000,-3.500,_command_reverse,131,127,0,1,2,0.000,0.70,-0.542,False,None,0.000,False
177.920,3,en_route_delivery,2.746,2.430,0.000,-3.500,joint_grid_transaction,127,127,1,4,3,0.000,1.00,-2.937,False,None,0.000,False
177.920,4,en_route_delivery,3.769,-2.016,3.000,-1.500,joint_grid_transaction,127,127,1,2,4,0.000,1.00,2.562,False,None,0.000,False
177.920,5,en_route_delivery,5.653,-1.235,6.000,-3.500,joint_grid_transaction,127,127,1,2,5,0.000,1.00,-1.419,False,None,0.000,False
177.920,6,en_route_pickup,-0.875,-2.527,-1.000,-1.500,_command_reverse,129,127,1,2,6,0.000,0.60,-1.808,False,None,0.000,False
177.920,7,en_route_delivery,0.898,-3.240,6.000,3.500,joint_grid_transaction,123,123,2,10,7,0.000,1.00,0.069,False,None,0.000,False
177.920,8,en_route_pickup,-0.161,-2.529,-6.000,-3.500,joint_grid_transaction,127,127,1,12,8,0.000,0.60,-2.254,False,None,0.000,False
178.176,1,en_route_pickup,-1.220,-2.041,6.000,3.500,_joint_stall_recovery,126,124,0,10,9,0.000,0.60,-3.047,False,None,0.000,False
178.176,2,en_route_delivery,-1.141,-3.033,0.000,-3.500,_command_reverse,131,127,0,1,2,0.000,0.60,-0.590,False,None,0.000,False
178.176,3,en_route_delivery,2.700,2.422,0.000,-3.500,joint_grid_transaction,127,127,1,4,3,0.000,1.00,-2.995,False,None,0.000,False
178.176,4,en_route_delivery,3.729,-1.990,3.000,-1.500,joint_grid_transaction,127,127,1,2,4,0.000,1.00,2.558,False,None,0.000,False
178.176,5,en_route_delivery,5.660,-1.282,6.000,-3.500,joint_grid_transaction,127,127,1,2,5,0.000,1.00,-1.419,False,None,0.000,False
178.176,6,en_route_pickup,-0.877,-2.534,-1.000,-1.500,_command_reverse,129,127,1,2,6,0.000,0.60,-1.935,False,None,0.000,False
178.176,7,en_route_delivery,0.934,-3.243,6.000,3.500,joint_grid_transaction,123,123,2,10,7,0.000,1.00,0.070,False,None,0.000,False
178.176,8,en_route_pickup,-0.171,-2.542,-6.000,-3.500,_command_reverse,133,127,0,1,8,0.000,0.60,-2.224,False,None,0.000,False
178.432,1,en_route_pickup,-1.233,-2.042,6.000,3.500,_joint_stall_recovery,126,124,0,10,9,0.000,0.60,-3.047,False,None,0.000,False
178.432,2,en_route_delivery,-1.127,-3.042,0.000,-3.500,_command_reverse,131,127,0,1,2,0.000,0.60,-0.624,False,None,0.000,False
178.432,3,en_route_delivery,2.652,2.416,0.000,-3.500,joint_grid_transaction,127,127,1,4,3,0.000,1.00,-3.029,False,None,0.000,False
178.432,4,en_route_delivery,3.689,-1.963,3.000,-1.500,joint_grid_transaction,127,127,1,2,4,0.000,1.00,2.554,False,None,0.000,False
178.432,5,en_route_delivery,5.667,-1.329,6.000,-3.500,joint_grid_transaction,127,127,1,2,5,0.000,1.00,-1.419,False,None,0.000,False
178.432,6,en_route_pickup,-0.881,-2.542,-1.000,-1.500,_command_reverse,129,127,1,2,6,0.000,0.60,-2.048,False,None,0.000,False
178.432,7,en_route_delivery,0.970,-3.245,6.000,3.500,joint_grid_transaction,123,123,2,10,7,0.000,1.00,0.070,False,None,0.000,False
178.432,8,en_route_pickup,-0.181,-2.556,-6.000,-3.500,_command_reverse,133,127,0,1,8,0.000,0.60,-2.179,False,None,0.000,False
178.688,1,en_route_pickup,-1.238,-2.043,6.000,3.500,_command_reverse,135,124,0,2,9,0.000,0.60,-2.967,False,None,0.000,False
178.688,2,en_route_delivery,-1.113,-3.052,0.000,-3.500,_command_reverse,131,127,0,1,2,0.000,0.60,-0.653,False,None,0.000,False
178.688,3,en_route_delivery,2.605,2.411,0.000,-3.500,joint_grid_transaction,127,127,1,4,3,0.000,1.00,-3.045,False,None,0.000,False
178.688,4,en_route_delivery,3.650,-1.937,3.000,-1.500,joint_grid_transaction,127,127,1,2,4,0.000,1.00,2.553,False,None,0.000,False
178.688,5,en_route_delivery,5.674,-1.377,6.000,-3.500,joint_grid_transaction,127,127,1,2,5,0.000,1.00,-1.419,False,None,0.000,False
178.688,6,en_route_pickup,-0.886,-2.551,-1.000,-1.500,_command_reverse,129,127,1,2,6,0.000,0.60,-2.151,False,None,0.000,False
178.688,7,en_route_delivery,1.005,-3.248,6.000,3.500,joint_grid_transaction,123,123,2,10,7,0.000,1.00,0.071,False,None,0.000,False
178.688,8,en_route_pickup,-0.191,-2.570,-6.000,-3.500,_command_reverse,133,127,0,1,8,0.000,0.60,-2.142,False,None,0.000,False
178.944,1,en_route_pickup,-1.232,-2.044,6.000,3.500,_command_reverse,135,124,0,2,9,0.000,0.60,-2.833,False,None,0.000,False
178.944,2,en_route_delivery,-1.100,-3.063,0.000,-3.500,_command_reverse,131,127,0,1,2,0.000,0.60,-0.677,False,None,0.000,False
178.944,3,en_route_delivery,2.560,2.407,0.000,-3.500,joint_grid_transaction,127,127,1,4,3,0.000,1.00,-3.046,False,None,0.000,False
178.944,4,en_route_delivery,3.610,-1.910,3.000,-1.500,joint_grid_transaction,127,127,1,2,4,0.000,1.00,2.551,False,None,0.000,False
178.944,5,en_route_delivery,5.682,-1.424,6.000,-3.500,joint_grid_transaction,127,127,1,2,5,0.000,1.00,-1.419,False,None,0.000,False
178.944,6,en_route_pickup,-0.888,-2.555,-1.000,-1.500,_command_reverse,129,127,1,2,6,0.000,0.60,-2.187,False,None,0.000,True
178.944,7,en_route_delivery,1.040,-3.250,6.000,3.500,joint_grid_transaction,123,123,2,10,7,0.000,1.00,0.071,False,None,0.000,False
178.944,8,en_route_pickup,-0.200,-2.584,-6.000,-3.500,_command_reverse,133,127,0,1,8,0.000,0.60,-2.111,False,None,0.000,False
179.200,1,en_route_pickup,-1.229,-2.045,6.000,3.500,_command_reverse,135,124,0,2,9,179.324,0.65,-2.787,False,None,0.000,False
179.200,2,en_route_delivery,-1.095,-3.067,0.000,-3.500,_command_reverse,131,127,0,1,2,179.324,0.65,-0.685,False,None,0.000,False
179.200,3,en_route_delivery,2.515,2.403,0.000,-3.500,joint_grid_transaction,127,127,1,4,3,0.000,1.00,-3.046,False,None,0.000,False
179.200,4,en_route_delivery,3.570,-1.884,3.000,-1.500,joint_grid_transaction,127,127,1,2,4,0.000,1.00,2.551,False,None,0.000,False
179.200,5,en_route_delivery,5.689,-1.471,6.000,-3.500,joint_grid_transaction,127,127,1,2,5,0.000,1.00,-1.419,False,None,0.000,False
179.200,6,en_route_pickup,-0.889,-2.556,-1.000,-1.500,_command_reverse,129,127,1,2,6,179.324,0.40,-2.199,True,None,0.000,True
179.200,7,en_route_delivery,1.075,-3.253,6.000,3.500,joint_grid_transaction,123,123,2,10,7,0.000,1.00,0.071,False,None,0.000,False
179.200,8,en_route_pickup,-0.203,-2.589,-6.000,-3.500,_command_reverse,133,127,0,1,8,179.324,0.65,-2.100,False,None,0.000,False
179.456,1,en_route_pickup,-1.225,-2.047,6.000,3.500,_command_reverse,135,124,0,2,9,0.000,0.65,-2.719,False,None,0.000,False
179.456,2,en_route_delivery,-1.087,-3.073,0.000,-3.500,_command_reverse,131,127,0,1,2,0.000,0.65,-0.697,False,None,0.000,False
179.456,3,en_route_delivery,2.470,2.398,0.000,-3.500,joint_grid_transaction,127,127,1,4,3,0.000,1.00,-3.047,False,None,0.000,False
179.456,4,en_route_delivery,3.530,-1.857,3.000,-1.500,joint_grid_transaction,127,127,1,2,4,0.000,1.00,2.550,False,None,0.000,False
179.456,5,en_route_delivery,5.696,-1.519,6.000,-3.500,joint_grid_transaction,127,127,1,2,5,0.000,1.00,-1.419,False,None,0.000,False
179.456,6,en_route_pickup,-0.891,-2.558,-1.000,-1.500,_command_reverse,129,127,1,2,6,0.000,0.40,-2.220,False,None,0.000,True
179.456,7,en_route_delivery,1.110,-3.255,6.000,3.500,joint_grid_transaction,123,123,2,10,7,0.000,1.00,0.072,False,None,0.000,False
179.456,8,en_route_pickup,-0.208,-2.598,-6.000,-3.500,_command_reverse,133,127,0,1,8,0.000,0.65,-2.088,False,None,0.000,False
179.712,1,en_route_pickup,-1.222,-2.049,6.000,3.500,_command_reverse,135,124,0,2,9,179.820,0.65,-2.678,False,None,0.000,False
179.712,2,en_route_delivery,-1.082,-3.077,0.000,-3.500,_command_reverse,131,127,0,1,2,179.820,0.65,-0.704,False,None,0.000,False
179.712,3,en_route_delivery,2.425,2.394,0.000,-3.500,joint_grid_transaction,127,127,1,4,3,0.000,1.00,-3.047,False,None,0.000,False
179.712,4,en_route_pickup,3.491,-1.830,-3.000,-1.500,joint_grid_transaction,127,127,1,9,10,0.000,1.00,2.550,False,None,0.000,False
179.712,5,en_route_delivery,5.703,-1.566,6.000,-3.500,joint_grid_transaction,127,127,1,2,5,0.000,1.00,-1.419,False,None,0.000,False
179.712,6,en_route_pickup,-0.892,-2.560,-1.000,-1.500,_command_reverse,129,127,1,2,6,179.820,0.40,-2.232,False,None,0.000,False
179.712,7,en_route_delivery,1.145,-3.258,6.000,3.500,joint_grid_transaction,123,123,2,10,7,0.000,1.00,0.072,False,None,0.000,False
179.712,8,en_route_pickup,-0.211,-2.603,-6.000,-3.500,_command_reverse,133,127,0,1,8,179.820,0.65,-2.079,False,None,0.000,False
179.968,1,en_route_pickup,-1.216,-2.052,6.000,3.500,_command_reverse,135,124,0,2,9,0.000,0.65,-2.608,False,None,0.000,False
179.968,2,en_route_delivery,-1.074,-3.085,0.000,-3.500,_command_reverse,131,127,0,1,2,0.000,0.65,-0.715,False,None,0.000,False
179.968,3,en_route_delivery,2.380,2.390,0.000,-3.500,joint_grid_transaction,127,127,1,4,3,0.000,1.00,-3.047,False,None,0.000,False
179.968,4,en_route_pickup,3.451,-1.803,-3.000,-1.500,joint_grid_transaction,127,127,1,9,10,0.000,1.00,2.550,False,None,0.000,False
179.968,5,en_route_delivery,5.711,-1.613,6.000,-3.500,joint_grid_transaction,127,127,1,2,5,0.000,1.00,-1.419,False,None,0.000,False
179.968,6,en_route_pickup,-0.894,-2.562,-1.000,-1.500,_command_reverse,129,127,1,2,6,0.000,0.40,-2.255,False,None,0.000,False
179.968,7,en_route_delivery,1.179,-3.260,6.000,3.500,joint_grid_transaction,123,123,2,10,7,0.000,1.00,0.073,False,None,0.000,False
179.968,8,en_route_pickup,-0.216,-2.613,-6.000,-3.500,_command_reverse,133,127,0,1,8,0.000,0.65,-2.067,False,None,0.000,False
