sim_time,robot_id,state,pos_x,pos_y,goal_x,goal_y,active_plan_source,active_plan_epoch,controller_epoch,controller_waypoint_idx,waypoints,current_task,hold_until,speed_scale
0.256,1,en_route_pickup,-4.000,3.000,-6.000,3.500,None,None,0,0,1,1,0.000,1.00
0.256,2,idle,-4.000,-3.000,0.000,0.000,None,None,0,0,0,None,0.000,1.00
0.256,3,idle,4.000,3.000,0.000,0.000,None,None,0,0,0,None,0.000,1.00
0.256,4,idle,4.000,-3.000,0.000,0.000,None,None,0,0,0,None,0.000,1.00
0.256,5,idle,-7.000,-0.000,0.000,0.000,None,None,0,0,0,None,0.000,1.00
0.256,6,idle,7.000,0.000,0.000,0.000,None,None,0,0,0,None,0.000,1.00
0.256,7,idle,-8.500,1.200,0.000,0.000,None,None,0,0,0,None,0.000,1.00
0.256,8,idle,8.500,-1.200,0.000,0.000,None,None,0,0,0,None,0.000,1.00
0.512,1,en_route_pickup,-4.000,3.000,-6.000,3.500,None,None,0,0,1,1,0.000,1.00
0.512,2,idle,-4.000,-3.000,0.000,0.000,None,None,0,0,0,None,0.000,1.00
0.512,3,idle,4.000,3.000,0.000,0.000,None,None,0,0,0,None,0.000,1.00
0.512,4,idle,4.000,-3.000,0.000,0.000,None,None,0,0,0,None,0.000,1.00
0.512,5,idle,-7.000,-0.000,0.000,0.000,None,None,0,0,0,None,0.000,1.00
0.512,6,idle,7.000,0.000,0.000,0.000,None,None,0,0,0,None,0.000,1.00
0.512,7,idle,-8.500,1.200,0.000,0.000,None,None,0,0,0,None,0.000,1.00
0.512,8,idle,8.500,-1.200,0.000,0.000,None,None,0,0,0,None,0.000,1.00
0.768,1,en_route_pickup,-4.003,2.999,-6.000,3.500,joint_grid_transaction,1,1,1,9,1,0.000,1.00
0.768,2,idle,-4.000,-3.000,0.000,0.000,None,None,0,0,0,None,0.000,1.00
0.768,3,idle,4.000,3.000,0.000,0.000,None,None,0,0,0,None,0.000,1.00
0.768,4,idle,4.000,-3.000,0.000,0.000,None,None,0,0,0,None,0.000,1.00
0.768,5,idle,-7.000,-0.000,0.000,0.000,None,None,0,0,0,None,0.000,1.00
0.768,6,idle,7.000,0.000,0.000,0.000,None,None,0,0,0,None,0.000,1.00
0.768,7,idle,-8.500,1.200,0.000,0.000,None,None,0,0,0,None,0.000,1.00
0.768,8,idle,8.500,-1.200,0.000,0.000,None,None,0,0,0,None,0.000,1.00
1.024,1,en_route_pickup,-4.023,2.991,-6.000,3.500,joint_grid_transaction,1,1,1,9,1,0.000,1.00
1.024,2,idle,-4.000,-3.000,0.000,0.000,None,None,0,0,0,None,0.000,1.00
1.024,3,idle,4.000,3.000,0.000,0.000,None,None,0,0,0,None,0.000,1.00
1.024,4,idle,4.000,-3.000,0.000,0.000,None,None,0,0,0,None,0.000,1.00
1.024,5,idle,-7.000,-0.000,0.000,0.000,None,None,0,0,0,None,0.000,1.00
1.024,6,idle,7.000,0.000,0.000,0.000,None,None,0,0,0,None,0.000,1.00
1.024,7,idle,-8.500,1.200,0.000,0.000,None,None,0,0,0,None,0.000,1.00
1.024,8,idle,8.500,-1.200,0.000,0.000,None,None,0,0,0,None,0.000,1.00
1.280,1,en_route_pickup,-4.050,2.971,-6.000,3.500,joint_grid_transaction,1,1,2,9,1,0.000,1.00
1.280,2,en_route_pickup,-4.000,-3.000,-1.000,1.500,None,None,0,0,4,2,0.000,1.00
1.280,3,idle,4.000,3.000,0.000,0.000,None,None,0,0,0,None,0.000,1.00
1.280,4,idle,4.000,-3.000,0.000,0.000,None,None,0,0,0,None,0.000,1.00
1.280,5,idle,-7.000,-0.000,0.000,0.000,None,None,0,0,0,None,0.000,1.00
1.280,6,idle,7.000,0.000,0.000,0.000,None,None,0,0,0,None,0.000,1.00
1.280,7,idle,-8.500,1.200,0.000,0.000,None,None,0,0,0,None,0.000,1.00
1.280,8,idle,8.500,-1.200,0.000,0.000,None,None,0,0,0,None,0.000,1.00
1.536,1,en_route_pickup,-4.075,2.943,-6.000,3.500,joint_grid_transaction,1,1,2,9,1,0.000,1.00
1.536,2,en_route_pickup,-4.000,-3.000,-1.000,1.500,None,None,0,0,4,2,0.000,1.00
1.536,3,en_route_pickup,4.000,3.000,-3.000,1.500,None,None,0,0,2,3,0.000,1.00
1.536,4,idle,4.000,-3.000,0.000,0.000,None,None,0,0,0,None,0.000,1.00
1.536,5,idle,-7.000,-0.000,0.000,0.000,None,None,0,0,0,None,0.000,1.00
1.536,6,idle,7.000,0.000,0.000,0.000,None,None,0,0,0,None,0.000,1.00
1.536,7,idle,-8.500,1.200,0.000,0.000,None,None,0,0,0,None,0.000,1.00
1.536,8,idle,8.500,-1.200,0.000,0.000,None,None,0,0,0,None,0.000,1.00
1.792,1,en_route_pickup,-4.087,2.922,-6.000,3.500,joint_grid_transaction,1,1,2,9,1,0.000,1.00
1.792,2,en_route_pickup,-4.000,-3.000,-1.000,1.500,None,None,0,0,4,2,0.000,1.00
1.792,3,en_route_pickup,4.000,3.000,-3.000,1.500,None,None,0,0,2,3,0.000,1.00
1.792,4,idle,4.000,-3.000,0.000,0.000,None,None,0,0,0,None,0.000,1.00
1.792,5,idle,-7.000,-0.000,0.000,0.000,None,None,0,0,0,None,0.000,1.00
1.792,6,idle,7.000,0.000,0.000,0.000,None,None,0,0,0,None,0.000,1.00
1.792,7,idle,-8.500,1.200,0.000,0.000,None,None,0,0,0,None,0.000,1.00
1.792,8,idle,8.500,-1.200,0.000,0.000,None,None,0,0,0,None,0.000,1.00
2.048,1,en_route_pickup,-4.088,2.921,-6.000,3.500,joint_grid_transaction,1,1,2,9,1,0.000,1.00
2.048,2,en_route_pickup,-4.000,-3.000,-1.000,1.500,None,None,0,0,4,2,0.000,1.00
2.048,3,en_route_pickup,4.000,3.000,-3.000,1.500,None,None,0,0,2,3,0.000,1.00
2.048,4,idle,4.000,-3.000,0.000,0.000,None,None,0,0,0,None,0.000,1.00
2.048,5,idle,-7.000,-0.000,0.000,0.000,None,None,0,0,0,None,0.000,1.00
2.048,6,idle,7.000,0.000,0.000,0.000,None,None,0,0,0,None,0.000,1.00
2.048,7,idle,-8.500,1.200,0.000,0.000,None,None,0,0,0,None,0.000,1.00
2.048,8,idle,8.500,-1.200,0.000,0.000,None,None,0,0,0,None,0.000,1.00
2.304,1,en_route_pickup,-4.096,2.941,-6.000,3.500,joint_grid_transaction,1,1,2,9,1,0.000,1.00
2.304,2,en_route_pickup,-4.000,-3.000,-1.000,1.500,None,None,0,0,4,2,0.000,1.00
2.304,3,en_route_pickup,4.000,3.000,-3.000,1.500,None,None,0,0,2,3,0.000,1.00
2.304,4,idle,4.000,-3.000,0.000,0.000,None,None,0,0,0,None,0.000,1.00
2.304,5,idle,-7.000,-0.000,0.000,0.000,None,None,0,0,0,None,0.000,1.00
2.304,6,idle,7.000,0.000,0.000,0.000,None,None,0,0,0,None,0.000,1.00
2.304,7,idle,-8.500,1.200,0.000,0.000,None,None,0,0,0,None,0.000,1.00
2.304,8,idle,8.500,-1.200,0.000,0.000,None,None,0,0,0,None,0.000,1.00
2.560,1,en_route_pickup,-4.118,2.968,-6.000,3.500,joint_grid_transaction,1,1,2,9,1,0.000,1.00
2.560,2,en_route_pickup,-4.000,-3.000,-1.000,1.500,None,None,0,0,4,2,0.000,1.00
2.560,3,en_route_pickup,4.000,3.000,-3.000,1.500,None,None,0,0,2,3,0.000,1.00
2.560,4,idle,4.000,-3.000,0.000,0.000,None,None,0,0,0,None,0.000,1.00
2.560,5,idle,-7.000,-0.000,0.000,0.000,None,None,0,0,0,None,0.000,1.00
2.560,6,idle,7.000,0.000,0.000,0.000,None,None,0,0,0,None,0.000,1.00
2.560,7,idle,-8.500,1.200,0.000,0.000,None,None,0,0,0,None,0.000,1.00
2.560,8,idle,8.500,-1.200,0.000,0.000,None,None,0,0,0,None,0.000,1.00
2.816,1,en_route_pickup,-4.142,2.991,-6.000,3.500,joint_grid_transaction,1,1,2,9,1,0.000,1.00
2.816,2,en_route_pickup,-4.000,-3.000,-1.000,1.500,None,None,0,0,4,2,0.000,1.00
2.816,3,en_route_pickup,4.000,3.000,-3.000,1.500,None,None,0,0,2,3,0.000,1.00
2.816,4,idle,4.000,-3.000,0.000,0.000,None,None,0,0,0,None,0.000,1.00
2.816,5,idle,-7.000,-0.000,0.000,0.000,None,None,0,0,0,None,0.000,1.00
2.816,6,idle,7.000,0.000,0.000,0.000,None,None,0,0,0,None,0.000,1.00
2.816,7,idle,-8.500,1.200,0.000,0.000,None,None,0,0,0,None,0.000,1.00
2.816,8,idle,8.500,-1.200,0.000,0.000,None,None,0,0,0,None,0.000,1.00
3.072,1,en_route_pickup,-4.157,3.000,-6.000,3.500,joint_grid_transaction,1,1,2,9,1,0.000,1.00
3.072,2,en_route_pickup,-4.000,-3.000,-1.000,1.500,None,None,0,0,4,2,0.000,1.00
3.072,3,en_route_pickup,4.000,3.000,-3.000,1.500,None,None,0,0,2,3,0.000,1.00
3.072,4,idle,4.000,-3.000,0.000,0.000,None,None,0,0,0,None,0.000,1.00
3.072,5,idle,-7.000,-0.000,0.000,0.000,None,None,0,0,0,None,0.000,1.00
3.072,6,idle,7.000,0.000,0.000,0.000,None,None,0,0,0,None,0.000,1.00
3.072,7,idle,-8.500,1.200,0.000,0.000,None,None,0,0,0,None,0.000,1.00
3.072,8,idle,8.500,-1.200,0.000,0.000,None,None,0,0,0,None,0.000,1.00
3.328,1,en_route_pickup,-4.176,2.998,-6.000,3.500,joint_grid_transaction,1,1,2,9,1,0.000,1.00
3.328,2,en_route_pickup,-4.000,-3.000,-1.000,1.500,None,None,0,0,4,2,0.000,1.00
3.328,3,en_route_pickup,4.000,3.000,-3.000,1.500,None,None,0,0,2,3,0.000,1.00
3.328,4,idle,4.000,-3.000,0.000,0.000,None,None,0,0,0,None,0.000,1.00
3.328,5,idle,-7.000,-0.000,0.000,0.000,None,None,0,0,0,None,0.000,1.00
3.328,6,idle,7.000,0.000,0.000,0.000,None,None,0,0,0,None,0.000,1.00
3.328,7,idle,-8.500,1.200,0.000,0.000,None,None,0,0,0,None,0.000,1.00
3.328,8,idle,8.500,-1.200,0.000,0.000,None,None,0,0,0,None,0.000,1.00
3.584,1,en_route_pickup,-4.221,2.988,-6.000,3.500,joint_grid_transaction,1,1,2,9,1,0.000,1.00
3.584,2,en_route_pickup,-4.000,-3.000,-1.000,1.500,None,None,0,0,4,2,0.000,1.00
3.584,3,en_route_pickup,4.000,3.000,-3.000,1.500,None,None,0,0,2,3,0.000,1.00
3.584,4,idle,4.000,-3.000,0.000,0.000,None,None,0,0,0,None,0.000,1.00
3.584,5,idle,-7.000,-0.000,0.000,0.000,None,None,0,0,0,None,0.000,1.00
3.584,6,idle,7.000,0.000,0.000,0.000,None,None,0,0,0,None,0.000,1.00
3.584,7,idle,-8.500,1.200,0.000,0.000,None,None,0,0,0,None,0.000,1.00
3.584,8,idle,8.500,-1.200,0.000,0.000,None,None,0,0,0,None,0.000,1.00
3.840,1,en_route_pickup,-4.268,2.983,-6.000,3.500,joint_grid_transaction,1,1,2,9,1,0.000,1.00
3.840,2,en_route_pickup,-4.000,-3.000,-1.000,1.500,None,None,0,0,4,2,0.000,1.00
3.840,3,en_route_pickup,4.000,3.000,-3.000,1.500,None,None,0,0,2,3,0.000,1.00
3.840,4,idle,4.000,-3.000,0.000,0.000,None,None,0,0,0,None,0.000,1.00
3.840,5,idle,-7.000,-0.000,0.000,0.000,None,None,0,0,0,None,0.000,1.00
3.840,6,idle,7.000,0.000,0.000,0.000,None,None,0,0,0,None,0.000,1.00
3.840,7,idle,-8.500,1.200,0.000,0.000,None,None,0,0,0,None,0.000,1.00
3.840,8,idle,8.500,-1.200,0.000,0.000,None,None,0,0,0,None,0.000,1.00
4.096,1,en_route_pickup,-4.310,2.980,-6.000,3.500,joint_grid_transaction,2,1,3,9,1,0.000,1.00
4.096,2,en_route_pickup,-4.000,-3.000,-1.000,1.500,joint_grid_transaction,2,0,0,9,2,0.000,1.00
4.096,3,en_route_pickup,3.998,3.000,-3.000,1.500,joint_grid_transaction,2,0,0,9,3,0.000,1.00
4.096,4,idle,4.000,-3.000,0.000,0.000,None,None,0,0,0,None,0.000,1.00
4.096,5,idle,-7.000,-0.000,0.000,0.000,None,None,0,0,0,None,0.000,1.00
4.096,6,idle,7.000,0.000,0.000,0.000,None,None,0,0,0,None,0.000,1.00
4.096,7,idle,-8.500,1.200,0.000,0.000,None,None,0,0,0,None,0.000,1.00
4.096,8,idle,8.500,-1.200,0.000,0.000,None,None,0,0,0,None,0.000,1.00
4.352,1,en_route_pickup,-4.349,2.978,-6.000,3.500,joint_grid_transaction,2,2,2,9,1,0.000,1.00
4.352,2,en_route_pickup,-4.013,-3.004,-1.000,1.500,joint_grid_transaction,2,2,1,9,2,0.000,1.00
4.352,3,en_route_pickup,3.950,3.000,-3.000,1.500,joint_grid_transaction,2,2,2,9,3,0.000,1.00
4.352,4,idle,4.000,-3.000,0.000,0.000,None,None,0,0,0,None,0.000,1.00
4.352,5,idle,-7.000,-0.000,0.000,0.000,None,None,0,0,0,None,0.000,1.00
4.352,6,idle,7.000,0.000,0.000,0.000,None,None,0,0,0,None,0.000,1.00
4.352,7,idle,-8.500,1.200,0.000,0.000,None,None,0,0,0,None,0.000,1.00
4.352,8,idle,8.500,-1.200,0.000,0.000,None,None,0,0,0,None,0.000,1.00
4.608,1,en_route_pickup,-4.388,2.976,-6.000,3.500,joint_grid_transaction,2,2,2,9,1,0.000,1.00
4.608,2,en_route_pickup,-4.027,-3.010,-1.000,1.500,joint_grid_transaction,2,2,1,9,2,0.000,1.00
4.608,3,en_route_pickup,3.902,3.000,-3.000,1.500,joint_grid_transaction,2,2,2,9,3,0.000,1.00
4.608,4,idle,4.000,-3.000,0.000,0.000,None,None,0,0,0,None,0.000,1.00
4.608,5,idle,-7.000,-0.000,0.000,0.000,None,None,0,0,0,None,0.000,1.00
4.608,6,idle,7.000,0.000,0.000,0.000,None,None,0,0,0,None,0.000,1.00
4.608,7,idle,-8.500,1.200,0.000,0.000,None,None,0,0,0,None,0.000,1.00
4.608,8,idle,8.500,-1.200,0.000,0.000,None,None,0,0,0,None,0.000,1.00
4.864,1,en_route_pickup,-4.426,2.973,-6.000,3.500,joint_grid_transaction,2,2,2,9,1,0.000,1.00
4.864,2,en_route_pickup,-4.005,-2.997,-1.000,1.500,joint_grid_transaction,2,2,2,9,2,0.000,1.00
4.864,3,en_route_pickup,3.854,3.000,-3.000,1.500,joint_grid_transaction,2,2,2,9,3,0.000,1.00
4.864,4,idle,4.000,-3.000,0.000,0.000,None,None,0,0,0,None,0.000,1.00
4.864,5,idle,-7.000,-0.000,0.000,0.000,None,None,0,0,0,None,0.000,1.00
4.864,6,idle,7.000,0.000,0.000,0.000,None,None,0,0,0,None,0.000,1.00
4.864,7,idle,-8.500,1.200,0.000,0.000,None,None,0,0,0,None,0.000,1.00
4.864,8,idle,8.500,-1.200,0.000,0.000,None,None,0,0,0,None,0.000,1.00
5.120,1,en_route_pickup,-4.462,2.971,-6.000,3.500,joint_grid_transaction,3,2,2,9,1,0.000,1.00
5.120,2,en_route_pickup,-4.002,-2.995,-1.000,1.500,joint_grid_transaction,3,2,2,9,2,0.000,1.00
5.120,3,en_route_pickup,3.807,3.000,-3.000,1.500,joint_grid_transaction,3,2,2,8,3,0.000,1.00
5.120,4,idle,4.000,-3.000,0.000,0.000,None,None,0,0,0,None,0.000,1.00
5.120,5,idle,-7.000,-0.000,0.000,0.000,None,None,0,0,0,None,0.000,1.00
5.120,6,idle,7.000,0.000,0.000,0.000,None,None,0,0,0,None,0.000,1.00
5.120,7,idle,-8.500,1.200,0.000,0.000,None,None,0,0,0,None,0.000,1.00
5.120,8,idle,8.500,-1.200,0.000,0.000,None,None,0,0,0,None,0.000,1.00
5.376,1,en_route_pickup,-4.497,2.969,-6.000,3.500,joint_grid_transaction,3,3,1,9,1,0.000,1.00
5.376,2,en_route_pickup,-4.022,-2.988,-1.000,1.500,joint_grid_transaction,3,3,1,9,2,0.000,1.00
5.376,3,en_route_pickup,3.759,3.000,-3.000,1.500,joint_grid_transaction,3,3,1,8,3,0.000,1.00
5.376,4,idle,4.000,-3.000,0.000,0.000,None,None,0,0,0,None,0.000,1.00
5.376,5,idle,-7.000,-0.000,0.000,0.000,None,None,0,0,0,None,0.000,1.00
5.376,6,idle,7.000,0.000,0.000,0.000,None,None,0,0,0,None,0.000,1.00
5.376,7,idle,-8.500,1.200,0.000,0.000,None,None,0,0,0,None,0.000,1.00
5.376,8,idle,8.500,-1.200,0.000,0.000,None,None,0,0,0,None,0.000,1.00
5.632,1,en_route_pickup,-4.531,2.967,-6.000,3.500,joint_grid_transaction,3,3,1,9,1,0.000,1.00
5.632,2,en_route_pickup,-4.049,-2.967,-1.000,1.500,joint_grid_transaction,3,3,2,9,2,0.000,1.00
5.632,3,en_route_pickup,3.719,3.000,-3.000,1.500,joint_grid_transaction,3,3,1,8,3,0.000,1.00
5.632,4,idle,4.000,-3.000,0.000,0.000,None,None,0,0,0,None,0.000,1.00
5.632,5,idle,-7.000,-0.000,0.000,0.000,None,None,0,0,0,None,0.000,1.00
5.632,6,idle,7.000,0.000,0.000,0.000,None,None,0,0,0,None,0.000,1.00
5.632,7,idle,-8.500,1.200,0.000,0.000,None,None,0,0,0,None,0.000,1.00
5.632,8,idle,8.500,-1.200,0.000,0.000,None,None,0,0,0,None,0.000,1.00
5.888,1,en_route_pickup,-4.567,2.964,-6.000,3.500,joint_grid_transaction,3,3,2,9,1,0.000,1.00
5.888,2,en_route_pickup,-4.074,-2.940,-1.000,1.500,joint_grid_transaction,3,3,2,9,2,0.000,1.00
5.888,3,en_route_pickup,3.719,3.000,-3.000,1.500,joint_grid_transaction,3,3,1,8,3,0.000,1.00
5.888,4,idle,4.000,-3.000,0.000,0.000,None,None,0,0,0,None,0.000,1.00
5.888,5,idle,-7.000,-0.000,0.000,0.000,None,None,0,0,0,None,0.000,1.00
5.888,6,idle,7.000,0.000,0.000,0.000,None,None,0,0,0,None,0.000,1.00
5.888,7,idle,-8.500,1.200,0.000,0.000,None,None,0,0,0,None,0.000,1.00
5.888,8,idle,8.500,-1.200,0.000,0.000,None,None,0,0,0,None,0.000,1.00
6.144,1,en_route_pickup,-4.603,2.962,-6.000,3.500,joint_grid_transaction,3,3,2,9,1,0.000,1.00
6.144,2,en_route_pickup,-4.086,-2.918,-1.000,1.500,joint_grid_transaction,3,3,2,9,2,0.000,1.00
6.144,3,en_route_pickup,3.719,3.000,-3.000,1.500,joint_grid_transaction,3,3,1,8,3,0.000,1.00
6.144,4,idle,4.000,-3.000,0.000,0.000,None,None,0,0,0,None,0.000,1.00
6.144,5,idle,-7.000,-0.000,0.000,0.000,None,None,0,0,0,None,0.000,1.00
6.144,6,idle,7.000,0.000,0.000,0.000,None,None,0,0,0,None,0.000,1.00
6.144,7,idle,-8.500,1.200,0.000,0.000,None,None,0,0,0,None,0.000,1.00
6.144,8,idle,8.500,-1.200,0.000,0.000,None,None,0,0,0,None,0.000,1.00
6.400,1,en_route_pickup,-4.638,2.960,-6.000,3.500,joint_grid_transaction,3,3,2,9,1,0.000,1.00
6.400,2,en_route_pickup,-4.087,-2.915,-1.000,1.500,joint_grid_transaction,3,3,2,9,2,0.000,1.00
6.400,3,en_route_pickup,3.705,3.000,-3.000,1.500,joint_grid_transaction,3,3,1,8,3,0.000,1.00
6.400,4,idle,4.000,-3.000,0.000,0.000,None,None,0,0,0,None,0.000,1.00
6.400,5,idle,-7.000,-0.000,0.000,0.000,None,None,0,0,0,None,0.000,1.00
6.400,6,idle,7.000,0.000,0.000,0.000,None,None,0,0,0,None,0.000,1.00
6.400,7,idle,-8.500,1.200,0.000,0.000,None,None,0,0,0,None,0.000,1.00
6.400,8,idle,8.500,-1.200,0.000,0.000,None,None,0,0,0,None,0.000,1.00
6.656,1,en_route_pickup,-4.672,2.957,-6.000,3.500,joint_grid_transaction,3,3,2,9,1,0.000,1.00
6.656,2,en_route_pickup,-4.090,-2.925,-1.000,1.500,joint_grid_transaction,3,3,2,9,2,0.000,1.00
6.656,3,en_route_pickup,3.658,3.000,-3.000,1.500,joint_grid_transaction,3,3,2,8,3,0.000,1.00
6.656,4,idle,4.000,-3.000,0.000,0.000,None,None,0,0,0,None,0.000,1.00
6.656,5,idle,-7.000,-0.000,0.000,0.000,None,None,0,0,0,None,0.000,1.00
6.656,6,idle,7.000,0.000,0.000,0.000,None,None,0,0,0,None,0.000,1.00
6.656,7,idle,-8.500,1.200,0.000,0.000,None,None,0,0,0,None,0.000,1.00
6.656,8,idle,8.500,-1.200,0.000,0.000,None,None,0,0,0,None,0.000,1.00
6.912,1,en_route_pickup,-4.705,2.955,-6.000,3.500,joint_grid_transaction,3,3,2,9,1,0.000,1.00
6.912,2,en_route_pickup,-4.106,-2.905,-1.000,1.500,joint_grid_transaction,3,3,3,9,2,0.000,1.00
6.912,3,en_route_pickup,3.610,3.000,-3.000,1.500,joint_grid_transaction,3,3,2,8,3,0.000,1.00
6.912,4,idle,4.000,-3.000,0.000,0.000,None,None,0,0,0,None,0.000,1.00
6.912,5,idle,-7.000,-0.000,0.000,0.000,None,None,0,0,0,None,0.000,1.00
6.912,6,idle,7.000,0.000,0.000,0.000,None,None,0,0,0,None,0.000,1.00
6.912,7,idle,-8.500,1.200,0.000,0.000,None,None,0,0,0,None,0.000,1.00
6.912,8,idle,8.500,-1.200,0.000,0.000,None,None,0,0,0,None,0.000,1.00
7.168,1,en_route_pickup,-4.736,2.953,-6.000,3.500,joint_grid_transaction,3,3,2,9,1,0.000,1.00
7.168,2,en_route_pickup,-4.126,-2.862,-1.000,1.500,joint_grid_transaction,3,3,3,9,2,0.000,1.00
7.168,3,en_route_pickup,3.562,3.000,-3.000,1.500,joint_grid_transaction,3,3,2,8,3,0.000,1.00
7.168,4,idle,4.000,-3.000,0.000,0.000,None,None,0,0,0,None,0.000,1.00
7.168,5,idle,-7.000,-0.000,0.000,0.000,None,None,0,0,0,None,0.000,1.00
7.168,6,idle,7.000,0.000,0.000,0.000,None,None,0,0,0,None,0.000,1.00
7.168,7,idle,-8.500,1.200,0.000,0.000,None,None,0,0,0,None,0.000,1.00
7.168,8,idle,8.500,-1.200,0.000,0.000,None,None,0,0,0,None,0.000,1.00
7.424,1,en_route_pickup,-4.764,2.951,-6.000,3.500,joint_grid_transaction,3,3,2,9,1,0.000,1.00
7.424,2,en_route_pickup,-4.145,-2.818,-1.000,1.500,joint_grid_transaction,3,3,3,9,2,0.000,1.00
7.424,3,en_route_pickup,3.514,3.000,-3.000,1.500,joint_grid_transaction,3,3,2,8,3,0.000,1.00
7.424,4,idle,4.000,-3.000,0.000,0.000,None,None,0,0,0,None,0.000,1.00
7.424,5,idle,-7.000,-0.000,0.000,0.000,None,None,0,0,0,None,0.000,1.00
7.424,6,idle,7.000,0.000,0.000,0.000,None,None,0,0,0,None,0.000,1.00
7.424,7,idle,-8.500,1.200,0.000,0.000,None,None,0,0,0,None,0.000,1.00
7.424,8,idle,8.500,-1.200,0.000,0.000,None,None,0,0,0,None,0.000,1.00
7.680,1,en_route_pickup,-4.791,2.949,-6.000,3.500,joint_grid_transaction,3,3,2,9,1,0.000,1.00
7.680,2,en_route_pickup,-4.162,-2.774,-1.000,1.500,joint_grid_transaction,3,3,3,9,2,0.000,1.00
7.680,3,en_route_pickup,3.466,3.000,-3.000,1.500,joint_grid_transaction,3,3,2,8,3,0.000,1.00
7.680,4,idle,4.000,-3.000,0.000,0.000,None,None,0,0,0,None,0.000,1.00
7.680,5,idle,-7.000,-0.000,0.000,0.000,None,None,0,0,0,None,0.000,1.00
7.680,6,idle,7.000,0.000,0.000,0.000,None,None,0,0,0,None,0.000,1.00
7.680,7,idle,-8.500,1.200,0.000,0.000,None,None,0,0,0,None,0.000,1.00
7.680,8,idle,8.500,-1.200,0.000,0.000,None,None,0,0,0,None,0.000,1.00
7.936,1,en_route_pickup,-4.825,2.947,-6.000,3.500,joint_grid_transaction,3,3,3,9,1,0.000,1.00
7.936,2,en_route_pickup,-4.178,-2.729,-1.000,1.500,joint_grid_transaction,3,3,3,9,2,0.000,1.00
7.936,3,en_route_pickup,3.418,3.000,-3.000,1.500,joint_grid_transaction,3,3,3,8,3,0.000,1.00
7.936,4,idle,4.000,-3.000,0.000,0.000,None,None,0,0,0,None,0.000,1.00
7.936,5,idle,-7.000,-0.000,0.000,0.000,None,None,0,0,0,None,0.000,1.00
7.936,6,idle,7.000,0.000,0.000,0.000,None,None,0,0,0,None,0.000,1.00
7.936,7,idle,-8.500,1.200,0.000,0.000,None,None,0,0,0,None,0.000,1.00
7.936,8,idle,8.500,-1.200,0.000,0.000,None,None,0,0,0,None,0.000,1.00
8.192,1,en_route_pickup,-4.858,2.945,-6.000,3.500,joint_grid_transaction,3,3,3,9,1,0.000,1.00
8.192,2,en_route_pickup,-4.193,-2.684,-1.000,1.500,joint_grid_transaction,3,3,4,9,2,0.000,1.00
8.192,3,en_route_pickup,3.370,3.000,-3.000,1.500,joint_grid_transaction,3,3,3,8,3,0.000,1.00
8.192,4,idle,4.000,-3.000,0.000,0.000,None,None,0,0,0,None,0.000,1.00
8.192,5,idle,-7.000,-0.000,0.000,0.000,None,None,0,0,0,None,0.000,1.00
8.192,6,idle,7.000,0.000,0.000,0.000,None,None,0,0,0,None,0.000,1.00
8.192,7,idle,-8.500,1.200,0.000,0.000,None,None,0,0,0,None,0.000,1.00
8.192,8,idle,8.500,-1.200,0.000,0.000,None,None,0,0,0,None,0.000,1.00
8.448,1,en_route_pickup,-4.889,2.942,-6.000,3.500,joint_grid_transaction,3,3,3,9,1,0.000,1.00
8.448,2,en_route_pickup,-4.205,-2.638,-1.000,1.500,joint_grid_transaction,3,3,4,9,2,0.000,1.00
8.448,3,en_route_pickup,3.323,3.000,-3.000,1.500,joint_grid_transaction,3,3,3,8,3,0.000,1.00
8.448,4,idle,4.000,-3.000,0.000,0.000,None,None,0,0,0,None,0.000,1.00
8.448,5,idle,-7.000,-0.000,0.000,0.000,None,None,0,0,0,None,0.000,1.00
8.448,6,idle,7.000,0.000,0.000,0.000,None,None,0,0,0,None,0.000,1.00
8.448,7,idle,-8.500,1.200,0.000,0.000,None,None,0,0,0,None,0.000,1.00
8.448,8,idle,8.500,-1.200,0.000,0.000,None,None,0,0,0,None,0.000,1.00
8.704,1,en_route_pickup,-4.920,2.940,-6.000,3.500,joint_grid_transaction,3,3,3,9,1,0.000,1.00
8.704,2,en_route_pickup,-4.214,-2.591,-1.000,1.500,joint_grid_transaction,3,3,4,9,2,0.000,1.00
8.704,3,en_route_pickup,3.275,3.000,-3.000,1.500,joint_grid_transaction,3,3,3,8,3,0.000,1.00
8.704,4,idle,4.000,-3.000,0.000,0.000,None,None,0,0,0,None,0.000,1.00
8.704,5,idle,-7.000,-0.000,0.000,0.000,None,None,0,0,0,None,0.000,1.00
8.704,6,idle,7.000,0.000,0.000,0.000,None,None,0,0,0,None,0.000,1.00
8.704,7,idle,-8.500,1.200,0.000,0.000,None,None,0,0,0,None,0.000,1.00
8.704,8,idle,8.500,-1.200,0.000,0.000,None,None,0,0,0,None,0.000,1.00
8.960,1,en_route_pickup,-4.948,2.938,-6.000,3.500,joint_grid_transaction,3,3,3,9,1,0.000,1.00
8.960,2,en_route_pickup,-4.221,-2.544,-1.000,1.500,joint_grid_transaction,3,3,4,9,2,0.000,1.00
8.960,3,en_route_pickup,3.227,3.000,-3.000,1.500,joint_grid_transaction,3,3,3,8,3,0.000,1.00
8.960,4,idle,4.000,-3.000,0.000,0.000,None,None,0,0,0,None,0.000,1.00
8.960,5,idle,-7.000,-0.000,0.000,0.000,None,None,0,0,0,None,0.000,1.00
8.960,6,idle,7.000,0.000,0.000,0.000,None,None,0,0,0,None,0.000,1.00
8.960,7,idle,-8.500,1.200,0.000,0.000,None,None,0,0,0,None,0.000,1.00
8.960,8,idle,8.500,-1.200,0.000,0.000,None,None,0,0,0,None,0.000,1.00
9.216,1,en_route_pickup,-4.975,2.936,-6.000,3.500,joint_grid_transaction,4,4,1,7,1,0.000,1.00
9.216,2,en_route_pickup,-4.228,-2.497,-1.000,1.500,joint_grid_transaction,4,4,1,9,2,0.000,1.00
9.216,3,en_route_pickup,3.179,3.000,-3.000,1.500,joint_grid_transaction,4,4,2,9,3,0.000,1.00
9.216,4,idle,4.000,-3.000,0.000,0.000,None,None,0,0,0,None,0.000,1.00
9.216,5,idle,-7.000,-0.000,0.000,0.000,None,None,0,0,0,None,0.000,1.00
9.216,6,idle,7.000,0.000,0.000,0.000,None,None,0,0,0,None,0.000,1.00
9.216,7,idle,-8.500,1.200,0.000,0.000,None,None,0,0,0,None,0.000,1.00
9.216,8,idle,8.500,-1.200,0.000,0.000,None,None,0,0,0,None,0.000,1.00
9.472,1,en_route_pickup,-4.997,2.935,-6.000,3.500,joint_grid_transaction,4,4,1,7,1,0.000,1.00
9.472,2,en_route_pickup,-4.233,-2.450,-1.000,1.500,joint_grid_transaction,4,4,2,9,2,0.000,1.00
9.472,3,en_route_pickup,3.131,3.000,-3.000,1.500,joint_grid_transaction,4,4,2,9,3,0.000,1.00
9.472,4,idle,4.000,-3.000,0.000,0.000,None,None,0,0,0,None,0.000,1.00
9.472,5,idle,-7.000,-0.000,0.000,0.000,None,None,0,0,0,None,0.000,1.00
9.472,6,idle,7.000,0.000,0.000,0.000,None,None,0,0,0,None,0.000,1.00
9.472,7,idle,-8.500,1.200,0.000,0.000,None,None,0,0,0,None,0.000,1.00
9.472,8,idle,8.500,-1.200,0.000,0.000,None,None,0,0,0,None,0.000,1.00
9.728,1,en_route_pickup,-5.019,2.935,-6.000,3.500,joint_grid_transaction,4,4,1,7,1,0.000,1.00
9.728,2,en_route_pickup,-4.238,-2.405,-1.000,1.500,joint_grid_transaction,4,4,2,9,2,0.000,1.00
9.728,3,en_route_pickup,3.083,3.000,-3.000,1.500,joint_grid_transaction,4,4,2,9,3,0.000,1.00
9.728,4,idle,4.000,-3.000,0.000,0.000,None,None,0,0,0,None,0.000,1.00
9.728,5,idle,-7.000,-0.000,0.000,0.000,None,None,0,0,0,None,0.000,1.00
9.728,6,idle,7.000,0.000,0.000,0.000,None,None,0,0,0,None,0.000,1.00
9.728,7,idle,-8.500,1.200,0.000,0.000,None,None,0,0,0,None,0.000,1.00
9.728,8,idle,8.500,-1.200,0.000,0.000,None,None,0,0,0,None,0.000,1.00
9.984,1,en_route_pickup,-5.040,2.935,-6.000,3.500,joint_grid_transaction,4,4,1,7,1,0.000,1.00
9.984,2,en_route_pickup,-4.242,-2.362,-1.000,1.500,joint_grid_transaction,4,4,2,9,2,0.000,1.00
9.984,3,en_route_pickup,3.035,3.000,-3.000,1.500,joint_grid_transaction,4,4,2,9,3,0.000,1.00
9.984,4,en_route_pickup,4.000,-3.000,0.000,3.500,None,None,0,0,3,4,0.000,1.00
9.984,5,idle,-7.000,-0.000,0.000,0.000,None,None,0,0,0,None,0.000,1.00
9.984,6,idle,7.000,0.000,0.000,0.000,None,None,0,0,0,None,0.000,1.00
9.984,7,idle,-8.500,1.200,0.000,0.000,None,None,0,0,0,None,0.000,1.00
9.984,8,idle,8.500,-1.200,0.000,0.000,None,None,0,0,0,None,0.000,1.00
10.240,1,en_route_pickup,-5.078,2.935,-6.000,3.500,joint_grid_transaction,4,4,2,7,1,0.000,1.00
10.240,2,en_route_pickup,-4.246,-2.320,-1.000,1.500,joint_grid_transaction,4,4,2,9,2,0.000,1.00
10.240,3,en_route_pickup,2.987,3.000,-3.000,1.500,joint_grid_transaction,4,4,2,9,3,0.000,1.00
10.240,4,en_route_pickup,4.000,-3.000,0.000,3.500,None,None,0,0,3,4,0.000,1.00
10.240,5,idle,-7.000,-0.000,0.000,0.000,None,None,0,0,0,None,0.000,1.00
10.240,6,idle,7.000,0.000,0.000,0.000,None,None,0,0,0,None,0.000,1.00
10.240,7,idle,-8.500,1.200,0.000,0.000,None,None,0,0,0,None,0.000,1.00
10.240,8,idle,8.500,-1.200,0.000,0.000,None,None,0,0,0,None,0.000,1.00
10.496,1,en_route_pickup,-5.115,2.935,-6.000,3.500,joint_grid_transaction,4,4,2,7,1,0.000,1.00
10.496,2,en_route_pickup,-4.249,-2.279,-1.000,1.500,joint_grid_transaction,4,4,2,9,2,0.000,1.00
10.496,3,en_route_pickup,2.940,3.000,-3.000,1.500,joint_grid_transaction,4,4,3,9,3,0.000,1.00
10.496,4,en_route_pickup,4.000,-3.000,0.000,3.500,None,None,0,0,3,4,0.000,1.00
10.496,5,idle,-7.000,-0.000,0.000,0.000,None,None,0,0,0,None,0.000,1.00
10.496,6,idle,7.000,0.000,0.000,0.000,None,None,0,0,0,None,0.000,1.00
10.496,7,idle,-8.500,1.200,0.000,0.000,None,None,0,0,0,None,0.000,1.00
10.496,8,idle,8.500,-1.200,0.000,0.000,None,None,0,0,0,None,0.000,1.00
10.752,1,en_route_pickup,-5.151,2.936,-6.000,3.500,joint_grid_transaction,4,4,2,7,1,0.000,1.00
10.752,2,en_route_pickup,-4.253,-2.238,-1.000,1.500,joint_grid_transaction,4,4,2,9,2,0.000,1.00
10.752,3,en_route_pickup,2.892,3.000,-3.000,1.500,joint_grid_transaction,4,4,3,9,3,0.000,1.00
10.752,4,en_route_pickup,4.000,-3.000,0.000,3.500,None,None,0,0,3,4,0.000,1.00
10.752,5,idle,-7.000,-0.000,0.000,0.000,None,None,0,0,0,None,0.000,1.00
10.752,6,idle,7.000,0.000,0.000,0.000,None,None,0,0,0,None,0.000,1.00
10.752,7,idle,-8.500,1.200,0.000,0.000,None,None,0,0,0,None,0.000,1.00
10.752,8,idle,8.500,-1.200,0.000,0.000,None,None,0,0,0,None,0.000,1.00
11.008,1,en_route_pickup,-5.187,2.937,-6.000,3.500,joint_grid_transaction,4,4,2,7,1,0.000,1.00
11.008,2,en_route_pickup,-4.257,-2.198,-1.000,1.500,joint_grid_transaction,4,4,3,9,2,0.000,1.00
11.008,3,en_route_pickup,2.844,3.000,-3.000,1.500,joint_grid_transaction,4,4,3,9,3,0.000,1.00
11.008,4,en_route_pickup,4.000,-3.000,0.000,3.500,None,None,0,0,3,4,0.000,1.00
11.008,5,idle,-7.000,-0.000,0.000,0.000,None,None,0,0,0,None,0.000,1.00
11.008,6,idle,7.000,0.000,0.000,0.000,None,None,0,0,0,None,0.000,1.00
11.008,7,idle,-8.500,1.200,0.000,0.000,None,None,0,0,0,None,0.000,1.00
11.008,8,idle,8.500,-1.200,0.000,0.000,None,None,0,0,0,None,0.000,1.00
11.264,1,en_route_pickup,-5.221,2.938,-6.000,3.500,joint_grid_transaction,4,4,2,7,1,0.000,1.00
11.264,2,en_route_pickup,-4.260,-2.159,-1.000,1.500,joint_grid_transaction,4,4,3,9,2,0.000,1.00
11.264,3,en_route_pickup,2.796,3.000,-3.000,1.500,joint_grid_transaction,4,4,3,9,3,0.000,1.00
11.264,4,en_route_pickup,4.000,-3.000,0.000,3.500,None,None,0,0,3,4,0.000,1.00
11.264,5,idle,-7.000,-0.000,0.000,0.000,None,None,0,0,0,None,0.000,1.00
11.264,6,idle,7.000,0.000,0.000,0.000,None,None,0,0,0,None,0.000,1.00
11.264,7,idle,-8.500,1.200,0.000,0.000,None,None,0,0,0,None,0.000,1.00
11.264,8,idle,8.500,-1.200,0.000,0.000,None,None,0,0,0,None,0.000,1.00
11.520,1,en_route_pickup,-5.255,2.939,-6.000,3.500,joint_grid_transaction,4,4,2,7,1,0.000,1.00
11.520,2,en_route_pickup,-4.264,-2.120,-1.000,1.500,joint_grid_transaction,4,4,3,9,2,0.000,1.00
11.520,3,en_route_pickup,2.748,3.000,-3.000,1.500,joint_grid_transaction,4,4,3,9,3,0.000,1.00
11.520,4,en_route_pickup,4.000,-3.000,0.000,3.500,None,None,0,0,3,4,0.000,1.00
11.520,5,idle,-7.000,-0.000,0.000,0.000,None,None,0,0,0,None,0.000,1.00
11.520,6,idle,7.000,0.000,0.000,0.000,None,None,0,0,0,None,0.000,1.00
11.520,7,idle,-8.500,1.200,0.000,0.000,None,None,0,0,0,None,0.000,1.00
11.520,8,idle,8.500,-1.200,0.000,0.000,None,None,0,0,0,None,0.000,1.00
11.776,1,en_route_pickup,-5.289,2.942,-6.000,3.500,joint_grid_transaction,4,4,2,7,1,0.000,1.00
11.776,2,en_route_pickup,-4.268,-2.082,-1.000,1.500,joint_grid_transaction,4,4,3,9,2,0.000,1.00
11.776,3,en_route_pickup,2.700,3.000,-3.000,1.500,joint_grid_transaction,4,4,4,9,3,0.000,1.00
11.776,4,en_route_pickup,4.000,-3.000,0.000,3.500,None,None,0,0,3,4,0.000,1.00
11.776,5,idle,-7.000,-0.000,0.000,0.000,None,None,0,0,0,None,0.000,1.00
11.776,6,idle,7.000,0.000,0.000,0.000,None,None,0,0,0,None,0.000,1.00
11.776,7,idle,-8.500,1.200,0.000,0.000,None,None,0,0,0,None,0.000,1.00
11.776,8,idle,8.500,-1.200,0.000,0.000,None,None,0,0,0,None,0.000,1.00
12.032,1,en_route_pickup,-5.333,2.944,-6.000,3.500,joint_grid_transaction,4,4,3,7,1,0.000,1.00
12.032,2,en_route_pickup,-4.271,-2.046,-1.000,1.500,joint_grid_transaction,4,4,3,9,2,0.000,1.00
12.032,3,en_route_pickup,2.652,3.000,-3.000,1.500,joint_grid_transaction,4,4,4,9,3,0.000,1.00
12.032,4,en_route_pickup,4.000,-3.000,0.000,3.500,None,None,0,0,3,4,0.000,1.00
12.032,5,idle,-7.000,-0.000,0.000,0.000,None,None,0,0,0,None,0.000,1.00
12.032,6,idle,7.000,0.000,0.000,0.000,None,None,0,0,0,None,0.000,1.00
12.032,7,idle,-8.500,1.200,0.000,0.000,None,None,0,0,0,None,0.000,1.00
12.032,8,idle,8.500,-1.200,0.000,0.000,None,None,0,0,0,None,0.000,1.00
12.288,1,en_route_pickup,-5.378,2.947,-6.000,3.500,joint_grid_transaction,4,4,3,7,1,0.000,1.00
12.288,2,en_route_pickup,-4.274,-2.010,-1.000,1.500,joint_grid_transaction,4,4,3,9,2,0.000,1.00
12.288,3,en_route_pickup,2.604,3.000,-3.000,1.500,joint_grid_transaction,4,4,4,9,3,0.000,1.00
12.288,4,en_route_pickup,4.000,-3.000,0.000,3.500,None,None,0,0,3,4,0.000,1.00
12.288,5,idle,-7.000,-0.000,0.000,0.000,None,None,0,0,0,None,0.000,1.00
12.288,6,idle,7.000,0.000,0.000,0.000,None,None,0,0,0,None,0.000,1.00
12.288,7,idle,-8.500,1.200,0.000,0.000,None,None,0,0,0,None,0.000,1.00
12.288,8,idle,8.500,-1.200,0.000,0.000,None,None,0,0,0,None,0.000,1.00
12.544,1,en_route_pickup,-5.424,2.951,-6.000,3.500,joint_grid_transaction,5,5,2,6,1,0.000,1.00
12.544,2,en_route_pickup,-4.277,-1.977,-1.000,1.500,joint_grid_transaction,5,5,1,9,2,0.000,1.00
12.544,3,en_route_pickup,2.557,3.000,-3.000,1.500,joint_grid_transaction,5,5,1,8,3,0.000,1.00
12.544,4,en_route_pickup,4.001,-3.000,0.000,3.500,joint_grid_transaction,5,5,1,9,4,0.000,1.00
12.544,5,idle,-7.000,-0.000,0.000,0.000,None,None,0,0,0,None,0.000,1.00
12.544,6,idle,7.000,0.000,0.000,0.000,None,None,0,0,0,None,0.000,1.00
12.544,7,idle,-8.500,1.200,0.000,0.000,None,None,0,0,0,None,0.000,1.00
12.544,8,idle,8.500,-1.200,0.000,0.000,None,None,0,0,0,None,0.000,1.00
12.800,1,en_route_pickup,-5.471,2.957,-6.000,3.500,joint_grid_transaction,5,5,2,6,1,0.000,1.00
12.800,2,en_route_pickup,-4.280,-1.942,-1.000,1.500,joint_grid_transaction,5,5,2,9,2,0.000,1.00
12.800,3,en_route_pickup,2.509,3.000,-3.000,1.500,joint_grid_transaction,5,5,1,8,3,0.000,1.00
12.800,4,en_route_pickup,4.017,-2.995,0.000,3.500,joint_grid_transaction,5,5,1,9,4,0.000,1.00
12.800,5,idle,-7.000,-0.000,0.000,0.000,None,None,0,0,0,None,0.000,1.00
12.800,6,idle,7.000,0.000,0.000,0.000,None,None,0,0,0,None,0.000,1.00
12.800,7,idle,-8.500,1.200,0.000,0.000,None,None,0,0,0,None,0.000,1.00
12.800,8,idle,8.500,-1.200,0.000,0.000,None,None,0,0,0,None,0.000,1.00
13.056,1,en_route_pickup,-5.519,2.963,-6.000,3.500,joint_grid_transaction,5,5,2,6,1,0.000,1.00
13.056,2,en_route_pickup,-4.284,-1.906,-1.000,1.500,joint_grid_transaction,5,5,2,9,2,0.000,1.00
13.056,3,en_route_pickup,2.469,3.000,-3.000,1.500,joint_grid_transaction,5,5,1,8,3,0.000,1.00
13.056,4,en_route_pickup,4.043,-2.977,0.000,3.500,joint_grid_transaction,5,5,2,9,4,0.000,1.00
13.056,5,idle,-7.000,-0.000,0.000,0.000,None,None,0,0,0,None,0.000,1.00
13.056,6,idle,7.000,0.000,0.000,0.000,None,None,0,0,0,None,0.000,1.00
13.056,7,idle,-8.500,1.200,0.000,0.000,None,None,0,0,0,None,0.000,1.00
13.056,8,idle,8.500,-1.200,0.000,0.000,None,None,0,0,0,None,0.000,1.00
13.312,1,en_route_pickup,-5.534,2.965,-6.000,3.500,joint_grid_transaction,5,5,2,6,1,0.000,1.00
13.312,2,en_route_pickup,-4.287,-1.872,-1.000,1.500,joint_grid_transaction,5,5,2,9,2,0.000,1.00
13.312,3,en_route_pickup,2.469,3.000,-3.000,1.500,joint_grid_transaction,5,5,1,8,3,0.000,1.00
13.312,4,en_route_pickup,4.070,-2.950,0.000,3.500,joint_grid_transaction,5,5,2,9,4,0.000,1.00
13.312,5,idle,-7.000,-0.000,0.000,0.000,None,None,0,0,0,None,0.000,1.00
13.312,6,idle,7.000,0.000,0.000,0.000,None,None,0,0,0,None,0.000,1.00
13.312,7,idle,-8.500,1.200,0.000,0.000,None,None,0,0,0,None,0.000,1.00
13.312,8,idle,8.500,-1.200,0.000,0.000,None,None,0,0,0,None,0.000,1.00
13.568,1,en_route_pickup,-5.534,2.965,-6.000,3.500,joint_grid_transaction,5,5,2,6,1,0.000,1.00
13.568,2,en_route_pickup,-4.290,-1.839,-1.000,1.500,joint_grid_transaction,5,5,2,9,2,0.000,1.00
13.568,3,en_route_pickup,2.469,3.000,-3.000,1.500,joint_grid_transaction,5,5,1,8,3,0.000,1.00
13.568,4,en_route_pickup,4.085,-2.926,0.000,3.500,joint_grid_transaction,5,5,2,9,4,0.000,1.00
13.568,5,idle,-7.000,-0.000,0.000,0.000,None,None,0,0,0,None,0.000,1.00
13.568,6,idle,7.000,0.000,0.000,0.000,None,None,0,0,0,None,0.000,1.00
13.568,7,idle,-8.500,1.200,0.000,0.000,None,None,0,0,0,None,0.000,1.00
13.568,8,idle,8.500,-1.200,0.000,0.000,None,None,0,0,0,None,0.000,1.00
13.824,1,en_route_pickup,-5.568,2.970,-6.000,3.500,joint_grid_transaction,6,6,2,5,1,0.000,1.00
13.824,2,en_route_pickup,-4.293,-1.807,-1.000,1.500,joint_grid_transaction,6,6,1,8,2,0.000,1.00
13.824,3,en_route_pickup,2.432,3.000,-3.000,1.500,joint_grid_transaction,6,6,2,9,3,0.000,1.00
13.824,4,en_route_pickup,4.088,-2.918,0.000,3.500,joint_grid_transaction,6,6,2,9,4,0.000,1.00
13.824,5,idle,-7.000,-0.000,0.000,0.000,None,None,0,0,0,None,0.000,1.00
13.824,6,idle,7.000,0.000,0.000,0.000,None,None,0,0,0,None,0.000,1.00
13.824,7,idle,-8.500,1.200,0.000,0.000,None,None,0,0,0,None,0.000,1.00
13.824,8,idle,8.500,-1.200,0.000,0.000,None,None,0,0,0,None,0.000,1.00
14.080,1,en_route_pickup,-5.615,2.976,-6.000,3.500,joint_grid_transaction,6,6,2,5,1,0.000,1.00
14.080,2,en_route_pickup,-4.295,-1.777,-1.000,1.500,joint_grid_transaction,6,6,1,8,2,0.000,1.00
14.080,3,en_route_pickup,2.384,3.000,-3.000,1.500,joint_grid_transaction,6,6,2,9,3,0.000,1.00
14.080,4,en_route_pickup,4.090,-2.927,0.000,3.500,joint_grid_transaction,6,6,2,9,4,0.000,1.00
14.080,5,idle,-7.000,-0.000,0.000,0.000,None,None,0,0,0,None,0.000,1.00
14.080,6,idle,7.000,0.000,0.000,0.000,None,None,0,0,0,None,0.000,1.00
14.080,7,idle,-8.500,1.200,0.000,0.000,None,None,0,0,0,None,0.000,1.00
14.080,8,idle,8.500,-1.200,0.000,0.000,None,None,0,0,0,None,0.000,1.00
14.336,1,en_route_pickup,-5.662,2.981,-6.000,3.500,joint_grid_transaction,6,6,2,5,1,0.000,1.00
14.336,2,en_route_pickup,-4.298,-1.748,-1.000,1.500,joint_grid_transaction,6,6,1,8,2,0.000,1.00
14.336,3,en_route_pickup,2.336,3.000,-3.000,1.500,joint_grid_transaction,6,6,2,9,3,0.000,1.00
14.336,4,en_route_pickup,4.102,-2.915,0.000,3.500,joint_grid_transaction,6,6,2,9,4,0.000,1.00
14.336,5,idle,-7.000,-0.000,0.000,0.000,None,None,0,0,0,None,0.000,1.00
14.336,6,idle,7.000,0.000,0.000,0.000,None,None,0,0,0,None,0.000,1.00
14.336,7,idle,-8.500,1.200,0.000,0.000,None,None,0,0,0,None,0.000,1.00
14.336,8,idle,8.500,-1.200,0.000,0.000,None,None,0,0,0,None,0.000,1.00
14.592,1,en_route_delivery,-5.707,2.985,-3.000,-1.500,joint_grid_transaction,6,6,2,3,1,0.000,1.00
14.592,2,en_route_pickup,-4.300,-1.724,-1.000,1.500,joint_grid_transaction,6,6,1,8,2,0.000,1.00
14.592,3,en_route_pickup,2.288,3.000,-3.000,1.500,joint_grid_transaction,6,6,2,9,3,0.000,1.00
14.592,4,en_route_pickup,4.103,-2.913,0.000,3.500,joint_grid_transaction,6,6,2,9,4,0.000,1.00
14.592,5,idle,-7.000,-0.000,0.000,0.000,None,None,0,0,0,None,0.000,1.00
14.592,6,idle,7.000,0.000,0.000,0.000,None,None,0,0,0,None,0.000,1.00
14.592,7,idle,-8.500,1.200,0.000,0.000,None,None,0,0,0,None,0.000,1.00
14.592,8,idle,8.500,-1.200,0.000,0.000,None,None,0,0,0,None,0.000,1.00
14.848,1,en_route_delivery,-5.751,2.990,-3.000,-1.500,joint_grid_transaction,6,6,2,3,1,0.000,1.00
14.848,2,en_route_pickup,-4.301,-1.709,-1.000,1.500,joint_grid_transaction,6,6,1,8,2,0.000,1.00
14.848,3,en_route_pickup,2.240,3.000,-3.000,1.500,joint_grid_transaction,6,6,2,9,3,0.000,1.00
14.848,4,en_route_pickup,4.106,-2.908,0.000,3.500,joint_grid_transaction,6,6,2,9,4,0.000,1.00
14.848,5,idle,-7.000,-0.000,0.000,0.000,None,None,0,0,0,None,0.000,1.00
14.848,6,idle,7.000,0.000,0.000,0.000,None,None,0,0,0,None,0.000,1.00
14.848,7,idle,-8.500,1.200,0.000,0.000,None,None,0,0,0,None,0.000,1.00
14.848,8,idle,8.500,-1.200,0.000,0.000,None,None,0,0,0,None,0.000,1.00
15.104,1,en_route_delivery,-5.783,2.994,-3.000,-1.500,joint_grid_transaction,6,6,3,3,1,0.000,1.00
15.104,2,en_route_pickup,-4.303,-1.676,-1.000,1.500,joint_grid_transaction,6,6,2,8,2,0.000,1.00
15.104,3,en_route_pickup,2.192,3.000,-3.000,1.500,joint_grid_transaction,6,6,3,9,3,0.000,1.00
15.104,4,en_route_pickup,4.127,-2.866,0.000,3.500,joint_grid_transaction,6,6,3,9,4,0.000,1.00
15.104,5,idle,-7.000,-0.000,0.000,0.000,None,None,0,0,0,None,0.000,1.00
15.104,6,idle,7.000,0.000,0.000,0.000,None,None,0,0,0,None,0.000,1.00
15.104,7,idle,-8.500,1.200,0.000,0.000,None,None,0,0,0,None,0.000,1.00
15.104,8,idle,8.500,-1.200,0.000,0.000,None,None,0,0,0,None,0.000,1.00
15.360,1,en_route_delivery,-5.763,3.001,-3.000,-1.500,joint_grid_transaction,7,7,1,9,1,0.000,1.00
15.360,2,en_route_pickup,-4.305,-1.644,-1.000,1.500,joint_grid_transaction,7,7,2,9,2,0.000,1.00
15.360,3,en_route_pickup,2.144,3.000,-3.000,1.500,joint_grid_transaction,7,7,2,9,3,0.000,1.00
15.360,4,en_route_pickup,4.128,-2.865,0.000,3.500,joint_grid_transaction,7,7,1,8,4,0.000,1.00
15.360,5,idle,-7.000,-0.000,0.000,0.000,None,None,0,0,0,None,0.000,1.00
15.360,6,idle,7.000,0.000,0.000,0.000,None,None,0,0,0,None,0.000,1.00
15.360,7,idle,-8.500,1.200,0.000,0.000,None,None,0,0,0,None,0.000,1.00
15.360,8,idle,8.500,-1.200,0.000,0.000,None,None,0,0,0,None,0.000,1.00
15.616,1,en_route_delivery,-5.736,3.022,-3.000,-1.500,joint_grid_transaction,7,7,1,9,1,0.000,1.00
15.616,2,en_route_pickup,-4.307,-1.612,-1.000,1.500,joint_grid_transaction,7,7,2,9,2,0.000,1.00
15.616,3,en_route_pickup,2.096,3.000,-3.000,1.500,joint_grid_transaction,7,7,2,9,3,0.000,1.00
15.616,4,en_route_pickup,4.128,-2.865,0.000,3.500,joint_grid_transaction,7,7,1,8,4,0.000,1.00
15.616,5,idle,-7.000,-0.000,0.000,0.000,None,None,0,0,0,None,0.000,1.00
15.616,6,idle,7.000,0.000,0.000,0.000,None,None,0,0,0,None,0.000,1.00
15.616,7,idle,-8.500,1.200,0.000,0.000,None,None,0,0,0,None,0.000,1.00
15.616,8,idle,8.500,-1.200,0.000,0.000,None,None,0,0,0,None,0.000,1.00
15.872,1,en_route_delivery,-5.711,3.049,-3.000,-1.500,joint_grid_transaction,7,7,2,9,1,0.000,1.00
15.872,2,en_route_pickup,-4.310,-1.582,-1.000,1.500,joint_grid_transaction,7,7,2,9,2,0.000,1.00
15.872,3,en_route_pickup,2.049,3.000,-3.000,1.500,joint_grid_transaction,7,7,2,9,3,0.000,1.00
15.872,4,en_route_pickup,4.128,-2.865,0.000,3.500,joint_grid_transaction,7,7,1,8,4,0.000,1.00
15.872,5,idle,-7.000,-0.000,0.000,0.000,None,None,0,0,0,None,0.000,1.00
15.872,6,idle,7.000,0.000,0.000,0.000,None,None,0,0,0,None,0.000,1.00
15.872,7,idle,-8.500,1.200,0.000,0.000,None,None,0,0,0,None,0.000,1.00
15.872,8,idle,8.500,-1.200,0.000,0.000,None,None,0,0,0,None,0.000,1.00
16.128,1,en_route_delivery,-5.699,3.071,-3.000,-1.500,joint_grid_transaction,7,7,2,9,1,0.000,1.00
16.128,2,en_route_pickup,-4.312,-1.553,-1.000,1.500,joint_grid_transaction,7,7,2,9,2,0.000,1.00
16.128,3,en_route_pickup,2.001,3.000,-3.000,1.500,joint_grid_transaction,7,7,2,9,3,0.000,1.00
16.128,4,en_route_pickup,4.128,-2.865,0.000,3.500,joint_grid_transaction,7,7,1,8,4,0.000,1.00
16.128,5,idle,-7.000,-0.000,0.000,0.000,None,None,0,0,0,None,0.000,1.00
16.128,6,idle,7.000,0.000,0.000,0.000,None,None,0,0,0,None,0.000,1.00
16.128,7,idle,-8.500,1.200,0.000,0.000,None,None,0,0,0,None,0.000,1.00
16.128,8,idle,8.500,-1.200,0.000,0.000,None,None,0,0,0,None,0.000,1.00
16.384,1,en_route_delivery,-5.697,3.073,-3.000,-1.500,joint_grid_transaction,7,7,2,9,1,0.000,1.00
16.384,2,en_route_pickup,-4.314,-1.526,-1.000,1.500,joint_grid_transaction,7,7,2,9,2,0.000,1.00
16.384,3,en_route_pickup,1.953,3.000,-3.000,1.500,joint_grid_transaction,7,7,3,9,3,0.000,1.00
16.384,4,en_route_pickup,4.132,-2.856,0.000,3.500,joint_grid_transaction,7,7,2,8,4,0.000,1.00
16.384,5,idle,-7.000,-0.000,0.000,0.000,None,None,0,0,0,None,0.000,1.00
16.384,6,idle,7.000,0.000,0.000,0.000,None,None,0,0,0,None,0.000,1.00
16.384,7,idle,-8.500,1.200,0.000,0.000,None,None,0,0,0,None,0.000,1.00
16.384,8,idle,8.500,-1.200,0.000,0.000,None,None,0,0,0,None,0.000,1.00
16.640,1,en_route_delivery,-5.689,3.053,-3.000,-1.500,joint_grid_transaction,7,7,2,9,1,0.000,1.00
16.640,2,en_route_pickup,-4.315,-1.505,-1.000,1.500,joint_grid_transaction,7,7,2,9,2,0.000,1.00
16.640,3,en_route_pickup,1.905,3.000,-3.000,1.500,joint_grid_transaction,7,7,3,9,3,0.000,1.00
16.640,4,en_route_pickup,4.152,-2.813,0.000,3.500,joint_grid_transaction,7,7,2,8,4,0.000,1.00
16.640,5,idle,-7.000,-0.000,0.000,0.000,None,None,0,0,0,None,0.000,1.00
16.640,6,idle,7.000,0.000,0.000,0.000,None,None,0,0,0,None,0.000,1.00
16.640,7,idle,-8.500,1.200,0.000,0.000,None,None,0,0,0,None,0.000,1.00
16.640,8,idle,8.500,-1.200,0.000,0.000,None,None,0,0,0,None,0.000,1.00
16.896,1,en_route_delivery,-5.668,3.026,-3.000,-1.500,joint_grid_transaction,7,7,2,9,1,0.000,1.00
16.896,2,en_route_pickup,-4.315,-1.483,-1.000,1.500,joint_grid_transaction,7,7,2,9,2,0.000,1.00
16.896,3,en_route_pickup,1.857,3.000,-3.000,1.500,joint_grid_transaction,7,7,3,9,3,0.000,1.00
16.896,4,en_route_pickup,4.169,-2.768,0.000,3.500,joint_grid_transaction,7,7,2,8,4,0.000,1.00
16.896,5,idle,-7.000,-0.000,0.000,0.000,None,None,0,0,0,None,0.000,1.00
16.896,6,idle,7.000,0.000,0.000,0.000,None,None,0,0,0,None,0.000,1.00
16.896,7,idle,-8.500,1.200,0.000,0.000,None,None,0,0,0,None,0.000,1.00
16.896,8,idle,8.500,-1.200,0.000,0.000,None,None,0,0,0,None,0.000,1.00
17.152,1,en_route_delivery,-5.644,3.003,-3.000,-1.500,joint_grid_transaction,7,7,2,9,1,0.000,1.00
17.152,2,en_route_pickup,-4.315,-1.462,-1.000,1.500,joint_grid_transaction,7,7,2,9,2,0.000,1.00
17.152,3,en_route_pickup,1.809,3.000,-3.000,1.500,joint_grid_transaction,7,7,3,9,3,0.000,1.00
17.152,4,en_route_pickup,4.185,-2.724,0.000,3.500,joint_grid_transaction,7,7,2,8,4,0.000,1.00
17.152,5,idle,-7.000,-0.000,0.000,0.000,None,None,0,0,0,None,0.000,1.00
17.152,6,idle,7.000,0.000,0.000,0.000,None,None,0,0,0,None,0.000,1.00
17.152,7,idle,-8.500,1.200,0.000,0.000,None,None,0,0,0,None,0.000,1.00
17.152,8,idle,8.500,-1.200,0.000,0.000,None,None,0,0,0,None,0.000,1.00
17.408,1,en_route_delivery,-5.629,2.994,-3.000,-1.500,joint_grid_transaction,7,7,2,9,1,0.000,1.00
17.408,2,en_route_pickup,-4.315,-1.426,-1.000,1.500,joint_grid_transaction,7,7,3,9,2,0.000,1.00
17.408,3,en_route_pickup,1.761,3.000,-3.000,1.500,joint_grid_transaction,7,7,3,9,3,0.000,1.00
17.408,4,en_route_pickup,4.189,-2.709,0.000,3.500,joint_grid_transaction,7,7,2,8,4,0.000,1.00
17.408,5,idle,-7.000,-0.000,0.000,0.000,None,None,0,0,0,None,0.000,1.00
17.408,6,idle,7.000,0.000,0.000,0.000,None,None,0,0,0,None,0.000,1.00
17.408,7,idle,-8.500,1.200,0.000,0.000,None,None,0,0,0,None,0.000,1.00
17.408,8,idle,8.500,-1.200,0.000,0.000,None,None,0,0,0,None,0.000,1.00
17.664,1,en_route_delivery,-5.610,2.996,-3.000,-1.500,joint_grid_transaction,7,7,2,9,1,0.000,1.00
17.664,2,en_route_pickup,-4.315,-1.389,-1.000,1.500,joint_grid_transaction,7,7,3,9,2,0.000,1.00
17.664,3,en_route_pickup,1.714,3.000,-3.000,1.500,joint_grid_transaction,7,7,3,9,3,0.000,1.00
17.664,4,en_route_pickup,4.197,-2.688,0.000,3.500,joint_grid_transaction,7,7,3,8,4,0.000,1.00
17.664,5,idle,-7.000,-0.000,0.000,0.000,None,None,0,0,0,None,0.000,1.00
17.664,6,idle,7.000,0.000,0.000,0.000,None,None,0,0,0,None,0.000,1.00
17.664,7,idle,-8.500,1.200,0.000,0.000,None,None,0,0,0,None,0.000,1.00
17.664,8,idle,8.500,-1.200,0.000,0.000,None,None,0,0,0,None,0.000,1.00
17.920,1,en_route_delivery,-5.564,3.007,-3.000,-1.500,joint_grid_transaction,7,7,2,9,1,0.000,1.00
17.920,2,en_route_pickup,-4.315,-1.353,-1.000,1.500,joint_grid_transaction,7,7,3,9,2,0.000,1.00
17.920,3,en_route_pickup,1.666,3.000,-3.000,1.500,joint_grid_transaction,7,7,4,9,3,0.000,1.00
17.920,4,en_route_pickup,4.209,-2.642,0.000,3.500,joint_grid_transaction,7,7,3,8,4,0.000,1.00
17.920,5,idle,-7.000,-0.000,0.000,0.000,None,None,0,0,0,None,0.000,1.00
17.920,6,idle,7.000,0.000,0.000,0.000,None,None,0,0,0,None,0.000,1.00
17.920,7,idle,-8.500,1.200,0.000,0.000,None,None,0,0,0,None,0.000,1.00
17.920,8,idle,8.500,-1.200,0.000,0.000,None,None,0,0,0,None,0.000,1.00
18.176,1,en_route_delivery,-5.518,3.013,-3.000,-1.500,joint_grid_transaction,7,7,2,9,1,0.000,1.00
18.176,2,en_route_pickup,-4.314,-1.319,-1.000,1.500,joint_grid_transaction,7,7,3,9,2,0.000,1.00
18.176,3,en_route_pickup,1.618,3.000,-3.000,1.500,joint_grid_transaction,7,7,4,9,3,0.000,1.00
18.176,4,en_route_pickup,4.218,-2.595,0.000,3.500,joint_grid_transaction,7,7,3,8,4,0.000,1.00
18.176,5,idle,-7.000,-0.000,0.000,0.000,None,None,0,0,0,None,0.000,1.00
18.176,6,idle,7.000,0.000,0.000,0.000,None,None,0,0,0,None,0.000,1.00
18.176,7,idle,-8.500,1.200,0.000,0.000,None,None,0,0,0,None,0.000,1.00
18.176,8,idle,8.500,-1.200,0.000,0.000,None,None,0,0,0,None,0.000,1.00
18.432,1,en_route_delivery,-5.475,3.016,-3.000,-1.500,joint_grid_transaction,7,7,2,9,1,0.000,1.00
18.432,2,en_route_pickup,-4.314,-1.285,-1.000,1.500,joint_grid_transaction,7,7,3,9,2,0.000,1.00
18.432,3,en_route_pickup,1.570,3.000,-3.000,1.500,joint_grid_transaction,7,7,4,9,3,0.000,1.00
18.432,4,en_route_pickup,4.226,-2.548,0.000,3.500,joint_grid_transaction,7,7,3,8,4,0.000,1.00
18.432,5,idle,-7.000,-0.000,0.000,0.000,None,None,0,0,0,None,0.000,1.00
18.432,6,idle,7.000,0.000,0.000,0.000,None,None,0,0,0,None,0.000,1.00
18.432,7,idle,-8.500,1.200,0.000,0.000,None,None,0,0,0,None,0.000,1.00
18.432,8,idle,8.500,-1.200,0.000,0.000,None,None,0,0,0,None,0.000,1.00
18.688,1,en_route_delivery,-5.436,3.018,-3.000,-1.500,joint_grid_transaction,7,7,3,9,1,0.000,1.00
18.688,2,en_route_pickup,-4.313,-1.252,-1.000,1.500,joint_grid_transaction,7,7,3,9,2,0.000,1.00
18.688,3,en_route_pickup,1.522,3.000,-3.000,1.500,joint_grid_transaction,7,7,4,9,3,0.000,1.00
18.688,4,en_route_pickup,4.232,-2.501,0.000,3.500,joint_grid_transaction,7,7,3,8,4,0.000,1.00
18.688,5,idle,-7.000,-0.000,0.000,0.000,None,None,0,0,0,None,0.000,1.00
18.688,6,idle,7.000,0.000,0.000,0.000,None,None,0,0,0,None,0.000,1.00
18.688,7,idle,-8.500,1.200,0.000,0.000,None,None,0,0,0,None,0.000,1.00
18.688,8,idle,8.500,-1.200,0.000,0.000,None,None,0,0,0,None,0.000,1.00
18.944,1,en_route_delivery,-5.396,3.021,-3.000,-1.500,joint_grid_transaction,7,7,3,9,1,0.000,1.00
18.944,2,en_route_pickup,-4.312,-1.221,-1.000,1.500,joint_grid_transaction,7,7,3,9,2,0.000,1.00
18.944,3,en_route_pickup,1.474,3.000,-3.000,1.500,joint_grid_transaction,7,7,4,9,3,0.000,1.00
18.944,4,en_route_pickup,4.236,-2.454,0.000,3.500,joint_grid_transaction,7,7,4,8,4,0.000,1.00
18.944,5,idle,-7.000,-0.000,0.000,0.000,None,None,0,0,0,None,0.000,1.00
18.944,6,idle,7.000,0.000,0.000,0.000,None,None,0,0,0,None,0.000,1.00
18.944,7,idle,-8.500,1.200,0.000,0.000,None,None,0,0,0,None,0.000,1.00
18.944,8,idle,8.500,-1.200,0.000,0.000,None,None,0,0,0,None,0.000,1.00
19.200,1,en_route_delivery,-5.358,3.023,-3.000,-1.500,joint_grid_transaction,8,7,3,9,1,0.000,1.00
19.200,2,en_route_pickup,-4.310,-1.183,-1.000,1.500,joint_grid_transaction,8,7,4,9,2,0.000,1.00
19.200,3,en_route_pickup,1.426,3.000,-3.000,1.500,joint_grid_transaction,8,7,5,9,3,0.000,1.00
19.200,4,en_route_pickup,4.241,-2.411,0.000,3.500,joint_grid_transaction,8,7,4,9,4,0.000,1.00
19.200,5,idle,-7.000,-0.000,0.000,0.000,None,None,0,0,0,None,0.000,1.00
19.200,6,idle,7.000,0.000,0.000,0.000,None,None,0,0,0,None,0.000,1.00
19.200,7,idle,-8.500,1.200,0.000,0.000,None,None,0,0,0,None,0.000,1.00
19.200,8,idle,8.500,-1.200,0.000,0.000,None,None,0,0,0,None,0.000,1.00
19.456,1,en_route_delivery,-5.320,3.026,-3.000,-1.500,joint_grid_transaction,8,8,2,9,1,0.000,1.00
19.456,2,en_route_pickup,-4.308,-1.141,-1.000,1.500,joint_grid_transaction,8,8,2,9,2,0.000,1.00
19.456,3,en_route_pickup,1.378,3.000,-3.000,1.500,joint_grid_transaction,8,8,2,9,3,0.000,1.00
19.456,4,en_route_pickup,4.245,-2.369,0.000,3.500,joint_grid_transaction,8,8,2,9,4,0.000,1.00
19.456,5,idle,-7.000,-0.000,0.000,0.000,None,None,0,0,0,None,0.000,1.00
19.456,6,idle,7.000,0.000,0.000,0.000,None,None,0,0,0,None,0.000,1.00
19.456,7,idle,-8.500,1.200,0.000,0.000,None,None,0,0,0,None,0.000,1.00
19.456,8,idle,8.500,-1.200,0.000,0.000,None,None,0,0,0,None,0.000,1.00
19.712,1,en_route_delivery,-5.284,3.028,-3.000,-1.500,joint_grid_transaction,8,8,2,9,1,0.000,1.00
19.712,2,en_route_pickup,-4.305,-1.098,-1.000,1.500,joint_grid_transaction,8,8,2,9,2,0.000,1.00
19.712,3,en_route_pickup,1.331,3.000,-3.000,1.500,joint_grid_transaction,8,8,2,9,3,0.000,1.00
19.712,4,en_route_pickup,4.248,-2.327,0.000,3.500,joint_grid_transaction,8,8,2,9,4,0.000,1.00
19.712,5,idle,-7.000,-0.000,0.000,0.000,None,None,0,0,0,None,0.000,1.00
19.712,6,idle,7.000,0.000,0.000,0.000,None,None,0,0,0,None,0.000,1.00
19.712,7,idle,-8.500,1.200,0.000,0.000,None,None,0,0,0,None,0.000,1.00
19.712,8,idle,8.500,-1.200,0.000,0.000,None,None,0,0,0,None,0.000,1.00
19.968,1,en_route_delivery,-5.249,3.030,-3.000,-1.500,joint_grid_transaction,8,8,2,9,1,0.000,1.00
19.968,2,en_route_pickup,-4.301,-1.054,-1.000,1.500,joint_grid_transaction,8,8,2,9,2,0.000,1.00
19.968,3,en_route_pickup,1.283,3.000,-3.000,1.500,joint_grid_transaction,8,8,2,9,3,0.000,1.00
19.968,4,en_route_pickup,4.252,-2.286,0.000,3.500,joint_grid_transaction,8,8,2,9,4,0.000,1.00
19.968,5,idle,-7.000,-0.000,0.000,0.000,None,None,0,0,0,None,0.000,1.00
19.968,6,idle,7.000,0.000,0.000,0.000,None,None,0,0,0,None,0.000,1.00
19.968,7,idle,-8.500,1.200,0.000,0.000,None,None,0,0,0,None,0.000,1.00
19.968,8,idle,8.500,-1.200,0.000,0.000,None,None,0,0,0,None,0.000,1.00
20.224,1,en_route_delivery,-5.218,3.032,-3.000,-1.500,joint_grid_transaction,8,8,2,9,1,0.000,1.00
20.224,2,en_route_pickup,-4.297,-1.007,-1.000,1.500,joint_grid_transaction,8,8,2,9,2,0.000,1.00
20.224,3,en_route_pickup,1.235,3.000,-3.000,1.500,joint_grid_transaction,8,8,2,9,3,0.000,1.00
20.224,4,en_route_pickup,4.256,-2.246,0.000,3.500,joint_grid_transaction,8,8,2,9,4,0.000,1.00
20.224,5,idle,-7.000,-0.000,0.000,0.000,None,None,0,0,0,None,0.000,1.00
20.224,6,idle,7.000,0.000,0.000,0.000,None,None,0,0,0,None,0.000,1.00
20.224,7,idle,-8.500,1.200,0.000,0.000,None,None,0,0,0,None,0.000,1.00
20.224,8,idle,8.500,-1.200,0.000,0.000,None,None,0,0,0,None,0.000,1.00
20.480,1,en_route_delivery,-5.197,3.034,-3.000,-1.500,joint_grid_transaction,8,8,3,9,1,0.000,1.00
20.480,2,en_route_pickup,-4.291,-0.960,-1.000,1.500,joint_grid_transaction,8,8,2,9,2,0.000,1.00
20.480,3,en_route_pickup,1.192,3.000,-3.000,1.500,joint_grid_transaction,8,8,3,9,3,0.000,1.00
20.480,4,en_route_pickup,4.259,-2.207,0.000,3.500,joint_grid_transaction,8,8,2,9,4,0.000,1.00
20.480,5,idle,-7.000,-0.000,0.000,0.000,None,None,0,0,0,None,0.000,1.00
20.480,6,idle,7.000,0.000,0.000,0.000,None,None,0,0,0,None,0.000,1.00
20.480,7,idle,-8.500,1.200,0.000,0.000,None,None,0,0,0,None,0.000,1.00
20.480,8,idle,8.500,-1.200,0.000,0.000,None,None,0,0,0,None,0.000,1.00
20.736,1,en_route_delivery,-5.161,3.037,-3.000,-1.500,joint_grid_transaction,8,8,3,9,1,0.000,1.00
20.736,2,en_route_pickup,-4.285,-0.914,-1.000,1.500,joint_grid_transaction,8,8,3,9,2,0.000,1.00
20.736,3,en_route_pickup,1.144,3.000,-3.000,1.500,joint_grid_transaction,8,8,3,9,3,0.000,1.00
20.736,4,en_route_pickup,4.263,-2.168,0.000,3.500,joint_grid_transaction,8,8,3,9,4,0.000,1.00
20.736,5,idle,-7.000,-0.000,0.000,0.000,None,None,0,0,0,None,0.000,1.00
20.736,6,idle,7.000,0.000,0.000,0.000,None,None,0,0,0,None,0.000,1.00
20.736,7,idle,-8.500,1.200,0.000,0.000,None,None,0,0,0,None,0.000,1.00
20.736,8,idle,8.500,-1.200,0.000,0.000,None,None,0,0,0,None,0.000,1.00
20.992,1,en_route_delivery,-5.125,3.039,-3.000,-1.500,joint_grid_transaction,8,8,3,9,1,0.000,1.00
20.992,2,en_route_pickup,-4.279,-0.866,-1.000,1.500,joint_grid_transaction,8,8,3,9,2,0.000,1.00
20.992,3,en_route_pickup,1.096,3.000,-3.000,1.500,joint_grid_transaction,8,8,3,9,3,0.000,1.00
20.992,4,en_route_pickup,4.267,-2.130,0.000,3.500,joint_grid_transaction,8,8,3,9,4,0.000,1.00
20.992,5,idle,-7.000,-0.000,0.000,0.000,None,None,0,0,0,None,0.000,1.00
20.992,6,idle,7.000,0.000,0.000,0.000,None,None,0,0,0,None,0.000,1.00
20.992,7,idle,-8.500,1.200,0.000,0.000,None,None,0,0,0,None,0.000,1.00
20.992,8,idle,8.500,-1.200,0.000,0.000,None,None,0,0,0,None,0.000,1.00
21.248,1,en_route_delivery,-5.091,3.042,-3.000,-1.500,joint_grid_transaction,8,8,3,9,1,0.000,1.00
21.248,2,en_route_pickup,-4.274,-0.820,-1.000,1.500,joint_grid_transaction,8,8,3,9,2,0.000,1.00
21.248,3,en_route_pickup,1.048,3.000,-3.000,1.500,joint_grid_transaction,8,8,3,9,3,0.000,1.00
21.248,4,en_route_pickup,4.270,-2.092,0.000,3.500,joint_grid_transaction,8,8,3,9,4,0.000,1.00
21.248,5,idle,-7.000,-0.000,0.000,0.000,None,None,0,0,0,None,0.000,1.00
21.248,6,idle,7.000,0.000,0.000,0.000,None,None,0,0,0,None,0.000,1.00
21.248,7,idle,-8.500,1.200,0.000,0.000,None,None,0,0,0,None,0.000,1.00
21.248,8,idle,8.500,-1.200,0.000,0.000,None,None,0,0,0,None,0.000,1.00
21.504,1,en_route_delivery,-5.058,3.044,-3.000,-1.500,joint_grid_transaction,8,8,3,9,1,0.000,1.00
21.504,2,en_route_pickup,-4.270,-0.774,-1.000,1.500,joint_grid_transaction,8,8,3,9,2,0.000,1.00
21.504,3,en_route_pickup,1.000,3.000,-3.000,1.500,joint_grid_transaction,8,8,3,9,3,0.000,1.00
21.504,4,en_route_pickup,4.273,-2.056,0.000,3.500,joint_grid_transaction,8,8,3,9,4,0.000,1.00
21.504,5,idle,-7.000,-0.000,0.000,0.000,None,None,0,0,0,None,0.000,1.00
21.504,6,idle,7.000,0.000,0.000,0.000,None,None,0,0,0,None,0.000,1.00
21.504,7,idle,-8.500,1.200,0.000,0.000,None,None,0,0,0,None,0.000,1.00
21.504,8,idle,8.500,-1.200,0.000,0.000,None,None,0,0,0,None,0.000,1.00
21.760,1,en_route_delivery,-5.027,3.046,-3.000,-1.500,joint_grid_transaction,8,8,3,9,1,0.000,1.00
21.760,2,en_route_pickup,-4.265,-0.729,-1.000,1.500,joint_grid_transaction,8,8,3,9,2,0.000,1.00
21.760,3,en_route_pickup,0.953,3.000,-3.000,1.500,joint_grid_transaction,8,8,3,9,3,0.000,1.00
21.760,4,en_route_pickup,4.276,-2.021,0.000,3.500,joint_grid_transaction,8,8,3,9,4,0.000,1.00
21.760,5,idle,-7.000,-0.000,0.000,0.000,None,None,0,0,0,None,0.000,1.00
21.760,6,idle,7.000,0.000,0.000,0.000,None,None,0,0,0,None,0.000,1.00
21.760,7,idle,-8.500,1.200,0.000,0.000,None,None,0,0,0,None,0.000,1.00
21.760,8,idle,8.500,-1.200,0.000,0.000,None,None,0,0,0,None,0.000,1.00
22.016,1,en_route_delivery,-4.998,3.048,-3.000,-1.500,joint_grid_transaction,8,8,3,9,1,0.000,1.00
22.016,2,en_route_pickup,-4.261,-0.685,-1.000,1.500,joint_grid_transaction,8,8,4,9,2,0.000,1.00
22.016,3,en_route_pickup,0.905,3.000,-3.000,1.500,joint_grid_transaction,8,8,4,9,3,0.000,1.00
22.016,4,en_route_pickup,4.279,-1.988,0.000,3.500,joint_grid_transaction,8,8,3,9,4,0.000,1.00
22.016,5,idle,-7.000,-0.000,0.000,0.000,None,None,0,0,0,None,0.000,1.00
22.016,6,idle,7.000,0.000,0.000,0.000,None,None,0,0,0,None,0.000,1.00
22.016,7,idle,-8.500,1.200,0.000,0.000,None,None,0,0,0,None,0.000,1.00
22.016,8,idle,8.500,-1.200,0.000,0.000,None,None,0,0,0,None,0.000,1.00
22.272,1,en_route_delivery,-4.971,3.050,-3.000,-1.500,joint_grid_transaction,8,8,3,9,1,0.000,1.00
22.272,2,en_route_pickup,-4.257,-0.643,-1.000,1.500,joint_grid_transaction,8,8,4,9,2,0.000,1.00
22.272,3,en_route_pickup,0.857,3.000,-3.000,1.500,joint_grid_transaction,8,8,4,9,3,0.000,1.00
22.272,4,en_route_pickup,4.282,-1.955,0.000,3.500,joint_grid_transaction,8,8,4,9,4,0.000,1.00
22.272,5,idle,-7.000,-0.000,0.000,0.000,None,None,0,0,0,None,0.000,1.00
22.272,6,idle,7.000,0.000,0.000,0.000,None,None,0,0,0,None,0.000,1.00
22.272,7,idle,-8.500,1.200,0.000,0.000,None,None,0,0,0,None,0.000,1.00
22.272,8,idle,8.500,-1.200,0.000,0.000,None,None,0,0,0,None,0.000,1.00
22.528,1,en_route_delivery,-4.941,3.052,-3.000,-1.500,joint_grid_transaction,8,8,4,9,1,0.000,1.00
22.528,2,en_route_pickup,-4.253,-0.602,-1.000,1.500,joint_grid_transaction,8,8,4,9,2,0.000,1.00
22.528,3,en_route_pickup,0.809,3.000,-3.000,1.500,joint_grid_transaction,8,8,4,9,3,0.000,1.00
22.528,4,en_route_pickup,4.286,-1.920,0.000,3.500,joint_grid_transaction,8,8,4,9,4,0.000,1.00
22.528,5,idle,-7.000,-0.000,0.000,0.000,None,None,0,0,0,None,0.000,1.00
22.528,6,idle,7.000,0.000,0.000,0.000,None,None,0,0,0,None,0.000,1.00
22.528,7,idle,-8.500,1.200,0.000,0.000,None,None,0,0,0,None,0.000,1.00
22.528,8,idle,8.500,-1.200,0.000,0.000,None,None,0,0,0,None,0.000,1.00
22.784,1,en_route_delivery,-4.907,3.055,-3.000,-1.500,joint_grid_transaction,8,8,4,9,1,0.000,1.00
22.784,2,en_route_pickup,-4.249,-0.561,-1.000,1.500,joint_grid_transaction,8,8,4,9,2,0.000,1.00
22.784,3,en_route_pickup,0.761,3.000,-3.000,1.500,joint_grid_transaction,8,8,4,9,3,0.000,1.00
22.784,4,en_route_pickup,4.289,-1.886,0.000,3.500,joint_grid_transaction,8,8,4,9,4,0.000,1.00
22.784,5,idle,-7.000,-0.000,0.000,0.000,None,None,0,0,0,None,0.000,1.00
22.784,6,idle,7.000,0.000,0.000,0.000,None,None,0,0,0,None,0.000,1.00
22.784,7,idle,-8.500,1.200,0.000,0.000,None,None,0,0,0,None,0.000,1.00
22.784,8,idle,8.500,-1.200,0.000,0.000,None,None,0,0,0,None,0.000,1.00
23.040,1,en_route_delivery,-4.875,3.057,-3.000,-1.500,joint_grid_transaction,8,8,4,9,1,0.000,1.00
23.040,2,en_route_pickup,-4.245,-0.521,-1.000,1.500,joint_grid_transaction,8,8,4,9,2,0.000,1.00
23.040,3,en_route_pickup,0.713,3.000,-3.000,1.500,joint_grid_transaction,8,8,4,9,3,0.000,1.00
23.040,4,en_route_pickup,4.292,-1.853,0.000,3.500,joint_grid_transaction,8,8,4,9,4,0.000,1.00
23.040,5,idle,-7.000,-0.000,0.000,0.000,None,None,0,0,0,None,0.000,1.00
23.040,6,idle,7.000,0.000,0.000,0.000,None,None,0,0,0,None,0.000,1.00
23.040,7,idle,-8.500,1.200,0.000,0.000,None,None,0,0,0,None,0.000,1.00
23.040,8,idle,8.500,-1.200,0.000,0.000,None,None,0,0,0,None,0.000,1.00
23.296,1,en_route_delivery,-4.845,3.059,-3.000,-1.500,joint_grid_transaction,9,9,2,9,1,0.000,1.00
23.296,2,en_route_pickup,-4.241,-0.482,-1.000,1.500,joint_grid_transaction,9,9,1,9,2,0.000,1.00
23.296,3,en_route_pickup,0.665,3.000,-3.000,1.500,joint_grid_transaction,9,9,2,9,3,0.000,1.00
23.296,4,en_route_pickup,4.295,-1.821,0.000,3.500,joint_grid_transaction,9,9,1,8,4,0.000,1.00
23.296,5,en_route_pickup,-7.000,-0.000,1.000,1.500,None,None,0,0,5,5,0.000,1.00
23.296,6,idle,7.000,0.000,0.000,0.000,None,None,0,0,0,None,0.000,1.00
23.296,7,idle,-8.500,1.200,0.000,0.000,None,None,0,0,0,None,0.000,1.00
23.296,8,idle,8.500,-1.200,0.000,0.000,None,None,0,0,0,None,0.000,1.00
23.552,1,en_route_delivery,-4.815,3.061,-3.000,-1.500,joint_grid_transaction,9,9,2,9,1,0.000,1.00
23.552,2,en_route_pickup,-4.237,-0.444,-1.000,1.500,joint_grid_transaction,9,9,2,9,2,0.000,1.00
23.552,3,en_route_pickup,0.618,3.000,-3.000,1.500,joint_grid_transaction,9,9,2,9,3,0.000,1.00
23.552,4,en_route_pickup,4.297,-1.791,0.000,3.500,joint_grid_transaction,9,9,1,8,4,0.000,1.00
23.552,5,en_route_pickup,-7.000,-0.000,1.000,1.500,None,None,0,0,5,5,0.000,1.00
23.552,6,idle,7.000,0.000,0.000,0.000,None,None,0,0,0,None,0.000,1.00
23.552,7,returning_home,-8.500,1.200,-7.000,0.000,None,None,0,0,2,None,0.000,1.00
23.552,8,idle,8.500,-1.200,0.000,0.000,None,None,0,0,0,None,0.000,1.00
23.808,1,en_route_delivery,-4.787,3.063,-3.000,-1.500,joint_grid_transaction,9,9,2,9,1,0.000,1.00
23.808,2,en_route_pickup,-4.234,-0.406,-1.000,1.500,joint_grid_transaction,9,9,2,9,2,0.000,1.00
23.808,3,en_route_pickup,0.570,3.000,-3.000,1.500,joint_grid_transaction,9,9,2,9,3,0.000,1.00
23.808,4,en_route_pickup,4.300,-1.762,0.000,3.500,joint_grid_transaction,9,9,1,8,4,0.000,1.00
23.808,5,en_route_pickup,-7.000,-0.000,1.000,1.500,None,None,0,0,5,5,0.000,1.00
23.808,6,idle,7.000,0.000,0.000,0.000,None,None,0,0,0,None,0.000,1.00
23.808,7,returning_home,-8.500,1.200,-7.000,0.000,None,None,0,0,2,None,0.000,1.00
23.808,8,idle,8.500,-1.200,0.000,0.000,None,None,0,0,0,None,0.000,1.00
24.064,1,en_route_delivery,-4.763,3.064,-3.000,-1.500,joint_grid_transaction,9,9,2,9,1,0.000,1.00
24.064,2,en_route_pickup,-4.230,-0.368,-1.000,1.500,joint_grid_transaction,9,9,2,9,2,0.000,1.00
24.064,3,en_route_pickup,0.522,3.000,-3.000,1.500,joint_grid_transaction,9,9,2,9,3,0.000,1.00
24.064,4,en_route_pickup,4.302,-1.737,0.000,3.500,joint_grid_transaction,9,9,1,8,4,0.000,1.00
24.064,5,en_route_pickup,-7.000,-0.000,1.000,1.500,None,None,0,0,5,5,0.000,1.00
24.064,6,idle,7.000,0.000,0.000,0.000,None,None,0,0,0,None,0.000,1.00
24.064,7,returning_home,-8.500,1.200,-7.000,0.000,None,None,0,0,2,None,0.000,1.00
24.064,8,idle,8.500,-1.200,0.000,0.000,None,None,0,0,0,None,0.000,1.00
24.320,1,en_route_delivery,-4.742,3.065,-3.000,-1.500,joint_grid_transaction,9,9,2,9,1,0.000,1.00
24.320,2,en_route_pickup,-4.227,-0.332,-1.000,1.500,joint_grid_transaction,9,9,2,9,2,0.000,1.00
24.320,3,en_route_pickup,0.474,3.000,-3.000,1.500,joint_grid_transaction,9,9,2,9,3,0.000,1.00
24.320,4,en_route_pickup,4.303,-1.717,0.000,3.500,joint_grid_transaction,9,9,1,8,4,0.000,1.00
24.320,5,en_route_pickup,-7.000,-0.000,1.000,1.500,None,None,0,0,5,5,0.000,1.00
24.320,6,idle,7.000,0.000,0.000,0.000,None,None,0,0,0,None,0.000,1.00
24.320,7,returning_home,-8.500,1.200,-7.000,0.000,None,None,0,0,2,None,0.000,1.00
24.320,8,idle,8.500,-1.200,0.000,0.000,None,None,0,0,0,None,0.000,1.00
24.576,1,en_route_delivery,-4.719,3.065,-3.000,-1.500,joint_grid_transaction,9,9,2,9,1,0.000,1.00
24.576,2,en_route_pickup,-4.223,-0.297,-1.000,1.500,joint_grid_transaction,9,9,2,9,2,0.000,1.00
24.576,3,en_route_pickup,0.426,3.000,-3.000,1.500,joint_grid_transaction,9,9,3,9,3,0.000,1.00
24.576,4,en_route_pickup,4.305,-1.686,0.000,3.500,joint_grid_transaction,9,9,2,8,4,0.000,1.00
24.576,5,en_route_pickup,-7.000,-0.000,1.000,1.500,None,None,0,0,5,5,0.000,1.00
24.576,6,idle,7.000,0.000,0.000,0.000,None,None,0,0,0,None,0.000,1.00
24.576,7,returning_home,-8.500,1.200,-7.000,0.000,None,None,0,0,2,None,0.000,1.00
24.576,8,idle,8.500,-1.200,0.000,0.000,None,None,0,0,0,None,0.000,1.00
24.832,1,en_route_delivery,-4.689,3.065,-3.000,-1.500,joint_grid_transaction,9,9,3,9,1,0.000,1.00
24.832,2,en_route_pickup,-4.220,-0.263,-1.000,1.500,joint_grid_transaction,9,9,2,9,2,0.000,1.00
24.832,3,en_route_pickup,0.378,3.000,-3.000,1.500,joint_grid_transaction,9,9,3,9,3,0.000,1.00
24.832,4,en_route_pickup,4.307,-1.652,0.000,3.500,joint_grid_transaction,9,9,2,8,4,0.000,1.00
24.832,5,en_route_pickup,-7.000,-0.000,1.000,1.500,None,None,0,0,5,5,0.000,1.00
24.832,6,idle,7.000,0.000,0.000,0.000,None,None,0,0,0,None,0.000,1.00
24.832,7,returning_home,-8.500,1.200,-7.000,0.000,None,None,0,0,2,None,0.000,1.00
24.832,8,idle,8.500,-1.200,0.000,0.000,None,None,0,0,0,None,0.000,1.00
25.088,1,en_route_delivery,-4.652,3.065,-3.000,-1.500,joint_grid_transaction,9,9,3,9,1,0.000,1.00
25.088,2,en_route_pickup,-4.217,-0.232,-1.000,1.500,joint_grid_transaction,9,9,2,9,2,0.000,1.00
25.088,3,en_route_pickup,0.330,3.000,-3.000,1.500,joint_grid_transaction,9,9,3,9,3,0.000,1.00
25.088,4,en_route_pickup,4.309,-1.620,0.000,3.500,joint_grid_transaction,9,9,2,8,4,0.000,1.00
25.088,5,en_route_pickup,-7.000,-0.000,1.000,1.500,None,None,0,0,5,5,0.000,1.00
25.088,6,idle,7.000,0.000,0.000,0.000,None,None,0,0,0,None,0.000,1.00
25.088,7,returning_home,-8.500,1.200,-7.000,0.000,None,None,0,0,2,None,0.000,1.00
25.088,8,idle,8.500,-1.200,0.000,0.000,None,None,0,0,0,None,0.000,1.00
25.344,1,en_route_delivery,-4.616,3.065,-3.000,-1.500,joint_grid_transaction,9,9,3,9,1,0.000,1.00
25.344,2,en_route_pickup,-4.214,-0.199,-1.000,1.500,joint_grid_transaction,9,9,3,9,2,0.000,1.00
25.344,3,en_route_pickup,0.282,3.000,-3.000,1.500,joint_grid_transaction,9,9,3,9,3,0.000,1.00
25.344,4,en_route_pickup,4.311,-1.589,0.000,3.500,joint_grid_transaction,9,9,2,8,4,0.000,1.00
25.344,5,en_route_pickup,-7.000,-0.000,1.000,1.500,None,None,0,0,5,5,0.000,1.00
25.344,6,idle,7.000,0.000,0.000,0.000,None,None,0,0,0,None,0.000,1.00
25.344,7,returning_home,-8.500,1.200,-7.000,0.000,None,None,0,0,2,None,0.000,1.00
25.344,8,idle,8.500,-1.200,0.000,0.000,None,None,0,0,0,None,0.000,1.00
25.600,1,en_route_delivery,-4.581,3.065,-3.000,-1.500,joint_grid_transaction,9,9,3,9,1,0.000,1.00
25.600,2,en_route_pickup,-4.211,-0.165,-1.000,1.500,joint_grid_transaction,9,9,3,9,2,0.000,1.00
25.600,3,en_route_pickup,0.235,3.000,-3.000,1.500,joint_grid_transaction,9,9,3,9,3,0.000,1.00
25.600,4,en_route_pickup,4.312,-1.560,0.000,3.500,joint_grid_transaction,9,9,2,8,4,0.000,1.00
25.600,5,en_route_pickup,-7.000,-0.000,1.000,1.500,None,None,0,0,5,5,0.000,1.00
25.600,6,idle,7.000,0.000,0.000,0.000,None,None,0,0,0,None,0.000,1.00
25.600,7,returning_home,-8.500,1.200,-7.000,0.000,None,None,0,0,2,None,0.000,1.00
25.600,8,idle,8.500,-1.200,0.000,0.000,None,None,0,0,0,None,0.000,1.00
25.856,1,en_route_delivery,-4.547,3.064,-3.000,-1.500,joint_grid_transaction,9,9,3,9,1,0.000,1.00
25.856,2,en_route_pickup,-4.208,-0.131,-1.000,1.500,joint_grid_transaction,9,9,3,9,2,0.000,1.00
25.856,3,en_route_pickup,0.187,3.000,-3.000,1.500,joint_grid_transaction,9,9,4,9,3,0.000,1.00
25.856,4,en_route_pickup,4.314,-1.532,0.000,3.500,joint_grid_transaction,9,9,2,8,4,0.000,1.00
25.856,5,en_route_pickup,-7.000,-0.000,1.000,1.500,None,None,0,0,5,5,0.000,1.00
25.856,6,en_route_pickup,7.000,0.000,-1.000,-1.500,None,None,0,0,3,6,0.000,1.00
25.856,7,returning_home,-8.500,1.200,-7.000,0.000,None,None,0,0,2,None,0.000,1.00
25.856,8,idle,8.500,-1.200,0.000,0.000,None,None,0,0,0,None,0.000,1.00
26.112,1,en_route_delivery,-4.515,3.064,-3.000,-1.500,joint_grid_transaction,10,9,3,9,1,0.000,1.00
26.112,2,en_route_pickup,-4.205,-0.099,-1.000,1.500,joint_grid_transaction,10,9,3,8,2,0.000,1.00
26.112,3,en_route_pickup,0.139,3.000,-3.000,1.500,joint_grid_transaction,10,9,4,9,3,0.000,1.00
26.112,4,en_route_pickup,4.315,-1.508,0.000,3.500,joint_grid_transaction,10,9,2,9,4,0.000,1.00
26.112,5,en_route_pickup,-7.000,-0.000,1.000,1.500,joint_grid_transaction,10,0,0,9,5,0.000,1.00
26.112,6,en_route_pickup,7.000,0.000,-1.000,-1.500,None,None,0,0,3,6,0.000,1.00
26.112,7,returning_home,-8.499,1.200,-7.000,0.000,joint_grid_transaction,10,0,0,9,None,0.000,1.00
26.112,8,returning_home,8.500,-1.200,7.000,0.000,None,None,0,0,2,None,0.000,1.00
26.368,1,en_route_delivery,-4.484,3.063,-3.000,-1.500,joint_grid_transaction,10,10,1,9,1,0.000,1.00
26.368,2,en_route_pickup,-4.202,-0.068,-1.000,1.500,joint_grid_transaction,10,10,1,8,2,0.000,1.00
26.368,3,en_route_pickup,0.091,3.000,-3.000,1.500,joint_grid_transaction,10,10,2,9,3,0.000,1.00
26.368,4,en_route_pickup,4.316,-1.487,0.000,3.500,joint_grid_transaction,10,10,1,9,4,0.000,1.00
26.368,5,en_route_pickup,-6.997,-0.012,1.000,1.500,joint_grid_transaction,10,10,1,9,5,0.000,1.00
26.368,6,en_route_pickup,7.000,0.000,-1.000,-1.500,None,None,0,0,3,6,0.000,1.00
26.368,7,returning_home,-8.467,1.200,-7.000,0.000,joint_grid_transaction,10,10,1,9,None,0.000,1.00
26.368,8,returning_home,8.500,-1.200,7.000,0.000,None,None,0,0,2,None,0.000,1.00
26.624,1,en_route_delivery,-4.458,3.062,-3.000,-1.500,joint_grid_transaction,10,10,1,9,1,0.000,1.00
26.624,2,en_route_pickup,-4.199,-0.039,-1.000,1.500,joint_grid_transaction,10,10,1,8,2,0.000,1.00
26.624,3,en_route_pickup,0.043,3.000,-3.000,1.500,joint_grid_transaction,10,10,2,9,3,0.000,1.00
26.624,4,en_route_pickup,4.316,-1.465,0.000,3.500,joint_grid_transaction,10,10,1,9,4,0.000,1.00
26.624,5,en_route_pickup,-6.983,-0.036,1.000,1.500,joint_grid_transaction,10,10,1,9,5,0.000,1.00
26.624,6,en_route_pickup,7.000,0.000,-1.000,-1.500,None,None,0,0,3,6,0.000,1.00
26.624,7,returning_home,-8.429,1.200,-7.000,0.000,joint_grid_transaction,10,10,2,9,None,0.000,1.00
26.624,8,returning_home,8.500,-1.200,7.000,0.000,None,None,0,0,2,None,0.000,1.00
26.880,1,en_route_delivery,-4.471,3.058,-3.000,-1.500,joint_grid_transaction,10,10,2,9,1,0.000,1.00
26.880,2,en_route_pickup,-4.197,-0.012,-1.000,1.500,joint_grid_transaction,10,10,1,8,2,0.000,1.00
26.880,3,en_route_pickup,-0.005,3.000,-3.000,1.500,joint_grid_transaction,10,10,2,9,3,0.000,1.00
26.880,4,en_route_pickup,4.316,-1.431,0.000,3.500,joint_grid_transaction,10,10,2,9,4,0.000,1.00
26.880,5,en_route_pickup,-6.963,-0.058,1.000,1.500,joint_grid_transaction,10,10,1,9,5,0.000,1.00
26.880,6,en_route_pickup,7.000,0.000,-1.000,-1.500,None,None,0,0,3,6,0.000,1.00
26.880,7,returning_home,-8.390,1.200,-7.000,0.000,joint_grid_transaction,10,10,2,9,None,0.000,1.00
26.880,8,returning_home,8.500,-1.200,7.000,0.000,None,None,0,0,2,None,0.000,1.00
27.136,1,en_route_delivery,-4.482,3.053,-3.000,-1.500,joint_grid_transaction,11,10,2,9,1,0.000,1.00
27.136,2,en_route_pickup,-4.195,0.009,-1.000,1.500,joint_grid_transaction,11,10,1,9,2,0.000,1.00
27.136,3,en_route_pickup,-0.035,3.000,-3.000,1.500,joint_grid_transaction,11,10,2,9,3,0.000,1.00
27.136,4,en_route_pickup,4.315,-1.394,0.000,3.500,joint_grid_transaction,11,10,2,9,4,0.000,1.00
27.136,5,en_route_pickup,-6.945,-0.071,1.000,1.500,joint_grid_transaction,11,10,2,9,5,0.000,1.00
27.136,6,en_route_pickup,7.000,0.000,-1.000,-1.500,joint_grid_transaction,11,0,0,9,6,0.000,1.00
27.136,7,returning_home,-8.352,1.200,-7.000,0.000,joint_grid_transaction,11,10,2,9,None,0.000,1.00
27.136,8,returning_home,8.498,-1.200,7.000,0.000,joint_grid_transaction,11,0,0,9,None,0.000,1.00
27.392,1,en_route_delivery,-4.464,3.041,-3.000,-1.500,joint_grid_transaction,11,11,2,9,1,0.000,1.00
27.392,2,en_route_pickup,-4.194,0.031,-1.000,1.500,joint_grid_transaction,11,11,1,9,2,0.000,1.00
27.392,3,en_route_pickup,-0.082,3.000,-3.000,1.500,joint_grid_transaction,11,11,2,9,3,0.000,1.00
27.392,4,en_route_pickup,4.314,-1.356,0.000,3.500,joint_grid_transaction,11,11,2,9,4,0.000,1.00
27.392,5,en_route_pickup,-6.931,-0.074,1.000,1.500,joint_grid_transaction,11,11,2,9,5,0.000,1.00
27.392,6,en_route_pickup,6.996,0.013,-1.000,-1.500,joint_grid_transaction,11,11,1,9,6,0.000,1.00
27.392,7,returning_home,-8.314,1.201,-7.000,0.000,joint_grid_transaction,11,11,2,9,None,0.000,1.00
27.392,8,returning_home,8.465,-1.200,7.000,0.000,joint_grid_transaction,11,11,1,9,None,0.000,1.00
27.648,1,en_route_delivery,-4.464,3.028,-3.000,-1.500,joint_grid_transaction,11,11,2,9,1,0.000,1.00
27.648,2,en_route_pickup,-4.193,0.060,-1.000,1.500,joint_grid_transaction,11,11,2,9,2,0.000,1.00
27.648,3,en_route_pickup,-0.130,3.000,-3.000,1.500,joint_grid_transaction,11,11,2,9,3,0.000,1.00
27.648,4,en_route_pickup,4.313,-1.319,0.000,3.500,joint_grid_transaction,11,11,2,9,4,0.000,1.00
27.648,5,en_route_pickup,-6.888,-0.056,1.000,1.500,joint_grid_transaction,11,11,2,9,5,0.000,1.00
27.648,6,en_route_pickup,6.981,0.038,-1.000,-1.500,joint_grid_transaction,11,11,1,9,6,0.000,1.00
27.648,7,returning_home,-8.277,1.201,-7.000,0.000,joint_grid_transaction,11,11,2,9,None,0.000,1.00
27.648,8,returning_home,8.426,-1.200,7.000,0.000,joint_grid_transaction,11,11,2,9,None,0.000,1.00
27.904,1,en_route_delivery,-4.429,2.997,-3.000,-1.500,joint_grid_transaction,11,11,2,9,1,0.000,1.00
27.904,2,en_route_pickup,-4.192,0.093,-1.000,1.500,joint_grid_transaction,11,11,2,9,2,0.000,1.00
27.904,3,en_route_pickup,-0.178,3.000,-3.000,1.500,joint_grid_transaction,11,11,2,9,3,0.000,1.00
27.904,4,en_route_pickup,4.310,-1.281,0.000,3.500,joint_grid_transaction,11,11,2,9,4,0.000,1.00
27.904,5,en_route_pickup,-6.843,-0.043,1.000,1.500,joint_grid_transaction,11,11,2,9,5,0.000,1.00
27.904,6,en_route_pickup,6.962,0.059,-1.000,-1.500,joint_grid_transaction,11,11,1,9,6,0.000,1.00
27.904,7,returning_home,-8.240,1.202,-7.000,0.000,joint_grid_transaction,11,11,2,9,None,0.000,1.00
27.904,8,returning_home,8.387,-1.200,7.000,0.000,joint_grid_transaction,11,11,2,9,None,0.000,1.00
28.160,1,en_route_delivery,-4.396,2.963,-3.000,-1.500,joint_grid_transaction,11,11,2,9,1,0.000,1.00
28.160,2,en_route_pickup,-4.190,0.125,-1.000,1.500,joint_grid_transaction,11,11,2,9,2,0.000,1.00
28.160,3,en_route_pickup,-0.226,3.000,-3.000,1.500,joint_grid_transaction,11,11,2,9,3,0.000,1.00
28.160,4,en_route_pickup,4.307,-1.243,0.000,3.500,joint_grid_transaction,11,11,2,9,4,0.000,1.00
28.160,5,en_route_pickup,-6.797,-0.032,1.000,1.500,joint_grid_transaction,11,11,2,9,5,0.000,1.00
28.160,6,en_route_pickup,6.945,0.073,-1.000,-1.500,joint_grid_transaction,11,11,2,9,6,0.000,1.00
28.160,7,returning_home,-8.214,1.203,-7.000,0.000,joint_grid_transaction,11,11,2,9,None,0.000,1.00
28.160,8,returning_home,8.349,-1.200,7.000,0.000,joint_grid_transaction,11,11,2,9,None,0.000,1.00
28.416,1,en_route_delivery,-4.369,2.929,-3.000,-1.500,joint_grid_transaction,11,11,2,9,1,0.000,1.00
28.416,2,en_route_pickup,-4.188,0.156,-1.000,1.500,joint_grid_transaction,11,11,2,9,2,0.000,1.00
28.416,3,en_route_pickup,-0.273,3.000,-3.000,1.500,joint_grid_transaction,11,11,2,9,3,0.000,1.00
28.416,4,en_route_pickup,4.303,-1.203,0.000,3.500,joint_grid_transaction,11,11,2,9,4,0.000,1.00
28.416,5,en_route_pickup,-6.750,-0.023,1.000,1.500,joint_grid_transaction,11,11,2,9,5,0.000,1.00
28.416,6,en_route_pickup,6.930,0.075,-1.000,-1.500,joint_grid_transaction,11,11,2,9,6,0.000,1.00
28.416,7,returning_home,-8.198,1.204,-7.000,0.000,joint_grid_transaction,11,11,3,9,None,0.000,1.00
28.416,8,returning_home,8.312,-1.200,7.000,0.000,joint_grid_transaction,11,11,2,9,None,0.000,1.00
28.672,1,en_route_delivery,-4.366,2.910,-3.000,-1.500,joint_grid_transaction,11,11,3,9,1,0.000,1.00
28.672,2,en_route_pickup,-4.186,0.186,-1.000,1.500,joint_grid_transaction,11,11,2,9,2,0.000,1.00
28.672,3,en_route_pickup,-0.321,3.000,-3.000,1.500,joint_grid_transaction,11,11,3,9,3,0.000,1.00
28.672,4,en_route_pickup,4.299,-1.155,0.000,3.500,joint_grid_transaction,11,11,3,9,4,0.000,1.00
28.672,5,en_route_pickup,-6.703,-0.017,1.000,1.500,joint_grid_transaction,11,11,3,9,5,0.000,1.00
28.672,6,en_route_pickup,6.887,0.057,-1.000,-1.500,joint_grid_transaction,11,11,2,9,6,0.000,1.00
28.672,7,returning_home,-8.154,1.206,-7.000,0.000,joint_grid_transaction,11,11,3,9,None,0.000,1.00
28.672,8,returning_home,8.276,-1.200,7.000,0.000,joint_grid_transaction,11,11,2,9,None,0.000,1.00
28.928,1,en_route_delivery,-4.345,2.869,-3.000,-1.500,joint_grid_transaction,11,11,3,9,1,0.000,1.00
28.928,2,en_route_pickup,-4.185,0.213,-1.000,1.500,joint_grid_transaction,11,11,2,9,2,0.000,1.00
28.928,3,en_route_pickup,-0.369,3.000,-3.000,1.500,joint_grid_transaction,11,11,3,9,3,0.000,1.00
28.928,4,en_route_pickup,4.294,-1.108,0.000,3.500,joint_grid_transaction,11,11,3,9,4,0.000,1.00
28.928,5,en_route_pickup,-6.656,-0.012,1.000,1.500,joint_grid_transaction,11,11,3,9,5,0.000,1.00
28.928,6,en_route_pickup,6.841,0.043,-1.000,-1.500,joint_grid_transaction,11,11,2,9,6,0.000,1.00
28.928,7,returning_home,-8.109,1.208,-7.000,0.000,joint_grid_transaction,11,11,3,9,None,0.000,1.00
28.928,8,returning_home,8.242,-1.200,7.000,0.000,joint_grid_transaction,11,11,2,9,None,0.000,1.00
29.184,1,en_route_delivery,-4.327,2.825,-3.000,-1.500,joint_grid_transaction,11,11,3,9,1,0.000,1.00
29.184,2,en_route_pickup,-4.183,0.237,-1.000,1.500,joint_grid_transaction,11,11,2,9,2,0.000,1.00
29.184,3,en_route_pickup,-0.417,3.000,-3.000,1.500,joint_grid_transaction,11,11,3,9,3,0.000,1.00
29.184,4,en_route_pickup,4.289,-1.060,0.000,3.500,joint_grid_transaction,11,11,3,9,4,0.000,1.00
29.184,5,en_route_pickup,-6.612,-0.008,1.000,1.500,joint_grid_transaction,11,11,3,9,5,0.000,1.00
29.184,6,en_route_pickup,6.795,0.033,-1.000,-1.500,joint_grid_transaction,11,11,2,9,6,0.000,1.00
29.184,7,returning_home,-8.063,1.211,-7.000,0.000,joint_grid_transaction,11,11,3,9,None,0.000,1.00
29.184,8,returning_home,8.209,-1.200,7.000,0.000,joint_grid_transaction,11,11,2,9,None,0.000,1.00
29.440,1,en_route_delivery,-4.311,2.780,-3.000,-1.500,joint_grid_transaction,11,11,3,9,1,0.000,1.00
29.440,2,en_route_pickup,-4.183,0.259,-1.000,1.500,joint_grid_transaction,11,11,2,9,2,0.000,1.00
29.440,3,en_route_pickup,-0.465,3.000,-3.000,1.500,joint_grid_transaction,11,11,3,9,3,0.000,1.00
29.440,4,en_route_pickup,4.283,-1.013,0.000,3.500,joint_grid_transaction,11,11,3,9,4,0.000,1.00
29.440,5,en_route_pickup,-6.570,-0.004,1.000,1.500,joint_grid_transaction,11,11,3,9,5,0.000,1.00
29.440,6,en_route_pickup,6.748,0.024,-1.000,-1.500,joint_grid_transaction,11,11,2,9,6,0.000,1.00
29.440,7,returning_home,-8.016,1.215,-7.000,0.000,joint_grid_transaction,11,11,3,9,None,0.000,1.00
29.440,8,returning_home,8.168,-1.201,7.000,0.000,joint_grid_transaction,11,11,3,9,None,0.000,1.00
29.696,1,en_route_delivery,-4.298,2.735,-3.000,-1.500,joint_grid_transaction,11,11,3,9,1,0.000,1.00
29.696,2,en_route_pickup,-4.183,0.281,-1.000,1.500,joint_grid_transaction,11,11,2,9,2,0.000,1.00
29.696,3,en_route_pickup,-0.513,3.000,-3.000,1.500,joint_grid_transaction,11,11,3,9,3,0.000,1.00
29.696,4,en_route_pickup,4.278,-0.965,0.000,3.500,joint_grid_transaction,11,11,3,9,4,0.000,1.00
29.696,5,en_route_pickup,-6.528,-0.000,1.000,1.500,joint_grid_transaction,11,11,3,9,5,0.000,1.00
29.696,6,en_route_pickup,6.701,0.017,-1.000,-1.500,joint_grid_transaction,11,11,3,9,6,0.000,1.00
29.696,7,returning_home,-7.968,1.219,-7.000,0.000,joint_grid_transaction,11,11,3,9,None,0.000,1.00
29.696,8,returning_home,8.129,-1.201,7.000,0.000,joint_grid_transaction,11,11,3,9,None,0.000,1.00
29.952,1,en_route_delivery,-4.287,2.689,-3.000,-1.500,joint_grid_transaction,11,11,4,9,1,0.000,1.00
29.952,2,en_route_pickup,-4.183,0.312,-1.000,1.500,joint_grid_transaction,11,11,3,9,2,0.000,1.00
29.952,3,en_route_pickup,-0.561,3.000,-3.000,1.500,joint_grid_transaction,11,11,4,9,3,0.000,1.00
29.952,4,en_route_pickup,4.272,-0.919,0.000,3.500,joint_grid_transaction,11,11,4,9,4,0.000,1.00
29.952,5,en_route_pickup,-6.487,0.003,1.000,1.500,joint_grid_transaction,11,11,3,9,5,0.000,1.00
29.952,6,en_route_pickup,6.654,0.012,-1.000,-1.500,joint_grid_transaction,11,11,3,9,6,0.000,1.00
29.952,7,returning_home,-7.924,1.224,-7.000,0.000,joint_grid_transaction,11,11,4,9,None,0.000,1.00
29.952,8,returning_home,8.090,-1.201,7.000,0.000,joint_grid_transaction,11,11,3,9,None,0.000,1.00
30.208,1,en_route_delivery,-4.278,2.642,-3.000,-1.500,joint_grid_transaction,11,11,4,9,1,0.000,1.00
30.208,2,en_route_pickup,-4.184,0.351,-1.000,1.500,joint_grid_transaction,11,11,3,9,2,0.000,1.00
30.208,3,en_route_pickup,-0.608,3.000,-3.000,1.500,joint_grid_transaction,11,11,4,9,3,0.000,1.00
30.208,4,en_route_pickup,4.268,-0.875,0.000,3.500,joint_grid_transaction,11,11,4,9,4,0.000,1.00
30.208,5,en_route_pickup,-6.446,0.007,1.000,1.500,joint_grid_transaction,11,11,4,9,5,0.000,1.00
30.208,6,en_route_pickup,6.610,0.008,-1.000,-1.500,joint_grid_transaction,11,11,3,9,6,0.000,1.00
30.208,7,returning_home,-7.879,1.229,-7.000,0.000,joint_grid_transaction,11,11,4,9,None,0.000,1.00
30.208,8,returning_home,8.052,-1.202,7.000,0.000,joint_grid_transaction,11,11,3,9,None,0.000,1.00
30.464,1,en_route_delivery,-4.272,2.595,-3.000,-1.500,joint_grid_transaction,11,11,4,9,1,0.000,1.00
30.464,2,en_route_pickup,-4.186,0.390,-1.000,1.500,joint_grid_transaction,11,11,3,9,2,0.000,1.00
30.464,3,en_route_pickup,-0.656,3.000,-3.000,1.500,joint_grid_transaction,11,11,4,9,3,0.000,1.00
30.464,4,en_route_pickup,4.264,-0.831,0.000,3.500,joint_grid_transaction,11,11,4,9,4,0.000,1.00
30.464,5,en_route_pickup,-6.406,0.010,1.000,1.500,joint_grid_transaction,11,11,4,9,5,0.000,1.00
30.464,6,en_route_pickup,6.567,0.005,-1.000,-1.500,joint_grid_transaction,11,11,3,9,6,0.000,1.00
30.464,7,returning_home,-7.836,1.234,-7.000,0.000,joint_grid_transaction,11,11,4,9,None,0.000,1.00
30.464,8,returning_home,8.014,-1.203,7.000,0.000,joint_grid_transaction,11,11,3,9,None,0.000,1.00
30.720,1,en_route_delivery,-4.267,2.547,-3.000,-1.500,joint_grid_transaction,11,11,4,9,1,0.000,1.00
30.720,2,en_route_pickup,-4.188,0.429,-1.000,1.500,joint_grid_transaction,11,11,3,9,2,0.000,1.00
30.720,3,en_route_pickup,-0.704,3.000,-3.000,1.500,joint_grid_transaction,11,11,4,9,3,0.000,1.00
30.720,4,en_route_pickup,4.259,-0.788,0.000,3.500,joint_grid_transaction,11,11,4,9,4,0.000,1.00
30.720,5,en_route_pickup,-6.367,0.013,1.000,1.500,joint_grid_transaction,11,11,4,9,5,0.000,1.00
30.720,6,en_route_pickup,6.525,0.001,-1.000,-1.500,joint_grid_transaction,11,11,3,9,6,0.000,1.00
30.720,7,returning_home,-7.792,1.238,-7.000,0.000,joint_grid_transaction,11,11,4,9,None,0.000,1.00
30.720,8,returning_home,7.977,-1.204,7.000,0.000,joint_grid_transaction,11,11,3,9,None,0.000,1.00
30.976,1,en_route_delivery,-4.262,2.502,-3.000,-1.500,joint_grid_transaction,11,11,4,9,1,0.000,1.00
30.976,2,en_route_pickup,-4.191,0.469,-1.000,1.500,joint_grid_transaction,11,11,3,9,2,0.000,1.00
30.976,3,en_route_pickup,-0.752,3.000,-3.000,1.500,joint_grid_transaction,11,11,4,9,3,0.000,1.00
30.976,4,en_route_pickup,4.255,-0.745,0.000,3.500,joint_grid_transaction,11,11,4,9,4,0.000,1.00
30.976,5,en_route_pickup,-6.329,0.017,1.000,1.500,joint_grid_transaction,11,11,4,9,5,0.000,1.00
30.976,6,en_route_pickup,6.484,-0.003,-1.000,-1.500,joint_grid_transaction,11,11,3,9,6,0.000,1.00
30.976,7,returning_home,-7.749,1.243,-7.000,0.000,joint_grid_transaction,11,11,4,9,None,0.000,1.00
30.976,8,returning_home,7.936,-1.206,7.000,0.000,joint_grid_transaction,11,11,4,9,None,0.000,1.00
31.232,1,en_route_delivery,-4.258,2.459,-3.000,-1.500,joint_grid_transaction,12,12,2,9,1,0.000,1.00
31.232,2,en_route_pickup,-4.195,0.510,-1.000,1.500,joint_grid_transaction,12,12,1,9,2,0.000,1.00
31.232,3,en_route_pickup,-0.800,3.000,-3.000,1.500,joint_grid_transaction,12,12,2,9,3,0.000,1.00
31.232,4,en_route_pickup,4.251,-0.704,0.000,3.500,joint_grid_transaction,12,12,2,9,4,0.000,1.00
31.232,5,en_route_pickup,-6.308,0.020,1.000,1.500,joint_grid_transaction,12,12,1,8,5,0.000,1.00
31.232,6,en_route_pickup,6.444,-0.006,-1.000,-1.500,joint_grid_transaction,12,12,2,9,6,0.000,1.00
31.232,7,returning_home,-7.708,1.247,-7.000,0.000,joint_grid_transaction,12,12,2,9,None,0.000,1.00
31.232,8,returning_home,7.892,-1.208,7.000,0.000,joint_grid_transaction,12,12,2,9,None,0.000,1.00
31.488,1,en_route_delivery,-4.254,2.417,-3.000,-1.500,joint_grid_transaction,12,12,2,9,1,0.000,1.00
31.488,2,en_route_pickup,-4.200,0.537,-1.000,1.500,joint_grid_transaction,12,12,1,9,2,0.000,1.00
31.488,3,en_route_pickup,-0.848,3.000,-3.000,1.500,joint_grid_transaction,12,12,2,9,3,0.000,1.00
31.488,4,en_route_pickup,4.247,-0.663,0.000,3.500,joint_grid_transaction,12,12,2,9,4,0.000,1.00
31.488,5,en_route_pickup,-6.329,0.029,1.000,1.500,joint_grid_transaction,12,12,1,8,5,0.000,1.00
31.488,6,en_route_pickup,6.404,-0.010,-1.000,-1.500,joint_grid_transaction,12,12,2,9,6,0.000,1.00
31.488,7,returning_home,-7.667,1.251,-7.000,0.000,joint_grid_transaction,12,12,2,9,None,0.000,1.00
31.488,8,returning_home,7.846,-1.210,7.000,0.000,joint_grid_transaction,12,12,2,9,None,0.000,1.00
31.744,1,en_route_delivery,-4.250,2.376,-3.000,-1.500,joint_grid_transaction,12,12,2,9,1,0.000,1.00
31.744,2,en_route_pickup,-4.205,0.522,-1.000,1.500,joint_grid_transaction,12,12,2,9,2,0.000,1.00
31.744,3,en_route_pickup,-0.896,3.000,-3.000,1.500,joint_grid_transaction,12,12,2,9,3,0.000,1.00
31.744,4,en_route_pickup,4.243,-0.623,0.000,3.500,joint_grid_transaction,12,12,2,9,4,0.000,1.00
31.744,5,en_route_pickup,-6.348,0.042,1.000,1.500,joint_grid_transaction,12,12,1,8,5,0.000,1.00
31.744,6,en_route_pickup,6.364,-0.013,-1.000,-1.500,joint_grid_transaction,12,12,2,9,6,0.000,1.00
31.744,7,returning_home,-7.628,1.255,-7.000,0.000,joint_grid_transaction,12,12,2,9,None,0.000,1.00
31.744,8,returning_home,7.799,-1.214,7.000,0.000,joint_grid_transaction,12,12,2,9,None,0.000,1.00
32.000,1,en_route_delivery,-4.247,2.335,-3.000,-1.500,joint_grid_transaction,12,12,2,9,1,0.000,1.00
32.000,2,en_route_pickup,-4.215,0.513,-1.000,1.500,joint_grid_transaction,12,12,2,9,2,0.000,1.00
32.000,3,en_route_pickup,-0.944,3.000,-3.000,1.500,joint_grid_transaction,12,12,2,9,3,0.000,1.00
32.000,4,en_route_pickup,4.239,-0.584,0.000,3.500,joint_grid_transaction,12,12,2,9,4,0.000,1.00
32.000,5,en_route_pickup,-6.351,0.058,1.000,1.500,joint_grid_transaction,12,12,1,8,5,0.000,1.00
32.000,6,en_route_pickup,6.326,-0.016,-1.000,-1.500,joint_grid_transaction,12,12,2,9,6,0.000,1.00
32.000,7,returning_home,-7.589,1.259,-7.000,0.000,joint_grid_transaction,12,12,2,9,None,0.000,1.00
32.000,8,returning_home,7.751,-1.218,7.000,0.000,joint_grid_transaction,12,12,2,9,None,0.000,1.00
32.256,1,en_route_delivery,-4.243,2.295,-3.000,-1.500,joint_grid_transaction,12,12,2,9,1,0.000,1.00
32.256,2,en_route_pickup,-4.243,0.549,-1.000,1.500,joint_grid_transaction,12,12,2,9,2,0.000,1.00
32.256,3,en_route_pickup,-0.991,3.000,-3.000,1.500,joint_grid_transaction,12,12,2,9,3,0.000,1.00
32.256,4,en_route_pickup,4.236,-0.547,0.000,3.500,joint_grid_transaction,12,12,2,9,4,0.000,1.00
32.256,5,en_route_pickup,-6.351,0.058,1.000,1.500,joint_grid_transaction,12,12,1,8,5,0.000,1.00
32.256,6,en_route_pickup,6.289,-0.019,-1.000,-1.500,joint_grid_transaction,12,12,2,9,6,0.000,1.00
32.256,7,returning_home,-7.551,1.263,-7.000,0.000,joint_grid_transaction,12,12,2,9,None,0.000,1.00
32.256,8,returning_home,7.715,-1.222,7.000,0.000,joint_grid_transaction,12,12,2,9,None,0.000,1.00
32.512,1,en_route_delivery,-4.239,2.257,-3.000,-1.500,joint_grid_transaction,12,12,2,9,1,0.000,1.00
32.512,2,en_route_pickup,-4.276,0.583,-1.000,1.500,joint_grid_transaction,12,12,2,9,2,0.000,1.00
32.512,3,en_route_pickup,-1.039,3.000,-3.000,1.500,joint_grid_transaction,12,12,3,9,3,0.000,1.00
32.512,4,en_route_pickup,4.232,-0.510,0.000,3.500,joint_grid_transaction,12,12,2,9,4,0.000,1.00
32.512,5,en_route_pickup,-6.362,0.070,1.000,1.500,joint_grid_transaction,12,12,2,8,5,0.000,1.00
32.512,6,en_route_pickup,6.253,-0.023,-1.000,-1.500,joint_grid_transaction,12,12,2,9,6,0.000,1.00
32.512,7,returning_home,-7.514,1.267,-7.000,0.000,joint_grid_transaction,12,12,2,9,None,0.000,1.00
32.512,8,returning_home,7.686,-1.226,7.000,0.000,joint_grid_transaction,12,12,3,9,None,0.000,1.00
32.768,1,en_route_delivery,-4.236,2.219,-3.000,-1.500,joint_grid_transaction,12,12,2,9,1,0.000,1.00
32.768,2,en_route_pickup,-4.311,0.615,-1.000,1.500,joint_grid_transaction,12,12,2,9,2,0.000,1.00
32.768,3,en_route_pickup,-1.087,3.000,-3.000,1.500,joint_grid_transaction,12,12,3,9,3,0.000,1.00
32.768,4,en_route_pickup,4.229,-0.475,0.000,3.500,joint_grid_transaction,12,12,2,9,4,0.000,1.00
32.768,5,en_route_pickup,-6.362,0.088,1.000,1.500,joint_grid_transaction,12,12,2,8,5,0.000,1.00
32.768,6,en_route_pickup,6.219,-0.025,-1.000,-1.500,joint_grid_transaction,12,12,2,9,6,0.000,1.00
32.768,7,returning_home,-7.479,1.270,-7.000,0.000,joint_grid_transaction,12,12,2,9,None,0.000,1.00
32.768,8,returning_home,7.642,-1.231,7.000,0.000,joint_grid_transaction,12,12,3,9,None,0.000,1.00
33.024,1,en_route_delivery,-4.232,2.181,-3.000,-1.500,joint_grid_transaction,12,12,3,9,1,0.000,1.00
33.024,2,en_route_pickup,-4.330,0.621,-1.000,1.500,joint_grid_transaction,12,12,3,9,2,0.000,1.00
33.024,3,en_route_pickup,-1.135,3.000,-3.000,1.500,joint_grid_transaction,12,12,3,9,3,0.000,1.00
33.024,4,en_route_pickup,4.226,-0.439,0.000,3.500,joint_grid_transaction,12,12,3,9,4,0.000,1.00
33.024,5,en_route_pickup,-6.341,0.129,1.000,1.500,joint_grid_transaction,12,12,2,8,5,0.000,1.00
33.024,6,en_route_pickup,6.182,-0.029,-1.000,-1.500,joint_grid_transaction,12,12,3,9,6,0.000,1.00
33.024,7,returning_home,-7.468,1.270,-7.000,0.000,joint_grid_transaction,12,12,3,9,None,0.000,1.00
33.024,8,returning_home,7.599,-1.235,7.000,0.000,joint_grid_transaction,12,12,3,9,None,0.000,1.00
33.280,1,en_route_delivery,-4.229,2.143,-3.000,-1.500,joint_grid_transaction,12,12,3,9,1,0.000,1.00
33.280,2,en_route_pickup,-4.364,0.639,-1.000,1.500,joint_grid_transaction,12,12,3,9,2,0.000,1.00
33.280,3,en_route_pickup,-1.183,3.000,-3.000,1.500,joint_grid_transaction,12,12,3,9,3,0.000,1.00
33.280,4,en_route_pickup,4.222,-0.402,0.000,3.500,joint_grid_transaction,12,12,3,9,4,0.000,1.00
33.280,5,en_route_pickup,-6.323,0.173,1.000,1.500,joint_grid_transaction,12,12,2,8,5,0.000,1.00
33.280,6,en_route_pickup,6.146,-0.032,-1.000,-1.500,joint_grid_transaction,12,12,3,9,6,0.000,1.00
33.280,7,returning_home,-7.481,1.266,-7.000,0.000,joint_grid_transaction,12,12,3,9,None,0.000,1.00
33.280,8,returning_home,7.556,-1.240,7.000,0.000,joint_grid_transaction,12,12,3,9,None,0.000,1.00
33.536,1,en_route_delivery,-4.225,2.107,-3.000,-1.500,joint_grid_transaction,12,12,3,9,1,0.000,1.00
33.536,2,en_route_pickup,-4.407,0.660,-1.000,1.500,joint_grid_transaction,12,12,3,9,2,0.000,1.00
33.536,3,en_route_pickup,-1.231,3.000,-3.000,1.500,joint_grid_transaction,12,12,3,9,3,0.000,1.00
33.536,4,en_route_pickup,4.219,-0.367,0.000,3.500,joint_grid_transaction,12,12,3,9,4,0.000,1.00
33.536,5,en_route_pickup,-6.309,0.218,1.000,1.500,joint_grid_transaction,12,12,2,8,5,0.000,1.00
33.536,6,en_route_pickup,6.111,-0.035,-1.000,-1.500,joint_grid_transaction,12,12,3,9,6,0.000,1.00
33.536,7,returning_home,-7.487,1.257,-7.000,0.000,joint_grid_transaction,12,12,3,9,None,0.000,1.00
33.536,8,returning_home,7.514,-1.244,7.000,0.000,joint_grid_transaction,12,12,3,9,None,0.000,1.00
33.792,1,en_route_delivery,-4.222,2.071,-3.000,-1.500,joint_grid_transaction,12,12,3,9,1,0.000,1.00
33.792,2,en_route_pickup,-4.451,0.677,-1.000,1.500,joint_grid_transaction,12,12,3,9,2,0.000,1.00
33.792,3,en_route_pickup,-1.279,3.000,-3.000,1.500,joint_grid_transaction,12,12,3,9,3,0.000,1.00
33.792,4,en_route_pickup,4.216,-0.333,0.000,3.500,joint_grid_transaction,12,12,3,9,4,0.000,1.00
33.792,5,en_route_pickup,-6.296,0.264,1.000,1.500,joint_grid_transaction,12,12,2,8,5,0.000,1.00
33.792,6,en_route_pickup,6.078,-0.038,-1.000,-1.500,joint_grid_transaction,12,12,3,9,6,0.000,1.00
33.792,7,returning_home,-7.449,1.230,-7.000,0.000,joint_grid_transaction,12,12,3,9,None,0.000,1.00
33.792,8,returning_home,7.473,-1.249,7.000,0.000,joint_grid_transaction,12,12,3,9,None,0.000,1.00
34.048,1,en_route_delivery,-4.219,2.037,-3.000,-1.500,joint_grid_transaction,12,12,3,9,1,0.000,1.00
34.048,2,en_route_pickup,-4.496,0.692,-1.000,1.500,joint_grid_transaction,12,12,3,9,2,0.000,1.00
34.048,3,en_route_pickup,-1.326,3.000,-3.000,1.500,joint_grid_transaction,12,12,4,9,3,0.000,1.00
34.048,4,en_route_pickup,4.213,-0.300,0.000,3.500,joint_grid_transaction,12,12,3,9,4,0.000,1.00
34.048,5,en_route_pickup,-6.285,0.310,1.000,1.500,joint_grid_transaction,12,12,3,8,5,0.000,1.00
34.048,6,en_route_pickup,6.045,-0.041,-1.000,-1.500,joint_grid_transaction,12,12,3,9,6,0.000,1.00
34.048,7,returning_home,-7.414,1.199,-7.000,0.000,joint_grid_transaction,12,12,3,9,None,0.000,1.00
34.048,8,returning_home,7.433,-1.253,7.000,0.000,joint_grid_transaction,12,12,4,9,None,0.000,1.00
34.304,1,en_route_delivery,-4.216,2.005,-3.000,-1.500,joint_grid_transaction,12,12,3,9,1,0.000,1.00
34.304,2,en_route_pickup,-4.541,0.705,-1.000,1.500,joint_grid_transaction,12,12,3,9,2,0.000,1.00
34.304,3,en_route_pickup,-1.374,3.000,-3.000,1.500,joint_grid_transaction,12,12,4,9,3,0.000,1.00
34.304,4,en_route_pickup,4.210,-0.269,0.000,3.500,joint_grid_transaction,12,12,3,9,4,0.000,1.00
34.304,5,en_route_pickup,-6.277,0.357,1.000,1.500,joint_grid_transaction,12,12,3,8,5,0.000,1.00
34.304,6,en_route_pickup,6.015,-0.043,-1.000,-1.500,joint_grid_transaction,12,12,3,9,6,0.000,1.00
34.304,7,returning_home,-7.386,1.169,-7.000,0.000,joint_grid_transaction,12,12,3,9,None,0.000,1.00
34.304,8,returning_home,7.394,-1.257,7.000,0.000,joint_grid_transaction,12,12,4,9,None,0.000,1.00
34.560,1,en_route_delivery,-4.213,1.974,-3.000,-1.500,joint_grid_transaction,12,12,3,9,1,0.000,1.00
34.560,2,en_route_pickup,-4.587,0.715,-1.000,1.500,joint_grid_transaction,12,12,4,9,2,0.000,1.00
34.560,3,en_route_pickup,-1.422,3.000,-3.000,1.500,joint_grid_transaction,12,12,4,9,3,0.000,1.00
34.560,4,en_route_pickup,4.207,-0.240,0.000,3.500,joint_grid_transaction,12,12,3,9,4,0.000,1.00
34.560,5,en_route_pickup,-6.271,0.404,1.000,1.500,joint_grid_transaction,12,12,3,8,5,0.000,1.00
34.560,6,en_route_pickup,5.986,-0.046,-1.000,-1.500,joint_grid_transaction,12,12,3,9,6,0.000,1.00
34.560,7,returning_home,-7.393,1.156,-7.000,0.000,joint_grid_transaction,12,12,4,9,None,0.000,1.00
34.560,8,returning_home,7.355,-1.261,7.000,0.000,joint_grid_transaction,12,12,4,9,None,0.000,1.00
34.816,1,en_route_delivery,-4.210,1.942,-3.000,-1.500,joint_grid_transaction,12,12,4,9,1,0.000,1.00
34.816,2,en_route_pickup,-4.634,0.723,-1.000,1.500,joint_grid_transaction,12,12,4,9,2,0.000,1.00
34.816,3,en_route_pickup,-1.470,3.000,-3.000,1.500,joint_grid_transaction,12,12,4,9,3,0.000,1.00
34.816,4,en_route_pickup,4.204,-0.213,0.000,3.500,joint_grid_transaction,12,12,3,9,4,0.000,1.00
34.816,5,en_route_pickup,-6.266,0.451,1.000,1.500,joint_grid_transaction,12,12,3,8,5,0.000,1.00
34.816,6,en_route_pickup,5.960,-0.048,-1.000,-1.500,joint_grid_transaction,12,12,3,9,6,0.000,1.00
34.816,7,returning_home,-7.368,1.117,-7.000,0.000,joint_grid_transaction,12,12,4,9,None,0.000,1.00
34.816,8,returning_home,7.318,-1.265,7.000,0.000,joint_grid_transaction,12,12,4,9,None,0.000,1.00
35.072,1,en_route_delivery,-4.207,1.908,-3.000,-1.500,joint_grid_transaction,12,12,4,9,1,0.000,1.00
35.072,2,en_route_pickup,-4.682,0.729,-1.000,1.500,joint_grid_transaction,12,12,4,9,2,0.000,1.00
35.072,3,en_route_pickup,-1.518,3.000,-3.000,1.500,joint_grid_transaction,12,12,4,9,3,0.000,1.00
35.072,4,en_route_pickup,4.201,-0.180,0.000,3.500,joint_grid_transaction,12,12,4,9,4,0.000,1.00
35.072,5,en_route_pickup,-6.261,0.495,1.000,1.500,joint_grid_transaction,12,12,3,8,5,0.000,1.00
35.072,6,en_route_pickup,5.927,-0.051,-1.000,-1.500,joint_grid_transaction,12,12,4,9,6,0.000,1.00
35.072,7,returning_home,-7.347,1.075,-7.000,0.000,joint_grid_transaction,12,12,4,9,None,0.000,1.00
35.072,8,returning_home,7.281,-1.269,7.000,0.000,joint_grid_transaction,12,12,4,9,None,0.000,1.00
35.328,1,en_route_delivery,-4.205,1.876,-3.000,-1.500,joint_grid_transaction,13,13,2,9,1,0.000,1.00
35.328,2,en_route_pickup,-4.729,0.734,-1.000,1.500,joint_grid_transaction,13,13,1,8,2,0.000,1.00
35.328,3,en_route_pickup,-1.566,3.000,-3.000,1.500,joint_grid_transaction,13,13,2,9,3,0.000,1.00
35.328,4,en_route_pickup,4.199,-0.149,0.000,3.500,joint_grid_transaction,13,13,2,9,4,0.000,1.00
35.328,5,en_route_pickup,-6.257,0.539,1.000,1.500,joint_grid_transaction,13,13,1,9,5,0.000,1.00
35.328,6,en_route_pickup,5.895,-0.053,-1.000,-1.500,joint_grid_transaction,13,13,2,9,6,0.000,1.00
35.328,7,returning_home,-7.342,1.065,-7.000,0.000,joint_grid_transaction,13,13,1,7,None,0.000,1.00
35.328,8,returning_home,7.247,-1.272,7.000,0.000,joint_grid_transaction,13,13,1,7,None,0.000,1.00
35.584,1,en_route_delivery,-4.202,1.844,-3.000,-1.500,joint_grid_transaction,13,13,2,9,1,0.000,1.00
35.584,2,en_route_pickup,-4.774,0.739,-1.000,1.500,joint_grid_transaction,13,13,1,8,2,0.000,1.00
35.584,3,en_route_pickup,-1.614,3.000,-3.000,1.500,joint_grid_transaction,13,13,2,9,3,0.000,1.00
35.584,4,en_route_pickup,4.196,-0.118,0.000,3.500,joint_grid_transaction,13,13,2,9,4,0.000,1.00
35.584,5,en_route_pickup,-6.253,0.581,1.000,1.500,joint_grid_transaction,13,13,2,9,5,0.000,1.00
35.584,6,en_route_pickup,5.864,-0.055,-1.000,-1.500,joint_grid_transaction,13,13,2,9,6,0.000,1.00
35.584,7,returning_home,-7.342,1.065,-7.000,0.000,joint_grid_transaction,13,13,1,7,None,0.000,1.00
35.584,8,returning_home,7.216,-1.274,7.000,0.000,joint_grid_transaction,13,13,1,7,None,0.000,1.00
35.840,1,en_route_delivery,-4.199,1.814,-3.000,-1.500,joint_grid_transaction,13,13,2,9,1,0.000,1.00
35.840,2,en_route_pickup,-4.782,0.739,-1.000,1.500,joint_grid_transaction,13,13,1,8,2,0.000,1.00
35.840,3,en_route_pickup,-1.662,3.000,-3.000,1.500,joint_grid_transaction,13,13,2,9,3,0.000,1.00
35.840,4,en_route_pickup,4.193,-0.088,0.000,3.500,joint_grid_transaction,13,13,2,9,4,0.000,1.00
35.840,5,en_route_pickup,-6.250,0.622,1.000,1.500,joint_grid_transaction,13,13,2,9,5,0.000,1.00
35.840,6,en_route_pickup,5.833,-0.058,-1.000,-1.500,joint_grid_transaction,13,13,2,9,6,0.000,1.00
35.840,7,returning_home,-7.342,1.065,-7.000,0.000,joint_grid_transaction,13,13,1,7,None,0.000,1.00
35.840,8,returning_home,7.223,-1.273,7.000,0.000,joint_grid_transaction,13,13,2,7,None,0.000,1.00
36.096,1,en_route_delivery,-4.197,1.785,-3.000,-1.500,joint_grid_transaction,13,13,2,9,1,0.000,1.00
36.096,2,en_route_pickup,-4.782,0.739,-1.000,1.500,joint_grid_transaction,13,13,1,8,2,0.000,1.00
36.096,3,en_route_pickup,-1.709,3.000,-3.000,1.500,joint_grid_transaction,13,13,2,9,3,0.000,1.00
36.096,4,en_route_pickup,4.191,-0.060,0.000,3.500,joint_grid_transaction,13,13,2,9,4,0.000,1.00
36.096,5,en_route_pickup,-6.246,0.663,1.000,1.500,joint_grid_transaction,13,13,2,9,5,0.000,1.00
36.096,6,en_route_pickup,5.805,-0.060,-1.000,-1.500,joint_grid_transaction,13,13,2,9,6,0.000,1.00
36.096,7,returning_home,-7.342,1.065,-7.000,0.000,joint_grid_transaction,13,13,1,7,None,0.000,1.00
36.096,8,returning_home,7.236,-1.267,7.000,0.000,joint_grid_transaction,13,13,2,7,None,0.000,1.00
36.352,1,en_route_delivery,-4.194,1.758,-3.000,-1.500,joint_grid_transaction,13,13,2,9,1,0.000,1.00
36.352,2,en_route_pickup,-4.784,0.740,-1.000,1.500,joint_grid_transaction,13,13,2,8,2,0.000,1.00
36.352,3,en_route_pickup,-1.757,3.000,-3.000,1.500,joint_grid_transaction,13,13,2,9,3,0.000,1.00
36.352,4,en_route_pickup,4.189,-0.034,0.000,3.500,joint_grid_transaction,13,13,2,9,4,0.000,1.00
36.352,5,en_route_pickup,-6.242,0.702,1.000,1.500,joint_grid_transaction,13,13,2,9,5,0.000,1.00
36.352,6,en_route_pickup,5.778,-0.062,-1.000,-1.500,joint_grid_transaction,13,13,2,9,6,0.000,1.00
36.352,7,returning_home,-7.341,1.063,-7.000,0.000,joint_grid_transaction,13,13,2,7,None,0.000,1.00
36.352,8,returning_home,7.220,-1.249,7.000,0.000,joint_grid_transaction,13,13,2,7,None,0.000,1.00
36.608,1,en_route_delivery,-4.193,1.737,-3.000,-1.500,joint_grid_transaction,13,13,2,9,1,0.000,1.00
36.608,2,en_route_pickup,-4.825,0.744,-1.000,1.500,joint_grid_transaction,13,13,2,8,2,0.000,1.00
36.608,3,en_route_pickup,-1.805,3.000,-3.000,1.500,joint_grid_transaction,13,13,3,9,3,0.000,1.00
36.608,4,en_route_pickup,4.187,-0.013,0.000,3.500,joint_grid_transaction,13,13,2,9,4,0.000,1.00
36.608,5,en_route_pickup,-6.239,0.741,1.000,1.500,joint_grid_transaction,13,13,2,9,5,0.000,1.00
36.608,6,en_route_pickup,5.757,-0.063,-1.000,-1.500,joint_grid_transaction,13,13,2,9,6,0.000,1.00
36.608,7,returning_home,-7.323,1.021,-7.000,0.000,joint_grid_transaction,13,13,2,7,None,0.000,1.00
36.608,8,returning_home,7.183,-1.220,7.000,0.000,joint_grid_transaction,13,13,2,7,None,0.000,1.00
36.864,1,en_route_delivery,-4.193,1.716,-3.000,-1.500,joint_grid_transaction,13,13,2,9,1,0.000,1.00
36.864,2,en_route_pickup,-4.866,0.748,-1.000,1.500,joint_grid_transaction,13,13,2,8,2,0.000,1.00
36.864,3,en_route_pickup,-1.853,3.000,-3.000,1.500,joint_grid_transaction,13,13,3,9,3,0.000,1.00
36.864,4,en_route_pickup,4.187,0.008,0.000,3.500,joint_grid_transaction,13,13,2,9,4,0.000,1.00
36.864,5,en_route_pickup,-6.235,0.778,1.000,1.500,joint_grid_transaction,13,13,2,9,5,0.000,1.00
36.864,6,en_route_pickup,5.735,-0.064,-1.000,-1.500,joint_grid_transaction,13,13,2,9,6,0.000,1.00
36.864,7,returning_home,-7.307,0.976,-7.000,0.000,joint_grid_transaction,13,13,2,7,None,0.000,1.00
36.864,8,returning_home,7.149,-1.187,7.000,0.000,joint_grid_transaction,13,13,2,7,None,0.000,1.00
37.120,1,en_route_delivery,-4.192,1.685,-3.000,-1.500,joint_grid_transaction,13,13,3,9,1,0.000,1.00
37.120,2,en_route_pickup,-4.907,0.752,-1.000,1.500,joint_grid_transaction,13,13,2,8,2,0.000,1.00
37.120,3,en_route_pickup,-1.901,3.000,-3.000,1.500,joint_grid_transaction,13,13,3,9,3,0.000,1.00
37.120,4,en_route_pickup,4.186,0.030,0.000,3.500,joint_grid_transaction,13,13,2,9,4,0.000,1.00
37.120,5,en_route_pickup,-6.232,0.816,1.000,1.500,joint_grid_transaction,13,13,3,9,5,0.000,1.00
37.120,6,en_route_pickup,5.714,-0.064,-1.000,-1.500,joint_grid_transaction,13,13,2,9,6,0.000,1.00
37.120,7,returning_home,-7.302,0.962,-7.000,0.000,joint_grid_transaction,13,13,2,7,None,0.000,1.00
37.120,8,returning_home,7.138,-1.166,7.000,0.000,joint_grid_transaction,13,13,2,7,None,0.000,1.00
37.376,1,en_route_delivery,-4.190,1.651,-3.000,-1.500,joint_grid_transaction,13,13,3,9,1,0.000,1.00
37.376,2,en_route_pickup,-4.946,0.756,-1.000,1.500,joint_grid_transaction,13,13,2,8,2,0.000,1.00
37.376,3,en_route_pickup,-1.949,3.000,-3.000,1.500,joint_grid_transaction,13,13,3,9,3,0.000,1.00
37.376,4,en_route_pickup,4.186,0.061,0.000,3.500,joint_grid_transaction,13,13,3,9,4,0.000,1.00
37.376,5,en_route_pickup,-6.228,0.853,1.000,1.500,joint_grid_transaction,13,13,3,9,5,0.000,1.00
37.376,6,en_route_pickup,5.679,-0.064,-1.000,-1.500,joint_grid_transaction,13,13,3,9,6,0.000,1.00
37.376,7,returning_home,-7.302,0.962,-7.000,0.000,joint_grid_transaction,13,13,2,7,None,0.000,1.00
37.376,8,returning_home,7.129,-1.141,7.000,0.000,joint_grid_transaction,13,13,3,7,None,0.000,1.00
37.632,1,en_route_delivery,-4.189,1.620,-3.000,-1.500,joint_grid_transaction,13,13,3,9,1,0.000,1.00
37.632,2,en_route_pickup,-4.984,0.760,-1.000,1.500,joint_grid_transaction,13,13,2,8,2,0.000,1.00
37.632,3,en_route_pickup,-1.997,3.000,-3.000,1.500,joint_grid_transaction,13,13,3,9,3,0.000,1.00
37.632,4,en_route_pickup,4.186,0.097,0.000,3.500,joint_grid_transaction,13,13,3,9,4,0.000,1.00
37.632,5,en_route_pickup,-6.225,0.890,1.000,1.500,joint_grid_transaction,13,13,3,9,5,0.000,1.00
37.632,6,en_route_pickup,5.643,-0.064,-1.000,-1.500,joint_grid_transaction,13,13,3,9,6,0.000,1.00
37.632,7,returning_home,-7.299,0.968,-7.000,0.000,joint_grid_transaction,13,13,3,7,None,0.000,1.00
37.632,8,returning_home,7.106,-1.100,7.000,0.000,joint_grid_transaction,13,13,3,7,None,0.000,1.00
37.888,1,en_route_delivery,-4.187,1.589,-3.000,-1.500,joint_grid_transaction,13,13,3,9,1,0.000,1.00
37.888,2,en_route_pickup,-5.021,0.764,-1.000,1.500,joint_grid_transaction,13,13,2,8,2,0.000,1.00
37.888,3,en_route_pickup,-2.045,3.000,-3.000,1.500,joint_grid_transaction,13,13,3,9,3,0.000,1.00
37.888,4,en_route_pickup,4.185,0.131,0.000,3.500,joint_grid_transaction,13,13,3,9,4,0.000,1.00
37.888,5,en_route_pickup,-6.222,0.925,1.000,1.500,joint_grid_transaction,13,13,3,9,5,0.000,1.00
37.888,6,en_route_pickup,5.608,-0.064,-1.000,-1.500,joint_grid_transaction,13,13,3,9,6,0.000,1.00
37.888,7,returning_home,-7.292,0.981,-7.000,0.000,joint_grid_transaction,13,13,3,7,None,0.000,1.00
37.888,8,returning_home,7.087,-1.057,7.000,0.000,joint_grid_transaction,13,13,3,7,None,0.000,1.00
38.144,1,en_route_delivery,-4.185,1.560,-3.000,-1.500,joint_grid_transaction,13,13,3,9,1,0.000,1.00
38.144,2,en_route_pickup,-5.029,0.767,-1.000,1.500,joint_grid_transaction,13,13,3,8,2,0.000,1.00
38.144,3,en_route_pickup,-2.092,3.000,-3.000,1.500,joint_grid_transaction,13,13,4,9,3,0.000,1.00
38.144,4,en_route_pickup,4.185,0.165,0.000,3.500,joint_grid_transaction,13,13,3,9,4,0.000,1.00
38.144,5,en_route_pickup,-6.219,0.959,1.000,1.500,joint_grid_transaction,13,13,3,9,5,0.000,1.00
38.144,6,en_route_pickup,5.574,-0.064,-1.000,-1.500,joint_grid_transaction,13,13,3,9,6,0.000,1.00
38.144,7,returning_home,-7.279,0.972,-7.000,0.000,joint_grid_transaction,13,13,3,7,None,0.000,0.40
38.144,8,returning_home,7.070,-1.013,7.000,0.000,joint_grid_transaction,13,13,3,7,None,0.000,1.00
38.400,1,en_route_delivery,-4.183,1.533,-3.000,-1.500,joint_grid_transaction,13,13,3,9,1,0.000,1.00
38.400,2,en_route_pickup,-5.018,0.771,-1.000,1.500,joint_grid_transaction,13,13,3,8,2,0.000,1.00
38.400,3,en_route_pickup,-2.140,3.000,-3.000,1.500,joint_grid_transaction,13,13,4,9,3,0.000,1.00
38.400,4,en_route_pickup,4.184,0.196,0.000,3.500,joint_grid_transaction,13,13,3,9,4,0.000,1.00
38.400,5,en_route_pickup,-6.216,0.992,1.000,1.500,joint_grid_transaction,13,13,3,9,5,0.000,1.00
38.400,6,en_route_pickup,5.541,-0.064,-1.000,-1.500,joint_grid_transaction,13,13,3,9,6,0.000,1.00
38.400,7,returning_home,-7.274,0.966,-7.000,0.000,joint_grid_transaction,13,13,3,7,None,0.000,0.40
38.400,8,returning_home,7.055,-0.968,7.000,0.000,joint_grid_transaction,13,13,3,7,None,0.000,1.00
38.656,1,en_route_delivery,-4.182,1.510,-3.000,-1.500,joint_grid_transaction,14,13,3,9,1,0.000,1.00
38.656,2,en_route_pickup,-5.043,0.789,-1.000,1.500,joint_grid_transaction,14,13,3,9,2,0.000,1.00
38.656,3,en_route_pickup,-2.188,3.000,-3.000,1.500,joint_grid_transaction,14,13,4,8,3,0.000,1.00
38.656,4,en_route_pickup,4.184,0.226,0.000,3.500,joint_grid_transaction,14,13,3,9,4,0.000,1.00
38.656,5,en_route_pickup,-6.213,1.022,1.000,1.500,joint_grid_transaction,14,13,3,9,5,0.000,1.00
38.656,6,en_route_pickup,5.510,-0.064,-1.000,-1.500,joint_grid_transaction,14,13,3,9,6,0.000,1.00
38.656,7,returning_home,-7.270,0.960,-7.000,0.000,joint_grid_transaction,14,13,3,6,None,0.000,0.40
38.656,8,returning_home,7.042,-0.922,7.000,0.000,joint_grid_transaction,14,13,4,5,None,0.000,1.00
38.912,1,en_route_delivery,-4.182,1.488,-3.000,-1.500,joint_grid_transaction,14,14,1,9,1,0.000,1.00
38.912,2,en_route_pickup,-5.081,0.816,-1.000,1.500,joint_grid_transaction,14,14,2,9,2,0.000,1.00
38.912,3,en_route_pickup,-2.236,3.000,-3.000,1.500,joint_grid_transaction,14,14,1,8,3,0.000,1.00
38.912,4,en_route_pickup,4.183,0.254,0.000,3.500,joint_grid_transaction,14,14,1,9,4,0.000,1.00
38.912,5,en_route_pickup,-6.210,1.054,1.000,1.500,joint_grid_transaction,14,14,2,9,5,0.000,1.00
38.912,6,en_route_pickup,5.482,-0.065,-1.000,-1.500,joint_grid_transaction,14,14,1,9,6,0.000,1.00
38.912,7,returning_home,-7.265,0.955,-7.000,0.000,joint_grid_transaction,14,14,2,6,None,0.000,0.40
38.912,8,returning_home,7.032,-0.876,7.000,0.000,joint_grid_transaction,14,14,2,5,None,0.000,1.00
39.168,1,en_route_delivery,-4.182,1.467,-3.000,-1.500,joint_grid_transaction,14,14,1,9,1,0.000,1.00
39.168,2,en_route_pickup,-5.106,0.836,-1.000,1.500,joint_grid_transaction,14,14,2,9,2,0.000,1.00
39.168,3,en_route_pickup,-2.281,3.000,-3.000,1.500,joint_grid_transaction,14,14,1,8,3,0.000,1.00
39.168,4,en_route_pickup,4.183,0.277,0.000,3.500,joint_grid_transaction,14,14,1,9,4,0.000,1.00
39.168,5,en_route_pickup,-6.207,1.086,1.000,1.500,joint_grid_transaction,14,14,2,9,5,0.000,0.85
39.168,6,en_route_pickup,5.453,-0.065,-1.000,-1.500,joint_grid_transaction,14,14,1,9,6,0.000,1.00
39.168,7,returning_home,-7.260,0.949,-7.000,0.000,joint_grid_transaction,14,14,2,6,None,0.000,0.40
39.168,8,returning_home,7.025,-0.829,7.000,0.000,joint_grid_transaction,14,14,2,5,None,0.000,1.00
39.424,1,en_route_delivery,-4.183,1.433,-3.000,-1.500,joint_grid_transaction,14,14,2,9,1,0.000,1.00
39.424,2,en_route_pickup,-5.106,0.836,-1.000,1.500,joint_grid_transaction,14,14,2,9,2,0.000,1.00
39.424,3,en_route_pickup,-2.281,3.000,-3.000,1.500,joint_grid_transaction,14,14,1,8,3,0.000,1.00
39.424,4,en_route_pickup,4.183,0.305,0.000,3.500,joint_grid_transaction,14,14,2,9,4,0.000,1.00
39.424,5,en_route_pickup,-6.205,1.110,1.000,1.500,joint_grid_transaction,14,14,2,9,5,0.000,0.85
39.424,6,en_route_pickup,5.416,-0.065,-1.000,-1.500,joint_grid_transaction,14,14,2,9,6,0.000,1.00
39.424,7,returning_home,-7.255,0.943,-7.000,0.000,joint_grid_transaction,14,14,2,6,None,0.000,0.40
39.424,8,returning_home,7.019,-0.782,7.000,0.000,joint_grid_transaction,14,14,2,5,None,0.000,1.00
39.680,1,en_route_delivery,-4.184,1.394,-3.000,-1.500,joint_grid_transaction,14,14,2,9,1,0.000,1.00
39.680,2,en_route_pickup,-5.106,0.836,-1.000,1.500,joint_grid_transaction,14,14,2,9,2,0.000,1.00
39.680,3,en_route_pickup,-2.281,3.000,-3.000,1.500,joint_grid_transaction,14,14,1,8,3,0.000,1.00
39.680,4,en_route_pickup,4.185,0.344,0.000,3.500,joint_grid_transaction,14,14,2,9,4,0.000,1.00
39.680,5,en_route_pickup,-6.203,1.134,1.000,1.500,joint_grid_transaction,14,14,2,9,5,0.000,0.85
39.680,6,en_route_pickup,5.381,-0.065,-1.000,-1.500,joint_grid_transaction,14,14,2,9,6,0.000,1.00
39.680,7,returning_home,-7.235,0.923,-7.000,0.000,joint_grid_transaction,14,14,2,6,None,0.000,0.40
39.680,8,returning_home,7.014,-0.735,7.000,0.000,joint_grid_transaction,14,14,2,5,None,0.000,1.00
39.936,1,en_route_delivery,-4.186,1.355,-3.000,-1.500,joint_grid_transaction,14,14,2,9,1,0.000,1.00
39.936,2,en_route_pickup,-5.098,0.844,-1.000,1.500,joint_grid_transaction,14,14,3,9,2,0.000,1.00
39.936,3,en_route_pickup,-2.301,3.000,-3.000,1.500,joint_grid_transaction,14,14,2,8,3,0.000,1.00
39.936,4,en_route_pickup,4.186,0.383,0.000,3.500,joint_grid_transaction,14,14,2,9,4,0.000,1.00
39.936,5,en_route_pickup,-6.202,1.158,1.000,1.500,joint_grid_transaction,14,14,2,9,5,0.000,0.85
39.936,6,en_route_pickup,5.346,-0.065,-1.000,-1.500,joint_grid_transaction,14,14,2,9,6,0.000,1.00
39.936,7,returning_home,-7.201,0.891,-7.000,0.000,joint_grid_transaction,14,14,2,6,None,0.000,1.00
39.936,8,returning_home,7.011,-0.700,7.000,0.000,joint_grid_transaction,14,14,3,5,None,0.000,1.00
40.192,1,en_route_delivery,-4.189,1.315,-3.000,-1.500,joint_grid_transaction,14,14,2,9,1,0.000,1.00
40.192,2,en_route_pickup,-5.087,0.857,-1.000,1.500,joint_grid_transaction,14,14,3,9,2,0.000,1.00
40.192,3,en_route_pickup,-2.349,3.000,-3.000,1.500,joint_grid_transaction,14,14,2,8,3,0.000,1.00
40.192,4,en_route_pickup,4.188,0.422,0.000,3.500,joint_grid_transaction,14,14,2,9,4,0.000,1.00
40.192,5,en_route_pickup,-6.200,1.185,1.000,1.500,joint_grid_transaction,14,14,2,9,5,0.000,1.00
40.192,6,en_route_pickup,5.313,-0.065,-1.000,-1.500,joint_grid_transaction,14,14,2,9,6,0.000,1.00
40.192,7,returning_home,-7.182,0.869,-7.000,0.000,joint_grid_transaction,14,14,3,6,None,0.000,1.00
40.192,8,returning_home,7.006,-0.658,7.000,0.000,joint_grid_transaction,14,14,3,5,None,0.000,1.00
40.448,1,en_route_delivery,-4.192,1.274,-3.000,-1.500,joint_grid_transaction,14,14,2,9,1,0.000,1.00
40.448,2,en_route_pickup,-5.113,0.894,-1.000,1.500,joint_grid_transaction,14,14,3,9,2,0.000,1.00
40.448,3,en_route_pickup,-2.397,3.000,-3.000,1.500,joint_grid_transaction,14,14,2,8,3,0.000,1.00
40.448,4,en_route_pickup,4.191,0.462,0.000,3.500,joint_grid_transaction,14,14,2,9,4,0.000,1.00
40.448,5,en_route_pickup,-6.197,1.214,1.000,1.500,joint_grid_transaction,14,14,2,9,5,0.000,1.00
40.448,6,en_route_pickup,5.282,-0.066,-1.000,-1.500,joint_grid_transaction,14,14,2,9,6,0.000,1.00
40.448,7,returning_home,-7.175,0.847,-7.000,0.000,joint_grid_transaction,14,14,3,6,None,0.000,1.00
40.448,8,returning_home,7.002,-0.617,7.000,0.000,joint_grid_transaction,14,14,3,5,None,0.000,1.00
40.704,1,en_route_delivery,-4.197,1.232,-3.000,-1.500,joint_grid_transaction,14,14,2,9,1,0.000,1.00
40.704,2,en_route_pickup,-5.136,0.935,-1.000,1.500,joint_grid_transaction,14,14,3,9,2,0.000,1.00
40.704,3,en_route_pickup,-2.445,3.000,-3.000,1.500,joint_grid_transaction,14,14,2,8,3,0.000,1.00
40.704,4,en_route_pickup,4.195,0.502,0.000,3.500,joint_grid_transaction,14,14,2,9,4,0.000,1.00
40.704,5,en_route_pickup,-6.195,1.242,1.000,1.500,joint_grid_transaction,14,14,2,9,5,0.000,1.00
40.704,6,en_route_pickup,5.253,-0.066,-1.000,-1.500,joint_grid_transaction,14,14,2,9,6,0.000,1.00
40.704,7,returning_home,-7.147,0.810,-7.000,0.000,joint_grid_transaction,14,14,3,6,None,0.000,1.00
40.704,8,returning_home,6.998,-0.577,7.000,0.000,joint_grid_transaction,14,14,3,5,None,0.000,1.00
40.960,1,en_route_delivery,-4.202,1.187,-3.000,-1.500,joint_grid_transaction,14,14,2,9,1,0.000,1.00
40.960,2,en_route_pickup,-5.157,0.978,-1.000,1.500,joint_grid_transaction,14,14,3,9,2,0.000,1.00
40.960,3,en_route_pickup,-2.493,3.000,-3.000,1.500,joint_grid_transaction,14,14,2,8,3,0.000,1.00
40.960,4,en_route_pickup,4.200,0.545,0.000,3.500,joint_grid_transaction,14,14,2,9,4,0.000,1.00
40.960,5,en_route_pickup,-6.194,1.264,1.000,1.500,joint_grid_transaction,14,14,2,9,5,0.000,1.00
40.960,6,en_route_pickup,5.226,-0.066,-1.000,-1.500,joint_grid_transaction,14,14,2,9,6,0.000,1.00
40.960,7,returning_home,-7.121,0.770,-7.000,0.000,joint_grid_transaction,14,14,3,6,None,0.000,1.00
40.960,8,returning_home,6.994,-0.538,7.000,0.000,joint_grid_transaction,14,14,3,5,None,0.000,1.00
41.216,1,en_route_delivery,-4.208,1.139,-3.000,-1.500,joint_grid_transaction,14,14,3,9,1,0.000,1.00
41.216,2,en_route_pickup,-5.176,1.022,-1.000,1.500,joint_grid_transaction,14,14,3,9,2,0.000,1.00
41.216,3,en_route_pickup,-2.541,3.000,-3.000,1.500,joint_grid_transaction,14,14,2,8,3,0.000,1.00
41.216,4,en_route_pickup,4.205,0.592,0.000,3.500,joint_grid_transaction,14,14,3,9,4,0.000,1.00
41.216,5,en_route_pickup,-6.193,1.285,1.000,1.500,joint_grid_transaction,14,14,2,9,5,0.000,1.00
41.216,6,en_route_pickup,5.199,-0.066,-1.000,-1.500,joint_grid_transaction,14,14,2,9,6,0.000,1.00
41.216,7,returning_home,-7.098,0.729,-7.000,0.000,joint_grid_transaction,14,14,3,6,None,0.000,1.00
41.216,8,returning_home,6.990,-0.500,7.000,0.000,joint_grid_transaction,14,14,3,5,None,0.000,1.00
41.472,1,en_route_delivery,-4.213,1.092,-3.000,-1.500,joint_grid_transaction,14,14,3,9,1,0.000,1.00
41.472,2,en_route_pickup,-5.179,1.051,-1.000,1.500,joint_grid_transaction,14,14,4,9,2,0.000,1.00
41.472,3,en_route_pickup,-2.588,3.000,-3.000,1.500,joint_grid_transaction,14,14,3,8,3,0.000,1.00
41.472,4,en_route_pickup,4.210,0.640,0.000,3.500,joint_grid_transaction,14,14,3,9,4,0.000,1.00
41.472,5,en_route_pickup,-6.191,1.283,1.000,1.500,joint_grid_transaction,14,14,3,9,5,0.000,1.00
41.472,6,en_route_pickup,5.161,-0.066,-1.000,-1.500,joint_grid_transaction,14,14,3,9,6,0.000,1.00
41.472,7,returning_home,-7.077,0.686,-7.000,0.000,joint_grid_transaction,14,14,4,6,None,0.000,1.00
41.472,8,returning_home,6.986,-0.463,7.000,0.000,joint_grid_transaction,14,14,4,5,None,0.000,1.00
41.728,1,en_route_delivery,-4.218,1.044,-3.000,-1.500,joint_grid_transaction,15,14,3,8,1,0.000,1.00
41.728,2,en_route_pickup,-5.178,1.052,-1.000,1.500,joint_grid_transaction,15,14,4,9,2,0.000,1.00
41.728,3,en_route_pickup,-2.636,3.000,-3.000,1.500,joint_grid_transaction,15,14,3,9,3,0.000,1.00
41.728,4,en_route_pickup,4.215,0.685,0.000,3.500,joint_grid_transaction,15,14,3,9,4,0.000,1.00
41.728,5,en_route_pickup,-6.193,1.283,1.000,1.500,joint_grid_transaction,15,14,3,9,5,0.000,1.00
41.728,6,en_route_pickup,5.125,-0.065,-1.000,-1.500,joint_grid_transaction,15,14,3,9,6,0.000,1.00
41.728,7,returning_home,-7.061,0.643,-7.000,0.000,joint_grid_transaction,15,14,4,4,None,0.000,1.00
41.728,8,returning_home,6.982,-0.425,7.000,0.000,joint_grid_transaction,15,14,4,3,None,0.000,1.00
41.984,1,en_route_delivery,-4.224,0.997,-3.000,-1.500,joint_grid_transaction,15,15,1,8,1,0.000,1.00
41.984,2,en_route_pickup,-5.176,1.043,-1.000,1.500,joint_grid_transaction,15,15,2,9,2,0.000,1.00
41.984,3,en_route_pickup,-2.684,3.000,-3.000,1.500,joint_grid_transaction,15,15,2,9,3,0.000,1.00
41.984,4,en_route_pickup,4.221,0.732,0.000,3.500,joint_grid_transaction,15,15,2,9,4,0.000,1.00
41.984,5,en_route_pickup,-6.193,1.283,1.000,1.500,joint_grid_transaction,15,15,2,9,5,0.000,1.00
41.984,6,en_route_pickup,5.087,-0.063,-1.000,-1.500,joint_grid_transaction,15,15,2,9,6,0.000,1.00
41.984,7,returning_home,-7.047,0.597,-7.000,0.000,joint_grid_transaction,15,15,2,4,None,0.000,1.00
41.984,8,returning_home,6.979,-0.388,7.000,0.000,joint_grid_transaction,15,15,2,3,None,0.000,1.00
42.240,1,en_route_delivery,-4.227,0.966,-3.000,-1.500,joint_grid_transaction,15,15,1,8,1,0.000,1.00
42.240,2,en_route_pickup,-5.160,1.067,-1.000,1.500,joint_grid_transaction,15,15,2,9,2,0.000,1.00
42.240,3,en_route_pickup,-2.732,3.000,-3.000,1.500,joint_grid_transaction,15,15,2,9,3,0.000,1.00
42.240,4,en_route_pickup,4.226,0.780,0.000,3.500,joint_grid_transaction,15,15,2,9,4,0.000,1.00
42.240,5,en_route_pickup,-6.188,1.277,1.000,1.500,joint_grid_transaction,15,15,2,9,5,0.000,1.00
42.240,6,en_route_pickup,5.048,-0.061,-1.000,-1.500,joint_grid_transaction,15,15,2,9,6,0.000,1.00
42.240,7,returning_home,-7.037,0.551,-7.000,0.000,joint_grid_transaction,15,15,2,4,None,0.000,1.00
42.240,8,returning_home,6.975,-0.352,7.000,0.000,joint_grid_transaction,15,15,2,3,None,0.000,1.00
42.496,1,en_route_delivery,-4.227,0.966,-3.000,-1.500,joint_grid_transaction,15,15,1,8,1,0.000,1.00
42.496,2,en_route_pickup,-5.148,1.088,-1.000,1.500,joint_grid_transaction,15,15,2,9,2,0.000,1.00
42.496,3,en_route_pickup,-2.780,3.000,-3.000,1.500,joint_grid_transaction,15,15,2,9,3,0.000,1.00
42.496,4,en_route_pickup,4.226,0.783,0.000,3.500,joint_grid_transaction,15,15,2,9,4,0.000,1.00
42.496,5,en_route_pickup,-6.166,1.317,1.000,1.500,joint_grid_transaction,15,15,2,9,5,0.000,1.00
42.496,6,en_route_pickup,5.010,-0.058,-1.000,-1.500,joint_grid_transaction,15,15,2,9,6,0.000,1.00
42.496,7,returning_home,-7.028,0.504,-7.000,0.000,joint_grid_transaction,15,15,2,4,None,0.000,1.00
42.496,8,returning_home,6.972,-0.317,7.000,0.000,joint_grid_transaction,15,15,2,3,None,0.000,1.00
42.752,1,en_route_delivery,-4.227,0.966,-3.000,-1.500,joint_grid_transaction,15,15,1,8,1,0.000,1.00
42.752,2,en_route_pickup,-5.148,1.088,-1.000,1.500,joint_grid_transaction,15,15,2,9,2,0.000,1.00
42.752,3,en_route_pickup,-2.783,3.000,-3.000,1.500,joint_grid_transaction,15,15,2,9,3,0.000,1.00
42.752,4,en_route_pickup,4.226,0.783,0.000,3.500,joint_grid_transaction,15,15,2,9,4,0.000,1.00
42.752,5,en_route_pickup,-6.150,1.342,1.000,1.500,joint_grid_transaction,15,15,2,9,5,0.000,1.00
42.752,6,en_route_pickup,4.971,-0.054,-1.000,-1.500,joint_grid_transaction,15,15,2,9,6,0.000,1.00
42.752,7,returning_home,-7.022,0.466,-7.000,0.000,joint_grid_transaction,15,15,2,4,None,0.000,1.00
42.752,8,returning_home,6.969,-0.284,7.000,0.000,joint_grid_transaction,15,15,2,3,None,0.000,1.00
43.008,1,en_route_delivery,-4.230,0.938,-3.000,-1.500,joint_grid_transaction,15,15,2,8,1,0.000,1.00
43.008,2,en_route_pickup,-5.132,1.114,-1.000,1.500,joint_grid_transaction,15,15,3,9,2,0.000,1.00
43.008,3,en_route_pickup,-2.779,2.999,-3.000,1.500,joint_grid_transaction,15,15,3,9,3,0.000,1.00
43.008,4,en_route_pickup,4.230,0.811,0.000,3.500,joint_grid_transaction,15,15,3,9,4,0.000,1.00
43.008,5,en_route_pickup,-6.133,1.368,1.000,1.500,joint_grid_transaction,15,15,3,9,5,0.000,1.00
43.008,6,en_route_pickup,4.931,-0.050,-1.000,-1.500,joint_grid_transaction,15,15,3,9,6,0.000,1.00
43.008,7,returning_home,-7.018,0.438,-7.000,0.000,joint_grid_transaction,15,15,3,4,None,0.000,1.00
43.008,8,returning_home,6.965,-0.252,7.000,0.000,joint_grid_transaction,15,15,2,3,None,0.000,1.00
43.264,1,en_route_delivery,-4.235,0.895,-3.000,-1.500,joint_grid_transaction,15,15,2,8,1,0.000,1.00
43.264,2,en_route_pickup,-5.111,1.157,-1.000,1.500,joint_grid_transaction,15,15,3,9,2,0.000,1.00
43.264,3,en_route_pickup,-2.767,2.995,-3.000,1.500,joint_grid_transaction,15,15,3,9,3,0.000,1.00
43.264,4,en_route_pickup,4.235,0.855,0.000,3.500,joint_grid_transaction,15,15,3,9,4,0.000,1.00
43.264,5,en_route_pickup,-6.111,1.410,1.000,1.500,joint_grid_transaction,15,15,3,9,5,0.000,1.00
43.264,6,en_route_pickup,4.884,-0.045,-1.000,-1.500,joint_grid_transaction,15,15,3,9,6,0.000,1.00
43.264,7,returning_home,-7.012,0.392,-7.000,0.000,joint_grid_transaction,15,15,3,4,None,0.000,1.00
43.264,8,returning_home,6.963,-0.222,7.000,0.000,joint_grid_transaction,15,15,2,3,None,0.000,1.00
43.520,1,en_route_delivery,-4.240,0.852,-3.000,-1.500,joint_grid_transaction,15,15,2,8,1,0.000,1.00
43.520,2,en_route_pickup,-5.092,1.200,-1.000,1.500,joint_grid_transaction,15,15,3,9,2,0.000,1.00
43.520,3,en_route_pickup,-2.780,2.979,-3.000,1.500,joint_grid_transaction,15,15,3,9,3,0.000,1.00
43.520,4,en_route_pickup,4.240,0.898,0.000,3.500,joint_grid_transaction,15,15,3,9,4,0.000,1.00
43.520,5,en_route_pickup,-6.092,1.453,1.000,1.500,joint_grid_transaction,15,15,3,9,5,0.000,1.00
43.520,6,en_route_pickup,4.836,-0.040,-1.000,-1.500,joint_grid_transaction,15,15,3,9,6,0.000,1.00
43.520,7,returning_home,-7.008,0.346,-7.000,0.000,joint_grid_transaction,15,15,3,4,None,0.000,1.00
43.520,8,en_route_pickup,6.962,-0.215,0.000,-3.500,joint_grid_transaction,15,15,3,3,7,0.000,1.00
43.776,1,en_route_delivery,-4.244,0.810,-3.000,-1.500,joint_grid_transaction,15,15,2,8,1,0.000,1.00
43.776,2,en_route_pickup,-5.076,1.245,-1.000,1.500,joint_grid_transaction,15,15,3,9,2,0.000,1.00
43.776,3,en_route_pickup,-2.818,2.951,-3.000,1.500,joint_grid_transaction,15,15,3,9,3,0.000,1.00
43.776,4,en_route_pickup,4.244,0.940,0.000,3.500,joint_grid_transaction,15,15,3,9,4,0.000,1.00
43.776,5,en_route_pickup,-6.074,1.497,1.000,1.500,joint_grid_transaction,15,15,3,9,5,0.000,1.00
43.776,6,en_route_pickup,4.789,-0.035,-1.000,-1.500,joint_grid_transaction,15,15,3,9,6,0.000,1.00
43.776,7,returning_home,-7.004,0.303,-7.000,0.000,joint_grid_transaction,15,15,3,4,None,0.000,1.00
43.776,8,en_route_pickup,6.962,-0.215,0.000,-3.500,joint_grid_transaction,15,15,3,3,7,0.000,1.00
44.032,1,en_route_delivery,-4.249,0.770,-3.000,-1.500,joint_grid_transaction,16,16,1,9,1,0.000,1.00
44.032,2,en_route_pickup,-5.060,1.290,-1.000,1.500,joint_grid_transaction,16,16,1,9,2,0.000,1.00
44.032,3,en_route_pickup,-2.853,2.923,-3.000,1.500,joint_grid_transaction,16,16,2,8,3,0.000,1.00
44.032,4,en_route_pickup,4.248,0.981,0.000,3.500,joint_grid_transaction,16,16,1,9,4,0.000,1.00
44.032,5,en_route_pickup,-6.059,1.541,1.000,1.500,joint_grid_transaction,16,16,1,9,5,0.000,1.00
44.032,6,en_route_pickup,4.741,-0.029,-1.000,-1.500,joint_grid_transaction,16,16,1,9,6,0.000,1.00
44.032,7,returning_home,-7.000,0.261,-7.000,0.000,joint_grid_transaction,16,16,1,2,None,0.000,1.00
44.032,8,en_route_pickup,6.961,-0.217,0.000,-3.500,joint_grid_transaction,16,16,2,9,7,0.000,1.00
44.288,1,en_route_delivery,-4.253,0.730,-3.000,-1.500,joint_grid_transaction,16,16,1,9,1,0.000,1.00
44.288,2,en_route_pickup,-5.052,1.281,-1.000,1.500,joint_grid_transaction,16,16,2,9,2,0.000,1.00
44.288,3,en_route_pickup,-2.859,2.917,-3.000,1.500,joint_grid_transaction,16,16,2,8,3,0.000,1.00
44.288,4,en_route_pickup,4.253,1.021,0.000,3.500,joint_grid_transaction,16,16,1,9,4,0.000,1.00
44.288,5,en_route_pickup,-6.051,1.530,1.000,1.500,joint_grid_transaction,16,16,2,9,5,0.000,1.00
44.288,6,en_route_pickup,4.695,-0.024,-1.000,-1.500,joint_grid_transaction,16,16,2,9,6,0.000,1.00
44.288,7,returning_home,-6.997,0.220,-7.000,0.000,joint_grid_transaction,16,16,1,2,None,0.000,1.00
44.288,8,en_route_pickup,6.954,-0.236,0.000,-3.500,joint_grid_transaction,16,16,2,9,7,0.000,1.00
44.544,1,en_route_delivery,-4.257,0.691,-3.000,-1.500,joint_grid_transaction,16,16,2,9,1,0.000,1.00
44.544,2,en_route_pickup,-5.041,1.274,-1.000,1.500,joint_grid_transaction,16,16,2,9,2,0.000,1.00
44.544,3,en_route_pickup,-2.859,2.917,-3.000,1.500,joint_grid_transaction,16,16,2,8,3,0.000,1.00
44.544,4,en_route_pickup,4.257,1.060,0.000,3.500,joint_grid_transaction,16,16,2,9,4,0.000,1.00
44.544,5,en_route_pickup,-6.038,1.529,1.000,1.500,joint_grid_transaction,16,16,2,9,5,0.000,1.00
44.544,6,en_route_pickup,4.650,-0.019,-1.000,-1.500,joint_grid_transaction,16,16,2,9,6,0.000,1.00
44.544,7,en_route_pickup,-6.997,0.218,-6.000,-3.500,joint_grid_transaction,16,16,2,1,8,0.000,1.00
44.544,8,en_route_pickup,6.934,-0.263,0.000,-3.500,joint_grid_transaction,16,16,2,9,7,0.000,1.00
44.800,1,en_route_delivery,-4.261,0.652,-3.000,-1.500,joint_grid_transaction,16,16,2,9,1,0.000,1.00
44.800,2,en_route_pickup,-5.011,1.310,-1.000,1.500,joint_grid_transaction,16,16,2,9,2,0.000,1.00
44.800,3,en_route_pickup,-2.859,2.917,-3.000,1.500,joint_grid_transaction,16,16,2,8,3,0.000,1.00
44.800,4,en_route_pickup,4.261,1.099,0.000,3.500,joint_grid_transaction,16,16,2,9,4,0.000,1.00
44.800,5,en_route_pickup,-6.007,1.565,1.000,1.500,joint_grid_transaction,16,16,2,9,5,0.000,1.00
44.800,6,en_route_pickup,4.606,-0.015,-1.000,-1.500,joint_grid_transaction,16,16,2,9,6,0.000,1.00
44.800,7,en_route_pickup,-6.997,0.218,-6.000,-3.500,joint_grid_transaction,16,16,2,1,8,0.000,1.00
44.800,8,en_route_pickup,6.911,-0.284,0.000,-3.500,joint_grid_transaction,16,16,2,9,7,0.000,1.00
45.056,1,en_route_delivery,-4.265,0.614,-3.000,-1.500,joint_grid_transaction,17,17,2,9,1,0.000,1.00
45.056,2,en_route_pickup,-4.980,1.342,-1.000,1.500,joint_grid_transaction,17,17,2,9,2,0.000,1.00
45.056,3,en_route_pickup,-2.860,2.917,-3.000,1.500,joint_grid_transaction,17,17,1,7,3,0.000,1.00
45.056,4,en_route_pickup,4.264,1.137,0.000,3.500,joint_grid_transaction,17,17,2,9,4,0.000,1.00
45.056,5,en_route_pickup,-5.975,1.596,1.000,1.500,joint_grid_transaction,17,17,2,9,5,0.000,1.00
45.056,6,en_route_pickup,4.564,-0.011,-1.000,-1.500,joint_grid_transaction,17,17,2,9,6,0.000,1.00
45.056,7,en_route_pickup,-6.995,0.222,-6.000,-3.500,joint_grid_transaction,17,17,1,9,8,0.000,1.00
45.056,8,en_route_pickup,6.896,-0.293,0.000,-3.500,joint_grid_transaction,17,17,2,9,7,0.000,1.00
45.312,1,en_route_delivery,-4.269,0.577,-3.000,-1.500,joint_grid_transaction,17,17,2,9,1,0.000,1.00
45.312,2,en_route_pickup,-4.944,1.373,-1.000,1.500,joint_grid_transaction,17,17,2,9,2,0.000,1.00
45.312,3,en_route_pickup,-2.860,2.917,-3.000,1.500,joint_grid_transaction,17,17,1,7,3,0.000,1.00
45.312,4,en_route_pickup,4.268,1.174,0.000,3.500,joint_grid_transaction,17,17,2,9,4,0.000,1.00
45.312,5,en_route_pickup,-5.940,1.627,1.000,1.500,joint_grid_transaction,17,17,2,9,5,0.000,1.00
45.312,6,en_route_pickup,4.522,-0.006,-1.000,-1.500,joint_grid_transaction,17,17,2,9,6,0.000,1.00
45.312,7,en_route_pickup,-6.985,0.244,-6.000,-3.500,joint_grid_transaction,17,17,1,9,8,0.000,1.00
45.312,8,en_route_pickup,6.869,-0.285,0.000,-3.500,joint_grid_transaction,17,17,2,9,7,0.000,1.00
45.568,1,en_route_delivery,-4.272,0.542,-3.000,-1.500,joint_grid_transaction,17,17,2,9,1,0.000,1.00
45.568,2,en_route_pickup,-4.933,1.382,-1.000,1.500,joint_grid_transaction,17,17,2,9,2,0.000,1.00
45.568,3,en_route_pickup,-2.860,2.917,-3.000,1.500,joint_grid_transaction,17,17,1,7,3,0.000,1.00
45.568,4,en_route_pickup,4.272,1.210,0.000,3.500,joint_grid_transaction,17,17,2,9,4,0.000,1.00
45.568,5,en_route_pickup,-5.933,1.633,1.000,1.500,joint_grid_transaction,17,17,2,9,5,0.000,1.00
45.568,6,en_route_pickup,4.481,-0.002,-1.000,-1.500,joint_grid_transaction,17,17,2,9,6,0.000,1.00
45.568,7,en_route_pickup,-6.963,0.271,-6.000,-3.500,joint_grid_transaction,17,17,1,9,8,0.000,1.00
45.568,8,en_route_pickup,6.824,-0.271,0.000,-3.500,joint_grid_transaction,17,17,2,9,7,0.000,1.00
45.824,1,en_route_delivery,-4.276,0.508,-3.000,-1.500,joint_grid_transaction,17,17,2,9,1,0.000,1.00
45.824,2,en_route_pickup,-4.933,1.382,-1.000,1.500,joint_grid_transaction,17,17,2,9,2,0.000,1.00
45.824,3,en_route_pickup,-2.860,2.917,-3.000,1.500,joint_grid_transaction,17,17,1,7,3,0.000,1.00
45.824,4,en_route_pickup,4.275,1.244,0.000,3.500,joint_grid_transaction,17,17,2,9,4,0.000,1.00
45.824,5,en_route_pickup,-5.933,1.633,1.000,1.500,joint_grid_transaction,17,17,2,9,5,0.000,1.00
45.824,6,en_route_pickup,4.468,-0.000,-1.000,-1.500,joint_grid_transaction,17,17,2,9,6,0.000,1.00
45.824,7,en_route_pickup,-6.942,0.290,-6.000,-3.500,joint_grid_transaction,17,17,2,9,8,0.000,1.00
45.824,8,en_route_pickup,6.778,-0.262,0.000,-3.500,joint_grid_transaction,17,17,2,9,7,0.000,1.00
46.080,1,en_route_delivery,-4.279,0.475,-3.000,-1.500,joint_grid_transaction,17,17,2,9,1,0.000,1.00
46.080,2,en_route_pickup,-4.933,1.382,-1.000,1.500,joint_grid_transaction,17,17,2,9,2,0.000,1.00
46.080,3,en_route_pickup,-2.860,2.917,-3.000,1.500,joint_grid_transaction,17,17,1,7,3,0.000,1.00
46.080,4,en_route_pickup,4.278,1.276,0.000,3.500,joint_grid_transaction,17,17,2,9,4,0.000,1.00
46.080,5,en_route_pickup,-5.933,1.633,1.000,1.500,joint_grid_transaction,17,17,2,9,5,0.000,1.00
46.080,6,en_route_pickup,4.468,-0.000,-1.000,-1.500,joint_grid_transaction,17,17,2,9,6,0.000,1.00
46.080,7,en_route_pickup,-6.930,0.298,-6.000,-3.500,joint_grid_transaction,17,17,2,9,8,0.000,1.00
46.080,8,en_route_pickup,6.731,-0.256,0.000,-3.500,joint_grid_transaction,17,17,2,9,7,0.000,1.00
46.336,1,en_route_delivery,-4.282,0.441,-3.000,-1.500,joint_grid_transaction,17,17,3,9,1,0.000,1.00
46.336,2,en_route_pickup,-4.922,1.376,-1.000,1.500,joint_grid_transaction,17,17,3,9,2,0.000,1.00
46.336,3,en_route_pickup,-2.847,2.904,-3.000,1.500,joint_grid_transaction,17,17,2,7,3,0.000,1.00
46.336,4,en_route_pickup,4.282,1.311,0.000,3.500,joint_grid_transaction,17,17,3,9,4,0.000,1.00
46.336,5,en_route_pickup,-5.922,1.626,1.000,1.500,joint_grid_transaction,17,17,3,9,5,0.000,1.00
46.336,6,en_route_pickup,4.470,-0.002,-1.000,-1.500,joint_grid_transaction,17,17,3,9,6,0.000,1.00
46.336,7,en_route_pickup,-6.894,0.285,-6.000,-3.500,joint_grid_transaction,17,17,2,9,8,0.000,1.00
46.336,8,en_route_pickup,6.685,-0.251,0.000,-3.500,joint_grid_transaction,17,17,3,9,7,0.000,1.00
46.592,1,en_route_delivery,-4.286,0.407,-3.000,-1.500,joint_grid_transaction,17,17,3,9,1,0.000,1.00
46.592,2,en_route_pickup,-4.883,1.398,-1.000,1.500,joint_grid_transaction,17,17,3,9,2,0.000,1.00
46.592,3,en_route_pickup,-2.851,2.883,-3.000,1.500,joint_grid_transaction,17,17,2,7,3,0.000,1.00
46.592,4,en_route_pickup,4.285,1.346,0.000,3.500,joint_grid_transaction,17,17,3,9,4,0.000,1.00
46.592,5,en_route_pickup,-5.883,1.649,1.000,1.500,joint_grid_transaction,17,17,3,9,5,0.000,1.00
46.592,6,en_route_pickup,4.482,-0.006,-1.000,-1.500,joint_grid_transaction,17,17,3,9,6,0.000,1.00
46.592,7,en_route_pickup,-6.849,0.273,-6.000,-3.500,joint_grid_transaction,17,17,2,9,8,0.000,1.00
46.592,8,en_route_pickup,6.643,-0.248,0.000,-3.500,joint_grid_transaction,17,17,3,9,7,0.000,1.00
46.848,1,en_route_delivery,-4.289,0.373,-3.000,-1.500,joint_grid_transaction,17,17,3,9,1,0.000,1.00
46.848,2,en_route_pickup,-4.840,1.417,-1.000,1.500,joint_grid_transaction,17,17,3,9,2,0.000,1.00
46.848,3,en_route_pickup,-2.877,2.844,-3.000,1.500,joint_grid_transaction,17,17,2,7,3,0.000,1.00
46.848,4,en_route_pickup,4.288,1.379,0.000,3.500,joint_grid_transaction,17,17,3,9,4,0.000,1.00
46.848,5,en_route_pickup,-5.840,1.668,1.000,1.500,joint_grid_transaction,17,17,3,9,5,0.000,1.00
46.848,6,en_route_pickup,4.475,-0.019,-1.000,-1.500,joint_grid_transaction,17,17,3,9,6,0.000,1.00
46.848,7,en_route_pickup,-6.802,0.264,-6.000,-3.500,joint_grid_transaction,17,17,2,9,8,0.000,1.00
46.848,8,en_route_pickup,6.602,-0.245,0.000,-3.500,joint_grid_transaction,17,17,3,9,7,0.000,1.00
47.104,1,en_route_delivery,-4.292,0.341,-3.000,-1.500,joint_grid_transaction,17,17,3,9,1,0.000,1.00
47.104,2,en_route_pickup,-4.795,1.433,-1.000,1.500,joint_grid_transaction,17,17,3,9,2,0.000,1.00
47.104,3,en_route_pickup,-2.898,2.802,-3.000,1.500,joint_grid_transaction,17,17,2,7,3,0.000,1.00
47.104,4,en_route_pickup,4.292,1.412,0.000,3.500,joint_grid_transaction,17,17,3,9,4,0.000,1.00
47.104,5,en_route_pickup,-5.796,1.684,1.000,1.500,joint_grid_transaction,17,17,3,9,5,0.000,1.00
47.104,6,en_route_pickup,4.436,-0.046,-1.000,-1.500,joint_grid_transaction,17,17,3,9,6,0.000,1.00
47.104,7,en_route_pickup,-6.755,0.258,-6.000,-3.500,joint_grid_transaction,17,17,2,9,8,0.000,1.00
47.104,8,en_route_pickup,6.562,-0.241,0.000,-3.500,joint_grid_transaction,17,17,3,9,7,0.000,1.00
47.360,1,en_route_delivery,-4.295,0.310,-3.000,-1.500,joint_grid_transaction,17,17,3,9,1,0.000,1.00
47.360,2,en_route_pickup,-4.750,1.447,-1.000,1.500,joint_grid_transaction,17,17,3,9,2,0.000,1.00
47.360,3,en_route_pickup,-2.917,2.759,-3.000,1.500,joint_grid_transaction,17,17,2,7,3,0.000,1.00
47.360,4,en_route_pickup,4.295,1.443,0.000,3.500,joint_grid_transaction,17,17,3,9,4,0.000,1.00
47.360,5,en_route_pickup,-5.750,1.698,1.000,1.500,joint_grid_transaction,17,17,3,9,5,0.000,1.00
47.360,6,en_route_pickup,4.400,-0.076,-1.000,-1.500,joint_grid_transaction,17,17,3,9,6,0.000,1.00
47.360,7,en_route_pickup,-6.709,0.254,-6.000,-3.500,joint_grid_transaction,17,17,2,9,8,0.000,1.00
47.360,8,en_route_pickup,6.523,-0.238,0.000,-3.500,joint_grid_transaction,17,17,3,9,7,0.000,1.00
47.616,1,en_route_delivery,-4.298,0.281,-3.000,-1.500,joint_grid_transaction,17,17,3,9,1,0.000,1.00
47.616,2,en_route_pickup,-4.704,1.459,-1.000,1.500,joint_grid_transaction,17,17,3,9,2,0.000,1.00
47.616,3,en_route_pickup,-2.935,2.714,-3.000,1.500,joint_grid_transaction,17,17,2,7,3,0.000,1.00
47.616,4,en_route_pickup,4.297,1.472,0.000,3.500,joint_grid_transaction,17,17,3,9,4,0.000,1.00
47.616,5,en_route_pickup,-5.704,1.710,1.000,1.500,joint_grid_transaction,17,17,3,9,5,0.000,1.00
47.616,6,en_route_pickup,4.397,-0.094,-1.000,-1.500,joint_grid_transaction,17,17,4,9,6,0.000,1.00
47.616,7,en_route_pickup,-6.667,0.250,-6.000,-3.500,joint_grid_transaction,17,17,3,9,8,0.000,1.00
47.616,8,en_route_pickup,6.485,-0.235,0.000,-3.500,joint_grid_transaction,17,17,3,9,7,0.000,1.00
47.872,1,en_route_delivery,-4.301,0.253,-3.000,-1.500,joint_grid_transaction,17,17,3,9,1,0.000,1.00
47.872,2,en_route_pickup,-4.658,1.469,-1.000,1.500,joint_grid_transaction,17,17,4,9,2,0.000,1.00
47.872,3,en_route_pickup,-2.949,2.670,-3.000,1.500,joint_grid_transaction,17,17,3,7,3,0.000,1.00
47.872,4,en_route_pickup,4.300,1.500,0.000,3.500,joint_grid_transaction,17,17,3,9,4,0.000,1.00
47.872,5,en_route_pickup,-5.658,1.719,1.000,1.500,joint_grid_transaction,17,17,4,9,5,0.000,1.00
47.872,6,en_route_pickup,4.391,-0.116,-1.000,-1.500,joint_grid_transaction,17,17,4,9,6,0.000,1.00
47.872,7,en_route_pickup,-6.626,0.247,-6.000,-3.500,joint_grid_transaction,17,17,3,9,8,0.000,1.00
47.872,8,en_route_pickup,6.447,-0.232,0.000,-3.500,joint_grid_transaction,17,17,4,9,7,0.000,1.00
48.128,1,en_route_delivery,-4.302,0.232,-3.000,-1.500,joint_grid_transaction,17,17,3,9,1,0.000,1.00
48.128,2,en_route_pickup,-4.611,1.476,-1.000,1.500,joint_grid_transaction,17,17,4,9,2,0.000,1.00
48.128,3,en_route_pickup,-2.960,2.624,-3.000,1.500,joint_grid_transaction,17,17,3,7,3,0.000,1.00
48.128,4,en_route_pickup,4.301,1.521,0.000,3.500,joint_grid_transaction,17,17,3,9,4,0.000,1.00
48.128,5,en_route_pickup,-5.611,1.726,1.000,1.500,joint_grid_transaction,17,17,4,9,5,0.000,1.00
48.128,6,en_route_pickup,4.366,-0.156,-1.000,-1.500,joint_grid_transaction,17,17,4,9,6,0.000,1.00
48.128,7,en_route_pickup,-6.586,0.243,-6.000,-3.500,joint_grid_transaction,17,17,3,9,8,0.000,1.00
48.128,8,en_route_pickup,6.408,-0.229,0.000,-3.500,joint_grid_transaction,17,17,4,9,7,0.000,1.00
48.384,1,en_route_delivery,-4.303,0.210,-3.000,-1.500,joint_grid_transaction,17,17,3,9,1,0.000,1.00
48.384,2,en_route_pickup,-4.563,1.482,-1.000,1.500,joint_grid_transaction,17,17,4,9,2,0.000,1.00
48.384,3,en_route_pickup,-2.969,2.577,-3.000,1.500,joint_grid_transaction,17,17,3,7,3,0.000,1.00
48.384,4,en_route_pickup,4.303,1.545,0.000,3.500,joint_grid_transaction,17,17,4,9,4,0.000,1.00
48.384,5,en_route_pickup,-5.563,1.732,1.000,1.500,joint_grid_transaction,17,17,4,9,5,0.000,1.00
48.384,6,en_route_pickup,4.346,-0.199,-1.000,-1.500,joint_grid_transaction,17,17,4,9,6,0.000,1.00
48.384,7,en_route_pickup,-6.546,0.240,-6.000,-3.500,joint_grid_transaction,17,17,3,9,8,0.000,1.00
48.384,8,en_route_pickup,6.371,-0.226,0.000,-3.500,joint_grid_transaction,17,17,4,9,7,0.000,1.00
48.640,1,en_route_delivery,-4.305,0.176,-3.000,-1.500,joint_grid_transaction,17,17,4,9,1,0.000,1.00
48.640,2,en_route_pickup,-4.517,1.486,-1.000,1.500,joint_grid_transaction,17,17,4,9,2,0.000,1.00
48.640,3,en_route_pickup,-2.976,2.530,-3.000,1.500,joint_grid_transaction,17,17,3,7,3,0.000,1.00
48.640,4,en_route_pickup,4.305,1.579,0.000,3.500,joint_grid_transaction,17,17,4,9,4,0.000,1.00
48.640,5,en_route_pickup,-5.517,1.736,1.000,1.500,joint_grid_transaction,17,17,4,9,5,0.000,1.00
48.640,6,en_route_pickup,4.327,-0.243,-1.000,-1.500,joint_grid_transaction,17,17,4,9,6,0.000,1.00
48.640,7,en_route_pickup,-6.507,0.237,-6.000,-3.500,joint_grid_transaction,17,17,3,9,8,0.000,1.00
48.640,8,en_route_pickup,6.335,-0.223,0.000,-3.500,joint_grid_transaction,17,17,4,9,7,0.000,1.00
48.896,1,en_route_delivery,-4.307,0.143,-3.000,-1.500,joint_grid_transaction,17,17,4,9,1,0.000,1.00
48.896,2,en_route_pickup,-4.473,1.490,-1.000,1.500,joint_grid_transaction,17,17,4,9,2,0.000,1.00
48.896,3,en_route_pickup,-2.982,2.482,-3.000,1.500,joint_grid_transaction,17,17,3,7,3,0.000,1.00
48.896,4,en_route_pickup,4.307,1.612,0.000,3.500,joint_grid_transaction,17,17,4,9,4,0.000,1.00
48.896,5,en_route_pickup,-5.473,1.740,1.000,1.500,joint_grid_transaction,17,17,4,9,5,0.000,1.00
48.896,6,en_route_pickup,4.311,-0.287,-1.000,-1.500,joint_grid_transaction,17,17,4,9,6,0.000,1.00
48.896,7,en_route_pickup,-6.470,0.233,-6.000,-3.500,joint_grid_transaction,17,17,3,9,8,0.000,1.00
48.896,8,en_route_pickup,6.299,-0.220,0.000,-3.500,joint_grid_transaction,17,17,4,9,7,0.000,1.00
49.152,1,en_route_delivery,-4.309,0.112,-3.000,-1.500,joint_grid_transaction,18,18,2,9,1,0.000,1.00
49.152,2,en_route_pickup,-4.469,1.494,-1.000,1.500,joint_grid_transaction,18,18,2,9,2,0.000,1.00
49.152,3,en_route_pickup,-2.987,2.436,-3.000,1.500,joint_grid_transaction,18,18,2,9,3,0.000,1.00
49.152,4,en_route_pickup,4.309,1.643,0.000,3.500,joint_grid_transaction,18,18,2,9,4,0.000,1.00
49.152,5,en_route_pickup,-5.469,1.744,1.000,1.500,joint_grid_transaction,18,18,2,9,5,0.000,1.00
49.152,6,en_route_pickup,4.297,-0.332,-1.000,-1.500,joint_grid_transaction,18,18,2,9,6,0.000,1.00
49.152,7,en_route_pickup,-6.432,0.230,-6.000,-3.500,joint_grid_transaction,18,18,2,9,8,0.000,1.00
49.152,8,en_route_pickup,6.266,-0.217,0.000,-3.500,joint_grid_transaction,18,18,1,8,7,0.000,1.00
49.408,1,en_route_delivery,-4.311,0.081,-3.000,-1.500,joint_grid_transaction,18,18,2,9,1,0.000,1.00
49.408,2,en_route_pickup,-4.481,1.499,-1.000,1.500,joint_grid_transaction,18,18,2,9,2,0.000,1.00
49.408,3,en_route_pickup,-2.991,2.393,-3.000,1.500,joint_grid_transaction,18,18,2,9,3,0.000,1.00
49.408,4,en_route_pickup,4.310,1.674,0.000,3.500,joint_grid_transaction,18,18,2,9,4,0.000,1.00
49.408,5,en_route_pickup,-5.481,1.749,1.000,1.500,joint_grid_transaction,18,18,2,9,5,0.000,1.00
49.408,6,en_route_pickup,4.286,-0.378,-1.000,-1.500,joint_grid_transaction,18,18,2,9,6,0.000,1.00
49.408,7,en_route_pickup,-6.395,0.227,-6.000,-3.500,joint_grid_transaction,18,18,2,9,8,0.000,1.00
49.408,8,en_route_pickup,6.234,-0.214,0.000,-3.500,joint_grid_transaction,18,18,1,8,7,0.000,1.00
49.664,1,en_route_delivery,-4.312,0.052,-3.000,-1.500,joint_grid_transaction,18,18,2,9,1,0.000,1.00
49.664,2,en_route_pickup,-4.459,1.520,-1.000,1.500,joint_grid_transaction,18,18,2,9,2,0.000,1.00
49.664,3,en_route_pickup,-2.995,2.351,-3.000,1.500,joint_grid_transaction,18,18,2,9,3,0.000,1.00
49.664,4,en_route_pickup,4.312,1.703,0.000,3.500,joint_grid_transaction,18,18,2,9,4,0.000,1.00
49.664,5,en_route_pickup,-5.459,1.770,1.000,1.500,joint_grid_transaction,18,18,2,9,5,0.000,1.00
49.664,6,en_route_pickup,4.278,-0.425,-1.000,-1.500,joint_grid_transaction,18,18,2,9,6,0.000,1.00
49.664,7,en_route_pickup,-6.358,0.224,-6.000,-3.500,joint_grid_transaction,18,18,2,9,8,0.000,1.00
49.664,8,en_route_pickup,6.215,-0.213,0.000,-3.500,joint_grid_transaction,18,18,1,8,7,0.000,1.00
49.920,1,en_route_delivery,-4.314,0.024,-3.000,-1.500,joint_grid_transaction,18,18,2,9,1,0.000,1.00
49.920,2,en_route_pickup,-4.422,1.549,-1.000,1.500,joint_grid_transaction,18,18,2,9,2,0.000,1.00
49.920,3,en_route_pickup,-2.999,2.309,-3.000,1.500,joint_grid_transaction,18,18,2,9,3,0.000,1.00
49.920,4,en_route_pickup,4.314,1.730,0.000,3.500,joint_grid_transaction,18,18,2,9,4,0.000,1.00
49.920,5,en_route_pickup,-5.422,1.799,1.000,1.500,joint_grid_transaction,18,18,2,9,5,0.000,1.00
49.920,6,en_route_pickup,4.272,-0.472,-1.000,-1.500,joint_grid_transaction,18,18,2,9,6,0.000,1.00
49.920,7,en_route_pickup,-6.322,0.221,-6.000,-3.500,joint_grid_transaction,18,18,2,9,8,0.000,1.00
49.920,8,en_route_pickup,6.215,-0.213,0.000,-3.500,joint_grid_transaction,18,18,1,8,7,0.000,1.00
50.176,1,en_route_delivery,-4.315,0.001,-3.000,-1.500,joint_grid_transaction,18,18,2,9,1,0.000,1.00
50.176,2,en_route_pickup,-4.387,1.581,-1.000,1.500,joint_grid_transaction,18,18,2,9,2,0.000,1.00
50.176,3,en_route_pickup,-3.002,2.268,-3.000,1.500,joint_grid_transaction,18,18,2,9,3,0.000,1.00
50.176,4,en_route_pickup,4.315,1.753,0.000,3.500,joint_grid_transaction,18,18,2,9,4,0.000,1.00
50.176,5,en_route_pickup,-5.387,1.831,1.000,1.500,joint_grid_transaction,18,18,2,9,5,0.000,1.00
50.176,6,en_route_pickup,4.266,-0.520,-1.000,-1.500,joint_grid_transaction,18,18,2,9,6,0.000,1.00
50.176,7,en_route_pickup,-6.288,0.218,-6.000,-3.500,joint_grid_transaction,18,18,2,9,8,0.000,1.00
50.176,8,en_route_pickup,6.211,-0.212,0.000,-3.500,joint_grid_transaction,18,18,1,8,7,0.000,1.00
50.432,1,en_route_delivery,-4.315,-0.020,-3.000,-1.500,joint_grid_transaction,18,18,2,9,1,0.000,1.00
50.432,2,en_route_pickup,-4.396,1.593,-1.000,1.500,joint_grid_transaction,18,18,3,9,2,0.000,1.00
50.432,3,en_route_pickup,-3.006,2.228,-3.000,1.500,joint_grid_transaction,18,18,2,9,3,0.000,1.00
50.432,4,en_route_pickup,4.315,1.774,0.000,3.500,joint_grid_transaction,18,18,2,9,4,0.000,1.00
50.432,5,en_route_pickup,-5.387,1.833,1.000,1.500,joint_grid_transaction,18,18,3,9,5,0.000,1.00
50.432,6,en_route_pickup,4.262,-0.565,-1.000,-1.500,joint_grid_transaction,18,18,3,9,6,0.000,1.00
50.432,7,en_route_pickup,-6.255,0.215,-6.000,-3.500,joint_grid_transaction,18,18,2,9,8,0.000,1.00
50.432,8,en_route_pickup,6.176,-0.209,0.000,-3.500,joint_grid_transaction,18,18,2,8,7,0.000,1.00
50.688,1,en_route_delivery,-4.316,-0.044,-3.000,-1.500,joint_grid_transaction,18,18,2,9,1,0.000,1.00
50.688,2,en_route_pickup,-4.376,1.626,-1.000,1.500,joint_grid_transaction,18,18,3,9,2,0.000,1.00
50.688,3,en_route_pickup,-3.006,2.218,-3.000,1.500,joint_grid_transaction,18,18,3,9,3,0.000,1.00
50.688,4,en_route_pickup,4.315,1.791,0.000,3.500,joint_grid_transaction,18,18,2,9,4,0.000,1.00
50.688,5,en_route_pickup,-5.387,1.833,1.000,1.500,joint_grid_transaction,18,18,3,9,5,0.000,1.00
50.688,6,en_route_pickup,4.258,-0.607,-1.000,-1.500,joint_grid_transaction,18,18,3,9,6,0.000,1.00
50.688,7,en_route_pickup,-6.225,0.213,-6.000,-3.500,joint_grid_transaction,18,18,2,9,8,0.000,1.00
50.688,8,en_route_pickup,6.142,-0.206,0.000,-3.500,joint_grid_transaction,18,18,2,8,7,0.000,1.00
50.944,1,en_route_delivery,-4.315,-0.081,-3.000,-1.500,joint_grid_transaction,18,18,3,9,1,0.000,1.00
50.944,2,en_route_pickup,-4.353,1.668,-1.000,1.500,joint_grid_transaction,18,18,3,9,2,0.000,1.00
50.944,3,en_route_pickup,-3.002,2.231,-3.000,1.500,joint_grid_transaction,18,18,3,9,3,0.000,1.00
50.944,4,en_route_pickup,4.312,1.778,0.000,3.500,joint_grid_transaction,18,18,3,9,4,0.000,1.00
50.944,5,en_route_pickup,-5.387,1.833,1.000,1.500,joint_grid_transaction,18,18,3,9,5,0.000,1.00
50.944,6,en_route_pickup,4.254,-0.650,-1.000,-1.500,joint_grid_transaction,18,18,3,9,6,0.000,1.00
50.944,7,en_route_pickup,-6.220,0.210,-6.000,-3.500,joint_grid_transaction,18,18,3,9,8,0.000,1.00
50.944,8,en_route_pickup,6.109,-0.204,0.000,-3.500,joint_grid_transaction,18,18,2,8,7,0.000,1.00
51.200,1,en_route_delivery,-4.315,-0.118,-3.000,-1.500,joint_grid_transaction,18,18,3,9,1,0.000,1.00
51.200,2,en_route_pickup,-4.334,1.711,-1.000,1.500,joint_grid_transaction,18,18,3,9,2,0.000,1.00
51.200,3,en_route_pickup,-2.990,2.227,-3.000,1.500,joint_grid_transaction,18,18,3,9,3,0.000,1.00
51.200,4,en_route_pickup,4.304,1.764,0.000,3.500,joint_grid_transaction,18,18,3,9,4,0.000,1.00
51.200,5,en_route_pickup,-5.387,1.833,1.000,1.500,joint_grid_transaction,18,18,3,9,5,0.000,1.00
51.200,6,en_route_pickup,4.250,-0.691,-1.000,-1.500,joint_grid_transaction,18,18,3,9,6,0.000,1.00
51.200,7,en_route_pickup,-6.230,0.207,-6.000,-3.500,joint_grid_transaction,18,18,3,9,8,0.000,1.00
51.200,8,en_route_pickup,6.078,-0.201,0.000,-3.500,joint_grid_transaction,18,18,2,8,7,0.000,1.00
51.456,1,en_route_delivery,-4.315,-0.154,-3.000,-1.500,joint_grid_transaction,18,18,3,9,1,0.000,1.00
51.456,2,en_route_pickup,-4.317,1.755,-1.000,1.500,joint_grid_transaction,18,18,3,9,2,0.000,1.00
51.456,3,en_route_pickup,-2.962,2.189,-3.000,1.500,joint_grid_transaction,18,18,3,9,3,0.000,1.00
51.456,4,en_route_pickup,4.284,1.779,0.000,3.500,joint_grid_transaction,18,18,3,9,4,0.000,1.00
51.456,5,en_route_pickup,-5.386,1.834,1.000,1.500,joint_grid_transaction,18,18,4,9,5,0.000,1.00
51.456,6,en_route_pickup,4.246,-0.731,-1.000,-1.500,joint_grid_transaction,18,18,3,9,6,0.000,1.00
51.456,7,en_route_pickup,-6.193,0.184,-6.000,-3.500,joint_grid_transaction,18,18,3,9,8,0.000,1.00
51.456,8,en_route_pickup,6.048,-0.198,0.000,-3.500,joint_grid_transaction,18,18,2,8,7,0.000,1.00
51.712,1,en_route_delivery,-4.314,-0.189,-3.000,-1.500,joint_grid_transaction,18,18,3,9,1,0.000,1.00
51.712,2,en_route_pickup,-4.303,1.791,-1.000,1.500,joint_grid_transaction,18,18,4,9,2,0.000,1.00
51.712,3,en_route_pickup,-2.932,2.153,-3.000,1.500,joint_grid_transaction,18,18,3,9,3,0.000,1.00
51.712,4,en_route_pickup,4.253,1.814,0.000,3.500,joint_grid_transaction,18,18,3,9,4,0.000,1.00
51.712,5,en_route_pickup,-5.386,1.834,1.000,1.500,joint_grid_transaction,18,18,4,9,5,0.000,1.00
51.712,6,en_route_pickup,4.243,-0.771,-1.000,-1.500,joint_grid_transaction,18,18,3,9,6,0.000,1.00
51.712,7,en_route_pickup,-6.154,0.158,-6.000,-3.500,joint_grid_transaction,18,18,3,9,8,0.000,1.00
51.712,8,en_route_pickup,6.020,-0.196,0.000,-3.500,joint_grid_transaction,18,18,2,8,7,0.000,1.00
51.968,1,en_route_delivery,-4.313,-0.223,-3.000,-1.500,joint_grid_transaction,18,18,3,9,1,0.000,1.00
51.968,2,en_route_pickup,-4.296,1.777,-1.000,1.500,joint_grid_transaction,18,18,4,9,2,0.000,1.00
51.968,3,en_route_pickup,-2.912,2.144,-3.000,1.500,joint_grid_transaction,18,18,4,9,3,0.000,1.00
51.968,4,en_route_pickup,4.218,1.846,0.000,3.500,joint_grid_transaction,18,18,3,9,4,0.000,1.00
51.968,5,en_route_pickup,-5.386,1.834,1.000,1.500,joint_grid_transaction,18,18,4,9,5,0.000,1.00
51.968,6,en_route_pickup,4.239,-0.810,-1.000,-1.500,joint_grid_transaction,18,18,4,9,6,0.000,1.00
51.968,7,en_route_pickup,-6.161,0.143,-6.000,-3.500,joint_grid_transaction,18,18,4,9,8,0.000,1.00
51.968,8,en_route_pickup,5.996,-0.194,0.000,-3.500,joint_grid_transaction,18,18,2,8,7,0.000,1.00
52.224,1,en_route_delivery,-4.312,-0.256,-3.000,-1.500,joint_grid_transaction,18,18,3,9,1,0.000,1.00
52.224,2,en_route_pickup,-4.279,1.786,-1.000,1.500,joint_grid_transaction,18,18,4,9,2,0.000,1.00
52.224,3,en_route_pickup,-2.890,2.140,-3.000,1.500,joint_grid_transaction,18,18,4,9,3,0.000,1.00
52.224,4,en_route_pickup,4.182,1.877,0.000,3.500,joint_grid_transaction,18,18,3,9,4,0.000,1.00
52.224,5,en_route_pickup,-5.386,1.834,1.000,1.500,joint_grid_transaction,18,18,4,9,5,0.000,1.00
52.224,6,en_route_pickup,4.235,-0.849,-1.000,-1.500,joint_grid_transaction,18,18,4,9,6,0.000,1.00
52.224,7,en_route_pickup,-6.160,0.124,-6.000,-3.500,joint_grid_transaction,18,18,4,9,8,0.000,1.00
52.224,8,en_route_pickup,5.975,-0.193,0.000,-3.500,joint_grid_transaction,18,18,2,8,7,0.000,1.00
52.480,1,en_route_delivery,-4.310,-0.289,-3.000,-1.500,joint_grid_transaction,18,18,3,9,1,0.000,1.00
52.480,2,en_route_pickup,-4.247,1.821,-1.000,1.500,joint_grid_transaction,18,18,4,9,2,0.000,1.00
52.480,3,en_route_pickup,-2.850,2.116,-3.000,1.500,joint_grid_transaction,18,18,4,9,3,0.000,1.00
52.480,4,en_route_pickup,4.164,1.879,0.000,3.500,joint_grid_transaction,18,18,4,9,4,0.000,1.00
52.480,5,en_route_pickup,-5.386,1.834,1.000,1.500,joint_grid_transaction,18,18,4,9,5,0.000,1.00
52.480,6,en_route_pickup,4.232,-0.887,-1.000,-1.500,joint_grid_transaction,18,18,4,9,6,0.000,1.00
52.480,7,en_route_pickup,-6.133,0.085,-6.000,-3.500,joint_grid_transaction,18,18,4,9,8,0.000,1.00
52.480,8,en_route_pickup,5.949,-0.192,0.000,-3.500,joint_grid_transaction,18,18,2,8,7,0.000,1.00
52.736,1,en_route_delivery,-4.308,-0.332,-3.000,-1.500,joint_grid_transaction,18,18,4,9,1,0.000,1.00
52.736,2,en_route_pickup,-4.220,1.847,-1.000,1.500,joint_grid_transaction,18,18,4,9,2,0.000,0.85
52.736,3,en_route_pickup,-2.808,2.095,-3.000,1.500,joint_grid_transaction,18,18,4,9,3,0.000,1.00
52.736,4,en_route_pickup,4.123,1.901,0.000,3.500,joint_grid_transaction,18,18,4,9,4,0.000,1.00
52.736,5,en_route_pickup,-5.374,1.827,1.000,1.500,joint_grid_transaction,18,18,5,9,5,0.000,1.00
52.736,6,en_route_pickup,4.229,-0.924,-1.000,-1.500,joint_grid_transaction,18,18,4,9,6,0.000,1.00
52.736,7,en_route_pickup,-6.110,0.044,-6.000,-3.500,joint_grid_transaction,18,18,4,9,8,0.000,1.00
52.736,8,en_route_pickup,5.915,-0.191,0.000,-3.500,joint_grid_transaction,18,18,3,8,7,0.000,1.00
52.992,1,en_route_delivery,-4.305,-0.374,-3.000,-1.500,joint_grid_transaction,19,19,2,9,1,0.000,1.00
52.992,2,en_route_pickup,-4.196,1.869,-1.000,1.500,joint_grid_transaction,19,19,2,9,2,0.000,0.85
52.992,3,en_route_pickup,-2.770,2.084,-3.000,1.500,joint_grid_transaction,19,19,0,8,3,0.000,1.00
52.992,4,en_route_pickup,4.089,1.916,0.000,3.500,joint_grid_transaction,19,19,1,8,4,0.000,1.00
52.992,5,en_route_pickup,-5.341,1.846,1.000,1.500,joint_grid_transaction,19,19,1,8,5,0.000,1.00
52.992,6,en_route_pickup,4.225,-0.959,-1.000,-1.500,joint_grid_transaction,19,19,1,8,6,0.000,1.00
52.992,7,en_route_pickup,-6.089,0.002,-6.000,-3.500,joint_grid_transaction,19,19,1,8,8,0.000,1.00
52.992,8,en_route_pickup,5.884,-0.189,0.000,-3.500,joint_grid_transaction,19,19,2,9,7,0.000,1.00
53.248,1,en_route_delivery,-4.301,-0.420,-3.000,-1.500,joint_grid_transaction,19,19,2,9,1,0.000,1.00
53.248,2,en_route_pickup,-4.182,1.880,-1.000,1.500,joint_grid_transaction,19,19,2,9,2,0.000,1.00
53.248,3,en_route_pickup,-2.763,2.086,-3.000,1.500,joint_grid_transaction,19,19,0,8,3,0.000,1.00
53.248,4,en_route_pickup,4.089,1.916,0.000,3.500,joint_grid_transaction,19,19,1,8,4,0.000,1.00
53.248,5,en_route_pickup,-5.321,1.836,1.000,1.500,joint_grid_transaction,19,19,1,8,5,0.000,1.00
53.248,6,en_route_pickup,4.222,-0.993,-1.000,-1.500,joint_grid_transaction,19,19,1,8,6,0.000,1.00
53.248,7,en_route_pickup,-6.070,-0.042,-6.000,-3.500,joint_grid_transaction,19,19,1,8,8,0.000,1.00
53.248,8,en_route_pickup,5.853,-0.188,0.000,-3.500,joint_grid_transaction,19,19,2,9,7,0.000,1.00
53.504,1,en_route_delivery,-4.296,-0.467,-3.000,-1.500,joint_grid_transaction,19,19,2,9,1,0.000,1.00
53.504,2,en_route_pickup,-4.182,1.880,-1.000,1.500,joint_grid_transaction,19,19,2,9,2,0.000,1.00
53.504,3,en_route_pickup,-2.780,2.092,-3.000,1.500,joint_grid_transaction,19,19,0,8,3,0.000,1.00
53.504,4,en_route_pickup,4.089,1.916,0.000,3.500,joint_grid_transaction,19,19,1,8,4,0.000,1.00
53.504,5,en_route_pickup,-5.315,1.834,1.000,1.500,joint_grid_transaction,19,19,1,8,5,0.000,1.00
53.504,6,en_route_pickup,4.219,-1.026,-1.000,-1.500,joint_grid_transaction,19,19,1,8,6,0.000,1.00
53.504,7,en_route_pickup,-6.070,-0.042,-6.000,-3.500,joint_grid_transaction,19,19,1,8,8,0.000,1.00
53.504,8,en_route_pickup,5.823,-0.186,0.000,-3.500,joint_grid_transaction,19,19,2,9,7,0.000,1.00
53.760,1,en_route_delivery,-4.290,-0.515,-3.000,-1.500,joint_grid_transaction,19,19,2,9,1,0.000,1.00
53.760,2,en_route_pickup,-4.182,1.880,-1.000,1.500,joint_grid_transaction,19,19,2,9,2,0.000,1.00
53.760,3,en_route_pickup,-2.807,2.111,-3.000,1.500,joint_grid_transaction,19,19,0,8,3,0.000,1.00
53.760,4,en_route_pickup,4.089,1.916,0.000,3.500,joint_grid_transaction,19,19,1,8,4,0.000,1.00
53.760,5,en_route_pickup,-5.301,1.834,1.000,1.500,joint_grid_transaction,19,19,1,8,5,0.000,0.85
53.760,6,en_route_pickup,4.219,-1.033,-1.000,-1.500,joint_grid_transaction,19,19,1,8,6,0.000,1.00
53.760,7,en_route_pickup,-6.070,-0.042,-6.000,-3.500,joint_grid_transaction,19,19,1,8,8,0.000,1.00
53.760,8,en_route_pickup,5.795,-0.184,0.000,-3.500,joint_grid_transaction,19,19,2,9,7,0.000,1.00
54.016,1,en_route_delivery,-4.287,-0.536,-3.000,-1.500,joint_grid_transaction,19,19,2,9,1,0.000,1.00
54.016,2,en_route_pickup,-4.182,1.880,-1.000,1.500,joint_grid_transaction,19,19,2,9,2,0.000,1.00
54.016,3,en_route_pickup,-2.821,2.126,-3.000,1.500,joint_grid_transaction,19,19,1,8,3,0.000,1.00
54.016,4,en_route_pickup,4.089,1.916,0.000,3.500,joint_grid_transaction,19,19,1,8,4,0.000,1.00
54.016,5,en_route_pickup,-5.285,1.835,1.000,1.500,joint_grid_transaction,19,19,1,8,5,0.000,0.85
54.016,6,en_route_pickup,4.219,-1.033,-1.000,-1.500,joint_grid_transaction,19,19,1,8,6,0.000,1.00
54.016,7,en_route_pickup,-6.070,-0.042,-6.000,-3.500,joint_grid_transaction,19,19,1,8,8,0.000,1.00
54.016,8,en_route_pickup,5.769,-0.183,0.000,-3.500,joint_grid_transaction,19,19,2,9,7,0.000,1.00
54.272,1,en_route_delivery,-4.284,-0.556,-3.000,-1.500,joint_grid_transaction,19,19,3,9,1,0.000,1.00
54.272,2,en_route_pickup,-4.175,1.874,-1.000,1.500,joint_grid_transaction,19,19,3,9,2,0.000,1.00
54.272,3,en_route_pickup,-2.829,2.135,-3.000,1.500,joint_grid_transaction,19,19,2,8,3,0.000,1.00
54.272,4,en_route_pickup,4.070,1.924,0.000,3.500,joint_grid_transaction,19,19,2,8,4,0.000,1.00
54.272,5,en_route_pickup,-5.269,1.835,1.000,1.500,joint_grid_transaction,19,19,1,8,5,0.000,0.85
54.272,6,en_route_pickup,4.217,-1.051,-1.000,-1.500,joint_grid_transaction,19,19,2,8,6,0.000,1.00
54.272,7,en_route_pickup,-6.063,-0.061,-6.000,-3.500,joint_grid_transaction,19,19,2,8,8,0.000,1.00
54.272,8,en_route_pickup,5.748,-0.182,0.000,-3.500,joint_grid_transaction,19,19,2,9,7,0.000,1.00
54.528,1,en_route_delivery,-4.277,-0.603,-3.000,-1.500,joint_grid_transaction,19,19,3,9,1,0.000,1.00
54.528,2,en_route_pickup,-4.145,1.889,-1.000,1.500,joint_grid_transaction,19,19,3,9,2,0.000,1.00
54.528,3,en_route_pickup,-2.832,2.152,-3.000,1.500,joint_grid_transaction,19,19,2,8,3,0.000,1.00
54.528,4,en_route_pickup,4.025,1.940,0.000,3.500,joint_grid_transaction,19,19,2,8,4,0.000,1.00
54.528,5,en_route_pickup,-5.251,1.834,1.000,1.500,joint_grid_transaction,19,19,1,8,5,0.000,0.85
54.528,6,en_route_pickup,4.213,-1.086,-1.000,-1.500,joint_grid_transaction,19,19,2,8,6,0.000,1.00
54.528,7,en_route_pickup,-6.048,-0.105,-6.000,-3.500,joint_grid_transaction,19,19,2,8,8,0.000,1.00
54.528,8,en_route_pickup,5.725,-0.182,0.000,-3.500,joint_grid_transaction,19,19,2,9,7,0.000,1.00
54.784,1,en_route_delivery,-4.272,-0.650,-3.000,-1.500,joint_grid_transaction,19,19,3,9,1,0.000,1.00
54.784,2,en_route_pickup,-4.102,1.909,-1.000,1.500,joint_grid_transaction,19,19,3,9,2,0.000,1.00
54.784,3,en_route_pickup,-2.811,2.194,-3.000,1.500,joint_grid_transaction,19,19,2,8,3,0.000,1.00
54.784,4,en_route_pickup,3.979,1.954,0.000,3.500,joint_grid_transaction,19,19,2,8,4,0.000,1.00
54.784,5,en_route_pickup,-5.225,1.832,1.000,1.500,joint_grid_transaction,19,19,1,8,5,0.000,1.00
54.784,6,en_route_pickup,4.210,-1.120,-1.000,-1.500,joint_grid_transaction,19,19,2,8,6,0.000,1.00
54.784,7,en_route_pickup,-6.037,-0.151,-6.000,-3.500,joint_grid_transaction,19,19,2,8,8,0.000,1.00
54.784,8,en_route_pickup,5.700,-0.182,0.000,-3.500,joint_grid_transaction,19,19,3,9,7,0.000,1.00
55.040,1,en_route_delivery,-4.268,-0.696,-3.000,-1.500,joint_grid_transaction,19,19,3,9,1,0.000,1.00
55.040,2,en_route_pickup,-4.058,1.927,-1.000,1.500,joint_grid_transaction,19,19,3,9,2,0.000,1.00
55.040,3,en_route_pickup,-2.795,2.238,-3.000,1.500,joint_grid_transaction,19,19,2,8,3,0.000,1.00
55.040,4,en_route_pickup,3.965,1.958,0.000,3.500,joint_grid_transaction,19,19,2,8,4,0.000,1.00
55.040,5,en_route_pickup,-5.194,1.828,1.000,1.500,joint_grid_transaction,19,19,1,8,5,0.000,0.85
55.040,6,en_route_pickup,4.207,-1.153,-1.000,-1.500,joint_grid_transaction,19,19,2,8,6,0.000,1.00
55.040,7,en_route_pickup,-6.029,-0.198,-6.000,-3.500,joint_grid_transaction,19,19,2,8,8,0.000,1.00
55.040,8,en_route_pickup,5.661,-0.184,0.000,-3.500,joint_grid_transaction,19,19,3,9,7,0.000,1.00
55.296,1,en_route_delivery,-4.263,-0.740,-3.000,-1.500,joint_grid_transaction,19,19,3,9,1,0.000,1.00
55.296,2,en_route_pickup,-4.013,1.941,-1.000,1.500,joint_grid_transaction,19,19,3,9,2,0.000,1.00
55.296,3,en_route_pickup,-2.782,2.284,-3.000,1.500,joint_grid_transaction,19,19,2,8,3,0.000,1.00
55.296,4,en_route_pickup,3.965,1.958,0.000,3.500,joint_grid_transaction,19,19,2,8,4,0.000,1.00
55.296,5,en_route_pickup,-5.161,1.825,1.000,1.500,joint_grid_transaction,19,19,2,8,5,0.000,0.85
55.296,6,en_route_pickup,4.204,-1.184,-1.000,-1.500,joint_grid_transaction,19,19,2,8,6,0.000,1.00
55.296,7,en_route_pickup,-6.022,-0.245,-6.000,-3.500,joint_grid_transaction,19,19,2,8,8,0.000,1.00
55.296,8,en_route_pickup,5.622,-0.185,0.000,-3.500,joint_grid_transaction,19,19,3,9,7,0.000,1.00
55.552,1,en_route_delivery,-4.259,-0.784,-3.000,-1.500,joint_grid_transaction,19,19,3,9,1,0.000,1.00
55.552,2,en_route_pickup,-3.967,1.954,-1.000,1.500,joint_grid_transaction,19,19,3,9,2,0.000,1.00
55.552,3,en_route_pickup,-2.774,2.317,-3.000,1.500,joint_grid_transaction,19,19,3,8,3,0.000,1.00
55.552,4,en_route_pickup,3.932,1.966,0.000,3.500,joint_grid_transaction,19,19,3,8,4,0.000,1.00
55.552,5,en_route_pickup,-5.128,1.821,1.000,1.500,joint_grid_transaction,19,19,2,8,5,0.000,0.70
55.552,6,en_route_pickup,4.202,-1.213,-1.000,-1.500,joint_grid_transaction,19,19,2,8,6,0.000,1.00
55.552,7,en_route_pickup,-6.016,-0.292,-6.000,-3.500,joint_grid_transaction,19,19,3,8,8,0.000,1.00
55.552,8,en_route_pickup,5.582,-0.188,0.000,-3.500,joint_grid_transaction,19,19,3,9,7,0.000,1.00
55.808,1,en_route_delivery,-4.255,-0.826,-3.000,-1.500,joint_grid_transaction,20,20,2,9,1,0.000,1.00
55.808,2,en_route_pickup,-3.921,1.965,-1.000,1.500,joint_grid_transaction,20,20,2,9,2,0.000,1.00
55.808,3,en_route_pickup,-2.765,2.363,-3.000,1.500,joint_grid_transaction,20,20,2,9,3,0.000,1.00
55.808,4,en_route_pickup,3.885,1.976,0.000,3.500,joint_grid_transaction,20,20,2,9,4,0.000,1.00
55.808,5,en_route_pickup,-5.106,1.818,1.000,1.500,joint_grid_transaction,20,20,2,9,5,0.000,0.70
55.808,6,en_route_pickup,4.199,-1.241,-1.000,-1.500,joint_grid_transaction,20,20,1,9,6,0.000,1.00
55.808,7,en_route_pickup,-6.011,-0.338,-6.000,-3.500,joint_grid_transaction,20,20,2,9,8,0.000,1.00
55.808,8,en_route_pickup,5.542,-0.191,0.000,-3.500,joint_grid_transaction,20,20,1,8,7,0.000,1.00
56.064,1,en_route_delivery,-4.251,-0.868,-3.000,-1.500,joint_grid_transaction,20,20,2,9,1,0.000,1.00
56.064,2,en_route_pickup,-3.875,1.973,-1.000,1.500,joint_grid_transaction,20,20,2,9,2,0.000,1.00
56.064,3,en_route_pickup,-2.759,2.410,-3.000,1.500,joint_grid_transaction,20,20,2,9,3,0.000,1.00
56.064,4,en_route_pickup,3.838,1.982,0.000,3.500,joint_grid_transaction,20,20,2,9,4,0.000,1.00
56.064,5,en_route_pickup,-5.083,1.815,1.000,1.500,joint_grid_transaction,20,20,2,9,5,0.000,0.70
56.064,6,en_route_pickup,4.197,-1.264,-1.000,-1.500,joint_grid_transaction,20,20,1,9,6,0.000,1.00
56.064,7,en_route_pickup,-6.007,-0.381,-6.000,-3.500,joint_grid_transaction,20,20,2,9,8,0.000,1.00
56.064,8,en_route_pickup,5.500,-0.195,0.000,-3.500,joint_grid_transaction,20,20,1,8,7,0.000,1.00
56.320,1,en_route_delivery,-4.247,-0.908,-3.000,-1.500,joint_grid_transaction,20,20,2,9,1,0.000,1.00
56.320,2,en_route_pickup,-3.827,1.979,-1.000,1.500,joint_grid_transaction,20,20,2,9,2,0.000,1.00
56.320,3,en_route_pickup,-2.755,2.456,-3.000,1.500,joint_grid_transaction,20,20,2,9,3,0.000,1.00
56.320,4,en_route_pickup,3.791,1.987,0.000,3.500,joint_grid_transaction,20,20,2,9,4,0.000,1.00
56.320,5,en_route_pickup,-5.060,1.811,1.000,1.500,joint_grid_transaction,20,20,2,9,5,0.000,0.70
56.320,6,en_route_pickup,4.196,-1.285,-1.000,-1.500,joint_grid_transaction,20,20,1,9,6,0.000,1.00
56.320,7,en_route_pickup,-6.003,-0.423,-6.000,-3.500,joint_grid_transaction,20,20,2,9,8,0.000,1.00
56.320,8,en_route_pickup,5.462,-0.199,0.000,-3.500,joint_grid_transaction,20,20,1,8,7,0.000,1.00
56.576,1,en_route_delivery,-4.243,-0.948,-3.000,-1.500,joint_grid_transaction,20,20,2,9,1,0.000,1.00
56.576,2,en_route_pickup,-3.780,1.984,-1.000,1.500,joint_grid_transaction,20,20,2,9,2,0.000,1.00
56.576,3,en_route_pickup,-2.752,2.498,-3.000,1.500,joint_grid_transaction,20,20,2,9,3,0.000,1.00
56.576,4,en_route_pickup,3.747,1.992,0.000,3.500,joint_grid_transaction,20,20,2,9,4,0.000,1.00
56.576,5,en_route_pickup,-5.035,1.807,1.000,1.500,joint_grid_transaction,20,20,2,9,5,0.000,1.00
56.576,6,en_route_pickup,4.194,-1.318,-1.000,-1.500,joint_grid_transaction,20,20,2,9,6,0.000,1.00
56.576,7,en_route_pickup,-6.000,-0.464,-6.000,-3.500,joint_grid_transaction,20,20,2,9,8,0.000,1.00
56.576,8,en_route_pickup,5.462,-0.199,0.000,-3.500,joint_grid_transaction,20,20,1,8,7,0.000,1.00
56.832,1,en_route_delivery,-4.240,-0.987,-3.000,-1.500,joint_grid_transaction,20,20,2,9,1,0.000,1.00
56.832,2,en_route_pickup,-3.735,1.989,-1.000,1.500,joint_grid_transaction,20,20,2,9,2,0.000,1.00
56.832,3,en_route_pickup,-2.748,2.535,-3.000,1.500,joint_grid_transaction,20,20,3,9,3,0.000,1.00
56.832,4,en_route_pickup,3.717,1.994,0.000,3.500,joint_grid_transaction,20,20,3,9,4,0.000,1.00
56.832,5,en_route_pickup,-4.988,1.799,1.000,1.500,joint_grid_transaction,20,20,2,9,5,0.000,1.00
56.832,6,en_route_pickup,4.192,-1.352,-1.000,-1.500,joint_grid_transaction,20,20,2,9,6,0.000,1.00
56.832,7,en_route_pickup,-5.996,-0.505,-6.000,-3.500,joint_grid_transaction,20,20,2,9,8,0.000,1.00
56.832,8,en_route_pickup,5.460,-0.200,0.000,-3.500,joint_grid_transaction,20,20,2,8,7,0.000,1.00
57.088,1,en_route_delivery,-4.236,-1.024,-3.000,-1.500,joint_grid_transaction,20,20,2,9,1,0.000,1.00
57.088,2,en_route_pickup,-3.692,1.993,-1.000,1.500,joint_grid_transaction,20,20,3,9,2,0.000,1.00
57.088,3,en_route_pickup,-2.745,2.575,-3.000,1.500,joint_grid_transaction,20,20,3,9,3,0.000,1.00
57.088,4,en_route_pickup,3.676,1.998,0.000,3.500,joint_grid_transaction,20,20,3,9,4,0.000,1.00
57.088,5,en_route_pickup,-4.941,1.790,1.000,1.500,joint_grid_transaction,20,20,3,9,5,0.000,1.00
57.088,6,en_route_pickup,4.190,-1.384,-1.000,-1.500,joint_grid_transaction,20,20,2,9,6,0.000,1.00
57.088,7,en_route_pickup,-5.992,-0.544,-6.000,-3.500,joint_grid_transaction,20,20,2,9,8,0.000,1.00
57.088,8,en_route_pickup,5.414,-0.206,0.000,-3.500,joint_grid_transaction,20,20,2,8,7,0.000,1.00
57.344,1,en_route_delivery,-4.233,-1.062,-3.000,-1.500,joint_grid_transaction,20,20,3,9,1,0.000,1.00
57.344,2,en_route_pickup,-3.651,1.997,-1.000,1.500,joint_grid_transaction,20,20,3,9,2,0.000,1.00
57.344,3,en_route_pickup,-2.741,2.615,-3.000,1.500,joint_grid_transaction,20,20,3,9,3,0.000,1.00
57.344,4,en_route_pickup,3.636,2.002,0.000,3.500,joint_grid_transaction,20,20,3,9,4,0.000,1.00
57.344,5,en_route_pickup,-4.894,1.783,1.000,1.500,joint_grid_transaction,20,20,3,9,5,0.000,1.00
57.344,6,en_route_pickup,4.188,-1.414,-1.000,-1.500,joint_grid_transaction,20,20,2,9,6,0.000,1.00
57.344,7,en_route_pickup,-5.989,-0.584,-6.000,-3.500,joint_grid_transaction,20,20,3,9,8,0.000,1.00
57.344,8,en_route_pickup,5.367,-0.211,0.000,-3.500,joint_grid_transaction,20,20,2,8,7,0.000,1.00
57.600,1,en_route_delivery,-4.229,-1.100,-3.000,-1.500,joint_grid_transaction,20,20,3,9,1,0.000,1.00
57.600,2,en_route_pickup,-3.610,2.001,-1.000,1.500,joint_grid_transaction,20,20,3,9,2,0.000,1.00
57.600,3,en_route_pickup,-2.738,2.654,-3.000,1.500,joint_grid_transaction,20,20,3,9,3,0.000,1.00
57.600,4,en_route_pickup,3.596,2.006,0.000,3.500,joint_grid_transaction,20,20,3,9,4,0.000,1.00
57.600,5,en_route_pickup,-4.847,1.777,1.000,1.500,joint_grid_transaction,20,20,3,9,5,0.000,1.00
57.600,6,en_route_pickup,4.187,-1.443,-1.000,-1.500,joint_grid_transaction,20,20,2,9,6,0.000,1.00
57.600,7,en_route_pickup,-5.985,-0.623,-6.000,-3.500,joint_grid_transaction,20,20,3,9,8,0.000,1.00
57.600,8,en_route_pickup,5.319,-0.217,0.000,-3.500,joint_grid_transaction,20,20,2,8,7,0.000,1.00
57.856,1,en_route_delivery,-4.226,-1.137,-3.000,-1.500,joint_grid_transaction,20,20,3,9,1,0.000,1.00
57.856,2,en_route_pickup,-3.569,2.004,-1.000,1.500,joint_grid_transaction,20,20,3,9,2,0.000,1.00
57.856,3,en_route_pickup,-2.734,2.692,-3.000,1.500,joint_grid_transaction,20,20,3,9,3,0.000,1.00
57.856,4,en_route_pickup,3.557,2.010,0.000,3.500,joint_grid_transaction,20,20,3,9,4,0.000,1.00
57.856,5,en_route_pickup,-4.800,1.772,1.000,1.500,joint_grid_transaction,20,20,3,9,5,0.000,1.00
57.856,6,en_route_pickup,4.185,-1.471,-1.000,-1.500,joint_grid_transaction,20,20,2,9,6,0.000,1.00
57.856,7,en_route_pickup,-5.982,-0.660,-6.000,-3.500,joint_grid_transaction,20,20,3,9,8,0.000,1.00
57.856,8,en_route_pickup,5.272,-0.222,0.000,-3.500,joint_grid_transaction,20,20,2,8,7,0.000,1.00
58.112,1,en_route_delivery,-4.223,-1.172,-3.000,-1.500,joint_grid_transaction,20,20,3,9,1,0.000,1.00
58.112,2,en_route_pickup,-3.530,2.008,-1.000,1.500,joint_grid_transaction,20,20,3,9,2,0.000,1.00
58.112,3,en_route_pickup,-2.731,2.728,-3.000,1.500,joint_grid_transaction,20,20,3,9,3,0.000,1.00
58.112,4,en_route_pickup,3.519,2.014,0.000,3.500,joint_grid_transaction,20,20,3,9,4,0.000,1.00
58.112,5,en_route_pickup,-4.754,1.768,1.000,1.500,joint_grid_transaction,20,20,3,9,5,0.000,1.00
58.112,6,en_route_pickup,4.184,-1.493,-1.000,-1.500,joint_grid_transaction,20,20,2,9,6,0.000,1.00
58.112,7,en_route_pickup,-5.979,-0.697,-6.000,-3.500,joint_grid_transaction,20,20,3,9,8,0.000,1.00
58.112,8,en_route_pickup,5.224,-0.227,0.000,-3.500,joint_grid_transaction,20,20,2,8,7,0.000,1.00
58.368,1,en_route_delivery,-4.219,-1.207,-3.000,-1.500,joint_grid_transaction,20,20,3,9,1,0.000,1.00
58.368,2,en_route_pickup,-3.491,2.012,-1.000,1.500,joint_grid_transaction,20,20,3,9,2,0.000,1.00
58.368,3,en_route_pickup,-2.728,2.764,-3.000,1.500,joint_grid_transaction,20,20,3,9,3,0.000,1.00
58.368,4,en_route_pickup,3.483,2.017,0.000,3.500,joint_grid_transaction,20,20,3,9,4,0.000,1.00
58.368,5,en_route_pickup,-4.709,1.763,1.000,1.500,joint_grid_transaction,20,20,3,9,5,0.000,1.00
58.368,6,en_route_pickup,4.183,-1.514,-1.000,-1.500,joint_grid_transaction,20,20,2,9,6,0.000,1.00
58.368,7,en_route_pickup,-5.975,-0.732,-6.000,-3.500,joint_grid_transaction,20,20,3,9,8,0.000,1.00
58.368,8,en_route_pickup,5.179,-0.232,0.000,-3.500,joint_grid_transaction,20,20,3,8,7,0.000,1.00
58.624,1,en_route_delivery,-4.216,-1.239,-3.000,-1.500,joint_grid_transaction,20,20,3,9,1,0.000,1.00
58.624,2,en_route_pickup,-3.454,2.015,-1.000,1.500,joint_grid_transaction,20,20,4,9,2,0.000,1.00
58.624,3,en_route_pickup,-2.727,2.785,-3.000,1.500,joint_grid_transaction,20,20,4,9,3,0.000,1.00
58.624,4,en_route_pickup,3.446,2.021,0.000,3.500,joint_grid_transaction,20,20,4,9,4,0.000,1.00
58.624,5,en_route_pickup,-4.667,1.759,1.000,1.500,joint_grid_transaction,20,20,4,9,5,0.000,1.00
58.624,6,en_route_pickup,4.183,-1.537,-1.000,-1.500,joint_grid_transaction,20,20,2,9,6,0.000,1.00
58.624,7,en_route_pickup,-5.972,-0.766,-6.000,-3.500,joint_grid_transaction,20,20,3,9,8,0.000,1.00
58.624,8,en_route_pickup,5.136,-0.236,0.000,-3.500,joint_grid_transaction,20,20,3,8,7,0.000,1.00
58.880,1,en_route_delivery,-4.214,-1.270,-3.000,-1.500,joint_grid_transaction,20,20,3,9,1,0.000,1.00
58.880,2,en_route_pickup,-3.416,2.019,-1.000,1.500,joint_grid_transaction,20,20,4,9,2,0.000,1.00
58.880,3,en_route_pickup,-2.730,2.773,-3.000,1.500,joint_grid_transaction,20,20,4,9,3,0.000,1.00
58.880,4,en_route_pickup,3.409,2.024,0.000,3.500,joint_grid_transaction,20,20,4,9,4,0.000,1.00
58.880,5,en_route_pickup,-4.625,1.755,1.000,1.500,joint_grid_transaction,20,20,4,9,5,0.000,1.00
58.880,6,en_route_pickup,4.184,-1.572,-1.000,-1.500,joint_grid_transaction,20,20,3,9,6,0.000,1.00
58.880,7,en_route_pickup,-5.969,-0.800,-6.000,-3.500,joint_grid_transaction,20,20,3,9,8,0.000,1.00
58.880,8,en_route_pickup,5.093,-0.240,0.000,-3.500,joint_grid_transaction,20,20,3,8,7,0.000,1.00
59.136,1,en_route_delivery,-4.211,-1.302,-3.000,-1.500,joint_grid_transaction,20,20,4,9,1,0.000,1.00
59.136,2,en_route_pickup,-3.378,2.022,-1.000,1.500,joint_grid_transaction,20,20,4,9,2,0.000,1.00
59.136,3,en_route_pickup,-2.736,2.761,-3.000,1.500,joint_grid_transaction,20,20,4,9,3,0.000,1.00
59.136,4,en_route_pickup,3.373,2.027,0.000,3.500,joint_grid_transaction,20,20,4,9,4,0.000,1.00
59.136,5,en_route_pickup,-4.584,1.751,1.000,1.500,joint_grid_transaction,20,20,4,9,5,0.000,1.00
59.136,6,en_route_pickup,4.185,-1.610,-1.000,-1.500,joint_grid_transaction,20,20,3,9,6,0.000,1.00
59.136,7,en_route_pickup,-5.966,-0.836,-6.000,-3.500,joint_grid_transaction,20,20,4,9,8,0.000,1.00
59.136,8,en_route_pickup,5.051,-0.245,0.000,-3.500,joint_grid_transaction,20,20,3,8,7,0.000,1.00
59.392,1,en_route_delivery,-4.208,-1.336,-3.000,-1.500,joint_grid_transaction,20,20,4,9,1,0.000,1.00
59.392,2,en_route_pickup,-3.342,2.025,-1.000,1.500,joint_grid_transaction,20,20,4,9,2,0.000,1.00
59.392,3,en_route_pickup,-2.761,2.792,-3.000,1.500,joint_grid_transaction,20,20,4,9,3,0.000,1.00
59.392,4,en_route_pickup,3.338,2.031,0.000,3.500,joint_grid_transaction,20,20,4,9,4,0.000,1.00
59.392,5,en_route_pickup,-4.543,1.747,1.000,1.500,joint_grid_transaction,20,20,4,9,5,0.000,1.00
59.392,6,en_route_pickup,4.186,-1.649,-1.000,-1.500,joint_grid_transaction,20,20,3,9,6,0.000,1.00
59.392,7,en_route_pickup,-5.963,-0.870,-6.000,-3.500,joint_grid_transaction,20,20,4,9,8,0.000,1.00
59.392,8,en_route_pickup,5.010,-0.249,0.000,-3.500,joint_grid_transaction,20,20,3,8,7,0.000,1.00
59.648,1,en_route_delivery,-4.205,-1.369,-3.000,-1.500,joint_grid_transaction,20,20,4,9,1,0.000,1.00
59.648,2,en_route_pickup,-3.307,2.029,-1.000,1.500,joint_grid_transaction,20,20,4,9,2,0.000,1.00
59.648,3,en_route_pickup,-2.791,2.828,-3.000,1.500,joint_grid_transaction,20,20,4,9,3,0.000,1.00
59.648,4,en_route_pickup,3.305,2.034,0.000,3.500,joint_grid_transaction,20,20,4,9,4,0.000,1.00
59.648,5,en_route_pickup,-4.504,1.743,1.000,1.500,joint_grid_transaction,20,20,4,9,5,0.000,1.00
59.648,6,en_route_pickup,4.188,-1.687,-1.000,-1.500,joint_grid_transaction,20,20,3,9,6,0.000,1.00
59.648,7,en_route_pickup,-5.960,-0.904,-6.000,-3.500,joint_grid_transaction,20,20,4,9,8,0.000,1.00
59.648,8,en_route_pickup,4.969,-0.253,0.000,-3.500,joint_grid_transaction,20,20,3,8,7,0.000,1.00
59.904,1,en_route_delivery,-4.202,-1.400,-3.000,-1.500,joint_grid_transaction,20,20,4,9,1,0.000,1.00
59.904,2,en_route_pickup,-3.274,2.032,-1.000,1.500,joint_grid_transaction,20,20,4,9,2,0.000,1.00
59.904,3,en_route_pickup,-2.824,2.862,-3.000,1.500,joint_grid_transaction,20,20,4,9,3,0.000,1.00
59.904,4,en_route_pickup,3.273,2.037,0.000,3.500,joint_grid_transaction,20,20,4,9,4,0.000,1.00
59.904,5,en_route_pickup,-4.467,1.740,1.000,1.500,joint_grid_transaction,20,20,4,9,5,0.000,1.00
59.904,6,en_route_pickup,4.191,-1.726,-1.000,-1.500,joint_grid_transaction,20,20,3,9,6,0.000,1.00
59.904,7,en_route_pickup,-5.957,-0.936,-6.000,-3.500,joint_grid_transaction,20,20,4,9,8,0.000,1.00
59.904,8,en_route_pickup,4.929,-0.256,0.000,-3.500,joint_grid_transaction,20,20,4,8,7,0.000,1.00
60.160,1,en_route_delivery,-4.199,-1.431,-3.000,-1.500,joint_grid_transaction,21,20,4,8,1,0.000,1.00
60.160,2,en_route_pickup,-3.242,2.034,-1.000,1.500,joint_grid_transaction,21,20,4,9,2,0.000,1.00
60.160,3,en_route_pickup,-2.837,2.863,-3.000,1.500,joint_grid_transaction,21,20,5,9,3,0.000,1.00
60.160,4,en_route_pickup,3.243,2.040,0.000,3.500,joint_grid_transaction,21,20,4,9,4,0.000,1.00
60.160,5,en_route_pickup,-4.471,1.742,1.000,1.500,joint_grid_transaction,21,20,5,9,5,0.000,1.00
60.160,6,en_route_pickup,4.194,-1.765,-1.000,-1.500,joint_grid_transaction,21,20,3,9,6,0.000,1.00
60.160,7,en_route_pickup,-5.954,-0.966,-6.000,-3.500,joint_grid_transaction,21,20,4,9,8,0.000,1.00
60.160,8,en_route_pickup,4.890,-0.260,0.000,-3.500,joint_grid_transaction,21,20,4,9,7,0.000,1.00
60.416,1,en_route_delivery,-4.196,-1.459,-3.000,-1.500,joint_grid_transaction,21,21,1,8,1,0.000,1.00
60.416,2,en_route_pickup,-3.211,2.037,-1.000,1.500,joint_grid_transaction,21,21,1,9,2,0.000,1.00
60.416,3,en_route_pickup,-2.837,2.863,-3.000,1.500,joint_grid_transaction,21,21,2,9,3,0.000,1.00
60.416,4,en_route_pickup,3.215,2.042,0.000,3.500,joint_grid_transaction,21,21,1,9,4,0.000,1.00
60.416,5,en_route_pickup,-4.483,1.747,1.000,1.500,joint_grid_transaction,21,21,2,9,5,0.000,1.00
60.416,6,en_route_pickup,4.196,-1.791,-1.000,-1.500,joint_grid_transaction,21,21,2,9,6,0.000,1.00
60.416,7,en_route_pickup,-5.952,-0.995,-6.000,-3.500,joint_grid_transaction,21,21,1,9,8,0.000,1.00
60.416,8,en_route_pickup,4.852,-0.264,0.000,-3.500,joint_grid_transaction,21,21,2,9,7,0.000,1.00
60.672,1,en_route_delivery,-4.194,-1.486,-3.000,-1.500,joint_grid_transaction,21,21,1,8,1,0.000,1.00
60.672,2,en_route_pickup,-3.177,2.040,-1.000,1.500,joint_grid_transaction,21,21,2,9,2,0.000,1.00
60.672,3,en_route_pickup,-2.837,2.863,-3.000,1.500,joint_grid_transaction,21,21,2,9,3,0.000,1.00
60.672,4,en_route_pickup,3.181,2.045,0.000,3.500,joint_grid_transaction,21,21,2,9,4,0.000,1.00
60.672,5,en_route_pickup,-4.470,1.763,1.000,1.500,joint_grid_transaction,21,21,2,9,5,0.000,1.00
60.672,6,en_route_pickup,4.194,-1.782,-1.000,-1.500,joint_grid_transaction,21,21,2,9,6,0.000,1.00
60.672,7,en_route_pickup,-5.950,-1.020,-6.000,-3.500,joint_grid_transaction,21,21,1,9,8,0.000,1.00
60.672,8,en_route_pickup,4.814,-0.268,0.000,-3.500,joint_grid_transaction,21,21,2,9,7,0.000,1.00
60.928,1,en_route_delivery,-4.193,-1.506,-3.000,-1.500,joint_grid_transaction,21,21,1,8,1,0.000,1.00
60.928,2,en_route_pickup,-3.143,2.043,-1.000,1.500,joint_grid_transaction,21,21,2,9,2,0.000,1.00
60.928,3,en_route_pickup,-2.837,2.863,-3.000,1.500,joint_grid_transaction,21,21,2,9,3,0.000,1.00
60.928,4,en_route_pickup,3.149,2.048,0.000,3.500,joint_grid_transaction,21,21,2,9,4,0.000,1.00
60.928,5,en_route_pickup,-4.432,1.791,1.000,1.500,joint_grid_transaction,21,21,2,9,5,0.000,1.00
60.928,6,en_route_pickup,4.185,-1.788,-1.000,-1.500,joint_grid_transaction,21,21,2,9,6,0.000,1.00
60.928,7,en_route_pickup,-5.948,-1.043,-6.000,-3.500,joint_grid_transaction,21,21,1,9,8,0.000,1.00
60.928,8,en_route_pickup,4.778,-0.271,0.000,-3.500,joint_grid_transaction,21,21,2,9,7,0.000,1.00
61.184,1,en_route_delivery,-4.192,-1.528,-3.000,-1.500,joint_grid_transaction,21,21,1,8,1,0.000,1.00
61.184,2,en_route_pickup,-3.111,2.046,-1.000,1.500,joint_grid_transaction,21,21,2,9,2,0.000,1.00
61.184,3,en_route_pickup,-2.837,2.863,-3.000,1.500,joint_grid_transaction,21,21,2,9,3,0.000,1.00
61.184,4,en_route_pickup,3.117,2.051,0.000,3.500,joint_grid_transaction,21,21,2,9,4,0.000,1.00
61.184,5,en_route_pickup,-4.397,1.823,1.000,1.500,joint_grid_transaction,21,21,2,9,5,0.000,1.00
61.184,6,en_route_pickup,4.161,-1.828,-1.000,-1.500,joint_grid_transaction,21,21,2,9,6,0.000,1.00
61.184,7,en_route_pickup,-5.946,-1.077,-6.000,-3.500,joint_grid_transaction,21,21,2,9,8,0.000,1.00
61.184,8,en_route_pickup,4.744,-0.274,0.000,-3.500,joint_grid_transaction,21,21,2,9,7,0.000,1.00
61.440,1,en_route_delivery,-4.191,-1.556,-3.000,-1.500,joint_grid_transaction,21,21,1,8,1,0.000,1.00
61.440,2,en_route_pickup,-3.080,2.049,-1.000,1.500,joint_grid_transaction,21,21,2,9,2,0.000,1.00
61.440,3,en_route_pickup,-2.838,2.862,-3.000,1.500,joint_grid_transaction,21,21,2,9,3,0.000,1.00
61.440,4,en_route_pickup,3.087,2.054,0.000,3.500,joint_grid_transaction,21,21,2,9,4,0.000,1.00
61.440,5,en_route_pickup,-4.383,1.825,1.000,1.500,joint_grid_transaction,21,21,2,9,5,0.000,1.00
61.440,6,en_route_pickup,4.144,-1.834,-1.000,-1.500,joint_grid_transaction,21,21,2,9,6,0.000,1.00
61.440,7,en_route_pickup,-5.944,-1.110,-6.000,-3.500,joint_grid_transaction,21,21,2,9,8,0.000,1.00
61.440,8,en_route_pickup,4.710,-0.277,0.000,-3.500,joint_grid_transaction,21,21,2,9,7,0.000,1.00
61.696,1,en_route_delivery,-4.190,-1.590,-3.000,-1.500,joint_grid_transaction,21,21,2,8,1,0.000,1.00
61.696,2,en_route_pickup,-3.055,2.051,-1.000,1.500,joint_grid_transaction,21,21,2,9,2,0.000,0.75
61.696,3,en_route_pickup,-2.838,2.862,-3.000,1.500,joint_grid_transaction,21,21,3,9,3,0.000,0.45
61.696,4,en_route_pickup,3.059,2.057,0.000,3.500,joint_grid_transaction,21,21,2,9,4,0.000,1.00
61.696,5,en_route_pickup,-4.349,1.849,1.000,1.500,joint_grid_transaction,21,21,3,9,5,0.000,1.00
61.696,6,en_route_pickup,4.131,-1.820,-1.000,-1.500,joint_grid_transaction,21,21,3,9,6,0.000,1.00
61.696,7,en_route_pickup,-5.942,-1.142,-6.000,-3.500,joint_grid_transaction,21,21,2,9,8,0.000,1.00
61.696,8,en_route_pickup,4.674,-0.281,0.000,-3.500,joint_grid_transaction,21,21,3,9,7,0.000,1.00
61.952,1,en_route_delivery,-4.188,-1.622,-3.000,-1.500,joint_grid_transaction,21,21,2,8,1,0.000,1.00
61.952,2,en_route_pickup,-3.038,2.053,-1.000,1.500,joint_grid_transaction,21,21,2,9,2,0.000,0.75
61.952,3,en_route_pickup,-2.838,2.862,-3.000,1.500,joint_grid_transaction,21,21,3,9,3,0.000,0.45
61.952,4,en_route_pickup,3.032,2.059,0.000,3.500,joint_grid_transaction,21,21,2,9,4,0.000,1.00
61.952,5,en_route_pickup,-4.309,1.875,1.000,1.500,joint_grid_transaction,21,21,3,9,5,0.000,1.00
61.952,6,en_route_pickup,4.101,-1.839,-1.000,-1.500,joint_grid_transaction,21,21,3,9,6,0.000,1.00
61.952,7,en_route_pickup,-5.940,-1.172,-6.000,-3.500,joint_grid_transaction,21,21,2,9,8,0.000,1.00
61.952,8,en_route_pickup,4.639,-0.284,0.000,-3.500,joint_grid_transaction,21,21,3,9,7,0.000,1.00
62.208,1,en_route_delivery,-4.187,-1.652,-3.000,-1.500,joint_grid_transaction,21,21,2,8,1,0.000,1.00
62.208,2,en_route_pickup,-3.022,2.054,-1.000,1.500,joint_grid_transaction,21,21,2,9,2,0.000,0.75
62.208,3,en_route_pickup,-2.838,2.862,-3.000,1.500,joint_grid_transaction,21,21,3,9,3,0.000,0.45
62.208,4,en_route_pickup,3.011,2.061,0.000,3.500,joint_grid_transaction,21,21,2,9,4,0.000,1.00
62.208,5,en_route_pickup,-4.268,1.897,1.000,1.500,joint_grid_transaction,21,21,3,9,5,0.000,1.00
62.208,6,en_route_pickup,4.063,-1.866,-1.000,-1.500,joint_grid_transaction,21,21,3,9,6,0.000,1.00
62.208,7,en_route_pickup,-5.938,-1.201,-6.000,-3.500,joint_grid_transaction,21,21,2,9,8,0.000,1.00
62.208,8,en_route_pickup,4.606,-0.287,0.000,-3.500,joint_grid_transaction,21,21,3,9,7,0.000,1.00
62.464,1,en_route_delivery,-4.185,-1.682,-3.000,-1.500,joint_grid_transaction,21,21,2,8,1,0.000,1.00
62.464,2,en_route_pickup,-3.006,2.055,-1.000,1.500,joint_grid_transaction,21,21,2,9,2,0.000,0.75
62.464,3,en_route_pickup,-2.838,2.862,-3.000,1.500,joint_grid_transaction,21,21,3,9,3,0.000,0.45
62.464,4,en_route_pickup,2.990,2.061,0.000,3.500,joint_grid_transaction,21,21,2,9,4,0.000,1.00
62.464,5,en_route_pickup,-4.225,1.917,1.000,1.500,joint_grid_transaction,21,21,3,9,5,0.000,1.00
62.464,6,en_route_pickup,4.021,-1.889,-1.000,-1.500,joint_grid_transaction,21,21,3,9,6,0.000,1.00
62.464,7,en_route_pickup,-5.936,-1.228,-6.000,-3.500,joint_grid_transaction,21,21,2,9,8,0.000,1.00
62.464,8,en_route_pickup,4.573,-0.290,0.000,-3.500,joint_grid_transaction,21,21,3,9,7,0.000,1.00
62.720,1,en_route_delivery,-4.183,-1.710,-3.000,-1.500,joint_grid_transaction,21,21,2,8,1,0.000,1.00
62.720,2,en_route_pickup,-2.991,2.056,-1.000,1.500,joint_grid_transaction,21,21,2,9,2,0.000,0.75
62.720,3,en_route_pickup,-2.842,2.859,-3.000,1.500,joint_grid_transaction,21,21,4,9,3,0.000,0.45
62.720,4,en_route_pickup,2.968,2.062,0.000,3.500,joint_grid_transaction,21,21,2,9,4,0.000,1.00
62.720,5,en_route_pickup,-4.181,1.935,1.000,1.500,joint_grid_transaction,21,21,3,9,5,0.000,1.00
62.720,6,en_route_pickup,3.979,-1.910,-1.000,-1.500,joint_grid_transaction,21,21,3,9,6,0.000,1.00
62.720,7,en_route_pickup,-5.935,-1.249,-6.000,-3.500,joint_grid_transaction,21,21,2,9,8,0.000,1.00
62.720,8,en_route_pickup,4.542,-0.293,0.000,-3.500,joint_grid_transaction,21,21,3,9,7,0.000,1.00
62.976,1,en_route_delivery,-4.182,-1.734,-3.000,-1.500,joint_grid_transaction,21,21,2,8,1,0.000,1.00
62.976,2,en_route_pickup,-2.979,2.056,-1.000,1.500,joint_grid_transaction,21,21,2,9,2,0.000,0.75
62.976,3,en_route_pickup,-2.848,2.855,-3.000,1.500,joint_grid_transaction,21,21,4,9,3,0.000,0.45
62.976,4,en_route_pickup,2.938,2.062,0.000,3.500,joint_grid_transaction,21,21,3,9,4,0.000,1.00
62.976,5,en_route_pickup,-4.136,1.949,1.000,1.500,joint_grid_transaction,21,21,4,9,5,0.000,1.00
62.976,6,en_route_pickup,3.936,-1.930,-1.000,-1.500,joint_grid_transaction,21,21,4,9,6,0.000,1.00
62.976,7,en_route_pickup,-5.935,-1.270,-6.000,-3.500,joint_grid_transaction,21,21,2,9,8,0.000,1.00
62.976,8,en_route_pickup,4.513,-0.296,0.000,-3.500,joint_grid_transaction,21,21,3,9,7,0.000,1.00
63.232,1,en_route_delivery,-4.181,-1.755,-3.000,-1.500,joint_grid_transaction,22,22,1,9,1,0.000,1.00
63.232,2,en_route_pickup,-2.968,2.057,-1.000,1.500,joint_grid_transaction,22,22,1,11,2,0.000,0.75
63.232,3,en_route_pickup,-2.851,2.853,-3.000,1.500,joint_grid_transaction,22,22,2,8,3,0.000,0.45
63.232,4,en_route_pickup,2.903,2.063,0.000,3.500,joint_grid_transaction,22,22,2,13,4,0.000,1.00
63.232,5,en_route_pickup,-4.091,1.960,1.000,1.500,joint_grid_transaction,22,22,2,13,5,0.000,1.00
63.232,6,en_route_pickup,3.892,-1.945,-1.000,-1.500,joint_grid_transaction,22,22,2,13,6,0.000,1.00
63.232,7,en_route_pickup,-5.935,-1.293,-6.000,-3.500,joint_grid_transaction,22,22,1,10,8,0.000,1.00
63.232,8,en_route_pickup,4.485,-0.298,0.000,-3.500,joint_grid_transaction,22,22,1,13,7,0.000,1.00
63.488,1,en_route_delivery,-4.181,-1.777,-3.000,-1.500,joint_grid_transaction,22,22,1,9,1,0.000,1.00
63.488,2,en_route_pickup,-2.951,2.058,-1.000,1.500,joint_grid_transaction,22,22,2,11,2,0.000,0.75
63.488,3,en_route_pickup,-2.851,2.853,-3.000,1.500,joint_grid_transaction,22,22,2,8,3,0.000,0.45
63.488,4,en_route_pickup,2.868,2.063,0.000,3.500,joint_grid_transaction,22,22,2,13,4,0.000,1.00
63.488,5,en_route_pickup,-4.044,1.969,1.000,1.500,joint_grid_transaction,22,22,2,13,5,0.000,1.00
63.488,6,en_route_pickup,3.846,-1.957,-1.000,-1.500,joint_grid_transaction,22,22,2,13,6,0.000,1.00
63.488,7,en_route_pickup,-5.935,-1.331,-6.000,-3.500,joint_grid_transaction,22,22,2,10,8,0.000,1.00
63.488,8,en_route_pickup,4.464,-0.300,0.000,-3.500,joint_grid_transaction,22,22,1,13,7,0.000,1.00
63.744,1,en_route_delivery,-4.181,-1.792,-3.000,-1.500,joint_grid_transaction,22,22,2,9,1,0.000,1.00
63.744,2,en_route_pickup,-2.920,2.059,-1.000,1.500,joint_grid_transaction,22,22,2,11,2,0.000,1.00
63.744,3,en_route_pickup,-2.857,2.850,-3.000,1.500,_priority_yield_resume,23,22,0,1,3,0.000,0.55
63.744,4,en_route_pickup,2.834,2.063,0.000,3.500,joint_grid_transaction,22,22,2,13,4,0.000,1.00
63.744,5,en_route_pickup,-4.026,1.972,1.000,1.500,joint_grid_transaction,22,22,2,13,5,0.000,0.50
63.744,6,en_route_pickup,3.799,-1.966,-1.000,-1.500,joint_grid_transaction,22,22,2,13,6,0.000,1.00
63.744,7,en_route_pickup,-5.936,-1.368,-6.000,-3.500,joint_grid_transaction,22,22,2,10,8,0.000,1.00
63.744,8,en_route_pickup,4.471,-0.302,0.000,-3.500,joint_grid_transaction,22,22,2,13,7,0.000,1.00
64.000,1,en_route_delivery,-4.179,-1.784,-3.000,-1.500,joint_grid_transaction,22,22,2,9,1,0.000,1.00
64.000,2,en_route_pickup,-2.888,2.060,-1.000,1.500,joint_grid_transaction,22,22,2,11,2,0.000,1.00
64.000,3,en_route_pickup,-2.864,2.847,-3.000,1.500,_priority_yield_resume,23,22,0,1,3,0.000,0.55
64.000,4,en_route_pickup,2.802,2.064,0.000,3.500,joint_grid_transaction,22,22,2,13,4,0.000,1.00
64.000,5,en_route_pickup,-4.014,1.974,1.000,1.500,joint_grid_transaction,22,22,2,13,5,0.000,0.50
64.000,6,en_route_pickup,3.752,-1.974,-1.000,-1.500,joint_grid_transaction,22,22,2,13,6,0.000,1.00
64.000,7,en_route_pickup,-5.936,-1.405,-6.000,-3.500,joint_grid_transaction,22,22,2,10,8,0.000,1.00
64.000,8,en_route_pickup,4.469,-0.311,0.000,-3.500,joint_grid_transaction,22,22,2,13,7,0.000,1.00
64.256,1,en_route_delivery,-4.167,-1.799,-3.000,-1.500,joint_grid_transaction,22,22,2,9,1,0.000,1.00
64.256,2,en_route_pickup,-2.857,2.062,-1.000,1.500,joint_grid_transaction,22,22,2,11,2,0.000,1.00
64.256,3,en_route_pickup,-2.870,2.845,-3.000,1.500,_priority_yield_resume,23,22,0,1,3,0.000,0.55
64.256,4,en_route_pickup,2.772,2.064,0.000,3.500,joint_grid_transaction,22,22,2,13,4,0.000,1.00
64.256,5,en_route_pickup,-4.002,1.976,1.000,1.500,joint_grid_transaction,22,22,2,13,5,0.000,0.50
64.256,6,en_route_pickup,3.717,-1.979,-1.000,-1.500,joint_grid_transaction,22,22,2,13,6,0.000,1.00
64.256,7,en_route_pickup,-5.938,-1.441,-6.000,-3.500,joint_grid_transaction,22,22,2,10,8,0.000,1.00
64.256,8,en_route_pickup,4.428,-0.334,0.000,-3.500,joint_grid_transaction,22,22,2,13,7,0.000,1.00
64.512,1,en_route_delivery,-4.145,-1.839,-3.000,-1.500,joint_grid_transaction,22,22,2,9,1,0.000,1.00
64.512,2,en_route_pickup,-2.827,2.064,-1.000,1.500,joint_grid_transaction,22,22,2,11,2,0.000,1.00
64.512,3,en_route_pickup,-2.874,2.844,-3.000,1.500,_priority_yield_resume,23,22,0,1,3,0.000,0.55
64.512,4,en_route_pickup,2.743,2.065,0.000,3.500,joint_grid_transaction,22,22,2,13,4,0.000,1.00
64.512,5,en_route_pickup,-3.991,1.978,1.000,1.500,joint_grid_transaction,22,22,2,13,5,0.000,0.50
64.512,6,en_route_pickup,3.686,-1.984,-1.000,-1.500,joint_grid_transaction,22,22,3,13,6,0.000,1.00
64.512,7,en_route_pickup,-5.939,-1.477,-6.000,-3.500,joint_grid_transaction,22,22,2,10,8,0.000,1.00
64.512,8,en_route_pickup,4.408,-0.354,0.000,-3.500,joint_grid_transaction,22,22,3,13,7,0.000,1.00
64.768,1,en_route_delivery,-4.132,-1.827,-3.000,-1.500,joint_grid_transaction,22,22,3,9,1,0.000,1.00
64.768,2,en_route_pickup,-2.798,2.066,-1.000,1.500,joint_grid_transaction,22,22,2,11,2,0.000,1.00
64.768,3,en_route_pickup,-2.876,2.844,-3.000,1.500,_priority_yield_resume,23,22,0,1,3,0.000,0.55
64.768,4,en_route_pickup,2.719,2.065,0.000,3.500,joint_grid_transaction,22,22,2,13,4,0.000,1.00
64.768,5,en_route_pickup,-3.979,1.979,1.000,1.500,joint_grid_transaction,22,22,2,13,5,0.000,0.50
64.768,6,en_route_pickup,3.641,-1.990,-1.000,-1.500,joint_grid_transaction,22,22,3,13,6,0.000,1.00
64.768,7,en_route_pickup,-5.941,-1.513,-6.000,-3.500,joint_grid_transaction,22,22,2,10,8,0.000,1.00
64.768,8,en_route_pickup,4.422,-0.367,0.000,-3.500,joint_grid_transaction,22,22,3,13,7,0.000,1.00
65.024,1,en_route_delivery,-4.116,-1.822,-3.000,-1.500,joint_grid_transaction,22,22,3,9,1,0.000,1.00
65.024,2,en_route_pickup,-2.773,2.067,-1.000,1.500,joint_grid_transaction,22,22,2,11,2,0.000,1.00
65.024,3,en_route_pickup,-2.875,2.843,-3.000,1.500,_priority_yield_resume,23,22,0,1,3,0.000,0.55
65.024,4,en_route_pickup,2.688,2.065,0.000,3.500,joint_grid_transaction,22,22,3,13,4,0.000,1.00
65.024,5,en_route_pickup,-3.969,1.981,1.000,1.500,joint_grid_transaction,22,22,2,13,5,0.000,0.50
65.024,6,en_route_pickup,3.596,-1.994,-1.000,-1.500,joint_grid_transaction,22,22,3,13,6,0.000,1.00
65.024,7,en_route_pickup,-5.944,-1.551,-6.000,-3.500,joint_grid_transaction,22,22,3,10,8,0.000,1.00
65.024,8,en_route_pickup,4.405,-0.396,0.000,-3.500,joint_grid_transaction,22,22,3,13,7,0.000,1.00
65.280,1,en_route_delivery,-4.079,-1.851,-3.000,-1.500,joint_grid_transaction,22,22,3,9,1,0.000,1.00
65.280,2,en_route_pickup,-2.751,2.068,-1.000,1.500,joint_grid_transaction,22,22,2,11,2,0.000,1.00
65.280,3,en_route_pickup,-2.871,2.843,-3.000,1.500,_priority_yield_resume,23,22,0,1,3,0.000,0.55
65.280,4,en_route_pickup,2.651,2.065,0.000,3.500,joint_grid_transaction,22,22,3,13,4,0.000,1.00
65.280,5,en_route_pickup,-3.969,1.981,1.000,1.500,joint_grid_transaction,22,22,3,13,5,0.000,0.50
65.280,6,en_route_pickup,3.554,-1.998,-1.000,-1.500,joint_grid_transaction,22,22,3,13,6,0.000,1.00
65.280,7,en_route_pickup,-5.948,-1.597,-6.000,-3.500,joint_grid_transaction,22,22,3,10,8,0.000,1.00
65.280,8,en_route_pickup,4.379,-0.435,0.000,-3.500,joint_grid_transaction,22,22,3,13,7,0.000,1.00
65.536,1,en_route_delivery,-4.039,-1.876,-3.000,-1.500,joint_grid_transaction,22,22,3,9,1,0.000,1.00
65.536,2,en_route_pickup,-2.729,2.068,-1.000,1.500,joint_grid_transaction,22,22,2,11,2,0.000,1.00
65.536,3,en_route_pickup,-2.865,2.841,-3.000,1.500,_priority_yield_resume,23,22,0,1,3,0.000,0.55
65.536,4,en_route_pickup,2.614,2.064,0.000,3.500,joint_grid_transaction,22,22,3,13,4,0.000,1.00
65.536,5,en_route_pickup,-3.968,1.981,1.000,1.500,joint_grid_transaction,22,22,3,13,5,0.000,0.50
65.536,6,en_route_pickup,3.513,-2.001,-1.000,-1.500,joint_grid_transaction,22,22,3,13,6,0.000,1.00
65.536,7,en_route_pickup,-5.952,-1.645,-6.000,-3.500,joint_grid_transaction,22,22,3,10,8,0.000,1.00
65.536,8,en_route_pickup,4.356,-0.476,0.000,-3.500,joint_grid_transaction,22,22,3,13,7,0.000,1.00
65.792,1,en_route_delivery,-3.998,-1.899,-3.000,-1.500,joint_grid_transaction,22,22,3,9,1,0.000,1.00
65.792,2,en_route_pickup,-2.705,2.068,-1.000,1.500,joint_grid_transaction,22,22,2,11,2,0.000,1.00
65.792,3,en_route_pickup,-2.859,2.838,-3.000,1.500,_priority_yield_resume,23,22,0,1,3,0.000,0.55
65.792,4,en_route_pickup,2.578,2.064,0.000,3.500,joint_grid_transaction,22,22,3,13,4,0.000,1.00
65.792,5,en_route_pickup,-3.968,1.981,1.000,1.500,joint_grid_transaction,22,22,4,13,5,0.000,0.50
65.792,6,en_route_pickup,3.472,-2.005,-1.000,-1.500,joint_grid_transaction,22,22,3,13,6,0.000,1.00
65.792,7,en_route_pickup,-5.957,-1.692,-6.000,-3.500,joint_grid_transaction,22,22,3,10,8,0.000,1.00
65.792,8,en_route_pickup,4.336,-0.519,0.000,-3.500,joint_grid_transaction,22,22,3,13,7,0.000,1.00
66.048,1,en_route_delivery,-3.955,-1.920,-3.000,-1.500,joint_grid_transaction,22,22,3,9,1,0.000,1.00
66.048,2,en_route_pickup,-2.666,2.067,-1.000,1.500,joint_grid_transaction,22,22,3,11,2,0.000,1.00
66.048,3,en_route_pickup,-2.851,2.834,-3.000,1.500,_priority_yield_resume,23,22,0,1,3,0.000,0.55
66.048,4,en_route_pickup,2.543,2.063,0.000,3.500,joint_grid_transaction,22,22,3,13,4,0.000,1.00
66.048,5,en_route_pickup,-3.968,1.981,1.000,1.500,joint_grid_transaction,22,22,4,13,5,0.000,0.50
66.048,6,en_route_pickup,3.432,-2.008,-1.000,-1.500,joint_grid_transaction,22,22,4,13,6,0.000,1.00
66.048,7,en_route_pickup,-5.963,-1.740,-6.000,-3.500,joint_grid_transaction,22,22,3,10,8,0.000,1.00
66.048,8,en_route_pickup,4.317,-0.563,0.000,-3.500,joint_grid_transaction,22,22,3,13,7,0.000,1.00
66.304,1,en_route_delivery,-3.912,-1.937,-3.000,-1.500,joint_grid_transaction,22,22,4,9,1,0.000,1.00
66.304,2,en_route_pickup,-2.627,2.065,-1.000,1.500,joint_grid_transaction,22,22,3,11,2,0.000,1.00
66.304,3,en_route_pickup,-2.843,2.829,-3.000,1.500,_priority_yield_resume,23,22,0,1,3,0.000,0.55
66.304,4,en_route_pickup,2.509,2.061,0.000,3.500,joint_grid_transaction,22,22,3,13,4,0.000,1.00
66.304,5,en_route_pickup,-3.968,1.981,1.000,1.500,joint_grid_transaction,22,22,4,13,5,0.000,0.50
66.304,6,en_route_pickup,3.393,-2.012,-1.000,-1.500,joint_grid_transaction,22,22,4,13,6,0.000,1.00
66.304,7,en_route_pickup,-5.969,-1.787,-6.000,-3.500,joint_grid_transaction,22,22,3,10,8,0.000,1.00
66.304,8,en_route_pickup,4.303,-0.607,0.000,-3.500,joint_grid_transaction,22,22,4,13,7,0.000,1.00
66.560,1,en_route_delivery,-3.866,-1.951,-3.000,-1.500,joint_grid_transaction,22,22,4,9,1,0.000,1.00
66.560,2,en_route_pickup,-2.588,2.063,-1.000,1.500,joint_grid_transaction,22,22,3,11,2,0.000,1.00
66.560,3,en_route_pickup,-2.835,2.823,-3.000,1.500,_priority_yield_resume,23,22,0,1,3,0.000,0.55
66.560,4,en_route_pickup,2.476,2.060,0.000,3.500,joint_grid_transaction,22,22,3,13,4,0.000,1.00
66.560,5,en_route_pickup,-3.968,1.981,1.000,1.500,joint_grid_transaction,22,22,4,13,5,0.000,0.50
66.560,6,en_route_pickup,3.354,-2.015,-1.000,-1.500,joint_grid_transaction,22,22,4,13,6,0.000,1.00
66.560,7,en_route_pickup,-5.975,-1.834,-6.000,-3.500,joint_grid_transaction,22,22,4,10,8,0.000,1.00
66.560,8,en_route_pickup,4.291,-0.653,0.000,-3.500,joint_grid_transaction,22,22,4,13,7,0.000,1.00
66.816,1,en_route_delivery,-3.820,-1.962,-3.000,-1.500,joint_grid_transaction,22,22,4,9,1,0.000,1.00
66.816,2,en_route_pickup,-2.547,2.060,-1.000,1.500,joint_grid_transaction,22,22,3,11,2,0.000,1.00
66.816,3,en_route_pickup,-2.827,2.815,-3.000,1.500,_priority_yield_resume,23,22,0,1,3,0.000,0.55
66.816,4,en_route_pickup,2.437,2.057,0.000,3.500,joint_grid_transaction,22,22,4,13,4,0.000,1.00
66.816,5,en_route_pickup,-3.967,1.981,1.000,1.500,joint_grid_transaction,22,22,5,13,5,0.000,0.50
66.816,6,en_route_pickup,3.317,-2.019,-1.000,-1.500,joint_grid_transaction,22,22,4,13,6,0.000,1.00
66.816,7,en_route_pickup,-5.979,-1.880,-6.000,-3.500,joint_grid_transaction,22,22,4,10,8,0.000,1.00
66.816,8,en_route_pickup,4.282,-0.700,0.000,-3.500,joint_grid_transaction,22,22,4,13,7,0.000,1.00
67.072,1,en_route_delivery,-3.773,-1.970,-3.000,-1.500,joint_grid_transaction,22,22,4,9,1,0.000,1.00
67.072,2,en_route_pickup,-2.506,2.056,-1.000,1.500,joint_grid_transaction,22,22,3,11,2,0.000,1.00
67.072,3,en_route_pickup,-2.819,2.807,-3.000,1.500,_priority_yield_resume,23,22,0,1,3,0.000,0.55
67.072,4,en_route_pickup,2.392,2.054,0.000,3.500,joint_grid_transaction,22,22,4,13,4,0.000,1.00
67.072,5,en_route_pickup,-3.967,1.981,1.000,1.500,joint_grid_transaction,22,22,5,13,5,0.000,0.50
67.072,6,en_route_pickup,3.280,-2.022,-1.000,-1.500,joint_grid_transaction,22,22,4,13,6,0.000,1.00
67.072,7,en_route_pickup,-5.984,-1.925,-6.000,-3.500,joint_grid_transaction,22,22,4,10,8,0.000,1.00
67.072,8,en_route_pickup,4.275,-0.747,0.000,-3.500,joint_grid_transaction,22,22,4,13,7,0.000,1.00
67.328,1,en_route_delivery,-3.726,-1.977,-3.000,-1.500,joint_grid_transaction,22,22,4,9,1,0.000,1.00
67.328,2,en_route_pickup,-2.464,2.051,-1.000,1.500,joint_grid_transaction,22,22,3,11,2,0.000,1.00
67.328,3,en_route_pickup,-2.812,2.799,-3.000,1.500,_priority_yield_resume,23,22,0,1,3,0.000,0.55
67.328,4,en_route_pickup,2.346,2.051,0.000,3.500,joint_grid_transaction,22,22,4,13,4,0.000,1.00
67.328,5,en_route_pickup,-3.967,1.981,1.000,1.500,joint_grid_transaction,22,22,5,13,5,0.000,0.50
67.328,6,en_route_pickup,3.245,-2.025,-1.000,-1.500,joint_grid_transaction,22,22,4,13,6,0.000,1.00
67.328,7,en_route_pickup,-5.988,-1.969,-6.000,-3.500,joint_grid_transaction,22,22,4,10,8,0.000,1.00
67.328,8,en_route_pickup,4.268,-0.794,0.000,-3.500,joint_grid_transaction,22,22,4,13,7,0.000,1.00
67.584,1,en_route_delivery,-3.679,-1.983,-3.000,-1.500,joint_grid_transaction,22,22,5,9,1,0.000,1.00
67.584,2,en_route_pickup,-2.417,2.046,-1.000,1.500,joint_grid_transaction,22,22,4,11,2,0.000,1.00
67.584,3,en_route_pickup,-2.806,2.790,-3.000,1.500,_priority_yield_resume,23,22,0,1,3,0.000,0.55
67.584,4,en_route_pickup,2.299,2.046,0.000,3.500,joint_grid_transaction,22,22,4,13,4,0.000,1.00
67.584,5,en_route_pickup,-3.967,1.981,1.000,1.500,joint_grid_transaction,22,22,5,13,5,0.000,0.50
67.584,6,en_route_pickup,3.212,-2.028,-1.000,-1.500,joint_grid_transaction,22,22,4,13,6,0.000,1.00
67.584,7,en_route_pickup,-5.992,-2.013,-6.000,-3.500,joint_grid_transaction,22,22,4,10,8,0.000,1.00
67.584,8,en_route_pickup,4.264,-0.841,0.000,-3.500,joint_grid_transaction,22,22,5,13,7,0.000,1.00
67.840,1,en_route_delivery,-3.633,-1.988,-3.000,-1.500,joint_grid_transaction,22,22,5,9,1,0.000,1.00
67.840,2,en_route_pickup,-2.369,2.040,-1.000,1.500,joint_grid_transaction,22,22,4,11,2,0.000,1.00
67.840,3,en_route_pickup,-2.801,2.783,-3.000,1.500,_priority_yield_resume,23,22,0,1,3,0.000,0.55
67.840,4,en_route_pickup,2.252,2.041,0.000,3.500,joint_grid_transaction,22,22,4,13,4,0.000,1.00
67.840,5,en_route_pickup,-3.967,1.981,1.000,1.500,joint_grid_transaction,22,22,5,13,5,0.000,0.50
67.840,6,en_route_pickup,3.176,-2.031,-1.000,-1.500,joint_grid_transaction,22,22,5,13,6,0.000,1.00
67.840,7,en_route_pickup,-5.996,-2.055,-6.000,-3.500,joint_grid_transaction,22,22,4,10,8,0.000,1.00
67.840,8,en_route_pickup,4.260,-0.885,0.000,-3.500,joint_grid_transaction,22,22,5,13,7,0.000,1.00
68.096,1,en_route_delivery,-3.590,-1.992,-3.000,-1.500,joint_grid_transaction,22,22,5,9,1,0.000,1.00
68.096,2,en_route_pickup,-2.322,2.035,-1.000,1.500,joint_grid_transaction,22,22,4,11,2,0.000,1.00
68.096,3,en_route_pickup,-2.798,2.775,-3.000,1.500,_priority_yield_resume,23,22,0,1,3,0.000,0.55
68.096,4,en_route_pickup,2.205,2.034,0.000,3.500,joint_grid_transaction,22,22,4,13,4,0.000,1.00
68.096,5,en_route_pickup,-3.969,1.981,1.000,1.500,joint_grid_transaction,22,22,6,13,5,0.000,0.50
68.096,6,en_route_pickup,3.140,-2.034,-1.000,-1.500,joint_grid_transaction,22,22,5,13,6,0.000,1.00
68.096,7,en_route_pickup,-6.000,-2.096,-6.000,-3.500,joint_grid_transaction,22,22,5,10,8,0.000,1.00
68.096,8,en_route_pickup,4.256,-0.928,0.000,-3.500,joint_grid_transaction,22,22,5,13,7,0.000,1.00
68.352,1,en_route_delivery,-3.547,-1.995,-3.000,-1.500,joint_grid_transaction,22,22,5,9,1,0.000,1.00
68.352,2,en_route_pickup,-2.274,2.030,-1.000,1.500,joint_grid_transaction,22,22,4,11,2,0.000,1.00
68.352,3,en_route_pickup,-2.795,2.769,-3.000,1.500,_priority_yield_resume,23,22,0,1,3,0.000,0.55
68.352,4,en_route_pickup,2.157,2.028,0.000,3.500,joint_grid_transaction,22,22,5,13,4,0.000,1.00
68.352,5,en_route_pickup,-3.972,1.982,1.000,1.500,joint_grid_transaction,22,22,6,13,5,0.000,0.50
68.352,6,en_route_pickup,3.106,-2.037,-1.000,-1.500,joint_grid_transaction,22,22,5,13,6,0.000,1.00
68.352,7,en_route_pickup,-6.004,-2.137,-6.000,-3.500,joint_grid_transaction,22,22,5,10,8,0.000,1.00
68.352,8,en_route_pickup,4.252,-0.970,0.000,-3.500,joint_grid_transaction,22,22,5,13,7,0.000,1.00
68.608,1,en_route_delivery,-3.505,-1.999,-3.000,-1.500,joint_grid_transaction,22,22,5,9,1,0.000,1.00
68.608,2,en_route_pickup,-2.226,2.025,-1.000,1.500,joint_grid_transaction,22,22,4,11,2,0.000,1.00
68.608,3,en_route_pickup,-2.794,2.764,-3.000,1.500,_priority_yield_resume,23,22,0,1,3,0.000,0.55
68.608,4,en_route_pickup,2.111,2.023,0.000,3.500,joint_grid_transaction,22,22,5,13,4,0.000,1.00
68.608,5,en_route_pickup,-3.976,1.983,1.000,1.500,joint_grid_transaction,22,22,6,13,5,0.000,0.50
68.608,6,en_route_pickup,3.073,-2.040,-1.000,-1.500,joint_grid_transaction,22,22,5,13,6,0.000,1.00
68.608,7,en_route_pickup,-6.007,-2.177,-6.000,-3.500,joint_grid_transaction,22,22,5,10,8,0.000,1.00
68.608,8,en_route_pickup,4.249,-1.012,0.000,-3.500,joint_grid_transaction,22,22,5,13,7,0.000,1.00
68.864,1,en_route_delivery,-3.464,-2.003,-3.000,-1.500,joint_grid_transaction,22,22,5,9,1,0.000,1.00
68.864,2,en_route_pickup,-2.181,2.020,-1.000,1.500,joint_grid_transaction,22,22,5,11,2,0.000,1.00
68.864,3,en_route_pickup,-2.793,2.761,-3.000,1.500,_priority_yield_resume,23,22,0,1,3,0.000,0.55
68.864,4,en_route_pickup,2.065,2.019,0.000,3.500,joint_grid_transaction,22,22,5,13,4,0.000,1.00
68.864,5,en_route_pickup,-3.979,1.985,1.000,1.500,joint_grid_transaction,22,22,6,13,5,0.000,0.50
68.864,6,en_route_pickup,3.042,-2.043,-1.000,-1.500,joint_grid_transaction,22,22,5,13,6,0.000,1.00
68.864,7,en_route_pickup,-6.011,-2.215,-6.000,-3.500,joint_grid_transaction,22,22,5,10,8,0.000,1.00
68.864,8,en_route_pickup,4.245,-1.052,0.000,-3.500,joint_grid_transaction,22,22,6,13,7,0.000,1.00
69.120,1,en_route_delivery,-3.423,-2.006,-3.000,-1.500,joint_grid_transaction,22,22,6,9,1,0.000,1.00
69.120,2,en_route_pickup,-2.137,2.015,-1.000,1.500,joint_grid_transaction,22,22,5,11,2,0.000,1.00
69.120,3,en_route_pickup,-2.793,2.761,-3.000,1.500,_priority_yield_resume,23,22,0,1,3,0.000,0.55
69.120,4,en_route_pickup,2.021,2.015,0.000,3.500,joint_grid_transaction,22,22,5,13,4,0.000,1.00
69.120,5,en_route_pickup,-3.982,1.986,1.000,1.500,joint_grid_transaction,22,22,6,13,5,0.000,0.50
69.120,6,en_route_pickup,3.012,-2.046,-1.000,-1.500,joint_grid_transaction,22,22,5,13,6,0.000,1.00
69.120,7,en_route_pickup,-6.014,-2.253,-6.000,-3.500,joint_grid_transaction,22,22,5,10,8,0.000,1.00
69.120,8,en_route_pickup,4.241,-1.093,0.000,-3.500,joint_grid_transaction,22,22,6,13,7,0.000,1.00
69.376,1,en_route_delivery,-3.383,-2.010,-3.000,-1.500,joint_grid_transaction,22,22,6,9,1,0.000,1.00
69.376,2,en_route_pickup,-2.094,2.011,-1.000,1.500,joint_grid_transaction,22,22,5,11,2,0.000,1.00
69.376,3,en_route_pickup,-2.793,2.764,-3.000,1.500,_priority_yield_resume,23,22,0,1,3,0.000,0.55
69.376,4,en_route_pickup,1.976,2.010,0.000,3.500,joint_grid_transaction,22,22,5,13,4,0.000,1.00
69.376,5,en_route_pickup,-3.985,1.987,1.000,1.500,joint_grid_transaction,22,22,6,13,5,0.000,0.50
69.376,6,en_route_pickup,2.984,-2.048,-1.000,-1.500,joint_grid_transaction,22,22,5,13,6,0.000,1.00
69.376,7,en_route_pickup,-6.018,-2.289,-6.000,-3.500,joint_grid_transaction,22,22,5,10,8,0.000,1.00
69.376,8,en_route_pickup,4.238,-1.132,0.000,-3.500,joint_grid_transaction,22,22,6,13,7,0.000,1.00
69.632,1,en_route_delivery,-3.344,-2.013,-3.000,-1.500,joint_grid_transaction,22,22,6,9,1,0.000,1.00
69.632,2,en_route_pickup,-2.052,2.007,-1.000,1.500,joint_grid_transaction,22,22,5,11,2,0.000,1.00
69.632,3,en_route_pickup,-2.792,2.769,-3.000,1.500,_priority_yield_resume,23,22,0,1,3,0.000,0.55
69.632,4,en_route_pickup,1.934,2.006,0.000,3.500,joint_grid_transaction,22,22,6,13,4,0.000,1.00
69.632,5,en_route_pickup,-3.988,1.989,1.000,1.500,joint_grid_transaction,22,22,6,13,5,0.000,0.50
69.632,6,en_route_pickup,2.961,-2.050,-1.000,-1.500,joint_grid_transaction,22,22,5,13,6,0.000,1.00
69.632,7,en_route_pickup,-6.021,-2.327,-6.000,-3.500,joint_grid_transaction,22,22,6,10,8,0.000,1.00
69.632,8,en_route_pickup,4.235,-1.171,0.000,-3.500,joint_grid_transaction,22,22,6,13,7,0.000,1.00
69.888,1,en_route_delivery,-3.306,-2.017,-3.000,-1.500,joint_grid_transaction,22,22,6,9,1,0.000,1.00
69.888,2,en_route_pickup,-2.010,2.003,-1.000,1.500,joint_grid_transaction,22,22,5,11,2,0.000,1.00
69.888,3,en_route_pickup,-2.790,2.774,-3.000,1.500,_priority_yield_resume,23,22,0,1,3,0.000,0.55
69.888,4,en_route_pickup,1.893,2.002,0.000,3.500,joint_grid_transaction,22,22,6,13,4,0.000,1.00
69.888,5,en_route_pickup,-3.987,1.991,1.000,1.500,joint_grid_transaction,22,22,6,13,5,0.000,0.50
69.888,6,en_route_pickup,2.928,-2.052,-1.000,-1.500,joint_grid_transaction,22,22,6,13,6,0.000,1.00
69.888,7,en_route_pickup,-6.025,-2.364,-6.000,-3.500,joint_grid_transaction,22,22,6,10,8,0.000,1.00
69.888,8,en_route_pickup,4.231,-1.208,0.000,-3.500,joint_grid_transaction,22,22,6,13,7,0.000,1.00
70.144,1,en_route_pickup,-3.270,-2.020,6.000,3.500,joint_grid_transaction,22,22,6,2,9,0.000,1.00
70.144,2,en_route_pickup,-1.969,1.999,-1.000,1.500,joint_grid_transaction,22,22,5,11,2,0.000,1.00
70.144,3,en_route_pickup,-2.788,2.779,-3.000,1.500,_priority_yield_resume,23,22,0,1,3,0.000,0.55
70.144,4,en_route_pickup,1.852,1.998,0.000,3.500,joint_grid_transaction,22,22,6,13,4,0.000,1.00
70.144,5,en_route_pickup,-3.977,1.997,1.000,1.500,joint_grid_transaction,22,22,6,13,5,0.000,0.50
70.144,6,en_route_pickup,2.895,-2.055,-1.000,-1.500,joint_grid_transaction,22,22,6,13,6,0.000,1.00
70.144,7,en_route_pickup,-6.028,-2.400,-6.000,-3.500,joint_grid_transaction,22,22,6,10,8,0.000,1.00
70.144,8,en_route_pickup,4.228,-1.244,0.000,-3.500,joint_grid_transaction,22,22,6,13,7,0.000,1.00
70.400,1,en_route_pickup,-3.234,-2.023,6.000,3.500,joint_grid_transaction,22,22,6,2,9,0.000,1.00
70.400,2,en_route_pickup,-1.929,1.995,-1.000,1.500,joint_grid_transaction,22,22,6,11,2,0.000,1.00
70.400,3,en_route_pickup,-2.785,2.783,-3.000,1.500,_priority_yield_resume,23,22,0,1,3,0.000,0.55
70.400,4,en_route_pickup,1.812,1.995,0.000,3.500,joint_grid_transaction,22,22,6,13,4,0.000,1.00
70.400,5,en_route_pickup,-3.967,2.004,1.000,1.500,joint_grid_transaction,22,22,6,13,5,0.000,0.50
70.400,6,en_route_pickup,2.863,-2.057,-1.000,-1.500,joint_grid_transaction,22,22,6,13,6,0.000,1.00
70.400,7,en_route_pickup,-6.031,-2.434,-6.000,-3.500,joint_grid_transaction,22,22,6,10,8,0.000,1.00
70.400,8,en_route_pickup,4.225,-1.278,0.000,-3.500,joint_grid_transaction,22,22,6,13,7,0.000,1.00
70.656,1,en_route_pickup,-3.216,-2.024,6.000,3.500,joint_grid_transaction,22,22,7,2,9,0.000,1.00
70.656,2,en_route_pickup,-1.890,1.991,-1.000,1.500,joint_grid_transaction,22,22,6,11,2,0.000,1.00
70.656,3,en_route_pickup,-2.783,2.788,-3.000,1.500,_priority_yield_resume,23,22,0,1,3,0.000,0.55
70.656,4,en_route_pickup,1.773,1.991,0.000,3.500,joint_grid_transaction,22,22,6,13,4,0.000,1.00
70.656,5,en_route_pickup,-3.958,2.011,1.000,1.500,joint_grid_transaction,22,22,6,13,5,0.000,0.50
70.656,6,en_route_pickup,2.833,-2.059,-1.000,-1.500,joint_grid_transaction,22,22,6,13,6,0.000,1.00
70.656,7,en_route_pickup,-6.034,-2.468,-6.000,-3.500,joint_grid_transaction,22,22,6,10,8,0.000,1.00
70.656,8,en_route_pickup,4.222,-1.315,0.000,-3.500,joint_grid_transaction,22,22,7,13,7,0.000,1.00
70.912,1,en_route_pickup,-3.228,-2.020,6.000,3.500,joint_grid_transaction,22,22,7,2,9,0.000,1.00
70.912,2,en_route_pickup,-1.851,1.987,-1.000,1.500,joint_grid_transaction,22,22,6,11,2,0.000,1.00
70.912,3,en_route_pickup,-2.780,2.792,-3.000,1.500,_priority_yield_resume,23,22,0,1,3,0.000,0.55
70.912,4,en_route_pickup,1.735,1.987,0.000,3.500,joint_grid_transaction,22,22,6,13,4,0.000,1.00
70.912,5,en_route_pickup,-3.949,2.018,1.000,1.500,joint_grid_transaction,22,22,6,13,5,0.000,0.50
70.912,6,en_route_pickup,2.804,-2.061,-1.000,-1.500,joint_grid_transaction,22,22,6,13,6,0.000,1.00
70.912,7,en_route_pickup,-6.037,-2.499,-6.000,-3.500,joint_grid_transaction,22,22,6,10,8,0.000,1.00
70.912,8,en_route_pickup,4.219,-1.351,0.000,-3.500,joint_grid_transaction,22,22,7,13,7,0.000,1.00
71.168,1,en_route_pickup,-3.240,-2.014,6.000,3.500,joint_grid_transaction,22,22,7,2,9,0.000,1.00
71.168,2,en_route_pickup,-1.813,1.984,-1.000,1.500,joint_grid_transaction,22,22,6,11,2,0.000,1.00
71.168,3,en_route_pickup,-2.777,2.796,-3.000,1.500,_priority_yield_resume,23,22,0,1,3,0.000,0.55
71.168,4,en_route_pickup,1.697,1.984,0.000,3.500,joint_grid_transaction,22,22,7,13,4,0.000,1.00
71.168,5,en_route_pickup,-3.939,2.025,1.000,1.500,joint_grid_transaction,22,22,6,13,5,0.000,0.50
71.168,6,en_route_pickup,2.778,-2.063,-1.000,-1.500,joint_grid_transaction,22,22,6,13,6,0.000,1.00
71.168,7,en_route_pickup,-6.040,-2.528,-6.000,-3.500,joint_grid_transaction,22,22,6,10,8,0.000,1.00
71.168,8,en_route_pickup,4.216,-1.386,0.000,-3.500,joint_grid_transaction,22,22,7,13,7,0.000,1.00
71.424,1,en_route_pickup,-3.206,-1.988,6.000,3.500,joint_grid_transaction,22,22,7,2,9,0.000,1.00
71.424,2,en_route_pickup,-1.777,1.980,-1.000,1.500,joint_grid_transaction,22,22,6,11,2,0.000,1.00
71.424,3,en_route_pickup,-2.775,2.799,-3.000,1.500,_priority_yield_resume,23,22,0,1,3,0.000,0.55
71.424,4,en_route_pickup,1.660,1.980,0.000,3.500,joint_grid_transaction,22,22,7,13,4,0.000,1.00
71.424,5,en_route_pickup,-3.930,2.033,1.000,1.500,joint_grid_transaction,22,22,6,13,5,0.000,0.50
71.424,6,en_route_pickup,2.756,-2.064,-1.000,-1.500,joint_grid_transaction,22,22,6,13,6,0.000,1.00
71.424,7,en_route_pickup,-6.043,-2.561,-6.000,-3.500,joint_grid_transaction,22,22,7,10,8,0.000,1.00
71.424,8,en_route_pickup,4.213,-1.420,0.000,-3.500,joint_grid_transaction,22,22,7,13,7,0.000,1.00
71.680,1,en_route_pickup,-3.170,-1.957,6.000,3.500,joint_grid_transaction,22,22,7,2,9,0.000,1.00
71.680,2,en_route_pickup,-1.742,1.977,-1.000,1.500,joint_grid_transaction,22,22,6,11,2,0.000,1.00
71.680,3,en_route_pickup,-2.768,2.794,-3.000,1.500,_priority_yield_resume,23,22,0,1,3,0.000,0.55
71.680,4,en_route_pickup,1.623,1.977,0.000,3.500,joint_grid_transaction,22,22,7,13,4,0.000,1.00
71.680,5,en_route_pickup,-3.922,2.040,1.000,1.500,joint_grid_transaction,22,22,6,13,5,0.000,0.50
71.680,6,en_route_pickup,2.735,-2.065,-1.000,-1.500,joint_grid_transaction,22,22,6,13,6,0.000,1.00
71.680,7,en_route_pickup,-6.046,-2.594,-6.000,-3.500,joint_grid_transaction,22,22,7,10,8,0.000,1.00
71.680,8,en_route_pickup,4.210,-1.452,0.000,-3.500,joint_grid_transaction,22,22,7,13,7,0.000,1.00
71.936,1,en_route_pickup,-3.136,-1.924,6.000,3.500,joint_grid_transaction,22,22,7,2,9,0.000,1.00
71.936,2,en_route_pickup,-1.709,1.974,-1.000,1.500,joint_grid_transaction,22,22,6,11,2,0.000,1.00
71.936,3,en_route_pickup,-2.759,2.783,-3.000,1.500,_priority_yield_resume,23,22,0,1,3,0.000,0.55
71.936,4,en_route_pickup,1.587,1.973,0.000,3.500,joint_grid_transaction,22,22,7,13,4,0.000,1.00
71.936,5,en_route_pickup,-3.913,2.048,1.000,1.500,joint_grid_transaction,22,22,6,13,5,0.000,0.50
71.936,6,en_route_pickup,2.713,-2.065,-1.000,-1.500,joint_grid_transaction,22,22,6,13,6,0.000,1.00
71.936,7,en_route_pickup,-6.049,-2.626,-6.000,-3.500,joint_grid_transaction,22,22,7,10,8,0.000,1.00
71.936,8,en_route_pickup,4.207,-1.483,0.000,-3.500,joint_grid_transaction,22,22,7,13,7,0.000,1.00
72.192,1,en_route_pickup,-3.141,-1.911,6.000,3.500,joint_grid_transaction,22,22,8,2,9,0.000,1.00
72.192,2,en_route_pickup,-1.672,1.970,-1.000,1.500,joint_grid_transaction,22,22,7,11,2,0.000,1.00
72.192,3,en_route_pickup,-2.749,2.773,-3.000,1.500,_priority_yield_resume,23,22,0,1,3,0.000,0.55
72.192,4,en_route_pickup,1.552,1.970,0.000,3.500,joint_grid_transaction,22,22,7,13,4,0.000,1.00
72.192,5,en_route_pickup,-3.904,2.057,1.000,1.500,joint_grid_transaction,22,22,6,13,5,0.000,0.50
72.192,6,en_route_pickup,2.678,-2.065,-1.000,-1.500,joint_grid_transaction,22,22,7,13,6,0.000,1.00
72.192,7,en_route_pickup,-6.052,-2.657,-6.000,-3.500,joint_grid_transaction,22,22,7,10,8,0.000,1.00
72.192,8,en_route_pickup,4.205,-1.512,0.000,-3.500,joint_grid_transaction,22,22,7,13,7,0.000,1.00
72.448,1,en_route_pickup,-3.120,-1.875,6.000,3.500,joint_grid_transaction,22,22,8,2,9,0.000,1.00
72.448,2,en_route_pickup,-1.637,1.967,-1.000,1.500,joint_grid_transaction,22,22,7,11,2,0.000,1.00
72.448,3,en_route_pickup,-2.739,2.763,-3.000,1.500,_priority_yield_resume,23,22,0,1,3,0.000,0.55
72.448,4,en_route_pickup,1.519,1.967,0.000,3.500,joint_grid_transaction,22,22,7,13,4,0.000,1.00
72.448,5,en_route_pickup,-3.896,2.065,1.000,1.500,joint_grid_transaction,22,22,6,13,5,0.000,0.50
72.448,6,en_route_pickup,2.641,-2.065,-1.000,-1.500,joint_grid_transaction,22,22,7,13,6,0.000,1.00
72.448,7,en_route_pickup,-6.054,-2.687,-6.000,-3.500,joint_grid_transaction,22,22,7,10,8,0.000,1.00
72.448,8,en_route_pickup,4.203,-1.539,0.000,-3.500,joint_grid_transaction,22,22,7,13,7,0.000,1.00
72.704,1,en_route_pickup,-3.098,-1.833,6.000,3.500,joint_grid_transaction,22,22,8,2,9,0.000,1.00
72.704,2,en_route_pickup,-1.603,1.964,-1.000,1.500,joint_grid_transaction,22,22,7,11,2,0.000,1.00
72.704,3,en_route_pickup,-2.728,2.753,-3.000,1.500,_priority_yield_resume,23,22,0,1,3,0.000,0.55
72.704,4,en_route_pickup,1.488,1.964,0.000,3.500,joint_grid_transaction,22,22,7,13,4,0.000,1.00
72.704,5,en_route_pickup,-3.888,2.073,1.000,1.500,joint_grid_transaction,22,22,6,13,5,0.000,0.50
72.704,6,en_route_pickup,2.605,-2.064,-1.000,-1.500,joint_grid_transaction,22,22,7,13,6,0.000,1.00
72.704,7,en_route_pickup,-6.057,-2.714,-6.000,-3.500,joint_grid_transaction,22,22,7,10,8,0.000,1.00
72.704,8,en_route_pickup,4.200,-1.572,0.000,-3.500,joint_grid_transaction,22,22,8,13,7,0.000,1.00
72.960,1,en_route_pickup,-3.080,-1.790,6.000,3.500,joint_grid_transaction,22,22,8,2,9,0.000,1.00
72.960,2,en_route_pickup,-1.571,1.961,-1.000,1.500,joint_grid_transaction,22,22,7,11,2,0.000,1.00
72.960,3,en_route_pickup,-2.717,2.744,-3.000,1.500,_priority_yield_resume,23,22,0,1,3,0.000,0.55
72.960,4,en_route_pickup,1.457,1.962,0.000,3.500,joint_grid_transaction,22,22,7,13,4,0.000,1.00
72.960,5,en_route_pickup,-3.882,2.074,1.000,1.500,joint_grid_transaction,22,22,7,13,5,0.000,0.50
72.960,6,en_route_pickup,2.569,-2.063,-1.000,-1.500,joint_grid_transaction,22,22,7,13,6,0.000,1.00
72.960,7,en_route_pickup,-6.059,-2.738,-6.000,-3.500,joint_grid_transaction,22,22,7,10,8,0.000,1.00
72.960,8,en_route_pickup,4.197,-1.604,0.000,-3.500,joint_grid_transaction,22,22,8,13,7,0.000,1.00
73.216,1,en_route_pickup,-3.064,-1.745,6.000,3.500,joint_grid_transaction,22,22,8,2,9,0.000,1.00
73.216,2,en_route_pickup,-1.539,1.958,-1.000,1.500,joint_grid_transaction,22,22,7,11,2,0.000,1.00
73.216,3,en_route_pickup,-2.706,2.735,-3.000,1.500,_priority_yield_resume,23,22,0,1,3,0.000,0.55
73.216,4,en_route_pickup,1.423,1.958,0.000,3.500,joint_grid_transaction,22,22,8,13,4,0.000,1.00
73.216,5,en_route_pickup,-3.879,2.071,1.000,1.500,joint_grid_transaction,22,22,7,13,5,0.000,0.50
73.216,6,en_route_pickup,2.534,-2.062,-1.000,-1.500,joint_grid_transaction,22,22,7,13,6,0.000,1.00
73.216,7,en_route_pickup,-6.060,-2.759,-6.000,-3.500,joint_grid_transaction,22,22,7,10,8,0.000,1.00
73.216,8,en_route_pickup,4.194,-1.635,0.000,-3.500,joint_grid_transaction,22,22,8,13,7,0.000,1.00
73.472,1,en_route_pickup,-3.053,-1.711,6.000,3.500,joint_grid_transaction,22,22,9,2,9,0.000,1.00
73.472,2,en_route_pickup,-1.510,1.955,-1.000,1.500,joint_grid_transaction,22,22,7,11,2,0.000,1.00
73.472,3,en_route_pickup,-2.695,2.726,-3.000,1.500,_priority_yield_resume,23,22,0,1,3,0.000,0.55
73.472,4,en_route_pickup,1.390,1.955,0.000,3.500,joint_grid_transaction,22,22,8,13,4,0.000,1.00
73.472,5,en_route_pickup,-3.875,2.072,1.000,1.500,joint_grid_transaction,22,22,7,13,5,0.000,0.50
73.472,6,en_route_pickup,2.500,-2.061,-1.000,-1.500,joint_grid_transaction,22,22,7,13,6,0.000,1.00
73.472,7,en_route_pickup,-6.060,-2.780,-6.000,-3.500,joint_grid_transaction,22,22,7,10,8,0.000,1.00
73.472,8,en_route_pickup,4.191,-1.665,0.000,-3.500,joint_grid_transaction,22,22,8,13,7,0.000,1.00
73.728,1,en_route_pickup,-3.053,-1.711,6.000,3.500,joint_grid_transaction,22,22,9,2,9,74.020,1.00
73.728,2,en_route_pickup,-1.483,1.952,-1.000,1.500,joint_grid_transaction,22,22,7,11,2,0.000,1.00
73.728,3,en_route_pickup,-2.665,2.702,-3.000,1.500,joint_grid_transaction,23,22,0,0,3,0.000,1.00
73.728,4,en_route_pickup,1.358,1.952,0.000,3.500,joint_grid_transaction,22,22,8,13,4,0.000,1.00
73.728,5,en_route_pickup,-3.867,2.079,1.000,1.500,joint_grid_transaction,22,22,7,13,5,0.000,0.50
73.728,6,en_route_pickup,2.466,-2.059,-1.000,-1.500,joint_grid_transaction,22,22,7,13,6,0.000,1.00
73.728,7,en_route_pickup,-6.061,-2.810,-6.000,-3.500,joint_grid_transaction,22,22,8,10,8,0.000,1.00
73.728,8,en_route_pickup,4.189,-1.693,0.000,-3.500,joint_grid_transaction,22,22,8,13,7,0.000,1.00
73.984,1,en_route_pickup,-3.053,-1.711,6.000,3.500,joint_grid_transaction,22,22,9,2,9,74.020,1.00
73.984,2,en_route_pickup,-1.459,1.951,-1.000,1.500,joint_grid_transaction,22,22,7,11,2,0.000,1.00
73.984,3,en_route_pickup,-2.627,2.674,-3.000,1.500,joint_grid_transaction,23,22,0,0,3,0.000,1.00
73.984,4,en_route_pickup,1.327,1.949,0.000,3.500,joint_grid_transaction,22,22,8,13,4,0.000,1.00
73.984,5,en_route_pickup,-3.857,2.087,1.000,1.500,joint_grid_transaction,22,22,7,13,5,0.000,0.50
73.984,6,en_route_pickup,2.425,-2.056,-1.000,-1.500,joint_grid_transaction,22,22,8,13,6,0.000,1.00
73.984,7,en_route_pickup,-6.062,-2.845,-6.000,-3.500,joint_grid_transaction,22,22,8,10,8,0.000,1.00
73.984,8,en_route_pickup,4.187,-1.717,0.000,-3.500,joint_grid_transaction,22,22,8,13,7,0.000,1.00
74.240,1,en_route_pickup,-3.053,-1.711,6.000,3.500,joint_grid_transaction,22,22,9,2,9,0.000,1.00
74.240,2,en_route_pickup,-1.428,1.948,-1.000,1.500,joint_grid_transaction,30,22,8,5,2,0.000,1.00
74.240,3,en_route_pickup,-2.617,2.650,-3.000,1.500,joint_grid_transaction,30,22,0,7,3,0.000,1.00
74.240,4,en_route_pickup,1.298,1.947,0.000,3.500,joint_grid_transaction,30,22,8,8,4,0.000,1.00
74.240,5,en_route_pickup,-3.848,2.093,1.000,1.500,joint_grid_transaction,30,22,7,8,5,0.000,1.00
74.240,6,en_route_pickup,2.380,-2.053,-1.000,-1.500,joint_grid_transaction,30,22,8,9,6,0.000,1.00
74.240,7,en_route_pickup,-6.062,-2.878,-6.000,-3.500,joint_grid_transaction,30,22,8,4,8,0.000,1.00
74.240,8,en_route_pickup,4.186,-1.738,0.000,-3.500,joint_grid_transaction,30,22,8,9,7,0.000,1.00
74.496,1,en_route_pickup,-3.053,-1.711,6.000,3.500,joint_grid_transaction,22,22,9,2,9,74.948,1.00
74.496,2,en_route_delivery,-1.395,1.946,0.000,-3.500,joint_grid_transaction,30,30,2,3,2,0.000,1.00
74.496,3,en_route_pickup,-2.643,2.623,-3.000,1.500,joint_grid_transaction,30,30,1,7,3,0.000,1.00
74.496,4,en_route_pickup,1.271,1.944,0.000,3.500,joint_grid_transaction,30,30,1,8,4,0.000,1.00
74.496,5,en_route_pickup,-3.848,2.093,1.000,1.500,joint_grid_transaction,30,30,1,8,5,0.000,1.00
74.496,6,en_route_pickup,2.333,-2.049,-1.000,-1.500,joint_grid_transaction,30,30,2,9,6,0.000,1.00
74.496,7,en_route_delivery,-6.063,-2.910,-1.000,1.500,joint_grid_transaction,30,30,2,5,8,0.000,1.00
74.496,8,en_route_pickup,4.185,-1.760,0.000,-3.500,joint_grid_transaction,30,30,1,9,7,0.000,1.00
74.752,1,en_route_pickup,-3.053,-1.711,6.000,3.500,joint_grid_transaction,22,22,9,2,9,74.948,1.00
74.752,2,en_route_delivery,-1.363,1.943,0.000,-3.500,joint_grid_transaction,30,30,2,3,2,0.000,1.00
74.752,3,en_route_pickup,-2.656,2.601,-3.000,1.500,joint_grid_transaction,30,30,1,7,3,0.000,1.00
74.752,4,en_route_pickup,1.249,1.943,0.000,3.500,joint_grid_transaction,30,30,1,8,4,0.000,1.00
74.752,5,en_route_pickup,-3.848,2.093,1.000,1.500,joint_grid_transaction,30,30,1,8,5,0.000,1.00
74.752,6,en_route_pickup,2.285,-2.044,-1.000,-1.500,joint_grid_transaction,30,30,2,9,6,0.000,1.00
74.752,7,en_route_delivery,-6.064,-2.941,-1.000,1.500,joint_grid_transaction,30,30,2,5,8,0.000,1.00
74.752,8,en_route_pickup,4.185,-1.782,0.000,-3.500,joint_grid_transaction,30,30,1,9,7,0.000,1.00
75.008,1,en_route_pickup,-3.053,-1.711,6.000,3.500,joint_grid_transaction,22,22,9,2,9,0.000,1.00
75.008,2,en_route_delivery,-1.333,1.941,0.000,-3.500,joint_grid_transaction,30,30,2,3,2,0.000,1.00
75.008,3,en_route_pickup,-2.658,2.597,-3.000,1.500,joint_grid_transaction,30,30,1,7,3,0.000,1.00
75.008,4,en_route_pickup,1.228,1.942,0.000,3.500,joint_grid_transaction,30,30,1,8,4,0.000,1.00
75.008,5,en_route_pickup,-3.848,2.093,1.000,1.500,joint_grid_transaction,30,30,1,8,5,0.000,1.00
75.008,6,en_route_pickup,2.238,-2.038,-1.000,-1.500,joint_grid_transaction,30,30,2,9,6,0.000,1.00
75.008,7,en_route_delivery,-6.065,-2.969,-1.000,1.500,joint_grid_transaction,30,30,2,5,8,0.000,1.00
75.008,8,en_route_pickup,4.185,-1.790,0.000,-3.500,joint_grid_transaction,30,30,2,9,7,0.000,1.00
75.264,1,en_route_pickup,-3.053,-1.711,6.000,3.500,joint_grid_transaction,22,22,9,2,9,0.000,1.00
75.264,2,en_route_delivery,-1.336,1.943,0.000,-3.500,joint_grid_transaction,31,31,1,9,2,0.000,1.00
75.264,3,en_route_pickup,-2.665,2.616,-3.000,1.500,joint_grid_transaction,31,31,1,9,3,0.000,1.00
75.264,4,en_route_pickup,1.205,1.941,0.000,3.500,joint_grid_transaction,31,31,1,9,4,0.000,1.00
75.264,5,en_route_pickup,-3.873,2.117,1.000,1.500,joint_grid_transaction,31,31,1,8,5,0.000,1.00
75.264,6,en_route_pickup,2.191,-2.031,-1.000,-1.500,joint_grid_transaction,31,31,2,9,6,0.000,1.00
75.264,7,en_route_delivery,-6.063,-2.965,-1.000,1.500,joint_grid_transaction,31,31,1,9,8,0.000,1.00
75.264,8,en_route_pickup,4.183,-1.784,0.000,-3.500,joint_grid_transaction,31,31,2,9,7,0.000,1.00
75.520,1,en_route_pickup,-3.053,-1.711,6.000,3.500,joint_grid_transaction,22,22,9,2,9,0.000,1.00
75.520,2,en_route_delivery,-1.359,1.954,0.000,-3.500,joint_grid_transaction,31,31,1,9,2,0.000,1.00
75.520,3,en_route_pickup,-2.685,2.643,-3.000,1.500,joint_grid_transaction,31,31,1,9,3,0.000,1.00
75.520,4,en_route_pickup,1.170,1.940,0.000,3.500,joint_grid_transaction,31,31,2,9,4,0.000,1.00
75.520,5,en_route_pickup,-3.894,2.143,1.000,1.500,joint_grid_transaction,31,31,1,8,5,0.000,1.00
75.520,6,en_route_pickup,2.144,-2.026,-1.000,-1.500,joint_grid_transaction,31,31,2,9,6,0.000,1.00
75.520,7,en_route_delivery,-6.052,-2.941,-1.000,1.500,joint_grid_transaction,31,31,1,9,8,0.000,1.00
75.520,8,en_route_pickup,4.173,-1.793,0.000,-3.500,joint_grid_transaction,31,31,2,9,7,0.000,1.00
75.776,1,en_route_pickup,-3.053,-1.711,6.000,3.500,joint_grid_transaction,22,22,9,2,9,0.000,1.00
75.776,2,en_route_delivery,-1.387,1.977,0.000,-3.500,joint_grid_transaction,31,31,1,9,2,0.000,1.00
75.776,3,en_route_pickup,-2.712,2.668,-3.000,1.500,joint_grid_transaction,31,31,1,9,3,0.000,1.00
75.776,4,en_route_pickup,1.137,1.939,0.000,3.500,joint_grid_transaction,31,31,2,9,4,0.000,1.00
75.776,5,en_route_pickup,-3.902,2.161,1.000,1.500,joint_grid_transaction,31,31,1,8,5,0.000,1.00
75.776,6,en_route_pickup,2.098,-2.021,-1.000,-1.500,joint_grid_transaction,31,31,2,9,6,0.000,1.00
75.776,7,en_route_delivery,-6.033,-2.920,-1.000,1.500,joint_grid_transaction,31,31,1,9,8,0.000,1.00
75.776,8,en_route_pickup,4.151,-1.834,0.000,-3.500,joint_grid_transaction,31,31,2,9,7,0.000,1.00
76.032,1,en_route_pickup,-3.053,-1.711,6.000,3.500,joint_grid_transaction,22,22,9,2,9,0.000,1.00
76.032,2,en_route_delivery,-1.409,2.004,0.000,-3.500,joint_grid_transaction,31,31,1,9,2,0.000,1.00
76.032,3,en_route_pickup,-2.732,2.680,-3.000,1.500,joint_grid_transaction,31,31,1,9,3,0.000,1.00
76.032,4,en_route_pickup,1.105,1.938,0.000,3.500,joint_grid_transaction,31,31,2,9,4,0.000,1.00
76.032,5,en_route_pickup,-3.904,2.153,1.000,1.500,joint_grid_transaction,31,31,1,8,5,0.000,1.00
76.032,6,en_route_pickup,2.053,-2.017,-1.000,-1.500,joint_grid_transaction,31,31,2,9,6,0.000,1.00
76.032,7,en_route_delivery,-6.019,-2.906,-1.000,1.500,joint_grid_transaction,31,31,1,9,8,0.000,1.00
76.032,8,en_route_pickup,4.147,-1.839,0.000,-3.500,joint_grid_transaction,31,31,2,9,7,0.000,1.00
76.288,1,en_route_pickup,-3.053,-1.711,6.000,3.500,joint_grid_transaction,22,22,9,2,9,0.000,1.00
76.288,2,en_route_delivery,-1.417,2.022,0.000,-3.500,joint_grid_transaction,31,31,1,9,2,0.000,1.00
76.288,3,en_route_pickup,-2.739,2.682,-3.000,1.500,joint_grid_transaction,31,31,1,9,3,0.000,1.00
76.288,4,en_route_pickup,1.076,1.936,0.000,3.500,joint_grid_transaction,31,31,2,9,4,0.000,1.00
76.288,5,en_route_pickup,-3.916,2.129,1.000,1.500,joint_grid_transaction,31,31,1,8,5,0.000,1.00
76.288,6,en_route_pickup,2.008,-2.013,-1.000,-1.500,joint_grid_transaction,31,31,2,9,6,0.000,1.00
76.288,7,en_route_delivery,-5.986,-2.926,-1.000,1.500,joint_grid_transaction,31,31,1,9,8,0.000,1.00
76.288,8,en_route_pickup,4.144,-1.834,0.000,-3.500,joint_grid_transaction,31,31,2,9,7,0.000,1.00
76.544,1,en_route_pickup,-3.053,-1.711,6.000,3.500,joint_grid_transaction,22,22,9,2,9,0.000,1.00
76.544,2,en_route_delivery,-1.419,2.017,0.000,-3.500,joint_grid_transaction,31,31,1,9,2,0.000,1.00
76.544,3,en_route_pickup,-2.757,2.681,-3.000,1.500,joint_grid_transaction,31,31,1,9,3,0.000,1.00
76.544,4,en_route_pickup,1.047,1.935,0.000,3.500,joint_grid_transaction,31,31,2,9,4,0.000,1.00
76.544,5,en_route_pickup,-3.941,2.102,1.000,1.500,joint_grid_transaction,31,31,1,8,5,0.000,1.00
76.544,6,en_route_pickup,1.965,-2.008,-1.000,-1.500,joint_grid_transaction,31,31,2,9,6,0.000,1.00
76.544,7,en_route_delivery,-5.956,-2.940,-1.000,1.500,joint_grid_transaction,31,31,2,9,8,0.000,1.00
76.544,8,en_route_pickup,4.131,-1.818,0.000,-3.500,joint_grid_transaction,31,31,3,9,7,0.000,1.00
76.800,1,en_route_pickup,-3.053,-1.711,6.000,3.500,joint_grid_transaction,22,22,9,2,9,0.000,1.00
76.800,2,en_route_delivery,-1.430,1.994,0.000,-3.500,joint_grid_transaction,31,31,1,9,2,0.000,1.00
76.800,3,en_route_pickup,-2.779,2.681,-3.000,1.500,joint_grid_transaction,31,31,1,9,3,0.000,1.00
76.800,4,en_route_pickup,1.021,1.933,0.000,3.500,joint_grid_transaction,31,31,2,9,4,0.000,1.00
76.800,5,en_route_pickup,-3.967,2.081,1.000,1.500,joint_grid_transaction,31,31,1,8,5,0.000,1.00
76.800,6,en_route_pickup,1.923,-2.004,-1.000,-1.500,joint_grid_transaction,31,31,3,9,6,0.000,1.00
76.800,7,en_route_delivery,-5.915,-2.956,-1.000,1.500,joint_grid_transaction,31,31,2,9,8,0.000,1.00
76.800,8,en_route_pickup,4.110,-1.822,0.000,-3.500,joint_grid_transaction,31,31,3,9,7,0.000,1.00
77.056,1,en_route_pickup,-3.053,-1.711,6.000,3.500,joint_grid_transaction,22,22,9,2,9,77.524,1.00
77.056,2,en_route_delivery,-1.453,1.968,0.000,-3.500,joint_grid_transaction,31,31,1,9,2,0.000,1.00
77.056,3,en_route_pickup,-2.791,2.681,-3.000,1.500,joint_grid_transaction,31,31,2,9,3,0.000,1.00
77.056,4,en_route_pickup,0.999,1.932,0.000,3.500,joint_grid_transaction,31,31,2,9,4,0.000,1.00
77.056,5,en_route_pickup,-3.981,2.075,1.000,1.500,joint_grid_transaction,31,31,1,8,5,0.000,1.00
77.056,6,en_route_pickup,1.881,-2.000,-1.000,-1.500,joint_grid_transaction,31,31,3,9,6,0.000,1.00
77.056,7,en_route_delivery,-5.869,-2.968,-1.000,1.500,joint_grid_transaction,31,31,2,9,8,0.000,1.00
77.056,8,en_route_pickup,4.073,-1.851,0.000,-3.500,joint_grid_transaction,31,31,3,9,7,0.000,1.00
77.312,1,en_route_pickup,-3.053,-1.711,6.000,3.500,joint_grid_transaction,22,22,9,2,9,77.524,1.00
77.312,2,en_route_delivery,-1.471,1.952,0.000,-3.500,joint_grid_transaction,31,31,1,9,2,0.000,1.00
77.312,3,en_route_pickup,-2.783,2.679,-3.000,1.500,joint_grid_transaction,31,31,2,9,3,0.000,1.00
77.312,4,en_route_pickup,0.978,1.932,0.000,3.500,joint_grid_transaction,31,31,2,9,4,0.000,1.00
77.312,5,en_route_pickup,-3.988,2.074,1.000,1.500,joint_grid_transaction,31,31,1,8,5,0.000,1.00
77.312,6,en_route_pickup,1.841,-1.996,-1.000,-1.500,joint_grid_transaction,31,31,3,9,6,0.000,1.00
77.312,7,en_route_delivery,-5.823,-2.977,-1.000,1.500,joint_grid_transaction,31,31,2,9,8,0.000,1.00
77.312,8,en_route_pickup,4.033,-1.876,0.000,-3.500,joint_grid_transaction,31,31,3,9,7,0.000,1.00
77.568,1,en_route_pickup,-3.053,-1.711,6.000,3.500,joint_grid_transaction,22,22,9,2,9,0.000,1.00
77.568,2,en_route_delivery,-1.488,1.952,0.000,-3.500,joint_grid_transaction,31,31,1,9,2,0.000,1.00
77.568,3,en_route_pickup,-2.798,2.667,-3.000,1.500,joint_grid_transaction,31,31,2,9,3,0.000,1.00
77.568,4,en_route_pickup,0.952,1.932,0.000,3.500,joint_grid_transaction,31,31,2,9,4,0.000,1.00
77.568,5,en_route_pickup,-4.011,2.074,1.000,1.500,joint_grid_transaction,31,31,1,8,5,0.000,1.00
77.568,6,en_route_pickup,1.801,-1.993,-1.000,-1.500,joint_grid_transaction,31,31,3,9,6,0.000,1.00
77.568,7,en_route_delivery,-5.776,-2.984,-1.000,1.500,joint_grid_transaction,31,31,2,9,8,0.000,1.00
77.568,8,en_route_pickup,3.991,-1.899,0.000,-3.500,joint_grid_transaction,31,31,3,9,7,0.000,1.00
77.824,1,en_route_pickup,-3.053,-1.711,6.000,3.500,joint_grid_transaction,22,22,9,2,9,0.000,1.00
77.824,2,en_route_delivery,-1.531,1.970,0.000,-3.500,joint_grid_transaction,32,32,1,9,2,0.000,1.00
77.824,3,en_route_pickup,-2.838,2.647,-3.000,1.500,joint_grid_transaction,32,32,2,9,3,0.000,1.00
77.824,4,en_route_pickup,0.914,1.933,0.000,3.500,joint_grid_transaction,32,32,2,9,4,0.000,1.00
77.824,5,en_route_pickup,-4.004,2.072,1.000,1.500,joint_grid_transaction,32,32,1,9,5,0.000,1.00
77.824,6,en_route_pickup,1.763,-1.989,-1.000,-1.500,joint_grid_transaction,32,32,1,8,6,0.000,1.00
77.824,7,en_route_delivery,-5.728,-2.989,-1.000,1.500,joint_grid_transaction,32,32,1,9,8,0.000,1.00
77.824,8,en_route_pickup,3.951,-1.919,0.000,-3.500,joint_grid_transaction,32,32,1,8,7,0.000,1.00
78.080,1,en_route_pickup,-3.053,-1.711,6.000,3.500,joint_grid_transaction,22,22,9,2,9,0.000,1.00
78.080,2,en_route_delivery,-1.576,1.983,0.000,-3.500,joint_grid_transaction,32,32,2,9,2,0.000,1.00
78.080,3,en_route_pickup,-2.838,2.647,-3.000,1.500,joint_grid_transaction,32,32,2,9,3,0.000,1.00
78.080,4,en_route_pickup,0.875,1.935,0.000,3.500,joint_grid_transaction,32,32,2,9,4,0.000,1.00
78.080,5,en_route_pickup,-3.980,2.059,1.000,1.500,joint_grid_transaction,32,32,1,9,5,0.000,1.00
78.080,6,en_route_pickup,1.726,-1.986,-1.000,-1.500,joint_grid_transaction,32,32,1,8,6,0.000,1.00
78.080,7,en_route_delivery,-5.684,-2.993,-1.000,1.500,joint_grid_transaction,32,32,2,9,8,0.000,1.00
78.080,8,en_route_pickup,3.951,-1.919,0.000,-3.500,joint_grid_transaction,32,32,1,8,7,0.000,1.00
78.336,1,en_route_pickup,-3.053,-1.711,6.000,3.500,joint_grid_transaction,22,22,9,2,9,0.000,1.00
78.336,2,en_route_delivery,-1.623,1.992,0.000,-3.500,joint_grid_transaction,32,32,2,9,2,0.000,1.00
78.336,3,en_route_pickup,-2.838,2.647,-3.000,1.500,joint_grid_transaction,32,32,2,9,3,0.000,1.00
78.336,4,en_route_pickup,0.836,1.937,0.000,3.500,joint_grid_transaction,32,32,2,9,4,0.000,1.00
78.336,5,en_route_pickup,-3.964,2.045,1.000,1.500,joint_grid_transaction,32,32,2,9,5,0.000,1.00
78.336,6,en_route_pickup,1.719,-1.985,-1.000,-1.500,joint_grid_transaction,32,32,1,8,6,0.000,1.00
78.336,7,en_route_delivery,-5.642,-2.997,-1.000,1.500,joint_grid_transaction,32,32,2,9,8,0.000,1.00
78.336,8,en_route_pickup,3.951,-1.919,0.000,-3.500,joint_grid_transaction,32,32,1,8,7,0.000,1.00
78.592,1,en_route_pickup,-3.053,-1.711,6.000,3.500,joint_grid_transaction,22,22,9,2,9,0.000,1.00
78.592,2,en_route_delivery,-1.670,1.997,0.000,-3.500,joint_grid_transaction,32,32,2,9,2,0.000,1.00
78.592,3,en_route_pickup,-2.838,2.647,-3.000,1.500,joint_grid_transaction,32,32,2,9,3,0.000,1.00
78.592,4,en_route_pickup,0.797,1.940,0.000,3.500,joint_grid_transaction,32,32,2,9,4,0.000,1.00
78.592,5,en_route_pickup,-3.964,2.045,1.000,1.500,joint_grid_transaction,32,32,2,9,5,0.000,1.00
78.592,6,en_route_pickup,1.719,-1.985,-1.000,-1.500,joint_grid_transaction,32,32,1,8,6,0.000,1.00
78.592,7,en_route_delivery,-5.601,-3.001,-1.000,1.500,joint_grid_transaction,32,32,2,9,8,0.000,1.00
78.592,8,en_route_pickup,3.951,-1.919,0.000,-3.500,joint_grid_transaction,32,32,1,8,7,0.000,1.00
78.848,1,en_route_pickup,-3.053,-1.711,6.000,3.500,joint_grid_transaction,22,22,9,2,9,0.000,1.00
78.848,2,en_route_delivery,-1.714,2.001,0.000,-3.500,joint_grid_transaction,32,32,2,9,2,0.000,1.00
78.848,3,en_route_pickup,-2.843,2.645,-3.000,1.500,joint_grid_transaction,32,32,2,9,3,0.000,1.00
78.848,4,en_route_pickup,0.756,1.943,0.000,3.500,joint_grid_transaction,32,32,2,9,4,0.000,1.00
78.848,5,en_route_pickup,-3.967,2.049,1.000,1.500,joint_grid_transaction,32,32,2,9,5,0.000,1.00
78.848,6,en_route_pickup,1.714,-1.984,-1.000,-1.500,joint_grid_transaction,32,32,1,8,6,0.000,1.00
78.848,7,en_route_delivery,-5.560,-3.004,-1.000,1.500,joint_grid_transaction,32,32,2,9,8,0.000,1.00
78.848,8,en_route_pickup,3.948,-1.921,0.000,-3.500,joint_grid_transaction,32,32,1,8,7,0.000,1.00
79.104,1,en_route_pickup,-3.053,-1.711,6.000,3.500,joint_grid_transaction,22,22,9,2,9,0.000,1.00
79.104,2,en_route_delivery,-1.755,2.004,0.000,-3.500,joint_grid_transaction,32,32,2,9,2,0.000,1.00
79.104,3,en_route_pickup,-2.884,2.622,-3.000,1.500,joint_grid_transaction,32,32,3,9,3,0.000,1.00
79.104,4,en_route_pickup,0.714,1.948,0.000,3.500,joint_grid_transaction,32,32,2,9,4,0.000,1.00
79.104,5,en_route_pickup,-3.983,2.063,1.000,1.500,joint_grid_transaction,32,32,3,9,5,0.000,1.00
79.104,6,en_route_pickup,1.677,-1.981,-1.000,-1.500,joint_grid_transaction,32,32,2,8,6,0.000,1.00
79.104,7,en_route_delivery,-5.521,-3.008,-1.000,1.500,joint_grid_transaction,32,32,2,9,8,0.000,1.00
79.104,8,en_route_pickup,3.906,-1.938,0.000,-3.500,joint_grid_transaction,32,32,2,8,7,0.000,1.00
79.360,1,en_route_pickup,-3.053,-1.711,6.000,3.500,joint_grid_transaction,22,22,9,2,9,0.000,1.00
79.360,2,en_route_delivery,-1.796,2.008,0.000,-3.500,joint_grid_transaction,32,32,2,9,2,0.000,1.00
79.360,3,en_route_pickup,-2.927,2.602,-3.000,1.500,joint_grid_transaction,32,32,3,9,3,0.000,1.00
79.360,4,en_route_pickup,0.667,1.954,0.000,3.500,joint_grid_transaction,32,32,3,9,4,0.000,1.00
79.360,5,en_route_pickup,-4.008,2.055,1.000,1.500,joint_grid_transaction,32,32,3,9,5,0.000,1.00
79.360,6,en_route_pickup,1.640,-1.977,-1.000,-1.500,joint_grid_transaction,32,32,2,8,6,0.000,1.00
79.360,7,en_route_delivery,-5.482,-3.011,-1.000,1.500,joint_grid_transaction,32,32,2,9,8,0.000,1.00
79.360,8,en_route_pickup,3.861,-1.952,0.000,-3.500,joint_grid_transaction,32,32,2,8,7,0.000,1.00
79.616,1,en_route_pickup,-3.053,-1.711,6.000,3.500,joint_grid_transaction,22,22,9,2,9,0.000,1.00
79.616,2,en_route_delivery,-1.836,2.011,0.000,-3.500,joint_grid_transaction,32,32,3,9,2,0.000,1.00
79.616,3,en_route_pickup,-2.971,2.585,-3.000,1.500,joint_grid_transaction,32,32,3,9,3,0.000,1.00
79.616,4,en_route_pickup,0.619,1.959,0.000,3.500,joint_grid_transaction,32,32,3,9,4,0.000,1.00
79.616,5,en_route_pickup,-4.035,2.043,1.000,1.500,joint_grid_transaction,32,32,3,9,5,0.000,1.00
79.616,6,en_route_pickup,1.604,-1.974,-1.000,-1.500,joint_grid_transaction,32,32,2,8,6,0.000,1.00
79.616,7,en_route_delivery,-5.444,-3.015,-1.000,1.500,joint_grid_transaction,32,32,3,9,8,0.000,1.00
79.616,8,en_route_pickup,3.814,-1.963,0.000,-3.500,joint_grid_transaction,32,32,2,8,7,0.000,1.00
79.872,1,en_route_pickup,-3.053,-1.711,6.000,3.500,joint_grid_transaction,22,22,9,2,9,0.000,1.00
79.872,2,en_route_delivery,-1.876,2.014,0.000,-3.500,joint_grid_transaction,32,32,3,9,2,0.000,1.00
79.872,3,en_route_pickup,-3.016,2.569,-3.000,1.500,joint_grid_transaction,32,32,3,9,3,0.000,1.00
79.872,4,en_route_pickup,0.572,1.964,0.000,3.500,joint_grid_transaction,32,32,3,9,4,0.000,1.00
79.872,5,en_route_pickup,-4.035,2.043,1.000,1.500,joint_grid_transaction,32,32,3,9,5,0.000,1.00
79.872,6,en_route_pickup,1.570,-1.970,-1.000,-1.500,joint_grid_transaction,32,32,2,8,6,0.000,1.00
79.872,7,en_route_delivery,-5.405,-3.018,-1.000,1.500,joint_grid_transaction,32,32,3,9,8,0.000,1.00
79.872,8,en_route_pickup,3.768,-1.972,0.000,-3.500,joint_grid_transaction,32,32,2,8,7,0.000,1.00
80.128,1,en_route_pickup,-3.053,-1.711,6.000,3.500,joint_grid_transaction,22,22,9,2,9,0.000,1.00
80.128,2,en_route_delivery,-1.915,2.017,0.000,-3.500,joint_grid_transaction,32,32,3,9,2,0.000,1.00
80.128,3,en_route_pickup,-3.049,2.563,-3.000,1.500,joint_grid_transaction,32,32,3,9,3,0.000,1.00
80.128,4,en_route_pickup,0.524,1.970,0.000,3.500,joint_grid_transaction,32,32,3,9,4,0.000,1.00
80.128,5,en_route_pickup,-4.034,2.042,1.000,1.500,joint_grid_transaction,32,32,4,9,5,0.000,1.00
80.128,6,en_route_pickup,1.536,-1.967,-1.000,-1.500,joint_grid_transaction,32,32,2,8,6,0.000,1.00
80.128,7,en_route_delivery,-5.368,-3.021,-1.000,1.500,joint_grid_transaction,32,32,3,9,8,0.000,1.00
80.128,8,en_route_pickup,3.721,-1.979,0.000,-3.500,joint_grid_transaction,32,32,2,8,7,0.000,1.00
80.384,1,en_route_pickup,-3.053,-1.711,6.000,3.500,joint_grid_transaction,22,22,9,2,9,0.000,1.00
80.384,2,en_route_delivery,-1.952,2.020,0.000,-3.500,joint_grid_transaction,32,32,3,9,2,0.000,1.00
80.384,3,en_route_pickup,-3.048,2.564,-3.000,1.500,joint_grid_transaction,32,32,4,9,3,0.000,1.00
80.384,4,en_route_pickup,0.476,1.975,0.000,3.500,joint_grid_transaction,32,32,3,9,4,0.000,1.00
80.384,5,en_route_pickup,-4.034,2.042,1.000,1.500,joint_grid_transaction,32,32,4,9,5,0.000,1.00
80.384,6,en_route_pickup,1.505,-1.964,-1.000,-1.500,joint_grid_transaction,32,32,2,8,6,0.000,1.00
80.384,7,en_route_delivery,-5.331,-3.025,-1.000,1.500,joint_grid_transaction,32,32,3,9,8,0.000,1.00
80.384,8,en_route_pickup,3.673,-1.985,0.000,-3.500,joint_grid_transaction,32,32,3,8,7,0.000,1.00
80.640,1,en_route_pickup,-3.053,-1.711,6.000,3.500,joint_grid_transaction,22,22,9,2,9,81.028,1.00
80.640,2,en_route_delivery,-1.988,2.023,0.000,-3.500,joint_grid_transaction,32,32,3,9,2,0.000,1.00
80.640,3,en_route_pickup,-3.042,2.566,-3.000,1.500,joint_grid_transaction,32,32,4,9,3,81.028,1.00
80.640,4,en_route_pickup,0.431,1.980,0.000,3.500,joint_grid_transaction,32,32,4,9,4,0.000,1.00
80.640,5,en_route_pickup,-4.034,2.042,1.000,1.500,joint_grid_transaction,32,32,4,9,5,0.000,1.00
80.640,6,en_route_pickup,1.475,-1.961,-1.000,-1.500,joint_grid_transaction,32,32,2,8,6,0.000,1.00
80.640,7,en_route_delivery,-5.296,-3.028,-1.000,1.500,joint_grid_transaction,32,32,3,9,8,0.000,1.00
80.640,8,en_route_pickup,3.628,-1.989,0.000,-3.500,joint_grid_transaction,32,32,3,8,7,0.000,1.00
80.896,1,en_route_pickup,-3.053,-1.711,6.000,3.500,joint_grid_transaction,22,22,9,2,9,81.028,1.00
80.896,2,en_route_delivery,-2.023,2.026,0.000,-3.500,joint_grid_transaction,32,32,3,9,2,0.000,1.00
80.896,3,en_route_pickup,-3.042,2.566,-3.000,1.500,joint_grid_transaction,32,32,4,9,3,81.028,1.00
80.896,4,en_route_pickup,0.387,1.984,0.000,3.500,joint_grid_transaction,32,32,4,9,4,0.000,1.00
80.896,5,en_route_pickup,-4.034,2.042,1.000,1.500,joint_grid_transaction,32,32,4,9,5,0.000,1.00
80.896,6,en_route_pickup,1.444,-1.958,-1.000,-1.500,joint_grid_transaction,32,32,3,8,6,0.000,1.00
80.896,7,en_route_delivery,-5.262,-3.031,-1.000,1.500,joint_grid_transaction,32,32,3,9,8,0.000,1.00
80.896,8,en_route_pickup,3.585,-1.993,0.000,-3.500,joint_grid_transaction,32,32,3,8,7,0.000,1.00
81.152,1,en_route_pickup,-3.053,-1.711,6.000,3.500,joint_grid_transaction,22,22,9,2,9,0.000,1.00
81.152,2,en_route_delivery,-2.059,2.029,0.000,-3.500,joint_grid_transaction,33,33,2,9,2,0.000,1.00
81.152,3,en_route_pickup,-3.038,2.567,-3.000,1.500,joint_grid_transaction,32,32,4,9,3,0.000,1.00
81.152,4,en_route_pickup,0.344,1.988,0.000,3.500,joint_grid_transaction,33,33,2,9,4,0.000,1.00
81.152,5,en_route_pickup,-4.034,2.040,1.000,1.500,joint_grid_transaction,33,33,2,9,5,0.000,1.00
81.152,6,en_route_pickup,1.412,-1.955,-1.000,-1.500,joint_grid_transaction,33,33,2,9,6,0.000,1.00
81.152,7,en_route_delivery,-5.230,-3.034,-1.000,1.500,joint_grid_transaction,33,33,1,9,8,0.000,1.00
81.152,8,en_route_pickup,3.542,-1.996,0.000,-3.500,joint_grid_transaction,33,33,1,8,7,0.000,1.00
81.408,1,en_route_pickup,-3.053,-1.711,6.000,3.500,joint_grid_transaction,22,22,9,2,9,0.000,1.00
81.408,2,en_route_delivery,-2.095,2.032,0.000,-3.500,joint_grid_transaction,33,33,2,9,2,0.000,1.00
81.408,3,en_route_pickup,-3.072,2.588,-3.000,1.500,joint_grid_transaction,32,32,4,9,3,0.000,1.00
81.408,4,en_route_pickup,0.302,1.993,0.000,3.500,joint_grid_transaction,33,33,2,9,4,0.000,1.00
81.408,5,en_route_pickup,-4.034,2.040,1.000,1.500,joint_grid_transaction,33,33,2,9,5,0.000,1.00
81.408,6,en_route_pickup,1.380,-1.952,-1.000,-1.500,joint_grid_transaction,33,33,2,9,6,0.000,1.00
81.408,7,en_route_delivery,-5.198,-3.036,-1.000,1.500,joint_grid_transaction,33,33,2,9,8,0.000,1.00
81.408,8,en_route_pickup,3.500,-2.000,0.000,-3.500,joint_grid_transaction,33,33,1,8,7,0.000,1.00
81.664,1,en_route_pickup,-3.053,-1.711,6.000,3.500,joint_grid_transaction,22,22,9,2,9,0.000,1.00
81.664,2,en_route_delivery,-2.117,2.033,0.000,-3.500,joint_grid_transaction,33,33,2,9,2,0.000,0.40
81.664,3,en_route_pickup,-3.089,2.604,-3.000,1.500,joint_grid_transaction,32,32,5,9,3,0.000,0.85
81.664,4,en_route_pickup,0.260,1.997,0.000,3.500,joint_grid_transaction,33,33,2,9,4,0.000,1.00
81.664,5,en_route_pickup,-4.034,2.040,1.000,1.500,joint_grid_transaction,33,33,2,9,5,0.000,1.00
81.664,6,en_route_pickup,1.349,-1.949,-1.000,-1.500,joint_grid_transaction,33,33,2,9,6,0.000,1.00
81.664,7,en_route_delivery,-5.163,-3.040,-1.000,1.500,joint_grid_transaction,33,33,2,9,8,0.000,1.00
81.664,8,en_route_pickup,3.470,-2.003,0.000,-3.500,joint_grid_transaction,33,33,1,8,7,0.000,1.00
81.920,1,en_route_pickup,-3.053,-1.711,6.000,3.500,joint_grid_transaction,22,22,9,2,9,0.000,1.00
81.920,2,en_route_delivery,-2.122,2.034,0.000,-3.500,joint_grid_transaction,33,33,2,9,2,0.000,0.40
81.920,3,en_route_pickup,-3.078,2.614,-3.000,1.500,joint_grid_transaction,32,32,5,9,3,0.000,0.85
81.920,4,en_route_pickup,0.220,2.001,0.000,3.500,joint_grid_transaction,33,33,2,9,4,0.000,1.00
81.920,5,en_route_pickup,-4.034,2.040,1.000,1.500,joint_grid_transaction,33,33,2,9,5,0.000,1.00
81.920,6,en_route_pickup,1.319,-1.947,-1.000,-1.500,joint_grid_transaction,33,33,2,9,6,0.000,1.00
81.920,7,en_route_delivery,-5.129,-3.043,-1.000,1.500,joint_grid_transaction,33,33,2,9,8,0.000,1.00
81.920,8,en_route_pickup,3.470,-2.003,0.000,-3.500,joint_grid_transaction,33,33,1,8,7,0.000,1.00
82.176,1,en_route_pickup,-3.053,-1.711,6.000,3.500,joint_grid_transaction,22,22,9,2,9,0.000,1.00
82.176,2,en_route_delivery,-2.128,2.034,0.000,-3.500,joint_grid_transaction,33,33,2,9,2,0.000,0.40
82.176,3,en_route_pickup,-3.069,2.623,-3.000,1.500,joint_grid_transaction,32,32,5,9,3,0.000,0.85
82.176,4,en_route_pickup,0.220,2.001,0.000,3.500,joint_grid_transaction,33,33,2,9,4,0.000,1.00
82.176,5,en_route_pickup,-4.034,2.040,1.000,1.500,joint_grid_transaction,33,33,2,9,5,0.000,0.85
82.176,6,en_route_pickup,1.291,-1.944,-1.000,-1.500,joint_grid_transaction,33,33,2,9,6,0.000,1.00
82.176,7,en_route_delivery,-5.097,-3.045,-1.000,1.500,joint_grid_transaction,33,33,2,9,8,0.000,1.00
82.176,8,en_route_pickup,3.470,-2.003,0.000,-3.500,joint_grid_transaction,33,33,1,8,7,0.000,1.00
82.432,1,en_route_pickup,-3.053,-1.711,6.000,3.500,joint_grid_transaction,22,22,9,2,9,0.000,1.00
82.432,2,en_route_delivery,-2.133,2.035,0.000,-3.500,joint_grid_transaction,33,33,2,9,2,0.000,0.40
82.432,3,en_route_pickup,-3.090,2.648,-3.000,1.500,joint_grid_transaction,32,32,5,9,3,0.000,0.85
82.432,4,en_route_pickup,0.224,2.003,0.000,3.500,joint_grid_transaction,33,33,3,9,4,0.000,1.00
82.432,5,en_route_pickup,-4.035,2.041,1.000,1.500,joint_grid_transaction,33,33,3,9,5,0.000,0.85
82.432,6,en_route_pickup,1.266,-1.942,-1.000,-1.500,joint_grid_transaction,33,33,2,9,6,0.000,1.00
82.432,7,en_route_delivery,-5.066,-3.048,-1.000,1.500,joint_grid_transaction,33,33,2,9,8,0.000,1.00
82.432,8,en_route_pickup,3.453,-2.005,0.000,-3.500,joint_grid_transaction,33,33,2,8,7,0.000,1.00
82.688,1,en_route_pickup,-3.053,-1.711,6.000,3.500,joint_grid_transaction,22,22,9,2,9,0.000,1.00
82.688,2,en_route_delivery,-2.139,2.035,0.000,-3.500,joint_grid_transaction,33,33,2,9,2,0.000,0.40
82.688,3,en_route_pickup,-3.109,2.676,-3.000,1.500,joint_grid_transaction,32,32,5,9,3,0.000,0.85
82.688,4,en_route_pickup,0.236,2.007,0.000,3.500,joint_grid_transaction,33,33,3,9,4,0.000,1.00
82.688,5,en_route_pickup,-4.035,2.041,1.000,1.500,joint_grid_transaction,33,33,3,9,5,0.000,1.00
82.688,6,en_route_pickup,1.246,-1.941,-1.000,-1.500,joint_grid_transaction,33,33,2,9,6,0.000,1.00
82.688,7,en_route_delivery,-5.036,-3.051,-1.000,1.500,joint_grid_transaction,33,33,2,9,8,0.000,1.00
82.688,8,en_route_pickup,3.413,-2.008,0.000,-3.500,joint_grid_transaction,33,33,2,8,7,0.000,1.00
82.944,1,en_route_pickup,-3.053,-1.711,6.000,3.500,joint_grid_transaction,22,22,9,2,9,0.000,1.00
82.944,2,en_route_delivery,-2.145,2.035,0.000,-3.500,joint_grid_transaction,33,33,2,9,2,0.000,0.40
82.944,3,en_route_pickup,-3.127,2.705,-3.000,1.500,joint_grid_transaction,32,32,5,9,3,0.000,0.85
82.944,4,en_route_pickup,0.219,2.023,0.000,3.500,joint_grid_transaction,33,33,3,9,4,0.000,1.00
82.944,5,en_route_pickup,-4.035,2.041,1.000,1.500,joint_grid_transaction,33,33,3,9,5,0.000,1.00
82.944,6,en_route_pickup,1.224,-1.940,-1.000,-1.500,joint_grid_transaction,33,33,2,9,6,0.000,1.00
82.944,7,en_route_delivery,-5.009,-3.053,-1.000,1.500,joint_grid_transaction,33,33,2,9,8,0.000,1.00
82.944,8,en_route_pickup,3.374,-2.012,0.000,-3.500,joint_grid_transaction,33,33,2,8,7,0.000,1.00
83.200,1,en_route_pickup,-3.053,-1.711,6.000,3.500,joint_grid_transaction,22,22,9,2,9,0.000,1.00
83.200,2,en_route_delivery,-2.150,2.036,0.000,-3.500,joint_grid_transaction,33,33,2,9,2,0.000,0.40
83.200,3,en_route_pickup,-3.144,2.735,-3.000,1.500,joint_grid_transaction,32,32,5,9,3,0.000,0.85
83.200,4,en_route_pickup,0.181,2.051,0.000,3.500,joint_grid_transaction,33,33,3,9,4,0.000,1.00
83.200,5,en_route_pickup,-4.035,2.041,1.000,1.500,joint_grid_transaction,33,33,3,9,5,0.000,1.00
83.200,6,en_route_pickup,1.197,-1.940,-1.000,-1.500,joint_grid_transaction,33,33,2,9,6,0.000,1.00
83.200,7,en_route_delivery,-4.986,-3.055,-1.000,1.500,joint_grid_transaction,33,33,2,9,8,0.000,1.00
83.200,8,en_route_pickup,3.335,-2.015,0.000,-3.500,joint_grid_transaction,33,33,2,8,7,0.000,1.00
83.456,1,en_route_pickup,-3.053,-1.711,6.000,3.500,joint_grid_transaction,22,22,9,2,9,0.000,1.00
83.456,2,en_route_delivery,-2.155,2.036,0.000,-3.500,joint_grid_transaction,33,33,2,9,2,0.000,0.40
83.456,3,en_route_pickup,-3.159,2.766,-3.000,1.500,joint_grid_transaction,32,32,5,9,3,0.000,0.85
83.456,4,en_route_pickup,0.145,2.082,0.000,3.500,joint_grid_transaction,33,33,3,9,4,0.000,1.00
83.456,5,en_route_pickup,-4.035,2.041,1.000,1.500,joint_grid_transaction,33,33,3,9,5,0.000,1.00
83.456,6,en_route_pickup,1.162,-1.939,-1.000,-1.500,joint_grid_transaction,33,33,3,9,6,0.000,1.00
83.456,7,en_route_delivery,-4.966,-3.056,-1.000,1.500,joint_grid_transaction,33,33,2,9,8,0.000,1.00
83.456,8,en_route_pickup,3.298,-2.019,0.000,-3.500,joint_grid_transaction,33,33,2,8,7,0.000,1.00
83.712,1,en_route_pickup,-3.053,-1.711,6.000,3.500,joint_grid_transaction,22,22,9,2,9,84.020,1.00
83.712,2,en_route_delivery,-2.161,2.037,0.000,-3.500,joint_grid_transaction,33,33,2,9,2,0.000,0.40
83.712,3,en_route_pickup,-3.172,2.796,-3.000,1.500,joint_grid_transaction,32,32,5,9,3,0.000,0.85
83.712,4,en_route_pickup,0.155,2.096,0.000,3.500,joint_grid_transaction,33,33,4,9,4,0.000,1.00
83.712,5,en_route_pickup,-4.049,2.048,1.000,1.500,joint_grid_transaction,33,33,4,9,5,0.000,1.00
83.712,6,en_route_pickup,1.129,-1.938,-1.000,-1.500,joint_grid_transaction,33,33,3,9,6,0.000,1.00
83.712,7,en_route_delivery,-4.933,-3.057,-1.000,1.500,joint_grid_transaction,33,33,3,9,8,0.000,1.00
83.712,8,en_route_pickup,3.263,-2.022,0.000,-3.500,joint_grid_transaction,33,33,2,8,7,0.000,1.00
83.968,1,en_route_pickup,-3.053,-1.711,6.000,3.500,joint_grid_transaction,22,22,9,2,9,84.020,1.00
83.968,2,en_route_delivery,-2.166,2.037,0.000,-3.500,joint_grid_transaction,33,33,2,9,2,0.000,0.40
83.968,3,en_route_pickup,-3.167,2.809,-3.000,1.500,joint_grid_transaction,32,32,6,9,3,0.000,0.85
83.968,4,en_route_pickup,0.146,2.120,0.000,3.500,joint_grid_transaction,33,33,4,9,4,0.000,1.00
83.968,5,en_route_pickup,-4.045,2.049,1.000,1.500,joint_grid_transaction,33,33,4,9,5,0.000,1.00
83.968,6,en_route_pickup,1.097,-1.937,-1.000,-1.500,joint_grid_transaction,33,33,3,9,6,0.000,1.00
83.968,7,en_route_delivery,-4.900,-3.059,-1.000,1.500,joint_grid_transaction,33,33,3,9,8,0.000,1.00
83.968,8,en_route_pickup,3.229,-2.025,0.000,-3.500,joint_grid_transaction,33,33,2,8,7,0.000,1.00
84.224,1,en_route_pickup,-3.053,-1.711,6.000,3.500,joint_grid_transaction,22,22,9,2,9,0.000,1.00
84.224,2,en_route_delivery,-2.172,2.038,0.000,-3.500,joint_grid_transaction,34,34,1,9,2,0.000,0.40
84.224,3,en_route_pickup,-3.166,2.811,-3.000,1.500,joint_grid_transaction,34,34,1,8,3,0.000,0.85
84.224,4,en_route_pickup,0.133,2.140,0.000,3.500,joint_grid_transaction,34,34,1,7,4,0.000,1.00
84.224,5,en_route_pickup,-4.034,2.052,1.000,1.500,joint_grid_transaction,34,34,2,9,5,0.000,1.00
84.224,6,en_route_pickup,1.067,-1.935,-1.000,-1.500,joint_grid_transaction,34,34,1,8,6,0.000,1.00
84.224,7,en_route_delivery,-4.869,-3.061,-1.000,1.500,joint_grid_transaction,34,34,2,9,8,0.000,1.00
84.224,8,en_route_pickup,3.194,-2.028,0.000,-3.500,joint_grid_transaction,34,34,2,9,7,0.000,1.00
84.480,1,en_route_pickup,-3.053,-1.711,6.000,3.500,joint_grid_transaction,22,22,9,2,9,0.000,1.00
84.480,2,en_route_delivery,-2.177,2.038,0.000,-3.500,joint_grid_transaction,34,34,1,9,2,0.000,0.40
84.480,3,en_route_pickup,-3.166,2.811,-3.000,1.500,joint_grid_transaction,34,34,1,8,3,0.000,0.85
84.480,4,en_route_pickup,0.133,2.140,0.000,3.500,joint_grid_transaction,34,34,1,7,4,0.000,1.00
84.480,5,en_route_pickup,-4.071,2.075,1.000,1.500,joint_grid_transaction,34,34,2,9,5,0.000,1.00
84.480,6,en_route_pickup,1.040,-1.934,-1.000,-1.500,joint_grid_transaction,34,34,1,8,6,0.000,1.00
84.480,7,en_route_delivery,-4.839,-3.062,-1.000,1.500,joint_grid_transaction,34,34,2,9,8,0.000,1.00
84.480,8,en_route_pickup,3.158,-2.032,0.000,-3.500,joint_grid_transaction,34,34,2,9,7,0.000,1.00
84.736,1,en_route_pickup,-3.053,-1.711,6.000,3.500,joint_grid_transaction,22,22,9,2,9,0.000,1.00
84.736,2,en_route_delivery,-2.201,2.040,0.000,-3.500,joint_grid_transaction,34,34,1,9,2,0.000,1.00
84.736,3,en_route_pickup,-3.166,2.811,-3.000,1.500,joint_grid_transaction,34,34,1,8,3,0.000,0.85
84.736,4,en_route_pickup,0.133,2.140,0.000,3.500,joint_grid_transaction,34,34,1,7,4,0.000,1.00
84.736,5,en_route_pickup,-4.097,2.094,1.000,1.500,joint_grid_transaction,34,34,2,9,5,0.000,1.00
84.736,6,en_route_pickup,1.015,-1.933,-1.000,-1.500,joint_grid_transaction,34,34,1,8,6,0.000,1.00
84.736,7,en_route_delivery,-4.810,-3.064,-1.000,1.500,joint_grid_transaction,34,34,2,9,8,0.000,1.00
84.736,8,en_route_pickup,3.123,-2.035,0.000,-3.500,joint_grid_transaction,34,34,2,9,7,0.000,1.00
84.992,1,en_route_pickup,-3.053,-1.711,6.000,3.500,joint_grid_transaction,22,22,9,2,9,0.000,1.00
84.992,2,en_route_delivery,-2.232,2.043,0.000,-3.500,joint_grid_transaction,34,34,1,9,2,0.000,1.00
84.992,3,en_route_pickup,-3.166,2.811,-3.000,1.500,joint_grid_transaction,34,34,1,8,3,0.000,0.85
84.992,4,en_route_pickup,0.133,2.140,0.000,3.500,joint_grid_transaction,34,34,1,7,4,0.000,1.00
84.992,5,en_route_pickup,-4.097,2.094,1.000,1.500,joint_grid_transaction,34,34,2,9,5,0.000,1.00
84.992,6,en_route_pickup,0.994,-1.932,-1.000,-1.500,joint_grid_transaction,34,34,1,8,6,0.000,1.00
84.992,7,en_route_delivery,-4.782,-3.066,-1.000,1.500,joint_grid_transaction,34,34,2,9,8,0.000,1.00
84.992,8,en_route_pickup,3.090,-2.038,0.000,-3.500,joint_grid_transaction,34,34,2,9,7,0.000,1.00
85.248,1,en_route_pickup,-3.053,-1.711,6.000,3.500,joint_grid_transaction,22,22,9,2,9,0.000,1.00
85.248,2,en_route_delivery,-2.261,2.045,0.000,-3.500,joint_grid_transaction,34,34,1,9,2,0.000,1.00
85.248,3,en_route_pickup,-3.166,2.811,-3.000,1.500,joint_grid_transaction,34,34,1,8,3,0.000,1.00
85.248,4,en_route_pickup,0.133,2.140,0.000,3.500,joint_grid_transaction,34,34,1,7,4,0.000,1.00
85.248,5,en_route_pickup,-4.097,2.094,1.000,1.500,joint_grid_transaction,34,34,2,9,5,0.000,1.00
85.248,6,en_route_pickup,0.971,-1.932,-1.000,-1.500,joint_grid_transaction,34,34,1,8,6,0.000,1.00
85.248,7,en_route_delivery,-4.759,-3.067,-1.000,1.500,joint_grid_transaction,34,34,2,9,8,0.000,1.00
85.248,8,en_route_pickup,3.058,-2.041,0.000,-3.500,joint_grid_transaction,34,34,2,9,7,0.000,1.00
85.504,1,en_route_pickup,-3.053,-1.711,6.000,3.500,joint_grid_transaction,22,22,9,2,9,0.000,1.00
85.504,2,en_route_delivery,-2.289,2.048,0.000,-3.500,joint_grid_transaction,34,34,1,9,2,0.000,1.00
85.504,3,en_route_pickup,-3.166,2.811,-3.000,1.500,joint_grid_transaction,34,34,2,8,3,0.000,1.00
85.504,4,en_route_pickup,0.115,2.170,0.000,3.500,joint_grid_transaction,34,34,2,7,4,0.000,1.00
85.504,5,en_route_pickup,-4.083,2.105,1.000,1.500,joint_grid_transaction,34,34,3,9,5,0.000,1.00
85.504,6,en_route_pickup,0.941,-1.933,-1.000,-1.500,joint_grid_transaction,34,34,2,8,6,0.000,1.00
85.504,7,en_route_delivery,-4.737,-3.067,-1.000,1.500,joint_grid_transaction,34,34,2,9,8,0.000,1.00
85.504,8,en_route_pickup,3.027,-2.044,0.000,-3.500,joint_grid_transaction,34,34,2,9,7,0.000,1.00
85.760,1,en_route_pickup,-3.053,-1.711,6.000,3.500,joint_grid_transaction,22,22,9,2,9,0.000,1.00
85.760,2,en_route_delivery,-2.315,2.050,0.000,-3.500,joint_grid_transaction,34,34,2,9,2,0.000,0.85
85.760,3,en_route_pickup,-3.166,2.811,-3.000,1.500,joint_grid_transaction,34,34,2,8,3,0.000,1.00
85.760,4,en_route_pickup,0.094,2.212,0.000,3.500,joint_grid_transaction,34,34,2,7,4,0.000,1.00
85.760,5,en_route_pickup,-4.076,2.121,1.000,1.500,joint_grid_transaction,34,34,3,9,5,0.000,1.00
85.760,6,en_route_pickup,0.903,-1.934,-1.000,-1.500,joint_grid_transaction,34,34,2,8,6,0.000,1.00
85.760,7,en_route_delivery,-4.715,-3.067,-1.000,1.500,joint_grid_transaction,34,34,2,9,8,0.000,1.00
85.760,8,en_route_pickup,2.998,-2.046,0.000,-3.500,joint_grid_transaction,34,34,2,9,7,0.000,1.00
86.016,1,en_route_pickup,-3.053,-1.711,6.000,3.500,joint_grid_transaction,22,22,9,2,9,0.000,1.00
86.016,2,en_route_delivery,-2.339,2.052,0.000,-3.500,joint_grid_transaction,34,34,2,9,2,0.000,0.85
86.016,3,en_route_pickup,-3.166,2.811,-3.000,1.500,joint_grid_transaction,34,34,2,8,3,0.000,1.00
86.016,4,en_route_pickup,0.075,2.255,0.000,3.500,joint_grid_transaction,34,34,2,7,4,0.000,1.00
86.016,5,en_route_pickup,-4.104,2.158,1.000,1.500,joint_grid_transaction,34,34,3,9,5,0.000,1.00
86.016,6,en_route_pickup,0.864,-1.935,-1.000,-1.500,joint_grid_transaction,34,34,2,8,6,0.000,1.00
86.016,7,en_route_delivery,-4.680,-3.067,-1.000,1.500,joint_grid_transaction,34,34,3,9,8,0.000,1.00
86.016,8,en_route_pickup,2.973,-2.049,0.000,-3.500,joint_grid_transaction,34,34,2,9,7,0.000,1.00
86.272,1,en_route_pickup,-3.053,-1.711,6.000,3.500,joint_grid_transaction,22,22,9,2,9,0.000,1.00
86.272,2,en_route_delivery,-2.370,2.054,0.000,-3.500,joint_grid_transaction,34,34,2,9,2,0.000,1.00
86.272,3,en_route_pickup,-3.166,2.811,-3.000,1.500,joint_grid_transaction,34,34,2,8,3,0.000,1.00
86.272,4,en_route_pickup,0.061,2.292,0.000,3.500,joint_grid_transaction,34,34,2,7,4,0.000,1.00
86.272,5,en_route_pickup,-4.129,2.198,1.000,1.500,joint_grid_transaction,34,34,3,9,5,0.000,1.00
86.272,6,en_route_pickup,0.825,-1.937,-1.000,-1.500,joint_grid_transaction,34,34,2,8,6,0.000,1.00
86.272,7,en_route_delivery,-4.642,-3.066,-1.000,1.500,joint_grid_transaction,34,34,3,9,8,0.000,1.00
86.272,8,en_route_pickup,2.945,-2.050,0.000,-3.500,joint_grid_transaction,34,34,3,9,7,0.000,1.00
86.528,1,en_route_pickup,-3.053,-1.711,6.000,3.500,joint_grid_transaction,22,22,9,2,9,0.000,1.00
86.528,2,en_route_delivery,-2.401,2.057,0.000,-3.500,joint_grid_transaction,34,34,2,9,2,0.000,1.00
86.528,3,en_route_pickup,-3.166,2.811,-3.000,1.500,joint_grid_transaction,34,34,2,8,3,0.000,1.00
86.528,4,en_route_pickup,0.060,2.294,0.000,3.500,joint_grid_transaction,34,34,2,7,4,0.000,1.00
86.528,5,en_route_pickup,-4.151,2.240,1.000,1.500,joint_grid_transaction,34,34,3,9,5,0.000,1.00
86.528,6,en_route_pickup,0.785,-1.940,-1.000,-1.500,joint_grid_transaction,34,34,2,8,6,0.000,1.00
86.528,7,en_route_delivery,-4.605,-3.065,-1.000,1.500,joint_grid_transaction,34,34,3,9,8,0.000,1.00
86.528,8,en_route_pickup,2.912,-2.053,0.000,-3.500,joint_grid_transaction,34,34,3,9,7,0.000,1.00
86.784,1,en_route_pickup,-3.053,-1.711,6.000,3.500,joint_grid_transaction,22,22,9,2,9,87.028,1.00
86.784,2,en_route_delivery,-2.430,2.059,0.000,-3.500,joint_grid_transaction,34,34,2,9,2,0.000,1.00
86.784,3,en_route_pickup,-3.165,2.804,-3.000,1.500,joint_grid_transaction,34,34,3,8,3,0.000,1.00
86.784,4,en_route_pickup,0.046,2.335,0.000,3.500,joint_grid_transaction,34,34,3,7,4,0.000,1.00
86.784,5,en_route_pickup,-4.171,2.283,1.000,1.500,joint_grid_transaction,34,34,3,9,5,0.000,1.00
86.784,6,en_route_pickup,0.745,-1.944,-1.000,-1.500,joint_grid_transaction,34,34,2,8,6,0.000,1.00
86.784,7,en_route_delivery,-4.567,-3.063,-1.000,1.500,joint_grid_transaction,34,34,3,9,8,0.000,1.00
86.784,8,en_route_pickup,2.879,-2.055,0.000,-3.500,joint_grid_transaction,34,34,3,9,7,0.000,1.00
87.040,1,en_route_pickup,-3.053,-1.711,6.000,3.500,joint_grid_transaction,22,22,9,2,9,0.000,1.00
87.040,2,en_route_delivery,-2.458,2.061,0.000,-3.500,joint_grid_transaction,34,34,2,9,2,0.000,1.00
87.040,3,en_route_pickup,-3.156,2.810,-3.000,1.500,joint_grid_transaction,34,34,3,8,3,0.000,1.00
87.040,4,en_route_pickup,0.035,2.381,0.000,3.500,joint_grid_transaction,34,34,3,7,4,0.000,1.00
87.040,5,en_route_pickup,-4.188,2.327,1.000,1.500,joint_grid_transaction,34,34,4,9,5,0.000,1.00
87.040,6,en_route_pickup,0.702,-1.949,-1.000,-1.500,joint_grid_transaction,34,34,2,8,6,0.000,1.00
87.040,7,en_route_delivery,-4.529,-3.061,-1.000,1.500,joint_grid_transaction,34,34,3,9,8,0.000,1.00
87.040,8,en_route_pickup,2.849,-2.058,0.000,-3.500,joint_grid_transaction,34,34,3,9,7,0.000,1.00
87.296,1,en_route_pickup,-3.053,-1.711,6.000,3.500,joint_grid_transaction,22,22,9,2,9,0.000,1.00
87.296,2,en_route_delivery,-2.463,2.061,0.000,-3.500,joint_grid_transaction,35,35,0,8,2,0.000,1.00
87.296,3,en_route_pickup,-3.140,2.811,-3.000,1.500,joint_grid_transaction,35,35,1,6,3,0.000,1.00
87.296,4,en_route_pickup,0.027,2.426,0.000,3.500,joint_grid_transaction,35,35,2,6,4,0.000,1.00
87.296,5,en_route_pickup,-4.189,2.347,1.000,1.500,joint_grid_transaction,35,35,1,8,5,0.000,1.00
87.296,6,en_route_pickup,0.656,-1.954,-1.000,-1.500,joint_grid_transaction,35,35,2,9,6,0.000,1.00
87.296,7,en_route_delivery,-4.491,-3.057,-1.000,1.500,joint_grid_transaction,35,35,1,9,8,0.000,1.00
87.296,8,en_route_pickup,2.819,-2.060,0.000,-3.500,joint_grid_transaction,35,35,1,8,7,0.000,1.00
87.552,1,en_route_pickup,-3.053,-1.711,6.000,3.500,joint_grid_transaction,22,22,9,2,9,0.000,1.00
87.552,2,en_route_delivery,-2.442,2.052,0.000,-3.500,joint_grid_transaction,35,35,1,8,2,0.000,1.00
87.552,3,en_route_pickup,-3.114,2.784,-3.000,1.500,joint_grid_transaction,35,35,1,6,3,0.000,1.00
87.552,4,en_route_pickup,0.019,2.473,0.000,3.500,joint_grid_transaction,35,35,2,6,4,0.000,1.00
87.552,5,en_route_pickup,-4.186,2.335,1.000,1.500,joint_grid_transaction,35,35,1,8,5,0.000,1.00
87.552,6,en_route_pickup,0.608,-1.960,-1.000,-1.500,joint_grid_transaction,35,35,2,9,6,0.000,1.00
87.552,7,en_route_delivery,-4.460,-3.053,-1.000,1.500,joint_grid_transaction,35,35,2,9,8,0.000,1.00
87.552,8,en_route_pickup,2.792,-2.062,0.000,-3.500,joint_grid_transaction,35,35,1,8,7,0.000,1.00
87.808,1,en_route_pickup,-3.053,-1.711,6.000,3.500,joint_grid_transaction,22,22,9,2,9,0.000,1.00
87.808,2,en_route_delivery,-2.415,2.031,0.000,-3.500,joint_grid_transaction,35,35,1,8,2,0.000,1.00
87.808,3,en_route_pickup,-3.089,2.768,-3.000,1.500,joint_grid_transaction,35,35,1,6,3,0.000,1.00
87.808,4,en_route_pickup,0.014,2.520,0.000,3.500,joint_grid_transaction,35,35,2,6,4,0.000,1.00
87.808,5,en_route_pickup,-4.171,2.310,1.000,1.500,joint_grid_transaction,35,35,1,8,5,0.000,1.00
87.808,6,en_route_pickup,0.561,-1.965,-1.000,-1.500,joint_grid_transaction,35,35,2,9,6,0.000,1.00
87.808,7,en_route_delivery,-4.474,-3.049,-1.000,1.500,joint_grid_transaction,35,35,2,9,8,0.000,1.00
87.808,8,en_route_pickup,2.768,-2.064,0.000,-3.500,joint_grid_transaction,35,35,1,8,7,0.000,1.00
88.064,1,en_route_pickup,-3.053,-1.711,6.000,3.500,joint_grid_transaction,22,22,9,2,9,0.000,1.00
88.064,2,en_route_delivery,-2.391,2.004,0.000,-3.500,joint_grid_transaction,35,35,1,8,2,0.000,1.00
88.064,3,en_route_pickup,-3.078,2.764,-3.000,1.500,joint_grid_transaction,35,35,1,6,3,0.000,1.00
88.064,4,en_route_pickup,0.013,2.533,0.000,3.500,joint_grid_transaction,35,35,2,6,4,0.000,1.00
88.064,5,en_route_pickup,-4.145,2.282,1.000,1.500,joint_grid_transaction,35,35,1,8,5,0.000,1.00
88.064,6,en_route_pickup,0.513,-1.971,-1.000,-1.500,joint_grid_transaction,35,35,2,9,6,0.000,1.00
88.064,7,en_route_delivery,-4.487,-3.042,-1.000,1.500,joint_grid_transaction,35,35,2,9,8,0.000,1.00
88.064,8,en_route_pickup,2.747,-2.064,0.000,-3.500,joint_grid_transaction,35,35,1,8,7,0.000,1.00
88.320,1,en_route_pickup,-3.053,-1.711,6.000,3.500,joint_grid_transaction,22,22,9,2,9,0.000,1.00
88.320,2,en_route_delivery,-2.379,1.983,0.000,-3.500,joint_grid_transaction,35,35,1,8,2,0.000,1.00
88.320,3,en_route_pickup,-3.092,2.759,-3.000,1.500,joint_grid_transaction,35,35,1,6,3,0.000,1.00
88.320,4,en_route_pickup,0.012,2.533,0.000,3.500,joint_grid_transaction,35,35,2,6,4,0.000,1.00
88.320,5,en_route_pickup,-4.120,2.265,1.000,1.500,joint_grid_transaction,35,35,1,8,5,0.000,1.00
88.320,6,en_route_pickup,0.466,-1.976,-1.000,-1.500,joint_grid_transaction,35,35,2,9,6,0.000,1.00
88.320,7,en_route_delivery,-4.457,-3.015,-1.000,1.500,joint_grid_transaction,35,35,2,9,8,0.000,1.00
88.320,8,en_route_pickup,2.725,-2.065,0.000,-3.500,joint_grid_transaction,35,35,1,8,7,0.000,1.00
88.576,1,en_route_pickup,-3.053,-1.711,6.000,3.500,joint_grid_transaction,22,22,9,2,9,0.000,1.00
88.576,2,en_route_delivery,-2.378,1.982,0.000,-3.500,joint_grid_transaction,35,35,1,8,2,0.000,1.00
88.576,3,en_route_pickup,-3.113,2.747,-3.000,1.500,joint_grid_transaction,35,35,1,6,3,0.000,1.00
88.576,4,en_route_pickup,0.008,2.573,0.000,3.500,joint_grid_transaction,35,35,3,6,4,0.000,1.00
88.576,5,en_route_pickup,-4.106,2.260,1.000,1.500,joint_grid_transaction,35,35,1,8,5,0.000,1.00
88.576,6,en_route_pickup,0.420,-1.981,-1.000,-1.500,joint_grid_transaction,35,35,3,9,6,0.000,1.00
88.576,7,en_route_delivery,-4.422,-2.983,-1.000,1.500,joint_grid_transaction,35,35,2,9,8,0.000,1.00
88.576,8,en_route_pickup,2.698,-2.065,0.000,-3.500,joint_grid_transaction,35,35,1,8,7,0.000,1.00
88.832,1,en_route_pickup,-3.053,-1.711,6.000,3.500,joint_grid_transaction,22,22,9,2,9,0.000,1.00
88.832,2,en_route_delivery,-2.369,2.003,0.000,-3.500,joint_grid_transaction,35,35,1,8,2,0.000,1.00
88.832,3,en_route_pickup,-3.127,2.735,-3.000,1.500,joint_grid_transaction,35,35,1,6,3,0.000,1.00
88.832,4,en_route_pickup,0.003,2.614,0.000,3.500,joint_grid_transaction,35,35,3,6,4,0.000,1.00
88.832,5,en_route_pickup,-4.119,2.256,1.000,1.500,joint_grid_transaction,35,35,1,8,5,0.000,1.00
88.832,6,en_route_pickup,0.377,-1.985,-1.000,-1.500,joint_grid_transaction,35,35,3,9,6,0.000,1.00
88.832,7,en_route_delivery,-4.390,-2.948,-1.000,1.500,joint_grid_transaction,35,35,2,9,8,0.000,1.00
88.832,8,en_route_pickup,2.661,-2.065,0.000,-3.500,joint_grid_transaction,35,35,2,8,7,0.000,1.00
89.088,1,en_route_pickup,-3.053,-1.711,6.000,3.500,joint_grid_transaction,22,22,9,2,9,0.000,1.00
89.088,2,en_route_delivery,-2.348,2.030,0.000,-3.500,joint_grid_transaction,35,35,1,8,2,0.000,1.00
89.088,3,en_route_pickup,-3.101,2.703,-3.000,1.500,joint_grid_transaction,35,35,1,6,3,0.000,1.00
89.088,4,en_route_pickup,-0.001,2.655,0.000,3.500,joint_grid_transaction,35,35,3,6,4,0.000,1.00
89.088,5,en_route_pickup,-4.138,2.246,1.000,1.500,joint_grid_transaction,35,35,1,8,5,0.000,1.00
89.088,6,en_route_pickup,0.334,-1.989,-1.000,-1.500,joint_grid_transaction,35,35,3,9,6,0.000,1.00
89.088,7,en_route_delivery,-4.378,-2.924,-1.000,1.500,joint_grid_transaction,35,35,3,9,8,0.000,1.00
89.088,8,en_route_pickup,2.625,-2.065,0.000,-3.500,joint_grid_transaction,35,35,2,8,7,0.000,1.00
89.344,1,en_route_pickup,-3.053,-1.711,6.000,3.500,joint_grid_transaction,22,22,9,2,9,0.000,1.00
89.344,2,en_route_delivery,-2.328,2.049,0.000,-3.500,joint_grid_transaction,35,35,1,8,2,0.000,1.00
89.344,3,en_route_pickup,-3.101,2.686,-3.000,1.500,joint_grid_transaction,35,35,2,6,3,0.000,1.00
89.344,4,en_route_pickup,-0.005,2.694,0.000,3.500,joint_grid_transaction,35,35,3,6,4,0.000,1.00
89.344,5,en_route_pickup,-4.148,2.234,1.000,1.500,joint_grid_transaction,35,35,1,8,5,0.000,1.00
89.344,6,en_route_pickup,0.291,-1.994,-1.000,-1.500,joint_grid_transaction,35,35,3,9,6,0.000,1.00
89.344,7,en_route_delivery,-4.365,-2.896,-1.000,1.500,joint_grid_transaction,35,35,3,9,8,0.000,1.00
89.344,8,en_route_pickup,2.590,-2.065,0.000,-3.500,joint_grid_transaction,35,35,2,8,7,0.000,1.00
89.600,1,en_route_pickup,-3.053,-1.711,6.000,3.500,joint_grid_transaction,22,22,9,2,9,0.000,1.00
89.600,2,en_route_delivery,-2.316,2.057,0.000,-3.500,joint_grid_transaction,35,35,1,8,2,0.000,1.00
89.600,3,en_route_pickup,-3.086,2.653,-3.000,1.500,joint_grid_transaction,35,35,2,6,3,0.000,1.00
89.600,4,en_route_pickup,-0.009,2.732,0.000,3.500,joint_grid_transaction,35,35,3,6,4,0.000,1.00
89.600,5,en_route_pickup,-4.116,2.201,1.000,1.500,joint_grid_transaction,35,35,1,8,5,0.000,1.00
89.600,6,en_route_pickup,0.250,-1.998,-1.000,-1.500,joint_grid_transaction,35,35,3,9,6,0.000,1.00
89.600,7,en_route_delivery,-4.344,-2.854,-1.000,1.500,joint_grid_transaction,35,35,3,9,8,0.000,1.00
89.600,8,en_route_pickup,2.556,-2.064,0.000,-3.500,joint_grid_transaction,35,35,2,8,7,0.000,1.00
89.856,1,en_route_pickup,-3.053,-1.711,6.000,3.500,joint_grid_transaction,22,22,9,2,9,0.000,1.00
89.856,2,en_route_delivery,-2.276,2.039,0.000,-3.500,joint_grid_transaction,35,35,1,8,2,0.000,1.00
89.856,3,en_route_pickup,-3.068,2.610,-3.000,1.500,joint_grid_transaction,35,35,2,6,3,0.000,1.00
89.856,4,en_route_pickup,-0.013,2.769,0.000,3.500,joint_grid_transaction,35,35,3,6,4,0.000,1.00
89.856,5,en_route_pickup,-4.115,2.172,1.000,1.500,joint_grid_transaction,35,35,2,8,5,0.000,1.00
89.856,6,en_route_pickup,0.209,-2.002,-1.000,-1.500,joint_grid_transaction,35,35,3,9,6,0.000,1.00
89.856,7,en_route_delivery,-4.326,-2.810,-1.000,1.500,joint_grid_transaction,35,35,3,9,8,0.000,1.00
89.856,8,en_route_pickup,2.523,-2.064,0.000,-3.500,joint_grid_transaction,35,35,2,8,7,0.000,1.00
90.112,1,en_route_pickup,-3.053,-1.711,6.000,3.500,joint_grid_transaction,22,22,9,2,9,0.000,1.00
90.112,2,en_route_delivery,-2.232,2.025,0.000,-3.500,joint_grid_transaction,35,35,1,8,2,0.000,1.00
90.112,3,en_route_pickup,-3.054,2.565,-3.000,1.500,joint_grid_transaction,35,35,2,6,3,0.000,1.00
90.112,4,en_route_pickup,-0.017,2.806,0.000,3.500,joint_grid_transaction,35,35,4,6,4,0.000,1.00
90.112,5,en_route_pickup,-4.115,2.171,1.000,1.500,joint_grid_transaction,35,35,3,8,5,0.000,1.00
90.112,6,en_route_pickup,0.169,-2.006,-1.000,-1.500,joint_grid_transaction,35,35,4,9,6,0.000,1.00
90.112,7,en_route_delivery,-4.311,-2.765,-1.000,1.500,joint_grid_transaction,35,35,3,9,8,0.000,1.00
90.112,8,en_route_pickup,2.492,-2.063,0.000,-3.500,joint_grid_transaction,35,35,2,8,7,0.000,1.00
90.368,1,en_route_pickup,-3.053,-1.711,6.000,3.500,joint_grid_transaction,22,22,9,2,9,0.000,1.00
90.368,2,en_route_delivery,-2.186,2.015,0.000,-3.500,joint_grid_transaction,35,35,2,8,2,0.000,1.00
90.368,3,en_route_pickup,-3.042,2.519,-3.000,1.500,joint_grid_transaction,35,35,2,6,3,0.000,1.00
90.368,4,en_route_pickup,-0.021,2.843,0.000,3.500,joint_grid_transaction,35,35,4,6,4,0.000,1.00
90.368,5,en_route_pickup,-4.115,2.171,1.000,1.500,joint_grid_transaction,35,35,3,8,5,0.000,1.00
90.368,6,en_route_pickup,0.130,-2.009,-1.000,-1.500,joint_grid_transaction,35,35,4,9,6,0.000,1.00
90.368,7,en_route_delivery,-4.298,-2.719,-1.000,1.500,joint_grid_transaction,35,35,3,9,8,0.000,1.00
90.368,8,en_route_pickup,2.462,-2.062,0.000,-3.500,joint_grid_transaction,35,35,2,8,7,0.000,1.00
90.624,1,en_route_pickup,-3.053,-1.711,6.000,3.500,joint_grid_transaction,22,22,9,2,9,91.028,1.00
90.624,2,en_route_delivery,-2.139,2.008,0.000,-3.500,joint_grid_transaction,35,35,2,8,2,0.000,1.00
90.624,3,en_route_pickup,-3.032,2.472,-3.000,1.500,joint_grid_transaction,35,35,2,6,3,0.000,1.00
90.624,4,en_route_pickup,-0.024,2.879,0.000,3.500,joint_grid_transaction,35,35,4,6,4,0.000,1.00
90.624,5,en_route_pickup,-4.115,2.171,1.000,1.500,joint_grid_transaction,35,35,3,8,5,0.000,1.00
90.624,6,en_route_pickup,0.091,-2.013,-1.000,-1.500,joint_grid_transaction,35,35,4,9,6,0.000,1.00
90.624,7,en_route_delivery,-4.287,-2.673,-1.000,1.500,joint_grid_transaction,35,35,4,9,8,0.000,1.00
90.624,8,en_route_pickup,2.423,-2.061,0.000,-3.500,joint_grid_transaction,35,35,3,8,7,0.000,1.00
90.880,1,en_route_pickup,-3.053,-1.711,6.000,3.500,joint_grid_transaction,22,22,9,2,9,91.300,1.00
90.880,2,en_route_delivery,-2.092,2.003,0.000,-3.500,joint_grid_transaction,35,35,2,8,2,0.000,1.00
90.880,3,en_route_pickup,-3.024,2.425,-3.000,1.500,joint_grid_transaction,35,35,3,6,3,0.000,1.00
90.880,4,en_route_delivery,-0.028,2.914,3.000,-1.500,joint_grid_transaction,35,35,4,4,4,0.000,1.00
90.880,5,en_route_pickup,-4.114,2.172,1.000,1.500,joint_grid_transaction,35,35,4,8,5,0.000,1.00
90.880,6,en_route_pickup,0.054,-2.017,-1.000,-1.500,joint_grid_transaction,35,35,4,9,6,0.000,1.00
90.880,7,en_route_delivery,-4.278,-2.627,-1.000,1.500,joint_grid_transaction,35,35,4,9,8,0.000,1.00
90.880,8,en_route_pickup,2.383,-2.060,0.000,-3.500,joint_grid_transaction,35,35,3,8,7,0.000,1.00
91.136,1,en_route_pickup,-3.053,-1.711,6.000,3.500,joint_grid_transaction,22,22,9,2,9,91.300,1.00
91.136,2,en_route_delivery,-2.050,2.000,0.000,-3.500,joint_grid_transaction,35,35,2,8,2,0.000,1.00
91.136,3,en_route_pickup,-3.018,2.378,-3.000,1.500,joint_grid_transaction,35,35,3,6,3,0.000,1.00
91.136,4,en_route_delivery,-0.031,2.948,3.000,-1.500,joint_grid_transaction,35,35,4,4,4,0.000,1.00
91.136,5,en_route_pickup,-4.114,2.172,1.000,1.500,joint_grid_transaction,35,35,4,8,5,0.000,1.00
91.136,6,en_route_pickup,0.018,-2.020,-1.000,-1.500,joint_grid_transaction,35,35,4,9,6,0.000,1.00
91.136,7,en_route_delivery,-4.272,-2.579,-1.000,1.500,joint_grid_transaction,35,35,4,9,8,0.000,1.00
91.136,8,en_route_pickup,2.342,-2.058,0.000,-3.500,joint_grid_transaction,35,35,3,8,7,0.000,1.00
91.392,1,en_route_pickup,-3.053,-1.711,6.000,3.500,joint_grid_transaction,22,22,9,2,9,0.000,1.00
91.392,2,en_route_delivery,-2.008,1.996,0.000,-3.500,joint_grid_transaction,37,35,2,9,2,0.000,1.00
91.392,3,en_route_pickup,-3.014,2.333,-3.000,1.500,joint_grid_transaction,37,35,3,5,3,0.000,1.00
91.392,4,en_route_delivery,-0.034,2.979,3.000,-1.500,joint_grid_transaction,37,35,4,9,4,0.000,1.00
91.392,5,en_route_pickup,-4.113,2.173,1.000,1.500,joint_grid_transaction,37,35,4,9,5,0.000,1.00
91.392,6,en_route_pickup,-0.016,-2.024,-1.000,-1.500,joint_grid_transaction,37,35,4,7,6,0.000,1.00
91.392,7,en_route_delivery,-4.267,-2.532,-1.000,1.500,joint_grid_transaction,37,35,4,8,8,0.000,1.00
91.392,8,en_route_pickup,2.301,-2.055,0.000,-3.500,joint_grid_transaction,37,35,3,8,7,0.000,1.00
91.648,1,en_route_pickup,-3.053,-1.711,6.000,3.500,joint_grid_transaction,22,22,9,2,9,0.000,1.00
91.648,2,en_route_delivery,-1.968,1.993,0.000,-3.500,joint_grid_transaction,37,37,1,9,2,0.000,1.00
91.648,3,en_route_pickup,-3.010,2.290,-3.000,1.500,joint_grid_transaction,37,37,2,5,3,0.000,1.00
91.648,4,en_route_delivery,-0.032,2.972,3.000,-1.500,joint_grid_transaction,37,37,1,9,4,0.000,1.00
91.648,5,en_route_pickup,-4.092,2.200,1.000,1.500,joint_grid_transaction,37,37,1,9,5,0.000,1.00
91.648,6,en_route_pickup,-0.051,-2.027,-1.000,-1.500,joint_grid_transaction,37,37,2,7,6,0.000,1.00
91.648,7,en_route_delivery,-4.262,-2.487,-1.000,1.500,joint_grid_transaction,37,37,1,8,8,0.000,1.00
91.648,8,en_route_pickup,2.259,-2.052,0.000,-3.500,joint_grid_transaction,37,37,1,8,7,0.000,1.00
91.904,1,en_route_pickup,-3.053,-1.711,6.000,3.500,joint_grid_transaction,22,22,9,2,9,0.000,1.00
91.904,2,en_route_delivery,-1.928,1.990,0.000,-3.500,joint_grid_transaction,37,37,2,9,2,0.000,1.00
91.904,3,en_route_pickup,-3.005,2.247,-3.000,1.500,joint_grid_transaction,37,37,2,5,3,0.000,1.00
91.904,4,en_route_delivery,-0.020,2.949,3.000,-1.500,joint_grid_transaction,37,37,1,9,4,0.000,1.00
91.904,5,en_route_pickup,-4.065,2.225,1.000,1.500,joint_grid_transaction,37,37,1,9,5,0.000,1.00
91.904,6,en_route_pickup,-0.087,-2.030,-1.000,-1.500,joint_grid_transaction,37,37,2,7,6,0.000,1.00
91.904,7,en_route_delivery,-4.260,-2.467,-1.000,1.500,joint_grid_transaction,37,37,1,8,8,0.000,1.00
91.904,8,en_route_pickup,2.216,-2.047,0.000,-3.500,joint_grid_transaction,37,37,1,8,7,0.000,1.00
92.160,1,en_route_pickup,-3.053,-1.711,6.000,3.500,joint_grid_transaction,22,22,9,2,9,0.000,1.00
92.160,2,en_route_delivery,-1.888,1.987,0.000,-3.500,joint_grid_transaction,37,37,2,9,2,0.000,1.00
92.160,3,en_route_pickup,-3.003,2.218,-3.000,1.500,joint_grid_transaction,37,37,2,5,3,0.000,1.00
92.160,4,en_route_delivery,-0.001,2.927,3.000,-1.500,joint_grid_transaction,37,37,1,9,4,0.000,1.00
92.160,5,en_route_pickup,-4.043,2.237,1.000,1.500,joint_grid_transaction,37,37,1,9,5,0.000,1.00
92.160,6,en_route_pickup,-0.122,-2.034,-1.000,-1.500,joint_grid_transaction,37,37,2,7,6,0.000,1.00
92.160,7,en_route_delivery,-4.260,-2.467,-1.000,1.500,joint_grid_transaction,37,37,1,8,8,0.000,1.00
92.160,8,en_route_pickup,2.213,-2.046,0.000,-3.500,joint_grid_transaction,37,37,1,8,7,0.000,1.00
92.416,1,en_route_pickup,-3.053,-1.711,6.000,3.500,joint_grid_transaction,22,22,9,2,9,0.000,1.00
92.416,2,en_route_delivery,-1.849,1.983,0.000,-3.500,joint_grid_transaction,37,37,2,9,2,0.000,1.00
92.416,3,en_route_pickup,-3.003,2.218,-3.000,1.500,joint_grid_transaction,37,37,2,5,3,0.000,1.00
92.416,4,en_route_delivery,0.012,2.914,3.000,-1.500,joint_grid_transaction,37,37,1,9,4,0.000,1.00
92.416,5,en_route_pickup,-4.040,2.239,1.000,1.500,joint_grid_transaction,37,37,1,9,5,0.000,1.00
92.416,6,en_route_pickup,-0.156,-2.037,-1.000,-1.500,joint_grid_transaction,37,37,2,7,6,0.000,1.00
92.416,7,en_route_delivery,-4.260,-2.467,-1.000,1.500,joint_grid_transaction,37,37,1,8,8,0.000,1.00
92.416,8,en_route_pickup,2.213,-2.046,0.000,-3.500,joint_grid_transaction,37,37,1,8,7,0.000,1.00
92.672,1,en_route_pickup,-3.053,-1.711,6.000,3.500,joint_grid_transaction,22,22,9,2,9,93.028,1.00
92.672,2,en_route_delivery,-1.812,1.980,0.000,-3.500,joint_grid_transaction,37,37,2,9,2,0.000,1.00
92.672,3,en_route_pickup,-3.001,2.206,-3.000,1.500,joint_grid_transaction,37,37,3,5,3,0.000,1.00
92.672,4,en_route_delivery,0.044,2.933,3.000,-1.500,joint_grid_transaction,37,37,2,9,4,0.000,1.00
92.672,5,en_route_pickup,-4.060,2.246,1.000,1.500,joint_grid_transaction,37,37,1,9,5,0.000,1.00
92.672,6,en_route_pickup,-0.188,-2.040,-1.000,-1.500,joint_grid_transaction,37,37,2,7,6,0.000,1.00
92.672,7,en_route_delivery,-4.259,-2.455,-1.000,1.500,joint_grid_transaction,37,37,2,8,8,0.000,1.00
92.672,8,en_route_pickup,2.200,-2.045,0.000,-3.500,joint_grid_transaction,37,37,2,8,7,0.000,1.00
92.928,1,en_route_pickup,-3.053,-1.711,6.000,3.500,joint_grid_transaction,22,22,9,2,9,93.028,1.00
92.928,2,en_route_delivery,-1.775,1.977,0.000,-3.500,joint_grid_transaction,37,37,2,9,2,0.000,1.00
92.928,3,en_route_pickup,-2.997,2.166,-3.000,1.500,joint_grid_transaction,37,37,3,5,3,0.000,1.00
92.928,4,en_route_delivery,0.062,2.935,3.000,-1.500,joint_grid_transaction,37,37,2,9,4,0.000,1.00
92.928,5,en_route_pickup,-4.082,2.263,1.000,1.500,joint_grid_transaction,37,37,1,9,5,0.000,1.00
92.928,6,en_route_pickup,-0.219,-2.043,-1.000,-1.500,joint_grid_transaction,37,37,2,7,6,0.000,1.00
92.928,7,en_route_delivery,-4.255,-2.413,-1.000,1.500,joint_grid_transaction,37,37,2,8,8,0.000,1.00
92.928,8,en_route_pickup,2.153,-2.039,0.000,-3.500,joint_grid_transaction,37,37,2,8,7,0.000,1.00
93.184,1,en_route_pickup,-3.053,-1.711,6.000,3.500,joint_grid_transaction,22,22,9,2,9,0.000,1.00
93.184,2,en_route_delivery,-1.740,1.974,0.000,-3.500,joint_grid_transaction,38,38,1,9,2,0.000,1.00
93.184,3,en_route_pickup,-2.993,2.127,-3.000,1.500,joint_grid_transaction,38,38,2,4,3,0.000,1.00
93.184,4,en_route_delivery,0.105,2.952,3.000,-1.500,joint_grid_transaction,38,38,2,9,4,0.000,1.00
93.184,5,en_route_pickup,-4.095,2.275,1.000,1.500,joint_grid_transaction,38,38,1,9,5,0.000,0.85
93.184,6,en_route_pickup,-0.248,-2.045,-1.000,-1.500,joint_grid_transaction,38,38,1,6,6,0.000,1.00
93.184,7,en_route_delivery,-4.251,-2.373,-1.000,1.500,joint_grid_transaction,38,38,2,9,8,0.000,1.00
93.184,8,en_route_pickup,2.107,-2.034,0.000,-3.500,joint_grid_transaction,38,38,2,9,7,0.000,1.00
93.440,1,en_route_pickup,-3.053,-1.711,6.000,3.500,joint_grid_transaction,22,22,9,2,9,93.876,1.00
93.440,2,en_route_delivery,-1.706,1.972,0.000,-3.500,joint_grid_transaction,38,38,1,9,2,0.000,1.00
93.440,3,en_route_delivery,-2.989,2.088,0.000,-3.500,joint_grid_transaction,38,38,2,5,3,0.000,1.00
93.440,4,en_route_delivery,0.151,2.964,3.000,-1.500,joint_grid_transaction,38,38,2,9,4,0.000,1.00
93.440,5,en_route_pickup,-4.085,2.293,1.000,1.500,joint_grid_transaction,38,38,1,9,5,0.000,0.85
93.440,6,en_route_pickup,-0.275,-2.048,-1.000,-1.500,joint_grid_transaction,38,38,1,6,6,0.000,1.00
93.440,7,en_route_delivery,-4.247,-2.333,-1.000,1.500,joint_grid_transaction,38,38,2,9,8,0.000,1.00
93.440,8,en_route_pickup,2.061,-2.029,0.000,-3.500,joint_grid_transaction,38,38,2,9,7,0.000,1.00
93.696,1,en_route_pickup,-3.053,-1.711,6.000,3.500,joint_grid_transaction,22,22,9,2,9,93.876,1.00
93.696,2,en_route_delivery,-1.669,1.969,0.000,-3.500,joint_grid_transaction,38,38,2,9,2,0.000,1.00
93.696,3,en_route_delivery,-2.987,2.066,0.000,-3.500,joint_grid_transaction,38,38,2,5,3,0.000,0.55
93.696,4,en_route_delivery,0.197,2.974,3.000,-1.500,joint_grid_transaction,38,38,2,9,4,0.000,1.00
93.696,5,en_route_pickup,-4.072,2.294,1.000,1.500,joint_grid_transaction,38,38,2,9,5,0.000,1.00
93.696,6,en_route_pickup,-0.300,-2.050,-1.000,-1.500,joint_grid_transaction,38,38,2,6,6,0.000,1.00
93.696,7,en_route_delivery,-4.243,-2.293,-1.000,1.500,joint_grid_transaction,38,38,2,9,8,0.000,1.00
93.696,8,en_route_pickup,2.014,-2.023,0.000,-3.500,joint_grid_transaction,38,38,2,9,7,0.000,1.00
93.952,1,en_route_pickup,-3.053,-1.711,6.000,3.500,joint_grid_transaction,22,22,9,2,9,0.000,1.00
93.952,2,en_route_delivery,-1.634,1.966,0.000,-3.500,joint_grid_transaction,38,38,2,9,2,0.000,1.00
93.952,3,en_route_delivery,-2.986,2.054,0.000,-3.500,joint_grid_transaction,38,38,2,5,3,0.000,0.55
93.952,4,en_route_delivery,0.244,2.981,3.000,-1.500,joint_grid_transaction,38,38,2,9,4,0.000,1.00
93.952,5,en_route_pickup,-4.039,2.326,1.000,1.500,joint_grid_transaction,38,38,2,9,5,0.000,1.00
93.952,6,en_route_pickup,-0.334,-2.052,-1.000,-1.500,joint_grid_transaction,38,38,2,6,6,0.000,1.00
93.952,7,en_route_delivery,-4.239,-2.255,-1.000,1.500,joint_grid_transaction,38,38,2,9,8,0.000,1.00
93.952,8,en_route_pickup,1.968,-2.018,0.000,-3.500,joint_grid_transaction,38,38,2,9,7,0.000,1.00
94.208,1,en_route_pickup,-3.053,-1.711,6.000,3.500,joint_grid_transaction,22,22,9,2,9,0.000,1.00
94.208,2,en_route_delivery,-1.601,1.963,0.000,-3.500,joint_grid_transaction,39,39,2,9,2,0.000,1.00
94.208,3,en_route_delivery,-2.986,2.054,0.000,-3.500,joint_grid_transaction,39,39,1,9,3,0.000,0.55
94.208,4,en_route_delivery,0.292,2.987,3.000,-1.500,joint_grid_transaction,39,39,1,9,4,0.000,1.00
94.208,5,en_route_pickup,-4.058,2.352,1.000,1.500,joint_grid_transaction,39,39,0,8,5,0.000,1.00
94.208,6,en_route_pickup,-0.365,-2.054,-1.000,-1.500,joint_grid_transaction,39,39,2,6,6,0.000,1.00
94.208,7,en_route_delivery,-4.235,-2.219,-1.000,1.500,joint_grid_transaction,39,39,1,9,8,0.000,1.00
94.208,8,en_route_pickup,1.924,-2.014,0.000,-3.500,joint_grid_transaction,39,39,2,9,7,0.000,1.00
94.464,1,en_route_pickup,-3.053,-1.711,6.000,3.500,joint_grid_transaction,22,22,9,2,9,0.000,1.00
94.464,2,en_route_delivery,-1.567,1.960,0.000,-3.500,joint_grid_transaction,39,39,2,9,2,0.000,1.00
94.464,3,en_route_delivery,-2.986,2.056,0.000,-3.500,joint_grid_transaction,39,39,1,9,3,0.000,0.55
94.464,4,en_route_delivery,0.337,2.991,3.000,-1.500,joint_grid_transaction,39,39,2,9,4,0.000,1.00
94.464,5,en_route_pickup,-4.072,2.375,1.000,1.500,joint_grid_transaction,39,39,1,8,5,0.000,1.00
94.464,6,en_route_pickup,-0.396,-2.057,-1.000,-1.500,joint_grid_transaction,39,39,2,6,6,0.000,1.00
94.464,7,en_route_delivery,-4.231,-2.181,-1.000,1.500,joint_grid_transaction,39,39,2,9,8,0.000,1.00
94.464,8,en_route_pickup,1.882,-2.010,0.000,-3.500,joint_grid_transaction,39,39,2,9,7,0.000,1.00
94.720,1,en_route_pickup,-3.053,-1.711,6.000,3.500,joint_grid_transaction,22,22,9,2,9,95.028,1.00
94.720,2,en_route_delivery,-1.536,1.958,0.000,-3.500,joint_grid_transaction,39,39,2,9,2,0.000,1.00
94.720,3,en_route_delivery,-2.987,2.061,0.000,-3.500,joint_grid_transaction,39,39,1,9,3,0.000,0.55
94.720,4,en_route_delivery,0.379,2.995,3.000,-1.500,joint_grid_transaction,39,39,2,9,4,0.000,1.00
94.720,5,en_route_pickup,-4.074,2.381,1.000,1.500,joint_grid_transaction,39,39,1,8,5,0.000,1.00
94.720,6,en_route_pickup,-0.426,-2.059,-1.000,-1.500,joint_grid_transaction,39,39,2,6,6,0.000,1.00
94.720,7,en_route_delivery,-4.228,-2.144,-1.000,1.500,joint_grid_transaction,39,39,2,9,8,0.000,1.00
94.720,8,en_route_pickup,1.840,-2.005,0.000,-3.500,joint_grid_transaction,39,39,2,9,7,0.000,1.00
94.976,1,en_route_pickup,-3.053,-1.711,6.000,3.500,joint_grid_transaction,22,22,9,2,9,95.028,1.00
94.976,2,en_route_delivery,-1.505,1.955,0.000,-3.500,joint_grid_transaction,39,39,2,9,2,0.000,1.00
94.976,3,en_route_delivery,-2.989,2.067,0.000,-3.500,joint_grid_transaction,39,39,1,9,3,0.000,0.55
94.976,4,en_route_delivery,0.421,2.999,3.000,-1.500,joint_grid_transaction,39,39,2,9,4,0.000,1.00
94.976,5,en_route_pickup,-4.081,2.363,1.000,1.500,joint_grid_transaction,39,39,1,8,5,0.000,1.00
94.976,6,en_route_pickup,-0.454,-2.061,-1.000,-1.500,joint_grid_transaction,39,39,2,6,6,0.000,1.00
94.976,7,en_route_delivery,-4.224,-2.108,-1.000,1.500,joint_grid_transaction,39,39,2,9,8,0.000,1.00
94.976,8,en_route_pickup,1.798,-2.001,0.000,-3.500,joint_grid_transaction,39,39,2,9,7,0.000,1.00
95.232,1,en_route_pickup,-3.053,-1.711,6.000,3.500,joint_grid_transaction,22,22,9,2,9,0.000,1.00
95.232,2,en_route_delivery,-1.477,1.953,0.000,-3.500,joint_grid_transaction,40,40,1,9,2,0.000,1.00
95.232,3,en_route_delivery,-2.993,2.074,0.000,-3.500,joint_grid_transaction,40,40,1,9,3,0.000,0.55
95.232,4,en_route_delivery,0.462,3.002,3.000,-1.500,joint_grid_transaction,40,40,1,8,4,0.000,1.00
95.232,5,en_route_pickup,-4.080,2.360,1.000,1.500,joint_grid_transaction,40,40,1,9,5,0.000,1.00
95.232,6,en_route_pickup,-0.479,-2.063,-1.000,-1.500,joint_grid_transaction,40,40,1,5,6,0.000,1.00
95.232,7,en_route_delivery,-4.221,-2.074,-1.000,1.500,joint_grid_transaction,40,40,1,8,8,0.000,1.00
95.232,8,en_route_pickup,1.758,-1.997,0.000,-3.500,joint_grid_transaction,40,40,1,9,7,0.000,1.00
95.488,1,en_route_pickup,-3.053,-1.711,6.000,3.500,joint_grid_transaction,22,22,9,2,9,0.000,1.00
95.488,2,en_route_delivery,-1.449,1.951,0.000,-3.500,joint_grid_transaction,40,40,1,9,2,0.000,1.00
95.488,3,en_route_delivery,-2.997,2.081,0.000,-3.500,joint_grid_transaction,40,40,1,9,3,0.000,0.55
95.488,4,en_route_delivery,0.502,3.006,3.000,-1.500,joint_grid_transaction,40,40,1,8,4,0.000,1.00
95.488,5,en_route_pickup,-4.072,2.376,1.000,1.500,joint_grid_transaction,40,40,1,9,5,0.000,1.00
95.488,6,en_route_pickup,-0.501,-2.064,-1.000,-1.500,joint_grid_transaction,40,40,1,5,6,0.000,1.00
95.488,7,en_route_delivery,-4.218,-2.040,-1.000,1.500,joint_grid_transaction,40,40,1,8,8,0.000,1.00
95.488,8,en_route_pickup,1.719,-1.993,0.000,-3.500,joint_grid_transaction,40,40,1,9,7,0.000,1.00
95.744,1,en_route_pickup,-3.053,-1.711,6.000,3.500,joint_grid_transaction,22,22,9,2,9,0.000,1.00
95.744,2,en_route_delivery,-1.416,1.948,0.000,-3.500,joint_grid_transaction,40,40,2,9,2,0.000,1.00
95.744,3,en_route_delivery,-3.001,2.087,0.000,-3.500,joint_grid_transaction,40,40,1,9,3,0.000,0.55
95.744,4,en_route_delivery,0.532,3.009,3.000,-1.500,joint_grid_transaction,40,40,1,8,4,0.000,1.00
95.744,5,en_route_pickup,-4.070,2.384,1.000,1.500,joint_grid_transaction,40,40,1,9,5,0.000,1.00
95.744,6,en_route_pickup,-0.522,-2.064,-1.000,-1.500,joint_grid_transaction,40,40,1,5,6,0.000,1.00
95.744,7,en_route_delivery,-4.215,-2.008,-1.000,1.500,joint_grid_transaction,40,40,1,8,8,0.000,1.00
95.744,8,en_route_pickup,1.680,-1.989,0.000,-3.500,joint_grid_transaction,40,40,2,9,7,0.000,1.00
96.000,1,en_route_pickup,-3.053,-1.711,6.000,3.500,joint_grid_transaction,22,22,9,2,9,0.000,1.00
96.000,2,en_route_delivery,-1.383,1.946,0.000,-3.500,joint_grid_transaction,40,40,2,9,2,0.000,1.00
96.000,3,en_route_delivery,-3.006,2.093,0.000,-3.500,joint_grid_transaction,40,40,1,9,3,0.000,0.55
96.000,4,en_route_delivery,0.532,3.009,3.000,-1.500,joint_grid_transaction,40,40,1,8,4,0.000,1.00
96.000,5,en_route_pickup,-4.072,2.406,1.000,1.500,joint_grid_transaction,40,40,1,9,5,0.000,1.00
96.000,6,en_route_pickup,-0.547,-2.065,-1.000,-1.500,joint_grid_transaction,40,40,1,5,6,0.000,1.00
96.000,7,en_route_delivery,-4.212,-1.979,-1.000,1.500,joint_grid_transaction,40,40,1,8,8,0.000,1.00
96.000,8,en_route_pickup,1.642,-1.986,0.000,-3.500,joint_grid_transaction,40,40,2,9,7,0.000,1.00
96.256,1,en_route_pickup,-3.053,-1.711,6.000,3.500,joint_grid_transaction,22,22,9,2,9,0.000,1.00
96.256,2,en_route_delivery,-1.352,1.943,0.000,-3.500,joint_grid_transaction,40,40,2,9,2,0.000,1.00
96.256,3,en_route_delivery,-3.010,2.098,0.000,-3.500,joint_grid_transaction,40,40,1,9,3,0.000,0.55
96.256,4,en_route_delivery,0.532,3.009,3.000,-1.500,joint_grid_transaction,40,40,1,8,4,0.000,1.00
96.256,5,en_route_pickup,-4.073,2.427,1.000,1.500,joint_grid_transaction,40,40,1,9,5,0.000,1.00
96.256,6,en_route_pickup,-0.584,-2.065,-1.000,-1.500,joint_grid_transaction,40,40,2,5,6,0.000,1.00
96.256,7,en_route_delivery,-4.211,-1.966,-1.000,1.500,joint_grid_transaction,40,40,1,8,8,0.000,1.00
96.256,8,en_route_pickup,1.604,-1.982,0.000,-3.500,joint_grid_transaction,40,40,2,9,7,0.000,1.00
96.512,1,en_route_pickup,-3.053,-1.711,6.000,3.500,joint_grid_transaction,22,22,9,2,9,0.000,1.00
96.512,2,en_route_delivery,-1.323,1.941,0.000,-3.500,joint_grid_transaction,40,40,2,9,2,0.000,1.00
96.512,3,en_route_delivery,-3.014,2.103,0.000,-3.500,joint_grid_transaction,40,40,1,9,3,0.000,0.55
96.512,4,en_route_delivery,0.560,3.012,3.000,-1.500,joint_grid_transaction,40,40,2,8,4,0.000,1.00
96.512,5,en_route_pickup,-4.074,2.449,1.000,1.500,joint_grid_transaction,40,40,1,9,5,0.000,1.00
96.512,6,en_route_pickup,-0.619,-2.065,-1.000,-1.500,joint_grid_transaction,40,40,2,5,6,0.000,1.00
96.512,7,en_route_delivery,-4.208,-1.941,-1.000,1.500,joint_grid_transaction,40,40,2,8,8,0.000,1.00
96.512,8,en_route_pickup,1.568,-1.979,0.000,-3.500,joint_grid_transaction,40,40,2,9,7,0.000,1.00
96.768,1,en_route_pickup,-3.053,-1.711,6.000,3.500,joint_grid_transaction,22,22,9,2,9,97.028,1.00
96.768,2,en_route_delivery,-1.295,1.939,0.000,-3.500,joint_grid_transaction,40,40,2,9,2,0.000,1.00
96.768,3,en_route_delivery,-3.018,2.107,0.000,-3.500,joint_grid_transaction,40,40,1,9,3,0.000,0.55
96.768,4,en_route_delivery,0.599,3.015,3.000,-1.500,joint_grid_transaction,40,40,2,8,4,0.000,1.00
96.768,5,en_route_pickup,-4.075,2.470,1.000,1.500,joint_grid_transaction,40,40,1,9,5,0.000,1.00
96.768,6,en_route_pickup,-0.654,-2.065,-1.000,-1.500,joint_grid_transaction,40,40,2,5,6,0.000,1.00
96.768,7,en_route_delivery,-4.205,-1.908,-1.000,1.500,joint_grid_transaction,40,40,2,8,8,0.000,1.00
96.768,8,en_route_pickup,1.533,-1.975,0.000,-3.500,joint_grid_transaction,40,40,2,9,7,0.000,1.00
97.024,1,en_route_pickup,-3.053,-1.711,6.000,3.500,joint_grid_transaction,22,22,9,2,9,97.028,1.00
97.024,2,en_route_delivery,-1.271,1.937,0.000,-3.500,joint_grid_transaction,40,40,2,9,2,0.000,1.00
97.024,3,en_route_delivery,-3.022,2.109,0.000,-3.500,joint_grid_transaction,40,40,1,9,3,0.000,0.55
97.024,4,en_route_delivery,0.637,3.019,3.000,-1.500,joint_grid_transaction,40,40,2,8,4,0.000,1.00
97.024,5,en_route_pickup,-4.076,2.493,1.000,1.500,joint_grid_transaction,40,40,1,9,5,0.000,1.00
97.024,6,en_route_pickup,-0.687,-2.065,-1.000,-1.500,joint_grid_transaction,40,40,2,5,6,0.000,1.00
97.024,7,en_route_delivery,-4.201,-1.876,-1.000,1.500,joint_grid_transaction,40,40,2,8,8,0.000,1.00
97.024,8,en_route_pickup,1.499,-1.972,0.000,-3.500,joint_grid_transaction,40,40,2,9,7,0.000,1.00
97.280,1,en_route_pickup,-3.053,-1.711,6.000,3.500,joint_grid_transaction,22,22,9,2,9,0.000,1.00
97.280,2,en_route_delivery,-1.249,1.936,0.000,-3.500,joint_grid_transaction,41,41,1,9,2,0.000,1.00
97.280,3,en_route_delivery,-3.033,2.100,0.000,-3.500,joint_grid_transaction,41,41,1,9,3,0.000,0.55
97.280,4,en_route_delivery,0.673,3.022,3.000,-1.500,joint_grid_transaction,41,41,2,9,4,0.000,1.00
97.280,5,en_route_pickup,-4.075,2.516,1.000,1.500,joint_grid_transaction,41,41,1,9,5,0.000,1.00
97.280,6,en_route_pickup,-0.718,-2.065,-1.000,-1.500,joint_grid_transaction,41,41,1,4,6,0.000,1.00
97.280,7,en_route_delivery,-4.199,-1.846,-1.000,1.500,joint_grid_transaction,41,41,2,9,8,0.000,1.00
97.280,8,en_route_pickup,1.467,-1.969,0.000,-3.500,joint_grid_transaction,41,41,1,9,7,0.000,1.00
97.536,1,en_route_pickup,-3.053,-1.711,6.000,3.500,joint_grid_transaction,22,22,9,2,9,0.000,1.00
97.536,2,en_route_delivery,-1.228,1.936,0.000,-3.500,joint_grid_transaction,41,41,1,9,2,0.000,1.00
97.536,3,en_route_delivery,-3.044,2.091,0.000,-3.500,joint_grid_transaction,41,41,1,9,3,0.000,0.55
97.536,4,en_route_delivery,0.709,3.025,3.000,-1.500,joint_grid_transaction,41,41,2,9,4,0.000,1.00
97.536,5,en_route_pickup,-4.074,2.539,1.000,1.500,joint_grid_transaction,41,41,1,9,5,0.000,1.00
97.536,6,en_route_pickup,-0.747,-2.066,-1.000,-1.500,joint_grid_transaction,41,41,1,4,6,0.000,1.00
97.536,7,en_route_delivery,-4.196,-1.816,-1.000,1.500,joint_grid_transaction,41,41,2,9,8,0.000,1.00
97.536,8,en_route_pickup,1.432,-1.966,0.000,-3.500,joint_grid_transaction,41,41,2,9,7,0.000,1.00
97.792,1,en_route_pickup,-3.053,-1.711,6.000,3.500,joint_grid_transaction,22,22,9,2,9,0.000,1.00
97.792,2,en_route_delivery,-1.203,1.935,0.000,-3.500,joint_grid_transaction,41,41,2,9,2,0.000,1.00
97.792,3,en_route_delivery,-3.051,2.089,0.000,-3.500,joint_grid_transaction,41,41,2,9,3,0.000,0.55
97.792,4,en_route_delivery,0.743,3.028,3.000,-1.500,joint_grid_transaction,41,41,2,9,4,0.000,1.00
97.792,5,en_route_pickup,-4.071,2.580,1.000,1.500,joint_grid_transaction,41,41,2,9,5,0.000,1.00
97.792,6,en_route_pickup,-0.774,-2.066,-1.000,-1.500,joint_grid_transaction,41,41,1,4,6,0.000,1.00
97.792,7,en_route_delivery,-4.194,-1.788,-1.000,1.500,joint_grid_transaction,41,41,2,9,8,0.000,1.00
97.792,8,en_route_pickup,1.398,-1.962,0.000,-3.500,joint_grid_transaction,41,41,2,9,7,0.000,1.00
98.048,1,en_route_pickup,-3.053,-1.711,6.000,3.500,joint_grid_transaction,22,22,9,2,9,0.000,1.00
98.048,2,en_route_delivery,-1.166,1.935,0.000,-3.500,joint_grid_transaction,41,41,2,9,2,0.000,1.00
98.048,3,en_route_delivery,-3.055,2.092,0.000,-3.500,joint_grid_transaction,41,41,2,9,3,0.000,0.55
98.048,4,en_route_delivery,0.775,3.031,3.000,-1.500,joint_grid_transaction,41,41,2,9,4,0.000,1.00
98.048,5,en_route_pickup,-4.068,2.622,1.000,1.500,joint_grid_transaction,41,41,2,9,5,0.000,1.00
98.048,6,en_route_pickup,-0.791,-2.066,-1.000,-1.500,joint_grid_transaction,41,41,1,4,6,0.000,1.00
98.048,7,en_route_delivery,-4.192,-1.763,-1.000,1.500,joint_grid_transaction,41,41,2,9,8,0.000,1.00
98.048,8,en_route_pickup,1.365,-1.959,0.000,-3.500,joint_grid_transaction,41,41,2,9,7,0.000,1.00
98.304,1,en_route_pickup,-3.053,-1.711,6.000,3.500,joint_grid_transaction,22,22,9,2,9,0.000,1.00
98.304,2,en_route_delivery,-1.130,1.935,0.000,-3.500,joint_grid_transaction,41,41,2,9,2,0.000,1.00
98.304,3,en_route_delivery,-3.059,2.094,0.000,-3.500,joint_grid_transaction,41,41,2,9,3,0.000,0.55
98.304,4,en_route_delivery,0.783,3.032,3.000,-1.500,joint_grid_transaction,41,41,2,9,4,0.000,1.00
98.304,5,en_route_pickup,-4.063,2.667,1.000,1.500,joint_grid_transaction,41,41,2,9,5,0.000,1.00
98.304,6,en_route_pickup,-0.791,-2.066,-1.000,-1.500,joint_grid_transaction,41,41,1,4,6,0.000,1.00
98.304,7,en_route_delivery,-4.191,-1.742,-1.000,1.500,joint_grid_transaction,41,41,2,9,8,0.000,1.00
98.304,8,en_route_pickup,1.333,-1.956,0.000,-3.500,joint_grid_transaction,41,41,2,9,7,0.000,1.00
98.560,1,en_route_pickup,-3.053,-1.711,6.000,3.500,joint_grid_transaction,22,22,9,2,9,99.028,1.00
98.560,2,en_route_delivery,-1.095,1.935,0.000,-3.500,joint_grid_transaction,41,41,2,9,2,0.000,1.00
98.560,3,en_route_delivery,-3.063,2.094,0.000,-3.500,joint_grid_transaction,41,41,2,9,3,0.000,0.55
98.560,4,en_route_delivery,0.816,3.035,3.000,-1.500,joint_grid_transaction,41,41,3,9,4,0.000,1.00
98.560,5,en_route_pickup,-4.058,2.714,1.000,1.500,joint_grid_transaction,41,41,2,9,5,0.000,1.00
98.560,6,en_route_pickup,-0.782,-2.064,-1.000,-1.500,joint_grid_transaction,41,41,2,4,6,0.000,1.00
98.560,7,en_route_delivery,-4.190,-1.721,-1.000,1.500,joint_grid_transaction,41,41,2,9,8,0.000,1.00
98.560,8,en_route_pickup,1.302,-1.953,0.000,-3.500,joint_grid_transaction,41,41,2,9,7,0.000,1.00
98.816,1,en_route_pickup,-3.053,-1.711,6.000,3.500,joint_grid_transaction,22,22,9,2,9,99.028,1.00
98.816,2,en_route_delivery,-1.062,1.935,0.000,-3.500,joint_grid_transaction,41,41,2,9,2,0.000,1.00
98.816,3,en_route_delivery,-3.076,2.088,0.000,-3.500,joint_grid_transaction,41,41,2,9,3,0.000,0.55
98.816,4,en_route_delivery,0.851,3.038,3.000,-1.500,joint_grid_transaction,41,41,3,9,4,0.000,1.00
98.816,5,en_route_pickup,-4.050,2.761,1.000,1.500,joint_grid_transaction,41,41,2,9,5,0.000,1.00
98.816,6,en_route_pickup,-0.767,-2.057,-1.000,-1.500,joint_grid_transaction,41,41,2,4,6,0.000,1.00
98.816,7,en_route_delivery,-4.189,-1.691,-1.000,1.500,joint_grid_transaction,41,41,3,9,8,0.000,1.00
98.816,8,en_route_pickup,1.274,-1.950,0.000,-3.500,joint_grid_transaction,41,41,2,9,7,0.000,1.00
99.072,1,en_route_pickup,-3.052,-1.712,6.000,3.500,_command_reverse,44,22,0,1,9,0.000,1.00
99.072,2,en_route_delivery,-1.030,1.935,0.000,-3.500,joint_grid_transaction,41,41,2,9,2,0.000,1.00
99.072,3,en_route_delivery,-3.089,2.082,0.000,-3.500,joint_grid_transaction,41,41,2,9,3,0.000,0.55
99.072,4,en_route_delivery,0.884,3.041,3.000,-1.500,joint_grid_transaction,41,41,3,9,4,0.000,1.00
99.072,5,en_route_pickup,-4.044,2.788,1.000,1.500,joint_grid_transaction,41,41,3,9,5,0.000,1.00
99.072,6,en_route_delivery,-0.772,-2.042,-6.000,3.500,joint_grid_transaction,41,41,2,3,6,0.000,0.85
99.072,7,en_route_delivery,-4.188,-1.657,-1.000,1.500,joint_grid_transaction,41,41,3,9,8,0.000,1.00
99.072,8,en_route_pickup,1.247,-1.948,0.000,-3.500,joint_grid_transaction,41,41,2,9,7,0.000,1.00
99.328,1,en_route_pickup,-3.044,-1.728,6.000,3.500,_command_reverse,44,22,0,1,9,0.000,1.00
99.328,2,en_route_delivery,-1.000,1.935,0.000,-3.500,joint_grid_transaction,41,41,2,9,2,0.000,1.00
99.328,3,en_route_delivery,-3.102,2.076,0.000,-3.500,joint_grid_transaction,41,41,2,9,3,0.000,0.55
99.328,4,en_route_delivery,0.916,3.044,3.000,-1.500,joint_grid_transaction,41,41,3,9,4,0.000,1.00
99.328,5,en_route_pickup,-4.037,2.774,1.000,1.500,joint_grid_transaction,41,41,3,9,5,0.000,1.00
99.328,6,en_route_delivery,-0.798,-2.020,-6.000,3.500,joint_grid_transaction,41,41,2,3,6,0.000,0.85
99.328,7,en_route_delivery,-4.187,-1.624,-1.000,1.500,joint_grid_transaction,41,41,3,9,8,0.000,1.00
99.328,8,en_route_pickup,1.227,-1.947,0.000,-3.500,joint_grid_transaction,41,41,2,9,7,0.000,1.00
99.584,1,en_route_pickup,-3.036,-1.740,6.000,3.500,_command_reverse,44,22,0,1,9,0.000,1.00
99.584,2,en_route_delivery,-0.972,1.935,0.000,-3.500,joint_grid_transaction,41,41,2,9,2,0.000,1.00
99.584,3,en_route_delivery,-3.118,2.069,0.000,-3.500,joint_grid_transaction,41,41,2,9,3,0.000,0.55
99.584,4,en_route_delivery,0.947,3.047,3.000,-1.500,joint_grid_transaction,41,41,3,9,4,0.000,1.00
99.584,5,en_route_pickup,-4.023,2.777,1.000,1.500,joint_grid_transaction,41,41,3,9,5,0.000,1.00
99.584,6,en_route_delivery,-0.822,-1.996,-6.000,3.500,joint_grid_transaction,41,41,2,3,6,0.000,0.85
99.584,7,en_route_delivery,-4.186,-1.593,-1.000,1.500,joint_grid_transaction,41,41,3,9,8,0.000,1.00
99.584,8,en_route_pickup,1.202,-1.946,0.000,-3.500,joint_grid_transaction,41,41,3,9,7,0.000,1.00
99.840,1,en_route_pickup,-3.005,-1.709,6.000,3.500,_command_reverse,44,22,0,1,9,0.000,1.00
99.840,2,en_route_delivery,-0.941,1.935,0.000,-3.500,joint_grid_transaction,43,43,1,9,2,0.000,1.00
99.840,3,en_route_delivery,-3.162,2.054,0.000,-3.500,joint_grid_transaction,43,43,2,9,3,0.000,1.00
99.840,4,en_route_delivery,0.976,3.050,3.000,-1.500,joint_grid_transaction,43,43,1,9,4,0.000,1.00
99.840,5,en_route_pickup,-4.000,2.760,1.000,1.500,joint_grid_transaction,43,43,1,9,5,0.000,1.00
99.840,6,en_route_delivery,-0.839,-2.011,-6.000,3.500,joint_grid_transaction,43,43,2,9,6,0.000,0.85
99.840,7,en_route_delivery,-4.185,-1.564,-1.000,1.500,joint_grid_transaction,43,43,1,8,8,0.000,1.00
99.840,8,en_route_pickup,1.169,-1.944,0.000,-3.500,joint_grid_transaction,43,43,2,9,7,0.000,1.00
100.096,1,en_route_pickup,-2.971,-1.677,6.000,3.500,_command_reverse,44,22,0,1,9,0.000,1.00
100.096,2,en_route_delivery,-0.904,1.935,0.000,-3.500,joint_grid_transaction,43,43,2,9,2,0.000,1.00
100.096,3,en_route_delivery,-3.208,2.042,0.000,-3.500,joint_grid_transaction,43,43,2,9,3,0.000,1.00
100.096,4,en_route_delivery,1.003,3.052,3.000,-1.500,joint_grid_transaction,43,43,1,9,4,0.000,1.00
100.096,5,en_route_pickup,-3.981,2.745,1.000,1.500,joint_grid_transaction,43,43,1,9,5,0.000,1.00
100.096,6,en_route_delivery,-0.852,-2.020,-6.000,3.500,joint_grid_transaction,43,43,2,9,6,0.000,0.85
100.096,7,en_route_delivery,-4.183,-1.537,-1.000,1.500,joint_grid_transaction,43,43,1,8,8,0.000,1.00
100.096,8,en_route_pickup,1.136,-1.942,0.000,-3.500,joint_grid_transaction,43,43,2,9,7,0.000,1.00
100.352,1,en_route_pickup,-2.934,-1.647,6.000,3.500,_command_reverse,44,22,0,1,9,0.000,1.00
100.352,2,en_route_delivery,-0.867,1.936,0.000,-3.500,joint_grid_transaction,43,43,2,9,2,0.000,1.00
100.352,3,en_route_delivery,-3.254,2.032,0.000,-3.500,joint_grid_transaction,43,43,2,9,3,0.000,1.00
100.352,4,en_route_delivery,1.024,3.053,3.000,-1.500,joint_grid_transaction,43,43,1,9,4,0.000,1.00
100.352,5,en_route_pickup,-3.969,2.742,1.000,1.500,joint_grid_transaction,43,43,1,9,5,0.000,1.00
100.352,6,en_route_delivery,-0.860,-2.025,-6.000,3.500,joint_grid_transaction,43,43,2,9,6,0.000,0.85
100.352,7,en_route_delivery,-4.182,-1.513,-1.000,1.500,joint_grid_transaction,43,43,1,8,8,0.000,1.00
100.352,8,en_route_pickup,1.105,-1.940,0.000,-3.500,joint_grid_transaction,43,43,2,9,7,0.000,1.00
100.608,1,en_route_pickup,-2.896,-1.618,6.000,3.500,_command_reverse,44,22,0,1,9,0.000,1.00
100.608,2,en_route_delivery,-0.831,1.936,0.000,-3.500,joint_grid_transaction,43,43,2,9,2,0.000,1.00
100.608,3,en_route_delivery,-3.284,2.026,0.000,-3.500,joint_grid_transaction,43,43,2,9,3,0.000,1.00
100.608,4,en_route_delivery,1.050,3.054,3.000,-1.500,joint_grid_transaction,43,43,1,9,4,0.000,1.00
100.608,5,en_route_pickup,-3.979,2.748,1.000,1.500,joint_grid_transaction,43,43,2,9,5,0.000,1.00
100.608,6,en_route_delivery,-0.883,-2.019,-6.000,3.500,joint_grid_transaction,43,43,2,9,6,0.000,1.00
100.608,7,en_route_delivery,-4.182,-1.491,-1.000,1.500,joint_grid_transaction,43,43,1,8,8,0.000,1.00
100.608,8,en_route_pickup,1.074,-1.938,0.000,-3.500,joint_grid_transaction,43,43,2,9,7,0.000,1.00
100.864,1,en_route_pickup,-2.858,-1.590,6.000,3.500,_command_reverse,44,22,0,1,9,0.000,1.00
100.864,2,en_route_delivery,-0.797,1.937,0.000,-3.500,joint_grid_transaction,43,43,2,9,2,0.000,1.00
100.864,3,en_route_delivery,-3.293,2.024,0.000,-3.500,joint_grid_transaction,43,43,3,9,3,0.000,1.00
100.864,4,en_route_delivery,1.084,3.056,3.000,-1.500,joint_grid_transaction,43,43,2,9,4,0.000,1.00
100.864,5,en_route_pickup,-3.957,2.769,1.000,1.500,joint_grid_transaction,43,43,2,9,5,0.000,1.00
100.864,6,en_route_delivery,-0.929,-2.007,-6.000,3.500,joint_grid_transaction,43,43,2,9,6,0.000,1.00
100.864,7,en_route_delivery,-4.181,-1.469,-1.000,1.500,joint_grid_transaction,43,43,1,8,8,0.000,1.00
100.864,8,en_route_pickup,1.046,-1.937,0.000,-3.500,joint_grid_transaction,43,43,2,9,7,0.000,1.00
101.120,1,en_route_pickup,-2.819,-1.562,6.000,3.500,_command_reverse,44,22,0,1,9,0.000,1.00
101.120,2,en_route_delivery,-0.763,1.938,0.000,-3.500,joint_grid_transaction,43,43,2,9,2,0.000,1.00
101.120,3,en_route_delivery,-3.337,2.017,0.000,-3.500,joint_grid_transaction,43,43,3,9,3,0.000,1.00
101.120,4,en_route_delivery,1.117,3.058,3.000,-1.500,joint_grid_transaction,43,43,2,9,4,0.000,1.00
101.120,5,en_route_pickup,-3.920,2.798,1.000,1.500,joint_grid_transaction,43,43,2,9,5,0.000,1.00
101.120,6,en_route_delivery,-0.975,-2.000,-6.000,3.500,joint_grid_transaction,43,43,2,9,6,0.000,1.00
101.120,7,en_route_delivery,-4.182,-1.438,-1.000,1.500,joint_grid_transaction,43,43,1,8,8,0.000,1.00
101.120,8,en_route_pickup,1.019,-1.935,0.000,-3.500,joint_grid_transaction,43,43,2,9,7,0.000,1.00
101.376,1,en_route_pickup,-2.779,-1.535,6.000,3.500,_command_reverse,44,22,0,1,9,0.000,1.00
101.376,2,en_route_delivery,-0.730,1.940,0.000,-3.500,joint_grid_transaction,43,43,2,9,2,0.000,1.00
101.376,3,en_route_delivery,-3.385,2.011,0.000,-3.500,joint_grid_transaction,43,43,3,9,3,0.000,1.00
101.376,4,en_route_delivery,1.148,3.060,3.000,-1.500,joint_grid_transaction,43,43,2,9,4,0.000,1.00
101.376,5,en_route_pickup,-3.886,2.830,1.000,1.500,joint_grid_transaction,43,43,2,9,5,0.000,1.00
101.376,6,en_route_delivery,-1.022,-1.995,-6.000,3.500,joint_grid_transaction,43,43,2,9,6,0.000,1.00
101.376,7,en_route_delivery,-4.184,-1.398,-1.000,1.500,joint_grid_transaction,43,43,2,8,8,0.000,1.00
101.376,8,en_route_pickup,0.997,-1.934,0.000,-3.500,joint_grid_transaction,43,43,2,9,7,0.000,1.00
101.632,1,en_route_pickup,-2.740,-1.508,6.000,3.500,_command_reverse,44,22,0,1,9,0.000,1.00
101.632,2,en_route_delivery,-0.692,1.942,0.000,-3.500,joint_grid_transaction,43,43,3,9,2,0.000,1.00
101.632,3,en_route_delivery,-3.430,2.007,0.000,-3.500,joint_grid_transaction,43,43,3,9,3,0.000,1.00
101.632,4,en_route_delivery,1.178,3.062,3.000,-1.500,joint_grid_transaction,43,43,2,9,4,0.000,1.00
101.632,5,en_route_pickup,-3.866,2.838,1.000,1.500,joint_grid_transaction,43,43,3,9,5,0.000,1.00
101.632,6,en_route_delivery,-1.063,-1.992,-6.000,3.500,joint_grid_transaction,43,43,3,9,6,0.000,1.00
101.632,7,en_route_delivery,-4.186,-1.358,-1.000,1.500,joint_grid_transaction,43,43,2,8,8,0.000,1.00
101.632,8,en_route_pickup,0.976,-1.934,0.000,-3.500,joint_grid_transaction,43,43,2,9,7,0.000,1.00
101.888,1,en_route_pickup,-2.700,-1.481,6.000,3.500,_command_reverse,44,22,0,1,9,0.000,1.00
101.888,2,en_route_delivery,-0.649,1.944,0.000,-3.500,joint_grid_transaction,43,43,3,9,2,0.000,1.00
101.888,3,en_route_delivery,-3.472,2.003,0.000,-3.500,joint_grid_transaction,43,43,3,9,3,0.000,1.00
101.888,4,en_route_delivery,1.206,3.064,3.000,-1.500,joint_grid_transaction,43,43,2,9,4,0.000,1.00
101.888,5,en_route_pickup,-3.827,2.865,1.000,1.500,joint_grid_transaction,43,43,3,9,5,0.000,1.00
101.888,6,en_route_delivery,-1.104,-1.989,-6.000,3.500,joint_grid_transaction,43,43,3,9,6,0.000,1.00
101.888,7,en_route_delivery,-4.189,-1.317,-1.000,1.500,joint_grid_transaction,43,43,2,8,8,0.000,1.00
101.888,8,en_route_pickup,0.950,-1.934,0.000,-3.500,joint_grid_transaction,43,43,2,9,7,0.000,1.00
102.144,1,en_route_pickup,-2.661,-1.454,6.000,3.500,_command_reverse,44,22,0,1,9,0.000,1.00
102.144,2,en_route_delivery,-0.604,1.947,0.000,-3.500,joint_grid_transaction,43,43,3,9,2,0.000,1.00
102.144,3,en_route_delivery,-3.514,2.000,0.000,-3.500,joint_grid_transaction,43,43,3,9,3,0.000,1.00
102.144,4,en_route_delivery,1.232,3.065,3.000,-1.500,joint_grid_transaction,43,43,2,9,4,0.000,1.00
102.144,5,en_route_pickup,-3.787,2.888,1.000,1.500,joint_grid_transaction,43,43,3,9,5,0.000,1.00
102.144,6,en_route_delivery,-1.144,-1.986,-6.000,3.500,joint_grid_transaction,43,43,3,9,6,0.000,1.00
102.144,7,en_route_delivery,-4.193,-1.275,-1.000,1.500,joint_grid_transaction,43,43,2,8,8,0.000,1.00
102.144,8,en_route_pickup,0.912,-1.935,0.000,-3.500,joint_grid_transaction,43,43,3,9,7,0.000,1.00
102.400,1,en_route_pickup,-2.621,-1.427,6.000,3.500,_command_reverse,44,22,0,1,9,0.000,1.00
102.400,2,en_route_delivery,-0.558,1.952,0.000,-3.500,joint_grid_transaction,43,43,3,9,2,0.000,1.00
102.400,3,en_route_delivery,-3.555,1.996,0.000,-3.500,joint_grid_transaction,43,43,3,9,3,0.000,1.00
102.400,4,en_route_delivery,1.254,3.066,3.000,-1.500,joint_grid_transaction,43,43,2,9,4,0.000,1.00
102.400,5,en_route_pickup,-3.744,2.909,1.000,1.500,joint_grid_transaction,43,43,3,9,5,0.000,1.00
102.400,6,en_route_delivery,-1.183,-1.983,-6.000,3.500,joint_grid_transaction,43,43,3,9,6,0.000,1.00
102.400,7,en_route_delivery,-4.198,-1.232,-1.000,1.500,joint_grid_transaction,43,43,2,8,8,0.000,1.00
102.400,8,en_route_pickup,0.874,-1.935,0.000,-3.500,joint_grid_transaction,43,43,3,9,7,0.000,1.00
102.656,1,en_route_pickup,-2.599,-1.412,6.000,3.500,_command_reverse,44,22,0,1,9,103.028,1.00
102.656,2,en_route_delivery,-0.510,1.957,0.000,-3.500,joint_grid_transaction,43,43,3,9,2,0.000,1.00
102.656,3,en_route_delivery,-3.596,1.993,0.000,-3.500,joint_grid_transaction,43,43,4,9,3,0.000,1.00
102.656,4,en_route_delivery,1.276,3.067,3.000,-1.500,joint_grid_transaction,43,43,2,9,4,0.000,1.00
102.656,5,en_route_pickup,-3.701,2.929,1.000,1.500,joint_grid_transaction,43,43,3,9,5,0.000,1.00
102.656,6,en_route_delivery,-1.221,-1.981,-6.000,3.500,joint_grid_transaction,43,43,3,9,6,0.000,1.00
102.656,7,en_route_delivery,-4.204,-1.186,-1.000,1.500,joint_grid_transaction,43,43,3,8,8,0.000,1.00
102.656,8,en_route_pickup,0.837,-1.936,0.000,-3.500,joint_grid_transaction,43,43,3,9,7,0.000,1.00
102.912,1,en_route_pickup,-2.599,-1.412,6.000,3.500,_command_reverse,44,22,0,1,9,103.028,1.00
102.912,2,en_route_delivery,-0.463,1.963,0.000,-3.500,joint_grid_transaction,43,43,3,9,2,0.000,1.00
102.912,3,en_route_delivery,-3.635,1.989,0.000,-3.500,joint_grid_transaction,43,43,4,9,3,0.000,1.00
102.912,4,en_route_delivery,1.303,3.066,3.000,-1.500,joint_grid_transaction,43,43,3,9,4,0.000,1.00
102.912,5,en_route_pickup,-3.656,2.944,1.000,1.500,joint_grid_transaction,43,43,4,9,5,0.000,1.00
102.912,6,en_route_delivery,-1.258,-1.978,-6.000,3.500,joint_grid_transaction,43,43,3,9,6,0.000,1.00
102.912,7,en_route_delivery,-4.210,-1.139,-1.000,1.500,joint_grid_transaction,43,43,3,8,8,0.000,1.00
102.912,8,en_route_pickup,0.800,-1.938,0.000,-3.500,joint_grid_transaction,43,43,3,9,7,0.000,1.00
103.168,1,en_route_pickup,-2.582,-1.400,6.000,3.500,_command_reverse,44,22,0,1,9,0.000,1.00
103.168,2,en_route_delivery,-0.417,1.969,0.000,-3.500,joint_grid_transaction,46,43,4,9,2,0.000,1.00
103.168,3,en_route_delivery,-3.674,1.986,0.000,-3.500,joint_grid_transaction,46,43,4,8,3,0.000,1.00
103.168,4,en_route_delivery,1.339,3.066,3.000,-1.500,joint_grid_transaction,46,43,3,9,4,0.000,1.00
103.168,5,en_route_pickup,-3.611,2.956,1.000,1.500,joint_grid_transaction,46,43,4,9,5,0.000,1.00
103.168,6,en_route_delivery,-1.293,-1.975,-6.000,3.500,joint_grid_transaction,46,43,3,9,6,0.000,1.00
103.168,7,en_route_delivery,-4.215,-1.093,-1.000,1.500,joint_grid_transaction,46,43,3,9,8,0.000,1.00
103.168,8,en_route_pickup,0.764,-1.940,0.000,-3.500,joint_grid_transaction,46,43,3,9,7,0.000,1.00
103.424,1,en_route_pickup,-2.542,-1.373,6.000,3.500,_command_reverse,44,22,0,1,9,0.000,1.00
103.424,2,en_route_delivery,-0.371,1.975,0.000,-3.500,joint_grid_transaction,46,46,2,9,2,0.000,1.00
103.424,3,en_route_delivery,-3.712,1.983,0.000,-3.500,joint_grid_transaction,46,46,1,8,3,0.000,1.00
103.424,4,en_route_delivery,1.377,3.065,3.000,-1.500,joint_grid_transaction,46,46,2,9,4,0.000,1.00
103.424,5,en_route_pickup,-3.565,2.966,1.000,1.500,joint_grid_transaction,46,46,2,9,5,0.000,1.00
103.424,6,en_route_delivery,-1.331,-1.972,-6.000,3.500,joint_grid_transaction,46,46,2,9,6,0.000,1.00
103.424,7,en_route_delivery,-4.221,-1.046,-1.000,1.500,joint_grid_transaction,46,46,2,9,8,0.000,1.00
103.424,8,en_route_pickup,0.727,-1.943,0.000,-3.500,joint_grid_transaction,46,46,1,9,7,0.000,1.00
103.680,1,en_route_pickup,-2.503,-1.346,6.000,3.500,_command_reverse,44,22,0,1,9,0.000,1.00
103.680,2,en_route_delivery,-0.325,1.980,0.000,-3.500,joint_grid_transaction,46,46,2,9,2,0.000,1.00
103.680,3,en_route_delivery,-3.748,1.980,0.000,-3.500,joint_grid_transaction,46,46,1,8,3,0.000,1.00
103.680,4,en_route_delivery,1.415,3.064,3.000,-1.500,joint_grid_transaction,46,46,2,9,4,0.000,1.00
103.680,5,en_route_pickup,-3.518,2.974,1.000,1.500,joint_grid_transaction,46,46,2,9,5,0.000,1.00
103.680,6,en_route_delivery,-1.367,-1.969,-6.000,3.500,joint_grid_transaction,46,46,2,9,6,0.000,1.00
103.680,7,en_route_delivery,-4.226,-0.998,-1.000,1.500,joint_grid_transaction,46,46,2,9,8,0.000,1.00
103.680,8,en_route_pickup,0.684,-1.947,0.000,-3.500,joint_grid_transaction,46,46,1,9,7,0.000,1.00
103.936,1,en_route_pickup,-2.463,-1.319,6.000,3.500,_command_reverse,44,22,0,1,9,0.000,1.00
103.936,2,en_route_delivery,-0.281,1.984,0.000,-3.500,joint_grid_transaction,46,46,2,9,2,0.000,1.00
103.936,3,en_route_delivery,-3.783,1.977,0.000,-3.500,joint_grid_transaction,46,46,1,8,3,0.000,1.00
103.936,4,en_route_delivery,1.452,3.062,3.000,-1.500,joint_grid_transaction,46,46,2,9,4,0.000,1.00
103.936,5,en_route_pickup,-3.471,2.981,1.000,1.500,joint_grid_transaction,46,46,2,9,5,0.000,1.00
103.936,6,en_route_delivery,-1.403,-1.967,-6.000,3.500,joint_grid_transaction,46,46,2,9,6,0.000,1.00
103.936,7,en_route_delivery,-4.229,-0.968,-1.000,1.500,joint_grid_transaction,46,46,2,9,8,0.000,1.00
103.936,8,en_route_pickup,0.637,-1.951,0.000,-3.500,joint_grid_transaction,46,46,2,9,7,0.000,1.00
104.192,1,en_route_pickup,-2.424,-1.292,6.000,3.500,_command_reverse,44,22,0,1,9,0.000,1.00
104.192,2,en_route_delivery,-0.237,1.989,0.000,-3.500,joint_grid_transaction,46,46,2,9,2,0.000,1.00
104.192,3,en_route_delivery,-3.783,1.977,0.000,-3.500,joint_grid_transaction,46,46,1,8,3,0.000,1.00
104.192,4,en_route_delivery,1.490,3.059,3.000,-1.500,joint_grid_transaction,46,46,2,9,4,0.000,1.00
104.192,5,en_route_pickup,-3.467,2.981,1.000,1.500,joint_grid_transaction,46,46,2,9,5,0.000,1.00
104.192,6,en_route_delivery,-1.437,-1.964,-6.000,3.500,joint_grid_transaction,46,46,2,9,6,0.000,1.00
104.192,7,en_route_delivery,-4.229,-0.968,-1.000,1.500,joint_grid_transaction,46,46,2,9,8,0.000,1.00
104.192,8,en_route_pickup,0.589,-1.956,0.000,-3.500,joint_grid_transaction,46,46,2,9,7,0.000,1.00
104.448,1,en_route_pickup,-2.384,-1.266,6.000,3.500,_command_reverse,44,22,0,1,9,0.000,1.00
104.448,2,en_route_delivery,-0.194,1.993,0.000,-3.500,joint_grid_transaction,46,46,3,9,2,0.000,1.00
104.448,3,en_route_delivery,-3.801,1.975,0.000,-3.500,joint_grid_transaction,46,46,2,8,3,0.000,1.00
104.448,4,en_route_delivery,1.529,3.055,3.000,-1.500,joint_grid_transaction,46,46,2,9,4,0.000,1.00
104.448,5,en_route_pickup,-3.448,2.984,1.000,1.500,joint_grid_transaction,46,46,3,9,5,0.000,1.00
104.448,6,en_route_delivery,-1.470,-1.961,-6.000,3.500,joint_grid_transaction,46,46,2,9,6,0.000,1.00
104.448,7,en_route_delivery,-4.232,-0.948,-1.000,1.500,joint_grid_transaction,46,46,3,9,8,0.000,1.00
104.448,8,en_route_pickup,0.542,-1.961,0.000,-3.500,joint_grid_transaction,46,46,2,9,7,0.000,1.00
104.704,1,en_route_pickup,-2.369,-1.256,6.000,3.500,_command_reverse,44,22,0,1,9,105.028,1.00
104.704,2,en_route_delivery,-0.153,1.997,0.000,-3.500,joint_grid_transaction,46,46,3,9,2,0.000,1.00
104.704,3,en_route_delivery,-3.838,1.972,0.000,-3.500,joint_grid_transaction,46,46,2,8,3,0.000,1.00
104.704,4,en_route_delivery,1.574,3.051,3.000,-1.500,joint_grid_transaction,46,46,3,9,4,0.000,1.00
104.704,5,en_route_pickup,-3.404,2.990,1.000,1.500,joint_grid_transaction,46,46,3,9,5,0.000,1.00
104.704,6,en_route_delivery,-1.501,-1.959,-6.000,3.500,joint_grid_transaction,46,46,2,9,6,0.000,1.00
104.704,7,en_route_delivery,-4.237,-0.905,-1.000,1.500,joint_grid_transaction,46,46,3,9,8,0.000,1.00
104.704,8,en_route_pickup,0.494,-1.967,0.000,-3.500,joint_grid_transaction,46,46,2,9,7,0.000,1.00
104.960,1,en_route_pickup,-2.369,-1.256,6.000,3.500,_command_reverse,44,22,0,1,9,105.028,1.00
104.960,2,en_route_delivery,-0.112,2.001,0.000,-3.500,joint_grid_transaction,46,46,3,9,2,0.000,1.00
104.960,3,en_route_delivery,-3.874,1.968,0.000,-3.500,joint_grid_transaction,46,46,2,8,3,0.000,1.00
104.960,4,en_route_delivery,1.622,3.046,3.000,-1.500,joint_grid_transaction,46,46,3,9,4,0.000,1.00
104.960,5,en_route_pickup,-3.360,2.994,1.000,1.500,joint_grid_transaction,46,46,3,9,5,0.000,1.00
104.960,6,en_route_delivery,-1.530,-1.957,-6.000,3.500,joint_grid_transaction,46,46,2,9,6,0.000,1.00
104.960,7,en_route_delivery,-4.241,-0.863,-1.000,1.500,joint_grid_transaction,46,46,3,9,8,0.000,1.00
104.960,8,en_route_pickup,0.447,-1.973,0.000,-3.500,joint_grid_transaction,46,46,2,9,7,0.000,1.00
105.216,1,en_route_pickup,-2.345,-1.238,6.000,3.500,_command_reverse,44,22,0,1,9,0.000,1.00
105.216,2,en_route_delivery,-0.073,2.005,0.000,-3.500,joint_grid_transaction,47,47,2,9,2,0.000,1.00
105.216,3,en_route_delivery,-3.907,1.966,0.000,-3.500,joint_grid_transaction,47,47,2,9,3,0.000,1.00
105.216,4,en_route_delivery,1.668,3.041,3.000,-1.500,joint_grid_transaction,47,47,2,9,4,0.000,1.00
105.216,5,en_route_pickup,-3.319,2.998,1.000,1.500,joint_grid_transaction,47,47,2,9,5,0.000,1.00
105.216,6,en_route_delivery,-1.536,-1.957,-6.000,3.500,joint_grid_transaction,47,47,1,9,6,0.000,1.00
105.216,7,en_route_delivery,-4.246,-0.823,-1.000,1.500,joint_grid_transaction,47,47,2,9,8,0.000,1.00
105.216,8,en_route_pickup,0.401,-1.978,0.000,-3.500,joint_grid_transaction,47,47,2,9,7,0.000,1.00
105.472,1,en_route_pickup,-2.305,-1.211,6.000,3.500,_command_reverse,44,22,0,1,9,0.000,1.00
105.472,2,en_route_delivery,-0.034,2.009,0.000,-3.500,joint_grid_transaction,47,47,2,9,2,0.000,1.00
105.472,3,en_route_delivery,-3.940,1.963,0.000,-3.500,joint_grid_transaction,47,47,2,9,3,0.000,1.00
105.472,4,en_route_delivery,1.715,3.035,3.000,-1.500,joint_grid_transaction,47,47,2,9,4,0.000,1.00
105.472,5,en_route_pickup,-3.279,3.002,1.000,1.500,joint_grid_transaction,47,47,2,9,5,0.000,1.00
105.472,6,en_route_delivery,-1.520,-1.962,-6.000,3.500,joint_grid_transaction,47,47,1,9,6,0.000,1.00
105.472,7,en_route_delivery,-4.250,-0.782,-1.000,1.500,joint_grid_transaction,47,47,2,9,8,0.000,1.00
105.472,8,en_route_pickup,0.357,-1.983,0.000,-3.500,joint_grid_transaction,47,47,2,9,7,0.000,1.00
105.728,1,en_route_pickup,-2.265,-1.185,6.000,3.500,_command_reverse,44,22,0,1,9,0.000,1.00
105.728,2,en_route_delivery,0.004,2.013,0.000,-3.500,joint_grid_transaction,47,47,2,9,2,0.000,1.00
105.728,3,en_route_delivery,-3.972,1.960,0.000,-3.500,joint_grid_transaction,47,47,2,9,3,0.000,1.00
105.728,4,en_route_delivery,1.763,3.030,3.000,-1.500,joint_grid_transaction,47,47,2,9,4,0.000,1.00
105.728,5,en_route_pickup,-3.239,3.006,1.000,1.500,joint_grid_transaction,47,47,2,9,5,0.000,1.00
105.728,6,en_route_delivery,-1.494,-1.980,-6.000,3.500,joint_grid_transaction,47,47,1,9,6,0.000,1.00
105.728,7,en_route_delivery,-4.254,-0.743,-1.000,1.500,joint_grid_transaction,47,47,2,9,8,0.000,1.00
105.728,8,en_route_pickup,0.314,-1.987,0.000,-3.500,joint_grid_transaction,47,47,2,9,7,0.000,1.00
105.984,1,en_route_pickup,-2.226,-1.158,6.000,3.500,_command_reverse,44,22,0,1,9,0.000,1.00
105.984,2,en_route_delivery,0.031,2.015,0.000,-3.500,joint_grid_transaction,47,47,2,9,2,0.000,1.00
105.984,3,en_route_delivery,-4.002,1.957,0.000,-3.500,joint_grid_transaction,47,47,2,9,3,0.000,1.00
105.984,4,en_route_delivery,1.784,3.027,3.000,-1.500,joint_grid_transaction,47,47,2,9,4,0.000,1.00
105.984,5,en_route_pickup,-3.220,3.008,1.000,1.500,joint_grid_transaction,47,47,2,9,5,0.000,1.00
105.984,6,en_route_delivery,-1.471,-2.003,-6.000,3.500,joint_grid_transaction,47,47,1,9,6,0.000,1.00
105.984,7,en_route_delivery,-4.257,-0.719,-1.000,1.500,joint_grid_transaction,47,47,2,9,8,0.000,1.00
105.984,8,en_route_pickup,0.271,-1.992,0.000,-3.500,joint_grid_transaction,47,47,2,9,7,0.000,1.00
106.240,1,en_route_pickup,-2.186,-1.131,6.000,3.500,_command_reverse,44,22,0,1,9,0.000,1.00
106.240,2,en_route_delivery,0.031,2.015,0.000,-3.500,joint_grid_transaction,47,47,2,9,2,0.000,1.00
106.240,3,en_route_delivery,-4.030,1.955,0.000,-3.500,joint_grid_transaction,47,47,2,9,3,0.000,1.00
106.240,4,en_route_delivery,1.784,3.027,3.000,-1.500,joint_grid_transaction,47,47,2,9,4,0.000,1.00
106.240,5,en_route_pickup,-3.220,3.008,1.000,1.500,joint_grid_transaction,47,47,2,9,5,0.000,1.00
106.240,6,en_route_delivery,-1.460,-2.017,-6.000,3.500,joint_grid_transaction,47,47,1,9,6,0.000,1.00
106.240,7,en_route_delivery,-4.257,-0.719,-1.000,1.500,joint_grid_transaction,47,47,2,9,8,0.000,1.00
106.240,8,en_route_pickup,0.229,-1.996,0.000,-3.500,joint_grid_transaction,47,47,2,9,7,0.000,1.00
106.496,1,en_route_pickup,-2.146,-1.105,6.000,3.500,_command_reverse,44,22,0,1,9,0.000,1.00
106.496,2,en_route_delivery,0.057,2.018,0.000,-3.500,joint_grid_transaction,47,47,3,9,2,0.000,1.00
106.496,3,en_route_delivery,-4.029,1.953,0.000,-3.500,joint_grid_transaction,47,47,3,9,3,0.000,1.00
106.496,4,en_route_delivery,1.812,3.023,3.000,-1.500,joint_grid_transaction,47,47,3,9,4,0.000,1.00
106.496,5,en_route_pickup,-3.193,3.010,1.000,1.500,joint_grid_transaction,47,47,3,9,5,0.000,1.00
106.496,6,en_route_delivery,-1.469,-2.035,-6.000,3.500,joint_grid_transaction,47,47,1,9,6,0.000,1.00
106.496,7,en_route_delivery,-4.260,-0.693,-1.000,1.500,joint_grid_transaction,47,47,3,9,8,0.000,1.00
106.496,8,en_route_pickup,0.222,-1.999,0.000,-3.500,joint_grid_transaction,47,47,3,9,7,0.000,1.00
106.752,1,en_route_pickup,-2.139,-1.100,6.000,3.500,_command_reverse,44,22,0,1,9,107.028,1.00
106.752,2,en_route_delivery,0.094,2.022,0.000,-3.500,joint_grid_transaction,47,47,3,9,2,0.000,1.00
106.752,3,en_route_delivery,-4.022,1.948,0.000,-3.500,joint_grid_transaction,47,47,3,9,3,0.000,1.00
106.752,4,en_route_delivery,1.857,3.018,3.000,-1.500,joint_grid_transaction,47,47,3,9,4,0.000,1.00
106.752,5,en_route_pickup,-3.155,3.014,1.000,1.500,joint_grid_transaction,47,47,3,9,5,0.000,1.00
106.752,6,en_route_delivery,-1.479,-2.028,-6.000,3.500,joint_grid_transaction,47,47,2,9,6,0.000,1.00
106.752,7,en_route_delivery,-4.264,-0.655,-1.000,1.500,joint_grid_transaction,47,47,3,9,8,0.000,1.00
106.752,8,en_route_pickup,0.234,-2.004,0.000,-3.500,joint_grid_transaction,47,47,3,9,7,0.000,1.00
107.008,1,en_route_pickup,-2.139,-1.100,6.000,3.500,_command_reverse,44,22,0,1,9,107.028,1.00
107.008,2,en_route_delivery,0.130,2.025,0.000,-3.500,joint_grid_transaction,47,47,3,9,2,0.000,1.00
107.008,3,en_route_delivery,-4.062,1.925,0.000,-3.500,joint_grid_transaction,47,47,3,9,3,0.000,1.00
107.008,4,en_route_delivery,1.902,3.013,3.000,-1.500,joint_grid_transaction,47,47,3,9,4,0.000,1.00
107.008,5,en_route_pickup,-3.118,3.018,1.000,1.500,joint_grid_transaction,47,47,3,9,5,0.000,1.00
107.008,6,en_route_delivery,-1.508,-2.065,-6.000,3.500,joint_grid_transaction,47,47,2,9,6,0.000,1.00
107.008,7,en_route_delivery,-4.268,-0.618,-1.000,1.500,joint_grid_transaction,47,47,3,9,8,0.000,1.00
107.008,8,en_route_pickup,0.208,-2.025,0.000,-3.500,joint_grid_transaction,47,47,3,9,7,0.000,1.00
107.264,1,en_route_pickup,-2.107,-1.077,6.000,3.500,joint_grid_transaction,44,22,0,0,9,0.000,1.00
107.264,2,en_route_delivery,0.164,2.028,0.000,-3.500,joint_grid_transaction,48,48,2,9,2,0.000,1.00
107.264,3,en_route_delivery,-4.096,1.905,0.000,-3.500,joint_grid_transaction,48,48,2,9,3,0.000,1.00
107.264,4,en_route_delivery,1.944,3.009,3.000,-1.500,joint_grid_transaction,48,48,2,9,4,0.000,1.00
107.264,5,en_route_pickup,-3.081,3.021,1.000,1.500,joint_grid_transaction,48,48,2,9,5,0.000,1.00
107.264,6,en_route_delivery,-1.536,-2.069,-6.000,3.500,joint_grid_transaction,48,48,1,9,6,0.000,1.00
107.264,7,en_route_delivery,-4.272,-0.583,-1.000,1.500,joint_grid_transaction,48,48,2,9,8,0.000,1.00
107.264,8,en_route_pickup,0.172,-2.051,0.000,-3.500,joint_grid_transaction,48,48,2,8,7,0.000,1.00
107.520,1,en_route_pickup,-2.097,-1.071,6.000,3.500,joint_grid_transaction,44,22,1,0,9,0.000,1.00
107.520,2,en_route_delivery,0.198,2.031,0.000,-3.500,joint_grid_transaction,48,48,2,9,2,0.000,1.00
107.520,3,en_route_delivery,-4.095,1.905,0.000,-3.500,joint_grid_transaction,48,48,2,9,3,0.000,1.00
107.520,4,en_route_delivery,1.986,3.004,3.000,-1.500,joint_grid_transaction,48,48,2,9,4,0.000,1.00
107.520,5,en_route_pickup,-3.046,3.025,1.000,1.500,joint_grid_transaction,48,48,2,9,5,0.000,1.00
107.520,6,en_route_delivery,-1.557,-2.055,-6.000,3.500,joint_grid_transaction,48,48,2,9,6,0.000,1.00
107.520,7,en_route_delivery,-4.275,-0.548,-1.000,1.500,joint_grid_transaction,48,48,2,9,8,0.000,1.00
107.520,8,en_route_pickup,0.139,-2.080,0.000,-3.500,joint_grid_transaction,48,48,2,8,7,0.000,1.00
107.776,1,en_route_pickup,-2.097,-1.071,6.000,3.500,joint_grid_transaction,44,22,1,0,9,0.000,1.00
107.776,2,en_route_delivery,0.230,2.035,0.000,-3.500,joint_grid_transaction,48,48,2,9,2,0.000,1.00
107.776,3,en_route_delivery,-4.095,1.905,0.000,-3.500,joint_grid_transaction,48,48,2,9,3,0.000,1.00
107.776,4,en_route_delivery,2.027,3.000,3.000,-1.500,joint_grid_transaction,48,48,2,9,4,0.000,1.00
107.776,5,en_route_pickup,-3.012,3.028,1.000,1.500,joint_grid_transaction,48,48,2,9,5,0.000,1.00
107.776,6,en_route_delivery,-1.566,-2.051,-6.000,3.500,joint_grid_transaction,48,48,2,9,6,0.000,1.00
107.776,7,en_route_delivery,-4.279,-0.514,-1.000,1.500,joint_grid_transaction,48,48,2,9,8,0.000,1.00
107.776,8,en_route_pickup,0.139,-2.080,0.000,-3.500,joint_grid_transaction,48,48,2,8,7,0.000,1.00
108.032,1,en_route_pickup,-2.097,-1.071,6.000,3.500,joint_grid_transaction,44,22,1,0,9,0.000,1.00
108.032,2,en_route_delivery,0.261,2.037,0.000,-3.500,joint_grid_transaction,48,48,2,9,2,0.000,1.00
108.032,3,en_route_delivery,-4.095,1.905,0.000,-3.500,joint_grid_transaction,48,48,2,9,3,0.000,1.00
108.032,4,en_route_delivery,2.032,3.000,3.000,-1.500,joint_grid_transaction,48,48,2,9,4,0.000,1.00
108.032,5,en_route_pickup,-2.980,3.031,1.000,1.500,joint_grid_transaction,48,48,2,9,5,0.000,1.00
108.032,6,en_route_delivery,-1.591,-2.055,-6.000,3.500,joint_grid_transaction,48,48,2,9,6,0.000,1.00
108.032,7,en_route_delivery,-4.282,-0.483,-1.000,1.500,joint_grid_transaction,48,48,2,9,8,0.000,1.00
108.032,8,en_route_pickup,0.139,-2.080,0.000,-3.500,joint_grid_transaction,48,48,2,8,7,0.000,1.00
108.288,1,en_route_pickup,-2.097,-1.071,6.000,3.500,joint_grid_transaction,44,22,1,0,9,0.000,1.00
108.288,2,en_route_delivery,0.284,2.040,0.000,-3.500,joint_grid_transaction,48,48,2,9,2,0.000,1.00
108.288,3,en_route_delivery,-4.095,1.905,0.000,-3.500,joint_grid_transaction,48,48,2,9,3,0.000,1.00
108.288,4,en_route_delivery,2.032,3.000,3.000,-1.500,joint_grid_transaction,48,48,2,9,4,0.000,1.00
108.288,5,en_route_pickup,-2.967,3.032,1.000,1.500,joint_grid_transaction,48,48,2,9,5,0.000,1.00
108.288,6,en_route_delivery,-1.630,-2.059,-6.000,3.500,joint_grid_transaction,48,48,2,9,6,0.000,1.00
108.288,7,en_route_delivery,-4.284,-0.466,-1.000,1.500,joint_grid_transaction,48,48,2,9,8,0.000,1.00
108.288,8,en_route_pickup,0.139,-2.080,0.000,-3.500,joint_grid_transaction,48,48,2,8,7,0.000,1.00
108.544,1,en_route_pickup,-2.097,-1.071,6.000,3.500,joint_grid_transaction,44,22,1,0,9,109.028,1.00
108.544,2,en_route_delivery,0.313,2.043,0.000,-3.500,joint_grid_transaction,48,48,3,9,2,0.000,1.00
108.544,3,en_route_delivery,-4.079,1.892,0.000,-3.500,joint_grid_transaction,48,48,3,9,3,0.000,1.00
108.544,4,en_route_delivery,2.066,2.996,3.000,-1.500,joint_grid_transaction,48,48,3,9,4,0.000,1.00
108.544,5,en_route_pickup,-2.936,3.035,1.000,1.500,joint_grid_transaction,48,48,3,9,5,0.000,1.00
108.544,6,en_route_delivery,-1.664,-2.061,-6.000,3.500,joint_grid_transaction,48,48,2,9,6,0.000,1.00
108.544,7,en_route_delivery,-4.287,-0.436,-1.000,1.500,joint_grid_transaction,48,48,3,9,8,0.000,1.00
108.544,8,en_route_pickup,0.153,-2.094,0.000,-3.500,joint_grid_transaction,48,48,3,8,7,0.000,1.00
108.800,1,en_route_pickup,-2.097,-1.071,6.000,3.500,joint_grid_transaction,44,22,1,0,9,109.028,1.00
108.800,2,en_route_delivery,0.346,2.046,0.000,-3.500,joint_grid_transaction,48,48,3,9,2,0.000,1.00
108.800,3,en_route_delivery,-4.072,1.877,0.000,-3.500,joint_grid_transaction,48,48,3,9,3,0.000,1.00
108.800,4,en_route_delivery,2.104,2.992,3.000,-1.500,joint_grid_transaction,48,48,3,9,4,0.000,1.00
108.800,5,en_route_pickup,-2.902,3.039,1.000,1.500,joint_grid_transaction,48,48,3,9,5,0.000,1.00
108.800,6,en_route_delivery,-1.693,-2.063,-6.000,3.500,joint_grid_transaction,48,48,2,9,6,0.000,1.00
108.800,7,en_route_delivery,-4.290,-0.403,-1.000,1.500,joint_grid_transaction,48,48,3,9,8,0.000,1.00
108.800,8,en_route_pickup,0.142,-2.120,0.000,-3.500,joint_grid_transaction,48,48,3,8,7,0.000,1.00
109.056,1,en_route_pickup,-2.097,-1.071,6.000,3.500,joint_grid_transaction,44,22,1,0,9,0.000,1.00
109.056,2,en_route_delivery,0.378,2.049,0.000,-3.500,joint_grid_transaction,48,48,3,9,2,0.000,1.00
109.056,3,en_route_delivery,-4.101,1.839,0.000,-3.500,joint_grid_transaction,48,48,3,9,3,0.000,1.00
109.056,4,en_route_delivery,2.142,2.988,3.000,-1.500,joint_grid_transaction,48,48,3,9,4,0.000,1.00
109.056,5,en_route_pickup,-2.869,3.042,1.000,1.500,joint_grid_transaction,48,48,3,9,5,0.000,1.00
109.056,6,en_route_delivery,-1.721,-2.065,-6.000,3.500,joint_grid_transaction,48,48,2,9,6,0.000,1.00
109.056,7,en_route_delivery,-4.294,-0.370,-1.000,1.500,joint_grid_transaction,48,48,3,9,8,0.000,1.00
109.056,8,en_route_pickup,0.117,-2.160,0.000,-3.500,joint_grid_transaction,48,48,3,8,7,0.000,1.00
109.312,1,en_route_pickup,-2.097,-1.071,6.000,3.500,joint_grid_transaction,44,22,1,0,9,0.000,1.00
109.312,2,en_route_delivery,0.408,2.051,0.000,-3.500,joint_grid_transaction,49,49,2,9,2,0.000,1.00
109.312,3,en_route_delivery,-4.110,1.832,0.000,-3.500,joint_grid_transaction,49,49,2,9,3,0.000,1.00
109.312,4,en_route_delivery,2.179,2.984,3.000,-1.500,joint_grid_transaction,49,49,2,9,4,0.000,1.00
109.312,5,en_route_pickup,-2.837,3.045,1.000,1.500,joint_grid_transaction,49,49,2,9,5,0.000,1.00
109.312,6,en_route_delivery,-1.744,-2.066,-6.000,3.500,joint_grid_transaction,49,49,1,9,6,0.000,1.00
109.312,7,en_route_delivery,-4.296,-0.339,-1.000,1.500,joint_grid_transaction,49,49,2,9,8,0.000,1.00
109.312,8,en_route_pickup,0.112,-2.169,0.000,-3.500,joint_grid_transaction,49,49,1,7,7,0.000,1.00
109.568,1,en_route_pickup,-2.097,-1.071,6.000,3.500,joint_grid_transaction,44,22,1,0,9,0.000,1.00
109.568,2,en_route_delivery,0.438,2.054,0.000,-3.500,joint_grid_transaction,49,49,2,9,2,0.000,1.00
109.568,3,en_route_delivery,-4.110,1.832,0.000,-3.500,joint_grid_transaction,49,49,2,9,3,0.000,1.00
109.568,4,en_route_delivery,2.215,2.980,3.000,-1.500,joint_grid_transaction,49,49,2,9,4,0.000,1.00
109.568,5,en_route_pickup,-2.806,3.047,1.000,1.500,joint_grid_transaction,49,49,2,9,5,0.000,1.00
109.568,6,en_route_delivery,-1.766,-2.066,-6.000,3.500,joint_grid_transaction,49,49,1,9,6,0.000,1.00
109.568,7,en_route_delivery,-4.299,-0.309,-1.000,1.500,joint_grid_transaction,49,49,2,9,8,0.000,1.00
109.568,8,en_route_pickup,0.112,-2.169,0.000,-3.500,joint_grid_transaction,49,49,1,7,7,0.000,1.00
109.824,1,en_route_pickup,-2.097,-1.071,6.000,3.500,joint_grid_transaction,44,22,1,0,9,0.000,1.00
109.824,2,en_route_delivery,0.466,2.057,0.000,-3.500,joint_grid_transaction,49,49,2,9,2,0.000,1.00
109.824,3,en_route_delivery,-4.110,1.832,0.000,-3.500,joint_grid_transaction,49,49,2,9,3,0.000,1.00
109.824,4,en_route_delivery,2.250,2.977,3.000,-1.500,joint_grid_transaction,49,49,2,9,4,0.000,1.00
109.824,5,en_route_pickup,-2.777,3.050,1.000,1.500,joint_grid_transaction,49,49,2,9,5,0.000,1.00
109.824,6,en_route_delivery,-1.788,-2.066,-6.000,3.500,joint_grid_transaction,49,49,1,9,6,0.000,1.00
109.824,7,en_route_delivery,-4.302,-0.281,-1.000,1.500,joint_grid_transaction,49,49,2,9,8,0.000,1.00
109.824,8,en_route_pickup,0.112,-2.169,0.000,-3.500,joint_grid_transaction,49,49,1,7,7,0.000,1.00
110.080,1,en_route_pickup,-2.097,-1.071,6.000,3.500,joint_grid_transaction,44,22,1,0,9,0.000,1.00
110.080,2,en_route_delivery,0.490,2.058,0.000,-3.500,joint_grid_transaction,49,49,2,9,2,0.000,1.00
110.080,3,en_route_delivery,-4.110,1.832,0.000,-3.500,joint_grid_transaction,49,49,2,9,3,0.000,1.00
110.080,4,en_route_delivery,2.282,2.973,3.000,-1.500,joint_grid_transaction,49,49,2,9,4,0.000,1.00
110.080,5,en_route_pickup,-2.750,3.052,1.000,1.500,joint_grid_transaction,49,49,2,9,5,0.000,1.00
110.080,6,en_route_delivery,-1.824,-2.066,-6.000,3.500,joint_grid_transaction,49,49,2,9,6,0.000,1.00
110.080,7,en_route_delivery,-4.304,-0.255,-1.000,1.500,joint_grid_transaction,49,49,2,9,8,0.000,1.00
110.080,8,en_route_pickup,0.112,-2.169,0.000,-3.500,joint_grid_transaction,49,49,1,7,7,0.000,1.00
110.336,1,en_route_pickup,-2.097,-1.071,6.000,3.500,joint_grid_transaction,44,22,1,0,9,0.000,1.00
110.336,2,en_route_delivery,0.511,2.059,0.000,-3.500,joint_grid_transaction,49,49,2,9,2,0.000,1.00
110.336,3,en_route_delivery,-4.112,1.830,0.000,-3.500,joint_grid_transaction,49,49,2,9,3,0.000,1.00
110.336,4,en_route_delivery,2.285,2.973,3.000,-1.500,joint_grid_transaction,49,49,2,9,4,0.000,1.00
110.336,5,en_route_pickup,-2.728,3.054,1.000,1.500,joint_grid_transaction,49,49,2,9,5,0.000,1.00
110.336,6,en_route_delivery,-1.862,-2.065,-6.000,3.500,joint_grid_transaction,49,49,2,9,6,0.000,1.00
110.336,7,en_route_delivery,-4.305,-0.234,-1.000,1.500,joint_grid_transaction,49,49,2,9,8,0.000,1.00
110.336,8,en_route_pickup,0.111,-2.171,0.000,-3.500,joint_grid_transaction,49,49,1,7,7,0.000,1.00
110.592,1,en_route_pickup,-2.097,-1.071,6.000,3.500,joint_grid_transaction,44,22,1,0,9,111.028,1.00
110.592,2,en_route_delivery,0.532,2.060,0.000,-3.500,joint_grid_transaction,49,49,2,9,2,0.000,1.00
110.592,3,en_route_delivery,-4.138,1.791,0.000,-3.500,joint_grid_transaction,49,49,3,9,3,0.000,1.00
110.592,4,en_route_delivery,2.320,2.969,3.000,-1.500,joint_grid_transaction,49,49,3,9,4,0.000,1.00
110.592,5,en_route_pickup,-2.704,3.055,1.000,1.500,joint_grid_transaction,49,49,3,9,5,0.000,1.00
110.592,6,en_route_delivery,-1.899,-2.064,-6.000,3.500,joint_grid_transaction,49,49,2,9,6,0.000,1.00
110.592,7,en_route_delivery,-4.306,-0.213,-1.000,1.500,joint_grid_transaction,49,49,2,9,8,0.000,1.00
110.592,8,en_route_pickup,0.090,-2.213,0.000,-3.500,joint_grid_transaction,49,49,2,7,7,0.000,1.00
110.848,1,en_route_pickup,-2.097,-1.071,6.000,3.500,joint_grid_transaction,44,22,1,0,9,111.028,1.00
110.848,2,en_route_delivery,0.563,2.061,0.000,-3.500,joint_grid_transaction,49,49,3,9,2,0.000,1.00
110.848,3,en_route_delivery,-4.161,1.750,0.000,-3.500,joint_grid_transaction,49,49,3,9,3,0.000,1.00
110.848,4,en_route_delivery,2.354,2.966,3.000,-1.500,joint_grid_transaction,49,49,3,9,4,0.000,1.00
110.848,5,en_route_pickup,-2.670,3.057,1.000,1.500,joint_grid_transaction,49,49,3,9,5,0.000,1.00
110.848,6,en_route_delivery,-1.937,-2.062,-6.000,3.500,joint_grid_transaction,49,49,2,9,6,0.000,1.00
110.848,7,en_route_delivery,-4.308,-0.218,-1.000,1.500,joint_grid_transaction,49,49,3,9,8,0.000,1.00
110.848,8,en_route_pickup,0.072,-2.256,0.000,-3.500,joint_grid_transaction,49,49,2,7,7,0.000,1.00
111.104,1,en_route_pickup,-2.097,-1.071,6.000,3.500,joint_grid_transaction,44,22,1,0,9,0.000,1.00
111.104,2,en_route_delivery,0.598,2.062,0.000,-3.500,joint_grid_transaction,49,49,3,9,2,0.000,1.00
111.104,3,en_route_delivery,-4.181,1.707,0.000,-3.500,joint_grid_transaction,49,49,3,9,3,0.000,1.00
111.104,4,en_route_delivery,2.388,2.962,3.000,-1.500,joint_grid_transaction,49,49,3,9,4,0.000,1.00
111.104,5,en_route_pickup,-2.637,3.058,1.000,1.500,joint_grid_transaction,49,49,3,9,5,0.000,1.00
111.104,6,en_route_delivery,-1.974,-2.060,-6.000,3.500,joint_grid_transaction,49,49,2,9,6,0.000,1.00
111.104,7,en_route_delivery,-4.314,-0.222,-1.000,1.500,joint_grid_transaction,49,49,3,9,8,0.000,1.00
111.104,8,en_route_pickup,0.060,-2.290,0.000,-3.500,joint_grid_transaction,49,49,2,7,7,0.000,1.00
111.360,1,en_route_pickup,-2.097,-1.071,6.000,3.500,joint_grid_transaction,44,22,1,0,9,0.000,1.00
111.360,2,en_route_delivery,0.631,2.062,0.000,-3.500,joint_grid_transaction,50,50,2,9,2,0.000,1.00
111.360,3,en_route_delivery,-4.197,1.663,0.000,-3.500,joint_grid_transaction,50,50,2,9,3,0.000,1.00
111.360,4,en_route_delivery,2.419,2.960,3.000,-1.500,joint_grid_transaction,50,50,2,9,4,0.000,1.00
111.360,5,en_route_pickup,-2.607,3.060,1.000,1.500,joint_grid_transaction,50,50,2,9,5,0.000,1.00
111.360,6,en_route_delivery,-2.012,-2.057,-6.000,3.500,joint_grid_transaction,50,50,1,9,6,0.000,1.00
111.360,7,en_route_delivery,-4.311,-0.215,-1.000,1.500,joint_grid_transaction,50,50,1,9,8,0.000,1.00
111.360,8,en_route_pickup,0.046,-2.328,0.000,-3.500,joint_grid_transaction,50,50,2,6,7,0.000,1.00
111.616,1,en_route_pickup,-2.097,-1.071,6.000,3.500,joint_grid_transaction,44,22,1,0,9,0.000,1.00
111.616,2,en_route_delivery,0.662,2.063,0.000,-3.500,joint_grid_transaction,50,50,2,9,2,0.000,1.00
111.616,3,en_route_delivery,-4.209,1.617,0.000,-3.500,joint_grid_transaction,50,50,2,9,3,0.000,1.00
111.616,4,en_route_delivery,2.451,2.957,3.000,-1.500,joint_grid_transaction,50,50,2,9,4,0.000,1.00
111.616,5,en_route_pickup,-2.576,3.062,1.000,1.500,joint_grid_transaction,50,50,2,9,5,0.000,1.00
111.616,6,en_route_delivery,-2.053,-2.053,-6.000,3.500,joint_grid_transaction,50,50,1,9,6,0.000,1.00
111.616,7,en_route_delivery,-4.324,-0.200,-1.000,1.500,joint_grid_transaction,50,50,2,9,8,0.000,1.00
111.616,8,en_route_pickup,0.035,-2.374,0.000,-3.500,joint_grid_transaction,50,50,2,6,7,0.000,1.00
111.872,1,en_route_pickup,-2.097,-1.071,6.000,3.500,joint_grid_transaction,44,22,1,0,9,0.000,1.00
111.872,2,en_route_delivery,0.692,2.065,0.000,-3.500,joint_grid_transaction,50,50,2,9,2,0.000,1.00
111.872,3,en_route_delivery,-4.219,1.571,0.000,-3.500,joint_grid_transaction,50,50,2,9,3,0.000,1.00
111.872,4,en_route_delivery,2.480,2.954,3.000,-1.500,joint_grid_transaction,50,50,2,9,4,0.000,1.00
111.872,5,en_route_pickup,-2.547,3.063,1.000,1.500,joint_grid_transaction,50,50,2,9,5,0.000,1.00
111.872,6,en_route_delivery,-2.101,-2.049,-6.000,3.500,joint_grid_transaction,50,50,2,9,6,0.000,1.00
111.872,7,en_route_delivery,-4.348,-0.160,-1.000,1.500,joint_grid_transaction,50,50,2,9,8,0.000,1.00
111.872,8,en_route_pickup,0.026,-2.420,0.000,-3.500,joint_grid_transaction,50,50,2,6,7,0.000,1.00
112.128,1,en_route_pickup,-2.097,-1.071,6.000,3.500,joint_grid_transaction,44,22,1,0,9,0.000,1.00
112.128,2,en_route_delivery,0.720,2.066,0.000,-3.500,joint_grid_transaction,50,50,2,9,2,0.000,1.00
112.128,3,en_route_delivery,-4.227,1.524,0.000,-3.500,joint_grid_transaction,50,50,2,9,3,0.000,1.00
112.128,4,en_route_delivery,2.508,2.951,3.000,-1.500,joint_grid_transaction,50,50,2,9,4,0.000,1.00
112.128,5,en_route_pickup,-2.520,3.065,1.000,1.500,joint_grid_transaction,50,50,2,9,5,0.000,1.00
112.128,6,en_route_delivery,-2.148,-2.044,-6.000,3.500,joint_grid_transaction,50,50,2,9,6,0.000,1.00
112.128,7,en_route_delivery,-4.350,-0.158,-1.000,1.500,joint_grid_transaction,50,50,2,9,8,0.000,1.00
112.128,8,en_route_pickup,0.020,-2.467,0.000,-3.500,joint_grid_transaction,50,50,2,6,7,0.000,1.00
112.384,1,en_route_pickup,-2.097,-1.071,6.000,3.500,joint_grid_transaction,44,22,1,0,9,0.000,1.00
112.384,2,en_route_delivery,0.744,2.067,0.000,-3.500,joint_grid_transaction,50,50,2,9,2,0.000,1.00
112.384,3,en_route_delivery,-4.233,1.477,0.000,-3.500,joint_grid_transaction,50,50,2,9,3,0.000,1.00
112.384,4,en_route_delivery,2.530,2.950,3.000,-1.500,joint_grid_transaction,50,50,2,9,4,0.000,1.00
112.384,5,en_route_pickup,-2.499,3.066,1.000,1.500,joint_grid_transaction,50,50,2,9,5,0.000,1.00
112.384,6,en_route_delivery,-2.196,-2.039,-6.000,3.500,joint_grid_transaction,50,50,2,9,6,0.000,1.00
112.384,7,en_route_delivery,-4.355,-0.164,-1.000,1.500,joint_grid_transaction,50,50,3,9,8,0.000,1.00
112.384,8,en_route_pickup,0.014,-2.515,0.000,-3.500,joint_grid_transaction,50,50,2,6,7,0.000,1.00
112.640,1,en_route_pickup,-2.097,-1.071,6.000,3.500,joint_grid_transaction,44,22,1,0,9,113.028,1.00
112.640,2,en_route_delivery,0.766,2.067,0.000,-3.500,joint_grid_transaction,50,50,2,9,2,0.000,1.00
112.640,3,en_route_delivery,-4.238,1.430,0.000,-3.500,joint_grid_transaction,50,50,3,9,3,0.000,1.00
112.640,4,en_route_delivery,2.559,2.948,3.000,-1.500,joint_grid_transaction,50,50,3,9,4,0.000,1.00
112.640,5,en_route_pickup,-2.477,3.066,1.000,1.500,joint_grid_transaction,50,50,2,9,5,0.000,1.00
112.640,6,en_route_delivery,-2.243,-2.033,-6.000,3.500,joint_grid_transaction,50,50,2,9,6,0.000,1.00
112.640,7,en_route_delivery,-4.368,-0.179,-1.000,1.500,joint_grid_transaction,50,50,3,9,8,0.000,1.00
112.640,8,en_route_pickup,0.010,-2.560,0.000,-3.500,joint_grid_transaction,50,50,3,6,7,0.000,1.00
112.896,1,en_route_pickup,-2.097,-1.071,6.000,3.500,joint_grid_transaction,44,22,1,0,9,113.028,1.00
112.896,2,en_route_delivery,0.788,2.067,0.000,-3.500,joint_grid_transaction,50,50,2,9,2,0.000,1.00
112.896,3,en_route_delivery,-4.242,1.387,0.000,-3.500,joint_grid_transaction,50,50,3,9,3,0.000,1.00
112.896,4,en_route_delivery,2.593,2.946,3.000,-1.500,joint_grid_transaction,50,50,3,9,4,0.000,1.00
112.896,5,en_route_pickup,-2.452,3.066,1.000,1.500,joint_grid_transaction,50,50,2,9,5,0.000,1.00
112.896,6,en_route_delivery,-2.291,-2.027,-6.000,3.500,joint_grid_transaction,50,50,2,9,6,0.000,1.00
112.896,7,en_route_delivery,-4.391,-0.170,-1.000,1.500,joint_grid_transaction,50,50,3,9,8,0.000,1.00
112.896,8,en_route_pickup,0.006,-2.602,0.000,-3.500,joint_grid_transaction,50,50,3,6,7,0.000,1.00
113.152,1,en_route_pickup,-2.097,-1.071,6.000,3.500,joint_grid_transaction,44,22,1,0,9,0.000,1.00
113.152,2,en_route_delivery,0.823,2.067,0.000,-3.500,joint_grid_transaction,51,51,2,9,2,0.000,1.00
113.152,3,en_route_delivery,-4.245,1.345,0.000,-3.500,joint_grid_transaction,51,51,2,9,3,0.000,1.00
113.152,4,en_route_delivery,2.624,2.944,3.000,-1.500,joint_grid_transaction,51,51,2,9,4,0.000,1.00
113.152,5,en_route_pickup,-2.415,3.066,1.000,1.500,joint_grid_transaction,51,51,2,9,5,0.000,1.00
113.152,6,en_route_delivery,-2.337,-2.022,-6.000,3.500,joint_grid_transaction,51,51,2,9,6,0.000,1.00
113.152,7,en_route_delivery,-4.427,-0.148,-1.000,1.500,joint_grid_transaction,51,51,1,8,8,0.000,1.00
113.152,8,en_route_pickup,0.002,-2.644,0.000,-3.500,joint_grid_transaction,51,51,2,5,7,0.000,1.00
113.408,1,en_route_pickup,-2.097,-1.071,6.000,3.500,joint_grid_transaction,44,22,1,0,9,0.000,1.00
113.408,2,en_route_delivery,0.862,2.065,0.000,-3.500,joint_grid_transaction,51,51,2,9,2,0.000,1.00
113.408,3,en_route_delivery,-4.249,1.303,0.000,-3.500,joint_grid_transaction,51,51,2,9,3,0.000,1.00
113.408,4,en_route_delivery,2.656,2.942,3.000,-1.500,joint_grid_transaction,51,51,2,9,4,0.000,1.00
113.408,5,en_route_pickup,-2.376,3.064,1.000,1.500,joint_grid_transaction,51,51,2,9,5,0.000,1.00
113.408,6,en_route_delivery,-2.381,-2.017,-6.000,3.500,joint_grid_transaction,51,51,2,9,6,0.000,1.00
113.408,7,en_route_delivery,-4.446,-0.158,-1.000,1.500,joint_grid_transaction,51,51,1,8,8,0.000,1.00
113.408,8,en_route_pickup,-0.002,-2.685,0.000,-3.500,joint_grid_transaction,51,51,2,5,7,0.000,1.00
113.664,1,en_route_pickup,-2.097,-1.071,6.000,3.500,joint_grid_transaction,44,22,1,0,9,0.000,1.00
113.664,2,en_route_delivery,0.902,2.063,0.000,-3.500,joint_grid_transaction,51,51,2,9,2,0.000,1.00
113.664,3,en_route_delivery,-4.253,1.262,0.000,-3.500,joint_grid_transaction,51,51,2,9,3,0.000,1.00
113.664,4,en_route_delivery,2.686,2.940,3.000,-1.500,joint_grid_transaction,51,51,2,9,4,0.000,1.00
113.664,5,en_route_pickup,-2.338,3.063,1.000,1.500,joint_grid_transaction,51,51,2,9,5,0.000,1.00
113.664,6,en_route_delivery,-2.424,-2.013,-6.000,3.500,joint_grid_transaction,51,51,2,9,6,0.000,1.00
113.664,7,en_route_delivery,-4.452,-0.160,-1.000,1.500,joint_grid_transaction,51,51,1,8,8,0.000,1.00
113.664,8,en_route_pickup,-0.005,-2.725,0.000,-3.500,joint_grid_transaction,51,51,2,5,7,0.000,1.00
113.920,1,en_route_pickup,-2.097,-1.071,6.000,3.500,joint_grid_transaction,44,22,1,0,9,0.000,1.00
113.920,2,en_route_delivery,0.942,2.061,0.000,-3.500,joint_grid_transaction,51,51,2,9,2,0.000,1.00
113.920,3,en_route_delivery,-4.256,1.222,0.000,-3.500,joint_grid_transaction,51,51,2,9,3,0.000,1.00
113.920,4,en_route_delivery,2.714,2.938,3.000,-1.500,joint_grid_transaction,51,51,2,9,4,0.000,1.00
113.920,5,en_route_pickup,-2.299,3.060,1.000,1.500,joint_grid_transaction,51,51,2,9,5,0.000,1.00
113.920,6,en_route_delivery,-2.467,-2.009,-6.000,3.500,joint_grid_transaction,51,51,2,9,6,0.000,1.00
113.920,7,en_route_delivery,-4.471,-0.160,-1.000,1.500,joint_grid_transaction,51,51,1,8,8,0.000,1.00
113.920,8,en_route_pickup,-0.009,-2.764,0.000,-3.500,joint_grid_transaction,51,51,2,5,7,0.000,1.00
114.176,1,en_route_pickup,-2.097,-1.071,6.000,3.500,joint_grid_transaction,44,22,1,0,9,0.000,1.00
114.176,2,en_route_delivery,0.982,2.057,0.000,-3.500,joint_grid_transaction,51,51,2,9,2,0.000,1.00
114.176,3,en_route_delivery,-4.257,1.217,0.000,-3.500,joint_grid_transaction,51,51,2,9,3,0.000,1.00
114.176,4,en_route_delivery,2.739,2.936,3.000,-1.500,joint_grid_transaction,51,51,2,9,4,0.000,1.00
114.176,5,en_route_pickup,-2.259,3.057,1.000,1.500,joint_grid_transaction,51,51,2,9,5,0.000,1.00
114.176,6,en_route_delivery,-2.509,-2.004,-6.000,3.500,joint_grid_transaction,51,51,2,9,6,0.000,1.00
114.176,7,en_route_delivery,-4.497,-0.162,-1.000,1.500,joint_grid_transaction,51,51,1,8,8,0.000,1.00
114.176,8,en_route_pickup,-0.010,-2.781,0.000,-3.500,joint_grid_transaction,51,51,2,5,7,0.000,1.00
114.432,1,en_route_pickup,-2.097,-1.071,6.000,3.500,joint_grid_transaction,44,22,1,0,9,0.000,1.00
114.432,2,en_route_delivery,1.024,2.052,0.000,-3.500,joint_grid_transaction,51,51,2,9,2,0.000,1.00
114.432,3,en_route_delivery,-4.259,1.201,0.000,-3.500,joint_grid_transaction,51,51,3,9,3,0.000,1.00
114.432,4,en_route_delivery,2.761,2.936,3.000,-1.500,joint_grid_transaction,51,51,2,9,4,0.000,1.00
114.432,5,en_route_pickup,-2.219,3.053,1.000,1.500,joint_grid_transaction,51,51,2,9,5,0.000,1.00
114.432,6,en_route_delivery,-2.550,-2.000,-6.000,3.500,joint_grid_transaction,51,51,3,9,6,0.000,1.00
114.432,7,en_route_delivery,-4.524,-0.165,-1.000,1.500,joint_grid_transaction,51,51,1,8,8,0.000,1.00
114.432,8,en_route_pickup,-0.012,-2.797,0.000,-3.500,joint_grid_transaction,51,51,3,5,7,0.000,1.00
114.688,1,en_route_pickup,-2.097,-1.071,6.000,3.500,joint_grid_transaction,44,22,1,0,9,115.028,1.00
114.688,2,en_route_delivery,1.070,2.047,0.000,-3.500,joint_grid_transaction,51,51,3,9,2,0.000,1.00
114.688,3,en_route_delivery,-4.262,1.162,0.000,-3.500,joint_grid_transaction,51,51,3,9,3,0.000,1.00
114.688,4,en_route_delivery,2.782,2.935,3.000,-1.500,joint_grid_transaction,51,51,2,9,4,0.000,1.00
114.688,5,en_route_pickup,-2.173,3.048,1.000,1.500,joint_grid_transaction,51,51,3,9,5,0.000,1.00
114.688,6,en_route_delivery,-2.590,-1.996,-6.000,3.500,joint_grid_transaction,51,51,3,9,6,0.000,1.00
114.688,7,en_route_delivery,-4.556,-0.169,-1.000,1.500,joint_grid_transaction,51,51,1,8,8,0.000,1.00
114.688,8,en_route_pickup,-0.016,-2.836,0.000,-3.500,joint_grid_transaction,51,51,3,5,7,0.000,1.00
114.944,1,en_route_pickup,-2.097,-1.071,6.000,3.500,joint_grid_transaction,44,22,1,0,9,115.028,1.00
114.944,2,en_route_delivery,1.118,2.042,0.000,-3.500,joint_grid_transaction,51,51,3,9,2,0.000,1.00
114.944,3,en_route_delivery,-4.266,1.124,0.000,-3.500,joint_grid_transaction,51,51,3,9,3,0.000,1.00
114.944,4,en_route_delivery,2.813,2.935,3.000,-1.500,joint_grid_transaction,51,51,3,9,4,0.000,1.00
114.944,5,en_route_pickup,-2.125,3.043,1.000,1.500,joint_grid_transaction,51,51,3,9,5,0.000,1.00
114.944,6,en_route_delivery,-2.630,-1.992,-6.000,3.500,joint_grid_transaction,51,51,3,9,6,0.000,1.00
114.944,7,en_route_delivery,-4.602,-0.175,-1.000,1.500,joint_grid_transaction,51,51,2,8,8,0.000,1.00
114.944,8,en_route_pickup,-0.019,-2.873,0.000,-3.500,joint_grid_transaction,51,51,3,5,7,0.000,1.00
115.200,1,en_route_pickup,-2.106,-1.064,6.000,3.500,_command_reverse,53,22,0,1,9,115.652,1.00
115.200,2,en_route_delivery,1.164,2.036,0.000,-3.500,joint_grid_transaction,52,51,3,9,2,0.000,1.00
115.200,3,en_route_delivery,-4.269,1.087,0.000,-3.500,joint_grid_transaction,52,51,3,9,3,0.000,1.00
115.200,4,en_route_delivery,2.849,2.936,3.000,-1.500,joint_grid_transaction,52,51,3,9,4,0.000,1.00
115.200,5,en_route_pickup,-2.079,3.038,1.000,1.500,joint_grid_transaction,52,51,3,9,5,0.000,1.00
115.200,6,en_route_delivery,-2.668,-1.988,-6.000,3.500,joint_grid_transaction,52,51,3,9,6,0.000,1.00
115.200,7,en_route_delivery,-4.648,-0.181,-1.000,1.500,joint_grid_transaction,52,51,2,9,8,0.000,1.00
115.200,8,en_route_delivery,-0.023,-2.908,6.000,3.500,joint_grid_transaction,52,51,3,2,7,0.000,1.00
115.456,1,en_route_pickup,-2.106,-1.064,6.000,3.500,_command_reverse,53,22,0,1,9,115.652,1.00
115.456,2,en_route_delivery,1.211,2.031,0.000,-3.500,joint_grid_transaction,52,52,2,9,2,0.000,1.00
115.456,3,en_route_delivery,-4.273,1.050,0.000,-3.500,joint_grid_transaction,52,52,2,9,3,0.000,1.00
115.456,4,en_route_delivery,2.887,2.937,3.000,-1.500,joint_grid_transaction,52,52,2,9,4,0.000,1.00
115.456,5,en_route_pickup,-2.032,3.032,1.000,1.500,joint_grid_transaction,52,52,2,9,5,0.000,1.00
115.456,6,en_route_delivery,-2.705,-1.985,-6.000,3.500,joint_grid_transaction,52,52,2,9,6,0.000,1.00
115.456,7,en_route_delivery,-4.695,-0.189,-1.000,1.500,joint_grid_transaction,52,52,2,9,8,0.000,1.00
115.456,8,en_route_delivery,-0.026,-2.943,6.000,3.500,joint_grid_transaction,52,52,2,2,7,0.000,1.00
115.712,1,en_route_pickup,-2.109,-1.061,6.000,3.500,_command_reverse,53,22,0,1,9,0.000,1.00
115.712,2,en_route_delivery,1.258,2.025,0.000,-3.500,joint_grid_transaction,52,52,2,9,2,0.000,1.00
115.712,3,en_route_delivery,-4.276,1.015,0.000,-3.500,joint_grid_transaction,52,52,2,9,3,0.000,1.00
115.712,4,en_route_delivery,2.924,2.938,3.000,-1.500,joint_grid_transaction,52,52,2,9,4,0.000,1.00
115.712,5,en_route_pickup,-1.984,3.027,1.000,1.500,joint_grid_transaction,52,52,2,9,5,0.000,1.00
115.712,6,en_route_delivery,-2.742,-1.981,-6.000,3.500,joint_grid_transaction,52,52,2,9,6,0.000,1.00
115.712,7,en_route_delivery,-4.742,-0.197,-1.000,1.500,joint_grid_transaction,52,52,2,9,8,0.000,1.00
115.712,8,en_route_delivery,-0.029,-2.977,6.000,3.500,joint_grid_transaction,52,52,2,2,7,0.000,1.00
115.968,1,en_route_pickup,-2.123,-1.048,6.000,3.500,_command_reverse,53,22,0,1,9,0.000,1.00
115.968,2,en_route_delivery,1.305,2.020,0.000,-3.500,joint_grid_transaction,54,54,2,9,2,0.000,1.00
115.968,3,en_route_delivery,-4.279,0.982,0.000,-3.500,joint_grid_transaction,54,54,1,9,3,0.000,1.00
115.968,4,en_route_delivery,2.961,2.939,3.000,-1.500,joint_grid_transaction,54,54,1,8,4,0.000,1.00
115.968,5,en_route_pickup,-1.938,3.021,1.000,1.500,joint_grid_transaction,54,54,2,9,5,0.000,1.00
115.968,6,en_route_delivery,-2.777,-1.978,-6.000,3.500,joint_grid_transaction,54,54,1,9,6,0.000,1.00
115.968,7,en_route_delivery,-4.788,-0.205,-1.000,1.500,joint_grid_transaction,54,54,1,9,8,0.000,1.00
115.968,8,en_route_delivery,-0.028,-2.975,6.000,3.500,joint_grid_transaction,54,54,1,9,7,0.000,1.00
116.224,1,en_route_pickup,-2.106,-1.020,6.000,3.500,_command_reverse,53,22,0,1,9,0.000,1.00
116.224,2,en_route_delivery,1.349,2.016,0.000,-3.500,joint_grid_transaction,54,54,2,9,2,0.000,1.00
116.224,3,en_route_delivery,-4.282,0.948,0.000,-3.500,joint_grid_transaction,54,54,2,9,3,0.000,1.00
116.224,4,en_route_delivery,2.997,2.942,3.000,-1.500,joint_grid_transaction,54,54,1,8,4,0.000,1.00
116.224,5,en_route_pickup,-1.894,3.017,1.000,1.500,joint_grid_transaction,54,54,2,9,5,0.000,1.00
116.224,6,en_route_delivery,-2.813,-1.975,-6.000,3.500,joint_grid_transaction,54,54,2,9,6,0.000,1.00
116.224,7,en_route_delivery,-4.789,-0.204,-1.000,1.500,joint_grid_transaction,54,54,2,9,8,0.000,1.00
116.224,8,en_route_delivery,-0.017,-2.953,6.000,3.500,joint_grid_transaction,54,54,1,9,7,0.000,1.00
116.480,1,en_route_pickup,-2.080,-0.981,6.000,3.500,_command_reverse,53,22,0,1,9,0.000,1.00
116.480,2,en_route_delivery,1.392,2.011,0.000,-3.500,joint_grid_transaction,54,54,2,9,2,0.000,1.00
116.480,3,en_route_delivery,-4.285,0.913,0.000,-3.500,joint_grid_transaction,54,54,2,9,3,0.000,1.00
116.480,4,en_route_delivery,3.034,2.945,3.000,-1.500,joint_grid_transaction,54,54,1,8,4,0.000,1.00
116.480,5,en_route_pickup,-1.850,3.012,1.000,1.500,joint_grid_transaction,54,54,2,9,5,0.000,1.00
116.480,6,en_route_delivery,-2.849,-1.971,-6.000,3.500,joint_grid_transaction,54,54,2,9,6,0.000,1.00
116.480,7,en_route_delivery,-4.779,-0.200,-1.000,1.500,joint_grid_transaction,54,54,2,9,8,0.000,1.00
116.480,8,en_route_delivery,0.001,-2.930,6.000,3.500,joint_grid_transaction,54,54,1,9,7,0.000,1.00
116.736,1,en_route_pickup,-2.074,-0.970,6.000,3.500,_command_reverse,53,22,0,1,9,117.028,1.00
116.736,2,en_route_delivery,1.435,2.007,0.000,-3.500,joint_grid_transaction,54,54,2,9,2,0.000,1.00
116.736,3,en_route_delivery,-4.288,0.879,0.000,-3.500,joint_grid_transaction,54,54,2,9,3,0.000,1.00
116.736,4,en_route_delivery,3.039,2.945,3.000,-1.500,joint_grid_transaction,54,54,1,8,4,0.000,1.00
116.736,5,en_route_pickup,-1.808,3.008,1.000,1.500,joint_grid_transaction,54,54,2,9,5,0.000,1.00
116.736,6,en_route_delivery,-2.884,-1.968,-6.000,3.500,joint_grid_transaction,54,54,2,9,6,0.000,1.00
116.736,7,en_route_delivery,-4.803,-0.183,-1.000,1.500,joint_grid_transaction,54,54,2,9,8,0.000,1.00
116.736,8,en_route_delivery,0.016,-2.916,6.000,3.500,joint_grid_transaction,54,54,1,9,7,0.000,1.00
116.992,1,en_route_pickup,-2.074,-0.970,6.000,3.500,_command_reverse,53,22,0,1,9,117.028,1.00
116.992,2,en_route_delivery,1.476,2.003,0.000,-3.500,joint_grid_transaction,54,54,2,9,2,0.000,1.00
116.992,3,en_route_delivery,-4.291,0.845,0.000,-3.500,joint_grid_transaction,54,54,2,9,3,0.000,1.00
116.992,4,en_route_delivery,3.047,2.946,3.000,-1.500,joint_grid_transaction,54,54,2,8,4,0.000,1.00
116.992,5,en_route_pickup,-1.765,3.004,1.000,1.500,joint_grid_transaction,54,54,2,9,5,0.000,1.00
116.992,6,en_route_delivery,-2.918,-1.965,-6.000,3.500,joint_grid_transaction,54,54,2,9,6,0.000,1.00
116.992,7,en_route_delivery,-4.842,-0.157,-1.000,1.500,joint_grid_transaction,54,54,2,9,8,0.000,1.00
116.992,8,en_route_delivery,0.044,-2.931,6.000,3.500,joint_grid_transaction,54,54,2,9,7,0.000,1.00
117.248,1,en_route_pickup,-2.056,-0.941,6.000,3.500,_command_reverse,53,22,0,1,9,0.000,1.00
117.248,2,en_route_delivery,1.517,1.999,0.000,-3.500,joint_grid_transaction,55,55,1,9,2,0.000,1.00
117.248,3,en_route_delivery,-4.294,0.814,0.000,-3.500,joint_grid_transaction,55,55,1,8,3,0.000,1.00
117.248,4,en_route_delivery,3.094,2.950,3.000,-1.500,joint_grid_transaction,55,55,2,9,4,0.000,1.00
117.248,5,en_route_pickup,-1.724,3.000,1.000,1.500,joint_grid_transaction,55,55,1,9,5,0.000,1.00
117.248,6,en_route_delivery,-2.951,-1.962,-6.000,3.500,joint_grid_transaction,55,55,1,8,6,0.000,1.00
117.248,7,en_route_delivery,-4.862,-0.145,-1.000,1.500,joint_grid_transaction,55,55,2,9,8,0.000,1.00
117.248,8,en_route_delivery,0.062,-2.933,6.000,3.500,joint_grid_transaction,55,55,2,9,7,0.000,1.00
117.504,1,en_route_pickup,-2.034,-0.898,6.000,3.500,_command_reverse,53,22,0,1,9,0.000,1.00
117.504,2,en_route_delivery,1.557,1.995,0.000,-3.500,joint_grid_transaction,55,55,2,9,2,0.000,1.00
117.504,3,en_route_delivery,-4.297,0.783,0.000,-3.500,joint_grid_transaction,55,55,1,8,3,0.000,1.00
117.504,4,en_route_delivery,3.141,2.954,3.000,-1.500,joint_grid_transaction,55,55,2,9,4,0.000,1.00
117.504,5,en_route_pickup,-1.684,2.996,1.000,1.500,joint_grid_transaction,55,55,2,9,5,0.000,1.00
117.504,6,en_route_delivery,-2.982,-1.959,-6.000,3.500,joint_grid_transaction,55,55,1,8,6,0.000,1.00
117.504,7,en_route_delivery,-4.862,-0.145,-1.000,1.500,joint_grid_transaction,55,55,2,9,8,0.000,1.00
117.504,8,en_route_delivery,0.105,-2.950,6.000,3.500,joint_grid_transaction,55,55,2,9,7,0.000,1.00
117.760,1,en_route_pickup,-2.013,-0.856,6.000,3.500,_command_reverse,53,22,0,1,9,0.000,1.00
117.760,2,en_route_delivery,1.597,1.991,0.000,-3.500,joint_grid_transaction,55,55,2,9,2,0.000,1.00
117.760,3,en_route_delivery,-4.298,0.763,0.000,-3.500,joint_grid_transaction,55,55,1,8,3,0.000,0.70
117.760,4,en_route_delivery,3.189,2.960,3.000,-1.500,joint_grid_transaction,55,55,2,9,4,0.000,1.00
117.760,5,en_route_pickup,-1.644,2.992,1.000,1.500,joint_grid_transaction,55,55,2,9,5,0.000,1.00
117.760,6,en_route_delivery,-3.010,-1.956,-6.000,3.500,joint_grid_transaction,55,55,1,8,6,0.000,1.00
117.760,7,en_route_delivery,-4.862,-0.145,-1.000,1.500,joint_grid_transaction,55,55,2,9,8,0.000,1.00
117.760,8,en_route_delivery,0.151,-2.963,6.000,3.500,joint_grid_transaction,55,55,2,9,7,0.000,1.00
118.016,1,en_route_pickup,-1.993,-0.812,6.000,3.500,_command_reverse,53,22,0,1,9,0.000,1.00
118.016,2,en_route_delivery,1.636,1.988,0.000,-3.500,joint_grid_transaction,55,55,2,9,2,0.000,1.00
118.016,3,en_route_delivery,-4.299,0.748,0.000,-3.500,joint_grid_transaction,55,55,1,8,3,0.000,0.70
118.016,4,en_route_delivery,3.236,2.965,3.000,-1.500,joint_grid_transaction,55,55,2,9,4,0.000,1.00
118.016,5,en_route_pickup,-1.605,2.989,1.000,1.500,joint_grid_transaction,55,55,2,9,5,0.000,1.00
118.016,6,en_route_delivery,-3.036,-1.954,-6.000,3.500,joint_grid_transaction,55,55,1,8,6,0.000,1.00
118.016,7,en_route_delivery,-4.862,-0.145,-1.000,1.500,joint_grid_transaction,55,55,2,9,8,0.000,1.00
118.016,8,en_route_delivery,0.197,-2.972,6.000,3.500,joint_grid_transaction,55,55,2,9,7,0.000,1.00
118.272,1,en_route_pickup,-1.974,-0.769,6.000,3.500,_command_reverse,53,22,0,1,9,0.000,1.00
118.272,2,en_route_delivery,1.674,1.984,0.000,-3.500,joint_grid_transaction,55,55,2,9,2,0.000,1.00
118.272,3,en_route_delivery,-4.300,0.729,0.000,-3.500,joint_grid_transaction,55,55,1,8,3,0.000,0.85
118.272,4,en_route_delivery,3.284,2.971,3.000,-1.500,joint_grid_transaction,55,55,2,9,4,0.000,1.00
118.272,5,en_route_pickup,-1.568,2.985,1.000,1.500,joint_grid_transaction,55,55,2,9,5,0.000,1.00
118.272,6,en_route_delivery,-3.036,-1.954,-6.000,3.500,joint_grid_transaction,55,55,1,8,6,0.000,1.00
118.272,7,en_route_delivery,-4.862,-0.145,-1.000,1.500,joint_grid_transaction,55,55,2,9,8,0.000,1.00
118.272,8,en_route_delivery,0.244,-2.980,6.000,3.500,joint_grid_transaction,55,55,2,9,7,0.000,1.00
118.528,1,en_route_pickup,-1.955,-0.725,6.000,3.500,_command_reverse,53,22,0,1,9,0.000,1.00
118.528,2,en_route_delivery,1.710,1.981,0.000,-3.500,joint_grid_transaction,55,55,2,9,2,0.000,1.00
118.528,3,en_route_delivery,-4.302,0.709,0.000,-3.500,joint_grid_transaction,55,55,1,8,3,0.000,0.85
118.528,4,en_route_delivery,3.318,2.976,3.000,-1.500,joint_grid_transaction,55,55,3,9,4,0.000,1.00
118.528,5,en_route_pickup,-1.531,2.981,1.000,1.500,joint_grid_transaction,55,55,2,9,5,0.000,1.00
118.528,6,en_route_delivery,-3.063,-1.952,-6.000,3.500,joint_grid_transaction,55,55,2,8,6,0.000,1.00
118.528,7,en_route_delivery,-4.894,-0.125,-1.000,1.500,joint_grid_transaction,55,55,3,9,8,0.000,1.00
118.528,8,en_route_delivery,0.291,-2.986,6.000,3.500,joint_grid_transaction,55,55,2,9,7,0.000,1.00
118.784,1,en_route_pickup,-1.954,-0.722,6.000,3.500,_command_reverse,53,22,0,1,9,119.028,1.00
118.784,2,en_route_delivery,1.745,1.977,0.000,-3.500,joint_grid_transaction,55,55,2,9,2,0.000,1.00
118.784,3,en_route_delivery,-4.303,0.684,0.000,-3.500,joint_grid_transaction,55,55,2,8,3,0.000,0.85
118.784,4,en_route_delivery,3.364,2.981,3.000,-1.500,joint_grid_transaction,55,55,3,9,4,0.000,1.00
118.784,5,en_route_pickup,-1.496,2.978,1.000,1.500,joint_grid_transaction,55,55,2,9,5,0.000,1.00
118.784,6,en_route_delivery,-3.096,-1.949,-6.000,3.500,joint_grid_transaction,55,55,2,8,6,0.000,1.00
118.784,7,en_route_delivery,-4.936,-0.104,-1.000,1.500,joint_grid_transaction,55,55,3,9,8,0.000,1.00
118.784,8,en_route_delivery,0.337,-2.990,6.000,3.500,joint_grid_transaction,55,55,3,9,7,0.000,1.00
119.040,1,en_route_pickup,-1.954,-0.722,6.000,3.500,_command_reverse,53,22,0,1,9,0.000,1.00
119.040,2,en_route_delivery,1.779,1.974,0.000,-3.500,joint_grid_transaction,55,55,2,9,2,0.000,1.00
119.040,3,en_route_delivery,-4.305,0.660,0.000,-3.500,joint_grid_transaction,55,55,2,8,3,0.000,0.70
119.040,4,en_route_delivery,3.409,2.986,3.000,-1.500,joint_grid_transaction,55,55,3,9,4,0.000,1.00
119.040,5,en_route_pickup,-1.462,2.975,1.000,1.500,joint_grid_transaction,55,55,2,9,5,0.000,1.00
119.040,6,en_route_delivery,-3.127,-1.946,-6.000,3.500,joint_grid_transaction,55,55,2,8,6,0.000,1.00
119.040,7,en_route_delivery,-4.979,-0.085,-1.000,1.500,joint_grid_transaction,55,55,3,9,8,0.000,1.00
119.040,8,en_route_delivery,0.380,-2.994,6.000,3.500,joint_grid_transaction,55,55,3,9,7,0.000,1.00
119.296,1,en_route_pickup,-1.936,-0.682,6.000,3.500,_command_reverse,53,22,0,1,9,0.000,1.00
119.296,2,en_route_delivery,1.814,1.971,0.000,-3.500,joint_grid_transaction,56,56,2,9,2,0.000,1.00
119.296,3,en_route_delivery,-4.306,0.644,0.000,-3.500,joint_grid_transaction,56,56,2,9,3,0.000,0.70
119.296,4,en_route_delivery,3.451,2.990,3.000,-1.500,joint_grid_transaction,56,56,2,9,4,0.000,1.00
119.296,5,en_route_pickup,-1.425,2.971,1.000,1.500,joint_grid_transaction,56,56,2,9,5,0.000,1.00
119.296,6,en_route_delivery,-3.157,-1.944,-6.000,3.500,joint_grid_transaction,56,56,2,9,6,0.000,1.00
119.296,7,en_route_delivery,-5.024,-0.068,-1.000,1.500,joint_grid_transaction,56,56,1,8,8,0.000,1.00
119.296,8,en_route_delivery,0.422,-2.998,6.000,3.500,joint_grid_transaction,56,56,2,9,7,0.000,1.00
119.552,1,en_route_pickup,-1.917,-0.638,6.000,3.500,_command_reverse,53,22,0,1,9,0.000,1.00
119.552,2,en_route_delivery,1.850,1.967,0.000,-3.500,joint_grid_transaction,56,56,2,9,2,0.000,1.00
119.552,3,en_route_delivery,-4.307,0.628,0.000,-3.500,joint_grid_transaction,56,56,2,9,3,0.000,1.00
119.552,4,en_route_delivery,3.493,2.994,3.000,-1.500,joint_grid_transaction,56,56,2,9,4,0.000,1.00
119.552,5,en_route_pickup,-1.390,2.968,1.000,1.500,joint_grid_transaction,56,56,2,9,5,0.000,1.00
119.552,6,en_route_delivery,-3.186,-1.941,-6.000,3.500,joint_grid_transaction,56,56,2,9,6,0.000,1.00
119.552,7,en_route_delivery,-5.041,-0.062,-1.000,1.500,joint_grid_transaction,56,56,1,8,8,0.000,1.00
119.552,8,en_route_delivery,0.463,-3.001,6.000,3.500,joint_grid_transaction,56,56,2,9,7,0.000,1.00
119.808,1,en_route_pickup,-1.898,-0.594,6.000,3.500,_command_reverse,53,22,0,1,9,0.000,1.00
119.808,2,en_route_delivery,1.884,1.964,0.000,-3.500,joint_grid_transaction,56,56,2,9,2,0.000,1.00
119.808,3,en_route_delivery,-4.309,0.597,0.000,-3.500,joint_grid_transaction,56,56,2,9,3,0.000,1.00
119.808,4,en_route_delivery,3.532,2.998,3.000,-1.500,joint_grid_transaction,56,56,2,9,4,0.000,1.00
119.808,5,en_route_pickup,-1.356,2.965,1.000,1.500,joint_grid_transaction,56,56,2,9,5,0.000,1.00
119.808,6,en_route_delivery,-3.214,-1.939,-6.000,3.500,joint_grid_transaction,56,56,2,9,6,0.000,1.00
119.808,7,en_route_delivery,-5.041,-0.062,-1.000,1.500,joint_grid_transaction,56,56,1,8,8,0.000,1.00
119.808,8,en_route_delivery,0.504,-3.005,6.000,3.500,joint_grid_transaction,56,56,2,9,7,0.000,1.00
120.064,1,en_route_pickup,-1.880,-0.550,6.000,3.500,_command_reverse,53,22,0,1,9,0.000,1.00
120.064,2,en_route_delivery,1.917,1.961,0.000,-3.500,joint_grid_transaction,56,56,2,9,2,0.000,1.00
120.064,3,en_route_delivery,-4.311,0.567,0.000,-3.500,joint_grid_transaction,56,56,2,9,3,0.000,1.00
120.064,4,en_route_delivery,3.532,2.998,3.000,-1.500,joint_grid_transaction,56,56,2,9,4,0.000,1.00
120.064,5,en_route_pickup,-1.323,2.962,1.000,1.500,joint_grid_transaction,56,56,2,9,5,0.000,1.00
120.064,6,en_route_delivery,-3.236,-1.938,-6.000,3.500,joint_grid_transaction,56,56,2,9,6,0.000,1.00
120.064,7,en_route_delivery,-5.041,-0.062,-1.000,1.500,joint_grid_transaction,56,56,1,8,8,0.000,1.00
120.064,8,en_route_delivery,0.531,-3.007,6.000,3.500,joint_grid_transaction,56,56,2,9,7,0.000,1.00
120.320,1,en_route_pickup,-1.861,-0.506,6.000,3.500,joint_grid_transaction,53,22,0,0,9,0.000,1.00
120.320,2,en_route_delivery,1.949,1.958,0.000,-3.500,joint_grid_transaction,56,56,2,9,2,0.000,1.00
120.320,3,en_route_delivery,-4.313,0.538,0.000,-3.500,joint_grid_transaction,56,56,2,9,3,0.000,1.00
120.320,4,en_route_delivery,3.533,2.999,3.000,-1.500,joint_grid_transaction,56,56,2,9,4,0.000,1.00
120.320,5,en_route_pickup,-1.291,2.959,1.000,1.500,joint_grid_transaction,56,56,2,9,5,0.000,1.00
120.320,6,en_route_delivery,-3.258,-1.937,-6.000,3.500,joint_grid_transaction,56,56,2,9,6,0.000,1.00
120.320,7,en_route_delivery,-5.040,-0.062,-1.000,1.500,joint_grid_transaction,56,56,1,8,8,0.000,1.00
120.320,8,en_route_delivery,0.532,-3.008,6.000,3.500,joint_grid_transaction,56,56,2,9,7,0.000,1.00
120.576,1,en_route_pickup,-1.846,-0.470,6.000,3.500,joint_grid_transaction,53,22,0,0,9,121.028,1.00
120.576,2,en_route_delivery,1.979,1.955,0.000,-3.500,joint_grid_transaction,56,56,2,9,2,0.000,1.00
120.576,3,en_route_delivery,-4.314,0.513,0.000,-3.500,joint_grid_transaction,56,56,2,9,3,0.000,1.00
120.576,4,en_route_delivery,3.571,3.003,3.000,-1.500,joint_grid_transaction,56,56,3,9,4,0.000,1.00
120.576,5,en_route_pickup,-1.261,2.956,1.000,1.500,joint_grid_transaction,56,56,2,9,5,0.000,1.00
120.576,6,en_route_delivery,-3.280,-1.936,-6.000,3.500,joint_grid_transaction,56,56,2,9,6,0.000,1.00
120.576,7,en_route_delivery,-5.026,-0.054,-1.000,1.500,joint_grid_transaction,56,56,2,8,8,0.000,0.85
120.576,8,en_route_delivery,0.570,-3.011,6.000,3.500,joint_grid_transaction,56,56,3,9,7,0.000,1.00
120.832,1,en_route_pickup,-1.846,-0.470,6.000,3.500,joint_grid_transaction,53,22,1,0,9,121.028,1.00
120.832,2,en_route_delivery,2.007,1.953,0.000,-3.500,joint_grid_transaction,56,56,2,9,2,0.000,1.00
120.832,3,en_route_delivery,-4.315,0.492,0.000,-3.500,joint_grid_transaction,56,56,2,9,3,0.000,1.00
120.832,4,en_route_delivery,3.610,3.007,3.000,-1.500,joint_grid_transaction,56,56,3,9,4,0.000,1.00
120.832,5,en_route_pickup,-1.233,2.954,1.000,1.500,joint_grid_transaction,56,56,2,9,5,0.000,1.00
120.832,6,en_route_delivery,-3.308,-1.936,-6.000,3.500,joint_grid_transaction,56,56,3,9,6,0.000,1.00
120.832,7,en_route_delivery,-5.020,-0.047,-1.000,1.500,joint_grid_transaction,56,56,2,8,8,0.000,0.85
120.832,8,en_route_delivery,0.608,-3.015,6.000,3.500,joint_grid_transaction,56,56,3,9,7,0.000,1.00
121.088,1,en_route_pickup,-1.846,-0.470,6.000,3.500,joint_grid_transaction,53,22,1,0,9,0.000,1.00
121.088,2,en_route_delivery,2.031,1.951,0.000,-3.500,joint_grid_transaction,56,56,2,9,2,0.000,1.00
121.088,3,en_route_delivery,-4.315,0.470,0.000,-3.500,joint_grid_transaction,56,56,2,9,3,0.000,1.00
121.088,4,en_route_delivery,3.648,3.011,3.000,-1.500,joint_grid_transaction,56,56,3,9,4,0.000,1.00
121.088,5,en_route_pickup,-1.208,2.952,1.000,1.500,joint_grid_transaction,56,56,2,9,5,0.000,1.00
121.088,6,en_route_delivery,-3.345,-1.936,-6.000,3.500,joint_grid_transaction,56,56,3,9,6,0.000,1.00
121.088,7,en_route_delivery,-5.046,-0.026,-1.000,1.500,joint_grid_transaction,56,56,2,8,8,0.000,0.85
121.088,8,en_route_delivery,0.646,-3.018,6.000,3.500,joint_grid_transaction,56,56,3,9,7,0.000,1.00
121.344,1,en_route_pickup,-1.846,-0.470,6.000,3.500,joint_grid_transaction,53,22,1,0,9,0.000,1.00
121.344,2,en_route_delivery,2.060,1.949,0.000,-3.500,joint_grid_transaction,57,57,2,9,2,0.000,1.00
121.344,3,en_route_delivery,-4.315,0.440,0.000,-3.500,joint_grid_transaction,57,57,2,9,3,0.000,1.00
121.344,4,en_route_delivery,3.685,3.015,3.000,-1.500,joint_grid_transaction,57,57,2,9,4,0.000,1.00
121.344,5,en_route_pickup,-1.177,2.949,1.000,1.500,joint_grid_transaction,57,57,2,9,5,0.000,1.00
121.344,6,en_route_delivery,-3.380,-1.936,-6.000,3.500,joint_grid_transaction,57,57,2,9,6,0.000,1.00
121.344,7,en_route_delivery,-5.070,-0.005,-1.000,1.500,joint_grid_transaction,57,57,2,9,8,0.000,0.85
121.344,8,en_route_delivery,0.683,-3.022,6.000,3.500,joint_grid_transaction,57,57,2,9,7,0.000,1.00
121.600,1,en_route_pickup,-1.846,-0.470,6.000,3.500,joint_grid_transaction,53,22,1,0,9,0.000,1.00
121.600,2,en_route_delivery,2.093,1.947,0.000,-3.500,joint_grid_transaction,57,57,2,9,2,0.000,1.00
121.600,3,en_route_delivery,-4.315,0.403,0.000,-3.500,joint_grid_transaction,57,57,2,9,3,0.000,1.00
121.600,4,en_route_delivery,3.722,3.019,3.000,-1.500,joint_grid_transaction,57,57,2,9,4,0.000,1.00
121.600,5,en_route_pickup,-1.144,2.947,1.000,1.500,joint_grid_transaction,57,57,2,9,5,0.000,1.00
121.600,6,en_route_delivery,-3.416,-1.937,-6.000,3.500,joint_grid_transaction,57,57,2,9,6,0.000,1.00
121.600,7,en_route_delivery,-5.094,0.020,-1.000,1.500,joint_grid_transaction,57,57,2,9,8,0.000,0.85
121.600,8,en_route_delivery,0.718,-3.025,6.000,3.500,joint_grid_transaction,57,57,2,9,7,0.000,1.00
121.856,1,en_route_pickup,-1.846,-0.470,6.000,3.500,joint_grid_transaction,53,22,1,0,9,0.000,1.00
121.856,2,en_route_delivery,2.125,1.944,0.000,-3.500,joint_grid_transaction,57,57,2,9,2,0.000,1.00
121.856,3,en_route_delivery,-4.315,0.367,0.000,-3.500,joint_grid_transaction,57,57,2,9,3,0.000,1.00
121.856,4,en_route_delivery,3.757,3.022,3.000,-1.500,joint_grid_transaction,57,57,2,9,4,0.000,1.00
121.856,5,en_route_pickup,-1.113,2.944,1.000,1.500,joint_grid_transaction,57,57,2,9,5,0.000,1.00
121.856,6,en_route_delivery,-3.450,-1.937,-6.000,3.500,joint_grid_transaction,57,57,2,9,6,0.000,1.00
121.856,7,en_route_delivery,-5.116,0.046,-1.000,1.500,joint_grid_transaction,57,57,2,9,8,0.000,0.85
121.856,8,en_route_delivery,0.752,-3.028,6.000,3.500,joint_grid_transaction,57,57,2,9,7,0.000,1.00
122.112,1,en_route_pickup,-1.846,-0.470,6.000,3.500,joint_grid_transaction,53,22,1,0,9,0.000,1.00
122.112,2,en_route_delivery,2.156,1.942,0.000,-3.500,joint_grid_transaction,57,57,2,9,2,0.000,1.00
122.112,3,en_route_delivery,-4.314,0.331,0.000,-3.500,joint_grid_transaction,57,57,2,9,3,0.000,1.00
122.112,4,en_route_delivery,3.783,3.025,3.000,-1.500,joint_grid_transaction,57,57,2,9,4,0.000,1.00
122.112,5,en_route_pickup,-1.083,2.942,1.000,1.500,joint_grid_transaction,57,57,2,9,5,0.000,1.00
122.112,6,en_route_delivery,-3.483,-1.938,-6.000,3.500,joint_grid_transaction,57,57,2,9,6,0.000,1.00
122.112,7,en_route_delivery,-5.133,0.066,-1.000,1.500,joint_grid_transaction,57,57,2,9,8,0.000,1.00
122.112,8,en_route_delivery,0.783,-3.030,6.000,3.500,joint_grid_transaction,57,57,2,9,7,0.000,1.00
122.368,1,en_route_pickup,-1.846,-0.470,6.000,3.500,joint_grid_transaction,53,22,1,0,9,0.000,1.00
122.368,2,en_route_delivery,2.185,1.940,0.000,-3.500,joint_grid_transaction,57,57,2,9,2,0.000,1.00
122.368,3,en_route_delivery,-4.313,0.297,0.000,-3.500,joint_grid_transaction,57,57,2,9,3,0.000,1.00
122.368,4,en_route_delivery,3.790,3.026,3.000,-1.500,joint_grid_transaction,57,57,2,9,4,0.000,1.00
122.368,5,en_route_pickup,-1.055,2.939,1.000,1.500,joint_grid_transaction,57,57,2,9,5,0.000,1.00
122.368,6,en_route_delivery,-3.515,-1.939,-6.000,3.500,joint_grid_transaction,57,57,2,9,6,0.000,1.00
122.368,7,en_route_delivery,-5.127,0.073,-1.000,1.500,joint_grid_transaction,57,57,2,9,8,0.000,1.00
122.368,8,en_route_delivery,0.789,-3.031,6.000,3.500,joint_grid_transaction,57,57,2,9,7,0.000,1.00
122.624,1,en_route_pickup,-1.846,-0.470,6.000,3.500,joint_grid_transaction,53,22,1,0,9,123.028,1.00
122.624,2,en_route_delivery,2.213,1.938,0.000,-3.500,joint_grid_transaction,57,57,2,9,2,0.000,1.00
122.624,3,en_route_delivery,-4.313,0.271,0.000,-3.500,joint_grid_transaction,57,57,2,9,3,0.000,0.45
122.624,4,en_route_delivery,3.826,3.029,3.000,-1.500,joint_grid_transaction,57,57,3,9,4,0.000,1.00
122.624,5,en_route_pickup,-1.029,2.937,1.000,1.500,joint_grid_transaction,57,57,2,9,5,0.000,1.00
122.624,6,en_route_delivery,-3.549,-1.940,-6.000,3.500,joint_grid_transaction,57,57,3,9,6,0.000,1.00
122.624,7,en_route_delivery,-5.127,0.073,-1.000,1.500,joint_grid_transaction,57,57,3,9,8,0.000,0.75
122.624,8,en_route_delivery,0.825,-3.034,6.000,3.500,joint_grid_transaction,57,57,3,9,7,0.000,1.00
122.880,1,en_route_pickup,-1.846,-0.470,6.000,3.500,joint_grid_transaction,53,22,1,0,9,123.028,1.00
122.880,2,en_route_delivery,2.237,1.936,0.000,-3.500,joint_grid_transaction,57,57,2,9,2,0.000,1.00
122.880,3,en_route_delivery,-4.313,0.264,0.000,-3.500,joint_grid_transaction,57,57,2,9,3,0.000,0.45
122.880,4,en_route_delivery,3.860,3.033,3.000,-1.500,joint_grid_transaction,57,57,3,9,4,0.000,1.00
122.880,5,en_route_pickup,-1.008,2.936,1.000,1.500,joint_grid_transaction,57,57,2,9,5,0.000,1.00
122.880,6,en_route_delivery,-3.591,-1.942,-6.000,3.500,joint_grid_transaction,57,57,3,9,6,0.000,1.00
122.880,7,en_route_delivery,-5.127,0.073,-1.000,1.500,joint_grid_transaction,57,57,3,9,8,0.000,0.75
122.880,8,en_route_delivery,0.859,-3.038,6.000,3.500,joint_grid_transaction,57,57,3,9,7,0.000,1.00
123.136,1,en_route_pickup,-1.846,-0.470,6.000,3.500,joint_grid_transaction,53,22,1,0,9,0.000,1.00
123.136,2,en_route_delivery,2.257,1.936,0.000,-3.500,joint_grid_transaction,58,57,2,9,2,0.000,1.00
123.136,3,en_route_delivery,-4.312,0.257,0.000,-3.500,joint_grid_transaction,58,57,2,9,3,0.000,0.45
123.136,4,en_route_delivery,3.893,3.036,3.000,-1.500,joint_grid_transaction,58,57,3,9,4,0.000,1.00
123.136,5,en_route_pickup,-0.986,2.936,1.000,1.500,joint_grid_transaction,58,57,2,9,5,0.000,1.00
123.136,6,en_route_delivery,-3.631,-1.944,-6.000,3.500,joint_grid_transaction,58,57,3,9,6,0.000,1.00
123.136,7,en_route_delivery,-5.127,0.074,-1.000,1.500,joint_grid_transaction,58,57,3,9,8,0.000,0.75
123.136,8,en_route_delivery,0.892,-3.040,6.000,3.500,joint_grid_transaction,58,57,3,9,7,0.000,1.00
123.392,1,en_route_pickup,-1.846,-0.470,6.000,3.500,joint_grid_transaction,53,22,1,0,9,0.000,1.00
123.392,2,en_route_delivery,2.280,1.935,0.000,-3.500,joint_grid_transaction,58,58,1,9,2,0.000,1.00
123.392,3,en_route_delivery,-4.312,0.251,0.000,-3.500,joint_grid_transaction,58,58,1,9,3,0.000,0.45
123.392,4,en_route_delivery,3.926,3.039,3.000,-1.500,joint_grid_transaction,58,58,2,9,4,0.000,1.00
123.392,5,en_route_pickup,-0.965,2.935,1.000,1.500,joint_grid_transaction,58,58,1,9,5,0.000,1.00
123.392,6,en_route_delivery,-3.675,-1.947,-6.000,3.500,joint_grid_transaction,58,58,2,9,6,0.000,1.00
123.392,7,en_route_delivery,-5.127,0.074,-1.000,1.500,joint_grid_transaction,58,58,2,9,8,0.000,0.75
123.392,8,en_route_delivery,0.925,-3.043,6.000,3.500,joint_grid_transaction,58,58,2,9,7,0.000,1.00
123.648,1,en_route_pickup,-1.846,-0.470,6.000,3.500,joint_grid_transaction,53,22,1,0,9,0.000,1.00
123.648,2,en_route_delivery,2.309,1.935,0.000,-3.500,joint_grid_transaction,58,58,2,9,2,0.000,1.00
123.648,3,en_route_delivery,-4.312,0.247,0.000,-3.500,_priority_yield_resume,59,58,1,1,3,0.000,0.55
123.648,4,en_route_delivery,3.957,3.042,3.000,-1.500,joint_grid_transaction,58,58,2,9,4,0.000,1.00
123.648,5,en_route_pickup,-0.931,2.935,1.000,1.500,joint_grid_transaction,58,58,2,9,5,0.000,1.00
123.648,6,en_route_delivery,-3.720,-1.951,-6.000,3.500,joint_grid_transaction,58,58,2,9,6,0.000,1.00
123.648,7,en_route_delivery,-5.127,0.074,-1.000,1.500,joint_grid_transaction,58,58,2,9,8,0.000,1.00
123.648,8,en_route_delivery,0.956,-3.046,6.000,3.500,joint_grid_transaction,58,58,2,9,7,0.000,1.00
123.904,1,en_route_pickup,-1.846,-0.470,6.000,3.500,joint_grid_transaction,53,22,1,0,9,0.000,1.00
123.904,2,en_route_delivery,2.346,1.935,0.000,-3.500,joint_grid_transaction,58,58,2,9,2,0.000,1.00
123.904,3,en_route_delivery,-4.312,0.249,0.000,-3.500,_priority_yield_resume,59,58,0,1,3,0.000,0.55
123.904,4,en_route_delivery,3.986,3.045,3.000,-1.500,joint_grid_transaction,58,58,2,9,4,0.000,1.00
123.904,5,en_route_pickup,-0.894,2.936,1.000,1.500,joint_grid_transaction,58,58,2,9,5,0.000,1.00
123.904,6,en_route_delivery,-3.766,-1.956,-6.000,3.500,joint_grid_transaction,58,58,2,9,6,0.000,1.00
123.904,7,en_route_delivery,-5.127,0.074,-1.000,1.500,joint_grid_transaction,58,58,2,9,8,0.000,1.00
123.904,8,en_route_delivery,0.986,-3.048,6.000,3.500,joint_grid_transaction,58,58,2,9,7,0.000,1.00
124.160,1,en_route_pickup,-1.846,-0.470,6.000,3.500,joint_grid_transaction,53,22,1,0,9,124.516,1.00
124.160,2,en_route_delivery,2.381,1.935,0.000,-3.500,joint_grid_transaction,58,58,2,9,2,0.000,1.00
124.160,3,en_route_delivery,-4.311,0.250,0.000,-3.500,_priority_yield_resume,59,58,0,1,3,0.000,0.45
124.160,4,en_route_delivery,4.014,3.047,3.000,-1.500,joint_grid_transaction,58,58,2,9,4,0.000,1.00
124.160,5,en_route_pickup,-0.858,2.936,1.000,1.500,joint_grid_transaction,58,58,2,9,5,0.000,1.00
124.160,6,en_route_delivery,-3.787,-1.959,-6.000,3.500,joint_grid_transaction,58,58,2,9,6,0.000,1.00
124.160,7,en_route_delivery,-5.127,0.074,-1.000,1.500,joint_grid_transaction,58,58,2,9,8,0.000,0.75
124.160,8,en_route_delivery,1.013,-3.050,6.000,3.500,joint_grid_transaction,58,58,2,9,7,0.000,1.00
124.416,1,en_route_pickup,-1.846,-0.470,6.000,3.500,joint_grid_transaction,53,22,1,0,9,124.516,1.00
124.416,2,en_route_delivery,2.416,1.935,0.000,-3.500,joint_grid_transaction,58,58,2,9,2,0.000,1.00
124.416,3,en_route_delivery,-4.311,0.252,0.000,-3.500,_priority_yield_resume,59,58,0,1,3,0.000,0.45
124.416,4,en_route_delivery,4.036,3.049,3.000,-1.500,joint_grid_transaction,58,58,2,9,4,0.000,1.00
124.416,5,en_route_pickup,-0.823,2.936,1.000,1.500,joint_grid_transaction,58,58,2,9,5,0.000,1.00
124.416,6,en_route_delivery,-3.803,-1.962,-6.000,3.500,joint_grid_transaction,58,58,3,9,6,0.000,1.00
124.416,7,en_route_delivery,-5.123,0.081,-1.000,1.500,joint_grid_transaction,58,58,3,9,8,0.000,0.75
124.416,8,en_route_delivery,1.035,-3.052,6.000,3.500,joint_grid_transaction,58,58,2,9,7,0.000,1.00
124.672,1,en_route_pickup,-1.846,-0.470,6.000,3.500,joint_grid_transaction,53,22,1,0,9,125.028,1.00
124.672,2,en_route_delivery,2.448,1.935,0.000,-3.500,joint_grid_transaction,58,58,2,9,2,0.000,1.00
124.672,3,en_route_delivery,-4.311,0.253,0.000,-3.500,_priority_yield_resume,59,58,0,1,3,0.000,0.45
124.672,4,en_route_delivery,4.032,3.047,3.000,-1.500,joint_grid_transaction,58,58,3,9,4,0.000,1.00
124.672,5,en_route_pickup,-0.789,2.937,1.000,1.500,joint_grid_transaction,58,58,2,9,5,0.000,1.00
124.672,6,en_route_delivery,-3.849,-1.968,-6.000,3.500,joint_grid_transaction,58,58,3,9,6,0.000,1.00
124.672,7,en_route_delivery,-5.116,0.093,-1.000,1.500,joint_grid_transaction,58,58,3,9,8,0.000,0.75
124.672,8,en_route_delivery,1.067,-3.054,6.000,3.500,joint_grid_transaction,58,58,3,9,7,0.000,1.00
124.928,1,en_route_pickup,-1.846,-0.470,6.000,3.500,joint_grid_transaction,53,22,1,0,9,125.028,1.00
124.928,2,en_route_delivery,2.480,1.935,0.000,-3.500,joint_grid_transaction,58,58,2,9,2,0.000,1.00
124.928,3,en_route_delivery,-4.309,0.252,0.000,-3.500,_priority_yield_resume,59,58,0,1,3,0.000,0.45
124.928,4,en_route_delivery,4.018,3.041,3.000,-1.500,joint_grid_transaction,58,58,3,9,4,0.000,1.00
124.928,5,en_route_pickup,-0.756,2.938,1.000,1.500,joint_grid_transaction,58,58,2,9,5,0.000,1.00
124.928,6,en_route_delivery,-3.897,-1.973,-6.000,3.500,joint_grid_transaction,58,58,3,9,6,0.000,1.00
124.928,7,en_route_delivery,-5.113,0.100,-1.000,1.500,joint_grid_transaction,58,58,3,9,8,0.000,0.75
124.928,8,en_route_delivery,1.100,-3.056,6.000,3.500,joint_grid_transaction,58,58,3,9,7,0.000,1.00
125.184,1,en_route_pickup,-1.846,-0.470,6.000,3.500,joint_grid_transaction,53,22,1,0,9,125.524,1.00
125.184,2,en_route_delivery,2.509,1.935,0.000,-3.500,joint_grid_transaction,58,58,2,9,2,0.000,1.00
125.184,3,en_route_delivery,-4.306,0.244,0.000,-3.500,_priority_yield_resume,59,58,0,1,3,0.000,0.45
125.184,4,en_route_delivery,4.018,3.029,3.000,-1.500,joint_grid_transaction,58,58,3,9,4,0.000,1.00
125.184,5,en_route_pickup,-0.725,2.939,1.000,1.500,joint_grid_transaction,58,58,2,9,5,0.000,1.00
125.184,6,en_route_delivery,-3.943,-1.978,-6.000,3.500,joint_grid_transaction,58,58,3,9,6,0.000,1.00
125.184,7,en_route_delivery,-5.113,0.104,-1.000,1.500,joint_grid_transaction,58,58,3,9,8,0.000,0.75
125.184,8,en_route_delivery,1.132,-3.058,6.000,3.500,joint_grid_transaction,58,58,3,9,7,0.000,1.00
125.440,1,en_route_pickup,-1.846,-0.470,6.000,3.500,joint_grid_transaction,53,22,1,0,9,125.524,1.00
125.440,2,en_route_delivery,2.536,1.935,0.000,-3.500,joint_grid_transaction,58,58,2,9,2,0.000,1.00
125.440,3,en_route_delivery,-4.303,0.235,0.000,-3.500,_priority_yield_resume,59,58,0,1,3,0.000,0.45
125.440,4,en_route_delivery,4.054,2.999,3.000,-1.500,joint_grid_transaction,58,58,3,9,4,0.000,1.00
125.440,5,en_route_pickup,-0.688,2.940,1.000,1.500,joint_grid_transaction,58,58,2,9,5,0.000,1.00
125.440,6,en_route_delivery,-3.988,-1.983,-6.000,3.500,joint_grid_transaction,58,58,3,9,6,0.000,1.00
125.440,7,en_route_delivery,-5.113,0.108,-1.000,1.500,joint_grid_transaction,58,58,3,9,8,0.000,0.75
125.440,8,en_route_delivery,1.163,-3.060,6.000,3.500,joint_grid_transaction,58,58,3,9,7,0.000,1.00
125.696,1,en_route_pickup,-1.846,-0.470,6.000,3.500,joint_grid_transaction,53,22,1,0,9,126.020,1.00
125.696,2,en_route_delivery,2.570,1.935,0.000,-3.500,joint_grid_transaction,58,58,3,9,2,0.000,1.00
125.696,3,en_route_delivery,-4.299,0.227,0.000,-3.500,_priority_yield_resume,59,58,0,1,3,0.000,0.45
125.696,4,en_route_delivery,4.088,2.966,3.000,-1.500,joint_grid_transaction,58,58,3,9,4,0.000,1.00
125.696,5,en_route_pickup,-0.646,2.942,1.000,1.500,joint_grid_transaction,58,58,3,9,5,0.000,1.00
125.696,6,en_route_delivery,-4.033,-1.987,-6.000,3.500,joint_grid_transaction,58,58,3,9,6,0.000,1.00
125.696,7,en_route_delivery,-5.113,0.121,-1.000,1.500,joint_grid_transaction,58,58,3,9,8,0.000,0.75
125.696,8,en_route_delivery,1.192,-3.062,6.000,3.500,joint_grid_transaction,58,58,3,9,7,0.000,1.00
125.952,1,en_route_pickup,-1.846,-0.470,6.000,3.500,joint_grid_transaction,53,22,1,0,9,126.020,1.00
125.952,2,en_route_delivery,2.606,1.935,0.000,-3.500,joint_grid_transaction,58,58,3,9,2,0.000,1.00
125.952,3,en_route_delivery,-4.296,0.218,0.000,-3.500,_priority_yield_resume,59,58,0,1,3,0.000,0.45
125.952,4,en_route_delivery,4.120,2.931,3.000,-1.500,joint_grid_transaction,58,58,3,9,4,0.000,1.00
125.952,5,en_route_pickup,-0.603,2.945,1.000,1.500,joint_grid_transaction,58,58,3,9,5,0.000,1.00
125.952,6,en_route_delivery,-4.076,-1.991,-6.000,3.500,joint_grid_transaction,58,58,4,9,6,0.000,1.00
125.952,7,en_route_delivery,-5.113,0.135,-1.000,1.500,joint_grid_transaction,58,58,3,9,8,0.000,0.75
125.952,8,en_route_delivery,1.219,-3.064,6.000,3.500,joint_grid_transaction,58,58,3,9,7,0.000,1.00
126.208,1,en_route_pickup,-1.846,-0.470,6.000,3.500,joint_grid_transaction,53,22,1,0,9,126.516,1.00
126.208,2,en_route_delivery,2.642,1.935,0.000,-3.500,joint_grid_transaction,58,58,3,9,2,0.000,1.00
126.208,3,en_route_delivery,-4.292,0.209,0.000,-3.500,_priority_yield_resume,59,58,0,1,3,0.000,0.45
126.208,4,en_route_delivery,4.119,2.916,3.000,-1.500,joint_grid_transaction,58,58,4,9,4,0.000,1.00
126.208,5,en_route_pickup,-0.559,2.948,1.000,1.500,joint_grid_transaction,58,58,3,9,5,0.000,1.00
126.208,6,en_route_delivery,-4.118,-1.995,-6.000,3.500,joint_grid_transaction,58,58,4,9,6,0.000,1.00
126.208,7,en_route_delivery,-5.113,0.148,-1.000,1.500,joint_grid_transaction,58,58,3,9,8,0.000,0.75
126.208,8,en_route_delivery,1.242,-3.065,6.000,3.500,joint_grid_transaction,58,58,3,9,7,0.000,1.00
126.464,1,en_route_pickup,-1.846,-0.470,6.000,3.500,joint_grid_transaction,53,22,1,0,9,126.516,1.00
126.464,2,en_route_delivery,2.677,1.936,0.000,-3.500,joint_grid_transaction,58,58,3,9,2,0.000,1.00
126.464,3,en_route_delivery,-4.289,0.200,0.000,-3.500,_priority_yield_resume,59,58,0,1,3,0.000,0.45
126.464,4,en_route_delivery,4.142,2.877,3.000,-1.500,joint_grid_transaction,58,58,4,9,4,0.000,1.00
126.464,5,en_route_pickup,-0.514,2.953,1.000,1.500,joint_grid_transaction,58,58,3,9,5,0.000,1.00
126.464,6,en_route_delivery,-4.159,-1.999,-6.000,3.500,joint_grid_transaction,58,58,4,9,6,0.000,1.00
126.464,7,en_route_delivery,-5.112,0.162,-1.000,1.500,joint_grid_transaction,58,58,3,9,8,0.000,0.75
126.464,8,en_route_delivery,1.264,-3.066,6.000,3.500,joint_grid_transaction,58,58,3,9,7,0.000,1.00
126.720,1,en_route_pickup,-1.846,-0.470,6.000,3.500,joint_grid_transaction,53,22,1,0,9,127.028,1.00
126.720,2,en_route_delivery,2.711,1.936,0.000,-3.500,joint_grid_transaction,58,58,3,9,2,0.000,1.00
126.720,3,en_route_delivery,-4.285,0.191,0.000,-3.500,_priority_yield_resume,59,58,0,1,3,0.000,0.45
126.720,4,en_route_delivery,4.162,2.834,3.000,-1.500,joint_grid_transaction,58,58,4,9,4,0.000,1.00
126.720,5,en_route_pickup,-0.467,2.958,1.000,1.500,joint_grid_transaction,58,58,3,9,5,0.000,1.00
126.720,6,en_route_delivery,-4.199,-2.003,-6.000,3.500,joint_grid_transaction,58,58,4,9,6,0.000,1.00
126.720,7,en_route_delivery,-5.111,0.177,-1.000,1.500,joint_grid_transaction,58,58,3,9,8,0.000,0.75
126.720,8,en_route_delivery,1.285,-3.066,6.000,3.500,joint_grid_transaction,58,58,3,9,7,0.000,1.00
126.976,1,en_route_pickup,-1.846,-0.470,6.000,3.500,joint_grid_transaction,53,22,1,0,9,127.028,1.00
126.976,2,en_route_delivery,2.744,1.937,0.000,-3.500,joint_grid_transaction,58,58,3,9,2,0.000,1.00
126.976,3,en_route_delivery,-4.281,0.183,0.000,-3.500,_priority_yield_resume,59,58,0,1,3,0.000,0.45
126.976,4,en_route_delivery,4.179,2.790,3.000,-1.500,joint_grid_transaction,58,58,4,9,4,0.000,1.00
126.976,5,en_route_pickup,-0.420,2.964,1.000,1.500,joint_grid_transaction,58,58,4,9,5,0.000,1.00
126.976,6,en_route_delivery,-4.239,-2.007,-6.000,3.500,joint_grid_transaction,58,58,4,9,6,0.000,1.00
126.976,7,en_route_delivery,-5.109,0.193,-1.000,1.500,joint_grid_transaction,58,58,3,9,8,0.000,0.75
126.976,8,en_route_delivery,1.319,-3.066,6.000,3.500,joint_grid_transaction,58,58,4,9,7,0.000,1.00
127.232,1,en_route_pickup,-1.846,-0.470,6.000,3.500,joint_grid_transaction,53,22,1,0,9,127.524,1.00
127.232,2,en_route_delivery,2.776,1.938,0.000,-3.500,joint_grid_transaction,58,58,3,9,2,0.000,1.00
127.232,3,en_route_delivery,-4.276,0.174,0.000,-3.500,_priority_yield_resume,59,58,0,1,3,0.000,0.45
127.232,4,en_route_delivery,4.194,2.745,3.000,-1.500,joint_grid_transaction,58,58,4,9,4,0.000,1.00
127.232,5,en_route_pickup,-0.373,2.970,1.000,1.500,joint_grid_transaction,58,58,4,9,5,0.000,1.00
127.232,6,en_route_delivery,-4.277,-2.011,-6.000,3.500,joint_grid_transaction,58,58,4,9,6,0.000,1.00
127.232,7,en_route_delivery,-5.108,0.208,-1.000,1.500,joint_grid_transaction,58,58,3,9,8,0.000,0.75
127.232,8,en_route_delivery,1.357,-3.065,6.000,3.500,joint_grid_transaction,58,58,4,9,7,0.000,1.00
127.488,1,en_route_pickup,-1.846,-0.470,6.000,3.500,joint_grid_transaction,53,22,1,0,9,127.524,1.00
127.488,2,en_route_delivery,2.813,1.940,0.000,-3.500,joint_grid_transaction,58,58,4,9,2,0.000,1.00
127.488,3,en_route_delivery,-4.272,0.166,0.000,-3.500,_priority_yield_resume,59,58,0,1,3,0.000,0.45
127.488,4,en_route_delivery,4.206,2.712,3.000,-1.500,joint_grid_transaction,58,58,4,9,4,0.000,1.00
127.488,5,en_route_pickup,-0.327,2.975,1.000,1.500,joint_grid_transaction,58,58,4,9,5,0.000,1.00
127.488,6,en_route_delivery,-4.315,-2.014,-6.000,3.500,joint_grid_transaction,58,58,5,9,6,0.000,1.00
127.488,7,en_route_delivery,-5.105,0.225,-1.000,1.500,joint_grid_transaction,58,58,3,9,8,0.000,0.75
127.488,8,en_route_delivery,1.394,-3.064,6.000,3.500,joint_grid_transaction,58,58,4,9,7,0.000,1.00
127.744,1,en_route_pickup,-1.846,-0.470,6.000,3.500,joint_grid_transaction,53,22,1,0,9,128.020,1.00
127.744,2,en_route_delivery,2.856,1.942,0.000,-3.500,joint_grid_transaction,58,58,4,9,2,0.000,1.00
127.744,3,en_route_delivery,-4.268,0.157,0.000,-3.500,_priority_yield_resume,59,58,0,1,3,0.000,0.45
127.744,4,en_route_delivery,4.212,2.726,3.000,-1.500,joint_grid_transaction,58,58,5,9,4,0.000,1.00
127.744,5,en_route_pickup,-0.281,2.979,1.000,1.500,joint_grid_transaction,58,58,4,9,5,0.000,1.00
127.744,6,en_route_delivery,-4.353,-2.018,-6.000,3.500,joint_grid_transaction,58,58,5,9,6,0.000,1.00
127.744,7,en_route_delivery,-5.102,0.242,-1.000,1.500,joint_grid_transaction,58,58,3,9,8,0.000,0.75
127.744,8,en_route_delivery,1.430,-3.063,6.000,3.500,joint_grid_transaction,58,58,4,9,7,0.000,1.00
128.000,1,en_route_pickup,-1.846,-0.470,6.000,3.500,joint_grid_transaction,53,22,1,0,9,128.020,1.00
128.000,2,en_route_delivery,2.899,1.945,0.000,-3.500,joint_grid_transaction,58,58,4,9,2,0.000,1.00
128.000,3,en_route_delivery,-4.263,0.149,0.000,-3.500,_priority_yield_resume,59,58,0,1,3,0.000,0.45
128.000,4,en_route_delivery,4.229,2.717,3.000,-1.500,joint_grid_transaction,58,58,5,9,4,0.000,1.00
128.000,5,en_route_pickup,-0.235,2.984,1.000,1.500,joint_grid_transaction,58,58,4,9,5,0.000,1.00
128.000,6,en_route_delivery,-4.390,-2.021,-6.000,3.500,joint_grid_transaction,58,58,5,9,6,0.000,1.00
128.000,7,en_route_delivery,-5.099,0.260,-1.000,1.500,joint_grid_transaction,58,58,3,9,8,0.000,0.75
128.000,8,en_route_delivery,1.466,-3.062,6.000,3.500,joint_grid_transaction,58,58,4,9,7,0.000,1.00
128.256,1,en_route_pickup,-1.846,-0.470,6.000,3.500,joint_grid_transaction,53,22,1,0,9,128.516,1.00
128.256,2,en_route_delivery,2.944,1.949,0.000,-3.500,joint_grid_transaction,58,58,4,9,2,0.000,1.00
128.256,3,en_route_delivery,-4.258,0.140,0.000,-3.500,_priority_yield_resume,59,58,0,1,3,0.000,0.45
128.256,4,en_route_delivery,4.260,2.682,3.000,-1.500,joint_grid_transaction,58,58,5,9,4,0.000,1.00
128.256,5,en_route_pickup,-0.191,2.988,1.000,1.500,joint_grid_transaction,58,58,5,9,5,0.000,1.00
128.256,6,en_route_delivery,-4.426,-2.025,-6.000,3.500,joint_grid_transaction,58,58,5,9,6,0.000,1.00
128.256,7,en_route_delivery,-5.095,0.279,-1.000,1.500,joint_grid_transaction,58,58,3,9,8,0.000,0.75
128.256,8,en_route_delivery,1.502,-3.060,6.000,3.500,joint_grid_transaction,58,58,4,9,7,0.000,1.00
128.512,1,en_route_pickup,-1.846,-0.470,6.000,3.500,joint_grid_transaction,53,22,1,0,9,128.516,1.00
128.512,2,en_route_delivery,2.990,1.954,0.000,-3.500,joint_grid_transaction,58,58,4,9,2,0.000,1.00
128.512,3,en_route_delivery,-4.254,0.132,0.000,-3.500,_priority_yield_resume,59,58,0,1,3,0.000,0.45
128.512,4,en_route_delivery,4.294,2.649,3.000,-1.500,joint_grid_transaction,58,58,5,9,4,0.000,1.00
128.512,5,en_route_pickup,-0.149,2.992,1.000,1.500,joint_grid_transaction,58,58,5,9,5,0.000,1.00
128.512,6,en_route_delivery,-4.461,-2.028,-6.000,3.500,joint_grid_transaction,58,58,5,9,6,0.000,1.00
128.512,7,en_route_delivery,-5.090,0.299,-1.000,1.500,joint_grid_transaction,58,58,3,9,8,0.000,0.75
128.512,8,en_route_delivery,1.538,-3.057,6.000,3.500,joint_grid_transaction,58,58,4,9,7,0.000,1.00
128.768,1,en_route_pickup,-1.846,-0.470,6.000,3.500,joint_grid_transaction,53,22,1,0,9,129.028,1.00
128.768,2,en_route_delivery,3.037,1.960,0.000,-3.500,joint_grid_transaction,58,58,4,9,2,0.000,1.00
128.768,3,en_route_delivery,-4.249,0.124,0.000,-3.500,_priority_yield_resume,59,58,0,1,3,0.000,0.45
128.768,4,en_route_delivery,4.323,2.626,3.000,-1.500,joint_grid_transaction,58,58,5,9,4,0.000,1.00
128.768,5,en_route_pickup,-0.108,2.997,1.000,1.500,joint_grid_transaction,58,58,5,9,5,0.000,1.00
128.768,6,en_route_delivery,-4.494,-2.031,-6.000,3.500,joint_grid_transaction,58,58,5,9,6,0.000,1.00
128.768,7,en_route_delivery,-5.087,0.291,-1.000,1.500,joint_grid_transaction,58,58,4,9,8,0.000,0.75
128.768,8,en_route_delivery,1.583,-3.053,6.000,3.500,joint_grid_transaction,58,58,5,9,7,0.000,1.00
129.024,1,en_route_pickup,-1.846,-0.470,6.000,3.500,joint_grid_transaction,53,22,1,0,9,129.028,1.00
129.024,2,en_route_delivery,3.084,1.966,0.000,-3.500,joint_grid_transaction,58,58,5,9,2,0.000,1.00
129.024,3,en_route_delivery,-4.244,0.115,0.000,-3.500,_priority_yield_resume,59,58,0,1,3,0.000,0.45
129.024,4,en_route_delivery,4.344,2.621,3.000,-1.500,joint_grid_transaction,58,58,6,9,4,0.000,1.00
129.024,5,en_route_pickup,-0.067,3.001,1.000,1.500,joint_grid_transaction,58,58,5,9,5,0.000,1.00
129.024,6,en_route_delivery,-4.525,-2.034,-6.000,3.500,joint_grid_transaction,58,58,5,9,6,0.000,1.00
129.024,7,en_route_delivery,-5.083,0.282,-1.000,1.500,joint_grid_transaction,58,58,4,9,8,0.000,0.75
129.024,8,en_route_delivery,1.631,-3.049,6.000,3.500,joint_grid_transaction,58,58,5,9,7,0.000,1.00
129.280,1,en_route_pickup,-1.832,-0.434,6.000,3.500,_command_reverse,70,22,0,1,9,0.000,1.00
129.280,2,en_route_delivery,3.132,1.971,0.000,-3.500,joint_grid_transaction,58,58,5,9,2,0.000,1.00
129.280,3,en_route_delivery,-4.239,0.107,0.000,-3.500,_priority_yield_resume,59,58,0,1,3,0.000,0.45
129.280,4,en_route_delivery,4.386,2.599,3.000,-1.500,joint_grid_transaction,58,58,6,9,4,0.000,1.00
129.280,5,en_route_pickup,-0.027,3.004,1.000,1.500,joint_grid_transaction,58,58,5,9,5,0.000,1.00
129.280,6,en_route_delivery,-4.558,-2.037,-6.000,3.500,joint_grid_transaction,58,58,6,9,6,0.000,1.00
129.280,7,en_route_delivery,-5.078,0.274,-1.000,1.500,joint_grid_transaction,58,58,4,9,8,0.000,0.75
129.280,8,en_route_delivery,1.678,-3.044,6.000,3.500,joint_grid_transaction,58,58,5,9,7,0.000,1.00
129.536,1,en_route_pickup,-1.818,-0.389,6.000,3.500,_command_reverse,70,22,0,1,9,0.000,1.00
129.536,2,en_route_delivery,3.178,1.976,0.000,-3.500,joint_grid_transaction,58,58,5,9,2,0.000,1.00
129.536,3,en_route_delivery,-4.234,0.099,0.000,-3.500,_priority_yield_resume,59,58,0,1,3,0.000,0.45
129.536,4,en_route_delivery,4.429,2.580,3.000,-1.500,joint_grid_transaction,58,58,6,9,4,0.000,1.00
129.536,5,en_route_pickup,0.012,3.008,1.000,1.500,joint_grid_transaction,58,58,5,9,5,0.000,1.00
129.536,6,en_route_delivery,-4.592,-2.040,-6.000,3.500,joint_grid_transaction,58,58,6,9,6,0.000,1.00
129.536,7,en_route_delivery,-5.074,0.267,-1.000,1.500,joint_grid_transaction,58,58,4,9,8,0.000,0.75
129.536,8,en_route_delivery,1.726,-3.039,6.000,3.500,joint_grid_transaction,58,58,5,9,7,0.000,1.00
129.792,1,en_route_pickup,-1.806,-0.343,6.000,3.500,_command_reverse,70,22,0,1,9,0.000,1.00
129.792,2,en_route_delivery,3.223,1.981,0.000,-3.500,joint_grid_transaction,58,58,5,9,2,0.000,1.00
129.792,3,en_route_delivery,-4.229,0.091,0.000,-3.500,_priority_yield_resume,59,58,0,1,3,0.000,0.45
129.792,4,en_route_delivery,4.474,2.565,3.000,-1.500,joint_grid_transaction,58,58,6,9,4,0.000,1.00
129.792,5,en_route_pickup,0.051,3.012,1.000,1.500,joint_grid_transaction,58,58,6,9,5,0.000,1.00
129.792,6,en_route_delivery,-4.625,-2.044,-6.000,3.500,joint_grid_transaction,58,58,6,9,6,0.000,1.00
129.792,7,en_route_delivery,-5.059,0.284,-1.000,1.500,joint_grid_transaction,58,58,4,9,8,0.000,0.75
129.792,8,en_route_delivery,1.773,-3.033,6.000,3.500,joint_grid_transaction,58,58,5,9,7,0.000,1.00
130.048,1,en_route_pickup,-1.796,-0.299,6.000,3.500,_command_reverse,70,22,0,1,9,130.516,1.00
130.048,2,en_route_delivery,3.269,1.985,0.000,-3.500,joint_grid_transaction,58,58,5,9,2,0.000,1.00
130.048,3,en_route_delivery,-4.224,0.083,0.000,-3.500,_priority_yield_resume,59,58,0,1,3,0.000,0.45
130.048,4,en_route_delivery,4.519,2.551,3.000,-1.500,joint_grid_transaction,58,58,6,9,4,0.000,1.00
130.048,5,en_route_pickup,0.089,3.016,1.000,1.500,joint_grid_transaction,58,58,6,9,5,0.000,1.00
130.048,6,en_route_delivery,-4.657,-2.047,-6.000,3.500,joint_grid_transaction,58,58,6,9,6,0.000,1.00
130.048,7,en_route_delivery,-5.041,0.303,-1.000,1.500,joint_grid_transaction,58,58,4,9,8,0.000,0.75
130.048,8,en_route_delivery,1.820,-3.027,6.000,3.500,joint_grid_transaction,58,58,6,9,7,0.000,1.00
130.304,1,en_route_pickup,-1.796,-0.299,6.000,3.500,_command_reverse,70,22,0,1,9,130.516,1.00
130.304,2,en_route_delivery,3.312,1.989,0.000,-3.500,joint_grid_transaction,58,58,6,9,2,0.000,1.00
130.304,3,en_route_delivery,-4.219,0.074,0.000,-3.500,_priority_yield_resume,59,58,0,1,3,0.000,0.45
130.304,4,en_route_delivery,4.565,2.539,3.000,-1.500,joint_grid_transaction,58,58,7,9,4,0.000,1.00
130.304,5,en_route_pickup,0.127,3.019,1.000,1.500,joint_grid_transaction,58,58,6,9,5,0.000,1.00
130.304,6,en_route_delivery,-4.687,-2.049,-6.000,3.500,joint_grid_transaction,58,58,6,9,6,0.000,1.00
130.304,7,en_route_delivery,-5.022,0.321,-1.000,1.500,joint_grid_transaction,58,58,4,9,8,0.000,0.75
130.304,8,en_route_delivery,1.867,-3.022,6.000,3.500,joint_grid_transaction,58,58,6,9,7,0.000,1.00
130.560,1,en_route_pickup,-1.796,-0.299,6.000,3.500,_command_reverse,70,22,0,1,9,131.028,1.00
130.560,2,en_route_delivery,3.354,1.994,0.000,-3.500,joint_grid_transaction,58,58,6,9,2,0.000,1.00
130.560,3,en_route_delivery,-4.213,0.066,0.000,-3.500,_priority_yield_resume,59,58,0,1,3,0.000,0.45
130.560,4,en_route_delivery,4.612,2.530,3.000,-1.500,joint_grid_transaction,58,58,7,9,4,0.000,1.00
130.560,5,en_route_pickup,0.163,3.023,1.000,1.500,joint_grid_transaction,58,58,6,9,5,0.000,1.00
130.560,6,en_route_delivery,-4.716,-2.052,-6.000,3.500,joint_grid_transaction,58,58,6,9,6,0.000,1.00
130.560,7,en_route_delivery,-5.002,0.339,-1.000,1.500,joint_grid_transaction,58,58,4,9,8,0.000,0.75
130.560,8,en_route_delivery,1.912,-3.017,6.000,3.500,joint_grid_transaction,58,58,6,9,7,0.000,1.00
130.816,1,en_route_pickup,-1.796,-0.299,6.000,3.500,_command_reverse,70,22,0,1,9,131.028,1.00
130.816,2,en_route_delivery,3.396,1.998,0.000,-3.500,joint_grid_transaction,58,58,6,9,2,0.000,1.00
130.816,3,en_route_delivery,-4.208,0.058,0.000,-3.500,_priority_yield_resume,59,58,0,1,3,0.000,0.45
130.816,4,en_route_delivery,4.659,2.523,3.000,-1.500,joint_grid_transaction,58,58,7,9,4,0.000,1.00
130.816,5,en_route_pickup,0.199,3.026,1.000,1.500,joint_grid_transaction,58,58,6,9,5,0.000,1.00
130.816,6,en_route_delivery,-4.743,-2.054,-6.000,3.500,joint_grid_transaction,58,58,6,9,6,0.000,1.00
130.816,7,en_route_delivery,-4.981,0.356,-1.000,1.500,joint_grid_transaction,58,58,4,9,8,0.000,0.75
130.816,8,en_route_delivery,1.956,-3.013,6.000,3.500,joint_grid_transaction,58,58,6,9,7,0.000,1.00
131.072,1,en_route_pickup,-1.796,-0.299,6.000,3.500,_command_reverse,70,22,0,1,9,131.524,1.00
131.072,2,en_route_delivery,3.436,2.002,0.000,-3.500,joint_grid_transaction,58,58,6,9,2,0.000,1.00
131.072,3,en_route_delivery,-4.203,0.050,0.000,-3.500,_priority_yield_resume,59,58,0,1,3,0.000,0.45
131.072,4,en_route_delivery,4.706,2.518,3.000,-1.500,joint_grid_transaction,58,58,7,9,4,0.000,1.00
131.072,5,en_route_pickup,0.233,3.029,1.000,1.500,joint_grid_transaction,58,58,6,9,5,0.000,1.00
131.072,6,en_route_delivery,-4.763,-2.055,-6.000,3.500,joint_grid_transaction,58,58,6,9,6,0.000,1.00
131.072,7,en_route_delivery,-4.960,0.372,-1.000,1.500,joint_grid_transaction,58,58,4,9,8,0.000,0.75
131.072,8,en_route_delivery,2.000,-3.009,6.000,3.500,joint_grid_transaction,58,58,6,9,7,0.000,1.00
131.328,1,en_route_pickup,-1.796,-0.299,6.000,3.500,_command_reverse,70,22,0,1,9,131.524,1.00
131.328,2,en_route_delivery,3.476,2.005,0.000,-3.500,joint_grid_transaction,58,58,6,9,2,0.000,1.00
131.328,3,en_route_delivery,-4.198,0.042,0.000,-3.500,_priority_yield_resume,59,58,0,1,3,0.000,0.45
131.328,4,en_route_delivery,4.752,2.513,3.000,-1.500,joint_grid_transaction,58,58,7,9,4,0.000,1.00
131.328,5,en_route_pickup,0.265,3.032,1.000,1.500,joint_grid_transaction,58,58,6,9,5,0.000,1.00
131.328,6,en_route_delivery,-4.784,-2.056,-6.000,3.500,joint_grid_transaction,58,58,6,9,6,0.000,1.00
131.328,7,en_route_delivery,-4.938,0.387,-1.000,1.500,joint_grid_transaction,58,58,4,9,8,0.000,0.75
131.328,8,en_route_delivery,2.043,-3.005,6.000,3.500,joint_grid_transaction,58,58,6,9,7,0.000,1.00
131.584,1,en_route_pickup,-1.796,-0.299,6.000,3.500,_command_reverse,70,22,0,1,9,132.020,1.00
131.584,2,en_route_delivery,3.515,2.009,0.000,-3.500,joint_grid_transaction,58,58,6,9,2,0.000,1.00
131.584,3,en_route_delivery,-4.192,0.034,0.000,-3.500,_priority_yield_resume,59,58,0,1,3,0.000,0.45
131.584,4,en_route_delivery,4.785,2.509,3.000,-1.500,joint_grid_transaction,58,58,8,9,4,0.000,1.00
131.584,5,en_route_pickup,0.296,3.035,1.000,1.500,joint_grid_transaction,58,58,7,9,5,0.000,1.00
131.584,6,en_route_delivery,-4.816,-2.058,-6.000,3.500,joint_grid_transaction,58,58,7,9,6,0.000,1.00
131.584,7,en_route_delivery,-4.930,0.385,-1.000,1.500,joint_grid_transaction,58,58,5,9,8,0.000,0.75
131.584,8,en_route_delivery,2.084,-3.001,6.000,3.500,joint_grid_transaction,58,58,7,9,7,0.000,1.00
131.840,1,en_route_pickup,-1.796,-0.299,6.000,3.500,_command_reverse,70,22,0,1,9,132.020,1.00
131.840,2,en_route_delivery,3.553,2.013,0.000,-3.500,joint_grid_transaction,58,58,6,9,2,0.000,1.00
131.840,3,en_route_delivery,-4.187,0.026,0.000,-3.500,_priority_yield_resume,59,58,0,1,3,0.000,0.45
131.840,4,en_route_delivery,4.772,2.505,3.000,-1.500,joint_grid_transaction,58,58,8,9,4,0.000,1.00
131.840,5,en_route_pickup,0.331,3.038,1.000,1.500,joint_grid_transaction,58,58,7,9,5,0.000,1.00
131.840,6,en_route_delivery,-4.849,-2.059,-6.000,3.500,joint_grid_transaction,58,58,7,9,6,0.000,1.00
131.840,7,en_route_delivery,-4.908,0.398,-1.000,1.500,joint_grid_transaction,58,58,5,9,8,0.000,0.75
131.840,8,en_route_delivery,2.125,-2.997,6.000,3.500,joint_grid_transaction,58,58,7,9,7,0.000,1.00
132.096,1,en_route_pickup,-1.796,-0.299,6.000,3.500,_command_reverse,70,22,0,1,9,132.516,1.00
132.096,2,en_route_delivery,3.591,2.016,0.000,-3.500,joint_grid_transaction,58,58,7,9,2,0.000,1.00
132.096,3,en_route_delivery,-4.182,0.018,0.000,-3.500,_priority_yield_resume,59,58,0,1,3,0.000,0.45
132.096,4,en_route_delivery,4.769,2.495,3.000,-1.500,joint_grid_transaction,58,58,8,9,4,0.000,1.00
132.096,5,en_route_pickup,0.365,3.042,1.000,1.500,joint_grid_transaction,58,58,7,9,5,0.000,1.00
132.096,6,en_route_delivery,-4.881,-2.061,-6.000,3.500,joint_grid_transaction,58,58,7,9,6,0.000,1.00
132.096,7,en_route_delivery,-4.884,0.410,-1.000,1.500,joint_grid_transaction,58,58,5,9,8,0.000,0.75
132.096,8,en_route_delivery,2.165,-2.994,6.000,3.500,joint_grid_transaction,58,58,7,9,7,0.000,1.00
132.352,1,en_route_pickup,-1.796,-0.299,6.000,3.500,_command_reverse,70,22,0,1,9,132.516,1.00
132.352,2,en_route_delivery,3.629,2.020,0.000,-3.500,joint_grid_transaction,58,58,7,9,2,0.000,1.00
132.352,3,en_route_delivery,-4.176,0.010,0.000,-3.500,_priority_yield_resume,59,58,0,1,3,0.000,0.45
132.352,4,en_route_delivery,4.808,2.468,3.000,-1.500,joint_grid_transaction,58,58,8,9,4,0.000,1.00
132.352,5,en_route_pickup,0.397,3.045,1.000,1.500,joint_grid_transaction,58,58,7,9,5,0.000,1.00
132.352,6,en_route_delivery,-4.911,-2.063,-6.000,3.500,joint_grid_transaction,58,58,7,9,6,0.000,1.00
132.352,7,en_route_delivery,-4.865,0.418,-1.000,1.500,joint_grid_transaction,58,58,5,9,8,0.000,0.75
132.352,8,en_route_delivery,2.204,-2.990,6.000,3.500,joint_grid_transaction,58,58,7,9,7,0.000,1.00
132.608,1,en_route_pickup,-1.795,-0.298,6.000,3.500,_command_reverse,70,22,0,1,9,133.028,1.00
132.608,2,en_route_delivery,3.665,2.023,0.000,-3.500,joint_grid_transaction,58,58,7,9,2,0.000,1.00
132.608,3,en_route_delivery,-4.171,0.002,0.000,-3.500,_priority_yield_resume,59,58,0,1,3,0.000,0.45
132.608,4,en_route_delivery,4.843,2.437,3.000,-1.500,joint_grid_transaction,58,58,8,9,4,0.000,1.00
132.608,5,en_route_pickup,0.428,3.048,1.000,1.500,joint_grid_transaction,58,58,7,9,5,0.000,1.00
132.608,6,en_route_delivery,-4.940,-2.065,-6.000,3.500,joint_grid_transaction,58,58,7,9,6,0.000,1.00
132.608,7,en_route_delivery,-4.851,0.423,-1.000,1.500,joint_grid_transaction,58,58,5,9,8,0.000,0.75
132.608,8,en_route_delivery,2.242,-2.986,6.000,3.500,joint_grid_transaction,58,58,7,9,7,0.000,1.00
132.864,1,en_route_pickup,-1.795,-0.298,6.000,3.500,_command_reverse,70,22,0,1,9,133.028,1.00
132.864,2,en_route_delivery,3.700,2.027,0.000,-3.500,joint_grid_transaction,58,58,7,9,2,0.000,1.00
132.864,3,en_route_delivery,-4.165,-0.006,0.000,-3.500,_priority_yield_resume,59,58,0,1,3,0.000,0.45
132.864,4,en_route_delivery,4.863,2.419,3.000,-1.500,joint_grid_transaction,58,58,8,9,4,0.000,1.00
132.864,5,en_route_pickup,0.457,3.050,1.000,1.500,joint_grid_transaction,58,58,7,9,5,0.000,1.00
132.864,6,en_route_delivery,-4.968,-2.066,-6.000,3.500,joint_grid_transaction,58,58,7,9,6,0.000,1.00
132.864,7,en_route_delivery,-4.838,0.429,-1.000,1.500,joint_grid_transaction,58,58,5,9,8,0.000,0.75
132.864,8,en_route_delivery,2.278,-2.983,6.000,3.500,joint_grid_transaction,58,58,7,9,7,0.000,1.00
133.120,1,en_route_pickup,-1.795,-0.298,6.000,3.500,_command_reverse,70,22,0,1,9,133.588,1.00
133.120,2,en_route_delivery,3.734,2.030,0.000,-3.500,joint_grid_transaction,58,58,7,9,2,0.000,1.00
133.120,3,en_route_delivery,-4.160,-0.014,0.000,-3.500,_priority_yield_resume,59,58,0,1,3,0.000,0.45
133.120,4,en_route_delivery,4.863,2.419,3.000,-1.500,joint_grid_transaction,58,58,8,9,4,0.000,1.00
133.120,5,en_route_pickup,0.485,3.053,1.000,1.500,joint_grid_transaction,58,58,7,9,5,0.000,1.00
133.120,6,en_route_delivery,-4.991,-2.067,-6.000,3.500,joint_grid_transaction,58,58,7,9,6,0.000,1.00
133.120,7,en_route_delivery,-4.822,0.435,-1.000,1.500,joint_grid_transaction,58,58,5,9,8,0.000,0.75
133.120,8,en_route_delivery,2.316,-2.980,6.000,3.500,joint_grid_transaction,58,58,8,9,7,0.000,1.00
133.376,1,en_route_pickup,-1.795,-0.298,6.000,3.500,_command_reverse,70,22,0,1,9,133.748,1.00
133.376,2,en_route_delivery,3.766,2.033,0.000,-3.500,joint_grid_transaction,58,58,7,9,2,0.000,1.00
133.376,3,en_route_delivery,-4.154,-0.022,0.000,-3.500,_priority_yield_resume,59,58,0,1,3,0.000,0.45
133.376,4,en_route_delivery,4.863,2.419,3.000,-1.500,joint_grid_transaction,58,58,8,9,4,0.000,1.00
133.376,5,en_route_pickup,0.508,3.054,1.000,1.500,joint_grid_transaction,58,58,7,9,5,0.000,1.00
133.376,6,en_route_delivery,-5.012,-2.068,-6.000,3.500,joint_grid_transaction,58,58,7,9,6,0.000,1.00
133.376,7,en_route_delivery,-4.808,0.441,-1.000,1.500,joint_grid_transaction,58,58,5,9,8,0.000,0.75
133.376,8,en_route_delivery,2.353,-2.976,6.000,3.500,joint_grid_transaction,58,58,8,9,7,0.000,1.00
133.632,1,en_route_pickup,-1.795,-0.298,6.000,3.500,_command_reverse,70,22,0,1,9,134.020,1.00
133.632,2,en_route_delivery,3.797,2.036,0.000,-3.500,joint_grid_transaction,58,58,8,9,2,0.000,1.00
133.632,3,en_route_delivery,-4.149,-0.030,0.000,-3.500,_priority_yield_resume,59,58,0,1,3,0.000,0.45
133.632,4,en_route_delivery,4.863,2.419,3.000,-1.500,joint_grid_transaction,58,58,8,9,4,0.000,1.00
133.632,5,en_route_pickup,0.529,3.055,1.000,1.500,joint_grid_transaction,58,58,7,9,5,0.000,1.00
133.632,6,en_route_delivery,-5.034,-2.068,-6.000,3.500,joint_grid_transaction,58,58,7,9,6,0.000,1.00
133.632,7,en_route_delivery,-4.792,0.447,-1.000,1.500,joint_grid_transaction,58,58,5,9,8,0.000,0.75
133.632,8,en_route_delivery,2.389,-2.973,6.000,3.500,joint_grid_transaction,58,58,8,9,7,0.000,1.00
133.888,1,en_route_pickup,-1.795,-0.298,6.000,3.500,_command_reverse,70,22,0,1,9,134.228,1.00
133.888,2,en_route_delivery,3.832,2.039,0.000,-3.500,joint_grid_transaction,58,58,8,9,2,0.000,1.00
133.888,3,en_route_delivery,-4.143,-0.038,0.000,-3.500,_priority_yield_resume,59,58,0,1,3,0.000,0.45
133.888,4,en_route_delivery,4.863,2.419,3.000,-1.500,joint_grid_transaction,58,58,8,9,4,0.000,1.00
133.888,5,en_route_pickup,0.557,3.057,1.000,1.500,joint_grid_transaction,58,58,8,9,5,0.000,1.00
133.888,6,en_route_delivery,-5.068,-2.067,-6.000,3.500,joint_grid_transaction,58,58,8,9,6,0.000,1.00
133.888,7,en_route_delivery,-4.776,0.453,-1.000,1.500,joint_grid_transaction,58,58,5,9,8,0.000,0.75
133.888,8,en_route_delivery,2.424,-2.970,6.000,3.500,joint_grid_transaction,58,58,8,9,7,0.000,1.00
134.144,1,en_route_pickup,-1.795,-0.298,6.000,3.500,_command_reverse,70,22,0,1,9,134.548,1.00
134.144,2,en_route_delivery,3.865,2.042,0.000,-3.500,joint_grid_transaction,58,58,8,9,2,0.000,1.00
134.144,3,en_route_delivery,-4.129,-0.058,0.000,-3.500,joint_grid_transaction,59,58,0,0,3,0.000,1.00
134.144,4,en_route_delivery,4.863,2.419,3.000,-1.500,joint_grid_transaction,58,58,8,9,4,0.000,1.00
134.144,5,en_route_pickup,0.590,3.058,1.000,1.500,joint_grid_transaction,58,58,8,9,5,0.000,1.00
134.144,6,en_route_delivery,-5.107,-2.066,-6.000,3.500,joint_grid_transaction,58,58,8,9,6,0.000,1.00
134.144,7,en_route_delivery,-4.757,0.460,-1.000,1.500,joint_grid_transaction,58,58,5,9,8,0.000,0.75
134.144,8,en_route_delivery,2.457,-2.967,6.000,3.500,joint_grid_transaction,58,58,8,9,7,0.000,1.00
134.400,1,en_route_pickup,-1.795,-0.298,6.000,3.500,_command_reverse,70,22,0,1,9,134.548,1.00
134.400,2,en_route_delivery,3.898,2.045,0.000,-3.500,joint_grid_transaction,58,58,8,9,2,0.000,1.00
134.400,3,en_route_delivery,-4.101,-0.097,0.000,-3.500,joint_grid_transaction,59,58,0,0,3,0.000,1.00
134.400,4,en_route_delivery,4.863,2.419,3.000,-1.500,joint_grid_transaction,58,58,8,9,4,0.000,1.00
134.400,5,en_route_pickup,0.623,3.060,1.000,1.500,joint_grid_transaction,58,58,8,9,5,0.000,1.00
134.400,6,en_route_delivery,-5.146,-2.064,-6.000,3.500,joint_grid_transaction,58,58,8,9,6,0.000,1.00
134.400,7,en_route_delivery,-4.732,0.468,-1.000,1.500,joint_grid_transaction,58,58,5,9,8,0.000,0.75
134.400,8,en_route_delivery,2.489,-2.964,6.000,3.500,joint_grid_transaction,58,58,8,9,7,0.000,1.00
134.656,1,en_route_pickup,-1.795,-0.298,6.000,3.500,_command_reverse,70,22,0,1,9,135.028,1.00
134.656,2,en_route_delivery,3.928,2.048,0.000,-3.500,joint_grid_transaction,58,58,8,9,2,0.000,1.00
134.656,3,en_route_delivery,-4.074,-0.136,0.000,-3.500,joint_grid_transaction,59,58,0,0,3,0.000,1.00
134.656,4,en_route_delivery,4.863,2.419,3.000,-1.500,joint_grid_transaction,58,58,8,9,4,0.000,1.00
134.656,5,en_route_pickup,0.654,3.062,1.000,1.500,joint_grid_transaction,58,58,8,9,5,0.000,1.00
134.656,6,en_route_delivery,-5.186,-2.061,-6.000,3.500,joint_grid_transaction,58,58,8,9,6,0.000,1.00
134.656,7,en_route_delivery,-4.706,0.475,-1.000,1.500,joint_grid_transaction,58,58,6,9,8,0.000,0.75
134.656,8,en_route_delivery,2.519,-2.961,6.000,3.500,joint_grid_transaction,58,58,8,9,7,0.000,1.00
134.912,1,en_route_pickup,-1.795,-0.298,6.000,3.500,_command_reverse,70,22,0,1,9,135.028,1.00
134.912,2,en_route_delivery,3.958,2.051,0.000,-3.500,joint_grid_transaction,58,58,8,9,2,0.000,1.00
134.912,3,en_route_delivery,-4.046,-0.176,0.000,-3.500,joint_grid_transaction,59,58,0,0,3,0.000,1.00
134.912,4,en_route_delivery,4.863,2.419,3.000,-1.500,joint_grid_transaction,58,58,8,9,4,0.000,1.00
134.912,5,en_route_pickup,0.683,3.064,1.000,1.500,joint_grid_transaction,58,58,8,9,5,0.000,1.00
134.912,6,en_route_delivery,-5.226,-2.058,-6.000,3.500,joint_grid_transaction,58,58,8,9,6,0.000,1.00
134.912,7,en_route_delivery,-4.680,0.480,-1.000,1.500,joint_grid_transaction,58,58,6,9,8,0.000,0.75
134.912,8,en_route_delivery,2.535,-2.960,6.000,3.500,joint_grid_transaction,58,58,8,9,7,0.000,1.00
135.168,1,en_route_pickup,-1.791,-0.280,6.000,3.500,_command_reverse,70,22,0,1,9,0.000,1.00
135.168,2,en_route_delivery,3.985,2.053,0.000,-3.500,joint_grid_transaction,85,58,8,13,2,0.000,1.00
135.168,3,en_route_delivery,-4.028,-0.211,0.000,-3.500,joint_grid_transaction,85,58,0,13,3,0.000,1.00
135.168,4,en_route_delivery,4.861,2.417,3.000,-1.500,joint_grid_transaction,85,58,8,12,4,0.000,1.00
135.168,5,en_route_pickup,0.711,3.066,1.000,1.500,joint_grid_transaction,85,58,8,8,5,0.000,1.00
135.168,6,en_route_delivery,-5.268,-2.054,-6.000,3.500,joint_grid_transaction,85,58,8,13,6,0.000,1.00
135.168,7,en_route_delivery,-4.661,0.484,-1.000,1.500,joint_grid_transaction,85,58,6,13,8,0.000,0.75
135.168,8,en_route_delivery,2.542,-2.959,6.000,3.500,joint_grid_transaction,85,58,8,13,7,0.000,1.00
135.424,1,en_route_pickup,-1.781,-0.233,6.000,3.500,_command_reverse,70,22,0,1,9,0.000,1.00
135.424,2,en_route_delivery,4.007,2.055,0.000,-3.500,joint_grid_transaction,85,85,1,13,2,0.000,1.00
135.424,3,en_route_delivery,-4.039,-0.233,0.000,-3.500,joint_grid_transaction,85,85,1,13,3,0.000,1.00
135.424,4,en_route_delivery,4.861,2.417,3.000,-1.500,joint_grid_transaction,85,85,1,12,4,0.000,1.00
135.424,5,en_route_pickup,0.735,3.067,1.000,1.500,joint_grid_transaction,85,85,1,8,5,0.000,1.00
135.424,6,en_route_delivery,-5.312,-2.049,-6.000,3.500,joint_grid_transaction,85,85,2,13,6,0.000,1.00
135.424,7,en_route_delivery,-4.671,0.488,-1.000,1.500,joint_grid_transaction,85,85,1,13,8,0.000,0.75
135.424,8,en_route_delivery,2.576,-2.956,6.000,3.500,joint_grid_transaction,85,85,2,13,7,0.000,1.00
135.680,1,en_route_pickup,-1.771,-0.187,6.000,3.500,_command_reverse,70,22,0,1,9,0.000,1.00
135.680,2,en_route_delivery,4.025,2.056,0.000,-3.500,joint_grid_transaction,85,85,1,13,2,0.000,0.70
135.680,3,en_route_delivery,-4.041,-0.234,0.000,-3.500,joint_grid_transaction,85,85,1,13,3,0.000,1.00
135.680,4,en_route_delivery,4.861,2.417,3.000,-1.500,joint_grid_transaction,85,85,1,12,4,0.000,0.85
135.680,5,en_route_pickup,0.757,3.068,1.000,1.500,joint_grid_transaction,85,85,1,8,5,0.000,1.00
135.680,6,en_route_delivery,-5.360,-2.043,-6.000,3.500,joint_grid_transaction,85,85,2,13,6,0.000,1.00
135.680,7,en_route_delivery,-4.685,0.495,-1.000,1.500,joint_grid_transaction,85,85,1,13,8,0.000,0.75
135.680,8,en_route_delivery,2.608,-2.953,6.000,3.500,joint_grid_transaction,85,85,2,13,7,0.000,1.00
135.936,1,en_route_pickup,-1.763,-0.140,6.000,3.500,_command_reverse,70,22,0,1,9,0.000,1.00
135.936,2,en_route_delivery,4.035,2.056,0.000,-3.500,joint_grid_transaction,85,85,1,13,2,0.000,0.70
135.936,3,en_route_delivery,-4.049,-0.213,0.000,-3.500,joint_grid_transaction,85,85,1,13,3,0.000,1.00
135.936,4,en_route_delivery,4.861,2.417,3.000,-1.500,joint_grid_transaction,85,85,1,12,4,0.000,0.85
135.936,5,en_route_pickup,0.778,3.068,1.000,1.500,joint_grid_transaction,85,85,1,8,5,0.000,1.00
135.936,6,en_route_delivery,-5.408,-2.038,-6.000,3.500,joint_grid_transaction,85,85,2,13,6,0.000,1.00
135.936,7,en_route_delivery,-4.700,0.506,-1.000,1.500,joint_grid_transaction,85,85,1,13,8,0.000,0.75
135.936,8,en_route_delivery,2.640,-2.950,6.000,3.500,joint_grid_transaction,85,85,2,13,7,0.000,1.00
136.192,1,en_route_pickup,-1.755,-0.092,6.000,3.500,_command_reverse,70,22,0,1,9,0.000,1.00
136.192,2,en_route_delivery,4.033,2.056,0.000,-3.500,joint_grid_transaction,85,85,2,13,2,0.000,1.00
136.192,3,en_route_delivery,-4.071,-0.186,0.000,-3.500,joint_grid_transaction,85,85,1,13,3,0.000,1.00
136.192,4,en_route_delivery,4.861,2.417,3.000,-1.500,joint_grid_transaction,85,85,1,12,4,0.000,0.85
136.192,5,en_route_pickup,0.790,3.067,1.000,1.500,joint_grid_transaction,85,85,2,8,5,0.000,1.00
136.192,6,en_route_delivery,-5.455,-2.033,-6.000,3.500,joint_grid_transaction,85,85,2,13,6,0.000,1.00
136.192,7,en_route_delivery,-4.715,0.521,-1.000,1.500,joint_grid_transaction,85,85,1,13,8,0.000,0.75
136.192,8,en_route_delivery,2.670,-2.947,6.000,3.500,joint_grid_transaction,85,85,2,13,7,0.000,1.00
136.448,1,en_route_pickup,-1.747,-0.045,6.000,3.500,joint_grid_transaction,70,22,0,0,9,0.000,1.00
136.448,2,en_route_delivery,4.019,2.050,0.000,-3.500,joint_grid_transaction,85,85,2,13,2,0.000,1.00
136.448,3,en_route_delivery,-4.098,-0.162,0.000,-3.500,joint_grid_transaction,85,85,1,13,3,0.000,1.00
136.448,4,en_route_delivery,4.851,2.406,3.000,-1.500,joint_grid_transaction,85,85,2,12,4,0.000,0.85
136.448,5,en_route_pickup,0.775,3.062,1.000,1.500,joint_grid_transaction,85,85,2,8,5,0.000,1.00
136.448,6,en_route_delivery,-5.503,-2.027,-6.000,3.500,joint_grid_transaction,85,85,2,13,6,0.000,1.00
136.448,7,en_route_delivery,-4.721,0.538,-1.000,1.500,joint_grid_transaction,85,85,1,13,8,0.000,0.75
136.448,8,en_route_delivery,2.698,-2.944,6.000,3.500,joint_grid_transaction,85,85,2,13,7,0.000,1.00
136.704,1,en_route_pickup,-1.744,-0.030,6.000,3.500,joint_grid_transaction,70,22,1,0,9,137.028,1.00
136.704,2,en_route_delivery,4.010,2.041,0.000,-3.500,joint_grid_transaction,85,85,2,13,2,0.000,1.00
136.704,3,en_route_delivery,-4.090,-0.171,0.000,-3.500,joint_grid_transaction,85,85,3,13,3,0.000,1.00
136.704,4,en_route_delivery,4.836,2.387,3.000,-1.500,joint_grid_transaction,85,85,2,12,4,0.000,0.85
136.704,5,en_route_pickup,0.762,3.055,1.000,1.500,joint_grid_transaction,85,85,2,8,5,0.000,1.00
136.704,6,en_route_delivery,-5.550,-2.022,-6.000,3.500,joint_grid_transaction,85,85,3,13,6,0.000,1.00
136.704,7,en_route_delivery,-4.696,0.569,-1.000,1.500,joint_grid_transaction,85,85,2,13,8,0.000,1.00
136.704,8,en_route_delivery,2.725,-2.942,6.000,3.500,joint_grid_transaction,85,85,2,13,7,0.000,1.00
136.960,1,en_route_pickup,-1.744,-0.030,6.000,3.500,joint_grid_transaction,70,22,1,0,9,137.028,1.00
136.960,2,en_route_delivery,4.046,2.012,0.000,-3.500,joint_grid_transaction,85,85,2,13,2,0.000,1.00
136.960,3,en_route_delivery,-4.076,-0.182,0.000,-3.500,joint_grid_transaction,85,85,3,13,3,0.000,1.00
136.960,4,en_route_delivery,4.828,2.372,3.000,-1.500,joint_grid_transaction,85,85,2,12,4,0.000,0.85
136.960,5,en_route_pickup,0.789,3.029,1.000,1.500,joint_grid_transaction,85,85,2,8,5,0.000,1.00
136.960,6,en_route_delivery,-5.594,-2.018,-6.000,3.500,joint_grid_transaction,85,85,3,13,6,0.000,1.00
136.960,7,en_route_delivery,-4.664,0.604,-1.000,1.500,joint_grid_transaction,85,85,2,13,8,0.000,1.00
136.960,8,en_route_delivery,2.746,-2.941,6.000,3.500,joint_grid_transaction,85,85,2,13,7,0.000,1.00
137.216,1,en_route_pickup,-1.744,-0.030,6.000,3.500,joint_grid_transaction,70,22,1,0,9,0.000,1.00
137.216,2,en_route_delivery,4.079,1.982,0.000,-3.500,joint_grid_transaction,86,86,2,13,2,0.000,1.00
137.216,3,en_route_delivery,-4.102,-0.215,0.000,-3.500,joint_grid_transaction,86,86,1,12,3,0.000,1.00
137.216,4,en_route_delivery,4.827,2.367,3.000,-1.500,joint_grid_transaction,86,86,2,13,4,0.000,1.00
137.216,5,en_route_pickup,0.821,2.999,1.000,1.500,joint_grid_transaction,86,86,2,8,5,0.000,1.00
137.216,6,en_route_delivery,-5.637,-2.013,-6.000,3.500,joint_grid_transaction,86,86,2,13,6,0.000,1.00
137.216,7,en_route_delivery,-4.645,0.590,-1.000,1.500,joint_grid_transaction,86,86,2,13,8,0.000,1.00
137.216,8,en_route_delivery,2.767,-2.940,6.000,3.500,joint_grid_transaction,86,86,1,13,7,0.000,1.00
137.472,1,en_route_pickup,-1.744,-0.030,6.000,3.500,joint_grid_transaction,70,22,1,0,9,0.000,1.00
137.472,2,en_route_delivery,4.111,1.948,0.000,-3.500,joint_grid_transaction,86,86,2,13,2,0.000,1.00
137.472,3,en_route_delivery,-4.130,-0.252,0.000,-3.500,joint_grid_transaction,86,86,1,12,3,0.000,1.00
137.472,4,en_route_delivery,4.827,2.367,3.000,-1.500,joint_grid_transaction,86,86,2,13,4,0.000,1.00
137.472,5,en_route_pickup,0.854,2.965,1.000,1.500,joint_grid_transaction,86,86,2,8,5,0.000,1.00
137.472,6,en_route_delivery,-5.680,-2.009,-6.000,3.500,joint_grid_transaction,86,86,2,13,6,0.000,1.00
137.472,7,en_route_delivery,-4.624,0.576,-1.000,1.500,joint_grid_transaction,86,86,2,13,8,0.000,1.00
137.472,8,en_route_delivery,2.789,-2.939,6.000,3.500,joint_grid_transaction,86,86,1,13,7,0.000,1.00
137.728,1,en_route_pickup,-1.744,-0.030,6.000,3.500,joint_grid_transaction,70,22,1,0,9,0.000,1.00
137.728,2,en_route_delivery,4.116,1.935,0.000,-3.500,_priority_yield_resume,87,86,0,2,2,0.000,0.55
137.728,3,en_route_delivery,-4.135,-0.266,0.000,-3.500,_priority_yield_resume,88,86,0,2,3,0.000,0.55
137.728,4,en_route_delivery,4.827,2.367,3.000,-1.500,joint_grid_transaction,86,86,2,13,4,0.000,1.00
137.728,5,en_route_pickup,0.880,2.933,1.000,1.500,joint_grid_transaction,86,86,2,8,5,0.000,1.00
137.728,6,en_route_delivery,-5.722,-2.005,-6.000,3.500,joint_grid_transaction,86,86,2,13,6,0.000,1.00
137.728,7,en_route_delivery,-4.614,0.572,-1.000,1.500,joint_grid_transaction,86,86,2,13,8,0.000,1.00
137.728,8,en_route_delivery,2.824,-2.938,6.000,3.500,joint_grid_transaction,86,86,2,13,7,0.000,1.00
137.984,1,en_route_pickup,-1.744,-0.030,6.000,3.500,joint_grid_transaction,70,22,1,0,9,0.000,1.00
137.984,2,en_route_delivery,4.112,1.929,0.000,-3.500,_priority_yield_resume,87,86,0,2,2,0.000,0.55
137.984,3,en_route_delivery,-4.132,-0.270,0.000,-3.500,_priority_yield_resume,88,86,0,2,3,0.000,0.55
137.984,4,en_route_delivery,4.827,2.367,3.000,-1.500,joint_grid_transaction,86,86,2,13,4,0.000,1.00
137.984,5,en_route_pickup,0.880,2.933,1.000,1.500,joint_grid_transaction,86,86,2,8,5,0.000,1.00
137.984,6,en_route_delivery,-5.764,-2.001,-6.000,3.500,joint_grid_transaction,86,86,2,13,6,0.000,1.00
137.984,7,en_route_delivery,-4.598,0.573,-1.000,1.500,joint_grid_transaction,86,86,2,13,8,0.000,1.00
137.984,8,en_route_delivery,2.858,-2.937,6.000,3.500,joint_grid_transaction,86,86,2,13,7,0.000,1.00
138.240,1,en_route_pickup,-1.744,-0.030,6.000,3.500,joint_grid_transaction,70,22,1,0,9,0.000,1.00
138.240,2,en_route_delivery,4.109,1.924,0.000,-3.500,_priority_yield_resume,87,86,0,2,2,0.000,0.55
138.240,3,en_route_delivery,-4.130,-0.273,0.000,-3.500,_priority_yield_resume,88,86,0,2,3,0.000,0.55
138.240,4,en_route_delivery,4.827,2.367,3.000,-1.500,joint_grid_transaction,86,86,2,13,4,0.000,1.00
138.240,5,en_route_pickup,0.880,2.933,1.000,1.500,joint_grid_transaction,86,86,2,8,5,0.000,1.00
138.240,6,en_route_delivery,-5.781,-1.999,-6.000,3.500,joint_grid_transaction,86,86,2,13,6,0.000,1.00
138.240,7,en_route_delivery,-4.576,0.575,-1.000,1.500,joint_grid_transaction,86,86,2,13,8,0.000,1.00
138.240,8,en_route_delivery,2.890,-2.936,6.000,3.500,joint_grid_transaction,86,86,2,13,7,0.000,1.00
138.496,1,en_route_pickup,-1.744,-0.030,6.000,3.500,joint_grid_transaction,70,22,1,0,9,0.000,1.00
138.496,2,en_route_delivery,4.106,1.920,0.000,-3.500,_priority_yield_resume,87,86,0,2,2,0.000,0.55
138.496,3,en_route_delivery,-4.129,-0.276,0.000,-3.500,_priority_yield_resume,88,86,0,2,3,0.000,0.55
138.496,4,en_route_delivery,4.826,2.371,3.000,-1.500,joint_grid_transaction,86,86,3,13,4,0.000,1.00
138.496,5,en_route_pickup,0.873,2.924,1.000,1.500,joint_grid_transaction,86,86,3,8,5,0.000,1.00
138.496,6,en_route_delivery,-5.774,-1.997,-6.000,3.500,joint_grid_transaction,86,86,3,13,6,0.000,1.00
138.496,7,en_route_delivery,-4.555,0.576,-1.000,1.500,joint_grid_transaction,86,86,2,13,8,0.000,1.00
138.496,8,en_route_delivery,2.921,-2.935,6.000,3.500,joint_grid_transaction,86,86,2,13,7,0.000,1.00
138.752,1,en_route_pickup,-1.744,-0.030,6.000,3.500,joint_grid_transaction,70,22,1,0,9,0.000,1.00
138.752,2,en_route_delivery,4.104,1.917,0.000,-3.500,_priority_yield_resume,87,86,0,2,2,0.000,0.55
138.752,3,en_route_delivery,-4.132,-0.285,0.000,-3.500,_priority_yield_resume,88,86,0,2,3,0.000,0.55
138.752,4,en_route_delivery,4.817,2.392,3.000,-1.500,joint_grid_transaction,86,86,3,13,4,0.000,1.00
138.752,5,en_route_pickup,0.895,2.886,1.000,1.500,joint_grid_transaction,86,86,3,8,5,0.000,1.00
138.752,6,en_route_delivery,-5.763,-1.992,-6.000,3.500,joint_grid_transaction,86,86,3,13,6,0.000,1.00
138.752,7,en_route_delivery,-4.533,0.576,-1.000,1.500,joint_grid_transaction,86,86,2,13,8,0.000,1.00
138.752,8,en_route_delivery,2.949,-2.934,6.000,3.500,joint_grid_transaction,86,86,2,13,7,0.000,1.00
139.008,1,en_route_pickup,-1.744,-0.030,6.000,3.500,joint_grid_transaction,70,22,1,0,9,0.000,1.00
139.008,2,en_route_delivery,4.103,1.914,0.000,-3.500,_priority_yield_resume,87,86,0,2,2,0.000,0.55
139.008,3,en_route_delivery,-4.137,-0.298,0.000,-3.500,_priority_yield_resume,88,86,0,2,3,0.000,0.55
139.008,4,en_route_delivery,4.795,2.419,3.000,-1.500,joint_grid_transaction,86,86,3,13,4,0.000,1.00
139.008,5,en_route_pickup,0.915,2.843,1.000,1.500,joint_grid_transaction,86,86,3,8,5,0.000,1.00
139.008,6,en_route_delivery,-5.789,-1.971,-6.000,3.500,joint_grid_transaction,86,86,3,13,6,0.000,1.00
139.008,7,en_route_delivery,-4.511,0.577,-1.000,1.500,joint_grid_transaction,86,86,2,13,8,0.000,1.00
139.008,8,en_route_delivery,2.975,-2.932,6.000,3.500,joint_grid_transaction,86,86,2,13,7,0.000,1.00
139.264,1,en_route_pickup,-1.744,-0.030,6.000,3.500,joint_grid_transaction,70,22,1,0,9,0.000,1.00
139.264,2,en_route_delivery,4.105,1.905,0.000,-3.500,_priority_yield_resume,87,86,0,2,2,0.000,0.55
139.264,3,en_route_delivery,-4.141,-0.312,0.000,-3.500,_priority_yield_resume,88,86,0,2,3,0.000,0.55
139.264,4,en_route_delivery,4.768,2.443,3.000,-1.500,joint_grid_transaction,86,86,3,13,4,0.000,1.00
139.264,5,en_route_pickup,0.931,2.799,1.000,1.500,joint_grid_transaction,86,86,3,8,5,0.000,1.00
139.264,6,en_route_delivery,-5.826,-1.943,-6.000,3.500,joint_grid_transaction,86,86,3,13,6,0.000,1.00
139.264,7,en_route_delivery,-4.488,0.577,-1.000,1.500,joint_grid_transaction,86,86,2,13,8,0.000,1.00
139.264,8,en_route_delivery,2.997,-2.932,6.000,3.500,joint_grid_transaction,86,86,2,13,7,0.000,1.00
139.520,1,en_route_pickup,-1.744,-0.030,6.000,3.500,joint_grid_transaction,70,22,1,0,9,0.000,1.00
139.520,2,en_route_delivery,4.110,1.892,0.000,-3.500,_priority_yield_resume,87,86,0,2,2,0.000,0.55
139.520,3,en_route_delivery,-4.145,-0.326,0.000,-3.500,_priority_yield_resume,88,86,0,2,3,0.000,0.55
139.520,4,en_route_delivery,4.751,2.452,3.000,-1.500,joint_grid_transaction,86,86,3,13,4,0.000,1.00
139.520,5,en_route_pickup,0.945,2.753,1.000,1.500,joint_grid_transaction,86,86,3,8,5,0.000,1.00
139.520,6,en_route_delivery,-5.857,-1.915,-6.000,3.500,joint_grid_transaction,86,86,3,13,6,0.000,1.00
139.520,7,en_route_delivery,-4.464,0.575,-1.000,1.500,joint_grid_transaction,86,86,2,13,8,0.000,1.00
139.520,8,en_route_delivery,3.019,-2.931,6.000,3.500,joint_grid_transaction,86,86,2,13,7,0.000,1.00
139.776,1,en_route_pickup,-1.744,-0.030,6.000,3.500,joint_grid_transaction,70,22,1,0,9,0.000,1.00
139.776,2,en_route_delivery,4.115,1.879,0.000,-3.500,_priority_yield_resume,87,86,0,2,2,0.000,0.55
139.776,3,en_route_delivery,-4.149,-0.339,0.000,-3.500,_priority_yield_resume,88,86,0,2,3,0.000,0.55
139.776,4,en_route_delivery,4.743,2.453,3.000,-1.500,joint_grid_transaction,86,86,3,13,4,0.000,1.00
139.776,5,en_route_pickup,0.957,2.707,1.000,1.500,joint_grid_transaction,86,86,3,8,5,0.000,1.00
139.776,6,en_route_delivery,-5.843,-1.901,-6.000,3.500,joint_grid_transaction,86,86,4,13,6,0.000,1.00
139.776,7,en_route_delivery,-4.458,0.575,-1.000,1.500,joint_grid_transaction,86,86,3,13,8,0.000,1.00
139.776,8,en_route_delivery,3.041,-2.931,6.000,3.500,joint_grid_transaction,86,86,2,13,7,0.000,1.00
140.032,1,en_route_pickup,-1.744,-0.030,6.000,3.500,joint_grid_transaction,70,22,1,0,9,0.000,1.00
140.032,2,en_route_delivery,4.119,1.865,0.000,-3.500,_priority_yield_resume,87,86,0,2,2,0.000,0.55
140.032,3,en_route_delivery,-4.152,-0.353,0.000,-3.500,_priority_yield_resume,88,86,0,2,3,0.000,0.55
140.032,4,en_route_delivery,4.723,2.452,3.000,-1.500,joint_grid_transaction,86,86,3,13,4,0.000,1.00
140.032,5,en_route_pickup,0.967,2.661,1.000,1.500,joint_grid_transaction,86,86,4,8,5,0.000,1.00
140.032,6,en_route_delivery,-5.861,-1.870,-6.000,3.500,joint_grid_transaction,86,86,4,13,6,0.000,1.00
140.032,7,en_route_delivery,-4.467,0.578,-1.000,1.500,joint_grid_transaction,86,86,3,13,8,0.000,1.00
140.032,8,en_route_delivery,3.080,-2.933,6.000,3.500,joint_grid_transaction,86,86,3,13,7,0.000,1.00
140.288,1,en_route_pickup,-1.744,-0.030,6.000,3.500,joint_grid_transaction,70,22,1,0,9,0.000,1.00
140.288,2,en_route_delivery,4.123,1.852,0.000,-3.500,_priority_yield_resume,87,86,0,2,2,0.000,0.55
140.288,3,en_route_delivery,-4.155,-0.367,0.000,-3.500,_priority_yield_resume,88,86,0,2,3,0.000,0.55
140.288,4,en_route_delivery,4.696,2.450,3.000,-1.500,joint_grid_transaction,86,86,4,13,4,0.000,1.00
140.288,5,en_route_pickup,0.975,2.614,1.000,1.500,joint_grid_transaction,86,86,4,8,5,0.000,1.00
140.288,6,en_route_delivery,-5.885,-1.829,-6.000,3.500,joint_grid_transaction,86,86,4,13,6,0.000,1.00
140.288,7,en_route_delivery,-4.433,0.596,-1.000,1.500,joint_grid_transaction,86,86,3,13,8,0.000,1.00
140.288,8,en_route_delivery,3.119,-2.935,6.000,3.500,joint_grid_transaction,86,86,3,13,7,0.000,1.00
140.544,1,en_route_pickup,-1.744,-0.030,6.000,3.500,joint_grid_transaction,70,22,1,0,9,141.028,1.00
140.544,2,en_route_delivery,4.127,1.838,0.000,-3.500,_priority_yield_resume,87,86,0,2,2,0.000,0.55
140.544,3,en_route_delivery,-4.158,-0.381,0.000,-3.500,_priority_yield_resume,88,86,0,2,3,0.000,0.55
140.544,4,en_route_delivery,4.662,2.447,3.000,-1.500,joint_grid_transaction,86,86,4,13,4,0.000,1.00
140.544,5,en_route_pickup,0.981,2.567,1.000,1.500,joint_grid_transaction,86,86,4,8,5,0.000,1.00
140.544,6,en_route_delivery,-5.906,-1.787,-6.000,3.500,joint_grid_transaction,86,86,4,13,6,0.000,1.00
140.544,7,en_route_delivery,-4.418,0.612,-1.000,1.500,joint_grid_transaction,86,86,4,13,8,0.000,1.00
140.544,8,en_route_delivery,3.160,-2.937,6.000,3.500,joint_grid_transaction,86,86,3,13,7,0.000,1.00
140.800,1,en_route_pickup,-1.744,-0.030,6.000,3.500,joint_grid_transaction,70,22,1,0,9,141.028,1.00
140.800,2,en_route_delivery,4.131,1.824,0.000,-3.500,_priority_yield_resume,87,86,0,2,2,0.000,0.55
140.800,3,en_route_delivery,-4.160,-0.395,0.000,-3.500,_priority_yield_resume,88,86,0,2,3,0.000,0.55
140.800,4,en_route_delivery,4.635,2.445,3.000,-1.500,joint_grid_transaction,86,86,4,13,4,0.000,1.00
140.800,5,en_route_pickup,0.985,2.520,1.000,1.500,joint_grid_transaction,86,86,4,8,5,0.000,1.00
140.800,6,en_route_delivery,-5.924,-1.743,-6.000,3.500,joint_grid_transaction,86,86,4,13,6,0.000,1.00
140.800,7,en_route_delivery,-4.432,0.625,-1.000,1.500,joint_grid_transaction,86,86,4,13,8,0.000,1.00
140.800,8,en_route_delivery,3.201,-2.940,6.000,3.500,joint_grid_transaction,86,86,3,13,7,0.000,1.00
141.056,1,en_route_pickup,-1.744,-0.030,6.000,3.500,joint_grid_transaction,70,22,1,0,9,0.000,1.00
141.056,2,en_route_delivery,4.134,1.810,0.000,-3.500,_priority_yield_resume,87,86,0,2,2,0.000,0.55
141.056,3,en_route_delivery,-4.162,-0.410,0.000,-3.500,_priority_yield_resume,88,86,0,2,3,0.000,0.55
141.056,4,en_route_delivery,4.623,2.444,3.000,-1.500,joint_grid_transaction,86,86,4,13,4,0.000,1.00
141.056,5,en_route_pickup,0.990,2.476,1.000,1.500,joint_grid_transaction,86,86,4,8,5,0.000,1.00
141.056,6,en_route_delivery,-5.941,-1.699,-6.000,3.500,joint_grid_transaction,86,86,4,13,6,0.000,1.00
141.056,7,en_route_delivery,-4.418,0.652,-1.000,1.500,joint_grid_transaction,86,86,4,13,8,0.000,1.00
141.056,8,en_route_delivery,3.244,-2.945,6.000,3.500,joint_grid_transaction,86,86,3,13,7,0.000,1.00
141.312,1,en_route_pickup,-1.744,-0.030,6.000,3.500,joint_grid_transaction,70,22,1,0,9,0.000,1.00
141.312,2,en_route_delivery,4.137,1.796,0.000,-3.500,_priority_yield_resume,87,86,0,2,2,0.000,0.55
141.312,3,en_route_delivery,-4.165,-0.424,0.000,-3.500,_priority_yield_resume,88,86,0,2,3,0.000,0.55
141.312,4,en_route_delivery,4.609,2.442,3.000,-1.500,joint_grid_transaction,86,86,4,13,4,0.000,1.00
141.312,5,en_route_pickup,0.994,2.433,1.000,1.500,joint_grid_transaction,86,86,5,8,5,0.000,1.00
141.312,6,en_route_delivery,-5.954,-1.654,-6.000,3.500,joint_grid_transaction,86,86,5,13,6,0.000,1.00
141.312,7,en_route_delivery,-4.390,0.690,-1.000,1.500,joint_grid_transaction,86,86,4,13,8,0.000,1.00
141.312,8,en_route_delivery,3.288,-2.951,6.000,3.500,joint_grid_transaction,86,86,3,13,7,0.000,1.00
141.568,1,en_route_pickup,-1.744,-0.030,6.000,3.500,joint_grid_transaction,70,22,1,0,9,142.020,1.00
141.568,2,en_route_delivery,4.139,1.782,0.000,-3.500,_priority_yield_resume,87,86,0,2,2,0.000,0.45
141.568,3,en_route_delivery,-4.167,-0.438,0.000,-3.500,_priority_yield_resume,88,86,0,2,3,0.000,0.55
141.568,4,en_route_delivery,4.595,2.440,3.000,-1.500,joint_grid_transaction,86,86,4,13,4,0.000,0.75
141.568,5,en_route_pickup,0.998,2.392,1.000,1.500,joint_grid_transaction,86,86,5,8,5,0.000,1.00
141.568,6,en_route_delivery,-5.964,-1.607,-6.000,3.500,joint_grid_transaction,86,86,5,13,6,0.000,1.00
141.568,7,en_route_delivery,-4.366,0.730,-1.000,1.500,joint_grid_transaction,86,86,4,13,8,0.000,1.00
141.568,8,en_route_delivery,3.335,-2.957,6.000,3.500,joint_grid_transaction,86,86,4,13,7,0.000,1.00
141.824,1,en_route_pickup,-1.744,-0.030,6.000,3.500,joint_grid_transaction,70,22,1,0,9,142.020,1.00
141.824,2,en_route_delivery,4.141,1.773,0.000,-3.500,_priority_yield_resume,87,86,0,2,2,0.000,0.45
141.824,3,en_route_delivery,-4.169,-0.453,0.000,-3.500,_priority_yield_resume,88,86,0,2,3,0.000,0.55
141.824,4,en_route_delivery,4.585,2.439,3.000,-1.500,joint_grid_transaction,86,86,4,13,4,0.000,0.75
141.824,5,en_route_pickup,1.001,2.351,1.000,1.500,joint_grid_transaction,86,86,5,8,5,0.000,1.00
141.824,6,en_route_delivery,-5.972,-1.560,-6.000,3.500,joint_grid_transaction,86,86,5,13,6,0.000,1.00
141.824,7,en_route_delivery,-4.343,0.772,-1.000,1.500,joint_grid_transaction,86,86,4,13,8,0.000,1.00
141.824,8,en_route_delivery,3.383,-2.962,6.000,3.500,joint_grid_transaction,86,86,4,13,7,0.000,1.00
142.080,1,en_route_pickup,-1.744,-0.030,6.000,3.500,joint_grid_transaction,70,22,1,0,9,142.516,1.00
142.080,2,en_route_delivery,4.143,1.763,0.000,-3.500,_priority_yield_resume,87,86,0,2,2,0.000,0.45
142.080,3,en_route_delivery,-4.170,-0.467,0.000,-3.500,_priority_yield_resume,88,86,0,2,3,0.000,0.55
142.080,4,en_route_delivery,4.574,2.438,3.000,-1.500,joint_grid_transaction,86,86,4,13,4,0.000,0.75
142.080,5,en_route_pickup,1.005,2.311,1.000,1.500,joint_grid_transaction,86,86,5,8,5,0.000,1.00
142.080,6,en_route_delivery,-5.978,-1.513,-6.000,3.500,joint_grid_transaction,86,86,5,13,6,0.000,1.00
142.080,7,en_route_delivery,-4.323,0.815,-1.000,1.500,joint_grid_transaction,86,86,4,13,8,0.000,1.00
142.080,8,en_route_delivery,3.430,-2.968,6.000,3.500,joint_grid_transaction,86,86,4,13,7,0.000,1.00
142.336,1,en_route_pickup,-1.744,-0.030,6.000,3.500,joint_grid_transaction,70,22,1,0,9,142.516,1.00
142.336,2,en_route_delivery,4.144,1.754,0.000,-3.500,_priority_yield_resume,87,86,0,2,2,0.000,0.45
142.336,3,en_route_delivery,-4.172,-0.481,0.000,-3.500,_priority_yield_resume,88,86,0,2,3,0.000,0.55
142.336,4,en_route_delivery,4.562,2.437,3.000,-1.500,joint_grid_transaction,86,86,4,13,4,0.000,0.75
142.336,5,en_route_pickup,1.009,2.271,1.000,1.500,joint_grid_transaction,86,86,5,8,5,0.000,1.00
142.336,6,en_route_delivery,-5.984,-1.466,-6.000,3.500,joint_grid_transaction,86,86,5,13,6,0.000,1.00
142.336,7,en_route_delivery,-4.308,0.859,-1.000,1.500,joint_grid_transaction,86,86,5,13,8,0.000,1.00
142.336,8,en_route_delivery,3.478,-2.973,6.000,3.500,joint_grid_transaction,86,86,4,13,7,0.000,1.00
142.592,1,en_route_pickup,-1.744,-0.030,6.000,3.500,joint_grid_transaction,70,22,1,0,9,143.028,1.00
142.592,2,en_route_delivery,4.146,1.744,0.000,-3.500,_priority_yield_resume,87,86,0,2,2,0.000,0.45
142.592,3,en_route_delivery,-4.174,-0.496,0.000,-3.500,_priority_yield_resume,88,86,0,2,3,0.000,0.55
142.592,4,en_route_delivery,4.550,2.436,3.000,-1.500,joint_grid_transaction,86,86,4,13,4,0.000,0.75
142.592,5,en_route_pickup,1.012,2.233,1.000,1.500,joint_grid_transaction,86,86,5,8,5,0.000,1.00
142.592,6,en_route_delivery,-5.988,-1.421,-6.000,3.500,joint_grid_transaction,86,86,6,13,6,0.000,1.00
142.592,7,en_route_delivery,-4.295,0.905,-1.000,1.500,joint_grid_transaction,86,86,5,13,8,0.000,1.00
142.592,8,en_route_delivery,3.525,-2.978,6.000,3.500,joint_grid_transaction,86,86,4,13,7,0.000,1.00
142.848,1,en_route_pickup,-1.744,-0.030,6.000,3.500,joint_grid_transaction,70,22,1,0,9,143.028,1.00
142.848,2,en_route_delivery,4.147,1.735,0.000,-3.500,_priority_yield_resume,87,86,0,2,2,0.000,0.45
142.848,3,en_route_delivery,-4.175,-0.510,0.000,-3.500,_priority_yield_resume,88,86,0,2,3,0.000,0.55
142.848,4,en_route_delivery,4.538,2.435,3.000,-1.500,joint_grid_transaction,86,86,4,13,4,0.000,0.75
142.848,5,en_route_pickup,1.016,2.196,1.000,1.500,joint_grid_transaction,86,86,6,8,5,0.000,1.00
142.848,6,en_route_delivery,-5.992,-1.378,-6.000,3.500,joint_grid_transaction,86,86,6,13,6,0.000,1.00
142.848,7,en_route_delivery,-4.286,0.952,-1.000,1.500,joint_grid_transaction,86,86,5,13,8,0.000,1.00
142.848,8,en_route_delivery,3.570,-2.983,6.000,3.500,joint_grid_transaction,86,86,5,13,7,0.000,1.00
143.104,1,en_route_pickup,-1.744,-0.030,6.000,3.500,joint_grid_transaction,70,22,1,0,9,143.524,1.00
143.104,2,en_route_delivery,4.149,1.725,0.000,-3.500,_priority_yield_resume,87,86,0,2,2,0.000,0.45
143.104,3,en_route_delivery,-4.177,-0.523,0.000,-3.500,_priority_yield_resume,88,86,0,2,3,0.000,0.55
143.104,4,en_route_delivery,4.525,2.434,3.000,-1.500,joint_grid_transaction,86,86,4,13,4,0.000,0.75
143.104,5,en_route_pickup,1.019,2.158,1.000,1.500,joint_grid_transaction,86,86,6,8,5,0.000,1.00
143.104,6,en_route_delivery,-5.996,-1.336,-6.000,3.500,joint_grid_transaction,86,86,6,13,6,0.000,1.00
143.104,7,en_route_delivery,-4.277,0.998,-1.000,1.500,joint_grid_transaction,86,86,5,13,8,0.000,1.00
143.104,8,en_route_delivery,3.613,-2.987,6.000,3.500,joint_grid_transaction,86,86,5,13,7,0.000,1.00
143.360,1,en_route_pickup,-1.744,-0.030,6.000,3.500,joint_grid_transaction,70,22,1,0,9,143.524,1.00
143.360,2,en_route_delivery,4.150,1.716,0.000,-3.500,_priority_yield_resume,87,86,0,2,2,0.000,0.45
143.360,3,en_route_delivery,-4.178,-0.537,0.000,-3.500,_priority_yield_resume,88,86,0,2,3,0.000,0.55
143.360,4,en_route_delivery,4.514,2.433,3.000,-1.500,joint_grid_transaction,86,86,4,13,4,0.000,0.75
143.360,5,en_route_pickup,1.023,2.121,1.000,1.500,joint_grid_transaction,86,86,6,8,5,0.000,1.00
143.360,6,en_route_delivery,-6.000,-1.294,-6.000,3.500,joint_grid_transaction,86,86,6,13,6,0.000,1.00
143.360,7,en_route_delivery,-4.270,1.045,-1.000,1.500,joint_grid_transaction,86,86,5,13,8,0.000,1.00
143.360,8,en_route_delivery,3.655,-2.991,6.000,3.500,joint_grid_transaction,86,86,5,13,7,0.000,1.00
143.616,1,en_route_pickup,-1.744,-0.030,6.000,3.500,joint_grid_transaction,70,22,1,0,9,144.020,1.00
143.616,2,en_route_delivery,4.151,1.706,0.000,-3.500,_priority_yield_resume,87,86,0,2,2,0.000,0.45
143.616,3,en_route_delivery,-4.180,-0.551,0.000,-3.500,_priority_yield_resume,88,86,0,2,3,0.000,0.55
143.616,4,en_route_delivery,4.502,2.433,3.000,-1.500,joint_grid_transaction,86,86,4,13,4,0.000,0.75
143.616,5,en_route_delivery,1.026,2.085,6.000,-3.500,joint_grid_transaction,86,86,6,3,5,0.000,1.00
143.616,6,en_route_delivery,-6.004,-1.254,-6.000,3.500,joint_grid_transaction,86,86,6,13,6,0.000,1.00
143.616,7,en_route_delivery,-4.265,1.093,-1.000,1.500,joint_grid_transaction,86,86,6,13,8,0.000,1.00
143.616,8,en_route_delivery,3.698,-2.995,6.000,3.500,joint_grid_transaction,86,86,5,13,7,0.000,1.00
143.872,1,en_route_pickup,-1.744,-0.030,6.000,3.500,joint_grid_transaction,70,22,1,0,9,144.020,1.00
143.872,2,en_route_delivery,4.153,1.696,0.000,-3.500,_priority_yield_resume,87,86,0,2,2,0.000,0.45
143.872,3,en_route_delivery,-4.181,-0.565,0.000,-3.500,_priority_yield_resume,88,86,0,2,3,0.000,0.55
143.872,4,en_route_delivery,4.489,2.432,3.000,-1.500,joint_grid_transaction,86,86,4,13,4,0.000,0.75
143.872,5,en_route_delivery,1.029,2.050,6.000,-3.500,joint_grid_transaction,86,86,6,3,5,0.000,1.00
143.872,6,en_route_delivery,-6.007,-1.214,-6.000,3.500,joint_grid_transaction,86,86,7,13,6,0.000,1.00
143.872,7,en_route_delivery,-4.261,1.138,-1.000,1.500,joint_grid_transaction,86,86,6,13,8,0.000,1.00
143.872,8,en_route_delivery,3.739,-2.999,6.000,3.500,joint_grid_transaction,86,86,5,13,7,0.000,1.00
144.128,1,en_route_pickup,-1.744,-0.030,6.000,3.500,joint_grid_transaction,70,22,1,0,9,144.516,1.00
144.128,2,en_route_delivery,4.154,1.687,0.000,-3.500,_priority_yield_resume,87,86,0,2,2,0.000,0.45
144.128,3,en_route_delivery,-4.183,-0.579,0.000,-3.500,_priority_yield_resume,88,86,0,2,3,0.000,0.55
144.128,4,en_route_delivery,4.478,2.432,3.000,-1.500,joint_grid_transaction,86,86,4,13,4,0.000,0.75
144.128,5,en_route_delivery,1.032,2.017,6.000,-3.500,joint_grid_transaction,86,86,6,3,5,0.000,1.00
144.128,6,en_route_delivery,-6.011,-1.175,-6.000,3.500,joint_grid_transaction,86,86,7,13,6,0.000,1.00
144.128,7,en_route_delivery,-4.257,1.181,-1.000,1.500,joint_grid_transaction,86,86,6,13,8,0.000,1.00
144.128,8,en_route_delivery,3.779,-3.003,6.000,3.500,joint_grid_transaction,86,86,5,13,7,0.000,1.00
144.384,1,en_route_pickup,-1.744,-0.030,6.000,3.500,joint_grid_transaction,70,22,1,0,9,144.516,1.00
144.384,2,en_route_delivery,4.155,1.677,0.000,-3.500,_priority_yield_resume,87,86,0,2,2,0.000,0.45
144.384,3,en_route_delivery,-4.184,-0.592,0.000,-3.500,_priority_yield_resume,88,86,0,2,3,0.000,0.55
144.384,4,en_route_delivery,4.465,2.432,3.000,-1.500,joint_grid_transaction,86,86,4,13,4,0.000,0.75
144.384,5,en_route_delivery,1.035,1.985,6.000,-3.500,joint_grid_transaction,86,86,6,3,5,0.000,1.00
144.384,6,en_route_delivery,-6.014,-1.136,-6.000,3.500,joint_grid_transaction,86,86,7,13,6,0.000,1.00
144.384,7,en_route_delivery,-4.253,1.223,-1.000,1.500,joint_grid_transaction,86,86,6,13,8,0.000,1.00
144.384,8,en_route_delivery,3.819,-3.007,6.000,3.500,joint_grid_transaction,86,86,6,13,7,0.000,1.00
144.640,1,en_route_pickup,-1.744,-0.030,6.000,3.500,joint_grid_transaction,70,22,1,0,9,145.028,1.00
144.640,2,en_route_delivery,4.157,1.668,0.000,-3.500,_priority_yield_resume,87,86,0,2,2,0.000,0.45
144.640,3,en_route_delivery,-4.185,-0.606,0.000,-3.500,_priority_yield_resume,88,86,0,2,3,0.000,0.55
144.640,4,en_route_delivery,4.459,2.432,3.000,-1.500,joint_grid_transaction,86,86,4,13,4,0.000,0.75
144.640,5,en_route_delivery,1.038,1.954,6.000,-3.500,joint_grid_transaction,86,86,6,3,5,0.000,1.00
144.640,6,en_route_delivery,-6.018,-1.098,-6.000,3.500,joint_grid_transaction,86,86,7,13,6,0.000,1.00
144.640,7,en_route_delivery,-4.250,1.265,-1.000,1.500,joint_grid_transaction,86,86,6,13,8,0.000,1.00
144.640,8,en_route_delivery,3.858,-3.011,6.000,3.500,joint_grid_transaction,86,86,6,13,7,0.000,1.00
144.896,1,en_route_pickup,-1.744,-0.030,6.000,3.500,joint_grid_transaction,70,22,1,0,9,145.028,1.00
144.896,2,en_route_delivery,4.158,1.658,0.000,-3.500,_priority_yield_resume,87,86,0,2,2,0.000,0.45
144.896,3,en_route_delivery,-4.187,-0.620,0.000,-3.500,_priority_yield_resume,88,86,0,2,3,0.000,0.55
144.896,4,en_route_delivery,4.464,2.432,3.000,-1.500,joint_grid_transaction,86,86,5,13,4,0.000,0.75
144.896,5,en_route_delivery,1.041,1.920,6.000,-3.500,joint_grid_transaction,86,86,7,3,5,0.000,1.00
144.896,6,en_route_delivery,-6.021,-1.061,-6.000,3.500,joint_grid_transaction,86,86,7,13,6,0.000,1.00
144.896,7,en_route_delivery,-4.246,1.306,-1.000,1.500,joint_grid_transaction,86,86,7,13,8,0.000,1.00
144.896,8,en_route_delivery,3.896,-3.015,6.000,3.500,joint_grid_transaction,86,86,6,13,7,0.000,1.00
145.152,1,en_route_pickup,-1.744,-0.030,6.000,3.500,joint_grid_transaction,70,22,1,0,9,145.524,1.00
145.152,2,en_route_delivery,4.159,1.648,0.000,-3.500,_priority_yield_resume,87,86,0,2,2,0.000,0.45
145.152,3,en_route_delivery,-4.188,-0.634,0.000,-3.500,_priority_yield_resume,88,86,0,2,3,0.000,0.55
145.152,4,en_route_delivery,4.469,2.430,3.000,-1.500,joint_grid_transaction,86,86,5,13,4,0.000,0.75
145.152,5,en_route_delivery,1.044,1.886,6.000,-3.500,joint_grid_transaction,86,86,7,3,5,0.000,1.00
145.152,6,en_route_delivery,-6.024,-1.026,-6.000,3.500,joint_grid_transaction,86,86,7,13,6,0.000,1.00
145.152,7,en_route_delivery,-4.243,1.346,-1.000,1.500,joint_grid_transaction,86,86,7,13,8,0.000,1.00
145.152,8,en_route_delivery,3.933,-3.018,6.000,3.500,joint_grid_transaction,86,86,6,13,7,0.000,1.00
145.408,1,en_route_pickup,-1.744,-0.030,6.000,3.500,joint_grid_transaction,70,22,1,0,9,145.524,1.00
145.408,2,en_route_delivery,4.160,1.639,0.000,-3.500,_priority_yield_resume,87,86,0,2,2,0.000,0.45
145.408,3,en_route_delivery,-4.190,-0.648,0.000,-3.500,_priority_yield_resume,88,86,0,2,3,0.000,0.55
145.408,4,en_route_delivery,4.462,2.424,3.000,-1.500,joint_grid_transaction,86,86,5,13,4,0.000,0.75
145.408,5,en_route_delivery,1.047,1.854,6.000,-3.500,joint_grid_transaction,86,86,7,3,5,0.000,1.00
145.408,6,en_route_delivery,-6.027,-0.992,-6.000,3.500,joint_grid_transaction,86,86,7,13,6,0.000,1.00
145.408,7,en_route_delivery,-4.239,1.386,-1.000,1.500,joint_grid_transaction,86,86,7,13,8,0.000,1.00
145.408,8,en_route_delivery,3.969,-3.022,6.000,3.500,joint_grid_transaction,86,86,6,13,7,0.000,1.00
145.664,1,en_route_pickup,-1.744,-0.030,6.000,3.500,joint_grid_transaction,70,22,1,0,9,146.020,1.00
145.664,2,en_route_delivery,4.161,1.629,0.000,-3.500,_priority_yield_resume,87,86,0,2,2,0.000,0.45
145.664,3,en_route_delivery,-4.191,-0.662,0.000,-3.500,_priority_yield_resume,88,86,0,2,3,0.000,0.55
145.664,4,en_route_delivery,4.439,2.413,3.000,-1.500,joint_grid_transaction,86,86,5,13,4,0.000,0.75
145.664,5,en_route_delivery,1.049,1.839,6.000,-3.500,joint_grid_transaction,86,86,7,3,5,146.020,1.00
145.664,6,en_route_delivery,-6.030,-0.959,-6.000,3.500,joint_grid_transaction,86,86,8,13,6,0.000,1.00
145.664,7,en_route_delivery,-4.236,1.425,-1.000,1.500,joint_grid_transaction,86,86,7,13,8,0.000,1.00
145.664,8,en_route_delivery,4.004,-3.025,6.000,3.500,joint_grid_transaction,86,86,6,13,7,0.000,1.00
145.920,1,en_route_pickup,-1.744,-0.030,6.000,3.500,joint_grid_transaction,70,22,1,0,9,146.020,1.00
145.920,2,en_route_delivery,4.162,1.620,0.000,-3.500,_priority_yield_resume,87,86,0,2,2,0.000,0.45
145.920,3,en_route_delivery,-4.192,-0.675,0.000,-3.500,_priority_yield_resume,88,86,0,2,3,0.000,0.55
145.920,4,en_route_delivery,4.416,2.400,3.000,-1.500,joint_grid_transaction,86,86,5,13,4,0.000,0.75
145.920,5,en_route_delivery,1.049,1.839,6.000,-3.500,joint_grid_transaction,86,86,7,3,5,146.020,1.00
145.920,6,en_route_delivery,-6.034,-0.923,-6.000,3.500,joint_grid_transaction,86,86,8,13,6,0.000,1.00
145.920,7,en_route_delivery,-4.232,1.462,-1.000,1.500,joint_grid_transaction,86,86,7,13,8,0.000,1.00
145.920,8,en_route_delivery,4.037,-3.028,6.000,3.500,joint_grid_transaction,86,86,6,13,7,0.000,1.00
146.176,1,en_route_pickup,-1.744,-0.030,6.000,3.500,joint_grid_transaction,70,22,1,0,9,146.516,1.00
146.176,2,en_route_delivery,4.164,1.610,0.000,-3.500,_priority_yield_resume,87,86,0,2,2,0.000,0.45
146.176,3,en_route_delivery,-4.194,-0.689,0.000,-3.500,_priority_yield_resume,88,86,0,2,3,0.000,0.55
146.176,4,en_route_delivery,4.418,2.391,3.000,-1.500,joint_grid_transaction,86,86,6,13,4,0.000,0.75
146.176,5,en_route_delivery,1.049,1.839,6.000,-3.500,joint_grid_transaction,86,86,7,3,5,146.516,1.00
146.176,6,en_route_delivery,-6.037,-0.889,-6.000,3.500,joint_grid_transaction,86,86,8,13,6,0.000,1.00
146.176,7,en_route_delivery,-4.229,1.498,-1.000,1.500,joint_grid_transaction,86,86,7,13,8,0.000,1.00
146.176,8,en_route_delivery,4.072,-3.031,6.000,3.500,joint_grid_transaction,86,86,7,13,7,0.000,1.00
146.432,1,en_route_pickup,-1.744,-0.030,6.000,3.500,joint_grid_transaction,70,22,1,0,9,146.516,1.00
146.432,2,en_route_delivery,4.165,1.600,0.000,-3.500,_priority_yield_resume,87,86,0,2,2,0.000,0.45
146.432,3,en_route_delivery,-4.195,-0.703,0.000,-3.500,_priority_yield_resume,88,86,0,2,3,0.000,0.55
146.432,4,en_route_delivery,4.427,2.384,3.000,-1.500,joint_grid_transaction,86,86,6,13,4,0.000,0.75
146.432,5,en_route_delivery,1.049,1.839,6.000,-3.500,joint_grid_transaction,86,86,7,3,5,146.516,1.00
146.432,6,en_route_delivery,-6.040,-0.855,-6.000,3.500,joint_grid_transaction,86,86,8,13,6,0.000,1.00
146.432,7,en_route_delivery,-4.226,1.533,-1.000,1.500,joint_grid_transaction,86,86,7,13,8,0.000,1.00
146.432,8,en_route_delivery,4.107,-3.035,6.000,3.500,joint_grid_transaction,86,86,7,13,7,0.000,1.00
146.688,1,en_route_pickup,-1.744,-0.030,6.000,3.500,joint_grid_transaction,70,22,1,0,9,147.028,1.00
146.688,2,en_route_delivery,4.166,1.591,0.000,-3.500,_priority_yield_resume,87,86,0,2,2,0.000,0.45
146.688,3,en_route_delivery,-4.197,-0.717,0.000,-3.500,_priority_yield_resume,88,86,0,2,3,0.000,0.55
146.688,4,en_route_delivery,4.435,2.377,3.000,-1.500,joint_grid_transaction,86,86,6,13,4,0.000,0.75
146.688,5,en_route_delivery,1.049,1.838,6.000,-3.500,joint_grid_transaction,86,86,7,3,5,147.028,1.00
146.688,6,en_route_delivery,-6.043,-0.823,-6.000,3.500,joint_grid_transaction,86,86,8,13,6,0.000,1.00
146.688,7,en_route_delivery,-4.223,1.570,-1.000,1.500,joint_grid_transaction,86,86,8,13,8,0.000,1.00
146.688,8,en_route_delivery,4.141,-3.038,6.000,3.500,joint_grid_transaction,86,86,7,13,7,0.000,1.00
146.944,1,en_route_pickup,-1.744,-0.030,6.000,3.500,joint_grid_transaction,70,22,1,0,9,147.028,1.00
146.944,2,en_route_delivery,4.167,1.581,0.000,-3.500,_priority_yield_resume,87,86,0,2,2,0.000,0.45
146.944,3,en_route_delivery,-4.198,-0.731,0.000,-3.500,_priority_yield_resume,88,86,0,2,3,0.000,0.55
146.944,4,en_route_delivery,4.428,2.364,3.000,-1.500,joint_grid_transaction,86,86,6,13,4,0.000,0.75
146.944,5,en_route_delivery,1.049,1.838,6.000,-3.500,joint_grid_transaction,86,86,7,3,5,147.028,1.00
146.944,6,en_route_delivery,-6.046,-0.792,-6.000,3.500,joint_grid_transaction,86,86,8,13,6,0.000,1.00
146.944,7,en_route_delivery,-4.220,1.606,-1.000,1.500,joint_grid_transaction,86,86,8,13,8,0.000,1.00
146.944,8,en_route_delivery,4.174,-3.041,6.000,3.500,joint_grid_transaction,86,86,7,13,7,0.000,1.00
147.200,1,en_route_pickup,-1.744,-0.030,6.000,3.500,joint_grid_transaction,70,22,1,0,9,147.524,1.00
147.200,2,en_route_delivery,4.168,1.572,0.000,-3.500,_priority_yield_resume,87,86,0,2,2,0.000,0.45
147.200,3,en_route_delivery,-4.199,-0.744,0.000,-3.500,_priority_yield_resume,88,86,0,2,3,0.000,0.55
147.200,4,en_route_delivery,4.411,2.343,3.000,-1.500,joint_grid_transaction,86,86,6,13,4,0.000,0.75
147.200,5,en_route_delivery,1.049,1.838,6.000,-3.500,joint_grid_transaction,86,86,7,3,5,147.524,1.00
147.200,6,en_route_delivery,-6.048,-0.763,-6.000,3.500,joint_grid_transaction,86,86,8,13,6,0.000,1.00
147.200,7,en_route_delivery,-4.217,1.641,-1.000,1.500,joint_grid_transaction,86,86,8,13,8,0.000,1.00
147.200,8,en_route_delivery,4.205,-3.044,6.000,3.500,joint_grid_transaction,86,86,7,13,7,0.000,1.00
147.456,1,en_route_pickup,-1.744,-0.030,6.000,3.500,joint_grid_transaction,70,22,1,0,9,147.524,1.00
147.456,2,en_route_delivery,4.169,1.562,0.000,-3.500,_priority_yield_resume,87,86,0,2,2,0.000,0.45
147.456,3,en_route_delivery,-4.201,-0.758,0.000,-3.500,_priority_yield_resume,88,86,0,2,3,0.000,0.55
147.456,4,en_route_delivery,4.401,2.329,3.000,-1.500,joint_grid_transaction,86,86,6,13,4,0.000,0.75
147.456,5,en_route_delivery,1.049,1.838,6.000,-3.500,joint_grid_transaction,86,86,7,3,5,147.524,1.00
147.456,6,en_route_delivery,-6.051,-0.736,-6.000,3.500,joint_grid_transaction,86,86,8,13,6,0.000,1.00
147.456,7,en_route_delivery,-4.214,1.675,-1.000,1.500,joint_grid_transaction,86,86,8,13,8,0.000,1.00
147.456,8,en_route_delivery,4.234,-3.047,6.000,3.500,joint_grid_transaction,86,86,7,13,7,0.000,1.00
147.712,1,en_route_pickup,-1.744,-0.030,6.000,3.500,joint_grid_transaction,70,22,1,0,9,148.020,1.00
147.712,2,en_route_delivery,4.170,1.552,0.000,-3.500,_priority_yield_resume,87,86,0,2,2,0.000,0.45
147.712,3,en_route_delivery,-4.202,-0.772,0.000,-3.500,_priority_yield_resume,88,86,0,2,3,0.000,0.55
147.712,4,en_route_delivery,4.395,2.321,3.000,-1.500,joint_grid_transaction,86,86,6,13,4,0.000,0.75
147.712,5,en_route_delivery,1.049,1.838,6.000,-3.500,joint_grid_transaction,86,86,7,3,5,148.020,1.00
147.712,6,en_route_delivery,-6.052,-0.716,-6.000,3.500,joint_grid_transaction,86,86,8,13,6,0.000,1.00
147.712,7,en_route_delivery,-4.211,1.708,-1.000,1.500,joint_grid_transaction,86,86,8,13,8,0.000,1.00
147.712,8,en_route_delivery,4.261,-3.049,6.000,3.500,joint_grid_transaction,86,86,7,13,7,0.000,1.00
147.968,1,en_route_pickup,-1.744,-0.030,6.000,3.500,joint_grid_transaction,70,22,1,0,9,148.020,1.00
147.968,2,en_route_delivery,4.171,1.543,0.000,-3.500,_priority_yield_resume,87,86,0,2,2,0.000,0.45
147.968,3,en_route_delivery,-4.203,-0.786,0.000,-3.500,_priority_yield_resume,88,86,0,2,3,0.000,0.55
147.968,4,en_route_delivery,4.390,2.314,3.000,-1.500,joint_grid_transaction,86,86,6,13,4,0.000,0.75
147.968,5,en_route_delivery,1.049,1.838,6.000,-3.500,joint_grid_transaction,86,86,7,3,5,148.020,1.00
147.968,6,en_route_delivery,-6.054,-0.683,-6.000,3.500,joint_grid_transaction,86,86,9,13,6,0.000,1.00
147.968,7,en_route_delivery,-4.208,1.738,-1.000,1.500,joint_grid_transaction,86,86,8,13,8,0.000,1.00
147.968,8,en_route_delivery,4.282,-3.050,6.000,3.500,joint_grid_transaction,86,86,7,13,7,0.000,1.00
148.224,1,en_route_pickup,-1.744,-0.030,6.000,3.500,joint_grid_transaction,70,22,1,0,9,0.000,1.00
148.224,2,en_route_delivery,4.175,1.508,0.000,-3.500,joint_grid_transaction,87,86,0,0,2,0.000,1.00
148.224,3,en_route_delivery,-4.207,-0.821,0.000,-3.500,joint_grid_transaction,88,86,0,0,3,0.000,1.00
148.224,4,en_route_delivery,4.379,2.298,3.000,-1.500,joint_grid_transaction,86,86,6,13,4,0.000,0.75
148.224,5,en_route_delivery,1.051,1.817,6.000,-3.500,joint_grid_transaction,86,86,7,3,5,0.000,1.00
148.224,6,en_route_delivery,-6.056,-0.650,-6.000,3.500,joint_grid_transaction,86,86,9,13,6,0.000,1.00
148.224,7,en_route_delivery,-4.206,1.767,-1.000,1.500,joint_grid_transaction,86,86,8,13,8,0.000,1.00
148.224,8,en_route_delivery,4.314,-3.052,6.000,3.500,joint_grid_transaction,86,86,8,13,7,0.000,1.00
148.480,1,en_route_pickup,-1.744,-0.030,6.000,3.500,joint_grid_transaction,70,22,1,0,9,0.000,1.00
148.480,2,en_route_delivery,4.181,1.461,0.000,-3.500,joint_grid_transaction,87,86,0,0,2,0.000,1.00
148.480,3,en_route_delivery,-4.212,-0.866,0.000,-3.500,joint_grid_transaction,88,86,0,0,3,0.000,1.00
148.480,4,en_route_delivery,4.364,2.275,3.000,-1.500,joint_grid_transaction,86,86,6,13,4,0.000,0.75
148.480,5,en_route_delivery,1.054,1.789,6.000,-3.500,joint_grid_transaction,86,86,7,3,5,0.000,1.00
148.480,6,en_route_delivery,-6.058,-0.618,-6.000,3.500,joint_grid_transaction,86,86,9,13,6,0.000,1.00
148.480,7,en_route_delivery,-4.203,1.785,-1.000,1.500,joint_grid_transaction,86,86,8,13,8,0.000,1.00
148.480,8,en_route_delivery,4.347,-3.055,6.000,3.500,joint_grid_transaction,86,86,8,13,7,0.000,1.00
148.736,1,en_route_pickup,-1.744,-0.030,6.000,3.500,joint_grid_transaction,70,22,1,0,9,149.028,1.00
148.736,2,en_route_delivery,4.186,1.414,0.000,-3.500,joint_grid_transaction,87,86,0,0,2,0.000,1.00
148.736,3,en_route_delivery,-4.216,-0.910,0.000,-3.500,joint_grid_transaction,88,86,0,0,3,0.000,1.00
148.736,4,en_route_delivery,4.351,2.252,3.000,-1.500,joint_grid_transaction,86,86,6,13,4,0.000,0.75
148.736,5,en_route_delivery,1.056,1.763,6.000,-3.500,joint_grid_transaction,86,86,7,3,5,0.000,1.00
148.736,6,en_route_delivery,-6.060,-0.588,-6.000,3.500,joint_grid_transaction,86,86,9,13,6,0.000,1.00
148.736,7,en_route_delivery,-4.200,1.775,-1.000,1.500,joint_grid_transaction,86,86,9,13,8,0.000,1.00
148.736,8,en_route_delivery,4.379,-3.057,6.000,3.500,joint_grid_transaction,86,86,8,13,7,0.000,1.00
148.992,1,en_route_pickup,-1.744,-0.030,6.000,3.500,joint_grid_transaction,70,22,1,0,9,149.028,1.00
148.992,2,en_route_delivery,4.191,1.367,0.000,-3.500,joint_grid_transaction,87,86,0,0,2,0.000,1.00
148.992,3,en_route_delivery,-4.221,-0.955,0.000,-3.500,joint_grid_transaction,88,86,0,0,3,0.000,1.00
148.992,4,en_route_delivery,4.339,2.229,3.000,-1.500,joint_grid_transaction,86,86,6,13,4,0.000,0.75
148.992,5,en_route_delivery,1.057,1.742,6.000,-3.500,joint_grid_transaction,86,86,7,3,5,0.000,1.00
148.992,6,en_route_delivery,-6.062,-0.559,-6.000,3.500,joint_grid_transaction,86,86,9,13,6,0.000,1.00
148.992,7,en_route_delivery,-4.185,1.796,-1.000,1.500,joint_grid_transaction,86,86,9,13,8,0.000,1.00
148.992,8,en_route_delivery,4.410,-3.059,6.000,3.500,joint_grid_transaction,86,86,8,13,7,0.000,1.00
149.248,1,en_route_pickup,-1.744,-0.030,6.000,3.500,joint_grid_transaction,70,22,1,0,9,0.000,1.00
149.248,2,en_route_delivery,4.196,1.322,0.000,-3.500,joint_grid_transaction,104,104,2,13,2,0.000,1.00
149.248,3,en_route_delivery,-4.225,-1.001,0.000,-3.500,joint_grid_transaction,104,104,1,12,3,0.000,1.00
149.248,4,en_route_delivery,4.327,2.205,3.000,-1.500,joint_grid_transaction,104,104,1,12,4,0.000,0.75
149.248,5,en_route_delivery,1.057,1.734,6.000,-3.500,joint_grid_transaction,104,104,1,13,5,0.000,1.00
149.248,6,en_route_delivery,-6.064,-0.532,-6.000,3.500,joint_grid_transaction,104,104,1,13,6,0.000,1.00
149.248,7,en_route_delivery,-4.163,1.835,-1.000,1.500,joint_grid_transaction,104,104,2,13,8,0.000,1.00
149.248,8,en_route_delivery,4.439,-3.061,6.000,3.500,joint_grid_transaction,104,104,1,12,7,0.000,1.00
149.504,1,en_route_pickup,-1.744,-0.030,6.000,3.500,joint_grid_transaction,70,22,1,0,9,0.000,1.00
149.504,2,en_route_delivery,4.203,1.274,0.000,-3.500,joint_grid_transaction,104,104,2,13,2,0.000,1.00
149.504,3,en_route_delivery,-4.229,-1.034,0.000,-3.500,joint_grid_transaction,104,104,1,12,3,0.000,1.00
149.504,4,en_route_delivery,4.327,2.205,3.000,-1.500,joint_grid_transaction,104,104,1,12,4,0.000,0.75
149.504,5,en_route_delivery,1.050,1.753,6.000,-3.500,joint_grid_transaction,104,104,1,13,5,0.000,1.00
149.504,6,en_route_delivery,-6.065,-0.509,-6.000,3.500,joint_grid_transaction,104,104,1,13,6,0.000,1.00
149.504,7,en_route_delivery,-4.155,1.847,-1.000,1.500,joint_grid_transaction,104,104,2,13,8,0.000,1.00
149.504,8,en_route_delivery,4.466,-3.063,6.000,3.500,joint_grid_transaction,104,104,1,12,7,0.000,1.00
149.760,1,en_route_pickup,-1.744,-0.030,6.000,3.500,joint_grid_transaction,70,22,1,0,9,0.000,1.00
149.760,2,en_route_delivery,4.210,1.227,0.000,-3.500,joint_grid_transaction,104,104,2,13,2,0.000,1.00
149.760,3,en_route_delivery,-4.229,-1.034,0.000,-3.500,joint_grid_transaction,104,104,1,12,3,0.000,1.00
149.760,4,en_route_delivery,4.327,2.205,3.000,-1.500,joint_grid_transaction,104,104,1,12,4,0.000,0.75
149.760,5,en_route_delivery,1.031,1.779,6.000,-3.500,joint_grid_transaction,104,104,1,13,5,0.000,1.00
149.760,6,en_route_delivery,-6.066,-0.488,-6.000,3.500,joint_grid_transaction,104,104,1,13,6,0.000,1.00
149.760,7,en_route_delivery,-4.155,1.847,-1.000,1.500,joint_grid_transaction,104,104,2,13,8,0.000,1.00
149.760,8,en_route_delivery,4.489,-3.064,6.000,3.500,joint_grid_transaction,104,104,1,12,7,0.000,1.00
150.016,1,en_route_pickup,-1.744,-0.030,6.000,3.500,joint_grid_transaction,70,22,1,0,9,0.000,1.00
150.016,2,en_route_delivery,4.211,1.215,0.000,-3.500,joint_grid_transaction,104,104,2,13,2,0.000,1.00
150.016,3,en_route_delivery,-4.229,-1.034,0.000,-3.500,joint_grid_transaction,104,104,1,12,3,0.000,1.00
150.016,4,en_route_delivery,4.327,2.205,3.000,-1.500,joint_grid_transaction,104,104,1,12,4,0.000,0.75
150.016,5,en_route_delivery,1.045,1.762,6.000,-3.500,joint_grid_transaction,104,104,2,13,5,0.000,1.00
150.016,6,en_route_delivery,-6.066,-0.466,-6.000,3.500,joint_grid_transaction,104,104,1,13,6,0.000,1.00
150.016,7,en_route_delivery,-4.155,1.847,-1.000,1.500,joint_grid_transaction,104,104,2,13,8,0.000,1.00
150.016,8,en_route_delivery,4.511,-3.065,6.000,3.500,joint_grid_transaction,104,104,1,12,7,0.000,1.00
150.272,1,en_route_pickup,-1.744,-0.030,6.000,3.500,joint_grid_transaction,70,22,1,0,9,0.000,1.00
150.272,2,en_route_delivery,4.211,1.215,0.000,-3.500,joint_grid_transaction,104,104,2,13,2,0.000,1.00
150.272,3,en_route_delivery,-4.229,-1.034,0.000,-3.500,joint_grid_transaction,104,104,1,12,3,0.000,1.00
150.272,4,en_route_delivery,4.327,2.205,3.000,-1.500,joint_grid_transaction,104,104,1,12,4,0.000,1.00
150.272,5,en_route_delivery,1.058,1.740,6.000,-3.500,joint_grid_transaction,104,104,2,13,5,0.000,1.00
150.272,6,en_route_delivery,-6.066,-0.434,-6.000,3.500,joint_grid_transaction,104,104,2,13,6,0.000,1.00
150.272,7,en_route_delivery,-4.155,1.847,-1.000,1.500,joint_grid_transaction,104,104,2,13,8,0.000,1.00
150.272,8,en_route_delivery,4.532,-3.065,6.000,3.500,joint_grid_transaction,104,104,1,12,7,0.000,1.00
150.528,1,en_route_pickup,-1.744,-0.030,6.000,3.500,joint_grid_transaction,70,22,1,0,9,0.000,1.00
150.528,2,en_route_delivery,4.217,1.181,0.000,-3.500,joint_grid_transaction,104,104,3,13,2,0.000,1.00
150.528,3,en_route_delivery,-4.232,-1.068,0.000,-3.500,joint_grid_transaction,104,104,2,12,3,0.000,1.00
150.528,4,en_route_delivery,4.313,2.173,3.000,-1.500,joint_grid_transaction,104,104,2,12,4,0.000,1.00
150.528,5,en_route_delivery,1.060,1.735,6.000,-3.500,joint_grid_transaction,104,104,2,13,5,0.000,1.00
150.528,6,en_route_delivery,-6.065,-0.395,-6.000,3.500,joint_grid_transaction,104,104,2,13,6,0.000,1.00
150.528,7,en_route_delivery,-4.142,1.832,-1.000,1.500,joint_grid_transaction,104,104,3,13,8,0.000,1.00
150.528,8,en_route_delivery,4.564,-3.065,6.000,3.500,joint_grid_transaction,104,104,2,12,7,0.000,1.00
150.784,1,en_route_pickup,-1.744,-0.030,6.000,3.500,joint_grid_transaction,70,22,1,0,9,151.028,1.00
150.784,2,en_route_delivery,4.224,1.133,0.000,-3.500,joint_grid_transaction,104,104,3,13,2,0.000,1.00
150.784,3,en_route_delivery,-4.237,-1.111,0.000,-3.500,joint_grid_transaction,104,104,2,12,3,0.000,1.00
150.784,4,en_route_delivery,4.305,2.150,3.000,-1.500,joint_grid_transaction,104,104,2,12,4,0.000,0.70
150.784,5,en_route_delivery,1.060,1.736,6.000,-3.500,joint_grid_transaction,104,104,2,13,5,151.028,1.00
150.784,6,en_route_delivery,-6.063,-0.357,-6.000,3.500,joint_grid_transaction,104,104,2,13,6,0.000,1.00
150.784,7,en_route_delivery,-4.127,1.825,-1.000,1.500,joint_grid_transaction,104,104,3,13,8,0.000,1.00
150.784,8,en_route_delivery,4.601,-3.065,6.000,3.500,joint_grid_transaction,104,104,2,12,7,0.000,1.00
151.040,1,en_route_pickup,-1.744,-0.030,6.000,3.500,_command_reverse,106,22,1,1,9,0.000,1.00
151.040,2,en_route_delivery,4.229,1.086,0.000,-3.500,joint_grid_transaction,104,104,3,13,2,0.000,1.00
151.040,3,en_route_delivery,-4.242,-1.153,0.000,-3.500,joint_grid_transaction,104,104,2,12,3,0.000,1.00
151.040,4,en_route_delivery,4.298,2.127,3.000,-1.500,joint_grid_transaction,104,104,2,12,4,0.000,0.55
151.040,5,en_route_delivery,1.060,1.736,6.000,-3.500,joint_grid_transaction,104,104,2,13,5,0.000,1.00
151.040,6,en_route_delivery,-6.062,-0.319,-6.000,3.500,joint_grid_transaction,104,104,2,13,6,0.000,1.00
151.040,7,en_route_delivery,-4.090,1.853,-1.000,1.500,joint_grid_transaction,104,104,3,13,8,0.000,1.00
151.040,8,en_route_delivery,4.637,-3.065,6.000,3.500,joint_grid_transaction,104,104,2,12,7,0.000,1.00
151.296,1,en_route_pickup,-1.738,0.006,6.000,3.500,_command_reverse,106,22,0,1,9,0.000,1.00
151.296,2,en_route_delivery,4.234,1.043,0.000,-3.500,joint_grid_transaction,105,105,2,9,2,0.000,1.00
151.296,3,en_route_delivery,-4.246,-1.193,0.000,-3.500,joint_grid_transaction,105,105,2,9,3,0.000,1.00
151.296,4,en_route_delivery,4.297,2.123,3.000,-1.500,joint_grid_transaction,105,105,1,8,4,0.000,0.55
151.296,5,en_route_delivery,1.069,1.755,6.000,-3.500,joint_grid_transaction,104,104,2,13,5,0.000,1.00
151.296,6,en_route_delivery,-6.059,-0.281,-6.000,3.500,joint_grid_transaction,105,105,1,8,6,0.000,1.00
151.296,7,en_route_delivery,-4.079,1.863,-1.000,1.500,joint_grid_transaction,105,105,2,9,8,0.000,1.00
151.296,8,en_route_delivery,4.672,-3.064,6.000,3.500,joint_grid_transaction,105,105,2,9,7,0.000,1.00
151.552,1,en_route_pickup,-1.733,0.052,6.000,3.500,_command_reverse,106,22,0,1,9,0.000,1.00
151.552,2,en_route_delivery,4.238,0.999,0.000,-3.500,joint_grid_transaction,105,105,2,9,2,0.000,1.00
151.552,3,en_route_delivery,-4.250,-1.234,0.000,-3.500,joint_grid_transaction,105,105,2,9,3,0.000,1.00
151.552,4,en_route_delivery,4.297,2.123,3.000,-1.500,joint_grid_transaction,105,105,1,8,4,0.000,0.55
151.552,5,en_route_delivery,1.089,1.781,6.000,-3.500,joint_grid_transaction,104,104,2,13,5,0.000,1.00
151.552,6,en_route_delivery,-6.056,-0.242,-6.000,3.500,joint_grid_transaction,105,105,1,8,6,0.000,1.00
151.552,7,en_route_delivery,-4.079,1.863,-1.000,1.500,joint_grid_transaction,105,105,2,9,8,0.000,1.00
151.552,8,en_route_delivery,4.708,-3.063,6.000,3.500,joint_grid_transaction,105,105,2,9,7,0.000,1.00
151.808,1,en_route_pickup,-1.729,0.096,6.000,3.500,_command_reverse,106,22,0,1,9,0.000,1.00
151.808,2,en_route_delivery,4.241,0.969,0.000,-3.500,joint_grid_transaction,105,105,2,9,2,0.000,1.00
151.808,3,en_route_delivery,-4.254,-1.273,0.000,-3.500,joint_grid_transaction,105,105,2,9,3,0.000,1.00
151.808,4,en_route_delivery,4.297,2.123,3.000,-1.500,joint_grid_transaction,105,105,1,8,4,0.000,0.55
151.808,5,en_route_delivery,1.116,1.807,6.000,-3.500,joint_grid_transaction,104,104,2,13,5,0.000,1.00
151.808,6,en_route_delivery,-6.053,-0.213,-6.000,3.500,joint_grid_transaction,105,105,1,8,6,0.000,1.00
151.808,7,en_route_delivery,-4.079,1.863,-1.000,1.500,joint_grid_transaction,105,105,2,9,8,0.000,1.00
151.808,8,en_route_delivery,4.743,-3.061,6.000,3.500,joint_grid_transaction,105,105,2,9,7,0.000,1.00
152.064,1,en_route_pickup,-1.726,0.137,6.000,3.500,_command_reverse,106,22,0,1,9,0.000,1.00
152.064,2,en_route_delivery,4.241,0.969,0.000,-3.500,joint_grid_transaction,105,105,2,9,2,0.000,1.00
152.064,3,en_route_delivery,-4.255,-1.282,0.000,-3.500,joint_grid_transaction,105,105,2,9,3,0.000,1.00
152.064,4,en_route_delivery,4.297,2.123,3.000,-1.500,joint_grid_transaction,105,105,1,8,4,0.000,0.55
152.064,5,en_route_delivery,1.138,1.819,6.000,-3.500,joint_grid_transaction,104,104,3,13,5,0.000,1.00
152.064,6,en_route_delivery,-6.053,-0.213,-6.000,3.500,joint_grid_transaction,105,105,1,8,6,0.000,1.00
152.064,7,en_route_delivery,-4.079,1.863,-1.000,1.500,joint_grid_transaction,105,105,2,9,8,0.000,1.00
152.064,8,en_route_delivery,4.778,-3.059,6.000,3.500,joint_grid_transaction,105,105,2,9,7,0.000,1.00
152.320,1,en_route_pickup,-1.723,0.178,6.000,3.500,_command_reverse,106,22,0,1,9,0.000,1.00
152.320,2,en_route_delivery,4.242,0.968,0.000,-3.500,joint_grid_transaction,105,105,2,9,2,0.000,1.00
152.320,3,en_route_delivery,-4.256,-1.283,0.000,-3.500,joint_grid_transaction,105,105,2,9,3,0.000,1.00
152.320,4,en_route_delivery,4.297,2.123,3.000,-1.500,joint_grid_transaction,105,105,1,8,4,0.000,0.55
152.320,5,en_route_delivery,1.144,1.821,6.000,-3.500,joint_grid_transaction,104,104,3,13,5,0.000,1.00
152.320,6,en_route_delivery,-6.053,-0.212,-6.000,3.500,joint_grid_transaction,105,105,1,8,6,0.000,1.00
152.320,7,en_route_delivery,-4.078,1.864,-1.000,1.500,joint_grid_transaction,105,105,2,9,8,0.000,1.00
152.320,8,en_route_delivery,4.789,-3.058,6.000,3.500,joint_grid_transaction,105,105,2,9,7,0.000,1.00
152.576,1,en_route_pickup,-1.721,0.213,6.000,3.500,_command_reverse,106,22,0,1,9,153.028,1.00
152.576,2,en_route_delivery,4.246,0.929,0.000,-3.500,joint_grid_transaction,105,105,3,9,2,0.000,1.00
152.576,3,en_route_delivery,-4.260,-1.320,0.000,-3.500,joint_grid_transaction,105,105,3,9,3,0.000,1.00
152.576,4,en_route_delivery,4.292,2.107,3.000,-1.500,joint_grid_transaction,105,105,2,8,4,0.000,1.00
152.576,5,en_route_delivery,1.148,1.824,6.000,-3.500,joint_grid_transaction,104,104,3,13,5,153.028,1.00
152.576,6,en_route_delivery,-6.048,-0.166,-6.000,3.500,joint_grid_transaction,105,105,2,8,6,0.000,1.00
152.576,7,en_route_delivery,-4.040,1.889,-1.000,1.500,joint_grid_transaction,105,105,3,9,8,0.000,1.00
152.576,8,en_route_delivery,4.833,-3.055,6.000,3.500,joint_grid_transaction,105,105,3,9,7,0.000,1.00
152.832,1,en_route_pickup,-1.721,0.213,6.000,3.500,_command_reverse,106,22,0,1,9,153.028,1.00
152.832,2,en_route_delivery,4.251,0.889,0.000,-3.500,joint_grid_transaction,105,105,3,9,2,0.000,1.00
152.832,3,en_route_delivery,-4.264,-1.358,0.000,-3.500,joint_grid_transaction,105,105,3,9,3,0.000,1.00
152.832,4,en_route_delivery,4.282,2.063,3.000,-1.500,joint_grid_transaction,105,105,2,8,4,0.000,1.00
152.832,5,en_route_delivery,1.148,1.824,6.000,-3.500,joint_grid_transaction,104,104,3,13,5,153.028,1.00
152.832,6,en_route_delivery,-6.043,-0.119,-6.000,3.500,joint_grid_transaction,105,105,2,8,6,0.000,1.00
152.832,7,en_route_delivery,-3.999,1.911,-1.000,1.500,joint_grid_transaction,105,105,3,9,8,0.000,1.00
152.832,8,en_route_delivery,4.881,-3.051,6.000,3.500,joint_grid_transaction,105,105,3,9,7,0.000,1.00
153.088,1,en_route_pickup,-1.720,0.218,6.000,3.500,_command_reverse,106,22,0,1,9,0.000,1.00
153.088,2,en_route_delivery,4.255,0.850,0.000,-3.500,joint_grid_transaction,105,105,3,9,2,0.000,1.00
153.088,3,en_route_delivery,-4.268,-1.395,0.000,-3.500,joint_grid_transaction,105,105,3,9,3,0.000,1.00
153.088,4,en_route_delivery,4.273,2.017,3.000,-1.500,joint_grid_transaction,105,105,2,8,4,0.000,1.00
153.088,5,en_route_delivery,1.153,1.825,6.000,-3.500,joint_grid_transaction,104,104,3,13,5,0.000,1.00
153.088,6,en_route_delivery,-6.038,-0.071,-6.000,3.500,joint_grid_transaction,105,105,2,8,6,0.000,1.00
153.088,7,en_route_delivery,-3.958,1.930,-1.000,1.500,joint_grid_transaction,105,105,3,9,8,0.000,1.00
153.088,8,en_route_delivery,4.928,-3.046,6.000,3.500,joint_grid_transaction,105,105,3,9,7,0.000,1.00
153.344,1,en_route_pickup,-1.717,0.258,6.000,3.500,_command_reverse,106,22,0,1,9,0.000,1.00
153.344,2,en_route_delivery,4.259,0.811,0.000,-3.500,joint_grid_transaction,107,107,2,9,2,0.000,1.00
153.344,3,en_route_delivery,-4.272,-1.431,0.000,-3.500,joint_grid_transaction,107,107,2,9,3,0.000,1.00
153.344,4,en_route_delivery,4.266,1.970,3.000,-1.500,joint_grid_transaction,107,107,1,8,4,0.000,1.00
153.344,5,en_route_delivery,1.191,1.837,6.000,-3.500,joint_grid_transaction,104,104,3,13,5,0.000,1.00
153.344,6,en_route_delivery,-6.033,-0.026,-6.000,3.500,joint_grid_transaction,107,107,2,9,6,0.000,1.00
153.344,7,en_route_delivery,-3.924,1.944,-1.000,1.500,joint_grid_transaction,107,107,2,9,8,0.000,1.00
153.344,8,en_route_delivery,4.974,-3.040,6.000,3.500,joint_grid_transaction,107,107,2,9,7,0.000,1.00
153.600,1,en_route_pickup,-1.714,0.297,6.000,3.500,_command_reverse,106,22,0,1,9,0.000,1.00
153.600,2,en_route_delivery,4.263,0.774,0.000,-3.500,joint_grid_transaction,107,107,2,9,2,0.000,1.00
153.600,3,en_route_delivery,-4.275,-1.465,0.000,-3.500,joint_grid_transaction,107,107,2,9,3,0.000,1.00
153.600,4,en_route_delivery,4.266,1.966,3.000,-1.500,joint_grid_transaction,107,107,1,8,4,0.000,1.00
153.600,5,en_route_delivery,1.234,1.852,6.000,-3.500,joint_grid_transaction,104,104,3,13,5,0.000,1.00
153.600,6,en_route_delivery,-6.027,0.022,-6.000,3.500,joint_grid_transaction,107,107,2,9,6,0.000,1.00
153.600,7,en_route_delivery,-3.879,1.957,-1.000,1.500,joint_grid_transaction,107,107,2,9,8,0.000,1.00
153.600,8,en_route_delivery,5.021,-3.034,6.000,3.500,joint_grid_transaction,107,107,2,9,7,0.000,1.00
153.856,1,en_route_pickup,-1.711,0.336,6.000,3.500,_command_reverse,106,22,0,1,9,0.000,1.00
153.856,2,en_route_delivery,4.266,0.738,0.000,-3.500,joint_grid_transaction,107,107,2,9,2,0.000,1.00
153.856,3,en_route_delivery,-4.279,-1.498,0.000,-3.500,joint_grid_transaction,107,107,2,9,3,0.000,1.00
153.856,4,en_route_delivery,4.266,1.966,3.000,-1.500,joint_grid_transaction,107,107,1,8,4,0.000,1.00
153.856,5,en_route_delivery,1.278,1.870,6.000,-3.500,joint_grid_transaction,104,104,3,13,5,0.000,1.00
153.856,6,en_route_delivery,-6.026,0.034,-6.000,3.500,joint_grid_transaction,107,107,2,9,6,0.000,1.00
153.856,7,en_route_delivery,-3.832,1.968,-1.000,1.500,joint_grid_transaction,107,107,2,9,8,0.000,1.00
153.856,8,en_route_delivery,5.034,-3.032,6.000,3.500,joint_grid_transaction,107,107,2,9,7,0.000,1.00
154.112,1,en_route_pickup,-1.707,0.375,6.000,3.500,_command_reverse,106,22,0,1,9,0.000,1.00
154.112,2,en_route_delivery,4.268,0.718,0.000,-3.500,joint_grid_transaction,107,107,2,9,2,0.000,1.00
154.112,3,en_route_delivery,-4.282,-1.530,0.000,-3.500,joint_grid_transaction,107,107,2,9,3,0.000,1.00
154.112,4,en_route_delivery,4.266,1.966,3.000,-1.500,joint_grid_transaction,107,107,1,8,4,0.000,1.00
154.112,5,en_route_delivery,1.320,1.890,6.000,-3.500,joint_grid_transaction,104,104,4,13,5,0.000,1.00
154.112,6,en_route_delivery,-6.026,0.034,-6.000,3.500,joint_grid_transaction,107,107,2,9,6,0.000,1.00
154.112,7,en_route_delivery,-3.785,1.976,-1.000,1.500,joint_grid_transaction,107,107,2,9,8,0.000,1.00
154.112,8,en_route_delivery,5.034,-3.032,6.000,3.500,joint_grid_transaction,107,107,2,9,7,0.000,1.00
154.368,1,en_route_pickup,-1.704,0.414,6.000,3.500,_command_reverse,106,22,0,1,9,0.000,1.00
154.368,2,en_route_delivery,4.269,0.711,0.000,-3.500,joint_grid_transaction,107,107,2,9,2,0.000,1.00
154.368,3,en_route_delivery,-4.283,-1.540,0.000,-3.500,joint_grid_transaction,107,107,2,9,3,0.000,1.00
154.368,4,en_route_delivery,4.265,1.959,3.000,-1.500,joint_grid_transaction,107,107,1,8,4,0.000,1.00
154.368,5,en_route_delivery,1.364,1.908,6.000,-3.500,joint_grid_transaction,104,104,4,13,5,0.000,1.00
154.368,6,en_route_delivery,-6.025,0.041,-6.000,3.500,joint_grid_transaction,107,107,2,9,6,0.000,1.00
154.368,7,en_route_delivery,-3.738,1.982,-1.000,1.500,joint_grid_transaction,107,107,2,9,8,0.000,1.00
154.368,8,en_route_delivery,5.041,-3.031,6.000,3.500,joint_grid_transaction,107,107,2,9,7,0.000,1.00
154.624,1,en_route_pickup,-1.702,0.440,6.000,3.500,_command_reverse,106,22,0,1,9,155.028,1.00
154.624,2,en_route_delivery,4.273,0.675,0.000,-3.500,joint_grid_transaction,107,107,3,9,2,0.000,1.00
154.624,3,en_route_delivery,-4.286,-1.574,0.000,-3.500,joint_grid_transaction,107,107,3,9,3,0.000,1.00
154.624,4,en_route_delivery,4.259,1.918,3.000,-1.500,joint_grid_transaction,107,107,2,8,4,0.000,1.00
154.624,5,en_route_delivery,1.408,1.923,6.000,-3.500,joint_grid_transaction,104,104,4,13,5,0.000,1.00
154.624,6,en_route_delivery,-6.019,0.085,-6.000,3.500,joint_grid_transaction,107,107,3,9,6,0.000,1.00
154.624,7,en_route_delivery,-3.691,1.987,-1.000,1.500,joint_grid_transaction,107,107,3,9,8,0.000,1.00
154.624,8,en_route_delivery,5.085,-3.025,6.000,3.500,joint_grid_transaction,107,107,3,9,7,0.000,1.00
154.880,1,en_route_pickup,-1.702,0.440,6.000,3.500,_command_reverse,106,22,0,1,9,155.028,1.00
154.880,2,en_route_delivery,4.277,0.639,0.000,-3.500,joint_grid_transaction,107,107,3,9,2,0.000,1.00
154.880,3,en_route_delivery,-4.290,-1.608,0.000,-3.500,joint_grid_transaction,107,107,3,9,3,0.000,1.00
154.880,4,en_route_delivery,4.254,1.874,3.000,-1.500,joint_grid_transaction,107,107,2,8,4,0.000,1.00
154.880,5,en_route_delivery,1.454,1.937,6.000,-3.500,joint_grid_transaction,104,104,4,13,5,0.000,1.00
154.880,6,en_route_delivery,-6.014,0.129,-6.000,3.500,joint_grid_transaction,107,107,3,9,6,0.000,1.00
154.880,7,en_route_delivery,-3.648,1.991,-1.000,1.500,joint_grid_transaction,107,107,3,9,8,0.000,1.00
154.880,8,en_route_delivery,5.133,-3.019,6.000,3.500,joint_grid_transaction,107,107,3,9,7,0.000,1.00
155.136,1,en_route_pickup,-1.701,0.451,6.000,3.500,_command_reverse,106,22,0,1,9,0.000,1.00
155.136,2,en_route_delivery,4.280,0.606,0.000,-3.500,joint_grid_transaction,108,107,3,9,2,0.000,1.00
155.136,3,en_route_delivery,-4.293,-1.639,0.000,-3.500,joint_grid_transaction,108,107,3,9,3,0.000,1.00
155.136,4,en_route_delivery,4.250,1.832,3.000,-1.500,joint_grid_transaction,108,107,2,9,4,0.000,1.00
155.136,5,en_route_delivery,1.500,1.949,6.000,-3.500,joint_grid_transaction,108,104,4,9,5,0.000,1.00
155.136,6,en_route_delivery,-6.010,0.172,-6.000,3.500,joint_grid_transaction,108,107,3,9,6,0.000,1.00
155.136,7,en_route_delivery,-3.605,1.995,-1.000,1.500,joint_grid_transaction,108,107,3,9,8,0.000,1.00
155.136,8,en_route_delivery,5.177,-3.015,6.000,3.500,joint_grid_transaction,108,107,3,9,7,0.000,1.00
155.392,1,en_route_pickup,-1.698,0.488,6.000,3.500,_command_reverse,106,22,0,1,9,0.000,1.00
155.392,2,en_route_delivery,4.284,0.573,0.000,-3.500,joint_grid_transaction,108,108,2,9,2,0.000,1.00
155.392,3,en_route_delivery,-4.296,-1.671,0.000,-3.500,joint_grid_transaction,108,108,2,9,3,0.000,1.00
155.392,4,en_route_delivery,4.247,1.792,3.000,-1.500,joint_grid_transaction,108,108,2,9,4,0.000,1.00
155.392,5,en_route_delivery,1.546,1.960,6.000,-3.500,joint_grid_transaction,108,108,2,9,5,0.000,1.00
155.392,6,en_route_delivery,-6.005,0.213,-6.000,3.500,joint_grid_transaction,108,108,2,9,6,0.000,1.00
155.392,7,en_route_delivery,-3.564,1.999,-1.000,1.500,joint_grid_transaction,108,108,2,9,8,0.000,1.00
155.392,8,en_route_delivery,5.220,-3.011,6.000,3.500,joint_grid_transaction,108,108,2,9,7,0.000,1.00
155.648,1,en_route_pickup,-1.695,0.525,6.000,3.500,_command_reverse,106,22,0,1,9,0.000,1.00
155.648,2,en_route_delivery,4.287,0.541,0.000,-3.500,joint_grid_transaction,108,108,2,9,2,0.000,1.00
155.648,3,en_route_delivery,-4.299,-1.701,0.000,-3.500,joint_grid_transaction,108,108,2,9,3,0.000,1.00
155.648,4,en_route_delivery,4.243,1.752,3.000,-1.500,joint_grid_transaction,108,108,2,9,4,0.000,1.00
155.648,5,en_route_delivery,1.593,1.969,6.000,-3.500,joint_grid_transaction,108,108,2,9,5,0.000,1.00
155.648,6,en_route_delivery,-6.001,0.254,-6.000,3.500,joint_grid_transaction,108,108,2,9,6,0.000,1.00
155.648,7,en_route_delivery,-3.523,2.003,-1.000,1.500,joint_grid_transaction,108,108,2,9,8,0.000,1.00
155.648,8,en_route_delivery,5.263,-3.006,6.000,3.500,joint_grid_transaction,108,108,2,9,7,0.000,1.00
155.904,1,en_route_pickup,-1.692,0.561,6.000,3.500,_command_reverse,106,22,0,1,9,0.000,1.00
155.904,2,en_route_delivery,4.290,0.511,0.000,-3.500,joint_grid_transaction,108,108,2,9,2,0.000,1.00
155.904,3,en_route_delivery,-4.301,-1.729,0.000,-3.500,joint_grid_transaction,108,108,2,9,3,0.000,1.00
155.904,4,en_route_delivery,4.240,1.719,3.000,-1.500,joint_grid_transaction,108,108,2,9,4,0.000,1.00
155.904,5,en_route_delivery,1.640,1.975,6.000,-3.500,joint_grid_transaction,108,108,2,9,5,0.000,1.00
155.904,6,en_route_delivery,-5.998,0.282,-6.000,3.500,joint_grid_transaction,108,108,2,9,6,0.000,1.00
155.904,7,en_route_delivery,-3.483,2.006,-1.000,1.500,joint_grid_transaction,108,108,2,9,8,0.000,1.00
155.904,8,en_route_delivery,5.281,-3.005,6.000,3.500,joint_grid_transaction,108,108,2,9,7,0.000,1.00
156.160,1,en_route_pickup,-1.689,0.596,6.000,3.500,_command_reverse,106,22,0,1,9,0.000,1.00
156.160,2,en_route_delivery,4.293,0.482,0.000,-3.500,joint_grid_transaction,108,108,2,9,2,0.000,1.00
156.160,3,en_route_delivery,-4.303,-1.754,0.000,-3.500,joint_grid_transaction,108,108,2,9,3,0.000,1.00
156.160,4,en_route_delivery,4.240,1.719,3.000,-1.500,joint_grid_transaction,108,108,2,9,4,0.000,1.00
156.160,5,en_route_delivery,1.688,1.981,6.000,-3.500,joint_grid_transaction,108,108,2,9,5,0.000,1.00
156.160,6,en_route_delivery,-5.998,0.282,-6.000,3.500,joint_grid_transaction,108,108,2,9,6,0.000,1.00
156.160,7,en_route_delivery,-3.468,2.008,-1.000,1.500,joint_grid_transaction,108,108,2,9,8,0.000,1.00
156.160,8,en_route_delivery,5.281,-3.005,6.000,3.500,joint_grid_transaction,108,108,2,9,7,0.000,1.00
156.416,1,en_route_pickup,-1.686,0.630,6.000,3.500,_command_reverse,106,22,0,1,9,0.000,1.00
156.416,2,en_route_delivery,4.295,0.455,0.000,-3.500,joint_grid_transaction,108,108,2,9,2,0.000,1.00
156.416,3,en_route_delivery,-4.304,-1.775,0.000,-3.500,joint_grid_transaction,108,108,2,9,3,0.000,1.00
156.416,4,en_route_delivery,4.238,1.705,3.000,-1.500,joint_grid_transaction,108,108,3,9,4,0.000,1.00
156.416,5,en_route_delivery,1.733,1.985,6.000,-3.500,joint_grid_transaction,108,108,2,9,5,0.000,1.00
156.416,6,en_route_delivery,-5.997,0.296,-6.000,3.500,joint_grid_transaction,108,108,3,9,6,0.000,1.00
156.416,7,en_route_delivery,-3.454,2.009,-1.000,1.500,joint_grid_transaction,108,108,3,9,8,0.000,1.00
156.416,8,en_route_delivery,5.296,-3.003,6.000,3.500,joint_grid_transaction,108,108,3,9,7,0.000,1.00
156.672,1,en_route_pickup,-1.684,0.647,6.000,3.500,_command_reverse,106,22,0,1,9,157.028,1.00
156.672,2,en_route_delivery,4.298,0.422,0.000,-3.500,joint_grid_transaction,108,108,3,9,2,0.000,1.00
156.672,3,en_route_delivery,-4.305,-1.787,0.000,-3.500,joint_grid_transaction,108,108,3,9,3,0.000,1.00
156.672,4,en_route_delivery,4.235,1.666,3.000,-1.500,joint_grid_transaction,108,108,3,9,4,0.000,1.00
156.672,5,en_route_delivery,1.778,1.989,6.000,-3.500,joint_grid_transaction,108,108,2,9,5,0.000,1.00
156.672,6,en_route_delivery,-5.992,0.335,-6.000,3.500,joint_grid_transaction,108,108,3,9,6,0.000,1.00
156.672,7,en_route_delivery,-3.415,2.013,-1.000,1.500,joint_grid_transaction,108,108,3,9,8,0.000,1.00
156.672,8,en_route_delivery,5.336,-2.999,6.000,3.500,joint_grid_transaction,108,108,3,9,7,0.000,1.00
156.928,1,en_route_pickup,-1.684,0.647,6.000,3.500,_command_reverse,106,22,0,1,9,157.028,1.00
156.928,2,en_route_delivery,4.301,0.391,0.000,-3.500,joint_grid_transaction,108,108,3,9,2,0.000,1.00
156.928,3,en_route_delivery,-4.301,-1.774,0.000,-3.500,joint_grid_transaction,108,108,3,9,3,0.000,1.00
156.928,4,en_route_delivery,4.231,1.629,3.000,-1.500,joint_grid_transaction,108,108,3,9,4,0.000,1.00
156.928,5,en_route_delivery,1.820,1.994,6.000,-3.500,joint_grid_transaction,108,108,3,9,5,0.000,1.00
156.928,6,en_route_delivery,-5.988,0.373,-6.000,3.500,joint_grid_transaction,108,108,3,9,6,0.000,1.00
156.928,7,en_route_delivery,-3.377,2.016,-1.000,1.500,joint_grid_transaction,108,108,3,9,8,0.000,1.00
156.928,8,en_route_delivery,5.375,-2.994,6.000,3.500,joint_grid_transaction,108,108,3,9,7,0.000,1.00
157.184,1,en_route_pickup,-1.683,0.664,6.000,3.500,_command_reverse,106,22,0,1,9,0.000,1.00
157.184,2,en_route_delivery,4.304,0.360,0.000,-3.500,joint_grid_transaction,109,109,2,9,2,0.000,1.00
157.184,3,en_route_delivery,-4.297,-1.768,0.000,-3.500,joint_grid_transaction,109,109,1,9,3,0.000,1.00
157.184,4,en_route_delivery,4.228,1.594,3.000,-1.500,joint_grid_transaction,109,109,2,9,4,0.000,1.00
157.184,5,en_route_delivery,1.862,1.998,6.000,-3.500,joint_grid_transaction,109,109,2,9,5,0.000,1.00
157.184,6,en_route_delivery,-5.984,0.410,-6.000,3.500,joint_grid_transaction,109,109,2,9,6,0.000,1.00
157.184,7,en_route_delivery,-3.340,2.020,-1.000,1.500,joint_grid_transaction,109,109,2,9,8,0.000,1.00
157.184,8,en_route_delivery,5.414,-2.990,6.000,3.500,joint_grid_transaction,109,109,2,9,7,0.000,1.00
157.440,1,en_route_pickup,-1.680,0.697,6.000,3.500,_command_reverse,106,22,0,1,9,0.000,1.00
157.440,2,en_route_delivery,4.306,0.331,0.000,-3.500,joint_grid_transaction,109,109,2,9,2,0.000,1.00
157.440,3,en_route_delivery,-4.284,-1.782,0.000,-3.500,joint_grid_transaction,109,109,1,9,3,0.000,1.00
157.440,4,en_route_delivery,4.224,1.559,3.000,-1.500,joint_grid_transaction,109,109,2,9,4,0.000,1.00
157.440,5,en_route_delivery,1.903,2.001,6.000,-3.500,joint_grid_transaction,109,109,2,9,5,0.000,1.00
157.440,6,en_route_delivery,-5.980,0.446,-6.000,3.500,joint_grid_transaction,109,109,2,9,6,0.000,1.00
157.440,7,en_route_delivery,-3.304,2.023,-1.000,1.500,joint_grid_transaction,109,109,2,9,8,0.000,1.00
157.440,8,en_route_delivery,5.451,-2.987,6.000,3.500,joint_grid_transaction,109,109,2,9,7,0.000,1.00
157.696,1,en_route_pickup,-1.677,0.728,6.000,3.500,_command_reverse,106,22,0,1,9,0.000,1.00
157.696,2,en_route_delivery,4.309,0.302,0.000,-3.500,joint_grid_transaction,109,109,2,9,2,0.000,1.00
157.696,3,en_route_delivery,-4.267,-1.790,0.000,-3.500,joint_grid_transaction,109,109,2,9,3,0.000,1.00
157.696,4,en_route_delivery,4.221,1.525,3.000,-1.500,joint_grid_transaction,109,109,2,9,4,0.000,1.00
157.696,5,en_route_delivery,1.943,2.005,6.000,-3.500,joint_grid_transaction,109,109,2,9,5,0.000,1.00
157.696,6,en_route_delivery,-5.977,0.481,-6.000,3.500,joint_grid_transaction,109,109,2,9,6,0.000,1.00
157.696,7,en_route_delivery,-3.269,2.026,-1.000,1.500,joint_grid_transaction,109,109,2,9,8,0.000,1.00
157.696,8,en_route_delivery,5.488,-2.983,6.000,3.500,joint_grid_transaction,109,109,2,9,7,0.000,1.00
157.952,1,en_route_pickup,-1.674,0.759,6.000,3.500,_command_reverse,106,22,0,1,9,0.000,1.00
157.952,2,en_route_delivery,4.311,0.277,0.000,-3.500,joint_grid_transaction,109,109,2,9,2,0.000,1.00
157.952,3,en_route_delivery,-4.236,-1.826,0.000,-3.500,joint_grid_transaction,109,109,2,9,3,0.000,1.00
157.952,4,en_route_delivery,4.218,1.493,3.000,-1.500,joint_grid_transaction,109,109,2,9,4,0.000,1.00
157.952,5,en_route_delivery,1.982,2.009,6.000,-3.500,joint_grid_transaction,109,109,2,9,5,0.000,1.00
157.952,6,en_route_delivery,-5.974,0.514,-6.000,3.500,joint_grid_transaction,109,109,2,9,6,0.000,1.00
157.952,7,en_route_delivery,-3.236,2.029,-1.000,1.500,joint_grid_transaction,109,109,2,9,8,0.000,1.00
157.952,8,en_route_delivery,5.523,-2.980,6.000,3.500,joint_grid_transaction,109,109,2,9,7,0.000,1.00
158.208,1,en_route_pickup,-1.673,0.770,6.000,3.500,_command_reverse,106,22,0,1,9,158.532,1.00
158.208,2,en_route_delivery,4.312,0.255,0.000,-3.500,joint_grid_transaction,109,109,2,9,2,0.000,1.00
158.208,3,en_route_delivery,-4.202,-1.858,0.000,-3.500,joint_grid_transaction,109,109,2,9,3,0.000,1.00
158.208,4,en_route_delivery,4.215,1.466,3.000,-1.500,joint_grid_transaction,109,109,2,9,4,0.000,1.00
158.208,5,en_route_delivery,2.020,2.012,6.000,-3.500,joint_grid_transaction,109,109,2,9,5,0.000,1.00
158.208,6,en_route_delivery,-5.972,0.534,-6.000,3.500,joint_grid_transaction,109,109,2,9,6,0.000,1.00
158.208,7,en_route_delivery,-3.218,2.031,-1.000,1.500,joint_grid_transaction,109,109,2,9,8,0.000,1.00
158.208,8,en_route_delivery,5.531,-2.979,6.000,3.500,joint_grid_transaction,109,109,2,9,7,0.000,1.00
158.464,1,en_route_pickup,-1.673,0.770,6.000,3.500,_command_reverse,106,22,0,1,9,158.532,1.00
158.464,2,en_route_delivery,4.313,0.234,0.000,-3.500,joint_grid_transaction,109,109,2,9,2,0.000,1.00
158.464,3,en_route_delivery,-4.175,-1.876,0.000,-3.500,joint_grid_transaction,109,109,3,9,3,0.000,1.00
158.464,4,en_route_delivery,4.213,1.447,3.000,-1.500,joint_grid_transaction,109,109,3,9,4,0.000,1.00
158.464,5,en_route_delivery,2.052,2.016,6.000,-3.500,joint_grid_transaction,109,109,3,9,5,0.000,1.00
158.464,6,en_route_delivery,-5.969,0.553,-6.000,3.500,joint_grid_transaction,109,109,3,9,6,0.000,1.00
158.464,7,en_route_delivery,-3.198,2.033,-1.000,1.500,joint_grid_transaction,109,109,3,9,8,0.000,1.00
158.464,8,en_route_delivery,5.552,-2.976,6.000,3.500,joint_grid_transaction,109,109,3,9,7,0.000,1.00
158.720,1,en_route_pickup,-1.671,0.789,6.000,3.500,_command_reverse,106,22,0,1,9,0.000,1.00
158.720,2,en_route_delivery,4.313,0.213,0.000,-3.500,joint_grid_transaction,110,109,2,9,2,0.000,1.00
158.720,3,en_route_delivery,-4.165,-1.876,0.000,-3.500,joint_grid_transaction,110,109,3,8,3,0.000,1.00
158.720,4,en_route_delivery,4.210,1.414,3.000,-1.500,joint_grid_transaction,110,109,3,9,4,0.000,1.00
158.720,5,en_route_delivery,2.090,2.019,6.000,-3.500,joint_grid_transaction,110,109,3,9,5,0.000,1.00
158.720,6,en_route_delivery,-5.966,0.588,-6.000,3.500,joint_grid_transaction,110,109,3,9,6,0.000,1.00
158.720,7,en_route_delivery,-3.163,2.036,-1.000,1.500,joint_grid_transaction,110,109,3,9,8,0.000,1.00
158.720,8,en_route_delivery,5.587,-2.973,6.000,3.500,joint_grid_transaction,110,109,3,9,7,0.000,1.00
158.976,1,en_route_pickup,-1.669,0.817,6.000,3.500,_command_reverse,106,22,0,1,9,0.000,1.00
158.976,2,en_route_delivery,4.313,0.177,0.000,-3.500,joint_grid_transaction,110,110,2,9,2,0.000,1.00
158.976,3,en_route_delivery,-4.165,-1.876,0.000,-3.500,joint_grid_transaction,110,110,1,8,3,0.000,1.00
158.976,4,en_route_delivery,4.207,1.381,3.000,-1.500,joint_grid_transaction,110,110,2,9,4,0.000,1.00
158.976,5,en_route_delivery,2.127,2.023,6.000,-3.500,joint_grid_transaction,110,110,2,9,5,0.000,1.00
158.976,6,en_route_delivery,-5.962,0.622,-6.000,3.500,joint_grid_transaction,110,110,2,9,6,0.000,1.00
158.976,7,en_route_delivery,-3.129,2.039,-1.000,1.500,joint_grid_transaction,110,110,2,9,8,0.000,1.00
158.976,8,en_route_delivery,5.622,-2.969,6.000,3.500,joint_grid_transaction,110,110,2,9,7,0.000,1.00
159.232,1,en_route_pickup,-1.666,0.844,6.000,3.500,joint_grid_transaction,106,22,0,0,9,0.000,1.00
159.232,2,en_route_delivery,4.314,0.142,0.000,-3.500,joint_grid_transaction,110,110,2,9,2,0.000,1.00
159.232,3,en_route_delivery,-4.165,-1.876,0.000,-3.500,joint_grid_transaction,110,110,1,8,3,0.000,1.00
159.232,4,en_route_delivery,4.204,1.349,3.000,-1.500,joint_grid_transaction,110,110,2,9,4,0.000,1.00
159.232,5,en_route_delivery,2.162,2.026,6.000,-3.500,joint_grid_transaction,110,110,2,9,5,0.000,1.00
159.232,6,en_route_delivery,-5.959,0.654,-6.000,3.500,joint_grid_transaction,110,110,2,9,6,0.000,1.00
159.232,7,en_route_delivery,-3.096,2.042,-1.000,1.500,joint_grid_transaction,110,110,2,9,8,0.000,1.00
159.232,8,en_route_delivery,5.656,-2.966,6.000,3.500,joint_grid_transaction,110,110,2,9,7,0.000,1.00
159.488,1,en_route_pickup,-1.665,0.866,6.000,3.500,joint_grid_transaction,106,22,0,0,9,0.000,1.00
159.488,2,en_route_delivery,4.314,0.107,0.000,-3.500,joint_grid_transaction,110,110,2,9,2,0.000,1.00
159.488,3,en_route_delivery,-4.165,-1.876,0.000,-3.500,joint_grid_transaction,110,110,1,8,3,0.000,1.00
159.488,4,en_route_delivery,4.201,1.319,3.000,-1.500,joint_grid_transaction,110,110,2,9,4,0.000,1.00
159.488,5,en_route_delivery,2.197,2.030,6.000,-3.500,joint_grid_transaction,110,110,2,9,5,0.000,1.00
159.488,6,en_route_delivery,-5.956,0.685,-6.000,3.500,joint_grid_transaction,110,110,2,9,6,0.000,1.00
159.488,7,en_route_delivery,-3.064,2.045,-1.000,1.500,joint_grid_transaction,110,110,2,9,8,0.000,1.00
159.488,8,en_route_delivery,5.689,-2.963,6.000,3.500,joint_grid_transaction,110,110,2,9,7,0.000,1.00
159.744,1,en_route_pickup,-1.664,0.880,6.000,3.500,joint_grid_transaction,106,22,1,0,9,0.000,1.00
159.744,2,en_route_delivery,4.315,0.075,0.000,-3.500,joint_grid_transaction,110,110,2,9,2,0.000,1.00
159.744,3,en_route_delivery,-4.165,-1.876,0.000,-3.500,joint_grid_transaction,110,110,1,8,3,0.000,1.00
159.744,4,en_route_delivery,4.199,1.290,3.000,-1.500,joint_grid_transaction,110,110,2,9,4,0.000,1.00
159.744,5,en_route_delivery,2.230,2.033,6.000,-3.500,joint_grid_transaction,110,110,2,9,5,0.000,1.00
159.744,6,en_route_delivery,-5.953,0.714,-6.000,3.500,joint_grid_transaction,110,110,2,9,6,0.000,1.00
159.744,7,en_route_delivery,-3.034,2.048,-1.000,1.500,joint_grid_transaction,110,110,2,9,8,0.000,1.00
159.744,8,en_route_delivery,5.720,-2.959,6.000,3.500,joint_grid_transaction,110,110,2,9,7,0.000,1.00
160.000,1,en_route_pickup,-1.664,0.880,6.000,3.500,joint_grid_transaction,106,22,1,0,9,0.000,1.00
160.000,2,en_route_delivery,4.315,0.043,0.000,-3.500,joint_grid_transaction,110,110,2,9,2,0.000,1.00
160.000,3,en_route_delivery,-4.141,-1.890,0.000,-3.500,joint_grid_transaction,110,110,2,8,3,0.000,1.00
160.000,4,en_route_delivery,4.196,1.263,3.000,-1.500,joint_grid_transaction,110,110,2,9,4,0.000,1.00
160.000,5,en_route_delivery,2.261,2.036,6.000,-3.500,joint_grid_transaction,110,110,2,9,5,0.000,1.00
160.000,6,en_route_delivery,-5.950,0.742,-6.000,3.500,joint_grid_transaction,110,110,2,9,6,0.000,1.00
160.000,7,en_route_delivery,-3.006,2.050,-1.000,1.500,joint_grid_transaction,110,110,2,9,8,0.000,1.00
160.000,8,en_route_delivery,5.749,-2.957,6.000,3.500,joint_grid_transaction,110,110,2,9,7,0.000,1.00
160.256,1,en_route_pickup,-1.664,0.880,6.000,3.500,joint_grid_transaction,106,22,1,0,9,160.532,1.00
160.256,2,en_route_delivery,4.316,0.014,0.000,-3.500,joint_grid_transaction,110,110,2,9,2,0.000,1.00
160.256,3,en_route_delivery,-4.099,-1.911,0.000,-3.500,joint_grid_transaction,110,110,2,8,3,0.000,1.00
160.256,4,en_route_delivery,4.195,1.242,3.000,-1.500,joint_grid_transaction,110,110,2,9,4,0.000,1.00
160.256,5,en_route_delivery,2.291,2.039,6.000,-3.500,joint_grid_transaction,110,110,2,9,5,0.000,1.00
160.256,6,en_route_delivery,-5.948,0.764,-6.000,3.500,joint_grid_transaction,110,110,2,9,6,0.000,1.00
160.256,7,en_route_delivery,-2.982,2.052,-1.000,1.500,joint_grid_transaction,110,110,2,9,8,0.000,1.00
160.256,8,en_route_delivery,5.776,-2.954,6.000,3.500,joint_grid_transaction,110,110,2,9,7,0.000,1.00
160.512,1,en_route_pickup,-1.664,0.880,6.000,3.500,joint_grid_transaction,106,22,1,0,9,160.532,1.00
160.512,2,en_route_delivery,4.316,-0.012,0.000,-3.500,joint_grid_transaction,110,110,2,9,2,0.000,1.00
160.512,3,en_route_delivery,-4.055,-1.928,0.000,-3.500,joint_grid_transaction,110,110,2,8,3,0.000,1.00
160.512,4,en_route_delivery,4.194,1.221,3.000,-1.500,joint_grid_transaction,110,110,2,9,4,0.000,1.00
160.512,5,en_route_delivery,2.325,2.042,6.000,-3.500,joint_grid_transaction,110,110,3,9,5,0.000,1.00
160.512,6,en_route_delivery,-5.948,0.785,-6.000,3.500,joint_grid_transaction,110,110,2,9,6,0.000,1.00
160.512,7,en_route_delivery,-2.961,2.053,-1.000,1.500,joint_grid_transaction,110,110,2,9,8,0.000,1.00
160.512,8,en_route_delivery,5.784,-2.952,6.000,3.500,joint_grid_transaction,110,110,3,9,7,0.000,1.00
160.768,1,en_route_pickup,-1.664,0.880,6.000,3.500,joint_grid_transaction,106,22,1,0,9,0.000,1.00
160.768,2,en_route_delivery,4.317,-0.035,0.000,-3.500,joint_grid_transaction,111,111,1,9,2,0.000,1.00
160.768,3,en_route_delivery,-4.010,-1.943,0.000,-3.500,joint_grid_transaction,111,111,1,8,3,0.000,1.00
160.768,4,en_route_delivery,4.193,1.193,3.000,-1.500,joint_grid_transaction,111,111,2,9,4,0.000,1.00
160.768,5,en_route_delivery,2.356,2.045,6.000,-3.500,joint_grid_transaction,111,111,2,9,5,0.000,1.00
160.768,6,en_route_delivery,-5.946,0.816,-6.000,3.500,joint_grid_transaction,111,111,2,9,6,0.000,1.00
160.768,7,en_route_delivery,-2.928,2.055,-1.000,1.500,joint_grid_transaction,111,111,2,9,8,0.000,1.00
160.768,8,en_route_delivery,5.785,-2.954,6.000,3.500,joint_grid_transaction,111,111,1,9,7,0.000,1.00
161.024,1,en_route_pickup,-1.664,0.880,6.000,3.500,joint_grid_transaction,106,22,1,0,9,0.000,1.00
161.024,2,en_route_delivery,4.316,-0.069,0.000,-3.500,joint_grid_transaction,111,111,2,9,2,0.000,1.00
161.024,3,en_route_delivery,-3.964,-1.956,0.000,-3.500,joint_grid_transaction,111,111,1,8,3,0.000,1.00
161.024,4,en_route_delivery,4.191,1.159,3.000,-1.500,joint_grid_transaction,111,111,2,9,4,0.000,1.00
161.024,5,en_route_delivery,2.388,2.048,6.000,-3.500,joint_grid_transaction,111,111,2,9,5,0.000,1.00
161.024,6,en_route_delivery,-5.944,0.849,-6.000,3.500,joint_grid_transaction,111,111,2,9,6,0.000,1.00
161.024,7,en_route_delivery,-2.895,2.057,-1.000,1.500,joint_grid_transaction,111,111,2,9,8,0.000,1.00
161.024,8,en_route_delivery,5.776,-2.950,6.000,3.500,joint_grid_transaction,111,111,2,9,7,0.000,1.00
161.280,1,en_route_pickup,-1.664,0.880,6.000,3.500,joint_grid_transaction,106,22,1,0,9,0.000,1.00
161.280,2,en_route_delivery,4.316,-0.106,0.000,-3.500,joint_grid_transaction,111,111,2,9,2,0.000,1.00
161.280,3,en_route_delivery,-3.964,-1.956,0.000,-3.500,joint_grid_transaction,111,111,1,8,3,0.000,1.00
161.280,4,en_route_delivery,4.190,1.127,3.000,-1.500,joint_grid_transaction,111,111,2,9,4,0.000,1.00
161.280,5,en_route_delivery,2.419,2.050,6.000,-3.500,joint_grid_transaction,111,111,2,9,5,0.000,1.00
161.280,6,en_route_delivery,-5.942,0.882,-6.000,3.500,joint_grid_transaction,111,111,2,9,6,0.000,1.00
161.280,7,en_route_delivery,-2.863,2.059,-1.000,1.500,joint_grid_transaction,111,111,2,9,8,0.000,1.00
161.280,8,en_route_delivery,5.794,-2.936,6.000,3.500,joint_grid_transaction,111,111,2,9,7,0.000,1.00
161.536,1,en_route_pickup,-1.664,0.880,6.000,3.500,joint_grid_transaction,106,22,1,0,9,0.000,1.00
161.536,2,en_route_delivery,4.315,-0.143,0.000,-3.500,joint_grid_transaction,111,111,2,9,2,0.000,1.00
161.536,3,en_route_delivery,-3.964,-1.956,0.000,-3.500,joint_grid_transaction,111,111,1,8,3,0.000,1.00
161.536,4,en_route_delivery,4.188,1.096,3.000,-1.500,joint_grid_transaction,111,111,2,9,4,0.000,1.00
161.536,5,en_route_delivery,2.448,2.053,6.000,-3.500,joint_grid_transaction,111,111,2,9,5,0.000,1.00
161.536,6,en_route_delivery,-5.940,0.913,-6.000,3.500,joint_grid_transaction,111,111,2,9,6,0.000,1.00
161.536,7,en_route_delivery,-2.833,2.061,-1.000,1.500,joint_grid_transaction,111,111,2,9,8,0.000,1.00
161.536,8,en_route_delivery,5.834,-2.911,6.000,3.500,joint_grid_transaction,111,111,2,9,7,0.000,1.00
161.792,1,en_route_pickup,-1.664,0.880,6.000,3.500,joint_grid_transaction,106,22,1,0,9,0.000,1.00
161.792,2,en_route_delivery,4.314,-0.179,0.000,-3.500,joint_grid_transaction,111,111,2,9,2,0.000,1.00
161.792,3,en_route_delivery,-3.964,-1.956,0.000,-3.500,joint_grid_transaction,111,111,1,8,3,0.000,1.00
161.792,4,en_route_delivery,4.186,1.067,3.000,-1.500,joint_grid_transaction,111,111,2,9,4,0.000,1.00
161.792,5,en_route_delivery,2.476,2.056,6.000,-3.500,joint_grid_transaction,111,111,2,9,5,0.000,1.00
161.792,6,en_route_delivery,-5.938,0.942,-6.000,3.500,joint_grid_transaction,111,111,2,9,6,0.000,1.00
161.792,7,en_route_delivery,-2.804,2.063,-1.000,1.500,joint_grid_transaction,111,111,2,9,8,0.000,1.00
161.792,8,en_route_delivery,5.844,-2.904,6.000,3.500,joint_grid_transaction,111,111,2,9,7,0.000,1.00
162.048,1,en_route_pickup,-1.664,0.880,6.000,3.500,joint_grid_transaction,106,22,1,0,9,162.532,1.00
162.048,2,en_route_delivery,4.313,-0.214,0.000,-3.500,joint_grid_transaction,111,111,2,9,2,0.000,1.00
162.048,3,en_route_delivery,-3.928,-1.965,0.000,-3.500,joint_grid_transaction,111,111,2,8,3,0.000,1.00
162.048,4,en_route_delivery,4.185,1.039,3.000,-1.500,joint_grid_transaction,111,111,2,9,4,0.000,1.00
162.048,5,en_route_delivery,2.498,2.057,6.000,-3.500,joint_grid_transaction,111,111,2,9,5,0.000,1.00
162.048,6,en_route_delivery,-5.936,0.970,-6.000,3.500,joint_grid_transaction,111,111,2,9,6,0.000,1.00
162.048,7,en_route_delivery,-2.776,2.065,-1.000,1.500,joint_grid_transaction,111,111,2,9,8,0.000,1.00
162.048,8,en_route_delivery,5.828,-2.891,6.000,3.500,joint_grid_transaction,111,111,3,9,7,0.000,1.00
162.304,1,en_route_pickup,-1.664,0.880,6.000,3.500,joint_grid_transaction,106,22,1,0,9,162.532,1.00
162.304,2,en_route_delivery,4.311,-0.250,0.000,-3.500,joint_grid_transaction,111,111,2,9,2,0.000,1.00
162.304,3,en_route_delivery,-3.881,-1.974,0.000,-3.500,joint_grid_transaction,111,111,2,8,3,0.000,1.00
162.304,4,en_route_delivery,4.183,1.015,3.000,-1.500,joint_grid_transaction,111,111,2,9,4,0.000,1.00
162.304,5,en_route_delivery,2.520,2.058,6.000,-3.500,joint_grid_transaction,111,111,2,9,5,0.000,1.00
162.304,6,en_route_delivery,-5.935,0.994,-6.000,3.500,joint_grid_transaction,111,111,2,9,6,0.000,1.00
162.304,7,en_route_delivery,-2.754,2.066,-1.000,1.500,joint_grid_transaction,111,111,2,9,8,0.000,1.00
162.304,8,en_route_delivery,5.826,-2.873,6.000,3.500,joint_grid_transaction,111,111,3,9,7,0.000,1.00
162.560,1,en_route_pickup,-1.664,0.880,6.000,3.500,joint_grid_transaction,106,22,1,0,9,0.000,1.00
162.560,2,en_route_delivery,4.308,-0.285,0.000,-3.500,joint_grid_transaction,111,111,2,9,2,0.000,1.00
162.560,3,en_route_delivery,-3.834,-1.981,0.000,-3.500,joint_grid_transaction,111,111,2,8,3,0.000,1.00
162.560,4,en_route_delivery,4.183,0.993,3.000,-1.500,joint_grid_transaction,111,111,2,9,4,0.000,1.00
162.560,5,en_route_delivery,2.543,2.059,6.000,-3.500,joint_grid_transaction,111,111,2,9,5,0.000,1.00
162.560,6,en_route_delivery,-5.935,1.015,-6.000,3.500,joint_grid_transaction,111,111,2,9,6,0.000,1.00
162.560,7,en_route_delivery,-2.733,2.066,-1.000,1.500,joint_grid_transaction,111,111,2,9,8,0.000,1.00
162.560,8,en_route_delivery,5.854,-2.835,6.000,3.500,joint_grid_transaction,111,111,3,9,7,0.000,1.00
162.816,1,en_route_pickup,-1.664,0.880,6.000,3.500,joint_grid_transaction,106,22,1,0,9,0.000,1.00
162.816,2,en_route_delivery,4.305,-0.329,0.000,-3.500,joint_grid_transaction,112,112,2,9,2,0.000,1.00
162.816,3,en_route_delivery,-3.792,-1.986,0.000,-3.500,joint_grid_transaction,112,112,2,9,3,0.000,1.00
162.816,4,en_route_delivery,4.182,0.971,3.000,-1.500,joint_grid_transaction,112,112,1,9,4,0.000,1.00
162.816,5,en_route_delivery,2.576,2.060,6.000,-3.500,joint_grid_transaction,112,112,2,9,5,0.000,1.00
162.816,6,en_route_delivery,-5.934,1.037,-6.000,3.500,joint_grid_transaction,112,112,1,9,6,0.000,1.00
162.816,7,en_route_delivery,-2.710,2.066,-1.000,1.500,joint_grid_transaction,112,112,1,9,8,0.000,1.00
162.816,8,en_route_delivery,5.865,-2.829,6.000,3.500,joint_grid_transaction,112,112,2,9,7,0.000,1.00
163.072,1,en_route_pickup,-1.664,0.880,6.000,3.500,joint_grid_transaction,106,22,1,0,9,0.000,1.00
163.072,2,en_route_delivery,4.301,-0.376,0.000,-3.500,joint_grid_transaction,112,112,2,9,2,0.000,1.00
163.072,3,en_route_delivery,-3.748,-1.991,0.000,-3.500,joint_grid_transaction,112,112,2,9,3,0.000,1.00
163.072,4,en_route_delivery,4.183,0.940,3.000,-1.500,joint_grid_transaction,112,112,2,9,4,0.000,1.00
163.072,5,en_route_delivery,2.609,2.061,6.000,-3.500,joint_grid_transaction,112,112,2,9,5,0.000,1.00
163.072,6,en_route_delivery,-5.935,1.072,-6.000,3.500,joint_grid_transaction,112,112,2,9,6,0.000,1.00
163.072,7,en_route_delivery,-2.674,2.065,-1.000,1.500,joint_grid_transaction,112,112,2,9,8,0.000,1.00
163.072,8,en_route_delivery,5.865,-2.829,6.000,3.500,joint_grid_transaction,112,112,2,9,7,0.000,1.00
163.328,1,en_route_pickup,-1.664,0.880,6.000,3.500,joint_grid_transaction,106,22,1,0,9,0.000,1.00
163.328,2,en_route_delivery,4.296,-0.424,0.000,-3.500,joint_grid_transaction,112,112,2,9,2,0.000,1.00
163.328,3,en_route_delivery,-3.718,-1.995,0.000,-3.500,joint_grid_transaction,112,112,2,9,3,0.000,1.00
163.328,4,en_route_delivery,4.184,0.902,3.000,-1.500,joint_grid_transaction,112,112,2,9,4,0.000,1.00
163.328,5,en_route_delivery,2.641,2.062,6.000,-3.500,joint_grid_transaction,112,112,2,9,5,0.000,1.00
163.328,6,en_route_delivery,-5.935,1.109,-6.000,3.500,joint_grid_transaction,112,112,2,9,6,0.000,1.00
163.328,7,en_route_delivery,-2.636,2.065,-1.000,1.500,joint_grid_transaction,112,112,2,9,8,0.000,1.00
163.328,8,en_route_delivery,5.865,-2.829,6.000,3.500,joint_grid_transaction,112,112,2,9,7,0.000,1.00
163.584,1,en_route_pickup,-1.664,0.880,6.000,3.500,joint_grid_transaction,106,22,1,0,9,0.000,1.00
163.584,2,en_route_delivery,4.290,-0.471,0.000,-3.500,joint_grid_transaction,112,112,2,9,2,0.000,1.00
163.584,3,en_route_delivery,-3.718,-1.995,0.000,-3.500,joint_grid_transaction,112,112,2,9,3,0.000,1.00
163.584,4,en_route_delivery,4.185,0.864,3.000,-1.500,joint_grid_transaction,112,112,2,9,4,0.000,1.00
163.584,5,en_route_delivery,2.671,2.064,6.000,-3.500,joint_grid_transaction,112,112,2,9,5,0.000,1.00
163.584,6,en_route_delivery,-5.936,1.146,-6.000,3.500,joint_grid_transaction,112,112,2,9,6,0.000,1.00
163.584,7,en_route_delivery,-2.598,2.063,-1.000,1.500,joint_grid_transaction,112,112,2,9,8,0.000,1.00
163.584,8,en_route_delivery,5.865,-2.829,6.000,3.500,joint_grid_transaction,112,112,2,9,7,0.000,1.00
163.840,1,en_route_pickup,-1.664,0.880,6.000,3.500,joint_grid_transaction,106,22,1,0,9,0.000,1.00
163.840,2,en_route_delivery,4.284,-0.518,0.000,-3.500,joint_grid_transaction,112,112,2,9,2,0.000,1.00
163.840,3,en_route_delivery,-3.718,-1.995,0.000,-3.500,joint_grid_transaction,112,112,2,9,3,0.000,1.00
163.840,4,en_route_delivery,4.186,0.827,3.000,-1.500,joint_grid_transaction,112,112,2,9,4,0.000,1.00
163.840,5,en_route_delivery,2.699,2.066,6.000,-3.500,joint_grid_transaction,112,112,2,9,5,0.000,1.00
163.840,6,en_route_delivery,-5.937,1.182,-6.000,3.500,joint_grid_transaction,112,112,2,9,6,0.000,1.00
163.840,7,en_route_delivery,-2.560,2.061,-1.000,1.500,joint_grid_transaction,112,112,2,9,8,0.000,1.00
163.840,8,en_route_delivery,5.867,-2.827,6.000,3.500,joint_grid_transaction,112,112,2,9,7,0.000,1.00
164.096,1,en_route_pickup,-1.664,0.880,6.000,3.500,joint_grid_transaction,106,22,1,0,9,164.532,1.00
164.096,2,en_route_delivery,4.278,-0.565,0.000,-3.500,joint_grid_transaction,112,112,3,9,2,0.000,1.00
164.096,3,en_route_delivery,-3.730,-1.999,0.000,-3.500,joint_grid_transaction,112,112,3,9,3,0.000,1.00
164.096,4,en_route_delivery,4.188,0.789,3.000,-1.500,joint_grid_transaction,112,112,2,9,4,0.000,1.00
164.096,5,en_route_delivery,2.726,2.067,6.000,-3.500,joint_grid_transaction,112,112,2,9,5,0.000,1.00
164.096,6,en_route_delivery,-5.938,1.218,-6.000,3.500,joint_grid_transaction,112,112,2,9,6,0.000,1.00
164.096,7,en_route_delivery,-2.522,2.059,-1.000,1.500,joint_grid_transaction,112,112,2,9,8,0.000,1.00
164.096,8,en_route_delivery,5.893,-2.789,6.000,3.500,joint_grid_transaction,112,112,3,9,7,0.000,1.00
164.352,1,en_route_pickup,-1.664,0.880,6.000,3.500,joint_grid_transaction,106,22,1,0,9,164.532,1.00
164.352,2,en_route_delivery,4.273,-0.612,0.000,-3.500,joint_grid_transaction,112,112,3,9,2,0.000,1.00
164.352,3,en_route_delivery,-3.736,-2.007,0.000,-3.500,joint_grid_transaction,112,112,3,9,3,0.000,1.00
164.352,4,en_route_delivery,4.191,0.751,3.000,-1.500,joint_grid_transaction,112,112,2,9,4,0.000,1.00
164.352,5,en_route_delivery,2.748,2.068,6.000,-3.500,joint_grid_transaction,112,112,2,9,5,0.000,1.00
164.352,6,en_route_delivery,-5.940,1.253,-6.000,3.500,joint_grid_transaction,112,112,2,9,6,0.000,1.00
164.352,7,en_route_delivery,-2.483,2.056,-1.000,1.500,joint_grid_transaction,112,112,2,9,8,0.000,1.00
164.352,8,en_route_delivery,5.915,-2.748,6.000,3.500,joint_grid_transaction,112,112,3,9,7,0.000,1.00
164.608,1,en_route_pickup,-1.664,0.880,6.000,3.500,joint_grid_transaction,106,22,1,0,9,0.000,1.00
164.608,2,en_route_delivery,4.269,-0.658,0.000,-3.500,joint_grid_transaction,112,112,3,9,2,0.000,1.00
164.608,3,en_route_delivery,-3.697,-2.033,0.000,-3.500,joint_grid_transaction,112,112,3,9,3,0.000,1.00
164.608,4,en_route_delivery,4.195,0.712,3.000,-1.500,joint_grid_transaction,112,112,2,9,4,0.000,1.00
164.608,5,en_route_delivery,2.769,2.068,6.000,-3.500,joint_grid_transaction,112,112,2,9,5,0.000,1.00
164.608,6,en_route_delivery,-5.943,1.288,-6.000,3.500,joint_grid_transaction,112,112,2,9,6,0.000,1.00
164.608,7,en_route_delivery,-2.440,2.051,-1.000,1.500,joint_grid_transaction,112,112,2,9,8,0.000,1.00
164.608,8,en_route_delivery,5.934,-2.707,6.000,3.500,joint_grid_transaction,112,112,3,9,7,0.000,1.00
164.864,1,en_route_pickup,-1.664,0.880,6.000,3.500,joint_grid_transaction,106,22,1,0,9,0.000,1.00
164.864,2,en_route_delivery,4.264,-0.700,0.000,-3.500,joint_grid_transaction,113,113,2,9,2,0.000,1.00
164.864,3,en_route_delivery,-3.662,-2.060,0.000,-3.500,joint_grid_transaction,113,113,2,9,3,0.000,1.00
164.864,4,en_route_delivery,4.200,0.665,3.000,-1.500,joint_grid_transaction,113,113,2,9,4,0.000,1.00
164.864,5,en_route_delivery,2.792,2.068,6.000,-3.500,joint_grid_transaction,113,113,1,9,5,0.000,1.00
164.864,6,en_route_delivery,-5.946,1.333,-6.000,3.500,joint_grid_transaction,113,113,2,9,6,0.000,1.00
164.864,7,en_route_delivery,-2.393,2.047,-1.000,1.500,joint_grid_transaction,113,113,2,9,8,0.000,1.00
164.864,8,en_route_delivery,5.949,-2.669,6.000,3.500,joint_grid_transaction,113,113,2,9,7,0.000,1.00
165.120,1,en_route_pickup,-1.664,0.880,6.000,3.500,joint_grid_transaction,106,22,1,0,9,0.000,1.00
165.120,2,en_route_delivery,4.260,-0.744,0.000,-3.500,joint_grid_transaction,113,113,2,9,2,0.000,1.00
165.120,3,en_route_delivery,-3.638,-2.082,0.000,-3.500,joint_grid_transaction,113,113,2,9,3,0.000,1.00
165.120,4,en_route_delivery,4.205,0.618,3.000,-1.500,joint_grid_transaction,113,113,2,9,4,0.000,1.00
165.120,5,en_route_delivery,2.831,2.067,6.000,-3.500,joint_grid_transaction,113,113,2,9,5,0.000,1.00
165.120,6,en_route_delivery,-5.950,1.380,-6.000,3.500,joint_grid_transaction,113,113,2,9,6,0.000,1.00
165.120,7,en_route_delivery,-2.346,2.041,-1.000,1.500,joint_grid_transaction,113,113,2,9,8,0.000,1.00
165.120,8,en_route_delivery,5.962,-2.623,6.000,3.500,joint_grid_transaction,113,113,2,9,7,0.000,1.00
165.376,1,en_route_pickup,-1.664,0.880,6.000,3.500,joint_grid_transaction,106,22,1,0,9,0.000,1.00
165.376,2,en_route_delivery,4.256,-0.781,0.000,-3.500,joint_grid_transaction,113,113,2,9,2,0.000,1.00
165.376,3,en_route_delivery,-3.638,-2.082,0.000,-3.500,joint_grid_transaction,113,113,2,9,3,0.000,1.00
165.376,4,en_route_delivery,4.210,0.570,3.000,-1.500,joint_grid_transaction,113,113,2,9,4,0.000,1.00
165.376,5,en_route_delivery,2.870,2.065,6.000,-3.500,joint_grid_transaction,113,113,2,9,5,0.000,1.00
165.376,6,en_route_delivery,-5.955,1.428,-6.000,3.500,joint_grid_transaction,113,113,2,9,6,0.000,1.00
165.376,7,en_route_delivery,-2.298,2.036,-1.000,1.500,joint_grid_transaction,113,113,2,9,8,0.000,1.00
165.376,8,en_route_delivery,5.972,-2.577,6.000,3.500,joint_grid_transaction,113,113,2,9,7,0.000,1.00
165.632,1,en_route_pickup,-1.664,0.880,6.000,3.500,joint_grid_transaction,106,22,1,0,9,0.000,1.00
165.632,2,en_route_delivery,4.256,-0.781,0.000,-3.500,joint_grid_transaction,113,113,2,9,2,0.000,1.00
165.632,3,en_route_delivery,-3.638,-2.082,0.000,-3.500,joint_grid_transaction,113,113,2,9,3,0.000,1.00
165.632,4,en_route_delivery,4.216,0.523,3.000,-1.500,joint_grid_transaction,113,113,2,9,4,0.000,1.00
165.632,5,en_route_delivery,2.910,2.063,6.000,-3.500,joint_grid_transaction,113,113,2,9,5,0.000,1.00
165.632,6,en_route_delivery,-5.960,1.475,-6.000,3.500,joint_grid_transaction,113,113,2,9,6,0.000,1.00
165.632,7,en_route_delivery,-2.251,2.031,-1.000,1.500,joint_grid_transaction,113,113,2,9,8,0.000,1.00
165.632,8,en_route_delivery,5.979,-2.530,6.000,3.500,joint_grid_transaction,113,113,2,9,7,0.000,1.00
165.888,1,en_route_pickup,-1.664,0.880,6.000,3.500,joint_grid_transaction,106,22,1,0,9,0.000,1.00
165.888,2,en_route_delivery,4.255,-0.791,0.000,-3.500,joint_grid_transaction,113,113,2,9,2,0.000,1.00
165.888,3,en_route_delivery,-3.643,-2.087,0.000,-3.500,joint_grid_transaction,113,113,2,9,3,0.000,1.00
165.888,4,en_route_delivery,4.221,0.475,3.000,-1.500,joint_grid_transaction,113,113,2,9,4,0.000,1.00
165.888,5,en_route_delivery,2.951,2.060,6.000,-3.500,joint_grid_transaction,113,113,2,9,5,0.000,1.00
165.888,6,en_route_delivery,-5.966,1.523,-6.000,3.500,joint_grid_transaction,113,113,2,9,6,0.000,1.00
165.888,7,en_route_delivery,-2.204,2.025,-1.000,1.500,joint_grid_transaction,113,113,2,9,8,0.000,1.00
165.888,8,en_route_delivery,5.985,-2.483,6.000,3.500,joint_grid_transaction,113,113,2,9,7,0.000,1.00
166.144,1,en_route_pickup,-1.664,0.880,6.000,3.500,joint_grid_transaction,106,22,1,0,9,166.532,1.00
166.144,2,en_route_delivery,4.250,-0.831,0.000,-3.500,joint_grid_transaction,113,113,3,9,2,0.000,1.00
166.144,3,en_route_delivery,-3.654,-2.100,0.000,-3.500,joint_grid_transaction,113,113,3,9,3,0.000,1.00
166.144,4,en_route_delivery,4.227,0.429,3.000,-1.500,joint_grid_transaction,113,113,3,9,4,0.000,1.00
166.144,5,en_route_delivery,2.992,2.056,6.000,-3.500,joint_grid_transaction,113,113,2,9,5,0.000,1.00
166.144,6,en_route_delivery,-5.972,1.570,-6.000,3.500,joint_grid_transaction,113,113,3,9,6,0.000,1.00
166.144,7,en_route_delivery,-2.158,2.020,-1.000,1.500,joint_grid_transaction,113,113,3,9,8,0.000,1.00
166.144,8,en_route_delivery,5.990,-2.437,6.000,3.500,joint_grid_transaction,113,113,3,9,7,0.000,1.00
166.400,1,en_route_pickup,-1.664,0.880,6.000,3.500,joint_grid_transaction,106,22,1,0,9,166.532,1.00
166.400,2,en_route_delivery,4.246,-0.871,0.000,-3.500,joint_grid_transaction,113,113,3,9,2,0.000,1.00
166.400,3,en_route_delivery,-3.628,-2.138,0.000,-3.500,joint_grid_transaction,113,113,3,9,3,0.000,1.00
166.400,4,en_route_delivery,4.231,0.384,3.000,-1.500,joint_grid_transaction,113,113,3,9,4,0.000,1.00
166.400,5,en_route_delivery,3.036,2.051,6.000,-3.500,joint_grid_transaction,113,113,2,9,5,0.000,1.00
166.400,6,en_route_delivery,-5.977,1.617,-6.000,3.500,joint_grid_transaction,113,113,3,9,6,0.000,1.00
166.400,7,en_route_delivery,-2.115,2.016,-1.000,1.500,joint_grid_transaction,113,113,3,9,8,0.000,1.00
166.400,8,en_route_delivery,5.993,-2.394,6.000,3.500,joint_grid_transaction,113,113,3,9,7,0.000,1.00
166.656,1,en_route_pickup,-1.664,0.880,6.000,3.500,joint_grid_transaction,106,22,1,0,9,0.000,1.00
166.656,2,en_route_delivery,4.242,-0.909,0.000,-3.500,joint_grid_transaction,114,113,3,9,2,0.000,1.00
166.656,3,en_route_delivery,-3.609,-2.173,0.000,-3.500,joint_grid_transaction,114,113,3,8,3,0.000,1.00
166.656,4,en_route_delivery,4.236,0.341,3.000,-1.500,joint_grid_transaction,114,113,3,9,4,0.000,1.00
166.656,5,en_route_delivery,3.082,2.045,6.000,-3.500,joint_grid_transaction,114,113,3,9,5,0.000,1.00
166.656,6,en_route_delivery,-5.982,1.661,-6.000,3.500,joint_grid_transaction,114,113,3,9,6,0.000,1.00
166.656,7,en_route_delivery,-2.071,2.011,-1.000,1.500,joint_grid_transaction,114,113,3,7,8,0.000,1.00
166.656,8,en_route_delivery,5.997,-2.352,6.000,3.500,joint_grid_transaction,114,113,3,9,7,0.000,1.00
166.912,1,en_route_pickup,-1.664,0.880,6.000,3.500,joint_grid_transaction,106,22,1,0,9,0.000,1.00
166.912,2,en_route_delivery,4.238,-0.947,0.000,-3.500,joint_grid_transaction,114,114,2,9,2,0.000,1.00
166.912,3,en_route_delivery,-3.609,-2.173,0.000,-3.500,joint_grid_transaction,114,114,1,8,3,0.000,1.00
166.912,4,en_route_delivery,4.240,0.298,3.000,-1.500,joint_grid_transaction,114,114,2,9,4,0.000,1.00
166.912,5,en_route_delivery,3.129,2.039,6.000,-3.500,joint_grid_transaction,114,114,2,9,5,0.000,1.00
166.912,6,en_route_delivery,-5.986,1.704,-6.000,3.500,joint_grid_transaction,114,114,2,9,6,0.000,1.00
166.912,7,en_route_delivery,-2.028,2.007,-1.000,1.500,joint_grid_transaction,114,114,1,7,8,0.000,1.00
166.912,8,en_route_delivery,6.001,-2.311,6.000,3.500,joint_grid_transaction,114,114,2,9,7,0.000,1.00
167.168,1,en_route_pickup,-1.664,0.880,6.000,3.500,joint_grid_transaction,106,22,1,0,9,0.000,1.00
167.168,2,en_route_delivery,4.234,-0.984,0.000,-3.500,joint_grid_transaction,114,114,2,9,2,0.000,1.00
167.168,3,en_route_delivery,-3.609,-2.173,0.000,-3.500,joint_grid_transaction,114,114,1,8,3,0.000,1.00
167.168,4,en_route_delivery,4.244,0.256,3.000,-1.500,joint_grid_transaction,114,114,2,9,4,0.000,1.00
167.168,5,en_route_delivery,3.177,2.034,6.000,-3.500,joint_grid_transaction,114,114,2,9,5,0.000,1.00
167.168,6,en_route_delivery,-5.991,1.748,-6.000,3.500,joint_grid_transaction,114,114,2,9,6,0.000,1.00
167.168,7,en_route_delivery,-1.986,2.003,-1.000,1.500,joint_grid_transaction,114,114,1,7,8,0.000,1.00
167.168,8,en_route_delivery,6.005,-2.270,6.000,3.500,joint_grid_transaction,114,114,2,9,7,0.000,1.00
167.424,1,en_route_pickup,-1.664,0.880,6.000,3.500,joint_grid_transaction,106,22,1,0,9,0.000,1.00
167.424,2,en_route_delivery,4.231,-1.019,0.000,-3.500,joint_grid_transaction,114,114,2,9,2,0.000,1.00
167.424,3,en_route_delivery,-3.609,-2.173,0.000,-3.500,joint_grid_transaction,114,114,1,8,3,0.000,1.00
167.424,4,en_route_delivery,4.248,0.219,3.000,-1.500,joint_grid_transaction,114,114,2,9,4,0.000,1.00
167.424,5,en_route_delivery,3.224,2.028,6.000,-3.500,joint_grid_transaction,114,114,2,9,5,0.000,1.00
167.424,6,en_route_delivery,-5.994,1.783,-6.000,3.500,joint_grid_transaction,114,114,2,9,6,0.000,1.00
167.424,7,en_route_delivery,-1.968,2.001,-1.000,1.500,joint_grid_transaction,114,114,1,7,8,0.000,1.00
167.424,8,en_route_delivery,6.008,-2.231,6.000,3.500,joint_grid_transaction,114,114,2,9,7,0.000,1.00
167.680,1,en_route_pickup,-1.664,0.880,6.000,3.500,joint_grid_transaction,106,22,1,0,9,0.000,1.00
167.680,2,en_route_delivery,4.230,-1.032,0.000,-3.500,joint_grid_transaction,114,114,2,9,2,0.000,1.00
167.680,3,en_route_delivery,-3.609,-2.173,0.000,-3.500,joint_grid_transaction,114,114,1,8,3,0.000,1.00
167.680,4,en_route_delivery,4.248,0.219,3.000,-1.500,joint_grid_transaction,114,114,2,9,4,0.000,1.00
167.680,5,en_route_delivery,3.271,2.023,6.000,-3.500,joint_grid_transaction,114,114,2,9,5,0.000,1.00
167.680,6,en_route_delivery,-5.994,1.783,-6.000,3.500,joint_grid_transaction,114,114,2,9,6,0.000,1.00
167.680,7,en_route_delivery,-1.968,2.001,-1.000,1.500,joint_grid_transaction,114,114,1,7,8,0.000,1.00
167.680,8,en_route_delivery,6.009,-2.219,6.000,3.500,joint_grid_transaction,114,114,2,9,7,0.000,1.00
167.936,1,en_route_pickup,-1.664,0.880,6.000,3.500,joint_grid_transaction,106,22,1,0,9,0.000,1.00
167.936,2,en_route_delivery,4.228,-1.048,0.000,-3.500,joint_grid_transaction,114,114,3,9,2,0.000,1.00
167.936,3,en_route_delivery,-3.600,-2.190,0.000,-3.500,joint_grid_transaction,114,114,2,8,3,0.000,1.00
167.936,4,en_route_delivery,4.250,0.203,3.000,-1.500,joint_grid_transaction,114,114,3,9,4,0.000,1.00
167.936,5,en_route_delivery,3.301,2.020,6.000,-3.500,joint_grid_transaction,114,114,3,9,5,0.000,1.00
167.936,6,en_route_delivery,-5.996,1.800,-6.000,3.500,joint_grid_transaction,114,114,3,9,6,0.000,1.00
167.936,7,en_route_delivery,-1.951,1.999,-1.000,1.500,joint_grid_transaction,114,114,2,7,8,0.000,1.00
167.936,8,en_route_delivery,6.011,-2.202,6.000,3.500,joint_grid_transaction,114,114,3,9,7,0.000,1.00
168.192,1,en_route_pickup,-1.664,0.880,6.000,3.500,joint_grid_transaction,106,22,1,0,9,168.532,1.00
168.192,2,en_route_delivery,4.224,-1.084,0.000,-3.500,joint_grid_transaction,114,114,3,9,2,0.000,1.00
168.192,3,en_route_delivery,-3.580,-2.233,0.000,-3.500,joint_grid_transaction,114,114,2,8,3,0.000,1.00
168.192,4,en_route_delivery,4.255,0.163,3.000,-1.500,joint_grid_transaction,114,114,3,9,4,0.000,1.00
168.192,5,en_route_delivery,3.344,2.015,6.000,-3.500,joint_grid_transaction,114,114,3,9,5,0.000,1.00
168.192,6,en_route_delivery,-6.001,1.840,-6.000,3.500,joint_grid_transaction,114,114,3,9,6,0.000,1.00
168.192,7,en_route_delivery,-1.912,1.995,-1.000,1.500,joint_grid_transaction,114,114,2,7,8,0.000,1.00
168.192,8,en_route_delivery,6.015,-2.163,6.000,3.500,joint_grid_transaction,114,114,3,9,7,0.000,1.00
168.448,1,en_route_pickup,-1.664,0.880,6.000,3.500,joint_grid_transaction,106,22,1,0,9,168.532,1.00
168.448,2,en_route_delivery,4.220,-1.119,0.000,-3.500,joint_grid_transaction,114,114,3,9,2,0.000,1.00
168.448,3,en_route_delivery,-3.563,-2.277,0.000,-3.500,joint_grid_transaction,114,114,2,8,3,0.000,1.00
168.448,4,en_route_delivery,4.259,0.124,3.000,-1.500,joint_grid_transaction,114,114,3,9,4,0.000,1.00
168.448,5,en_route_delivery,3.387,2.010,6.000,-3.500,joint_grid_transaction,114,114,3,9,5,0.000,1.00
168.448,6,en_route_delivery,-6.005,1.879,-6.000,3.500,joint_grid_transaction,114,114,3,9,6,0.000,1.00
168.448,7,en_route_delivery,-1.873,1.991,-1.000,1.500,joint_grid_transaction,114,114,2,7,8,0.000,1.00
168.448,8,en_route_delivery,6.018,-2.125,6.000,3.500,joint_grid_transaction,114,114,3,9,7,0.000,1.00
168.704,1,en_route_pickup,-1.664,0.880,6.000,3.500,joint_grid_transaction,106,22,1,0,9,0.000,1.00
168.704,2,en_route_delivery,4.217,-1.152,0.000,-3.500,joint_grid_transaction,115,115,2,9,2,0.000,1.00
168.704,3,en_route_delivery,-3.554,-2.301,0.000,-3.500,joint_grid_transaction,115,115,2,9,3,0.000,1.00
168.704,4,en_route_delivery,4.263,0.087,3.000,-1.500,joint_grid_transaction,115,115,2,9,4,0.000,1.00
168.704,5,en_route_delivery,3.427,2.006,6.000,-3.500,joint_grid_transaction,115,115,2,9,5,0.000,1.00
168.704,6,en_route_delivery,-6.009,1.918,-6.000,3.500,joint_grid_transaction,115,115,2,8,6,0.000,1.00
168.704,7,en_route_delivery,-1.835,1.987,-1.000,1.500,joint_grid_transaction,115,115,2,7,8,0.000,1.00
168.704,8,en_route_delivery,6.021,-2.089,6.000,3.500,joint_grid_transaction,115,115,2,9,7,0.000,1.00
168.960,1,en_route_pickup,-1.664,0.880,6.000,3.500,joint_grid_transaction,106,22,1,0,9,0.000,1.00
168.960,2,en_route_delivery,4.214,-1.185,0.000,-3.500,joint_grid_transaction,115,115,2,9,2,0.000,1.00
168.960,3,en_route_delivery,-3.540,-2.346,0.000,-3.500,joint_grid_transaction,115,115,2,9,3,0.000,1.00
168.960,4,en_route_delivery,4.266,0.050,3.000,-1.500,joint_grid_transaction,115,115,2,9,4,0.000,1.00
168.960,5,en_route_delivery,3.468,2.001,6.000,-3.500,joint_grid_transaction,115,115,2,9,5,0.000,1.00
168.960,6,en_route_delivery,-6.013,1.956,-6.000,3.500,joint_grid_transaction,115,115,2,8,6,0.000,1.00
168.960,7,en_route_delivery,-1.798,1.984,-1.000,1.500,joint_grid_transaction,115,115,2,7,8,0.000,1.00
168.960,8,en_route_delivery,6.025,-2.053,6.000,3.500,joint_grid_transaction,115,115,2,9,7,0.000,1.00
169.216,1,en_route_pickup,-1.664,0.880,6.000,3.500,joint_grid_transaction,106,22,1,0,9,0.000,1.00
169.216,2,en_route_delivery,4.211,-1.216,0.000,-3.500,joint_grid_transaction,115,115,2,9,2,0.000,1.00
169.216,3,en_route_delivery,-3.530,-2.392,0.000,-3.500,joint_grid_transaction,115,115,2,9,3,0.000,1.00
169.216,4,en_route_delivery,4.270,0.014,3.000,-1.500,joint_grid_transaction,115,115,2,9,4,0.000,1.00
169.216,5,en_route_delivery,3.507,1.997,6.000,-3.500,joint_grid_transaction,115,115,2,9,5,0.000,1.00
169.216,6,en_route_delivery,-6.016,1.992,-6.000,3.500,joint_grid_transaction,115,115,2,8,6,0.000,1.00
169.216,7,en_route_delivery,-1.762,1.980,-1.000,1.500,joint_grid_transaction,115,115,2,7,8,0.000,1.00
169.216,8,en_route_delivery,6.028,-2.018,6.000,3.500,joint_grid_transaction,115,115,2,9,7,0.000,1.00
169.472,1,en_route_pickup,-1.664,0.880,6.000,3.500,joint_grid_transaction,106,22,1,0,9,0.000,1.00
169.472,2,en_route_delivery,4.208,-1.246,0.000,-3.500,joint_grid_transaction,115,115,2,9,2,0.000,1.00
169.472,3,en_route_delivery,-3.523,-2.439,0.000,-3.500,joint_grid_transaction,115,115,2,9,3,0.000,1.00
169.472,4,en_route_delivery,4.273,-0.020,3.000,-1.500,joint_grid_transaction,115,115,2,9,4,0.000,1.00
169.472,5,en_route_delivery,3.532,1.994,6.000,-3.500,joint_grid_transaction,115,115,2,9,5,0.000,1.00
169.472,6,en_route_delivery,-6.020,2.027,-6.000,3.500,joint_grid_transaction,115,115,2,8,6,0.000,1.00
169.472,7,en_route_delivery,-1.728,1.977,-1.000,1.500,joint_grid_transaction,115,115,2,7,8,0.000,1.00
169.472,8,en_route_delivery,6.031,-1.985,6.000,3.500,joint_grid_transaction,115,115,2,9,7,0.000,1.00
169.728,1,en_route_pickup,-1.664,0.880,6.000,3.500,joint_grid_transaction,106,22,1,0,9,0.000,1.00
169.728,2,en_route_delivery,4.205,-1.273,0.000,-3.500,joint_grid_transaction,115,115,2,9,2,0.000,1.00
169.728,3,en_route_delivery,-3.517,-2.486,0.000,-3.500,joint_grid_transaction,115,115,2,9,3,0.000,1.00
169.728,4,en_route_delivery,4.275,-0.032,3.000,-1.500,joint_grid_transaction,115,115,2,9,4,0.000,1.00
169.728,5,en_route_delivery,3.532,1.994,6.000,-3.500,joint_grid_transaction,115,115,2,9,5,0.000,1.00
169.728,6,en_route_delivery,-6.020,2.031,-6.000,3.500,joint_grid_transaction,115,115,2,8,6,0.000,1.00
169.728,7,en_route_delivery,-1.718,1.976,-1.000,1.500,joint_grid_transaction,115,115,2,7,8,0.000,1.00
169.728,8,en_route_delivery,6.032,-1.966,6.000,3.500,joint_grid_transaction,115,115,2,9,7,0.000,1.00
169.984,1,en_route_pickup,-1.664,0.880,6.000,3.500,joint_grid_transaction,106,22,1,0,9,0.000,1.00
169.984,2,en_route_delivery,4.203,-1.301,0.000,-3.500,joint_grid_transaction,115,115,3,9,2,0.000,1.00
169.984,3,en_route_delivery,-3.512,-2.533,0.000,-3.500,joint_grid_transaction,115,115,2,9,3,0.000,1.00
169.984,4,en_route_delivery,4.277,-0.054,3.000,-1.500,joint_grid_transaction,115,115,3,9,4,0.000,1.00
169.984,5,en_route_delivery,3.555,1.991,6.000,-3.500,joint_grid_transaction,115,115,3,9,5,0.000,1.00
169.984,6,en_route_delivery,-6.023,2.054,-6.000,3.500,joint_grid_transaction,115,115,3,8,6,0.000,1.00
169.984,7,en_route_delivery,-1.695,1.973,-1.000,1.500,joint_grid_transaction,115,115,3,7,8,0.000,1.00
169.984,8,en_route_delivery,6.035,-1.944,6.000,3.500,joint_grid_transaction,115,115,3,9,7,0.000,1.00
170.240,1,en_route_pickup,-1.664,0.880,6.000,3.500,joint_grid_transaction,106,22,1,0,9,170.532,1.00
170.240,2,en_route_delivery,4.200,-1.334,0.000,-3.500,joint_grid_transaction,115,115,3,9,2,0.000,1.00
170.240,3,en_route_delivery,-3.508,-2.576,0.000,-3.500,joint_grid_transaction,115,115,3,9,3,0.000,1.00
170.240,4,en_route_delivery,4.281,-0.089,3.000,-1.500,joint_grid_transaction,115,115,3,9,4,0.000,1.00
170.240,5,en_route_delivery,3.593,1.987,6.000,-3.500,joint_grid_transaction,115,115,3,9,5,0.000,1.00
170.240,6,en_route_delivery,-6.026,2.090,-6.000,3.500,joint_grid_transaction,115,115,3,8,6,0.000,1.00
170.240,7,en_route_delivery,-1.660,1.970,-1.000,1.500,joint_grid_transaction,115,115,3,7,8,0.000,1.00
170.240,8,en_route_delivery,6.038,-1.909,6.000,3.500,joint_grid_transaction,115,115,3,9,7,0.000,1.00
170.496,1,en_route_pickup,-1.664,0.880,6.000,3.500,joint_grid_transaction,106,22,1,0,9,170.532,1.00
170.496,2,en_route_delivery,4.197,-1.366,0.000,-3.500,joint_grid_transaction,115,115,3,9,2,0.000,1.00
170.496,3,en_route_delivery,-3.504,-2.618,0.000,-3.500,joint_grid_transaction,115,115,3,9,3,0.000,1.00
170.496,4,en_route_delivery,4.284,-0.123,3.000,-1.500,joint_grid_transaction,115,115,3,9,4,0.000,1.00
170.496,5,en_route_delivery,3.631,1.983,6.000,-3.500,joint_grid_transaction,115,115,3,9,5,0.000,1.00
170.496,6,en_route_delivery,-6.030,2.125,-6.000,3.500,joint_grid_transaction,115,115,3,8,6,0.000,1.00
170.496,7,en_route_delivery,-1.625,1.966,-1.000,1.500,joint_grid_transaction,115,115,3,7,8,0.000,1.00
170.496,8,en_route_delivery,6.041,-1.875,6.000,3.500,joint_grid_transaction,115,115,3,9,7,0.000,1.00
170.752,1,en_route_pickup,-1.664,0.880,6.000,3.500,joint_grid_transaction,106,22,1,0,9,0.000,1.00
170.752,2,en_route_delivery,4.194,-1.396,0.000,-3.500,joint_grid_transaction,116,116,2,9,2,0.000,1.00
170.752,3,en_route_delivery,-3.500,-2.659,0.000,-3.500,joint_grid_transaction,116,116,2,8,3,0.000,1.00
170.752,4,en_route_delivery,4.287,-0.156,3.000,-1.500,joint_grid_transaction,116,116,2,9,4,0.000,1.00
170.752,5,en_route_delivery,3.666,1.979,6.000,-3.500,joint_grid_transaction,116,116,2,9,5,0.000,1.00
170.752,6,en_route_delivery,-6.033,2.157,-6.000,3.500,joint_grid_transaction,116,116,2,7,6,0.000,1.00
170.752,7,en_route_delivery,-1.593,1.963,-1.000,1.500,joint_grid_transaction,116,116,2,6,8,0.000,1.00
170.752,8,en_route_delivery,6.043,-1.843,6.000,3.500,joint_grid_transaction,116,116,2,9,7,0.000,1.00
171.008,1,en_route_pickup,-1.664,0.880,6.000,3.500,joint_grid_transaction,106,22,1,0,9,0.000,1.00
171.008,2,en_route_delivery,4.192,-1.425,0.000,-3.500,joint_grid_transaction,116,116,2,9,2,0.000,1.00
171.008,3,en_route_delivery,-3.496,-2.700,0.000,-3.500,joint_grid_transaction,116,116,2,8,3,0.000,1.00
171.008,4,en_route_delivery,4.290,-0.188,3.000,-1.500,joint_grid_transaction,116,116,2,9,4,0.000,1.00
171.008,5,en_route_delivery,3.702,1.976,6.000,-3.500,joint_grid_transaction,116,116,2,9,5,0.000,1.00
171.008,6,en_route_delivery,-6.036,2.190,-6.000,3.500,joint_grid_transaction,116,116,2,7,6,0.000,1.00
171.008,7,en_route_delivery,-1.561,1.960,-1.000,1.500,joint_grid_transaction,116,116,2,6,8,0.000,1.00
171.008,8,en_route_delivery,6.046,-1.812,6.000,3.500,joint_grid_transaction,116,116,2,9,7,0.000,1.00
171.264,1,en_route_pickup,-1.664,0.880,6.000,3.500,joint_grid_transaction,106,22,1,0,9,0.000,1.00
171.264,2,en_route_delivery,4.190,-1.453,0.000,-3.500,joint_grid_transaction,116,116,2,9,2,0.000,1.00
171.264,3,en_route_delivery,-3.493,-2.740,0.000,-3.500,joint_grid_transaction,116,116,2,8,3,0.000,1.00
171.264,4,en_route_delivery,4.293,-0.218,3.000,-1.500,joint_grid_transaction,116,116,2,9,4,0.000,1.00
171.264,5,en_route_delivery,3.735,1.972,6.000,-3.500,joint_grid_transaction,116,116,2,9,5,0.000,1.00
171.264,6,en_route_delivery,-6.039,2.221,-6.000,3.500,joint_grid_transaction,116,116,2,7,6,0.000,1.00
171.264,7,en_route_delivery,-1.530,1.957,-1.000,1.500,joint_grid_transaction,116,116,2,6,8,0.000,1.00
171.264,8,en_route_delivery,6.049,-1.782,6.000,3.500,joint_grid_transaction,116,116,2,9,7,0.000,1.00
171.520,1,en_route_pickup,-1.664,0.880,6.000,3.500,joint_grid_transaction,106,22,1,0,9,0.000,1.00
171.520,2,en_route_delivery,4.188,-1.477,0.000,-3.500,joint_grid_transaction,116,116,2,9,2,0.000,1.00
171.520,3,en_route_delivery,-3.489,-2.778,0.000,-3.500,joint_grid_transaction,116,116,2,8,3,0.000,1.00
171.520,4,en_route_delivery,4.296,-0.247,3.000,-1.500,joint_grid_transaction,116,116,2,9,4,0.000,1.00
171.520,5,en_route_delivery,3.767,1.969,6.000,-3.500,joint_grid_transaction,116,116,2,9,5,0.000,1.00
171.520,6,en_route_delivery,-6.042,2.251,-6.000,3.500,joint_grid_transaction,116,116,2,7,6,0.000,1.00
171.520,7,en_route_delivery,-1.501,1.955,-1.000,1.500,joint_grid_transaction,116,116,2,6,8,0.000,1.00
171.520,8,en_route_delivery,6.051,-1.753,6.000,3.500,joint_grid_transaction,116,116,2,9,7,0.000,1.00
171.776,1,en_route_pickup,-1.664,0.880,6.000,3.500,joint_grid_transaction,106,22,1,0,9,0.000,1.00
171.776,2,en_route_delivery,4.187,-1.498,0.000,-3.500,joint_grid_transaction,116,116,2,9,2,0.000,1.00
171.776,3,en_route_delivery,-3.489,-2.780,0.000,-3.500,joint_grid_transaction,116,116,2,8,3,0.000,1.00
171.776,4,en_route_delivery,4.298,-0.273,3.000,-1.500,joint_grid_transaction,116,116,2,9,4,0.000,1.00
171.776,5,en_route_delivery,3.784,1.968,6.000,-3.500,joint_grid_transaction,116,116,2,9,5,0.000,1.00
171.776,6,en_route_delivery,-6.045,2.278,-6.000,3.500,joint_grid_transaction,116,116,2,7,6,0.000,1.00
171.776,7,en_route_delivery,-1.475,1.952,-1.000,1.500,joint_grid_transaction,116,116,2,6,8,0.000,1.00
171.776,8,en_route_delivery,6.053,-1.729,6.000,3.500,joint_grid_transaction,116,116,2,9,7,0.000,1.00
172.032,1,en_route_pickup,-1.664,0.880,6.000,3.500,joint_grid_transaction,106,22,1,0,9,0.000,1.00
172.032,2,en_route_delivery,4.186,-1.520,0.000,-3.500,joint_grid_transaction,116,116,2,9,2,0.000,1.00
172.032,3,en_route_delivery,-3.486,-2.811,0.000,-3.500,joint_grid_transaction,116,116,3,8,3,0.000,1.00
172.032,4,en_route_delivery,4.300,-0.297,3.000,-1.500,joint_grid_transaction,116,116,3,9,4,0.000,1.00
172.032,5,en_route_delivery,3.812,1.964,6.000,-3.500,joint_grid_transaction,116,116,3,9,5,0.000,1.00
172.032,6,en_route_delivery,-6.048,2.308,-6.000,3.500,joint_grid_transaction,116,116,3,7,6,0.000,1.00
172.032,7,en_route_delivery,-1.448,1.950,-1.000,1.500,joint_grid_transaction,116,116,3,6,8,0.000,1.00
172.032,8,en_route_delivery,6.054,-1.705,6.000,3.500,joint_grid_transaction,116,116,3,9,7,0.000,1.00
172.288,1,en_route_pickup,-1.664,0.880,6.000,3.500,joint_grid_transaction,106,22,1,0,9,172.532,1.00
172.288,2,en_route_delivery,4.186,-1.541,0.000,-3.500,joint_grid_transaction,116,116,2,9,2,0.000,1.00
172.288,3,en_route_delivery,-3.482,-2.849,0.000,-3.500,joint_grid_transaction,116,116,3,8,3,0.000,1.00
172.288,4,en_route_delivery,4.303,-0.331,3.000,-1.500,joint_grid_transaction,116,116,3,9,4,0.000,1.00
172.288,5,en_route_delivery,3.846,1.961,6.000,-3.500,joint_grid_transaction,116,116,3,9,5,0.000,1.00
172.288,6,en_route_delivery,-6.051,2.340,-6.000,3.500,joint_grid_transaction,116,116,3,7,6,0.000,1.00
172.288,7,en_route_delivery,-1.414,1.948,-1.000,1.500,joint_grid_transaction,116,116,3,6,8,0.000,1.00
172.288,8,en_route_delivery,6.056,-1.671,6.000,3.500,joint_grid_transaction,116,116,3,9,7,0.000,1.00
172.544,1,en_route_pickup,-1.664,0.880,6.000,3.500,joint_grid_transaction,106,22,1,0,9,172.932,1.00
172.544,2,en_route_delivery,4.186,-1.579,0.000,-3.500,joint_grid_transaction,116,116,3,9,2,0.000,1.00
172.544,3,en_route_delivery,-3.479,-2.886,0.000,-3.500,joint_grid_transaction,116,116,3,8,3,0.000,1.00
172.544,4,en_route_delivery,4.305,-0.363,3.000,-1.500,joint_grid_transaction,116,116,3,9,4,0.000,1.00
172.544,5,en_route_delivery,3.878,1.958,6.000,-3.500,joint_grid_transaction,116,116,3,9,5,0.000,1.00
172.544,6,en_route_delivery,-6.054,2.372,-6.000,3.500,joint_grid_transaction,116,116,3,7,6,0.000,1.00
172.544,7,en_route_pickup,-1.382,1.945,0.000,3.500,joint_grid_transaction,116,116,3,1,13,0.000,1.00
172.544,8,en_route_delivery,6.058,-1.638,6.000,3.500,joint_grid_transaction,116,116,3,9,7,0.000,1.00
172.800,1,en_route_pickup,-1.664,0.880,6.000,3.500,joint_grid_transaction,106,22,1,0,9,172.932,1.00
172.800,2,en_route_delivery,4.186,-1.615,0.000,-3.500,joint_grid_transaction,116,116,3,9,2,0.000,1.00
172.800,3,en_route_delivery,-3.475,-2.922,0.000,-3.500,joint_grid_transaction,116,116,3,8,3,0.000,1.00
172.800,4,en_route_delivery,4.307,-0.394,3.000,-1.500,joint_grid_transaction,116,116,3,9,4,0.000,1.00
172.800,5,en_route_delivery,3.910,1.954,6.000,-3.500,joint_grid_transaction,116,116,3,9,5,0.000,1.00
172.800,6,en_route_delivery,-6.056,2.402,-6.000,3.500,joint_grid_transaction,116,116,3,7,6,0.000,1.00
172.800,7,en_route_pickup,-1.351,1.943,0.000,3.500,joint_grid_transaction,116,116,3,1,13,0.000,1.00
172.800,8,en_route_delivery,6.060,-1.607,6.000,3.500,joint_grid_transaction,116,116,3,9,7,0.000,1.00
173.056,1,en_route_pickup,-1.664,0.880,6.000,3.500,joint_grid_transaction,106,22,1,0,9,0.000,1.00
173.056,2,en_route_delivery,4.186,-1.649,0.000,-3.500,joint_grid_transaction,118,116,3,9,2,0.000,1.00
173.056,3,en_route_delivery,-3.472,-2.957,0.000,-3.500,joint_grid_transaction,118,116,3,6,3,0.000,1.00
173.056,4,en_route_delivery,4.310,-0.424,3.000,-1.500,joint_grid_transaction,118,116,3,8,4,0.000,1.00
173.056,5,en_route_delivery,3.940,1.951,6.000,-3.500,joint_grid_transaction,118,116,3,8,5,0.000,1.00
173.056,6,en_route_delivery,-6.059,2.430,-6.000,3.500,joint_grid_transaction,118,116,3,5,6,0.000,1.00
173.056,7,en_route_pickup,-1.322,1.941,0.000,3.500,joint_grid_transaction,118,116,3,8,13,0.000,1.00
173.056,8,en_route_delivery,6.062,-1.576,6.000,3.500,joint_grid_transaction,118,116,3,8,7,0.000,1.00
173.312,1,en_route_pickup,-1.664,0.880,6.000,3.500,joint_grid_transaction,106,22,1,0,9,0.000,1.00
173.312,2,en_route_delivery,4.187,-1.684,0.000,-3.500,joint_grid_transaction,118,118,2,9,2,0.000,1.00
173.312,3,en_route_delivery,-3.469,-2.990,0.000,-3.500,joint_grid_transaction,118,118,1,6,3,0.000,1.00
173.312,4,en_route_delivery,4.312,-0.452,3.000,-1.500,joint_grid_transaction,118,118,1,8,4,0.000,1.00
173.312,5,en_route_delivery,3.968,1.948,6.000,-3.500,joint_grid_transaction,118,118,1,8,5,0.000,1.00
173.312,6,en_route_delivery,-6.061,2.457,-6.000,3.500,joint_grid_transaction,118,118,1,5,6,0.000,1.00
173.312,7,en_route_pickup,-1.294,1.938,0.000,3.500,joint_grid_transaction,118,118,1,8,13,0.000,1.00
173.312,8,en_route_delivery,6.064,-1.548,6.000,3.500,joint_grid_transaction,118,118,1,8,7,0.000,1.00
173.568,1,en_route_pickup,-1.664,0.880,6.000,3.500,joint_grid_transaction,106,22,1,0,9,0.000,1.00
173.568,2,en_route_delivery,4.187,-1.718,0.000,-3.500,joint_grid_transaction,118,118,2,9,2,0.000,1.00
173.568,3,en_route_delivery,-3.466,-3.021,0.000,-3.500,joint_grid_transaction,118,118,1,6,3,0.000,1.00
173.568,4,en_route_delivery,4.314,-0.477,3.000,-1.500,joint_grid_transaction,118,118,1,8,4,0.000,0.85
173.568,5,en_route_delivery,3.993,1.946,6.000,-3.500,joint_grid_transaction,118,118,1,8,5,0.000,1.00
173.568,6,en_route_delivery,-6.063,2.478,-6.000,3.500,joint_grid_transaction,118,118,1,5,6,0.000,1.00
173.568,7,en_route_pickup,-1.270,1.937,0.000,3.500,joint_grid_transaction,118,118,1,8,13,0.000,1.00
173.568,8,en_route_delivery,6.065,-1.521,6.000,3.500,joint_grid_transaction,118,118,1,8,7,0.000,1.00
173.824,1,en_route_pickup,-1.664,0.880,6.000,3.500,joint_grid_transaction,106,22,1,0,9,0.000,1.00
173.824,2,en_route_delivery,4.188,-1.751,0.000,-3.500,joint_grid_transaction,118,118,2,9,2,0.000,1.00
173.824,3,en_route_delivery,-3.465,-3.034,0.000,-3.500,joint_grid_transaction,118,118,1,6,3,0.000,1.00
173.824,4,en_route_delivery,4.314,-0.492,3.000,-1.500,joint_grid_transaction,118,118,1,8,4,0.000,0.85
173.824,5,en_route_delivery,4.013,1.945,6.000,-3.500,joint_grid_transaction,118,118,1,8,5,0.000,1.00
173.824,6,en_route_delivery,-6.064,2.499,-6.000,3.500,joint_grid_transaction,118,118,1,5,6,0.000,1.00
173.824,7,en_route_pickup,-1.249,1.936,0.000,3.500,joint_grid_transaction,118,118,1,8,13,0.000,1.00
173.824,8,en_route_delivery,6.066,-1.501,6.000,3.500,joint_grid_transaction,118,118,1,8,7,0.000,1.00
174.080,1,en_route_pickup,-1.664,0.880,6.000,3.500,joint_grid_transaction,106,22,1,0,9,174.532,1.00
174.080,2,en_route_delivery,4.190,-1.783,0.000,-3.500,joint_grid_transaction,118,118,2,9,2,0.000,1.00
174.080,3,en_route_delivery,-3.465,-3.034,0.000,-3.500,joint_grid_transaction,118,118,1,6,3,0.000,1.00
174.080,4,en_route_delivery,4.315,-0.508,3.000,-1.500,joint_grid_transaction,118,118,1,8,4,0.000,0.85
174.080,5,en_route_delivery,4.034,1.944,6.000,-3.500,joint_grid_transaction,118,118,1,8,5,0.000,1.00
174.080,6,en_route_delivery,-6.064,2.521,-6.000,3.500,joint_grid_transaction,118,118,1,5,6,0.000,1.00
174.080,7,en_route_pickup,-1.228,1.935,0.000,3.500,joint_grid_transaction,118,118,1,8,13,0.000,1.00
174.080,8,en_route_delivery,6.067,-1.479,6.000,3.500,joint_grid_transaction,118,118,1,8,7,0.000,1.00
174.336,1,en_route_pickup,-1.664,0.880,6.000,3.500,joint_grid_transaction,106,22,1,0,9,174.532,1.00
174.336,2,en_route_delivery,4.190,-1.788,0.000,-3.500,joint_grid_transaction,118,118,3,9,2,0.000,1.00
174.336,3,en_route_delivery,-3.463,-3.049,0.000,-3.500,joint_grid_transaction,118,118,2,6,3,0.000,1.00
174.336,4,en_route_delivery,4.315,-0.523,3.000,-1.500,joint_grid_transaction,118,118,1,8,4,0.000,0.85
174.336,5,en_route_delivery,4.053,1.943,6.000,-3.500,joint_grid_transaction,118,118,2,8,5,0.000,1.00
174.336,6,en_route_delivery,-6.064,2.545,-6.000,3.500,joint_grid_transaction,118,118,1,5,6,0.000,1.00
174.336,7,en_route_pickup,-1.203,1.935,0.000,3.500,joint_grid_transaction,118,118,1,8,13,0.000,1.00
174.336,8,en_route_delivery,6.066,-1.454,6.000,3.500,joint_grid_transaction,118,118,1,8,7,0.000,1.00
174.592,1,en_route_pickup,-1.664,0.880,6.000,3.500,joint_grid_transaction,106,22,1,0,9,0.000,1.00
174.592,2,en_route_delivery,4.187,-1.779,0.000,-3.500,joint_grid_transaction,118,118,3,9,2,0.000,1.00
174.592,3,en_route_delivery,-3.460,-3.083,0.000,-3.500,joint_grid_transaction,118,118,2,6,3,0.000,1.00
174.592,4,en_route_delivery,4.315,-0.539,3.000,-1.500,joint_grid_transaction,118,118,1,8,4,0.000,1.00
174.592,5,en_route_delivery,4.087,1.942,6.000,-3.500,joint_grid_transaction,118,118,2,8,5,0.000,1.00
174.592,6,en_route_delivery,-6.065,2.582,-6.000,3.500,joint_grid_transaction,118,118,2,5,6,0.000,1.00
174.592,7,en_route_pickup,-1.166,1.935,0.000,3.500,joint_grid_transaction,118,118,2,8,13,0.000,1.00
174.592,8,en_route_delivery,6.066,-1.416,6.000,3.500,joint_grid_transaction,118,118,2,8,7,0.000,1.00
174.848,1,en_route_pickup,-1.664,0.880,6.000,3.500,joint_grid_transaction,106,22,1,0,9,0.000,1.00
174.848,2,en_route_delivery,4.192,-1.788,0.000,-3.500,joint_grid_transaction,119,119,1,9,2,0.000,1.00
174.848,3,en_route_delivery,-3.457,-3.115,0.000,-3.500,joint_grid_transaction,119,119,2,6,3,0.000,1.00
174.848,4,en_route_delivery,4.315,-0.574,3.000,-1.500,joint_grid_transaction,119,119,2,9,4,0.000,1.00
174.848,5,en_route_delivery,4.118,1.940,6.000,-3.500,joint_grid_transaction,119,119,2,9,5,0.000,1.00
174.848,6,en_route_delivery,-6.065,2.617,-6.000,3.500,joint_grid_transaction,119,119,2,5,6,0.000,1.00
174.848,7,en_route_pickup,-1.130,1.935,0.000,3.500,joint_grid_transaction,119,119,2,9,13,0.000,1.00
174.848,8,en_route_delivery,6.064,-1.379,6.000,3.500,joint_grid_transaction,119,119,2,9,7,0.000,1.00
175.104,1,en_route_pickup,-1.664,0.880,6.000,3.500,joint_grid_transaction,106,22,1,0,9,0.000,1.00
175.104,2,en_route_delivery,4.189,-1.780,0.000,-3.500,joint_grid_transaction,119,119,2,9,2,0.000,1.00
175.104,3,en_route_delivery,-3.454,-3.147,0.000,-3.500,joint_grid_transaction,119,119,2,6,3,0.000,1.00
175.104,4,en_route_delivery,4.314,-0.612,3.000,-1.500,joint_grid_transaction,119,119,2,9,4,0.000,1.00
175.104,5,en_route_delivery,4.149,1.938,6.000,-3.500,joint_grid_transaction,119,119,2,9,5,0.000,1.00
175.104,6,en_route_delivery,-6.064,2.652,-6.000,3.500,joint_grid_transaction,119,119,2,5,6,0.000,1.00
175.104,7,en_route_pickup,-1.094,1.936,0.000,3.500,joint_grid_transaction,119,119,2,9,13,0.000,1.00
175.104,8,en_route_delivery,6.063,-1.340,6.000,3.500,joint_grid_transaction,119,119,2,9,7,0.000,1.00
175.360,1,en_route_pickup,-1.664,0.880,6.000,3.500,joint_grid_transaction,106,22,1,0,9,0.000,1.00
175.360,2,en_route_delivery,4.178,-1.792,0.000,-3.500,joint_grid_transaction,119,119,2,9,2,0.000,1.00
175.360,3,en_route_delivery,-3.451,-3.178,0.000,-3.500,joint_grid_transaction,119,119,2,6,3,0.000,1.00
175.360,4,en_route_delivery,4.313,-0.650,3.000,-1.500,joint_grid_transaction,119,119,2,9,4,0.000,1.00
175.360,5,en_route_delivery,4.179,1.937,6.000,-3.500,joint_grid_transaction,119,119,2,9,5,0.000,1.00
175.360,6,en_route_delivery,-6.064,2.686,-6.000,3.500,joint_grid_transaction,119,119,2,5,6,0.000,1.00
175.360,7,en_route_pickup,-1.060,1.936,0.000,3.500,joint_grid_transaction,119,119,2,9,13,0.000,1.00
175.360,8,en_route_delivery,6.060,-1.301,6.000,3.500,joint_grid_transaction,119,119,2,9,7,0.000,1.00
175.616,1,en_route_pickup,-1.664,0.880,6.000,3.500,joint_grid_transaction,106,22,1,0,9,0.000,1.00
175.616,2,en_route_delivery,4.155,-1.833,0.000,-3.500,joint_grid_transaction,119,119,2,9,2,0.000,1.00
175.616,3,en_route_delivery,-3.448,-3.207,0.000,-3.500,joint_grid_transaction,119,119,2,6,3,0.000,1.00
175.616,4,en_route_delivery,4.312,-0.687,3.000,-1.500,joint_grid_transaction,119,119,2,9,4,0.000,1.00
175.616,5,en_route_delivery,4.207,1.935,6.000,-3.500,joint_grid_transaction,119,119,2,9,5,0.000,1.00
175.616,6,en_route_delivery,-6.064,2.719,-6.000,3.500,joint_grid_transaction,119,119,2,5,6,0.000,1.00
175.616,7,en_route_pickup,-1.026,1.937,0.000,3.500,joint_grid_transaction,119,119,2,9,13,0.000,1.00
175.616,8,en_route_delivery,6.057,-1.261,6.000,3.500,joint_grid_transaction,119,119,2,9,7,0.000,1.00
175.872,1,en_route_pickup,-1.664,0.880,6.000,3.500,joint_grid_transaction,106,22,1,0,9,0.000,1.00
175.872,2,en_route_delivery,4.146,-1.836,0.000,-3.500,joint_grid_transaction,119,119,3,9,2,0.000,1.00
175.872,3,en_route_delivery,-3.446,-3.234,0.000,-3.500,joint_grid_transaction,119,119,2,6,3,0.000,1.00
175.872,4,en_route_delivery,4.310,-0.725,3.000,-1.500,joint_grid_transaction,119,119,2,9,4,0.000,1.00
175.872,5,en_route_delivery,4.232,1.933,6.000,-3.500,joint_grid_transaction,119,119,2,9,5,0.000,1.00
175.872,6,en_route_delivery,-6.064,2.749,-6.000,3.500,joint_grid_transaction,119,119,2,5,6,0.000,1.00
175.872,7,en_route_pickup,-0.993,1.938,0.000,3.500,joint_grid_transaction,119,119,2,9,13,0.000,1.00
175.872,8,en_route_delivery,6.052,-1.219,6.000,3.500,joint_grid_transaction,119,119,2,9,7,0.000,1.00
176.128,1,en_route_pickup,-1.664,0.880,6.000,3.500,joint_grid_transaction,106,22,1,0,9,176.532,1.00
176.128,2,en_route_delivery,4.133,-1.820,0.000,-3.500,joint_grid_transaction,119,119,3,9,2,0.000,1.00
176.128,3,en_route_delivery,-3.444,-3.255,0.000,-3.500,joint_grid_transaction,119,119,2,6,3,0.000,1.00
176.128,4,en_route_delivery,4.307,-0.762,3.000,-1.500,joint_grid_transaction,119,119,2,9,4,0.000,1.00
176.128,5,en_route_delivery,4.254,1.933,6.000,-3.500,joint_grid_transaction,119,119,2,9,5,0.000,1.00
176.128,6,en_route_delivery,-6.064,2.779,-6.000,3.500,joint_grid_transaction,119,119,2,5,6,0.000,1.00
176.128,7,en_route_pickup,-0.961,1.940,0.000,3.500,joint_grid_transaction,119,119,2,9,13,0.000,1.00
176.128,8,en_route_delivery,6.047,-1.173,6.000,3.500,joint_grid_transaction,119,119,3,9,7,0.000,1.00
176.384,1,en_route_pickup,-1.664,0.880,6.000,3.500,joint_grid_transaction,106,22,1,0,9,176.532,1.00
176.384,2,en_route_delivery,4.111,-1.827,0.000,-3.500,joint_grid_transaction,119,119,3,9,2,0.000,1.00
176.384,3,en_route_delivery,-3.443,-3.277,0.000,-3.500,joint_grid_transaction,119,119,2,6,3,0.000,1.00
176.384,4,en_route_delivery,4.303,-0.803,3.000,-1.500,joint_grid_transaction,119,119,3,9,4,0.000,1.00
176.384,5,en_route_delivery,4.275,1.933,6.000,-3.500,joint_grid_transaction,119,119,2,9,5,0.000,1.00
176.384,6,en_route_delivery,-6.063,2.812,-6.000,3.500,joint_grid_transaction,119,119,3,5,6,0.000,1.00
176.384,7,en_route_pickup,-0.919,1.942,0.000,3.500,joint_grid_transaction,119,119,3,9,13,0.000,1.00
176.384,8,en_route_delivery,6.042,-1.126,6.000,3.500,joint_grid_transaction,119,119,3,9,7,0.000,1.00
176.640,1,en_route_pickup,-1.664,0.880,6.000,3.500,joint_grid_transaction,106,22,1,0,9,0.000,1.00
176.640,2,en_route_delivery,4.077,-1.854,0.000,-3.500,joint_grid_transaction,120,119,3,9,2,0.000,1.00
176.640,3,en_route_delivery,-3.443,-3.302,0.000,-3.500,joint_grid_transaction,120,119,2,5,3,0.000,1.00
176.640,4,en_route_delivery,4.300,-0.848,3.000,-1.500,joint_grid_transaction,120,119,3,9,4,0.000,1.00
176.640,5,en_route_delivery,4.301,1.933,6.000,-3.500,joint_grid_transaction,120,119,2,9,5,0.000,1.00
176.640,6,en_route_delivery,-6.063,2.849,-6.000,3.500,joint_grid_transaction,120,119,3,4,6,0.000,1.00
176.640,7,en_route_pickup,-0.878,1.944,0.000,3.500,joint_grid_transaction,120,119,3,9,13,0.000,1.00
176.640,8,en_route_delivery,6.037,-1.080,6.000,3.500,joint_grid_transaction,120,119,3,9,7,0.000,1.00
176.896,1,en_route_pickup,-1.664,0.880,6.000,3.500,joint_grid_transaction,106,22,1,0,9,0.000,1.00
176.896,2,en_route_delivery,4.082,-1.860,0.000,-3.500,joint_grid_transaction,120,120,2,9,2,0.000,1.00
176.896,3,en_route_delivery,-3.442,-3.336,0.000,-3.500,joint_grid_transaction,120,120,2,5,3,0.000,1.00
176.896,4,en_route_delivery,4.300,-0.844,3.000,-1.500,joint_grid_transaction,120,120,1,9,4,0.000,1.00
176.896,5,en_route_delivery,4.340,1.934,6.000,-3.500,joint_grid_transaction,120,120,2,9,5,0.000,1.00
176.896,6,en_route_delivery,-6.062,2.887,-6.000,3.500,joint_grid_transaction,120,120,2,4,6,0.000,1.00
176.896,7,en_route_pickup,-0.833,1.947,0.000,3.500,joint_grid_transaction,120,120,2,9,13,0.000,1.00
176.896,8,en_route_delivery,6.032,-1.033,6.000,3.500,joint_grid_transaction,120,120,2,9,7,0.000,1.00
177.152,1,en_route_pickup,-1.664,0.880,6.000,3.500,joint_grid_transaction,106,22,1,0,9,177.508,1.00
177.152,2,en_route_delivery,4.082,-1.860,0.000,-3.500,joint_grid_transaction,120,120,2,9,2,0.000,1.00
177.152,3,en_route_delivery,-3.440,-3.369,0.000,-3.500,joint_grid_transaction,120,120,2,5,3,0.000,1.00
177.152,4,en_route_delivery,4.300,-0.844,3.000,-1.500,joint_grid_transaction,120,120,2,9,4,0.000,1.00
177.152,5,en_route_delivery,4.380,1.936,6.000,-3.500,joint_grid_transaction,120,120,2,9,5,0.000,1.00
177.152,6,returning_home,-6.060,2.925,-4.000,3.000,joint_grid_transaction,120,120,2,3,None,0.000,1.00
177.152,7,en_route_pickup,-0.787,1.952,0.000,3.500,joint_grid_transaction,120,120,2,9,13,0.000,1.00
177.152,8,en_route_delivery,6.026,-0.986,6.000,3.500,joint_grid_transaction,120,120,2,9,7,0.000,1.00
177.408,1,en_route_pickup,-1.664,0.880,6.000,3.500,joint_grid_transaction,106,22,1,0,9,177.508,1.00
177.408,2,en_route_delivery,4.082,-1.860,0.000,-3.500,joint_grid_transaction,120,120,2,9,2,0.000,1.00
177.408,3,en_route_delivery,-3.439,-3.400,0.000,-3.500,joint_grid_transaction,120,120,2,5,3,0.000,1.00
177.408,4,en_route_delivery,4.300,-0.844,3.000,-1.500,joint_grid_transaction,120,120,2,9,4,0.000,1.00
177.408,5,en_route_delivery,4.420,1.938,6.000,-3.500,joint_grid_transaction,120,120,2,9,5,0.000,1.00
177.408,6,returning_home,-6.058,2.964,-4.000,3.000,joint_grid_transaction,120,120,2,3,None,0.000,1.00
177.408,7,en_route_pickup,-0.740,1.957,0.000,3.500,joint_grid_transaction,120,120,2,9,13,0.000,1.00
177.408,8,en_route_delivery,6.024,-0.968,6.000,3.500,joint_grid_transaction,120,120,2,9,7,0.000,1.00
177.664,1,en_route_pickup,-1.664,0.880,6.000,3.500,joint_grid_transaction,106,22,1,0,9,0.000,1.00
177.664,2,en_route_delivery,4.074,-1.864,0.000,-3.500,joint_grid_transaction,121,121,1,8,2,0.000,1.00
177.664,3,en_route_delivery,-3.437,-3.430,0.000,-3.500,joint_grid_transaction,121,121,1,4,3,0.000,1.00
177.664,4,en_route_delivery,4.300,-0.846,3.000,-1.500,joint_grid_transaction,121,121,1,8,4,0.000,1.00
177.664,5,en_route_delivery,4.461,1.942,6.000,-3.500,joint_grid_transaction,121,121,1,8,5,0.000,1.00
177.664,6,returning_home,-6.056,2.991,-4.000,3.000,joint_grid_transaction,121,121,1,9,None,0.000,1.00
177.664,7,en_route_pickup,-0.706,1.962,0.000,3.500,joint_grid_transaction,121,121,2,9,13,0.000,1.00
177.664,8,en_route_delivery,6.023,-0.958,6.000,3.500,joint_grid_transaction,121,121,2,9,7,0.000,1.00
177.920,1,en_route_pickup,-1.664,0.880,6.000,3.500,joint_grid_transaction,106,22,1,0,9,0.000,1.00
177.920,2,en_route_delivery,4.036,-1.891,0.000,-3.500,joint_grid_transaction,121,121,1,8,2,0.000,1.00
177.920,3,en_route_delivery,-3.435,-3.458,0.000,-3.500,joint_grid_transaction,121,121,1,4,3,0.000,1.00
177.920,4,en_route_delivery,4.303,-0.868,3.000,-1.500,joint_grid_transaction,121,121,1,8,4,0.000,1.00
177.920,5,en_route_delivery,4.503,1.946,6.000,-3.500,joint_grid_transaction,121,121,1,8,5,0.000,1.00
177.920,6,returning_home,-6.049,2.973,-4.000,3.000,joint_grid_transaction,121,121,1,9,None,0.000,1.00
177.920,7,en_route_pickup,-0.660,1.969,0.000,3.500,joint_grid_transaction,121,121,2,9,13,0.000,1.00
177.920,8,en_route_delivery,6.018,-0.915,6.000,3.500,joint_grid_transaction,121,121,2,9,7,0.000,1.00
178.176,1,en_route_pickup,-1.664,0.880,6.000,3.500,joint_grid_transaction,106,22,1,0,9,178.532,1.00
178.176,2,en_route_delivery,3.995,-1.914,0.000,-3.500,joint_grid_transaction,121,121,1,8,2,0.000,1.00
178.176,3,en_route_delivery,-3.434,-3.484,0.000,-3.500,joint_grid_transaction,121,121,1,4,3,0.000,1.00
178.176,4,en_route_delivery,4.308,-0.906,3.000,-1.500,joint_grid_transaction,121,121,1,8,4,0.000,1.00
178.176,5,en_route_delivery,4.537,1.950,6.000,-3.500,joint_grid_transaction,121,121,1,8,5,0.000,1.00
178.176,6,returning_home,-6.031,2.947,-4.000,3.000,joint_grid_transaction,121,121,1,9,None,0.000,1.00
178.176,7,en_route_pickup,-0.613,1.975,0.000,3.500,joint_grid_transaction,121,121,2,9,13,0.000,1.00
178.176,8,en_route_delivery,6.013,-0.871,6.000,3.500,joint_grid_transaction,121,121,2,9,7,0.000,1.00
178.432,1,en_route_pickup,-1.664,0.880,6.000,3.500,joint_grid_transaction,106,22,1,0,9,178.532,1.00
178.432,2,en_route_delivery,3.957,-1.932,0.000,-3.500,joint_grid_transaction,121,121,1,8,2,0.000,1.00
178.432,3,en_route_delivery,-3.433,-3.506,0.000,-3.500,joint_grid_transaction,121,121,1,4,3,0.000,1.00
178.432,4,en_route_delivery,4.310,-0.939,3.000,-1.500,joint_grid_transaction,121,121,1,8,4,0.000,1.00
178.432,5,en_route_delivery,4.536,1.950,6.000,-3.500,joint_grid_transaction,121,121,1,8,5,0.000,1.00
178.432,6,returning_home,-6.013,2.929,-4.000,3.000,joint_grid_transaction,121,121,1,9,None,0.000,1.00
178.432,7,en_route_pickup,-0.566,1.979,0.000,3.500,joint_grid_transaction,121,121,2,9,13,0.000,1.00
178.432,8,en_route_delivery,6.008,-0.829,6.000,3.500,joint_grid_transaction,121,121,2,9,7,0.000,1.00
178.688,1,en_route_pickup,-1.664,0.880,6.000,3.500,joint_grid_transaction,106,22,1,0,9,0.000,1.00
178.688,2,en_route_delivery,3.950,-1.936,0.000,-3.500,joint_grid_transaction,122,121,1,9,2,0.000,1.00
178.688,3,en_route_delivery,-3.433,-3.528,0.000,-3.500,joint_grid_transaction,122,121,1,4,3,0.000,1.00
178.688,4,en_route_delivery,4.311,-0.964,3.000,-1.500,joint_grid_transaction,122,121,1,9,4,0.000,0.85
178.688,5,en_route_delivery,4.547,1.952,6.000,-3.500,joint_grid_transaction,122,121,1,9,5,0.000,1.00
178.688,6,returning_home,-5.994,2.928,-4.000,3.000,joint_grid_transaction,122,121,1,9,None,0.000,1.00
178.688,7,en_route_pickup,-0.521,1.984,0.000,3.500,joint_grid_transaction,122,121,2,8,13,0.000,1.00
178.688,8,en_route_delivery,6.004,-0.787,6.000,3.500,joint_grid_transaction,122,121,2,8,7,0.000,1.00
178.944,1,en_route_pickup,-1.664,0.880,6.000,3.500,joint_grid_transaction,106,22,1,0,9,0.000,1.00
178.944,2,en_route_delivery,3.906,-1.952,0.000,-3.500,joint_grid_transaction,122,122,2,9,2,0.000,1.00
178.944,3,en_route_delivery,-3.433,-3.556,0.000,-3.500,joint_grid_transaction,122,122,2,4,3,0.000,1.00
178.944,4,en_route_delivery,4.313,-0.983,3.000,-1.500,joint_grid_transaction,122,122,1,9,4,0.000,0.85
178.944,5,en_route_delivery,4.593,1.958,6.000,-3.500,joint_grid_transaction,122,122,2,9,5,0.000,1.00
178.944,6,returning_home,-5.959,2.947,-4.000,3.000,joint_grid_transaction,122,122,1,9,None,0.000,1.00
178.944,7,en_route_pickup,-0.477,1.988,0.000,3.500,joint_grid_transaction,122,122,1,8,13,0.000,1.00
178.944,8,en_route_delivery,6.000,-0.746,6.000,3.500,joint_grid_transaction,122,122,1,8,7,0.000,1.00
179.200,1,en_route_pickup,-1.664,0.880,6.000,3.500,joint_grid_transaction,106,22,1,0,9,0.000,1.00
179.200,2,en_route_delivery,3.861,-1.964,0.000,-3.500,joint_grid_transaction,122,122,2,9,2,0.000,1.00
179.200,3,en_route_delivery,-3.434,-3.594,0.000,-3.500,joint_grid_transaction,122,122,2,4,3,0.000,1.00
179.200,4,en_route_delivery,4.313,-1.000,3.000,-1.500,joint_grid_transaction,122,122,1,9,4,0.000,0.85
179.200,5,en_route_delivery,4.641,1.963,6.000,-3.500,joint_grid_transaction,122,122,2,9,5,0.000,1.00
179.200,6,returning_home,-5.926,2.958,-4.000,3.000,joint_grid_transaction,122,122,2,9,None,0.000,1.00
179.200,7,en_route_pickup,-0.468,1.989,0.000,3.500,joint_grid_transaction,122,122,1,8,13,0.000,1.00
179.200,8,en_route_delivery,5.997,-0.719,6.000,3.500,joint_grid_transaction,122,122,1,8,7,0.000,1.00
179.456,1,en_route_pickup,-1.664,0.880,6.000,3.500,joint_grid_transaction,106,22,1,0,9,0.000,1.00
179.456,2,en_route_delivery,3.814,-1.973,0.000,-3.500,joint_grid_transaction,122,122,2,9,2,0.000,1.00
179.456,3,en_route_delivery,-3.435,-3.632,0.000,-3.500,joint_grid_transaction,122,122,2,4,3,0.000,1.00
179.456,4,en_route_delivery,4.314,-1.016,3.000,-1.500,joint_grid_transaction,122,122,1,9,4,0.000,0.85
179.456,5,en_route_delivery,4.688,1.969,6.000,-3.500,joint_grid_transaction,122,122,2,9,5,0.000,1.00
179.456,6,returning_home,-5.881,2.971,-4.000,3.000,joint_grid_transaction,122,122,2,9,None,0.000,1.00
179.456,7,en_route_pickup,-0.468,1.989,0.000,3.500,joint_grid_transaction,122,122,1,8,13,0.000,1.00
179.456,8,en_route_delivery,5.997,-0.719,6.000,3.500,joint_grid_transaction,122,122,1,8,7,0.000,1.00
179.712,1,en_route_pickup,-1.664,0.880,6.000,3.500,joint_grid_transaction,106,22,1,0,9,0.000,1.00
179.712,2,en_route_delivery,3.767,-1.981,0.000,-3.500,joint_grid_transaction,122,122,2,9,2,0.000,1.00
179.712,3,en_route_delivery,-3.437,-3.670,0.000,-3.500,joint_grid_transaction,122,122,2,4,3,0.000,1.00
179.712,4,en_route_delivery,4.314,-1.031,3.000,-1.500,joint_grid_transaction,122,122,1,9,4,0.000,0.85
179.712,5,en_route_delivery,4.736,1.974,6.000,-3.500,joint_grid_transaction,122,122,2,9,5,0.000,1.00
179.712,6,returning_home,-5.834,2.980,-4.000,3.000,joint_grid_transaction,122,122,2,9,None,0.000,1.00
179.712,7,en_route_pickup,-0.468,1.989,0.000,3.500,joint_grid_transaction,122,122,1,8,13,0.000,1.00
179.712,8,en_route_delivery,5.997,-0.719,6.000,3.500,joint_grid_transaction,122,122,1,8,7,0.000,1.00
179.968,1,en_route_pickup,-1.664,0.880,6.000,3.500,joint_grid_transaction,106,22,1,0,9,0.000,1.00
179.968,2,en_route_delivery,3.720,-1.986,0.000,-3.500,joint_grid_transaction,122,122,2,9,2,0.000,1.00
179.968,3,en_route_delivery,-3.439,-3.709,0.000,-3.500,joint_grid_transaction,122,122,2,4,3,0.000,1.00
179.968,4,en_route_delivery,4.314,-1.050,3.000,-1.500,joint_grid_transaction,122,122,1,9,4,0.000,0.85
179.968,5,en_route_delivery,4.783,1.979,6.000,-3.500,joint_grid_transaction,122,122,2,9,5,0.000,1.00
179.968,6,returning_home,-5.787,2.987,-4.000,3.000,joint_grid_transaction,122,122,2,9,None,0.000,1.00
179.968,7,en_route_pickup,-0.446,1.992,0.000,3.500,joint_grid_transaction,122,122,2,8,13,0.000,1.00
179.968,8,en_route_delivery,5.994,-0.698,6.000,3.500,joint_grid_transaction,122,122,2,8,7,0.000,1.00
