sim_time,robot_id,state,pos_x,pos_y,goal_x,goal_y,active_plan_source,active_plan_epoch,controller_epoch,controller_waypoint_idx,waypoints,current_task,hold_until,speed_scale,heading,emergency_braking,joint_wait_reason,joint_wait_until,replan_requested
0.512,1,en_route_pickup,-4.000,3.000,-6.000,3.500,None,None,0,0,1,1,0.000,1.00,-0.001,False,None,0.000,False
0.512,2,idle,-4.000,-3.000,0.000,0.000,None,None,0,0,0,None,0.000,1.00,-0.001,False,None,0.000,False
0.512,3,idle,4.000,3.000,0.000,0.000,None,None,0,0,0,None,0.000,1.00,3.142,False,None,0.000,False
0.512,4,idle,4.000,-3.000,0.000,0.000,None,None,0,0,0,None,0.000,1.00,3.142,False,None,0.000,False
0.512,5,idle,-7.000,-0.000,0.000,0.000,None,None,0,0,0,None,0.000,1.00,1.571,False,None,0.000,False
0.512,6,idle,7.000,0.000,0.000,0.000,None,None,0,0,0,None,0.000,1.00,1.571,False,None,0.000,False
0.512,7,idle,-8.500,1.200,0.000,0.000,None,None,0,0,0,None,0.000,1.00,-0.001,False,None,0.000,False
0.512,8,idle,8.500,-1.200,0.000,0.000,None,None,0,0,0,None,0.000,1.00,3.142,False,None,0.000,False
1.024,1,en_route_pickup,-4.023,2.991,-6.000,3.500,joint_grid_transaction,1,1,1,9,1,0.000,1.00,0.525,False,None,0.000,False
1.024,2,idle,-4.000,-3.000,0.000,0.000,None,None,0,0,0,None,0.000,1.00,-0.001,False,None,0.000,False
1.024,3,idle,4.000,3.000,0.000,0.000,None,None,0,0,0,None,0.000,1.00,3.142,False,None,0.000,False
1.024,4,idle,4.000,-3.000,0.000,0.000,None,None,0,0,0,None,0.000,1.00,3.142,False,None,0.000,False
1.024,5,idle,-7.000,-0.000,0.000,0.000,None,None,0,0,0,None,0.000,1.00,1.571,False,None,0.000,False
1.024,6,idle,7.000,0.000,0.000,0.000,None,None,0,0,0,None,0.000,1.00,1.571,False,None,0.000,False
1.024,7,idle,-8.500,1.200,0.000,0.000,None,None,0,0,0,None,0.000,1.00,-0.001,False,None,0.000,False
1.024,8,idle,8.500,-1.200,0.000,0.000,None,None,0,0,0,None,0.000,1.00,3.142,False,None,0.000,False
1.536,1,en_route_pickup,-4.075,2.943,-6.000,3.500,joint_grid_transaction,1,1,2,9,1,0.000,1.00,1.027,False,None,0.000,False
1.536,2,en_route_pickup,-4.000,-3.000,-1.000,1.500,None,None,0,0,4,2,0.000,1.00,-0.001,False,None,0.000,False
1.536,3,en_route_pickup,4.000,3.000,-3.000,1.500,None,None,0,0,2,3,0.000,1.00,3.142,False,None,0.000,False
1.536,4,idle,4.000,-3.000,0.000,0.000,None,None,0,0,0,None,0.000,1.00,3.142,False,None,0.000,False
1.536,5,idle,-7.000,-0.000,0.000,0.000,None,None,0,0,0,None,0.000,1.00,1.571,False,None,0.000,False
1.536,6,idle,7.000,0.000,0.000,0.000,None,None,0,0,0,None,0.000,1.00,1.571,False,None,0.000,False
1.536,7,idle,-8.500,1.200,0.000,0.000,None,None,0,0,0,None,0.000,1.00,-0.001,False,None,0.000,False
1.536,8,idle,8.500,-1.200,0.000,0.000,None,None,0,0,0,None,0.000,1.00,3.142,False,None,0.000,False
2.048,1,en_route_pickup,-4.088,2.921,-6.000,3.500,joint_grid_transaction,1,1,2,9,1,0.000,1.00,1.774,False,None,0.000,False
2.048,2,en_route_pickup,-4.000,-3.000,-1.000,1.500,None,None,0,0,4,2,0.000,1.00,-0.001,False,None,0.000,False
2.048,3,en_route_pickup,4.000,3.000,-3.000,1.500,None,None,0,0,2,3,0.000,1.00,3.142,False,None,0.000,False
2.048,4,idle,4.000,-3.000,0.000,0.000,None,None,0,0,0,None,0.000,1.00,3.142,False,None,0.000,False
2.048,5,idle,-7.000,-0.000,0.000,0.000,None,None,0,0,0,None,0.000,1.00,1.571,False,None,0.000,False
2.048,6,idle,7.000,0.000,0.000,0.000,None,None,0,0,0,None,0.000,1.00,1.571,False,None,0.000,False
2.048,7,idle,-8.500,1.200,0.000,0.000,None,None,0,0,0,None,0.000,1.00,-0.001,False,None,0.000,False
2.048,8,idle,8.500,-1.200,0.000,0.000,None,None,0,0,0,None,0.000,1.00,3.142,False,None,0.000,False
2.560,1,en_route_pickup,-4.118,2.968,-6.000,3.500,joint_grid_transaction,1,1,2,9,1,0.000,1.00,2.357,False,None,0.000,False
2.560,2,en_route_pickup,-4.000,-3.000,-1.000,1.500,None,None,0,0,4,2,0.000,1.00,-0.001,False,None,0.000,False
2.560,3,en_route_pickup,4.000,3.000,-3.000,1.500,None,None,0,0,2,3,0.000,1.00,3.142,False,None,0.000,False
2.560,4,idle,4.000,-3.000,0.000,0.000,None,None,0,0,0,None,0.000,1.00,3.142,False,None,0.000,False
2.560,5,idle,-7.000,-0.000,0.000,0.000,None,None,0,0,0,None,0.000,1.00,1.571,False,None,0.000,False
2.560,6,idle,7.000,0.000,0.000,0.000,None,None,0,0,0,None,0.000,1.00,1.571,False,None,0.000,False
2.560,7,idle,-8.500,1.200,0.000,0.000,None,None,0,0,0,None,0.000,1.00,-0.001,False,None,0.000,False
2.560,8,idle,8.500,-1.200,0.000,0.000,None,None,0,0,0,None,0.000,1.00,3.142,False,None,0.000,False
3.072,1,en_route_pickup,-4.157,3.000,-6.000,3.500,joint_grid_transaction,1,1,2,9,1,0.000,1.00,2.762,False,None,0.000,False
3.072,2,en_route_pickup,-4.000,-3.000,-1.000,1.500,None,None,0,0,4,2,0.000,1.00,-0.001,False,None,0.000,False
3.072,3,en_route_pickup,4.000,3.000,-3.000,1.500,None,None,0,0,2,3,0.000,1.00,3.142,False,None,0.000,False
3.072,4,idle,4.000,-3.000,0.000,0.000,None,None,0,0,0,None,0.000,1.00,3.142,False,None,0.000,False
3.072,5,idle,-7.000,-0.000,0.000,0.000,None,None,0,0,0,None,0.000,1.00,1.571,False,None,0.000,False
3.072,6,idle,7.000,0.000,0.000,0.000,None,None,0,0,0,None,0.000,1.00,1.571,False,None,0.000,False
3.072,7,idle,-8.500,1.200,0.000,0.000,None,None,0,0,0,None,0.000,1.00,-0.001,False,None,0.000,False
3.072,8,idle,8.500,-1.200,0.000,0.000,None,None,0,0,0,None,0.000,1.00,3.142,False,None,0.000,False
3.584,1,en_route_pickup,-4.221,2.988,-6.000,3.500,joint_grid_transaction,1,1,2,9,1,0.000,1.00,2.990,False,None,0.000,False
3.584,2,en_route_pickup,-4.000,-3.000,-1.000,1.500,None,None,0,0,4,2,0.000,1.00,-0.001,False,None,0.000,False
3.584,3,en_route_pickup,4.000,3.000,-3.000,1.500,None,None,0,0,2,3,0.000,1.00,3.142,False,None,0.000,False
3.584,4,idle,4.000,-3.000,0.000,0.000,None,None,0,0,0,None,0.000,1.00,3.142,False,None,0.000,False
3.584,5,idle,-7.000,-0.000,0.000,0.000,None,None,0,0,0,None,0.000,1.00,1.571,False,None,0.000,False
3.584,6,idle,7.000,0.000,0.000,0.000,None,None,0,0,0,None,0.000,1.00,1.571,False,None,0.000,False
3.584,7,idle,-8.500,1.200,0.000,0.000,None,None,0,0,0,None,0.000,1.00,-0.001,False,None,0.000,False
3.584,8,idle,8.500,-1.200,0.000,0.000,None,None,0,0,0,None,0.000,1.00,3.142,False,None,0.000,False
4.096,1,en_route_pickup,-4.310,2.980,-6.000,3.500,joint_grid_transaction,2,1,3,9,1,0.000,1.00,3.084,False,None,0.000,False
4.096,2,en_route_pickup,-4.000,-3.000,-1.000,1.500,joint_grid_transaction,2,0,0,9,2,0.000,1.00,0.018,False,None,0.000,False
4.096,3,en_route_pickup,3.998,3.000,-3.000,1.500,joint_grid_transaction,2,0,0,9,3,0.000,1.00,3.142,False,None,0.000,False
4.096,4,idle,4.000,-3.000,0.000,0.000,None,None,0,0,0,None,0.000,1.00,3.142,False,None,0.000,False
4.096,5,idle,-7.000,-0.000,0.000,0.000,None,None,0,0,0,None,0.000,1.00,1.571,False,None,0.000,False
4.096,6,idle,7.000,0.000,0.000,0.000,None,None,0,0,0,None,0.000,1.00,1.571,False,None,0.000,False
4.096,7,idle,-8.500,1.200,0.000,0.000,None,None,0,0,0,None,0.000,1.00,-0.001,False,None,0.000,False
4.096,8,idle,8.500,-1.200,0.000,0.000,None,None,0,0,0,None,0.000,1.00,3.142,False,None,0.000,False
4.608,1,en_route_pickup,-4.388,2.976,-6.000,3.500,joint_grid_transaction,2,2,2,9,1,0.000,1.00,3.081,False,None,0.000,False
4.608,2,en_route_pickup,-4.027,-3.010,-1.000,1.500,joint_grid_transaction,2,2,1,9,2,0.000,1.00,0.562,False,None,0.000,False
4.608,3,en_route_pickup,3.902,3.000,-3.000,1.500,joint_grid_transaction,2,2,2,9,3,0.000,1.00,3.142,False,None,0.000,False
4.608,4,idle,4.000,-3.000,0.000,0.000,None,None,0,0,0,None,0.000,1.00,3.142,False,None,0.000,False
4.608,5,idle,-7.000,-0.000,0.000,0.000,None,None,0,0,0,None,0.000,1.00,1.571,False,None,0.000,False
4.608,6,idle,7.000,0.000,0.000,0.000,None,None,0,0,0,None,0.000,1.00,1.571,False,None,0.000,False
4.608,7,idle,-8.500,1.200,0.000,0.000,None,None,0,0,0,None,0.000,1.00,-0.001,False,None,0.000,False
4.608,8,idle,8.500,-1.200,0.000,0.000,None,None,0,0,0,None,0.000,1.00,3.142,False,None,0.000,False
5.120,1,en_route_pickup,-4.462,2.971,-6.000,3.500,joint_grid_transaction,3,2,2,9,1,0.000,1.00,3.080,False,None,0.000,False
5.120,2,en_route_pickup,-4.002,-2.995,-1.000,1.500,joint_grid_transaction,3,2,2,9,2,0.000,1.00,0.178,False,None,0.000,False
5.120,3,en_route_pickup,3.807,3.000,-3.000,1.500,joint_grid_transaction,3,2,2,8,3,0.000,1.00,3.142,False,None,0.000,False
5.120,4,idle,4.000,-3.000,0.000,0.000,None,None,0,0,0,None,0.000,1.00,3.142,False,None,0.000,False
5.120,5,idle,-7.000,-0.000,0.000,0.000,None,None,0,0,0,None,0.000,1.00,1.571,False,None,0.000,False
5.120,6,idle,7.000,0.000,0.000,0.000,None,None,0,0,0,None,0.000,1.00,1.571,False,None,0.000,False
5.120,7,idle,-8.500,1.200,0.000,0.000,None,None,0,0,0,None,0.000,1.00,-0.001,False,None,0.000,False
5.120,8,idle,8.500,-1.200,0.000,0.000,None,None,0,0,0,None,0.000,1.00,3.142,False,None,0.000,False
5.632,1,en_route_pickup,-4.531,2.967,-6.000,3.500,joint_grid_transaction,3,3,1,9,1,0.000,1.00,3.079,False,None,0.000,False
5.632,2,en_route_pickup,-4.049,-2.967,-1.000,1.500,joint_grid_transaction,3,3,2,9,2,0.000,1.00,0.771,False,None,0.000,False
5.632,3,en_route_pickup,3.719,3.000,-3.000,1.500,joint_grid_transaction,3,3,1,8,3,0.000,1.00,-3.142,False,joint_slot_deadline,6.292,False
5.632,4,idle,4.000,-3.000,0.000,0.000,None,None,0,0,0,None,0.000,1.00,3.142,False,None,0.000,False
5.632,5,idle,-7.000,-0.000,0.000,0.000,None,None,0,0,0,None,0.000,1.00,1.571,False,None,0.000,False
5.632,6,idle,7.000,0.000,0.000,0.000,None,None,0,0,0,None,0.000,1.00,1.571,False,None,0.000,False
5.632,7,idle,-8.500,1.200,0.000,0.000,None,None,0,0,0,None,0.000,1.00,-0.001,False,None,0.000,False
5.632,8,idle,8.500,-1.200,0.000,0.000,None,None,0,0,0,None,0.000,1.00,3.142,False,None,0.000,False
6.144,1,en_route_pickup,-4.603,2.962,-6.000,3.500,joint_grid_transaction,3,3,2,9,1,0.000,1.00,3.074,False,None,0.000,False
6.144,2,en_route_pickup,-4.086,-2.918,-1.000,1.500,joint_grid_transaction,3,3,2,9,2,0.000,1.00,1.337,False,None,0.000,False
6.144,3,en_route_pickup,3.719,3.000,-3.000,1.500,joint_grid_transaction,3,3,1,8,3,0.000,1.00,-3.142,False,joint_slot_deadline,6.292,False
6.144,4,idle,4.000,-3.000,0.000,0.000,None,None,0,0,0,None,0.000,1.00,3.142,False,None,0.000,False
6.144,5,idle,-7.000,-0.000,0.000,0.000,None,None,0,0,0,None,0.000,1.00,1.571,False,None,0.000,False
6.144,6,idle,7.000,0.000,0.000,0.000,None,None,0,0,0,None,0.000,1.00,1.571,False,None,0.000,False
6.144,7,idle,-8.500,1.200,0.000,0.000,None,None,0,0,0,None,0.000,1.00,-0.001,False,None,0.000,False
6.144,8,idle,8.500,-1.200,0.000,0.000,None,None,0,0,0,None,0.000,1.00,3.142,False,None,0.000,False
6.656,1,en_route_pickup,-4.672,2.957,-6.000,3.500,joint_grid_transaction,3,3,2,9,1,0.000,1.00,3.073,False,None,0.000,False
6.656,2,en_route_pickup,-4.090,-2.925,-1.000,1.500,joint_grid_transaction,3,3,2,9,2,0.000,1.00,1.959,False,None,0.000,False
6.656,3,en_route_pickup,3.658,3.000,-3.000,1.500,joint_grid_transaction,3,3,2,8,3,0.000,1.00,-3.142,False,None,0.000,False
6.656,4,idle,4.000,-3.000,0.000,0.000,None,None,0,0,0,None,0.000,1.00,3.142,False,None,0.000,False
6.656,5,idle,-7.000,-0.000,0.000,0.000,None,None,0,0,0,None,0.000,1.00,1.571,False,None,0.000,False
6.656,6,idle,7.000,0.000,0.000,0.000,None,None,0,0,0,None,0.000,1.00,1.571,False,None,0.000,False
6.656,7,idle,-8.500,1.200,0.000,0.000,None,None,0,0,0,None,0.000,1.00,-0.001,False,None,0.000,False
6.656,8,idle,8.500,-1.200,0.000,0.000,None,None,0,0,0,None,0.000,1.00,3.142,False,None,0.000,False
7.168,1,en_route_pickup,-4.736,2.953,-6.000,3.500,joint_grid_transaction,3,3,2,9,1,0.000,1.00,3.072,False,None,0.000,False
7.168,2,en_route_pickup,-4.126,-2.862,-1.000,1.500,joint_grid_transaction,3,3,3,9,2,0.000,1.00,1.994,False,None,0.000,False
7.168,3,en_route_pickup,3.562,3.000,-3.000,1.500,joint_grid_transaction,3,3,2,8,3,0.000,1.00,-3.142,False,None,0.000,False
7.168,4,idle,4.000,-3.000,0.000,0.000,None,None,0,0,0,None,0.000,1.00,3.142,False,None,0.000,False
7.168,5,idle,-7.000,-0.000,0.000,0.000,None,None,0,0,0,None,0.000,1.00,1.571,False,None,0.000,False
7.168,6,idle,7.000,0.000,0.000,0.000,None,None,0,0,0,None,0.000,1.00,1.571,False,None,0.000,False
7.168,7,idle,-8.500,1.200,0.000,0.000,None,None,0,0,0,None,0.000,1.00,-0.001,False,None,0.000,False
7.168,8,idle,8.500,-1.200,0.000,0.000,None,None,0,0,0,None,0.000,1.00,3.142,False,None,0.000,False
7.680,1,en_route_pickup,-4.791,2.949,-6.000,3.500,joint_grid_transaction,3,3,2,9,1,0.000,1.00,3.076,False,None,0.000,False
7.680,2,en_route_pickup,-4.162,-2.774,-1.000,1.500,joint_grid_transaction,3,3,3,9,2,0.000,1.00,1.926,False,None,0.000,False
7.680,3,en_route_pickup,3.466,3.000,-3.000,1.500,joint_grid_transaction,3,3,2,8,3,0.000,1.00,-3.142,False,None,0.000,False
7.680,4,idle,4.000,-3.000,0.000,0.000,None,None,0,0,0,None,0.000,1.00,3.142,False,None,0.000,False
7.680,5,idle,-7.000,-0.000,0.000,0.000,None,None,0,0,0,None,0.000,1.00,1.571,False,None,0.000,False
7.680,6,idle,7.000,0.000,0.000,0.000,None,None,0,0,0,None,0.000,1.00,1.571,False,None,0.000,False
7.680,7,idle,-8.500,1.200,0.000,0.000,None,None,0,0,0,None,0.000,1.00,-0.001,False,None,0.000,False
7.680,8,idle,8.500,-1.200,0.000,0.000,None,None,0,0,0,None,0.000,1.00,3.142,False,None,0.000,False
8.192,1,en_route_pickup,-4.858,2.945,-6.000,3.500,joint_grid_transaction,3,3,3,9,1,0.000,1.00,3.073,False,None,0.000,False
8.192,2,en_route_pickup,-4.193,-2.684,-1.000,1.500,joint_grid_transaction,3,3,4,9,2,0.000,1.00,1.851,False,None,0.000,False
8.192,3,en_route_pickup,3.370,3.000,-3.000,1.500,joint_grid_transaction,3,3,3,8,3,0.000,1.00,-3.142,False,None,0.000,False
8.192,4,idle,4.000,-3.000,0.000,0.000,None,None,0,0,0,None,0.000,1.00,3.142,False,None,0.000,False
8.192,5,idle,-7.000,-0.000,0.000,0.000,None,None,0,0,0,None,0.000,1.00,1.571,False,None,0.000,False
8.192,6,idle,7.000,0.000,0.000,0.000,None,None,0,0,0,None,0.000,1.00,1.571,False,None,0.000,False
8.192,7,idle,-8.500,1.200,0.000,0.000,None,None,0,0,0,None,0.000,1.00,-0.001,False,None,0.000,False
8.192,8,idle,8.500,-1.200,0.000,0.000,None,None,0,0,0,None,0.000,1.00,3.142,False,None,0.000,False
8.704,1,en_route_pickup,-4.901,2.942,-6.000,3.500,_joint_stall_recovery,4,3,1,3,1,0.000,1.00,-3.000,False,None,0.000,False
8.704,2,en_route_pickup,-4.214,-2.591,-1.000,1.500,joint_grid_transaction,3,3,4,9,2,0.000,1.00,1.745,False,None,0.000,False
8.704,3,en_route_pickup,3.275,3.000,-3.000,1.500,joint_grid_transaction,3,3,3,8,3,0.000,1.00,-3.142,False,None,0.000,False
8.704,4,idle,4.000,-3.000,0.000,0.000,None,None,0,0,0,None,0.000,1.00,3.142,False,None,0.000,False
8.704,5,idle,-7.000,-0.000,0.000,0.000,None,None,0,0,0,None,0.000,1.00,1.571,False,None,0.000,False
8.704,6,idle,7.000,0.000,0.000,0.000,None,None,0,0,0,None,0.000,1.00,1.571,False,None,0.000,False
8.704,7,idle,-8.500,1.200,0.000,0.000,None,None,0,0,0,None,0.000,1.00,-0.001,False,None,0.000,False
8.704,8,idle,8.500,-1.200,0.000,0.000,None,None,0,0,0,None,0.000,1.00,3.142,False,None,0.000,False
9.216,1,en_route_pickup,-4.911,2.958,-6.000,3.500,_joint_stall_recovery,4,3,1,3,1,0.000,1.00,-2.659,False,None,0.000,False
9.216,2,en_route_pickup,-4.228,-2.497,-1.000,1.500,joint_grid_transaction,3,3,4,9,2,0.000,1.00,1.695,False,None,0.000,False
9.216,3,en_route_pickup,3.179,3.000,-3.000,1.500,joint_grid_transaction,3,3,4,8,3,0.000,1.00,-3.142,False,None,0.000,False
9.216,4,idle,4.000,-3.000,0.000,0.000,None,None,0,0,0,None,0.000,1.00,3.142,False,None,0.000,False
9.216,5,idle,-7.000,-0.000,0.000,0.000,None,None,0,0,0,None,0.000,1.00,1.571,False,None,0.000,False
9.216,6,idle,7.000,0.000,0.000,0.000,None,None,0,0,0,None,0.000,1.00,1.571,False,None,0.000,False
9.216,7,idle,-8.500,1.200,0.000,0.000,None,None,0,0,0,None,0.000,1.00,-0.001,False,None,0.000,False
9.216,8,idle,8.500,-1.200,0.000,0.000,None,None,0,0,0,None,0.000,1.00,3.142,False,None,0.000,False
9.728,1,en_route_pickup,-4.990,3.010,-6.000,3.500,_joint_stall_recovery,4,3,1,3,1,0.000,1.00,-2.498,False,None,0.000,False
9.728,2,en_route_pickup,-4.238,-2.405,-1.000,1.500,joint_grid_transaction,3,3,5,9,2,0.000,1.00,1.665,False,None,0.000,False
9.728,3,en_route_pickup,3.083,3.000,-3.000,1.500,_joint_stall_recovery,6,3,1,7,3,0.000,1.00,-3.142,False,None,0.000,False
9.728,4,idle,4.000,-3.000,0.000,0.000,None,None,0,0,0,None,0.000,1.00,3.142,False,None,0.000,False
9.728,5,idle,-7.000,-0.000,0.000,0.000,None,None,0,0,0,None,0.000,1.00,1.571,False,None,0.000,False
9.728,6,idle,7.000,0.000,0.000,0.000,None,None,0,0,0,None,0.000,1.00,1.571,False,None,0.000,False
9.728,7,idle,-8.500,1.200,0.000,0.000,None,None,0,0,0,None,0.000,1.00,-0.001,False,None,0.000,False
9.728,8,idle,8.500,-1.200,0.000,0.000,None,None,0,0,0,None,0.000,1.00,3.142,False,None,0.000,False
10.240,1,en_route_pickup,-5.043,3.028,-6.000,3.500,_joint_stall_recovery,4,3,2,3,1,0.000,1.00,-2.715,False,None,0.000,False
10.240,2,en_route_pickup,-4.245,-2.321,-1.000,1.500,_joint_stall_recovery,8,3,1,5,2,0.000,1.00,1.664,False,None,0.000,False
10.240,3,en_route_pickup,2.987,3.000,-3.000,1.500,_joint_stall_recovery,6,3,1,7,3,0.000,1.00,-3.142,False,None,0.000,False
10.240,4,en_route_pickup,4.000,-3.000,0.000,3.500,None,None,0,0,3,4,0.000,1.00,3.142,False,None,0.000,False
10.240,5,idle,-7.000,-0.000,0.000,0.000,None,None,0,0,0,None,0.000,1.00,1.571,False,None,0.000,False
10.240,6,idle,7.000,0.000,0.000,0.000,None,None,0,0,0,None,0.000,1.00,1.571,False,None,0.000,False
10.240,7,idle,-8.500,1.200,0.000,0.000,None,None,0,0,0,None,0.000,1.00,-0.001,False,None,0.000,False
10.240,8,idle,8.500,-1.200,0.000,0.000,None,None,0,0,0,None,0.000,1.00,3.142,False,None,0.000,False
10.752,1,en_route_pickup,-5.132,3.060,-6.000,3.500,_joint_stall_recovery,4,3,2,3,1,0.000,1.00,-2.848,False,None,0.000,False
10.752,2,en_route_pickup,-4.253,-2.239,-1.000,1.500,_joint_stall_recovery,8,3,1,5,2,0.000,1.00,1.663,False,None,0.000,False
10.752,3,en_route_pickup,2.892,3.000,-3.000,1.500,_joint_stall_recovery,6,3,1,7,3,0.000,1.00,-3.142,False,None,0.000,False
10.752,4,en_route_pickup,4.000,-3.000,0.000,3.500,None,None,0,0,3,4,0.000,1.00,3.142,False,None,0.000,False
10.752,5,idle,-7.000,-0.000,0.000,0.000,None,None,0,0,0,None,0.000,1.00,1.571,False,None,0.000,False
10.752,6,idle,7.000,0.000,0.000,0.000,None,None,0,0,0,None,0.000,1.00,1.571,False,None,0.000,False
10.752,7,idle,-8.500,1.200,0.000,0.000,None,None,0,0,0,None,0.000,1.00,-0.001,False,None,0.000,False
10.752,8,idle,8.500,-1.200,0.000,0.000,None,None,0,0,0,None,0.000,1.00,3.142,False,None,0.000,False
11.264,1,en_route_pickup,-5.224,3.085,-6.000,3.500,_joint_stall_recovery,4,3,2,3,1,0.000,1.00,-2.901,False,None,0.000,False
11.264,2,en_route_pickup,-4.261,-2.158,-1.000,1.500,_joint_stall_recovery,8,3,1,5,2,0.000,1.00,1.663,False,None,0.000,False
11.264,3,en_route_pickup,2.796,3.000,-3.000,1.500,_joint_stall_recovery,6,3,1,7,3,0.000,1.00,-3.142,False,None,0.000,False
11.264,4,en_route_pickup,4.000,-3.000,0.000,3.500,None,None,0,0,3,4,0.000,1.00,3.142,False,None,0.000,False
11.264,5,idle,-7.000,-0.000,0.000,0.000,None,None,0,0,0,None,0.000,1.00,1.571,False,None,0.000,False
11.264,6,idle,7.000,0.000,0.000,0.000,None,None,0,0,0,None,0.000,1.00,1.571,False,None,0.000,False
11.264,7,idle,-8.500,1.200,0.000,0.000,None,None,0,0,0,None,0.000,1.00,-0.001,False,None,0.000,False
11.264,8,idle,8.500,-1.200,0.000,0.000,None,None,0,0,0,None,0.000,1.00,3.142,False,None,0.000,False
11.776,1,en_route_pickup,-5.317,3.107,-6.000,3.500,_joint_stall_recovery,4,3,2,3,1,0.000,1.00,-2.922,False,None,0.000,False
11.776,2,en_route_pickup,-4.268,-2.078,-1.000,1.500,_joint_stall_recovery,8,3,1,5,2,0.000,1.00,1.662,False,None,0.000,False
11.776,3,en_route_pickup,2.700,3.000,-3.000,1.500,_joint_stall_recovery,6,3,1,7,3,0.000,1.00,-3.142,False,None,0.000,False
11.776,4,en_route_pickup,4.000,-3.000,0.000,3.500,None,None,0,0,3,4,0.000,1.00,3.142,False,None,0.000,False
11.776,5,idle,-7.000,-0.000,0.000,0.000,None,None,0,0,0,None,0.000,1.00,1.571,False,None,0.000,False
11.776,6,idle,7.000,0.000,0.000,0.000,None,None,0,0,0,None,0.000,1.00,1.571,False,None,0.000,False
11.776,7,idle,-8.500,1.200,0.000,0.000,None,None,0,0,0,None,0.000,1.00,-0.001,False,None,0.000,False
11.776,8,idle,8.500,-1.200,0.000,0.000,None,None,0,0,0,None,0.000,1.00,3.142,False,None,0.000,False
12.288,1,en_route_pickup,-5.411,3.127,-6.000,3.500,_joint_stall_recovery,4,3,2,3,1,0.000,1.00,-2.931,False,None,0.000,False
12.288,2,en_route_pickup,-4.275,-2.000,-1.000,1.500,_joint_stall_recovery,8,3,1,5,2,0.000,1.00,1.661,False,None,0.000,False
12.288,3,en_route_pickup,2.604,3.000,-3.000,1.500,_joint_stall_recovery,6,3,1,7,3,0.000,1.00,-3.142,False,None,0.000,False
12.288,4,en_route_pickup,4.000,-3.000,0.000,3.500,None,None,0,0,3,4,0.000,1.00,3.142,False,None,0.000,False
12.288,5,idle,-7.000,-0.000,0.000,0.000,None,None,0,0,0,None,0.000,1.00,1.571,False,None,0.000,False
12.288,6,idle,7.000,0.000,0.000,0.000,None,None,0,0,0,None,0.000,1.00,1.571,False,None,0.000,False
12.288,7,idle,-8.500,1.200,0.000,0.000,None,None,0,0,0,None,0.000,1.00,-0.001,False,None,0.000,False
12.288,8,idle,8.500,-1.200,0.000,0.000,None,None,0,0,0,None,0.000,1.00,3.142,False,None,0.000,False
12.800,1,en_route_pickup,-5.504,3.147,-6.000,3.500,_joint_stall_recovery,4,3,2,3,1,0.000,1.00,-2.934,False,None,0.000,False
12.800,2,en_route_pickup,-4.282,-1.924,-1.000,1.500,_joint_stall_recovery,8,3,1,5,2,0.000,1.00,1.661,False,None,0.000,False
12.800,3,en_route_pickup,2.509,3.000,-3.000,1.500,_joint_stall_recovery,6,3,1,7,3,0.000,1.00,-3.142,False,None,0.000,False
12.800,4,en_route_pickup,4.000,-3.000,0.000,3.500,None,None,0,0,3,4,0.000,1.00,3.142,False,None,0.000,False
12.800,5,idle,-7.000,-0.000,0.000,0.000,None,None,0,0,0,None,0.000,1.00,1.571,False,None,0.000,False
12.800,6,idle,7.000,0.000,0.000,0.000,None,None,0,0,0,None,0.000,1.00,1.571,False,None,0.000,False
12.800,7,idle,-8.500,1.200,0.000,0.000,None,None,0,0,0,None,0.000,1.00,-0.001,False,None,0.000,False
12.800,8,idle,8.500,-1.200,0.000,0.000,None,None,0,0,0,None,0.000,1.00,3.142,False,None,0.000,False
13.312,1,en_route_pickup,-5.598,3.166,-6.000,3.500,_joint_stall_recovery,4,3,2,3,1,0.000,1.00,-2.936,False,None,0.000,False
13.312,2,en_route_pickup,-4.289,-1.850,-1.000,1.500,_joint_stall_recovery,8,3,1,5,2,0.000,1.00,1.660,False,None,0.000,False
13.312,3,en_route_pickup,2.413,3.000,-3.000,1.500,_joint_stall_recovery,6,3,1,7,3,0.000,1.00,3.142,False,None,0.000,False
13.312,4,en_route_pickup,4.000,-3.000,0.000,3.500,None,None,0,0,3,4,0.000,1.00,3.142,False,None,0.000,False
13.312,5,idle,-7.000,-0.000,0.000,0.000,None,None,0,0,0,None,0.000,1.00,1.571,False,None,0.000,False
13.312,6,idle,7.000,0.000,0.000,0.000,None,None,0,0,0,None,0.000,1.00,1.571,False,None,0.000,False
13.312,7,idle,-8.500,1.200,0.000,0.000,None,None,0,0,0,None,0.000,1.00,-0.001,False,None,0.000,False
13.312,8,idle,8.500,-1.200,0.000,0.000,None,None,0,0,0,None,0.000,1.00,3.142,False,None,0.000,False
13.824,1,en_route_delivery,-5.660,3.179,-3.000,-1.500,_joint_stall_recovery,4,3,3,3,1,0.000,1.00,-2.936,False,None,0.000,True
13.824,2,en_route_pickup,-4.295,-1.778,-1.000,1.500,_joint_stall_recovery,8,3,1,5,2,0.000,1.00,1.660,False,None,0.000,False
13.824,3,en_route_pickup,2.344,3.000,-3.000,1.500,_joint_stall_recovery,6,3,2,7,3,0.000,1.00,-3.041,False,None,0.000,False
13.824,4,en_route_pickup,4.000,-3.000,0.000,3.500,None,None,0,0,3,4,0.000,1.00,3.142,False,None,0.000,False
13.824,5,idle,-7.000,-0.000,0.000,0.000,None,None,0,0,0,None,0.000,1.00,1.571,False,None,0.000,False
13.824,6,idle,7.000,0.000,0.000,0.000,None,None,0,0,0,None,0.000,1.00,1.571,False,None,0.000,False
13.824,7,idle,-8.500,1.200,0.000,0.000,None,None,0,0,0,None,0.000,1.00,-0.001,False,None,0.000,False
13.824,8,idle,8.500,-1.200,0.000,0.000,None,None,0,0,0,None,0.000,1.00,3.142,False,None,0.000,False
14.336,1,en_route_delivery,-5.660,3.179,-3.000,-1.500,_joint_stall_recovery,4,3,3,3,1,0.000,1.00,-2.936,False,None,0.000,False
14.336,2,en_route_pickup,-4.301,-1.710,-1.000,1.500,_joint_stall_recovery,8,3,1,5,2,0.000,1.00,1.659,False,None,0.000,False
14.336,3,en_route_pickup,2.275,2.983,-3.000,1.500,_joint_stall_recovery,6,3,2,7,3,0.000,1.00,-2.943,False,None,0.000,False
14.336,4,en_route_pickup,4.000,-3.000,0.000,3.500,None,None,0,0,3,4,0.000,1.00,3.142,False,None,0.000,False
14.336,5,idle,-7.000,-0.000,0.000,0.000,None,None,0,0,0,None,0.000,1.00,1.571,False,None,0.000,False
14.336,6,idle,7.000,0.000,0.000,0.000,None,None,0,0,0,None,0.000,1.00,1.571,False,None,0.000,False
14.336,7,idle,-8.500,1.200,0.000,0.000,None,None,0,0,0,None,0.000,1.00,-0.001,False,None,0.000,False
14.336,8,idle,8.500,-1.200,0.000,0.000,None,None,0,0,0,None,0.000,1.00,3.142,False,None,0.000,False
14.848,1,en_route_delivery,-5.616,3.207,-3.000,-1.500,joint_grid_transaction,11,11,1,8,1,0.000,1.00,-2.383,False,None,0.000,False
14.848,2,en_route_pickup,-4.306,-1.647,-1.000,1.500,joint_grid_transaction,11,11,2,9,2,0.000,1.00,1.657,False,None,0.000,False
14.848,3,en_route_pickup,2.189,2.972,-3.000,1.500,joint_grid_transaction,11,11,2,9,3,0.000,1.00,-3.088,False,None,0.000,False
14.848,4,en_route_pickup,4.033,-2.985,0.000,3.500,joint_grid_transaction,11,11,1,9,4,0.000,1.00,2.514,False,None,0.000,False
14.848,5,idle,-7.000,-0.000,0.000,0.000,None,None,0,0,0,None,0.000,1.00,1.571,False,None,0.000,False
14.848,6,idle,7.000,0.000,0.000,0.000,None,None,0,0,0,None,0.000,1.00,1.571,False,None,0.000,False
14.848,7,idle,-8.500,1.200,0.000,0.000,None,None,0,0,0,None,0.000,1.00,-0.001,False,None,0.000,False
14.848,8,idle,8.500,-1.200,0.000,0.000,None,None,0,0,0,None,0.000,1.00,3.142,False,None,0.000,False
15.360,1,en_route_delivery,-5.577,3.257,-3.000,-1.500,joint_grid_transaction,11,11,1,8,1,0.000,1.00,-1.826,False,None,0.000,False
15.360,2,en_route_pickup,-4.311,-1.587,-1.000,1.500,joint_grid_transaction,11,11,2,9,2,0.000,1.00,1.656,False,None,0.000,False
15.360,3,en_route_pickup,2.112,2.968,-3.000,1.500,joint_grid_transaction,11,11,2,9,3,0.000,1.00,-3.086,False,None,0.000,False
15.360,4,en_route_pickup,4.015,-2.928,0.000,3.500,_command_reverse,13,11,0,1,4,0.000,1.00,2.431,False,None,0.000,False
15.360,5,idle,-7.000,-0.000,0.000,0.000,None,None,0,0,0,None,0.000,1.00,1.571,False,None,0.000,False
15.360,6,idle,7.000,0.000,0.000,0.000,None,None,0,0,0,None,0.000,1.00,1.571,False,None,0.000,False
15.360,7,idle,-8.500,1.200,0.000,0.000,None,None,0,0,0,None,0.000,1.00,-0.001,False,None,0.000,False
15.360,8,idle,8.500,-1.200,0.000,0.000,None,None,0,0,0,None,0.000,1.00,3.142,False,None,0.000,False
15.872,1,en_route_delivery,-5.568,3.241,-3.000,-1.500,joint_grid_transaction,11,11,1,8,1,0.000,1.00,-1.063,False,None,0.000,False
15.872,2,en_route_pickup,-4.315,-1.536,-1.000,1.500,joint_grid_transaction,11,11,2,9,2,0.000,1.00,1.646,False,None,0.000,False
15.872,3,en_route_pickup,2.041,2.964,-3.000,1.500,joint_grid_transaction,11,11,2,9,3,0.000,1.00,-3.085,False,None,0.000,False
15.872,4,en_route_pickup,3.941,-2.870,0.000,3.500,_command_reverse,13,11,0,1,4,0.000,1.00,2.516,False,None,0.000,False
15.872,5,idle,-7.000,-0.000,0.000,0.000,None,None,0,0,0,None,0.000,1.00,1.571,False,None,0.000,False
15.872,6,idle,7.000,0.000,0.000,0.000,None,None,0,0,0,None,0.000,1.00,1.571,False,None,0.000,False
15.872,7,idle,-8.500,1.200,0.000,0.000,None,None,0,0,0,None,0.000,1.00,-0.001,False,None,0.000,False
15.872,8,idle,8.500,-1.200,0.000,0.000,None,None,0,0,0,None,0.000,1.00,3.142,False,None,0.000,False
16.384,1,en_route_delivery,-5.529,3.196,-3.000,-1.500,joint_grid_transaction,11,11,1,8,1,0.000,1.00,-0.641,False,None,0.000,False
16.384,2,en_route_pickup,-4.317,-1.494,-1.000,1.500,joint_grid_transaction,11,11,2,9,2,0.000,1.00,1.597,False,None,0.000,False
16.384,3,en_route_pickup,1.975,2.960,-3.000,1.500,joint_grid_transaction,11,11,2,9,3,0.000,1.00,-3.083,False,None,0.000,False
16.384,4,en_route_pickup,3.862,-2.816,0.000,3.500,_command_reverse,13,11,0,1,4,0.000,1.00,2.549,False,None,0.000,False
16.384,5,idle,-7.000,-0.000,0.000,0.000,None,None,0,0,0,None,0.000,1.00,1.571,False,None,0.000,False
16.384,6,idle,7.000,0.000,0.000,0.000,None,None,0,0,0,None,0.000,1.00,1.571,False,None,0.000,False
16.384,7,idle,-8.500,1.200,0.000,0.000,None,None,0,0,0,None,0.000,1.00,-0.001,False,None,0.000,False
16.384,8,idle,8.500,-1.200,0.000,0.000,None,None,0,0,0,None,0.000,1.00,3.142,False,None,0.000,False
16.896,1,en_route_delivery,-5.474,3.209,-3.000,-1.500,joint_grid_transaction,11,11,1,8,1,0.000,1.00,-0.397,False,None,0.000,False
16.896,2,en_route_pickup,-4.317,-1.442,-1.000,1.500,joint_grid_transaction,11,11,3,9,2,0.000,1.00,1.559,False,None,0.000,False
16.896,3,en_route_pickup,1.906,2.956,-3.000,1.500,joint_grid_transaction,11,11,3,9,3,0.000,1.00,-3.077,False,None,0.000,False
16.896,4,en_route_pickup,3.782,-2.763,0.000,3.500,_command_reverse,13,11,0,1,4,0.000,1.00,2.561,False,None,0.000,False
16.896,5,idle,-7.000,-0.000,0.000,0.000,None,None,0,0,0,None,0.000,1.00,1.571,False,None,0.000,False
16.896,6,idle,7.000,0.000,0.000,0.000,None,None,0,0,0,None,0.000,1.00,1.571,False,None,0.000,False
16.896,7,idle,-8.500,1.200,0.000,0.000,None,None,0,0,0,None,0.000,1.00,-0.001,False,None,0.000,False
16.896,8,idle,8.500,-1.200,0.000,0.000,None,None,0,0,0,None,0.000,1.00,3.142,False,None,0.000,False
17.408,1,en_route_delivery,-5.384,3.235,-3.000,-1.500,joint_grid_transaction,11,11,2,8,1,0.000,1.00,-0.181,False,None,0.000,False
17.408,2,en_route_pickup,-4.315,-1.366,-1.000,1.500,joint_grid_transaction,11,11,3,9,2,0.000,1.00,1.549,False,None,0.000,False
17.408,3,en_route_pickup,1.838,2.951,-3.000,1.500,joint_grid_transaction,11,11,3,9,3,0.000,1.00,-3.076,False,None,0.000,False
17.408,4,en_route_pickup,3.702,-2.710,0.000,3.500,_command_reverse,13,11,0,1,4,0.000,1.00,2.565,False,None,0.000,False
17.408,5,idle,-7.000,-0.000,0.000,0.000,None,None,0,0,0,None,0.000,1.00,1.571,False,None,0.000,False
17.408,6,idle,7.000,0.000,0.000,0.000,None,None,0,0,0,None,0.000,1.00,1.571,False,None,0.000,False
17.408,7,idle,-8.500,1.200,0.000,0.000,None,None,0,0,0,None,0.000,1.00,-0.001,False,None,0.000,False
17.408,8,idle,8.500,-1.200,0.000,0.000,None,None,0,0,0,None,0.000,1.00,3.142,False,None,0.000,False
17.920,1,en_route_delivery,-5.290,3.247,-3.000,-1.500,joint_grid_transaction,11,11,2,8,1,0.000,1.00,-0.084,False,None,0.000,False
17.920,2,en_route_pickup,-4.311,-1.290,-1.000,1.500,joint_grid_transaction,11,11,3,9,2,0.000,1.00,1.528,False,None,0.000,False
17.920,3,en_route_pickup,1.777,2.947,-3.000,1.500,joint_grid_transaction,11,11,3,9,3,0.000,1.00,-3.075,False,None,0.000,False
17.920,4,en_route_pickup,3.622,-2.658,0.000,3.500,_command_reverse,13,11,0,1,4,0.000,1.00,2.567,False,None,0.000,False
17.920,5,idle,-7.000,-0.000,0.000,0.000,None,None,0,0,0,None,0.000,1.00,1.571,False,None,0.000,False
17.920,6,idle,7.000,0.000,0.000,0.000,None,None,0,0,0,None,0.000,1.00,1.571,False,None,0.000,False
17.920,7,idle,-8.500,1.200,0.000,0.000,None,None,0,0,0,None,0.000,1.00,-0.001,False,None,0.000,False
17.920,8,idle,8.500,-1.200,0.000,0.000,None,None,0,0,0,None,0.000,1.00,3.142,False,None,0.000,False
18.432,1,en_route_delivery,-5.206,3.254,-3.000,-1.500,joint_grid_transaction,11,11,3,8,1,0.000,1.00,-0.082,False,None,0.000,False
18.432,2,en_route_pickup,-4.304,-1.214,-1.000,1.500,joint_grid_transaction,11,11,3,9,2,0.000,1.00,1.489,False,None,0.000,False
18.432,3,en_route_pickup,1.725,2.944,-3.000,1.500,joint_grid_transaction,11,11,3,9,3,0.000,1.00,-3.085,False,None,0.000,False
18.432,4,en_route_pickup,3.542,-2.606,0.000,3.500,_joint_stall_recovery,15,11,1,11,4,0.000,1.00,2.563,False,None,0.000,False
18.432,5,idle,-7.000,-0.000,0.000,0.000,None,None,0,0,0,None,0.000,1.00,1.571,False,None,0.000,False
18.432,6,idle,7.000,0.000,0.000,0.000,None,None,0,0,0,None,0.000,1.00,1.571,False,None,0.000,False
18.432,7,idle,-8.500,1.200,0.000,0.000,None,None,0,0,0,None,0.000,1.00,-0.001,False,None,0.000,False
18.432,8,idle,8.500,-1.200,0.000,0.000,None,None,0,0,0,None,0.000,1.00,3.142,False,None,0.000,False
18.944,1,en_route_delivery,-5.125,3.260,-3.000,-1.500,joint_grid_transaction,11,11,3,8,1,0.000,1.00,-0.082,False,None,0.000,False
18.944,2,en_route_pickup,-4.295,-1.119,-1.000,1.500,joint_grid_transaction,11,11,4,9,2,0.000,1.00,1.464,False,None,0.000,False
18.944,3,en_route_pickup,1.665,2.941,-3.000,1.500,joint_grid_transaction,11,11,4,9,3,0.000,1.00,-3.091,False,None,0.000,False
18.944,4,en_route_pickup,3.462,-2.554,0.000,3.500,_joint_stall_recovery,15,11,1,11,4,0.000,1.00,2.561,False,None,0.000,False
18.944,5,idle,-7.000,-0.000,0.000,0.000,None,None,0,0,0,None,0.000,1.00,1.571,False,None,0.000,False
18.944,6,idle,7.000,0.000,0.000,0.000,None,None,0,0,0,None,0.000,1.00,1.571,False,None,0.000,False
18.944,7,idle,-8.500,1.200,0.000,0.000,None,None,0,0,0,None,0.000,1.00,-0.001,False,None,0.000,False
18.944,8,idle,8.500,-1.200,0.000,0.000,None,None,0,0,0,None,0.000,1.00,3.142,False,None,0.000,False
19.456,1,en_route_delivery,-5.048,3.267,-3.000,-1.500,joint_grid_transaction,11,11,3,8,1,0.000,1.00,-0.082,False,None,0.000,False
19.456,2,en_route_pickup,-4.284,-1.024,-1.000,1.500,joint_grid_transaction,11,11,4,9,2,0.000,1.00,1.453,False,None,0.000,False
19.456,3,en_route_pickup,1.602,2.938,-3.000,1.500,joint_grid_transaction,11,11,4,9,3,0.000,1.00,-3.082,False,None,0.000,False
19.456,4,en_route_pickup,3.382,-2.501,0.000,3.500,_joint_stall_recovery,15,11,1,11,4,0.000,1.00,2.560,False,None,0.000,False
19.456,5,idle,-7.000,-0.000,0.000,0.000,None,None,0,0,0,None,0.000,1.00,1.571,False,None,0.000,False
19.456,6,idle,7.000,0.000,0.000,0.000,None,None,0,0,0,None,0.000,1.00,1.571,False,None,0.000,False
19.456,7,idle,-8.500,1.200,0.000,0.000,None,None,0,0,0,None,0.000,1.00,-0.001,False,None,0.000,False
19.456,8,idle,8.500,-1.200,0.000,0.000,None,None,0,0,0,None,0.000,1.00,3.142,False,None,0.000,False
19.968,1,en_route_delivery,-4.975,3.273,-3.000,-1.500,joint_grid_transaction,11,11,3,8,1,0.000,1.00,-0.082,False,None,0.000,False
19.968,2,en_route_pickup,-4.273,-0.930,-1.000,1.500,joint_grid_transaction,11,11,5,9,2,0.000,1.00,1.464,False,None,0.000,False
19.968,3,en_route_pickup,1.544,2.934,-3.000,1.500,joint_grid_transaction,11,11,4,9,3,0.000,1.00,-3.081,False,None,0.000,False
19.968,4,en_route_pickup,3.302,-2.449,0.000,3.500,_joint_stall_recovery,15,11,1,11,4,0.000,1.00,2.559,False,None,0.000,False
19.968,5,idle,-7.000,-0.000,0.000,0.000,None,None,0,0,0,None,0.000,1.00,1.571,False,None,0.000,False
19.968,6,idle,7.000,0.000,0.000,0.000,None,None,0,0,0,None,0.000,1.00,1.571,False,None,0.000,False
19.968,7,idle,-8.500,1.200,0.000,0.000,None,None,0,0,0,None,0.000,1.00,-0.001,False,None,0.000,False
19.968,8,idle,8.500,-1.200,0.000,0.000,None,None,0,0,0,None,0.000,1.00,3.142,False,None,0.000,False
20.480,1,en_route_delivery,-4.902,3.279,-3.000,-1.500,joint_grid_transaction,11,11,4,8,1,0.000,1.00,-0.083,False,None,0.000,False
20.480,2,en_route_pickup,-4.264,-0.841,-1.000,1.500,joint_grid_transaction,11,11,5,9,2,0.000,1.00,1.472,False,None,0.000,False
20.480,3,en_route_pickup,1.497,2.932,-3.000,1.500,joint_grid_transaction,11,11,4,9,3,0.000,1.00,-3.107,False,None,0.000,False
20.480,4,en_route_pickup,3.322,-2.407,0.000,3.500,_joint_stall_recovery,15,11,2,11,4,0.000,1.00,2.201,False,None,0.000,False
20.480,5,idle,-7.000,-0.000,0.000,0.000,None,None,0,0,0,None,0.000,1.00,1.571,False,None,0.000,False
20.480,6,idle,7.000,0.000,0.000,0.000,None,None,0,0,0,None,0.000,1.00,1.571,False,None,0.000,False
20.480,7,idle,-8.500,1.200,0.000,0.000,None,None,0,0,0,None,0.000,1.00,-0.001,False,None,0.000,False
20.480,8,idle,8.500,-1.200,0.000,0.000,None,None,0,0,0,None,0.000,1.00,3.142,False,None,0.000,False
20.992,1,en_route_delivery,-4.831,3.285,-3.000,-1.500,joint_grid_transaction,11,11,4,8,1,0.000,1.00,-0.083,False,None,0.000,False
20.992,2,en_route_pickup,-4.256,-0.755,-1.000,1.500,joint_grid_transaction,11,11,5,9,2,0.000,1.00,1.473,False,None,0.000,False
20.992,3,en_route_pickup,1.449,2.932,-3.000,1.500,joint_grid_transaction,11,11,5,9,3,0.000,1.00,3.125,False,None,0.000,False
20.992,4,en_route_pickup,3.312,-2.356,0.000,3.500,_joint_stall_recovery,15,11,2,11,4,0.000,1.00,1.958,False,None,0.000,False
20.992,5,idle,-7.000,-0.000,0.000,0.000,None,None,0,0,0,None,0.000,1.00,1.571,False,None,0.000,False
20.992,6,idle,7.000,0.000,0.000,0.000,None,None,0,0,0,None,0.000,1.00,1.571,False,None,0.000,False
20.992,7,idle,-8.500,1.200,0.000,0.000,None,None,0,0,0,None,0.000,1.00,-0.001,False,None,0.000,False
20.992,8,idle,8.500,-1.200,0.000,0.000,None,None,0,0,0,None,0.000,1.00,3.142,False,None,0.000,False
21.504,1,en_route_delivery,-4.766,3.290,-3.000,-1.500,joint_grid_transaction,11,11,4,8,1,0.000,1.00,-0.083,False,None,0.000,False
21.504,2,en_route_pickup,-4.248,-0.673,-1.000,1.500,joint_grid_transaction,11,11,6,9,2,0.000,1.00,1.474,False,None,0.000,False
21.504,3,en_route_pickup,1.371,2.935,-3.000,1.500,joint_grid_transaction,11,11,5,9,3,0.000,1.00,3.110,False,None,0.000,False
21.504,4,en_route_pickup,3.314,-2.341,0.000,3.500,_joint_stall_recovery,15,11,3,11,4,0.000,1.00,1.241,False,None,0.000,False
21.504,5,idle,-7.000,-0.000,0.000,0.000,None,None,0,0,0,None,0.000,1.00,1.571,False,None,0.000,False
21.504,6,idle,7.000,0.000,0.000,0.000,None,None,0,0,0,None,0.000,1.00,1.571,False,None,0.000,False
21.504,7,idle,-8.500,1.200,0.000,0.000,None,None,0,0,0,None,0.000,1.00,-0.001,False,None,0.000,False
21.504,8,idle,8.500,-1.200,0.000,0.000,None,None,0,0,0,None,0.000,1.00,3.142,False,None,0.000,False
22.016,1,en_route_delivery,-4.708,3.295,-3.000,-1.500,joint_grid_transaction,11,11,4,8,1,0.000,1.00,-0.085,False,None,0.000,False
22.016,2,en_route_pickup,-4.240,-0.594,-1.000,1.500,joint_grid_transaction,11,11,6,9,2,0.000,1.00,1.475,False,None,0.000,False
22.016,3,en_route_pickup,1.292,2.940,-3.000,1.500,joint_grid_transaction,11,11,5,9,3,0.000,1.00,3.082,False,None,0.000,False
22.016,4,en_route_pickup,3.339,-2.380,0.000,3.500,_joint_stall_recovery,15,11,3,11,4,0.000,1.00,0.811,False,None,0.000,False
22.016,5,idle,-7.000,-0.000,0.000,0.000,None,None,0,0,0,None,0.000,1.00,1.571,False,None,0.000,False
22.016,6,idle,7.000,0.000,0.000,0.000,None,None,0,0,0,None,0.000,1.00,1.571,False,None,0.000,False
22.016,7,idle,-8.500,1.200,0.000,0.000,None,None,0,0,0,None,0.000,1.00,-0.001,False,None,0.000,False
22.016,8,idle,8.500,-1.200,0.000,0.000,None,None,0,0,0,None,0.000,1.00,3.142,False,None,0.000,False
22.528,1,en_route_delivery,-4.641,3.301,-3.000,-1.500,joint_grid_transaction,11,11,5,8,1,0.000,1.00,-0.085,False,None,0.000,False
22.528,2,en_route_pickup,-4.233,-0.519,-1.000,1.500,joint_grid_transaction,11,11,6,9,2,0.000,1.00,1.476,False,None,0.000,False
22.528,3,en_route_pickup,1.209,2.949,-3.000,1.500,joint_grid_transaction,11,11,5,9,3,0.000,1.00,3.032,False,None,0.000,False
22.528,4,en_route_pickup,3.387,-2.367,0.000,3.500,_joint_stall_recovery,15,11,3,11,4,0.000,1.00,0.594,False,None,0.000,False
22.528,5,idle,-7.000,-0.000,0.000,0.000,None,None,0,0,0,None,0.000,1.00,1.571,False,None,0.000,False
22.528,6,idle,7.000,0.000,0.000,0.000,None,None,0,0,0,None,0.000,1.00,1.571,False,None,0.000,False
22.528,7,idle,-8.500,1.200,0.000,0.000,None,None,0,0,0,None,0.000,1.00,-0.001,False,None,0.000,False
22.528,8,idle,8.500,-1.200,0.000,0.000,None,None,0,0,0,None,0.000,1.00,3.142,False,None,0.000,False
23.040,1,en_route_delivery,-4.580,3.305,-3.000,-1.500,joint_grid_transaction,18,18,2,9,1,0.000,1.00,-0.077,False,None,0.000,False
23.040,2,en_route_pickup,-4.226,-0.448,-1.000,1.500,joint_grid_transaction,18,18,1,9,2,0.000,1.00,1.476,False,None,0.000,False
23.040,3,en_route_pickup,1.115,2.960,-3.000,1.500,joint_grid_transaction,18,18,2,9,3,0.000,1.00,3.028,False,None,0.000,False
23.040,4,en_route_pickup,3.427,-2.370,0.000,3.500,joint_grid_transaction,18,18,2,9,4,0.000,1.00,0.070,False,None,0.000,False
23.040,5,idle,-7.000,-0.000,0.000,0.000,None,None,0,0,0,None,0.000,1.00,1.571,False,None,0.000,False
23.040,6,idle,7.000,0.000,0.000,0.000,None,None,0,0,0,None,0.000,1.00,1.571,False,None,0.000,False
23.040,7,idle,-8.500,1.200,0.000,0.000,None,None,0,0,0,None,0.000,1.00,-0.001,False,None,0.000,False
23.040,8,idle,8.500,-1.200,0.000,0.000,None,None,0,0,0,None,0.000,1.00,3.142,False,None,0.000,False
23.552,1,en_route_delivery,-4.523,3.310,-3.000,-1.500,joint_grid_transaction,18,18,2,9,1,0.000,1.00,-0.077,False,None,0.000,False
23.552,2,en_route_pickup,-4.219,-0.376,-1.000,1.500,joint_grid_transaction,18,18,2,9,2,0.000,1.00,1.477,False,None,0.000,False
23.552,3,en_route_pickup,1.020,2.970,-3.000,1.500,joint_grid_transaction,18,18,2,9,3,0.000,1.00,3.030,False,None,0.000,False
23.552,4,en_route_pickup,3.466,-2.379,0.000,3.500,joint_grid_transaction,18,18,2,9,4,0.000,1.00,0.140,False,None,0.000,False
23.552,5,en_route_pickup,-7.000,-0.000,1.000,1.500,None,None,0,0,3,5,0.000,1.00,1.571,False,None,0.000,False
23.552,6,idle,7.000,0.000,0.000,0.000,None,None,0,0,0,None,0.000,1.00,1.571,False,None,0.000,False
23.552,7,returning_home,-8.500,1.200,-7.000,0.000,None,None,0,0,2,None,0.000,1.00,-0.001,False,None,0.000,False
23.552,8,idle,8.500,-1.200,0.000,0.000,None,None,0,0,0,None,0.000,1.00,3.142,False,None,0.000,False
24.064,1,en_route_delivery,-4.480,3.312,-3.000,-1.500,joint_grid_transaction,18,18,2,9,1,0.000,1.00,-0.033,False,None,0.000,False
24.064,2,en_route_pickup,-4.213,-0.308,-1.000,1.500,joint_grid_transaction,18,18,2,9,2,0.000,1.00,1.478,False,None,0.000,False
24.064,3,en_route_pickup,0.927,2.981,-3.000,1.500,joint_grid_transaction,18,18,3,9,3,0.000,1.00,3.041,False,None,0.000,False
24.064,4,en_route_pickup,3.545,-2.401,0.000,3.500,joint_grid_transaction,18,18,2,9,4,0.000,1.00,0.263,False,None,0.000,False
24.064,5,en_route_pickup,-7.000,-0.000,1.000,1.500,None,None,0,0,3,5,0.000,1.00,1.571,False,None,0.000,False
24.064,6,idle,7.000,0.000,0.000,0.000,None,None,0,0,0,None,0.000,1.00,1.571,False,None,0.000,False
24.064,7,returning_home,-8.500,1.200,-7.000,0.000,None,None,0,0,2,None,0.000,1.00,-0.001,False,None,0.000,False
24.064,8,idle,8.500,-1.200,0.000,0.000,None,None,0,0,0,None,0.000,1.00,3.142,False,None,0.000,False
24.576,1,en_route_delivery,-4.473,3.309,-3.000,-1.500,joint_grid_transaction,18,18,3,9,1,0.000,1.00,-0.373,False,None,0.000,False
24.576,2,en_route_pickup,-4.207,-0.247,-1.000,1.500,joint_grid_transaction,18,18,2,9,2,0.000,1.00,1.479,False,None,0.000,False
24.576,3,en_route_pickup,0.841,2.989,-3.000,1.500,joint_grid_transaction,18,18,3,9,3,0.000,1.00,3.042,False,None,0.000,False
24.576,4,en_route_pickup,3.637,-2.425,0.000,3.500,joint_grid_transaction,18,18,3,9,4,0.000,1.00,0.236,False,None,0.000,False
24.576,5,en_route_pickup,-7.000,-0.000,1.000,1.500,None,None,0,0,3,5,0.000,1.00,1.571,False,None,0.000,False
24.576,6,idle,7.000,0.000,0.000,0.000,None,None,0,0,0,None,0.000,1.00,1.571,False,None,0.000,False
24.576,7,returning_home,-8.500,1.200,-7.000,0.000,None,None,0,0,2,None,0.000,1.00,-0.001,False,None,0.000,False
24.576,8,idle,8.500,-1.200,0.000,0.000,None,None,0,0,0,None,0.000,1.00,3.142,False,None,0.000,False
25.088,1,en_route_delivery,-4.474,3.283,-3.000,-1.500,joint_grid_transaction,18,18,3,9,1,0.000,1.00,-0.674,False,None,0.000,False
25.088,2,en_route_pickup,-4.202,-0.188,-1.000,1.500,joint_grid_transaction,18,18,3,9,2,0.000,1.00,1.477,False,None,0.000,False
25.088,3,en_route_pickup,0.757,2.998,-3.000,1.500,joint_grid_transaction,18,18,3,9,3,0.000,1.00,3.043,False,None,0.000,False
25.088,4,en_route_pickup,3.730,-2.446,0.000,3.500,joint_grid_transaction,18,18,3,9,4,0.000,1.00,0.213,False,None,0.000,False
25.088,5,en_route_pickup,-7.000,-0.000,1.000,1.500,None,None,0,0,3,5,0.000,1.00,1.571,False,None,0.000,False
25.088,6,idle,7.000,0.000,0.000,0.000,None,None,0,0,0,None,0.000,1.00,1.571,False,None,0.000,False
25.088,7,returning_home,-8.500,1.200,-7.000,0.000,None,None,0,0,2,None,0.000,1.00,-0.001,False,None,0.000,False
25.088,8,idle,8.500,-1.200,0.000,0.000,None,None,0,0,0,None,0.000,1.00,3.142,False,None,0.000,False
25.600,1,en_route_delivery,-4.406,3.218,-3.000,-1.500,joint_grid_transaction,18,18,3,9,1,0.000,1.00,-0.839,False,None,0.000,False
25.600,2,en_route_pickup,-4.196,-0.125,-1.000,1.500,joint_grid_transaction,18,18,3,9,2,0.000,1.00,1.478,False,None,0.000,False
25.600,3,en_route_pickup,0.676,3.005,-3.000,1.500,joint_grid_transaction,18,18,4,9,3,0.000,1.00,3.045,False,None,0.000,False
25.600,4,en_route_pickup,3.823,-2.465,0.000,3.500,joint_grid_transaction,18,18,4,9,4,0.000,1.00,0.165,False,None,0.000,False
25.600,5,en_route_pickup,-7.000,-0.000,1.000,1.500,None,None,0,0,3,5,0.000,1.00,1.571,False,None,0.000,False
25.600,6,idle,7.000,0.000,0.000,0.000,None,None,0,0,0,None,0.000,1.00,1.571,False,None,0.000,False
25.600,7,returning_home,-8.500,1.200,-7.000,0.000,None,None,0,0,2,None,0.000,1.00,-0.001,False,None,0.000,False
25.600,8,idle,8.500,-1.200,0.000,0.000,None,None,0,0,0,None,0.000,1.00,3.142,False,None,0.000,False
26.112,1,en_route_delivery,-4.375,3.166,-3.000,-1.500,joint_grid_transaction,19,18,4,8,1,0.000,1.00,-0.985,False,None,0.000,False
26.112,2,en_route_pickup,-4.191,-0.067,-1.000,1.500,joint_grid_transaction,19,18,3,8,2,0.000,1.00,1.478,False,None,0.000,False
26.112,3,en_route_pickup,0.598,3.013,-3.000,1.500,joint_grid_transaction,19,18,4,9,3,0.000,1.00,3.049,False,None,0.000,False
26.112,4,en_route_pickup,3.917,-2.477,0.000,3.500,joint_grid_transaction,19,18,4,9,4,0.000,1.00,0.113,False,None,0.000,False
26.112,5,en_route_pickup,-7.000,-0.000,1.000,1.500,joint_grid_transaction,19,0,0,9,5,0.000,1.00,1.565,False,None,0.000,False
26.112,6,en_route_pickup,7.000,0.000,-1.000,-1.500,None,None,0,0,4,6,0.000,1.00,1.571,False,None,0.000,False
26.112,7,returning_home,-8.499,1.200,-7.000,0.000,joint_grid_transaction,19,0,0,9,None,0.000,1.00,-0.002,False,None,0.000,False
26.112,8,returning_home,8.500,-1.200,7.000,0.000,None,None,0,0,2,None,0.000,1.00,3.142,False,None,0.000,False
26.624,1,en_route_delivery,-4.375,3.166,-3.000,-1.500,joint_grid_transaction,19,19,1,8,1,0.000,1.00,-0.985,False,joint_slot_deadline,27.284,False
26.624,2,en_route_pickup,-4.187,-0.020,-1.000,1.500,joint_grid_transaction,19,19,1,8,2,0.000,1.00,1.505,False,None,0.000,False
26.624,3,en_route_pickup,0.524,3.020,-3.000,1.500,joint_grid_transaction,19,19,2,9,3,0.000,1.00,3.050,False,None,0.000,False
26.624,4,en_route_pickup,4.005,-2.487,0.000,3.500,joint_grid_transaction,19,19,2,9,4,0.000,1.00,0.109,False,None,0.000,False
26.624,5,en_route_pickup,-6.983,-0.036,1.000,1.500,joint_grid_transaction,19,19,1,9,5,0.000,1.00,0.911,False,None,0.000,False
26.624,6,en_route_pickup,7.000,0.000,-1.000,-1.500,None,None,0,0,4,6,0.000,1.00,1.571,False,None,0.000,False
26.624,7,returning_home,-8.429,1.200,-7.000,0.000,joint_grid_transaction,19,19,2,9,None,0.000,1.00,0.001,False,None,0.000,False
26.624,8,returning_home,8.500,-1.200,7.000,0.000,None,None,0,0,2,None,0.000,1.00,3.142,False,None,0.000,False
27.136,1,en_route_delivery,-4.373,3.164,-3.000,-1.500,joint_grid_transaction,20,19,1,9,1,0.000,1.00,-0.981,False,joint_slot_deadline,27.284,False
27.136,2,en_route_pickup,-4.186,0.023,-1.000,1.500,joint_grid_transaction,20,19,1,9,2,0.000,1.00,1.548,False,None,0.000,False
27.136,3,en_route_pickup,0.466,3.025,-3.000,1.500,joint_grid_transaction,20,19,2,9,3,0.000,1.00,3.049,False,joint_slot_deadline,27.284,False
27.136,4,en_route_pickup,4.033,-2.490,0.000,3.500,joint_grid_transaction,20,19,2,9,4,0.000,1.00,0.100,False,joint_slot_deadline,27.284,False
27.136,5,en_route_pickup,-6.945,-0.071,1.000,1.500,joint_grid_transaction,20,19,2,9,5,0.000,1.00,0.577,False,None,0.000,False
27.136,6,en_route_pickup,7.000,0.000,-1.000,-1.500,joint_grid_transaction,20,0,0,9,6,0.000,1.00,1.588,False,None,0.000,False
27.136,7,returning_home,-8.352,1.200,-7.000,0.000,joint_grid_transaction,20,19,2,9,None,0.000,1.00,0.007,False,None,0.000,False
27.136,8,returning_home,8.498,-1.200,7.000,0.000,joint_grid_transaction,20,0,0,9,None,0.000,1.00,3.142,False,None,0.000,False
27.648,1,en_route_delivery,-4.333,3.085,-3.000,-1.500,joint_grid_transaction,20,20,2,9,1,0.000,1.00,-1.186,False,None,0.000,False
27.648,2,en_route_pickup,-4.186,0.085,-1.000,1.500,joint_grid_transaction,20,20,2,9,2,0.000,1.00,1.572,False,None,0.000,False
27.648,3,en_route_pickup,0.394,3.032,-3.000,1.500,joint_grid_transaction,20,20,2,9,3,0.000,1.00,3.046,False,None,0.000,False
27.648,4,en_route_pickup,4.017,-2.484,0.000,3.500,joint_grid_transaction,20,20,2,9,4,0.000,1.00,0.452,False,None,0.000,False
27.648,5,en_route_pickup,-6.888,-0.056,1.000,1.500,joint_grid_transaction,20,20,2,9,5,0.000,1.00,0.341,False,None,0.000,False
27.648,6,en_route_pickup,6.981,0.038,-1.000,-1.500,joint_grid_transaction,20,20,1,9,6,0.000,1.00,2.245,False,None,0.000,False
27.648,7,returning_home,-8.277,1.201,-7.000,0.000,joint_grid_transaction,20,20,2,9,None,0.000,1.00,0.014,False,None,0.000,False
27.648,8,returning_home,8.426,-1.200,7.000,0.000,joint_grid_transaction,20,20,2,9,None,0.000,1.00,-3.141,False,None,0.000,False
28.160,1,en_route_delivery,-4.302,2.995,-3.000,-1.500,joint_grid_transaction,20,20,2,9,1,0.000,1.00,-1.290,False,None,0.000,False
28.160,2,en_route_pickup,-4.186,0.157,-1.000,1.500,joint_grid_transaction,20,20,2,9,2,0.000,1.00,1.574,False,None,0.000,False
28.160,3,en_route_pickup,0.327,3.039,-3.000,1.500,joint_grid_transaction,20,20,2,9,3,0.000,1.00,3.047,False,None,0.000,False
28.160,4,en_route_pickup,4.079,-2.438,0.000,3.500,joint_grid_transaction,20,20,2,9,4,0.000,1.00,0.675,False,None,0.000,False
28.160,5,en_route_pickup,-6.797,-0.032,1.000,1.500,joint_grid_transaction,20,20,2,9,5,0.000,1.00,0.199,False,None,0.000,False
28.160,6,en_route_pickup,6.945,0.073,-1.000,-1.500,joint_grid_transaction,20,20,2,9,6,0.000,1.00,2.576,False,None,0.000,False
28.160,7,returning_home,-8.214,1.203,-7.000,0.000,joint_grid_transaction,20,20,2,9,None,0.000,1.00,0.025,False,None,0.000,False
28.160,8,returning_home,8.349,-1.200,7.000,0.000,joint_grid_transaction,20,20,2,9,None,0.000,1.00,-3.141,False,None,0.000,False
28.672,1,en_route_delivery,-4.281,2.903,-3.000,-1.500,joint_grid_transaction,20,20,3,9,1,0.000,1.00,-1.398,False,None,0.000,False
28.672,2,en_route_pickup,-4.187,0.224,-1.000,1.500,joint_grid_transaction,20,20,2,9,2,0.000,1.00,1.578,False,None,0.000,False
28.672,3,en_route_pickup,0.266,3.044,-3.000,1.500,joint_grid_transaction,20,20,2,9,3,0.000,1.00,3.048,False,None,0.000,False
28.672,4,en_route_pickup,4.094,-2.399,0.000,3.500,joint_grid_transaction,20,20,3,9,4,0.000,1.00,0.895,False,None,0.000,False
28.672,5,en_route_pickup,-6.703,-0.017,1.000,1.500,joint_grid_transaction,20,20,3,9,5,0.000,1.00,0.125,False,None,0.000,False
28.672,6,en_route_pickup,6.887,0.057,-1.000,-1.500,joint_grid_transaction,20,20,2,9,6,0.000,1.00,2.806,False,None,0.000,False
28.672,7,returning_home,-8.154,1.206,-7.000,0.000,joint_grid_transaction,20,20,3,9,None,0.000,1.00,0.039,False,None,0.000,False
28.672,8,returning_home,8.276,-1.200,7.000,0.000,joint_grid_transaction,20,20,2,9,None,0.000,1.00,-3.140,False,None,0.000,False
29.184,1,en_route_delivery,-4.268,2.808,-3.000,-1.500,joint_grid_transaction,20,20,3,9,1,0.000,1.00,-1.466,False,None,0.000,False
29.184,2,en_route_pickup,-4.188,0.285,-1.000,1.500,joint_grid_transaction,20,20,2,9,2,0.000,1.00,1.586,False,None,0.000,False
29.184,3,en_route_pickup,0.215,3.049,-3.000,1.500,joint_grid_transaction,20,20,2,9,3,0.000,1.00,3.065,False,None,0.000,False
29.184,4,en_route_pickup,4.140,-2.324,0.000,3.500,joint_grid_transaction,20,20,3,9,4,0.000,1.00,1.100,False,None,0.000,False
29.184,5,en_route_pickup,-6.612,-0.008,1.000,1.500,joint_grid_transaction,20,20,3,9,5,0.000,1.00,0.087,False,None,0.000,False
29.184,6,en_route_pickup,6.795,0.033,-1.000,-1.500,joint_grid_transaction,20,20,2,9,6,0.000,1.00,2.942,False,None,0.000,False
29.184,7,returning_home,-8.063,1.211,-7.000,0.000,joint_grid_transaction,20,20,3,9,None,0.000,1.00,0.068,False,None,0.000,False
29.184,8,returning_home,8.209,-1.200,7.000,0.000,joint_grid_transaction,20,20,2,9,None,0.000,1.00,-3.138,False,None,0.000,False
29.696,1,en_route_delivery,-4.259,2.718,-3.000,-1.500,joint_grid_transaction,20,20,3,9,1,0.000,1.00,-1.476,False,None,0.000,False
29.696,2,en_route_pickup,-4.190,0.364,-1.000,1.500,joint_grid_transaction,20,20,3,9,2,0.000,1.00,1.599,False,None,0.000,False
29.696,3,en_route_pickup,0.150,3.054,-3.000,1.500,joint_grid_transaction,20,20,3,9,3,0.000,1.00,3.062,False,None,0.000,False
29.696,4,en_route_pickup,4.178,-2.237,0.000,3.500,joint_grid_transaction,20,20,3,9,4,0.000,1.00,1.204,False,None,0.000,False
29.696,5,en_route_pickup,-6.528,-0.000,1.000,1.500,joint_grid_transaction,20,20,3,9,5,0.000,1.00,0.086,False,None,0.000,False
29.696,6,en_route_pickup,6.701,0.017,-1.000,-1.500,joint_grid_transaction,20,20,3,9,6,0.000,1.00,3.017,False,None,0.000,False
29.696,7,returning_home,-7.968,1.219,-7.000,0.000,joint_grid_transaction,20,20,3,9,None,0.000,1.00,0.109,False,None,0.000,False
29.696,8,returning_home,8.129,-1.201,7.000,0.000,joint_grid_transaction,20,20,3,9,None,0.000,1.00,-3.135,False,None,0.000,False
30.208,1,en_route_delivery,-4.251,2.635,-3.000,-1.500,joint_grid_transaction,20,20,4,9,1,0.000,1.00,-1.477,False,None,0.000,False
30.208,2,en_route_pickup,-4.195,0.445,-1.000,1.500,joint_grid_transaction,20,20,3,9,2,0.000,1.00,1.624,False,None,0.000,False
30.208,3,en_route_pickup,0.088,3.059,-3.000,1.500,joint_grid_transaction,20,20,3,9,3,0.000,1.00,3.062,False,None,0.000,False
30.208,4,en_route_pickup,4.206,-2.147,0.000,3.500,joint_grid_transaction,20,20,4,9,4,0.000,1.00,1.340,False,None,0.000,False
30.208,5,en_route_pickup,-6.446,0.007,1.000,1.500,joint_grid_transaction,20,20,4,9,5,0.000,1.00,0.086,False,None,0.000,False
30.208,6,en_route_pickup,6.610,0.008,-1.000,-1.500,joint_grid_transaction,20,20,3,9,6,0.000,1.00,3.055,False,None,0.000,False
30.208,7,returning_home,-7.879,1.229,-7.000,0.000,joint_grid_transaction,20,20,4,9,None,0.000,1.00,0.106,False,None,0.000,False
30.208,8,returning_home,8.052,-1.202,7.000,0.000,joint_grid_transaction,20,20,3,9,None,0.000,1.00,-3.129,False,None,0.000,False
30.720,1,en_route_delivery,-4.244,2.554,-3.000,-1.500,joint_grid_transaction,20,20,4,9,1,0.000,1.00,-1.478,False,None,0.000,False
30.720,2,en_route_pickup,-4.202,0.529,-1.000,1.500,joint_grid_transaction,20,20,3,9,2,0.000,1.00,1.668,False,None,0.000,False
30.720,3,en_route_pickup,0.033,3.063,-3.000,1.500,joint_grid_transaction,20,20,3,9,3,0.000,1.00,3.062,False,None,0.000,False
30.720,4,en_route_pickup,4.223,-2.054,0.000,3.500,joint_grid_transaction,20,20,4,9,4,0.000,1.00,1.427,False,None,0.000,False
30.720,5,en_route_pickup,-6.367,0.013,1.000,1.500,joint_grid_transaction,20,20,4,9,5,0.000,1.00,0.086,False,None,0.000,False
30.720,6,en_route_pickup,6.525,0.001,-1.000,-1.500,joint_grid_transaction,20,20,3,9,6,0.000,1.00,3.055,False,None,0.000,False
30.720,7,returning_home,-7.792,1.238,-7.000,0.000,joint_grid_transaction,20,20,4,9,None,0.000,1.00,0.105,False,None,0.000,False
30.720,8,returning_home,7.977,-1.204,7.000,0.000,joint_grid_transaction,20,20,3,9,None,0.000,1.00,-3.117,False,None,0.000,False
31.232,1,en_route_delivery,-4.237,2.477,-3.000,-1.500,joint_grid_transaction,21,21,1,9,1,0.000,1.00,-1.479,False,None,0.000,False
31.232,2,en_route_pickup,-4.212,0.621,-1.000,1.500,joint_grid_transaction,21,21,2,9,2,0.000,1.00,1.682,False,None,0.000,False
31.232,3,en_route_pickup,-0.010,3.065,-3.000,1.500,joint_grid_transaction,21,21,1,9,3,0.000,1.00,3.104,False,None,0.000,False
31.232,4,en_route_pickup,4.235,-1.959,0.000,3.500,joint_grid_transaction,21,21,2,9,4,0.000,1.00,1.469,False,None,0.000,False
31.232,5,en_route_pickup,-6.291,0.020,1.000,1.500,joint_grid_transaction,21,21,1,8,5,0.000,1.00,0.085,False,None,0.000,False
31.232,6,en_route_pickup,6.444,-0.006,-1.000,-1.500,joint_grid_transaction,21,21,2,9,6,0.000,1.00,3.055,False,None,0.000,False
31.232,7,returning_home,-7.708,1.247,-7.000,0.000,joint_grid_transaction,21,21,2,9,None,0.000,1.00,0.103,False,None,0.000,False
31.232,8,returning_home,7.892,-1.208,7.000,0.000,joint_grid_transaction,21,21,2,9,None,0.000,1.00,-3.095,False,None,0.000,False
31.744,1,en_route_delivery,-4.241,2.481,-3.000,-1.500,joint_grid_transaction,21,21,2,9,1,0.000,1.00,-2.002,False,None,0.000,False
31.744,2,en_route_pickup,-4.223,0.715,-1.000,1.500,joint_grid_transaction,21,21,2,9,2,0.000,1.00,1.680,False,None,0.000,False
31.744,3,en_route_pickup,-0.062,3.065,-3.000,1.500,joint_grid_transaction,21,21,2,9,3,0.000,1.00,-3.137,False,None,0.000,False
31.744,4,en_route_pickup,4.243,-1.872,0.000,3.500,joint_grid_transaction,21,21,2,9,4,0.000,1.00,1.478,False,None,0.000,False
31.744,5,en_route_pickup,-6.221,0.026,1.000,1.500,joint_grid_transaction,21,21,1,8,5,0.000,1.00,0.085,False,None,0.000,False
31.744,6,en_route_pickup,6.364,-0.013,-1.000,-1.500,joint_grid_transaction,21,21,2,9,6,0.000,1.00,3.055,False,None,0.000,False
31.744,7,returning_home,-7.628,1.255,-7.000,0.000,joint_grid_transaction,21,21,2,9,None,0.000,1.00,0.101,False,None,0.000,False
31.744,8,returning_home,7.799,-1.214,7.000,0.000,joint_grid_transaction,21,21,2,9,None,0.000,1.00,-3.060,False,None,0.000,False
32.256,1,en_route_delivery,-4.280,2.443,-3.000,-1.500,joint_grid_transaction,21,21,2,9,1,0.000,1.00,-2.247,False,None,0.000,False
32.256,2,en_route_pickup,-4.230,0.782,-1.000,1.500,joint_grid_transaction,21,21,2,9,2,0.000,1.00,1.679,False,joint_slot_deadline,32.308,False
32.256,3,en_route_pickup,-0.136,3.064,-3.000,1.500,joint_grid_transaction,21,21,2,9,3,0.000,1.00,-3.132,False,None,0.000,False
32.256,4,en_route_pickup,4.251,-1.789,0.000,3.500,joint_grid_transaction,21,21,2,9,4,0.000,1.00,1.479,False,None,0.000,False
32.256,5,en_route_pickup,-6.217,0.026,1.000,1.500,joint_grid_transaction,21,21,1,8,5,0.000,1.00,0.085,False,joint_slot_deadline,32.308,False
32.256,6,en_route_pickup,6.289,-0.019,-1.000,-1.500,joint_grid_transaction,21,21,2,9,6,0.000,1.00,3.056,False,None,0.000,False
32.256,7,returning_home,-7.579,1.259,-7.000,0.000,_joint_stall_recovery,22,21,2,4,None,0.000,1.00,0.194,False,None,0.000,False
32.256,8,returning_home,7.715,-1.222,7.000,0.000,joint_grid_transaction,21,21,2,9,None,0.000,1.00,-3.033,False,None,0.000,False
32.768,1,en_route_delivery,-4.335,2.390,-3.000,-1.500,joint_grid_transaction,21,21,2,9,1,0.000,1.00,-2.427,False,None,0.000,False
32.768,2,en_route_pickup,-4.238,0.853,-1.000,1.500,joint_grid_transaction,21,21,3,9,2,0.000,1.00,1.681,False,None,0.000,False
32.768,3,en_route_pickup,-0.207,3.062,-3.000,1.500,joint_grid_transaction,21,21,2,9,3,0.000,1.00,-3.122,False,None,0.000,False
32.768,4,en_route_pickup,4.258,-1.710,0.000,3.500,joint_grid_transaction,21,21,2,9,4,0.000,1.00,1.479,False,None,0.000,False
32.768,5,en_route_pickup,-6.190,0.031,1.000,1.500,_joint_stall_recovery,23,21,2,6,5,0.000,1.00,0.282,False,None,0.000,False
32.768,6,en_route_pickup,6.219,-0.025,-1.000,-1.500,joint_grid_transaction,21,21,2,9,6,0.000,1.00,3.056,False,None,0.000,False
32.768,7,returning_home,-7.619,1.237,-7.000,0.000,_joint_stall_recovery,22,21,2,4,None,0.000,1.00,0.721,False,None,0.000,False
32.768,8,returning_home,7.642,-1.231,7.000,0.000,joint_grid_transaction,21,21,3,9,None,0.000,1.00,-3.031,False,None,0.000,False
33.280,1,en_route_delivery,-4.393,2.366,-3.000,-1.500,joint_grid_transaction,21,21,3,9,1,0.000,1.00,-2.646,False,None,0.000,False
33.280,2,en_route_pickup,-4.247,0.936,-1.000,1.500,joint_grid_transaction,21,21,3,9,2,0.000,1.00,1.677,False,None,0.000,False
33.280,3,en_route_pickup,-0.276,3.059,-3.000,1.500,joint_grid_transaction,21,21,2,9,3,0.000,1.00,-3.102,False,None,0.000,False
33.280,4,en_route_pickup,4.265,-1.632,0.000,3.500,joint_grid_transaction,21,21,3,9,4,0.000,1.00,1.480,False,None,0.000,False
33.280,5,en_route_pickup,-6.160,0.058,1.000,1.500,_joint_stall_recovery,23,21,2,6,5,0.000,1.00,0.549,False,None,0.000,False
33.280,6,en_route_pickup,6.146,-0.032,-1.000,-1.500,joint_grid_transaction,21,21,3,9,6,0.000,1.00,3.055,False,None,0.000,False
33.280,7,returning_home,-7.628,1.200,-7.000,0.000,_joint_stall_recovery,22,21,2,4,None,0.000,1.00,0.949,False,None,0.000,False
33.280,8,returning_home,7.556,-1.240,7.000,0.000,joint_grid_transaction,21,21,3,9,None,0.000,1.00,-3.035,False,None,0.000,False
33.792,1,en_route_delivery,-4.479,2.327,-3.000,-1.500,joint_grid_transaction,21,21,3,9,1,0.000,1.00,-2.777,False,None,0.000,False
33.792,2,en_route_pickup,-4.256,1.015,-1.000,1.500,joint_grid_transaction,21,21,3,9,2,0.000,1.00,1.675,False,None,0.000,False
33.792,3,en_route_pickup,-0.362,3.053,-3.000,1.500,joint_grid_transaction,21,21,3,9,3,0.000,1.00,-3.070,False,None,0.000,False
33.792,4,en_route_pickup,4.272,-1.557,0.000,3.500,joint_grid_transaction,21,21,3,9,4,0.000,1.00,1.481,False,None,0.000,False
33.792,5,en_route_pickup,-6.082,0.112,1.000,1.500,_joint_stall_recovery,23,21,2,6,5,0.000,1.00,0.665,False,None,0.000,False
33.792,6,en_route_pickup,6.078,-0.038,-1.000,-1.500,joint_grid_transaction,21,21,3,9,6,0.000,1.00,3.055,False,None,0.000,False
33.792,7,returning_home,-7.580,1.119,-7.000,0.000,_joint_stall_recovery,22,21,2,4,None,0.000,1.00,1.112,False,None,0.000,False
33.792,8,returning_home,7.473,-1.249,7.000,0.000,joint_grid_transaction,21,21,3,9,None,0.000,1.00,-3.037,False,None,0.000,False
34.304,1,en_route_delivery,-4.569,2.297,-3.000,-1.500,joint_grid_transaction,21,21,4,9,1,0.000,1.00,-2.885,False,None,0.000,False
34.304,2,en_route_pickup,-4.264,1.092,-1.000,1.500,joint_grid_transaction,21,21,4,9,2,0.000,1.00,1.674,False,None,0.000,False
34.304,3,en_route_pickup,-0.456,3.044,-3.000,1.500,joint_grid_transaction,21,21,3,9,3,0.000,1.00,-3.026,False,None,0.000,False
34.304,4,en_route_pickup,4.278,-1.489,0.000,3.500,joint_grid_transaction,21,21,3,9,4,0.000,1.00,1.481,False,None,0.000,False
34.304,5,en_route_pickup,-6.009,0.173,1.000,1.500,_joint_stall_recovery,23,21,2,6,5,0.000,1.00,0.707,False,None,0.000,False
34.304,6,en_route_pickup,6.015,-0.043,-1.000,-1.500,joint_grid_transaction,21,21,3,9,6,0.000,1.00,3.055,False,None,0.000,False
34.304,7,returning_home,-7.541,1.032,-7.000,0.000,_joint_stall_recovery,22,21,2,4,None,0.000,1.00,1.176,False,None,0.000,False
34.304,8,returning_home,7.394,-1.257,7.000,0.000,joint_grid_transaction,21,21,4,9,None,0.000,1.00,-3.038,False,None,0.000,False
34.816,1,en_route_delivery,-4.662,2.279,-3.000,-1.500,joint_grid_transaction,21,21,4,9,1,0.000,1.00,-2.989,False,None,0.000,False
34.816,2,en_route_pickup,-4.271,1.165,-1.000,1.500,joint_grid_transaction,21,21,4,9,2,0.000,1.00,1.673,False,None,0.000,False
34.816,3,en_route_pickup,-0.550,3.032,-3.000,1.500,joint_grid_transaction,21,21,4,9,3,0.000,1.00,-3.012,False,None,0.000,False
34.816,4,en_route_pickup,4.285,-1.420,0.000,3.500,joint_grid_transaction,21,21,4,9,4,0.000,1.00,1.479,False,None,0.000,False
34.816,5,en_route_pickup,-5.937,0.236,1.000,1.500,_joint_stall_recovery,23,21,2,6,5,0.000,1.00,0.723,False,None,0.000,False
34.816,6,en_route_pickup,5.960,-0.048,-1.000,-1.500,joint_grid_transaction,21,21,3,9,6,0.000,1.00,3.060,False,None,0.000,False
34.816,7,returning_home,-7.506,0.943,-7.000,0.000,_joint_stall_recovery,22,21,2,4,None,0.000,1.00,1.202,False,None,0.000,False
34.816,8,returning_home,7.371,-1.267,7.000,0.000,_joint_stall_recovery,25,21,1,7,None,0.000,1.00,-2.692,False,None,0.000,False
35.328,1,en_route_delivery,-4.756,2.267,-3.000,-1.500,joint_grid_transaction,21,21,4,9,1,0.000,1.00,-3.037,False,None,0.000,False
35.328,2,en_route_pickup,-4.278,1.234,-1.000,1.500,joint_grid_transaction,21,21,4,9,2,0.000,1.00,1.671,False,None,0.000,False
35.328,3,en_route_pickup,-0.644,3.022,-3.000,1.500,joint_grid_transaction,21,21,4,9,3,0.000,1.00,-3.044,False,None,0.000,False
35.328,4,en_route_pickup,4.291,-1.352,0.000,3.500,joint_grid_transaction,21,21,4,9,4,0.000,1.00,1.480,False,None,0.000,False
35.328,5,en_route_pickup,-5.865,0.299,1.000,1.500,_joint_stall_recovery,23,21,2,6,5,0.000,1.00,0.729,False,None,0.000,False
35.328,6,en_route_pickup,5.937,-0.052,-1.000,-1.500,_joint_stall_recovery,27,21,2,6,6,0.000,1.00,2.830,False,None,0.000,False
35.328,7,returning_home,-7.472,0.854,-7.000,0.000,_joint_stall_recovery,22,21,2,4,None,0.000,1.00,1.212,False,None,0.000,False
35.328,8,returning_home,7.383,-1.273,7.000,0.000,_joint_stall_recovery,25,21,3,7,None,0.000,1.00,-2.573,False,None,0.000,False
35.840,1,en_route_delivery,-4.844,2.258,-3.000,-1.500,joint_grid_transaction,21,21,5,9,1,0.000,1.00,-3.046,False,None,0.000,False
35.840,2,en_route_pickup,-4.285,1.298,-1.000,1.500,joint_grid_transaction,21,21,4,9,2,0.000,1.00,1.672,False,None,0.000,False
35.840,3,en_route_pickup,-0.733,3.013,-3.000,1.500,joint_grid_transaction,21,21,4,9,3,0.000,1.00,-3.045,False,None,0.000,False
35.840,4,en_route_pickup,4.296,-1.290,0.000,3.500,joint_grid_transaction,21,21,4,9,4,0.000,1.00,1.481,False,None,0.000,False
35.840,5,en_route_pickup,-5.794,0.363,1.000,1.500,_joint_stall_recovery,23,21,2,6,5,0.000,1.00,0.731,False,None,0.000,False
35.840,6,en_route_pickup,5.894,-0.084,-1.000,-1.500,_joint_stall_recovery,27,21,2,6,6,0.000,1.00,2.587,False,None,0.000,False
35.840,7,returning_home,-7.439,0.764,-7.000,0.000,_joint_stall_recovery,22,21,2,4,None,0.000,1.00,1.216,False,None,0.000,False
35.840,8,returning_home,7.357,-1.258,7.000,0.000,_joint_stall_recovery,25,21,3,7,None,0.000,1.00,2.973,False,None,0.000,False
36.352,1,en_route_delivery,-4.927,2.250,-3.000,-1.500,joint_grid_transaction,21,21,5,9,1,0.000,1.00,-3.047,False,None,0.000,False
36.352,2,en_route_pickup,-4.291,1.365,-1.000,1.500,joint_grid_transaction,21,21,5,9,2,0.000,1.00,1.671,False,None,0.000,False
36.352,3,en_route_pickup,-0.819,3.005,-3.000,1.500,joint_grid_transaction,21,21,5,9,3,0.000,1.00,-3.046,False,None,0.000,False
36.352,4,en_route_pickup,4.301,-1.236,0.000,3.500,joint_grid_transaction,21,21,4,9,4,0.000,1.00,1.487,False,None,0.000,False
36.352,5,en_route_pickup,-5.723,0.427,1.000,1.500,_joint_stall_recovery,23,21,2,6,5,0.000,1.00,0.731,False,None,0.000,False
36.352,6,en_route_pickup,5.816,-0.138,-1.000,-1.500,_joint_stall_recovery,27,21,2,6,6,0.000,1.00,2.484,False,None,0.000,False
36.352,7,returning_home,-7.405,0.674,-7.000,0.000,_joint_stall_recovery,22,21,2,4,None,0.000,1.00,1.218,False,None,0.000,False
36.352,8,returning_home,7.403,-1.230,7.000,0.000,_joint_stall_recovery,25,21,3,7,None,0.000,1.00,2.375,False,None,0.000,False
36.864,1,en_route_delivery,-5.007,2.243,-3.000,-1.500,joint_grid_transaction,21,21,5,9,1,0.000,1.00,-3.048,False,None,0.000,False
36.864,2,en_route_pickup,-4.298,1.428,-1.000,1.500,joint_grid_transaction,21,21,5,9,2,0.000,1.00,1.669,False,None,0.000,False
36.864,3,en_route_pickup,-0.901,2.997,-3.000,1.500,joint_grid_transaction,21,21,5,9,3,0.000,1.00,-3.047,False,None,0.000,False
36.864,4,en_route_pickup,4.304,-1.183,0.000,3.500,joint_grid_transaction,21,21,5,9,4,0.000,1.00,1.508,False,None,0.000,False
36.864,5,en_route_pickup,-5.651,0.491,1.000,1.500,_joint_stall_recovery,23,21,2,6,5,0.000,1.00,0.732,False,None,0.000,False
36.864,6,en_route_pickup,5.742,-0.198,-1.000,-1.500,_joint_stall_recovery,27,21,2,6,6,0.000,1.00,2.446,False,None,0.000,False
36.864,7,returning_home,-7.372,0.584,-7.000,0.000,_joint_stall_recovery,22,21,2,4,None,0.000,1.00,1.219,False,None,0.000,False
36.864,8,returning_home,7.439,-1.186,7.000,0.000,_joint_stall_recovery,25,21,3,7,None,0.000,1.00,1.904,False,None,0.000,False
37.376,1,en_route_delivery,-5.020,2.236,-3.000,-1.500,joint_grid_transaction,21,21,6,9,1,0.000,1.00,-2.725,False,None,0.000,False
37.376,2,en_route_pickup,-4.303,1.484,-1.000,1.500,joint_grid_transaction,21,21,5,9,2,0.000,1.00,1.668,False,None,0.000,False
37.376,3,en_route_pickup,-0.980,2.990,-3.000,1.500,joint_grid_transaction,21,21,5,9,3,0.000,1.00,-3.048,False,None,0.000,False
37.376,4,en_route_pickup,4.308,-1.117,0.000,3.500,joint_grid_transaction,21,21,5,9,4,0.000,1.00,1.507,False,None,0.000,False
37.376,5,en_route_pickup,-5.580,0.555,1.000,1.500,_joint_stall_recovery,23,21,2,6,5,0.000,1.00,0.732,False,None,0.000,False
37.376,6,en_route_pickup,5.669,-0.260,-1.000,-1.500,_joint_stall_recovery,27,21,2,6,6,0.000,1.00,2.432,False,None,0.000,False
37.376,7,returning_home,-7.334,0.498,-7.000,0.000,_joint_stall_recovery,22,21,3,4,None,0.000,1.00,1.079,False,None,0.000,False
37.376,8,returning_home,7.437,-1.150,7.000,0.000,_joint_stall_recovery,25,21,3,7,None,0.000,1.00,1.702,False,None,0.000,False
37.888,1,en_route_delivery,-5.069,2.195,-3.000,-1.500,joint_grid_transaction,21,21,6,9,1,0.000,1.00,-2.488,False,None,0.000,False
37.888,2,en_route_pickup,-4.306,1.526,-1.000,1.500,joint_grid_transaction,21,21,5,9,2,0.000,1.00,1.626,False,None,0.000,False
37.888,3,en_route_pickup,-1.055,2.983,-3.000,1.500,joint_grid_transaction,21,21,6,9,3,0.000,1.00,-3.048,False,None,0.000,False
37.888,4,en_route_pickup,4.312,-1.057,0.000,3.500,joint_grid_transaction,21,21,5,9,4,0.000,1.00,1.506,False,None,0.000,False
37.888,5,en_route_pickup,-5.522,0.607,1.000,1.500,_joint_stall_recovery,23,21,2,6,5,0.000,0.85,0.732,False,None,0.000,False
37.888,6,en_route_pickup,5.597,-0.323,-1.000,-1.500,_joint_stall_recovery,27,21,2,6,6,0.000,1.00,2.426,False,None,0.000,False
37.888,7,returning_home,-7.285,0.416,-7.000,0.000,_joint_stall_recovery,22,21,3,4,None,0.000,1.00,1.011,False,None,0.000,False
37.888,8,returning_home,7.430,-1.085,7.000,0.000,_joint_stall_recovery,25,21,3,7,None,0.000,1.00,1.653,False,None,0.000,False
38.400,1,en_route_delivery,-5.096,2.152,-3.000,-1.500,joint_grid_transaction,21,21,7,9,1,0.000,1.00,-2.273,False,None,0.000,False
38.400,2,en_route_pickup,-4.308,1.586,-1.000,1.500,joint_grid_transaction,21,21,6,9,2,0.000,1.00,1.621,False,None,0.000,False
38.400,3,en_route_pickup,-1.129,2.976,-3.000,1.500,joint_grid_transaction,21,21,6,9,3,0.000,1.00,-3.049,False,None,0.000,False
38.400,4,en_route_pickup,4.315,-1.007,0.000,3.500,joint_grid_transaction,21,21,5,9,4,0.000,1.00,1.522,False,None,0.000,False
38.400,5,en_route_pickup,-5.482,0.643,1.000,1.500,_joint_stall_recovery,23,21,2,6,5,0.000,0.70,0.732,False,None,0.000,False
38.400,6,en_route_pickup,5.525,-0.386,-1.000,-1.500,_joint_stall_recovery,27,21,2,6,6,0.000,1.00,2.424,False,None,0.000,False
38.400,7,returning_home,-7.233,0.336,-7.000,0.000,_joint_stall_recovery,22,21,3,4,None,0.000,1.00,0.982,False,None,0.000,False
38.400,8,returning_home,7.417,-1.007,7.000,0.000,_joint_stall_recovery,25,21,4,7,None,0.000,1.00,1.727,False,None,0.000,False
38.912,1,en_route_delivery,-5.134,2.084,-3.000,-1.500,joint_grid_transaction,21,21,7,9,1,0.000,1.00,-2.062,False,None,0.000,False
38.912,2,en_route_pickup,-4.312,1.649,-1.000,1.500,joint_grid_transaction,21,21,6,9,2,0.000,1.00,1.630,False,None,0.000,False
38.912,3,en_route_pickup,-1.199,2.969,-3.000,1.500,joint_grid_transaction,21,21,6,9,3,0.000,1.00,-3.050,False,None,0.000,False
38.912,4,en_route_pickup,4.316,-0.963,0.000,3.500,joint_grid_transaction,21,21,5,9,4,0.000,1.00,1.574,False,None,0.000,False
38.912,5,en_route_pickup,-5.457,0.666,1.000,1.500,_joint_stall_recovery,23,21,2,6,5,0.000,0.55,0.732,False,None,0.000,False
38.912,6,en_route_pickup,5.453,-0.449,-1.000,-1.500,_joint_stall_recovery,27,21,2,6,6,0.000,1.00,2.424,False,None,0.000,False
38.912,7,en_route_pickup,-7.200,0.287,-6.000,-3.500,_joint_stall_recovery,22,21,4,1,8,0.000,1.00,0.973,False,None,0.000,False
38.912,8,returning_home,7.397,-0.916,7.000,0.000,_joint_stall_recovery,25,21,4,7,None,0.000,1.00,1.831,False,None,0.000,False
39.424,1,en_route_delivery,-5.150,2.056,-3.000,-1.500,joint_grid_transaction,35,35,2,9,1,0.000,1.00,-2.037,False,joint_slot_deadline,40.260,False
39.424,2,en_route_pickup,-4.315,1.707,-1.000,1.500,joint_grid_transaction,35,35,1,8,2,0.000,1.00,1.631,False,None,0.000,False
39.424,3,en_route_pickup,-1.263,2.963,-3.000,1.500,joint_grid_transaction,35,35,1,9,3,0.000,1.00,-3.051,False,None,0.000,False
39.424,4,en_route_pickup,4.314,-0.892,0.000,3.500,joint_grid_transaction,35,35,2,9,4,0.000,1.00,1.592,False,None,0.000,False
39.424,5,en_route_pickup,-5.443,0.665,1.000,1.500,joint_grid_transaction,35,35,2,9,5,0.000,0.55,0.667,False,None,0.000,False
39.424,6,en_route_pickup,5.387,-0.511,-1.000,-1.500,joint_grid_transaction,35,35,2,9,6,0.000,1.00,2.283,False,None,0.000,False
39.424,7,en_route_pickup,-7.170,0.319,-6.000,-3.500,joint_grid_transaction,35,35,2,9,8,0.000,1.00,0.689,False,None,0.000,False
39.424,8,returning_home,7.370,-0.913,7.000,0.000,joint_grid_transaction,35,35,1,6,None,0.000,1.00,2.246,False,None,0.000,False
39.936,1,en_route_delivery,-5.150,2.056,-3.000,-1.500,joint_grid_transaction,35,35,2,9,1,0.000,1.00,-2.037,False,joint_slot_deadline,40.260,False
39.936,2,en_route_pickup,-4.317,1.754,-1.000,1.500,joint_grid_transaction,35,35,1,8,2,0.000,1.00,1.605,False,None,0.000,False
39.936,3,en_route_pickup,-1.327,2.958,-3.000,1.500,joint_grid_transaction,35,35,2,9,3,0.000,1.00,-3.049,False,None,0.000,False
39.936,4,en_route_pickup,4.311,-0.814,0.000,3.500,joint_grid_transaction,35,35,2,9,4,0.000,1.00,1.612,False,None,0.000,False
39.936,5,en_route_pickup,-5.408,0.665,1.000,1.500,joint_grid_transaction,35,35,2,9,5,0.000,1.00,0.458,False,None,0.000,False
39.936,6,en_route_pickup,5.351,-0.558,-1.000,-1.500,joint_grid_transaction,35,35,2,9,6,0.000,1.00,2.181,False,joint_slot_deadline,40.260,False
39.936,7,en_route_pickup,-7.129,0.322,-6.000,-3.500,joint_grid_transaction,35,35,2,9,8,0.000,1.00,0.433,False,None,0.000,False
39.936,8,returning_home,7.322,-0.956,7.000,0.000,joint_grid_transaction,35,35,1,6,None,0.000,1.00,2.726,False,None,0.000,False
40.448,1,en_route_delivery,-5.162,2.031,-3.000,-1.500,joint_grid_transaction,35,35,3,9,1,0.000,1.00,-2.011,False,None,0.000,False
40.448,2,en_route_pickup,-4.317,1.791,-1.000,1.500,joint_grid_transaction,35,35,1,8,2,0.000,1.00,1.466,False,None,0.000,False
40.448,3,en_route_pickup,-1.392,2.951,-3.000,1.500,joint_grid_transaction,35,35,2,9,3,0.000,1.00,-3.050,False,None,0.000,False
40.448,4,en_route_pickup,4.304,-0.735,0.000,3.500,joint_grid_transaction,35,35,2,9,4,0.000,1.00,1.649,False,None,0.000,False
40.448,5,en_route_pickup,-5.320,0.698,1.000,1.500,joint_grid_transaction,35,35,2,9,5,0.000,1.00,0.277,False,None,0.000,False
40.448,6,en_route_pickup,5.343,-0.548,-1.000,-1.500,joint_grid_transaction,35,35,3,9,6,0.000,1.00,2.269,False,None,0.000,False
40.448,7,en_route_pickup,-7.040,0.291,-6.000,-3.500,joint_grid_transaction,35,35,2,9,8,0.000,1.00,0.256,False,None,0.000,False
40.448,8,returning_home,7.293,-0.958,7.000,0.000,joint_grid_transaction,35,35,1,6,None,0.000,1.00,2.983,False,None,0.000,False
40.960,1,en_route_delivery,-5.192,1.960,-3.000,-1.500,joint_grid_transaction,35,35,3,9,1,0.000,1.00,-1.922,False,None,0.000,False
40.960,2,en_route_pickup,-4.305,1.764,-1.000,1.500,joint_grid_transaction,35,35,2,8,2,0.000,1.00,0.991,False,None,0.000,False
40.960,3,en_route_pickup,-1.452,2.946,-3.000,1.500,joint_grid_transaction,35,35,2,9,3,0.000,1.00,-3.050,False,None,0.000,False
40.960,4,en_route_pickup,4.295,-0.644,0.000,3.500,joint_grid_transaction,35,35,3,9,4,0.000,1.00,1.675,False,None,0.000,False
40.960,5,en_route_pickup,-5.227,0.720,1.000,1.500,joint_grid_transaction,35,35,2,9,5,0.000,1.00,0.191,False,None,0.000,False
40.960,6,en_route_pickup,5.283,-0.594,-1.000,-1.500,joint_grid_transaction,35,35,3,9,6,0.000,1.00,2.484,False,None,0.000,False
40.960,7,en_route_pickup,-6.947,0.272,-6.000,-3.500,joint_grid_transaction,35,35,2,9,8,0.000,1.00,0.157,False,None,0.000,False
40.960,8,returning_home,7.249,-0.954,7.000,0.000,joint_grid_transaction,35,35,1,6,None,0.000,1.00,3.032,False,None,0.000,False
41.472,1,en_route_delivery,-5.192,1.960,-3.000,-1.500,joint_grid_transaction,35,35,3,9,1,0.000,1.00,-1.922,False,joint_slot_deadline,41.460,False
41.472,2,en_route_pickup,-4.250,1.819,-1.000,1.500,joint_grid_transaction,35,35,2,8,2,0.000,1.00,0.774,False,None,0.000,False
41.472,3,en_route_pickup,-1.500,2.942,-3.000,1.500,joint_grid_transaction,35,35,2,9,3,0.000,1.00,-3.072,False,None,0.000,False
41.472,4,en_route_pickup,4.284,-0.549,0.000,3.500,joint_grid_transaction,35,35,3,9,4,0.000,1.00,1.682,False,None,0.000,False
41.472,5,en_route_pickup,-5.133,0.734,1.000,1.500,joint_grid_transaction,35,35,3,9,5,0.000,1.00,0.105,False,None,0.000,False
41.472,6,en_route_pickup,5.204,-0.647,-1.000,-1.500,joint_grid_transaction,35,35,3,9,6,0.000,1.00,2.598,False,None,0.000,False
41.472,7,en_route_pickup,-6.853,0.261,-6.000,-3.500,joint_grid_transaction,35,35,3,9,8,0.000,1.00,0.088,False,None,0.000,False
41.472,8,returning_home,7.215,-0.950,7.000,0.000,joint_grid_transaction,35,35,2,6,None,0.000,1.00,2.987,False,None,0.000,False
41.984,1,en_route_delivery,-5.216,1.876,-3.000,-1.500,joint_grid_transaction,35,35,4,9,1,0.000,1.00,-1.781,False,None,0.000,False
41.984,2,en_route_pickup,-4.180,1.880,-1.000,1.500,joint_grid_transaction,35,35,2,8,2,0.000,1.00,0.659,False,None,0.000,False
41.984,3,en_route_pickup,-1.545,2.941,-3.000,1.500,joint_grid_transaction,35,35,2,9,3,0.000,1.00,-3.115,False,None,0.000,False
41.984,4,en_route_pickup,4.274,-0.454,0.000,3.500,joint_grid_transaction,35,35,4,9,4,0.000,1.00,1.680,False,None,0.000,False
41.984,5,en_route_pickup,-5.044,0.742,1.000,1.500,joint_grid_transaction,35,35,3,9,5,0.000,1.00,0.090,False,None,0.000,False
41.984,6,en_route_pickup,5.195,-0.680,-1.000,-1.500,joint_grid_transaction,35,35,4,9,6,0.000,1.00,2.358,False,None,0.000,False
41.984,7,en_route_pickup,-6.767,0.253,-6.000,-3.500,joint_grid_transaction,35,35,3,9,8,0.000,1.00,0.088,False,None,0.000,False
41.984,8,returning_home,7.207,-0.933,7.000,0.000,joint_grid_transaction,35,35,2,6,None,0.000,1.00,2.645,False,None,0.000,False
42.496,1,en_route_delivery,-5.232,1.785,-3.000,-1.500,joint_grid_transaction,36,36,2,9,1,0.000,1.00,-1.703,False,None,0.000,False
42.496,2,en_route_pickup,-4.173,1.876,-1.000,1.500,joint_grid_transaction,36,36,1,8,2,0.000,1.00,0.592,False,joint_slot_deadline,43.300,False
42.496,3,en_route_pickup,-1.613,2.939,-3.000,1.500,joint_grid_transaction,36,36,2,9,3,0.000,1.00,-3.109,False,None,0.000,False
42.496,4,en_route_pickup,4.265,-0.365,0.000,3.500,joint_grid_transaction,36,36,2,9,4,0.000,1.00,1.671,False,None,0.000,False
42.496,5,en_route_pickup,-4.959,0.749,1.000,1.500,joint_grid_transaction,36,36,1,9,5,0.000,1.00,0.089,False,None,0.000,False
42.496,6,en_route_pickup,5.136,-0.749,-1.000,-1.500,joint_grid_transaction,36,36,2,9,6,0.000,1.00,2.198,False,None,0.000,False
42.496,7,en_route_pickup,-6.685,0.246,-6.000,-3.500,joint_grid_transaction,36,36,2,9,8,0.000,1.00,0.087,False,None,0.000,False
42.496,8,returning_home,7.155,-0.903,7.000,0.000,joint_grid_transaction,36,36,2,6,None,0.000,1.00,2.536,False,joint_slot_deadline,43.300,False
43.008,1,en_route_delivery,-5.239,1.719,-3.000,-1.500,joint_grid_transaction,36,36,2,9,1,0.000,1.00,-1.667,False,joint_slot_deadline,43.300,False
43.008,2,en_route_pickup,-4.173,1.876,-1.000,1.500,joint_grid_transaction,36,36,1,8,2,0.000,1.00,0.592,False,joint_slot_deadline,43.300,False
43.008,3,en_route_pickup,-1.676,2.936,-3.000,1.500,joint_grid_transaction,36,36,2,9,3,0.000,1.00,-3.095,False,None,0.000,False
43.008,4,en_route_pickup,4.256,-0.280,0.000,3.500,joint_grid_transaction,36,36,2,9,4,0.000,1.00,1.669,False,None,0.000,False
43.008,5,en_route_pickup,-4.878,0.757,1.000,1.500,joint_grid_transaction,36,36,2,9,5,0.000,1.00,0.089,False,None,0.000,False
43.008,6,en_route_pickup,5.099,-0.805,-1.000,-1.500,joint_grid_transaction,36,36,2,9,6,0.000,0.85,2.124,False,None,0.000,False
43.008,7,en_route_pickup,-6.605,0.239,-6.000,-3.500,joint_grid_transaction,36,36,2,9,8,0.000,1.00,0.087,False,None,0.000,False
43.008,8,returning_home,7.155,-0.903,7.000,0.000,joint_grid_transaction,36,36,2,6,None,0.000,1.00,2.536,False,joint_slot_deadline,43.300,False
43.520,1,en_route_delivery,-5.243,1.689,-3.000,-1.500,joint_grid_transaction,36,36,3,9,1,0.000,1.00,-1.674,False,None,0.000,False
43.520,2,en_route_pickup,-4.147,1.891,-1.000,1.500,joint_grid_transaction,36,36,2,8,2,0.000,1.00,0.502,False,None,0.000,False
43.520,3,en_route_pickup,-1.731,2.934,-3.000,1.500,joint_grid_transaction,36,36,2,9,3,0.000,1.00,-3.085,False,None,0.000,False
43.520,4,en_route_pickup,4.248,-0.197,0.000,3.500,joint_grid_transaction,36,36,2,9,4,0.000,1.00,1.668,False,None,0.000,False
43.520,5,en_route_pickup,-4.800,0.764,1.000,1.500,joint_grid_transaction,36,36,2,9,5,0.000,1.00,0.088,False,None,0.000,False
43.520,6,en_route_pickup,5.095,-0.798,-1.000,-1.500,joint_grid_transaction,36,36,3,9,6,0.000,0.70,2.187,False,None,0.000,False
43.520,7,en_route_pickup,-6.529,0.232,-6.000,-3.500,joint_grid_transaction,36,36,2,9,8,0.000,1.00,0.086,False,None,0.000,False
43.520,8,returning_home,7.170,-0.892,7.000,0.000,joint_grid_transaction,36,36,3,6,None,0.000,1.00,2.406,False,None,0.000,False
44.032,1,en_route_delivery,-5.251,1.607,-3.000,-1.500,joint_grid_transaction,36,36,3,9,1,0.000,1.00,-1.672,False,None,0.000,False
44.032,2,en_route_pickup,-4.061,1.928,-1.000,1.500,joint_grid_transaction,36,36,2,8,2,0.000,1.00,0.335,False,None,0.000,False
44.032,3,en_route_pickup,-1.774,2.933,-3.000,1.500,joint_grid_transaction,36,36,2,9,3,0.000,1.00,-3.136,False,None,0.000,False
44.032,4,en_route_pickup,4.240,-0.118,0.000,3.500,joint_grid_transaction,36,36,3,9,4,0.000,1.00,1.667,False,None,0.000,False
44.032,5,en_route_pickup,-4.727,0.770,1.000,1.500,joint_grid_transaction,36,36,2,9,5,0.000,1.00,0.088,False,None,0.000,False
44.032,6,en_route_pickup,5.089,-0.790,-1.000,-1.500,joint_grid_transaction,36,36,3,9,6,0.000,0.55,2.261,False,None,0.000,False
44.032,7,en_route_pickup,-6.458,0.226,-6.000,-3.500,joint_grid_transaction,36,36,3,9,8,0.000,1.00,0.088,False,None,0.000,False
44.032,8,returning_home,7.153,-0.843,7.000,0.000,joint_grid_transaction,36,36,3,6,None,0.000,1.00,2.186,False,None,0.000,False
44.544,1,en_route_delivery,-5.259,1.529,-3.000,-1.500,joint_grid_transaction,36,36,3,9,1,0.000,1.00,-1.671,False,None,0.000,False
44.544,2,en_route_pickup,-3.970,1.955,-1.000,1.500,joint_grid_transaction,36,36,2,8,2,0.000,1.00,0.256,False,None,0.000,False
44.544,3,en_route_pickup,-1.839,2.934,-3.000,1.500,joint_grid_transaction,36,36,3,9,3,0.000,1.00,3.121,False,None,0.000,False
44.544,4,en_route_pickup,4.235,-0.058,0.000,3.500,joint_grid_transaction,36,36,3,9,4,0.000,0.85,1.648,False,None,0.000,False
44.544,5,en_route_pickup,-4.653,0.777,1.000,1.500,joint_grid_transaction,36,36,3,9,5,0.000,1.00,0.088,False,None,0.000,False
44.544,6,en_route_pickup,5.028,-0.840,-1.000,-1.500,joint_grid_transaction,36,36,3,9,6,0.000,1.00,2.471,False,None,0.000,False
44.544,7,en_route_pickup,-6.385,0.220,-6.000,-3.500,joint_grid_transaction,36,36,3,9,8,0.000,1.00,0.087,False,None,0.000,False
44.544,8,returning_home,7.105,-0.762,7.000,0.000,joint_grid_transaction,36,36,3,6,None,0.000,1.00,2.045,False,None,0.000,False
45.056,1,en_route_delivery,-5.266,1.455,-3.000,-1.500,joint_grid_transaction,36,36,4,9,1,0.000,1.00,-1.670,False,None,0.000,False
45.056,2,en_route_pickup,-3.877,1.974,-1.000,1.500,joint_grid_transaction,36,36,3,8,2,0.000,1.00,0.145,False,None,0.000,False
45.056,3,en_route_pickup,-1.916,2.937,-3.000,1.500,joint_grid_transaction,36,36,3,9,3,0.000,1.00,3.103,False,None,0.000,False
45.056,4,en_route_pickup,4.231,-0.003,0.000,3.500,joint_grid_transaction,36,36,3,9,4,0.000,0.85,1.648,False,None,0.000,False
45.056,5,en_route_pickup,-4.582,0.783,1.000,1.500,joint_grid_transaction,36,36,3,9,5,0.000,1.00,0.088,False,None,0.000,False
45.056,6,en_route_pickup,4.951,-0.895,-1.000,-1.500,joint_grid_transaction,36,36,3,9,6,0.000,1.00,2.582,False,None,0.000,False
45.056,7,en_route_pickup,-6.316,0.214,-6.000,-3.500,joint_grid_transaction,36,36,3,9,8,0.000,1.00,0.087,False,None,0.000,False
45.056,8,returning_home,7.066,-0.676,7.000,0.000,joint_grid_transaction,36,36,4,6,None,0.000,1.00,1.916,False,None,0.000,False
45.568,1,en_route_delivery,-5.274,1.381,-3.000,-1.500,joint_grid_transaction,36,36,4,9,1,0.000,1.00,-1.669,False,None,0.000,False
45.568,2,en_route_pickup,-3.782,1.985,-1.000,1.500,joint_grid_transaction,36,36,3,8,2,0.000,1.00,0.096,False,None,0.000,False
45.568,3,en_route_pickup,-1.995,2.943,-3.000,1.500,joint_grid_transaction,36,36,3,9,3,0.000,1.00,3.069,False,None,0.000,False
45.568,4,en_route_pickup,4.227,0.050,0.000,3.500,joint_grid_transaction,36,36,4,9,4,0.000,1.00,1.651,False,None,0.000,False
45.568,5,en_route_pickup,-4.517,0.789,1.000,1.500,joint_grid_transaction,36,36,3,9,5,0.000,1.00,0.087,False,None,0.000,False
45.568,6,en_route_pickup,4.877,-0.928,-1.000,-1.500,joint_grid_transaction,36,36,4,9,6,0.000,1.00,2.787,False,None,0.000,False
45.568,7,en_route_pickup,-6.253,0.208,-6.000,-3.500,joint_grid_transaction,36,36,3,9,8,0.000,1.00,0.086,False,None,0.000,False
45.568,8,returning_home,7.041,-0.585,7.000,0.000,joint_grid_transaction,36,36,4,6,None,0.000,1.00,1.780,False,None,0.000,False
46.080,1,en_route_delivery,-5.281,1.311,-3.000,-1.500,joint_grid_transaction,36,36,4,9,1,0.000,1.00,-1.668,False,None,0.000,False
46.080,2,en_route_pickup,-3.695,1.993,-1.000,1.500,joint_grid_transaction,36,36,3,8,2,0.000,1.00,0.094,False,None,0.000,False
46.080,3,en_route_pickup,-2.084,2.953,-3.000,1.500,joint_grid_transaction,36,36,4,9,3,0.000,1.00,3.035,False,None,0.000,False
46.080,4,en_route_pickup,4.221,0.124,0.000,3.500,joint_grid_transaction,36,36,4,9,4,0.000,0.85,1.648,False,None,0.000,False
46.080,5,en_route_pickup,-4.464,0.794,1.000,1.500,joint_grid_transaction,36,36,3,9,5,0.000,1.00,0.124,False,None,0.000,False
46.080,6,en_route_pickup,4.786,-0.955,-1.000,-1.500,joint_grid_transaction,36,36,4,9,6,0.000,1.00,2.907,False,None,0.000,False
46.080,7,en_route_pickup,-6.218,0.204,-6.000,-3.500,joint_grid_transaction,36,36,4,9,8,0.000,1.00,0.249,False,None,0.000,False
46.080,8,returning_home,7.025,-0.491,7.000,0.000,joint_grid_transaction,36,36,4,6,None,0.000,1.00,1.716,False,None,0.000,False
46.592,1,en_route_delivery,-5.287,1.247,-3.000,-1.500,joint_grid_transaction,36,36,4,9,1,0.000,1.00,-1.667,False,None,0.000,False
46.592,2,en_route_pickup,-3.612,2.001,-1.000,1.500,joint_grid_transaction,36,36,4,8,2,0.000,1.00,0.093,False,None,0.000,False
46.592,3,en_route_pickup,-2.179,2.963,-3.000,1.500,joint_grid_transaction,36,36,4,9,3,0.000,1.00,3.030,False,None,0.000,False
46.592,4,en_route_pickup,4.217,0.176,0.000,3.500,joint_grid_transaction,36,36,4,9,4,0.000,0.70,1.637,False,None,0.000,False
46.592,5,en_route_pickup,-4.462,0.809,1.000,1.500,joint_grid_transaction,36,36,4,9,5,0.000,1.00,0.493,False,None,0.000,False
46.592,6,en_route_pickup,4.693,-0.974,-1.000,-1.500,joint_grid_transaction,36,36,5,9,6,0.000,1.00,2.983,False,None,0.000,False
46.592,7,en_route_pickup,-6.194,0.179,-6.000,-3.500,joint_grid_transaction,36,36,4,9,8,0.000,1.00,0.540,False,None,0.000,False
46.592,8,returning_home,7.013,-0.397,7.000,0.000,joint_grid_transaction,36,36,5,6,None,0.000,1.00,1.661,False,None,0.000,False
47.104,1,en_route_delivery,-5.293,1.185,-3.000,-1.500,joint_grid_transaction,37,37,2,9,1,0.000,1.00,-1.668,False,None,0.000,False
47.104,2,en_route_pickup,-3.532,2.008,-1.000,1.500,joint_grid_transaction,37,37,2,9,2,0.000,1.00,0.091,False,None,0.000,False
47.104,3,en_route_pickup,-2.272,2.974,-3.000,1.500,joint_grid_transaction,37,37,2,9,3,0.000,1.00,3.025,False,None,0.000,False
47.104,4,en_route_pickup,4.215,0.211,0.000,3.500,joint_grid_transaction,37,37,1,8,4,0.000,0.70,1.636,False,None,0.000,False
47.104,5,en_route_pickup,-4.404,0.844,1.000,1.500,joint_grid_transaction,37,37,2,9,5,0.000,1.00,0.629,False,joint_slot_deadline,47.796,False
47.104,6,en_route_pickup,4.599,-0.985,-1.000,-1.500,joint_grid_transaction,37,37,2,9,6,0.000,1.00,3.048,False,None,0.000,False
47.104,7,en_route_pickup,-6.154,0.155,-6.000,-3.500,joint_grid_transaction,37,37,2,9,8,0.000,1.00,0.621,False,joint_slot_deadline,47.796,False
47.104,8,returning_home,7.006,-0.310,7.000,0.000,joint_grid_transaction,37,37,2,3,None,0.000,1.00,1.659,False,None,0.000,False
47.616,1,en_route_delivery,-5.299,1.121,-3.000,-1.500,joint_grid_transaction,37,37,2,9,1,0.000,1.00,-1.667,False,None,0.000,False
47.616,2,en_route_pickup,-3.468,2.014,-1.000,1.500,joint_grid_transaction,37,37,2,9,2,0.000,1.00,0.091,False,None,0.000,False
47.616,3,en_route_pickup,-2.284,2.976,-3.000,1.500,joint_grid_transaction,37,37,2,9,3,0.000,1.00,3.025,False,joint_slot_deadline,47.796,False
47.616,4,en_route_pickup,4.213,0.243,0.000,3.500,joint_grid_transaction,37,37,1,8,4,0.000,0.70,1.637,False,None,0.000,False
47.616,5,en_route_pickup,-4.404,0.844,1.000,1.500,joint_grid_transaction,37,37,2,9,5,0.000,1.00,0.629,False,joint_slot_deadline,47.796,False
47.616,6,en_route_pickup,4.512,-0.993,-1.000,-1.500,joint_grid_transaction,37,37,2,9,6,0.000,1.00,3.051,False,None,0.000,False
47.616,7,en_route_pickup,-6.154,0.155,-6.000,-3.500,joint_grid_transaction,37,37,2,9,8,0.000,1.00,0.621,False,joint_slot_deadline,47.796,False
47.616,8,returning_home,6.998,-0.226,7.000,0.000,joint_grid_transaction,37,37,2,3,None,0.000,1.00,1.658,False,None,0.000,False
48.128,1,en_route_delivery,-5.305,1.061,-3.000,-1.500,joint_grid_transaction,37,37,2,9,1,0.000,1.00,-1.666,False,None,0.000,False
48.128,2,en_route_pickup,-3.424,2.018,-1.000,1.500,joint_grid_transaction,37,37,3,9,2,0.000,1.00,0.096,False,None,0.000,False
48.128,3,en_route_pickup,-2.334,2.982,-3.000,1.500,joint_grid_transaction,37,37,3,9,3,0.000,1.00,3.024,False,None,0.000,False
48.128,4,en_route_pickup,4.211,0.278,0.000,3.500,joint_grid_transaction,37,37,1,8,4,0.000,1.00,1.641,False,None,0.000,False
48.128,5,en_route_pickup,-4.424,0.861,1.000,1.500,joint_grid_transaction,37,37,3,9,5,0.000,1.00,0.801,False,None,0.000,False
48.128,6,en_route_pickup,4.476,-1.001,-1.000,-1.500,joint_grid_transaction,37,37,3,9,6,0.000,1.00,2.784,False,None,0.000,False
48.128,7,en_route_pickup,-6.174,0.137,-6.000,-3.500,joint_grid_transaction,37,37,3,9,8,0.000,1.00,0.795,False,None,0.000,False
48.128,8,en_route_pickup,6.998,-0.218,0.000,-3.500,joint_grid_transaction,37,37,3,3,7,0.000,1.00,1.658,False,None,0.000,False
48.640,1,en_route_delivery,-5.309,1.015,-3.000,-1.500,joint_grid_transaction,38,38,1,8,1,0.000,0.60,-1.640,False,None,0.000,False
48.640,2,en_route_pickup,-3.351,2.025,-1.000,1.500,joint_grid_transaction,38,38,2,9,2,0.000,1.00,0.093,False,None,0.000,False
48.640,3,en_route_pickup,-2.405,2.990,-3.000,1.500,joint_grid_transaction,38,38,2,9,3,58.528,0.40,3.038,False,None,0.000,False
48.640,4,en_route_pickup,4.206,0.345,0.000,3.500,joint_grid_transaction,38,38,2,9,4,0.000,1.00,1.644,False,None,0.000,False
48.640,5,en_route_pickup,-4.405,0.895,1.000,1.500,joint_grid_transaction,38,38,2,9,5,0.000,1.00,0.916,False,joint_slot_deadline,49.636,False
48.640,6,en_route_pickup,4.470,-1.006,-1.000,-1.500,joint_grid_transaction,38,38,1,9,6,0.000,1.00,2.725,False,None,0.000,False
48.640,7,en_route_pickup,-6.155,0.103,-6.000,-3.500,joint_grid_transaction,38,38,2,9,8,0.000,1.00,0.913,False,joint_slot_deadline,49.636,False
48.640,8,en_route_pickup,6.995,-0.228,0.000,-3.500,joint_grid_transaction,38,38,1,9,7,0.000,1.00,1.910,False,None,0.000,False
49.152,1,en_route_delivery,-5.310,0.996,-3.000,-1.500,joint_grid_transaction,38,38,1,8,1,0.000,0.60,-1.631,False,None,0.000,False
49.152,2,en_route_pickup,-3.282,2.032,-1.000,1.500,joint_grid_transaction,38,38,2,9,2,0.000,1.00,0.092,False,None,0.000,False
49.152,3,en_route_pickup,-2.405,2.990,-3.000,1.500,joint_grid_transaction,38,38,2,0,3,0.000,1.00,3.038,False,None,0.000,False
49.152,4,en_route_pickup,4.201,0.411,0.000,3.500,joint_grid_transaction,38,38,2,9,4,0.000,1.00,1.644,False,None,0.000,False
49.152,5,en_route_pickup,-4.405,0.895,1.000,1.500,joint_grid_transaction,38,38,2,9,5,0.000,1.00,0.916,False,joint_slot_deadline,49.636,False
49.152,6,en_route_pickup,4.434,-1.044,-1.000,-1.500,joint_grid_transaction,38,38,2,9,6,0.000,1.00,2.478,False,None,0.000,False
49.152,7,en_route_pickup,-6.155,0.103,-6.000,-3.500,joint_grid_transaction,38,38,2,9,8,0.000,1.00,0.913,False,joint_slot_deadline,49.636,False
49.152,8,en_route_pickup,6.958,-0.278,0.000,-3.500,joint_grid_transaction,38,38,2,9,7,0.000,1.00,2.431,False,None,0.000,False
49.664,1,en_route_delivery,-5.311,0.975,-3.000,-1.500,joint_grid_transaction,38,38,1,8,1,0.000,1.00,-1.607,False,None,0.000,False
49.664,2,en_route_pickup,-3.220,2.037,-1.000,1.500,joint_grid_transaction,38,38,2,9,2,0.000,1.00,0.091,False,None,0.000,False
49.664,3,en_route_pickup,-2.405,2.990,-3.000,1.500,joint_grid_transaction,38,38,2,0,3,0.000,1.00,3.038,False,None,0.000,False
49.664,4,en_route_pickup,4.197,0.472,0.000,3.500,joint_grid_transaction,38,38,2,9,4,0.000,1.00,1.645,False,None,0.000,False
49.664,5,en_route_pickup,-4.404,0.896,1.000,1.500,joint_grid_transaction,38,38,2,9,5,0.000,1.00,0.914,False,joint_slot_deadline,49.636,False
49.664,6,en_route_pickup,4.391,-1.083,-1.000,-1.500,joint_grid_transaction,38,38,2,9,6,0.000,1.00,2.374,False,joint_slot_deadline,49.636,False
49.664,7,en_route_pickup,-6.154,0.103,-6.000,-3.500,joint_grid_transaction,38,38,2,9,8,0.000,1.00,0.910,False,joint_slot_deadline,49.636,False
49.664,8,en_route_pickup,6.927,-0.298,0.000,-3.500,joint_grid_transaction,38,38,2,9,7,0.000,1.00,2.733,False,None,0.000,False
50.176,1,en_route_delivery,-5.308,0.973,-3.000,-1.500,joint_grid_transaction,38,38,2,8,1,0.000,0.85,-1.185,False,None,0.000,False
50.176,2,en_route_pickup,-3.153,2.044,-1.000,1.500,joint_grid_transaction,38,38,3,9,2,0.000,1.00,0.093,False,None,0.000,False
50.176,3,en_route_pickup,-2.405,2.990,-3.000,1.500,joint_grid_transaction,38,38,2,0,3,0.000,1.00,3.038,False,None,0.000,False
50.176,4,en_route_pickup,4.193,0.522,0.000,3.500,joint_grid_transaction,38,38,2,9,4,0.000,1.00,1.629,False,None,0.000,False
50.176,5,en_route_pickup,-4.355,0.974,1.000,1.500,joint_grid_transaction,38,38,3,9,5,0.000,1.00,1.087,False,None,0.000,False
50.176,6,en_route_pickup,4.386,-1.128,-1.000,-1.500,joint_grid_transaction,38,38,3,9,6,0.000,1.00,2.144,False,None,0.000,False
50.176,7,en_route_pickup,-6.105,0.025,-6.000,-3.500,joint_grid_transaction,38,38,3,9,8,0.000,1.00,1.085,False,None,0.000,False
50.176,8,en_route_pickup,6.839,-0.271,0.000,-3.500,joint_grid_transaction,38,38,2,9,7,0.000,1.00,2.940,False,None,0.000,False
50.688,1,en_route_delivery,-5.299,0.990,-3.000,-1.500,joint_grid_transaction,38,38,2,8,1,0.000,0.70,-0.980,False,None,0.000,False
50.688,2,en_route_pickup,-3.089,2.050,-1.000,1.500,joint_grid_transaction,38,38,3,9,2,0.000,1.00,0.092,False,None,0.000,False
50.688,3,en_route_pickup,-2.405,2.990,-3.000,1.500,joint_grid_transaction,38,38,2,0,3,0.000,1.00,3.038,False,None,0.000,False
50.688,4,en_route_pickup,4.191,0.579,0.000,3.500,joint_grid_transaction,38,38,3,9,4,0.000,1.00,1.616,False,None,0.000,False
50.688,5,en_route_pickup,-4.322,1.044,1.000,1.500,joint_grid_transaction,38,38,3,9,5,0.000,1.00,1.165,False,None,0.000,False
50.688,6,en_route_pickup,4.343,-1.211,-1.000,-1.500,joint_grid_transaction,38,38,3,9,6,0.000,1.00,1.985,False,None,0.000,False
50.688,7,en_route_pickup,-6.072,-0.045,-6.000,-3.500,joint_grid_transaction,38,38,3,9,8,0.000,1.00,1.163,False,None,0.000,False
50.688,8,en_route_pickup,6.745,-0.257,0.000,-3.500,joint_grid_transaction,38,38,2,9,7,0.000,1.00,3.041,False,None,0.000,False
51.200,1,en_route_delivery,-5.273,0.956,-3.000,-1.500,joint_grid_transaction,39,38,2,9,1,0.000,0.70,-0.866,False,None,0.000,False
51.200,2,en_route_pickup,-3.032,2.055,-1.000,1.500,joint_grid_transaction,39,38,3,9,2,0.000,1.00,0.092,False,None,0.000,False
51.200,3,en_route_pickup,-2.417,2.991,-3.000,1.500,joint_grid_transaction,39,38,2,9,3,0.000,1.00,3.031,False,None,0.000,False
51.200,4,en_route_pickup,4.188,0.642,0.000,3.500,joint_grid_transaction,39,38,3,9,4,0.000,1.00,1.624,False,None,0.000,False
51.200,5,en_route_pickup,-4.301,1.098,1.000,1.500,joint_grid_transaction,39,38,4,9,5,0.000,1.00,1.271,False,None,0.000,False
51.200,6,en_route_pickup,4.308,-1.300,-1.000,-1.500,joint_grid_transaction,39,38,3,9,6,0.000,1.00,1.894,False,None,0.000,False
51.200,7,en_route_pickup,-6.051,-0.100,-6.000,-3.500,joint_grid_transaction,39,38,4,9,8,0.000,1.00,1.270,False,None,0.000,False
51.200,8,en_route_pickup,6.658,-0.250,0.000,-3.500,joint_grid_transaction,39,38,3,9,7,0.000,1.00,3.057,False,None,0.000,False
51.712,1,en_route_delivery,-5.241,0.923,-3.000,-1.500,joint_grid_transaction,39,39,2,9,1,0.000,0.70,-0.774,False,None,0.000,False
51.712,2,en_route_pickup,-2.987,2.058,-1.000,1.500,joint_grid_transaction,39,39,1,9,2,0.000,1.00,0.060,False,None,0.000,False
51.712,3,en_route_pickup,-2.499,3.000,-3.000,1.500,joint_grid_transaction,39,39,1,9,3,0.000,1.00,3.034,False,None,0.000,False
51.712,4,en_route_pickup,4.185,0.700,0.000,3.500,joint_grid_transaction,39,39,2,9,4,0.000,1.00,1.630,False,None,0.000,False
51.712,5,en_route_pickup,-4.280,1.190,1.000,1.500,joint_grid_transaction,39,39,2,9,5,0.000,1.00,1.395,False,None,0.000,False
51.712,6,en_route_pickup,4.285,-1.391,-1.000,-1.500,joint_grid_transaction,39,39,2,9,6,0.000,1.00,1.756,False,None,0.000,False
51.712,7,en_route_pickup,-6.029,-0.192,-6.000,-3.500,joint_grid_transaction,39,39,2,9,8,0.000,1.00,1.395,False,None,0.000,False
51.712,8,en_route_pickup,6.576,-0.243,0.000,-3.500,joint_grid_transaction,39,39,2,9,7,0.000,1.00,3.057,False,None,0.000,False
52.224,1,en_route_delivery,-5.195,0.881,-3.000,-1.500,joint_grid_transaction,39,39,2,9,1,0.000,1.00,-0.692,False,None,0.000,False
52.224,2,en_route_pickup,-2.934,2.059,-1.000,1.500,joint_grid_transaction,39,39,2,9,2,0.000,1.00,0.031,False,None,0.000,False
52.224,3,en_route_pickup,-2.577,3.009,-3.000,1.500,joint_grid_transaction,39,39,2,9,3,0.000,1.00,3.036,False,None,0.000,False
52.224,4,en_route_pickup,4.182,0.749,0.000,3.500,joint_grid_transaction,39,39,2,9,4,0.000,1.00,1.609,False,None,0.000,False
52.224,5,en_route_pickup,-4.267,1.282,1.000,1.500,joint_grid_transaction,39,39,2,9,5,0.000,1.00,1.452,False,None,0.000,False
52.224,6,en_route_pickup,4.271,-1.486,-1.000,-1.500,joint_grid_transaction,39,39,2,9,6,0.000,1.00,1.693,False,None,0.000,False
52.224,7,en_route_pickup,-6.016,-0.283,-6.000,-3.500,joint_grid_transaction,39,39,2,9,8,0.000,1.00,1.453,False,None,0.000,False
52.224,8,en_route_pickup,6.499,-0.236,0.000,-3.500,joint_grid_transaction,39,39,2,9,7,0.000,1.00,3.057,False,None,0.000,False
52.736,1,en_route_delivery,-5.139,0.856,-3.000,-1.500,joint_grid_transaction,39,39,3,9,1,0.000,1.00,-0.476,False,None,0.000,False
52.736,2,en_route_pickup,-2.868,2.062,-1.000,1.500,joint_grid_transaction,39,39,2,9,2,0.000,1.00,0.045,False,None,0.000,False
52.736,3,en_route_pickup,-2.652,3.017,-3.000,1.500,joint_grid_transaction,39,39,2,9,3,0.000,1.00,3.037,False,None,0.000,False
52.736,4,en_route_pickup,4.182,0.793,0.000,3.500,joint_grid_transaction,39,39,2,9,4,0.000,1.00,1.553,False,None,0.000,False
52.736,5,en_route_pickup,-4.258,1.350,1.000,1.500,joint_grid_transaction,39,39,3,9,5,0.000,1.00,1.459,False,None,0.000,False
52.736,6,en_route_pickup,4.261,-1.578,-1.000,-1.500,joint_grid_transaction,39,39,3,9,6,0.000,1.00,1.664,False,None,0.000,False
52.736,7,en_route_pickup,-6.008,-0.351,-6.000,-3.500,joint_grid_transaction,39,39,3,9,8,0.000,1.00,1.459,False,None,0.000,False
52.736,8,en_route_pickup,6.423,-0.230,0.000,-3.500,joint_grid_transaction,39,39,3,9,7,0.000,1.00,3.057,False,None,0.000,False
53.248,1,en_route_delivery,-5.052,0.820,-3.000,-1.500,joint_grid_transaction,39,39,3,9,1,0.000,1.00,-0.325,False,None,0.000,False
53.248,2,en_route_pickup,-2.809,2.065,-1.000,1.500,joint_grid_transaction,39,39,2,9,2,0.000,1.00,0.058,False,None,0.000,False
53.248,3,en_route_pickup,-2.723,3.024,-3.000,1.500,joint_grid_transaction,39,39,2,9,3,0.000,1.00,3.039,False,None,0.000,False
53.248,4,en_route_pickup,4.185,0.871,0.000,3.500,joint_grid_transaction,39,39,3,9,4,0.000,1.00,1.538,False,None,0.000,False
53.248,5,en_route_pickup,-4.249,1.433,1.000,1.500,joint_grid_transaction,39,39,3,9,5,0.000,1.00,1.470,False,None,0.000,False
53.248,6,en_route_pickup,4.253,-1.662,-1.000,-1.500,joint_grid_transaction,39,39,3,9,6,0.000,1.00,1.664,False,None,0.000,False
53.248,7,en_route_pickup,-5.999,-0.434,-6.000,-3.500,joint_grid_transaction,39,39,3,9,8,0.000,1.00,1.470,False,None,0.000,False
53.248,8,en_route_pickup,6.349,-0.223,0.000,-3.500,joint_grid_transaction,39,39,3,9,7,0.000,1.00,3.057,False,None,0.000,False
53.760,1,en_route_delivery,-4.961,0.793,-3.000,-1.500,joint_grid_transaction,39,39,3,9,1,0.000,1.00,-0.249,False,None,0.000,False
53.760,2,en_route_pickup,-2.758,2.067,-1.000,1.500,joint_grid_transaction,39,39,2,9,2,0.000,1.00,0.042,False,None,0.000,False
53.760,3,en_route_pickup,-2.785,3.030,-3.000,1.500,joint_grid_transaction,39,39,2,9,3,0.000,1.00,3.066,False,None,0.000,False
53.760,4,en_route_pickup,4.190,0.951,0.000,3.500,joint_grid_transaction,39,39,3,9,4,0.000,1.00,1.508,False,None,0.000,False
53.760,5,en_route_pickup,-4.242,1.511,1.000,1.500,joint_grid_transaction,39,39,3,9,5,0.000,1.00,1.471,False,None,0.000,False
53.760,6,en_route_pickup,4.246,-1.744,-1.000,-1.500,joint_grid_transaction,39,39,3,9,6,0.000,1.00,1.663,False,None,0.000,False
53.760,7,en_route_pickup,-5.991,-0.512,-6.000,-3.500,joint_grid_transaction,39,39,3,9,8,0.000,1.00,1.471,False,None,0.000,False
53.760,8,en_route_pickup,6.280,-0.218,0.000,-3.500,joint_grid_transaction,39,39,3,9,7,0.000,1.00,3.057,False,None,0.000,False
54.272,1,en_route_delivery,-4.868,0.775,-3.000,-1.500,joint_grid_transaction,39,39,4,9,1,0.000,1.00,-0.139,False,None,0.000,False
54.272,2,en_route_pickup,-2.715,2.068,-1.000,1.500,joint_grid_transaction,39,39,2,9,2,0.000,1.00,0.011,False,None,0.000,False
54.272,3,en_route_pickup,-2.765,3.022,-3.000,1.500,joint_grid_transaction,39,39,3,9,3,0.000,1.00,-2.645,False,None,0.000,False
54.272,4,en_route_pickup,4.199,1.036,0.000,3.500,joint_grid_transaction,39,39,3,9,4,0.000,1.00,1.457,False,None,0.000,False
54.272,5,en_route_pickup,-4.234,1.587,1.000,1.500,joint_grid_transaction,39,39,4,9,5,0.000,1.00,1.472,False,None,0.000,False
54.272,6,en_route_pickup,4.239,-1.773,-1.000,-1.500,joint_grid_transaction,39,39,4,9,6,0.000,1.00,1.935,False,None,0.000,False
54.272,7,en_route_pickup,-5.984,-0.588,-6.000,-3.500,joint_grid_transaction,39,39,4,9,8,0.000,1.00,1.472,False,None,0.000,False
54.272,8,en_route_pickup,6.217,-0.212,0.000,-3.500,joint_grid_transaction,39,39,3,9,7,0.000,1.00,3.058,False,None,0.000,False
54.784,1,en_route_delivery,-4.774,0.765,-3.000,-1.500,joint_grid_transaction,39,39,4,9,1,0.000,1.00,-0.096,False,None,0.000,False
54.784,2,en_route_pickup,-2.641,2.065,-1.000,1.500,joint_grid_transaction,39,39,3,9,2,0.000,1.00,0.032,False,None,0.000,False
54.784,3,en_route_pickup,-2.814,2.976,-3.000,1.500,joint_grid_transaction,39,39,3,9,3,0.000,1.00,-2.418,False,None,0.000,False
54.784,4,en_route_pickup,4.210,1.130,0.000,3.500,joint_grid_transaction,39,39,4,9,4,0.000,1.00,1.458,False,None,0.000,False
54.784,5,en_route_pickup,-4.227,1.661,1.000,1.500,joint_grid_transaction,39,39,4,9,5,0.000,1.00,1.474,False,None,0.000,False
54.784,6,en_route_pickup,4.207,-1.804,-1.000,-1.500,joint_grid_transaction,39,39,4,9,6,0.000,1.00,2.195,False,None,0.000,False
54.784,7,en_route_pickup,-5.976,-0.661,-6.000,-3.500,joint_grid_transaction,39,39,4,9,8,0.000,1.00,1.473,False,None,0.000,False
54.784,8,en_route_pickup,6.149,-0.206,0.000,-3.500,joint_grid_transaction,39,39,4,9,7,0.000,1.00,3.055,False,None,0.000,False
55.296,1,en_route_delivery,-4.687,0.756,-3.000,-1.500,joint_grid_transaction,40,40,2,9,1,0.000,1.00,-0.094,False,None,0.000,False
55.296,2,en_route_pickup,-2.561,2.060,-1.000,1.500,joint_grid_transaction,40,40,2,9,2,0.000,1.00,0.067,False,None,0.000,False
55.296,3,en_route_pickup,-2.868,2.924,-3.000,1.500,joint_grid_transaction,40,40,2,9,3,0.000,1.00,-2.338,False,joint_slot_deadline,56.308,False
55.296,4,en_route_pickup,4.221,1.225,0.000,3.500,joint_grid_transaction,40,40,1,8,4,0.000,1.00,1.461,False,None,0.000,False
55.296,5,en_route_pickup,-4.220,1.730,1.000,1.500,joint_grid_transaction,40,40,1,9,5,0.000,1.00,1.475,False,None,0.000,False
55.296,6,en_route_pickup,4.165,-1.857,-1.000,-1.500,joint_grid_transaction,40,40,2,9,6,0.000,1.00,2.282,False,joint_slot_deadline,56.308,False
55.296,7,en_route_pickup,-5.970,-0.730,-6.000,-3.500,joint_grid_transaction,40,40,1,9,8,0.000,1.00,1.474,False,None,0.000,False
55.296,8,en_route_pickup,6.085,-0.201,0.000,-3.500,joint_grid_transaction,40,40,2,9,7,0.000,1.00,3.064,False,None,0.000,False
55.808,1,en_route_delivery,-4.604,0.749,-3.000,-1.500,joint_grid_transaction,40,40,2,9,1,0.000,1.00,-0.093,False,None,0.000,False
55.808,2,en_route_pickup,-2.475,2.051,-1.000,1.500,joint_grid_transaction,40,40,2,9,2,0.000,1.00,0.121,False,None,0.000,False
55.808,3,en_route_pickup,-2.868,2.924,-3.000,1.500,joint_grid_transaction,40,40,2,9,3,0.000,1.00,-2.338,False,joint_slot_deadline,56.308,False
55.808,4,en_route_pickup,4.227,1.285,0.000,3.500,joint_grid_transaction,40,40,1,8,4,0.000,1.00,1.463,False,joint_slot_deadline,56.308,False
55.808,5,en_route_pickup,-4.214,1.784,1.000,1.500,joint_grid_transaction,40,40,1,9,5,0.000,1.00,1.417,False,None,0.000,False
55.808,6,en_route_pickup,4.165,-1.857,-1.000,-1.500,joint_grid_transaction,40,40,2,9,6,0.000,1.00,2.282,False,joint_slot_deadline,56.308,False
55.808,7,en_route_pickup,-5.964,-0.792,-6.000,-3.500,joint_grid_transaction,40,40,1,9,8,0.000,1.00,1.473,False,None,0.000,False
55.808,8,en_route_pickup,6.025,-0.197,0.000,-3.500,joint_grid_transaction,40,40,2,9,7,0.000,1.00,3.064,False,None,0.000,False
56.320,1,en_route_delivery,-4.524,0.741,-3.000,-1.500,joint_grid_transaction,40,40,2,9,1,0.000,1.00,-0.092,False,None,0.000,False
56.320,2,en_route_pickup,-2.463,2.049,-1.000,1.500,joint_grid_transaction,40,40,2,9,2,0.000,1.00,0.130,False,joint_slot_deadline,56.308,False
56.320,3,en_route_pickup,-2.868,2.924,-3.000,1.500,joint_grid_transaction,40,40,2,9,3,0.000,1.00,-2.338,False,joint_slot_deadline,56.308,False
56.320,4,en_route_pickup,4.227,1.285,0.000,3.500,joint_grid_transaction,40,40,1,8,4,0.000,1.00,1.463,False,joint_slot_deadline,56.308,False
56.320,5,en_route_pickup,-4.197,1.788,1.000,1.500,joint_grid_transaction,40,40,2,9,5,0.000,1.00,1.059,False,None,0.000,False
56.320,6,en_route_pickup,4.165,-1.857,-1.000,-1.500,joint_grid_transaction,40,40,2,9,6,0.000,1.00,2.282,False,joint_slot_deadline,56.308,False
56.320,7,en_route_pickup,-5.957,-0.860,-6.000,-3.500,joint_grid_transaction,40,40,2,9,8,0.000,1.00,1.474,False,None,0.000,False
56.320,8,en_route_pickup,5.977,-0.194,0.000,-3.500,joint_grid_transaction,40,40,2,9,7,0.000,1.00,3.085,False,None,0.000,False
56.832,1,en_route_delivery,-4.469,0.735,-3.000,-1.500,joint_grid_transaction,40,40,3,9,1,0.000,1.00,-0.231,False,None,0.000,False
56.832,2,en_route_pickup,-2.374,2.037,-1.000,1.500,joint_grid_transaction,40,40,3,9,2,0.000,1.00,0.120,False,None,0.000,False
56.832,3,en_route_pickup,-2.926,2.893,-3.000,1.500,joint_grid_transaction,40,40,3,9,3,0.000,1.00,-2.555,False,None,0.000,False
56.832,4,en_route_pickup,4.237,1.367,0.000,3.500,joint_grid_transaction,40,40,2,8,4,0.000,1.00,1.462,False,None,0.000,False
56.832,5,en_route_pickup,-4.151,1.848,1.000,1.500,joint_grid_transaction,40,40,3,9,5,0.000,1.00,0.825,False,None,0.000,False
56.832,6,en_route_pickup,4.126,-1.850,-1.000,-1.500,joint_grid_transaction,40,40,3,9,6,0.000,1.00,2.519,False,None,0.000,False
56.832,7,en_route_pickup,-5.951,-0.922,-6.000,-3.500,joint_grid_transaction,40,40,2,9,8,0.000,1.00,1.475,False,None,0.000,False
56.832,8,en_route_pickup,5.918,-0.191,0.000,-3.500,joint_grid_transaction,40,40,3,9,7,0.000,1.00,3.090,False,None,0.000,False
57.344,1,en_route_delivery,-4.464,0.715,-3.000,-1.500,joint_grid_transaction,40,40,3,9,1,0.000,1.00,-0.560,False,None,0.000,False
57.344,2,en_route_pickup,-2.279,2.027,-1.000,1.500,joint_grid_transaction,40,40,3,9,2,0.000,1.00,0.107,False,None,0.000,False
57.344,3,en_route_pickup,-3.009,2.846,-3.000,1.500,joint_grid_transaction,40,40,3,9,3,0.000,1.00,-2.680,False,None,0.000,False
57.344,4,en_route_pickup,4.246,1.450,0.000,3.500,joint_grid_transaction,40,40,2,8,4,0.000,1.00,1.465,False,None,0.000,False
57.344,5,en_route_pickup,-4.106,1.855,1.000,1.500,joint_grid_transaction,40,40,3,9,5,0.000,1.00,0.599,False,None,0.000,False
57.344,6,en_route_pickup,4.044,-1.897,-1.000,-1.500,joint_grid_transaction,40,40,3,9,6,0.000,1.00,2.693,False,None,0.000,False
57.344,7,en_route_pickup,-5.946,-0.979,-6.000,-3.500,joint_grid_transaction,40,40,2,9,8,0.000,1.00,1.476,False,None,0.000,False
57.344,8,en_route_pickup,5.855,-0.187,0.000,-3.500,joint_grid_transaction,40,40,3,9,7,0.000,1.00,3.082,False,None,0.000,False
57.856,1,en_route_delivery,-4.395,0.660,-3.000,-1.500,joint_grid_transaction,40,40,3,9,1,0.000,1.00,-0.752,False,None,0.000,False
57.856,2,en_route_pickup,-2.187,2.017,-1.000,1.500,joint_grid_transaction,40,40,4,9,2,0.000,1.00,0.100,False,None,0.000,False
57.856,3,en_route_pickup,-3.048,2.827,-3.000,1.500,joint_grid_transaction,40,40,4,9,3,0.000,1.00,-2.704,False,joint_slot_deadline,58.708,False
57.856,4,en_route_pickup,4.254,1.530,0.000,3.500,joint_grid_transaction,40,40,2,8,4,0.000,1.00,1.466,False,None,0.000,False
57.856,5,en_route_pickup,-4.023,1.902,1.000,1.500,joint_grid_transaction,40,40,3,9,5,0.000,1.00,0.446,False,None,0.000,False
57.856,6,en_route_pickup,3.957,-1.935,-1.000,-1.500,joint_grid_transaction,40,40,3,9,6,0.000,1.00,2.777,False,None,0.000,False
57.856,7,en_route_pickup,-5.943,-1.022,-6.000,-3.500,joint_grid_transaction,40,40,2,9,8,0.000,1.00,1.519,False,None,0.000,False
57.856,8,en_route_pickup,5.797,-0.184,0.000,-3.500,joint_grid_transaction,40,40,3,9,7,0.000,1.00,3.081,False,None,0.000,False
58.368,1,en_route_delivery,-4.389,0.617,-3.000,-1.500,joint_grid_transaction,40,40,4,9,1,0.000,1.00,-0.991,False,None,0.000,False
58.368,2,en_route_pickup,-2.101,2.008,-1.000,1.500,joint_grid_transaction,40,40,4,9,2,0.000,1.00,0.099,False,None,0.000,False
58.368,3,en_route_pickup,-3.048,2.827,-3.000,1.500,joint_grid_transaction,40,40,4,9,3,0.000,1.00,-2.704,False,joint_slot_deadline,58.708,False
58.368,4,en_route_pickup,4.262,1.608,0.000,3.500,joint_grid_transaction,40,40,3,8,4,0.000,1.00,1.468,False,None,0.000,False
58.368,5,en_route_pickup,-3.936,1.938,1.000,1.500,joint_grid_transaction,40,40,4,9,5,0.000,1.00,0.331,False,None,0.000,False
58.368,6,en_route_pickup,3.866,-1.960,-1.000,-1.500,joint_grid_transaction,40,40,4,9,6,0.000,1.00,2.934,False,None,0.000,False
58.368,7,en_route_pickup,-5.941,-1.081,-6.000,-3.500,joint_grid_transaction,40,40,3,9,8,0.000,1.00,1.525,False,None,0.000,False
58.368,8,en_route_pickup,5.750,-0.182,0.000,-3.500,joint_grid_transaction,40,40,3,9,7,0.000,1.00,3.108,False,None,0.000,False
58.880,1,en_route_delivery,-4.344,0.534,-3.000,-1.500,joint_grid_transaction,40,40,4,9,1,0.000,1.00,-1.148,False,None,0.000,False
58.880,2,en_route_pickup,-2.018,2.000,-1.000,1.500,joint_grid_transaction,40,40,4,9,2,0.000,1.00,0.098,False,None,0.000,False
58.880,3,en_route_pickup,-3.033,2.817,-3.000,1.500,joint_grid_transaction,40,40,5,9,3,0.000,1.00,-2.532,False,None,0.000,False
58.880,4,en_route_pickup,4.270,1.681,0.000,3.500,joint_grid_transaction,40,40,3,8,4,0.000,1.00,1.469,False,None,0.000,False
58.880,5,en_route_pickup,-3.845,1.962,1.000,1.500,joint_grid_transaction,40,40,4,9,5,0.000,1.00,0.196,False,None,0.000,False
58.880,6,en_route_pickup,3.773,-1.976,-1.000,-1.500,joint_grid_transaction,40,40,4,9,6,0.000,1.00,3.006,False,None,0.000,False
58.880,7,en_route_pickup,-5.938,-1.144,-6.000,-3.500,joint_grid_transaction,40,40,3,9,8,0.000,1.00,1.512,False,None,0.000,False
58.880,8,en_route_pickup,5.703,-0.182,0.000,-3.500,joint_grid_transaction,40,40,3,9,7,0.000,1.00,-3.125,False,None,0.000,False
59.392,1,en_route_delivery,-4.309,0.446,-3.000,-1.500,joint_grid_transaction,41,41,2,9,1,0.000,1.00,-1.248,False,None,0.000,False
59.392,2,en_route_pickup,-1.939,1.992,-1.000,1.500,joint_grid_transaction,41,41,2,7,2,0.000,1.00,0.097,False,None,0.000,False
59.392,3,en_route_pickup,-3.022,2.809,-3.000,1.500,joint_grid_transaction,41,41,1,9,3,0.000,0.85,-2.448,False,None,0.000,False
59.392,4,en_route_pickup,4.277,1.750,0.000,3.500,joint_grid_transaction,41,41,1,9,4,0.000,1.00,1.471,False,None,0.000,False
59.392,5,en_route_pickup,-3.751,1.977,1.000,1.500,joint_grid_transaction,41,41,1,8,5,0.000,1.00,0.133,False,None,0.000,False
59.392,6,en_route_pickup,3.679,-1.987,-1.000,-1.500,joint_grid_transaction,41,41,2,9,6,0.000,1.00,3.047,False,None,0.000,False
59.392,7,en_route_pickup,-5.934,-1.202,-6.000,-3.500,joint_grid_transaction,41,41,1,8,8,0.000,1.00,1.511,False,None,0.000,False
59.392,8,en_route_pickup,5.626,-0.185,0.000,-3.500,joint_grid_transaction,41,41,2,9,7,0.000,1.00,-3.105,False,None,0.000,False
59.904,1,en_route_delivery,-4.286,0.354,-3.000,-1.500,joint_grid_transaction,41,41,2,9,1,0.000,1.00,-1.383,False,None,0.000,False
59.904,2,en_route_pickup,-1.862,1.985,-1.000,1.500,joint_grid_transaction,41,41,2,7,2,0.000,1.00,0.096,False,None,0.000,False
59.904,3,en_route_pickup,-3.041,2.812,-3.000,1.500,joint_grid_transaction,41,41,2,9,3,0.000,1.00,-2.557,False,joint_slot_deadline,60.308,False
59.904,4,en_route_pickup,4.279,1.780,0.000,3.500,joint_grid_transaction,41,41,2,9,4,0.000,1.00,1.825,False,None,0.000,False
59.904,5,en_route_pickup,-3.719,1.981,1.000,1.500,joint_grid_transaction,41,41,1,8,5,0.000,0.55,0.120,False,joint_slot_deadline,60.308,False
59.904,6,en_route_pickup,3.594,-1.995,-1.000,-1.500,joint_grid_transaction,41,41,2,9,6,0.000,1.00,3.049,False,None,0.000,False
59.904,7,en_route_pickup,-5.932,-1.249,-6.000,-3.500,joint_grid_transaction,41,41,1,8,8,0.000,1.00,1.538,False,None,0.000,False
59.904,8,en_route_pickup,5.545,-0.190,0.000,-3.500,joint_grid_transaction,41,41,2,9,7,0.000,1.00,-3.073,False,None,0.000,False
60.416,1,en_route_delivery,-4.272,0.260,-3.000,-1.500,joint_grid_transaction,41,41,2,9,1,0.000,1.00,-1.446,False,None,0.000,False
60.416,2,en_route_pickup,-1.789,1.978,-1.000,1.500,joint_grid_transaction,41,41,2,7,2,0.000,1.00,0.095,False,None,0.000,False
60.416,3,en_route_pickup,-3.032,2.804,-3.000,1.500,joint_grid_transaction,41,41,3,9,3,0.000,1.00,-2.462,False,None,0.000,False
60.416,4,en_route_pickup,4.260,1.770,0.000,3.500,joint_grid_transaction,41,41,2,9,4,0.000,1.00,2.173,False,None,0.000,False
60.416,5,en_route_pickup,-3.714,1.982,1.000,1.500,joint_grid_transaction,41,41,2,8,5,0.000,0.55,0.121,False,None,0.000,False
60.416,6,en_route_pickup,3.511,-2.002,-1.000,-1.500,joint_grid_transaction,41,41,2,9,6,0.000,1.00,3.050,False,None,0.000,False
60.416,7,en_route_pickup,-5.932,-1.295,-6.000,-3.500,joint_grid_transaction,41,41,1,8,8,0.000,1.00,1.587,False,None,0.000,False
60.416,8,en_route_pickup,5.459,-0.200,0.000,-3.500,joint_grid_transaction,41,41,2,9,7,0.000,1.00,-3.018,False,None,0.000,False
60.928,1,en_route_delivery,-4.262,0.168,-3.000,-1.500,joint_grid_transaction,41,41,3,9,1,0.000,1.00,-1.478,False,None,0.000,False
60.928,2,en_route_pickup,-1.722,1.971,-1.000,1.500,joint_grid_transaction,41,41,2,7,2,0.000,1.00,0.094,False,None,0.000,False
60.928,3,en_route_pickup,-2.987,2.752,-3.000,1.500,joint_grid_transaction,41,41,3,9,3,0.000,1.00,-1.941,False,None,0.000,False
60.928,4,en_route_pickup,4.200,1.842,0.000,3.500,joint_grid_transaction,41,41,2,9,4,0.000,1.00,2.352,False,None,0.000,False
60.928,5,en_route_pickup,-3.646,1.990,1.000,1.500,joint_grid_transaction,41,41,2,8,5,0.000,1.00,0.113,False,None,0.000,False
60.928,6,en_route_pickup,3.431,-2.010,-1.000,-1.500,joint_grid_transaction,41,41,3,9,6,0.000,1.00,3.051,False,None,0.000,False
60.928,7,en_route_pickup,-5.935,-1.373,-6.000,-3.500,joint_grid_transaction,41,41,2,8,8,0.000,1.00,1.603,False,None,0.000,False
60.928,8,en_route_pickup,5.364,-0.212,0.000,-3.500,joint_grid_transaction,41,41,3,9,7,0.000,1.00,-3.028,False,None,0.000,False
61.440,1,en_route_delivery,-4.254,0.083,-3.000,-1.500,joint_grid_transaction,41,41,3,9,1,0.000,1.00,-1.478,False,None,0.000,False
61.440,2,en_route_pickup,-1.652,1.965,-1.000,1.500,joint_grid_transaction,41,41,3,7,2,0.000,1.00,0.095,False,None,0.000,False
61.440,3,en_route_pickup,-2.979,2.754,-3.000,1.500,joint_grid_transaction,41,41,3,9,3,0.000,1.00,-1.165,False,None,0.000,False
61.440,4,en_route_pickup,4.155,1.864,0.000,3.500,joint_grid_transaction,41,41,3,9,4,0.000,1.00,2.540,False,None,0.000,False
61.440,5,en_route_pickup,-3.593,1.996,1.000,1.500,joint_grid_transaction,41,41,2,8,5,0.000,0.70,0.096,False,None,0.000,False
61.440,6,en_route_pickup,3.354,-2.017,-1.000,-1.500,joint_grid_transaction,41,41,3,9,6,0.000,1.00,3.051,False,None,0.000,False
61.440,7,en_route_pickup,-5.940,-1.452,-6.000,-3.500,joint_grid_transaction,41,41,2,8,8,0.000,1.00,1.631,False,None,0.000,False
61.440,8,en_route_pickup,5.269,-0.222,0.000,-3.500,joint_grid_transaction,41,41,3,9,7,0.000,1.00,-3.033,False,None,0.000,False
61.952,1,en_route_delivery,-4.246,0.001,-3.000,-1.500,joint_grid_transaction,41,41,3,9,1,0.000,1.00,-1.479,False,None,0.000,False
61.952,2,en_route_pickup,-1.585,1.959,-1.000,1.500,joint_grid_transaction,41,41,3,7,2,0.000,1.00,0.094,False,None,0.000,False
61.952,3,en_route_pickup,-2.937,2.806,-3.000,1.500,joint_grid_transaction,41,41,4,9,3,0.000,1.00,-0.649,False,None,0.000,False
61.952,4,en_route_pickup,4.072,1.908,0.000,3.500,joint_grid_transaction,41,41,3,9,4,0.000,1.00,2.738,False,None,0.000,False
61.952,5,en_route_pickup,-3.553,2.000,1.000,1.500,joint_grid_transaction,41,41,2,8,5,0.000,0.70,0.095,False,None,0.000,False
61.952,6,en_route_pickup,3.281,-2.023,-1.000,-1.500,joint_grid_transaction,41,41,3,9,6,0.000,1.00,3.052,False,None,0.000,False
61.952,7,en_route_pickup,-5.949,-1.536,-6.000,-3.500,joint_grid_transaction,41,41,2,8,8,0.000,1.00,1.681,False,None,0.000,False
61.952,8,en_route_pickup,5.177,-0.232,0.000,-3.500,joint_grid_transaction,41,41,4,9,7,0.000,1.00,-3.041,False,None,0.000,False
62.464,1,en_route_delivery,-4.239,-0.078,-3.000,-1.500,joint_grid_transaction,41,41,4,9,1,0.000,1.00,-1.480,False,None,0.000,False
62.464,2,en_route_pickup,-1.525,1.953,-1.000,1.500,joint_grid_transaction,41,41,3,7,2,0.000,1.00,0.093,False,None,0.000,False
62.464,3,en_route_pickup,-2.900,2.828,-3.000,1.500,joint_grid_transaction,41,41,4,9,3,0.000,1.00,-0.037,False,None,0.000,False
62.464,4,en_route_pickup,3.983,1.941,0.000,3.500,joint_grid_transaction,41,41,3,9,4,0.000,1.00,2.831,False,None,0.000,False
62.464,5,en_route_pickup,-3.482,2.007,1.000,1.500,joint_grid_transaction,41,41,2,8,5,0.000,1.00,0.099,False,None,0.000,False
62.464,6,en_route_pickup,3.214,-2.029,-1.000,-1.500,joint_grid_transaction,41,41,3,9,6,0.000,1.00,3.052,False,None,0.000,False
62.464,7,en_route_pickup,-5.959,-1.630,-6.000,-3.500,joint_grid_transaction,41,41,3,8,8,0.000,1.00,1.683,False,None,0.000,False
62.464,8,en_route_pickup,5.091,-0.241,0.000,-3.500,joint_grid_transaction,41,41,4,9,7,0.000,1.00,-3.043,False,None,0.000,False
62.976,1,en_route_delivery,-4.232,-0.154,-3.000,-1.500,joint_grid_transaction,41,41,4,9,1,0.000,1.00,-1.480,False,None,0.000,False
62.976,2,en_route_pickup,-1.475,1.949,-1.000,1.500,joint_grid_transaction,41,41,3,7,2,0.000,1.00,0.077,False,None,0.000,False
62.976,3,en_route_pickup,-2.918,2.837,-3.000,1.500,joint_grid_transaction,41,41,4,9,3,0.000,1.00,-0.499,False,None,0.000,False
62.976,4,en_route_pickup,3.891,1.965,0.000,3.500,joint_grid_transaction,41,41,4,9,4,0.000,1.00,2.954,False,None,0.000,False
62.976,5,en_route_pickup,-3.405,2.014,1.000,1.500,joint_grid_transaction,41,41,3,8,5,0.000,1.00,0.098,False,None,0.000,False
62.976,6,en_route_pickup,3.143,-2.036,-1.000,-1.500,joint_grid_transaction,41,41,4,9,6,0.000,1.00,3.051,False,None,0.000,False
62.976,7,en_route_pickup,-5.970,-1.725,-6.000,-3.500,joint_grid_transaction,41,41,3,8,8,0.000,1.00,1.681,False,None,0.000,False
62.976,8,en_route_pickup,5.007,-0.249,0.000,-3.500,joint_grid_transaction,41,41,4,9,7,0.000,1.00,-3.044,False,None,0.000,False
63.488,1,en_route_delivery,-4.226,-0.227,-3.000,-1.500,joint_grid_transaction,41,41,4,9,1,0.000,1.00,-1.481,False,None,0.000,False
63.488,2,en_route_pickup,-1.415,1.945,-1.000,1.500,joint_grid_transaction,41,41,4,7,2,0.000,1.00,0.065,False,None,0.000,False
63.488,3,en_route_pickup,-2.902,2.847,-3.000,1.500,joint_grid_transaction,41,41,5,9,3,0.000,1.00,-0.561,False,joint_slot_deadline,63.908,False
63.488,4,en_route_pickup,3.797,1.979,0.000,3.500,joint_grid_transaction,41,41,4,9,4,0.000,1.00,3.023,False,None,0.000,False
63.488,5,en_route_pickup,-3.331,2.021,1.000,1.500,joint_grid_transaction,41,41,3,8,5,0.000,1.00,0.097,False,None,0.000,False
63.488,6,en_route_pickup,3.077,-2.042,-1.000,-1.500,joint_grid_transaction,41,41,4,9,6,0.000,1.00,3.051,False,None,0.000,False
63.488,7,en_route_pickup,-5.980,-1.818,-6.000,-3.500,joint_grid_transaction,41,41,4,8,8,0.000,1.00,1.672,False,None,0.000,False
63.488,8,en_route_pickup,4.927,-0.257,0.000,-3.500,joint_grid_transaction,41,41,5,9,7,0.000,1.00,-3.045,False,None,0.000,False
64.000,1,en_route_delivery,-4.219,-0.294,-3.000,-1.500,joint_grid_transaction,41,41,4,9,1,0.000,1.00,-1.479,False,None,0.000,False
64.000,2,en_route_delivery,-1.351,1.941,0.000,-3.500,joint_grid_transaction,41,41,4,17,2,0.000,1.00,0.066,False,None,0.000,True
64.000,3,en_route_pickup,-2.901,2.845,-3.000,1.500,joint_grid_transaction,41,41,5,9,3,0.000,1.00,-0.548,False,joint_slot_deadline,63.908,False
64.000,4,en_route_pickup,3.705,1.988,0.000,3.500,joint_grid_transaction,41,41,4,9,4,0.000,1.00,3.045,False,None,0.000,False
64.000,5,en_route_pickup,-3.262,2.028,1.000,1.500,joint_grid_transaction,41,41,3,8,5,0.000,1.00,0.096,False,None,0.000,False
64.000,6,en_route_pickup,3.016,-2.047,-1.000,-1.500,joint_grid_transaction,41,41,4,9,6,0.000,1.00,3.052,False,None,0.000,False
64.000,7,en_route_pickup,-5.989,-1.905,-6.000,-3.500,joint_grid_transaction,41,41,4,8,8,0.000,1.00,1.670,False,None,0.000,False
64.000,8,en_route_pickup,4.850,-0.264,0.000,-3.500,joint_grid_transaction,41,41,5,9,7,0.000,1.00,-3.046,False,None,0.000,False
64.512,1,en_route_delivery,-4.213,-0.364,-3.000,-1.500,joint_grid_transaction,41,41,5,9,1,0.000,1.00,-1.480,False,None,0.000,False
64.512,2,en_route_delivery,-1.293,1.937,0.000,-3.500,joint_grid_transaction,41,41,4,17,2,0.000,1.00,0.067,False,None,0.000,False
64.512,3,en_route_pickup,-2.901,2.845,-3.000,1.500,joint_grid_transaction,41,41,6,9,3,0.000,1.00,-0.548,False,joint_slot_deadline,65.108,False
64.512,4,en_route_pickup,3.621,1.996,0.000,3.500,joint_grid_transaction,41,41,5,9,4,0.000,1.00,3.046,False,None,0.000,False
64.512,5,en_route_pickup,-3.210,2.032,1.000,1.500,joint_grid_transaction,41,41,4,8,5,0.000,0.85,0.082,False,None,0.000,False
64.512,6,en_route_pickup,2.968,-2.051,-1.000,-1.500,joint_grid_transaction,41,41,4,9,6,0.000,1.00,3.075,False,None,0.000,False
64.512,7,en_route_pickup,-5.997,-1.989,-6.000,-3.500,joint_grid_transaction,41,41,4,8,8,0.000,1.00,1.669,False,None,0.000,False
64.512,8,en_route_pickup,4.776,-0.271,0.000,-3.500,joint_grid_transaction,41,41,5,9,7,0.000,1.00,-3.047,False,None,0.000,False
65.024,1,en_route_delivery,-4.208,-0.429,-3.000,-1.500,joint_grid_transaction,44,44,2,13,1,0.000,1.00,-1.484,False,None,0.000,False
65.024,2,en_route_delivery,-1.303,1.944,0.000,-3.500,joint_grid_transaction,44,44,1,12,2,0.000,1.00,0.508,False,None,0.000,False
65.024,3,en_route_pickup,-2.944,2.885,-3.000,1.500,joint_grid_transaction,44,44,1,9,3,0.000,1.00,-0.943,False,None,0.000,False
65.024,4,en_route_pickup,3.540,2.004,0.000,3.500,joint_grid_transaction,44,44,2,13,4,0.000,1.00,3.048,False,None,0.000,False
65.024,5,en_route_pickup,-3.141,2.038,1.000,1.500,joint_grid_transaction,44,44,2,13,5,0.000,1.00,0.084,False,None,0.000,False
65.024,6,en_route_pickup,2.905,-2.055,-1.000,-1.500,joint_grid_transaction,44,44,2,13,6,0.000,1.00,3.077,False,None,0.000,False
65.024,7,en_route_pickup,-6.005,-2.070,-6.000,-3.500,joint_grid_transaction,44,44,2,7,8,0.000,1.00,1.668,False,None,0.000,False
65.024,8,en_route_pickup,4.709,-0.278,0.000,-3.500,joint_grid_transaction,44,44,2,13,7,0.000,1.00,-3.046,False,None,0.000,False
65.536,1,en_route_delivery,-4.202,-0.489,-3.000,-1.500,joint_grid_transaction,44,44,2,13,1,0.000,1.00,-1.485,False,None,0.000,False
65.536,2,en_route_delivery,-1.330,1.965,0.000,-3.500,_priority_yield_direct,45,44,0,7,2,0.000,0.60,0.768,False,None,0.000,False
65.536,3,en_route_pickup,-2.956,2.904,-3.000,1.500,joint_grid_transaction,44,44,1,9,3,67.020,0.40,-1.162,False,None,0.000,False
65.536,4,en_route_pickup,3.469,2.011,0.000,3.500,joint_grid_transaction,44,44,2,13,4,0.000,1.00,3.049,False,None,0.000,False
65.536,5,en_route_pickup,-3.075,2.044,1.000,1.500,joint_grid_transaction,44,44,2,13,5,0.000,1.00,0.084,False,None,0.000,False
65.536,6,en_route_pickup,2.841,-2.059,-1.000,-1.500,joint_grid_transaction,44,44,2,13,6,0.000,1.00,3.076,False,None,0.000,False
65.536,7,en_route_pickup,-6.013,-2.148,-6.000,-3.500,joint_grid_transaction,44,44,2,7,8,0.000,1.00,1.667,False,None,0.000,False
65.536,8,en_route_pickup,4.638,-0.284,0.000,-3.500,joint_grid_transaction,44,44,2,13,7,0.000,1.00,-3.047,False,None,0.000,False
66.048,1,en_route_delivery,-4.199,-0.538,-3.000,-1.500,joint_grid_transaction,44,44,2,13,1,0.000,1.00,-1.506,False,None,0.000,False
66.048,2,en_route_delivery,-1.348,1.985,0.000,-3.500,_priority_yield_direct,45,44,0,7,2,0.000,0.60,0.939,False,None,0.000,False
66.048,3,en_route_pickup,-2.956,2.904,-3.000,1.500,joint_grid_transaction,44,44,1,9,3,67.020,0.40,-1.162,False,None,0.000,False
66.048,4,en_route_pickup,3.436,2.014,0.000,3.500,joint_grid_transaction,44,44,3,13,4,0.000,1.00,3.044,False,None,0.000,False
66.048,5,en_route_pickup,-3.015,2.049,1.000,1.500,joint_grid_transaction,44,44,2,13,5,0.000,1.00,0.083,False,None,0.000,False
66.048,6,en_route_pickup,2.784,-2.063,-1.000,-1.500,joint_grid_transaction,44,44,2,13,6,0.000,1.00,3.075,False,None,0.000,False
66.048,7,en_route_pickup,-6.020,-2.222,-6.000,-3.500,joint_grid_transaction,44,44,2,7,8,0.000,1.00,1.666,False,None,0.000,False
66.048,8,en_route_pickup,4.571,-0.291,0.000,-3.500,joint_grid_transaction,44,44,2,13,7,0.000,1.00,-3.048,False,None,0.000,False
66.560,1,en_route_delivery,-4.194,-0.604,-3.000,-1.500,joint_grid_transaction,44,44,3,13,1,0.000,1.00,-1.502,False,None,0.000,False
66.560,2,en_route_delivery,-1.359,2.003,0.000,-3.500,_priority_yield_direct,45,44,0,7,2,0.000,0.60,1.144,False,None,0.000,False
66.560,3,en_route_pickup,-2.956,2.904,-3.000,1.500,joint_grid_transaction,44,44,1,9,3,67.020,0.40,-1.162,False,None,0.000,False
66.560,4,en_route_pickup,3.361,2.021,0.000,3.500,joint_grid_transaction,44,44,3,13,4,0.000,1.00,3.045,False,None,0.000,False
66.560,5,en_route_pickup,-2.966,2.052,1.000,1.500,joint_grid_transaction,44,44,2,13,5,0.000,1.00,0.062,False,None,0.000,False
66.560,6,en_route_pickup,2.738,-2.065,-1.000,-1.500,joint_grid_transaction,44,44,2,13,6,0.000,1.00,3.108,False,None,0.000,False
66.560,7,en_route_pickup,-6.026,-2.291,-6.000,-3.500,joint_grid_transaction,44,44,2,7,8,0.000,1.00,1.666,False,None,0.000,False
66.560,8,en_route_pickup,4.511,-0.296,0.000,-3.500,joint_grid_transaction,44,44,2,13,7,0.000,1.00,-3.049,False,None,0.000,False
67.072,1,en_route_delivery,-4.190,-0.666,-3.000,-1.500,joint_grid_transaction,44,44,3,13,1,0.000,1.00,-1.501,False,None,0.000,False
67.072,2,en_route_delivery,-1.363,2.016,0.000,-3.500,_priority_yield_direct,45,44,0,7,2,0.000,0.60,1.384,False,None,0.000,False
67.072,3,en_route_pickup,-2.956,2.904,-3.000,1.500,joint_grid_transaction,44,44,1,9,3,68.524,0.40,-1.165,False,None,0.000,False
67.072,4,en_route_pickup,3.291,2.028,0.000,3.500,joint_grid_transaction,44,44,3,13,4,0.000,1.00,3.046,False,None,0.000,False
67.072,5,en_route_pickup,-2.901,2.056,1.000,1.500,joint_grid_transaction,44,44,3,13,5,0.000,1.00,0.062,False,None,0.000,False
67.072,6,en_route_pickup,2.683,-2.065,-1.000,-1.500,joint_grid_transaction,44,44,3,13,6,0.000,1.00,-3.139,False,None,0.000,False
67.072,7,en_route_pickup,-6.033,-2.362,-6.000,-3.500,joint_grid_transaction,44,44,3,7,8,0.000,1.00,1.665,False,None,0.000,False
67.072,8,en_route_pickup,4.463,-0.300,0.000,-3.500,joint_grid_transaction,44,44,2,13,7,0.000,1.00,-3.070,False,None,0.000,False
67.584,1,en_route_delivery,-4.186,-0.722,-3.000,-1.500,joint_grid_transaction,44,44,3,13,1,0.000,1.00,-1.500,False,None,0.000,False
67.584,2,en_route_delivery,-1.363,2.019,0.000,-3.500,_priority_yield_direct,45,44,0,7,2,0.000,0.60,1.602,False,None,0.000,False
67.584,3,en_route_pickup,-2.956,2.904,-3.000,1.500,joint_grid_transaction,44,44,1,9,3,68.524,0.40,-1.165,False,None,0.000,False
67.584,4,en_route_pickup,3.227,2.034,0.000,3.500,joint_grid_transaction,44,44,3,13,4,0.000,1.00,3.047,False,None,0.000,False
67.584,5,en_route_pickup,-2.838,2.060,1.000,1.500,joint_grid_transaction,44,44,3,13,5,0.000,1.00,0.063,False,None,0.000,False
67.584,6,en_route_pickup,2.611,-2.065,-1.000,-1.500,joint_grid_transaction,44,44,3,13,6,0.000,1.00,-3.137,False,None,0.000,False
67.584,7,en_route_pickup,-6.039,-2.429,-6.000,-3.500,joint_grid_transaction,44,44,3,7,8,0.000,1.00,1.664,False,None,0.000,False
67.584,8,en_route_pickup,4.468,-0.311,0.000,-3.500,joint_grid_transaction,44,44,3,13,7,0.000,1.00,-2.684,False,None,0.000,False
68.096,1,en_route_delivery,-4.184,-0.765,-3.000,-1.500,joint_grid_transaction,44,44,3,13,1,0.000,1.00,-1.543,False,None,0.000,False
68.096,2,en_route_delivery,-1.364,2.017,0.000,-3.500,_priority_yield_direct,45,44,0,7,2,0.000,0.60,1.745,False,None,0.000,False
68.096,3,en_route_pickup,-2.956,2.904,-3.000,1.500,joint_grid_transaction,44,44,1,9,3,68.524,0.40,-1.165,False,None,0.000,False
68.096,4,en_route_pickup,3.161,2.041,0.000,3.500,joint_grid_transaction,44,44,4,13,4,0.000,1.00,3.045,False,None,0.000,False
68.096,5,en_route_pickup,-2.781,2.064,1.000,1.500,joint_grid_transaction,44,44,3,13,5,0.000,1.00,0.064,False,None,0.000,False
68.096,6,en_route_pickup,2.542,-2.064,-1.000,-1.500,joint_grid_transaction,44,44,3,13,6,0.000,1.00,-3.132,False,None,0.000,False
68.096,7,en_route_pickup,-6.045,-2.490,-6.000,-3.500,joint_grid_transaction,44,44,3,7,8,0.000,1.00,1.664,False,None,0.000,False
68.096,8,en_route_pickup,4.410,-0.354,0.000,-3.500,joint_grid_transaction,44,44,4,13,7,0.000,1.00,-2.429,False,None,0.000,False
68.608,1,en_route_delivery,-4.184,-0.823,-3.000,-1.500,joint_grid_transaction,44,44,4,13,1,0.000,1.00,-1.575,False,None,0.000,False
68.608,2,en_route_delivery,-1.372,2.042,0.000,-3.500,_priority_yield_direct,45,44,0,7,2,0.000,0.60,1.795,False,None,0.000,False
68.608,3,en_route_pickup,-2.956,2.905,-3.000,1.500,joint_grid_transaction,44,44,1,9,3,70.028,0.40,-1.168,False,None,0.000,False
68.608,4,en_route_pickup,3.096,2.047,0.000,3.500,joint_grid_transaction,44,44,4,13,4,0.000,1.00,3.046,False,None,0.000,False
68.608,5,en_route_pickup,-2.736,2.066,1.000,1.500,joint_grid_transaction,44,44,3,13,5,0.000,1.00,0.026,False,None,0.000,False
68.608,6,en_route_pickup,2.477,-2.062,-1.000,-1.500,joint_grid_transaction,44,44,3,13,6,0.000,1.00,-3.121,False,None,0.000,False
68.608,7,en_route_pickup,-6.049,-2.540,-6.000,-3.500,joint_grid_transaction,44,44,3,7,8,0.000,1.00,1.649,False,None,0.000,False
68.608,8,en_route_pickup,4.405,-0.397,0.000,-3.500,joint_grid_transaction,44,44,4,13,7,0.000,1.00,-2.201,False,None,0.000,False
69.120,1,en_route_delivery,-4.185,-0.895,-3.000,-1.500,joint_grid_transaction,48,44,4,9,1,0.000,1.00,-1.585,False,None,0.000,False
69.120,2,en_route_delivery,-1.381,2.071,0.000,-3.500,joint_grid_transaction,48,44,0,9,2,0.000,0.60,1.841,False,None,0.000,False
69.120,3,en_route_pickup,-2.956,2.904,-3.000,1.500,joint_grid_transaction,48,44,1,7,3,70.028,0.40,-1.165,False,None,0.000,False
69.120,4,en_route_pickup,3.038,2.053,0.000,3.500,joint_grid_transaction,48,44,4,9,4,0.000,1.00,3.047,False,None,0.000,False
69.120,5,en_route_pickup,-2.680,2.066,1.000,1.500,joint_grid_transaction,48,44,4,9,5,0.000,1.00,0.010,False,None,0.000,False
69.120,6,en_route_pickup,2.402,-2.059,-1.000,-1.500,joint_grid_transaction,48,44,4,9,6,0.000,1.00,-3.100,False,None,0.000,False
69.120,7,en_route_pickup,-6.054,-2.605,-6.000,-3.500,joint_grid_transaction,48,44,4,5,8,0.000,1.00,1.642,False,None,0.000,False
69.120,8,en_route_pickup,4.356,-0.476,0.000,-3.500,joint_grid_transaction,48,44,4,9,7,0.000,1.00,-2.057,False,None,0.000,False
69.632,1,en_route_delivery,-4.188,-0.967,-3.000,-1.500,joint_grid_transaction,48,48,2,9,1,0.000,1.00,-1.598,False,None,0.000,False
69.632,2,en_route_delivery,-1.379,2.078,0.000,-3.500,joint_grid_transaction,48,48,2,9,2,0.000,1.00,1.612,False,None,0.000,False
69.632,3,en_route_pickup,-2.956,2.904,-3.000,1.500,joint_grid_transaction,48,48,1,7,3,70.028,0.40,-1.165,False,joint_slot_deadline,70.292,False
69.632,4,en_route_pickup,2.991,2.056,0.000,3.500,joint_grid_transaction,48,48,1,9,4,0.000,1.00,3.074,False,None,0.000,False
69.632,5,en_route_pickup,-2.605,2.064,1.000,1.500,joint_grid_transaction,48,48,2,9,5,0.000,1.00,0.019,False,None,0.000,False
69.632,6,en_route_pickup,2.316,-2.053,-1.000,-1.500,joint_grid_transaction,48,48,2,9,6,0.000,1.00,-3.066,False,None,0.000,False
69.632,7,en_route_pickup,-6.059,-2.668,-6.000,-3.500,joint_grid_transaction,48,48,2,5,8,0.000,1.00,1.643,False,None,0.000,False
69.632,8,en_route_pickup,4.323,-0.545,0.000,-3.500,joint_grid_transaction,48,48,2,9,7,0.000,1.00,-1.986,False,joint_slot_deadline,70.292,False
70.144,1,en_route_delivery,-4.192,-1.037,-3.000,-1.500,joint_grid_transaction,48,48,2,9,1,0.000,1.00,-1.626,False,None,0.000,False
70.144,2,en_route_delivery,-1.378,2.122,0.000,-3.500,joint_grid_transaction,48,48,2,9,2,0.000,1.00,1.541,False,None,0.000,False
70.144,3,en_route_pickup,-2.956,2.904,-3.000,1.500,joint_grid_transaction,48,48,1,7,3,0.000,1.00,-1.165,False,joint_slot_deadline,70.292,False
70.144,4,en_route_pickup,2.940,2.058,0.000,3.500,joint_grid_transaction,48,48,2,9,4,0.000,1.00,3.102,False,None,0.000,False
70.144,5,en_route_pickup,-2.531,2.061,1.000,1.500,joint_grid_transaction,48,48,2,9,5,0.000,1.00,0.037,False,None,0.000,False
70.144,6,en_route_pickup,2.223,-2.043,-1.000,-1.500,joint_grid_transaction,48,48,2,9,6,0.000,1.00,-3.011,False,None,0.000,False
70.144,7,en_route_pickup,-6.063,-2.724,-6.000,-3.500,joint_grid_transaction,48,48,2,5,8,0.000,1.00,1.643,False,None,0.000,False
70.144,8,en_route_pickup,4.323,-0.545,0.000,-3.500,joint_grid_transaction,48,48,2,9,7,0.000,1.00,-1.986,False,joint_slot_deadline,70.292,False
70.656,1,en_route_delivery,-4.196,-1.095,-3.000,-1.500,joint_grid_transaction,49,48,3,2,1,0.000,1.00,-1.607,False,None,0.000,False
70.656,2,en_route_delivery,-1.373,2.175,0.000,-3.500,joint_grid_transaction,49,48,2,6,2,0.000,1.00,1.546,False,None,0.000,False
70.656,3,en_route_pickup,-2.940,2.881,-3.000,1.500,joint_grid_transaction,49,48,2,2,3,72.028,0.40,-0.900,False,None,0.000,False
70.656,4,en_route_pickup,2.879,2.061,0.000,3.500,joint_grid_transaction,49,48,2,2,4,0.000,1.00,3.053,False,None,0.000,False
70.656,5,en_route_pickup,-2.456,2.055,1.000,1.500,joint_grid_transaction,49,48,2,3,5,0.000,1.00,0.071,False,None,0.000,False
70.656,6,en_route_pickup,2.160,-2.034,-1.000,-1.500,joint_grid_transaction,49,48,3,3,6,0.000,1.00,-3.015,False,None,0.000,False
70.656,7,en_route_pickup,-6.064,-2.770,-6.000,-3.500,joint_grid_transaction,49,48,2,2,8,0.000,1.00,1.607,False,None,0.000,False
70.656,8,en_route_pickup,4.302,-0.599,0.000,-3.500,joint_grid_transaction,49,48,3,4,7,0.000,1.00,-1.862,False,None,0.000,False
71.168,1,en_route_delivery,-4.181,-1.062,-3.000,-1.500,joint_grid_transaction,49,49,1,2,1,0.000,1.00,-0.943,False,None,0.000,False
71.168,2,en_route_delivery,-1.382,2.182,0.000,-3.500,joint_grid_transaction,49,49,1,6,2,0.000,1.00,1.938,False,None,0.000,False
71.168,3,en_route_pickup,-2.933,2.872,-3.000,1.500,joint_grid_transaction,49,49,1,2,3,72.028,0.40,-0.823,False,None,0.000,False
71.168,4,en_route_pickup,2.824,2.079,0.000,3.500,joint_grid_transaction,49,49,1,2,4,0.000,1.00,2.869,False,None,0.000,False
71.168,5,en_route_pickup,-2.387,2.050,1.000,1.500,joint_grid_transaction,49,49,1,3,5,0.000,0.40,0.073,False,None,0.000,False
71.168,6,en_route_pickup,2.107,-2.028,-1.000,-1.500,joint_grid_transaction,49,49,1,3,6,0.000,1.00,-3.032,False,None,0.000,False
71.168,7,en_route_pickup,-6.068,-2.843,-6.000,-3.500,joint_grid_transaction,49,49,1,2,8,0.000,1.00,1.625,False,None,0.000,False
71.168,8,en_route_pickup,4.284,-0.691,0.000,-3.500,joint_grid_transaction,49,49,1,4,7,0.000,1.00,-1.693,False,None,0.000,False
71.680,1,en_route_delivery,-4.154,-1.032,-3.000,-1.500,joint_grid_transaction,49,49,1,2,1,0.000,1.00,-0.685,False,None,0.000,False
71.680,2,en_route_delivery,-1.425,2.266,0.000,-3.500,joint_grid_transaction,49,49,1,6,2,0.000,1.00,2.103,False,None,0.000,False
71.680,3,en_route_pickup,-2.924,2.863,-3.000,1.500,joint_grid_transaction,49,49,1,2,3,72.028,0.40,-0.751,False,None,0.000,False
71.680,4,en_route_pickup,2.736,2.111,0.000,3.500,joint_grid_transaction,49,49,1,2,4,0.000,1.00,2.744,False,None,0.000,False
71.680,5,en_route_pickup,-2.374,2.049,1.000,1.500,joint_grid_transaction,49,49,1,3,5,0.000,0.40,0.074,False,None,0.000,False
71.680,6,en_route_pickup,2.053,-2.022,-1.000,-1.500,joint_grid_transaction,49,49,1,3,6,0.000,1.00,-3.036,False,None,0.000,False
71.680,7,en_route_delivery,-6.072,-2.913,-1.000,1.500,joint_grid_transaction,49,49,1,8,8,0.000,1.00,1.632,False,None,0.000,False
71.680,8,en_route_pickup,4.276,-0.782,0.000,-3.500,joint_grid_transaction,49,49,1,4,7,0.000,1.00,-1.655,False,None,0.000,False
72.192,1,en_route_delivery,-4.079,-1.079,-3.000,-1.500,joint_grid_transaction,49,49,1,2,1,0.000,1.00,-0.493,False,None,0.000,False
72.192,2,en_route_delivery,-1.476,2.347,0.000,-3.500,joint_grid_transaction,49,49,1,6,2,0.000,1.00,2.166,False,None,0.000,False
72.192,3,en_route_pickup,-2.902,2.845,-3.000,1.500,joint_grid_transaction,49,49,1,2,3,0.000,1.00,-0.551,False,None,0.000,False
72.192,4,en_route_pickup,2.649,2.151,0.000,3.500,joint_grid_transaction,49,49,1,2,4,0.000,1.00,2.697,False,None,0.000,False
72.192,5,en_route_pickup,-2.360,2.048,1.000,1.500,joint_grid_transaction,49,49,1,3,5,0.000,0.40,0.075,False,None,0.000,False
72.192,6,en_route_pickup,2.001,-2.017,-1.000,-1.500,joint_grid_transaction,49,49,1,3,6,0.000,1.00,-3.037,False,None,0.000,False
72.192,7,en_route_delivery,-6.076,-2.979,-1.000,1.500,joint_grid_transaction,49,49,1,8,8,0.000,1.00,1.633,False,None,0.000,False
72.192,8,en_route_pickup,4.268,-0.868,0.000,-3.500,joint_grid_transaction,49,49,1,4,7,0.000,1.00,-1.655,False,None,0.000,False
72.704,1,en_route_delivery,-4.020,-1.108,-3.000,-1.500,joint_grid_transaction,49,49,1,2,1,73.028,1.00,-0.430,False,None,0.000,False
72.704,2,en_route_delivery,-1.516,2.404,0.000,-3.500,joint_grid_transaction,49,49,1,6,2,0.000,0.40,2.185,False,None,0.000,False
72.704,3,en_route_pickup,-2.876,2.832,-3.000,1.500,joint_grid_transaction,49,49,1,2,3,0.000,0.40,-0.033,False,None,0.000,False
72.704,4,en_route_pickup,2.563,2.193,0.000,3.500,joint_grid_transaction,49,49,1,2,4,0.000,1.00,2.680,False,None,0.000,False
72.704,5,en_route_pickup,-2.342,2.046,1.000,1.500,joint_grid_transaction,49,49,1,3,5,0.000,0.55,0.076,False,None,0.000,False
72.704,6,en_route_pickup,1.949,-2.011,-1.000,-1.500,joint_grid_transaction,49,49,1,3,6,0.000,1.00,-3.039,False,None,0.000,False
72.704,7,en_route_delivery,-6.080,-3.042,-1.000,1.500,joint_grid_transaction,49,49,1,8,8,0.000,1.00,1.634,False,None,0.000,False
72.704,8,en_route_pickup,4.261,-0.953,0.000,-3.500,joint_grid_transaction,49,49,1,4,7,0.000,1.00,-1.655,False,None,0.000,False
73.216,1,en_route_delivery,-3.995,-1.120,-3.000,-1.500,joint_grid_transaction,49,49,1,2,1,0.000,1.00,-0.428,False,None,0.000,False
73.216,2,en_route_delivery,-1.522,2.416,0.000,-3.500,joint_grid_transaction,51,51,1,5,2,0.000,0.40,2.171,False,None,0.000,False
73.216,3,en_route_pickup,-2.877,2.832,-3.000,1.500,joint_grid_transaction,51,51,1,5,3,0.000,0.40,-0.112,False,None,0.000,False
73.216,4,en_route_pickup,2.492,2.225,0.000,3.500,joint_grid_transaction,51,51,1,5,4,0.000,1.00,2.732,False,None,0.000,False
73.216,5,en_route_pickup,-2.316,2.044,1.000,1.500,joint_grid_transaction,51,51,1,5,5,0.000,0.55,0.079,False,None,0.000,False
73.216,6,en_route_pickup,1.892,-2.006,-1.000,-1.500,joint_grid_transaction,51,51,2,5,6,0.000,1.00,-3.041,False,None,0.000,False
73.216,7,en_route_delivery,-6.082,-3.089,-1.000,1.500,joint_grid_transaction,51,51,1,5,8,0.000,1.00,1.480,False,None,0.000,False
73.216,8,en_route_pickup,4.254,-1.037,0.000,-3.500,joint_grid_transaction,51,51,1,5,7,0.000,1.00,-1.655,False,None,0.000,False
73.728,1,en_route_delivery,-3.907,-1.158,-3.000,-1.500,joint_grid_transaction,49,49,1,2,1,0.000,1.00,-0.386,False,None,0.000,False
73.728,2,en_route_delivery,-1.519,2.420,0.000,-3.500,joint_grid_transaction,51,51,1,5,2,75.020,0.40,2.127,False,None,0.000,False
73.728,3,en_route_pickup,-2.881,2.831,-3.000,1.500,joint_grid_transaction,51,51,1,5,3,0.000,0.40,-0.239,False,None,0.000,False
73.728,4,en_route_pickup,2.414,2.248,0.000,3.500,joint_grid_transaction,51,51,2,5,4,0.000,1.00,2.949,False,None,0.000,False
73.728,5,en_route_pickup,-2.264,2.039,1.000,1.500,joint_grid_transaction,51,51,1,5,5,0.000,1.00,0.106,False,None,0.000,False
73.728,6,en_route_pickup,1.810,-1.998,-1.000,-1.500,joint_grid_transaction,51,51,2,5,6,0.000,1.00,-3.042,False,None,0.000,False
73.728,7,en_route_delivery,-6.059,-3.046,-1.000,1.500,joint_grid_transaction,51,51,1,5,8,0.000,1.00,0.847,False,None,0.000,False
73.728,8,en_route_pickup,4.247,-1.121,0.000,-3.500,joint_grid_transaction,51,51,2,5,7,0.000,1.00,-1.655,False,None,0.000,False
74.240,1,en_route_delivery,-3.818,-1.193,-3.000,-1.500,joint_grid_transaction,49,49,1,2,1,0.000,1.00,-0.369,False,None,0.000,False
74.240,2,en_route_delivery,-1.519,2.420,0.000,-3.500,joint_grid_transaction,51,51,1,5,2,75.020,0.40,2.127,False,None,0.000,False
74.240,3,en_route_pickup,-2.886,2.829,-3.000,1.500,joint_grid_transaction,51,51,1,5,3,0.000,0.40,-0.352,False,None,0.000,False
74.240,4,en_route_pickup,2.322,2.259,0.000,3.500,joint_grid_transaction,51,51,2,5,4,0.000,1.00,3.071,False,None,0.000,False
74.240,5,en_route_pickup,-2.170,2.028,1.000,1.500,joint_grid_transaction,51,51,2,5,5,0.000,1.00,0.111,False,None,0.000,False
74.240,6,en_route_pickup,1.733,-1.990,-1.000,-1.500,joint_grid_transaction,51,51,2,5,6,0.000,1.00,-3.043,False,None,0.000,False
74.240,7,en_route_delivery,-6.015,-3.008,-1.000,1.500,joint_grid_transaction,51,51,1,5,8,0.000,1.00,0.411,False,None,0.000,False
74.240,8,en_route_pickup,4.240,-1.201,0.000,-3.500,joint_grid_transaction,51,51,2,5,7,0.000,1.00,-1.655,False,None,0.000,False
74.752,1,en_route_delivery,-3.729,-1.227,-3.000,-1.500,joint_grid_transaction,49,49,1,2,1,0.000,1.00,-0.362,False,None,0.000,False
74.752,2,en_route_delivery,-1.519,2.420,0.000,-3.500,joint_grid_transaction,51,51,1,5,2,75.020,0.40,2.127,False,None,0.000,False
74.752,3,en_route_pickup,-2.894,2.826,-3.000,1.500,joint_grid_transaction,51,51,1,5,3,0.000,0.40,-0.455,False,None,0.000,False
74.752,4,en_route_pickup,2.243,2.265,0.000,3.500,joint_grid_transaction,51,51,2,5,4,0.000,1.00,3.071,False,None,0.000,False
74.752,5,en_route_pickup,-2.080,2.019,1.000,1.500,joint_grid_transaction,51,51,2,5,5,0.000,1.00,0.102,False,None,0.000,False
74.752,6,en_route_pickup,1.657,-1.982,-1.000,-1.500,joint_grid_transaction,51,51,3,5,6,0.000,1.00,-3.044,False,None,0.000,False
74.752,7,en_route_delivery,-5.963,-3.015,-1.000,1.500,joint_grid_transaction,51,51,2,5,8,0.000,1.00,0.166,False,None,0.000,False
74.752,8,en_route_pickup,4.234,-1.277,0.000,-3.500,joint_grid_transaction,51,51,2,5,7,0.000,1.00,-1.655,False,None,0.000,False
75.264,1,en_route_delivery,-3.639,-1.261,-3.000,-1.500,joint_grid_transaction,52,52,1,2,1,0.000,1.00,-0.360,False,None,0.000,False
75.264,2,en_route_delivery,-1.510,2.434,0.000,-3.500,joint_grid_transaction,51,51,1,5,2,0.000,1.00,1.956,False,None,0.000,False
75.264,3,en_route_pickup,-2.901,2.822,-3.000,1.500,joint_grid_transaction,52,52,1,2,3,0.000,0.40,-0.548,False,None,0.000,False
75.264,4,en_route_pickup,2.189,2.269,0.000,3.500,joint_grid_transaction,52,52,1,2,4,0.000,1.00,2.951,False,None,0.000,False
75.264,5,en_route_pickup,-1.993,2.010,1.000,1.500,joint_grid_transaction,52,52,1,3,5,0.000,1.00,0.098,False,None,0.000,False
75.264,6,en_route_pickup,1.597,-1.977,-1.000,-1.500,joint_grid_transaction,52,52,1,3,6,0.000,1.00,-3.094,False,None,0.000,False
75.264,7,en_route_delivery,-5.898,-3.021,-1.000,1.500,joint_grid_transaction,52,52,1,13,8,0.000,1.00,0.176,False,None,0.000,False
75.264,8,en_route_pickup,4.228,-1.330,0.000,-3.500,joint_grid_transaction,52,52,1,3,7,0.000,1.00,-1.752,False,None,0.000,False
75.776,1,en_route_pickup,-3.550,-1.294,6.000,3.500,joint_grid_transaction,52,52,1,6,9,0.000,1.00,-0.359,False,None,0.000,False
75.776,2,en_route_delivery,-1.508,2.455,0.000,-3.500,_command_reverse,53,51,0,1,2,0.000,1.00,1.439,False,None,0.000,False
75.776,3,en_route_pickup,-2.910,2.816,-3.000,1.500,joint_grid_transaction,52,52,1,2,3,0.000,0.40,-0.635,False,None,0.000,False
75.776,4,en_route_pickup,2.119,2.295,0.000,3.500,joint_grid_transaction,52,52,1,2,4,0.000,1.00,2.775,False,None,0.000,False
75.776,5,en_route_pickup,-1.935,2.005,1.000,1.500,joint_grid_transaction,52,52,1,3,5,0.000,0.60,0.092,False,None,0.000,False
75.776,6,en_route_pickup,1.549,-1.975,-1.000,-1.500,joint_grid_transaction,52,52,1,3,6,0.000,1.00,-3.095,False,None,0.000,False
75.776,7,en_route_delivery,-5.928,-3.006,-1.000,1.500,joint_grid_transaction,52,52,1,13,8,0.000,1.00,0.630,False,None,0.000,False
75.776,8,en_route_pickup,4.203,-1.410,0.000,-3.500,joint_grid_transaction,52,52,1,3,7,0.000,1.00,-1.901,False,None,0.000,False
76.288,1,en_route_pickup,-3.502,-1.312,6.000,3.500,joint_grid_transaction,52,52,1,6,9,76.532,1.00,-0.358,False,None,0.000,False
76.288,2,en_route_delivery,-1.496,2.426,0.000,-3.500,_command_reverse,53,51,0,1,2,0.000,0.60,0.975,False,None,0.000,False
76.288,3,en_route_pickup,-2.919,2.809,-3.000,1.500,joint_grid_transaction,52,52,1,2,3,0.000,0.40,-0.714,False,None,0.000,False
76.288,4,en_route_pickup,2.033,2.334,0.000,3.500,joint_grid_transaction,52,52,1,2,4,0.000,1.00,2.676,False,None,0.000,False
76.288,5,en_route_pickup,-1.905,2.002,1.000,1.500,_command_reverse,55,52,0,1,5,0.000,0.60,0.091,False,None,0.000,False
76.288,6,en_route_pickup,1.501,-1.973,-1.000,-1.500,joint_grid_transaction,52,52,1,3,6,0.000,1.00,-3.103,False,None,0.000,False
76.288,7,en_route_delivery,-5.876,-2.948,-1.000,1.500,joint_grid_transaction,52,52,1,13,8,0.000,1.00,0.848,False,None,0.000,False
76.288,8,en_route_pickup,4.167,-1.498,0.000,-3.500,joint_grid_transaction,52,52,1,3,7,0.000,1.00,-1.996,False,None,0.000,False
76.800,1,en_route_pickup,-3.462,-1.329,6.000,3.500,joint_grid_transaction,52,52,1,6,9,0.000,1.00,-0.369,False,None,0.000,False
76.800,2,en_route_delivery,-1.488,2.417,0.000,-3.500,_command_reverse,53,51,0,1,2,76.828,0.40,0.883,False,None,0.000,False
76.800,3,en_route_pickup,-2.928,2.801,-3.000,1.500,_command_reverse,57,52,0,1,3,0.000,0.40,-0.788,False,None,0.000,False
76.800,4,en_route_pickup,1.948,2.379,0.000,3.500,joint_grid_transaction,52,52,1,2,4,0.000,1.00,2.640,False,None,0.000,False
76.800,5,en_route_pickup,-1.891,2.001,1.000,1.500,_command_reverse,55,52,0,1,5,76.828,0.65,0.091,False,None,0.000,False
76.800,6,en_route_pickup,1.452,-1.972,-1.000,-1.500,joint_grid_transaction,52,52,1,3,6,0.000,1.00,-3.107,False,None,0.000,False
76.800,7,en_route_delivery,-5.856,-2.899,-1.000,1.500,joint_grid_transaction,52,52,2,13,8,0.000,1.00,1.076,False,None,0.000,False
76.800,8,en_route_pickup,4.126,-1.584,0.000,-3.500,joint_grid_transaction,52,52,1,3,7,0.000,1.00,-2.031,False,None,0.000,False
77.312,1,en_route_pickup,-3.372,-1.363,6.000,3.500,joint_grid_transaction,52,52,1,6,9,0.000,1.00,-0.360,False,None,0.000,False
77.312,2,en_route_delivery,-1.485,2.413,0.000,-3.500,_command_reverse,53,51,0,1,2,77.324,0.40,0.851,False,None,0.000,False
77.312,3,en_route_pickup,-2.936,2.792,-3.000,1.500,_command_reverse,57,52,0,1,3,0.000,0.40,-0.862,False,None,0.000,False
77.312,4,en_route_pickup,1.865,2.425,0.000,3.500,joint_grid_transaction,52,52,1,2,4,0.000,1.00,2.626,False,None,0.000,False
77.312,5,en_route_pickup,-1.877,1.999,1.000,1.500,_command_reverse,55,52,0,1,5,77.324,0.65,0.092,False,None,0.000,False
77.312,6,en_route_pickup,1.404,-1.970,-1.000,-1.500,joint_grid_transaction,52,52,1,3,6,0.000,1.00,-3.118,False,None,0.000,False
77.312,7,en_route_delivery,-5.819,-2.812,-1.000,1.500,joint_grid_transaction,52,52,2,13,8,0.000,1.00,1.244,False,None,0.000,False
77.312,8,en_route_pickup,4.083,-1.670,0.000,-3.500,joint_grid_transaction,52,52,1,3,7,0.000,1.00,-2.044,False,None,0.000,False
77.824,1,en_route_pickup,-3.283,-1.396,6.000,3.500,joint_grid_transaction,52,52,1,6,9,0.000,1.00,-0.355,False,None,0.000,False
77.824,2,en_route_delivery,-1.482,2.409,0.000,-3.500,_command_reverse,53,51,0,1,2,0.000,0.40,0.821,False,None,0.000,False
77.824,3,en_route_pickup,-2.943,2.783,-3.000,1.500,_command_reverse,57,52,0,1,3,0.000,0.40,-0.941,False,None,0.000,False
77.824,4,en_route_pickup,1.782,2.473,0.000,3.500,joint_grid_transaction,52,52,1,2,4,0.000,1.00,2.621,False,None,0.000,False
77.824,5,en_route_pickup,-1.863,1.998,1.000,1.500,_command_reverse,55,52,0,1,5,0.000,0.65,0.093,False,None,0.000,False
77.824,6,en_route_pickup,1.354,-1.969,-1.000,-1.500,joint_grid_transaction,52,52,1,3,6,0.000,1.00,-3.125,False,None,0.000,False
77.824,7,en_route_delivery,-5.793,-2.721,-1.000,1.500,joint_grid_transaction,52,52,2,13,8,0.000,1.00,1.325,False,None,0.000,False
77.824,8,en_route_pickup,4.039,-1.755,0.000,-3.500,joint_grid_transaction,52,52,1,3,7,0.000,1.00,-2.048,False,None,0.000,False
78.336,1,en_route_pickup,-3.204,-1.425,6.000,3.500,joint_grid_transaction,52,52,1,6,9,0.000,1.00,-0.353,False,None,0.000,False
78.336,2,en_route_delivery,-1.469,2.397,0.000,-3.500,_command_reverse,53,51,0,1,2,0.000,0.55,0.711,False,None,0.000,False
78.336,3,en_route_pickup,-2.948,2.775,-3.000,1.500,_command_reverse,57,52,0,1,3,0.000,0.40,-1.028,False,None,0.000,False
78.336,4,en_route_pickup,1.699,2.520,0.000,3.500,joint_grid_transaction,52,52,1,2,4,0.000,1.00,2.620,False,None,0.000,False
78.336,5,en_route_pickup,-1.844,1.996,1.000,1.500,_command_reverse,55,52,0,1,5,0.000,1.00,0.097,True,None,0.000,True
78.336,6,en_route_pickup,1.304,-1.969,-1.000,-1.500,joint_grid_transaction,52,52,1,3,6,0.000,1.00,-3.134,False,None,0.000,False
78.336,7,en_route_delivery,-5.769,-2.682,-1.000,1.500,joint_grid_transaction,52,52,3,13,8,0.000,1.00,1.075,False,None,0.000,False
78.336,8,en_route_pickup,3.995,-1.840,0.000,-3.500,joint_grid_transaction,52,52,1,3,7,0.000,1.00,-2.050,False,None,0.000,False
78.848,1,en_route_pickup,-3.204,-1.425,6.000,3.500,joint_grid_transaction,52,52,2,6,9,0.000,1.00,-0.353,False,None,0.000,False
78.848,2,en_route_delivery,-1.462,2.391,0.000,-3.500,_command_reverse,53,51,0,1,2,0.000,0.40,0.648,False,None,0.000,False
78.848,3,en_route_pickup,-2.953,2.767,-3.000,1.500,_command_reverse,62,52,0,1,3,0.000,0.40,-1.122,False,None,0.000,False
78.848,4,en_route_pickup,1.616,2.568,0.000,3.500,joint_grid_transaction,52,52,1,2,4,0.000,1.00,2.619,False,None,0.000,False
78.848,5,en_route_pickup,-1.844,1.996,1.000,1.500,_command_reverse,55,52,0,1,5,0.000,0.65,0.097,True,None,0.000,True
78.848,6,en_route_pickup,1.253,-1.968,-1.000,-1.500,joint_grid_transaction,52,52,1,3,6,0.000,1.00,-3.138,False,None,0.000,False
78.848,7,en_route_delivery,-5.718,-2.603,-1.000,1.500,joint_grid_transaction,52,52,3,13,8,0.000,1.00,0.945,False,None,0.000,False
78.848,8,en_route_pickup,3.951,-1.925,0.000,-3.500,joint_grid_transaction,52,52,1,3,7,0.000,1.00,-2.051,False,None,0.000,False
79.360,1,en_route_pickup,-3.204,-1.425,6.000,3.500,joint_grid_transaction,52,52,2,6,9,0.000,1.00,-0.353,False,None,0.000,False
79.360,2,en_route_delivery,-1.458,2.388,0.000,-3.500,_command_reverse,53,51,0,1,2,0.000,0.40,0.611,False,None,0.000,False
79.360,3,en_route_pickup,-2.956,2.760,-3.000,1.500,_command_reverse,62,52,0,1,3,0.000,0.40,-1.225,False,None,0.000,False
79.360,4,en_route_pickup,1.533,2.616,0.000,3.500,joint_grid_transaction,52,52,1,2,4,0.000,1.00,2.619,False,None,0.000,False
79.360,5,en_route_pickup,-1.844,1.996,1.000,1.500,_command_reverse,55,52,0,1,5,0.000,0.65,0.098,True,None,0.000,True
79.360,6,en_route_pickup,1.202,-1.969,-1.000,-1.500,joint_grid_transaction,52,52,1,3,6,0.000,1.00,3.137,False,None,0.000,False
79.360,7,en_route_delivery,-5.660,-2.527,-1.000,1.500,joint_grid_transaction,52,52,3,13,8,0.000,1.00,0.896,False,None,0.000,False
79.360,8,en_route_pickup,3.907,-2.009,0.000,-3.500,joint_grid_transaction,52,52,1,3,7,0.000,1.00,-2.051,False,None,0.000,False
79.872,1,en_route_pickup,-3.204,-1.425,6.000,3.500,joint_grid_transaction,52,52,2,6,9,0.000,1.00,-0.353,False,None,0.000,False
79.872,2,en_route_delivery,-1.454,2.386,0.000,-3.500,_command_reverse,53,51,0,1,2,0.000,0.40,0.574,False,None,0.000,False
79.872,3,en_route_pickup,-2.957,2.754,-3.000,1.500,_command_reverse,62,52,0,1,3,0.000,0.40,-1.338,False,None,0.000,False
79.872,4,en_route_pickup,1.450,2.664,0.000,3.500,joint_grid_transaction,52,52,1,2,4,0.000,1.00,2.619,False,None,0.000,False
79.872,5,en_route_pickup,-1.842,1.996,1.000,1.500,_command_reverse,55,52,0,1,5,0.000,0.65,0.099,True,None,0.000,True
79.872,6,en_route_pickup,1.150,-1.970,-1.000,-1.500,joint_grid_transaction,52,52,1,3,6,0.000,1.00,3.123,False,None,0.000,False
79.872,7,en_route_delivery,-5.600,-2.453,-1.000,1.500,joint_grid_transaction,52,52,3,13,8,0.000,1.00,0.876,False,None,0.000,False
79.872,8,en_route_pickup,3.862,-2.094,0.000,-3.500,joint_grid_transaction,52,52,1,3,7,0.000,1.00,-2.051,False,None,0.000,False
80.384,1,en_route_pickup,-3.204,-1.425,6.000,3.500,joint_grid_transaction,52,52,2,6,9,0.000,1.00,-0.353,False,None,0.000,False
80.384,2,en_route_delivery,-1.442,2.379,0.000,-3.500,_command_reverse,53,51,0,1,2,0.000,0.55,0.423,False,None,0.000,False
80.384,3,en_route_pickup,-2.958,2.751,-3.000,1.500,_command_reverse,62,52,0,1,3,0.000,0.40,-1.461,False,None,0.000,False
80.384,4,en_route_pickup,1.367,2.712,0.000,3.500,joint_grid_transaction,52,52,1,2,4,0.000,1.00,2.618,False,None,0.000,False
80.384,5,en_route_pickup,-1.835,1.994,1.000,1.500,_command_reverse,55,52,0,1,5,0.000,1.00,0.110,False,None,0.000,True
80.384,6,en_route_pickup,1.093,-1.974,-1.000,-1.500,joint_grid_transaction,52,52,1,3,6,0.000,1.00,3.102,False,None,0.000,False
80.384,7,en_route_delivery,-5.538,-2.380,-1.000,1.500,joint_grid_transaction,52,52,3,13,8,0.000,1.00,0.868,False,None,0.000,False
80.384,8,en_route_pickup,3.818,-2.179,0.000,-3.500,joint_grid_transaction,52,52,1,3,7,0.000,1.00,-2.051,False,None,0.000,False
80.896,1,en_route_pickup,-3.204,-1.425,6.000,3.500,joint_grid_transaction,52,52,2,6,9,0.000,1.00,-0.353,False,None,0.000,False
80.896,2,en_route_delivery,-1.437,2.377,0.000,-3.500,_command_reverse,53,51,0,1,2,0.000,0.40,0.353,False,None,0.000,False
80.896,3,en_route_pickup,-2.958,2.750,-3.000,1.500,_command_reverse,62,52,0,1,3,0.000,0.40,-1.578,False,None,0.000,False
80.896,4,en_route_pickup,1.284,2.759,0.000,3.500,joint_grid_transaction,52,52,1,2,4,0.000,1.00,2.618,False,None,0.000,False
80.896,5,en_route_pickup,-1.830,1.993,1.000,1.500,_command_reverse,55,52,0,1,5,0.000,0.65,0.116,False,None,0.000,True
80.896,6,en_route_pickup,1.030,-1.981,-1.000,-1.500,joint_grid_transaction,52,52,1,3,6,0.000,1.00,3.060,False,None,0.000,False
80.896,7,en_route_delivery,-5.476,-2.307,-1.000,1.500,joint_grid_transaction,52,52,3,13,8,0.000,1.00,0.865,False,None,0.000,False
80.896,8,en_route_pickup,3.774,-2.264,0.000,-3.500,joint_grid_transaction,52,52,1,3,7,0.000,1.00,-2.051,False,None,0.000,False
81.408,1,en_route_pickup,-3.204,-1.425,6.000,3.500,joint_grid_transaction,52,52,2,6,9,0.000,1.00,-0.353,False,None,0.000,False
81.408,2,en_route_delivery,-1.435,2.376,0.000,-3.500,_command_reverse,53,51,0,1,2,0.000,0.40,0.311,False,None,0.000,False
81.408,3,en_route_pickup,-2.958,2.750,-3.000,1.500,_command_reverse,62,52,0,1,3,0.000,0.40,-1.675,False,None,0.000,False
81.408,4,en_route_pickup,1.201,2.807,0.000,3.500,joint_grid_transaction,52,52,1,2,4,0.000,1.00,2.618,False,None,0.000,False
81.408,5,en_route_pickup,-1.829,1.992,1.000,1.500,_command_reverse,55,52,0,1,5,0.000,0.65,0.118,True,None,0.000,True
81.408,6,en_route_pickup,0.955,-1.994,-1.000,-1.500,joint_grid_transaction,52,52,1,3,6,0.000,1.00,2.985,False,None,0.000,False
81.408,7,en_route_delivery,-5.414,-2.234,-1.000,1.500,joint_grid_transaction,52,52,3,13,8,0.000,1.00,0.864,False,None,0.000,False
81.408,8,en_route_pickup,3.730,-2.349,0.000,-3.500,joint_grid_transaction,52,52,1,3,7,0.000,1.00,-2.051,False,None,0.000,False
81.920,1,en_route_pickup,-3.204,-1.425,6.000,3.500,joint_grid_transaction,52,52,2,6,9,0.000,1.00,-0.353,False,None,0.000,False
81.920,2,en_route_delivery,-1.428,2.374,0.000,-3.500,_command_reverse,53,51,0,1,2,0.000,0.55,0.161,False,None,0.000,False
81.920,3,en_route_pickup,-2.958,2.752,-3.000,1.500,_command_reverse,62,52,0,1,3,0.000,0.40,-1.750,False,None,0.000,False
81.920,4,en_route_pickup,1.118,2.855,0.000,3.500,joint_grid_transaction,52,52,1,2,4,0.000,1.00,2.618,False,None,0.000,False
81.920,5,en_route_pickup,-1.822,1.990,1.000,1.500,_command_reverse,55,52,0,1,5,0.000,1.00,0.129,False,None,0.000,True
81.920,6,en_route_pickup,0.865,-2.015,-1.000,-1.500,joint_grid_transaction,52,52,1,3,6,0.000,1.00,2.880,False,None,0.000,False
81.920,7,en_route_delivery,-5.352,-2.162,-1.000,1.500,joint_grid_transaction,52,52,3,13,8,0.000,1.00,0.864,False,None,0.000,False
81.920,8,en_route_pickup,3.686,-2.434,0.000,-3.500,joint_grid_transaction,52,52,1,3,7,0.000,1.00,-2.051,False,None,0.000,False
82.432,1,en_route_pickup,-3.204,-1.425,6.000,3.500,joint_grid_transaction,52,52,2,6,9,0.000,1.00,-0.353,False,None,0.000,False
82.432,2,en_route_delivery,-1.426,2.374,0.000,-3.500,_command_reverse,70,51,0,1,2,0.000,0.40,0.061,False,None,0.000,False
82.432,3,en_route_pickup,-2.959,2.754,-3.000,1.500,_command_reverse,62,52,0,1,3,0.000,0.40,-1.809,False,None,0.000,False
82.432,4,en_route_pickup,1.035,2.903,0.000,3.500,joint_grid_transaction,52,52,1,2,4,0.000,1.00,2.618,False,None,0.000,False
82.432,5,en_route_pickup,-1.820,1.990,1.000,1.500,_command_reverse,55,52,0,1,5,0.000,0.65,0.133,True,None,0.000,True
82.432,6,en_route_pickup,0.774,-2.042,-1.000,-1.500,joint_grid_transaction,52,52,1,3,6,0.000,1.00,2.827,False,None,0.000,False
82.432,7,en_route_delivery,-5.290,-2.089,-1.000,1.500,joint_grid_transaction,52,52,3,13,8,0.000,1.00,0.863,False,None,0.000,False
82.432,8,en_route_pickup,3.641,-2.519,0.000,-3.500,joint_grid_transaction,52,52,1,3,7,0.000,1.00,-2.051,False,None,0.000,False
82.944,1,en_route_pickup,-3.221,-1.434,6.000,3.500,joint_grid_transaction,71,71,1,14,9,0.000,1.00,-0.570,False,None,0.000,False
82.944,2,en_route_delivery,-1.426,2.374,0.000,-3.500,_command_reverse,70,51,0,1,2,0.000,0.40,0.026,False,None,0.000,False
82.944,3,en_route_pickup,-2.962,2.745,-3.000,1.500,joint_grid_transaction,71,71,1,2,3,0.000,0.40,-1.804,False,None,0.000,False
82.944,4,en_route_pickup,0.952,2.951,0.000,3.500,joint_grid_transaction,71,71,1,2,4,0.000,1.00,2.618,False,None,0.000,False
82.944,5,en_route_pickup,-1.819,1.990,1.000,1.500,joint_grid_transaction,71,71,1,6,5,0.000,0.65,0.127,True,None,0.000,True
82.944,6,en_route_pickup,0.684,-2.073,-1.000,-1.500,joint_grid_transaction,71,71,1,3,6,0.000,1.00,2.807,False,None,0.000,False
82.944,7,en_route_delivery,-5.250,-2.082,-1.000,1.500,joint_grid_transaction,71,71,1,9,8,0.000,1.00,0.652,False,None,0.000,False
82.944,8,en_route_pickup,3.604,-2.522,0.000,-3.500,joint_grid_transaction,71,71,1,2,7,0.000,1.00,-2.348,False,None,0.000,False
83.456,1,en_route_pickup,-3.156,-1.492,6.000,3.500,joint_grid_transaction,71,71,1,14,9,0.000,1.00,-0.774,False,None,0.000,False
83.456,2,en_route_delivery,-1.426,2.374,0.000,-3.500,_command_reverse,70,51,0,1,2,84.524,0.40,0.011,False,None,0.000,False
83.456,3,en_route_pickup,-2.965,2.731,-3.000,1.500,joint_grid_transaction,71,71,1,2,3,0.000,0.40,-1.773,False,None,0.000,False
83.456,4,en_route_pickup,0.869,2.999,0.000,3.500,joint_grid_transaction,71,71,1,2,4,0.000,1.00,2.618,False,None,0.000,False
83.456,5,en_route_pickup,-1.819,1.990,1.000,1.500,joint_grid_transaction,71,71,1,6,5,0.000,1.00,0.127,True,None,0.000,True
83.456,6,en_route_pickup,0.594,-2.105,-1.000,-1.500,joint_grid_transaction,71,71,1,3,6,0.000,1.00,2.799,False,None,0.000,False
83.456,7,en_route_delivery,-5.215,-2.055,-1.000,1.500,joint_grid_transaction,71,71,2,9,8,0.000,1.00,0.617,False,None,0.000,False
83.456,8,en_route_pickup,3.572,-2.504,0.000,-3.500,joint_grid_transaction,71,71,1,2,7,0.000,1.00,-2.590,False,None,0.000,False
83.968,1,en_route_pickup,-3.091,-1.562,6.000,3.500,joint_grid_transaction,72,72,1,13,9,0.000,1.00,-0.858,False,None,0.000,False
83.968,2,en_route_delivery,-1.426,2.374,0.000,-3.500,_command_reverse,70,51,0,1,2,84.524,0.40,0.011,False,None,0.000,False
83.968,3,en_route_pickup,-2.968,2.716,-3.000,1.500,joint_grid_transaction,72,72,1,2,3,0.000,0.40,-1.747,False,None,0.000,False
83.968,4,en_route_pickup,0.787,3.046,0.000,3.500,joint_grid_transaction,72,72,1,2,4,0.000,1.00,2.618,False,None,0.000,False
83.968,5,en_route_pickup,-1.819,1.990,1.000,1.500,joint_grid_transaction,72,72,0,6,5,0.000,1.00,0.127,True,None,0.000,True
83.968,6,en_route_pickup,0.503,-2.137,-1.000,-1.500,joint_grid_transaction,72,72,1,3,6,0.000,1.00,2.796,False,None,0.000,False
83.968,7,en_route_delivery,-5.165,-1.999,-1.000,1.500,joint_grid_transaction,72,72,1,11,8,0.000,1.00,0.834,False,None,0.000,False
83.968,8,en_route_pickup,3.487,-2.545,0.000,-3.500,joint_grid_transaction,72,72,1,2,7,0.000,1.00,-2.772,False,None,0.000,False
84.480,1,en_route_pickup,-3.030,-1.635,6.000,3.500,joint_grid_transaction,72,72,1,13,9,0.000,1.00,-0.894,False,None,0.000,False
84.480,2,en_route_delivery,-1.426,2.374,0.000,-3.500,_command_reverse,70,51,0,1,2,84.524,0.40,0.011,False,None,0.000,False
84.480,3,en_route_pickup,-2.970,2.701,-3.000,1.500,joint_grid_transaction,72,72,1,2,3,0.000,0.40,-1.725,False,None,0.000,False
84.480,4,en_route_pickup,0.704,3.094,0.000,3.500,joint_grid_transaction,72,72,1,2,4,0.000,1.00,2.618,False,None,0.000,False
84.480,5,en_route_pickup,-1.819,1.990,1.000,1.500,joint_grid_transaction,72,72,0,6,5,0.000,1.00,0.127,True,None,0.000,True
84.480,6,en_route_pickup,0.413,-2.169,-1.000,-1.500,joint_grid_transaction,72,72,1,3,6,0.000,1.00,2.795,False,None,0.000,False
84.480,7,en_route_delivery,-5.116,-1.933,-1.000,1.500,joint_grid_transaction,72,72,1,11,8,0.000,1.00,0.977,False,None,0.000,False
84.480,8,en_route_pickup,3.397,-2.576,0.000,-3.500,joint_grid_transaction,72,72,1,2,7,0.000,1.00,-2.839,False,None,0.000,False
84.992,1,en_route_pickup,-2.971,-1.710,6.000,3.500,joint_grid_transaction,72,72,1,13,9,0.000,1.00,-0.909,False,None,0.000,False
84.992,2,en_route_delivery,-1.426,2.374,0.000,-3.500,_command_reverse,70,51,0,1,2,86.028,0.40,0.009,False,None,0.000,False
84.992,3,en_route_pickup,-2.971,2.701,-3.000,1.500,_command_reverse,73,72,0,1,3,0.000,0.40,-1.779,False,None,0.000,False
84.992,4,en_route_pickup,0.621,3.142,0.000,3.500,joint_grid_transaction,72,72,1,2,4,0.000,1.00,2.618,False,None,0.000,False
84.992,5,en_route_pickup,-1.819,1.990,1.000,1.500,joint_grid_transaction,72,72,0,6,5,0.000,1.00,0.127,True,None,0.000,True
84.992,6,en_route_pickup,0.323,-2.202,-1.000,-1.500,joint_grid_transaction,72,72,1,3,6,0.000,1.00,2.794,False,None,0.000,False
84.992,7,en_route_delivery,-5.084,-1.862,-1.000,1.500,joint_grid_transaction,72,72,2,11,8,0.000,1.00,1.187,False,None,0.000,False
84.992,8,en_route_pickup,3.305,-2.603,0.000,-3.500,joint_grid_transaction,72,72,1,2,7,0.000,1.00,-2.863,False,None,0.000,False
85.504,1,en_route_pickup,-2.912,-1.786,6.000,3.500,joint_grid_transaction,72,72,1,13,9,0.000,1.00,-0.916,False,None,0.000,False
85.504,2,en_route_delivery,-1.426,2.374,0.000,-3.500,_command_reverse,70,51,0,1,2,86.028,0.40,0.009,False,None,0.000,False
85.504,3,en_route_pickup,-2.971,2.703,-3.000,1.500,_command_reverse,73,72,0,1,3,0.000,0.40,-1.832,False,None,0.000,False
85.504,4,en_route_pickup,0.538,3.190,0.000,3.500,joint_grid_transaction,72,72,1,2,4,0.000,1.00,2.618,False,None,0.000,False
85.504,5,en_route_pickup,-1.856,1.970,1.000,1.500,_command_reverse,75,72,0,1,5,0.000,1.00,0.678,False,None,0.000,True
85.504,6,en_route_pickup,0.233,-2.234,-1.000,-1.500,joint_grid_transaction,72,72,1,3,6,0.000,1.00,2.794,False,None,0.000,False
85.504,7,en_route_delivery,-5.054,-1.772,-1.000,1.500,joint_grid_transaction,72,72,2,11,8,0.000,1.00,1.301,False,None,0.000,False
85.504,8,en_route_pickup,3.213,-2.629,0.000,-3.500,joint_grid_transaction,72,72,1,2,7,0.000,1.00,-2.872,False,None,0.000,False
86.016,1,en_route_pickup,-2.866,-1.815,6.000,3.500,joint_grid_transaction,72,72,2,13,9,0.000,1.00,-0.750,False,None,0.000,False
86.016,2,en_route_delivery,-1.426,2.374,0.000,-3.500,_command_reverse,70,51,0,1,2,86.028,0.40,0.009,False,None,0.000,False
86.016,3,en_route_pickup,-2.974,2.698,-3.000,1.500,_command_reverse,73,72,0,1,3,0.000,0.40,-1.870,False,None,0.000,False
86.016,4,en_route_delivery,0.455,3.238,3.000,-1.500,joint_grid_transaction,72,72,1,4,4,0.000,1.00,2.618,False,None,0.000,False
86.016,5,en_route_pickup,-1.901,1.919,1.000,1.500,joint_grid_transaction,75,72,0,0,5,0.000,1.00,1.199,False,None,0.000,False
86.016,6,en_route_pickup,0.143,-2.267,-1.000,-1.500,joint_grid_transaction,72,72,1,3,6,0.000,1.00,2.794,False,None,0.000,False
86.016,7,en_route_delivery,-5.037,-1.715,-1.000,1.500,joint_grid_transaction,72,72,3,11,8,0.000,1.00,1.214,False,None,0.000,False
86.016,8,en_route_pickup,3.121,-2.654,0.000,-3.500,joint_grid_transaction,72,72,1,2,7,0.000,1.00,-2.875,False,None,0.000,False
86.528,1,en_route_pickup,-2.819,-1.821,6.000,3.500,joint_grid_transaction,72,72,2,13,9,0.000,1.00,-0.518,False,None,0.000,False
86.528,2,en_route_delivery,-1.426,2.374,0.000,-3.500,_command_reverse,70,51,0,1,2,0.000,0.40,0.047,False,None,0.000,False
86.528,3,en_route_pickup,-3.009,2.619,-3.000,1.500,_command_reverse,73,72,0,1,3,0.000,1.00,-2.048,False,None,0.000,False
86.528,4,en_route_delivery,0.372,3.286,3.000,-1.500,joint_grid_transaction,72,72,1,4,4,0.000,1.00,2.618,False,None,0.000,False
86.528,5,en_route_pickup,-1.909,1.920,1.000,1.500,joint_grid_transaction,75,72,0,0,5,0.000,1.00,1.975,False,None,0.000,False
86.528,6,en_route_pickup,0.053,-2.300,-1.000,-1.500,joint_grid_transaction,72,72,1,3,6,0.000,1.00,2.794,False,None,0.000,False
86.528,7,en_route_delivery,-4.998,-1.649,-1.000,1.500,joint_grid_transaction,72,72,3,11,8,0.000,1.00,1.008,False,None,0.000,False
86.528,8,en_route_pickup,3.028,-2.679,0.000,-3.500,joint_grid_transaction,72,72,1,2,7,0.000,1.00,-2.876,False,None,0.000,False
87.040,1,en_route_pickup,-2.734,-1.861,6.000,3.500,joint_grid_transaction,72,72,2,13,9,0.000,1.00,-0.370,False,None,0.000,False
87.040,2,en_route_delivery,-1.372,2.361,0.000,-3.500,_command_reverse,70,51,0,1,2,0.000,1.00,0.176,False,None,0.000,False
87.040,3,en_route_pickup,-3.057,2.537,-3.000,1.500,_command_reverse,73,72,0,1,3,0.000,1.00,-2.136,False,None,0.000,False
87.040,4,en_route_delivery,0.289,3.333,3.000,-1.500,joint_grid_transaction,72,72,1,4,4,0.000,1.00,2.618,False,None,0.000,False
87.040,5,en_route_pickup,-1.912,1.926,1.000,1.500,joint_grid_transaction,75,72,1,0,5,0.000,1.00,2.052,False,None,0.000,False
87.040,6,en_route_pickup,-0.037,-2.332,-1.000,-1.500,joint_grid_transaction,72,72,1,3,6,0.000,1.00,2.794,False,None,0.000,False
87.040,7,en_route_delivery,-4.943,-1.572,-1.000,1.500,joint_grid_transaction,72,72,3,11,8,0.000,1.00,0.921,False,None,0.000,False
87.040,8,en_route_pickup,2.936,-2.704,0.000,-3.500,joint_grid_transaction,72,72,1,2,7,0.000,1.00,-2.877,False,None,0.000,False
87.552,1,en_route_pickup,-2.644,-1.892,6.000,3.500,joint_grid_transaction,72,72,2,13,9,0.000,1.00,-0.307,False,None,0.000,False
87.552,2,en_route_delivery,-1.287,2.337,0.000,-3.500,_command_reverse,70,51,0,1,2,0.000,1.00,0.305,False,None,0.000,False
87.552,3,en_route_pickup,-3.110,2.457,-3.000,1.500,_command_reverse,73,72,0,1,3,0.000,1.00,-2.173,False,None,0.000,False
87.552,4,en_route_delivery,0.206,3.381,3.000,-1.500,joint_grid_transaction,72,72,1,4,4,0.000,1.00,2.618,False,None,0.000,False
87.552,5,en_route_pickup,-1.912,1.926,1.000,1.500,joint_grid_transaction,75,72,1,0,5,0.000,1.00,2.052,False,None,0.000,False
87.552,6,en_route_pickup,-0.127,-2.365,-1.000,-1.500,joint_grid_transaction,72,72,1,3,6,0.000,1.00,2.794,False,None,0.000,False
87.552,7,en_route_delivery,-4.884,-1.497,-1.000,1.500,joint_grid_transaction,72,72,3,11,8,0.000,1.00,0.887,False,None,0.000,False
87.552,8,en_route_pickup,2.844,-2.729,0.000,-3.500,joint_grid_transaction,72,72,1,2,7,0.000,1.00,-2.877,False,None,0.000,False
88.064,1,en_route_pickup,-2.552,-1.920,6.000,3.500,joint_grid_transaction,72,72,2,13,9,0.000,1.00,-0.278,False,None,0.000,False
88.064,2,en_route_delivery,-1.197,2.305,0.000,-3.500,_command_reverse,70,51,0,1,2,0.000,1.00,0.376,False,None,0.000,False
88.064,3,en_route_pickup,-3.165,2.379,-3.000,1.500,_command_reverse,73,72,0,1,3,0.000,1.00,-2.189,False,None,0.000,False
88.064,4,en_route_delivery,0.190,3.390,3.000,-1.500,joint_grid_transaction,72,72,2,4,4,0.000,1.00,2.618,False,None,0.000,False
88.064,5,en_route_pickup,-1.912,1.926,1.000,1.500,joint_grid_transaction,75,72,1,0,5,0.000,1.00,2.052,False,None,0.000,False
88.064,6,en_route_pickup,-0.217,-2.397,-1.000,-1.500,joint_grid_transaction,72,72,1,3,6,0.000,1.00,2.794,False,None,0.000,False
88.064,7,en_route_delivery,-4.823,-1.423,-1.000,1.500,joint_grid_transaction,72,72,3,11,8,0.000,1.00,0.874,False,None,0.000,False
88.064,8,en_route_pickup,2.751,-2.754,0.000,-3.500,joint_grid_transaction,72,72,1,2,7,0.000,1.00,-2.877,False,None,0.000,False
88.576,1,en_route_pickup,-2.460,-1.945,6.000,3.500,joint_grid_transaction,72,72,2,13,9,0.000,1.00,-0.265,False,None,0.000,False
88.576,2,en_route_delivery,-1.109,2.269,0.000,-3.500,_command_reverse,70,51,0,1,2,0.000,1.00,0.403,False,None,0.000,False
88.576,3,en_route_pickup,-3.210,2.316,-3.000,1.500,joint_grid_transaction,73,72,1,0,3,0.000,1.00,-2.195,False,None,0.000,False
88.576,4,en_route_delivery,0.190,3.390,3.000,-1.500,joint_grid_transaction,72,72,2,4,4,89.028,1.00,2.618,False,None,0.000,False
88.576,5,en_route_pickup,-1.912,1.926,1.000,1.500,joint_grid_transaction,75,72,1,0,5,0.000,1.00,2.052,False,None,0.000,False
88.576,6,en_route_pickup,-0.301,-2.424,-1.000,-1.500,joint_grid_transaction,72,72,1,3,6,0.000,1.00,2.875,False,None,0.000,False
88.576,7,en_route_delivery,-4.761,-1.350,-1.000,1.500,joint_grid_transaction,72,72,3,11,8,0.000,1.00,0.868,False,None,0.000,False
88.576,8,en_route_pickup,2.659,-2.779,0.000,-3.500,joint_grid_transaction,72,72,1,2,7,0.000,1.00,-2.877,False,None,0.000,False
89.088,1,en_route_pickup,-2.430,-1.970,6.000,3.500,joint_grid_transaction,72,72,3,13,9,0.000,1.00,-0.543,False,None,0.000,False
89.088,2,en_route_delivery,-1.021,2.231,0.000,-3.500,_command_reverse,70,51,0,1,2,0.000,1.00,0.414,False,None,0.000,False
89.088,3,en_route_pickup,-3.210,2.316,-3.000,1.500,joint_grid_transaction,73,72,1,0,3,0.000,1.00,-2.195,False,None,0.000,False
89.088,4,en_route_delivery,0.190,3.390,3.000,-1.500,joint_grid_transaction,72,72,2,4,4,0.000,1.00,2.618,False,None,0.000,False
89.088,5,en_route_pickup,-1.912,1.926,1.000,1.500,joint_grid_transaction,75,72,1,0,5,0.000,1.00,2.052,False,None,0.000,False
89.088,6,en_route_pickup,-0.292,-2.417,-1.000,-1.500,joint_grid_transaction,72,72,2,3,6,0.000,1.00,-2.710,False,None,0.000,False
89.088,7,en_route_delivery,-4.699,-1.277,-1.000,1.500,joint_grid_transaction,72,72,3,11,8,0.000,1.00,0.866,False,None,0.000,False
89.088,8,en_route_pickup,2.566,-2.804,0.000,-3.500,joint_grid_transaction,72,72,1,2,7,0.000,1.00,-2.877,False,None,0.000,False
89.600,1,en_route_pickup,-2.385,-1.975,6.000,3.500,joint_grid_transaction,79,79,2,9,9,0.000,1.00,-0.302,False,None,0.000,False
89.600,2,en_route_delivery,-0.980,2.227,0.000,-3.500,joint_grid_transaction,79,79,1,9,2,0.000,1.00,0.175,False,None,0.000,False
89.600,3,en_route_pickup,-3.191,2.282,-3.000,1.500,joint_grid_transaction,79,79,2,5,3,0.000,1.00,-1.554,False,None,0.000,False
89.600,4,en_route_delivery,0.190,3.390,3.000,-1.500,joint_grid_transaction,72,72,2,4,4,0.000,1.00,2.618,False,None,0.000,False
89.600,5,en_route_pickup,-1.901,1.910,1.000,1.500,joint_grid_transaction,79,79,1,8,5,0.000,1.00,1.317,False,None,0.000,False
89.600,6,en_route_pickup,-0.315,-2.424,-1.000,-1.500,joint_grid_transaction,79,79,2,9,6,0.000,1.00,-3.020,False,None,0.000,False
89.600,7,en_route_delivery,-4.662,-1.301,-1.000,1.500,joint_grid_transaction,79,79,2,9,8,0.000,1.00,0.496,False,None,0.000,False
89.600,8,en_route_pickup,2.534,-2.806,0.000,-3.500,joint_grid_transaction,79,79,1,8,7,0.000,1.00,-3.043,False,None,0.000,False
90.112,1,en_route_pickup,-2.292,-1.994,6.000,3.500,joint_grid_transaction,79,79,2,9,9,0.000,1.00,-0.131,False,None,0.000,False
90.112,2,en_route_delivery,-0.902,2.220,0.000,-3.500,_priority_yield_direct,80,79,0,16,2,0.000,0.70,0.004,False,None,0.000,False
90.112,3,en_route_pickup,-3.178,2.263,-3.000,1.500,joint_grid_transaction,79,79,2,5,3,0.000,1.00,-1.215,False,None,0.000,False
90.112,4,en_route_delivery,0.190,3.390,3.000,-1.500,joint_grid_transaction,72,72,2,4,4,0.000,1.00,2.618,False,None,0.000,False
90.112,5,en_route_pickup,-1.868,1.960,1.000,1.500,joint_grid_transaction,79,79,1,8,5,0.000,1.00,0.755,False,None,0.000,False
90.112,6,en_route_pickup,-0.360,-2.420,-1.000,-1.500,joint_grid_transaction,79,79,2,9,6,0.000,1.00,-3.046,False,None,0.000,False
90.112,7,en_route_delivery,-4.594,-1.281,-1.000,1.500,joint_grid_transaction,79,79,2,9,8,0.000,1.00,0.269,False,None,0.000,False
90.112,8,en_route_pickup,2.492,-2.809,0.000,-3.500,joint_grid_transaction,79,79,1,8,7,0.000,1.00,-3.082,False,None,0.000,False
90.624,1,en_route_pickup,-2.202,-2.003,6.000,3.500,joint_grid_transaction,79,79,3,9,9,0.000,1.00,-0.079,False,None,0.000,False
90.624,2,en_route_delivery,-0.912,2.222,0.000,-3.500,_priority_yield_direct,80,79,0,16,2,92.028,0.40,0.335,False,None,0.000,False
90.624,3,en_route_pickup,-3.137,2.178,-3.000,1.500,joint_grid_transaction,79,79,2,5,3,0.000,1.00,-1.039,False,None,0.000,False
90.624,4,en_route_delivery,0.190,3.390,3.000,-1.500,joint_grid_transaction,72,72,2,4,4,0.000,1.00,2.618,False,None,0.000,False
90.624,5,en_route_pickup,-1.830,1.989,1.000,1.500,_command_reverse,81,79,0,1,5,0.000,1.00,0.344,False,None,0.000,False
90.624,6,en_route_pickup,-0.403,-2.417,-1.000,-1.500,joint_grid_transaction,79,79,2,9,6,0.000,1.00,-3.080,False,None,0.000,False
90.624,7,en_route_delivery,-4.502,-1.263,-1.000,1.500,joint_grid_transaction,79,79,2,9,8,0.000,1.00,0.139,False,None,0.000,False
90.624,8,en_route_pickup,2.441,-2.810,0.000,-3.500,joint_grid_transaction,79,79,2,8,7,0.000,1.00,-3.112,False,None,0.000,False
91.136,1,en_route_pickup,-2.121,-2.009,6.000,3.500,joint_grid_transaction,79,79,3,9,9,0.000,1.00,-0.079,False,None,0.000,False
91.136,2,en_route_delivery,-0.912,2.222,0.000,-3.500,_priority_yield_direct,80,79,0,16,2,92.028,0.40,0.335,False,None,0.000,False
91.136,3,en_route_pickup,-3.095,2.094,-3.000,1.500,joint_grid_transaction,79,79,3,5,3,0.000,1.00,-1.189,False,None,0.000,False
91.136,4,en_route_delivery,0.190,3.390,3.000,-1.500,joint_grid_transaction,72,72,2,4,4,0.000,1.00,2.618,False,None,0.000,False
91.136,5,en_route_pickup,-1.756,1.974,1.000,1.500,_command_reverse,81,79,0,1,5,0.000,1.00,0.141,False,None,0.000,False
91.136,6,en_route_pickup,-0.447,-2.415,-1.000,-1.500,joint_grid_transaction,79,79,2,9,6,0.000,1.00,-3.115,False,None,0.000,False
91.136,7,en_route_delivery,-4.479,-1.253,-1.000,1.500,joint_grid_transaction,79,79,3,9,8,0.000,1.00,0.425,False,None,0.000,False
91.136,8,en_route_pickup,2.375,-2.812,0.000,-3.500,joint_grid_transaction,79,79,2,8,7,0.000,1.00,-3.098,False,None,0.000,False
91.648,1,en_route_pickup,-2.042,-2.015,6.000,3.500,joint_grid_transaction,79,79,3,9,9,0.000,1.00,-0.079,False,None,0.000,False
91.648,2,en_route_delivery,-0.912,2.222,0.000,-3.500,_priority_yield_direct,80,79,0,16,2,92.028,0.40,0.335,False,None,0.000,False
91.648,3,en_route_delivery,-3.064,2.004,0.000,-3.500,joint_grid_transaction,79,79,3,14,3,0.000,1.00,-1.270,False,None,0.000,False
91.648,4,en_route_delivery,0.190,3.390,3.000,-1.500,joint_grid_transaction,72,72,2,4,4,0.000,1.00,2.618,False,None,0.000,False
91.648,5,en_route_pickup,-1.666,1.965,1.000,1.500,_command_reverse,81,79,0,1,5,0.000,1.00,0.073,False,None,0.000,False
91.648,6,en_route_pickup,-0.494,-2.416,-1.000,-1.500,joint_grid_transaction,79,79,2,9,6,0.000,1.00,3.123,False,None,0.000,False
91.648,7,en_route_delivery,-4.440,-1.215,-1.000,1.500,joint_grid_transaction,79,79,3,9,8,0.000,1.00,0.670,False,None,0.000,False
91.648,8,en_route_pickup,2.315,-2.816,0.000,-3.500,joint_grid_transaction,79,79,2,8,7,0.000,1.00,-3.084,False,None,0.000,False
92.160,1,en_route_pickup,-1.969,-2.021,6.000,3.500,joint_grid_transaction,79,79,3,9,9,0.000,1.00,-0.079,False,None,0.000,False
92.160,2,en_route_delivery,-0.912,2.222,0.000,-3.500,_priority_yield_direct,80,79,0,16,2,0.000,0.40,0.341,False,None,0.000,False
92.160,3,en_route_delivery,-3.039,1.913,0.000,-3.500,joint_grid_transaction,79,79,4,14,3,0.000,1.00,-1.366,False,None,0.000,False
92.160,4,en_route_delivery,0.190,3.390,3.000,-1.500,joint_grid_transaction,72,72,2,4,4,0.000,1.00,2.618,False,None,0.000,False
92.160,5,en_route_pickup,-1.584,1.959,1.000,1.500,_command_reverse,81,79,0,1,5,0.000,1.00,0.074,False,None,0.000,False
92.160,6,en_route_pickup,-0.546,-2.421,-1.000,-1.500,joint_grid_transaction,79,79,2,9,6,0.000,1.00,3.069,False,None,0.000,False
92.160,7,en_route_delivery,-4.393,-1.163,-1.000,1.500,joint_grid_transaction,79,79,3,9,8,0.000,1.00,0.860,False,None,0.000,False
92.160,8,en_route_pickup,2.264,-2.818,0.000,-3.500,joint_grid_transaction,79,79,2,8,7,0.000,1.00,-3.094,False,None,0.000,False
92.672,1,en_route_pickup,-1.894,-2.027,6.000,3.500,joint_grid_transaction,79,79,4,9,9,0.000,1.00,-0.081,False,None,0.000,False
92.672,2,en_route_delivery,-0.929,2.231,0.000,-3.500,_priority_yield_direct,80,79,0,16,2,0.000,1.00,0.563,False,None,0.000,False
92.672,3,en_route_delivery,-3.024,1.819,0.000,-3.500,joint_grid_transaction,79,79,4,14,3,0.000,1.00,-1.444,False,None,0.000,False
92.672,4,en_route_delivery,0.190,3.390,3.000,-1.500,joint_grid_transaction,72,72,2,4,4,0.000,1.00,2.618,False,None,0.000,False
92.672,5,en_route_pickup,-1.503,1.953,1.000,1.500,_command_reverse,81,79,0,1,5,0.000,1.00,0.075,False,None,0.000,False
92.672,6,en_route_pickup,-0.521,-2.433,-1.000,-1.500,joint_grid_transaction,79,79,3,9,6,0.000,1.00,2.571,False,None,0.000,False
92.672,7,en_route_delivery,-4.367,-1.103,-1.000,1.500,joint_grid_transaction,79,79,4,9,8,0.000,1.00,1.076,False,None,0.000,False
92.672,8,en_route_pickup,2.220,-2.819,0.000,-3.500,joint_grid_transaction,79,79,2,8,7,0.000,1.00,3.137,False,None,0.000,False
93.184,1,en_route_pickup,-1.823,-2.033,6.000,3.500,joint_grid_transaction,79,79,4,9,9,0.000,1.00,-0.081,False,None,0.000,False
93.184,2,en_route_delivery,-0.956,2.253,0.000,-3.500,_command_reverse,85,79,0,1,2,0.000,1.00,0.793,False,None,0.000,False
93.184,3,en_route_delivery,-3.014,1.725,0.000,-3.500,joint_grid_transaction,79,79,4,14,3,0.000,1.00,-1.472,False,None,0.000,False
93.184,4,en_route_delivery,0.190,3.390,3.000,-1.500,joint_grid_transaction,72,72,2,4,4,0.000,1.00,2.618,False,None,0.000,False
93.184,5,en_route_pickup,-1.436,1.948,1.000,1.500,_command_reverse,81,79,0,1,5,0.000,0.60,0.071,False,None,0.000,False
93.184,6,en_route_pickup,-0.564,-2.483,-1.000,-1.500,joint_grid_transaction,79,79,3,9,6,0.000,1.00,2.343,False,None,0.000,False
93.184,7,en_route_delivery,-4.328,-1.017,-1.000,1.500,joint_grid_transaction,79,79,4,9,8,0.000,1.00,1.203,False,None,0.000,False
93.184,8,en_route_pickup,2.150,-2.817,0.000,-3.500,joint_grid_transaction,79,79,3,8,7,0.000,1.00,3.111,False,None,0.000,False
93.696,1,en_route_pickup,-1.757,-2.038,6.000,3.500,joint_grid_transaction,79,79,4,9,9,0.000,1.00,-0.081,False,None,0.000,False
93.696,2,en_route_delivery,-0.921,2.223,0.000,-3.500,_command_reverse,85,79,0,1,2,93.820,0.40,0.454,False,None,0.000,False
93.696,3,en_route_delivery,-3.013,1.717,0.000,-3.500,joint_grid_transaction,79,79,5,14,3,0.000,1.00,-1.472,False,None,0.000,False
93.696,4,en_route_delivery,0.190,3.390,3.000,-1.500,joint_grid_transaction,72,72,2,4,4,0.000,1.00,2.618,False,None,0.000,False
93.696,5,en_route_pickup,-1.416,1.947,1.000,1.500,_command_reverse,81,79,0,1,5,93.820,0.65,0.072,False,None,0.000,False
93.696,6,en_route_pickup,-0.625,-2.555,-1.000,-1.500,joint_grid_transaction,79,79,3,9,6,0.000,1.00,2.223,False,None,0.000,False
93.696,7,en_route_delivery,-4.298,-0.927,-1.000,1.500,joint_grid_transaction,79,79,5,9,8,0.000,1.00,1.313,False,None,0.000,False
93.696,8,en_route_pickup,2.070,-2.812,0.000,-3.500,joint_grid_transaction,79,79,3,8,7,0.000,1.00,3.085,False,None,0.000,False
94.208,1,en_route_pickup,-1.696,-2.043,6.000,3.500,joint_grid_transaction,79,79,5,9,9,0.000,1.00,-0.084,False,None,0.000,False
94.208,2,en_route_delivery,-0.918,2.222,0.000,-3.500,_command_reverse,85,79,0,1,2,94.316,0.40,0.422,False,None,0.000,False
94.208,3,en_route_delivery,-3.013,1.717,0.000,-3.500,joint_grid_transaction,79,79,5,14,3,0.000,1.00,-1.472,False,None,0.000,False
94.208,4,en_route_delivery,0.190,3.390,3.000,-1.500,joint_grid_transaction,72,72,2,4,4,0.000,1.00,2.618,False,None,0.000,False
94.208,5,en_route_pickup,-1.403,1.946,1.000,1.500,_command_reverse,81,79,0,1,5,94.316,0.65,0.073,False,None,0.000,False
94.208,6,en_route_pickup,-0.666,-2.574,-1.000,-1.500,joint_grid_transaction,79,79,4,9,6,0.000,1.00,2.432,False,None,0.000,False
94.208,7,en_route_delivery,-4.279,-0.834,-1.000,1.500,joint_grid_transaction,79,79,5,9,8,0.000,1.00,1.417,False,None,0.000,False
94.208,8,en_route_pickup,1.986,-2.803,0.000,-3.500,joint_grid_transaction,79,79,3,8,7,0.000,1.00,3.037,False,None,0.000,False
94.720,1,en_route_pickup,-1.629,-2.049,6.000,3.500,joint_grid_transaction,79,79,5,9,9,0.000,1.00,-0.083,False,None,0.000,False
94.720,2,en_route_delivery,-0.913,2.220,0.000,-3.500,_command_reverse,85,79,0,1,2,0.000,0.55,0.342,False,None,0.000,False
94.720,3,en_route_delivery,-3.013,1.717,0.000,-3.500,joint_grid_transaction,79,79,5,14,3,0.000,1.00,-1.472,False,None,0.000,False
94.720,4,en_route_delivery,0.175,3.381,3.000,-1.500,_command_reverse,89,72,0,1,4,0.000,1.00,2.829,False,None,0.000,False
94.720,5,en_route_pickup,-1.389,1.944,1.000,1.500,_command_reverse,81,79,0,1,5,0.000,1.00,0.078,True,None,0.000,True
94.720,6,en_route_pickup,-0.743,-2.629,-1.000,-1.500,joint_grid_transaction,79,79,4,9,6,0.000,1.00,2.594,False,None,0.000,False
94.720,7,en_route_delivery,-4.267,-0.740,-1.000,1.500,joint_grid_transaction,79,79,5,9,8,0.000,1.00,1.465,False,None,0.000,False
94.720,8,en_route_pickup,1.893,-2.792,0.000,-3.500,joint_grid_transaction,79,79,4,8,7,0.000,1.00,3.026,False,None,0.000,False
95.232,1,en_route_pickup,-1.567,-2.054,6.000,3.500,joint_grid_transaction,79,79,5,9,9,0.000,1.00,-0.083,False,None,0.000,False
95.232,2,en_route_delivery,-0.909,2.219,0.000,-3.500,_command_reverse,85,79,0,1,2,95.324,0.40,0.262,False,None,0.000,False
95.232,3,en_route_delivery,-3.013,1.717,0.000,-3.500,joint_grid_transaction,79,79,5,14,3,0.000,1.00,-1.472,False,None,0.000,False
95.232,4,en_route_delivery,0.184,3.373,3.000,-1.500,_command_reverse,89,72,0,1,4,0.000,1.00,-2.683,False,None,0.000,False
95.232,5,en_route_pickup,-1.385,1.943,1.000,1.500,_command_reverse,81,79,0,1,5,95.324,0.65,0.083,True,None,0.000,True
95.232,6,en_route_pickup,-0.791,-2.672,-1.000,-1.500,joint_grid_transaction,79,79,6,9,6,0.000,1.00,2.487,False,None,0.000,False
95.232,7,en_route_delivery,-4.258,-0.652,-1.000,1.500,joint_grid_transaction,79,79,6,9,8,0.000,1.00,1.476,False,None,0.000,False
95.232,8,en_route_pickup,1.798,-2.781,0.000,-3.500,joint_grid_transaction,79,79,4,8,7,0.000,1.00,3.032,False,None,0.000,False
95.744,1,en_route_pickup,-1.513,-2.058,6.000,3.500,joint_grid_transaction,79,79,5,9,9,0.000,1.00,-0.076,False,None,0.000,False
95.744,2,en_route_delivery,-0.908,2.218,0.000,-3.500,_command_reverse,85,79,0,1,2,95.820,0.40,0.236,False,None,0.000,False
95.744,3,en_route_delivery,-3.013,1.717,0.000,-3.500,joint_grid_transaction,79,79,5,14,3,0.000,1.00,-1.472,False,None,0.000,False
95.744,4,en_route_delivery,0.236,3.328,3.000,-1.500,_command_reverse,89,72,0,1,4,0.000,1.00,-2.176,False,None,0.000,False
95.744,5,en_route_pickup,-1.384,1.943,1.000,1.500,_command_reverse,81,79,0,1,5,95.820,0.65,0.084,True,None,0.000,True
95.744,6,en_route_pickup,-0.748,-2.717,-1.000,-1.500,joint_grid_transaction,79,79,6,9,6,0.000,1.00,2.050,False,None,0.000,False
95.744,7,en_route_delivery,-4.250,-0.568,-1.000,1.500,joint_grid_transaction,79,79,6,9,8,0.000,1.00,1.477,False,None,0.000,False
95.744,8,en_route_pickup,1.704,-2.771,0.000,-3.500,joint_grid_transaction,79,79,5,8,7,0.000,1.00,3.038,False,None,0.000,False
96.256,1,en_route_pickup,-1.470,-2.060,6.000,3.500,joint_grid_transaction,79,79,5,9,9,0.000,1.00,-0.035,False,None,0.000,False
96.256,2,en_route_delivery,-0.907,2.218,0.000,-3.500,_command_reverse,85,79,0,1,2,96.316,0.40,0.212,False,None,0.000,False
96.256,3,en_route_delivery,-3.013,1.717,0.000,-3.500,joint_grid_transaction,79,79,5,14,3,0.000,1.00,-1.472,False,None,0.000,False
96.256,4,en_route_delivery,0.254,3.296,3.000,-1.500,_command_reverse,89,72,0,1,4,0.000,1.00,-1.510,False,None,0.000,False
96.256,5,en_route_pickup,-1.383,1.943,1.000,1.500,_command_reverse,81,79,0,1,5,96.316,0.65,0.084,True,None,0.000,True
96.256,6,en_route_pickup,-0.754,-2.768,-1.000,-1.500,joint_grid_transaction,79,79,6,9,6,0.000,1.00,1.790,False,None,0.000,False
96.256,7,en_route_delivery,-4.243,-0.488,-1.000,1.500,joint_grid_transaction,79,79,6,9,8,0.000,1.00,1.478,False,None,0.000,False
96.256,8,en_route_pickup,1.617,-2.762,0.000,-3.500,joint_grid_transaction,79,79,5,8,7,0.000,1.00,3.042,False,None,0.000,False
96.768,1,en_route_pickup,-1.406,-2.062,6.000,3.500,joint_grid_transaction,79,79,6,9,9,0.000,1.00,-0.031,False,None,0.000,False
96.768,2,en_route_delivery,-0.905,2.218,0.000,-3.500,_command_reverse,85,79,0,1,2,0.000,0.55,0.140,False,None,0.000,False
96.768,3,en_route_delivery,-3.013,1.717,0.000,-3.500,joint_grid_transaction,79,79,5,14,3,0.000,1.00,-1.472,False,None,0.000,False
96.768,4,en_route_delivery,0.269,3.271,3.000,-1.500,_command_reverse,89,72,0,1,4,0.000,1.00,-1.201,False,None,0.000,False
96.768,5,en_route_pickup,-1.381,1.943,1.000,1.500,_command_reverse,81,79,0,1,5,0.000,1.00,0.087,True,None,0.000,True
96.768,6,en_route_pickup,-0.765,-2.768,-1.000,-1.500,joint_grid_transaction,79,79,7,9,6,0.000,1.00,2.064,False,None,0.000,False
96.768,7,en_route_delivery,-4.236,-0.411,-1.000,1.500,joint_grid_transaction,79,79,7,9,8,0.000,1.00,1.478,False,None,0.000,False
96.768,8,en_route_pickup,1.532,-2.754,0.000,-3.500,joint_grid_transaction,79,79,5,8,7,0.000,1.00,3.043,False,None,0.000,False
97.280,1,en_route_pickup,-1.342,-2.064,6.000,3.500,joint_grid_transaction,79,79,6,9,9,0.000,1.00,-0.045,False,None,0.000,False
97.280,2,en_route_delivery,-0.898,2.218,0.000,-3.500,_command_reverse,85,79,0,1,2,97.324,0.40,0.119,False,None,0.000,False
97.280,3,en_route_delivery,-3.013,1.717,0.000,-3.500,joint_grid_transaction,79,79,5,14,3,0.000,1.00,-1.472,False,None,0.000,False
97.280,4,en_route_delivery,0.310,3.186,3.000,-1.500,_command_reverse,89,72,0,1,4,0.000,1.00,-1.056,False,None,0.000,False
97.280,5,en_route_pickup,-1.374,1.941,1.000,1.500,_command_reverse,81,79,0,1,5,97.324,0.65,0.094,True,None,0.000,True
97.280,6,en_route_pickup,-0.819,-2.840,-1.000,-1.500,joint_grid_transaction,79,79,7,9,6,0.000,1.00,2.276,False,None,0.000,False
97.280,7,en_route_delivery,-4.229,-0.336,-1.000,1.500,joint_grid_transaction,79,79,7,9,8,0.000,1.00,1.479,False,None,0.000,False
97.280,8,en_route_pickup,1.451,-2.746,0.000,-3.500,joint_grid_transaction,79,79,5,8,7,0.000,1.00,3.044,False,None,0.000,False
97.792,1,en_route_pickup,-1.286,-2.067,6.000,3.500,joint_grid_transaction,79,79,6,9,9,0.000,1.00,-0.057,False,None,0.000,False
97.792,2,en_route_delivery,-0.895,2.219,0.000,-3.500,_command_reverse,85,79,0,1,2,97.820,0.40,0.116,False,None,0.000,False
97.792,3,en_route_delivery,-3.013,1.717,0.000,-3.500,joint_grid_transaction,79,79,5,14,3,0.000,1.00,-1.472,False,None,0.000,False
97.792,4,en_route_delivery,0.360,3.105,3.000,-1.500,_command_reverse,89,72,0,1,4,0.000,1.00,-1.001,False,None,0.000,False
97.792,5,en_route_pickup,-1.370,1.941,1.000,1.500,_command_reverse,81,79,0,1,5,97.820,0.65,0.096,True,None,0.000,True
97.792,6,en_route_pickup,-0.836,-2.859,-1.000,-1.500,joint_grid_transaction,79,79,8,9,6,0.000,1.00,2.324,False,joint_window_endpoint,98.260,False
97.792,7,en_route_delivery,-4.222,-0.265,-1.000,1.500,joint_grid_transaction,79,79,7,9,8,0.000,1.00,1.480,False,None,0.000,False
97.792,8,en_route_pickup,1.372,-2.738,0.000,-3.500,joint_grid_transaction,79,79,6,8,7,0.000,1.00,3.045,False,None,0.000,False
98.304,1,en_route_pickup,-1.241,-2.069,6.000,3.500,joint_grid_transaction,79,79,6,9,9,0.000,1.00,-0.018,False,None,0.000,False
98.304,2,en_route_delivery,-0.891,2.219,0.000,-3.500,_command_reverse,85,79,0,1,2,98.316,0.40,0.114,False,None,0.000,False
98.304,3,en_route_delivery,-3.013,1.717,0.000,-3.500,joint_grid_transaction,79,79,5,14,3,0.000,1.00,-1.472,False,None,0.000,False
98.304,4,en_route_delivery,0.412,3.025,3.000,-1.500,_command_reverse,89,72,0,1,4,0.000,1.00,-0.980,False,None,0.000,False
98.304,5,en_route_pickup,-1.365,1.941,1.000,1.500,_command_reverse,81,79,0,1,5,98.316,0.65,0.099,True,None,0.000,True
98.304,6,en_route_pickup,-0.836,-2.859,-1.000,-1.500,joint_grid_transaction,79,79,8,9,6,0.000,1.00,2.324,False,joint_window_endpoint,98.740,False
98.304,7,en_route_delivery,-4.216,-0.200,-1.000,1.500,joint_grid_transaction,79,79,8,9,8,0.000,1.00,1.478,False,None,0.000,False
98.304,8,en_route_pickup,1.298,-2.731,0.000,-3.500,joint_grid_transaction,79,79,6,8,7,0.000,1.00,3.046,False,None,0.000,False
98.816,1,en_route_pickup,-1.187,-2.068,6.000,3.500,joint_grid_transaction,79,79,7,9,9,0.000,1.00,-0.024,False,None,0.000,False
98.816,2,en_route_delivery,-0.878,2.221,0.000,-3.500,_command_reverse,85,79,0,1,2,0.000,0.55,0.111,False,None,0.000,False
98.816,3,en_route_delivery,-3.016,1.723,0.000,-3.500,_command_reverse,98,79,0,1,3,0.000,1.00,-1.873,False,None,0.000,False
98.816,4,en_route_delivery,0.466,2.946,3.000,-1.500,_command_reverse,89,72,0,1,4,0.000,1.00,-0.972,False,None,0.000,False
98.816,5,en_route_pickup,-1.350,1.938,1.000,1.500,_command_reverse,81,79,0,1,5,0.000,1.00,0.112,False,None,0.000,True
98.816,6,en_route_pickup,-0.836,-2.859,-1.000,-1.500,joint_grid_transaction,79,79,8,9,6,0.000,1.00,2.324,False,joint_window_endpoint,99.220,False
98.816,7,en_route_delivery,-4.210,-0.131,-1.000,1.500,joint_grid_transaction,79,79,8,9,8,0.000,1.00,1.479,False,None,0.000,False
98.816,8,en_route_pickup,1.228,-2.725,0.000,-3.500,joint_grid_transaction,79,79,6,8,7,0.000,1.00,3.047,False,None,0.000,False
99.328,1,en_route_pickup,-1.107,-2.064,6.000,3.500,joint_grid_transaction,79,79,7,9,9,0.000,1.00,-0.045,False,None,0.000,False
99.328,2,en_route_delivery,-0.870,2.221,0.000,-3.500,_command_reverse,100,79,0,1,2,0.000,0.40,0.063,False,None,0.000,False
99.328,3,en_route_delivery,-3.052,1.774,0.000,-3.500,joint_grid_transaction,98,79,0,0,3,0.000,1.00,-2.418,False,None,0.000,False
99.328,4,en_route_delivery,0.520,2.867,3.000,-1.500,_command_reverse,89,72,0,1,4,0.000,1.00,-0.969,False,None,0.000,False
99.328,5,en_route_pickup,-1.342,1.936,1.000,1.500,_command_reverse,81,79,0,1,5,0.000,0.65,0.122,False,None,0.000,True
99.328,6,en_route_pickup,-0.836,-2.859,-1.000,-1.500,joint_grid_transaction,79,79,8,9,6,0.000,1.00,2.324,False,joint_window_endpoint,99.700,False
99.328,7,en_route_delivery,-4.204,-0.067,-1.000,1.500,joint_grid_transaction,79,79,8,9,8,0.000,1.00,1.479,False,None,0.000,False
99.328,8,en_route_pickup,1.158,-2.718,0.000,-3.500,joint_grid_transaction,79,79,7,8,7,0.000,1.00,3.047,False,None,0.000,False
99.840,1,en_route_pickup,-1.046,-2.059,6.000,3.500,joint_grid_transaction,79,79,7,9,9,0.000,0.75,-0.075,False,None,0.000,False
99.840,2,en_route_delivery,-0.870,2.221,0.000,-3.500,_command_reverse,100,79,0,1,2,0.000,0.40,0.027,False,None,0.000,False
99.840,3,en_route_delivery,-3.091,1.802,0.000,-3.500,joint_grid_transaction,98,79,0,0,3,0.000,1.00,-2.891,False,None,0.000,False
99.840,4,en_route_delivery,0.574,2.788,3.000,-1.500,_command_reverse,89,72,0,1,4,0.000,1.00,-0.968,False,None,0.000,False
99.840,5,en_route_pickup,-1.339,1.936,1.000,1.500,_command_reverse,103,79,0,1,5,0.000,0.65,0.097,False,None,0.000,True
99.840,6,en_route_pickup,-0.836,-2.859,-1.000,-1.500,joint_grid_transaction,79,79,8,9,6,0.000,0.45,2.324,False,joint_window_endpoint,100.180,False
99.840,7,en_route_delivery,-4.199,-0.009,-1.000,1.500,joint_grid_transaction,79,79,8,9,8,0.000,1.00,1.480,False,None,0.000,False
99.840,8,en_route_pickup,1.090,-2.711,0.000,-3.500,joint_grid_transaction,79,79,7,8,7,0.000,1.00,3.048,False,None,0.000,False
100.352,1,en_route_pickup,-0.997,-2.054,6.000,3.500,joint_grid_transaction,79,79,7,9,9,0.000,0.75,-0.105,False,None,0.000,False
100.352,2,en_route_delivery,-0.870,2.221,0.000,-3.500,_command_reverse,100,79,0,1,2,0.000,0.40,0.006,False,None,0.000,False
100.352,3,en_route_delivery,-3.091,1.802,0.000,-3.500,joint_grid_transaction,98,79,1,0,3,0.000,1.00,-2.891,False,None,0.000,False
100.352,4,en_route_delivery,0.629,2.709,3.000,-1.500,_command_reverse,89,72,0,1,4,0.000,1.00,-0.967,False,None,0.000,False
100.352,5,en_route_pickup,-1.343,1.937,1.000,1.500,_command_reverse,103,79,0,1,5,0.000,0.65,0.242,False,None,0.000,False
100.352,6,en_route_pickup,-0.836,-2.859,-1.000,-1.500,joint_grid_transaction,79,79,8,9,6,0.000,0.45,2.324,False,joint_window_endpoint,100.820,False
100.352,7,en_route_delivery,-4.196,0.035,-1.000,1.500,joint_grid_transaction,79,79,8,9,8,0.000,1.00,1.518,False,None,0.000,False
100.352,8,en_route_pickup,1.028,-2.706,0.000,-3.500,joint_grid_transaction,79,79,7,8,7,0.000,1.00,3.049,False,None,0.000,False
100.864,1,en_route_pickup,-0.921,-2.044,6.000,3.500,joint_grid_transaction,79,79,8,9,9,0.000,1.00,-0.125,False,None,0.000,False
100.864,2,en_route_delivery,-0.870,2.221,0.000,-3.500,_command_reverse,100,79,0,1,2,0.000,0.55,0.097,False,None,0.000,False
100.864,3,en_route_delivery,-3.091,1.802,0.000,-3.500,joint_grid_transaction,98,79,1,0,3,0.000,1.00,-2.891,False,None,0.000,False
100.864,4,en_route_delivery,0.683,2.630,3.000,-1.500,_command_reverse,89,72,0,1,4,0.000,1.00,-0.967,False,None,0.000,False
100.864,5,en_route_pickup,-1.380,1.959,1.000,1.500,_command_reverse,103,79,0,1,5,0.000,1.00,0.707,False,None,0.000,False
100.864,6,en_route_pickup,-0.853,-2.843,-1.000,-1.500,_priority_yield_direct,106,79,0,1,6,0.000,0.70,2.467,False,None,0.000,False
100.864,7,en_route_delivery,-4.196,0.037,-1.000,1.500,joint_grid_transaction,79,79,8,9,8,0.000,1.00,1.524,False,joint_window_endpoint,101.300,False
100.864,8,en_route_pickup,0.975,-2.701,0.000,-3.500,joint_grid_transaction,79,79,7,8,7,0.000,1.00,3.062,False,None,0.000,False
101.376,1,en_route_pickup,-0.826,-2.033,6.000,3.500,joint_grid_transaction,79,79,8,9,9,0.000,1.00,-0.111,False,None,0.000,False
101.376,2,en_route_delivery,-0.850,2.217,0.000,-3.500,_command_reverse,100,79,0,1,2,0.000,0.55,0.121,False,None,0.000,False
101.376,3,en_route_delivery,-3.091,1.802,0.000,-3.500,joint_grid_transaction,98,79,1,0,3,0.000,1.00,-2.891,False,None,0.000,False
101.376,4,en_route_delivery,0.737,2.552,3.000,-1.500,_command_reverse,89,72,0,1,4,0.000,1.00,-0.967,False,None,0.000,False
101.376,5,en_route_pickup,-1.423,2.010,1.000,1.500,_command_reverse,103,79,0,1,5,0.000,1.00,1.239,False,None,0.000,False
101.376,6,en_route_pickup,-0.862,-2.836,-1.000,-1.500,_priority_yield_direct,106,79,0,1,6,102.524,0.40,2.554,False,None,0.000,False
101.376,7,en_route_delivery,-4.196,0.037,-1.000,1.500,joint_grid_transaction,79,79,8,9,8,0.000,1.00,1.524,False,joint_window_endpoint,101.780,False
101.376,8,en_route_pickup,0.963,-2.700,0.000,-3.500,joint_grid_transaction,79,79,7,8,7,0.000,1.00,3.071,False,joint_window_endpoint,101.780,False
101.888,1,en_route_pickup,-0.732,-2.023,6.000,3.500,joint_grid_transaction,79,79,8,9,9,0.000,1.00,-0.107,False,None,0.000,False
101.888,2,en_route_delivery,-0.829,2.212,0.000,-3.500,_command_reverse,100,79,0,1,2,0.000,0.55,0.149,False,None,0.000,False
101.888,3,en_route_delivery,-3.091,1.802,0.000,-3.500,joint_grid_transaction,98,79,1,0,3,0.000,1.00,-2.891,False,None,0.000,False
101.888,4,en_route_delivery,0.792,2.473,3.000,-1.500,_command_reverse,89,72,0,1,4,0.000,1.00,-0.967,False,None,0.000,False
101.888,5,en_route_pickup,-1.427,2.015,1.000,1.500,_command_reverse,103,79,0,1,5,0.000,1.00,1.819,False,None,0.000,False
101.888,6,en_route_pickup,-0.862,-2.836,-1.000,-1.500,_priority_yield_direct,106,79,0,1,6,102.524,0.40,2.554,False,None,0.000,False
101.888,7,en_route_delivery,-4.196,0.037,-1.000,1.500,joint_grid_transaction,79,79,8,9,8,0.000,1.00,1.524,False,joint_window_endpoint,102.260,False
101.888,8,en_route_pickup,0.963,-2.700,0.000,-3.500,joint_grid_transaction,79,79,7,8,7,0.000,1.00,3.071,False,joint_window_endpoint,102.260,False
102.400,1,en_route_pickup,-0.717,-2.021,6.000,3.500,joint_grid_transaction,79,79,8,9,9,0.000,1.00,-0.107,False,joint_window_endpoint,102.740,False
102.400,2,en_route_delivery,-0.806,2.206,0.000,-3.500,_command_reverse,100,79,0,1,2,0.000,0.55,0.181,False,None,0.000,False
102.400,3,en_route_delivery,-3.091,1.802,0.000,-3.500,joint_grid_transaction,98,79,1,0,3,0.000,1.00,-2.891,False,None,0.000,False
102.400,4,en_route_delivery,0.846,2.394,3.000,-1.500,_command_reverse,89,72,0,1,4,0.000,1.00,-0.967,False,None,0.000,False
102.400,5,en_route_pickup,-1.458,2.086,1.000,1.500,_command_reverse,103,79,0,1,5,0.000,1.00,2.008,False,None,0.000,False
102.400,6,en_route_pickup,-0.862,-2.836,-1.000,-1.500,_priority_yield_direct,106,79,0,1,6,102.524,0.40,2.554,False,None,0.000,False
102.400,7,en_route_delivery,-4.196,0.037,-1.000,1.500,joint_grid_transaction,79,79,8,9,8,0.000,1.00,1.524,False,joint_window_endpoint,102.740,False
102.400,8,en_route_pickup,0.963,-2.700,0.000,-3.500,joint_grid_transaction,79,79,7,8,7,0.000,1.00,3.071,False,joint_window_endpoint,102.740,False
102.912,1,en_route_pickup,-0.717,-2.021,6.000,3.500,joint_grid_transaction,79,79,8,9,9,0.000,1.00,-0.107,False,joint_window_endpoint,103.380,False
102.912,2,en_route_delivery,-0.781,2.200,0.000,-3.500,_command_reverse,100,79,0,1,2,0.000,0.55,0.219,False,None,0.000,False
102.912,3,en_route_delivery,-3.091,1.802,0.000,-3.500,joint_grid_transaction,98,79,1,0,3,0.000,1.00,-2.891,False,None,0.000,False
102.912,4,en_route_delivery,0.900,2.315,3.000,-1.500,_command_reverse,89,72,0,1,4,0.000,1.00,-0.967,False,None,0.000,False
102.912,5,en_route_pickup,-1.502,2.169,1.000,1.500,_command_reverse,103,79,0,1,5,0.000,1.00,2.102,False,None,0.000,False
102.912,6,en_route_pickup,-0.862,-2.836,-1.000,-1.500,_priority_yield_direct,106,79,0,1,6,104.028,0.40,2.556,False,None,0.000,False
102.912,7,en_route_delivery,-4.196,0.037,-1.000,1.500,joint_grid_transaction,79,79,8,9,8,0.000,1.00,1.524,False,joint_window_endpoint,103.380,False
102.912,8,en_route_pickup,0.963,-2.700,0.000,-3.500,joint_grid_transaction,79,79,7,8,7,0.000,1.00,3.071,False,joint_window_endpoint,103.380,False
103.424,1,en_route_pickup,-0.717,-2.021,6.000,3.500,joint_grid_transaction,79,79,8,9,9,0.000,1.00,-0.107,False,joint_window_endpoint,103.860,False
103.424,2,en_route_delivery,-0.755,2.193,0.000,-3.500,_command_reverse,100,79,0,1,2,0.000,0.55,0.261,False,None,0.000,False
103.424,3,en_route_delivery,-3.091,1.802,0.000,-3.500,joint_grid_transaction,98,79,1,0,3,0.000,1.00,-2.891,False,None,0.000,False
103.424,4,en_route_delivery,0.955,2.236,3.000,-1.500,joint_grid_transaction,89,72,0,0,4,0.000,1.00,-0.967,False,None,0.000,False
103.424,5,en_route_pickup,-1.552,2.250,1.000,1.500,_command_reverse,103,79,0,1,5,0.000,1.00,2.137,False,None,0.000,False
103.424,6,en_route_pickup,-0.862,-2.836,-1.000,-1.500,_priority_yield_direct,106,79,0,1,6,104.028,0.40,2.556,False,None,0.000,False
103.424,7,en_route_delivery,-4.196,0.037,-1.000,1.500,joint_grid_transaction,79,79,8,9,8,0.000,1.00,1.524,False,joint_window_endpoint,103.860,False
103.424,8,en_route_pickup,0.963,-2.700,0.000,-3.500,joint_grid_transaction,79,79,7,8,7,0.000,1.00,3.071,False,joint_window_endpoint,103.860,False
103.936,1,en_route_pickup,-0.717,-2.021,6.000,3.500,joint_grid_transaction,79,79,8,9,9,0.000,1.00,-0.107,False,joint_window_endpoint,104.340,False
103.936,2,en_route_delivery,-0.727,2.185,0.000,-3.500,_command_reverse,100,79,0,1,2,0.000,0.55,0.304,False,None,0.000,False
103.936,3,en_route_delivery,-3.091,1.802,0.000,-3.500,joint_grid_transaction,98,79,1,0,3,0.000,1.00,-2.891,False,None,0.000,False
103.936,4,en_route_delivery,0.965,2.222,3.000,-1.500,joint_grid_transaction,89,72,1,0,4,0.000,1.00,-0.967,False,None,0.000,False
103.936,5,en_route_pickup,-1.604,2.331,1.000,1.500,_command_reverse,103,79,0,1,5,0.000,1.00,2.151,False,None,0.000,False
103.936,6,en_route_pickup,-0.862,-2.836,-1.000,-1.500,_priority_yield_direct,106,79,0,1,6,104.028,0.40,2.556,False,None,0.000,False
103.936,7,en_route_delivery,-4.196,0.037,-1.000,1.500,joint_grid_transaction,79,79,8,9,8,0.000,1.00,1.524,False,joint_window_endpoint,104.340,False
103.936,8,en_route_pickup,0.963,-2.700,0.000,-3.500,joint_grid_transaction,79,79,7,8,7,0.000,1.00,3.071,False,joint_window_endpoint,104.340,False
104.448,1,en_route_pickup,-0.685,-2.017,6.000,3.500,joint_grid_transaction,111,111,1,3,9,0.000,1.00,-0.113,False,None,0.000,False
104.448,2,en_route_delivery,-0.707,2.181,0.000,-3.500,joint_grid_transaction,111,111,1,13,2,0.000,0.55,0.228,False,None,0.000,False
104.448,3,en_route_delivery,-3.073,1.793,0.000,-3.500,joint_grid_transaction,111,111,1,19,3,0.000,1.00,-2.623,False,None,0.000,False
104.448,4,en_route_delivery,0.985,2.245,3.000,-1.500,joint_grid_transaction,111,111,1,5,4,0.000,1.00,-0.765,False,None,0.000,False
104.448,5,en_route_pickup,-1.624,2.396,1.000,1.500,joint_grid_transaction,111,111,1,4,5,0.000,1.00,1.885,False,None,0.000,False
104.448,6,en_route_pickup,-0.867,-2.832,-1.000,-1.500,joint_grid_transaction,111,111,1,2,6,0.000,0.40,2.612,False,None,0.000,False
104.448,7,en_route_delivery,-4.194,0.070,-1.000,1.500,joint_grid_transaction,111,111,1,8,8,0.000,1.00,1.514,False,None,0.000,False
104.448,8,en_route_pickup,0.966,-2.701,0.000,-3.500,joint_grid_transaction,111,111,1,2,7,0.000,1.00,-2.945,False,None,0.000,False
104.960,1,en_route_pickup,-0.605,-2.008,6.000,3.500,joint_grid_transaction,111,111,1,3,9,0.000,1.00,-0.109,False,None,0.000,False
104.960,2,en_route_delivery,-0.719,2.187,0.000,-3.500,joint_grid_transaction,111,111,1,13,2,0.000,1.00,0.441,False,None,0.000,False
104.960,3,en_route_delivery,-3.083,1.799,0.000,-3.500,_priority_yield_direct,112,111,1,11,3,0.000,0.70,-2.743,False,None,0.000,False
104.960,4,en_route_delivery,1.019,2.272,3.000,-1.500,joint_grid_transaction,111,111,1,5,4,0.000,1.00,-0.425,False,None,0.000,False
104.960,5,en_route_pickup,-1.621,2.404,1.000,1.500,joint_grid_transaction,111,111,1,4,5,0.000,0.60,1.486,False,None,0.000,False
104.960,6,en_route_pickup,-0.869,-2.831,-1.000,-1.500,joint_grid_transaction,111,111,1,2,6,106.028,0.40,2.629,False,None,0.000,False
104.960,7,en_route_delivery,-4.189,0.151,-1.000,1.500,joint_grid_transaction,111,111,1,8,8,0.000,1.00,1.508,False,None,0.000,False
104.960,8,en_route_pickup,0.943,-2.722,0.000,-3.500,joint_grid_transaction,111,111,1,2,7,0.000,1.00,-2.650,False,None,0.000,False
105.472,1,en_route_pickup,-0.525,-2.000,6.000,3.500,joint_grid_transaction,111,111,1,3,9,0.000,1.00,-0.107,False,None,0.000,False
105.472,2,en_route_delivery,-0.748,2.208,0.000,-3.500,_priority_yield_direct,114,111,0,14,2,0.000,0.70,0.747,False,None,0.000,False
105.472,3,en_route_delivery,-3.094,1.803,0.000,-3.500,_command_reverse,115,111,0,1,3,0.000,0.70,-2.966,False,None,0.000,False
105.472,4,en_route_delivery,1.093,2.251,3.000,-1.500,joint_grid_transaction,111,111,1,5,4,0.000,1.00,-0.220,False,None,0.000,False
105.472,5,en_route_pickup,-1.603,2.368,1.000,1.500,joint_grid_transaction,111,111,1,4,5,0.000,1.00,0.907,False,None,0.000,False
105.472,6,en_route_pickup,-0.869,-2.831,-1.000,-1.500,joint_grid_transaction,111,111,1,2,6,106.028,0.40,2.629,False,None,0.000,False
105.472,7,en_route_delivery,-4.184,0.232,-1.000,1.500,joint_grid_transaction,111,111,1,8,8,0.000,1.00,1.507,False,None,0.000,False
105.472,8,en_route_pickup,0.864,-2.773,0.000,-3.500,joint_grid_transaction,111,111,1,2,7,0.000,1.00,-2.518,False,None,0.000,False
105.984,1,en_route_pickup,-0.446,-1.991,6.000,3.500,joint_grid_transaction,111,111,1,3,9,0.000,1.00,-0.106,False,None,0.000,False
105.984,2,en_route_delivery,-0.773,2.235,0.000,-3.500,_priority_yield_direct,114,111,0,14,2,0.000,0.70,0.983,False,None,0.000,False
105.984,3,en_route_delivery,-3.108,1.802,0.000,-3.500,_command_reverse,115,111,0,1,3,0.000,0.70,-3.049,False,None,0.000,False
105.984,4,en_route_delivery,1.187,2.236,3.000,-1.500,joint_grid_transaction,111,111,1,5,4,0.000,1.00,-0.128,False,None,0.000,False
105.984,5,en_route_pickup,-1.551,2.322,1.000,1.500,joint_grid_transaction,111,111,1,4,5,0.000,1.00,0.390,False,None,0.000,False
105.984,6,en_route_pickup,-0.869,-2.831,-1.000,-1.500,joint_grid_transaction,111,111,1,2,6,106.028,0.40,2.629,False,None,0.000,False
105.984,7,en_route_delivery,-4.179,0.312,-1.000,1.500,joint_grid_transaction,111,111,1,8,8,0.000,1.00,1.506,False,None,0.000,False
105.984,8,en_route_pickup,0.788,-2.831,0.000,-3.500,joint_grid_transaction,111,111,1,2,7,0.000,1.00,-2.467,False,None,0.000,False
106.496,1,en_route_pickup,-0.366,-1.983,6.000,3.500,joint_grid_transaction,111,111,1,3,9,0.000,1.00,-0.104,False,None,0.000,False
106.496,2,en_route_delivery,-0.786,2.257,0.000,-3.500,_priority_yield_direct,114,111,0,14,2,0.000,0.70,1.285,False,None,0.000,False
106.496,3,en_route_delivery,-3.131,1.800,0.000,-3.500,_command_reverse,115,111,0,1,3,0.000,0.70,-3.062,False,None,0.000,False
106.496,4,en_route_delivery,1.281,2.225,3.000,-1.500,joint_grid_transaction,111,111,1,5,4,0.000,1.00,-0.101,False,None,0.000,False
106.496,5,en_route_pickup,-1.547,2.315,1.000,1.500,joint_grid_transaction,111,111,1,4,5,0.000,1.00,0.327,False,None,0.000,False
106.496,6,en_route_pickup,-0.875,-2.829,-1.000,-1.500,joint_grid_transaction,111,111,1,2,6,0.000,0.40,2.698,False,None,0.000,False
106.496,7,en_route_delivery,-4.174,0.391,-1.000,1.500,joint_grid_transaction,111,111,1,8,8,0.000,1.00,1.504,False,None,0.000,False
106.496,8,en_route_pickup,0.714,-2.891,0.000,-3.500,joint_grid_transaction,111,111,1,2,7,0.000,1.00,-2.447,False,None,0.000,False
107.008,1,en_route_pickup,-0.286,-1.974,6.000,3.500,joint_grid_transaction,111,111,1,3,9,0.000,1.00,-0.103,False,None,0.000,False
107.008,2,en_route_delivery,-0.788,2.264,0.000,-3.500,_priority_yield_direct,114,111,0,14,2,0.000,0.70,1.682,False,None,0.000,False
107.008,3,en_route_delivery,-3.153,1.798,0.000,-3.500,joint_grid_transaction,115,111,0,0,3,0.000,0.70,-3.078,False,None,0.000,False
107.008,4,en_route_delivery,1.373,2.216,3.000,-1.500,joint_grid_transaction,111,111,1,5,4,0.000,1.00,-0.100,False,None,0.000,False
107.008,5,en_route_pickup,-1.525,2.287,1.000,1.500,joint_grid_transaction,111,111,1,4,5,0.000,1.00,0.608,False,None,0.000,False
107.008,6,en_route_pickup,-0.875,-2.828,-1.000,-1.500,joint_grid_transaction,111,111,1,2,6,108.028,0.40,2.707,False,None,0.000,False
107.008,7,en_route_delivery,-4.169,0.470,-1.000,1.500,joint_grid_transaction,111,111,1,8,8,0.000,1.00,1.503,False,None,0.000,False
107.008,8,en_route_pickup,0.641,-2.953,0.000,-3.500,joint_grid_transaction,111,111,1,2,7,0.000,1.00,-2.439,False,None,0.000,False
107.520,1,en_route_pickup,-0.207,-1.966,6.000,3.500,joint_grid_transaction,111,111,1,3,9,0.000,1.00,-0.102,False,None,0.000,False
107.520,2,en_route_delivery,-0.788,2.263,0.000,-3.500,_priority_yield_direct,114,111,0,14,2,108.524,0.40,1.703,False,None,0.000,False
107.520,3,en_route_delivery,-3.160,1.799,0.000,-3.500,_command_reverse,119,111,0,1,3,0.000,0.70,3.041,False,None,0.000,False
107.520,4,en_route_delivery,1.465,2.207,3.000,-1.500,joint_grid_transaction,111,111,1,5,4,0.000,1.00,-0.099,False,None,0.000,False
107.520,5,en_route_pickup,-1.452,2.227,1.000,1.500,joint_grid_transaction,111,111,1,4,5,0.000,1.00,0.750,False,None,0.000,False
107.520,6,en_route_pickup,-0.875,-2.828,-1.000,-1.500,joint_grid_transaction,111,111,1,2,6,108.028,0.40,2.707,False,None,0.000,False
107.520,7,en_route_delivery,-4.163,0.547,-1.000,1.500,joint_grid_transaction,111,111,1,8,8,0.000,1.00,1.502,False,None,0.000,False
107.520,8,en_route_pickup,0.568,-3.015,0.000,-3.500,joint_grid_transaction,111,111,1,2,7,0.000,1.00,-2.436,False,None,0.000,False
108.032,1,en_route_pickup,-0.127,-1.958,6.000,3.500,joint_grid_transaction,111,111,1,3,9,0.000,1.00,-0.101,False,None,0.000,False
108.032,2,en_route_delivery,-0.788,2.263,0.000,-3.500,_priority_yield_direct,114,111,0,14,2,108.524,0.40,1.703,False,None,0.000,False
108.032,3,en_route_delivery,-3.192,1.807,0.000,-3.500,_command_reverse,119,111,0,1,3,0.000,0.70,2.999,False,None,0.000,False
108.032,4,en_route_delivery,1.556,2.198,3.000,-1.500,joint_grid_transaction,111,111,1,5,4,0.000,1.00,-0.098,False,None,0.000,False
108.032,5,en_route_pickup,-1.387,2.166,1.000,1.500,joint_grid_transaction,111,111,2,4,5,0.000,1.00,0.769,False,None,0.000,False
108.032,6,en_route_pickup,-0.875,-2.828,-1.000,-1.500,joint_grid_transaction,111,111,1,2,6,108.116,0.40,2.707,False,None,0.000,False
108.032,7,en_route_delivery,-4.158,0.623,-1.000,1.500,joint_grid_transaction,111,111,1,8,8,0.000,1.00,1.501,False,None,0.000,False
108.032,8,en_route_pickup,0.495,-3.077,0.000,-3.500,joint_grid_transaction,111,111,1,2,7,0.000,1.00,-2.435,False,None,0.000,False
108.544,1,en_route_pickup,-0.048,-1.950,6.000,3.500,joint_grid_transaction,111,111,1,3,9,0.000,1.00,-0.099,False,None,0.000,False
108.544,2,en_route_delivery,-0.788,2.263,0.000,-3.500,_priority_yield_direct,114,111,0,14,2,0.000,1.00,1.706,False,None,0.000,False
108.544,3,en_route_delivery,-3.229,1.816,0.000,-3.500,joint_grid_transaction,119,111,0,0,3,0.000,0.70,2.945,False,None,0.000,False
108.544,4,en_route_delivery,1.648,2.189,3.000,-1.500,joint_grid_transaction,111,111,1,5,4,0.000,1.00,-0.097,False,None,0.000,False
108.544,5,en_route_pickup,-1.356,2.191,1.000,1.500,joint_grid_transaction,111,111,2,4,5,0.000,1.00,0.430,False,None,0.000,False
108.544,6,en_route_pickup,-0.881,-2.826,-1.000,-1.500,joint_grid_transaction,111,111,1,2,6,0.000,1.00,2.791,False,None,0.000,False
108.544,7,en_route_delivery,-4.153,0.698,-1.000,1.500,joint_grid_transaction,111,111,1,8,8,0.000,1.00,1.501,False,None,0.000,False
108.544,8,en_route_delivery,0.422,-3.139,6.000,3.500,joint_grid_transaction,111,111,1,3,7,0.000,1.00,-2.434,False,None,0.000,False
109.056,1,en_route_pickup,0.032,-1.942,6.000,3.500,joint_grid_transaction,111,111,1,3,9,0.000,1.00,-0.098,False,None,0.000,False
109.056,2,en_route_delivery,-0.791,2.256,0.000,-3.500,_priority_yield_direct,114,111,0,14,2,109.324,0.40,1.897,True,None,0.000,True
109.056,3,en_route_delivery,-3.253,1.823,0.000,-3.500,joint_grid_transaction,119,111,1,0,3,0.000,0.70,2.906,False,None,0.000,False
109.056,4,en_route_delivery,1.740,2.180,3.000,-1.500,joint_grid_transaction,111,111,1,5,4,0.000,1.00,-0.096,False,None,0.000,False
109.056,5,en_route_pickup,-1.333,2.184,1.000,1.500,joint_grid_transaction,111,111,2,4,5,109.324,0.65,0.345,True,None,0.000,True
109.056,6,en_route_pickup,-0.878,-2.817,-1.000,-1.500,joint_grid_transaction,111,111,1,2,6,0.000,1.00,-2.726,False,None,0.000,False
109.056,7,en_route_delivery,-4.148,0.771,-1.000,1.500,joint_grid_transaction,111,111,1,8,8,0.000,1.00,1.500,False,None,0.000,False
109.056,8,en_route_delivery,0.350,-3.201,6.000,3.500,joint_grid_transaction,111,111,1,3,7,0.000,1.00,-2.434,False,None,0.000,False
109.568,1,en_route_pickup,0.111,-1.935,6.000,3.500,joint_grid_transaction,123,123,1,3,9,0.000,1.00,-0.097,False,None,0.000,False
109.568,2,en_route_delivery,-0.791,2.256,0.000,-3.500,joint_grid_transaction,123,123,1,14,2,0.000,0.60,1.899,True,None,0.000,True
109.568,3,en_route_delivery,-3.236,1.830,0.000,-3.500,joint_grid_transaction,123,123,1,16,3,118.520,0.40,2.637,False,None,0.000,False
109.568,4,en_route_delivery,1.770,2.166,3.000,-1.500,joint_grid_transaction,123,123,1,8,4,0.000,1.00,-0.380,False,None,0.000,False
109.568,5,en_route_pickup,-1.333,2.184,1.000,1.500,joint_grid_transaction,111,111,2,4,5,0.000,1.00,0.345,True,None,0.000,True
109.568,6,en_route_pickup,-0.829,-2.779,-1.000,-1.500,joint_grid_transaction,123,123,1,2,6,0.000,1.00,-2.255,False,None,0.000,False
109.568,7,en_route_delivery,-4.142,0.843,-1.000,1.500,joint_grid_transaction,123,123,1,4,8,0.000,1.00,1.499,False,None,0.000,False
109.568,8,en_route_delivery,0.374,-3.252,6.000,3.500,joint_grid_transaction,123,123,1,3,7,0.000,1.00,-1.934,False,None,0.000,False
110.080,1,en_route_pickup,0.190,-1.927,6.000,3.500,joint_grid_transaction,123,123,1,3,9,0.000,1.00,-0.096,False,None,0.000,False
110.080,2,en_route_delivery,-0.791,2.256,0.000,-3.500,joint_grid_transaction,123,123,1,14,2,0.000,0.60,1.899,True,None,0.000,True
110.080,3,en_route_delivery,-3.236,1.830,0.000,-3.500,joint_grid_transaction,123,123,1,0,3,0.000,1.00,2.637,False,None,0.000,False
110.080,4,en_route_delivery,1.838,2.139,3.000,-1.500,joint_grid_transaction,123,123,1,8,4,0.000,1.00,-0.435,False,None,0.000,False
110.080,5,en_route_pickup,-1.333,2.184,1.000,1.500,joint_grid_transaction,111,111,2,4,5,0.000,1.00,0.345,True,None,0.000,True
110.080,6,en_route_pickup,-0.818,-2.744,-1.000,-1.500,joint_grid_transaction,123,123,1,2,6,0.000,1.00,-1.986,False,None,0.000,False
110.080,7,en_route_delivery,-4.137,0.914,-1.000,1.500,joint_grid_transaction,123,123,1,4,8,0.000,1.00,1.498,False,None,0.000,False
110.080,8,en_route_delivery,0.382,-3.250,6.000,3.500,joint_grid_transaction,123,123,1,3,7,0.000,1.00,-1.158,False,None,0.000,False
110.592,1,en_route_pickup,0.269,-1.919,6.000,3.500,joint_grid_transaction,123,123,1,3,9,0.000,1.00,-0.096,False,None,0.000,False
110.592,2,en_route_delivery,-0.791,2.256,0.000,-3.500,joint_grid_transaction,123,123,1,14,2,110.828,0.40,1.899,True,None,0.000,True
110.592,3,en_route_delivery,-3.236,1.830,0.000,-3.500,joint_grid_transaction,123,123,1,0,3,0.000,1.00,2.637,False,None,0.000,False
110.592,4,en_route_delivery,1.904,2.124,3.000,-1.500,joint_grid_transaction,123,123,2,8,4,0.000,1.00,-0.214,False,None,0.000,False
110.592,5,en_route_pickup,-1.333,2.184,1.000,1.500,joint_grid_transaction,111,111,2,4,5,110.828,0.65,0.345,True,None,0.000,True
110.592,6,en_route_pickup,-0.847,-2.655,-1.000,-1.500,joint_grid_transaction,123,123,1,2,6,0.000,1.00,-1.806,False,None,0.000,False
110.592,7,en_route_delivery,-4.132,0.982,-1.000,1.500,joint_grid_transaction,123,123,1,4,8,0.000,1.00,1.498,False,None,0.000,False
110.592,8,en_route_delivery,0.425,-3.197,6.000,3.500,joint_grid_transaction,123,123,1,3,7,0.000,1.00,-0.645,False,None,0.000,False
111.104,1,en_route_pickup,0.348,-1.912,6.000,3.500,joint_grid_transaction,123,123,1,3,9,0.000,1.00,-0.095,False,None,0.000,False
111.104,2,en_route_delivery,-0.791,2.256,0.000,-3.500,joint_grid_transaction,123,123,1,14,2,111.324,0.40,1.899,True,None,0.000,True
111.104,3,en_route_delivery,-3.236,1.830,0.000,-3.500,joint_grid_transaction,123,123,1,0,3,0.000,1.00,2.637,False,None,0.000,False
111.104,4,en_route_delivery,1.998,2.110,3.000,-1.500,joint_grid_transaction,123,123,2,8,4,0.000,1.00,-0.109,False,None,0.000,False
111.104,5,en_route_pickup,-1.333,2.184,1.000,1.500,joint_grid_transaction,111,111,2,4,5,111.324,0.65,0.345,True,None,0.000,True
111.104,6,en_route_pickup,-0.866,-2.561,-1.000,-1.500,joint_grid_transaction,123,123,1,2,6,0.000,1.00,-1.737,False,None,0.000,False
111.104,7,en_route_delivery,-4.127,1.049,-1.000,1.500,joint_grid_transaction,123,123,1,4,8,0.000,1.00,1.497,False,None,0.000,False
111.104,8,en_route_delivery,0.456,-3.178,6.000,3.500,joint_grid_transaction,123,123,1,3,7,0.000,1.00,-0.234,False,None,0.000,False
111.616,1,en_route_pickup,0.426,-1.904,6.000,3.500,joint_grid_transaction,123,123,1,3,9,0.000,1.00,-0.094,False,None,0.000,False
111.616,2,en_route_delivery,-0.791,2.256,0.000,-3.500,joint_grid_transaction,123,123,1,14,2,111.820,0.40,1.899,True,None,0.000,True
111.616,3,en_route_delivery,-3.184,1.878,0.000,-3.500,joint_grid_transaction,124,124,1,19,3,0.000,1.00,2.139,False,None,0.000,False
111.616,4,en_route_delivery,2.065,2.093,3.000,-1.500,joint_grid_transaction,124,124,1,8,4,0.000,1.00,-0.192,False,None,0.000,False
111.616,5,en_route_pickup,-1.333,2.184,1.000,1.500,joint_grid_transaction,124,124,0,3,5,111.820,0.65,0.345,True,None,0.000,True
111.616,6,en_route_pickup,-0.880,-2.467,-1.000,-1.500,joint_grid_transaction,124,124,1,2,6,0.000,1.00,-1.710,False,None,0.000,False
111.616,7,en_route_delivery,-4.123,1.114,-1.000,1.500,joint_grid_transaction,124,124,1,4,8,0.000,1.00,1.496,False,None,0.000,False
111.616,8,en_route_delivery,0.523,-3.187,6.000,3.500,joint_grid_transaction,124,124,1,3,7,0.000,1.00,-0.079,False,None,0.000,False
112.128,1,en_route_pickup,0.504,-1.897,6.000,3.500,joint_grid_transaction,123,123,1,3,9,0.000,1.00,-0.093,False,None,0.000,False
112.128,2,en_route_delivery,-0.791,2.256,0.000,-3.500,joint_grid_transaction,123,123,1,14,2,0.000,0.60,1.899,True,None,0.000,True
112.128,3,en_route_delivery,-3.170,1.906,0.000,-3.500,joint_grid_transaction,124,124,1,19,3,113.516,0.40,1.562,False,None,0.000,False
112.128,4,en_route_delivery,2.159,2.080,3.000,-1.500,joint_grid_transaction,124,124,2,8,4,0.000,1.00,-0.097,False,None,0.000,False
112.128,5,en_route_pickup,-1.333,2.184,1.000,1.500,joint_grid_transaction,124,124,0,3,5,0.000,1.00,0.345,True,None,0.000,True
112.128,6,en_route_pickup,-0.893,-2.372,-1.000,-1.500,joint_grid_transaction,124,124,1,2,6,0.000,1.00,-1.700,False,None,0.000,False
112.128,7,en_route_delivery,-4.118,1.176,-1.000,1.500,joint_grid_transaction,124,124,1,4,8,0.000,1.00,1.496,False,None,0.000,False
112.128,8,en_route_delivery,0.598,-3.192,6.000,3.500,joint_grid_transaction,124,124,1,3,7,0.000,1.00,-0.056,False,None,0.000,False
112.640,1,en_route_pickup,0.582,-1.890,6.000,3.500,joint_grid_transaction,123,123,1,3,9,0.000,1.00,-0.093,False,None,0.000,False
112.640,2,en_route_delivery,-0.790,2.258,0.000,-3.500,_command_reverse,125,123,1,1,2,0.000,0.60,1.852,True,None,0.000,True
112.640,3,en_route_delivery,-3.170,1.906,0.000,-3.500,joint_grid_transaction,124,124,1,0,3,0.000,1.00,1.562,False,None,0.000,False
112.640,4,en_route_delivery,2.248,2.072,3.000,-1.500,joint_grid_transaction,124,124,2,8,4,0.000,1.00,-0.089,False,None,0.000,False
112.640,5,en_route_pickup,-1.333,2.184,1.000,1.500,joint_grid_transaction,124,124,0,3,5,0.000,1.00,0.345,True,None,0.000,True
112.640,6,en_route_pickup,-0.905,-2.277,-1.000,-1.500,joint_grid_transaction,124,124,1,2,6,0.000,1.00,-1.696,False,None,0.000,False
112.640,7,en_route_delivery,-4.113,1.236,-1.000,1.500,joint_grid_transaction,124,124,1,4,8,0.000,1.00,1.496,False,None,0.000,False
112.640,8,en_route_delivery,0.669,-3.196,6.000,3.500,joint_grid_transaction,124,124,1,3,7,0.000,1.00,-0.059,False,None,0.000,False
113.152,1,en_route_pickup,0.660,-1.882,6.000,3.500,joint_grid_transaction,123,123,1,3,9,0.000,1.00,-0.092,False,None,0.000,False
113.152,2,en_route_delivery,-0.788,2.265,0.000,-3.500,_command_reverse,125,123,0,1,2,113.324,0.40,1.629,False,None,0.000,False
113.152,3,en_route_delivery,-3.170,1.906,0.000,-3.500,joint_grid_transaction,124,124,1,0,3,0.000,1.00,1.562,False,None,0.000,False
113.152,4,en_route_delivery,2.335,2.064,3.000,-1.500,joint_grid_transaction,124,124,2,8,4,0.000,1.00,-0.088,False,None,0.000,False
113.152,5,en_route_pickup,-1.329,2.186,1.000,1.500,_command_reverse,127,124,0,1,5,0.000,0.65,0.263,False,None,0.000,True
113.152,6,en_route_pickup,-0.917,-2.182,-1.000,-1.500,joint_grid_transaction,124,124,1,2,6,0.000,1.00,-1.694,False,None,0.000,False
113.152,7,en_route_delivery,-4.109,1.293,-1.000,1.500,joint_grid_transaction,124,124,1,4,8,0.000,1.00,1.495,False,None,0.000,False
113.152,8,en_route_delivery,0.740,-3.200,6.000,3.500,joint_grid_transaction,124,124,1,3,7,0.000,1.00,-0.060,False,None,0.000,False
113.664,1,en_route_pickup,0.738,-1.875,6.000,3.500,joint_grid_transaction,123,123,1,3,9,0.000,1.00,-0.092,False,None,0.000,False
113.664,2,en_route_delivery,-0.788,2.265,0.000,-3.500,_command_reverse,125,123,0,1,2,113.820,0.40,1.569,False,None,0.000,False
113.664,3,en_route_delivery,-3.169,1.903,0.000,-3.500,joint_grid_transaction,124,124,1,0,3,0.000,1.00,1.377,False,None,0.000,False
113.664,4,en_route_delivery,2.422,2.056,3.000,-1.500,joint_grid_transaction,124,124,2,8,4,0.000,1.00,-0.088,False,None,0.000,False
113.664,5,en_route_pickup,-1.322,2.188,1.000,1.500,_command_reverse,127,124,0,1,5,113.820,0.65,0.003,False,None,0.000,False
113.664,6,en_route_delivery,-0.928,-2.087,-6.000,3.500,joint_grid_transaction,124,124,1,3,6,0.000,1.00,-1.693,False,None,0.000,False
113.664,7,en_route_delivery,-4.105,1.347,-1.000,1.500,joint_grid_transaction,124,124,1,4,8,0.000,1.00,1.495,False,None,0.000,False
113.664,8,en_route_delivery,0.810,-3.204,6.000,3.500,joint_grid_transaction,124,124,1,3,7,0.000,1.00,-0.062,False,None,0.000,False
114.176,1,en_route_pickup,0.815,-1.868,6.000,3.500,joint_grid_transaction,123,123,1,3,9,0.000,1.00,-0.091,False,None,0.000,False
114.176,2,en_route_delivery,-0.788,2.265,0.000,-3.500,_command_reverse,125,123,0,1,2,114.316,0.40,1.509,False,None,0.000,False
114.176,3,en_route_delivery,-3.156,1.884,0.000,-3.500,joint_grid_transaction,124,124,1,0,3,0.000,1.00,1.000,False,None,0.000,False
114.176,4,en_route_delivery,2.509,2.049,3.000,-1.500,joint_grid_transaction,124,124,2,8,4,0.000,1.00,-0.088,False,None,0.000,False
114.176,5,en_route_pickup,-1.324,2.188,1.000,1.500,_command_reverse,127,124,0,1,5,114.316,0.65,0.143,False,None,0.000,False
114.176,6,en_route_delivery,-0.940,-1.992,-6.000,3.500,joint_grid_transaction,124,124,1,3,6,0.000,1.00,-1.693,False,None,0.000,False
114.176,7,en_route_delivery,-4.102,1.394,-1.000,1.500,joint_grid_transaction,124,124,1,4,8,0.000,1.00,1.512,False,None,0.000,False
114.176,8,en_route_delivery,0.879,-3.209,6.000,3.500,joint_grid_transaction,124,124,1,3,7,0.000,1.00,-0.063,False,None,0.000,False
114.688,1,en_route_pickup,0.892,-1.861,6.000,3.500,joint_grid_transaction,123,123,1,3,9,0.000,1.00,-0.090,False,None,0.000,False
114.688,2,en_route_delivery,-0.788,2.262,0.000,-3.500,_command_reverse,125,123,0,1,2,0.000,0.55,1.379,False,None,0.000,False
114.688,3,en_route_delivery,-3.097,1.958,0.000,-3.500,joint_grid_transaction,124,124,1,0,3,0.000,1.00,0.815,False,None,0.000,False
114.688,4,en_route_delivery,2.596,2.041,3.000,-1.500,joint_grid_transaction,124,124,2,8,4,0.000,1.00,-0.088,False,None,0.000,False
114.688,5,en_route_pickup,-1.341,2.194,1.000,1.500,_command_reverse,127,124,0,1,5,0.000,1.00,0.463,False,None,0.000,False
114.688,6,en_route_delivery,-0.952,-1.897,-6.000,3.500,joint_grid_transaction,124,124,1,3,6,0.000,1.00,-1.692,False,None,0.000,False
114.688,7,en_route_delivery,-4.100,1.440,-1.000,1.500,joint_grid_transaction,124,124,1,4,8,0.000,1.00,1.534,False,None,0.000,False
114.688,8,en_route_delivery,0.947,-3.213,6.000,3.500,joint_grid_transaction,124,124,1,3,7,0.000,1.00,-0.064,False,None,0.000,False
115.200,1,en_route_pickup,0.969,-1.854,6.000,3.500,joint_grid_transaction,123,123,1,3,9,0.000,1.00,-0.090,False,None,0.000,False
115.200,2,en_route_delivery,-0.786,2.255,0.000,-3.500,_command_reverse,125,123,0,1,2,116.524,0.40,1.228,False,None,0.000,False
115.200,3,en_route_delivery,-3.028,2.024,0.000,-3.500,joint_grid_transaction,124,124,1,0,3,0.000,1.00,0.734,False,None,0.000,False
115.200,4,en_route_delivery,2.682,2.034,3.000,-1.500,joint_grid_transaction,124,124,2,8,4,0.000,1.00,-0.087,False,None,0.000,False
115.200,5,en_route_pickup,-1.393,2.240,1.000,1.500,_command_reverse,127,124,0,1,5,0.000,1.00,0.970,False,None,0.000,False
115.200,6,en_route_delivery,-0.963,-1.802,-6.000,3.500,joint_grid_transaction,124,124,1,3,6,0.000,1.00,-1.692,False,None,0.000,False
115.200,7,en_route_delivery,-4.099,1.487,-1.000,1.500,joint_grid_transaction,124,124,1,4,8,0.000,1.00,1.560,False,None,0.000,False
115.200,8,en_route_delivery,1.015,-3.217,6.000,3.500,joint_grid_transaction,124,124,1,3,7,0.000,1.00,-0.066,False,None,0.000,False
115.712,1,en_route_pickup,1.046,-1.847,6.000,3.500,joint_grid_transaction,123,123,1,3,9,0.000,1.00,-0.090,False,None,0.000,False
115.712,2,en_route_delivery,-0.786,2.255,0.000,-3.500,_command_reverse,125,123,0,1,2,116.524,0.40,1.228,False,None,0.000,False
115.712,3,en_route_delivery,-2.956,2.086,0.000,-3.500,joint_grid_transaction,124,124,1,0,3,0.000,1.00,0.697,False,None,0.000,False
115.712,4,en_route_delivery,2.767,2.026,3.000,-1.500,joint_grid_transaction,124,124,2,8,4,0.000,1.00,-0.087,False,None,0.000,False
115.712,5,en_route_pickup,-1.410,2.271,1.000,1.500,_command_reverse,127,124,0,1,5,0.000,1.00,1.631,False,None,0.000,False
115.712,6,en_route_delivery,-0.974,-1.716,-6.000,3.500,joint_grid_transaction,124,124,2,3,6,0.000,1.00,-1.692,False,None,0.000,False
115.712,7,en_route_delivery,-4.100,1.536,-1.000,1.500,joint_grid_transaction,124,124,1,4,8,0.000,1.00,1.587,False,None,0.000,False
115.712,8,en_route_delivery,1.082,-3.222,6.000,3.500,joint_grid_transaction,124,124,1,3,7,0.000,1.00,-0.067,False,None,0.000,False
116.224,1,en_route_pickup,1.122,-1.841,6.000,3.500,joint_grid_transaction,123,123,1,3,9,0.000,1.00,-0.089,False,None,0.000,False
116.224,2,en_route_delivery,-0.786,2.255,0.000,-3.500,_command_reverse,125,123,0,1,2,116.524,0.40,1.228,False,None,0.000,False
116.224,3,en_route_delivery,-2.906,2.105,0.000,-3.500,joint_grid_transaction,124,124,2,0,3,0.000,1.00,0.507,False,None,0.000,False
116.224,4,en_route_delivery,2.852,2.019,3.000,-1.500,joint_grid_transaction,124,124,2,8,4,0.000,1.00,-0.087,False,None,0.000,False
116.224,5,en_route_pickup,-1.426,2.299,1.000,1.500,_command_reverse,127,124,0,1,5,0.000,1.00,1.929,False,None,0.000,False
116.224,6,en_route_delivery,-0.974,-1.716,-6.000,3.500,joint_grid_transaction,124,124,2,3,6,0.000,1.00,-1.692,False,None,0.000,False
116.224,7,en_route_delivery,-4.104,1.590,-1.000,1.500,joint_grid_transaction,124,124,1,4,8,0.000,1.00,1.616,False,None,0.000,False
116.224,8,en_route_delivery,1.149,-3.226,6.000,3.500,joint_grid_transaction,124,124,1,3,7,0.000,1.00,-0.068,False,None,0.000,False
116.736,1,en_route_pickup,1.198,-1.834,6.000,3.500,joint_grid_transaction,123,123,1,3,9,0.000,1.00,-0.089,False,None,0.000,False
116.736,2,en_route_delivery,-0.776,2.238,0.000,-3.500,_command_reverse,125,123,0,1,2,0.000,1.00,1.004,False,None,0.000,False
116.736,3,en_route_delivery,-2.842,2.122,0.000,-3.500,joint_grid_transaction,124,124,2,0,3,0.000,1.00,0.284,False,None,0.000,False
116.736,4,en_route_delivery,2.937,2.011,3.000,-1.500,joint_grid_transaction,124,124,2,8,4,0.000,1.00,-0.086,False,None,0.000,False
116.736,5,en_route_pickup,-1.466,2.384,1.000,1.500,_command_reverse,127,124,0,1,5,0.000,1.00,2.075,False,None,0.000,False
116.736,6,en_route_delivery,-0.974,-1.716,-6.000,3.500,joint_grid_transaction,124,124,2,3,6,0.000,1.00,-1.692,False,None,0.000,False
116.736,7,en_route_delivery,-4.112,1.651,-1.000,1.500,joint_grid_transaction,124,124,1,4,8,0.000,1.00,1.665,False,None,0.000,False
116.736,8,en_route_delivery,1.215,-3.231,6.000,3.500,joint_grid_transaction,124,124,1,3,7,0.000,1.00,-0.069,False,None,0.000,False
117.248,1,en_route_pickup,1.273,-1.827,6.000,3.500,joint_grid_transaction,123,123,1,3,9,0.000,1.00,-0.088,False,None,0.000,False
117.248,2,en_route_delivery,-0.744,2.201,0.000,-3.500,_command_reverse,125,123,0,1,2,0.000,0.45,0.675,False,None,0.000,False
117.248,3,en_route_delivery,-2.750,2.143,0.000,-3.500,joint_grid_transaction,124,124,2,0,3,0.000,1.00,0.172,False,None,0.000,False
117.248,4,en_route_delivery,3.020,2.004,3.000,-1.500,joint_grid_transaction,124,124,2,8,4,0.000,1.00,-0.086,False,None,0.000,False
117.248,5,en_route_pickup,-1.506,2.452,1.000,1.500,_command_reverse,127,124,0,1,5,0.000,0.75,2.125,False,None,0.000,False
117.248,6,en_route_delivery,-0.974,-1.716,-6.000,3.500,joint_grid_transaction,124,124,2,3,6,0.000,1.00,-1.692,False,None,0.000,False
117.248,7,en_route_delivery,-4.128,1.722,-1.000,1.500,joint_grid_transaction,124,124,1,4,8,0.000,1.00,1.756,False,None,0.000,False
117.248,8,en_route_delivery,1.280,-3.235,6.000,3.500,joint_grid_transaction,124,124,1,3,7,0.000,1.00,-0.070,False,None,0.000,False
117.760,1,en_route_pickup,1.348,-1.820,6.000,3.500,joint_grid_transaction,131,131,1,4,9,0.000,1.00,-0.088,False,None,0.000,False
117.760,2,en_route_delivery,-0.740,2.198,0.000,-3.500,joint_grid_transaction,131,131,1,23,2,0.000,0.45,0.637,False,None,0.000,False
117.760,3,en_route_delivery,-2.681,2.152,0.000,-3.500,joint_grid_transaction,131,131,1,11,3,0.000,1.00,0.116,False,None,0.000,False
117.760,4,en_route_delivery,3.103,1.997,3.000,-1.500,joint_grid_transaction,131,131,1,5,4,0.000,1.00,-0.086,False,None,0.000,False
117.760,5,en_route_pickup,-1.520,2.492,1.000,1.500,joint_grid_transaction,131,131,1,4,5,0.000,0.75,2.037,False,None,0.000,False
117.760,6,en_route_delivery,-0.977,-1.723,-6.000,3.500,joint_grid_transaction,131,131,1,5,6,0.000,1.00,-1.898,False,None,0.000,False
117.760,7,en_route_delivery,-4.142,1.789,-1.000,1.500,joint_grid_transaction,131,131,1,9,8,0.000,1.00,1.617,False,None,0.000,False
117.760,8,en_route_delivery,1.350,-3.240,6.000,3.500,joint_grid_transaction,131,131,1,3,7,0.000,1.00,-0.075,False,None,0.000,False
118.272,1,en_route_pickup,1.423,-1.814,6.000,3.500,joint_grid_transaction,131,131,1,4,9,0.000,1.00,-0.088,False,None,0.000,False
118.272,2,en_route_delivery,-0.751,2.207,0.000,-3.500,joint_grid_transaction,131,131,1,23,2,0.000,0.45,0.736,False,None,0.000,False
118.272,3,en_route_delivery,-2.725,2.128,0.000,-3.500,joint_grid_transaction,131,131,1,11,3,0.000,1.00,0.737,False,None,0.000,False
118.272,4,en_route_delivery,3.185,1.990,3.000,-1.500,joint_grid_transaction,131,131,1,5,4,0.000,1.00,-0.086,False,None,0.000,False
118.272,5,en_route_pickup,-1.512,2.510,1.000,1.500,joint_grid_transaction,131,131,1,4,5,0.000,0.75,1.631,False,None,0.000,False
118.272,6,en_route_delivery,-1.014,-1.775,-6.000,3.500,joint_grid_transaction,131,131,1,5,6,0.000,1.00,-2.434,False,None,0.000,False
118.272,7,en_route_delivery,-4.133,1.766,-1.000,1.500,joint_grid_transaction,131,131,1,9,8,0.000,1.00,1.042,False,None,0.000,False
118.272,8,en_route_delivery,1.435,-3.247,6.000,3.500,joint_grid_transaction,131,131,1,3,7,0.000,1.00,-0.076,False,None,0.000,False
118.784,1,en_route_pickup,1.497,-1.807,6.000,3.500,joint_grid_transaction,131,131,1,4,9,0.000,1.00,-0.087,False,None,0.000,False
118.784,2,en_route_delivery,-0.769,2.226,0.000,-3.500,_priority_yield_direct,132,131,0,11,2,0.000,0.70,0.893,False,None,0.000,False
118.784,3,en_route_delivery,-2.765,2.077,0.000,-3.500,joint_grid_transaction,131,131,1,11,3,0.000,1.00,1.282,False,None,0.000,False
118.784,4,en_route_delivery,3.266,1.983,3.000,-1.500,joint_grid_transaction,131,131,1,5,4,0.000,1.00,-0.086,False,None,0.000,False
118.784,5,en_route_pickup,-1.508,2.498,1.000,1.500,joint_grid_transaction,131,131,1,4,5,0.000,1.00,1.179,False,None,0.000,False
118.784,6,en_route_delivery,-1.057,-1.802,-6.000,3.500,joint_grid_transaction,131,131,1,5,6,0.000,1.00,-3.066,False,None,0.000,False
118.784,7,en_route_delivery,-4.089,1.801,-1.000,1.500,joint_grid_transaction,131,131,1,9,8,0.000,1.00,0.811,False,None,0.000,False
118.784,8,en_route_delivery,1.519,-3.253,6.000,3.500,joint_grid_transaction,131,131,1,3,7,0.000,1.00,-0.076,False,None,0.000,False
119.296,1,en_route_pickup,1.548,-1.803,6.000,3.500,joint_grid_transaction,133,133,2,10,9,0.000,1.00,-0.067,False,None,0.000,False
119.296,2,en_route_delivery,-0.782,2.244,0.000,-3.500,_priority_yield_direct,132,131,0,11,2,0.000,0.45,1.080,False,None,0.000,False
119.296,3,en_route_delivery,-2.774,2.089,0.000,-3.500,joint_grid_transaction,133,133,1,15,3,0.000,1.00,2.049,False,None,0.000,False
119.296,4,en_route_delivery,3.346,1.976,3.000,-1.500,joint_grid_transaction,133,133,1,15,4,0.000,1.00,-0.085,False,None,0.000,False
119.296,5,en_route_pickup,-1.484,2.521,1.000,1.500,joint_grid_transaction,133,133,1,7,5,0.000,0.75,0.977,False,None,0.000,False
119.296,6,en_route_delivery,-1.080,-1.814,-6.000,3.500,joint_grid_transaction,133,133,1,5,6,0.000,1.00,2.816,False,None,0.000,False
119.296,7,en_route_delivery,-4.028,1.831,-1.000,1.500,joint_grid_transaction,133,133,1,5,8,0.000,1.00,0.524,False,None,0.000,False
119.296,8,en_route_delivery,1.581,-3.257,6.000,3.500,joint_grid_transaction,133,133,1,4,7,0.000,1.00,-0.002,False,None,0.000,False
119.808,1,en_route_pickup,1.607,-1.819,6.000,3.500,joint_grid_transaction,133,133,2,10,9,0.000,1.00,-0.202,False,None,0.000,False
119.808,2,en_route_delivery,-0.784,2.249,0.000,-3.500,_priority_yield_direct,132,131,0,11,2,121.020,0.40,1.137,False,None,0.000,False
119.808,3,en_route_delivery,-2.802,2.112,0.000,-3.500,joint_grid_transaction,133,133,1,15,3,0.000,1.00,2.359,False,None,0.000,False
119.808,4,en_route_delivery,3.424,1.969,3.000,-1.500,joint_grid_transaction,133,133,1,15,4,0.000,1.00,-0.085,False,None,0.000,False
119.808,5,en_route_pickup,-1.438,2.580,1.000,1.500,joint_grid_transaction,133,133,1,7,5,0.000,1.00,0.861,False,None,0.000,False
119.808,6,en_route_delivery,-1.169,-1.848,-6.000,3.500,joint_grid_transaction,133,133,1,5,6,0.000,1.00,2.734,False,None,0.000,False
119.808,7,en_route_delivery,-4.004,1.820,-1.000,1.500,joint_grid_transaction,133,133,1,5,8,0.000,1.00,0.043,False,None,0.000,False
119.808,8,en_route_delivery,1.634,-3.257,6.000,3.500,joint_grid_transaction,133,133,1,4,7,0.000,1.00,0.001,False,None,0.000,False
120.320,1,en_route_pickup,1.692,-1.846,6.000,3.500,joint_grid_transaction,133,133,2,10,9,0.000,1.00,-0.345,False,None,0.000,False
120.320,2,en_route_delivery,-0.784,2.249,0.000,-3.500,_priority_yield_direct,132,131,0,11,2,121.020,0.40,1.137,False,None,0.000,False
120.320,3,en_route_delivery,-2.848,2.128,0.000,-3.500,joint_grid_transaction,133,133,2,15,3,0.000,1.00,2.890,False,None,0.000,False
120.320,4,en_route_delivery,3.501,1.963,3.000,-1.500,joint_grid_transaction,133,133,1,15,4,0.000,1.00,-0.085,False,None,0.000,False
120.320,5,en_route_pickup,-1.373,2.650,1.000,1.500,joint_grid_transaction,133,133,1,7,5,0.000,1.00,0.794,False,None,0.000,False
120.320,6,en_route_delivery,-1.256,-1.888,-6.000,3.500,joint_grid_transaction,133,133,1,5,6,0.000,1.00,2.702,False,None,0.000,False
120.320,7,en_route_delivery,-3.961,1.819,-1.000,1.500,joint_grid_transaction,133,133,1,5,8,0.000,1.00,0.021,False,None,0.000,False
120.320,8,en_route_delivery,1.686,-3.257,6.000,3.500,joint_grid_transaction,133,133,1,4,7,0.000,1.00,0.001,False,None,0.000,False
120.832,1,en_route_pickup,1.780,-1.882,6.000,3.500,joint_grid_transaction,133,133,2,10,9,0.000,1.00,-0.433,False,None,0.000,False
120.832,2,en_route_delivery,-0.784,2.249,0.000,-3.500,_priority_yield_direct,132,131,0,11,2,121.020,0.40,1.137,False,None,0.000,False
120.832,3,en_route_delivery,-2.874,2.130,0.000,-3.500,joint_grid_transaction,133,133,2,15,3,0.000,1.00,-3.130,False,None,0.000,False
120.832,4,en_route_delivery,3.576,1.956,3.000,-1.500,joint_grid_transaction,133,133,1,15,4,0.000,1.00,-0.085,False,None,0.000,False
120.832,5,en_route_pickup,-1.305,2.717,1.000,1.500,joint_grid_transaction,133,133,1,7,5,0.000,1.00,0.765,False,None,0.000,False
120.832,6,en_route_delivery,-1.342,-1.929,-6.000,3.500,joint_grid_transaction,133,133,1,5,6,0.000,1.00,2.690,False,None,0.000,False
120.832,7,en_route_delivery,-3.916,1.828,-1.000,1.500,joint_grid_transaction,133,133,2,5,8,0.000,1.00,0.133,False,None,0.000,False
120.832,8,en_route_delivery,1.738,-3.256,6.000,3.500,joint_grid_transaction,133,133,1,4,7,0.000,1.00,-0.013,False,None,0.000,False
121.344,1,en_route_pickup,1.838,-1.900,6.000,3.500,joint_grid_transaction,133,133,3,10,9,0.000,1.00,-0.285,False,None,0.000,False
121.344,2,en_route_delivery,-0.784,2.249,0.000,-3.500,_priority_yield_direct,132,131,0,11,2,122.524,0.40,1.141,False,None,0.000,False
121.344,3,en_route_delivery,-2.926,2.134,0.000,-3.500,joint_grid_transaction,133,133,2,15,3,0.000,1.00,-3.092,False,None,0.000,False
121.344,4,en_route_delivery,3.648,1.950,3.000,-1.500,joint_grid_transaction,133,133,1,15,4,0.000,1.00,-0.085,False,None,0.000,False
121.344,5,en_route_pickup,-1.236,2.783,1.000,1.500,joint_grid_transaction,133,133,1,7,5,0.000,1.00,0.753,False,None,0.000,False
121.344,6,en_route_delivery,-1.428,-1.971,-6.000,3.500,joint_grid_transaction,133,133,1,5,6,0.000,1.00,2.686,False,None,0.000,False
121.344,7,en_route_delivery,-3.837,1.848,-1.000,1.500,joint_grid_transaction,133,133,2,5,8,0.000,1.00,0.250,False,None,0.000,False
121.344,8,en_route_delivery,1.794,-3.253,6.000,3.500,joint_grid_transaction,133,133,1,4,7,0.000,1.00,-0.027,False,None,0.000,False
121.856,1,en_route_pickup,1.930,-1.918,6.000,3.500,joint_grid_transaction,133,133,3,10,9,0.000,1.00,-0.126,False,None,0.000,False
121.856,2,en_route_delivery,-0.784,2.249,0.000,-3.500,_priority_yield_direct,132,131,0,11,2,122.524,0.40,1.141,False,None,0.000,False
121.856,3,en_route_delivery,-2.987,2.143,0.000,-3.500,joint_grid_transaction,133,133,2,15,3,0.000,1.00,-3.037,False,None,0.000,False
121.856,4,en_route_delivery,3.717,1.944,3.000,-1.500,joint_grid_transaction,133,133,1,15,4,0.000,1.00,-0.084,False,None,0.000,False
121.856,5,en_route_pickup,-1.166,2.848,1.000,1.500,joint_grid_transaction,133,133,1,7,5,0.000,1.00,0.746,False,None,0.000,False
121.856,6,en_route_delivery,-1.514,-2.013,-6.000,3.500,joint_grid_transaction,133,133,1,5,6,0.000,1.00,2.684,False,None,0.000,False
121.856,7,en_route_delivery,-3.747,1.878,-1.000,1.500,joint_grid_transaction,133,133,2,5,8,0.000,1.00,0.374,False,None,0.000,False
121.856,8,en_route_delivery,1.855,-3.248,6.000,3.500,joint_grid_transaction,133,133,1,4,7,0.000,1.00,-0.057,False,None,0.000,False
122.368,1,en_route_pickup,2.022,-1.927,6.000,3.500,joint_grid_transaction,133,133,3,10,9,0.000,1.00,-0.088,False,None,0.000,False
122.368,2,en_route_delivery,-0.784,2.249,0.000,-3.500,_priority_yield_direct,132,131,0,11,2,122.524,0.40,1.141,False,None,0.000,False
122.368,3,en_route_delivery,-3.040,2.151,0.000,-3.500,_priority_yield_direct,135,133,1,17,3,0.000,0.70,-3.060,False,None,0.000,False
122.368,4,en_route_delivery,3.784,1.939,3.000,-1.500,joint_grid_transaction,133,133,1,15,4,0.000,1.00,-0.084,False,None,0.000,False
122.368,5,en_route_pickup,-1.111,2.875,1.000,1.500,joint_grid_transaction,133,133,2,7,5,0.000,1.00,0.529,False,None,0.000,False
122.368,6,en_route_delivery,-1.600,-2.056,-6.000,3.500,joint_grid_transaction,133,133,1,5,6,0.000,1.00,2.683,False,None,0.000,False
122.368,7,en_route_delivery,-3.683,1.901,-1.000,1.500,joint_grid_transaction,133,133,3,5,8,0.000,1.00,0.331,False,None,0.000,False
122.368,8,en_route_delivery,1.925,-3.238,6.000,3.500,joint_grid_transaction,133,133,1,4,7,0.000,1.00,-0.113,False,None,0.000,False
122.880,1,en_route_pickup,2.109,-1.935,6.000,3.500,joint_grid_transaction,133,133,3,10,9,0.000,1.00,-0.087,False,None,0.000,False
122.880,2,en_route_delivery,-0.784,2.249,0.000,-3.500,_priority_yield_direct,132,131,0,11,2,124.028,0.40,1.144,False,None,0.000,False
122.880,3,en_route_delivery,-3.075,2.154,0.000,-3.500,_priority_yield_direct,135,133,1,17,3,0.000,0.70,-3.062,False,None,0.000,False
122.880,4,en_route_delivery,3.845,1.934,3.000,-1.500,joint_grid_transaction,133,133,1,15,4,0.000,1.00,-0.084,False,None,0.000,False
122.880,5,en_route_pickup,-1.026,2.916,1.000,1.500,joint_grid_transaction,133,133,2,7,5,0.000,1.00,0.388,False,None,0.000,False
122.880,6,en_route_delivery,-1.686,-2.098,-6.000,3.500,joint_grid_transaction,133,133,1,5,6,0.000,1.00,2.683,False,None,0.000,False
122.880,7,en_route_delivery,-3.592,1.921,-1.000,1.500,joint_grid_transaction,133,133,3,5,8,0.000,1.00,0.145,False,None,0.000,False
122.880,8,en_route_delivery,2.011,-3.222,6.000,3.500,joint_grid_transaction,133,133,1,4,7,0.000,1.00,-0.206,False,None,0.000,False
123.392,1,en_route_pickup,2.196,-1.942,6.000,3.500,joint_grid_transaction,133,133,3,10,9,0.000,1.00,-0.087,False,None,0.000,False
123.392,2,en_route_delivery,-0.784,2.249,0.000,-3.500,_priority_yield_direct,132,131,0,11,2,124.028,0.40,1.144,False,None,0.000,False
123.392,3,en_route_delivery,-3.081,2.154,0.000,-3.500,_priority_yield_direct,135,133,1,17,3,0.000,0.70,-3.062,True,None,0.000,True
123.392,4,en_route_delivery,3.902,1.929,3.000,-1.500,joint_grid_transaction,133,133,1,15,4,0.000,1.00,-0.084,False,None,0.000,False
123.392,5,en_route_pickup,-0.938,2.949,1.000,1.500,joint_grid_transaction,133,133,3,7,5,0.000,1.00,0.385,False,None,0.000,False
123.392,6,en_route_delivery,-1.771,-2.140,-6.000,3.500,joint_grid_transaction,133,133,1,5,6,0.000,1.00,2.683,False,None,0.000,False
123.392,7,en_route_delivery,-3.577,1.923,-1.000,1.500,joint_grid_transaction,133,133,3,5,8,0.000,1.00,0.129,True,None,0.000,True
123.392,8,en_route_delivery,2.103,-3.199,6.000,3.500,joint_grid_transaction,133,133,1,4,7,0.000,1.00,-0.278,False,None,0.000,False
123.904,1,en_route_pickup,2.283,-1.950,6.000,3.500,joint_grid_transaction,133,133,3,10,9,0.000,1.00,-0.087,False,None,0.000,False
123.904,2,en_route_delivery,-0.784,2.249,0.000,-3.500,_priority_yield_direct,132,131,0,11,2,124.028,0.40,1.144,False,None,0.000,False
123.904,3,en_route_delivery,-3.081,2.154,0.000,-3.500,_priority_yield_direct,135,133,1,17,3,0.000,0.70,-3.062,True,None,0.000,True
123.904,4,en_route_delivery,3.948,1.926,3.000,-1.500,joint_grid_transaction,133,133,1,15,4,0.000,1.00,-0.059,False,None,0.000,False
123.904,5,en_route_pickup,-0.854,2.992,1.000,1.500,joint_grid_transaction,133,133,3,7,5,0.000,1.00,0.536,False,None,0.000,False
123.904,6,en_route_delivery,-1.857,-2.183,-6.000,3.500,joint_grid_transaction,133,133,1,5,6,0.000,1.00,2.683,False,None,0.000,False
123.904,7,en_route_delivery,-3.577,1.923,-1.000,1.500,joint_grid_transaction,133,133,3,5,8,0.000,1.00,0.129,True,None,0.000,True
123.904,8,en_route_delivery,2.194,-3.171,6.000,3.500,joint_grid_transaction,133,133,1,4,7,0.000,1.00,-0.304,False,None,0.000,False
124.416,1,en_route_pickup,2.369,-1.957,6.000,3.500,joint_grid_transaction,133,133,3,10,9,0.000,1.00,-0.087,False,None,0.000,False
124.416,2,en_route_delivery,-0.786,2.253,0.000,-3.500,_priority_yield_direct,132,131,0,11,2,0.000,0.40,1.201,False,None,0.000,False
124.416,3,en_route_delivery,-3.081,2.154,0.000,-3.500,_priority_yield_direct,135,133,1,17,3,0.000,0.70,-3.062,True,None,0.000,True
124.416,4,en_route_delivery,3.992,1.925,3.000,-1.500,joint_grid_transaction,133,133,1,15,4,0.000,1.00,-0.015,False,None,0.000,False
124.416,5,en_route_pickup,-0.774,3.044,1.000,1.500,joint_grid_transaction,133,133,3,7,5,0.000,1.00,0.602,False,None,0.000,False
124.416,6,en_route_delivery,-1.943,-2.225,-6.000,3.500,joint_grid_transaction,133,133,1,5,6,0.000,1.00,2.683,False,None,0.000,False
124.416,7,en_route_delivery,-3.577,1.923,-1.000,1.500,joint_grid_transaction,133,133,3,5,8,0.000,1.00,0.129,True,None,0.000,True
124.416,8,en_route_delivery,2.285,-3.142,6.000,3.500,joint_grid_transaction,133,133,1,4,7,0.000,1.00,-0.313,False,None,0.000,False
124.928,1,en_route_pickup,2.455,-1.965,6.000,3.500,joint_grid_transaction,133,133,3,10,9,0.000,1.00,-0.086,False,None,0.000,False
124.928,2,en_route_delivery,-0.787,2.255,0.000,-3.500,_priority_yield_direct,132,131,0,11,2,126.028,0.40,1.228,False,None,0.000,False
124.928,3,en_route_delivery,-3.081,2.154,0.000,-3.500,_priority_yield_direct,135,133,1,17,3,0.000,0.70,-3.062,True,None,0.000,True
124.928,4,en_route_delivery,4.039,1.926,3.000,-1.500,joint_grid_transaction,133,133,1,15,4,0.000,1.00,-0.036,False,None,0.000,False
124.928,5,en_route_pickup,-0.697,3.099,1.000,1.500,joint_grid_transaction,133,133,3,7,5,0.000,1.00,0.633,False,None,0.000,False
124.928,6,en_route_delivery,-2.029,-2.267,-6.000,3.500,joint_grid_transaction,133,133,1,5,6,0.000,1.00,2.683,False,None,0.000,False
124.928,7,en_route_delivery,-3.577,1.923,-1.000,1.500,joint_grid_transaction,133,133,3,5,8,0.000,1.00,0.129,True,None,0.000,True
124.928,8,en_route_delivery,2.376,-3.112,6.000,3.500,joint_grid_transaction,133,133,1,4,7,0.000,1.00,-0.317,False,None,0.000,False
125.440,1,en_route_pickup,2.540,-1.972,6.000,3.500,joint_grid_transaction,133,133,3,10,9,0.000,1.00,-0.086,False,None,0.000,False
125.440,2,en_route_delivery,-0.787,2.255,0.000,-3.500,_priority_yield_direct,132,131,0,11,2,126.028,0.40,1.228,False,None,0.000,False
125.440,3,en_route_delivery,-3.081,2.154,0.000,-3.500,_priority_yield_direct,135,133,1,17,3,0.000,0.70,-3.062,True,None,0.000,True
125.440,4,en_route_delivery,4.021,1.918,3.000,-1.500,joint_grid_transaction,133,133,2,15,4,0.000,1.00,-0.532,False,None,0.000,False
125.440,5,en_route_pickup,-0.642,3.101,1.000,1.500,joint_grid_transaction,133,133,4,7,5,0.000,1.00,0.210,False,None,0.000,False
125.440,6,en_route_delivery,-2.115,-2.310,-6.000,3.500,joint_grid_transaction,133,133,1,5,6,0.000,1.00,2.683,False,None,0.000,False
125.440,7,en_route_delivery,-3.577,1.923,-1.000,1.500,joint_grid_transaction,133,133,3,5,8,0.000,1.00,0.129,True,None,0.000,True
125.440,8,en_route_delivery,2.467,-3.082,6.000,3.500,joint_grid_transaction,133,133,1,4,7,0.000,1.00,-0.318,False,None,0.000,False
125.952,1,en_route_pickup,2.625,-1.979,6.000,3.500,joint_grid_transaction,133,133,3,10,9,0.000,1.00,-0.086,False,None,0.000,False
125.952,2,en_route_delivery,-0.787,2.255,0.000,-3.500,_priority_yield_direct,132,131,0,11,2,126.028,0.40,1.228,False,None,0.000,False
125.952,3,en_route_delivery,-3.081,2.154,0.000,-3.500,_priority_yield_direct,135,133,1,17,3,0.000,0.70,-3.062,True,None,0.000,True
125.952,4,en_route_delivery,4.016,1.886,3.000,-1.500,joint_grid_transaction,133,133,2,15,4,0.000,1.00,-0.796,False,None,0.000,False
125.952,5,en_route_pickup,-0.631,3.095,1.000,1.500,joint_grid_transaction,133,133,4,7,5,0.000,1.00,0.230,False,None,0.000,False
125.952,6,en_route_delivery,-2.201,-2.352,-6.000,3.500,joint_grid_transaction,133,133,1,5,6,0.000,1.00,2.683,False,None,0.000,False
125.952,7,en_route_delivery,-3.577,1.923,-1.000,1.500,joint_grid_transaction,133,133,3,5,8,0.000,1.00,0.129,True,None,0.000,True
125.952,8,en_route_delivery,2.558,-3.052,6.000,3.500,joint_grid_transaction,133,133,1,4,7,0.000,1.00,-0.318,False,None,0.000,False
126.464,1,en_route_pickup,2.710,-1.987,6.000,3.500,joint_grid_transaction,133,133,3,10,9,0.000,1.00,-0.086,False,None,0.000,False
126.464,2,en_route_delivery,-0.788,2.259,0.000,-3.500,_priority_yield_direct,132,131,0,11,2,0.000,0.40,1.302,False,None,0.000,False
126.464,3,en_route_delivery,-3.081,2.154,0.000,-3.500,_priority_yield_direct,135,133,1,17,3,0.000,0.70,-3.062,True,None,0.000,True
126.464,4,en_route_delivery,4.076,1.812,3.000,-1.500,joint_grid_transaction,133,133,2,15,4,0.000,1.00,-0.959,False,None,0.000,False
126.464,5,en_route_pickup,-0.547,3.065,1.000,1.500,joint_grid_transaction,133,133,4,7,5,0.000,1.00,0.394,False,None,0.000,False
126.464,6,en_route_delivery,-2.286,-2.395,-6.000,3.500,joint_grid_transaction,133,133,1,5,6,0.000,1.00,2.683,False,None,0.000,False
126.464,7,en_route_delivery,-3.577,1.923,-1.000,1.500,joint_grid_transaction,133,133,3,5,8,0.000,1.00,0.129,True,None,0.000,True
126.464,8,en_route_delivery,2.649,-3.023,6.000,3.500,joint_grid_transaction,133,133,1,4,7,0.000,1.00,-0.318,False,None,0.000,False
126.976,1,en_route_pickup,2.793,-1.994,6.000,3.500,joint_grid_transaction,133,133,3,10,9,0.000,1.00,-0.086,False,None,0.000,False
126.976,2,en_route_delivery,-0.788,2.259,0.000,-3.500,_priority_yield_direct,132,131,0,11,2,128.028,0.40,1.320,False,None,0.000,False
126.976,3,en_route_delivery,-3.076,2.153,0.000,-3.500,_command_reverse,137,133,0,1,3,0.000,0.70,2.879,False,None,0.000,True
126.976,4,en_route_delivery,4.127,1.732,3.000,-1.500,joint_grid_transaction,133,133,2,15,4,0.000,1.00,-1.034,False,None,0.000,False
126.976,5,en_route_pickup,-0.461,3.024,1.000,1.500,joint_grid_transaction,133,133,4,7,5,0.000,1.00,0.483,False,None,0.000,False
126.976,6,en_route_delivery,-2.322,-2.397,-6.000,3.500,joint_grid_transaction,133,133,2,5,6,0.000,1.00,2.997,False,None,0.000,False
126.976,7,en_route_delivery,-3.576,1.924,-1.000,1.500,joint_grid_transaction,133,133,3,5,8,0.000,1.00,0.131,True,None,0.000,True
126.976,8,en_route_delivery,2.740,-2.993,6.000,3.500,joint_grid_transaction,133,133,1,4,7,0.000,1.00,-0.319,False,None,0.000,False
127.488,1,en_route_pickup,2.877,-2.001,6.000,3.500,joint_grid_transaction,133,133,3,10,9,0.000,1.00,-0.085,False,None,0.000,False
127.488,2,en_route_delivery,-0.788,2.259,0.000,-3.500,_priority_yield_direct,132,131,0,11,2,128.028,0.40,1.320,False,None,0.000,False
127.488,3,en_route_delivery,-3.062,2.148,0.000,-3.500,_command_reverse,137,133,0,1,3,0.000,0.55,2.663,False,None,0.000,False
127.488,4,en_route_delivery,4.176,1.651,3.000,-1.500,joint_grid_transaction,133,133,3,15,4,0.000,1.00,-0.969,False,None,0.000,False
127.488,5,en_route_pickup,-0.378,2.978,1.000,1.500,joint_grid_transaction,133,133,4,7,5,0.000,1.00,0.520,False,None,0.000,False
127.488,6,en_route_delivery,-2.377,-2.404,-6.000,3.500,joint_grid_transaction,133,133,2,5,6,0.000,1.00,3.037,False,None,0.000,False
127.488,7,en_route_delivery,-3.594,1.916,-1.000,1.500,_command_reverse,139,133,0,2,8,0.000,1.00,0.502,False,None,0.000,True
127.488,8,en_route_delivery,2.831,-2.963,6.000,3.500,joint_grid_transaction,133,133,1,4,7,0.000,1.00,-0.319,False,None,0.000,False
128.000,1,en_route_pickup,2.959,-2.008,6.000,3.500,joint_grid_transaction,133,133,3,10,9,0.000,1.00,-0.085,False,None,0.000,False
128.000,2,en_route_delivery,-0.788,2.259,0.000,-3.500,_priority_yield_direct,132,131,0,11,2,128.028,0.40,1.320,False,None,0.000,False
128.000,3,en_route_delivery,-3.061,2.147,0.000,-3.500,_command_reverse,137,133,0,1,3,129.020,0.40,2.646,False,None,0.000,False
128.000,4,en_route_delivery,4.233,1.576,3.000,-1.500,joint_grid_transaction,133,133,3,15,4,0.000,1.00,-0.888,False,None,0.000,False
128.000,5,en_route_pickup,-0.295,2.930,1.000,1.500,joint_grid_transaction,133,133,4,7,5,0.000,1.00,0.537,False,None,0.000,False
128.000,6,en_route_delivery,-2.434,-2.410,-6.000,3.500,joint_grid_transaction,133,133,2,5,6,0.000,1.00,3.044,False,None,0.000,False
128.000,7,en_route_delivery,-3.646,1.869,-1.000,1.500,_command_reverse,139,133,0,2,8,0.000,1.00,1.004,False,None,0.000,False
128.000,8,en_route_delivery,2.922,-2.933,6.000,3.500,joint_grid_transaction,133,133,1,4,7,0.000,1.00,-0.319,False,None,0.000,False
128.512,1,en_route_pickup,3.041,-2.015,6.000,3.500,joint_grid_transaction,133,133,3,10,9,0.000,1.00,-0.085,False,None,0.000,False
128.512,2,en_route_delivery,-0.789,2.263,0.000,-3.500,_priority_yield_direct,132,131,0,11,2,0.000,0.40,1.412,False,None,0.000,False
128.512,3,en_route_delivery,-3.061,2.147,0.000,-3.500,_command_reverse,137,133,0,1,3,129.020,0.40,2.646,False,None,0.000,False
128.512,4,en_route_delivery,4.295,1.503,3.000,-1.500,joint_grid_transaction,133,133,3,15,4,0.000,1.00,-0.855,False,None,0.000,False
128.512,5,en_route_pickup,-0.213,2.881,1.000,1.500,joint_grid_transaction,133,133,4,7,5,0.000,1.00,0.544,False,None,0.000,False
128.512,6,en_route_delivery,-2.489,-2.415,-6.000,3.500,joint_grid_transaction,133,133,2,5,6,0.000,1.00,3.045,False,None,0.000,False
128.512,7,en_route_delivery,-3.660,1.842,-1.000,1.500,_command_reverse,139,133,0,2,8,0.000,1.00,1.730,False,None,0.000,False
128.512,8,en_route_delivery,3.013,-2.903,6.000,3.500,joint_grid_transaction,133,133,1,4,7,0.000,1.00,-0.319,False,None,0.000,False
129.024,1,en_route_pickup,3.121,-2.022,6.000,3.500,joint_grid_transaction,133,133,3,10,9,0.000,1.00,-0.085,False,None,0.000,False
129.024,2,en_route_delivery,-0.789,2.263,0.000,-3.500,_priority_yield_direct,132,131,0,11,2,130.028,0.40,1.420,False,None,0.000,False
129.024,3,en_route_delivery,-3.061,2.147,0.000,-3.500,_command_reverse,137,133,0,1,3,0.000,0.40,2.646,False,None,0.000,False
129.024,4,en_route_delivery,4.358,1.431,3.000,-1.500,joint_grid_transaction,133,133,3,15,4,0.000,1.00,-0.842,False,None,0.000,False
129.024,5,en_route_pickup,-0.198,2.849,1.000,1.500,joint_grid_transaction,133,133,5,7,5,0.000,1.00,0.737,False,None,0.000,False
129.024,6,en_route_delivery,-2.544,-2.420,-6.000,3.500,joint_grid_transaction,133,133,2,5,6,0.000,1.00,3.046,False,None,0.000,False
129.024,7,en_route_delivery,-3.674,1.848,-1.000,1.500,_command_reverse,139,133,0,2,8,0.000,1.00,2.091,False,None,0.000,False
129.024,8,en_route_delivery,3.104,-2.873,6.000,3.500,joint_grid_transaction,133,133,1,4,7,0.000,1.00,-0.319,False,None,0.000,False
129.536,1,en_route_pickup,3.201,-2.029,6.000,3.500,joint_grid_transaction,133,133,3,10,9,0.000,1.00,-0.085,False,None,0.000,False
129.536,2,en_route_delivery,-0.789,2.263,0.000,-3.500,_priority_yield_direct,132,131,0,11,2,130.028,0.40,1.420,False,None,0.000,False
129.536,3,en_route_delivery,-3.010,2.101,0.000,-3.500,_command_reverse,137,133,0,1,3,0.000,1.00,2.161,False,None,0.000,False
129.536,4,en_route_delivery,4.422,1.360,3.000,-1.500,joint_grid_transaction,133,133,3,15,4,0.000,1.00,-0.836,False,None,0.000,False
129.536,5,en_route_pickup,-0.148,2.784,1.000,1.500,joint_grid_transaction,133,133,5,7,5,0.000,1.00,0.945,False,None,0.000,False
129.536,6,en_route_delivery,-2.597,-2.425,-6.000,3.500,joint_grid_transaction,133,133,2,5,6,0.000,1.00,3.047,False,None,0.000,False
129.536,7,en_route_delivery,-3.729,1.771,-1.000,1.500,_command_reverse,139,133,0,2,8,0.000,1.00,2.258,False,None,0.000,False
129.536,8,en_route_delivery,3.195,-2.843,6.000,3.500,joint_grid_transaction,133,133,1,4,7,0.000,1.00,-0.319,False,None,0.000,False
130.048,1,en_route_pickup,3.279,-2.035,6.000,3.500,joint_grid_transaction,133,133,3,10,9,0.000,1.00,-0.085,False,None,0.000,False
130.048,2,en_route_delivery,-0.789,2.263,0.000,-3.500,_priority_yield_direct,132,131,0,11,2,130.116,0.40,1.420,False,None,0.000,False
130.048,3,en_route_delivery,-2.994,2.072,0.000,-3.500,_command_reverse,137,133,0,1,3,0.000,1.00,1.435,False,None,0.000,False
130.048,4,en_route_delivery,4.487,1.289,3.000,-1.500,joint_grid_transaction,133,133,3,15,4,0.000,1.00,-0.834,False,None,0.000,False
130.048,5,en_route_pickup,-0.097,2.704,1.000,1.500,joint_grid_transaction,133,133,5,7,5,0.000,1.00,1.052,False,None,0.000,False
130.048,6,en_route_delivery,-2.650,-2.430,-6.000,3.500,joint_grid_transaction,133,133,2,5,6,0.000,1.00,3.048,False,None,0.000,False
130.048,7,en_route_delivery,-3.792,1.700,-1.000,1.500,_command_reverse,139,133,0,2,8,0.000,1.00,2.325,False,None,0.000,False
130.048,8,en_route_delivery,3.286,-2.813,6.000,3.500,joint_grid_transaction,133,133,1,4,7,0.000,1.00,-0.319,False,None,0.000,False
130.560,1,en_route_pickup,3.356,-2.042,6.000,3.500,joint_grid_transaction,133,133,3,10,9,0.000,1.00,-0.085,False,None,0.000,False
130.560,2,en_route_delivery,-0.789,2.265,0.000,-3.500,_priority_yield_direct,132,131,0,11,2,0.000,1.00,1.543,False,None,0.000,False
130.560,3,en_route_delivery,-2.969,2.116,0.000,-3.500,_command_reverse,137,133,0,1,3,0.000,1.00,0.833,False,None,0.000,False
130.560,4,en_route_delivery,4.551,1.218,3.000,-1.500,joint_grid_transaction,133,133,3,15,4,0.000,1.00,-0.832,False,None,0.000,False
130.560,5,en_route_pickup,-0.045,2.625,1.000,1.500,joint_grid_transaction,133,133,6,7,5,0.000,1.00,0.913,False,None,0.000,False
130.560,6,en_route_delivery,-2.700,-2.435,-6.000,3.500,joint_grid_transaction,133,133,2,5,6,0.000,1.00,3.053,False,None,0.000,False
130.560,7,en_route_delivery,-3.858,1.632,-1.000,1.500,_command_reverse,139,133,0,2,8,0.000,1.00,2.352,False,None,0.000,False
130.560,8,en_route_delivery,3.377,-2.783,6.000,3.500,joint_grid_transaction,133,133,1,4,7,0.000,1.00,-0.319,False,None,0.000,False
131.072,1,en_route_pickup,3.428,-2.048,6.000,3.500,joint_grid_transaction,133,133,3,10,9,0.000,0.45,-0.083,False,None,0.000,False
131.072,2,en_route_delivery,-0.794,2.249,0.000,-3.500,_priority_yield_direct,132,131,0,11,2,0.000,1.00,2.013,False,None,0.000,False
131.072,3,en_route_delivery,-2.937,2.146,0.000,-3.500,_command_reverse,137,133,0,1,3,0.000,1.00,0.538,False,None,0.000,False
131.072,4,en_route_delivery,4.601,1.154,3.000,-1.500,joint_grid_transaction,133,133,4,15,4,0.000,1.00,-0.910,False,None,0.000,False
131.072,5,en_route_pickup,0.016,2.552,1.000,1.500,joint_grid_transaction,133,133,6,7,5,0.000,1.00,0.853,False,None,0.000,False
131.072,6,en_route_delivery,-2.750,-2.439,-6.000,3.500,joint_grid_transaction,133,133,2,5,6,0.000,1.00,3.063,False,None,0.000,False
131.072,7,en_route_delivery,-3.926,1.564,-1.000,1.500,_command_reverse,139,133,0,2,8,0.000,1.00,2.364,False,None,0.000,False
131.072,8,en_route_delivery,3.465,-2.754,6.000,3.500,joint_grid_transaction,133,133,1,4,7,0.000,0.75,-0.319,False,None,0.000,False
131.584,1,en_route_pickup,3.442,-2.049,6.000,3.500,_priority_yield_direct,143,142,1,13,9,0.000,0.70,-0.107,False,None,0.000,False
131.584,2,en_route_delivery,-0.790,2.272,0.000,-3.500,joint_grid_transaction,142,142,1,18,2,0.000,1.00,1.692,False,None,0.000,False
131.584,3,en_route_delivery,-2.984,2.101,0.000,-3.500,joint_grid_transaction,142,142,1,13,3,0.000,1.00,0.979,False,None,0.000,False
131.584,4,en_route_delivery,4.584,1.126,3.000,-1.500,joint_grid_transaction,142,142,1,4,4,0.000,1.00,-1.225,False,None,0.000,False
131.584,5,en_route_pickup,0.080,2.481,1.000,1.500,joint_grid_transaction,142,142,1,2,5,0.000,1.00,0.830,False,None,0.000,False
131.584,6,en_route_delivery,-2.791,-2.435,-6.000,3.500,joint_grid_transaction,142,142,1,4,6,0.000,1.00,-3.073,False,None,0.000,False
131.584,7,en_route_delivery,-3.974,1.586,-1.000,1.500,joint_grid_transaction,142,142,1,6,8,0.000,1.00,2.925,False,None,0.000,False
131.584,8,en_route_delivery,3.511,-2.742,6.000,3.500,joint_grid_transaction,142,142,1,4,7,0.000,1.00,-0.201,False,None,0.000,False
132.096,1,en_route_pickup,3.435,-2.051,6.000,3.500,_priority_yield_direct,143,142,0,13,9,133.516,0.40,-0.301,False,None,0.000,False
132.096,2,en_route_delivery,-0.794,2.278,0.000,-3.500,joint_grid_transaction,142,142,2,18,2,133.516,0.40,1.892,False,None,0.000,False
132.096,3,en_route_delivery,-3.000,2.071,0.000,-3.500,joint_grid_transaction,142,142,1,13,3,0.000,0.60,1.637,False,None,0.000,False
132.096,4,en_route_delivery,4.606,1.038,3.000,-1.500,joint_grid_transaction,142,142,1,4,4,0.000,1.00,-1.407,False,None,0.000,False
132.096,5,en_route_pickup,0.145,2.411,1.000,1.500,joint_grid_transaction,142,142,1,2,5,0.000,1.00,0.822,False,None,0.000,False
132.096,6,en_route_delivery,-2.861,-2.423,-6.000,3.500,joint_grid_transaction,142,142,1,4,6,0.000,1.00,-3.005,False,None,0.000,False
132.096,7,en_route_delivery,-3.958,1.594,-1.000,1.500,joint_grid_transaction,142,142,1,6,8,0.000,0.60,-2.649,False,None,0.000,False
132.096,8,en_route_delivery,3.602,-2.731,6.000,3.500,joint_grid_transaction,142,142,1,4,7,0.000,1.00,-0.075,False,None,0.000,False
132.608,1,en_route_pickup,3.435,-2.051,6.000,3.500,_priority_yield_direct,143,142,0,13,9,133.516,0.40,-0.301,False,None,0.000,False
132.608,2,en_route_delivery,-0.794,2.278,0.000,-3.500,joint_grid_transaction,142,142,2,18,2,133.516,0.40,1.892,False,None,0.000,False
132.608,3,en_route_delivery,-3.002,2.081,0.000,-3.500,joint_grid_transaction,142,142,1,13,3,0.000,0.60,1.914,False,None,0.000,False
132.608,4,en_route_delivery,4.617,0.944,3.000,-1.500,joint_grid_transaction,142,142,1,4,4,0.000,1.00,-1.478,False,None,0.000,False
132.608,5,en_route_pickup,0.210,2.341,1.000,1.500,joint_grid_transaction,142,142,1,2,5,0.000,1.00,0.818,False,None,0.000,False
132.608,6,en_route_delivery,-2.947,-2.404,-6.000,3.500,joint_grid_transaction,142,142,1,4,6,0.000,1.00,-2.898,False,None,0.000,False
132.608,7,en_route_delivery,-3.939,1.607,-1.000,1.500,joint_grid_transaction,142,142,1,6,8,0.000,0.60,-2.455,False,None,0.000,False
132.608,8,en_route_delivery,3.685,-2.725,6.000,3.500,joint_grid_transaction,142,142,1,4,7,0.000,1.00,-0.072,False,None,0.000,False
133.120,1,en_route_pickup,3.435,-2.051,6.000,3.500,_priority_yield_direct,143,142,0,13,9,133.516,0.40,-0.301,False,None,0.000,False
133.120,2,en_route_delivery,-0.794,2.278,0.000,-3.500,joint_grid_transaction,142,142,2,18,2,133.516,0.40,1.892,False,None,0.000,False
133.120,3,en_route_delivery,-3.011,2.097,0.000,-3.500,joint_grid_transaction,142,142,1,13,3,0.000,0.60,2.134,False,None,0.000,False
133.120,4,en_route_delivery,4.625,0.855,3.000,-1.500,joint_grid_transaction,142,142,1,4,4,0.000,1.00,-1.480,False,None,0.000,False
133.120,5,en_route_pickup,0.276,2.271,1.000,1.500,joint_grid_transaction,142,142,1,2,5,0.000,1.00,0.817,False,None,0.000,False
133.120,6,en_route_delivery,-3.039,-2.377,-6.000,3.500,joint_grid_transaction,142,142,1,4,6,0.000,1.00,-2.829,False,None,0.000,False
133.120,7,en_route_delivery,-3.920,1.626,-1.000,1.500,joint_grid_transaction,142,142,1,6,8,0.000,0.60,-2.288,False,None,0.000,False
133.120,8,en_route_delivery,3.765,-2.719,6.000,3.500,joint_grid_transaction,142,142,1,4,7,0.000,1.00,-0.073,False,None,0.000,False
133.632,1,en_route_pickup,3.435,-2.051,6.000,3.500,_priority_yield_direct,143,142,0,13,9,135.020,0.40,-0.303,False,None,0.000,False
133.632,2,en_route_delivery,-0.799,2.286,0.000,-3.500,joint_grid_transaction,142,142,2,18,2,0.000,1.00,1.930,False,None,0.000,False
133.632,3,en_route_delivery,-3.026,2.117,0.000,-3.500,joint_grid_transaction,142,142,1,13,3,0.000,0.60,2.314,False,None,0.000,False
133.632,4,en_route_delivery,4.633,0.767,3.000,-1.500,joint_grid_transaction,142,142,1,4,4,0.000,1.00,-1.480,False,None,0.000,False
133.632,5,en_route_pickup,0.341,2.201,1.000,1.500,joint_grid_transaction,142,142,1,2,5,0.000,1.00,0.817,False,None,0.000,False
133.632,6,en_route_delivery,-3.129,-2.346,-6.000,3.500,joint_grid_transaction,142,142,1,4,6,0.000,1.00,-2.803,False,None,0.000,False
133.632,7,en_route_delivery,-3.906,1.645,-1.000,1.500,joint_grid_transaction,142,142,1,6,8,0.000,0.60,-2.101,False,None,0.000,False
133.632,8,en_route_delivery,3.845,-2.713,6.000,3.500,joint_grid_transaction,142,142,1,4,7,0.000,1.00,-0.074,False,None,0.000,False
134.144,1,en_route_pickup,3.435,-2.051,6.000,3.500,_priority_yield_direct,143,142,0,13,9,135.020,0.40,-0.303,False,None,0.000,False
134.144,2,en_route_delivery,-0.841,2.370,0.000,-3.500,joint_grid_transaction,142,142,2,18,2,0.000,1.00,2.107,False,None,0.000,False
134.144,3,en_route_delivery,-3.042,2.132,0.000,-3.500,joint_grid_transaction,142,142,1,13,3,0.000,0.60,2.451,False,None,0.000,False
134.144,4,en_route_delivery,4.641,0.679,3.000,-1.500,joint_grid_transaction,142,142,1,4,4,0.000,1.00,-1.481,False,None,0.000,False
134.144,5,en_route_pickup,0.407,2.131,1.000,1.500,joint_grid_transaction,142,142,1,2,5,0.000,1.00,0.816,False,None,0.000,False
134.144,6,en_route_delivery,-3.219,-2.314,-6.000,3.500,joint_grid_transaction,142,142,1,4,6,0.000,1.00,-2.794,False,None,0.000,False
134.144,7,en_route_delivery,-3.898,1.661,-1.000,1.500,joint_grid_transaction,142,142,1,6,8,0.000,0.60,-1.875,False,None,0.000,False
134.144,8,en_route_delivery,3.922,-2.707,6.000,3.500,joint_grid_transaction,142,142,1,4,7,0.000,1.00,-0.074,False,None,0.000,False
134.656,1,en_route_pickup,3.435,-2.051,6.000,3.500,_priority_yield_direct,143,142,0,13,9,135.020,0.40,-0.303,False,None,0.000,False
134.656,2,en_route_delivery,-0.893,2.449,0.000,-3.500,joint_grid_transaction,142,142,2,18,2,0.000,1.00,2.178,False,None,0.000,False
134.656,3,en_route_delivery,-3.055,2.141,0.000,-3.500,joint_grid_transaction,142,142,1,13,3,0.000,0.60,2.572,False,None,0.000,False
134.656,4,en_route_delivery,4.649,0.591,3.000,-1.500,joint_grid_transaction,142,142,1,4,4,0.000,1.00,-1.481,False,None,0.000,False
134.656,5,en_route_pickup,0.472,2.061,1.000,1.500,joint_grid_transaction,142,142,1,2,5,0.000,1.00,0.816,False,None,0.000,False
134.656,6,en_route_delivery,-3.309,-2.281,-6.000,3.500,joint_grid_transaction,142,142,1,4,6,0.000,1.00,-2.790,False,None,0.000,False
134.656,7,en_route_delivery,-3.897,1.669,-1.000,1.500,joint_grid_transaction,142,142,1,6,8,0.000,0.60,-1.586,False,None,0.000,False
134.656,8,en_route_delivery,3.998,-2.701,6.000,3.500,joint_grid_transaction,142,142,1,4,7,0.000,1.00,-0.075,False,None,0.000,False
135.168,1,en_route_pickup,3.435,-2.051,6.000,3.500,joint_grid_transaction,146,142,0,9,9,136.524,0.40,-0.296,False,None,0.000,False
135.168,2,en_route_delivery,-0.947,2.517,0.000,-3.500,joint_grid_transaction,146,142,2,9,2,0.000,1.00,2.270,False,None,0.000,False
135.168,3,en_route_delivery,-3.065,2.147,0.000,-3.500,joint_grid_transaction,146,142,1,9,3,0.000,0.60,2.691,False,None,0.000,False
135.168,4,en_route_delivery,4.656,0.510,3.000,-1.500,joint_grid_transaction,146,142,1,9,4,0.000,1.00,-1.557,False,None,0.000,False
135.168,5,en_route_pickup,0.535,2.002,1.000,1.500,joint_grid_transaction,146,142,1,5,5,0.000,1.00,0.748,False,None,0.000,False
135.168,6,en_route_delivery,-3.390,-2.253,-6.000,3.500,joint_grid_transaction,146,142,1,9,6,0.000,1.00,-2.822,False,None,0.000,False
135.168,7,en_route_delivery,-3.896,1.666,-1.000,1.500,joint_grid_transaction,146,142,1,9,8,0.000,0.60,-1.362,False,None,0.000,False
135.168,8,en_route_delivery,4.070,-2.696,6.000,3.500,joint_grid_transaction,146,142,1,9,7,0.000,1.00,-0.072,False,None,0.000,False
135.680,1,en_route_pickup,3.438,-2.050,6.000,3.500,joint_grid_transaction,146,146,1,9,9,136.524,0.40,-0.234,False,None,0.000,False
135.680,2,en_route_delivery,-0.987,2.482,0.000,-3.500,joint_grid_transaction,146,146,1,9,2,0.000,1.00,2.681,False,None,0.000,False
135.680,3,en_route_delivery,-3.083,2.154,0.000,-3.500,joint_grid_transaction,146,146,1,9,3,0.000,0.60,3.077,False,None,0.000,False
135.680,4,en_route_delivery,4.638,0.547,3.000,-1.500,joint_grid_transaction,146,146,2,9,4,0.000,1.00,-2.238,False,None,0.000,False
135.680,5,en_route_pickup,0.568,2.026,1.000,1.500,joint_grid_transaction,146,146,2,5,5,0.000,1.00,0.386,False,None,0.000,False
135.680,6,en_route_delivery,-3.471,-2.236,-6.000,3.500,joint_grid_transaction,146,146,2,9,6,0.000,1.00,-3.025,False,None,0.000,False
135.680,7,en_route_delivery,-3.897,1.671,-1.000,1.500,joint_grid_transaction,146,146,1,9,8,0.000,0.60,-1.581,False,None,0.000,False
135.680,8,en_route_delivery,4.134,-2.692,6.000,3.500,joint_grid_transaction,146,146,2,9,7,0.000,1.00,-0.074,False,None,0.000,False
136.192,1,en_route_pickup,3.440,-2.050,6.000,3.500,joint_grid_transaction,146,146,1,9,9,136.524,0.40,-0.177,False,None,0.000,False
136.192,2,en_route_delivery,-1.050,2.496,0.000,-3.500,joint_grid_transaction,146,146,2,9,2,0.000,1.00,2.920,False,None,0.000,False
136.192,3,en_route_delivery,-3.049,2.169,0.000,-3.500,joint_grid_transaction,146,146,1,9,3,0.000,1.00,-2.503,False,None,0.000,False
136.192,4,en_route_delivery,4.602,0.583,3.000,-1.500,joint_grid_transaction,146,146,2,9,4,0.000,1.00,-2.569,False,None,0.000,False
136.192,5,en_route_pickup,0.647,2.006,1.000,1.500,joint_grid_transaction,146,146,2,5,5,0.000,1.00,0.176,False,None,0.000,False
136.192,6,en_route_delivery,-3.531,-2.232,-6.000,3.500,joint_grid_transaction,146,146,2,9,6,0.000,1.00,-3.085,False,joint_slot_deadline,136.292,False
136.192,7,en_route_delivery,-3.900,1.723,-1.000,1.500,joint_grid_transaction,146,146,1,9,8,0.000,1.00,-1.617,False,None,0.000,False
136.192,8,en_route_delivery,4.193,-2.687,6.000,3.500,joint_grid_transaction,146,146,2,9,7,0.000,1.00,-0.074,False,None,0.000,False
136.704,1,en_route_pickup,3.454,-2.051,6.000,3.500,joint_grid_transaction,146,146,1,9,9,0.000,1.00,-0.128,False,None,0.000,False
136.704,2,en_route_delivery,-1.143,2.509,0.000,-3.500,joint_grid_transaction,146,146,2,9,2,0.000,1.00,3.065,False,None,0.000,False
136.704,3,en_route_delivery,-3.005,2.216,0.000,-3.500,joint_grid_transaction,146,146,1,9,3,0.000,1.00,-2.054,False,None,0.000,False
136.704,4,en_route_delivery,4.530,0.553,3.000,-1.500,joint_grid_transaction,146,146,2,9,4,0.000,1.00,-2.787,False,None,0.000,False
136.704,5,en_route_delivery,0.740,1.995,6.000,-3.500,joint_grid_transaction,146,146,2,4,5,0.000,1.00,0.074,False,None,0.000,False
136.704,6,en_route_delivery,-3.590,-2.228,-6.000,3.500,joint_grid_transaction,146,146,3,9,6,0.000,1.00,-3.077,False,None,0.000,False
136.704,7,en_route_delivery,-3.910,1.782,-1.000,1.500,joint_grid_transaction,146,146,1,9,8,0.000,1.00,-1.676,False,None,0.000,False
136.704,8,en_route_delivery,4.241,-2.684,6.000,3.500,joint_grid_transaction,146,146,2,9,7,0.000,1.00,-0.054,False,None,0.000,False
137.216,1,en_route_pickup,3.493,-2.054,6.000,3.500,joint_grid_transaction,148,148,1,9,9,0.000,0.70,-0.083,False,None,0.000,False
137.216,2,en_route_delivery,-1.224,2.515,0.000,-3.500,joint_grid_transaction,148,148,1,8,2,0.000,1.00,3.071,False,None,0.000,False
137.216,3,en_route_delivery,-3.008,2.262,0.000,-3.500,joint_grid_transaction,148,148,1,9,3,0.000,1.00,-1.786,False,None,0.000,False
137.216,4,en_route_delivery,4.463,0.528,3.000,-1.500,joint_grid_transaction,148,148,2,9,4,0.000,1.00,-2.779,False,None,0.000,False
137.216,5,en_route_delivery,0.792,1.988,6.000,-3.500,joint_grid_transaction,148,148,2,9,5,0.000,1.00,0.226,False,None,0.000,False
137.216,6,en_route_delivery,-3.664,-2.223,-6.000,3.500,joint_grid_transaction,148,148,2,9,6,0.000,1.00,-3.076,False,None,0.000,False
137.216,7,en_route_delivery,-3.911,1.795,-1.000,1.500,joint_grid_transaction,148,148,2,9,8,0.000,1.00,-1.293,False,None,0.000,False
137.216,8,en_route_delivery,4.284,-2.684,6.000,3.500,joint_grid_transaction,148,148,1,9,7,0.000,1.00,-0.002,False,None,0.000,False
137.728,1,en_route_pickup,3.515,-2.056,6.000,3.500,joint_grid_transaction,148,148,1,9,9,0.000,0.70,-0.066,False,None,0.000,False
137.728,2,en_route_delivery,-1.282,2.519,0.000,-3.500,joint_grid_transaction,148,148,1,8,2,0.000,1.00,3.071,False,None,0.000,False
137.728,3,en_route_delivery,-3.019,2.354,0.000,-3.500,joint_grid_transaction,148,148,2,9,3,0.000,1.00,-1.636,False,None,0.000,False
137.728,4,en_route_delivery,4.457,0.501,3.000,-1.500,joint_grid_transaction,148,148,2,9,4,0.000,1.00,-2.481,False,None,0.000,False
137.728,5,en_route_delivery,0.882,1.976,6.000,-3.500,joint_grid_transaction,148,148,2,9,5,0.000,1.00,0.065,False,None,0.000,False
137.728,6,en_route_delivery,-3.735,-2.218,-6.000,3.500,joint_grid_transaction,148,148,2,9,6,0.000,1.00,-3.074,False,None,0.000,False
137.728,7,en_route_delivery,-3.889,1.831,-1.000,1.500,joint_grid_transaction,148,148,2,9,8,0.000,1.00,-1.089,False,None,0.000,False
137.728,8,en_route_delivery,4.355,-2.685,6.000,3.500,joint_grid_transaction,148,148,2,9,7,0.000,1.00,-0.019,False,None,0.000,False
138.240,1,en_route_pickup,3.535,-2.057,6.000,3.500,joint_grid_transaction,148,148,1,9,9,0.000,0.70,-0.040,False,None,0.000,False
138.240,2,en_route_delivery,-1.282,2.519,0.000,-3.500,joint_grid_transaction,148,148,1,8,2,0.000,1.00,3.071,False,joint_slot_deadline,138.292,False
138.240,3,en_route_delivery,-3.024,2.431,0.000,-3.500,joint_grid_transaction,148,148,2,9,3,0.000,1.00,-1.635,False,None,0.000,False
138.240,4,en_route_delivery,4.389,0.437,3.000,-1.500,joint_grid_transaction,148,148,2,9,4,0.000,1.00,-2.319,False,None,0.000,False
138.240,5,en_route_delivery,0.958,1.971,6.000,-3.500,joint_grid_transaction,148,148,2,9,5,0.000,1.00,0.059,False,None,0.000,False
138.240,6,en_route_delivery,-3.784,-2.215,-6.000,3.500,joint_grid_transaction,148,148,2,9,6,0.000,1.00,-3.074,False,None,0.000,False
138.240,7,en_route_delivery,-3.889,1.831,-1.000,1.500,joint_grid_transaction,148,148,2,9,8,0.000,1.00,-1.089,False,joint_slot_deadline,138.292,False
138.240,8,en_route_delivery,4.431,-2.688,6.000,3.500,joint_grid_transaction,148,148,2,9,7,0.000,1.00,-0.037,False,None,0.000,False
138.752,1,en_route_pickup,3.581,-2.059,6.000,3.500,joint_grid_transaction,148,148,2,9,9,0.000,1.00,-0.045,False,None,0.000,False
138.752,2,en_route_delivery,-1.347,2.524,0.000,-3.500,joint_grid_transaction,148,148,2,8,2,0.000,1.00,3.065,False,None,0.000,False
138.752,3,en_route_delivery,-3.029,2.503,0.000,-3.500,joint_grid_transaction,148,148,2,9,3,0.000,1.00,-1.636,False,None,0.000,False
138.752,4,en_route_delivery,4.368,0.388,3.000,-1.500,joint_grid_transaction,148,148,3,9,4,0.000,1.00,-2.096,False,None,0.000,False
138.752,5,en_route_delivery,1.027,1.967,6.000,-3.500,joint_grid_transaction,148,148,2,9,5,0.000,1.00,0.060,False,None,0.000,False
138.752,6,en_route_delivery,-3.845,-2.211,-6.000,3.500,joint_grid_transaction,148,148,3,9,6,0.000,1.00,-3.068,False,None,0.000,False
138.752,7,en_route_delivery,-3.868,1.803,-1.000,1.500,joint_grid_transaction,148,148,3,9,8,0.000,1.00,-0.815,False,None,0.000,False
138.752,8,en_route_delivery,4.509,-2.694,6.000,3.500,joint_grid_transaction,148,148,2,9,7,0.000,1.00,-0.070,False,None,0.000,False
139.264,1,en_route_pickup,3.644,-2.062,6.000,3.500,joint_grid_transaction,148,148,2,9,9,0.000,1.00,-0.059,False,None,0.000,False
139.264,2,en_route_delivery,-1.420,2.530,0.000,-3.500,joint_grid_transaction,148,148,2,8,2,0.000,1.00,3.065,False,None,0.000,False
139.264,3,en_route_delivery,-3.034,2.574,0.000,-3.500,joint_grid_transaction,148,148,3,9,3,0.000,1.00,-1.641,False,None,0.000,False
139.264,4,en_route_delivery,4.329,0.302,3.000,-1.500,joint_grid_transaction,148,148,3,9,4,0.000,1.00,-1.932,False,None,0.000,False
139.264,5,en_route_delivery,1.100,1.963,6.000,-3.500,joint_grid_transaction,148,148,3,9,5,0.000,1.00,0.066,False,None,0.000,False
139.264,6,en_route_delivery,-3.913,-2.206,-6.000,3.500,joint_grid_transaction,148,148,3,9,6,0.000,1.00,-3.068,False,None,0.000,False
139.264,7,en_route_delivery,-3.803,1.849,-1.000,1.500,joint_grid_transaction,148,148,3,9,8,0.000,1.00,-0.608,False,None,0.000,False
139.264,8,en_route_delivery,4.598,-2.703,6.000,3.500,joint_grid_transaction,148,148,3,9,7,0.000,1.00,-0.103,False,None,0.000,False
139.776,1,en_route_pickup,3.702,-2.066,6.000,3.500,joint_grid_transaction,148,148,2,9,9,0.000,1.00,-0.060,False,None,0.000,False
139.776,2,en_route_delivery,-1.488,2.535,0.000,-3.500,joint_grid_transaction,148,148,2,8,2,0.000,1.00,3.064,False,None,0.000,False
139.776,3,en_route_delivery,-3.039,2.646,0.000,-3.500,joint_grid_transaction,148,148,3,9,3,0.000,1.00,-1.642,False,None,0.000,False
139.776,4,en_route_delivery,4.299,0.212,3.000,-1.500,joint_grid_transaction,148,148,3,9,4,0.000,1.00,-1.853,False,None,0.000,False
139.776,5,en_route_delivery,1.170,1.958,6.000,-3.500,joint_grid_transaction,148,148,3,9,5,0.000,1.00,0.067,False,None,0.000,False
139.776,6,en_route_delivery,-3.975,-2.201,-6.000,3.500,joint_grid_transaction,148,148,3,9,6,0.000,1.00,-3.067,False,None,0.000,False
139.776,7,en_route_delivery,-3.722,1.899,-1.000,1.500,joint_grid_transaction,148,148,3,9,8,0.000,1.00,-0.500,False,None,0.000,False
139.776,8,en_route_delivery,4.693,-2.713,6.000,3.500,joint_grid_transaction,148,148,3,9,7,0.000,1.00,-0.112,False,None,0.000,False
140.288,1,en_route_pickup,3.750,-2.068,6.000,3.500,joint_grid_transaction,148,148,2,9,9,0.000,1.00,-0.033,False,None,0.000,False
140.288,2,en_route_delivery,-1.552,2.540,0.000,-3.500,joint_grid_transaction,148,148,3,8,2,0.000,1.00,3.061,False,None,0.000,False
140.288,3,en_route_delivery,-3.043,2.712,0.000,-3.500,joint_grid_transaction,148,148,3,9,3,0.000,1.00,-1.642,False,None,0.000,False
140.288,4,en_route_delivery,4.279,0.119,3.000,-1.500,joint_grid_transaction,148,148,4,9,4,0.000,1.00,-1.728,False,None,0.000,False
140.288,5,en_route_delivery,1.234,1.954,6.000,-3.500,joint_grid_transaction,148,148,3,9,5,0.000,1.00,0.067,False,None,0.000,False
140.288,6,en_route_delivery,-4.028,-2.197,-6.000,3.500,joint_grid_transaction,148,148,3,9,6,0.000,1.00,-3.079,False,None,0.000,False
140.288,7,en_route_delivery,-3.637,1.937,-1.000,1.500,joint_grid_transaction,148,148,4,9,8,0.000,1.00,-0.321,False,None,0.000,False
140.288,8,en_route_delivery,4.788,-2.724,6.000,3.500,joint_grid_transaction,148,148,3,9,7,0.000,1.00,-0.115,False,None,0.000,False
140.800,1,en_route_pickup,3.796,-2.068,6.000,3.500,joint_grid_transaction,148,148,2,9,9,0.000,1.00,-0.017,False,None,0.000,False
140.800,2,en_route_delivery,-1.620,2.546,0.000,-3.500,joint_grid_transaction,148,148,3,8,2,0.000,1.00,3.061,False,None,0.000,False
140.800,3,en_route_delivery,-3.048,2.771,0.000,-3.500,joint_grid_transaction,148,148,3,9,3,0.000,1.00,-1.643,False,None,0.000,False
140.800,4,en_route_delivery,4.267,0.025,3.000,-1.500,joint_grid_transaction,148,148,4,9,4,0.000,1.00,-1.673,False,None,0.000,False
140.800,5,en_route_delivery,1.291,1.950,6.000,-3.500,joint_grid_transaction,148,148,3,9,5,0.000,1.00,0.070,False,None,0.000,False
140.800,6,en_route_delivery,-4.090,-2.194,-6.000,3.500,joint_grid_transaction,148,148,4,9,6,0.000,1.00,-3.082,False,None,0.000,False
140.800,7,en_route_delivery,-3.545,1.961,-1.000,1.500,joint_grid_transaction,148,148,4,9,8,0.000,1.00,-0.206,False,None,0.000,False
140.800,8,en_route_delivery,4.877,-2.734,6.000,3.500,joint_grid_transaction,148,148,4,9,7,0.000,1.00,-0.101,False,None,0.000,False
141.312,1,en_route_pickup,3.874,-2.065,6.000,3.500,joint_grid_transaction,148,148,3,9,9,0.000,1.00,-0.032,False,None,0.000,False
141.312,2,en_route_delivery,-1.684,2.551,0.000,-3.500,joint_grid_transaction,148,148,3,8,2,0.000,1.00,3.061,False,None,0.000,False
141.312,3,en_route_delivery,-3.053,2.775,0.000,-3.500,joint_grid_transaction,148,148,4,9,3,0.000,1.00,-1.958,False,None,0.000,False
141.312,4,en_route_delivery,4.258,-0.064,3.000,-1.500,joint_grid_transaction,148,148,5,9,4,0.000,1.00,-1.666,False,None,0.000,False
141.312,5,en_route_delivery,1.357,1.945,6.000,-3.500,joint_grid_transaction,148,148,4,9,5,0.000,1.00,0.072,False,None,0.000,False
141.312,6,en_route_delivery,-4.154,-2.190,-6.000,3.500,joint_grid_transaction,148,148,4,9,6,0.000,1.00,-3.080,False,None,0.000,False
141.312,7,en_route_delivery,-3.451,1.978,-1.000,1.500,joint_grid_transaction,148,148,5,9,8,0.000,1.00,-0.142,False,None,0.000,False
141.312,8,en_route_delivery,4.963,-2.742,6.000,3.500,joint_grid_transaction,148,148,4,9,7,0.000,1.00,-0.099,False,None,0.000,False
141.824,1,en_route_pickup,3.953,-2.060,6.000,3.500,joint_grid_transaction,149,149,2,9,9,0.000,1.00,-0.068,False,None,0.000,False
141.824,2,en_route_delivery,-1.741,2.555,0.000,-3.500,joint_grid_transaction,149,149,1,9,2,0.000,1.00,3.061,False,None,0.000,False
141.824,3,en_route_delivery,-3.091,2.838,0.000,-3.500,joint_grid_transaction,149,149,2,9,3,0.000,1.00,-2.163,False,None,0.000,False
141.824,4,en_route_delivery,4.251,-0.147,3.000,-1.500,joint_grid_transaction,149,149,2,9,4,0.000,1.00,-1.665,False,None,0.000,False
141.824,5,en_route_delivery,1.419,1.941,6.000,-3.500,joint_grid_transaction,149,149,2,9,5,0.000,1.00,0.065,False,None,0.000,False
141.824,6,en_route_delivery,-4.212,-2.186,-6.000,3.500,joint_grid_transaction,149,149,1,8,6,0.000,1.00,-3.079,False,None,0.000,False
141.824,7,en_route_delivery,-3.359,1.988,-1.000,1.500,joint_grid_transaction,149,149,2,9,8,0.000,1.00,-0.095,False,None,0.000,False
141.824,8,en_route_delivery,5.046,-2.751,6.000,3.500,joint_grid_transaction,149,149,2,9,7,0.000,1.00,-0.098,False,None,0.000,False
142.336,1,en_route_pickup,4.037,-2.050,6.000,3.500,joint_grid_transaction,149,149,2,9,9,0.000,1.00,-0.122,False,None,0.000,False
142.336,2,en_route_delivery,-1.784,2.557,0.000,-3.500,joint_grid_transaction,149,149,1,9,2,0.000,1.00,3.105,False,None,0.000,False
142.336,3,en_route_delivery,-3.096,2.846,0.000,-3.500,joint_grid_transaction,149,149,2,9,3,0.000,1.00,-2.180,False,joint_slot_deadline,142.804,False
142.336,4,en_route_delivery,4.243,-0.227,3.000,-1.500,joint_grid_transaction,149,149,2,9,4,0.000,1.00,-1.664,False,None,0.000,False
142.336,5,en_route_delivery,1.475,1.937,6.000,-3.500,joint_grid_transaction,149,149,2,9,5,0.000,1.00,0.066,False,None,0.000,False
142.336,6,en_route_delivery,-4.258,-2.184,-6.000,3.500,joint_grid_transaction,149,149,1,8,6,0.000,1.00,-3.112,False,None,0.000,False
142.336,7,en_route_delivery,-3.274,1.996,-1.000,1.500,joint_grid_transaction,149,149,2,9,8,0.000,1.00,-0.094,False,None,0.000,False
142.336,8,en_route_delivery,5.126,-2.758,6.000,3.500,joint_grid_transaction,149,149,2,9,7,0.000,1.00,-0.097,False,None,0.000,False
142.848,1,en_route_pickup,4.039,-2.050,6.000,3.500,joint_grid_transaction,149,149,2,9,9,0.000,1.00,-0.126,False,joint_slot_deadline,142.804,False
142.848,2,en_route_delivery,-1.775,2.562,0.000,-3.500,joint_grid_transaction,149,149,2,9,2,0.000,1.00,2.739,False,None,0.000,False
142.848,3,en_route_delivery,-3.098,2.843,0.000,-3.500,joint_grid_transaction,149,149,2,9,3,0.000,1.00,-2.204,False,joint_slot_deadline,142.804,False
142.848,4,en_route_delivery,4.237,-0.284,3.000,-1.500,joint_grid_transaction,149,149,2,9,4,0.000,1.00,-1.666,False,joint_slot_deadline,142.804,False
142.848,5,en_route_delivery,1.520,1.936,6.000,-3.500,joint_grid_transaction,149,149,2,9,5,0.000,1.00,0.028,False,None,0.000,False
142.848,6,en_route_delivery,-4.294,-2.184,-6.000,3.500,joint_grid_transaction,149,149,1,8,6,0.000,1.00,3.135,False,joint_slot_deadline,142.804,False
142.848,7,en_route_delivery,-3.217,2.001,-1.000,1.500,joint_grid_transaction,149,149,2,9,8,0.000,1.00,-0.096,False,joint_slot_deadline,142.804,False
142.848,8,en_route_delivery,5.202,-2.766,6.000,3.500,joint_grid_transaction,149,149,2,9,7,0.000,1.00,-0.096,False,None,0.000,False
143.360,1,en_route_pickup,4.132,-2.038,6.000,3.500,joint_grid_transaction,149,149,3,9,9,0.000,1.00,-0.118,False,None,0.000,False
143.360,2,en_route_delivery,-1.854,2.608,0.000,-3.500,joint_grid_transaction,149,149,2,9,2,0.000,1.00,2.586,False,None,0.000,False
143.360,3,en_route_delivery,-3.112,2.827,0.000,-3.500,joint_grid_transaction,149,149,3,9,3,0.000,0.45,-2.346,False,None,0.000,False
143.360,4,en_route_delivery,4.230,-0.359,3.000,-1.500,joint_grid_transaction,149,149,3,9,4,0.000,1.00,-1.669,False,None,0.000,False
143.360,5,en_route_delivery,1.579,1.936,6.000,-3.500,joint_grid_transaction,149,149,3,9,5,0.000,1.00,0.004,False,None,0.000,False
143.360,6,en_route_delivery,-4.369,-2.185,-6.000,3.500,joint_grid_transaction,149,149,2,8,6,0.000,1.00,3.129,False,None,0.000,False
143.360,7,en_route_delivery,-3.157,2.007,-1.000,1.500,joint_grid_transaction,149,149,3,9,8,0.000,0.75,-0.086,False,None,0.000,False
143.360,8,en_route_delivery,5.273,-2.773,6.000,3.500,joint_grid_transaction,149,149,2,9,7,0.000,1.00,-0.095,False,None,0.000,False
143.872,1,en_route_pickup,4.227,-2.027,6.000,3.500,joint_grid_transaction,149,149,3,9,9,0.000,1.00,-0.108,False,None,0.000,False
143.872,2,en_route_delivery,-1.938,2.651,0.000,-3.500,joint_grid_transaction,149,149,3,9,2,0.000,1.00,2.738,False,None,0.000,False
143.872,3,en_route_delivery,-3.117,2.822,0.000,-3.500,joint_grid_transaction,149,149,3,9,3,0.000,0.45,-2.386,False,None,0.000,False
143.872,4,en_route_delivery,4.223,-0.431,3.000,-1.500,joint_grid_transaction,149,149,3,9,4,0.000,1.00,-1.667,False,None,0.000,False
143.872,5,en_route_delivery,1.652,1.936,6.000,-3.500,joint_grid_transaction,149,149,3,9,5,0.000,1.00,0.007,False,None,0.000,False
143.872,6,en_route_delivery,-4.442,-2.187,-6.000,3.500,joint_grid_transaction,149,149,2,8,6,0.000,1.00,3.117,False,None,0.000,False
143.872,7,en_route_delivery,-3.113,2.011,-1.000,1.500,joint_grid_transaction,149,149,3,9,8,0.000,0.75,-0.086,False,None,0.000,False
143.872,8,en_route_delivery,5.344,-2.779,6.000,3.500,joint_grid_transaction,149,149,3,9,7,0.000,1.00,-0.095,False,None,0.000,False
144.384,1,en_route_pickup,4.319,-2.017,6.000,3.500,joint_grid_transaction,149,149,4,9,9,0.000,1.00,-0.100,False,None,0.000,False
144.384,2,en_route_delivery,-2.027,2.685,0.000,-3.500,joint_grid_transaction,149,149,3,9,2,0.000,1.00,2.809,False,None,0.000,False
144.384,3,en_route_delivery,-3.127,2.827,0.000,-3.500,joint_grid_transaction,149,149,3,9,3,0.000,0.45,-2.435,False,None,0.000,False
144.384,4,en_route_delivery,4.217,-0.497,3.000,-1.500,joint_grid_transaction,149,149,3,9,4,0.000,1.00,-1.666,False,None,0.000,False
144.384,5,en_route_delivery,1.721,1.937,6.000,-3.500,joint_grid_transaction,149,149,3,9,5,0.000,1.00,0.014,False,None,0.000,False
144.384,6,en_route_delivery,-4.514,-2.191,-6.000,3.500,joint_grid_transaction,149,149,2,8,6,0.000,1.00,3.093,False,None,0.000,False
144.384,7,en_route_delivery,-3.069,2.015,-1.000,1.500,joint_grid_transaction,149,149,3,9,8,0.000,0.75,-0.085,False,None,0.000,False
144.384,8,en_route_delivery,5.413,-2.786,6.000,3.500,joint_grid_transaction,149,149,3,9,7,0.000,1.00,-0.094,False,None,0.000,False
144.896,1,en_route_pickup,4.405,-2.009,6.000,3.500,joint_grid_transaction,149,149,4,9,9,0.000,1.00,-0.099,False,None,0.000,False
144.896,2,en_route_delivery,-2.035,2.696,0.000,-3.500,joint_grid_transaction,149,149,4,9,2,0.000,0.60,2.646,False,None,0.000,False
144.896,3,en_route_delivery,-3.149,2.818,0.000,-3.500,_priority_yield_direct,151,149,0,11,3,0.000,0.70,-2.632,False,None,0.000,False
144.896,4,en_route_delivery,4.211,-0.560,3.000,-1.500,joint_grid_transaction,149,149,4,9,4,0.000,1.00,-1.668,False,None,0.000,False
144.896,5,en_route_delivery,1.786,1.940,6.000,-3.500,joint_grid_transaction,149,149,3,9,5,0.000,1.00,0.029,False,None,0.000,False
144.896,6,en_route_delivery,-4.601,-2.198,-6.000,3.500,joint_grid_transaction,149,149,3,8,6,0.000,1.00,3.054,False,None,0.000,False
144.896,7,en_route_delivery,-3.006,2.020,-1.000,1.500,joint_grid_transaction,149,149,3,9,8,0.000,1.00,-0.089,False,None,0.000,False
144.896,8,en_route_delivery,5.476,-2.792,6.000,3.500,joint_grid_transaction,149,149,3,9,7,0.000,1.00,-0.093,False,None,0.000,False
145.408,1,en_route_pickup,4.488,-2.001,6.000,3.500,joint_grid_transaction,149,149,4,9,9,0.000,1.00,-0.098,False,None,0.000,False
145.408,2,en_route_delivery,-2.026,2.702,0.000,-3.500,joint_grid_transaction,149,149,4,9,2,0.000,0.60,2.546,False,None,0.000,False
145.408,3,en_route_delivery,-3.162,2.812,0.000,-3.500,_priority_yield_direct,151,149,0,11,3,0.000,0.45,-2.810,False,None,0.000,False
145.408,4,en_route_delivery,4.204,-0.626,3.000,-1.500,joint_grid_transaction,149,149,4,9,4,0.000,1.00,-1.667,False,None,0.000,False
145.408,5,en_route_delivery,1.869,1.944,6.000,-3.500,joint_grid_transaction,149,149,4,9,5,0.000,1.00,0.053,False,None,0.000,False
145.408,6,en_route_delivery,-4.696,-2.208,-6.000,3.500,joint_grid_transaction,149,149,3,8,6,0.000,1.00,3.024,False,None,0.000,False
145.408,7,en_route_delivery,-2.953,2.024,-1.000,1.500,joint_grid_transaction,149,149,4,9,8,0.000,0.75,-0.068,False,None,0.000,False
145.408,8,en_route_delivery,5.531,-2.797,6.000,3.500,joint_grid_transaction,149,149,3,9,7,0.000,1.00,-0.087,False,None,0.000,False
145.920,1,en_route_pickup,4.568,-1.993,6.000,3.500,joint_grid_transaction,149,149,5,9,9,0.000,1.00,-0.097,False,None,0.000,False
145.920,2,en_route_delivery,-2.041,2.717,0.000,-3.500,joint_grid_transaction,149,149,4,9,2,0.000,0.60,2.454,False,None,0.000,False
145.920,3,en_route_delivery,-3.169,2.810,0.000,-3.500,_priority_yield_direct,151,149,0,11,3,0.000,0.45,-2.959,False,None,0.000,False
145.920,4,en_route_delivery,4.198,-0.687,3.000,-1.500,joint_grid_transaction,149,149,4,9,4,0.000,1.00,-1.666,False,None,0.000,False
145.920,5,en_route_delivery,1.959,1.951,6.000,-3.500,joint_grid_transaction,149,149,4,9,5,0.000,1.00,0.094,False,None,0.000,False
145.920,6,en_route_delivery,-4.790,-2.220,-6.000,3.500,joint_grid_transaction,149,149,3,8,6,0.000,1.00,3.013,False,None,0.000,False
145.920,7,en_route_delivery,-2.910,2.027,-1.000,1.500,joint_grid_transaction,149,149,4,9,8,0.000,0.75,-0.069,False,None,0.000,False
145.920,8,en_route_delivery,5.594,-2.802,6.000,3.500,joint_grid_transaction,149,149,4,9,7,0.000,1.00,-0.084,False,None,0.000,False
146.432,1,en_route_pickup,4.646,-1.985,6.000,3.500,joint_grid_transaction,149,149,5,9,9,0.000,1.00,-0.096,False,None,0.000,False
146.432,2,en_route_delivery,-2.067,2.740,0.000,-3.500,joint_grid_transaction,149,149,4,9,2,0.000,0.60,2.374,False,None,0.000,False
146.432,3,en_route_delivery,-3.172,2.809,0.000,-3.500,_priority_yield_direct,151,149,0,11,3,0.000,0.45,-3.132,False,None,0.000,False
146.432,4,en_route_delivery,4.194,-0.739,3.000,-1.500,joint_grid_transaction,149,149,4,9,4,0.000,1.00,-1.653,False,None,0.000,False
146.432,5,en_route_delivery,2.053,1.963,6.000,-3.500,joint_grid_transaction,149,149,5,9,5,0.000,1.00,0.133,False,None,0.000,False
146.432,6,en_route_delivery,-4.883,-2.230,-6.000,3.500,joint_grid_transaction,149,149,4,8,6,0.000,1.00,3.046,False,None,0.000,False
146.432,7,en_route_delivery,-2.868,2.030,-1.000,1.500,joint_grid_transaction,149,149,4,9,8,0.000,0.75,-0.069,False,None,0.000,False
146.432,8,en_route_delivery,5.656,-2.807,6.000,3.500,joint_grid_transaction,149,149,4,9,7,0.000,1.00,-0.084,False,None,0.000,False
146.944,1,en_route_pickup,4.719,-1.978,6.000,3.500,joint_grid_transaction,149,149,5,9,9,0.000,1.00,-0.095,False,None,0.000,False
146.944,2,en_route_delivery,-2.090,2.764,0.000,-3.500,joint_grid_transaction,149,149,4,9,2,0.000,0.60,2.312,False,None,0.000,False
146.944,3,en_route_delivery,-3.170,2.809,0.000,-3.500,_priority_yield_direct,151,149,0,11,3,0.000,0.45,2.997,False,None,0.000,False
146.944,4,en_route_delivery,4.192,-0.782,3.000,-1.500,joint_grid_transaction,149,149,4,9,4,0.000,1.00,-1.613,False,None,0.000,False
146.944,5,en_route_delivery,2.147,1.974,6.000,-3.500,joint_grid_transaction,149,149,5,9,5,0.000,1.00,0.102,False,None,0.000,False
146.944,6,en_route_delivery,-4.972,-2.239,-6.000,3.500,joint_grid_transaction,149,149,4,8,6,0.000,1.00,3.047,False,None,0.000,False
146.944,7,en_route_delivery,-2.828,2.033,-1.000,1.500,joint_grid_transaction,149,149,4,9,8,0.000,0.75,-0.070,False,None,0.000,False
146.944,8,en_route_delivery,5.711,-2.812,6.000,3.500,joint_grid_transaction,149,149,4,9,7,0.000,1.00,-0.084,False,None,0.000,False
147.456,1,en_route_pickup,4.785,-1.972,6.000,3.500,joint_grid_transaction,149,149,5,9,9,0.000,1.00,-0.101,False,None,0.000,False
147.456,2,en_route_delivery,-2.120,2.797,0.000,-3.500,_priority_yield_direct,156,149,0,19,2,0.000,0.70,2.302,False,None,0.000,False
147.456,3,en_route_delivery,-3.164,2.808,0.000,-3.500,_priority_yield_direct,151,149,0,11,3,0.000,0.60,2.834,False,None,0.000,False
147.456,4,en_route_delivery,4.190,-0.845,3.000,-1.500,joint_grid_transaction,149,149,5,9,4,0.000,1.00,-1.612,False,None,0.000,False
147.456,5,en_route_delivery,2.238,1.983,6.000,-3.500,joint_grid_transaction,149,149,5,9,5,0.000,1.00,0.100,False,None,0.000,False
147.456,6,en_route_delivery,-5.058,-2.247,-6.000,3.500,joint_grid_transaction,149,149,5,8,6,0.000,1.00,3.048,False,None,0.000,False
147.456,7,en_route_delivery,-2.767,2.038,-1.000,1.500,joint_grid_transaction,149,149,4,9,8,0.000,1.00,-0.074,False,None,0.000,False
147.456,8,en_route_delivery,5.754,-2.814,6.000,3.500,joint_grid_transaction,149,149,4,9,7,0.000,1.00,-0.042,False,None,0.000,False
147.968,1,en_route_pickup,4.777,-1.960,6.000,3.500,joint_grid_transaction,149,149,6,9,9,0.000,1.00,-0.494,False,None,0.000,False
147.968,2,en_route_delivery,-2.151,2.832,0.000,-3.500,_priority_yield_direct,156,149,0,19,2,0.000,0.70,2.302,False,None,0.000,False
147.968,3,en_route_delivery,-3.158,2.805,0.000,-3.500,_priority_yield_direct,151,149,0,11,3,0.000,0.55,2.736,False,None,0.000,False
147.968,4,en_route_delivery,4.187,-0.907,3.000,-1.500,joint_grid_transaction,149,149,5,9,4,0.000,1.00,-1.628,False,None,0.000,False
147.968,5,en_route_delivery,2.326,1.992,6.000,-3.500,joint_grid_transaction,149,149,6,9,5,0.000,1.00,0.098,False,None,0.000,False
147.968,6,en_route_delivery,-5.139,-2.254,-6.000,3.500,joint_grid_transaction,149,149,5,8,6,0.000,1.00,3.049,False,None,0.000,False
147.968,7,en_route_delivery,-2.705,2.042,-1.000,1.500,joint_grid_transaction,149,149,4,9,8,0.000,1.00,-0.077,False,None,0.000,False
147.968,8,en_route_delivery,5.790,-2.814,6.000,3.500,joint_grid_transaction,149,149,4,9,7,0.000,1.00,-0.115,False,None,0.000,False
148.480,1,en_route_pickup,4.852,-1.908,6.000,3.500,joint_grid_transaction,149,149,6,9,9,0.000,1.00,-0.700,False,None,0.000,False
148.480,2,en_route_delivery,-2.183,2.867,0.000,-3.500,_priority_yield_direct,156,149,0,19,2,0.000,0.70,2.302,False,None,0.000,False
148.480,3,en_route_delivery,-3.149,2.801,0.000,-3.500,_command_reverse,158,149,0,1,3,0.000,0.55,2.623,False,None,0.000,False
148.480,4,en_route_delivery,4.183,-0.964,3.000,-1.500,joint_grid_transaction,149,149,5,9,4,0.000,1.00,-1.630,False,None,0.000,False
148.480,5,en_route_delivery,2.408,2.000,6.000,-3.500,joint_grid_transaction,149,149,6,9,5,0.000,1.00,0.097,False,None,0.000,False
148.480,6,en_route_delivery,-5.217,-2.262,-6.000,3.500,joint_grid_transaction,149,149,5,8,6,0.000,1.00,3.049,False,None,0.000,False
148.480,7,en_route_delivery,-2.636,2.047,-1.000,1.500,joint_grid_transaction,149,149,5,9,8,0.000,1.00,-0.078,False,None,0.000,False
148.480,8,en_route_delivery,5.762,-2.803,6.000,3.500,joint_grid_transaction,149,149,5,9,7,0.000,1.00,-0.579,False,None,0.000,False
148.992,1,en_route_pickup,4.850,-1.870,6.000,3.500,joint_grid_transaction,149,149,7,9,9,0.000,1.00,-0.951,False,None,0.000,False
148.992,2,en_route_delivery,-2.214,2.902,0.000,-3.500,_priority_yield_direct,156,149,0,19,2,0.000,0.70,2.302,False,None,0.000,False
148.992,3,en_route_delivery,-3.148,2.800,0.000,-3.500,_command_reverse,158,149,0,1,3,150.028,0.40,2.611,False,None,0.000,False
148.992,4,en_route_delivery,4.182,-1.009,3.000,-1.500,joint_grid_transaction,149,149,5,9,4,0.000,1.00,-1.591,False,None,0.000,False
148.992,5,en_route_delivery,2.488,2.007,6.000,-3.500,joint_grid_transaction,149,149,6,9,5,0.000,1.00,0.096,False,None,0.000,False
148.992,6,en_route_delivery,-5.291,-2.268,-6.000,3.500,joint_grid_transaction,149,149,6,8,6,0.000,1.00,3.050,False,None,0.000,False
148.992,7,en_route_delivery,-2.573,2.052,-1.000,1.500,joint_grid_transaction,149,149,5,9,8,0.000,1.00,-0.078,False,None,0.000,False
148.992,8,en_route_delivery,5.820,-2.746,6.000,3.500,joint_grid_transaction,149,149,5,9,7,0.000,1.00,-0.795,False,None,0.000,False
149.504,1,en_route_pickup,4.897,-1.788,6.000,3.500,joint_grid_transaction,149,149,7,9,9,0.000,1.00,-1.119,False,None,0.000,False
149.504,2,en_route_delivery,-2.245,2.937,0.000,-3.500,_priority_yield_direct,156,149,0,19,2,0.000,0.70,2.302,False,None,0.000,False
149.504,3,en_route_delivery,-3.148,2.800,0.000,-3.500,_command_reverse,158,149,0,1,3,150.028,0.40,2.611,False,None,0.000,False
149.504,4,en_route_delivery,4.182,-1.046,3.000,-1.500,joint_grid_transaction,149,149,8,9,4,0.000,1.00,-1.545,False,joint_slot_deadline,150.004,False
149.504,5,en_route_delivery,2.565,2.015,6.000,-3.500,joint_grid_transaction,149,149,7,9,5,0.000,1.00,0.095,False,None,0.000,False
149.504,6,en_route_delivery,-5.366,-2.275,-6.000,3.500,joint_grid_transaction,149,149,6,8,6,0.000,1.00,3.050,False,None,0.000,False
149.504,7,en_route_delivery,-2.516,2.057,-1.000,1.500,joint_grid_transaction,149,149,5,9,8,0.000,1.00,-0.078,False,None,0.000,False
149.504,8,en_route_delivery,5.877,-2.680,6.000,3.500,joint_grid_transaction,149,149,5,9,7,0.000,1.00,-0.925,False,None,0.000,False
150.016,1,en_route_pickup,4.935,-1.704,6.000,3.500,joint_grid_transaction,149,149,7,9,9,0.000,1.00,-1.181,False,None,0.000,False
150.016,2,en_route_delivery,-2.277,2.972,0.000,-3.500,_priority_yield_direct,156,149,0,19,2,0.000,0.70,2.302,False,None,0.000,False
150.016,3,en_route_delivery,-3.148,2.800,0.000,-3.500,_command_reverse,158,149,0,1,3,150.028,0.40,2.611,False,None,0.000,False
150.016,4,en_route_delivery,4.182,-1.046,3.000,-1.500,joint_grid_transaction,149,149,8,9,4,0.000,1.00,-1.545,False,joint_slot_deadline,150.004,False
150.016,5,en_route_delivery,2.639,2.022,6.000,-3.500,joint_grid_transaction,149,149,7,9,5,0.000,1.00,0.094,False,None,0.000,False
150.016,6,en_route_delivery,-5.436,-2.282,-6.000,3.500,joint_grid_transaction,149,149,6,8,6,0.000,1.00,3.051,False,None,0.000,False
150.016,7,en_route_delivery,-2.471,2.059,-1.000,1.500,joint_grid_transaction,149,149,5,9,8,0.000,1.00,-0.040,False,None,0.000,False
150.016,8,en_route_delivery,5.905,-2.615,6.000,3.500,joint_grid_transaction,149,149,6,9,7,0.000,1.00,-1.146,False,None,0.000,False
150.528,1,en_route_pickup,4.959,-1.712,6.000,3.500,joint_grid_transaction,149,149,8,9,9,0.000,1.00,-0.870,False,None,0.000,False
150.528,2,en_route_delivery,-2.308,3.007,0.000,-3.500,_priority_yield_direct,156,149,0,19,2,0.000,0.70,2.302,False,None,0.000,False
150.528,3,en_route_delivery,-3.144,2.798,0.000,-3.500,_command_reverse,158,149,0,1,3,0.000,0.40,2.573,False,None,0.000,False
150.528,4,en_route_delivery,4.182,-1.046,3.000,-1.500,joint_grid_transaction,149,149,8,9,4,0.000,1.00,-1.545,False,joint_window_endpoint,150.900,False
150.528,5,en_route_delivery,2.710,2.028,6.000,-3.500,joint_grid_transaction,149,149,7,9,5,0.000,1.00,0.093,False,None,0.000,False
150.528,6,en_route_delivery,-5.500,-2.287,-6.000,3.500,joint_grid_transaction,149,149,6,8,6,0.000,1.00,3.052,False,None,0.000,False
150.528,7,en_route_delivery,-2.409,2.061,-1.000,1.500,joint_grid_transaction,149,149,6,9,8,0.000,1.00,-0.030,False,None,0.000,False
150.528,8,en_route_delivery,5.938,-2.527,6.000,3.500,joint_grid_transaction,149,149,6,9,7,0.000,1.00,-1.270,False,None,0.000,False
151.040,1,en_route_pickup,5.027,-1.646,6.000,3.500,joint_grid_transaction,149,149,8,9,9,0.000,1.00,-0.695,False,None,0.000,False
151.040,2,en_route_delivery,-2.339,3.042,0.000,-3.500,_priority_yield_direct,156,149,0,19,2,0.000,0.70,2.302,False,None,0.000,False
151.040,3,en_route_delivery,-3.167,2.758,0.000,-3.500,_command_reverse,158,149,0,1,3,0.000,1.00,2.346,False,None,0.000,False
151.040,4,en_route_delivery,4.182,-1.046,3.000,-1.500,joint_grid_transaction,149,149,8,9,4,0.000,1.00,-1.545,False,joint_window_endpoint,151.380,False
151.040,5,en_route_delivery,2.774,2.034,6.000,-3.500,joint_grid_transaction,149,149,7,9,5,0.000,1.00,0.092,False,None,0.000,False
151.040,6,en_route_delivery,-5.562,-2.293,-6.000,3.500,joint_grid_transaction,149,149,7,8,6,0.000,1.00,3.050,False,None,0.000,False
151.040,7,en_route_delivery,-2.344,2.063,-1.000,1.500,joint_grid_transaction,149,149,6,9,8,0.000,0.40,-0.043,False,None,0.000,False
151.040,8,en_route_delivery,5.963,-2.435,6.000,3.500,joint_grid_transaction,149,149,7,9,7,0.000,1.00,-1.361,False,None,0.000,False
151.552,1,en_route_pickup,5.064,-1.617,6.000,3.500,joint_grid_transaction,149,149,8,9,9,0.000,1.00,-0.644,False,joint_window_endpoint,152.020,False
151.552,2,en_route_delivery,-2.371,3.077,0.000,-3.500,_priority_yield_direct,156,149,0,19,2,0.000,0.70,2.303,False,None,0.000,False
151.552,3,en_route_delivery,-3.228,2.686,0.000,-3.500,_command_reverse,158,149,0,1,3,0.000,1.00,2.230,False,None,0.000,False
151.552,4,en_route_delivery,4.182,-1.046,3.000,-1.500,joint_grid_transaction,149,149,8,9,4,0.000,1.00,-1.545,False,joint_window_endpoint,152.020,False
151.552,5,en_route_delivery,2.841,2.041,6.000,-3.500,joint_grid_transaction,149,149,8,9,5,0.000,1.00,0.094,False,None,0.000,False
151.552,6,en_route_delivery,-5.627,-2.299,-6.000,3.500,joint_grid_transaction,149,149,7,8,6,0.000,1.00,3.050,False,None,0.000,False
151.552,7,en_route_delivery,-2.334,2.063,-1.000,1.500,joint_grid_transaction,149,149,6,9,8,0.000,0.40,-0.043,False,None,0.000,False
151.552,8,en_route_delivery,5.978,-2.341,6.000,3.500,joint_grid_transaction,149,149,7,9,7,0.000,1.00,-1.449,False,None,0.000,False
152.064,1,en_route_pickup,5.073,-1.623,6.000,3.500,joint_grid_transaction,167,167,2,9,9,0.000,1.00,-0.557,False,joint_slot_deadline,152.788,False
152.064,2,en_route_delivery,-2.419,3.056,0.000,-3.500,joint_grid_transaction,167,167,1,8,2,0.000,1.00,2.766,False,None,0.000,False
152.064,3,en_route_delivery,-3.278,2.713,0.000,-3.500,joint_grid_transaction,167,167,1,9,3,0.000,1.00,2.686,False,None,0.000,False
152.064,4,en_route_delivery,4.185,-1.116,3.000,-1.500,joint_grid_transaction,167,167,2,9,4,0.000,1.00,-1.527,False,None,0.000,False
152.064,5,en_route_delivery,2.905,2.046,6.000,-3.500,joint_grid_transaction,167,167,2,9,5,0.000,1.00,0.091,False,None,0.000,False
152.064,6,en_route_delivery,-5.688,-2.304,-6.000,3.500,joint_grid_transaction,167,167,2,9,6,0.000,1.00,3.059,False,None,0.000,False
152.064,7,en_route_delivery,-2.325,2.064,-1.000,1.500,joint_grid_transaction,167,167,1,8,8,0.000,0.40,-0.045,False,None,0.000,False
152.064,8,en_route_delivery,5.988,-2.256,6.000,3.500,joint_grid_transaction,167,167,2,9,7,0.000,0.70,-1.462,False,None,0.000,False
152.576,1,en_route_pickup,5.073,-1.623,6.000,3.500,joint_grid_transaction,167,167,2,9,9,0.000,1.00,-0.557,False,joint_slot_deadline,152.788,False
152.576,2,en_route_delivery,-2.445,3.054,0.000,-3.500,joint_grid_transaction,167,167,1,8,2,0.000,0.55,3.025,False,None,0.000,False
152.576,3,en_route_delivery,-3.316,2.714,0.000,-3.500,joint_grid_transaction,167,167,2,9,3,0.000,1.00,2.958,False,None,0.000,False
152.576,4,en_route_delivery,4.192,-1.200,3.000,-1.500,joint_grid_transaction,167,167,2,9,4,0.000,1.00,-1.489,False,None,0.000,False
152.576,5,en_route_delivery,2.965,2.052,6.000,-3.500,joint_grid_transaction,167,167,2,9,5,0.000,1.00,0.090,False,None,0.000,False
152.576,6,en_route_delivery,-5.742,-2.308,-6.000,3.500,joint_grid_transaction,167,167,2,9,6,0.000,1.00,3.065,False,None,0.000,False
152.576,7,en_route_delivery,-2.316,2.064,-1.000,1.500,joint_grid_transaction,167,167,1,8,8,0.000,0.40,-0.047,False,None,0.000,False
152.576,8,en_route_delivery,5.992,-2.219,6.000,3.500,joint_grid_transaction,167,167,2,9,7,0.000,0.70,-1.470,False,None,0.000,False
153.088,1,en_route_pickup,5.056,-1.610,6.000,3.500,joint_grid_transaction,167,167,3,9,9,0.000,1.00,-0.723,False,None,0.000,False
153.088,2,en_route_delivery,-2.470,3.056,0.000,-3.500,joint_grid_transaction,167,167,1,8,2,0.000,1.00,3.057,False,None,0.000,False
153.088,3,en_route_delivery,-3.398,2.706,0.000,-3.500,_priority_yield_direct,168,167,2,3,3,0.000,0.70,3.068,False,None,0.000,False
153.088,4,en_route_delivery,4.203,-1.291,3.000,-1.500,joint_grid_transaction,167,167,2,9,4,0.000,1.00,-1.429,False,None,0.000,False
153.088,5,en_route_delivery,3.013,2.055,6.000,-3.500,joint_grid_transaction,167,167,2,9,5,0.000,1.00,0.068,False,None,0.000,False
153.088,6,en_route_delivery,-5.784,-2.310,-6.000,3.500,joint_grid_transaction,167,167,2,9,6,0.000,1.00,3.114,False,None,0.000,False
153.088,7,en_route_delivery,-2.307,2.065,-1.000,1.500,joint_grid_transaction,167,167,1,8,8,0.000,0.40,-0.049,False,None,0.000,False
153.088,8,en_route_delivery,5.994,-2.197,6.000,3.500,joint_grid_transaction,167,167,3,9,7,0.000,0.70,-1.468,False,None,0.000,False
153.600,1,en_route_pickup,5.095,-1.551,6.000,3.500,joint_grid_transaction,167,167,3,9,9,0.000,1.00,-0.936,False,None,0.000,False
153.600,2,en_route_delivery,-2.515,3.059,0.000,-3.500,joint_grid_transaction,167,167,1,8,2,0.000,1.00,3.089,False,None,0.000,False
153.600,3,en_route_delivery,-3.387,2.703,0.000,-3.500,_priority_yield_direct,168,167,0,3,3,0.000,0.70,2.781,False,None,0.000,False
153.600,4,en_route_delivery,4.215,-1.385,3.000,-1.500,joint_grid_transaction,167,167,3,9,4,0.000,1.00,-1.455,False,None,0.000,False
153.600,5,en_route_delivery,3.066,2.058,6.000,-3.500,joint_grid_transaction,167,167,3,9,5,0.000,1.00,0.048,False,None,0.000,False
153.600,6,en_route_delivery,-5.770,-2.303,-6.000,3.500,joint_grid_transaction,167,167,3,9,6,0.000,1.00,-2.658,False,None,0.000,False
153.600,7,en_route_delivery,-2.293,2.065,-1.000,1.500,joint_grid_transaction,167,167,1,8,8,0.000,1.00,-0.053,False,None,0.000,False
153.600,8,en_route_delivery,5.999,-2.153,6.000,3.500,joint_grid_transaction,167,167,3,9,7,0.000,1.00,-1.465,False,None,0.000,False
154.112,1,en_route_pickup,5.146,-1.471,6.000,3.500,joint_grid_transaction,167,167,3,9,9,0.000,1.00,-1.053,False,None,0.000,False
154.112,2,en_route_delivery,-2.570,3.060,0.000,-3.500,joint_grid_transaction,167,167,2,8,2,0.000,1.00,3.112,False,None,0.000,False
154.112,3,en_route_delivery,-3.375,2.697,0.000,-3.500,_priority_yield_direct,168,167,0,3,3,0.000,1.00,2.614,False,None,0.000,False
154.112,4,en_route_delivery,4.225,-1.479,3.000,-1.500,joint_grid_transaction,167,167,3,9,4,0.000,1.00,-1.465,False,None,0.000,False
154.112,5,en_route_delivery,3.131,2.061,6.000,-3.500,joint_grid_transaction,167,167,3,9,5,0.000,1.00,0.059,False,None,0.000,False
154.112,6,en_route_delivery,-5.797,-2.264,-6.000,3.500,joint_grid_transaction,167,167,3,9,6,0.000,1.00,-2.409,False,None,0.000,False
154.112,7,en_route_delivery,-2.246,2.067,-1.000,1.500,joint_grid_transaction,167,167,1,8,8,0.000,1.00,-0.029,False,None,0.000,False
154.112,8,en_route_delivery,6.007,-2.074,6.000,3.500,joint_grid_transaction,167,167,3,9,7,0.000,1.00,-1.466,False,None,0.000,False
154.624,1,en_route_pickup,5.186,-1.386,6.000,3.500,joint_grid_transaction,167,167,4,9,9,0.000,1.00,-1.240,False,None,0.000,False
154.624,2,en_route_delivery,-2.636,3.063,0.000,-3.500,joint_grid_transaction,167,167,2,8,2,0.000,1.00,3.098,False,None,0.000,False
154.624,3,en_route_delivery,-3.445,2.641,0.000,-3.500,_priority_yield_direct,168,167,0,3,3,0.000,1.00,2.418,False,None,0.000,False
154.624,4,en_route_delivery,4.235,-1.570,3.000,-1.500,joint_grid_transaction,167,167,4,9,4,0.000,1.00,-1.471,False,None,0.000,False
154.624,5,en_route_delivery,3.190,2.065,6.000,-3.500,joint_grid_transaction,167,167,3,9,5,0.000,1.00,0.061,False,None,0.000,False
154.624,6,en_route_delivery,-5.862,-2.196,-6.000,3.500,joint_grid_transaction,167,167,3,9,6,0.000,1.00,-2.274,False,None,0.000,False
154.624,7,en_route_delivery,-2.196,2.067,-1.000,1.500,joint_grid_transaction,167,167,2,8,8,0.000,1.00,-0.016,False,None,0.000,False
154.624,8,en_route_delivery,6.015,-1.999,6.000,3.500,joint_grid_transaction,167,167,3,9,7,0.000,1.00,-1.468,False,None,0.000,False
155.136,1,en_route_pickup,5.211,-1.294,6.000,3.500,joint_grid_transaction,167,167,4,9,9,0.000,1.00,-1.360,False,None,0.000,False
155.136,2,en_route_delivery,-2.695,3.065,0.000,-3.500,joint_grid_transaction,167,167,2,8,2,0.000,1.00,3.084,False,None,0.000,False
155.136,3,en_route_delivery,-3.514,2.575,0.000,-3.500,_priority_yield_direct,168,167,0,3,3,0.000,1.00,2.343,False,None,0.000,False
155.136,4,en_route_delivery,4.243,-1.655,3.000,-1.500,joint_grid_transaction,167,167,4,9,4,0.000,1.00,-1.472,False,None,0.000,False
155.136,5,en_route_delivery,3.240,2.067,6.000,-3.500,joint_grid_transaction,167,167,3,9,5,0.000,1.00,0.045,False,None,0.000,False
155.136,6,en_route_delivery,-5.889,-2.142,-6.000,3.500,joint_grid_transaction,167,167,4,9,6,0.000,1.00,-2.069,False,None,0.000,False
155.136,7,en_route_delivery,-2.118,2.065,-1.000,1.500,joint_grid_transaction,167,167,2,8,8,0.000,1.00,-0.030,False,None,0.000,False
155.136,8,en_route_delivery,6.022,-1.927,6.000,3.500,joint_grid_transaction,167,167,4,9,7,0.000,1.00,-1.469,False,None,0.000,False
155.648,1,en_route_pickup,5.227,-1.201,6.000,3.500,joint_grid_transaction,167,167,4,9,9,0.000,1.00,-1.428,False,None,0.000,False
155.648,2,en_route_delivery,-2.744,3.068,0.000,-3.500,joint_grid_transaction,167,167,2,8,2,0.000,1.00,3.099,False,None,0.000,False
155.648,3,en_route_delivery,-3.579,2.506,0.000,-3.500,_priority_yield_direct,168,167,0,3,3,0.000,1.00,2.314,False,None,0.000,False
155.648,4,en_route_delivery,4.251,-1.737,3.000,-1.500,joint_grid_transaction,167,167,4,9,4,0.000,1.00,-1.473,False,None,0.000,False
155.648,5,en_route_delivery,3.284,2.068,6.000,-3.500,joint_grid_transaction,167,167,3,9,5,0.000,1.00,0.008,False,None,0.000,False
155.648,6,en_route_delivery,-5.927,-2.055,-6.000,3.500,joint_grid_transaction,167,167,4,9,6,0.000,1.00,-1.910,False,None,0.000,False
155.648,7,en_route_delivery,-2.040,2.060,-1.000,1.500,joint_grid_transaction,167,167,2,8,8,0.000,1.00,-0.057,False,None,0.000,False
155.648,8,en_route_delivery,6.030,-1.856,6.000,3.500,joint_grid_transaction,167,167,4,9,7,0.000,1.00,-1.470,False,None,0.000,False
156.160,1,en_route_pickup,5.238,-1.108,6.000,3.500,joint_grid_transaction,167,167,5,9,9,0.000,1.00,-1.481,False,None,0.000,False
156.160,2,en_route_delivery,-2.788,3.068,0.000,-3.500,joint_grid_transaction,167,167,2,8,2,0.000,1.00,-3.129,False,None,0.000,False
156.160,3,en_route_delivery,-3.643,2.435,0.000,-3.500,_priority_yield_direct,168,167,0,3,3,0.000,1.00,2.302,False,None,0.000,False
156.160,4,en_route_delivery,4.255,-1.781,3.000,-1.500,joint_grid_transaction,167,167,5,9,4,0.000,1.00,-1.801,False,None,0.000,False
156.160,5,en_route_delivery,3.357,2.066,6.000,-3.500,joint_grid_transaction,167,167,4,9,5,0.000,1.00,0.026,False,None,0.000,False
156.160,6,en_route_delivery,-5.954,-1.964,-6.000,3.500,joint_grid_transaction,167,167,4,9,6,0.000,1.00,-1.833,False,None,0.000,False
156.160,7,en_route_delivery,-1.958,2.051,-1.000,1.500,joint_grid_transaction,167,167,2,8,8,0.000,1.00,-0.105,False,None,0.000,False
156.160,8,en_route_delivery,6.036,-1.790,6.000,3.500,joint_grid_transaction,167,167,4,9,7,0.000,1.00,-1.471,False,None,0.000,False
156.672,1,en_route_pickup,5.245,-1.021,6.000,3.500,joint_grid_transaction,167,167,5,9,9,0.000,1.00,-1.482,False,None,0.000,False
156.672,2,en_route_delivery,-2.864,3.065,0.000,-3.500,joint_grid_transaction,167,167,3,8,2,0.000,1.00,-3.107,False,None,0.000,False
156.672,3,en_route_delivery,-3.707,2.363,0.000,-3.500,_priority_yield_direct,168,167,0,3,3,0.000,1.00,2.298,False,None,0.000,False
156.672,4,en_route_delivery,4.235,-1.779,3.000,-1.500,joint_grid_transaction,167,167,5,9,4,0.000,1.00,-2.147,False,None,0.000,False
156.672,5,en_route_delivery,3.435,2.062,6.000,-3.500,joint_grid_transaction,167,167,4,9,5,0.000,1.00,0.049,False,None,0.000,False
156.672,6,en_route_delivery,-5.973,-1.872,-6.000,3.500,joint_grid_transaction,167,167,5,9,6,0.000,1.00,-1.717,False,None,0.000,False
156.672,7,en_route_delivery,-1.863,2.041,-1.000,1.500,joint_grid_transaction,167,167,3,8,8,0.000,1.00,-0.110,False,None,0.000,False
156.672,8,en_route_delivery,6.042,-1.731,6.000,3.500,joint_grid_transaction,167,167,4,9,7,0.000,1.00,-1.473,False,None,0.000,False
157.184,1,en_route_pickup,5.253,-0.938,6.000,3.500,joint_grid_transaction,170,170,1,13,9,0.000,1.00,-1.482,False,None,0.000,False
157.184,2,en_route_delivery,-2.945,3.060,0.000,-3.500,joint_grid_transaction,170,170,1,12,2,0.000,1.00,-3.077,False,None,0.000,False
157.184,3,en_route_delivery,-3.769,2.302,0.000,-3.500,joint_grid_transaction,170,170,1,13,3,0.000,1.00,2.365,False,None,0.000,False
157.184,4,en_route_delivery,4.179,-1.851,3.000,-1.500,joint_grid_transaction,170,170,1,9,4,0.000,1.00,-2.298,False,None,0.000,False
157.184,5,en_route_delivery,3.516,2.054,6.000,-3.500,joint_grid_transaction,170,170,1,13,5,0.000,1.00,0.091,False,None,0.000,False
157.184,6,en_route_delivery,-5.984,-1.777,-6.000,3.500,joint_grid_transaction,170,170,1,12,6,0.000,1.00,-1.668,False,None,0.000,False
157.184,7,en_route_delivery,-1.768,2.030,-1.000,1.500,joint_grid_transaction,170,170,1,6,8,0.000,1.00,-0.112,False,None,0.000,False
157.184,8,en_route_delivery,6.048,-1.671,6.000,3.500,joint_grid_transaction,170,170,1,13,7,0.000,1.00,-1.475,False,None,0.000,False
157.696,1,en_route_pickup,5.260,-0.858,6.000,3.500,joint_grid_transaction,170,170,2,13,9,0.000,1.00,-1.483,False,None,0.000,False
157.696,2,en_route_delivery,-3.030,3.051,0.000,-3.500,joint_grid_transaction,170,170,1,12,2,0.000,1.00,-3.025,False,None,0.000,False
157.696,3,en_route_delivery,-3.815,2.334,0.000,-3.500,joint_grid_transaction,170,170,1,13,3,0.000,1.00,2.962,False,None,0.000,False
157.696,4,en_route_delivery,4.169,-1.862,3.000,-1.500,joint_grid_transaction,170,170,2,9,4,0.000,1.00,-2.321,False,joint_slot_deadline,158.308,False
157.696,5,en_route_delivery,3.608,2.044,6.000,-3.500,joint_grid_transaction,170,170,2,13,5,0.000,1.00,0.111,False,None,0.000,False
157.696,6,en_route_delivery,-5.990,-1.718,-6.000,3.500,joint_grid_transaction,170,170,1,12,6,0.000,1.00,-1.667,False,joint_slot_deadline,158.308,False
157.696,7,en_route_delivery,-1.717,2.025,-1.000,1.500,joint_grid_transaction,170,170,1,6,8,0.000,1.00,-0.113,False,joint_slot_deadline,158.308,False
157.696,8,en_route_delivery,6.054,-1.609,6.000,3.500,joint_grid_transaction,170,170,2,13,7,0.000,1.00,-1.476,False,None,0.000,False
158.208,1,en_route_pickup,5.267,-0.782,6.000,3.500,joint_grid_transaction,170,170,2,13,9,0.000,1.00,-1.483,False,None,0.000,False
158.208,2,en_route_delivery,-3.039,3.050,0.000,-3.500,joint_grid_transaction,170,170,1,12,2,0.000,1.00,-3.018,False,joint_slot_deadline,158.308,False
158.208,3,en_route_delivery,-3.805,2.338,0.000,-3.500,joint_grid_transaction,170,170,1,13,3,0.000,1.00,-2.756,False,None,0.000,False
158.208,4,en_route_delivery,4.169,-1.862,3.000,-1.500,joint_grid_transaction,170,170,2,9,4,0.000,1.00,-2.321,False,joint_slot_deadline,158.308,False
158.208,5,en_route_delivery,3.703,2.033,6.000,-3.500,joint_grid_transaction,170,170,2,13,5,0.000,1.00,0.112,False,None,0.000,False
158.208,6,en_route_delivery,-5.990,-1.718,-6.000,3.500,joint_grid_transaction,170,170,1,12,6,0.000,1.00,-1.667,False,joint_slot_deadline,158.308,False
158.208,7,en_route_delivery,-1.717,2.025,-1.000,1.500,joint_grid_transaction,170,170,1,6,8,0.000,1.00,-0.113,False,joint_slot_deadline,158.308,False
158.208,8,en_route_delivery,6.059,-1.552,6.000,3.500,joint_grid_transaction,170,170,2,13,7,0.000,1.00,-1.477,False,None,0.000,False
158.720,1,en_route_pickup,5.273,-0.710,6.000,3.500,joint_grid_transaction,170,170,2,13,9,0.000,1.00,-1.482,False,None,0.000,False
158.720,2,en_route_delivery,-3.107,3.040,0.000,-3.500,joint_grid_transaction,170,170,2,12,2,0.000,1.00,-3.019,False,None,0.000,False
158.720,3,en_route_delivery,-3.881,2.378,0.000,-3.500,joint_grid_transaction,170,170,2,13,3,0.000,1.00,-2.713,False,None,0.000,False
158.720,4,en_route_delivery,4.144,-1.849,3.000,-1.500,joint_grid_transaction,170,170,3,9,4,0.000,1.00,-2.497,False,None,0.000,False
158.720,5,en_route_delivery,3.797,2.023,6.000,-3.500,joint_grid_transaction,170,170,2,13,5,0.000,1.00,0.107,False,None,0.000,False
158.720,6,en_route_delivery,-5.996,-1.657,-6.000,3.500,joint_grid_transaction,170,170,2,12,6,0.000,1.00,-1.672,False,None,0.000,False
158.720,7,en_route_delivery,-1.653,2.017,-1.000,1.500,joint_grid_transaction,170,170,2,6,8,0.000,1.00,-0.113,False,None,0.000,False
158.720,8,en_route_delivery,6.062,-1.507,6.000,3.500,joint_grid_transaction,170,170,2,13,7,0.000,1.00,-1.507,False,None,0.000,False
159.232,1,en_route_pickup,5.279,-0.637,6.000,3.500,joint_grid_transaction,170,170,3,13,9,0.000,1.00,-1.483,False,None,0.000,False
159.232,2,en_route_delivery,-3.202,3.029,0.000,-3.500,joint_grid_transaction,170,170,2,12,2,0.000,1.00,-3.033,False,None,0.000,False
159.232,3,en_route_delivery,-3.969,2.413,0.000,-3.500,joint_grid_transaction,170,170,2,13,3,0.000,1.00,-2.791,False,None,0.000,False
159.232,4,en_route_delivery,4.063,-1.896,3.000,-1.500,joint_grid_transaction,170,170,3,9,4,0.000,1.00,-2.695,False,None,0.000,False
159.232,5,en_route_delivery,3.885,2.014,6.000,-3.500,joint_grid_transaction,170,170,3,13,5,0.000,1.00,0.100,False,None,0.000,False
159.232,6,en_route_delivery,-6.004,-1.576,-6.000,3.500,joint_grid_transaction,170,170,2,12,6,0.000,1.00,-1.671,False,None,0.000,False
159.232,7,en_route_delivery,-1.567,2.008,-1.000,1.500,joint_grid_transaction,170,170,2,6,8,0.000,1.00,-0.105,False,None,0.000,False
159.232,8,en_route_delivery,6.063,-1.464,6.000,3.500,joint_grid_transaction,170,170,2,13,7,0.000,1.00,-1.557,False,None,0.000,False
159.744,1,en_route_pickup,5.285,-0.568,6.000,3.500,joint_grid_transaction,170,170,3,13,9,0.000,1.00,-1.483,False,None,0.000,False
159.744,2,en_route_delivery,-3.296,3.019,0.000,-3.500,joint_grid_transaction,170,170,3,12,2,0.000,1.00,-3.039,False,None,0.000,False
159.744,3,en_route_delivery,-4.048,2.435,0.000,-3.500,joint_grid_transaction,170,170,3,13,3,0.000,1.00,-2.979,False,None,0.000,False
159.744,4,en_route_delivery,3.976,-1.933,3.000,-1.500,joint_grid_transaction,170,170,3,9,4,0.000,1.00,-2.789,False,None,0.000,False
159.744,5,en_route_delivery,3.971,2.005,6.000,-3.500,joint_grid_transaction,170,170,3,13,5,0.000,1.00,0.099,False,None,0.000,False
159.744,6,en_route_delivery,-6.012,-1.500,-6.000,3.500,joint_grid_transaction,170,170,2,12,6,0.000,1.00,-1.670,False,None,0.000,False
159.744,7,en_route_delivery,-1.485,1.999,-1.000,1.500,joint_grid_transaction,170,170,2,6,8,0.000,1.00,-0.103,False,None,0.000,False
159.744,8,en_route_delivery,6.064,-1.395,6.000,3.500,joint_grid_transaction,170,170,3,13,7,0.000,1.00,-1.560,False,None,0.000,False
160.256,1,en_route_pickup,5.291,-0.505,6.000,3.500,joint_grid_transaction,170,170,3,13,9,0.000,1.00,-1.484,False,None,0.000,False
160.256,2,en_route_delivery,-3.382,3.011,0.000,-3.500,joint_grid_transaction,170,170,3,12,2,0.000,1.00,-3.042,False,None,0.000,False
160.256,3,en_route_delivery,-4.037,2.431,0.000,-3.500,joint_grid_transaction,170,170,3,13,3,0.000,1.00,2.745,False,None,0.000,False
160.256,4,en_route_delivery,3.885,-1.959,3.000,-1.500,joint_grid_transaction,170,170,4,9,4,0.000,1.00,-2.928,False,None,0.000,False
160.256,5,en_route_delivery,4.052,1.997,6.000,-3.500,joint_grid_transaction,170,170,4,13,5,0.000,1.00,0.098,False,None,0.000,False
160.256,6,en_route_delivery,-6.019,-1.426,-6.000,3.500,joint_grid_transaction,170,170,3,12,6,0.000,1.00,-1.669,False,None,0.000,False
160.256,7,en_route_delivery,-1.406,1.991,-1.000,1.500,joint_grid_transaction,170,170,3,6,8,0.000,1.00,-0.102,False,None,0.000,False
160.256,8,en_route_delivery,6.065,-1.327,6.000,3.500,joint_grid_transaction,170,170,3,13,7,0.000,1.00,-1.556,False,None,0.000,False
160.768,1,en_route_pickup,5.296,-0.445,6.000,3.500,joint_grid_transaction,170,170,4,13,9,0.000,1.00,-1.481,False,None,0.000,False
160.768,2,en_route_delivery,-3.466,3.002,0.000,-3.500,joint_grid_transaction,170,170,3,12,2,0.000,1.00,-3.043,False,None,0.000,False
160.768,3,en_route_delivery,-4.089,2.393,0.000,-3.500,joint_grid_transaction,170,170,4,13,3,0.000,1.00,2.463,False,None,0.000,False
160.768,4,en_route_delivery,3.792,-1.975,3.000,-1.500,joint_grid_transaction,170,170,4,9,4,0.000,1.00,-3.006,False,None,0.000,False
160.768,5,en_route_delivery,4.131,1.990,6.000,-3.500,joint_grid_transaction,170,170,4,13,5,0.000,1.00,0.097,False,None,0.000,False
160.768,6,en_route_delivery,-6.027,-1.353,-6.000,3.500,joint_grid_transaction,170,170,3,12,6,0.000,1.00,-1.668,False,None,0.000,False
160.768,7,en_route_pickup,-1.331,1.983,-3.000,-1.500,joint_grid_transaction,170,170,3,4,10,0.000,1.00,-0.101,False,None,0.000,False
160.768,8,en_route_delivery,6.066,-1.267,6.000,3.500,joint_grid_transaction,170,170,3,13,7,0.000,1.00,-1.550,False,None,0.000,False
161.280,1,en_route_pickup,5.302,-0.388,6.000,3.500,joint_grid_transaction,171,170,4,13,9,0.000,1.00,-1.420,False,None,0.000,False
161.280,2,en_route_delivery,-3.531,2.996,0.000,-3.500,joint_grid_transaction,171,170,3,12,2,0.000,0.75,-3.056,False,None,0.000,False
161.280,3,en_route_delivery,-4.073,2.377,0.000,-3.500,joint_grid_transaction,171,170,4,13,3,0.000,0.45,2.325,False,None,0.000,False
161.280,4,en_route_delivery,3.697,-1.986,3.000,-1.500,joint_grid_transaction,171,170,4,6,4,0.000,1.00,-3.045,False,None,0.000,False
161.280,5,en_route_delivery,4.206,1.982,6.000,-3.500,joint_grid_transaction,171,170,4,12,5,0.000,1.00,0.096,False,None,0.000,False
161.280,6,en_route_delivery,-6.033,-1.285,-6.000,3.500,joint_grid_transaction,171,170,3,13,6,0.000,1.00,-1.667,False,None,0.000,False
161.280,7,en_route_pickup,-1.268,1.976,-3.000,-1.500,joint_grid_transaction,171,170,3,12,10,0.000,1.00,-0.161,False,None,0.000,False
161.280,8,en_route_delivery,6.066,-1.222,6.000,3.500,joint_grid_transaction,171,170,3,13,7,0.000,1.00,-1.625,False,None,0.000,False
161.792,1,en_route_pickup,5.329,-0.433,6.000,3.500,joint_grid_transaction,171,171,2,13,9,0.000,1.00,-0.814,False,None,0.000,False
161.792,2,en_route_delivery,-3.531,2.996,0.000,-3.500,joint_grid_transaction,171,171,1,12,2,0.000,0.75,-3.056,False,joint_slot_deadline,162.404,False
161.792,3,en_route_delivery,-4.073,2.377,0.000,-3.500,joint_grid_transaction,171,171,2,13,3,0.000,0.45,2.325,False,joint_slot_deadline,162.404,False
161.792,4,en_route_delivery,3.612,-1.994,3.000,-1.500,joint_grid_transaction,171,171,2,6,4,0.000,1.00,-3.048,False,None,0.000,False
161.792,5,en_route_delivery,4.276,1.976,6.000,-3.500,joint_grid_transaction,171,171,1,12,5,0.000,1.00,0.095,False,None,0.000,False
161.792,6,en_route_delivery,-6.039,-1.225,-6.000,3.500,joint_grid_transaction,171,171,1,13,6,0.000,1.00,-1.666,False,None,0.000,False
161.792,7,en_route_pickup,-1.314,1.949,-3.000,-1.500,joint_grid_transaction,171,171,1,12,10,0.000,1.00,-0.762,False,None,0.000,False
161.792,8,en_route_delivery,6.045,-1.264,6.000,3.500,joint_grid_transaction,171,171,1,13,7,0.000,1.00,-2.275,False,None,0.000,False
162.304,1,en_route_pickup,5.373,-0.469,6.000,3.500,joint_grid_transaction,171,171,2,13,9,0.000,1.00,-0.365,False,None,0.000,False
162.304,2,en_route_delivery,-3.531,2.996,0.000,-3.500,joint_grid_transaction,171,171,1,12,2,0.000,0.75,-3.056,False,joint_slot_deadline,162.404,False
162.304,3,en_route_delivery,-4.073,2.377,0.000,-3.500,joint_grid_transaction,171,171,2,13,3,0.000,0.45,2.325,False,joint_slot_deadline,162.404,False
162.304,4,en_route_delivery,3.529,-2.002,3.000,-1.500,joint_grid_transaction,171,171,2,6,4,0.000,1.00,-3.049,False,None,0.000,False
162.304,5,en_route_delivery,4.282,1.975,6.000,-3.500,joint_grid_transaction,171,171,1,12,5,0.000,1.00,0.095,False,joint_slot_deadline,162.404,False
162.304,6,en_route_delivery,-6.045,-1.160,-6.000,3.500,joint_grid_transaction,171,171,2,13,6,0.000,1.00,-1.667,False,None,0.000,False
162.304,7,en_route_pickup,-1.352,1.899,-3.000,-1.500,joint_grid_transaction,171,171,1,12,10,0.000,1.00,-1.322,False,None,0.000,False
162.304,8,en_route_delivery,6.008,-1.298,6.000,3.500,joint_grid_transaction,171,171,1,13,7,0.000,1.00,-2.619,False,None,0.000,False
162.816,1,en_route_pickup,5.421,-0.464,6.000,3.500,joint_grid_transaction,171,171,2,13,9,0.000,1.00,-0.133,False,None,0.000,False
162.816,2,en_route_delivery,-3.566,2.993,0.000,-3.500,joint_grid_transaction,171,171,2,12,2,0.000,0.75,-3.054,False,None,0.000,False
162.816,3,en_route_delivery,-4.077,2.370,0.000,-3.500,joint_grid_transaction,171,171,3,13,3,0.000,0.45,2.286,False,None,0.000,False
162.816,4,en_route_delivery,3.450,-2.009,3.000,-1.500,joint_grid_transaction,171,171,3,6,4,0.000,1.00,-3.050,False,None,0.000,False
162.816,5,en_route_delivery,4.336,1.970,6.000,-3.500,joint_grid_transaction,171,171,2,12,5,0.000,1.00,0.099,False,None,0.000,False
162.816,6,en_route_delivery,-6.051,-1.097,-6.000,3.500,joint_grid_transaction,171,171,2,13,6,0.000,1.00,-1.666,False,None,0.000,False
162.816,7,en_route_pickup,-1.361,1.915,-3.000,-1.500,joint_grid_transaction,171,171,1,12,10,0.000,1.00,-2.083,False,None,0.000,False
162.816,8,en_route_delivery,5.963,-1.280,6.000,3.500,joint_grid_transaction,171,171,3,13,7,0.000,1.00,-2.758,False,joint_slot_deadline,163.604,False
163.328,1,en_route_pickup,5.501,-0.459,6.000,3.500,joint_grid_transaction,171,171,2,13,9,0.000,1.00,-0.040,False,None,0.000,False
163.328,2,en_route_delivery,-3.591,2.991,0.000,-3.500,_priority_yield_direct,172,171,0,5,2,0.000,0.70,-3.122,False,None,0.000,False
163.328,3,en_route_delivery,-4.094,2.349,0.000,-3.500,joint_grid_transaction,171,171,3,13,3,0.000,0.60,2.212,False,None,0.000,False
163.328,4,en_route_delivery,3.373,-2.016,3.000,-1.500,joint_grid_transaction,171,171,3,6,4,0.000,1.00,-3.050,False,None,0.000,False
163.328,5,en_route_delivery,4.404,1.963,6.000,-3.500,joint_grid_transaction,171,171,2,12,5,0.000,1.00,0.098,False,None,0.000,False
163.328,6,en_route_delivery,-6.057,-1.040,-6.000,3.500,joint_grid_transaction,171,171,2,13,6,0.000,1.00,-1.665,False,None,0.000,False
163.328,7,en_route_pickup,-1.408,1.967,-3.000,-1.500,joint_grid_transaction,171,171,1,12,10,0.000,1.00,-2.576,False,None,0.000,False
163.328,8,en_route_delivery,5.963,-1.280,6.000,3.500,joint_grid_transaction,171,171,3,13,7,0.000,1.00,-2.758,False,joint_slot_deadline,163.604,False
163.840,1,en_route_pickup,5.567,-0.456,6.000,3.500,joint_grid_transaction,171,171,3,13,9,0.000,1.00,-0.057,False,None,0.000,False
163.840,2,en_route_delivery,-3.617,2.991,0.000,-3.500,_priority_yield_direct,172,171,0,5,2,0.000,0.75,-3.131,False,None,0.000,False
163.840,3,en_route_delivery,-4.109,2.328,0.000,-3.500,joint_grid_transaction,171,171,3,13,3,0.000,0.45,2.157,False,None,0.000,False
163.840,4,en_route_delivery,3.299,-2.023,3.000,-1.500,joint_grid_transaction,171,171,3,6,4,0.000,1.00,-3.051,False,None,0.000,False
163.840,5,en_route_delivery,4.466,1.957,6.000,-3.500,joint_grid_transaction,171,171,2,12,5,0.000,1.00,0.097,False,None,0.000,False
163.840,6,en_route_delivery,-6.060,-0.996,-6.000,3.500,joint_grid_transaction,171,171,2,13,6,0.000,1.00,-1.628,False,None,0.000,False
163.840,7,en_route_pickup,-1.435,1.978,-3.000,-1.500,joint_grid_transaction,171,171,1,12,10,0.000,1.00,-2.917,False,None,0.000,False
163.840,8,en_route_delivery,5.964,-1.279,6.000,3.500,joint_grid_transaction,171,171,4,13,7,0.000,1.00,-2.746,False,joint_slot_deadline,164.804,False
164.352,1,en_route_pickup,5.636,-0.452,6.000,3.500,joint_grid_transaction,171,171,3,13,9,0.000,1.00,-0.061,False,None,0.000,False
164.352,2,en_route_delivery,-3.657,2.991,0.000,-3.500,_priority_yield_direct,172,171,0,5,2,0.000,1.00,3.141,False,None,0.000,False
164.352,3,en_route_delivery,-4.113,2.322,0.000,-3.500,joint_grid_transaction,171,171,3,13,3,165.532,0.40,2.143,False,None,0.000,False
164.352,4,en_route_delivery,3.231,-2.029,6.000,-3.500,joint_grid_transaction,171,171,3,1,11,0.000,1.00,-3.052,False,None,0.000,False
164.352,5,en_route_delivery,4.521,1.952,6.000,-3.500,joint_grid_transaction,171,171,2,12,5,0.000,1.00,0.090,False,None,0.000,False
164.352,6,en_route_delivery,-6.061,-0.948,-6.000,3.500,joint_grid_transaction,171,171,3,13,6,0.000,1.00,-1.591,False,None,0.000,False
164.352,7,en_route_pickup,-1.487,1.970,-3.000,-1.500,joint_grid_transaction,171,171,1,12,10,0.000,0.60,-3.039,False,None,0.000,False
164.352,8,en_route_delivery,5.964,-1.279,6.000,3.500,joint_grid_transaction,171,171,4,13,7,0.000,1.00,-2.746,False,joint_slot_deadline,164.804,False
164.864,1,en_route_pickup,5.700,-0.448,6.000,3.500,joint_grid_transaction,171,171,3,13,9,0.000,1.00,-0.062,False,None,0.000,False
164.864,2,en_route_delivery,-3.709,2.992,0.000,-3.500,_priority_yield_direct,172,171,0,5,2,0.000,1.00,3.122,False,None,0.000,False
164.864,3,en_route_delivery,-4.113,2.322,0.000,-3.500,joint_grid_transaction,171,171,3,13,3,165.532,0.40,2.143,False,None,0.000,False
164.864,4,en_route_delivery,3.230,-2.026,6.000,-3.500,joint_grid_transaction,171,171,4,1,11,0.000,1.00,2.733,False,None,0.000,False
164.864,5,en_route_delivery,4.578,1.947,6.000,-3.500,joint_grid_transaction,171,171,3,12,5,0.000,1.00,0.078,False,None,0.000,False
164.864,6,en_route_delivery,-6.062,-0.878,-6.000,3.500,joint_grid_transaction,171,171,3,13,6,0.000,1.00,-1.601,False,None,0.000,False
164.864,7,en_route_pickup,-1.513,1.967,-3.000,-1.500,joint_grid_transaction,171,171,1,12,10,0.000,0.60,-3.057,False,None,0.000,False
164.864,8,en_route_delivery,5.963,-1.279,6.000,3.500,joint_grid_transaction,171,171,4,13,7,0.000,1.00,-2.743,False,None,0.000,False
165.376,1,en_route_pickup,5.758,-0.444,6.000,3.500,joint_grid_transaction,171,171,3,13,9,0.000,1.00,-0.063,False,None,0.000,False
165.376,2,en_route_delivery,-3.765,2.996,0.000,-3.500,_priority_yield_direct,172,171,0,5,2,0.000,1.00,3.099,False,None,0.000,False
165.376,3,en_route_delivery,-4.113,2.322,0.000,-3.500,joint_grid_transaction,171,171,3,13,3,165.532,0.40,2.143,False,None,0.000,False
165.376,4,en_route_delivery,3.204,-1.992,6.000,-3.500,joint_grid_transaction,171,171,4,1,11,0.000,1.00,2.466,False,None,0.000,False
165.376,5,en_route_delivery,4.641,1.942,6.000,-3.500,joint_grid_transaction,171,171,3,12,5,0.000,1.00,0.078,False,None,0.000,False
165.376,6,en_route_delivery,-6.065,-0.816,-6.000,3.500,joint_grid_transaction,171,171,3,13,6,0.000,1.00,-1.613,False,None,0.000,False
165.376,7,en_route_pickup,-1.535,1.965,-3.000,-1.500,joint_grid_transaction,171,171,1,12,10,0.000,0.60,-3.057,False,None,0.000,False
165.376,8,en_route_delivery,5.963,-1.279,6.000,3.500,joint_grid_transaction,171,171,5,13,7,0.000,1.00,-2.743,False,joint_slot_deadline,166.004,False
165.888,1,en_route_pickup,5.810,-0.442,6.000,3.500,joint_grid_transaction,171,171,4,13,9,0.000,1.00,-0.040,False,None,0.000,False
165.888,2,en_route_delivery,-3.827,3.004,0.000,-3.500,_priority_yield_direct,172,171,0,5,2,0.000,1.00,3.052,False,None,0.000,False
165.888,3,en_route_delivery,-4.117,2.315,0.000,-3.500,joint_grid_transaction,171,171,3,13,3,0.000,0.40,2.129,False,None,0.000,False
165.888,4,en_route_delivery,3.136,-1.927,6.000,-3.500,joint_grid_transaction,171,171,4,1,11,0.000,1.00,2.323,False,None,0.000,False
165.888,5,en_route_delivery,4.699,1.938,6.000,-3.500,joint_grid_transaction,171,171,3,12,5,0.000,1.00,0.078,False,None,0.000,False
165.888,6,en_route_delivery,-6.067,-0.763,-6.000,3.500,joint_grid_transaction,171,171,3,13,6,0.000,1.00,-1.620,False,None,0.000,False
165.888,7,en_route_pickup,-1.561,1.963,-3.000,-1.500,joint_grid_transaction,171,171,2,12,10,0.000,0.60,-3.057,False,None,0.000,False
165.888,8,en_route_delivery,5.963,-1.279,6.000,3.500,joint_grid_transaction,171,171,5,13,7,0.000,1.00,-2.743,False,joint_slot_deadline,166.004,False
166.400,1,en_route_pickup,5.875,-0.439,6.000,3.500,joint_grid_transaction,171,171,4,13,9,0.000,1.00,-0.056,False,None,0.000,False
166.400,2,en_route_delivery,-3.900,3.019,0.000,-3.500,_priority_yield_direct,172,171,0,5,2,0.000,1.00,2.968,False,None,0.000,False
166.400,3,en_route_delivery,-4.120,2.311,0.000,-3.500,joint_grid_transaction,171,171,3,13,3,167.532,0.40,2.121,False,None,0.000,False
166.400,4,en_route_delivery,3.119,-1.879,6.000,-3.500,joint_grid_transaction,171,171,5,1,11,0.000,1.00,2.090,False,None,0.000,False
166.400,5,en_route_delivery,4.746,1.935,6.000,-3.500,joint_grid_transaction,171,171,3,12,5,0.000,1.00,0.053,False,None,0.000,False
166.400,6,en_route_delivery,-6.068,-0.720,-6.000,3.500,joint_grid_transaction,171,171,3,13,6,0.000,1.00,-1.568,False,None,0.000,False
166.400,7,en_route_pickup,-1.586,1.961,-3.000,-1.500,joint_grid_transaction,171,171,2,12,10,0.000,0.60,-3.057,False,None,0.000,False
166.400,8,en_route_delivery,5.964,-1.278,6.000,3.500,joint_grid_transaction,171,171,6,13,7,0.000,1.00,-2.731,False,joint_slot_deadline,167.204,False
166.912,1,en_route_pickup,5.890,-0.441,6.000,3.500,joint_grid_transaction,176,176,1,9,9,0.000,1.00,-0.378,False,None,0.000,False
166.912,2,en_route_delivery,-3.937,3.027,0.000,-3.500,joint_grid_transaction,176,176,1,8,2,0.000,1.00,2.930,False,joint_slot_deadline,167.796,False
166.912,3,en_route_delivery,-4.124,2.304,0.000,-3.500,joint_grid_transaction,176,176,1,8,3,167.532,0.40,2.107,False,None,0.000,False
166.912,4,en_route_delivery,3.108,-1.827,6.000,-3.500,joint_grid_transaction,176,176,1,9,11,0.000,1.00,1.568,False,None,0.000,False
166.912,5,en_route_delivery,4.750,1.938,6.000,-3.500,joint_grid_transaction,176,176,1,9,5,0.000,1.00,0.393,False,None,0.000,False
166.912,6,en_route_delivery,-6.066,-0.651,-6.000,3.500,joint_grid_transaction,176,176,2,9,6,0.000,1.00,-1.540,False,None,0.000,False
166.912,7,en_route_pickup,-1.610,1.959,-3.000,-1.500,joint_grid_transaction,176,176,2,9,10,0.000,0.60,-3.061,False,None,0.000,False
166.912,8,en_route_delivery,5.994,-1.257,6.000,3.500,joint_grid_transaction,176,176,1,9,7,0.000,1.00,-2.414,False,None,0.000,False
167.424,1,en_route_pickup,5.837,-0.482,6.000,3.500,joint_grid_transaction,176,176,1,9,9,0.000,1.00,-0.900,False,None,0.000,False
167.424,2,en_route_delivery,-3.937,3.027,0.000,-3.500,joint_grid_transaction,176,176,1,8,2,0.000,1.00,2.930,False,joint_slot_deadline,167.796,False
167.424,3,en_route_delivery,-4.132,2.291,0.000,-3.500,joint_grid_transaction,176,176,1,8,3,167.532,0.40,2.085,False,None,0.000,False
167.424,4,en_route_delivery,3.126,-1.865,6.000,-3.500,joint_grid_transaction,176,176,1,9,11,0.000,1.00,0.895,False,None,0.000,False
167.424,5,en_route_delivery,4.698,1.980,6.000,-3.500,joint_grid_transaction,176,176,2,9,5,0.000,1.00,0.912,False,None,0.000,False
167.424,6,en_route_delivery,-6.061,-0.571,-6.000,3.500,joint_grid_transaction,176,176,2,9,6,0.000,1.00,-1.513,False,None,0.000,False
167.424,7,en_route_pickup,-1.634,1.957,-3.000,-1.500,joint_grid_transaction,176,176,2,9,10,0.000,0.60,-3.060,False,None,0.000,False
167.424,8,en_route_delivery,6.034,-1.207,6.000,3.500,joint_grid_transaction,176,176,1,9,7,0.000,1.00,-1.897,False,None,0.000,False
167.936,1,en_route_pickup,5.814,-0.521,6.000,3.500,joint_grid_transaction,176,176,1,9,9,0.000,1.00,-1.566,False,None,0.000,False
167.936,2,en_route_delivery,-3.948,3.029,0.000,-3.500,joint_grid_transaction,176,176,2,8,2,0.000,1.00,2.939,False,None,0.000,False
167.936,3,en_route_delivery,-4.138,2.280,0.000,-3.500,joint_grid_transaction,176,176,1,8,3,0.000,0.40,2.069,False,None,0.000,False
167.936,4,en_route_delivery,3.177,-1.910,6.000,-3.500,joint_grid_transaction,176,176,1,9,11,0.000,1.00,0.385,False,None,0.000,False
167.936,5,en_route_delivery,4.676,2.018,6.000,-3.500,joint_grid_transaction,176,176,2,9,5,0.000,1.00,1.589,False,None,0.000,False
167.936,6,en_route_delivery,-6.052,-0.486,-6.000,3.500,joint_grid_transaction,176,176,2,9,6,0.000,1.00,-1.465,False,None,0.000,False
167.936,7,en_route_pickup,-1.658,1.955,-3.000,-1.500,joint_grid_transaction,176,176,2,9,10,0.000,0.60,-3.060,False,None,0.000,False
167.936,8,en_route_delivery,6.033,-1.206,6.000,3.500,joint_grid_transaction,176,176,3,9,7,0.000,1.00,-1.900,False,joint_slot_deadline,168.996,False
168.448,1,en_route_pickup,5.809,-0.504,6.000,3.500,_priority_yield_direct,177,176,0,3,9,0.000,0.70,-2.027,False,None,0.000,False
168.448,2,en_route_delivery,-4.030,3.038,0.000,-3.500,joint_grid_transaction,176,176,2,8,2,0.000,1.00,3.107,False,None,0.000,False
168.448,3,en_route_delivery,-4.172,2.213,0.000,-3.500,joint_grid_transaction,176,176,1,8,3,0.000,1.00,2.000,False,None,0.000,False
168.448,4,en_route_delivery,3.199,-1.914,6.000,-3.500,joint_grid_transaction,176,176,1,9,11,0.000,1.00,0.020,False,None,0.000,False
168.448,5,en_route_delivery,4.657,1.979,6.000,-3.500,joint_grid_transaction,176,176,2,9,5,0.000,1.00,2.255,False,None,0.000,False
168.448,6,en_route_delivery,-6.041,-0.393,-6.000,3.500,joint_grid_transaction,176,176,3,9,6,0.000,1.00,-1.455,False,None,0.000,False
168.448,7,en_route_pickup,-1.681,1.953,-3.000,-1.500,joint_grid_transaction,176,176,2,9,10,0.000,0.60,-3.060,False,None,0.000,False
168.448,8,en_route_delivery,6.033,-1.206,6.000,3.500,joint_grid_transaction,176,176,3,9,7,0.000,1.00,-1.900,False,joint_slot_deadline,168.996,False
168.960,1,en_route_pickup,5.801,-0.491,6.000,3.500,_priority_yield_direct,177,176,0,3,9,0.000,0.45,-2.174,False,None,0.000,False
168.960,2,en_route_delivery,-4.035,3.038,0.000,-3.500,joint_grid_transaction,176,176,2,8,2,0.000,1.00,3.108,False,joint_slot_deadline,168.996,False
168.960,3,en_route_delivery,-4.203,2.124,0.000,-3.500,joint_grid_transaction,176,176,2,8,3,0.000,1.00,1.822,False,None,0.000,False
168.960,4,en_route_delivery,3.245,-1.915,6.000,-3.500,joint_grid_transaction,176,176,1,9,11,0.000,1.00,0.026,False,None,0.000,False
168.960,5,en_route_delivery,4.618,1.942,6.000,-3.500,joint_grid_transaction,176,176,2,9,5,0.000,1.00,2.615,False,None,0.000,False
168.960,6,en_route_delivery,-6.030,-0.298,-6.000,3.500,joint_grid_transaction,176,176,3,9,6,0.000,1.00,-1.462,False,None,0.000,False
168.960,7,en_route_pickup,-1.703,1.952,-3.000,-1.500,joint_grid_transaction,176,176,2,9,10,0.000,0.60,-3.060,False,None,0.000,False
168.960,8,en_route_delivery,6.033,-1.206,6.000,3.500,joint_grid_transaction,176,176,3,9,7,0.000,0.75,-1.900,False,joint_slot_deadline,168.996,False
169.472,1,en_route_pickup,5.793,-0.480,6.000,3.500,_priority_yield_direct,177,176,0,3,9,0.000,0.45,-2.276,False,None,0.000,False
169.472,2,en_route_delivery,-4.016,3.032,0.000,-3.500,joint_grid_transaction,176,176,3,8,2,0.000,1.00,-2.669,False,None,0.000,False
169.472,3,en_route_delivery,-4.221,2.031,0.000,-3.500,joint_grid_transaction,176,176,2,8,3,0.000,1.00,1.731,False,None,0.000,False
169.472,4,en_route_delivery,3.301,-1.921,6.000,-3.500,joint_grid_transaction,176,176,2,9,11,0.000,1.00,0.078,False,None,0.000,False
169.472,5,en_route_delivery,4.551,1.964,6.000,-3.500,joint_grid_transaction,176,176,2,9,5,0.000,1.00,2.840,False,None,0.000,False
169.472,6,en_route_delivery,-6.020,-0.204,-6.000,3.500,joint_grid_transaction,176,176,4,9,6,0.000,1.00,-1.468,False,None,0.000,False
169.472,7,en_route_pickup,-1.724,1.950,-3.000,-1.500,joint_grid_transaction,176,176,2,9,10,0.000,0.60,-3.060,False,None,0.000,False
169.472,8,en_route_delivery,6.021,-1.163,6.000,3.500,joint_grid_transaction,176,176,4,9,7,0.000,0.75,-1.800,False,None,0.000,False
169.984,1,en_route_pickup,5.782,-0.469,6.000,3.500,_priority_yield_direct,177,176,0,3,9,0.000,0.45,-2.369,False,None,0.000,False
169.984,2,en_route_delivery,-4.053,2.991,0.000,-3.500,joint_grid_transaction,176,176,3,8,2,0.000,1.00,-2.429,False,None,0.000,False
169.984,3,en_route_delivery,-4.234,1.937,0.000,-3.500,joint_grid_transaction,176,176,3,8,3,0.000,1.00,1.676,False,None,0.000,False
169.984,4,en_route_delivery,3.394,-1.931,6.000,-3.500,joint_grid_transaction,176,176,2,9,11,0.000,1.00,0.135,False,None,0.000,False
169.984,5,en_route_delivery,4.463,1.982,6.000,-3.500,joint_grid_transaction,176,176,2,9,5,0.000,1.00,3.028,False,None,0.000,False
169.984,6,en_route_delivery,-6.012,-0.117,-6.000,3.500,joint_grid_transaction,176,176,4,9,6,0.000,1.00,-1.472,False,None,0.000,False
169.984,7,en_route_pickup,-1.744,1.948,-3.000,-1.500,joint_grid_transaction,176,176,2,9,10,0.000,0.60,-3.060,False,None,0.000,False
169.984,8,en_route_delivery,6.011,-1.110,6.000,3.500,joint_grid_transaction,176,176,4,9,7,0.000,0.75,-1.717,False,None,0.000,False
170.496,1,en_route_pickup,5.757,-0.448,6.000,3.500,_priority_yield_direct,177,176,0,3,9,0.000,0.70,-2.597,False,None,0.000,False
170.496,2,en_route_delivery,-4.120,2.924,0.000,-3.500,joint_grid_transaction,176,176,3,8,2,0.000,1.00,-2.301,False,None,0.000,False
170.496,3,en_route_delivery,-4.242,1.848,0.000,-3.500,joint_grid_transaction,176,176,3,8,3,0.000,1.00,1.659,False,None,0.000,False
170.496,4,en_route_delivery,3.488,-1.946,6.000,-3.500,joint_grid_transaction,176,176,2,9,11,0.000,1.00,0.175,False,None,0.000,False
170.496,5,en_route_delivery,4.479,1.977,6.000,-3.500,joint_grid_transaction,176,176,3,9,5,0.000,1.00,-2.691,False,None,0.000,False
170.496,6,en_route_delivery,-6.003,-0.033,-6.000,3.500,joint_grid_transaction,176,176,4,9,6,0.000,1.00,-1.473,False,None,0.000,False
170.496,7,en_route_pickup,-1.762,1.947,-3.000,-1.500,joint_grid_transaction,176,176,2,9,10,0.000,0.60,-3.063,False,None,0.000,False
170.496,8,en_route_delivery,6.001,-1.030,6.000,3.500,joint_grid_transaction,176,176,4,9,7,0.000,1.00,-1.673,False,None,0.000,False
171.008,1,en_route_pickup,5.736,-0.437,6.000,3.500,_priority_yield_direct,183,176,0,2,9,0.000,0.70,-2.914,False,None,0.000,False
171.008,2,en_route_delivery,-4.138,2.873,0.000,-3.500,joint_grid_transaction,176,176,4,8,2,0.000,1.00,-2.063,False,None,0.000,False
171.008,3,en_route_delivery,-4.250,1.764,0.000,-3.500,joint_grid_transaction,176,176,3,8,3,0.000,1.00,1.659,False,None,0.000,False
171.008,4,en_route_delivery,3.581,-1.963,6.000,-3.500,joint_grid_transaction,176,176,3,9,11,0.000,1.00,0.152,False,None,0.000,False
171.008,5,en_route_delivery,4.418,1.931,6.000,-3.500,joint_grid_transaction,176,176,3,9,5,0.000,1.00,-2.472,False,None,0.000,False
171.008,6,en_route_delivery,-5.995,0.048,-6.000,3.500,joint_grid_transaction,176,176,4,9,6,0.000,1.00,-1.474,False,None,0.000,False
171.008,7,en_route_pickup,-1.777,1.946,-3.000,-1.500,joint_grid_transaction,176,176,2,9,10,0.000,0.60,-3.082,False,None,0.000,False
171.008,8,en_route_delivery,5.993,-0.947,6.000,3.500,joint_grid_transaction,176,176,5,9,7,0.000,1.00,-1.659,False,None,0.000,False
171.520,1,en_route_pickup,5.734,-0.435,6.000,3.500,_command_reverse,185,176,0,1,9,0.000,0.70,2.953,False,None,0.000,False
171.520,2,en_route_delivery,-4.175,2.787,0.000,-3.500,joint_grid_transaction,176,176,4,8,2,0.000,1.00,-1.919,False,None,0.000,False
171.520,3,en_route_delivery,-4.257,1.682,0.000,-3.500,joint_grid_transaction,176,176,4,8,3,0.000,1.00,1.658,False,None,0.000,False
171.520,4,en_route_delivery,3.676,-1.975,6.000,-3.500,joint_grid_transaction,176,176,3,9,11,0.000,1.00,0.108,False,None,0.000,False
171.520,5,en_route_delivery,4.408,1.895,6.000,-3.500,joint_grid_transaction,176,176,4,9,5,0.000,1.00,-2.246,False,None,0.000,False
171.520,6,en_route_delivery,-5.988,0.126,-6.000,3.500,joint_grid_transaction,176,176,5,9,6,0.000,1.00,-1.475,False,None,0.000,False
171.520,7,en_route_pickup,-1.795,1.945,-3.000,-1.500,joint_grid_transaction,176,176,3,9,10,0.000,0.60,-3.093,False,None,0.000,False
171.520,8,en_route_delivery,5.991,-0.920,6.000,3.500,joint_grid_transaction,176,176,5,9,7,0.000,0.60,-1.654,False,None,0.000,False
172.032,1,en_route_pickup,5.748,-0.431,6.000,3.500,_command_reverse,185,176,0,1,9,0.000,0.60,2.699,False,None,0.000,False
172.032,2,en_route_delivery,-4.204,2.696,0.000,-3.500,joint_grid_transaction,176,176,5,8,2,0.000,1.00,-1.827,False,None,0.000,False
172.032,3,en_route_delivery,-4.264,1.604,0.000,-3.500,joint_grid_transaction,176,176,4,8,3,0.000,1.00,1.658,False,None,0.000,False
172.032,4,en_route_delivery,3.768,-1.984,6.000,-3.500,joint_grid_transaction,176,176,3,9,11,0.000,1.00,0.101,False,None,0.000,False
172.032,5,en_route_delivery,4.360,1.817,6.000,-3.500,joint_grid_transaction,176,176,4,9,5,0.000,1.00,-2.043,False,None,0.000,False
172.032,6,en_route_delivery,-5.981,0.201,-6.000,3.500,joint_grid_transaction,176,176,5,9,6,0.000,1.00,-1.476,False,None,0.000,False
172.032,7,en_route_pickup,-1.819,1.944,-3.000,-1.500,joint_grid_transaction,176,176,3,9,10,0.000,0.60,-3.086,False,None,0.000,False
172.032,8,en_route_delivery,5.992,-0.924,6.000,3.500,_command_reverse,187,176,0,1,7,0.000,0.60,-1.355,False,None,0.000,True
172.544,1,en_route_pickup,5.749,-0.430,6.000,3.500,_command_reverse,185,176,0,1,9,173.532,0.40,2.692,False,None,0.000,False
172.544,2,en_route_delivery,-4.222,2.603,0.000,-3.500,joint_grid_transaction,176,176,5,8,2,0.000,1.00,-1.718,False,None,0.000,False
172.544,3,en_route_delivery,-4.270,1.529,0.000,-3.500,joint_grid_transaction,176,176,4,8,3,0.000,1.00,1.657,False,None,0.000,False
172.544,4,en_route_delivery,3.854,-1.993,6.000,-3.500,joint_grid_transaction,176,176,4,9,11,0.000,1.00,0.098,False,None,0.000,False
172.544,5,en_route_delivery,4.322,1.731,6.000,-3.500,joint_grid_transaction,176,176,4,9,5,0.000,1.00,-1.941,False,None,0.000,False
172.544,6,en_route_delivery,-5.974,0.270,-6.000,3.500,joint_grid_transaction,176,176,5,9,6,0.000,1.00,-1.477,False,None,0.000,False
172.544,7,en_route_pickup,-1.843,1.942,-3.000,-1.500,joint_grid_transaction,176,176,3,9,10,0.000,0.60,-3.083,False,None,0.000,False
172.544,8,en_route_delivery,6.012,-0.960,6.000,3.500,_command_reverse,187,176,0,1,7,0.000,1.00,-0.874,False,None,0.000,False
173.056,1,en_route_pickup,5.749,-0.430,6.000,3.500,_command_reverse,185,176,0,1,9,173.532,0.40,2.692,False,None,0.000,False
173.056,2,en_route_delivery,-4.234,2.509,0.000,-3.500,joint_grid_transaction,176,176,5,8,2,0.000,1.00,-1.670,False,None,0.000,False
173.056,3,en_route_delivery,-4.276,1.459,0.000,-3.500,joint_grid_transaction,176,176,4,8,3,0.000,1.00,1.659,False,None,0.000,False
173.056,4,en_route_delivery,3.937,-2.001,6.000,-3.500,joint_grid_transaction,176,176,4,9,11,0.000,1.00,0.097,False,None,0.000,False
173.056,5,en_route_delivery,4.293,1.641,6.000,-3.500,joint_grid_transaction,176,176,5,9,5,0.000,1.00,-1.799,False,None,0.000,False
173.056,6,en_route_delivery,-5.967,0.340,-6.000,3.500,joint_grid_transaction,176,176,6,9,6,0.000,1.00,-1.476,False,None,0.000,False
173.056,7,en_route_pickup,-1.866,1.941,-3.000,-1.500,joint_grid_transaction,176,176,3,9,10,0.000,0.60,-3.081,False,None,0.000,False
173.056,8,en_route_delivery,6.052,-0.960,6.000,3.500,_command_reverse,187,176,0,1,7,0.000,1.00,-0.651,False,None,0.000,False
173.568,1,en_route_pickup,5.749,-0.430,6.000,3.500,_command_reverse,185,176,0,1,9,173.620,0.40,2.692,False,None,0.000,False
173.568,2,en_route_delivery,-4.242,2.421,0.000,-3.500,joint_grid_transaction,176,176,6,8,2,0.000,1.00,-1.666,False,None,0.000,False
173.568,3,en_route_delivery,-4.283,1.387,0.000,-3.500,joint_grid_transaction,176,176,5,8,3,0.000,1.00,1.658,False,None,0.000,False
173.568,4,en_route_delivery,4.015,-2.009,6.000,-3.500,joint_grid_transaction,176,176,4,9,11,0.000,1.00,0.096,False,None,0.000,False
173.568,5,en_route_delivery,4.276,1.547,6.000,-3.500,joint_grid_transaction,176,176,5,9,5,0.000,1.00,-1.714,False,None,0.000,False
173.568,6,en_route_delivery,-5.961,0.408,-6.000,3.500,joint_grid_transaction,176,176,6,9,6,0.000,1.00,-1.477,False,None,0.000,False
173.568,7,en_route_pickup,-1.889,1.939,-3.000,-1.500,joint_grid_transaction,176,176,3,9,10,0.000,0.60,-3.080,False,None,0.000,False
173.568,8,en_route_delivery,6.131,-0.909,6.000,3.500,_command_reverse,187,176,0,1,7,0.000,1.00,-0.507,False,None,0.000,False
174.080,1,en_route_pickup,5.755,-0.427,6.000,3.500,_command_reverse,185,176,0,1,9,175.532,0.40,2.615,False,None,0.000,False
174.080,2,en_route_delivery,-4.250,2.339,0.000,-3.500,joint_grid_transaction,176,176,6,8,2,0.000,1.00,-1.666,False,None,0.000,False
174.080,3,en_route_delivery,-4.289,1.319,0.000,-3.500,joint_grid_transaction,176,176,5,8,3,0.000,1.00,1.658,False,None,0.000,False
174.080,4,en_route_delivery,4.092,-2.016,6.000,-3.500,joint_grid_transaction,176,176,5,9,11,0.000,1.00,0.095,False,None,0.000,False
174.080,5,en_route_delivery,4.265,1.453,6.000,-3.500,joint_grid_transaction,176,176,5,9,5,0.000,1.00,-1.671,False,None,0.000,False
174.080,6,en_route_delivery,-5.955,0.470,-6.000,3.500,joint_grid_transaction,176,176,6,9,6,0.000,1.00,-1.478,False,None,0.000,False
174.080,7,en_route_pickup,-1.911,1.938,-3.000,-1.500,joint_grid_transaction,176,176,3,9,10,0.000,0.60,-3.078,False,None,0.000,False
174.080,8,en_route_delivery,6.216,-0.865,6.000,3.500,_command_reverse,187,176,0,1,7,0.000,1.00,-0.452,False,None,0.000,False
174.592,1,en_route_pickup,5.755,-0.427,6.000,3.500,_command_reverse,185,176,0,1,9,175.532,0.40,2.615,False,None,0.000,False
174.592,2,en_route_delivery,-4.258,2.259,0.000,-3.500,joint_grid_transaction,176,176,6,8,2,0.000,1.00,-1.665,False,None,0.000,False
174.592,3,en_route_delivery,-4.294,1.257,0.000,-3.500,joint_grid_transaction,176,176,5,8,3,0.000,1.00,1.657,False,None,0.000,False
174.592,4,en_route_delivery,4.166,-2.023,6.000,-3.500,joint_grid_transaction,176,176,5,9,11,0.000,1.00,0.094,False,None,0.000,False
174.592,5,en_route_delivery,4.257,1.366,6.000,-3.500,joint_grid_transaction,176,176,6,9,5,0.000,1.00,-1.663,False,None,0.000,False
174.592,6,en_route_delivery,-5.951,0.522,-6.000,3.500,joint_grid_transaction,176,176,6,9,6,0.000,1.00,-1.491,False,None,0.000,False
174.592,7,en_route_pickup,-1.932,1.937,-3.000,-1.500,joint_grid_transaction,176,176,3,9,10,0.000,0.60,-3.077,False,None,0.000,False
174.592,8,en_route_delivery,6.302,-0.825,6.000,3.500,_command_reverse,187,176,0,1,7,0.000,1.00,-0.431,False,None,0.000,False
175.104,1,en_route_pickup,5.755,-0.427,6.000,3.500,_command_reverse,185,176,0,1,9,175.532,0.40,2.615,False,None,0.000,False
175.104,2,en_route_delivery,-4.265,2.182,0.000,-3.500,joint_grid_transaction,176,176,7,8,2,0.000,1.00,-1.664,False,None,0.000,False
175.104,3,en_route_delivery,-4.299,1.202,0.000,-3.500,joint_grid_transaction,176,176,6,8,3,0.000,1.00,1.655,False,None,0.000,False
175.104,4,en_route_delivery,4.235,-2.029,6.000,-3.500,joint_grid_transaction,176,176,5,9,11,0.000,1.00,0.093,False,None,0.000,False
175.104,5,en_route_delivery,4.249,1.283,6.000,-3.500,joint_grid_transaction,176,176,6,9,5,0.000,1.00,-1.663,False,None,0.000,False
175.104,6,en_route_delivery,-5.946,0.582,-6.000,3.500,joint_grid_transaction,176,176,7,9,6,0.000,1.00,-1.496,False,None,0.000,False
175.104,7,en_route_pickup,-1.952,1.935,-3.000,-1.500,joint_grid_transaction,176,176,3,9,10,0.000,0.60,-3.076,False,None,0.000,False
175.104,8,en_route_delivery,6.390,-0.785,6.000,3.500,_command_reverse,187,176,0,1,7,0.000,1.00,-0.423,False,None,0.000,False
175.616,1,en_route_pickup,5.755,-0.427,6.000,3.500,_command_reverse,185,176,0,1,9,175.620,0.45,2.615,False,None,0.000,False
175.616,2,en_route_delivery,-4.272,2.107,0.000,-3.500,joint_grid_transaction,176,176,7,8,2,0.000,1.00,-1.663,False,None,0.000,False
175.616,3,en_route_delivery,-4.304,1.136,0.000,-3.500,joint_grid_transaction,176,176,6,8,3,0.000,1.00,1.654,False,None,0.000,False
175.616,4,en_route_delivery,4.299,-2.035,6.000,-3.500,joint_grid_transaction,176,176,6,9,11,0.000,1.00,0.095,False,None,0.000,False
175.616,5,en_route_delivery,4.242,1.203,6.000,-3.500,joint_grid_transaction,176,176,7,9,5,0.000,1.00,-1.662,False,None,0.000,False
175.616,6,en_route_delivery,-5.942,0.645,-6.000,3.500,joint_grid_transaction,176,176,7,9,6,0.000,1.00,-1.496,False,None,0.000,False
175.616,7,en_route_pickup,-1.971,1.934,-3.000,-1.500,joint_grid_transaction,176,176,3,9,10,0.000,0.60,-3.075,False,None,0.000,False
175.616,8,en_route_delivery,6.471,-0.749,6.000,3.500,_command_reverse,187,176,0,1,7,0.000,0.75,-0.420,False,None,0.000,False
176.128,1,en_route_pickup,5.772,-0.415,6.000,3.500,_command_reverse,185,176,0,1,9,0.000,1.00,2.447,False,None,0.000,False
176.128,2,en_route_delivery,-4.278,2.037,0.000,-3.500,joint_grid_transaction,176,176,7,8,2,0.000,1.00,-1.662,False,None,0.000,False
176.128,3,en_route_delivery,-4.309,1.076,0.000,-3.500,joint_grid_transaction,176,176,6,8,3,0.000,1.00,1.654,False,None,0.000,False
176.128,4,en_route_delivery,4.367,-2.042,6.000,-3.500,joint_grid_transaction,176,176,6,9,11,0.000,1.00,0.094,False,None,0.000,False
176.128,5,en_route_delivery,4.234,1.126,6.000,-3.500,joint_grid_transaction,176,176,7,9,5,0.000,1.00,-1.661,False,None,0.000,False
176.128,6,en_route_delivery,-5.937,0.703,-6.000,3.500,joint_grid_transaction,176,176,7,9,6,0.000,1.00,-1.495,False,None,0.000,False
176.128,7,en_route_pickup,-1.986,1.933,-3.000,-1.500,joint_grid_transaction,176,176,3,9,10,0.000,0.60,-3.090,False,None,0.000,False
176.128,8,en_route_delivery,6.520,-0.727,6.000,3.500,_command_reverse,187,176,0,1,7,0.000,0.75,-0.419,False,None,0.000,False
176.640,1,en_route_pickup,5.810,-0.373,6.000,3.500,joint_grid_transaction,191,176,0,9,9,0.000,0.45,2.048,False,None,0.000,False
176.640,2,en_route_delivery,-4.284,1.973,0.000,-3.500,joint_grid_transaction,191,176,7,8,2,0.000,1.00,-1.662,False,None,0.000,False
176.640,3,en_route_delivery,-4.313,1.025,0.000,-3.500,joint_grid_transaction,191,176,6,9,3,0.000,1.00,1.644,False,None,0.000,False
176.640,4,en_route_delivery,4.430,-2.048,6.000,-3.500,joint_grid_transaction,191,176,6,8,11,0.000,1.00,0.093,False,None,0.000,False
176.640,5,en_route_delivery,4.228,1.052,6.000,-3.500,joint_grid_transaction,191,176,7,8,5,0.000,1.00,-1.661,False,None,0.000,False
176.640,6,en_route_delivery,-5.935,0.748,-6.000,3.500,joint_grid_transaction,191,176,7,9,6,0.000,1.00,-1.528,False,None,0.000,False
176.640,7,en_route_pickup,-2.001,1.933,-3.000,-1.500,joint_grid_transaction,191,176,3,9,10,0.000,0.60,-3.106,False,None,0.000,False
176.640,8,en_route_delivery,6.566,-0.705,6.000,3.500,joint_grid_transaction,191,176,0,8,7,0.000,0.75,-0.434,False,None,0.000,False
177.152,1,en_route_pickup,5.804,-0.383,6.000,3.500,joint_grid_transaction,191,191,1,9,9,0.000,0.45,2.163,False,None,0.000,False
177.152,2,en_route_delivery,-4.285,1.965,0.000,-3.500,joint_grid_transaction,191,191,1,8,2,0.000,1.00,-1.662,False,joint_slot_deadline,177.796,False
177.152,3,en_route_delivery,-4.315,0.982,0.000,-3.500,joint_grid_transaction,191,191,1,9,3,0.000,1.00,1.594,False,None,0.000,False
177.152,4,en_route_delivery,4.487,-2.053,6.000,-3.500,joint_grid_transaction,191,191,1,8,11,0.000,1.00,0.092,False,None,0.000,False
177.152,5,en_route_delivery,4.222,0.983,6.000,-3.500,joint_grid_transaction,191,191,1,8,5,0.000,1.00,-1.660,False,None,0.000,False
177.152,6,en_route_delivery,-5.934,0.793,-6.000,3.500,joint_grid_transaction,191,191,1,9,6,0.000,1.00,-1.574,False,None,0.000,False
177.152,7,en_route_pickup,-2.016,1.932,-3.000,-1.500,joint_grid_transaction,191,191,1,9,10,0.000,0.60,-3.127,False,None,0.000,False
177.152,8,en_route_delivery,6.537,-0.685,6.000,3.500,joint_grid_transaction,191,191,1,8,7,0.000,0.75,-0.737,False,None,0.000,False
177.664,1,en_route_pickup,5.798,-0.391,6.000,3.500,joint_grid_transaction,191,191,1,9,9,179.020,0.40,2.242,False,None,0.000,False
177.664,2,en_route_delivery,-4.285,1.965,0.000,-3.500,joint_grid_transaction,191,191,1,8,2,0.000,1.00,-1.662,False,joint_slot_deadline,177.796,False
177.664,3,en_route_delivery,-4.315,0.923,0.000,-3.500,joint_grid_transaction,191,191,2,9,3,0.000,1.00,1.571,False,None,0.000,False
177.664,4,en_route_delivery,4.530,-2.055,6.000,-3.500,joint_grid_transaction,191,191,1,8,11,0.000,1.00,0.049,False,None,0.000,False
177.664,5,en_route_delivery,4.220,0.967,6.000,-3.500,joint_grid_transaction,191,191,1,8,5,0.000,1.00,-1.660,False,joint_slot_deadline,177.796,False
177.664,6,en_route_delivery,-5.935,0.867,-6.000,3.500,joint_grid_transaction,191,191,2,9,6,0.000,1.00,-1.578,False,None,0.000,False
177.664,7,en_route_pickup,-2.032,1.932,-3.000,-1.500,joint_grid_transaction,191,191,1,9,10,0.000,0.60,3.136,False,None,0.000,False
177.664,8,en_route_delivery,6.505,-0.649,6.000,3.500,joint_grid_transaction,191,191,1,8,7,0.000,1.00,-1.073,False,None,0.000,False
178.176,1,en_route_pickup,5.798,-0.391,6.000,3.500,joint_grid_transaction,191,191,1,9,9,179.020,0.40,2.242,False,None,0.000,False
178.176,2,en_route_delivery,-4.290,1.918,0.000,-3.500,joint_grid_transaction,191,191,2,8,2,0.000,1.00,-1.666,False,None,0.000,False
178.176,3,en_route_delivery,-4.315,0.852,0.000,-3.500,joint_grid_transaction,191,191,2,9,3,0.000,1.00,1.570,False,None,0.000,False
178.176,4,en_route_delivery,4.585,-2.058,6.000,-3.500,joint_grid_transaction,191,191,2,8,11,0.000,1.00,0.057,False,None,0.000,False
178.176,5,en_route_delivery,4.215,0.919,6.000,-3.500,joint_grid_transaction,191,191,2,8,5,0.000,1.00,-1.665,False,None,0.000,False
178.176,6,en_route_delivery,-5.936,0.939,-6.000,3.500,joint_grid_transaction,191,191,2,9,6,0.000,1.00,-1.585,False,None,0.000,False
178.176,7,en_route_pickup,-2.054,1.933,-3.000,-1.500,joint_grid_transaction,191,191,2,9,10,0.000,0.60,3.125,False,None,0.000,False
178.176,8,en_route_delivery,6.494,-0.632,6.000,3.500,joint_grid_transaction,191,191,1,8,7,0.000,1.00,-1.836,False,None,0.000,False
178.688,1,en_route_pickup,5.798,-0.391,6.000,3.500,joint_grid_transaction,191,191,1,9,9,179.020,0.40,2.242,False,None,0.000,False
178.688,2,en_route_delivery,-4.296,1.853,0.000,-3.500,joint_grid_transaction,191,191,2,8,2,0.000,1.00,-1.665,False,None,0.000,False
178.688,3,en_route_delivery,-4.315,0.785,0.000,-3.500,joint_grid_transaction,191,191,2,9,3,0.000,1.00,1.570,False,None,0.000,False
178.688,4,en_route_delivery,4.648,-2.062,6.000,-3.500,joint_grid_transaction,191,191,2,8,11,0.000,1.00,0.060,False,None,0.000,False
178.688,5,en_route_delivery,4.209,0.851,6.000,-3.500,joint_grid_transaction,191,191,2,8,5,0.000,1.00,-1.664,False,None,0.000,False
178.688,6,en_route_delivery,-5.938,1.007,-6.000,3.500,joint_grid_transaction,191,191,2,9,6,0.000,1.00,-1.599,False,None,0.000,False
178.688,7,en_route_pickup,-2.082,1.933,-3.000,-1.500,joint_grid_transaction,191,191,2,9,10,0.000,0.60,3.121,False,None,0.000,False
178.688,8,en_route_delivery,6.461,-0.682,6.000,3.500,joint_grid_transaction,191,191,1,8,7,0.000,1.00,-2.393,False,None,0.000,False
179.200,1,en_route_pickup,5.798,-0.392,6.000,3.500,joint_grid_transaction,191,191,1,9,9,180.524,0.40,2.244,False,None,0.000,False
179.200,2,en_route_delivery,-4.302,1.793,0.000,-3.500,joint_grid_transaction,191,191,2,8,2,0.000,1.00,-1.664,False,None,0.000,False
179.200,3,en_route_delivery,-4.315,0.726,0.000,-3.500,joint_grid_transaction,191,191,2,9,3,0.000,1.00,1.569,False,None,0.000,False
179.200,4,en_route_delivery,4.706,-2.065,6.000,-3.500,joint_grid_transaction,191,191,2,8,11,0.000,1.00,0.061,False,None,0.000,False
179.200,5,en_route_delivery,4.203,0.789,6.000,-3.500,joint_grid_transaction,191,191,2,8,5,0.000,1.00,-1.663,False,None,0.000,False
179.200,6,en_route_delivery,-5.943,1.083,-6.000,3.500,joint_grid_transaction,191,191,3,9,6,0.000,1.00,-1.625,False,None,0.000,False
179.200,7,en_route_pickup,-2.110,1.934,-3.000,-1.500,joint_grid_transaction,191,191,2,9,10,0.000,0.60,3.115,False,None,0.000,False
179.200,8,en_route_delivery,6.421,-0.711,6.000,3.500,joint_grid_transaction,191,191,2,8,7,0.000,1.00,-2.835,False,None,0.000,False
179.712,1,en_route_pickup,5.796,-0.394,6.000,3.500,joint_grid_transaction,192,192,1,9,9,180.524,0.40,2.262,False,None,0.000,False
179.712,2,en_route_delivery,-4.305,1.744,0.000,-3.500,joint_grid_transaction,192,192,1,8,2,0.000,1.00,-1.642,False,None,0.000,False
179.712,3,en_route_delivery,-4.314,0.658,0.000,-3.500,joint_grid_transaction,192,192,2,9,3,0.000,1.00,1.561,False,None,0.000,False
179.712,4,en_route_delivery,4.752,-2.067,6.000,-3.500,joint_grid_transaction,192,192,1,9,11,0.000,1.00,0.028,False,None,0.000,False
179.712,5,en_route_delivery,4.199,0.735,6.000,-3.500,joint_grid_transaction,192,192,1,9,5,0.000,1.00,-1.657,False,None,0.000,False
179.712,6,en_route_delivery,-5.950,1.173,-6.000,3.500,joint_grid_transaction,192,192,2,9,6,0.000,1.00,-1.669,False,None,0.000,False
179.712,7,en_route_pickup,-2.138,1.936,-3.000,-1.500,joint_grid_transaction,192,192,1,8,10,0.000,0.60,3.108,False,None,0.000,False
179.712,8,en_route_delivery,6.385,-0.707,6.000,3.500,joint_grid_transaction,192,192,1,8,7,0.000,1.00,-2.999,False,joint_slot_deadline,180.788,False
