sim_time,robot_id,state,pos_x,pos_y,goal_x,goal_y,active_plan_source,active_plan_epoch,controller_epoch,controller_waypoint_idx,waypoints,current_task,hold_until,speed_scale,heading,emergency_braking,joint_wait_reason,joint_wait_until,replan_requested
0.256,1,en_route_pickup,-4.000,3.000,-6.000,3.500,None,None,0,0,1,1,0.000,1.00,-0.001,False,None,0.000,False
0.256,2,idle,-4.000,-3.000,0.000,0.000,None,None,0,0,0,None,0.000,1.00,-0.001,False,None,0.000,False
0.256,3,idle,4.000,3.000,0.000,0.000,None,None,0,0,0,None,0.000,1.00,3.142,False,None,0.000,False
0.256,4,idle,4.000,-3.000,0.000,0.000,None,None,0,0,0,None,0.000,1.00,3.142,False,None,0.000,False
0.256,5,idle,-7.000,-0.000,0.000,0.000,None,None,0,0,0,None,0.000,1.00,1.571,False,None,0.000,False
0.256,6,idle,7.000,0.000,0.000,0.000,None,None,0,0,0,None,0.000,1.00,1.571,False,None,0.000,False
0.256,7,idle,-8.500,1.200,0.000,0.000,None,None,0,0,0,None,0.000,1.00,-0.001,False,None,0.000,False
0.256,8,idle,8.500,-1.200,0.000,0.000,None,None,0,0,0,None,0.000,1.00,3.142,False,None,0.000,False
0.512,1,en_route_pickup,-4.000,3.000,-6.000,3.500,None,None,0,0,1,1,0.000,1.00,-0.001,False,None,0.000,False
0.512,2,idle,-4.000,-3.000,0.000,0.000,None,None,0,0,0,None,0.000,1.00,-0.001,False,None,0.000,False
0.512,3,idle,4.000,3.000,0.000,0.000,None,None,0,0,0,None,0.000,1.00,3.142,False,None,0.000,False
0.512,4,idle,4.000,-3.000,0.000,0.000,None,None,0,0,0,None,0.000,1.00,3.142,False,None,0.000,False
0.512,5,idle,-7.000,-0.000,0.000,0.000,None,None,0,0,0,None,0.000,1.00,1.571,False,None,0.000,False
0.512,6,idle,7.000,0.000,0.000,0.000,None,None,0,0,0,None,0.000,1.00,1.571,False,None,0.000,False
0.512,7,idle,-8.500,1.200,0.000,0.000,None,None,0,0,0,None,0.000,1.00,-0.001,False,None,0.000,False
0.512,8,idle,8.500,-1.200,0.000,0.000,None,None,0,0,0,None,0.000,1.00,3.142,False,None,0.000,False
0.768,1,en_route_pickup,-4.003,2.999,-6.000,3.500,joint_grid_transaction,1,1,1,9,1,0.000,1.00,0.191,False,None,0.000,False
0.768,2,idle,-4.000,-3.000,0.000,0.000,None,None,0,0,0,None,0.000,1.00,-0.001,False,None,0.000,False
0.768,3,idle,4.000,3.000,0.000,0.000,None,None,0,0,0,None,0.000,1.00,3.142,False,None,0.000,False
0.768,4,idle,4.000,-3.000,0.000,0.000,None,None,0,0,0,None,0.000,1.00,3.142,False,None,0.000,False
0.768,5,idle,-7.000,-0.000,0.000,0.000,None,None,0,0,0,None,0.000,1.00,1.571,False,None,0.000,False
0.768,6,idle,7.000,0.000,0.000,0.000,None,None,0,0,0,None,0.000,1.00,1.571,False,None,0.000,False
0.768,7,idle,-8.500,1.200,0.000,0.000,None,None,0,0,0,None,0.000,1.00,-0.001,False,None,0.000,False
0.768,8,idle,8.500,-1.200,0.000,0.000,None,None,0,0,0,None,0.000,1.00,3.142,False,None,0.000,False
1.024,1,en_route_pickup,-4.023,2.991,-6.000,3.500,joint_grid_transaction,1,1,1,9,1,0.000,1.00,0.525,False,None,0.000,False
1.024,2,idle,-4.000,-3.000,0.000,0.000,None,None,0,0,0,None,0.000,1.00,-0.001,False,None,0.000,False
1.024,3,idle,4.000,3.000,0.000,0.000,None,None,0,0,0,None,0.000,1.00,3.142,False,None,0.000,False
1.024,4,idle,4.000,-3.000,0.000,0.000,None,None,0,0,0,None,0.000,1.00,3.142,False,None,0.000,False
1.024,5,idle,-7.000,-0.000,0.000,0.000,None,None,0,0,0,None,0.000,1.00,1.571,False,None,0.000,False
1.024,6,idle,7.000,0.000,0.000,0.000,None,None,0,0,0,None,0.000,1.00,1.571,False,None,0.000,False
1.024,7,idle,-8.500,1.200,0.000,0.000,None,None,0,0,0,None,0.000,1.00,-0.001,False,None,0.000,False
1.024,8,idle,8.500,-1.200,0.000,0.000,None,None,0,0,0,None,0.000,1.00,3.142,False,None,0.000,False
1.280,1,en_route_pickup,-4.050,2.971,-6.000,3.500,joint_grid_transaction,1,1,2,9,1,0.000,1.00,0.779,False,None,0.000,False
1.280,2,en_route_pickup,-4.000,-3.000,-1.000,1.500,None,None,0,0,4,2,0.000,1.00,-0.001,False,None,0.000,False
1.280,3,idle,4.000,3.000,0.000,0.000,None,None,0,0,0,None,0.000,1.00,3.142,False,None,0.000,False
1.280,4,idle,4.000,-3.000,0.000,0.000,None,None,0,0,0,None,0.000,1.00,3.142,False,None,0.000,False
1.280,5,idle,-7.000,-0.000,0.000,0.000,None,None,0,0,0,None,0.000,1.00,1.571,False,None,0.000,False
1.280,6,idle,7.000,0.000,0.000,0.000,None,None,0,0,0,None,0.000,1.00,1.571,False,None,0.000,False
1.280,7,idle,-8.500,1.200,0.000,0.000,None,None,0,0,0,None,0.000,1.00,-0.001,False,None,0.000,False
1.280,8,idle,8.500,-1.200,0.000,0.000,None,None,0,0,0,None,0.000,1.00,3.142,False,None,0.000,False
1.536,1,en_route_pickup,-4.075,2.943,-6.000,3.500,joint_grid_transaction,1,1,2,9,1,0.000,1.00,1.027,False,None,0.000,False
1.536,2,en_route_pickup,-4.000,-3.000,-1.000,1.500,None,None,0,0,4,2,0.000,1.00,-0.001,False,None,0.000,False
1.536,3,en_route_pickup,4.000,3.000,-3.000,1.500,None,None,0,0,2,3,0.000,1.00,3.142,False,None,0.000,False
1.536,4,idle,4.000,-3.000,0.000,0.000,None,None,0,0,0,None,0.000,1.00,3.142,False,None,0.000,False
1.536,5,idle,-7.000,-0.000,0.000,0.000,None,None,0,0,0,None,0.000,1.00,1.571,False,None,0.000,False
1.536,6,idle,7.000,0.000,0.000,0.000,None,None,0,0,0,None,0.000,1.00,1.571,False,None,0.000,False
1.536,7,idle,-8.500,1.200,0.000,0.000,None,None,0,0,0,None,0.000,1.00,-0.001,False,None,0.000,False
1.536,8,idle,8.500,-1.200,0.000,0.000,None,None,0,0,0,None,0.000,1.00,3.142,False,None,0.000,False
1.792,1,en_route_pickup,-4.087,2.922,-6.000,3.500,joint_grid_transaction,1,1,2,9,1,0.000,1.00,1.349,False,None,0.000,False
1.792,2,en_route_pickup,-4.000,-3.000,-1.000,1.500,None,None,0,0,4,2,0.000,1.00,-0.001,False,None,0.000,False
1.792,3,en_route_pickup,4.000,3.000,-3.000,1.500,None,None,0,0,2,3,0.000,1.00,3.142,False,None,0.000,False
1.792,4,idle,4.000,-3.000,0.000,0.000,None,None,0,0,0,None,0.000,1.00,3.142,False,None,0.000,False
1.792,5,idle,-7.000,-0.000,0.000,0.000,None,None,0,0,0,None,0.000,1.00,1.571,False,None,0.000,False
1.792,6,idle,7.000,0.000,0.000,0.000,None,None,0,0,0,None,0.000,1.00,1.571,False,None,0.000,False
1.792,7,idle,-8.500,1.200,0.000,0.000,None,None,0,0,0,None,0.000,1.00,-0.001,False,None,0.000,False
1.792,8,idle,8.500,-1.200,0.000,0.000,None,None,0,0,0,None,0.000,1.00,3.142,False,None,0.000,False
2.048,1,en_route_pickup,-4.088,2.921,-6.000,3.500,joint_grid_transaction,1,1,2,9,1,0.000,1.00,1.774,False,None,0.000,False
2.048,2,en_route_pickup,-4.000,-3.000,-1.000,1.500,None,None,0,0,4,2,0.000,1.00,-0.001,False,None,0.000,False
2.048,3,en_route_pickup,4.000,3.000,-3.000,1.500,None,None,0,0,2,3,0.000,1.00,3.142,False,None,0.000,False
2.048,4,idle,4.000,-3.000,0.000,0.000,None,None,0,0,0,None,0.000,1.00,3.142,False,None,0.000,False
2.048,5,idle,-7.000,-0.000,0.000,0.000,None,None,0,0,0,None,0.000,1.00,1.571,False,None,0.000,False
2.048,6,idle,7.000,0.000,0.000,0.000,None,None,0,0,0,None,0.000,1.00,1.571,False,None,0.000,False
2.048,7,idle,-8.500,1.200,0.000,0.000,None,None,0,0,0,None,0.000,1.00,-0.001,False,None,0.000,False
2.048,8,idle,8.500,-1.200,0.000,0.000,None,None,0,0,0,None,0.000,1.00,3.142,False,None,0.000,False
2.304,1,en_route_pickup,-4.096,2.941,-6.000,3.500,joint_grid_transaction,1,1,2,9,1,0.000,1.00,2.105,False,None,0.000,False
2.304,2,en_route_pickup,-4.000,-3.000,-1.000,1.500,None,None,0,0,4,2,0.000,1.00,-0.001,False,None,0.000,False
2.304,3,en_route_pickup,4.000,3.000,-3.000,1.500,None,None,0,0,2,3,0.000,1.00,3.142,False,None,0.000,False
2.304,4,idle,4.000,-3.000,0.000,0.000,None,None,0,0,0,None,0.000,1.00,3.142,False,None,0.000,False
2.304,5,idle,-7.000,-0.000,0.000,0.000,None,None,0,0,0,None,0.000,1.00,1.571,False,None,0.000,False
2.304,6,idle,7.000,0.000,0.000,0.000,None,None,0,0,0,None,0.000,1.00,1.571,False,None,0.000,False
2.304,7,idle,-8.500,1.200,0.000,0.000,None,None,0,0,0,None,0.000,1.00,-0.001,False,None,0.000,False
2.304,8,idle,8.500,-1.200,0.000,0.000,None,None,0,0,0,None,0.000,1.00,3.142,False,None,0.000,False
2.560,1,en_route_pickup,-4.118,2.968,-6.000,3.500,joint_grid_transaction,1,1,2,9,1,0.000,1.00,2.357,False,None,0.000,False
2.560,2,en_route_pickup,-4.000,-3.000,-1.000,1.500,None,None,0,0,4,2,0.000,1.00,-0.001,False,None,0.000,False
2.560,3,en_route_pickup,4.000,3.000,-3.000,1.500,None,None,0,0,2,3,0.000,1.00,3.142,False,None,0.000,False
2.560,4,idle,4.000,-3.000,0.000,0.000,None,None,0,0,0,None,0.000,1.00,3.142,False,None,0.000,False
2.560,5,idle,-7.000,-0.000,0.000,0.000,None,None,0,0,0,None,0.000,1.00,1.571,False,None,0.000,False
2.560,6,idle,7.000,0.000,0.000,0.000,None,None,0,0,0,None,0.000,1.00,1.571,False,None,0.000,False
2.560,7,idle,-8.500,1.200,0.000,0.000,None,None,0,0,0,None,0.000,1.00,-0.001,False,None,0.000,False
2.560,8,idle,8.500,-1.200,0.000,0.000,None,None,0,0,0,None,0.000,1.00,3.142,False,None,0.000,False
2.816,1,en_route_pickup,-4.142,2.991,-6.000,3.500,joint_grid_transaction,1,1,2,9,1,0.000,1.00,2.580,False,None,0.000,False
2.816,2,en_route_pickup,-4.000,-3.000,-1.000,1.500,None,None,0,0,4,2,0.000,1.00,-0.001,False,None,0.000,False
2.816,3,en_route_pickup,4.000,3.000,-3.000,1.500,None,None,0,0,2,3,0.000,1.00,3.142,False,None,0.000,False
2.816,4,idle,4.000,-3.000,0.000,0.000,None,None,0,0,0,None,0.000,1.00,3.142,False,None,0.000,False
2.816,5,idle,-7.000,-0.000,0.000,0.000,None,None,0,0,0,None,0.000,1.00,1.571,False,None,0.000,False
2.816,6,idle,7.000,0.000,0.000,0.000,None,None,0,0,0,None,0.000,1.00,1.571,False,None,0.000,False
2.816,7,idle,-8.500,1.200,0.000,0.000,None,None,0,0,0,None,0.000,1.00,-0.001,False,None,0.000,False
2.816,8,idle,8.500,-1.200,0.000,0.000,None,None,0,0,0,None,0.000,1.00,3.142,False,None,0.000,False
3.072,1,en_route_pickup,-4.157,3.000,-6.000,3.500,joint_grid_transaction,1,1,2,9,1,0.000,1.00,2.762,False,None,0.000,False
3.072,2,en_route_pickup,-4.000,-3.000,-1.000,1.500,None,None,0,0,4,2,0.000,1.00,-0.001,False,None,0.000,False
3.072,3,en_route_pickup,4.000,3.000,-3.000,1.500,None,None,0,0,2,3,0.000,1.00,3.142,False,None,0.000,False
3.072,4,idle,4.000,-3.000,0.000,0.000,None,None,0,0,0,None,0.000,1.00,3.142,False,None,0.000,False
3.072,5,idle,-7.000,-0.000,0.000,0.000,None,None,0,0,0,None,0.000,1.00,1.571,False,None,0.000,False
3.072,6,idle,7.000,0.000,0.000,0.000,None,None,0,0,0,None,0.000,1.00,1.571,False,None,0.000,False
3.072,7,idle,-8.500,1.200,0.000,0.000,None,None,0,0,0,None,0.000,1.00,-0.001,False,None,0.000,False
3.072,8,idle,8.500,-1.200,0.000,0.000,None,None,0,0,0,None,0.000,1.00,3.142,False,None,0.000,False
3.328,1,en_route_pickup,-4.176,2.998,-6.000,3.500,joint_grid_transaction,1,1,2,9,1,0.000,1.00,2.869,False,None,0.000,False
3.328,2,en_route_pickup,-4.000,-3.000,-1.000,1.500,None,None,0,0,4,2,0.000,1.00,-0.001,False,None,0.000,False
3.328,3,en_route_pickup,4.000,3.000,-3.000,1.500,None,None,0,0,2,3,0.000,1.00,3.142,False,None,0.000,False
3.328,4,idle,4.000,-3.000,0.000,0.000,None,None,0,0,0,None,0.000,1.00,3.142,False,None,0.000,False
3.328,5,idle,-7.000,-0.000,0.000,0.000,None,None,0,0,0,None,0.000,1.00,1.571,False,None,0.000,False
3.328,6,idle,7.000,0.000,0.000,0.000,None,None,0,0,0,None,0.000,1.00,1.571,False,None,0.000,False
3.328,7,idle,-8.500,1.200,0.000,0.000,None,None,0,0,0,None,0.000,1.00,-0.001,False,None,0.000,False
3.328,8,idle,8.500,-1.200,0.000,0.000,None,None,0,0,0,None,0.000,1.00,3.142,False,None,0.000,False
3.584,1,en_route_pickup,-4.221,2.988,-6.000,3.500,joint_grid_transaction,1,1,2,9,1,0.000,1.00,2.990,False,None,0.000,False
3.584,2,en_route_pickup,-4.000,-3.000,-1.000,1.500,None,None,0,0,4,2,0.000,1.00,-0.001,False,None,0.000,False
3.584,3,en_route_pickup,4.000,3.000,-3.000,1.500,None,None,0,0,2,3,0.000,1.00,3.142,False,None,0.000,False
3.584,4,idle,4.000,-3.000,0.000,0.000,None,None,0,0,0,None,0.000,1.00,3.142,False,None,0.000,False
3.584,5,idle,-7.000,-0.000,0.000,0.000,None,None,0,0,0,None,0.000,1.00,1.571,False,None,0.000,False
3.584,6,idle,7.000,0.000,0.000,0.000,None,None,0,0,0,None,0.000,1.00,1.571,False,None,0.000,False
3.584,7,idle,-8.500,1.200,0.000,0.000,None,None,0,0,0,None,0.000,1.00,-0.001,False,None,0.000,False
3.584,8,idle,8.500,-1.200,0.000,0.000,None,None,0,0,0,None,0.000,1.00,3.142,False,None,0.000,False
3.840,1,en_route_pickup,-4.268,2.983,-6.000,3.500,joint_grid_transaction,1,1,2,9,1,0.000,1.00,3.070,False,None,0.000,False
3.840,2,en_route_pickup,-4.000,-3.000,-1.000,1.500,None,None,0,0,4,2,0.000,1.00,-0.001,False,None,0.000,False
3.840,3,en_route_pickup,4.000,3.000,-3.000,1.500,None,None,0,0,2,3,0.000,1.00,3.142,False,None,0.000,False
3.840,4,idle,4.000,-3.000,0.000,0.000,None,None,0,0,0,None,0.000,1.00,3.142,False,None,0.000,False
3.840,5,idle,-7.000,-0.000,0.000,0.000,None,None,0,0,0,None,0.000,1.00,1.571,False,None,0.000,False
3.840,6,idle,7.000,0.000,0.000,0.000,None,None,0,0,0,None,0.000,1.00,1.571,False,None,0.000,False
3.840,7,idle,-8.500,1.200,0.000,0.000,None,None,0,0,0,None,0.000,1.00,-0.001,False,None,0.000,False
3.840,8,idle,8.500,-1.200,0.000,0.000,None,None,0,0,0,None,0.000,1.00,3.142,False,None,0.000,False
4.096,1,en_route_pickup,-4.310,2.980,-6.000,3.500,joint_grid_transaction,2,1,3,9,1,0.000,1.00,3.084,False,None,0.000,False
4.096,2,en_route_pickup,-4.000,-3.000,-1.000,1.500,joint_grid_transaction,2,0,0,9,2,0.000,1.00,0.018,False,None,0.000,False
4.096,3,en_route_pickup,3.998,3.000,-3.000,1.500,joint_grid_transaction,2,0,0,9,3,0.000,1.00,3.142,False,None,0.000,False
4.096,4,idle,4.000,-3.000,0.000,0.000,None,None,0,0,0,None,0.000,1.00,3.142,False,None,0.000,False
4.096,5,idle,-7.000,-0.000,0.000,0.000,None,None,0,0,0,None,0.000,1.00,1.571,False,None,0.000,False
4.096,6,idle,7.000,0.000,0.000,0.000,None,None,0,0,0,None,0.000,1.00,1.571,False,None,0.000,False
4.096,7,idle,-8.500,1.200,0.000,0.000,None,None,0,0,0,None,0.000,1.00,-0.001,False,None,0.000,False
4.096,8,idle,8.500,-1.200,0.000,0.000,None,None,0,0,0,None,0.000,1.00,3.142,False,None,0.000,False
4.352,1,en_route_pickup,-4.349,2.978,-6.000,3.500,joint_grid_transaction,2,2,2,9,1,0.000,1.00,3.082,False,None,0.000,False
4.352,2,en_route_pickup,-4.013,-3.004,-1.000,1.500,joint_grid_transaction,2,2,1,9,2,0.000,1.00,0.392,False,None,0.000,False
4.352,3,en_route_pickup,3.950,3.000,-3.000,1.500,joint_grid_transaction,2,2,2,9,3,0.000,1.00,3.142,False,None,0.000,False
4.352,4,idle,4.000,-3.000,0.000,0.000,None,None,0,0,0,None,0.000,1.00,3.142,False,None,0.000,False
4.352,5,idle,-7.000,-0.000,0.000,0.000,None,None,0,0,0,None,0.000,1.00,1.571,False,None,0.000,False
4.352,6,idle,7.000,0.000,0.000,0.000,None,None,0,0,0,None,0.000,1.00,1.571,False,None,0.000,False
4.352,7,idle,-8.500,1.200,0.000,0.000,None,None,0,0,0,None,0.000,1.00,-0.001,False,None,0.000,False
4.352,8,idle,8.500,-1.200,0.000,0.000,None,None,0,0,0,None,0.000,1.00,3.142,False,None,0.000,False
4.608,1,en_route_pickup,-4.388,2.976,-6.000,3.500,joint_grid_transaction,2,2,2,9,1,0.000,1.00,3.081,False,None,0.000,False
4.608,2,en_route_pickup,-4.027,-3.010,-1.000,1.500,joint_grid_transaction,2,2,1,9,2,0.000,1.00,0.562,False,None,0.000,False
4.608,3,en_route_pickup,3.902,3.000,-3.000,1.500,joint_grid_transaction,2,2,2,9,3,0.000,1.00,3.142,False,None,0.000,False
4.608,4,idle,4.000,-3.000,0.000,0.000,None,None,0,0,0,None,0.000,1.00,3.142,False,None,0.000,False
4.608,5,idle,-7.000,-0.000,0.000,0.000,None,None,0,0,0,None,0.000,1.00,1.571,False,None,0.000,False
4.608,6,idle,7.000,0.000,0.000,0.000,None,None,0,0,0,None,0.000,1.00,1.571,False,None,0.000,False
4.608,7,idle,-8.500,1.200,0.000,0.000,None,None,0,0,0,None,0.000,1.00,-0.001,False,None,0.000,False
4.608,8,idle,8.500,-1.200,0.000,0.000,None,None,0,0,0,None,0.000,1.00,3.142,False,None,0.000,False
4.864,1,en_route_pickup,-4.426,2.973,-6.000,3.500,joint_grid_transaction,2,2,2,9,1,0.000,1.00,3.080,False,None,0.000,False
4.864,2,en_route_pickup,-4.005,-2.997,-1.000,1.500,joint_grid_transaction,2,2,2,9,2,0.000,1.00,0.245,False,None,0.000,False
4.864,3,en_route_pickup,3.854,3.000,-3.000,1.500,joint_grid_transaction,2,2,2,9,3,0.000,1.00,3.142,False,None,0.000,False
4.864,4,idle,4.000,-3.000,0.000,0.000,None,None,0,0,0,None,0.000,1.00,3.142,False,None,0.000,False
4.864,5,idle,-7.000,-0.000,0.000,0.000,None,None,0,0,0,None,0.000,1.00,1.571,False,None,0.000,False
4.864,6,idle,7.000,0.000,0.000,0.000,None,None,0,0,0,None,0.000,1.00,1.571,False,None,0.000,False
4.864,7,idle,-8.500,1.200,0.000,0.000,None,None,0,0,0,None,0.000,1.00,-0.001,False,None,0.000,False
4.864,8,idle,8.500,-1.200,0.000,0.000,None,None,0,0,0,None,0.000,1.00,3.142,False,None,0.000,False
5.120,1,en_route_pickup,-4.462,2.971,-6.000,3.500,joint_grid_transaction,3,2,2,9,1,0.000,1.00,3.080,False,None,0.000,False
5.120,2,en_route_pickup,-4.002,-2.995,-1.000,1.500,joint_grid_transaction,3,2,2,9,2,0.000,1.00,0.178,False,None,0.000,False
5.120,3,en_route_pickup,3.807,3.000,-3.000,1.500,joint_grid_transaction,3,2,2,8,3,0.000,1.00,3.142,False,None,0.000,False
5.120,4,idle,4.000,-3.000,0.000,0.000,None,None,0,0,0,None,0.000,1.00,3.142,False,None,0.000,False
5.120,5,idle,-7.000,-0.000,0.000,0.000,None,None,0,0,0,None,0.000,1.00,1.571,False,None,0.000,False
5.120,6,idle,7.000,0.000,0.000,0.000,None,None,0,0,0,None,0.000,1.00,1.571,False,None,0.000,False
5.120,7,idle,-8.500,1.200,0.000,0.000,None,None,0,0,0,None,0.000,1.00,-0.001,False,None,0.000,False
5.120,8,idle,8.500,-1.200,0.000,0.000,None,None,0,0,0,None,0.000,1.00,3.142,False,None,0.000,False
5.376,1,en_route_pickup,-4.497,2.969,-6.000,3.500,joint_grid_transaction,3,3,1,9,1,0.000,1.00,3.079,False,None,0.000,False
5.376,2,en_route_pickup,-4.022,-2.988,-1.000,1.500,joint_grid_transaction,3,3,1,9,2,0.000,1.00,0.515,False,None,0.000,False
5.376,3,en_route_pickup,3.759,3.000,-3.000,1.500,joint_grid_transaction,3,3,1,8,3,0.000,1.00,3.142,False,None,0.000,False
5.376,4,idle,4.000,-3.000,0.000,0.000,None,None,0,0,0,None,0.000,1.00,3.142,False,None,0.000,False
5.376,5,idle,-7.000,-0.000,0.000,0.000,None,None,0,0,0,None,0.000,1.00,1.571,False,None,0.000,False
5.376,6,idle,7.000,0.000,0.000,0.000,None,None,0,0,0,None,0.000,1.00,1.571,False,None,0.000,False
5.376,7,idle,-8.500,1.200,0.000,0.000,None,None,0,0,0,None,0.000,1.00,-0.001,False,None,0.000,False
5.376,8,idle,8.500,-1.200,0.000,0.000,None,None,0,0,0,None,0.000,1.00,3.142,False,None,0.000,False
5.632,1,en_route_pickup,-4.531,2.967,-6.000,3.500,joint_grid_transaction,3,3,1,9,1,0.000,1.00,3.079,False,None,0.000,False
5.632,2,en_route_pickup,-4.049,-2.967,-1.000,1.500,joint_grid_transaction,3,3,2,9,2,0.000,1.00,0.771,False,None,0.000,False
5.632,3,en_route_pickup,3.719,3.000,-3.000,1.500,joint_grid_transaction,3,3,1,8,3,0.000,1.00,-3.142,False,joint_slot_deadline,6.292,False
5.632,4,idle,4.000,-3.000,0.000,0.000,None,None,0,0,0,None,0.000,1.00,3.142,False,None,0.000,False
5.632,5,idle,-7.000,-0.000,0.000,0.000,None,None,0,0,0,None,0.000,1.00,1.571,False,None,0.000,False
5.632,6,idle,7.000,0.000,0.000,0.000,None,None,0,0,0,None,0.000,1.00,1.571,False,None,0.000,False
5.632,7,idle,-8.500,1.200,0.000,0.000,None,None,0,0,0,None,0.000,1.00,-0.001,False,None,0.000,False
5.632,8,idle,8.500,-1.200,0.000,0.000,None,None,0,0,0,None,0.000,1.00,3.142,False,None,0.000,False
5.888,1,en_route_pickup,-4.567,2.964,-6.000,3.500,joint_grid_transaction,3,3,2,9,1,0.000,1.00,3.074,False,None,0.000,False
5.888,2,en_route_pickup,-4.074,-2.940,-1.000,1.500,joint_grid_transaction,3,3,2,9,2,0.000,1.00,1.017,False,None,0.000,False
5.888,3,en_route_pickup,3.719,3.000,-3.000,1.500,joint_grid_transaction,3,3,1,8,3,0.000,1.00,-3.142,False,joint_slot_deadline,6.292,False
5.888,4,idle,4.000,-3.000,0.000,0.000,None,None,0,0,0,None,0.000,1.00,3.142,False,None,0.000,False
5.888,5,idle,-7.000,-0.000,0.000,0.000,None,None,0,0,0,None,0.000,1.00,1.571,False,None,0.000,False
5.888,6,idle,7.000,0.000,0.000,0.000,None,None,0,0,0,None,0.000,1.00,1.571,False,None,0.000,False
5.888,7,idle,-8.500,1.200,0.000,0.000,None,None,0,0,0,None,0.000,1.00,-0.001,False,None,0.000,False
5.888,8,idle,8.500,-1.200,0.000,0.000,None,None,0,0,0,None,0.000,1.00,3.142,False,None,0.000,False
6.144,1,en_route_pickup,-4.603,2.962,-6.000,3.500,joint_grid_transaction,3,3,2,9,1,0.000,1.00,3.074,False,None,0.000,False
6.144,2,en_route_pickup,-4.086,-2.918,-1.000,1.500,joint_grid_transaction,3,3,2,9,2,0.000,1.00,1.337,False,None,0.000,False
6.144,3,en_route_pickup,3.719,3.000,-3.000,1.500,joint_grid_transaction,3,3,1,8,3,0.000,1.00,-3.142,False,joint_slot_deadline,6.292,False
6.144,4,idle,4.000,-3.000,0.000,0.000,None,None,0,0,0,None,0.000,1.00,3.142,False,None,0.000,False
6.144,5,idle,-7.000,-0.000,0.000,0.000,None,None,0,0,0,None,0.000,1.00,1.571,False,None,0.000,False
6.144,6,idle,7.000,0.000,0.000,0.000,None,None,0,0,0,None,0.000,1.00,1.571,False,None,0.000,False
6.144,7,idle,-8.500,1.200,0.000,0.000,None,None,0,0,0,None,0.000,1.00,-0.001,False,None,0.000,False
6.144,8,idle,8.500,-1.200,0.000,0.000,None,None,0,0,0,None,0.000,1.00,3.142,False,None,0.000,False
6.400,1,en_route_pickup,-4.638,2.960,-6.000,3.500,joint_grid_transaction,3,3,2,9,1,0.000,1.00,3.073,False,None,0.000,False
6.400,2,en_route_pickup,-4.087,-2.915,-1.000,1.500,joint_grid_transaction,3,3,2,9,2,0.000,1.00,1.746,False,None,0.000,False
6.400,3,en_route_pickup,3.705,3.000,-3.000,1.500,joint_grid_transaction,3,3,1,8,3,0.000,1.00,-3.142,False,joint_slot_deadline,6.292,False
6.400,4,idle,4.000,-3.000,0.000,0.000,None,None,0,0,0,None,0.000,1.00,3.142,False,None,0.000,False
6.400,5,idle,-7.000,-0.000,0.000,0.000,None,None,0,0,0,None,0.000,1.00,1.571,False,None,0.000,False
6.400,6,idle,7.000,0.000,0.000,0.000,None,None,0,0,0,None,0.000,1.00,1.571,False,None,0.000,False
6.400,7,idle,-8.500,1.200,0.000,0.000,None,None,0,0,0,None,0.000,1.00,-0.001,False,None,0.000,False
6.400,8,idle,8.500,-1.200,0.000,0.000,None,None,0,0,0,None,0.000,1.00,3.142,False,None,0.000,False
6.656,1,en_route_pickup,-4.672,2.957,-6.000,3.500,joint_grid_transaction,3,3,2,9,1,0.000,1.00,3.073,False,None,0.000,False
6.656,2,en_route_pickup,-4.090,-2.925,-1.000,1.500,joint_grid_transaction,3,3,2,9,2,0.000,1.00,1.959,False,None,0.000,False
6.656,3,en_route_pickup,3.658,3.000,-3.000,1.500,joint_grid_transaction,3,3,2,8,3,0.000,1.00,-3.142,False,None,0.000,False
6.656,4,idle,4.000,-3.000,0.000,0.000,None,None,0,0,0,None,0.000,1.00,3.142,False,None,0.000,False
6.656,5,idle,-7.000,-0.000,0.000,0.000,None,None,0,0,0,None,0.000,1.00,1.571,False,None,0.000,False
6.656,6,idle,7.000,0.000,0.000,0.000,None,None,0,0,0,None,0.000,1.00,1.571,False,None,0.000,False
6.656,7,idle,-8.500,1.200,0.000,0.000,None,None,0,0,0,None,0.000,1.00,-0.001,False,None,0.000,False
6.656,8,idle,8.500,-1.200,0.000,0.000,None,None,0,0,0,None,0.000,1.00,3.142,False,None,0.000,False
6.912,1,en_route_pickup,-4.705,2.955,-6.000,3.500,joint_grid_transaction,3,3,2,9,1,0.000,1.00,3.072,False,None,0.000,False
6.912,2,en_route_pickup,-4.106,-2.905,-1.000,1.500,joint_grid_transaction,3,3,3,9,2,0.000,1.00,2.054,False,None,0.000,False
6.912,3,en_route_pickup,3.610,3.000,-3.000,1.500,joint_grid_transaction,3,3,2,8,3,0.000,1.00,-3.142,False,None,0.000,False
6.912,4,idle,4.000,-3.000,0.000,0.000,None,None,0,0,0,None,0.000,1.00,3.142,False,None,0.000,False
6.912,5,idle,-7.000,-0.000,0.000,0.000,None,None,0,0,0,None,0.000,1.00,1.571,False,None,0.000,False
6.912,6,idle,7.000,0.000,0.000,0.000,None,None,0,0,0,None,0.000,1.00,1.571,False,None,0.000,False
6.912,7,idle,-8.500,1.200,0.000,0.000,None,None,0,0,0,None,0.000,1.00,-0.001,False,None,0.000,False
6.912,8,idle,8.500,-1.200,0.000,0.000,None,None,0,0,0,None,0.000,1.00,3.142,False,None,0.000,False
7.168,1,en_route_pickup,-4.736,2.953,-6.000,3.500,joint_grid_transaction,3,3,2,9,1,0.000,1.00,3.072,False,None,0.000,False
7.168,2,en_route_pickup,-4.126,-2.862,-1.000,1.500,joint_grid_transaction,3,3,3,9,2,0.000,1.00,1.994,False,None,0.000,False
7.168,3,en_route_pickup,3.562,3.000,-3.000,1.500,joint_grid_transaction,3,3,2,8,3,0.000,1.00,-3.142,False,None,0.000,False
7.168,4,idle,4.000,-3.000,0.000,0.000,None,None,0,0,0,None,0.000,1.00,3.142,False,None,0.000,False
7.168,5,idle,-7.000,-0.000,0.000,0.000,None,None,0,0,0,None,0.000,1.00,1.571,False,None,0.000,False
7.168,6,idle,7.000,0.000,0.000,0.000,None,None,0,0,0,None,0.000,1.00,1.571,False,None,0.000,False
7.168,7,idle,-8.500,1.200,0.000,0.000,None,None,0,0,0,None,0.000,1.00,-0.001,False,None,0.000,False
7.168,8,idle,8.500,-1.200,0.000,0.000,None,None,0,0,0,None,0.000,1.00,3.142,False,None,0.000,False
7.424,1,en_route_pickup,-4.764,2.951,-6.000,3.500,joint_grid_transaction,3,3,2,9,1,0.000,1.00,3.072,False,None,0.000,False
7.424,2,en_route_pickup,-4.145,-2.818,-1.000,1.500,joint_grid_transaction,3,3,3,9,2,0.000,1.00,1.954,False,None,0.000,False
7.424,3,en_route_pickup,3.514,3.000,-3.000,1.500,joint_grid_transaction,3,3,2,8,3,0.000,1.00,-3.142,False,None,0.000,False
7.424,4,idle,4.000,-3.000,0.000,0.000,None,None,0,0,0,None,0.000,1.00,3.142,False,None,0.000,False
7.424,5,idle,-7.000,-0.000,0.000,0.000,None,None,0,0,0,None,0.000,1.00,1.571,False,None,0.000,False
7.424,6,idle,7.000,0.000,0.000,0.000,None,None,0,0,0,None,0.000,1.00,1.571,False,None,0.000,False
7.424,7,idle,-8.500,1.200,0.000,0.000,None,None,0,0,0,None,0.000,1.00,-0.001,False,None,0.000,False
7.424,8,idle,8.500,-1.200,0.000,0.000,None,None,0,0,0,None,0.000,1.00,3.142,False,None,0.000,False
7.680,1,en_route_pickup,-4.791,2.949,-6.000,3.500,joint_grid_transaction,3,3,2,9,1,0.000,1.00,3.076,False,None,0.000,False
7.680,2,en_route_pickup,-4.162,-2.774,-1.000,1.500,joint_grid_transaction,3,3,3,9,2,0.000,1.00,1.926,False,None,0.000,False
7.680,3,en_route_pickup,3.466,3.000,-3.000,1.500,joint_grid_transaction,3,3,2,8,3,0.000,1.00,-3.142,False,None,0.000,False
7.680,4,idle,4.000,-3.000,0.000,0.000,None,None,0,0,0,None,0.000,1.00,3.142,False,None,0.000,False
7.680,5,idle,-7.000,-0.000,0.000,0.000,None,None,0,0,0,None,0.000,1.00,1.571,False,None,0.000,False
7.680,6,idle,7.000,0.000,0.000,0.000,None,None,0,0,0,None,0.000,1.00,1.571,False,None,0.000,False
7.680,7,idle,-8.500,1.200,0.000,0.000,None,None,0,0,0,None,0.000,1.00,-0.001,False,None,0.000,False
7.680,8,idle,8.500,-1.200,0.000,0.000,None,None,0,0,0,None,0.000,1.00,3.142,False,None,0.000,False
7.936,1,en_route_pickup,-4.825,2.947,-6.000,3.500,joint_grid_transaction,3,3,3,9,1,0.000,1.00,3.073,False,None,0.000,False
7.936,2,en_route_pickup,-4.178,-2.729,-1.000,1.500,joint_grid_transaction,3,3,3,9,2,0.000,1.00,1.906,False,None,0.000,False
7.936,3,en_route_pickup,3.418,3.000,-3.000,1.500,joint_grid_transaction,3,3,3,8,3,0.000,1.00,-3.142,False,None,0.000,False
7.936,4,idle,4.000,-3.000,0.000,0.000,None,None,0,0,0,None,0.000,1.00,3.142,False,None,0.000,False
7.936,5,idle,-7.000,-0.000,0.000,0.000,None,None,0,0,0,None,0.000,1.00,1.571,False,None,0.000,False
7.936,6,idle,7.000,0.000,0.000,0.000,None,None,0,0,0,None,0.000,1.00,1.571,False,None,0.000,False
7.936,7,idle,-8.500,1.200,0.000,0.000,None,None,0,0,0,None,0.000,1.00,-0.001,False,None,0.000,False
7.936,8,idle,8.500,-1.200,0.000,0.000,None,None,0,0,0,None,0.000,1.00,3.142,False,None,0.000,False
8.192,1,en_route_pickup,-4.858,2.945,-6.000,3.500,joint_grid_transaction,3,3,3,9,1,0.000,1.00,3.073,False,None,0.000,False
8.192,2,en_route_pickup,-4.193,-2.684,-1.000,1.500,joint_grid_transaction,3,3,4,9,2,0.000,1.00,1.851,False,None,0.000,False
8.192,3,en_route_pickup,3.370,3.000,-3.000,1.500,joint_grid_transaction,3,3,3,8,3,0.000,1.00,-3.142,False,None,0.000,False
8.192,4,idle,4.000,-3.000,0.000,0.000,None,None,0,0,0,None,0.000,1.00,3.142,False,None,0.000,False
8.192,5,idle,-7.000,-0.000,0.000,0.000,None,None,0,0,0,None,0.000,1.00,1.571,False,None,0.000,False
8.192,6,idle,7.000,0.000,0.000,0.000,None,None,0,0,0,None,0.000,1.00,1.571,False,None,0.000,False
8.192,7,idle,-8.500,1.200,0.000,0.000,None,None,0,0,0,None,0.000,1.00,-0.001,False,None,0.000,False
8.192,8,idle,8.500,-1.200,0.000,0.000,None,None,0,0,0,None,0.000,1.00,3.142,False,None,0.000,False
8.448,1,en_route_pickup,-4.889,2.942,-6.000,3.500,joint_grid_transaction,3,3,3,9,1,0.000,1.00,3.073,False,None,0.000,False
8.448,2,en_route_pickup,-4.205,-2.638,-1.000,1.500,joint_grid_transaction,3,3,4,9,2,0.000,1.00,1.788,False,None,0.000,False
8.448,3,en_route_pickup,3.323,3.000,-3.000,1.500,joint_grid_transaction,3,3,3,8,3,0.000,1.00,-3.142,False,None,0.000,False
8.448,4,idle,4.000,-3.000,0.000,0.000,None,None,0,0,0,None,0.000,1.00,3.142,False,None,0.000,False
8.448,5,idle,-7.000,-0.000,0.000,0.000,None,None,0,0,0,None,0.000,1.00,1.571,False,None,0.000,False
8.448,6,idle,7.000,0.000,0.000,0.000,None,None,0,0,0,None,0.000,1.00,1.571,False,None,0.000,False
8.448,7,idle,-8.500,1.200,0.000,0.000,None,None,0,0,0,None,0.000,1.00,-0.001,False,None,0.000,False
8.448,8,idle,8.500,-1.200,0.000,0.000,None,None,0,0,0,None,0.000,1.00,3.142,False,None,0.000,False
8.704,1,en_route_pickup,-4.920,2.940,-6.000,3.500,joint_grid_transaction,3,3,3,9,1,0.000,1.00,3.072,False,None,0.000,False
8.704,2,en_route_pickup,-4.214,-2.591,-1.000,1.500,joint_grid_transaction,3,3,4,9,2,0.000,1.00,1.745,False,None,0.000,False
8.704,3,en_route_pickup,3.275,3.000,-3.000,1.500,joint_grid_transaction,3,3,3,8,3,0.000,1.00,-3.142,False,None,0.000,False
8.704,4,idle,4.000,-3.000,0.000,0.000,None,None,0,0,0,None,0.000,1.00,3.142,False,None,0.000,False
8.704,5,idle,-7.000,-0.000,0.000,0.000,None,None,0,0,0,None,0.000,1.00,1.571,False,None,0.000,False
8.704,6,idle,7.000,0.000,0.000,0.000,None,None,0,0,0,None,0.000,1.00,1.571,False,None,0.000,False
8.704,7,idle,-8.500,1.200,0.000,0.000,None,None,0,0,0,None,0.000,1.00,-0.001,False,None,0.000,False
8.704,8,idle,8.500,-1.200,0.000,0.000,None,None,0,0,0,None,0.000,1.00,3.142,False,None,0.000,False
8.960,1,en_route_pickup,-4.948,2.938,-6.000,3.500,joint_grid_transaction,3,3,3,9,1,0.000,1.00,3.072,False,None,0.000,False
8.960,2,en_route_pickup,-4.221,-2.544,-1.000,1.500,joint_grid_transaction,3,3,4,9,2,0.000,1.00,1.715,False,None,0.000,False
8.960,3,en_route_pickup,3.227,3.000,-3.000,1.500,joint_grid_transaction,3,3,3,8,3,0.000,1.00,-3.142,False,None,0.000,False
8.960,4,idle,4.000,-3.000,0.000,0.000,None,None,0,0,0,None,0.000,1.00,3.142,False,None,0.000,False
8.960,5,idle,-7.000,-0.000,0.000,0.000,None,None,0,0,0,None,0.000,1.00,1.571,False,None,0.000,False
8.960,6,idle,7.000,0.000,0.000,0.000,None,None,0,0,0,None,0.000,1.00,1.571,False,None,0.000,False
8.960,7,idle,-8.500,1.200,0.000,0.000,None,None,0,0,0,None,0.000,1.00,-0.001,False,None,0.000,False
8.960,8,idle,8.500,-1.200,0.000,0.000,None,None,0,0,0,None,0.000,1.00,3.142,False,None,0.000,False
9.216,1,en_route_pickup,-4.975,2.936,-6.000,3.500,joint_grid_transaction,4,4,1,7,1,0.000,1.00,3.072,False,None,0.000,False
9.216,2,en_route_pickup,-4.228,-2.497,-1.000,1.500,joint_grid_transaction,4,4,1,9,2,0.000,1.00,1.695,False,None,0.000,False
9.216,3,en_route_pickup,3.179,3.000,-3.000,1.500,joint_grid_transaction,4,4,2,9,3,0.000,1.00,-3.142,False,None,0.000,False
9.216,4,idle,4.000,-3.000,0.000,0.000,None,None,0,0,0,None,0.000,1.00,3.142,False,None,0.000,False
9.216,5,idle,-7.000,-0.000,0.000,0.000,None,None,0,0,0,None,0.000,1.00,1.571,False,None,0.000,False
9.216,6,idle,7.000,0.000,0.000,0.000,None,None,0,0,0,None,0.000,1.00,1.571,False,None,0.000,False
9.216,7,idle,-8.500,1.200,0.000,0.000,None,None,0,0,0,None,0.000,1.00,-0.001,False,None,0.000,False
9.216,8,idle,8.500,-1.200,0.000,0.000,None,None,0,0,0,None,0.000,1.00,3.142,False,None,0.000,False
9.472,1,en_route_pickup,-4.997,2.935,-6.000,3.500,joint_grid_transaction,4,4,1,7,1,0.000,1.00,3.093,False,None,0.000,False
9.472,2,en_route_pickup,-4.233,-2.450,-1.000,1.500,joint_grid_transaction,4,4,2,9,2,0.000,1.00,1.676,False,None,0.000,False
9.472,3,en_route_pickup,3.131,3.000,-3.000,1.500,joint_grid_transaction,4,4,2,9,3,0.000,1.00,-3.142,False,None,0.000,False
9.472,4,idle,4.000,-3.000,0.000,0.000,None,None,0,0,0,None,0.000,1.00,3.142,False,None,0.000,False
9.472,5,idle,-7.000,-0.000,0.000,0.000,None,None,0,0,0,None,0.000,1.00,1.571,False,None,0.000,False
9.472,6,idle,7.000,0.000,0.000,0.000,None,None,0,0,0,None,0.000,1.00,1.571,False,None,0.000,False
9.472,7,idle,-8.500,1.200,0.000,0.000,None,None,0,0,0,None,0.000,1.00,-0.001,False,None,0.000,False
9.472,8,idle,8.500,-1.200,0.000,0.000,None,None,0,0,0,None,0.000,1.00,3.142,False,None,0.000,False
9.728,1,en_route_pickup,-5.019,2.935,-6.000,3.500,joint_grid_transaction,4,4,1,7,1,0.000,1.00,3.115,False,None,0.000,False
9.728,2,en_route_pickup,-4.238,-2.405,-1.000,1.500,joint_grid_transaction,4,4,2,9,2,0.000,1.00,1.665,False,None,0.000,False
9.728,3,en_route_pickup,3.083,3.000,-3.000,1.500,joint_grid_transaction,4,4,2,9,3,0.000,1.00,-3.142,False,None,0.000,False
9.728,4,idle,4.000,-3.000,0.000,0.000,None,None,0,0,0,None,0.000,1.00,3.142,False,None,0.000,False
9.728,5,idle,-7.000,-0.000,0.000,0.000,None,None,0,0,0,None,0.000,1.00,1.571,False,None,0.000,False
9.728,6,idle,7.000,0.000,0.000,0.000,None,None,0,0,0,None,0.000,1.00,1.571,False,None,0.000,False
9.728,7,idle,-8.500,1.200,0.000,0.000,None,None,0,0,0,None,0.000,1.00,-0.001,False,None,0.000,False
9.728,8,idle,8.500,-1.200,0.000,0.000,None,None,0,0,0,None,0.000,1.00,3.142,False,None,0.000,False
9.984,1,en_route_pickup,-5.040,2.935,-6.000,3.500,joint_grid_transaction,4,4,1,7,1,0.000,1.00,-3.138,False,None,0.000,False
9.984,2,en_route_pickup,-4.242,-2.362,-1.000,1.500,joint_grid_transaction,4,4,2,9,2,0.000,1.00,1.664,False,None,0.000,False
9.984,3,en_route_pickup,3.035,3.000,-3.000,1.500,joint_grid_transaction,4,4,2,9,3,0.000,1.00,-3.142,False,None,0.000,False
9.984,4,en_route_pickup,4.000,-3.000,0.000,3.500,None,None,0,0,3,4,0.000,1.00,3.142,False,None,0.000,False
9.984,5,idle,-7.000,-0.000,0.000,0.000,None,None,0,0,0,None,0.000,1.00,1.571,False,None,0.000,False
9.984,6,idle,7.000,0.000,0.000,0.000,None,None,0,0,0,None,0.000,1.00,1.571,False,None,0.000,False
9.984,7,idle,-8.500,1.200,0.000,0.000,None,None,0,0,0,None,0.000,1.00,-0.001,False,None,0.000,False
9.984,8,idle,8.500,-1.200,0.000,0.000,None,None,0,0,0,None,0.000,1.00,3.142,False,None,0.000,False
10.240,1,en_route_pickup,-5.078,2.935,-6.000,3.500,joint_grid_transaction,4,4,2,7,1,0.000,1.00,-3.136,False,None,0.000,False
10.240,2,en_route_pickup,-4.246,-2.320,-1.000,1.500,joint_grid_transaction,4,4,2,9,2,0.000,1.00,1.664,False,None,0.000,False
10.240,3,en_route_pickup,2.987,3.000,-3.000,1.500,joint_grid_transaction,4,4,2,9,3,0.000,1.00,-3.142,False,None,0.000,False
10.240,4,en_route_pickup,4.000,-3.000,0.000,3.500,None,None,0,0,3,4,0.000,1.00,3.142,False,None,0.000,False
10.240,5,idle,-7.000,-0.000,0.000,0.000,None,None,0,0,0,None,0.000,1.00,1.571,False,None,0.000,False
10.240,6,idle,7.000,0.000,0.000,0.000,None,None,0,0,0,None,0.000,1.00,1.571,False,None,0.000,False
10.240,7,idle,-8.500,1.200,0.000,0.000,None,None,0,0,0,None,0.000,1.00,-0.001,False,None,0.000,False
10.240,8,idle,8.500,-1.200,0.000,0.000,None,None,0,0,0,None,0.000,1.00,3.142,False,None,0.000,False
10.496,1,en_route_pickup,-5.115,2.935,-6.000,3.500,joint_grid_transaction,4,4,2,7,1,0.000,1.00,-3.134,False,None,0.000,False
10.496,2,en_route_pickup,-4.249,-2.279,-1.000,1.500,joint_grid_transaction,4,4,2,9,2,0.000,1.00,1.664,False,None,0.000,False
10.496,3,en_route_pickup,2.940,3.000,-3.000,1.500,joint_grid_transaction,4,4,3,9,3,0.000,1.00,-3.142,False,None,0.000,False
10.496,4,en_route_pickup,4.000,-3.000,0.000,3.500,None,None,0,0,3,4,0.000,1.00,3.142,False,None,0.000,False
10.496,5,idle,-7.000,-0.000,0.000,0.000,None,None,0,0,0,None,0.000,1.00,1.571,False,None,0.000,False
10.496,6,idle,7.000,0.000,0.000,0.000,None,None,0,0,0,None,0.000,1.00,1.571,False,None,0.000,False
10.496,7,idle,-8.500,1.200,0.000,0.000,None,None,0,0,0,None,0.000,1.00,-0.001,False,None,0.000,False
10.496,8,idle,8.500,-1.200,0.000,0.000,None,None,0,0,0,None,0.000,1.00,3.142,False,None,0.000,False
10.752,1,en_route_pickup,-5.151,2.936,-6.000,3.500,joint_grid_transaction,4,4,2,7,1,0.000,1.00,-3.131,False,None,0.000,False
10.752,2,en_route_pickup,-4.253,-2.238,-1.000,1.500,joint_grid_transaction,4,4,2,9,2,0.000,1.00,1.663,False,None,0.000,False
10.752,3,en_route_pickup,2.892,3.000,-3.000,1.500,joint_grid_transaction,4,4,3,9,3,0.000,1.00,-3.142,False,None,0.000,False
10.752,4,en_route_pickup,4.000,-3.000,0.000,3.500,None,None,0,0,3,4,0.000,1.00,3.142,False,None,0.000,False
10.752,5,idle,-7.000,-0.000,0.000,0.000,None,None,0,0,0,None,0.000,1.00,1.571,False,None,0.000,False
10.752,6,idle,7.000,0.000,0.000,0.000,None,None,0,0,0,None,0.000,1.00,1.571,False,None,0.000,False
10.752,7,idle,-8.500,1.200,0.000,0.000,None,None,0,0,0,None,0.000,1.00,-0.001,False,None,0.000,False
10.752,8,idle,8.500,-1.200,0.000,0.000,None,None,0,0,0,None,0.000,1.00,3.142,False,None,0.000,False
11.008,1,en_route_pickup,-5.187,2.937,-6.000,3.500,joint_grid_transaction,4,4,2,7,1,0.000,1.00,-3.127,False,None,0.000,False
11.008,2,en_route_pickup,-4.257,-2.198,-1.000,1.500,joint_grid_transaction,4,4,3,9,2,0.000,1.00,1.663,False,None,0.000,False
11.008,3,en_route_pickup,2.844,3.000,-3.000,1.500,joint_grid_transaction,4,4,3,9,3,0.000,1.00,-3.142,False,None,0.000,False
11.008,4,en_route_pickup,4.000,-3.000,0.000,3.500,None,None,0,0,3,4,0.000,1.00,3.142,False,None,0.000,False
11.008,5,idle,-7.000,-0.000,0.000,0.000,None,None,0,0,0,None,0.000,1.00,1.571,False,None,0.000,False
11.008,6,idle,7.000,0.000,0.000,0.000,None,None,0,0,0,None,0.000,1.00,1.571,False,None,0.000,False
11.008,7,idle,-8.500,1.200,0.000,0.000,None,None,0,0,0,None,0.000,1.00,-0.001,False,None,0.000,False
11.008,8,idle,8.500,-1.200,0.000,0.000,None,None,0,0,0,None,0.000,1.00,3.142,False,None,0.000,False
11.264,1,en_route_pickup,-5.221,2.938,-6.000,3.500,joint_grid_transaction,4,4,2,7,1,0.000,1.00,-3.121,False,None,0.000,False
11.264,2,en_route_pickup,-4.260,-2.159,-1.000,1.500,joint_grid_transaction,4,4,3,9,2,0.000,1.00,1.663,False,None,0.000,False
11.264,3,en_route_pickup,2.796,3.000,-3.000,1.500,joint_grid_transaction,4,4,3,9,3,0.000,1.00,-3.142,False,None,0.000,False
11.264,4,en_route_pickup,4.000,-3.000,0.000,3.500,None,None,0,0,3,4,0.000,1.00,3.142,False,None,0.000,False
11.264,5,idle,-7.000,-0.000,0.000,0.000,None,None,0,0,0,None,0.000,1.00,1.571,False,None,0.000,False
11.264,6,idle,7.000,0.000,0.000,0.000,None,None,0,0,0,None,0.000,1.00,1.571,False,None,0.000,False
11.264,7,idle,-8.500,1.200,0.000,0.000,None,None,0,0,0,None,0.000,1.00,-0.001,False,None,0.000,False
11.264,8,idle,8.500,-1.200,0.000,0.000,None,None,0,0,0,None,0.000,1.00,3.142,False,None,0.000,False
11.520,1,en_route_pickup,-5.255,2.939,-6.000,3.500,joint_grid_transaction,4,4,2,7,1,0.000,1.00,-3.112,False,None,0.000,False
11.520,2,en_route_pickup,-4.264,-2.120,-1.000,1.500,joint_grid_transaction,4,4,3,9,2,0.000,1.00,1.662,False,None,0.000,False
11.520,3,en_route_pickup,2.748,3.000,-3.000,1.500,joint_grid_transaction,4,4,3,9,3,0.000,1.00,-3.142,False,None,0.000,False
11.520,4,en_route_pickup,4.000,-3.000,0.000,3.500,None,None,0,0,3,4,0.000,1.00,3.142,False,None,0.000,False
11.520,5,idle,-7.000,-0.000,0.000,0.000,None,None,0,0,0,None,0.000,1.00,1.571,False,None,0.000,False
11.520,6,idle,7.000,0.000,0.000,0.000,None,None,0,0,0,None,0.000,1.00,1.571,False,None,0.000,False
11.520,7,idle,-8.500,1.200,0.000,0.000,None,None,0,0,0,None,0.000,1.00,-0.001,False,None,0.000,False
11.520,8,idle,8.500,-1.200,0.000,0.000,None,None,0,0,0,None,0.000,1.00,3.142,False,None,0.000,False
11.776,1,en_route_pickup,-5.289,2.942,-6.000,3.500,joint_grid_transaction,4,4,2,7,1,0.000,1.00,-3.099,False,None,0.000,False
11.776,2,en_route_pickup,-4.268,-2.082,-1.000,1.500,joint_grid_transaction,4,4,3,9,2,0.000,1.00,1.662,False,None,0.000,False
11.776,3,en_route_pickup,2.700,3.000,-3.000,1.500,joint_grid_transaction,4,4,4,9,3,0.000,1.00,-3.142,False,None,0.000,False
11.776,4,en_route_pickup,4.000,-3.000,0.000,3.500,None,None,0,0,3,4,0.000,1.00,3.142,False,None,0.000,False
11.776,5,idle,-7.000,-0.000,0.000,0.000,None,None,0,0,0,None,0.000,1.00,1.571,False,None,0.000,False
11.776,6,idle,7.000,0.000,0.000,0.000,None,None,0,0,0,None,0.000,1.00,1.571,False,None,0.000,False
11.776,7,idle,-8.500,1.200,0.000,0.000,None,None,0,0,0,None,0.000,1.00,-0.001,False,None,0.000,False
11.776,8,idle,8.500,-1.200,0.000,0.000,None,None,0,0,0,None,0.000,1.00,3.142,False,None,0.000,False
12.032,1,en_route_pickup,-5.333,2.944,-6.000,3.500,joint_grid_transaction,4,4,3,7,1,0.000,1.00,-3.085,False,None,0.000,False
12.032,2,en_route_pickup,-4.271,-2.046,-1.000,1.500,joint_grid_transaction,4,4,3,9,2,0.000,1.00,1.662,False,None,0.000,False
12.032,3,en_route_pickup,2.652,3.000,-3.000,1.500,joint_grid_transaction,4,4,4,9,3,0.000,1.00,-3.142,False,None,0.000,False
12.032,4,en_route_pickup,4.000,-3.000,0.000,3.500,None,None,0,0,3,4,0.000,1.00,3.142,False,None,0.000,False
12.032,5,idle,-7.000,-0.000,0.000,0.000,None,None,0,0,0,None,0.000,1.00,1.571,False,None,0.000,False
12.032,6,idle,7.000,0.000,0.000,0.000,None,None,0,0,0,None,0.000,1.00,1.571,False,None,0.000,False
12.032,7,idle,-8.500,1.200,0.000,0.000,None,None,0,0,0,None,0.000,1.00,-0.001,False,None,0.000,False
12.032,8,idle,8.500,-1.200,0.000,0.000,None,None,0,0,0,None,0.000,1.00,3.142,False,None,0.000,False
12.288,1,en_route_pickup,-5.378,2.947,-6.000,3.500,joint_grid_transaction,4,4,3,7,1,0.000,1.00,-3.066,False,None,0.000,False
12.288,2,en_route_pickup,-4.274,-2.010,-1.000,1.500,joint_grid_transaction,4,4,3,9,2,0.000,1.00,1.661,False,None,0.000,False
12.288,3,en_route_pickup,2.604,3.000,-3.000,1.500,joint_grid_transaction,4,4,4,9,3,0.000,1.00,3.142,False,None,0.000,False
12.288,4,en_route_pickup,4.000,-3.000,0.000,3.500,None,None,0,0,3,4,0.000,1.00,3.142,False,None,0.000,False
12.288,5,idle,-7.000,-0.000,0.000,0.000,None,None,0,0,0,None,0.000,1.00,1.571,False,None,0.000,False
12.288,6,idle,7.000,0.000,0.000,0.000,None,None,0,0,0,None,0.000,1.00,1.571,False,None,0.000,False
12.288,7,idle,-8.500,1.200,0.000,0.000,None,None,0,0,0,None,0.000,1.00,-0.001,False,None,0.000,False
12.288,8,idle,8.500,-1.200,0.000,0.000,None,None,0,0,0,None,0.000,1.00,3.142,False,None,0.000,False
12.544,1,en_route_pickup,-5.424,2.951,-6.000,3.500,joint_grid_transaction,5,5,2,6,1,0.000,1.00,-3.040,False,None,0.000,False
12.544,2,en_route_pickup,-4.277,-1.977,-1.000,1.500,joint_grid_transaction,5,5,1,9,2,0.000,1.00,1.661,False,None,0.000,False
12.544,3,en_route_pickup,2.557,3.000,-3.000,1.500,joint_grid_transaction,5,5,1,8,3,0.000,1.00,-3.142,False,None,0.000,False
12.544,4,en_route_pickup,4.001,-3.000,0.000,3.500,joint_grid_transaction,5,5,1,9,4,0.000,1.00,3.054,False,None,0.000,False
12.544,5,idle,-7.000,-0.000,0.000,0.000,None,None,0,0,0,None,0.000,1.00,1.571,False,None,0.000,False
12.544,6,idle,7.000,0.000,0.000,0.000,None,None,0,0,0,None,0.000,1.00,1.571,False,None,0.000,False
12.544,7,idle,-8.500,1.200,0.000,0.000,None,None,0,0,0,None,0.000,1.00,-0.001,False,None,0.000,False
12.544,8,idle,8.500,-1.200,0.000,0.000,None,None,0,0,0,None,0.000,1.00,3.142,False,None,0.000,False
12.800,1,en_route_pickup,-5.471,2.957,-6.000,3.500,joint_grid_transaction,5,5,2,6,1,0.000,1.00,-3.020,False,None,0.000,False
12.800,2,en_route_pickup,-4.280,-1.942,-1.000,1.500,joint_grid_transaction,5,5,2,9,2,0.000,1.00,1.663,False,None,0.000,False
12.800,3,en_route_pickup,2.509,3.000,-3.000,1.500,joint_grid_transaction,5,5,1,8,3,0.000,1.00,-3.142,False,None,0.000,False
12.800,4,en_route_pickup,4.017,-2.995,0.000,3.500,joint_grid_transaction,5,5,1,9,4,0.000,1.00,2.691,False,None,0.000,False
12.800,5,idle,-7.000,-0.000,0.000,0.000,None,None,0,0,0,None,0.000,1.00,1.571,False,None,0.000,False
12.800,6,idle,7.000,0.000,0.000,0.000,None,None,0,0,0,None,0.000,1.00,1.571,False,None,0.000,False
12.800,7,idle,-8.500,1.200,0.000,0.000,None,None,0,0,0,None,0.000,1.00,-0.001,False,None,0.000,False
12.800,8,idle,8.500,-1.200,0.000,0.000,None,None,0,0,0,None,0.000,1.00,3.142,False,None,0.000,False
13.056,1,en_route_pickup,-5.519,2.963,-6.000,3.500,joint_grid_transaction,5,5,2,6,1,0.000,1.00,-3.006,False,None,0.000,False
13.056,2,en_route_pickup,-4.284,-1.906,-1.000,1.500,joint_grid_transaction,5,5,2,9,2,0.000,1.00,1.662,False,None,0.000,False
13.056,3,en_route_pickup,2.469,3.000,-3.000,1.500,joint_grid_transaction,5,5,1,8,3,0.000,1.00,-3.142,False,None,0.000,False
13.056,4,en_route_pickup,4.043,-2.977,0.000,3.500,joint_grid_transaction,5,5,2,9,4,0.000,1.00,2.420,False,None,0.000,False
13.056,5,idle,-7.000,-0.000,0.000,0.000,None,None,0,0,0,None,0.000,1.00,1.571,False,None,0.000,False
13.056,6,idle,7.000,0.000,0.000,0.000,None,None,0,0,0,None,0.000,1.00,1.571,False,None,0.000,False
13.056,7,idle,-8.500,1.200,0.000,0.000,None,None,0,0,0,None,0.000,1.00,-0.001,False,None,0.000,False
13.056,8,idle,8.500,-1.200,0.000,0.000,None,None,0,0,0,None,0.000,1.00,3.142,False,None,0.000,False
13.312,1,en_route_pickup,-5.534,2.965,-6.000,3.500,joint_grid_transaction,5,5,2,6,1,0.000,1.00,-3.002,False,joint_slot_deadline,13.652,False
13.312,2,en_route_pickup,-4.287,-1.872,-1.000,1.500,joint_grid_transaction,5,5,2,9,2,0.000,1.00,1.662,False,None,0.000,False
13.312,3,en_route_pickup,2.469,3.000,-3.000,1.500,joint_grid_transaction,5,5,1,8,3,0.000,1.00,-3.142,False,joint_slot_deadline,13.652,False
13.312,4,en_route_pickup,4.070,-2.950,0.000,3.500,joint_grid_transaction,5,5,2,9,4,0.000,1.00,2.183,False,None,0.000,False
13.312,5,idle,-7.000,-0.000,0.000,0.000,None,None,0,0,0,None,0.000,1.00,1.571,False,None,0.000,False
13.312,6,idle,7.000,0.000,0.000,0.000,None,None,0,0,0,None,0.000,1.00,1.571,False,None,0.000,False
13.312,7,idle,-8.500,1.200,0.000,0.000,None,None,0,0,0,None,0.000,1.00,-0.001,False,None,0.000,False
13.312,8,idle,8.500,-1.200,0.000,0.000,None,None,0,0,0,None,0.000,1.00,3.142,False,None,0.000,False
13.568,1,en_route_pickup,-5.534,2.965,-6.000,3.500,joint_grid_transaction,5,5,2,6,1,0.000,1.00,-3.002,False,joint_slot_deadline,13.652,False
13.568,2,en_route_pickup,-4.290,-1.839,-1.000,1.500,joint_grid_transaction,5,5,2,9,2,0.000,1.00,1.662,False,None,0.000,False
13.568,3,en_route_pickup,2.469,3.000,-3.000,1.500,joint_grid_transaction,5,5,1,8,3,0.000,1.00,-3.142,False,joint_slot_deadline,13.652,False
13.568,4,en_route_pickup,4.085,-2.926,0.000,3.500,joint_grid_transaction,5,5,2,9,4,0.000,1.00,1.882,False,None,0.000,False
13.568,5,idle,-7.000,-0.000,0.000,0.000,None,None,0,0,0,None,0.000,1.00,1.571,False,None,0.000,False
13.568,6,idle,7.000,0.000,0.000,0.000,None,None,0,0,0,None,0.000,1.00,1.571,False,None,0.000,False
13.568,7,idle,-8.500,1.200,0.000,0.000,None,None,0,0,0,None,0.000,1.00,-0.001,False,None,0.000,False
13.568,8,idle,8.500,-1.200,0.000,0.000,None,None,0,0,0,None,0.000,1.00,3.142,False,None,0.000,False
13.824,1,en_route_pickup,-5.568,2.970,-6.000,3.500,joint_grid_transaction,6,6,2,5,1,0.000,1.00,-3.002,False,None,0.000,False
13.824,2,en_route_pickup,-4.293,-1.807,-1.000,1.500,joint_grid_transaction,6,6,1,8,2,0.000,1.00,1.661,False,None,0.000,False
13.824,3,en_route_pickup,2.432,3.000,-3.000,1.500,joint_grid_transaction,6,6,2,9,3,0.000,1.00,3.142,False,None,0.000,False
13.824,4,en_route_pickup,4.088,-2.918,0.000,3.500,joint_grid_transaction,6,6,2,9,4,0.000,1.00,1.476,False,None,0.000,False
13.824,5,idle,-7.000,-0.000,0.000,0.000,None,None,0,0,0,None,0.000,1.00,1.571,False,None,0.000,False
13.824,6,idle,7.000,0.000,0.000,0.000,None,None,0,0,0,None,0.000,1.00,1.571,False,None,0.000,False
13.824,7,idle,-8.500,1.200,0.000,0.000,None,None,0,0,0,None,0.000,1.00,-0.001,False,None,0.000,False
13.824,8,idle,8.500,-1.200,0.000,0.000,None,None,0,0,0,None,0.000,1.00,3.142,False,None,0.000,False
14.080,1,en_route_pickup,-5.615,2.976,-6.000,3.500,joint_grid_transaction,6,6,2,5,1,0.000,1.00,-3.031,False,None,0.000,False
14.080,2,en_route_pickup,-4.295,-1.777,-1.000,1.500,joint_grid_transaction,6,6,1,8,2,0.000,1.00,1.661,False,None,0.000,False
14.080,3,en_route_pickup,2.384,3.000,-3.000,1.500,joint_grid_transaction,6,6,2,9,3,0.000,1.00,3.142,False,None,0.000,False
14.080,4,en_route_pickup,4.090,-2.927,0.000,3.500,joint_grid_transaction,6,6,2,9,4,0.000,1.00,1.224,False,None,0.000,False
14.080,5,idle,-7.000,-0.000,0.000,0.000,None,None,0,0,0,None,0.000,1.00,1.571,False,None,0.000,False
14.080,6,idle,7.000,0.000,0.000,0.000,None,None,0,0,0,None,0.000,1.00,1.571,False,None,0.000,False
14.080,7,idle,-8.500,1.200,0.000,0.000,None,None,0,0,0,None,0.000,1.00,-0.001,False,None,0.000,False
14.080,8,idle,8.500,-1.200,0.000,0.000,None,None,0,0,0,None,0.000,1.00,3.142,False,None,0.000,False
14.336,1,en_route_pickup,-5.662,2.981,-6.000,3.500,joint_grid_transaction,6,6,2,5,1,0.000,1.00,-3.046,False,None,0.000,False
14.336,2,en_route_pickup,-4.298,-1.748,-1.000,1.500,joint_grid_transaction,6,6,1,8,2,0.000,1.00,1.660,False,None,0.000,False
14.336,3,en_route_pickup,2.336,3.000,-3.000,1.500,joint_grid_transaction,6,6,2,9,3,0.000,1.00,-3.142,False,None,0.000,False
14.336,4,en_route_pickup,4.102,-2.915,0.000,3.500,joint_grid_transaction,6,6,2,9,4,0.000,1.00,1.090,False,None,0.000,False
14.336,5,idle,-7.000,-0.000,0.000,0.000,None,None,0,0,0,None,0.000,1.00,1.571,False,None,0.000,False
14.336,6,idle,7.000,0.000,0.000,0.000,None,None,0,0,0,None,0.000,1.00,1.571,False,None,0.000,False
14.336,7,idle,-8.500,1.200,0.000,0.000,None,None,0,0,0,None,0.000,1.00,-0.001,False,None,0.000,False
14.336,8,idle,8.500,-1.200,0.000,0.000,None,None,0,0,0,None,0.000,1.00,3.142,False,None,0.000,False
14.592,1,en_route_delivery,-5.707,2.985,-3.000,-1.500,joint_grid_transaction,6,6,2,3,1,0.000,1.00,-3.046,False,None,0.000,False
14.592,2,en_route_pickup,-4.300,-1.724,-1.000,1.500,joint_grid_transaction,6,6,1,8,2,0.000,1.00,1.649,False,None,0.000,False
14.592,3,en_route_pickup,2.288,3.000,-3.000,1.500,joint_grid_transaction,6,6,2,9,3,0.000,1.00,-3.142,False,None,0.000,False
14.592,4,en_route_pickup,4.103,-2.913,0.000,3.500,joint_grid_transaction,6,6,2,9,4,0.000,1.00,1.082,False,joint_slot_deadline,14.788,False
14.592,5,idle,-7.000,-0.000,0.000,0.000,None,None,0,0,0,None,0.000,1.00,1.571,False,None,0.000,False
14.592,6,idle,7.000,0.000,0.000,0.000,None,None,0,0,0,None,0.000,1.00,1.571,False,None,0.000,False
14.592,7,idle,-8.500,1.200,0.000,0.000,None,None,0,0,0,None,0.000,1.00,-0.001,False,None,0.000,False
14.592,8,idle,8.500,-1.200,0.000,0.000,None,None,0,0,0,None,0.000,1.00,3.142,False,None,0.000,False
14.848,1,en_route_delivery,-5.751,2.990,-3.000,-1.500,joint_grid_transaction,6,6,2,3,1,0.000,1.00,-3.047,False,None,0.000,False
14.848,2,en_route_pickup,-4.301,-1.709,-1.000,1.500,joint_grid_transaction,6,6,1,8,2,0.000,1.00,1.641,False,joint_slot_deadline,14.788,False
14.848,3,en_route_pickup,2.240,3.000,-3.000,1.500,joint_grid_transaction,6,6,2,9,3,0.000,1.00,3.142,False,None,0.000,False
14.848,4,en_route_pickup,4.106,-2.908,0.000,3.500,joint_grid_transaction,6,6,2,9,4,0.000,1.00,1.074,False,joint_slot_deadline,14.788,False
14.848,5,idle,-7.000,-0.000,0.000,0.000,None,None,0,0,0,None,0.000,1.00,1.571,False,None,0.000,False
14.848,6,idle,7.000,0.000,0.000,0.000,None,None,0,0,0,None,0.000,1.00,1.571,False,None,0.000,False
14.848,7,idle,-8.500,1.200,0.000,0.000,None,None,0,0,0,None,0.000,1.00,-0.001,False,None,0.000,False
14.848,8,idle,8.500,-1.200,0.000,0.000,None,None,0,0,0,None,0.000,1.00,3.142,False,None,0.000,False
15.104,1,en_route_delivery,-5.783,2.994,-3.000,-1.500,joint_grid_transaction,6,6,3,3,1,0.000,1.00,-2.964,False,None,0.000,False
15.104,2,en_route_pickup,-4.303,-1.676,-1.000,1.500,joint_grid_transaction,6,6,2,8,2,0.000,1.00,1.644,False,None,0.000,False
15.104,3,en_route_pickup,2.192,3.000,-3.000,1.500,joint_grid_transaction,6,6,3,9,3,0.000,1.00,3.142,False,None,0.000,False
15.104,4,en_route_pickup,4.127,-2.866,0.000,3.500,joint_grid_transaction,6,6,3,9,4,0.000,1.00,1.139,False,None,0.000,False
15.104,5,idle,-7.000,-0.000,0.000,0.000,None,None,0,0,0,None,0.000,1.00,1.571,False,None,0.000,False
15.104,6,idle,7.000,0.000,0.000,0.000,None,None,0,0,0,None,0.000,1.00,1.571,False,None,0.000,False
15.104,7,idle,-8.500,1.200,0.000,0.000,None,None,0,0,0,None,0.000,1.00,-0.001,False,None,0.000,False
15.104,8,idle,8.500,-1.200,0.000,0.000,None,None,0,0,0,None,0.000,1.00,3.142,False,None,0.000,False
15.360,1,en_route_delivery,-5.763,3.001,-3.000,-1.500,joint_grid_transaction,7,7,1,9,1,0.000,1.00,-2.626,False,None,0.000,False
15.360,2,en_route_pickup,-4.305,-1.644,-1.000,1.500,joint_grid_transaction,7,7,2,9,2,0.000,1.00,1.641,False,None,0.000,False
15.360,3,en_route_pickup,2.144,3.000,-3.000,1.500,joint_grid_transaction,7,7,2,9,3,0.000,1.00,-3.142,False,None,0.000,False
15.360,4,en_route_pickup,4.128,-2.865,0.000,3.500,joint_grid_transaction,7,7,1,8,4,0.000,1.00,1.135,False,joint_slot_deadline,16.292,False
15.360,5,idle,-7.000,-0.000,0.000,0.000,None,None,0,0,0,None,0.000,1.00,1.571,False,None,0.000,False
15.360,6,idle,7.000,0.000,0.000,0.000,None,None,0,0,0,None,0.000,1.00,1.571,False,None,0.000,False
15.360,7,idle,-8.500,1.200,0.000,0.000,None,None,0,0,0,None,0.000,1.00,-0.001,False,None,0.000,False
15.360,8,idle,8.500,-1.200,0.000,0.000,None,None,0,0,0,None,0.000,1.00,3.142,False,None,0.000,False
15.616,1,en_route_delivery,-5.736,3.022,-3.000,-1.500,joint_grid_transaction,7,7,1,9,1,0.000,1.00,-2.370,False,None,0.000,False
15.616,2,en_route_pickup,-4.307,-1.612,-1.000,1.500,joint_grid_transaction,7,7,2,9,2,0.000,1.00,1.642,False,None,0.000,False
15.616,3,en_route_pickup,2.096,3.000,-3.000,1.500,joint_grid_transaction,7,7,2,9,3,0.000,1.00,-3.142,False,None,0.000,False
15.616,4,en_route_pickup,4.128,-2.865,0.000,3.500,joint_grid_transaction,7,7,1,8,4,0.000,1.00,1.135,False,joint_slot_deadline,16.292,False
15.616,5,idle,-7.000,-0.000,0.000,0.000,None,None,0,0,0,None,0.000,1.00,1.571,False,None,0.000,False
15.616,6,idle,7.000,0.000,0.000,0.000,None,None,0,0,0,None,0.000,1.00,1.571,False,None,0.000,False
15.616,7,idle,-8.500,1.200,0.000,0.000,None,None,0,0,0,None,0.000,1.00,-0.001,False,None,0.000,False
15.616,8,idle,8.500,-1.200,0.000,0.000,None,None,0,0,0,None,0.000,1.00,3.142,False,None,0.000,False
15.872,1,en_route_delivery,-5.711,3.049,-3.000,-1.500,joint_grid_transaction,7,7,2,9,1,0.000,1.00,-2.124,False,None,0.000,False
15.872,2,en_route_pickup,-4.310,-1.582,-1.000,1.500,joint_grid_transaction,7,7,2,9,2,0.000,1.00,1.642,False,None,0.000,False
15.872,3,en_route_pickup,2.049,3.000,-3.000,1.500,joint_grid_transaction,7,7,2,9,3,0.000,1.00,3.142,False,None,0.000,False
15.872,4,en_route_pickup,4.128,-2.865,0.000,3.500,joint_grid_transaction,7,7,1,8,4,0.000,1.00,1.135,False,joint_slot_deadline,16.292,False
15.872,5,idle,-7.000,-0.000,0.000,0.000,None,None,0,0,0,None,0.000,1.00,1.571,False,None,0.000,False
15.872,6,idle,7.000,0.000,0.000,0.000,None,None,0,0,0,None,0.000,1.00,1.571,False,None,0.000,False
15.872,7,idle,-8.500,1.200,0.000,0.000,None,None,0,0,0,None,0.000,1.00,-0.001,False,None,0.000,False
15.872,8,idle,8.500,-1.200,0.000,0.000,None,None,0,0,0,None,0.000,1.00,3.142,False,None,0.000,False
16.128,1,en_route_delivery,-5.699,3.071,-3.000,-1.500,joint_grid_transaction,7,7,2,9,1,0.000,1.00,-1.805,False,None,0.000,False
16.128,2,en_route_pickup,-4.312,-1.553,-1.000,1.500,joint_grid_transaction,7,7,2,9,2,0.000,1.00,1.642,False,None,0.000,False
16.128,3,en_route_pickup,2.001,3.000,-3.000,1.500,joint_grid_transaction,7,7,2,9,3,0.000,1.00,3.142,False,None,0.000,False
16.128,4,en_route_pickup,4.128,-2.865,0.000,3.500,joint_grid_transaction,7,7,1,8,4,0.000,1.00,1.135,False,joint_slot_deadline,16.292,False
16.128,5,idle,-7.000,-0.000,0.000,0.000,None,None,0,0,0,None,0.000,1.00,1.571,False,None,0.000,False
16.128,6,idle,7.000,0.000,0.000,0.000,None,None,0,0,0,None,0.000,1.00,1.571,False,None,0.000,False
16.128,7,idle,-8.500,1.200,0.000,0.000,None,None,0,0,0,None,0.000,1.00,-0.001,False,None,0.000,False
16.128,8,idle,8.500,-1.200,0.000,0.000,None,None,0,0,0,None,0.000,1.00,3.142,False,None,0.000,False
16.384,1,en_route_delivery,-5.697,3.073,-3.000,-1.500,joint_grid_transaction,7,7,2,9,1,0.000,1.00,-1.381,False,None,0.000,False
16.384,2,en_route_pickup,-4.314,-1.526,-1.000,1.500,joint_grid_transaction,7,7,2,9,2,0.000,1.00,1.642,False,None,0.000,False
16.384,3,en_route_pickup,1.953,3.000,-3.000,1.500,joint_grid_transaction,7,7,3,9,3,0.000,1.00,-3.142,False,None,0.000,False
16.384,4,en_route_pickup,4.132,-2.856,0.000,3.500,joint_grid_transaction,7,7,2,8,4,0.000,1.00,1.127,False,None,0.000,False
16.384,5,idle,-7.000,-0.000,0.000,0.000,None,None,0,0,0,None,0.000,1.00,1.571,False,None,0.000,False
16.384,6,idle,7.000,0.000,0.000,0.000,None,None,0,0,0,None,0.000,1.00,1.571,False,None,0.000,False
16.384,7,idle,-8.500,1.200,0.000,0.000,None,None,0,0,0,None,0.000,1.00,-0.001,False,None,0.000,False
16.384,8,idle,8.500,-1.200,0.000,0.000,None,None,0,0,0,None,0.000,1.00,3.142,False,None,0.000,False
16.640,1,en_route_delivery,-5.689,3.053,-3.000,-1.500,joint_grid_transaction,7,7,2,9,1,0.000,1.00,-1.047,False,None,0.000,False
16.640,2,en_route_pickup,-4.315,-1.505,-1.000,1.500,joint_grid_transaction,7,7,2,9,2,0.000,1.00,1.621,False,None,0.000,False
16.640,3,en_route_pickup,1.905,3.000,-3.000,1.500,joint_grid_transaction,7,7,3,9,3,0.000,1.00,-3.142,False,None,0.000,False
16.640,4,en_route_pickup,4.152,-2.813,0.000,3.500,joint_grid_transaction,7,7,2,8,4,0.000,1.00,1.181,False,None,0.000,False
16.640,5,idle,-7.000,-0.000,0.000,0.000,None,None,0,0,0,None,0.000,1.00,1.571,False,None,0.000,False
16.640,6,idle,7.000,0.000,0.000,0.000,None,None,0,0,0,None,0.000,1.00,1.571,False,None,0.000,False
16.640,7,idle,-8.500,1.200,0.000,0.000,None,None,0,0,0,None,0.000,1.00,-0.001,False,None,0.000,False
16.640,8,idle,8.500,-1.200,0.000,0.000,None,None,0,0,0,None,0.000,1.00,3.142,False,None,0.000,False
16.896,1,en_route_delivery,-5.668,3.026,-3.000,-1.500,joint_grid_transaction,7,7,2,9,1,0.000,1.00,-0.793,False,None,0.000,False
16.896,2,en_route_pickup,-4.315,-1.483,-1.000,1.500,joint_grid_transaction,7,7,2,9,2,0.000,1.00,1.599,False,None,0.000,False
16.896,3,en_route_pickup,1.857,3.000,-3.000,1.500,joint_grid_transaction,7,7,3,9,3,0.000,1.00,-3.142,False,None,0.000,False
16.896,4,en_route_pickup,4.169,-2.768,0.000,3.500,joint_grid_transaction,7,7,2,8,4,0.000,1.00,1.217,False,None,0.000,False
16.896,5,idle,-7.000,-0.000,0.000,0.000,None,None,0,0,0,None,0.000,1.00,1.571,False,None,0.000,False
16.896,6,idle,7.000,0.000,0.000,0.000,None,None,0,0,0,None,0.000,1.00,1.571,False,None,0.000,False
16.896,7,idle,-8.500,1.200,0.000,0.000,None,None,0,0,0,None,0.000,1.00,-0.001,False,None,0.000,False
16.896,8,idle,8.500,-1.200,0.000,0.000,None,None,0,0,0,None,0.000,1.00,3.142,False,None,0.000,False
17.152,1,en_route_delivery,-5.644,3.003,-3.000,-1.500,joint_grid_transaction,7,7,2,9,1,0.000,1.00,-0.573,False,None,0.000,False
17.152,2,en_route_pickup,-4.315,-1.462,-1.000,1.500,joint_grid_transaction,7,7,2,9,2,0.000,1.00,1.569,False,None,0.000,False
17.152,3,en_route_pickup,1.809,3.000,-3.000,1.500,joint_grid_transaction,7,7,3,9,3,0.000,1.00,3.142,False,None,0.000,False
17.152,4,en_route_pickup,4.185,-2.724,0.000,3.500,joint_grid_transaction,7,7,2,8,4,0.000,1.00,1.243,False,None,0.000,False
17.152,5,idle,-7.000,-0.000,0.000,0.000,None,None,0,0,0,None,0.000,1.00,1.571,False,None,0.000,False
17.152,6,idle,7.000,0.000,0.000,0.000,None,None,0,0,0,None,0.000,1.00,1.571,False,None,0.000,False
17.152,7,idle,-8.500,1.200,0.000,0.000,None,None,0,0,0,None,0.000,1.00,-0.001,False,None,0.000,False
17.152,8,idle,8.500,-1.200,0.000,0.000,None,None,0,0,0,None,0.000,1.00,3.142,False,None,0.000,False
17.408,1,en_route_delivery,-5.629,2.994,-3.000,-1.500,joint_grid_transaction,7,7,2,9,1,0.000,1.00,-0.394,False,None,0.000,False
17.408,2,en_route_pickup,-4.315,-1.426,-1.000,1.500,joint_grid_transaction,7,7,3,9,2,0.000,1.00,1.568,False,None,0.000,False
17.408,3,en_route_pickup,1.761,3.000,-3.000,1.500,joint_grid_transaction,7,7,3,9,3,0.000,1.00,3.142,False,None,0.000,False
17.408,4,en_route_pickup,4.189,-2.709,0.000,3.500,joint_grid_transaction,7,7,2,8,4,0.000,1.00,1.250,False,joint_slot_deadline,17.492,False
17.408,5,idle,-7.000,-0.000,0.000,0.000,None,None,0,0,0,None,0.000,1.00,1.571,False,None,0.000,False
17.408,6,idle,7.000,0.000,0.000,0.000,None,None,0,0,0,None,0.000,1.00,1.571,False,None,0.000,False
17.408,7,idle,-8.500,1.200,0.000,0.000,None,None,0,0,0,None,0.000,1.00,-0.001,False,None,0.000,False
17.408,8,idle,8.500,-1.200,0.000,0.000,None,None,0,0,0,None,0.000,1.00,3.142,False,None,0.000,False
17.664,1,en_route_delivery,-5.610,2.996,-3.000,-1.500,joint_grid_transaction,7,7,2,9,1,0.000,1.00,-0.286,False,None,0.000,False
17.664,2,en_route_pickup,-4.315,-1.389,-1.000,1.500,joint_grid_transaction,7,7,3,9,2,0.000,1.00,1.567,False,None,0.000,False
17.664,3,en_route_pickup,1.714,3.000,-3.000,1.500,joint_grid_transaction,7,7,3,9,3,0.000,1.00,-3.142,False,None,0.000,False
17.664,4,en_route_pickup,4.197,-2.688,0.000,3.500,joint_grid_transaction,7,7,3,8,4,0.000,1.00,1.271,False,None,0.000,False
17.664,5,idle,-7.000,-0.000,0.000,0.000,None,None,0,0,0,None,0.000,1.00,1.571,False,None,0.000,False
17.664,6,idle,7.000,0.000,0.000,0.000,None,None,0,0,0,None,0.000,1.00,1.571,False,None,0.000,False
17.664,7,idle,-8.500,1.200,0.000,0.000,None,None,0,0,0,None,0.000,1.00,-0.001,False,None,0.000,False
17.664,8,idle,8.500,-1.200,0.000,0.000,None,None,0,0,0,None,0.000,1.00,3.142,False,None,0.000,False
17.920,1,en_route_delivery,-5.564,3.007,-3.000,-1.500,joint_grid_transaction,7,7,2,9,1,0.000,1.00,-0.168,False,None,0.000,False
17.920,2,en_route_pickup,-4.315,-1.353,-1.000,1.500,joint_grid_transaction,7,7,3,9,2,0.000,1.00,1.565,False,None,0.000,False
17.920,3,en_route_pickup,1.666,3.000,-3.000,1.500,joint_grid_transaction,7,7,4,9,3,0.000,1.00,-3.142,False,None,0.000,False
17.920,4,en_route_pickup,4.209,-2.642,0.000,3.500,joint_grid_transaction,7,7,3,8,4,0.000,1.00,1.347,False,None,0.000,False
17.920,5,idle,-7.000,-0.000,0.000,0.000,None,None,0,0,0,None,0.000,1.00,1.571,False,None,0.000,False
17.920,6,idle,7.000,0.000,0.000,0.000,None,None,0,0,0,None,0.000,1.00,1.571,False,None,0.000,False
17.920,7,idle,-8.500,1.200,0.000,0.000,None,None,0,0,0,None,0.000,1.00,-0.001,False,None,0.000,False
17.920,8,idle,8.500,-1.200,0.000,0.000,None,None,0,0,0,None,0.000,1.00,3.142,False,None,0.000,False
18.176,1,en_route_delivery,-5.518,3.013,-3.000,-1.500,joint_grid_transaction,7,7,2,9,1,0.000,1.00,-0.088,False,None,0.000,False
18.176,2,en_route_pickup,-4.314,-1.319,-1.000,1.500,joint_grid_transaction,7,7,3,9,2,0.000,1.00,1.563,False,None,0.000,False
18.176,3,en_route_pickup,1.618,3.000,-3.000,1.500,joint_grid_transaction,7,7,4,9,3,0.000,1.00,3.142,False,None,0.000,False
18.176,4,en_route_pickup,4.218,-2.595,0.000,3.500,joint_grid_transaction,7,7,3,8,4,0.000,1.00,1.398,False,None,0.000,False
18.176,5,idle,-7.000,-0.000,0.000,0.000,None,None,0,0,0,None,0.000,1.00,1.571,False,None,0.000,False
18.176,6,idle,7.000,0.000,0.000,0.000,None,None,0,0,0,None,0.000,1.00,1.571,False,None,0.000,False
18.176,7,idle,-8.500,1.200,0.000,0.000,None,None,0,0,0,None,0.000,1.00,-0.001,False,None,0.000,False
18.176,8,idle,8.500,-1.200,0.000,0.000,None,None,0,0,0,None,0.000,1.00,3.142,False,None,0.000,False
18.432,1,en_route_delivery,-5.475,3.016,-3.000,-1.500,joint_grid_transaction,7,7,2,9,1,0.000,1.00,-0.061,False,None,0.000,False
18.432,2,en_route_pickup,-4.314,-1.285,-1.000,1.500,joint_grid_transaction,7,7,3,9,2,0.000,1.00,1.560,False,None,0.000,False
18.432,3,en_route_pickup,1.570,3.000,-3.000,1.500,joint_grid_transaction,7,7,4,9,3,0.000,1.00,3.142,False,None,0.000,False
18.432,4,en_route_pickup,4.226,-2.548,0.000,3.500,joint_grid_transaction,7,7,3,8,4,0.000,1.00,1.433,False,None,0.000,False
18.432,5,idle,-7.000,-0.000,0.000,0.000,None,None,0,0,0,None,0.000,1.00,1.571,False,None,0.000,False
18.432,6,idle,7.000,0.000,0.000,0.000,None,None,0,0,0,None,0.000,1.00,1.571,False,None,0.000,False
18.432,7,idle,-8.500,1.200,0.000,0.000,None,None,0,0,0,None,0.000,1.00,-0.001,False,None,0.000,False
18.432,8,idle,8.500,-1.200,0.000,0.000,None,None,0,0,0,None,0.000,1.00,3.142,False,None,0.000,False
18.688,1,en_route_delivery,-5.436,3.018,-3.000,-1.500,joint_grid_transaction,7,7,3,9,1,0.000,1.00,-0.065,False,None,0.000,False
18.688,2,en_route_pickup,-4.313,-1.252,-1.000,1.500,joint_grid_transaction,7,7,3,9,2,0.000,1.00,1.555,False,None,0.000,False
18.688,3,en_route_pickup,1.522,3.000,-3.000,1.500,joint_grid_transaction,7,7,4,9,3,0.000,1.00,-3.142,False,None,0.000,False
18.688,4,en_route_pickup,4.232,-2.501,0.000,3.500,joint_grid_transaction,7,7,3,8,4,0.000,1.00,1.456,False,None,0.000,False
18.688,5,idle,-7.000,-0.000,0.000,0.000,None,None,0,0,0,None,0.000,1.00,1.571,False,None,0.000,False
18.688,6,idle,7.000,0.000,0.000,0.000,None,None,0,0,0,None,0.000,1.00,1.571,False,None,0.000,False
18.688,7,idle,-8.500,1.200,0.000,0.000,None,None,0,0,0,None,0.000,1.00,-0.001,False,None,0.000,False
18.688,8,idle,8.500,-1.200,0.000,0.000,None,None,0,0,0,None,0.000,1.00,3.142,False,None,0.000,False
18.944,1,en_route_delivery,-5.396,3.021,-3.000,-1.500,joint_grid_transaction,7,7,3,9,1,0.000,1.00,-0.065,False,None,0.000,False
18.944,2,en_route_pickup,-4.312,-1.221,-1.000,1.500,joint_grid_transaction,7,7,3,9,2,0.000,1.00,1.548,False,None,0.000,False
18.944,3,en_route_pickup,1.474,3.000,-3.000,1.500,joint_grid_transaction,7,7,4,9,3,0.000,1.00,-3.142,False,None,0.000,False
18.944,4,en_route_pickup,4.236,-2.454,0.000,3.500,joint_grid_transaction,7,7,4,8,4,0.000,1.00,1.474,False,None,0.000,False
18.944,5,idle,-7.000,-0.000,0.000,0.000,None,None,0,0,0,None,0.000,1.00,1.571,False,None,0.000,False
18.944,6,idle,7.000,0.000,0.000,0.000,None,None,0,0,0,None,0.000,1.00,1.571,False,None,0.000,False
18.944,7,idle,-8.500,1.200,0.000,0.000,None,None,0,0,0,None,0.000,1.00,-0.001,False,None,0.000,False
18.944,8,idle,8.500,-1.200,0.000,0.000,None,None,0,0,0,None,0.000,1.00,3.142,False,None,0.000,False
19.200,1,en_route_delivery,-5.358,3.023,-3.000,-1.500,joint_grid_transaction,8,7,3,9,1,0.000,1.00,-0.064,False,None,0.000,False
19.200,2,en_route_pickup,-4.310,-1.183,-1.000,1.500,joint_grid_transaction,8,7,4,9,2,0.000,1.00,1.537,False,None,0.000,False
19.200,3,en_route_pickup,1.426,3.000,-3.000,1.500,joint_grid_transaction,8,7,5,9,3,0.000,1.00,3.142,False,None,0.000,False
19.200,4,en_route_pickup,4.241,-2.411,0.000,3.500,joint_grid_transaction,8,7,4,9,4,0.000,1.00,1.477,False,None,0.000,False
19.200,5,idle,-7.000,-0.000,0.000,0.000,None,None,0,0,0,None,0.000,1.00,1.571,False,None,0.000,False
19.200,6,idle,7.000,0.000,0.000,0.000,None,None,0,0,0,None,0.000,1.00,1.571,False,None,0.000,False
19.200,7,idle,-8.500,1.200,0.000,0.000,None,None,0,0,0,None,0.000,1.00,-0.001,False,None,0.000,False
19.200,8,idle,8.500,-1.200,0.000,0.000,None,None,0,0,0,None,0.000,1.00,3.142,False,None,0.000,False
19.456,1,en_route_delivery,-5.320,3.026,-3.000,-1.500,joint_grid_transaction,8,8,2,9,1,0.000,1.00,-0.065,False,None,0.000,False
19.456,2,en_route_pickup,-4.308,-1.141,-1.000,1.500,joint_grid_transaction,8,8,2,9,2,0.000,1.00,1.524,False,None,0.000,False
19.456,3,en_route_pickup,1.378,3.000,-3.000,1.500,joint_grid_transaction,8,8,2,9,3,0.000,1.00,3.142,False,None,0.000,False
19.456,4,en_route_pickup,4.245,-2.369,0.000,3.500,joint_grid_transaction,8,8,2,9,4,0.000,1.00,1.478,False,None,0.000,False
19.456,5,idle,-7.000,-0.000,0.000,0.000,None,None,0,0,0,None,0.000,1.00,1.571,False,None,0.000,False
19.456,6,idle,7.000,0.000,0.000,0.000,None,None,0,0,0,None,0.000,1.00,1.571,False,None,0.000,False
19.456,7,idle,-8.500,1.200,0.000,0.000,None,None,0,0,0,None,0.000,1.00,-0.001,False,None,0.000,False
19.456,8,idle,8.500,-1.200,0.000,0.000,None,None,0,0,0,None,0.000,1.00,3.142,False,None,0.000,False
19.712,1,en_route_delivery,-5.284,3.028,-3.000,-1.500,joint_grid_transaction,8,8,2,9,1,0.000,1.00,-0.065,False,None,0.000,False
19.712,2,en_route_pickup,-4.305,-1.098,-1.000,1.500,joint_grid_transaction,8,8,2,9,2,0.000,1.00,1.508,False,None,0.000,False
19.712,3,en_route_pickup,1.331,3.000,-3.000,1.500,joint_grid_transaction,8,8,2,9,3,0.000,1.00,-3.142,False,None,0.000,False
19.712,4,en_route_pickup,4.248,-2.327,0.000,3.500,joint_grid_transaction,8,8,2,9,4,0.000,1.00,1.478,False,None,0.000,False
19.712,5,idle,-7.000,-0.000,0.000,0.000,None,None,0,0,0,None,0.000,1.00,1.571,False,None,0.000,False
19.712,6,idle,7.000,0.000,0.000,0.000,None,None,0,0,0,None,0.000,1.00,1.571,False,None,0.000,False
19.712,7,idle,-8.500,1.200,0.000,0.000,None,None,0,0,0,None,0.000,1.00,-0.001,False,None,0.000,False
19.712,8,idle,8.500,-1.200,0.000,0.000,None,None,0,0,0,None,0.000,1.00,3.142,False,None,0.000,False
19.968,1,en_route_delivery,-5.249,3.030,-3.000,-1.500,joint_grid_transaction,8,8,2,9,1,0.000,1.00,-0.066,False,None,0.000,False
19.968,2,en_route_pickup,-4.301,-1.054,-1.000,1.500,joint_grid_transaction,8,8,2,9,2,0.000,1.00,1.487,False,None,0.000,False
19.968,3,en_route_pickup,1.283,3.000,-3.000,1.500,joint_grid_transaction,8,8,2,9,3,0.000,1.00,-3.142,False,None,0.000,False
19.968,4,en_route_pickup,4.252,-2.286,0.000,3.500,joint_grid_transaction,8,8,2,9,4,0.000,1.00,1.478,False,None,0.000,False
19.968,5,idle,-7.000,-0.000,0.000,0.000,None,None,0,0,0,None,0.000,1.00,1.571,False,None,0.000,False
19.968,6,idle,7.000,0.000,0.000,0.000,None,None,0,0,0,None,0.000,1.00,1.571,False,None,0.000,False
19.968,7,idle,-8.500,1.200,0.000,0.000,None,None,0,0,0,None,0.000,1.00,-0.001,False,None,0.000,False
19.968,8,idle,8.500,-1.200,0.000,0.000,None,None,0,0,0,None,0.000,1.00,3.142,False,None,0.000,False
20.224,1,en_route_delivery,-5.218,3.032,-3.000,-1.500,joint_grid_transaction,8,8,2,9,1,0.000,1.00,-0.066,False,None,0.000,False
20.224,2,en_route_pickup,-4.297,-1.007,-1.000,1.500,joint_grid_transaction,8,8,2,9,2,0.000,1.00,1.460,False,None,0.000,False
20.224,3,en_route_pickup,1.235,3.000,-3.000,1.500,joint_grid_transaction,8,8,2,9,3,0.000,1.00,-3.142,False,None,0.000,False
20.224,4,en_route_pickup,4.256,-2.246,0.000,3.500,joint_grid_transaction,8,8,2,9,4,0.000,1.00,1.479,False,None,0.000,False
20.224,5,idle,-7.000,-0.000,0.000,0.000,None,None,0,0,0,None,0.000,1.00,1.571,False,None,0.000,False
20.224,6,idle,7.000,0.000,0.000,0.000,None,None,0,0,0,None,0.000,1.00,1.571,False,None,0.000,False
20.224,7,idle,-8.500,1.200,0.000,0.000,None,None,0,0,0,None,0.000,1.00,-0.001,False,None,0.000,False
20.224,8,idle,8.500,-1.200,0.000,0.000,None,None,0,0,0,None,0.000,1.00,3.142,False,None,0.000,False
20.480,1,en_route_delivery,-5.197,3.034,-3.000,-1.500,joint_grid_transaction,8,8,3,9,1,0.000,1.00,-0.072,False,None,0.000,False
20.480,2,en_route_pickup,-4.291,-0.960,-1.000,1.500,joint_grid_transaction,8,8,2,9,2,0.000,1.00,1.432,False,None,0.000,False
20.480,3,en_route_pickup,1.192,3.000,-3.000,1.500,joint_grid_transaction,8,8,3,9,3,0.000,1.00,3.142,False,None,0.000,False
20.480,4,en_route_pickup,4.259,-2.207,0.000,3.500,joint_grid_transaction,8,8,2,9,4,0.000,1.00,1.479,False,None,0.000,False
20.480,5,idle,-7.000,-0.000,0.000,0.000,None,None,0,0,0,None,0.000,1.00,1.571,False,None,0.000,False
20.480,6,idle,7.000,0.000,0.000,0.000,None,None,0,0,0,None,0.000,1.00,1.571,False,None,0.000,False
20.480,7,idle,-8.500,1.200,0.000,0.000,None,None,0,0,0,None,0.000,1.00,-0.001,False,None,0.000,False
20.480,8,idle,8.500,-1.200,0.000,0.000,None,None,0,0,0,None,0.000,1.00,3.142,False,None,0.000,False
20.736,1,en_route_delivery,-5.161,3.037,-3.000,-1.500,joint_grid_transaction,8,8,3,9,1,0.000,1.00,-0.072,False,None,0.000,False
20.736,2,en_route_pickup,-4.285,-0.914,-1.000,1.500,joint_grid_transaction,8,8,3,9,2,0.000,1.00,1.451,False,None,0.000,False
20.736,3,en_route_pickup,1.144,3.000,-3.000,1.500,joint_grid_transaction,8,8,3,9,3,0.000,1.00,3.142,False,None,0.000,False
20.736,4,en_route_pickup,4.263,-2.168,0.000,3.500,joint_grid_transaction,8,8,3,9,4,0.000,1.00,1.479,False,None,0.000,False
20.736,5,idle,-7.000,-0.000,0.000,0.000,None,None,0,0,0,None,0.000,1.00,1.571,False,None,0.000,False
20.736,6,idle,7.000,0.000,0.000,0.000,None,None,0,0,0,None,0.000,1.00,1.571,False,None,0.000,False
20.736,7,idle,-8.500,1.200,0.000,0.000,None,None,0,0,0,None,0.000,1.00,-0.001,False,None,0.000,False
20.736,8,idle,8.500,-1.200,0.000,0.000,None,None,0,0,0,None,0.000,1.00,3.142,False,None,0.000,False
20.992,1,en_route_delivery,-5.125,3.039,-3.000,-1.500,joint_grid_transaction,8,8,3,9,1,0.000,1.00,-0.073,False,None,0.000,False
20.992,2,en_route_pickup,-4.279,-0.866,-1.000,1.500,joint_grid_transaction,8,8,3,9,2,0.000,1.00,1.465,False,None,0.000,False
20.992,3,en_route_pickup,1.096,3.000,-3.000,1.500,joint_grid_transaction,8,8,3,9,3,0.000,1.00,-3.142,False,None,0.000,False
20.992,4,en_route_pickup,4.267,-2.130,0.000,3.500,joint_grid_transaction,8,8,3,9,4,0.000,1.00,1.480,False,None,0.000,False
20.992,5,idle,-7.000,-0.000,0.000,0.000,None,None,0,0,0,None,0.000,1.00,1.571,False,None,0.000,False
20.992,6,idle,7.000,0.000,0.000,0.000,None,None,0,0,0,None,0.000,1.00,1.571,False,None,0.000,False
20.992,7,idle,-8.500,1.200,0.000,0.000,None,None,0,0,0,None,0.000,1.00,-0.001,False,None,0.000,False
20.992,8,idle,8.500,-1.200,0.000,0.000,None,None,0,0,0,None,0.000,1.00,3.142,False,None,0.000,False
21.248,1,en_route_delivery,-5.091,3.042,-3.000,-1.500,joint_grid_transaction,8,8,3,9,1,0.000,1.00,-0.073,False,None,0.000,False
21.248,2,en_route_pickup,-4.274,-0.820,-1.000,1.500,joint_grid_transaction,8,8,3,9,2,0.000,1.00,1.469,False,None,0.000,False
21.248,3,en_route_pickup,1.048,3.000,-3.000,1.500,joint_grid_transaction,8,8,3,9,3,0.000,1.00,-3.142,False,None,0.000,False
21.248,4,en_route_pickup,4.270,-2.092,0.000,3.500,joint_grid_transaction,8,8,3,9,4,0.000,1.00,1.480,False,None,0.000,False
21.248,5,idle,-7.000,-0.000,0.000,0.000,None,None,0,0,0,None,0.000,1.00,1.571,False,None,0.000,False
21.248,6,idle,7.000,0.000,0.000,0.000,None,None,0,0,0,None,0.000,1.00,1.571,False,None,0.000,False
21.248,7,idle,-8.500,1.200,0.000,0.000,None,None,0,0,0,None,0.000,1.00,-0.001,False,None,0.000,False
21.248,8,idle,8.500,-1.200,0.000,0.000,None,None,0,0,0,None,0.000,1.00,3.142,False,None,0.000,False
21.504,1,en_route_delivery,-5.058,3.044,-3.000,-1.500,joint_grid_transaction,8,8,3,9,1,0.000,1.00,-0.073,False,None,0.000,False
21.504,2,en_route_pickup,-4.270,-0.774,-1.000,1.500,joint_grid_transaction,8,8,3,9,2,0.000,1.00,1.469,False,None,0.000,False
21.504,3,en_route_pickup,1.000,3.000,-3.000,1.500,joint_grid_transaction,8,8,3,9,3,0.000,1.00,3.142,False,None,0.000,False
21.504,4,en_route_pickup,4.273,-2.056,0.000,3.500,joint_grid_transaction,8,8,3,9,4,0.000,1.00,1.480,False,None,0.000,False
21.504,5,idle,-7.000,-0.000,0.000,0.000,None,None,0,0,0,None,0.000,1.00,1.571,False,None,0.000,False
21.504,6,idle,7.000,0.000,0.000,0.000,None,None,0,0,0,None,0.000,1.00,1.571,False,None,0.000,False
21.504,7,idle,-8.500,1.200,0.000,0.000,None,None,0,0,0,None,0.000,1.00,-0.001,False,None,0.000,False
21.504,8,idle,8.500,-1.200,0.000,0.000,None,None,0,0,0,None,0.000,1.00,3.142,False,None,0.000,False
21.760,1,en_route_delivery,-5.027,3.046,-3.000,-1.500,joint_grid_transaction,8,8,3,9,1,0.000,1.00,-0.073,False,None,0.000,False
21.760,2,en_route_pickup,-4.265,-0.729,-1.000,1.500,joint_grid_transaction,8,8,3,9,2,0.000,1.00,1.470,False,None,0.000,False
21.760,3,en_route_pickup,0.953,3.000,-3.000,1.500,joint_grid_transaction,8,8,3,9,3,0.000,1.00,3.142,False,None,0.000,False
21.760,4,en_route_pickup,4.276,-2.021,0.000,3.500,joint_grid_transaction,8,8,3,9,4,0.000,1.00,1.481,False,None,0.000,False
21.760,5,idle,-7.000,-0.000,0.000,0.000,None,None,0,0,0,None,0.000,1.00,1.571,False,None,0.000,False
21.760,6,idle,7.000,0.000,0.000,0.000,None,None,0,0,0,None,0.000,1.00,1.571,False,None,0.000,False
21.760,7,idle,-8.500,1.200,0.000,0.000,None,None,0,0,0,None,0.000,1.00,-0.001,False,None,0.000,False
21.760,8,idle,8.500,-1.200,0.000,0.000,None,None,0,0,0,None,0.000,1.00,3.142,False,None,0.000,False
22.016,1,en_route_delivery,-4.998,3.048,-3.000,-1.500,joint_grid_transaction,8,8,3,9,1,0.000,1.00,-0.073,False,None,0.000,False
22.016,2,en_route_pickup,-4.261,-0.685,-1.000,1.500,joint_grid_transaction,8,8,4,9,2,0.000,1.00,1.472,False,None,0.000,False
22.016,3,en_route_pickup,0.905,3.000,-3.000,1.500,joint_grid_transaction,8,8,4,9,3,0.000,1.00,-3.142,False,None,0.000,False
22.016,4,en_route_pickup,4.279,-1.988,0.000,3.500,joint_grid_transaction,8,8,3,9,4,0.000,1.00,1.481,False,None,0.000,False
22.016,5,idle,-7.000,-0.000,0.000,0.000,None,None,0,0,0,None,0.000,1.00,1.571,False,None,0.000,False
22.016,6,idle,7.000,0.000,0.000,0.000,None,None,0,0,0,None,0.000,1.00,1.571,False,None,0.000,False
22.016,7,idle,-8.500,1.200,0.000,0.000,None,None,0,0,0,None,0.000,1.00,-0.001,False,None,0.000,False
22.016,8,idle,8.500,-1.200,0.000,0.000,None,None,0,0,0,None,0.000,1.00,3.142,False,None,0.000,False
22.272,1,en_route_delivery,-4.971,3.050,-3.000,-1.500,joint_grid_transaction,8,8,3,9,1,0.000,1.00,-0.074,False,None,0.000,False
22.272,2,en_route_pickup,-4.257,-0.643,-1.000,1.500,joint_grid_transaction,8,8,4,9,2,0.000,1.00,1.473,False,None,0.000,False
22.272,3,en_route_pickup,0.857,3.000,-3.000,1.500,joint_grid_transaction,8,8,4,9,3,0.000,1.00,-3.142,False,None,0.000,False
22.272,4,en_route_pickup,4.282,-1.955,0.000,3.500,joint_grid_transaction,8,8,4,9,4,0.000,1.00,1.479,False,None,0.000,False
22.272,5,idle,-7.000,-0.000,0.000,0.000,None,None,0,0,0,None,0.000,1.00,1.571,False,None,0.000,False
22.272,6,idle,7.000,0.000,0.000,0.000,None,None,0,0,0,None,0.000,1.00,1.571,False,None,0.000,False
22.272,7,idle,-8.500,1.200,0.000,0.000,None,None,0,0,0,None,0.000,1.00,-0.001,False,None,0.000,False
22.272,8,idle,8.500,-1.200,0.000,0.000,None,None,0,0,0,None,0.000,1.00,3.142,False,None,0.000,False
22.528,1,en_route_delivery,-4.941,3.052,-3.000,-1.500,joint_grid_transaction,8,8,4,9,1,0.000,1.00,-0.072,False,None,0.000,False
22.528,2,en_route_pickup,-4.253,-0.602,-1.000,1.500,joint_grid_transaction,8,8,4,9,2,0.000,1.00,1.473,False,None,0.000,False
22.528,3,en_route_pickup,0.809,3.000,-3.000,1.500,joint_grid_transaction,8,8,4,9,3,0.000,1.00,3.142,False,None,0.000,False
22.528,4,en_route_pickup,4.286,-1.920,0.000,3.500,joint_grid_transaction,8,8,4,9,4,0.000,1.00,1.479,False,None,0.000,False
22.528,5,idle,-7.000,-0.000,0.000,0.000,None,None,0,0,0,None,0.000,1.00,1.571,False,None,0.000,False
22.528,6,idle,7.000,0.000,0.000,0.000,None,None,0,0,0,None,0.000,1.00,1.571,False,None,0.000,False
22.528,7,idle,-8.500,1.200,0.000,0.000,None,None,0,0,0,None,0.000,1.00,-0.001,False,None,0.000,False
22.528,8,idle,8.500,-1.200,0.000,0.000,None,None,0,0,0,None,0.000,1.00,3.142,False,None,0.000,False
22.784,1,en_route_delivery,-4.907,3.055,-3.000,-1.500,joint_grid_transaction,8,8,4,9,1,0.000,1.00,-0.073,False,None,0.000,False
22.784,2,en_route_pickup,-4.249,-0.561,-1.000,1.500,joint_grid_transaction,8,8,4,9,2,0.000,1.00,1.474,False,None,0.000,False
22.784,3,en_route_pickup,0.761,3.000,-3.000,1.500,joint_grid_transaction,8,8,4,9,3,0.000,1.00,3.142,False,None,0.000,False
22.784,4,en_route_pickup,4.289,-1.886,0.000,3.500,joint_grid_transaction,8,8,4,9,4,0.000,1.00,1.479,False,None,0.000,False
22.784,5,idle,-7.000,-0.000,0.000,0.000,None,None,0,0,0,None,0.000,1.00,1.571,False,None,0.000,False
22.784,6,idle,7.000,0.000,0.000,0.000,None,None,0,0,0,None,0.000,1.00,1.571,False,None,0.000,False
22.784,7,idle,-8.500,1.200,0.000,0.000,None,None,0,0,0,None,0.000,1.00,-0.001,False,None,0.000,False
22.784,8,idle,8.500,-1.200,0.000,0.000,None,None,0,0,0,None,0.000,1.00,3.142,False,None,0.000,False
23.040,1,en_route_delivery,-4.875,3.057,-3.000,-1.500,joint_grid_transaction,8,8,4,9,1,0.000,1.00,-0.073,False,None,0.000,False
23.040,2,en_route_pickup,-4.245,-0.521,-1.000,1.500,joint_grid_transaction,8,8,4,9,2,0.000,1.00,1.475,False,None,0.000,False
23.040,3,en_route_pickup,0.713,3.000,-3.000,1.500,joint_grid_transaction,8,8,4,9,3,0.000,1.00,-3.142,False,None,0.000,False
23.040,4,en_route_pickup,4.292,-1.853,0.000,3.500,joint_grid_transaction,8,8,4,9,4,0.000,1.00,1.480,False,None,0.000,False
23.040,5,idle,-7.000,-0.000,0.000,0.000,None,None,0,0,0,None,0.000,1.00,1.571,False,None,0.000,False
23.040,6,idle,7.000,0.000,0.000,0.000,None,None,0,0,0,None,0.000,1.00,1.571,False,None,0.000,False
23.040,7,idle,-8.500,1.200,0.000,0.000,None,None,0,0,0,None,0.000,1.00,-0.001,False,None,0.000,False
23.040,8,idle,8.500,-1.200,0.000,0.000,None,None,0,0,0,None,0.000,1.00,3.142,False,None,0.000,False
23.296,1,en_route_delivery,-4.867,3.057,-3.000,-1.500,joint_grid_transaction,9,9,1,9,1,0.000,1.00,-0.189,False,None,0.000,False
23.296,2,en_route_pickup,-4.241,-0.482,-1.000,1.500,joint_grid_transaction,9,9,1,9,2,0.000,1.00,1.475,False,None,0.000,False
23.296,3,en_route_pickup,0.665,3.000,-3.000,1.500,joint_grid_transaction,9,9,2,9,3,0.000,1.00,-3.142,False,None,0.000,False
23.296,4,en_route_pickup,4.295,-1.821,0.000,3.500,joint_grid_transaction,9,9,1,8,4,0.000,1.00,1.480,False,None,0.000,False
23.296,5,en_route_pickup,-7.000,-0.000,1.000,1.500,None,None,0,0,5,5,0.000,1.00,1.571,False,None,0.000,False
23.296,6,idle,7.000,0.000,0.000,0.000,None,None,0,0,0,None,0.000,1.00,1.571,False,None,0.000,False
23.296,7,idle,-8.500,1.200,0.000,0.000,None,None,0,0,0,None,0.000,1.00,-0.001,False,None,0.000,False
23.296,8,idle,8.500,-1.200,0.000,0.000,None,None,0,0,0,None,0.000,1.00,3.142,False,None,0.000,False
23.552,1,en_route_delivery,-4.887,3.049,-3.000,-1.500,joint_grid_transaction,9,9,1,9,1,0.000,1.00,-0.524,False,None,0.000,False
23.552,2,en_route_pickup,-4.237,-0.444,-1.000,1.500,joint_grid_transaction,9,9,2,9,2,0.000,1.00,1.475,False,None,0.000,False
23.552,3,en_route_pickup,0.618,3.000,-3.000,1.500,joint_grid_transaction,9,9,2,9,3,0.000,1.00,-3.142,False,None,0.000,False
23.552,4,en_route_pickup,4.297,-1.791,0.000,3.500,joint_grid_transaction,9,9,1,8,4,0.000,1.00,1.481,False,None,0.000,False
23.552,5,en_route_pickup,-7.000,-0.000,1.000,1.500,None,None,0,0,5,5,0.000,1.00,1.571,False,None,0.000,False
23.552,6,idle,7.000,0.000,0.000,0.000,None,None,0,0,0,None,0.000,1.00,1.571,False,None,0.000,False
23.552,7,returning_home,-8.500,1.200,-7.000,0.000,None,None,0,0,2,None,0.000,1.00,-0.001,False,None,0.000,False
23.552,8,idle,8.500,-1.200,0.000,0.000,None,None,0,0,0,None,0.000,1.00,3.142,False,None,0.000,False
23.808,1,en_route_delivery,-4.914,3.028,-3.000,-1.500,joint_grid_transaction,9,9,1,9,1,0.000,1.00,-0.778,False,None,0.000,False
23.808,2,en_route_pickup,-4.234,-0.406,-1.000,1.500,joint_grid_transaction,9,9,2,9,2,0.000,1.00,1.476,False,None,0.000,False
23.808,3,en_route_pickup,0.570,3.000,-3.000,1.500,joint_grid_transaction,9,9,2,9,3,0.000,1.00,3.142,False,None,0.000,False
23.808,4,en_route_pickup,4.300,-1.762,0.000,3.500,joint_grid_transaction,9,9,1,8,4,0.000,1.00,1.481,False,None,0.000,False
23.808,5,en_route_pickup,-7.000,-0.000,1.000,1.500,None,None,0,0,5,5,0.000,1.00,1.571,False,None,0.000,False
23.808,6,idle,7.000,0.000,0.000,0.000,None,None,0,0,0,None,0.000,1.00,1.571,False,None,0.000,False
23.808,7,returning_home,-8.500,1.200,-7.000,0.000,None,None,0,0,2,None,0.000,1.00,-0.001,False,None,0.000,False
23.808,8,idle,8.500,-1.200,0.000,0.000,None,None,0,0,0,None,0.000,1.00,3.142,False,None,0.000,False
24.064,1,en_route_delivery,-4.939,3.001,-3.000,-1.500,joint_grid_transaction,9,9,1,9,1,0.000,1.00,-1.025,False,None,0.000,False
24.064,2,en_route_pickup,-4.230,-0.368,-1.000,1.500,joint_grid_transaction,9,9,2,9,2,0.000,1.00,1.476,False,None,0.000,False
24.064,3,en_route_pickup,0.522,3.000,-3.000,1.500,joint_grid_transaction,9,9,2,9,3,0.000,1.00,3.142,False,None,0.000,False
24.064,4,en_route_pickup,4.302,-1.737,0.000,3.500,joint_grid_transaction,9,9,1,8,4,0.000,1.00,1.486,False,None,0.000,False
24.064,5,en_route_pickup,-7.000,-0.000,1.000,1.500,None,None,0,0,5,5,0.000,1.00,1.571,False,None,0.000,False
24.064,6,idle,7.000,0.000,0.000,0.000,None,None,0,0,0,None,0.000,1.00,1.571,False,None,0.000,False
24.064,7,returning_home,-8.500,1.200,-7.000,0.000,None,None,0,0,2,None,0.000,1.00,-0.001,False,None,0.000,False
24.064,8,idle,8.500,-1.200,0.000,0.000,None,None,0,0,0,None,0.000,1.00,3.142,False,None,0.000,False
24.320,1,en_route_delivery,-4.949,2.983,-3.000,-1.500,joint_grid_transaction,9,9,1,9,1,0.000,1.00,-1.280,False,None,0.000,False
24.320,2,en_route_pickup,-4.227,-0.332,-1.000,1.500,joint_grid_transaction,9,9,2,9,2,0.000,1.00,1.477,False,None,0.000,False
24.320,3,en_route_pickup,0.474,3.000,-3.000,1.500,joint_grid_transaction,9,9,2,9,3,0.000,1.00,-3.142,False,None,0.000,False
24.320,4,en_route_pickup,4.303,-1.717,0.000,3.500,joint_grid_transaction,9,9,1,8,4,0.000,1.00,1.513,False,None,0.000,False
24.320,5,en_route_pickup,-7.000,-0.000,1.000,1.500,None,None,0,0,5,5,0.000,1.00,1.571,False,None,0.000,False
24.320,6,idle,7.000,0.000,0.000,0.000,None,None,0,0,0,None,0.000,1.00,1.571,False,None,0.000,False
24.320,7,returning_home,-8.500,1.200,-7.000,0.000,None,None,0,0,2,None,0.000,1.00,-0.001,False,None,0.000,False
24.320,8,idle,8.500,-1.200,0.000,0.000,None,None,0,0,0,None,0.000,1.00,3.142,False,None,0.000,False
24.576,1,en_route_delivery,-4.951,2.976,-3.000,-1.500,joint_grid_transaction,9,9,1,9,1,0.000,1.00,-1.479,False,None,0.000,False
24.576,2,en_route_pickup,-4.223,-0.297,-1.000,1.500,joint_grid_transaction,9,9,2,9,2,0.000,1.00,1.477,False,None,0.000,False
24.576,3,en_route_pickup,0.426,3.000,-3.000,1.500,joint_grid_transaction,9,9,3,9,3,0.000,1.00,-3.142,False,None,0.000,False
24.576,4,en_route_pickup,4.305,-1.686,0.000,3.500,joint_grid_transaction,9,9,2,8,4,0.000,1.00,1.512,False,None,0.000,False
24.576,5,en_route_pickup,-7.000,-0.000,1.000,1.500,None,None,0,0,5,5,0.000,1.00,1.571,False,None,0.000,False
24.576,6,idle,7.000,0.000,0.000,0.000,None,None,0,0,0,None,0.000,1.00,1.571,False,None,0.000,False
24.576,7,returning_home,-8.500,1.200,-7.000,0.000,None,None,0,0,2,None,0.000,1.00,-0.001,False,None,0.000,False
24.576,8,idle,8.500,-1.200,0.000,0.000,None,None,0,0,0,None,0.000,1.00,3.142,False,None,0.000,False
24.832,1,en_route_delivery,-4.949,2.952,-3.000,-1.500,joint_grid_transaction,9,9,2,9,1,0.000,1.00,-1.498,False,None,0.000,False
24.832,2,en_route_pickup,-4.220,-0.263,-1.000,1.500,joint_grid_transaction,9,9,2,9,2,0.000,1.00,1.478,False,None,0.000,False
24.832,3,en_route_pickup,0.378,3.000,-3.000,1.500,joint_grid_transaction,9,9,3,9,3,0.000,1.00,3.142,False,None,0.000,False
24.832,4,en_route_pickup,4.307,-1.652,0.000,3.500,joint_grid_transaction,9,9,2,8,4,0.000,1.00,1.511,False,None,0.000,False
24.832,5,en_route_pickup,-7.000,-0.000,1.000,1.500,None,None,0,0,5,5,0.000,1.00,1.571,False,None,0.000,False
24.832,6,idle,7.000,0.000,0.000,0.000,None,None,0,0,0,None,0.000,1.00,1.571,False,None,0.000,False
24.832,7,returning_home,-8.500,1.200,-7.000,0.000,None,None,0,0,2,None,0.000,1.00,-0.001,False,None,0.000,False
24.832,8,idle,8.500,-1.200,0.000,0.000,None,None,0,0,0,None,0.000,1.00,3.142,False,None,0.000,False
25.088,1,en_route_delivery,-4.947,2.918,-3.000,-1.500,joint_grid_transaction,9,9,2,9,1,0.000,1.00,-1.498,False,None,0.000,False
25.088,2,en_route_pickup,-4.217,-0.232,-1.000,1.500,joint_grid_transaction,9,9,2,9,2,0.000,1.00,1.478,False,None,0.000,False
25.088,3,en_route_pickup,0.330,3.000,-3.000,1.500,joint_grid_transaction,9,9,3,9,3,0.000,1.00,3.142,False,None,0.000,False
25.088,4,en_route_pickup,4.309,-1.620,0.000,3.500,joint_grid_transaction,9,9,2,8,4,0.000,1.00,1.510,False,None,0.000,False
25.088,5,en_route_pickup,-7.000,-0.000,1.000,1.500,None,None,0,0,5,5,0.000,1.00,1.571,False,None,0.000,False
25.088,6,idle,7.000,0.000,0.000,0.000,None,None,0,0,0,None,0.000,1.00,1.571,False,None,0.000,False
25.088,7,returning_home,-8.500,1.200,-7.000,0.000,None,None,0,0,2,None,0.000,1.00,-0.001,False,None,0.000,False
25.088,8,idle,8.500,-1.200,0.000,0.000,None,None,0,0,0,None,0.000,1.00,3.142,False,None,0.000,False
25.344,1,en_route_delivery,-4.945,2.885,-3.000,-1.500,joint_grid_transaction,9,9,2,9,1,0.000,1.00,-1.497,False,None,0.000,False
25.344,2,en_route_pickup,-4.214,-0.199,-1.000,1.500,joint_grid_transaction,9,9,3,9,2,0.000,1.00,1.476,False,None,0.000,False
25.344,3,en_route_pickup,0.282,3.000,-3.000,1.500,joint_grid_transaction,9,9,3,9,3,0.000,1.00,-3.142,False,None,0.000,False
25.344,4,en_route_pickup,4.311,-1.589,0.000,3.500,joint_grid_transaction,9,9,2,8,4,0.000,1.00,1.509,False,None,0.000,False
25.344,5,en_route_pickup,-7.000,-0.000,1.000,1.500,None,None,0,0,5,5,0.000,1.00,1.571,False,None,0.000,False
25.344,6,idle,7.000,0.000,0.000,0.000,None,None,0,0,0,None,0.000,1.00,1.571,False,None,0.000,False
25.344,7,returning_home,-8.500,1.200,-7.000,0.000,None,None,0,0,2,None,0.000,1.00,-0.001,False,None,0.000,False
25.344,8,idle,8.500,-1.200,0.000,0.000,None,None,0,0,0,None,0.000,1.00,3.142,False,None,0.000,False
25.600,1,en_route_delivery,-4.942,2.854,-3.000,-1.500,joint_grid_transaction,9,9,2,9,1,0.000,1.00,-1.497,False,None,0.000,False
25.600,2,en_route_pickup,-4.211,-0.165,-1.000,1.500,joint_grid_transaction,9,9,3,9,2,0.000,1.00,1.476,False,None,0.000,False
25.600,3,en_route_pickup,0.235,3.000,-3.000,1.500,joint_grid_transaction,9,9,3,9,3,0.000,1.00,-3.142,False,None,0.000,False
25.600,4,en_route_pickup,4.312,-1.560,0.000,3.500,joint_grid_transaction,9,9,2,8,4,0.000,1.00,1.509,False,None,0.000,False
25.600,5,en_route_pickup,-7.000,-0.000,1.000,1.500,None,None,0,0,5,5,0.000,1.00,1.571,False,None,0.000,False
25.600,6,idle,7.000,0.000,0.000,0.000,None,None,0,0,0,None,0.000,1.00,1.571,False,None,0.000,False
25.600,7,returning_home,-8.500,1.200,-7.000,0.000,None,None,0,0,2,None,0.000,1.00,-0.001,False,None,0.000,False
25.600,8,idle,8.500,-1.200,0.000,0.000,None,None,0,0,0,None,0.000,1.00,3.142,False,None,0.000,False
25.856,1,en_route_delivery,-4.940,2.824,-3.000,-1.500,joint_grid_transaction,9,9,2,9,1,0.000,1.00,-1.497,False,None,0.000,False
25.856,2,en_route_pickup,-4.208,-0.131,-1.000,1.500,joint_grid_transaction,9,9,3,9,2,0.000,1.00,1.477,False,None,0.000,False
25.856,3,en_route_pickup,0.187,3.000,-3.000,1.500,joint_grid_transaction,9,9,4,9,3,0.000,1.00,3.142,False,None,0.000,False
25.856,4,en_route_pickup,4.314,-1.532,0.000,3.500,joint_grid_transaction,9,9,2,8,4,0.000,1.00,1.508,False,None,0.000,False
25.856,5,en_route_pickup,-7.000,-0.000,1.000,1.500,None,None,0,0,5,5,0.000,1.00,1.571,False,None,0.000,False
25.856,6,en_route_pickup,7.000,0.000,-1.000,-1.500,None,None,0,0,3,6,0.000,1.00,1.571,False,None,0.000,False
25.856,7,returning_home,-8.500,1.200,-7.000,0.000,None,None,0,0,2,None,0.000,1.00,-0.001,False,None,0.000,False
25.856,8,idle,8.500,-1.200,0.000,0.000,None,None,0,0,0,None,0.000,1.00,3.142,False,None,0.000,False
26.112,1,en_route_delivery,-4.938,2.796,-3.000,-1.500,joint_grid_transaction,10,9,2,9,1,0.000,1.00,-1.497,False,None,0.000,False
26.112,2,en_route_pickup,-4.205,-0.099,-1.000,1.500,joint_grid_transaction,10,9,3,8,2,0.000,1.00,1.477,False,None,0.000,False
26.112,3,en_route_pickup,0.139,3.000,-3.000,1.500,joint_grid_transaction,10,9,4,9,3,0.000,1.00,3.142,False,None,0.000,False
26.112,4,en_route_pickup,4.315,-1.508,0.000,3.500,joint_grid_transaction,10,9,2,9,4,0.000,1.00,1.518,False,None,0.000,False
26.112,5,en_route_pickup,-7.000,-0.000,1.000,1.500,joint_grid_transaction,10,0,0,9,5,0.000,1.00,1.565,False,None,0.000,False
26.112,6,en_route_pickup,7.000,0.000,-1.000,-1.500,None,None,0,0,3,6,0.000,1.00,1.571,False,None,0.000,False
26.112,7,returning_home,-8.499,1.200,-7.000,0.000,joint_grid_transaction,10,0,0,9,None,0.000,1.00,-0.002,False,None,0.000,False
26.112,8,returning_home,8.500,-1.200,7.000,0.000,None,None,0,0,2,None,0.000,1.00,3.142,False,None,0.000,False
26.368,1,en_route_delivery,-4.936,2.771,-3.000,-1.500,joint_grid_transaction,10,10,1,9,1,0.000,1.00,-1.502,False,None,0.000,False
26.368,2,en_route_pickup,-4.202,-0.068,-1.000,1.500,joint_grid_transaction,10,10,1,8,2,0.000,1.00,1.478,False,None,0.000,False
26.368,3,en_route_pickup,0.091,3.000,-3.000,1.500,joint_grid_transaction,10,10,2,9,3,0.000,1.00,-3.142,False,None,0.000,False
26.368,4,en_route_pickup,4.316,-1.487,0.000,3.500,joint_grid_transaction,10,10,1,9,4,0.000,1.00,1.547,False,None,0.000,False
26.368,5,en_route_pickup,-6.997,-0.012,1.000,1.500,joint_grid_transaction,10,10,1,9,5,0.000,1.00,1.200,False,None,0.000,False
26.368,6,en_route_pickup,7.000,0.000,-1.000,-1.500,None,None,0,0,3,6,0.000,1.00,1.571,False,None,0.000,False
26.368,7,returning_home,-8.467,1.200,-7.000,0.000,joint_grid_transaction,10,10,1,9,None,0.000,1.00,0.001,False,None,0.000,False
26.368,8,returning_home,8.500,-1.200,7.000,0.000,None,None,0,0,2,None,0.000,1.00,3.142,False,None,0.000,False
26.624,1,en_route_delivery,-4.935,2.750,-3.000,-1.500,joint_grid_transaction,10,10,1,9,1,0.000,1.00,-1.523,False,None,0.000,False
26.624,2,en_route_pickup,-4.199,-0.039,-1.000,1.500,joint_grid_transaction,10,10,1,8,2,0.000,1.00,1.478,False,None,0.000,False
26.624,3,en_route_pickup,0.043,3.000,-3.000,1.500,joint_grid_transaction,10,10,2,9,3,0.000,1.00,-3.142,False,None,0.000,False
26.624,4,en_route_pickup,4.316,-1.465,0.000,3.500,joint_grid_transaction,10,10,1,9,4,0.000,1.00,1.570,False,None,0.000,False
26.624,5,en_route_pickup,-6.983,-0.036,1.000,1.500,joint_grid_transaction,10,10,1,9,5,0.000,1.00,0.911,False,None,0.000,False
26.624,6,en_route_pickup,7.000,0.000,-1.000,-1.500,None,None,0,0,3,6,0.000,1.00,1.571,False,None,0.000,False
26.624,7,returning_home,-8.429,1.200,-7.000,0.000,joint_grid_transaction,10,10,2,9,None,0.000,1.00,0.001,False,None,0.000,False
26.624,8,returning_home,8.500,-1.200,7.000,0.000,None,None,0,0,2,None,0.000,1.00,3.142,False,None,0.000,False
26.880,1,en_route_delivery,-4.935,2.729,-3.000,-1.500,joint_grid_transaction,10,10,1,9,1,0.000,1.00,-1.552,False,None,0.000,False
26.880,2,en_route_pickup,-4.197,-0.012,-1.000,1.500,joint_grid_transaction,10,10,1,8,2,0.000,1.00,1.478,False,None,0.000,False
26.880,3,en_route_pickup,-0.005,3.000,-3.000,1.500,joint_grid_transaction,10,10,2,9,3,0.000,1.00,-3.142,False,None,0.000,False
26.880,4,en_route_pickup,4.316,-1.431,0.000,3.500,joint_grid_transaction,10,10,2,9,4,0.000,1.00,1.578,False,None,0.000,False
26.880,5,en_route_pickup,-6.963,-0.058,1.000,1.500,joint_grid_transaction,10,10,1,9,5,0.000,1.00,0.732,False,None,0.000,False
26.880,6,en_route_pickup,7.000,0.000,-1.000,-1.500,None,None,0,0,3,6,0.000,1.00,1.571,False,None,0.000,False
26.880,7,returning_home,-8.390,1.200,-7.000,0.000,joint_grid_transaction,10,10,2,9,None,0.000,1.00,0.001,False,None,0.000,False
26.880,8,returning_home,8.500,-1.200,7.000,0.000,None,None,0,0,2,None,0.000,1.00,3.142,False,None,0.000,False
27.136,1,en_route_delivery,-4.935,2.705,-3.000,-1.500,joint_grid_transaction,11,10,1,9,1,0.000,1.00,-1.576,False,None,0.000,False
27.136,2,en_route_pickup,-4.195,0.009,-1.000,1.500,joint_grid_transaction,11,10,1,9,2,0.000,1.00,1.501,False,None,0.000,False
27.136,3,en_route_pickup,-0.035,3.000,-3.000,1.500,joint_grid_transaction,11,10,2,9,3,0.000,1.00,3.142,False,joint_slot_deadline,27.284,False
27.136,4,en_route_pickup,4.315,-1.394,0.000,3.500,joint_grid_transaction,11,10,2,9,4,0.000,1.00,1.587,False,None,0.000,False
27.136,5,en_route_pickup,-6.945,-0.071,1.000,1.500,joint_grid_transaction,11,10,2,9,5,0.000,1.00,0.577,False,None,0.000,False
27.136,6,en_route_pickup,7.000,0.000,-1.000,-1.500,joint_grid_transaction,11,0,0,9,6,0.000,1.00,1.588,False,None,0.000,False
27.136,7,returning_home,-8.352,1.200,-7.000,0.000,joint_grid_transaction,11,10,2,9,None,0.000,1.00,0.007,False,None,0.000,False
27.136,8,returning_home,8.498,-1.200,7.000,0.000,joint_grid_transaction,11,0,0,9,None,0.000,1.00,3.142,False,None,0.000,False
27.392,1,en_route_delivery,-4.935,2.668,-3.000,-1.500,joint_grid_transaction,11,11,2,9,1,0.000,1.00,-1.578,False,None,0.000,False
27.392,2,en_route_pickup,-4.194,0.031,-1.000,1.500,joint_grid_transaction,11,11,1,9,2,0.000,1.00,1.521,False,None,0.000,False
27.392,3,en_route_pickup,-0.082,3.000,-3.000,1.500,joint_grid_transaction,11,11,2,9,3,0.000,1.00,3.142,False,None,0.000,False
27.392,4,en_route_pickup,4.314,-1.356,0.000,3.500,joint_grid_transaction,11,11,2,9,4,0.000,1.00,1.594,False,None,0.000,False
27.392,5,en_route_pickup,-6.931,-0.074,1.000,1.500,joint_grid_transaction,11,11,2,9,5,0.000,1.00,0.464,False,None,0.000,False
27.392,6,en_route_pickup,6.996,0.013,-1.000,-1.500,joint_grid_transaction,11,11,1,9,6,0.000,1.00,1.963,False,None,0.000,False
27.392,7,returning_home,-8.314,1.201,-7.000,0.000,joint_grid_transaction,11,11,2,9,None,0.000,1.00,0.010,False,None,0.000,False
27.392,8,returning_home,8.465,-1.200,7.000,0.000,joint_grid_transaction,11,11,1,9,None,0.000,1.00,-3.141,False,None,0.000,False
27.648,1,en_route_delivery,-4.936,2.630,-3.000,-1.500,joint_grid_transaction,11,11,2,9,1,0.000,1.00,-1.581,False,None,0.000,False
27.648,2,en_route_pickup,-4.193,0.060,-1.000,1.500,joint_grid_transaction,11,11,2,9,2,0.000,1.00,1.527,False,None,0.000,False
27.648,3,en_route_pickup,-0.130,3.000,-3.000,1.500,joint_grid_transaction,11,11,2,9,3,0.000,1.00,-3.142,False,None,0.000,False
27.648,4,en_route_pickup,4.313,-1.319,0.000,3.500,joint_grid_transaction,11,11,2,9,4,0.000,1.00,1.603,False,None,0.000,False
27.648,5,en_route_pickup,-6.888,-0.056,1.000,1.500,joint_grid_transaction,11,11,2,9,5,0.000,1.00,0.341,False,None,0.000,False
27.648,6,en_route_pickup,6.981,0.038,-1.000,-1.500,joint_grid_transaction,11,11,1,9,6,0.000,1.00,2.245,False,None,0.000,False
27.648,7,returning_home,-8.277,1.201,-7.000,0.000,joint_grid_transaction,11,11,2,9,None,0.000,1.00,0.014,False,None,0.000,False
27.648,8,returning_home,8.426,-1.200,7.000,0.000,joint_grid_transaction,11,11,2,9,None,0.000,1.00,-3.141,False,None,0.000,False
27.904,1,en_route_delivery,-4.936,2.594,-3.000,-1.500,joint_grid_transaction,11,11,2,9,1,0.000,1.00,-1.585,False,None,0.000,False
27.904,2,en_route_pickup,-4.192,0.093,-1.000,1.500,joint_grid_transaction,11,11,2,9,2,0.000,1.00,1.519,False,None,0.000,False
27.904,3,en_route_pickup,-0.178,3.000,-3.000,1.500,joint_grid_transaction,11,11,2,9,3,0.000,1.00,-3.142,False,None,0.000,False
27.904,4,en_route_pickup,4.310,-1.281,0.000,3.500,joint_grid_transaction,11,11,2,9,4,0.000,1.00,1.615,False,None,0.000,False
27.904,5,en_route_pickup,-6.843,-0.043,1.000,1.500,joint_grid_transaction,11,11,2,9,5,0.000,1.00,0.257,False,None,0.000,False
27.904,6,en_route_pickup,6.962,0.059,-1.000,-1.500,joint_grid_transaction,11,11,1,9,6,0.000,1.00,2.418,False,None,0.000,False
27.904,7,returning_home,-8.240,1.202,-7.000,0.000,joint_grid_transaction,11,11,2,9,None,0.000,1.00,0.020,False,None,0.000,False
27.904,8,returning_home,8.387,-1.200,7.000,0.000,joint_grid_transaction,11,11,2,9,None,0.000,1.00,-3.141,False,None,0.000,False
28.160,1,en_route_delivery,-4.937,2.558,-3.000,-1.500,joint_grid_transaction,11,11,2,9,1,0.000,1.00,-1.591,False,None,0.000,False
28.160,2,en_route_pickup,-4.190,0.125,-1.000,1.500,joint_grid_transaction,11,11,2,9,2,0.000,1.00,1.512,False,None,0.000,False
28.160,3,en_route_pickup,-0.226,3.000,-3.000,1.500,joint_grid_transaction,11,11,2,9,3,0.000,1.00,3.142,False,None,0.000,False
28.160,4,en_route_pickup,4.307,-1.243,0.000,3.500,joint_grid_transaction,11,11,2,9,4,0.000,1.00,1.632,False,None,0.000,False
28.160,5,en_route_pickup,-6.797,-0.032,1.000,1.500,joint_grid_transaction,11,11,2,9,5,0.000,1.00,0.199,False,None,0.000,False
28.160,6,en_route_pickup,6.945,0.073,-1.000,-1.500,joint_grid_transaction,11,11,2,9,6,0.000,1.00,2.576,False,None,0.000,False
28.160,7,returning_home,-8.214,1.203,-7.000,0.000,joint_grid_transaction,11,11,2,9,None,0.000,1.00,0.025,False,None,0.000,False
28.160,8,returning_home,8.349,-1.200,7.000,0.000,joint_grid_transaction,11,11,2,9,None,0.000,1.00,-3.141,False,None,0.000,False
28.416,1,en_route_delivery,-4.939,2.522,-3.000,-1.500,joint_grid_transaction,11,11,2,9,1,0.000,1.00,-1.600,False,None,0.000,False
28.416,2,en_route_pickup,-4.188,0.156,-1.000,1.500,joint_grid_transaction,11,11,2,9,2,0.000,1.00,1.511,False,None,0.000,False
28.416,3,en_route_pickup,-0.273,3.000,-3.000,1.500,joint_grid_transaction,11,11,2,9,3,0.000,1.00,3.142,False,None,0.000,False
28.416,4,en_route_pickup,4.303,-1.203,0.000,3.500,joint_grid_transaction,11,11,2,9,4,0.000,1.00,1.654,False,None,0.000,False
28.416,5,en_route_pickup,-6.750,-0.023,1.000,1.500,joint_grid_transaction,11,11,2,9,5,0.000,1.00,0.159,False,None,0.000,False
28.416,6,en_route_pickup,6.930,0.075,-1.000,-1.500,joint_grid_transaction,11,11,2,9,6,0.000,1.00,2.686,False,None,0.000,False
28.416,7,returning_home,-8.198,1.204,-7.000,0.000,joint_grid_transaction,11,11,3,9,None,0.000,1.00,0.029,False,None,0.000,False
28.416,8,returning_home,8.312,-1.200,7.000,0.000,joint_grid_transaction,11,11,2,9,None,0.000,1.00,-3.141,False,None,0.000,False
28.672,1,en_route_delivery,-4.941,2.487,-3.000,-1.500,joint_grid_transaction,11,11,2,9,1,0.000,1.00,-1.612,False,None,0.000,False
28.672,2,en_route_pickup,-4.186,0.186,-1.000,1.500,joint_grid_transaction,11,11,2,9,2,0.000,1.00,1.511,False,None,0.000,False
28.672,3,en_route_pickup,-0.321,3.000,-3.000,1.500,joint_grid_transaction,11,11,3,9,3,0.000,1.00,-3.142,False,None,0.000,False
28.672,4,en_route_pickup,4.299,-1.155,0.000,3.500,joint_grid_transaction,11,11,3,9,4,0.000,1.00,1.669,False,None,0.000,False
28.672,5,en_route_pickup,-6.703,-0.017,1.000,1.500,joint_grid_transaction,11,11,3,9,5,0.000,1.00,0.125,False,None,0.000,False
28.672,6,en_route_pickup,6.887,0.057,-1.000,-1.500,joint_grid_transaction,11,11,2,9,6,0.000,1.00,2.806,False,None,0.000,False
28.672,7,returning_home,-8.154,1.206,-7.000,0.000,joint_grid_transaction,11,11,3,9,None,0.000,1.00,0.039,False,None,0.000,False
28.672,8,returning_home,8.276,-1.200,7.000,0.000,joint_grid_transaction,11,11,2,9,None,0.000,1.00,-3.140,False,None,0.000,False
28.928,1,en_route_delivery,-4.944,2.450,-3.000,-1.500,joint_grid_transaction,11,11,2,9,1,0.000,1.00,-1.628,False,None,0.000,False
28.928,2,en_route_pickup,-4.185,0.213,-1.000,1.500,joint_grid_transaction,11,11,2,9,2,0.000,1.00,1.510,False,None,0.000,False
28.928,3,en_route_pickup,-0.369,3.000,-3.000,1.500,joint_grid_transaction,11,11,3,9,3,0.000,1.00,-3.142,False,None,0.000,False
28.928,4,en_route_pickup,4.294,-1.108,0.000,3.500,joint_grid_transaction,11,11,3,9,4,0.000,1.00,1.679,False,None,0.000,False
28.928,5,en_route_pickup,-6.656,-0.012,1.000,1.500,joint_grid_transaction,11,11,3,9,5,0.000,1.00,0.091,False,None,0.000,False
28.928,6,en_route_pickup,6.841,0.043,-1.000,-1.500,joint_grid_transaction,11,11,2,9,6,0.000,1.00,2.887,False,None,0.000,False
28.928,7,returning_home,-8.109,1.208,-7.000,0.000,joint_grid_transaction,11,11,3,9,None,0.000,1.00,0.052,False,None,0.000,False
28.928,8,returning_home,8.242,-1.200,7.000,0.000,joint_grid_transaction,11,11,2,9,None,0.000,1.00,-3.139,False,None,0.000,False
29.184,1,en_route_delivery,-4.947,2.404,-3.000,-1.500,joint_grid_transaction,11,11,3,9,1,0.000,1.00,-1.646,False,None,0.000,False
29.184,2,en_route_pickup,-4.183,0.237,-1.000,1.500,joint_grid_transaction,11,11,2,9,2,0.000,1.00,1.521,False,None,0.000,False
29.184,3,en_route_pickup,-0.417,3.000,-3.000,1.500,joint_grid_transaction,11,11,3,9,3,0.000,1.00,-3.142,False,None,0.000,False
29.184,4,en_route_pickup,4.289,-1.060,0.000,3.500,joint_grid_transaction,11,11,3,9,4,0.000,1.00,1.685,False,None,0.000,False
29.184,5,en_route_pickup,-6.612,-0.008,1.000,1.500,joint_grid_transaction,11,11,3,9,5,0.000,1.00,0.087,False,None,0.000,False
29.184,6,en_route_pickup,6.795,0.033,-1.000,-1.500,joint_grid_transaction,11,11,2,9,6,0.000,1.00,2.942,False,None,0.000,False
29.184,7,returning_home,-8.063,1.211,-7.000,0.000,joint_grid_transaction,11,11,3,9,None,0.000,1.00,0.068,False,None,0.000,False
29.184,8,returning_home,8.209,-1.200,7.000,0.000,joint_grid_transaction,11,11,2,9,None,0.000,1.00,-3.138,False,None,0.000,False
29.440,1,en_route_delivery,-4.951,2.356,-3.000,-1.500,joint_grid_transaction,11,11,3,9,1,0.000,1.00,-1.668,False,None,0.000,False
29.440,2,en_route_pickup,-4.183,0.259,-1.000,1.500,joint_grid_transaction,11,11,2,9,2,0.000,1.00,1.542,False,None,0.000,False
29.440,3,en_route_pickup,-0.465,3.000,-3.000,1.500,joint_grid_transaction,11,11,3,9,3,0.000,1.00,3.142,False,None,0.000,False
29.440,4,en_route_pickup,4.283,-1.013,0.000,3.500,joint_grid_transaction,11,11,3,9,4,0.000,1.00,1.690,False,None,0.000,False
29.440,5,en_route_pickup,-6.570,-0.004,1.000,1.500,joint_grid_transaction,11,11,3,9,5,0.000,1.00,0.086,False,None,0.000,False
29.440,6,en_route_pickup,6.748,0.024,-1.000,-1.500,joint_grid_transaction,11,11,2,9,6,0.000,1.00,2.981,False,None,0.000,False
29.440,7,returning_home,-8.016,1.215,-7.000,0.000,joint_grid_transaction,11,11,3,9,None,0.000,1.00,0.090,False,None,0.000,False
29.440,8,returning_home,8.168,-1.201,7.000,0.000,joint_grid_transaction,11,11,3,9,None,0.000,1.00,-3.137,False,None,0.000,False
29.696,1,en_route_delivery,-4.956,2.309,-3.000,-1.500,joint_grid_transaction,11,11,3,9,1,0.000,1.00,-1.685,False,None,0.000,False
29.696,2,en_route_pickup,-4.183,0.281,-1.000,1.500,joint_grid_transaction,11,11,2,9,2,0.000,1.00,1.573,False,None,0.000,False
29.696,3,en_route_pickup,-0.513,3.000,-3.000,1.500,joint_grid_transaction,11,11,3,9,3,0.000,1.00,3.142,False,None,0.000,False
29.696,4,en_route_pickup,4.278,-0.965,0.000,3.500,joint_grid_transaction,11,11,3,9,4,0.000,1.00,1.691,False,None,0.000,False
29.696,5,en_route_pickup,-6.528,-0.000,1.000,1.500,joint_grid_transaction,11,11,3,9,5,0.000,1.00,0.086,False,None,0.000,False
29.696,6,en_route_pickup,6.701,0.017,-1.000,-1.500,joint_grid_transaction,11,11,3,9,6,0.000,1.00,3.017,False,None,0.000,False
29.696,7,returning_home,-7.968,1.219,-7.000,0.000,joint_grid_transaction,11,11,3,9,None,0.000,1.00,0.109,False,None,0.000,False
29.696,8,returning_home,8.129,-1.201,7.000,0.000,joint_grid_transaction,11,11,3,9,None,0.000,1.00,-3.135,False,None,0.000,False
29.952,1,en_route_delivery,-4.962,2.261,-3.000,-1.500,joint_grid_transaction,11,11,3,9,1,0.000,1.00,-1.697,False,None,0.000,False
29.952,2,en_route_pickup,-4.183,0.312,-1.000,1.500,joint_grid_transaction,11,11,3,9,2,0.000,1.00,1.589,False,None,0.000,False
29.952,3,en_route_pickup,-0.561,3.000,-3.000,1.500,joint_grid_transaction,11,11,4,9,3,0.000,1.00,-3.142,False,None,0.000,False
29.952,4,en_route_pickup,4.272,-0.919,0.000,3.500,joint_grid_transaction,11,11,4,9,4,0.000,1.00,1.674,False,None,0.000,False
29.952,5,en_route_pickup,-6.487,0.003,1.000,1.500,joint_grid_transaction,11,11,3,9,5,0.000,1.00,0.086,False,None,0.000,False
29.952,6,en_route_pickup,6.654,0.012,-1.000,-1.500,joint_grid_transaction,11,11,3,9,6,0.000,1.00,3.050,False,None,0.000,False
29.952,7,returning_home,-7.924,1.224,-7.000,0.000,joint_grid_transaction,11,11,4,9,None,0.000,1.00,0.107,False,None,0.000,False
29.952,8,returning_home,8.090,-1.201,7.000,0.000,joint_grid_transaction,11,11,3,9,None,0.000,1.00,-3.133,False,None,0.000,False
30.208,1,en_route_delivery,-4.968,2.214,-3.000,-1.500,joint_grid_transaction,11,11,3,9,1,0.000,1.00,-1.703,False,None,0.000,False
30.208,2,en_route_pickup,-4.184,0.351,-1.000,1.500,joint_grid_transaction,11,11,3,9,2,0.000,1.00,1.595,False,None,0.000,False
30.208,3,en_route_pickup,-0.608,3.000,-3.000,1.500,joint_grid_transaction,11,11,4,9,3,0.000,1.00,-3.142,False,None,0.000,False
30.208,4,en_route_pickup,4.268,-0.875,0.000,3.500,joint_grid_transaction,11,11,4,9,4,0.000,1.00,1.670,False,None,0.000,False
30.208,5,en_route_pickup,-6.446,0.007,1.000,1.500,joint_grid_transaction,11,11,4,9,5,0.000,1.00,0.086,False,None,0.000,False
30.208,6,en_route_pickup,6.610,0.008,-1.000,-1.500,joint_grid_transaction,11,11,3,9,6,0.000,1.00,3.055,False,None,0.000,False
30.208,7,returning_home,-7.879,1.229,-7.000,0.000,joint_grid_transaction,11,11,4,9,None,0.000,1.00,0.106,False,None,0.000,False
30.208,8,returning_home,8.052,-1.202,7.000,0.000,joint_grid_transaction,11,11,3,9,None,0.000,1.00,-3.129,False,None,0.000,False
30.464,1,en_route_delivery,-4.974,2.167,-3.000,-1.500,joint_grid_transaction,11,11,4,9,1,0.000,1.00,-1.679,False,None,0.000,False
30.464,2,en_route_pickup,-4.186,0.390,-1.000,1.500,joint_grid_transaction,11,11,3,9,2,0.000,1.00,1.605,False,None,0.000,False
30.464,3,en_route_pickup,-0.656,3.000,-3.000,1.500,joint_grid_transaction,11,11,4,9,3,0.000,1.00,3.142,False,None,0.000,False
30.464,4,en_route_pickup,4.264,-0.831,0.000,3.500,joint_grid_transaction,11,11,4,9,4,0.000,1.00,1.670,False,None,0.000,False
30.464,5,en_route_pickup,-6.406,0.010,1.000,1.500,joint_grid_transaction,11,11,4,9,5,0.000,1.00,0.086,False,None,0.000,False
30.464,6,en_route_pickup,6.567,0.005,-1.000,-1.500,joint_grid_transaction,11,11,3,9,6,0.000,1.00,3.055,False,None,0.000,False
30.464,7,returning_home,-7.836,1.234,-7.000,0.000,joint_grid_transaction,11,11,4,9,None,0.000,1.00,0.105,False,None,0.000,False
30.464,8,returning_home,8.014,-1.203,7.000,0.000,joint_grid_transaction,11,11,3,9,None,0.000,1.00,-3.124,False,None,0.000,False
30.720,1,en_route_delivery,-4.979,2.120,-3.000,-1.500,joint_grid_transaction,11,11,4,9,1,0.000,1.00,-1.667,False,None,0.000,False
30.720,2,en_route_pickup,-4.188,0.429,-1.000,1.500,joint_grid_transaction,11,11,3,9,2,0.000,1.00,1.617,False,None,0.000,False
30.720,3,en_route_pickup,-0.704,3.000,-3.000,1.500,joint_grid_transaction,11,11,4,9,3,0.000,1.00,3.142,False,None,0.000,False
30.720,4,en_route_pickup,4.259,-0.788,0.000,3.500,joint_grid_transaction,11,11,4,9,4,0.000,1.00,1.669,False,None,0.000,False
30.720,5,en_route_pickup,-6.367,0.013,1.000,1.500,joint_grid_transaction,11,11,4,9,5,0.000,1.00,0.086,False,None,0.000,False
30.720,6,en_route_pickup,6.525,0.001,-1.000,-1.500,joint_grid_transaction,11,11,3,9,6,0.000,1.00,3.055,False,None,0.000,False
30.720,7,returning_home,-7.792,1.238,-7.000,0.000,joint_grid_transaction,11,11,4,9,None,0.000,1.00,0.105,False,None,0.000,False
30.720,8,returning_home,7.977,-1.204,7.000,0.000,joint_grid_transaction,11,11,3,9,None,0.000,1.00,-3.117,False,None,0.000,False
30.976,1,en_route_delivery,-4.983,2.076,-3.000,-1.500,joint_grid_transaction,11,11,4,9,1,0.000,1.00,-1.667,False,None,0.000,False
30.976,2,en_route_pickup,-4.191,0.469,-1.000,1.500,joint_grid_transaction,11,11,3,9,2,0.000,1.00,1.635,False,None,0.000,False
30.976,3,en_route_pickup,-0.752,3.000,-3.000,1.500,joint_grid_transaction,11,11,4,9,3,0.000,1.00,-3.142,False,None,0.000,False
30.976,4,en_route_pickup,4.255,-0.745,0.000,3.500,joint_grid_transaction,11,11,4,9,4,0.000,1.00,1.669,False,None,0.000,False
30.976,5,en_route_pickup,-6.329,0.017,1.000,1.500,joint_grid_transaction,11,11,4,9,5,0.000,1.00,0.086,False,None,0.000,False
30.976,6,en_route_pickup,6.484,-0.003,-1.000,-1.500,joint_grid_transaction,11,11,3,9,6,0.000,1.00,3.055,False,None,0.000,False
30.976,7,returning_home,-7.749,1.243,-7.000,0.000,joint_grid_transaction,11,11,4,9,None,0.000,1.00,0.104,False,None,0.000,False
30.976,8,returning_home,7.936,-1.206,7.000,0.000,joint_grid_transaction,11,11,4,9,None,0.000,1.00,-3.108,False,None,0.000,False
31.232,1,en_route_delivery,-4.987,2.031,-3.000,-1.500,joint_grid_transaction,11,11,4,9,1,0.000,1.00,-1.666,False,None,0.000,False
31.232,2,en_route_pickup,-4.195,0.510,-1.000,1.500,joint_grid_transaction,11,11,3,9,2,0.000,1.00,1.658,False,None,0.000,False
31.232,3,en_route_pickup,-0.800,3.000,-3.000,1.500,joint_grid_transaction,11,11,5,9,3,0.000,1.00,-3.142,False,None,0.000,False
31.232,4,en_route_pickup,4.251,-0.704,0.000,3.500,joint_grid_transaction,11,11,5,9,4,0.000,1.00,1.668,False,None,0.000,False
31.232,5,en_route_pickup,-6.291,0.020,1.000,1.500,joint_grid_transaction,11,11,4,9,5,0.000,1.00,0.085,False,None,0.000,False
31.232,6,en_route_pickup,6.444,-0.006,-1.000,-1.500,joint_grid_transaction,11,11,4,9,6,0.000,1.00,3.055,False,None,0.000,False
31.232,7,returning_home,-7.708,1.247,-7.000,0.000,joint_grid_transaction,11,11,5,9,None,0.000,1.00,0.103,False,None,0.000,False
31.232,8,returning_home,7.892,-1.208,7.000,0.000,joint_grid_transaction,11,11,4,9,None,0.000,1.00,-3.097,False,None,0.000,False
31.488,1,en_route_delivery,-4.991,1.988,-3.000,-1.500,joint_grid_transaction,11,11,4,9,1,0.000,1.00,-1.666,False,None,0.000,False
31.488,2,en_route_pickup,-4.200,0.554,-1.000,1.500,joint_grid_transaction,11,11,3,9,2,0.000,1.00,1.680,False,None,0.000,False
31.488,3,en_route_pickup,-0.848,3.000,-3.000,1.500,joint_grid_transaction,11,11,5,9,3,0.000,1.00,3.142,False,None,0.000,False
31.488,4,en_route_pickup,4.247,-0.663,0.000,3.500,joint_grid_transaction,11,11,5,9,4,0.000,1.00,1.668,False,None,0.000,False
31.488,5,en_route_pickup,-6.256,0.023,1.000,1.500,joint_grid_transaction,11,11,4,9,5,0.000,1.00,0.085,False,None,0.000,False
31.488,6,en_route_pickup,6.404,-0.010,-1.000,-1.500,joint_grid_transaction,11,11,4,9,6,0.000,1.00,3.055,False,None,0.000,False
31.488,7,returning_home,-7.667,1.251,-7.000,0.000,joint_grid_transaction,11,11,5,9,None,0.000,1.00,0.102,False,None,0.000,False
31.488,8,returning_home,7.846,-1.210,7.000,0.000,joint_grid_transaction,11,11,4,9,None,0.000,1.00,-3.082,False,None,0.000,False
31.744,1,en_route_delivery,-4.996,1.947,-3.000,-1.500,joint_grid_transaction,12,12,2,9,1,0.000,1.00,-1.675,False,None,0.000,False
31.744,2,en_route_pickup,-4.206,0.600,-1.000,1.500,joint_grid_transaction,12,12,2,9,2,0.000,1.00,1.687,False,None,0.000,False
31.744,3,en_route_pickup,-0.896,3.000,-3.000,1.500,joint_grid_transaction,12,12,2,9,3,0.000,1.00,3.142,False,None,0.000,False
31.744,4,en_route_pickup,4.243,-0.623,0.000,3.500,joint_grid_transaction,12,12,2,9,4,0.000,1.00,1.667,False,None,0.000,False
31.744,5,en_route_pickup,-6.221,0.026,1.000,1.500,joint_grid_transaction,12,12,1,9,5,0.000,1.00,0.085,False,None,0.000,False
31.744,6,en_route_pickup,6.364,-0.013,-1.000,-1.500,joint_grid_transaction,12,12,2,9,6,0.000,1.00,3.056,False,None,0.000,False
31.744,7,returning_home,-7.628,1.255,-7.000,0.000,joint_grid_transaction,12,12,2,9,None,0.000,1.00,0.101,False,None,0.000,False
31.744,8,returning_home,7.800,-1.214,7.000,0.000,joint_grid_transaction,12,12,2,9,None,0.000,1.00,-3.060,False,None,0.000,False
32.000,1,en_route_delivery,-5.000,1.906,-3.000,-1.500,joint_grid_transaction,12,12,2,9,1,0.000,1.00,-1.674,False,None,0.000,False
32.000,2,en_route_pickup,-4.211,0.647,-1.000,1.500,joint_grid_transaction,12,12,2,9,2,0.000,1.00,1.685,False,None,0.000,False
32.000,3,en_route_pickup,-0.944,3.000,-3.000,1.500,joint_grid_transaction,12,12,2,9,3,0.000,1.00,-3.142,False,None,0.000,False
32.000,4,en_route_pickup,4.239,-0.584,0.000,3.500,joint_grid_transaction,12,12,2,9,4,0.000,1.00,1.666,False,None,0.000,False
32.000,5,en_route_pickup,-6.185,0.029,1.000,1.500,joint_grid_transaction,12,12,2,9,5,0.000,1.00,0.087,False,None,0.000,False
32.000,6,en_route_pickup,6.326,-0.016,-1.000,-1.500,joint_grid_transaction,12,12,2,9,6,0.000,1.00,3.056,False,None,0.000,False
32.000,7,returning_home,-7.589,1.259,-7.000,0.000,joint_grid_transaction,12,12,2,9,None,0.000,1.00,0.101,False,None,0.000,False
32.000,8,returning_home,7.753,-1.218,7.000,0.000,joint_grid_transaction,12,12,2,9,None,0.000,1.00,-3.043,False,None,0.000,False
32.256,1,en_route_delivery,-5.004,1.866,-3.000,-1.500,joint_grid_transaction,12,12,2,9,1,0.000,1.00,-1.674,False,None,0.000,False
32.256,2,en_route_pickup,-4.217,0.695,-1.000,1.500,joint_grid_transaction,12,12,2,9,2,0.000,1.00,1.683,False,None,0.000,False
32.256,3,en_route_pickup,-0.991,3.000,-3.000,1.500,joint_grid_transaction,12,12,2,9,3,0.000,1.00,-3.142,False,None,0.000,False
32.256,4,en_route_pickup,4.236,-0.547,0.000,3.500,joint_grid_transaction,12,12,2,9,4,0.000,1.00,1.666,False,None,0.000,False
32.256,5,en_route_pickup,-6.149,0.032,1.000,1.500,joint_grid_transaction,12,12,2,9,5,0.000,1.00,0.087,False,None,0.000,False
32.256,6,en_route_pickup,6.289,-0.019,-1.000,-1.500,joint_grid_transaction,12,12,2,9,6,0.000,1.00,3.056,False,None,0.000,False
32.256,7,returning_home,-7.551,1.263,-7.000,0.000,joint_grid_transaction,12,12,2,9,None,0.000,1.00,0.100,False,None,0.000,False
32.256,8,returning_home,7.717,-1.222,7.000,0.000,joint_grid_transaction,12,12,2,9,None,0.000,1.00,-3.033,False,None,0.000,False
32.512,1,en_route_delivery,-5.008,1.827,-3.000,-1.500,joint_grid_transaction,12,12,2,9,1,0.000,1.00,-1.673,False,None,0.000,False
32.512,2,en_route_pickup,-4.222,0.743,-1.000,1.500,joint_grid_transaction,12,12,2,9,2,0.000,1.00,1.682,False,None,0.000,False
32.512,3,en_route_pickup,-1.031,3.000,-3.000,1.500,joint_grid_transaction,12,12,2,9,3,0.000,1.00,-3.142,False,joint_slot_deadline,32.804,False
32.512,4,en_route_pickup,4.232,-0.510,0.000,3.500,joint_grid_transaction,12,12,2,9,4,0.000,1.00,1.665,False,None,0.000,False
32.512,5,en_route_pickup,-6.114,0.035,1.000,1.500,joint_grid_transaction,12,12,2,9,5,0.000,1.00,0.087,False,None,0.000,False
32.512,6,en_route_pickup,6.253,-0.022,-1.000,-1.500,joint_grid_transaction,12,12,2,9,6,0.000,1.00,3.057,False,None,0.000,False
32.512,7,returning_home,-7.514,1.267,-7.000,0.000,joint_grid_transaction,12,12,2,9,None,0.000,1.00,0.099,False,None,0.000,False
32.512,8,returning_home,7.717,-1.222,7.000,0.000,joint_grid_transaction,12,12,2,9,None,0.000,1.00,-3.033,False,joint_slot_deadline,32.804,False
32.768,1,en_route_delivery,-5.012,1.789,-3.000,-1.500,joint_grid_transaction,12,12,2,9,1,0.000,1.00,-1.672,False,None,0.000,False
32.768,2,en_route_pickup,-4.227,0.785,-1.000,1.500,joint_grid_transaction,12,12,2,9,2,0.000,1.00,1.681,False,None,0.000,False
32.768,3,en_route_pickup,-1.031,3.000,-3.000,1.500,joint_grid_transaction,12,12,2,9,3,0.000,1.00,-3.142,False,joint_slot_deadline,32.804,False
32.768,4,en_route_pickup,4.229,-0.475,0.000,3.500,joint_grid_transaction,12,12,2,9,4,0.000,1.00,1.665,False,None,0.000,False
32.768,5,en_route_pickup,-6.081,0.038,1.000,1.500,joint_grid_transaction,12,12,2,9,5,0.000,1.00,0.086,False,None,0.000,False
32.768,6,en_route_pickup,6.219,-0.025,-1.000,-1.500,joint_grid_transaction,12,12,2,9,6,0.000,1.00,3.057,False,None,0.000,False
32.768,7,returning_home,-7.479,1.270,-7.000,0.000,joint_grid_transaction,12,12,2,9,None,0.000,1.00,0.099,False,None,0.000,False
32.768,8,returning_home,7.717,-1.222,7.000,0.000,joint_grid_transaction,12,12,2,9,None,0.000,1.00,-3.033,False,joint_slot_deadline,32.804,False
33.024,1,en_route_delivery,-5.016,1.753,-3.000,-1.500,joint_grid_transaction,12,12,2,9,1,0.000,1.00,-1.672,False,None,0.000,False
33.024,2,en_route_pickup,-4.231,0.816,-1.000,1.500,joint_grid_transaction,12,12,3,9,2,0.000,1.00,1.687,False,None,0.000,False
33.024,3,en_route_pickup,-1.066,3.000,-3.000,1.500,joint_grid_transaction,12,12,3,9,3,0.000,1.00,3.142,False,None,0.000,False
33.024,4,en_route_pickup,4.226,-0.439,0.000,3.500,joint_grid_transaction,12,12,3,9,4,0.000,1.00,1.665,False,None,0.000,False
33.024,5,en_route_pickup,-6.048,0.041,1.000,1.500,joint_grid_transaction,12,12,2,9,5,0.000,1.00,0.086,False,None,0.000,False
33.024,6,en_route_pickup,6.189,-0.028,-1.000,-1.500,joint_grid_transaction,12,12,3,9,6,0.000,1.00,3.052,False,None,0.000,False
33.024,7,returning_home,-7.443,1.274,-7.000,0.000,joint_grid_transaction,12,12,3,9,None,0.000,1.00,0.099,False,None,0.000,False
33.024,8,returning_home,7.685,-1.226,7.000,0.000,joint_grid_transaction,12,12,3,9,None,0.000,1.00,-3.026,False,None,0.000,False
33.280,1,en_route_delivery,-5.019,1.718,-3.000,-1.500,joint_grid_transaction,12,12,2,9,1,0.000,1.00,-1.671,False,None,0.000,False
33.280,2,en_route_pickup,-4.235,0.859,-1.000,1.500,joint_grid_transaction,12,12,3,9,2,0.000,1.00,1.681,False,None,0.000,False
33.280,3,en_route_pickup,-1.114,3.000,-3.000,1.500,joint_grid_transaction,12,12,3,9,3,0.000,1.00,3.142,False,None,0.000,False
33.280,4,en_route_pickup,4.222,-0.402,0.000,3.500,joint_grid_transaction,12,12,3,9,4,0.000,1.00,1.665,False,None,0.000,False
33.280,5,en_route_pickup,-6.018,0.043,1.000,1.500,joint_grid_transaction,12,12,2,9,5,0.000,1.00,0.086,False,None,0.000,False
33.280,6,en_route_pickup,6.153,-0.031,-1.000,-1.500,joint_grid_transaction,12,12,3,9,6,0.000,1.00,3.052,False,None,0.000,False
33.280,7,returning_home,-7.407,1.277,-7.000,0.000,joint_grid_transaction,12,12,3,9,None,0.000,1.00,0.098,False,None,0.000,False
33.280,8,returning_home,7.641,-1.231,7.000,0.000,joint_grid_transaction,12,12,3,9,None,0.000,1.00,-3.032,False,None,0.000,False
33.536,1,en_route_delivery,-5.022,1.725,-3.000,-1.500,joint_grid_transaction,12,12,3,9,1,0.000,1.00,-1.920,False,None,0.000,False
33.536,2,en_route_pickup,-4.240,0.902,-1.000,1.500,joint_grid_transaction,12,12,3,9,2,0.000,1.00,1.677,False,None,0.000,False
33.536,3,en_route_pickup,-1.161,3.000,-3.000,1.500,joint_grid_transaction,12,12,3,9,3,0.000,1.00,-3.142,False,None,0.000,False
33.536,4,en_route_pickup,4.219,-0.367,0.000,3.500,joint_grid_transaction,12,12,3,9,4,0.000,1.00,1.665,False,None,0.000,False
33.536,5,en_route_pickup,-5.989,0.046,1.000,1.500,joint_grid_transaction,12,12,2,9,5,0.000,1.00,0.086,False,None,0.000,False
33.536,6,en_route_pickup,6.118,-0.035,-1.000,-1.500,joint_grid_transaction,12,12,3,9,6,0.000,1.00,3.052,False,None,0.000,False
33.536,7,returning_home,-7.372,1.281,-7.000,0.000,joint_grid_transaction,12,12,3,9,None,0.000,1.00,0.098,False,None,0.000,False
33.536,8,returning_home,7.597,-1.235,7.000,0.000,joint_grid_transaction,12,12,3,9,None,0.000,1.00,-3.034,False,None,0.000,False
33.792,1,en_route_delivery,-5.030,1.731,-3.000,-1.500,joint_grid_transaction,12,12,3,9,1,0.000,1.00,-2.065,False,None,0.000,False
33.792,2,en_route_pickup,-4.245,0.943,-1.000,1.500,joint_grid_transaction,12,12,3,9,2,0.000,1.00,1.676,False,None,0.000,False
33.792,3,en_route_pickup,-1.209,3.000,-3.000,1.500,joint_grid_transaction,12,12,3,9,3,0.000,1.00,-3.142,False,None,0.000,False
33.792,4,en_route_pickup,4.216,-0.333,0.000,3.500,joint_grid_transaction,12,12,3,9,4,0.000,1.00,1.664,False,None,0.000,False
33.792,5,en_route_pickup,-5.964,0.048,1.000,1.500,joint_grid_transaction,12,12,2,9,5,0.000,1.00,0.080,False,None,0.000,False
33.792,6,en_route_pickup,6.085,-0.038,-1.000,-1.500,joint_grid_transaction,12,12,3,9,6,0.000,1.00,3.053,False,None,0.000,False
33.792,7,returning_home,-7.338,1.284,-7.000,0.000,joint_grid_transaction,12,12,3,9,None,0.000,1.00,0.097,False,None,0.000,False
33.792,8,returning_home,7.555,-1.240,7.000,0.000,joint_grid_transaction,12,12,3,9,None,0.000,1.00,-3.035,False,None,0.000,False
34.048,1,en_route_delivery,-5.055,1.691,-3.000,-1.500,joint_grid_transaction,12,12,3,9,1,0.000,1.00,-2.181,False,None,0.000,False
34.048,2,en_route_pickup,-4.249,0.984,-1.000,1.500,joint_grid_transaction,12,12,3,9,2,0.000,1.00,1.676,False,None,0.000,False
34.048,3,en_route_pickup,-1.257,3.000,-3.000,1.500,joint_grid_transaction,12,12,3,9,3,0.000,1.00,3.142,False,None,0.000,False
34.048,4,en_route_pickup,4.213,-0.300,0.000,3.500,joint_grid_transaction,12,12,3,9,4,0.000,1.00,1.664,False,None,0.000,False
34.048,5,en_route_pickup,-5.930,0.051,1.000,1.500,joint_grid_transaction,12,12,3,9,5,0.000,1.00,0.083,False,None,0.000,False
34.048,6,en_route_pickup,6.052,-0.040,-1.000,-1.500,joint_grid_transaction,12,12,3,9,6,0.000,1.00,3.053,False,None,0.000,False
34.048,7,returning_home,-7.305,1.287,-7.000,0.000,joint_grid_transaction,12,12,3,9,None,0.000,1.00,0.097,False,None,0.000,False
34.048,8,returning_home,7.513,-1.244,7.000,0.000,joint_grid_transaction,12,12,3,9,None,0.000,1.00,-3.036,False,None,0.000,False
34.304,1,en_route_delivery,-5.083,1.653,-3.000,-1.500,joint_grid_transaction,12,12,3,9,1,0.000,1.00,-2.263,False,None,0.000,False
34.304,2,en_route_pickup,-4.253,1.024,-1.000,1.500,joint_grid_transaction,12,12,3,9,2,0.000,1.00,1.675,False,None,0.000,False
34.304,3,en_route_pickup,-1.305,3.000,-3.000,1.500,joint_grid_transaction,12,12,4,9,3,0.000,1.00,3.142,False,None,0.000,False
34.304,4,en_route_pickup,4.210,-0.269,0.000,3.500,joint_grid_transaction,12,12,3,9,4,0.000,1.00,1.663,False,None,0.000,False
34.304,5,en_route_pickup,-5.898,0.053,1.000,1.500,joint_grid_transaction,12,12,3,9,5,0.000,1.00,0.083,False,None,0.000,False
34.304,6,en_route_pickup,6.022,-0.043,-1.000,-1.500,joint_grid_transaction,12,12,3,9,6,0.000,1.00,3.053,False,None,0.000,False
34.304,7,returning_home,-7.274,1.290,-7.000,0.000,joint_grid_transaction,12,12,3,9,None,0.000,1.00,0.096,False,None,0.000,False
34.304,8,returning_home,7.472,-1.249,7.000,0.000,joint_grid_transaction,12,12,3,9,None,0.000,1.00,-3.037,False,None,0.000,False
34.560,1,en_route_delivery,-5.105,1.623,-3.000,-1.500,joint_grid_transaction,12,12,4,9,1,0.000,1.00,-2.177,False,None,0.000,False
34.560,2,en_route_pickup,-4.257,1.063,-1.000,1.500,joint_grid_transaction,12,12,4,9,2,0.000,1.00,1.674,False,None,0.000,False
34.560,3,en_route_pickup,-1.353,3.000,-3.000,1.500,joint_grid_transaction,12,12,4,9,3,0.000,1.00,3.142,False,None,0.000,False
34.560,4,en_route_pickup,4.207,-0.240,0.000,3.500,joint_grid_transaction,12,12,3,9,4,0.000,1.00,1.663,False,None,0.000,False
34.560,5,en_route_pickup,-5.867,0.056,1.000,1.500,joint_grid_transaction,12,12,3,9,5,0.000,1.00,0.083,False,None,0.000,False
34.560,6,en_route_pickup,5.993,-0.046,-1.000,-1.500,joint_grid_transaction,12,12,3,9,6,0.000,1.00,3.053,False,None,0.000,False
34.560,7,returning_home,-7.245,1.293,-7.000,0.000,joint_grid_transaction,12,12,3,9,None,0.000,1.00,0.095,False,None,0.000,False
34.560,8,returning_home,7.432,-1.253,7.000,0.000,joint_grid_transaction,12,12,4,9,None,0.000,1.00,-3.038,False,None,0.000,False
34.816,1,en_route_delivery,-5.129,1.583,-3.000,-1.500,joint_grid_transaction,12,12,4,9,1,0.000,1.00,-2.077,False,None,0.000,False
34.816,2,en_route_pickup,-4.261,1.102,-1.000,1.500,joint_grid_transaction,12,12,4,9,2,0.000,1.00,1.673,False,None,0.000,False
34.816,3,en_route_pickup,-1.401,3.000,-3.000,1.500,joint_grid_transaction,12,12,4,9,3,0.000,1.00,-3.142,False,None,0.000,False
34.816,4,en_route_pickup,4.204,-0.213,0.000,3.500,joint_grid_transaction,12,12,3,9,4,0.000,1.00,1.663,False,None,0.000,False
34.816,5,en_route_pickup,-5.837,0.059,1.000,1.500,joint_grid_transaction,12,12,3,9,5,0.000,1.00,0.083,False,None,0.000,False
34.816,6,en_route_pickup,5.967,-0.048,-1.000,-1.500,joint_grid_transaction,12,12,3,9,6,0.000,1.00,3.059,False,None,0.000,False
34.816,7,returning_home,-7.218,1.296,-7.000,0.000,joint_grid_transaction,12,12,3,9,None,0.000,1.00,0.095,False,None,0.000,False
34.816,8,returning_home,7.392,-1.257,7.000,0.000,joint_grid_transaction,12,12,4,9,None,0.000,1.00,-3.038,False,None,0.000,False
35.072,1,en_route_delivery,-5.151,1.541,-3.000,-1.500,joint_grid_transaction,12,12,4,9,1,0.000,1.00,-2.009,False,None,0.000,False
35.072,2,en_route_pickup,-4.265,1.140,-1.000,1.500,joint_grid_transaction,12,12,4,9,2,0.000,1.00,1.673,False,None,0.000,False
35.072,3,en_route_pickup,-1.449,3.000,-3.000,1.500,joint_grid_transaction,12,12,4,9,3,0.000,1.00,-3.142,False,None,0.000,False
35.072,4,en_route_pickup,4.201,-0.180,0.000,3.500,joint_grid_transaction,12,12,4,9,4,0.000,1.00,1.665,False,None,0.000,False
35.072,5,en_route_pickup,-5.808,0.061,1.000,1.500,joint_grid_transaction,12,12,3,9,5,0.000,1.00,0.083,False,None,0.000,False
35.072,6,en_route_pickup,5.936,-0.050,-1.000,-1.500,joint_grid_transaction,12,12,4,9,6,0.000,1.00,3.062,False,None,0.000,False
35.072,7,returning_home,-7.217,1.295,-7.000,0.000,joint_grid_transaction,12,12,4,9,None,0.000,1.00,0.219,False,None,0.000,False
35.072,8,returning_home,7.354,-1.261,7.000,0.000,joint_grid_transaction,12,12,4,9,None,0.000,1.00,-3.039,False,None,0.000,False
35.328,1,en_route_delivery,-5.170,1.498,-3.000,-1.500,joint_grid_transaction,12,12,4,9,1,0.000,1.00,-1.961,False,None,0.000,False
35.328,2,en_route_pickup,-4.269,1.176,-1.000,1.500,joint_grid_transaction,12,12,4,9,2,0.000,1.00,1.672,False,None,0.000,False
35.328,3,en_route_pickup,-1.496,3.000,-3.000,1.500,joint_grid_transaction,12,12,4,9,3,0.000,1.00,3.142,False,None,0.000,False
35.328,4,en_route_pickup,4.198,-0.148,0.000,3.500,joint_grid_transaction,12,12,4,9,4,0.000,1.00,1.664,False,None,0.000,False
35.328,5,en_route_pickup,-5.783,0.063,1.000,1.500,joint_grid_transaction,12,12,3,9,5,0.000,1.00,0.076,False,None,0.000,False
35.328,6,en_route_pickup,5.903,-0.053,-1.000,-1.500,joint_grid_transaction,12,12,4,9,6,0.000,1.00,3.062,False,None,0.000,False
35.328,7,returning_home,-7.231,1.289,-7.000,0.000,joint_grid_transaction,12,12,4,9,None,0.000,1.00,0.462,False,None,0.000,False
35.328,8,returning_home,7.316,-1.265,7.000,0.000,joint_grid_transaction,12,12,4,9,None,0.000,1.00,-3.040,False,None,0.000,False
35.584,1,en_route_delivery,-5.184,1.456,-3.000,-1.500,joint_grid_transaction,12,12,4,9,1,0.000,1.00,-1.893,False,None,0.000,False
35.584,2,en_route_pickup,-4.272,1.212,-1.000,1.500,joint_grid_transaction,12,12,4,9,2,0.000,1.00,1.671,False,None,0.000,False
35.584,3,en_route_pickup,-1.544,3.000,-3.000,1.500,joint_grid_transaction,12,12,5,9,3,0.000,1.00,3.142,False,None,0.000,False
35.584,4,en_route_pickup,4.195,-0.117,0.000,3.500,joint_grid_transaction,12,12,4,9,4,0.000,1.00,1.664,False,None,0.000,False
35.584,5,en_route_pickup,-5.762,0.064,1.000,1.500,joint_grid_transaction,12,12,3,9,5,0.000,1.00,0.056,False,None,0.000,False
35.584,6,en_route_pickup,5.872,-0.055,-1.000,-1.500,joint_grid_transaction,12,12,4,9,6,0.000,1.00,3.062,False,None,0.000,False
35.584,7,returning_home,-7.238,1.279,-7.000,0.000,joint_grid_transaction,12,12,4,9,None,0.000,1.00,0.599,False,None,0.000,False
35.584,8,returning_home,7.280,-1.268,7.000,0.000,joint_grid_transaction,12,12,4,9,None,0.000,1.00,-3.041,False,None,0.000,False
35.840,1,en_route_delivery,-5.181,1.446,-3.000,-1.500,joint_grid_transaction,13,13,2,9,1,0.000,1.00,-1.508,False,None,0.000,False
35.840,2,en_route_pickup,-4.276,1.246,-1.000,1.500,joint_grid_transaction,13,13,1,9,2,0.000,1.00,1.671,False,None,0.000,False
35.840,3,en_route_pickup,-1.592,3.000,-3.000,1.500,joint_grid_transaction,13,13,2,9,3,0.000,1.00,-3.142,False,None,0.000,False
35.840,4,en_route_pickup,4.193,-0.087,0.000,3.500,joint_grid_transaction,13,13,2,9,4,0.000,1.00,1.655,False,None,0.000,False
35.840,5,en_route_pickup,-5.740,0.065,1.000,1.500,joint_grid_transaction,13,13,1,9,5,0.000,1.00,0.035,False,None,0.000,False
35.840,6,en_route_pickup,5.842,-0.057,-1.000,-1.500,joint_grid_transaction,13,13,2,9,6,0.000,1.00,3.070,False,None,0.000,False
35.840,7,returning_home,-7.220,1.283,-7.000,0.000,joint_grid_transaction,13,13,1,7,None,0.000,1.00,0.488,False,None,0.000,False
35.840,8,returning_home,7.245,-1.272,7.000,0.000,joint_grid_transaction,13,13,1,7,None,0.000,1.00,-3.041,False,None,0.000,False
36.096,1,en_route_delivery,-5.179,1.454,-3.000,-1.500,joint_grid_transaction,13,13,2,9,1,0.000,1.00,-1.245,False,None,0.000,False
36.096,2,en_route_pickup,-4.279,1.278,-1.000,1.500,joint_grid_transaction,13,13,1,9,2,0.000,1.00,1.670,False,None,0.000,False
36.096,3,en_route_pickup,-1.640,3.000,-3.000,1.500,joint_grid_transaction,13,13,2,9,3,0.000,1.00,-3.142,False,None,0.000,False
36.096,4,en_route_pickup,4.191,-0.059,0.000,3.500,joint_grid_transaction,13,13,2,9,4,0.000,1.00,1.654,False,None,0.000,False
36.096,5,en_route_pickup,-5.718,0.065,1.000,1.500,joint_grid_transaction,13,13,1,9,5,0.000,1.00,0.012,False,None,0.000,False
36.096,6,en_route_pickup,5.812,-0.059,-1.000,-1.500,joint_grid_transaction,13,13,2,9,6,0.000,1.00,3.069,False,None,0.000,False
36.096,7,returning_home,-7.224,1.278,-7.000,0.000,joint_grid_transaction,13,13,2,7,None,0.000,1.00,0.552,False,None,0.000,False
36.096,8,returning_home,7.216,-1.274,7.000,0.000,joint_grid_transaction,13,13,1,7,None,0.000,1.00,-3.089,False,None,0.000,False
36.352,1,en_route_delivery,-5.169,1.446,-3.000,-1.500,joint_grid_transaction,13,13,2,9,1,0.000,1.00,-1.110,False,None,0.000,False
36.352,2,en_route_pickup,-4.282,1.312,-1.000,1.500,joint_grid_transaction,13,13,2,9,2,0.000,1.00,1.671,False,None,0.000,False
36.352,3,en_route_pickup,-1.688,3.000,-3.000,1.500,joint_grid_transaction,13,13,2,9,3,0.000,1.00,3.142,False,None,0.000,False
36.352,4,en_route_pickup,4.189,-0.032,0.000,3.500,joint_grid_transaction,13,13,2,9,4,0.000,1.00,1.654,False,None,0.000,False
36.352,5,en_route_pickup,-5.686,0.065,1.000,1.500,joint_grid_transaction,13,13,2,9,5,0.000,1.00,0.002,False,None,0.000,False
36.352,6,en_route_pickup,5.784,-0.061,-1.000,-1.500,joint_grid_transaction,13,13,2,9,6,0.000,1.00,3.069,False,None,0.000,False
36.352,7,returning_home,-7.206,1.257,-7.000,0.000,joint_grid_transaction,13,13,2,7,None,0.000,1.00,0.677,False,None,0.000,False
36.352,8,returning_home,7.225,-1.272,7.000,0.000,joint_grid_transaction,13,13,2,7,None,0.000,1.00,2.821,False,None,0.000,False
36.608,1,en_route_delivery,-5.149,1.410,-3.000,-1.500,joint_grid_transaction,13,13,2,9,1,0.000,1.00,-1.011,False,None,0.000,False
36.608,2,en_route_pickup,-4.286,1.347,-1.000,1.500,joint_grid_transaction,13,13,2,9,2,0.000,1.00,1.671,False,None,0.000,False
36.608,3,en_route_pickup,-1.736,3.000,-3.000,1.500,joint_grid_transaction,13,13,2,9,3,0.000,1.00,3.142,False,None,0.000,False
36.608,4,en_route_pickup,4.187,-0.011,0.000,3.500,joint_grid_transaction,13,13,2,9,4,0.000,1.00,1.633,False,None,0.000,False
36.608,5,en_route_pickup,-5.650,0.065,1.000,1.500,joint_grid_transaction,13,13,2,9,5,0.000,1.00,0.002,False,None,0.000,False
36.608,6,en_route_pickup,5.760,-0.063,-1.000,-1.500,joint_grid_transaction,13,13,2,9,6,0.000,1.00,3.080,False,None,0.000,False
36.608,7,returning_home,-7.171,1.226,-7.000,0.000,joint_grid_transaction,13,13,2,7,None,0.000,1.00,0.772,False,None,0.000,False
36.608,8,returning_home,7.237,-1.267,7.000,0.000,joint_grid_transaction,13,13,2,7,None,0.000,1.00,2.642,False,None,0.000,False
36.864,1,en_route_delivery,-5.146,1.406,-3.000,-1.500,joint_grid_transaction,13,13,2,9,1,0.000,1.00,-1.008,False,None,0.000,False
36.864,2,en_route_pickup,-4.289,1.380,-1.000,1.500,joint_grid_transaction,13,13,2,9,2,0.000,1.00,1.670,False,None,0.000,False
36.864,3,en_route_pickup,-1.784,3.000,-3.000,1.500,joint_grid_transaction,13,13,2,9,3,0.000,1.00,-3.142,False,None,0.000,False
36.864,4,en_route_pickup,4.187,0.011,0.000,3.500,joint_grid_transaction,13,13,2,9,4,0.000,1.00,1.612,False,None,0.000,False
36.864,5,en_route_pickup,-5.614,0.065,1.000,1.500,joint_grid_transaction,13,13,2,9,5,0.000,1.00,0.003,False,None,0.000,False
36.864,6,en_route_pickup,5.739,-0.064,-1.000,-1.500,joint_grid_transaction,13,13,2,9,6,0.000,1.00,3.101,False,None,0.000,False
36.864,7,returning_home,-7.138,1.192,-7.000,0.000,joint_grid_transaction,13,13,2,7,None,0.000,1.00,0.838,False,None,0.000,False
36.864,8,returning_home,7.218,-1.247,7.000,0.000,joint_grid_transaction,13,13,2,7,None,0.000,1.00,2.515,False,None,0.000,False
37.120,1,en_route_delivery,-5.127,1.374,-3.000,-1.500,_priority_yield_resume,14,13,3,1,1,0.000,0.55,-1.070,False,None,0.000,False
37.120,2,en_route_pickup,-4.292,1.412,-1.000,1.500,joint_grid_transaction,13,13,2,9,2,0.000,1.00,1.669,False,None,0.000,False
37.120,3,en_route_pickup,-1.832,3.000,-3.000,1.500,joint_grid_transaction,13,13,3,9,3,0.000,1.00,-3.142,False,None,0.000,False
37.120,4,en_route_pickup,4.186,0.032,0.000,3.500,joint_grid_transaction,13,13,2,9,4,0.000,1.00,1.583,False,None,0.000,False
37.120,5,en_route_pickup,-5.579,0.065,1.000,1.500,joint_grid_transaction,13,13,2,9,5,0.000,1.00,0.004,False,None,0.000,False
37.120,6,en_route_pickup,5.718,-0.064,-1.000,-1.500,joint_grid_transaction,13,13,2,9,6,0.000,1.00,3.130,False,None,0.000,False
37.120,7,returning_home,-7.130,1.171,-7.000,0.000,joint_grid_transaction,13,13,3,7,None,0.000,1.00,0.942,False,None,0.000,False
37.120,8,returning_home,7.182,-1.218,7.000,0.000,joint_grid_transaction,13,13,2,7,None,0.000,1.00,2.419,False,None,0.000,False
37.376,1,en_route_delivery,-5.121,1.361,-3.000,-1.500,_priority_yield_resume,14,13,0,1,1,0.000,0.55,-1.057,False,None,0.000,False
37.376,2,en_route_pickup,-4.295,1.443,-1.000,1.500,joint_grid_transaction,13,13,2,9,2,0.000,1.00,1.669,False,None,0.000,False
37.376,3,en_route_pickup,-1.879,3.000,-3.000,1.500,joint_grid_transaction,13,13,3,9,3,0.000,1.00,3.142,False,None,0.000,False
37.376,4,en_route_pickup,4.186,0.064,0.000,3.500,joint_grid_transaction,13,13,3,9,4,0.000,1.00,1.578,False,None,0.000,False
37.376,5,en_route_pickup,-5.546,0.064,1.000,1.500,joint_grid_transaction,13,13,2,9,5,0.000,1.00,0.005,False,None,0.000,False
37.376,6,en_route_pickup,5.685,-0.064,-1.000,-1.500,joint_grid_transaction,13,13,3,9,6,0.000,1.00,3.135,False,None,0.000,False
37.376,7,returning_home,-7.115,1.141,-7.000,0.000,joint_grid_transaction,13,13,3,7,None,0.000,1.00,1.055,False,None,0.000,False
37.376,8,returning_home,7.147,-1.185,7.000,0.000,joint_grid_transaction,13,13,2,7,None,0.000,1.00,2.352,False,None,0.000,False
37.632,1,en_route_delivery,-5.113,1.349,-3.000,-1.500,_priority_yield_resume,14,13,0,1,1,0.000,0.55,-1.046,False,None,0.000,False
37.632,2,en_route_pickup,-4.298,1.472,-1.000,1.500,joint_grid_transaction,13,13,2,9,2,0.000,1.00,1.668,False,None,0.000,False
37.632,3,en_route_pickup,-1.927,3.000,-3.000,1.500,joint_grid_transaction,13,13,3,9,3,0.000,1.00,3.142,False,None,0.000,False
37.632,4,en_route_pickup,4.186,0.100,0.000,3.500,joint_grid_transaction,13,13,3,9,4,0.000,1.00,1.579,False,None,0.000,False
37.632,5,en_route_pickup,-5.514,0.064,1.000,1.500,joint_grid_transaction,13,13,2,9,5,0.000,1.00,0.007,False,None,0.000,False
37.632,6,en_route_pickup,5.649,-0.064,-1.000,-1.500,joint_grid_transaction,13,13,3,9,6,0.000,1.00,3.134,False,None,0.000,False
37.632,7,returning_home,-7.094,1.099,-7.000,0.000,joint_grid_transaction,13,13,3,7,None,0.000,1.00,1.153,False,None,0.000,False
37.632,8,returning_home,7.139,-1.165,7.000,0.000,joint_grid_transaction,13,13,3,7,None,0.000,1.00,2.244,False,None,0.000,False
37.888,1,en_route_delivery,-5.106,1.337,-3.000,-1.500,_priority_yield_resume,14,13,0,1,1,0.000,0.55,-1.037,False,None,0.000,False
37.888,2,en_route_pickup,-4.301,1.499,-1.000,1.500,joint_grid_transaction,13,13,2,9,2,0.000,1.00,1.667,False,None,0.000,False
37.888,3,en_route_pickup,-1.975,3.000,-3.000,1.500,joint_grid_transaction,13,13,3,9,3,0.000,1.00,3.142,False,None,0.000,False
37.888,4,en_route_pickup,4.185,0.135,0.000,3.500,joint_grid_transaction,13,13,3,9,4,0.000,1.00,1.581,False,None,0.000,False
37.888,5,en_route_pickup,-5.483,0.063,1.000,1.500,joint_grid_transaction,13,13,2,9,5,0.000,1.00,0.011,False,None,0.000,False
37.888,6,en_route_pickup,5.614,-0.065,-1.000,-1.500,joint_grid_transaction,13,13,3,9,6,0.000,1.00,3.132,False,None,0.000,False
37.888,7,returning_home,-7.077,1.055,-7.000,0.000,joint_grid_transaction,13,13,3,7,None,0.000,1.00,1.219,False,None,0.000,False
37.888,8,returning_home,7.128,-1.139,7.000,0.000,joint_grid_transaction,13,13,3,7,None,0.000,1.00,2.132,False,None,0.000,False
38.144,1,en_route_delivery,-5.099,1.324,-3.000,-1.500,_priority_yield_resume,14,13,0,1,1,0.000,0.55,-1.028,False,None,0.000,False
38.144,2,en_route_pickup,-4.302,1.520,-1.000,1.500,joint_grid_transaction,13,13,2,9,2,0.000,1.00,1.647,False,None,0.000,False
38.144,3,en_route_pickup,-2.023,3.000,-3.000,1.500,joint_grid_transaction,13,13,3,9,3,0.000,1.00,-3.142,False,None,0.000,False
38.144,4,en_route_pickup,4.185,0.168,0.000,3.500,joint_grid_transaction,13,13,3,9,4,0.000,1.00,1.583,False,None,0.000,False
38.144,5,en_route_pickup,-5.452,0.063,1.000,1.500,joint_grid_transaction,13,13,2,9,5,0.000,1.00,0.015,False,None,0.000,False
38.144,6,en_route_pickup,5.581,-0.065,-1.000,-1.500,joint_grid_transaction,13,13,3,9,6,0.000,1.00,3.131,False,None,0.000,False
38.144,7,returning_home,-7.061,1.010,-7.000,0.000,joint_grid_transaction,13,13,3,7,None,0.000,1.00,1.265,False,None,0.000,False
38.144,8,returning_home,7.105,-1.098,7.000,0.000,joint_grid_transaction,13,13,3,7,None,0.000,1.00,2.028,False,None,0.000,False
38.400,1,en_route_delivery,-5.091,1.312,-3.000,-1.500,_priority_yield_resume,14,13,0,1,1,0.000,0.55,-1.021,False,None,0.000,False
38.400,2,en_route_pickup,-4.303,1.543,-1.000,1.500,joint_grid_transaction,13,13,2,9,2,0.000,1.00,1.627,False,None,0.000,False
38.400,3,en_route_pickup,-2.071,3.000,-3.000,1.500,joint_grid_transaction,13,13,4,9,3,0.000,1.00,-3.142,False,None,0.000,False
38.400,4,en_route_pickup,4.185,0.200,0.000,3.500,joint_grid_transaction,13,13,3,9,4,0.000,1.00,1.586,False,None,0.000,False
38.400,5,en_route_pickup,-5.412,0.062,1.000,1.500,joint_grid_transaction,13,13,3,9,5,0.000,1.00,0.021,False,None,0.000,False
38.400,6,en_route_pickup,5.549,-0.065,-1.000,-1.500,joint_grid_transaction,13,13,3,9,6,0.000,1.00,3.128,False,None,0.000,False
38.400,7,returning_home,-7.048,0.965,-7.000,0.000,joint_grid_transaction,13,13,3,7,None,0.000,1.00,1.298,False,None,0.000,False
38.400,8,returning_home,7.086,-1.054,7.000,0.000,joint_grid_transaction,13,13,3,7,None,0.000,1.00,1.958,False,None,0.000,False
38.656,1,en_route_delivery,-5.087,1.305,-3.000,-1.500,joint_grid_transaction,14,13,0,0,1,48.528,0.40,-1.018,False,None,0.000,False
38.656,2,en_route_pickup,-4.305,1.577,-1.000,1.500,joint_grid_transaction,13,13,3,9,2,0.000,1.00,1.631,False,None,0.000,False
38.656,3,en_route_pickup,-2.119,3.000,-3.000,1.500,joint_grid_transaction,13,13,4,9,3,0.000,1.00,3.142,False,None,0.000,False
38.656,4,en_route_pickup,4.184,0.229,0.000,3.500,joint_grid_transaction,13,13,3,9,4,0.000,1.00,1.588,False,None,0.000,False
38.656,5,en_route_pickup,-5.373,0.060,1.000,1.500,joint_grid_transaction,13,13,3,9,5,0.000,1.00,0.029,False,None,0.000,False
38.656,6,en_route_pickup,5.519,-0.066,-1.000,-1.500,joint_grid_transaction,13,13,3,9,6,0.000,1.00,3.126,False,None,0.000,False
38.656,7,returning_home,-7.037,0.919,-7.000,0.000,joint_grid_transaction,13,13,4,7,None,0.000,1.00,1.367,False,None,0.000,False
38.656,8,returning_home,7.069,-1.010,7.000,0.000,joint_grid_transaction,13,13,3,7,None,0.000,1.00,1.909,False,None,0.000,False
38.912,1,en_route_delivery,-5.087,1.305,-3.000,-1.500,joint_grid_transaction,14,13,0,0,1,48.528,0.40,-1.018,False,None,0.000,False
38.912,2,en_route_pickup,-4.307,1.610,-1.000,1.500,joint_grid_transaction,13,13,3,9,2,0.000,1.00,1.632,False,None,0.000,False
38.912,3,en_route_pickup,-2.167,3.000,-3.000,1.500,joint_grid_transaction,13,13,4,9,3,0.000,1.00,3.142,False,None,0.000,False
38.912,4,en_route_pickup,4.184,0.257,0.000,3.500,joint_grid_transaction,13,13,3,9,4,0.000,1.00,1.591,False,None,0.000,False
38.912,5,en_route_pickup,-5.333,0.058,1.000,1.500,joint_grid_transaction,13,13,3,9,5,0.000,1.00,0.039,False,None,0.000,False
38.912,6,en_route_pickup,5.492,-0.066,-1.000,-1.500,joint_grid_transaction,13,13,3,9,6,0.000,1.00,3.124,False,None,0.000,False
38.912,7,returning_home,-7.028,0.872,-7.000,0.000,joint_grid_transaction,13,13,4,7,None,0.000,1.00,1.417,False,None,0.000,False
38.912,8,returning_home,7.054,-0.965,7.000,0.000,joint_grid_transaction,13,13,3,7,None,0.000,1.00,1.875,False,None,0.000,False
39.168,1,en_route_delivery,-5.087,1.305,-3.000,-1.500,joint_grid_transaction,14,13,0,0,1,48.528,0.40,-1.018,False,None,0.000,False
39.168,2,en_route_pickup,-4.309,1.642,-1.000,1.500,joint_grid_transaction,13,13,3,9,2,0.000,1.00,1.633,False,None,0.000,False
39.168,3,en_route_pickup,-2.214,3.000,-3.000,1.500,joint_grid_transaction,13,13,4,9,3,0.000,1.00,-3.142,False,None,0.000,False
39.168,4,en_route_pickup,4.183,0.280,0.000,3.500,joint_grid_transaction,13,13,3,9,4,0.000,1.00,1.574,False,None,0.000,False
39.168,5,en_route_pickup,-5.293,0.056,1.000,1.500,joint_grid_transaction,13,13,3,9,5,0.000,1.00,0.054,False,None,0.000,False
39.168,6,en_route_pickup,5.468,-0.067,-1.000,-1.500,joint_grid_transaction,13,13,3,9,6,0.000,1.00,3.141,False,None,0.000,False
39.168,7,returning_home,-7.022,0.825,-7.000,0.000,joint_grid_transaction,13,13,4,7,None,0.000,1.00,1.450,False,None,0.000,False
39.168,8,returning_home,7.042,-0.919,7.000,0.000,joint_grid_transaction,13,13,4,7,None,0.000,1.00,1.798,False,None,0.000,False
39.424,1,en_route_delivery,-5.087,1.305,-3.000,-1.500,joint_grid_transaction,14,13,0,0,1,48.528,0.40,-1.018,False,None,0.000,False
39.424,2,en_route_pickup,-4.311,1.673,-1.000,1.500,joint_grid_transaction,13,13,3,9,2,0.000,1.00,1.633,False,None,0.000,False
39.424,3,en_route_pickup,-2.262,3.000,-3.000,1.500,joint_grid_transaction,13,13,4,9,3,0.000,1.00,-3.142,False,None,0.000,False
39.424,4,en_route_pickup,4.184,0.311,0.000,3.500,joint_grid_transaction,13,13,4,9,4,0.000,1.00,1.560,False,None,0.000,False
39.424,5,en_route_pickup,-5.252,0.052,1.000,1.500,joint_grid_transaction,13,13,3,9,5,0.000,1.00,0.074,False,None,0.000,False
39.424,6,en_route_pickup,5.437,-0.066,-1.000,-1.500,joint_grid_transaction,13,13,4,9,6,0.000,1.00,-3.127,False,None,0.000,False
39.424,7,returning_home,-7.017,0.778,-7.000,0.000,joint_grid_transaction,13,13,4,7,None,0.000,1.00,1.471,False,None,0.000,False
39.424,8,returning_home,7.032,-0.873,7.000,0.000,joint_grid_transaction,13,13,4,7,None,0.000,1.00,1.744,False,None,0.000,False
39.680,1,en_route_delivery,-5.086,1.303,-3.000,-1.500,joint_grid_transaction,16,13,0,9,1,48.528,0.40,-1.023,False,None,0.000,False
39.680,2,en_route_pickup,-4.313,1.701,-1.000,1.500,joint_grid_transaction,16,13,3,9,2,0.000,1.00,1.634,False,None,0.000,False
39.680,3,en_route_pickup,-2.310,3.000,-3.000,1.500,joint_grid_transaction,16,13,5,9,3,0.000,1.00,3.142,False,None,0.000,False
39.680,4,en_route_pickup,4.185,0.348,0.000,3.500,joint_grid_transaction,16,13,4,9,4,0.000,1.00,1.550,False,None,0.000,False
39.680,5,en_route_pickup,-5.210,0.048,1.000,1.500,joint_grid_transaction,16,13,3,9,5,0.000,1.00,0.099,False,None,0.000,False
39.680,6,en_route_pickup,5.399,-0.065,-1.000,-1.500,joint_grid_transaction,16,13,4,9,6,0.000,1.00,-3.117,False,None,0.000,False
39.680,7,returning_home,-7.012,0.732,-7.000,0.000,joint_grid_transaction,16,13,4,4,None,0.000,1.00,1.475,False,None,0.000,False
39.680,8,returning_home,7.025,-0.828,7.000,0.000,joint_grid_transaction,16,13,4,5,None,0.000,1.00,1.722,False,None,0.000,False
39.936,1,en_route_delivery,-5.082,1.297,-3.000,-1.500,joint_grid_transaction,16,16,1,9,1,48.528,0.40,-1.045,False,None,0.000,False
39.936,2,en_route_pickup,-4.315,1.728,-1.000,1.500,joint_grid_transaction,16,16,1,9,2,0.000,1.00,1.634,False,None,0.000,False
39.936,3,en_route_pickup,-2.358,3.000,-3.000,1.500,joint_grid_transaction,16,16,2,9,3,0.000,1.00,3.142,False,None,0.000,False
39.936,4,en_route_pickup,4.186,0.386,0.000,3.500,joint_grid_transaction,16,16,2,9,4,0.000,1.00,1.542,False,None,0.000,False
39.936,5,en_route_pickup,-5.162,0.043,1.000,1.500,joint_grid_transaction,16,16,2,9,5,0.000,1.00,0.103,False,None,0.000,False
39.936,6,en_route_pickup,5.360,-0.063,-1.000,-1.500,joint_grid_transaction,16,16,2,9,6,0.000,1.00,-3.108,False,None,0.000,False
39.936,7,returning_home,-7.008,0.689,-7.000,0.000,joint_grid_transaction,16,16,2,4,None,0.000,1.00,1.476,False,None,0.000,False
39.936,8,returning_home,7.019,-0.783,7.000,0.000,joint_grid_transaction,16,16,2,5,None,0.000,1.00,1.698,False,None,0.000,False
40.192,1,en_route_delivery,-5.079,1.290,-3.000,-1.500,joint_grid_transaction,16,16,1,9,1,48.528,0.40,-1.065,False,None,0.000,False
40.192,2,en_route_pickup,-4.315,1.750,-1.000,1.500,joint_grid_transaction,16,16,1,9,2,0.000,1.00,1.613,False,None,0.000,False
40.192,3,en_route_pickup,-2.406,3.000,-3.000,1.500,joint_grid_transaction,16,16,2,9,3,0.000,1.00,-3.142,False,None,0.000,False
40.192,4,en_route_pickup,4.188,0.425,0.000,3.500,joint_grid_transaction,16,16,2,9,4,0.000,1.00,1.531,False,None,0.000,False
40.192,5,en_route_pickup,-5.115,0.038,1.000,1.500,joint_grid_transaction,16,16,2,9,5,0.000,1.00,0.103,False,None,0.000,False
40.192,6,en_route_pickup,5.321,-0.061,-1.000,-1.500,joint_grid_transaction,16,16,2,9,6,0.000,1.00,-3.095,False,None,0.000,False
40.192,7,returning_home,-7.004,0.648,-7.000,0.000,joint_grid_transaction,16,16,2,4,None,0.000,1.00,1.476,False,None,0.000,False
40.192,8,returning_home,7.013,-0.736,7.000,0.000,joint_grid_transaction,16,16,2,5,None,0.000,1.00,1.673,False,None,0.000,False
40.448,1,en_route_delivery,-5.075,1.284,-3.000,-1.500,joint_grid_transaction,16,16,1,9,1,48.528,0.40,-1.084,False,None,0.000,False
40.448,2,en_route_pickup,-4.316,1.772,-1.000,1.500,joint_grid_transaction,16,16,1,9,2,0.000,1.00,1.590,False,None,0.000,False
40.448,3,en_route_pickup,-2.454,3.000,-3.000,1.500,joint_grid_transaction,16,16,2,9,3,0.000,1.00,-3.142,False,None,0.000,False
40.448,4,en_route_pickup,4.190,0.464,0.000,3.500,joint_grid_transaction,16,16,2,9,4,0.000,1.00,1.517,False,None,0.000,False
40.448,5,en_route_pickup,-5.067,0.033,1.000,1.500,joint_grid_transaction,16,16,2,9,5,0.000,1.00,0.104,False,None,0.000,False
40.448,6,en_route_pickup,5.281,-0.058,-1.000,-1.500,joint_grid_transaction,16,16,2,9,6,0.000,1.00,-3.077,False,None,0.000,False
40.448,7,returning_home,-7.000,0.606,-7.000,0.000,joint_grid_transaction,16,16,2,4,None,0.000,1.00,1.477,False,None,0.000,False
40.448,8,returning_home,7.012,-0.718,7.000,0.000,joint_grid_transaction,16,16,2,5,None,0.000,1.00,1.668,False,joint_slot_deadline,40.804,False
40.704,1,en_route_delivery,-5.071,1.277,-3.000,-1.500,joint_grid_transaction,16,16,1,9,1,48.528,0.40,-1.102,False,None,0.000,False
40.704,2,en_route_pickup,-4.316,1.792,-1.000,1.500,joint_grid_transaction,16,16,1,9,2,0.000,1.00,1.546,False,None,0.000,False
40.704,3,en_route_pickup,-2.502,3.000,-3.000,1.500,joint_grid_transaction,16,16,2,9,3,0.000,1.00,3.142,False,None,0.000,False
40.704,4,en_route_pickup,4.194,0.504,0.000,3.500,joint_grid_transaction,16,16,2,9,4,0.000,1.00,1.496,False,None,0.000,False
40.704,5,en_route_pickup,-5.019,0.028,1.000,1.500,joint_grid_transaction,16,16,2,9,5,0.000,1.00,0.104,False,None,0.000,False
40.704,6,en_route_pickup,5.240,-0.054,-1.000,-1.500,joint_grid_transaction,16,16,2,9,6,0.000,1.00,-3.054,False,None,0.000,False
40.704,7,returning_home,-6.996,0.566,-7.000,0.000,joint_grid_transaction,16,16,2,4,None,0.000,1.00,1.477,False,None,0.000,False
40.704,8,returning_home,7.012,-0.718,7.000,0.000,joint_grid_transaction,16,16,2,5,None,0.000,1.00,1.668,False,joint_slot_deadline,40.804,False
40.960,1,en_route_delivery,-5.068,1.270,-3.000,-1.500,joint_grid_transaction,16,16,1,9,1,48.528,0.40,-1.119,False,None,0.000,False
40.960,2,en_route_pickup,-4.313,1.780,-1.000,1.500,joint_grid_transaction,16,16,2,9,2,0.000,1.00,1.198,False,None,0.000,False
40.960,3,en_route_pickup,-2.550,3.000,-3.000,1.500,joint_grid_transaction,16,16,2,9,3,0.000,1.00,3.142,False,None,0.000,False
40.960,4,en_route_pickup,4.199,0.546,0.000,3.500,joint_grid_transaction,16,16,2,9,4,0.000,1.00,1.471,False,None,0.000,False
40.960,5,en_route_pickup,-4.972,0.023,1.000,1.500,joint_grid_transaction,16,16,2,9,5,0.000,1.00,0.104,False,None,0.000,False
40.960,6,en_route_pickup,5.196,-0.049,-1.000,-1.500,joint_grid_transaction,16,16,2,9,6,0.000,1.00,-3.032,False,None,0.000,False
40.960,7,returning_home,-6.993,0.526,-7.000,0.000,joint_grid_transaction,16,16,2,4,None,0.000,1.00,1.478,False,None,0.000,False
40.960,8,returning_home,7.009,-0.698,7.000,0.000,joint_grid_transaction,16,16,2,5,None,0.000,1.00,1.674,False,None,0.000,False
41.216,1,en_route_delivery,-5.065,1.264,-3.000,-1.500,joint_grid_transaction,16,16,1,9,1,48.528,0.40,-1.136,False,None,0.000,False
41.216,2,en_route_pickup,-4.306,1.766,-1.000,1.500,joint_grid_transaction,16,16,2,9,2,0.000,1.00,1.018,False,None,0.000,False
41.216,3,en_route_pickup,-2.597,3.000,-3.000,1.500,joint_grid_transaction,16,16,3,9,3,0.000,1.00,3.142,False,None,0.000,False
41.216,4,en_route_pickup,4.204,0.593,0.000,3.500,joint_grid_transaction,16,16,3,9,4,0.000,1.00,1.465,False,None,0.000,False
41.216,5,en_route_pickup,-4.927,0.019,1.000,1.500,joint_grid_transaction,16,16,3,9,5,0.000,1.00,0.098,False,None,0.000,False
41.216,6,en_route_pickup,5.148,-0.044,-1.000,-1.500,joint_grid_transaction,16,16,3,9,6,0.000,1.00,-3.032,False,None,0.000,False
41.216,7,returning_home,-6.989,0.488,-7.000,0.000,joint_grid_transaction,16,16,2,4,None,0.000,1.00,1.478,False,None,0.000,False
41.216,8,returning_home,7.005,-0.656,7.000,0.000,joint_grid_transaction,16,16,3,5,None,0.000,1.00,1.674,False,None,0.000,False
41.472,1,en_route_delivery,-5.062,1.257,-3.000,-1.500,joint_grid_transaction,16,16,1,9,1,48.528,0.40,-1.151,False,None,0.000,False
41.472,2,en_route_pickup,-4.287,1.778,-1.000,1.500,joint_grid_transaction,16,16,2,9,2,0.000,1.00,0.891,False,None,0.000,False
41.472,3,en_route_pickup,-2.645,3.000,-3.000,1.500,joint_grid_transaction,16,16,3,9,3,0.000,1.00,-3.142,False,None,0.000,False
41.472,4,en_route_pickup,4.209,0.641,0.000,3.500,joint_grid_transaction,16,16,3,9,4,0.000,1.00,1.462,False,None,0.000,False
41.472,5,en_route_pickup,-4.883,0.014,1.000,1.500,joint_grid_transaction,16,16,3,9,5,0.000,1.00,0.098,False,None,0.000,False
41.472,6,en_route_pickup,5.101,-0.039,-1.000,-1.500,joint_grid_transaction,16,16,3,9,6,0.000,1.00,-3.032,False,None,0.000,False
41.472,7,returning_home,-6.986,0.450,-7.000,0.000,joint_grid_transaction,16,16,3,4,None,0.000,1.00,1.478,False,None,0.000,False
41.472,8,returning_home,7.001,-0.615,7.000,0.000,joint_grid_transaction,16,16,3,5,None,0.000,1.00,1.673,False,None,0.000,False
41.728,1,en_route_delivery,-5.059,1.250,-3.000,-1.500,joint_grid_transaction,16,16,1,9,1,48.528,0.40,-1.166,False,None,0.000,False
41.728,2,en_route_pickup,-4.256,1.813,-1.000,1.500,joint_grid_transaction,16,16,2,9,2,0.000,1.00,0.791,False,None,0.000,False
41.728,3,en_route_pickup,-2.693,3.000,-3.000,1.500,joint_grid_transaction,16,16,3,9,3,0.000,1.00,-3.142,False,None,0.000,False
41.728,4,en_route_pickup,4.214,0.688,0.000,3.500,joint_grid_transaction,16,16,3,9,4,0.000,1.00,1.459,False,None,0.000,False
41.728,5,en_route_pickup,-4.840,0.010,1.000,1.500,joint_grid_transaction,16,16,3,9,5,0.000,1.00,0.097,False,None,0.000,False
41.728,6,en_route_pickup,5.053,-0.033,-1.000,-1.500,joint_grid_transaction,16,16,3,9,6,0.000,1.00,-3.032,False,None,0.000,False
41.728,7,returning_home,-6.982,0.412,-7.000,0.000,joint_grid_transaction,16,16,3,4,None,0.000,1.00,1.478,False,None,0.000,False
41.728,8,returning_home,6.997,-0.575,7.000,0.000,joint_grid_transaction,16,16,3,5,None,0.000,1.00,1.672,False,None,0.000,False
41.984,1,en_route_delivery,-5.056,1.243,-3.000,-1.500,joint_grid_transaction,16,16,1,9,1,48.528,0.40,-1.179,False,None,0.000,False
41.984,2,en_route_pickup,-4.221,1.845,-1.000,1.500,joint_grid_transaction,16,16,2,9,2,0.000,1.00,0.722,False,None,0.000,False
41.984,3,en_route_pickup,-2.741,3.000,-3.000,1.500,joint_grid_transaction,16,16,3,9,3,0.000,1.00,3.142,False,None,0.000,False
41.984,4,en_route_pickup,4.219,0.736,0.000,3.500,joint_grid_transaction,16,16,3,9,4,0.000,1.00,1.458,False,None,0.000,False
41.984,5,en_route_pickup,-4.798,0.006,1.000,1.500,joint_grid_transaction,16,16,3,9,5,0.000,1.00,0.097,False,None,0.000,False
41.984,6,en_route_pickup,5.005,-0.028,-1.000,-1.500,joint_grid_transaction,16,16,3,9,6,0.000,1.00,-3.032,False,None,0.000,False
41.984,7,returning_home,-6.979,0.374,-7.000,0.000,joint_grid_transaction,16,16,3,4,None,0.000,1.00,1.479,False,None,0.000,False
41.984,8,returning_home,6.993,-0.536,7.000,0.000,joint_grid_transaction,16,16,3,5,None,0.000,1.00,1.672,False,None,0.000,False
42.240,1,en_route_delivery,-5.053,1.236,-3.000,-1.500,joint_grid_transaction,16,16,1,9,1,48.528,0.40,-1.193,False,None,0.000,False
42.240,2,en_route_pickup,-4.185,1.876,-1.000,1.500,joint_grid_transaction,16,16,2,9,2,0.000,1.00,0.673,False,None,0.000,False
42.240,3,en_route_pickup,-2.786,3.000,-3.000,1.500,joint_grid_transaction,16,16,3,9,3,0.000,1.00,-3.123,False,None,0.000,False
42.240,4,en_route_pickup,4.225,0.783,0.000,3.500,joint_grid_transaction,16,16,3,9,4,0.000,1.00,1.456,False,None,0.000,False
42.240,5,en_route_pickup,-4.756,0.002,1.000,1.500,joint_grid_transaction,16,16,3,9,5,0.000,1.00,0.096,False,None,0.000,False
42.240,6,en_route_pickup,4.958,-0.023,-1.000,-1.500,joint_grid_transaction,16,16,3,9,6,0.000,1.00,-3.035,False,None,0.000,False
42.240,7,returning_home,-6.975,0.338,-7.000,0.000,joint_grid_transaction,16,16,3,4,None,0.000,1.00,1.479,False,None,0.000,False
42.240,8,returning_home,6.989,-0.498,7.000,0.000,joint_grid_transaction,16,16,3,5,None,0.000,1.00,1.671,False,None,0.000,False
42.496,1,en_route_delivery,-5.050,1.229,-3.000,-1.500,joint_grid_transaction,16,16,1,9,1,48.528,0.40,-1.205,False,None,0.000,False
42.496,2,en_route_pickup,-4.167,1.878,-1.000,1.500,joint_grid_transaction,16,16,3,9,2,0.000,1.00,0.565,False,None,0.000,False
42.496,3,en_route_pickup,-2.778,2.998,-3.000,1.500,joint_grid_transaction,16,16,4,9,3,0.000,1.00,-2.803,False,None,0.000,False
42.496,4,en_route_pickup,4.230,0.829,0.000,3.500,joint_grid_transaction,16,16,4,9,4,0.000,1.00,1.469,False,None,0.000,False
42.496,5,en_route_pickup,-4.715,-0.002,1.000,1.500,joint_grid_transaction,16,16,3,9,5,0.000,1.00,0.096,False,None,0.000,False
42.496,6,en_route_pickup,4.914,-0.018,-1.000,-1.500,joint_grid_transaction,16,16,4,9,6,0.000,1.00,-3.041,False,None,0.000,False
42.496,7,returning_home,-6.972,0.303,-7.000,0.000,joint_grid_transaction,16,16,3,4,None,0.000,1.00,1.479,False,None,0.000,False
42.496,8,returning_home,6.985,-0.461,7.000,0.000,joint_grid_transaction,16,16,3,5,None,0.000,1.00,1.671,False,None,0.000,False
42.752,1,en_route_delivery,-5.048,1.222,-3.000,-1.500,joint_grid_transaction,16,16,1,9,1,48.528,0.40,-1.217,False,None,0.000,False
42.752,2,en_route_pickup,-4.126,1.901,-1.000,1.500,joint_grid_transaction,16,16,3,9,2,0.000,1.00,0.445,False,None,0.000,False
42.752,3,en_route_pickup,-2.766,2.993,-3.000,1.500,joint_grid_transaction,16,16,4,9,3,0.000,1.00,-2.644,False,None,0.000,False
42.752,4,en_route_pickup,4.234,0.873,0.000,3.500,joint_grid_transaction,16,16,4,9,4,0.000,1.00,1.470,False,None,0.000,False
42.752,5,en_route_pickup,-4.675,-0.006,1.000,1.500,joint_grid_transaction,16,16,4,9,5,0.000,1.00,0.095,False,None,0.000,False
42.752,6,en_route_pickup,4.870,-0.014,-1.000,-1.500,joint_grid_transaction,16,16,4,9,6,0.000,1.00,-3.042,False,None,0.000,False
42.752,7,returning_home,-6.969,0.269,-7.000,0.000,joint_grid_transaction,16,16,3,4,None,0.000,1.00,1.480,False,None,0.000,False
42.752,8,returning_home,6.982,-0.424,7.000,0.000,joint_grid_transaction,16,16,4,5,None,0.000,1.00,1.670,False,None,0.000,False
43.008,1,en_route_delivery,-5.045,1.215,-3.000,-1.500,joint_grid_transaction,16,16,1,9,1,48.528,0.40,-1.231,False,None,0.000,False
43.008,2,en_route_pickup,-4.083,1.919,-1.000,1.500,joint_grid_transaction,16,16,3,9,2,0.000,1.00,0.365,False,None,0.000,False
43.008,3,en_route_pickup,-2.798,2.969,-3.000,1.500,joint_grid_transaction,16,16,4,9,3,0.000,1.00,-2.519,False,None,0.000,False
43.008,4,en_route_pickup,4.238,0.916,0.000,3.500,joint_grid_transaction,16,16,4,9,4,0.000,1.00,1.471,False,None,0.000,False
43.008,5,en_route_pickup,-4.636,-0.010,1.000,1.500,joint_grid_transaction,16,16,4,9,5,0.000,1.00,0.095,False,None,0.000,False
43.008,6,en_route_pickup,4.827,-0.010,-1.000,-1.500,joint_grid_transaction,16,16,4,9,6,0.000,1.00,-3.042,False,None,0.000,False
43.008,7,returning_home,-6.966,0.238,-7.000,0.000,joint_grid_transaction,16,16,3,4,None,0.000,1.00,1.480,False,None,0.000,False
43.008,8,returning_home,6.978,-0.387,7.000,0.000,joint_grid_transaction,16,16,4,5,None,0.000,1.00,1.669,False,None,0.000,False
43.264,1,en_route_delivery,-5.046,1.212,-3.000,-1.500,joint_grid_transaction,16,16,2,9,1,48.528,0.40,-1.287,False,None,0.000,False
43.264,2,en_route_pickup,-4.038,1.935,-1.000,1.500,joint_grid_transaction,16,16,3,9,2,0.000,1.00,0.310,False,None,0.000,False
43.264,3,en_route_pickup,-2.835,2.940,-3.000,1.500,joint_grid_transaction,16,16,4,9,3,0.000,1.00,-2.431,False,None,0.000,False
43.264,4,en_route_pickup,4.243,0.958,0.000,3.500,joint_grid_transaction,16,16,4,9,4,0.000,1.00,1.471,False,None,0.000,False
43.264,5,en_route_pickup,-4.597,-0.013,1.000,1.500,joint_grid_transaction,16,16,4,9,5,0.000,1.00,0.094,False,None,0.000,False
43.264,6,en_route_pickup,4.785,-0.005,-1.000,-1.500,joint_grid_transaction,16,16,4,9,6,0.000,1.00,-3.043,False,None,0.000,False
43.264,7,en_route_pickup,-6.964,0.215,-6.000,-3.500,joint_grid_transaction,16,16,4,1,8,0.000,1.00,1.481,False,None,0.000,False
43.264,8,returning_home,6.974,-0.351,7.000,0.000,joint_grid_transaction,16,16,4,5,None,0.000,1.00,1.669,False,None,0.000,False
43.520,1,en_route_delivery,-5.047,1.209,-3.000,-1.500,joint_grid_transaction,16,16,2,9,1,48.528,0.40,-1.345,False,None,0.000,False
43.520,2,en_route_pickup,-3.993,1.949,-1.000,1.500,joint_grid_transaction,16,16,3,9,2,0.000,1.00,0.272,False,None,0.000,False
43.520,3,en_route_pickup,-2.860,2.916,-3.000,1.500,joint_grid_transaction,16,16,4,9,3,0.000,1.00,-2.371,False,None,0.000,False
43.520,4,en_route_pickup,4.247,1.000,0.000,3.500,joint_grid_transaction,16,16,4,9,4,0.000,1.00,1.472,False,None,0.000,False
43.520,5,en_route_pickup,-4.560,-0.017,1.000,1.500,joint_grid_transaction,16,16,4,9,5,0.000,1.00,0.094,False,None,0.000,False
43.520,6,en_route_pickup,4.744,-0.001,-1.000,-1.500,joint_grid_transaction,16,16,4,9,6,0.000,1.00,-3.044,False,None,0.000,False
43.520,7,en_route_pickup,-6.964,0.215,-6.000,-3.500,joint_grid_transaction,16,16,4,1,8,0.000,1.00,1.481,False,None,0.000,False
43.520,8,returning_home,6.971,-0.316,7.000,0.000,joint_grid_transaction,16,16,4,5,None,0.000,1.00,1.668,False,None,0.000,False
43.776,1,en_route_delivery,-5.047,1.207,-3.000,-1.500,joint_grid_transaction,16,16,2,9,1,48.528,0.40,-1.408,False,None,0.000,False
43.776,2,en_route_pickup,-3.947,1.960,-1.000,1.500,joint_grid_transaction,16,16,4,9,2,0.000,1.00,0.225,False,None,0.000,False
43.776,3,en_route_pickup,-2.860,2.916,-3.000,1.500,joint_grid_transaction,16,16,5,9,3,0.000,1.00,-2.371,False,joint_slot_deadline,44.404,False
43.776,4,en_route_pickup,4.251,1.041,0.000,3.500,joint_grid_transaction,16,16,4,9,4,0.000,1.00,1.472,False,None,0.000,False
43.776,5,en_route_pickup,-4.524,-0.020,1.000,1.500,joint_grid_transaction,16,16,4,9,5,0.000,1.00,0.094,False,None,0.000,False
43.776,6,en_route_pickup,4.703,0.003,-1.000,-1.500,joint_grid_transaction,16,16,5,9,6,0.000,1.00,-3.044,False,None,0.000,False
43.776,7,en_route_pickup,-6.964,0.215,-6.000,-3.500,joint_grid_transaction,16,16,4,1,8,0.000,1.00,1.481,False,None,0.000,False
43.776,8,returning_home,6.968,-0.283,7.000,0.000,joint_grid_transaction,16,16,4,5,None,0.000,1.00,1.668,False,None,0.000,False
44.032,1,en_route_delivery,-5.047,1.201,-3.000,-1.500,joint_grid_transaction,18,18,2,9,1,48.528,0.40,-1.422,False,None,0.000,False
44.032,2,en_route_pickup,-3.901,1.970,-1.000,1.500,joint_grid_transaction,18,18,2,9,2,0.000,1.00,0.170,False,None,0.000,False
44.032,3,en_route_pickup,-2.861,2.915,-3.000,1.500,joint_grid_transaction,18,18,1,8,3,0.000,1.00,-2.371,False,joint_slot_deadline,45.012,False
44.032,4,en_route_pickup,4.255,1.081,0.000,3.500,joint_grid_transaction,18,18,2,9,4,0.000,1.00,1.473,False,None,0.000,False
44.032,5,en_route_pickup,-4.489,-0.023,1.000,1.500,joint_grid_transaction,18,18,1,9,5,0.000,1.00,0.093,False,None,0.000,False
44.032,6,en_route_pickup,4.663,0.006,-1.000,-1.500,joint_grid_transaction,18,18,2,9,6,0.000,1.00,-3.045,False,None,0.000,False
44.032,7,en_route_pickup,-6.961,0.226,-6.000,-3.500,joint_grid_transaction,18,18,2,9,8,0.000,1.00,1.208,False,None,0.000,False
44.032,8,returning_home,6.965,-0.252,7.000,0.000,joint_grid_transaction,18,18,1,2,None,0.000,1.00,1.667,False,None,0.000,False
44.288,1,en_route_delivery,-5.045,1.193,-3.000,-1.500,joint_grid_transaction,18,18,2,9,1,48.528,0.40,-1.425,False,None,0.000,False
44.288,2,en_route_pickup,-3.854,1.977,-1.000,1.500,joint_grid_transaction,18,18,2,9,2,0.000,1.00,0.130,False,None,0.000,False
44.288,3,en_route_pickup,-2.861,2.915,-3.000,1.500,joint_grid_transaction,18,18,1,8,3,0.000,1.00,-2.371,False,joint_slot_deadline,45.012,False
44.288,4,en_route_pickup,4.259,1.121,0.000,3.500,joint_grid_transaction,18,18,2,9,4,0.000,1.00,1.474,False,None,0.000,False
44.288,5,en_route_pickup,-4.466,-0.025,1.000,1.500,joint_grid_transaction,18,18,1,9,5,0.000,1.00,0.040,False,None,0.000,False
44.288,6,en_route_pickup,4.624,0.010,-1.000,-1.500,joint_grid_transaction,18,18,2,9,6,0.000,1.00,-3.045,False,None,0.000,False
44.288,7,en_route_pickup,-6.946,0.250,-6.000,-3.500,joint_grid_transaction,18,18,2,9,8,0.000,1.00,0.917,False,None,0.000,False
44.288,8,returning_home,6.962,-0.222,7.000,0.000,joint_grid_transaction,18,18,1,2,None,0.000,1.00,1.666,False,None,0.000,False
44.544,1,en_route_delivery,-5.044,1.186,-3.000,-1.500,joint_grid_transaction,18,18,2,9,1,48.528,0.40,-1.429,False,None,0.000,False
44.544,2,en_route_pickup,-3.806,1.982,-1.000,1.500,joint_grid_transaction,18,18,2,9,2,0.000,1.00,0.104,False,None,0.000,False
44.544,3,en_route_pickup,-2.861,2.915,-3.000,1.500,joint_grid_transaction,18,18,1,8,3,0.000,1.00,-2.371,False,joint_slot_deadline,45.012,False
44.544,4,en_route_pickup,4.262,1.159,0.000,3.500,joint_grid_transaction,18,18,2,9,4,0.000,1.00,1.474,False,None,0.000,False
44.544,5,en_route_pickup,-4.477,-0.022,1.000,1.500,joint_grid_transaction,18,18,2,9,5,0.000,1.00,0.367,False,None,0.000,False
44.544,6,en_route_pickup,4.586,0.014,-1.000,-1.500,joint_grid_transaction,18,18,2,9,6,0.000,1.00,-3.046,False,None,0.000,False
44.544,7,en_route_pickup,-6.922,0.276,-6.000,-3.500,joint_grid_transaction,18,18,2,9,8,0.000,1.00,0.695,False,None,0.000,False
44.544,8,en_route_pickup,6.961,-0.215,0.000,-3.500,joint_grid_transaction,18,18,2,3,7,0.000,1.00,1.666,False,None,0.000,False
44.800,1,en_route_delivery,-5.043,1.178,-3.000,-1.500,joint_grid_transaction,18,18,2,9,1,48.528,0.40,-1.432,False,None,0.000,False
44.800,2,en_route_pickup,-3.760,1.987,-1.000,1.500,joint_grid_transaction,18,18,2,9,2,0.000,1.00,0.095,False,None,0.000,False
44.800,3,en_route_pickup,-2.861,2.915,-3.000,1.500,joint_grid_transaction,18,18,1,8,3,0.000,1.00,-2.371,False,joint_slot_deadline,45.012,False
44.800,4,en_route_pickup,4.266,1.197,0.000,3.500,joint_grid_transaction,18,18,2,9,4,0.000,1.00,1.475,False,None,0.000,False
44.800,5,en_route_pickup,-4.489,-0.016,1.000,1.500,joint_grid_transaction,18,18,2,9,5,0.000,1.00,0.525,False,None,0.000,False
44.800,6,en_route_pickup,4.549,0.018,-1.000,-1.500,joint_grid_transaction,18,18,2,9,6,0.000,1.00,-3.046,False,None,0.000,False
44.800,7,en_route_pickup,-6.905,0.291,-6.000,-3.500,joint_grid_transaction,18,18,2,9,8,0.000,1.00,0.521,False,None,0.000,False
44.800,8,en_route_pickup,6.961,-0.215,0.000,-3.500,joint_grid_transaction,18,18,2,3,7,0.000,1.00,1.666,False,None,0.000,False
45.056,1,en_route_delivery,-5.042,1.170,-3.000,-1.500,joint_grid_transaction,18,18,2,9,1,48.528,0.40,-1.435,False,None,0.000,False
45.056,2,en_route_pickup,-3.716,1.991,-1.000,1.500,joint_grid_transaction,18,18,2,9,2,0.000,1.00,0.095,False,None,0.000,False
45.056,3,en_route_pickup,-2.859,2.914,-3.000,1.500,joint_grid_transaction,18,18,1,8,3,0.000,1.00,-2.355,False,joint_slot_deadline,45.012,False
45.056,4,en_route_pickup,4.270,1.233,0.000,3.500,joint_grid_transaction,18,18,2,9,4,0.000,1.00,1.475,False,None,0.000,False
45.056,5,en_route_pickup,-4.461,0.007,1.000,1.500,joint_grid_transaction,18,18,2,9,5,0.000,1.00,0.650,False,None,0.000,False
45.056,6,en_route_pickup,4.513,0.021,-1.000,-1.500,joint_grid_transaction,18,18,2,9,6,0.000,1.00,-3.047,False,None,0.000,False
45.056,7,en_route_pickup,-6.891,0.294,-6.000,-3.500,joint_grid_transaction,18,18,2,9,8,0.000,1.00,0.403,False,None,0.000,False
45.056,8,en_route_pickup,6.961,-0.215,0.000,-3.500,joint_grid_transaction,18,18,2,3,7,0.000,1.00,1.666,False,None,0.000,False
45.312,1,en_route_delivery,-5.041,1.163,-3.000,-1.500,joint_grid_transaction,19,19,2,9,1,48.528,0.40,-1.437,False,None,0.000,False
45.312,2,en_route_pickup,-3.674,1.995,-1.000,1.500,joint_grid_transaction,19,19,2,9,2,0.000,1.00,0.094,False,None,0.000,False
45.312,3,en_route_pickup,-2.883,2.935,-3.000,1.500,joint_grid_transaction,19,19,1,8,3,0.000,1.00,-2.572,False,None,0.000,False
45.312,4,en_route_pickup,4.273,1.267,0.000,3.500,joint_grid_transaction,19,19,1,9,4,0.000,1.00,1.476,False,None,0.000,False
45.312,5,en_route_pickup,-4.426,0.034,1.000,1.500,joint_grid_transaction,19,19,2,9,5,0.000,1.00,0.720,False,None,0.000,False
45.312,6,en_route_pickup,4.479,0.024,-1.000,-1.500,joint_grid_transaction,19,19,1,9,6,0.000,1.00,-3.047,False,None,0.000,False
45.312,7,en_route_pickup,-6.847,0.278,-6.000,-3.500,joint_grid_transaction,19,19,1,8,8,0.000,1.00,0.282,False,None,0.000,False
45.312,8,en_route_pickup,6.957,-0.227,0.000,-3.500,joint_grid_transaction,19,19,2,9,7,0.000,1.00,1.959,False,None,0.000,False
45.568,1,en_route_delivery,-5.040,1.155,-3.000,-1.500,joint_grid_transaction,19,19,2,9,1,48.528,0.40,-1.439,False,None,0.000,False
45.568,2,en_route_pickup,-3.632,1.999,-1.000,1.500,joint_grid_transaction,19,19,2,9,2,0.000,1.00,0.093,False,None,0.000,False
45.568,3,en_route_pickup,-2.901,2.946,-3.000,1.500,joint_grid_transaction,19,19,1,8,3,0.000,1.00,-2.809,False,None,0.000,False
45.568,4,en_route_pickup,4.276,1.302,0.000,3.500,joint_grid_transaction,19,19,2,9,4,0.000,1.00,1.475,False,None,0.000,False
45.568,5,en_route_pickup,-4.392,0.067,1.000,1.500,joint_grid_transaction,19,19,2,9,5,0.000,1.00,0.793,False,None,0.000,False
45.568,6,en_route_pickup,4.466,0.025,-1.000,-1.500,joint_grid_transaction,19,19,2,9,6,0.000,1.00,2.994,False,None,0.000,False
45.568,7,en_route_pickup,-6.802,0.267,-6.000,-3.500,joint_grid_transaction,19,19,1,8,8,0.000,1.00,0.196,False,None,0.000,False
45.568,8,en_route_pickup,6.942,-0.252,0.000,-3.500,joint_grid_transaction,19,19,2,9,7,0.000,1.00,2.244,False,None,0.000,False
45.824,1,en_route_delivery,-5.039,1.148,-3.000,-1.500,joint_grid_transaction,19,19,2,9,1,48.528,0.40,-1.442,False,None,0.000,False
45.824,2,en_route_pickup,-3.592,2.003,-1.000,1.500,joint_grid_transaction,19,19,2,9,2,0.000,1.00,0.093,False,None,0.000,False
45.824,3,en_route_pickup,-2.909,2.948,-3.000,1.500,joint_grid_transaction,19,19,1,8,3,0.000,1.00,-2.992,False,None,0.000,False
45.824,4,en_route_pickup,4.280,1.338,0.000,3.500,joint_grid_transaction,19,19,2,9,4,0.000,1.00,1.475,False,None,0.000,False
45.824,5,en_route_pickup,-4.384,0.075,1.000,1.500,joint_grid_transaction,19,19,2,9,5,0.000,1.00,0.807,False,joint_slot_deadline,46.276,False
45.824,6,en_route_pickup,4.479,0.021,-1.000,-1.500,joint_grid_transaction,19,19,2,9,6,0.000,1.00,2.725,False,None,0.000,False
45.824,7,en_route_pickup,-6.755,0.260,-6.000,-3.500,joint_grid_transaction,19,19,1,8,8,0.000,1.00,0.136,False,None,0.000,False
45.824,8,en_route_pickup,6.918,-0.278,0.000,-3.500,joint_grid_transaction,19,19,2,9,7,0.000,1.00,2.461,False,None,0.000,False
46.080,1,en_route_delivery,-5.038,1.140,-3.000,-1.500,joint_grid_transaction,19,19,2,9,1,48.528,0.40,-1.444,False,None,0.000,False
46.080,2,en_route_pickup,-3.552,2.006,-1.000,1.500,joint_grid_transaction,19,19,2,9,2,0.000,1.00,0.092,False,None,0.000,False
46.080,3,en_route_pickup,-2.931,2.946,-3.000,1.500,joint_grid_transaction,19,19,1,8,3,0.000,1.00,-3.016,False,None,0.000,False
46.080,4,en_route_pickup,4.283,1.373,0.000,3.500,joint_grid_transaction,19,19,2,9,4,0.000,1.00,1.476,False,None,0.000,False
46.080,5,en_route_pickup,-4.384,0.075,1.000,1.500,joint_grid_transaction,19,19,2,9,5,0.000,1.00,0.807,False,joint_slot_deadline,46.276,False
46.080,6,en_route_pickup,4.488,0.012,-1.000,-1.500,joint_grid_transaction,19,19,2,9,6,0.000,1.00,2.583,False,None,0.000,False
46.080,7,en_route_pickup,-6.719,0.255,-6.000,-3.500,joint_grid_transaction,19,19,1,8,8,0.000,1.00,0.103,False,None,0.000,False
46.080,8,en_route_pickup,6.901,-0.291,0.000,-3.500,joint_grid_transaction,19,19,2,9,7,0.000,1.00,2.632,False,None,0.000,False
46.336,1,en_route_delivery,-5.037,1.133,-3.000,-1.500,joint_grid_transaction,20,20,1,8,1,48.528,0.40,-1.446,False,None,0.000,False
46.336,2,en_route_pickup,-3.513,2.010,-1.000,1.500,joint_grid_transaction,20,20,1,8,2,0.000,1.00,0.092,False,None,0.000,False
46.336,3,en_route_pickup,-2.919,2.940,-3.000,1.500,joint_grid_transaction,20,20,2,9,3,0.000,1.00,-2.710,False,None,0.000,False
46.336,4,en_route_pickup,4.286,1.406,0.000,3.500,joint_grid_transaction,20,20,2,9,4,0.000,1.00,1.479,False,None,0.000,False
46.336,5,en_route_pickup,-4.383,0.076,1.000,1.500,joint_grid_transaction,20,20,1,8,5,0.000,1.00,0.807,False,joint_slot_deadline,47.284,False
46.336,6,en_route_pickup,4.473,0.018,-1.000,-1.500,joint_grid_transaction,20,20,1,9,6,0.000,1.00,2.723,False,None,0.000,False
46.336,7,en_route_pickup,-6.684,0.251,-6.000,-3.500,joint_grid_transaction,20,20,2,9,8,0.000,1.00,0.109,False,None,0.000,False
46.336,8,en_route_pickup,6.885,-0.291,0.000,-3.500,joint_grid_transaction,20,20,2,9,7,0.000,1.00,2.743,False,None,0.000,False
46.592,1,en_route_delivery,-5.036,1.125,-3.000,-1.500,joint_grid_transaction,20,20,1,8,1,48.528,0.40,-1.448,False,None,0.000,False
46.592,2,en_route_pickup,-3.475,2.013,-1.000,1.500,joint_grid_transaction,20,20,1,8,2,0.000,1.00,0.092,False,None,0.000,False
46.592,3,en_route_pickup,-2.893,2.923,-3.000,1.500,joint_grid_transaction,20,20,2,9,3,0.000,1.00,-2.436,False,None,0.000,False
46.592,4,en_route_pickup,4.289,1.439,0.000,3.500,joint_grid_transaction,20,20,2,9,4,0.000,1.00,1.479,False,None,0.000,False
46.592,5,en_route_pickup,-4.383,0.076,1.000,1.500,joint_grid_transaction,20,20,1,8,5,0.000,1.00,0.807,False,joint_slot_deadline,47.284,False
46.592,6,en_route_pickup,4.474,0.014,-1.000,-1.500,joint_grid_transaction,20,20,2,9,6,0.000,1.00,2.674,False,None,0.000,False
46.592,7,en_route_pickup,-6.645,0.247,-6.000,-3.500,joint_grid_transaction,20,20,2,9,8,0.000,1.00,0.108,False,None,0.000,False
46.592,8,en_route_pickup,6.841,-0.276,0.000,-3.500,joint_grid_transaction,20,20,2,9,7,0.000,1.00,2.867,False,None,0.000,False
46.848,1,en_route_delivery,-5.035,1.117,-3.000,-1.500,joint_grid_transaction,20,20,1,8,1,48.528,0.40,-1.450,False,None,0.000,False
46.848,2,en_route_pickup,-3.468,2.014,-1.000,1.500,joint_grid_transaction,20,20,1,8,2,0.000,1.00,0.092,False,joint_slot_deadline,47.284,False
46.848,3,en_route_pickup,-2.889,2.920,-3.000,1.500,joint_grid_transaction,20,20,2,9,3,0.000,1.00,-2.406,False,joint_slot_deadline,47.284,False
46.848,4,en_route_pickup,4.292,1.470,0.000,3.500,joint_grid_transaction,20,20,2,9,4,0.000,1.00,1.479,False,None,0.000,False
46.848,5,en_route_pickup,-4.383,0.076,1.000,1.500,joint_grid_transaction,20,20,1,8,5,0.000,1.00,0.807,False,joint_slot_deadline,47.284,False
46.848,6,en_route_pickup,4.471,0.001,-1.000,-1.500,joint_grid_transaction,20,20,2,9,6,0.000,1.00,2.541,False,None,0.000,False
46.848,7,en_route_pickup,-6.606,0.243,-6.000,-3.500,joint_grid_transaction,20,20,2,9,8,0.000,1.00,0.107,False,None,0.000,False
46.848,8,en_route_pickup,6.795,-0.265,0.000,-3.500,joint_grid_transaction,20,20,2,9,7,0.000,1.00,2.953,False,None,0.000,False
47.104,1,en_route_delivery,-5.034,1.110,-3.000,-1.500,joint_grid_transaction,20,20,1,8,1,48.528,0.40,-1.451,False,None,0.000,False
47.104,2,en_route_pickup,-3.468,2.014,-1.000,1.500,joint_grid_transaction,20,20,1,8,2,0.000,1.00,0.092,False,joint_slot_deadline,47.284,False
47.104,3,en_route_pickup,-2.889,2.920,-3.000,1.500,joint_grid_transaction,20,20,2,9,3,0.000,1.00,-2.406,False,joint_slot_deadline,47.284,False
47.104,4,en_route_pickup,4.294,1.499,0.000,3.500,joint_grid_transaction,20,20,2,9,4,0.000,1.00,1.480,False,None,0.000,False
47.104,5,en_route_pickup,-4.383,0.076,1.000,1.500,joint_grid_transaction,20,20,1,8,5,0.000,1.00,0.807,False,joint_slot_deadline,47.284,False
47.104,6,en_route_pickup,4.434,-0.028,-1.000,-1.500,joint_grid_transaction,20,20,2,9,6,0.000,1.00,2.434,False,None,0.000,False
47.104,7,en_route_pickup,-6.568,0.239,-6.000,-3.500,joint_grid_transaction,20,20,2,9,8,0.000,1.00,0.107,False,None,0.000,False
47.104,8,en_route_pickup,6.748,-0.258,0.000,-3.500,joint_grid_transaction,20,20,2,9,7,0.000,1.00,3.013,False,None,0.000,False
47.360,1,en_route_delivery,-5.034,1.102,-3.000,-1.500,joint_grid_transaction,20,20,1,8,1,48.528,0.40,-1.453,False,None,0.000,False
47.360,2,en_route_pickup,-3.462,2.015,-1.000,1.500,joint_grid_transaction,20,20,1,8,2,0.000,1.00,0.096,False,joint_slot_deadline,47.284,False
47.360,3,en_route_pickup,-2.888,2.919,-3.000,1.500,joint_grid_transaction,20,20,2,9,3,0.000,1.00,-2.390,False,joint_slot_deadline,47.284,False
47.360,4,en_route_pickup,4.297,1.526,0.000,3.500,joint_grid_transaction,20,20,2,9,4,0.000,1.00,1.480,False,None,0.000,False
47.360,5,en_route_pickup,-4.386,0.080,1.000,1.500,joint_grid_transaction,20,20,1,8,5,0.000,1.00,0.840,False,joint_slot_deadline,47.284,False
47.360,6,en_route_pickup,4.399,-0.060,-1.000,-1.500,joint_grid_transaction,20,20,2,9,6,0.000,1.00,2.359,False,None,0.000,False
47.360,7,en_route_pickup,-6.531,0.235,-6.000,-3.500,joint_grid_transaction,20,20,2,9,8,0.000,1.00,0.106,False,None,0.000,False
47.360,8,en_route_pickup,6.711,-0.253,0.000,-3.500,joint_grid_transaction,20,20,2,9,7,0.000,1.00,3.035,False,None,0.000,False
47.616,1,en_route_delivery,-5.033,1.095,-3.000,-1.500,joint_grid_transaction,20,20,1,8,1,48.528,0.40,-1.455,False,None,0.000,False
47.616,2,en_route_pickup,-3.424,2.019,-1.000,1.500,joint_grid_transaction,20,20,2,8,2,0.000,1.00,0.097,False,None,0.000,False
47.616,3,en_route_pickup,-2.888,2.919,-3.000,1.500,joint_grid_transaction,20,20,3,9,3,0.000,1.00,-2.390,False,joint_slot_deadline,48.484,False
47.616,4,en_route_pickup,4.299,1.554,0.000,3.500,joint_grid_transaction,20,20,3,9,4,0.000,1.00,1.489,False,None,0.000,False
47.616,5,en_route_pickup,-4.393,0.095,1.000,1.500,joint_grid_transaction,20,20,2,8,5,0.000,1.00,0.943,False,None,0.000,False
47.616,6,en_route_pickup,4.385,-0.083,-1.000,-1.500,joint_grid_transaction,20,20,3,9,6,0.000,1.00,2.255,False,None,0.000,False
47.616,7,en_route_pickup,-6.496,0.231,-6.000,-3.500,joint_grid_transaction,20,20,2,9,8,0.000,1.00,0.105,False,None,0.000,False
47.616,8,en_route_pickup,6.671,-0.249,0.000,-3.500,joint_grid_transaction,20,20,3,9,7,0.000,1.00,3.034,False,None,0.000,False
47.872,1,en_route_delivery,-5.032,1.087,-3.000,-1.500,joint_grid_transaction,20,20,1,8,1,48.528,0.40,-1.456,False,None,0.000,False
47.872,2,en_route_pickup,-3.387,2.022,-1.000,1.500,joint_grid_transaction,20,20,2,8,2,0.000,1.00,0.096,False,None,0.000,False
47.872,3,en_route_pickup,-2.888,2.919,-3.000,1.500,joint_grid_transaction,20,20,3,9,3,0.000,1.00,-2.390,False,joint_slot_deadline,48.484,False
47.872,4,en_route_pickup,4.302,1.587,0.000,3.500,joint_grid_transaction,20,20,3,9,4,0.000,1.00,1.489,False,None,0.000,False
47.872,5,en_route_pickup,-4.368,0.135,1.000,1.500,joint_grid_transaction,20,20,2,8,5,0.000,1.00,1.066,False,None,0.000,False
47.872,6,en_route_pickup,4.381,-0.104,-1.000,-1.500,joint_grid_transaction,20,20,3,9,6,0.000,1.00,2.148,False,None,0.000,False
47.872,7,en_route_pickup,-6.462,0.228,-6.000,-3.500,joint_grid_transaction,20,20,3,9,8,0.000,1.00,0.105,False,None,0.000,False
47.872,8,en_route_pickup,6.632,-0.245,0.000,-3.500,joint_grid_transaction,20,20,3,9,7,0.000,1.00,3.035,False,None,0.000,False
48.128,1,en_route_delivery,-5.031,1.082,-3.000,-1.500,joint_grid_transaction,20,20,1,8,1,48.528,0.40,-1.457,False,None,0.000,False
48.128,2,en_route_pickup,-3.351,2.026,-1.000,1.500,joint_grid_transaction,20,20,2,8,2,0.000,1.00,0.096,False,None,0.000,False
48.128,3,en_route_pickup,-2.888,2.919,-3.000,1.500,joint_grid_transaction,20,20,3,9,3,0.000,1.00,-2.390,False,joint_slot_deadline,48.484,False
48.128,4,en_route_pickup,4.304,1.619,0.000,3.500,joint_grid_transaction,20,20,3,9,4,0.000,1.00,1.489,False,None,0.000,False
48.128,5,en_route_pickup,-4.347,0.177,1.000,1.500,joint_grid_transaction,20,20,2,8,5,0.000,1.00,1.149,False,None,0.000,False
48.128,6,en_route_pickup,4.358,-0.145,-1.000,-1.500,joint_grid_transaction,20,20,3,9,6,0.000,1.00,2.038,False,None,0.000,False
48.128,7,en_route_pickup,-6.426,0.224,-6.000,-3.500,joint_grid_transaction,20,20,3,9,8,0.000,1.00,0.104,False,None,0.000,False
48.128,8,en_route_pickup,6.593,-0.241,0.000,-3.500,joint_grid_transaction,20,20,3,9,7,0.000,1.00,3.036,False,None,0.000,False
48.384,1,en_route_delivery,-5.031,1.082,-3.000,-1.500,joint_grid_transaction,20,20,1,8,1,48.528,0.40,-1.457,False,None,0.000,False
48.384,2,en_route_pickup,-3.316,2.029,-1.000,1.500,joint_grid_transaction,20,20,2,8,2,0.000,1.00,0.095,False,None,0.000,False
48.384,3,en_route_pickup,-2.888,2.919,-3.000,1.500,joint_grid_transaction,20,20,3,9,3,0.000,1.00,-2.390,False,joint_slot_deadline,48.484,False
48.384,4,en_route_pickup,4.307,1.650,0.000,3.500,joint_grid_transaction,20,20,3,9,4,0.000,1.00,1.489,False,None,0.000,False
48.384,5,en_route_pickup,-4.328,0.221,1.000,1.500,joint_grid_transaction,20,20,2,8,5,0.000,1.00,1.206,False,None,0.000,False
48.384,6,en_route_pickup,4.338,-0.188,-1.000,-1.500,joint_grid_transaction,20,20,3,9,6,0.000,1.00,1.964,False,None,0.000,False
48.384,7,en_route_pickup,-6.390,0.220,-6.000,-3.500,joint_grid_transaction,20,20,3,9,8,0.000,1.00,0.103,False,None,0.000,False
48.384,8,en_route_pickup,6.556,-0.237,0.000,-3.500,joint_grid_transaction,20,20,3,9,7,0.000,1.00,3.037,False,None,0.000,False
48.640,1,en_route_delivery,-5.031,1.082,-3.000,-1.500,joint_grid_transaction,20,20,1,8,1,0.000,0.40,-1.457,False,None,0.000,False
48.640,2,en_route_pickup,-3.283,2.032,-1.000,1.500,joint_grid_transaction,20,20,2,8,2,0.000,1.00,0.095,False,None,0.000,False
48.640,3,en_route_pickup,-2.889,2.920,-3.000,1.500,joint_grid_transaction,20,20,3,9,3,0.000,1.00,-2.406,False,None,0.000,False
48.640,4,en_route_pickup,4.309,1.679,0.000,3.500,joint_grid_transaction,20,20,3,9,4,0.000,1.00,1.489,False,None,0.000,False
48.640,5,en_route_pickup,-4.312,0.265,1.000,1.500,joint_grid_transaction,20,20,2,8,5,0.000,1.00,1.246,False,None,0.000,False
48.640,6,en_route_pickup,4.321,-0.232,-1.000,-1.500,joint_grid_transaction,20,20,3,9,6,0.000,1.00,1.913,False,None,0.000,False
48.640,7,en_route_pickup,-6.356,0.217,-6.000,-3.500,joint_grid_transaction,20,20,3,9,8,0.000,1.00,0.103,False,None,0.000,False
48.640,8,en_route_pickup,6.519,-0.233,0.000,-3.500,joint_grid_transaction,20,20,3,9,7,0.000,1.00,3.038,False,None,0.000,False
48.896,1,en_route_delivery,-5.030,1.074,-3.000,-1.500,joint_grid_transaction,20,20,1,8,1,0.000,0.40,-1.458,False,None,0.000,False
48.896,2,en_route_pickup,-3.251,2.035,-1.000,1.500,joint_grid_transaction,20,20,2,8,2,0.000,1.00,0.094,False,None,0.000,False
48.896,3,en_route_pickup,-2.889,2.920,-3.000,1.500,joint_grid_transaction,20,20,4,9,3,0.000,1.00,-2.406,False,joint_slot_deadline,49.684,False
48.896,4,en_route_pickup,4.311,1.707,0.000,3.500,joint_grid_transaction,20,20,3,9,4,0.000,1.00,1.489,False,None,0.000,False
48.896,5,en_route_pickup,-4.298,0.310,1.000,1.500,joint_grid_transaction,20,20,3,8,5,0.000,1.00,1.305,False,None,0.000,False
48.896,6,en_route_pickup,4.306,-0.277,-1.000,-1.500,joint_grid_transaction,20,20,3,9,6,0.000,1.00,1.877,False,None,0.000,False
48.896,7,en_route_pickup,-6.324,0.213,-6.000,-3.500,joint_grid_transaction,20,20,3,9,8,0.000,1.00,0.102,False,None,0.000,False
48.896,8,en_route_pickup,6.485,-0.229,0.000,-3.500,joint_grid_transaction,20,20,3,9,7,0.000,1.00,3.038,False,None,0.000,False
49.152,1,en_route_delivery,-5.028,1.053,-3.000,-1.500,joint_grid_transaction,20,20,1,8,1,0.000,1.00,-1.450,False,None,0.000,False
49.152,2,en_route_pickup,-3.221,2.038,-1.000,1.500,joint_grid_transaction,20,20,2,8,2,0.000,1.00,0.094,False,None,0.000,False
49.152,3,en_route_pickup,-2.889,2.920,-3.000,1.500,joint_grid_transaction,20,20,4,9,3,0.000,1.00,-2.406,False,joint_slot_deadline,49.684,False
49.152,4,en_route_pickup,4.313,1.731,0.000,3.500,joint_grid_transaction,20,20,3,9,4,0.000,1.00,1.499,False,None,0.000,False
49.152,5,en_route_pickup,-4.288,0.356,1.000,1.500,joint_grid_transaction,20,20,3,8,5,0.000,1.00,1.371,False,None,0.000,False
49.152,6,en_route_pickup,4.293,-0.323,-1.000,-1.500,joint_grid_transaction,20,20,4,9,6,0.000,1.00,1.808,False,None,0.000,False
49.152,7,en_route_pickup,-6.292,0.210,-6.000,-3.500,joint_grid_transaction,20,20,3,9,8,0.000,1.00,0.101,False,None,0.000,False
49.152,8,en_route_pickup,6.450,-0.226,0.000,-3.500,joint_grid_transaction,20,20,4,9,7,0.000,1.00,3.038,False,None,0.000,False
49.408,1,en_route_delivery,-5.022,1.007,-3.000,-1.500,joint_grid_transaction,20,20,1,8,1,0.000,1.00,-1.457,False,None,0.000,False
49.408,2,en_route_pickup,-3.188,2.041,-1.000,1.500,joint_grid_transaction,20,20,3,8,2,0.000,1.00,0.096,False,None,0.000,False
49.408,3,en_route_pickup,-2.889,2.920,-3.000,1.500,joint_grid_transaction,20,20,4,9,3,0.000,1.00,-2.406,False,joint_slot_deadline,49.684,False
49.408,4,en_route_pickup,4.314,1.751,0.000,3.500,joint_grid_transaction,20,20,3,9,4,0.000,1.00,1.527,False,None,0.000,False
49.408,5,en_route_pickup,-4.279,0.403,1.000,1.500,joint_grid_transaction,20,20,3,8,5,0.000,1.00,1.416,False,None,0.000,False
49.408,6,en_route_pickup,4.283,-0.369,-1.000,-1.500,joint_grid_transaction,20,20,4,9,6,0.000,1.00,1.750,False,None,0.000,False
49.408,7,en_route_pickup,-6.263,0.207,-6.000,-3.500,joint_grid_transaction,20,20,3,9,8,0.000,1.00,0.100,False,None,0.000,False
49.408,8,en_route_pickup,6.414,-0.222,0.000,-3.500,joint_grid_transaction,20,20,4,9,7,0.000,1.00,3.039,False,None,0.000,False
49.664,1,en_route_delivery,-5.019,0.967,-3.000,-1.500,joint_grid_transaction,21,21,1,9,1,0.000,1.00,-1.541,False,None,0.000,False
49.664,2,en_route_pickup,-3.157,2.044,-1.000,1.500,joint_grid_transaction,21,21,1,9,2,0.000,1.00,0.092,False,None,0.000,False
49.664,3,en_route_pickup,-2.896,2.926,-3.000,1.500,joint_grid_transaction,21,21,1,9,3,0.000,1.00,-2.467,False,None,0.000,False
49.664,4,en_route_pickup,4.314,1.773,0.000,3.500,joint_grid_transaction,21,21,1,9,4,0.000,1.00,1.549,False,None,0.000,False
49.664,5,en_route_pickup,-4.273,0.450,1.000,1.500,joint_grid_transaction,21,21,1,8,5,0.000,1.00,1.446,False,None,0.000,False
49.664,6,en_route_pickup,4.276,-0.414,-1.000,-1.500,joint_grid_transaction,21,21,1,9,6,0.000,1.00,1.726,False,None,0.000,False
49.664,7,en_route_pickup,-6.235,0.204,-6.000,-3.500,joint_grid_transaction,21,21,1,9,8,0.000,1.00,0.100,False,None,0.000,False
49.664,8,en_route_pickup,6.381,-0.219,0.000,-3.500,joint_grid_transaction,21,21,1,9,7,0.000,1.00,3.042,False,None,0.000,False
49.920,1,en_route_delivery,-5.022,0.978,-3.000,-1.500,joint_grid_transaction,21,21,1,9,1,0.000,1.00,-1.941,False,None,0.000,False
49.920,2,en_route_pickup,-3.124,2.047,-1.000,1.500,joint_grid_transaction,21,21,2,9,2,0.000,1.00,0.092,False,None,0.000,False
49.920,3,en_route_pickup,-2.919,2.943,-3.000,1.500,joint_grid_transaction,21,21,1,9,3,0.000,1.00,-2.721,False,None,0.000,False
49.920,4,en_route_pickup,4.314,1.790,0.000,3.500,joint_grid_transaction,21,21,1,9,4,0.000,1.00,1.629,False,None,0.000,False
49.920,5,en_route_pickup,-4.267,0.498,1.000,1.500,joint_grid_transaction,21,21,1,8,5,0.000,1.00,1.466,False,None,0.000,False
49.920,6,en_route_pickup,4.269,-0.459,-1.000,-1.500,joint_grid_transaction,21,21,2,9,6,0.000,1.00,1.701,False,None,0.000,False
49.920,7,en_route_pickup,-6.214,0.202,-6.000,-3.500,joint_grid_transaction,21,21,1,9,8,0.000,1.00,0.091,False,None,0.000,False
49.920,8,en_route_pickup,6.347,-0.215,0.000,-3.500,joint_grid_transaction,21,21,2,9,7,0.000,1.00,3.042,False,None,0.000,False
50.176,1,en_route_delivery,-5.038,0.989,-3.000,-1.500,joint_grid_transaction,21,21,1,9,1,0.000,1.00,-2.176,False,None,0.000,False
50.176,2,en_route_pickup,-3.093,2.050,-1.000,1.500,joint_grid_transaction,21,21,2,9,2,0.000,1.00,0.092,False,None,0.000,False
50.176,3,en_route_pickup,-2.931,2.948,-3.000,1.500,joint_grid_transaction,21,21,1,9,3,0.000,1.00,-2.930,False,None,0.000,False
50.176,4,en_route_pickup,4.311,1.777,0.000,3.500,joint_grid_transaction,21,21,2,9,4,0.000,1.00,1.967,False,None,0.000,False
50.176,5,en_route_pickup,-4.264,0.533,1.000,1.500,joint_grid_transaction,21,21,1,8,5,0.000,1.00,1.472,False,None,0.000,False
50.176,6,en_route_pickup,4.264,-0.507,-1.000,-1.500,joint_grid_transaction,21,21,2,9,6,0.000,1.00,1.674,False,None,0.000,False
50.176,7,en_route_pickup,-6.223,0.200,-6.000,-3.500,joint_grid_transaction,21,21,2,9,8,0.000,1.00,0.336,False,None,0.000,False
50.176,8,en_route_pickup,6.315,-0.212,0.000,-3.500,joint_grid_transaction,21,21,2,9,7,0.000,1.00,3.042,False,None,0.000,False
50.432,1,en_route_delivery,-5.066,0.951,-3.000,-1.500,joint_grid_transaction,21,21,2,9,1,0.000,1.00,-2.228,False,None,0.000,False
50.432,2,en_route_pickup,-3.063,2.053,-1.000,1.500,joint_grid_transaction,21,21,2,9,2,0.000,1.00,0.091,False,None,0.000,False
50.432,3,en_route_pickup,-2.945,2.948,-3.000,1.500,joint_grid_transaction,21,21,1,9,3,0.000,1.00,-3.018,False,None,0.000,False
50.432,4,en_route_pickup,4.304,1.764,0.000,3.500,joint_grid_transaction,21,21,2,9,4,0.000,1.00,2.135,False,None,0.000,False
50.432,5,en_route_pickup,-4.264,0.533,1.000,1.500,joint_grid_transaction,21,21,1,8,5,0.000,1.00,1.472,False,joint_slot_deadline,50.788,False
50.432,6,en_route_pickup,4.261,-0.533,-1.000,-1.500,joint_grid_transaction,21,21,2,9,6,0.000,1.00,1.667,False,joint_slot_deadline,50.788,False
50.432,7,en_route_pickup,-6.214,0.189,-6.000,-3.500,joint_grid_transaction,21,21,2,9,8,0.000,1.00,0.472,False,None,0.000,False
50.432,8,en_route_pickup,6.284,-0.209,0.000,-3.500,joint_grid_transaction,21,21,2,9,7,0.000,1.00,3.043,False,None,0.000,False
50.688,1,en_route_delivery,-5.096,0.914,-3.000,-1.500,joint_grid_transaction,21,21,2,9,1,0.000,1.00,-2.265,False,None,0.000,False
50.688,2,en_route_pickup,-3.035,2.055,-1.000,1.500,joint_grid_transaction,21,21,2,9,2,0.000,1.00,0.091,False,None,0.000,False
50.688,3,en_route_pickup,-2.967,2.945,-3.000,1.500,joint_grid_transaction,21,21,1,9,3,0.000,1.00,-3.035,False,None,0.000,False
50.688,4,en_route_pickup,4.284,1.779,0.000,3.500,joint_grid_transaction,21,21,2,9,4,0.000,1.00,2.258,False,None,0.000,False
50.688,5,en_route_pickup,-4.264,0.533,1.000,1.500,joint_grid_transaction,21,21,1,8,5,0.000,1.00,1.472,False,joint_slot_deadline,50.788,False
50.688,6,en_route_pickup,4.261,-0.533,-1.000,-1.500,joint_grid_transaction,21,21,2,9,6,0.000,1.00,1.667,False,joint_slot_deadline,50.788,False
50.688,7,en_route_pickup,-6.174,0.166,-6.000,-3.500,joint_grid_transaction,21,21,2,9,8,0.000,1.00,0.582,False,None,0.000,False
50.688,8,en_route_pickup,6.255,-0.206,0.000,-3.500,joint_grid_transaction,21,21,2,9,7,0.000,1.00,3.044,False,None,0.000,False
50.944,1,en_route_delivery,-5.099,0.900,-3.000,-1.500,joint_grid_transaction,21,21,3,9,1,0.000,1.00,-2.218,False,None,0.000,False
50.944,2,en_route_pickup,-3.011,2.057,-1.000,1.500,joint_grid_transaction,21,21,2,9,2,0.000,1.00,0.079,False,None,0.000,False
50.944,3,en_route_pickup,-2.988,2.944,-3.000,1.500,joint_grid_transaction,21,21,1,9,3,0.000,1.00,-3.055,False,None,0.000,False
50.944,4,en_route_pickup,4.252,1.814,0.000,3.500,joint_grid_transaction,21,21,2,9,4,0.000,1.00,2.353,False,None,0.000,False
50.944,5,en_route_pickup,-4.261,0.553,1.000,1.500,joint_grid_transaction,21,21,2,8,5,0.000,1.00,1.465,False,None,0.000,False
50.944,6,en_route_pickup,4.259,-0.553,-1.000,-1.500,joint_grid_transaction,21,21,3,9,6,0.000,1.00,1.673,False,None,0.000,False
50.944,7,en_route_pickup,-6.160,0.147,-6.000,-3.500,joint_grid_transaction,21,21,3,9,8,0.000,1.00,0.728,False,None,0.000,False
50.944,8,en_route_pickup,6.227,-0.204,0.000,-3.500,joint_grid_transaction,21,21,2,9,7,0.000,1.00,3.044,False,None,0.000,False
51.200,1,en_route_delivery,-5.125,0.861,-3.000,-1.500,joint_grid_transaction,21,21,3,9,1,0.000,1.00,-2.096,False,None,0.000,False
51.200,2,en_route_pickup,-2.990,2.058,-1.000,1.500,joint_grid_transaction,21,21,2,9,2,0.000,1.00,0.059,False,None,0.000,False
51.200,3,en_route_pickup,-3.009,2.943,-3.000,1.500,joint_grid_transaction,21,21,1,9,3,0.000,1.00,-3.075,False,None,0.000,False
51.200,4,en_route_pickup,4.218,1.846,0.000,3.500,joint_grid_transaction,21,21,2,9,4,0.000,1.00,2.419,False,None,0.000,False
51.200,5,en_route_pickup,-4.257,0.595,1.000,1.500,joint_grid_transaction,21,21,2,8,5,0.000,1.00,1.466,False,None,0.000,False
51.200,6,en_route_pickup,4.255,-0.595,-1.000,-1.500,joint_grid_transaction,21,21,3,9,6,0.000,1.00,1.672,False,None,0.000,False
51.200,7,en_route_pickup,-6.174,0.134,-6.000,-3.500,joint_grid_transaction,21,21,3,9,8,0.000,1.00,0.838,False,None,0.000,False
51.200,8,en_route_pickup,6.202,-0.202,0.000,-3.500,joint_grid_transaction,21,21,2,9,7,0.000,1.00,3.058,False,None,0.000,False
51.456,1,en_route_delivery,-5.147,0.819,-3.000,-1.500,joint_grid_transaction,21,21,3,9,1,0.000,1.00,-2.014,False,None,0.000,False
51.456,2,en_route_pickup,-2.968,2.059,-1.000,1.500,joint_grid_transaction,21,21,2,9,2,0.000,1.00,0.038,False,None,0.000,False
51.456,3,en_route_pickup,-3.029,2.942,-3.000,1.500,joint_grid_transaction,21,21,1,9,3,0.000,1.00,-3.103,False,None,0.000,False
51.456,4,en_route_pickup,4.181,1.876,0.000,3.500,joint_grid_transaction,21,21,2,9,4,0.000,1.00,2.466,False,None,0.000,False
51.456,5,en_route_pickup,-4.253,0.636,1.000,1.500,joint_grid_transaction,21,21,2,8,5,0.000,1.00,1.467,False,None,0.000,False
51.456,6,en_route_pickup,4.251,-0.636,-1.000,-1.500,joint_grid_transaction,21,21,3,9,6,0.000,1.00,1.672,False,None,0.000,False
51.456,7,en_route_pickup,-6.152,0.102,-6.000,-3.500,joint_grid_transaction,21,21,3,9,8,0.000,1.00,0.952,False,None,0.000,False
51.456,8,en_route_pickup,6.169,-0.199,0.000,-3.500,joint_grid_transaction,21,21,3,9,7,0.000,1.00,3.058,False,None,0.000,False
51.712,1,en_route_delivery,-5.166,0.776,-3.000,-1.500,joint_grid_transaction,21,21,3,9,1,0.000,1.00,-1.958,False,None,0.000,False
51.712,2,en_route_pickup,-2.938,2.060,-1.000,1.500,joint_grid_transaction,21,21,3,9,2,0.000,1.00,0.030,False,None,0.000,False
51.712,3,en_route_pickup,-3.039,2.942,-3.000,1.500,joint_grid_transaction,21,21,3,9,3,0.000,1.00,-3.114,False,joint_slot_deadline,51.988,False
51.712,4,en_route_pickup,4.164,1.879,0.000,3.500,joint_grid_transaction,21,21,3,9,4,0.000,1.00,2.581,False,None,0.000,False
51.712,5,en_route_pickup,-4.248,0.676,1.000,1.500,joint_grid_transaction,21,21,2,8,5,0.000,1.00,1.468,False,None,0.000,False
51.712,6,en_route_pickup,4.247,-0.676,-1.000,-1.500,joint_grid_transaction,21,21,3,9,6,0.000,1.00,1.671,False,None,0.000,False
51.712,7,en_route_pickup,-6.127,0.062,-6.000,-3.500,joint_grid_transaction,21,21,3,9,8,0.000,1.00,1.042,False,None,0.000,False
51.712,8,en_route_pickup,6.137,-0.196,0.000,-3.500,joint_grid_transaction,21,21,3,9,7,0.000,1.00,3.058,False,None,0.000,False
51.968,1,en_route_delivery,-5.183,0.732,-3.000,-1.500,joint_grid_transaction,21,21,3,9,1,0.000,1.00,-1.918,False,None,0.000,False
51.968,2,en_route_pickup,-2.904,2.061,-1.000,1.500,joint_grid_transaction,21,21,3,9,2,0.000,1.00,0.036,False,None,0.000,False
51.968,3,en_route_pickup,-3.039,2.942,-3.000,1.500,joint_grid_transaction,21,21,3,9,3,0.000,1.00,-3.114,False,joint_slot_deadline,51.988,False
51.968,4,en_route_pickup,4.123,1.901,0.000,3.500,joint_grid_transaction,21,21,3,9,4,0.000,1.00,2.698,False,None,0.000,False
51.968,5,en_route_pickup,-4.244,0.715,1.000,1.500,joint_grid_transaction,21,21,2,8,5,0.000,1.00,1.468,False,None,0.000,False
51.968,6,en_route_pickup,4.243,-0.715,-1.000,-1.500,joint_grid_transaction,21,21,3,9,6,0.000,1.00,1.671,False,None,0.000,False
51.968,7,en_route_pickup,-6.104,0.021,-6.000,-3.500,joint_grid_transaction,21,21,3,9,8,0.000,1.00,1.104,False,None,0.000,False
51.968,8,en_route_pickup,6.106,-0.194,0.000,-3.500,joint_grid_transaction,21,21,3,9,7,0.000,1.00,3.058,False,None,0.000,False
52.224,1,en_route_delivery,-5.188,0.700,-3.000,-1.500,joint_grid_transaction,21,21,4,9,1,0.000,1.00,-1.724,False,None,0.000,False
52.224,2,en_route_pickup,-2.872,2.062,-1.000,1.500,joint_grid_transaction,21,21,3,9,2,0.000,1.00,0.043,False,None,0.000,False
52.224,3,en_route_pickup,-3.033,2.941,-3.000,1.500,joint_grid_transaction,21,21,4,9,3,0.000,1.00,-2.880,False,None,0.000,False
52.224,4,en_route_pickup,4.079,1.920,0.000,3.500,joint_grid_transaction,21,21,3,9,4,0.000,1.00,2.777,False,None,0.000,False
52.224,5,en_route_pickup,-4.240,0.754,1.000,1.500,joint_grid_transaction,21,21,2,8,5,0.000,1.00,1.469,False,None,0.000,False
52.224,6,en_route_pickup,4.239,-0.753,-1.000,-1.500,joint_grid_transaction,21,21,3,9,6,0.000,1.00,1.670,False,None,0.000,False
52.224,7,en_route_pickup,-6.084,-0.022,-6.000,-3.500,joint_grid_transaction,21,21,3,9,8,0.000,1.00,1.147,False,None,0.000,False
52.224,8,en_route_pickup,6.077,-0.191,0.000,-3.500,joint_grid_transaction,21,21,3,9,7,0.000,1.00,3.058,False,None,0.000,False
52.480,1,en_route_delivery,-5.187,0.702,-3.000,-1.500,joint_grid_transaction,21,21,4,9,1,0.000,1.00,-1.347,False,None,0.000,False
52.480,2,en_route_pickup,-2.841,2.063,-1.000,1.500,joint_grid_transaction,21,21,3,9,2,0.000,1.00,0.051,False,None,0.000,False
52.480,3,en_route_pickup,-3.026,2.936,-3.000,1.500,joint_grid_transaction,21,21,4,9,3,0.000,1.00,-2.726,False,None,0.000,False
52.480,4,en_route_pickup,4.034,1.935,0.000,3.500,joint_grid_transaction,21,21,3,9,4,0.000,1.00,2.831,False,None,0.000,False
52.480,5,en_route_pickup,-4.237,0.791,1.000,1.500,joint_grid_transaction,21,21,2,8,5,0.000,1.00,1.470,False,None,0.000,False
52.480,6,en_route_pickup,4.235,-0.790,-1.000,-1.500,joint_grid_transaction,21,21,3,9,6,0.000,1.00,1.670,False,None,0.000,False
52.480,7,en_route_pickup,-6.065,-0.066,-6.000,-3.500,joint_grid_transaction,21,21,3,9,8,0.000,1.00,1.221,False,None,0.000,False
52.480,8,en_route_pickup,6.049,-0.189,0.000,-3.500,joint_grid_transaction,21,21,3,9,7,0.000,1.00,3.058,False,None,0.000,False
52.736,1,en_route_delivery,-5.183,0.712,-3.000,-1.500,joint_grid_transaction,21,21,4,9,1,0.000,1.00,-1.167,False,None,0.000,False
52.736,2,en_route_pickup,-2.812,2.065,-1.000,1.500,joint_grid_transaction,21,21,3,9,2,0.000,1.00,0.057,False,None,0.000,False
52.736,3,en_route_pickup,-3.059,2.919,-3.000,1.500,joint_grid_transaction,21,21,4,9,3,0.000,0.85,-2.630,False,None,0.000,False
52.736,4,en_route_pickup,3.989,1.949,0.000,3.500,joint_grid_transaction,21,21,3,9,4,0.000,1.00,2.868,False,None,0.000,False
52.736,5,en_route_pickup,-4.233,0.829,1.000,1.500,joint_grid_transaction,21,21,3,8,5,0.000,1.00,1.470,False,None,0.000,False
52.736,6,en_route_pickup,4.231,-0.827,-1.000,-1.500,joint_grid_transaction,21,21,4,9,6,0.000,1.00,1.669,False,None,0.000,False
52.736,7,en_route_pickup,-6.051,-0.111,-6.000,-3.500,joint_grid_transaction,21,21,4,9,8,0.000,1.00,1.306,False,None,0.000,False
52.736,8,en_route_pickup,6.025,-0.187,0.000,-3.500,joint_grid_transaction,21,21,3,9,7,0.000,1.00,3.070,False,None,0.000,False
52.992,1,en_route_delivery,-5.164,0.681,-3.000,-1.500,joint_grid_transaction,21,21,4,9,1,0.000,1.00,-1.045,False,None,0.000,False
52.992,2,en_route_pickup,-2.785,2.067,-1.000,1.500,joint_grid_transaction,21,21,3,9,2,0.000,1.00,0.058,False,None,0.000,False
52.992,3,en_route_pickup,-3.088,2.901,-3.000,1.500,joint_grid_transaction,21,21,4,9,3,0.000,0.85,-2.560,False,None,0.000,False
52.992,4,en_route_pickup,3.943,1.961,0.000,3.500,joint_grid_transaction,21,21,4,9,4,0.000,1.00,2.918,False,None,0.000,False
52.992,5,en_route_pickup,-4.229,0.866,1.000,1.500,joint_grid_transaction,21,21,3,8,5,0.000,1.00,1.471,False,None,0.000,False
52.992,6,en_route_pickup,4.228,-0.864,-1.000,-1.500,joint_grid_transaction,21,21,4,9,6,0.000,1.00,1.669,False,None,0.000,False
52.992,7,en_route_pickup,-6.040,-0.157,-6.000,-3.500,joint_grid_transaction,21,21,4,9,8,0.000,1.00,1.363,False,None,0.000,False
52.992,8,en_route_pickup,6.004,-0.186,0.000,-3.500,joint_grid_transaction,21,21,3,9,7,0.000,1.00,3.090,False,None,0.000,False
53.248,1,en_route_delivery,-5.151,0.657,-3.000,-1.500,joint_grid_transaction,22,22,2,9,1,0.000,1.00,-1.009,False,None,0.000,False
53.248,2,en_route_pickup,-2.761,2.068,-1.000,1.500,joint_grid_transaction,22,22,1,9,2,0.000,1.00,0.048,False,None,0.000,False
53.248,3,en_route_pickup,-3.088,2.898,-3.000,1.500,joint_grid_transaction,22,22,2,9,3,0.000,0.85,-2.539,False,None,0.000,False
53.248,4,en_route_pickup,3.897,1.970,0.000,3.500,joint_grid_transaction,22,22,2,9,4,0.000,1.00,2.971,False,None,0.000,False
53.248,5,en_route_pickup,-4.226,0.901,1.000,1.500,joint_grid_transaction,22,22,2,9,5,0.000,1.00,1.474,False,None,0.000,False
53.248,6,en_route_pickup,4.224,-0.900,-1.000,-1.500,joint_grid_transaction,22,22,2,9,6,0.000,1.00,1.666,False,None,0.000,False
53.248,7,en_route_pickup,-6.032,-0.200,-6.000,-3.500,joint_grid_transaction,22,22,2,9,8,0.000,1.00,1.384,False,None,0.000,False
53.248,8,en_route_pickup,5.982,-0.186,0.000,-3.500,joint_grid_transaction,22,22,1,9,7,0.000,1.00,3.112,False,None,0.000,False
53.504,1,en_route_delivery,-5.151,0.657,-3.000,-1.500,joint_grid_transaction,22,22,2,9,1,0.000,1.00,-1.009,False,joint_slot_deadline,54.292,False
53.504,2,en_route_pickup,-2.740,2.068,-1.000,1.500,joint_grid_transaction,22,22,1,9,2,0.000,1.00,0.019,False,None,0.000,False
53.504,3,en_route_pickup,-3.088,2.898,-3.000,1.500,joint_grid_transaction,22,22,2,9,3,0.000,0.85,-2.539,False,joint_slot_deadline,54.292,False
53.504,4,en_route_pickup,3.850,1.977,0.000,3.500,joint_grid_transaction,22,22,2,9,4,0.000,1.00,3.012,False,None,0.000,False
53.504,5,en_route_pickup,-4.222,0.936,1.000,1.500,joint_grid_transaction,22,22,2,9,5,0.000,1.00,1.475,False,None,0.000,False
53.504,6,en_route_pickup,4.221,-0.935,-1.000,-1.500,joint_grid_transaction,22,22,2,9,6,0.000,1.00,1.665,False,None,0.000,False
53.504,7,en_route_pickup,-6.024,-0.247,-6.000,-3.500,joint_grid_transaction,22,22,2,9,8,0.000,1.00,1.419,False,None,0.000,False
53.504,8,en_route_pickup,5.960,-0.185,0.000,-3.500,joint_grid_transaction,22,22,1,9,7,0.000,1.00,-3.141,False,None,0.000,False
53.760,1,en_route_delivery,-5.151,0.657,-3.000,-1.500,joint_grid_transaction,22,22,2,9,1,0.000,1.00,-1.009,False,joint_slot_deadline,54.292,False
53.760,2,en_route_pickup,-2.717,2.068,-1.000,1.500,joint_grid_transaction,22,22,1,9,2,0.000,1.00,0.006,False,None,0.000,False
53.760,3,en_route_pickup,-3.088,2.898,-3.000,1.500,joint_grid_transaction,22,22,2,9,3,0.000,0.85,-2.539,False,joint_slot_deadline,54.292,False
53.760,4,en_route_pickup,3.802,1.982,0.000,3.500,joint_grid_transaction,22,22,2,9,4,0.000,1.00,3.038,False,None,0.000,False
53.760,5,en_route_pickup,-4.219,0.970,1.000,1.500,joint_grid_transaction,22,22,2,9,5,0.000,1.00,1.475,False,None,0.000,False
53.760,6,en_route_pickup,4.218,-0.968,-1.000,-1.500,joint_grid_transaction,22,22,2,9,6,0.000,1.00,1.665,False,None,0.000,False
53.760,7,en_route_pickup,-6.019,-0.283,-6.000,-3.500,joint_grid_transaction,22,22,2,9,8,0.000,1.00,1.439,False,None,0.000,False
53.760,8,en_route_pickup,5.924,-0.185,0.000,-3.500,joint_grid_transaction,22,22,2,9,7,0.000,1.00,-3.141,False,None,0.000,False
54.016,1,en_route_delivery,-5.151,0.657,-3.000,-1.500,joint_grid_transaction,22,22,2,9,1,0.000,1.00,-1.009,False,joint_slot_deadline,54.292,False
54.016,2,en_route_pickup,-2.685,2.067,-1.000,1.500,joint_grid_transaction,22,22,2,9,2,0.000,1.00,0.023,False,None,0.000,False
54.016,3,en_route_pickup,-3.088,2.898,-3.000,1.500,joint_grid_transaction,22,22,2,9,3,0.000,0.85,-2.539,False,joint_slot_deadline,54.292,False
54.016,4,en_route_pickup,3.756,1.987,0.000,3.500,joint_grid_transaction,22,22,2,9,4,0.000,1.00,3.046,False,None,0.000,False
54.016,5,en_route_pickup,-4.216,1.002,1.000,1.500,joint_grid_transaction,22,22,2,9,5,0.000,1.00,1.476,False,None,0.000,False
54.016,6,en_route_pickup,4.215,-1.000,-1.000,-1.500,joint_grid_transaction,22,22,2,9,6,0.000,1.00,1.664,False,None,0.000,False
54.016,7,en_route_pickup,-6.019,-0.283,-6.000,-3.500,joint_grid_transaction,22,22,2,9,8,0.000,1.00,1.439,False,joint_slot_deadline,54.292,False
54.016,8,en_route_pickup,5.887,-0.185,0.000,-3.500,joint_grid_transaction,22,22,2,9,7,0.000,1.00,-3.141,False,None,0.000,False
54.272,1,en_route_delivery,-5.151,0.657,-3.000,-1.500,joint_grid_transaction,22,22,2,9,1,0.000,1.00,-1.009,False,joint_slot_deadline,54.292,False
54.272,2,en_route_pickup,-2.646,2.066,-1.000,1.500,joint_grid_transaction,22,22,2,9,2,0.000,1.00,0.031,False,None,0.000,False
54.272,3,en_route_pickup,-3.088,2.898,-3.000,1.500,joint_grid_transaction,22,22,2,9,3,0.000,1.00,-2.539,False,joint_slot_deadline,54.292,False
54.272,4,en_route_pickup,3.718,1.991,0.000,3.500,joint_grid_transaction,22,22,2,9,4,0.000,1.00,3.047,False,joint_slot_deadline,54.292,False
54.272,5,en_route_pickup,-4.213,1.031,1.000,1.500,joint_grid_transaction,22,22,2,9,5,0.000,1.00,1.476,False,None,0.000,False
54.272,6,en_route_pickup,4.212,-1.030,-1.000,-1.500,joint_grid_transaction,22,22,2,9,6,0.000,1.00,1.664,False,None,0.000,False
54.272,7,en_route_pickup,-6.019,-0.283,-6.000,-3.500,joint_grid_transaction,22,22,2,9,8,0.000,1.00,1.439,False,joint_slot_deadline,54.292,False
54.272,8,en_route_pickup,5.852,-0.186,0.000,-3.500,joint_grid_transaction,22,22,2,9,7,0.000,1.00,-3.141,False,None,0.000,False
54.528,1,en_route_delivery,-5.139,0.673,-3.000,-1.500,joint_grid_transaction,22,22,3,9,1,0.000,1.00,-0.859,False,None,0.000,False
54.528,2,en_route_pickup,-2.606,2.064,-1.000,1.500,joint_grid_transaction,22,22,2,9,2,0.000,1.00,0.043,False,None,0.000,False
54.528,3,en_route_pickup,-3.087,2.897,-3.000,1.500,joint_grid_transaction,22,22,3,9,3,0.000,1.00,-2.524,False,joint_slot_deadline,55.492,False
54.528,4,en_route_pickup,3.685,1.994,0.000,3.500,joint_grid_transaction,22,22,3,9,4,0.000,1.00,3.040,False,None,0.000,False
54.528,5,en_route_pickup,-4.210,1.061,1.000,1.500,joint_grid_transaction,22,22,3,9,5,0.000,1.00,1.472,False,None,0.000,False
54.528,6,en_route_pickup,4.209,-1.063,-1.000,-1.500,joint_grid_transaction,22,22,3,9,6,0.000,1.00,1.666,False,None,0.000,False
54.528,7,en_route_pickup,-6.014,-0.316,-6.000,-3.500,joint_grid_transaction,22,22,3,9,8,0.000,1.00,1.438,False,None,0.000,False
54.528,8,en_route_pickup,5.818,-0.186,0.000,-3.500,joint_grid_transaction,22,22,2,9,7,0.000,1.00,-3.140,False,None,0.000,False
54.784,1,en_route_delivery,-5.127,0.686,-3.000,-1.500,joint_grid_transaction,22,22,3,9,1,0.000,1.00,-0.753,False,None,0.000,False
54.784,2,en_route_pickup,-2.566,2.061,-1.000,1.500,joint_grid_transaction,22,22,2,9,2,0.000,1.00,0.059,False,None,0.000,False
54.784,3,en_route_pickup,-3.087,2.897,-3.000,1.500,joint_grid_transaction,22,22,3,9,3,0.000,1.00,-2.524,False,joint_slot_deadline,55.492,False
54.784,4,en_route_pickup,3.644,1.998,0.000,3.500,joint_grid_transaction,22,22,3,9,4,0.000,1.00,3.041,False,None,0.000,False
54.784,5,en_route_pickup,-4.207,1.095,1.000,1.500,joint_grid_transaction,22,22,3,9,5,0.000,1.00,1.472,False,None,0.000,False
54.784,6,en_route_pickup,4.206,-1.096,-1.000,-1.500,joint_grid_transaction,22,22,3,9,6,0.000,1.00,1.665,False,None,0.000,False
54.784,7,en_route_pickup,-6.008,-0.360,-6.000,-3.500,joint_grid_transaction,22,22,3,9,8,0.000,1.00,1.466,False,None,0.000,False
54.784,8,en_route_pickup,5.785,-0.186,0.000,-3.500,joint_grid_transaction,22,22,2,9,7,0.000,1.00,-3.140,False,None,0.000,False
55.040,1,en_route_delivery,-5.092,0.659,-3.000,-1.500,joint_grid_transaction,22,22,3,9,1,0.000,1.00,-0.635,False,None,0.000,False
55.040,2,en_route_pickup,-2.524,2.057,-1.000,1.500,joint_grid_transaction,22,22,2,9,2,0.000,1.00,0.080,False,None,0.000,False
55.040,3,en_route_pickup,-3.087,2.897,-3.000,1.500,joint_grid_transaction,22,22,3,9,3,0.000,0.55,-2.524,False,joint_slot_deadline,55.492,False
55.040,4,en_route_pickup,3.603,2.002,0.000,3.500,joint_grid_transaction,22,22,3,9,4,0.000,1.00,3.042,False,None,0.000,False
55.040,5,en_route_pickup,-4.204,1.127,1.000,1.500,joint_grid_transaction,22,22,3,9,5,0.000,1.00,1.473,False,None,0.000,False
55.040,6,en_route_pickup,4.203,-1.128,-1.000,-1.500,joint_grid_transaction,22,22,3,9,6,0.000,1.00,1.665,False,None,0.000,False
55.040,7,en_route_pickup,-6.004,-0.404,-6.000,-3.500,joint_grid_transaction,22,22,3,9,8,0.000,1.00,1.479,False,None,0.000,False
55.040,8,en_route_pickup,5.754,-0.186,0.000,-3.500,joint_grid_transaction,22,22,2,9,7,0.000,1.00,-3.139,False,None,0.000,False
55.296,1,en_route_delivery,-5.053,0.633,-3.000,-1.500,joint_grid_transaction,22,22,3,9,1,0.000,1.00,-0.550,False,None,0.000,False
55.296,2,en_route_pickup,-2.481,2.052,-1.000,1.500,joint_grid_transaction,22,22,2,9,2,0.000,1.00,0.108,False,None,0.000,False
55.296,3,en_route_pickup,-3.087,2.897,-3.000,1.500,joint_grid_transaction,22,22,3,9,3,0.000,0.55,-2.524,False,joint_slot_deadline,55.492,False
55.296,4,en_route_pickup,3.564,2.006,0.000,3.500,joint_grid_transaction,22,22,3,9,4,0.000,1.00,3.042,False,None,0.000,False
55.296,5,en_route_pickup,-4.201,1.158,1.000,1.500,joint_grid_transaction,22,22,3,9,5,0.000,1.00,1.473,False,None,0.000,False
55.296,6,en_route_pickup,4.200,-1.159,-1.000,-1.500,joint_grid_transaction,22,22,3,9,6,0.000,1.00,1.665,False,None,0.000,False
55.296,7,en_route_pickup,-6.000,-0.446,-6.000,-3.500,joint_grid_transaction,22,22,3,9,8,0.000,1.00,1.479,False,None,0.000,False
55.296,8,en_route_pickup,5.725,-0.186,0.000,-3.500,joint_grid_transaction,22,22,2,9,7,0.000,1.00,-3.138,False,None,0.000,False
55.552,1,en_route_delivery,-5.012,0.609,-3.000,-1.500,joint_grid_transaction,22,22,3,9,1,0.000,1.00,-0.491,False,None,0.000,False
55.552,2,en_route_pickup,-2.436,2.047,-1.000,1.500,joint_grid_transaction,22,22,3,9,2,0.000,1.00,0.122,False,None,0.000,False
55.552,3,en_route_pickup,-3.085,2.896,-3.000,1.500,joint_grid_transaction,22,22,4,9,3,0.000,0.55,-2.510,False,None,0.000,False
55.552,4,en_route_pickup,3.525,2.010,0.000,3.500,joint_grid_transaction,22,22,3,9,4,0.000,1.00,3.043,False,None,0.000,False
55.552,5,en_route_pickup,-4.198,1.187,1.000,1.500,joint_grid_transaction,22,22,3,9,5,0.000,1.00,1.474,False,None,0.000,False
55.552,6,en_route_pickup,4.197,-1.189,-1.000,-1.500,joint_grid_transaction,22,22,3,9,6,0.000,1.00,1.664,False,None,0.000,False
55.552,7,en_route_pickup,-5.997,-0.487,-6.000,-3.500,joint_grid_transaction,22,22,3,9,8,0.000,1.00,1.480,False,None,0.000,False
55.552,8,en_route_pickup,5.693,-0.186,0.000,-3.500,joint_grid_transaction,22,22,3,9,7,0.000,1.00,-3.136,False,None,0.000,False
55.808,1,en_route_delivery,-4.969,0.588,-3.000,-1.500,joint_grid_transaction,22,22,3,9,1,0.000,1.00,-0.449,False,None,0.000,False
55.808,2,en_route_pickup,-2.388,2.041,-1.000,1.500,joint_grid_transaction,22,22,3,9,2,0.000,1.00,0.116,False,None,0.000,False
55.808,3,en_route_pickup,-3.077,2.889,-3.000,1.500,joint_grid_transaction,22,22,4,9,3,0.000,0.55,-2.434,False,None,0.000,False
55.808,4,en_route_pickup,3.488,2.014,0.000,3.500,joint_grid_transaction,22,22,3,9,4,0.000,1.00,3.043,False,None,0.000,False
55.808,5,en_route_pickup,-4.195,1.215,1.000,1.500,joint_grid_transaction,22,22,3,9,5,0.000,1.00,1.475,False,None,0.000,False
55.808,6,en_route_pickup,4.195,-1.216,-1.000,-1.500,joint_grid_transaction,22,22,3,9,6,0.000,1.00,1.664,False,None,0.000,False
55.808,7,en_route_pickup,-5.993,-0.526,-6.000,-3.500,joint_grid_transaction,22,22,3,9,8,0.000,1.00,1.480,False,None,0.000,False
55.808,8,en_route_pickup,5.655,-0.187,0.000,-3.500,joint_grid_transaction,22,22,3,9,7,0.000,1.00,-3.134,False,None,0.000,False
56.064,1,en_route_delivery,-4.926,0.569,-3.000,-1.500,joint_grid_transaction,22,22,4,9,1,0.000,1.00,-0.363,False,None,0.000,False
56.064,2,en_route_pickup,-2.341,2.036,-1.000,1.500,joint_grid_transaction,22,22,3,9,2,0.000,1.00,0.111,False,None,0.000,False
56.064,3,en_route_pickup,-3.068,2.880,-3.000,1.500,joint_grid_transaction,22,22,4,9,3,0.000,1.00,-2.353,False,None,0.000,False
56.064,4,en_route_pickup,3.452,2.017,0.000,3.500,joint_grid_transaction,22,22,4,9,4,0.000,1.00,3.044,False,None,0.000,False
56.064,5,en_route_pickup,-4.193,1.238,1.000,1.500,joint_grid_transaction,22,22,3,9,5,0.000,1.00,1.485,False,None,0.000,False
56.064,6,en_route_pickup,4.193,-1.240,-1.000,-1.500,joint_grid_transaction,22,22,3,9,6,0.000,1.00,1.653,False,None,0.000,False
56.064,7,en_route_pickup,-5.989,-0.566,-6.000,-3.500,joint_grid_transaction,22,22,4,9,8,0.000,1.00,1.480,False,None,0.000,False
56.064,8,en_route_pickup,5.618,-0.187,0.000,-3.500,joint_grid_transaction,22,22,3,9,7,0.000,1.00,-3.131,False,None,0.000,False
56.320,1,en_route_delivery,-4.882,0.554,-3.000,-1.500,joint_grid_transaction,23,23,2,9,1,0.000,1.00,-0.282,False,None,0.000,False
56.320,2,en_route_pickup,-2.295,2.030,-1.000,1.500,joint_grid_transaction,23,23,2,9,2,0.000,1.00,0.119,False,None,0.000,False
56.320,3,en_route_pickup,-3.044,2.854,-3.000,1.500,joint_grid_transaction,23,23,1,8,3,0.000,1.00,-2.111,False,None,0.000,False
56.320,4,en_route_pickup,3.414,2.021,0.000,3.500,joint_grid_transaction,23,23,2,9,4,0.000,1.00,3.045,False,None,0.000,False
56.320,5,en_route_pickup,-4.192,1.259,1.000,1.500,joint_grid_transaction,23,23,1,9,5,0.000,1.00,1.512,False,None,0.000,False
56.320,6,en_route_pickup,4.192,-1.261,-1.000,-1.500,joint_grid_transaction,23,23,1,9,6,0.000,1.00,1.633,False,None,0.000,False
56.320,7,en_route_pickup,-5.986,-0.604,-6.000,-3.500,joint_grid_transaction,23,23,2,9,8,0.000,1.00,1.481,False,None,0.000,False
56.320,8,en_route_pickup,5.582,-0.188,0.000,-3.500,joint_grid_transaction,23,23,2,9,7,0.000,1.00,-3.119,False,None,0.000,False
56.576,1,en_route_delivery,-4.836,0.542,-3.000,-1.500,joint_grid_transaction,23,23,2,9,1,0.000,1.00,-0.222,False,None,0.000,False
56.576,2,en_route_pickup,-2.248,2.025,-1.000,1.500,joint_grid_transaction,23,23,2,9,2,0.000,1.00,0.112,False,None,0.000,False
56.576,3,en_route_pickup,-3.035,2.838,-3.000,1.500,joint_grid_transaction,23,23,1,8,3,0.000,1.00,-1.898,False,None,0.000,False
56.576,4,en_route_pickup,3.378,2.025,0.000,3.500,joint_grid_transaction,23,23,2,9,4,0.000,1.00,3.045,False,None,0.000,False
56.576,5,en_route_pickup,-4.191,1.280,1.000,1.500,joint_grid_transaction,23,23,1,9,5,0.000,1.00,1.533,False,None,0.000,False
56.576,6,en_route_pickup,4.191,-1.282,-1.000,-1.500,joint_grid_transaction,23,23,1,9,6,0.000,1.00,1.605,False,None,0.000,False
56.576,7,en_route_pickup,-5.983,-0.643,-6.000,-3.500,joint_grid_transaction,23,23,2,9,8,0.000,1.00,1.481,False,None,0.000,False
56.576,8,en_route_pickup,5.545,-0.190,0.000,-3.500,joint_grid_transaction,23,23,2,9,7,0.000,1.00,-3.110,False,None,0.000,False
56.832,1,en_route_delivery,-4.789,0.533,-3.000,-1.500,joint_grid_transaction,23,23,2,9,1,0.000,1.00,-0.180,False,None,0.000,False
56.832,2,en_route_pickup,-2.218,2.021,-1.000,1.500,joint_grid_transaction,23,23,2,9,2,0.000,1.00,0.109,False,joint_slot_deadline,57.284,False
56.832,3,en_route_pickup,-3.034,2.828,-3.000,1.500,joint_grid_transaction,23,23,1,8,3,0.000,1.00,-1.761,False,None,0.000,False
56.832,4,en_route_pickup,3.342,2.028,0.000,3.500,joint_grid_transaction,23,23,2,9,4,0.000,1.00,3.046,False,None,0.000,False
56.832,5,en_route_pickup,-4.191,1.310,1.000,1.500,joint_grid_transaction,23,23,2,9,5,0.000,1.00,1.542,False,None,0.000,False
56.832,6,en_route_pickup,4.190,-1.313,-1.000,-1.500,joint_grid_transaction,23,23,2,9,6,0.000,1.00,1.603,False,None,0.000,False
56.832,7,en_route_pickup,-5.979,-0.680,-6.000,-3.500,joint_grid_transaction,23,23,2,9,8,0.000,1.00,1.482,False,None,0.000,False
56.832,8,en_route_pickup,5.508,-0.192,0.000,-3.500,joint_grid_transaction,23,23,2,9,7,0.000,1.00,-3.097,False,None,0.000,False
57.088,1,en_route_delivery,-4.742,0.525,-3.000,-1.500,joint_grid_transaction,23,23,2,9,1,0.000,1.00,-0.151,False,None,0.000,False
57.088,2,en_route_pickup,-2.218,2.021,-1.000,1.500,joint_grid_transaction,23,23,2,9,2,0.000,1.00,0.109,False,joint_slot_deadline,57.284,False
57.088,3,en_route_pickup,-3.040,2.792,-3.000,1.500,joint_grid_transaction,23,23,1,8,3,0.000,1.00,-1.695,False,None,0.000,False
57.088,4,en_route_pickup,3.308,2.031,0.000,3.500,joint_grid_transaction,23,23,2,9,4,0.000,1.00,3.046,False,None,0.000,False
57.088,5,en_route_pickup,-4.189,1.344,1.000,1.500,joint_grid_transaction,23,23,2,9,5,0.000,1.00,1.536,False,None,0.000,False
57.088,6,en_route_pickup,4.189,-1.347,-1.000,-1.500,joint_grid_transaction,23,23,2,9,6,0.000,1.00,1.610,False,None,0.000,False
57.088,7,en_route_pickup,-5.976,-0.716,-6.000,-3.500,joint_grid_transaction,23,23,2,9,8,0.000,1.00,1.482,False,None,0.000,False
57.088,8,en_route_pickup,5.470,-0.195,0.000,-3.500,joint_grid_transaction,23,23,2,9,7,0.000,1.00,-3.080,False,None,0.000,False
57.344,1,en_route_delivery,-4.714,0.521,-3.000,-1.500,joint_grid_transaction,23,23,2,9,1,0.000,1.00,-0.145,False,None,0.000,False
57.344,2,en_route_pickup,-2.213,2.021,-1.000,1.500,joint_grid_transaction,23,23,2,9,2,0.000,1.00,0.113,False,None,0.000,False
57.344,3,en_route_pickup,-3.043,2.751,-3.000,1.500,joint_grid_transaction,23,23,1,8,3,0.000,1.00,-1.623,False,None,0.000,False
57.344,4,en_route_pickup,3.276,2.034,0.000,3.500,joint_grid_transaction,23,23,2,9,4,0.000,1.00,3.047,False,None,0.000,False
57.344,5,en_route_pickup,-4.188,1.377,1.000,1.500,joint_grid_transaction,23,23,2,9,5,0.000,1.00,1.529,False,None,0.000,False
57.344,6,en_route_pickup,4.188,-1.379,-1.000,-1.500,joint_grid_transaction,23,23,2,9,6,0.000,1.00,1.618,False,None,0.000,False
57.344,7,en_route_pickup,-5.973,-0.750,-6.000,-3.500,joint_grid_transaction,23,23,2,9,8,0.000,1.00,1.482,False,None,0.000,False
57.344,8,en_route_pickup,5.456,-0.197,0.000,-3.500,joint_grid_transaction,23,23,2,9,7,0.000,1.00,-3.071,False,None,0.000,False
57.600,1,en_route_delivery,-4.671,0.515,-3.000,-1.500,joint_grid_transaction,23,23,3,9,1,0.000,1.00,-0.128,False,None,0.000,False
57.600,2,en_route_pickup,-2.171,2.016,-1.000,1.500,joint_grid_transaction,23,23,3,9,2,0.000,1.00,0.113,False,None,0.000,False
57.600,3,en_route_pickup,-3.045,2.720,-3.000,1.500,joint_grid_transaction,23,23,1,8,3,0.000,1.00,-1.620,False,None,0.000,False
57.600,4,en_route_pickup,3.245,2.037,0.000,3.500,joint_grid_transaction,23,23,2,9,4,0.000,1.00,3.047,False,None,0.000,False
57.600,5,en_route_pickup,-4.187,1.407,1.000,1.500,joint_grid_transaction,23,23,2,9,5,0.000,1.00,1.521,False,None,0.000,False
57.600,6,en_route_pickup,4.186,-1.409,-1.000,-1.500,joint_grid_transaction,23,23,2,9,6,0.000,1.00,1.626,False,None,0.000,False
57.600,7,en_route_pickup,-5.970,-0.782,-6.000,-3.500,joint_grid_transaction,23,23,2,9,8,0.000,1.00,1.482,False,None,0.000,False
57.600,8,en_route_pickup,5.409,-0.200,0.000,-3.500,joint_grid_transaction,23,23,3,9,7,0.000,1.00,-3.051,False,None,0.000,False
57.856,1,en_route_delivery,-4.624,0.509,-3.000,-1.500,joint_grid_transaction,23,23,3,9,1,0.000,1.00,-0.092,False,None,0.000,False
57.856,2,en_route_pickup,-2.128,2.011,-1.000,1.500,joint_grid_transaction,23,23,3,9,2,0.000,1.00,0.108,False,None,0.000,False
57.856,3,en_route_pickup,-3.047,2.686,-3.000,1.500,joint_grid_transaction,23,23,2,8,3,0.000,1.00,-1.628,False,None,0.000,False
57.856,4,en_route_pickup,3.216,2.040,0.000,3.500,joint_grid_transaction,23,23,2,9,4,0.000,1.00,3.048,False,None,0.000,False
57.856,5,en_route_pickup,-4.185,1.436,1.000,1.500,joint_grid_transaction,23,23,2,9,5,0.000,1.00,1.514,False,None,0.000,False
57.856,6,en_route_pickup,4.184,-1.438,-1.000,-1.500,joint_grid_transaction,23,23,2,9,6,0.000,1.00,1.629,False,None,0.000,False
57.856,7,en_route_pickup,-5.967,-0.818,-6.000,-3.500,joint_grid_transaction,23,23,3,9,8,0.000,1.00,1.480,False,None,0.000,False
57.856,8,en_route_pickup,5.361,-0.205,0.000,-3.500,joint_grid_transaction,23,23,3,9,7,0.000,1.00,-3.038,False,None,0.000,False
58.112,1,en_route_delivery,-4.581,0.506,-3.000,-1.500,joint_grid_transaction,23,23,3,9,1,0.000,1.00,-0.086,False,None,0.000,False
58.112,2,en_route_pickup,-2.086,2.006,-1.000,1.500,joint_grid_transaction,23,23,3,9,2,0.000,1.00,0.107,False,None,0.000,False
58.112,3,en_route_pickup,-3.049,2.651,-3.000,1.500,joint_grid_transaction,23,23,2,8,3,0.000,1.00,-1.631,False,None,0.000,False
58.112,4,en_route_pickup,3.182,2.043,0.000,3.500,joint_grid_transaction,23,23,3,9,4,0.000,1.00,3.046,False,None,0.000,False
58.112,5,en_route_pickup,-4.184,1.464,1.000,1.500,joint_grid_transaction,23,23,2,9,5,0.000,1.00,1.513,False,None,0.000,False
58.112,6,en_route_pickup,4.183,-1.466,-1.000,-1.500,joint_grid_transaction,23,23,2,9,6,0.000,1.00,1.629,False,None,0.000,False
58.112,7,en_route_pickup,-5.964,-0.853,-6.000,-3.500,joint_grid_transaction,23,23,3,9,8,0.000,1.00,1.481,False,None,0.000,False
58.112,8,en_route_pickup,5.313,-0.210,0.000,-3.500,joint_grid_transaction,23,23,3,9,7,0.000,1.00,-3.029,False,None,0.000,False
58.368,1,en_route_delivery,-4.538,0.502,-3.000,-1.500,joint_grid_transaction,23,23,3,9,1,0.000,1.00,-0.086,False,None,0.000,False
58.368,2,en_route_pickup,-2.045,2.002,-1.000,1.500,joint_grid_transaction,23,23,3,9,2,0.000,1.00,0.106,False,None,0.000,False
58.368,3,en_route_pickup,-3.051,2.618,-3.000,1.500,joint_grid_transaction,23,23,2,8,3,0.000,1.00,-1.631,False,None,0.000,False
58.368,4,en_route_pickup,3.150,2.046,0.000,3.500,joint_grid_transaction,23,23,3,9,4,0.000,1.00,3.046,False,None,0.000,False
58.368,5,en_route_pickup,-4.182,1.488,1.000,1.500,joint_grid_transaction,23,23,2,9,5,0.000,1.00,1.523,False,None,0.000,False
58.368,6,en_route_pickup,4.182,-1.488,-1.000,-1.500,joint_grid_transaction,23,23,2,9,6,0.000,1.00,1.613,False,None,0.000,False
58.368,7,en_route_pickup,-5.961,-0.887,-6.000,-3.500,joint_grid_transaction,23,23,3,9,8,0.000,1.00,1.481,False,None,0.000,False
58.368,8,en_route_pickup,5.266,-0.216,0.000,-3.500,joint_grid_transaction,23,23,3,9,7,0.000,1.00,-3.023,False,None,0.000,False
58.624,1,en_route_delivery,-4.497,0.498,-3.000,-1.500,joint_grid_transaction,23,23,3,9,1,0.000,1.00,-0.085,False,None,0.000,False
58.624,2,en_route_pickup,-2.005,1.998,-1.000,1.500,joint_grid_transaction,23,23,3,9,2,0.000,1.00,0.105,False,None,0.000,False
58.624,3,en_route_pickup,-3.053,2.585,-3.000,1.500,joint_grid_transaction,23,23,2,8,3,0.000,1.00,-1.632,False,None,0.000,False
58.624,4,en_route_pickup,3.118,2.049,0.000,3.500,joint_grid_transaction,23,23,3,9,4,0.000,1.00,3.047,False,None,0.000,False
58.624,5,en_route_pickup,-4.182,1.510,1.000,1.500,joint_grid_transaction,23,23,2,9,5,0.000,1.00,1.546,False,None,0.000,False
58.624,6,en_route_pickup,4.181,-1.510,-1.000,-1.500,joint_grid_transaction,23,23,2,9,6,0.000,1.00,1.591,False,None,0.000,False
58.624,7,en_route_pickup,-5.958,-0.919,-6.000,-3.500,joint_grid_transaction,23,23,3,9,8,0.000,1.00,1.481,False,None,0.000,False
58.624,8,en_route_pickup,5.219,-0.222,0.000,-3.500,joint_grid_transaction,23,23,3,9,7,0.000,1.00,-3.019,False,None,0.000,False
58.880,1,en_route_delivery,-4.467,0.495,-3.000,-1.500,joint_grid_transaction,23,23,3,9,1,0.000,1.00,-0.168,False,None,0.000,False
58.880,2,en_route_pickup,-1.966,1.994,-1.000,1.500,joint_grid_transaction,23,23,3,9,2,0.000,1.00,0.104,False,None,0.000,False
58.880,3,en_route_pickup,-3.055,2.554,-3.000,1.500,joint_grid_transaction,23,23,2,8,3,0.000,1.00,-1.633,False,None,0.000,False
58.880,4,en_route_pickup,3.088,2.052,0.000,3.500,joint_grid_transaction,23,23,3,9,4,0.000,1.00,3.047,False,None,0.000,False
58.880,5,en_route_pickup,-4.182,1.531,1.000,1.500,joint_grid_transaction,23,23,2,9,5,0.000,1.00,1.576,False,None,0.000,False
58.880,6,en_route_pickup,4.181,-1.532,-1.000,-1.500,joint_grid_transaction,23,23,2,9,6,0.000,1.00,1.560,False,None,0.000,False
58.880,7,en_route_pickup,-5.955,-0.951,-6.000,-3.500,joint_grid_transaction,23,23,3,9,8,0.000,1.00,1.482,False,None,0.000,False
58.880,8,en_route_pickup,5.172,-0.227,0.000,-3.500,joint_grid_transaction,23,23,4,9,7,0.000,1.00,-3.036,False,None,0.000,False
59.136,1,en_route_delivery,-4.479,0.491,-3.000,-1.500,joint_grid_transaction,23,23,4,9,1,0.000,1.00,-0.408,False,None,0.000,False
59.136,2,en_route_pickup,-1.928,1.990,-1.000,1.500,joint_grid_transaction,23,23,4,9,2,0.000,1.00,0.103,False,None,0.000,False
59.136,3,en_route_pickup,-3.056,2.527,-3.000,1.500,joint_grid_transaction,23,23,2,8,3,0.000,0.85,-1.628,False,None,0.000,False
59.136,4,en_route_pickup,3.059,2.055,0.000,3.500,joint_grid_transaction,23,23,3,9,4,0.000,1.00,3.048,False,None,0.000,False
59.136,5,en_route_pickup,-4.183,1.562,1.000,1.500,joint_grid_transaction,23,23,3,9,5,0.000,1.00,1.593,False,None,0.000,False
59.136,6,en_route_pickup,4.182,-1.566,-1.000,-1.500,joint_grid_transaction,23,23,3,9,6,0.000,1.00,1.548,False,None,0.000,False
59.136,7,en_route_pickup,-5.952,-0.980,-6.000,-3.500,joint_grid_transaction,23,23,3,9,8,0.000,1.00,1.482,False,None,0.000,False
59.136,8,en_route_pickup,5.127,-0.231,0.000,-3.500,joint_grid_transaction,23,23,4,9,7,0.000,1.00,-3.042,False,None,0.000,False
59.392,1,en_route_delivery,-4.475,0.480,-3.000,-1.500,joint_grid_transaction,23,23,4,9,1,0.000,1.00,-0.544,False,None,0.000,False
59.392,2,en_route_pickup,-1.890,1.986,-1.000,1.500,joint_grid_transaction,23,23,4,9,2,0.000,1.00,0.103,False,None,0.000,False
59.392,3,en_route_pickup,-3.058,2.507,-3.000,1.500,joint_grid_transaction,23,23,2,8,3,0.000,0.85,-1.629,False,None,0.000,False
59.392,4,en_route_pickup,3.032,2.058,0.000,3.500,joint_grid_transaction,23,23,3,9,4,0.000,1.00,3.048,False,None,0.000,False
59.392,5,en_route_pickup,-4.184,1.602,1.000,1.500,joint_grid_transaction,23,23,3,9,5,0.000,1.00,1.601,False,None,0.000,False
59.392,6,en_route_pickup,4.184,-1.605,-1.000,-1.500,joint_grid_transaction,23,23,3,9,6,0.000,1.00,1.540,False,None,0.000,False
59.392,7,en_route_pickup,-5.950,-1.007,-6.000,-3.500,joint_grid_transaction,23,23,3,9,8,0.000,1.00,1.482,False,None,0.000,False
59.392,8,en_route_pickup,5.083,-0.236,0.000,-3.500,joint_grid_transaction,23,23,4,9,7,0.000,1.00,-3.043,False,None,0.000,False
59.648,1,en_route_delivery,-4.438,0.456,-3.000,-1.500,joint_grid_transaction,24,23,4,9,1,0.000,1.00,-0.625,False,None,0.000,False
59.648,2,en_route_pickup,-1.853,1.982,-1.000,1.500,joint_grid_transaction,24,23,4,7,2,0.000,1.00,0.099,False,None,0.000,False
59.648,3,en_route_pickup,-3.059,2.488,-3.000,1.500,joint_grid_transaction,24,23,2,9,3,0.000,0.85,-1.630,False,None,0.000,False
59.648,4,en_route_pickup,3.010,2.059,0.000,3.500,joint_grid_transaction,24,23,3,9,4,0.000,1.00,3.070,False,None,0.000,False
59.648,5,en_route_pickup,-4.186,1.641,1.000,1.500,joint_grid_transaction,24,23,3,9,5,0.000,1.00,1.619,False,None,0.000,False
59.648,6,en_route_pickup,4.186,-1.644,-1.000,-1.500,joint_grid_transaction,24,23,3,9,6,0.000,1.00,1.522,False,None,0.000,False
59.648,7,en_route_pickup,-5.949,-1.029,-6.000,-3.500,joint_grid_transaction,24,23,3,9,8,0.000,1.00,1.504,False,None,0.000,False
59.648,8,en_route_pickup,5.040,-0.240,0.000,-3.500,joint_grid_transaction,24,23,4,8,7,0.000,1.00,-3.043,False,None,0.000,False
59.904,1,en_route_delivery,-4.401,0.426,-3.000,-1.500,joint_grid_transaction,24,24,2,9,1,0.000,1.00,-0.715,False,None,0.000,False
59.904,2,en_route_pickup,-1.817,1.978,-1.000,1.500,joint_grid_transaction,24,24,2,7,2,0.000,1.00,0.098,False,None,0.000,False
59.904,3,en_route_pickup,-3.059,2.473,-3.000,1.500,joint_grid_transaction,24,24,1,9,3,0.000,0.85,-1.608,False,None,0.000,False
59.904,4,en_route_pickup,2.989,2.060,0.000,3.500,joint_grid_transaction,24,24,1,9,4,0.000,1.00,3.090,False,None,0.000,False
59.904,5,en_route_pickup,-4.189,1.682,1.000,1.500,joint_grid_transaction,24,24,2,9,5,0.000,1.00,1.636,False,None,0.000,False
59.904,6,en_route_pickup,4.189,-1.685,-1.000,-1.500,joint_grid_transaction,24,24,2,9,6,0.000,1.00,1.504,False,None,0.000,False
59.904,7,en_route_pickup,-5.947,-1.058,-6.000,-3.500,joint_grid_transaction,24,24,2,9,8,0.000,1.00,1.504,False,None,0.000,False
59.904,8,en_route_pickup,4.997,-0.244,0.000,-3.500,joint_grid_transaction,24,24,1,8,7,0.000,1.00,-3.044,False,None,0.000,False
60.160,1,en_route_delivery,-4.390,0.417,-3.000,-1.500,joint_grid_transaction,24,24,2,9,1,0.000,1.00,-0.738,False,joint_slot_deadline,60.788,False
60.160,2,en_route_pickup,-1.782,1.975,-1.000,1.500,joint_grid_transaction,24,24,2,7,2,0.000,1.00,0.098,False,None,0.000,False
60.160,3,en_route_pickup,-3.059,2.461,-3.000,1.500,joint_grid_transaction,24,24,1,9,3,0.000,1.00,-1.505,False,None,0.000,False
60.160,4,en_route_pickup,2.967,2.061,0.000,3.500,joint_grid_transaction,24,24,1,9,4,0.000,1.00,3.112,False,None,0.000,False
60.160,5,en_route_pickup,-4.193,1.724,1.000,1.500,joint_grid_transaction,24,24,2,9,5,0.000,1.00,1.659,False,None,0.000,False
60.160,6,en_route_pickup,4.193,-1.727,-1.000,-1.500,joint_grid_transaction,24,24,2,9,6,0.000,1.00,1.481,False,None,0.000,False
60.160,7,en_route_pickup,-5.944,-1.092,-6.000,-3.500,joint_grid_transaction,24,24,2,9,8,0.000,1.00,1.504,False,None,0.000,False
60.160,8,en_route_pickup,4.968,-0.247,0.000,-3.500,joint_grid_transaction,24,24,1,8,7,0.000,1.00,-3.044,False,None,0.000,False
60.416,1,en_route_delivery,-4.390,0.417,-3.000,-1.500,joint_grid_transaction,24,24,2,9,1,0.000,1.00,-0.738,False,joint_slot_deadline,60.788,False
60.416,2,en_route_pickup,-1.748,1.972,-1.000,1.500,joint_grid_transaction,24,24,2,7,2,0.000,1.00,0.097,False,None,0.000,False
60.416,3,en_route_pickup,-3.056,2.474,-3.000,1.500,joint_grid_transaction,24,24,2,9,3,0.000,1.00,-1.173,False,None,0.000,False
60.416,4,en_route_pickup,2.936,2.061,0.000,3.500,joint_grid_transaction,24,24,2,9,4,0.000,1.00,3.121,False,None,0.000,False
60.416,5,en_route_pickup,-4.198,1.769,1.000,1.500,joint_grid_transaction,24,24,2,9,5,0.000,1.00,1.689,False,None,0.000,False
60.416,6,en_route_pickup,4.198,-1.771,-1.000,-1.500,joint_grid_transaction,24,24,2,9,6,0.000,1.00,1.450,False,None,0.000,False
60.416,7,en_route_pickup,-5.942,-1.124,-6.000,-3.500,joint_grid_transaction,24,24,2,9,8,0.000,1.00,1.503,False,None,0.000,False
60.416,8,en_route_pickup,4.968,-0.247,0.000,-3.500,joint_grid_transaction,24,24,1,8,7,0.000,1.00,-3.044,False,joint_slot_deadline,60.788,False
60.672,1,en_route_delivery,-4.390,0.417,-3.000,-1.500,joint_grid_transaction,24,24,2,9,1,0.000,1.00,-0.738,False,joint_slot_deadline,60.788,False
60.672,2,en_route_pickup,-1.717,1.969,-1.000,1.500,joint_grid_transaction,24,24,2,7,2,0.000,1.00,0.096,False,None,0.000,False
60.672,3,en_route_pickup,-3.049,2.487,-3.000,1.500,joint_grid_transaction,24,24,2,9,3,0.000,1.00,-1.009,False,None,0.000,False
60.672,4,en_route_pickup,2.901,2.062,0.000,3.500,joint_grid_transaction,24,24,2,9,4,0.000,1.00,3.117,False,None,0.000,False
60.672,5,en_route_pickup,-4.201,1.786,1.000,1.500,joint_grid_transaction,24,24,2,9,5,0.000,1.00,1.702,False,joint_slot_deadline,60.788,False
60.672,6,en_route_pickup,4.201,-1.789,-1.000,-1.500,joint_grid_transaction,24,24,2,9,6,0.000,1.00,1.437,False,joint_slot_deadline,60.788,False
60.672,7,en_route_pickup,-5.940,-1.155,-6.000,-3.500,joint_grid_transaction,24,24,2,9,8,0.000,1.00,1.503,False,None,0.000,False
60.672,8,en_route_pickup,4.968,-0.247,0.000,-3.500,joint_grid_transaction,24,24,1,8,7,0.000,1.00,-3.044,False,joint_slot_deadline,60.788,False
60.928,1,en_route_delivery,-4.398,0.409,-3.000,-1.500,joint_grid_transaction,24,24,3,9,1,0.000,1.00,-0.805,False,None,0.000,False
60.928,2,en_route_pickup,-1.702,1.967,-1.000,1.500,joint_grid_transaction,24,24,3,7,2,0.000,1.00,0.101,False,None,0.000,False
60.928,3,en_route_pickup,-3.028,2.469,-3.000,1.500,joint_grid_transaction,24,24,2,9,3,0.000,1.00,-0.885,False,None,0.000,False
60.928,4,en_route_pickup,2.868,2.063,0.000,3.500,joint_grid_transaction,24,24,2,9,4,0.000,1.00,3.112,False,None,0.000,False
60.928,5,en_route_pickup,-4.200,1.788,1.000,1.500,joint_grid_transaction,24,24,3,9,5,0.000,1.00,1.524,False,None,0.000,False
60.928,6,en_route_pickup,4.199,-1.791,-1.000,-1.500,joint_grid_transaction,24,24,3,9,6,0.000,1.00,1.616,False,None,0.000,False
60.928,7,en_route_pickup,-5.938,-1.184,-6.000,-3.500,joint_grid_transaction,24,24,2,9,8,0.000,1.00,1.502,False,None,0.000,False
60.928,8,en_route_pickup,4.951,-0.249,0.000,-3.500,joint_grid_transaction,24,24,2,8,7,0.000,1.00,-3.038,False,None,0.000,False
61.184,1,en_route_delivery,-4.407,0.395,-3.000,-1.500,joint_grid_transaction,24,24,3,9,1,0.000,1.00,-0.905,False,None,0.000,False
61.184,2,en_route_pickup,-1.667,1.963,-1.000,1.500,joint_grid_transaction,24,24,3,7,2,0.000,1.00,0.101,False,None,0.000,False
61.184,3,en_route_pickup,-2.996,2.434,-3.000,1.500,joint_grid_transaction,24,24,2,9,3,0.000,1.00,-0.792,False,None,0.000,False
61.184,4,en_route_pickup,2.836,2.064,0.000,3.500,joint_grid_transaction,24,24,2,9,4,0.000,1.00,3.106,False,None,0.000,False
61.184,5,en_route_pickup,-4.198,1.780,1.000,1.500,joint_grid_transaction,24,24,3,9,5,0.000,1.00,1.248,False,None,0.000,False
61.184,6,en_route_pickup,4.198,-1.782,-1.000,-1.500,joint_grid_transaction,24,24,3,9,6,0.000,1.00,1.895,False,None,0.000,False
61.184,7,en_route_pickup,-5.936,-1.212,-6.000,-3.500,joint_grid_transaction,24,24,2,9,8,0.000,1.00,1.502,False,None,0.000,False
61.184,8,en_route_pickup,4.911,-0.253,0.000,-3.500,joint_grid_transaction,24,24,2,8,7,0.000,1.00,-3.039,False,None,0.000,False
61.440,1,en_route_delivery,-4.381,0.357,-3.000,-1.500,joint_grid_transaction,24,24,3,9,1,0.000,1.00,-1.025,False,None,0.000,False
61.440,2,en_route_pickup,-1.634,1.960,-1.000,1.500,joint_grid_transaction,24,24,3,7,2,0.000,1.00,0.100,False,None,0.000,False
61.440,3,en_route_pickup,-2.962,2.401,-3.000,1.500,joint_grid_transaction,24,24,2,9,3,0.000,1.00,-0.727,False,None,0.000,False
61.440,4,en_route_pickup,2.807,2.065,0.000,3.500,joint_grid_transaction,24,24,2,9,4,0.000,1.00,3.099,False,None,0.000,False
61.440,5,en_route_pickup,-4.188,1.785,1.000,1.500,joint_grid_transaction,24,24,3,9,5,0.000,1.00,1.110,False,None,0.000,False
61.440,6,en_route_pickup,4.189,-1.784,-1.000,-1.500,joint_grid_transaction,24,24,3,9,6,0.000,1.00,2.035,False,None,0.000,False
61.440,7,en_route_pickup,-5.935,-1.236,-6.000,-3.500,joint_grid_transaction,24,24,2,9,8,0.000,1.00,1.513,False,None,0.000,False
61.440,8,en_route_pickup,4.872,-0.257,0.000,-3.500,joint_grid_transaction,24,24,2,8,7,0.000,1.00,-3.039,False,None,0.000,False
61.696,1,en_route_delivery,-4.358,0.315,-3.000,-1.500,joint_grid_transaction,24,24,3,9,1,0.000,1.00,-1.108,False,None,0.000,False
61.696,2,en_route_pickup,-1.602,1.957,-1.000,1.500,joint_grid_transaction,24,24,3,7,2,0.000,1.00,0.099,False,None,0.000,False
61.696,3,en_route_pickup,-2.928,2.374,-3.000,1.500,joint_grid_transaction,24,24,2,9,3,0.000,1.00,-0.670,False,None,0.000,False
61.696,4,en_route_pickup,2.779,2.066,0.000,3.500,joint_grid_transaction,24,24,2,9,4,0.000,1.00,3.093,False,None,0.000,False
61.696,5,en_route_pickup,-4.165,1.826,1.000,1.500,joint_grid_transaction,24,24,3,9,5,0.000,1.00,0.997,False,None,0.000,False
61.696,6,en_route_pickup,4.165,-1.825,-1.000,-1.500,joint_grid_transaction,24,24,3,9,6,0.000,1.00,2.146,False,None,0.000,False
61.696,7,en_route_pickup,-5.934,-1.258,-6.000,-3.500,joint_grid_transaction,24,24,2,9,8,0.000,1.00,1.534,False,None,0.000,False
61.696,8,en_route_pickup,4.834,-0.261,0.000,-3.500,joint_grid_transaction,24,24,2,8,7,0.000,1.00,-3.040,False,None,0.000,False
61.952,1,en_route_delivery,-4.338,0.272,-3.000,-1.500,joint_grid_transaction,24,24,3,9,1,0.000,1.00,-1.165,False,None,0.000,False
61.952,2,en_route_pickup,-1.571,1.954,-1.000,1.500,joint_grid_transaction,24,24,3,7,2,0.000,1.00,0.099,False,None,0.000,False
61.952,3,en_route_pickup,-2.928,2.374,-3.000,1.500,joint_grid_transaction,24,24,3,9,3,0.000,1.00,-0.670,False,joint_slot_deadline,61.988,False
61.952,4,en_route_pickup,2.756,2.067,0.000,3.500,joint_grid_transaction,24,24,2,9,4,0.000,1.00,3.100,False,None,0.000,False
61.952,5,en_route_pickup,-4.153,1.843,1.000,1.500,joint_grid_transaction,24,24,3,9,5,0.000,1.00,0.958,False,joint_slot_deadline,61.988,False
61.952,6,en_route_pickup,4.152,-1.845,-1.000,-1.500,joint_grid_transaction,24,24,3,9,6,0.000,1.00,2.190,False,joint_slot_deadline,61.988,False
61.952,7,en_route_pickup,-5.934,-1.279,-6.000,-3.500,joint_grid_transaction,24,24,2,9,8,0.000,1.00,1.564,False,None,0.000,False
61.952,8,en_route_pickup,4.796,-0.265,0.000,-3.500,joint_grid_transaction,24,24,2,8,7,0.000,1.00,-3.041,False,None,0.000,False
62.208,1,en_route_delivery,-4.321,0.228,-3.000,-1.500,joint_grid_transaction,24,24,3,9,1,0.000,1.00,-1.205,False,None,0.000,False
62.208,2,en_route_pickup,-1.541,1.951,-1.000,1.500,joint_grid_transaction,24,24,3,7,2,0.000,1.00,0.098,False,None,0.000,False
62.208,3,en_route_pickup,-2.908,2.390,-3.000,1.500,joint_grid_transaction,24,24,4,9,3,0.000,1.00,-0.447,False,None,0.000,False
62.208,4,en_route_pickup,2.734,2.068,0.000,3.500,joint_grid_transaction,24,24,2,9,4,0.000,1.00,3.122,False,None,0.000,False
62.208,5,en_route_pickup,-4.142,1.829,1.000,1.500,joint_grid_transaction,24,24,4,9,5,0.000,1.00,0.831,False,None,0.000,False
62.208,6,en_route_pickup,4.141,-1.831,-1.000,-1.500,joint_grid_transaction,24,24,4,9,6,0.000,1.00,2.315,False,None,0.000,False
62.208,7,en_route_pickup,-5.934,-1.308,-6.000,-3.500,joint_grid_transaction,24,24,2,9,8,0.000,1.00,1.577,False,None,0.000,False
62.208,8,en_route_pickup,4.760,-0.269,0.000,-3.500,joint_grid_transaction,24,24,2,8,7,0.000,1.00,-3.041,False,None,0.000,False
62.464,1,en_route_delivery,-4.305,0.184,-3.000,-1.500,joint_grid_transaction,24,24,4,9,1,0.000,1.00,-1.274,False,None,0.000,False
62.464,2,en_route_pickup,-1.514,1.948,-1.000,1.500,joint_grid_transaction,24,24,3,7,2,0.000,1.00,0.098,False,None,0.000,False
62.464,3,en_route_pickup,-2.890,2.397,-3.000,1.500,joint_grid_transaction,24,24,4,9,3,0.000,1.00,-0.088,False,None,0.000,False
62.464,4,en_route_pickup,2.712,2.068,0.000,3.500,joint_grid_transaction,24,24,2,9,4,0.000,1.00,-3.130,False,None,0.000,False
62.464,5,en_route_pickup,-4.128,1.819,1.000,1.500,joint_grid_transaction,24,24,4,9,5,0.000,1.00,0.731,False,None,0.000,False
62.464,6,en_route_pickup,4.127,-1.821,-1.000,-1.500,joint_grid_transaction,24,24,4,9,6,0.000,1.00,2.415,False,None,0.000,False
62.464,7,en_route_pickup,-5.935,-1.346,-6.000,-3.500,joint_grid_transaction,24,24,3,9,8,0.000,1.00,1.580,False,None,0.000,False
62.464,8,en_route_pickup,4.726,-0.272,0.000,-3.500,joint_grid_transaction,24,24,2,8,7,0.000,1.00,-3.042,False,None,0.000,False
62.720,1,en_route_delivery,-4.293,0.138,-3.000,-1.500,joint_grid_transaction,24,24,4,9,1,0.000,1.00,-1.347,False,None,0.000,False
62.720,2,en_route_pickup,-1.492,1.947,-1.000,1.500,joint_grid_transaction,24,24,3,7,2,0.000,1.00,0.082,False,None,0.000,False
62.720,3,en_route_pickup,-2.898,2.399,-3.000,1.500,joint_grid_transaction,24,24,4,9,3,0.000,1.00,-0.325,False,None,0.000,False
62.720,4,en_route_pickup,2.675,2.067,0.000,3.500,joint_grid_transaction,24,24,3,9,4,0.000,1.00,-3.125,False,None,0.000,False
62.720,5,en_route_pickup,-4.091,1.848,1.000,1.500,joint_grid_transaction,24,24,4,9,5,0.000,1.00,0.611,False,None,0.000,False
62.720,6,en_route_pickup,4.090,-1.849,-1.000,-1.500,joint_grid_transaction,24,24,4,9,6,0.000,1.00,2.534,False,None,0.000,False
62.720,7,en_route_pickup,-5.935,-1.383,-6.000,-3.500,joint_grid_transaction,24,24,3,9,8,0.000,1.00,1.583,False,None,0.000,False
62.720,8,en_route_pickup,4.690,-0.276,0.000,-3.500,joint_grid_transaction,24,24,3,8,7,0.000,1.00,-3.042,False,None,0.000,False
62.976,1,en_route_delivery,-4.283,0.092,-3.000,-1.500,joint_grid_transaction,24,24,4,9,1,0.000,1.00,-1.395,False,None,0.000,False
62.976,2,en_route_pickup,-1.471,1.946,-1.000,1.500,joint_grid_transaction,24,24,3,7,2,0.000,1.00,0.055,False,None,0.000,False
62.976,3,en_route_pickup,-2.918,2.409,-3.000,1.500,joint_grid_transaction,24,24,4,9,3,0.000,1.00,-0.585,False,None,0.000,False
62.976,4,en_route_pickup,2.636,2.066,0.000,3.500,joint_grid_transaction,24,24,3,9,4,0.000,1.00,-3.119,False,None,0.000,False
62.976,5,en_route_pickup,-4.052,1.873,1.000,1.500,joint_grid_transaction,24,24,4,9,5,0.000,1.00,0.529,False,None,0.000,False
62.976,6,en_route_pickup,4.050,-1.875,-1.000,-1.500,joint_grid_transaction,24,24,4,9,6,0.000,1.00,2.616,False,None,0.000,False
62.976,7,en_route_pickup,-5.936,-1.419,-6.000,-3.500,joint_grid_transaction,24,24,3,9,8,0.000,1.00,1.588,False,None,0.000,False
62.976,8,en_route_pickup,4.655,-0.279,0.000,-3.500,joint_grid_transaction,24,24,3,8,7,0.000,1.00,-3.042,False,None,0.000,False
63.232,1,en_route_delivery,-4.276,0.045,-3.000,-1.500,joint_grid_transaction,24,24,4,9,1,0.000,1.00,-1.429,False,None,0.000,False
63.232,2,en_route_pickup,-1.442,1.944,-1.000,1.500,joint_grid_transaction,24,24,4,7,2,0.000,1.00,0.056,False,None,0.000,False
63.232,3,en_route_pickup,-2.924,2.413,-3.000,1.500,joint_grid_transaction,24,24,4,9,3,63.540,1.00,-0.637,False,None,0.000,False
63.232,4,en_route_pickup,2.598,2.064,0.000,3.500,joint_grid_transaction,24,24,3,9,4,0.000,1.00,-3.110,False,None,0.000,False
63.232,5,en_route_pickup,-4.010,1.896,1.000,1.500,joint_grid_transaction,24,24,4,9,5,0.000,1.00,0.473,False,None,0.000,False
63.232,6,en_route_pickup,4.009,-1.897,-1.000,-1.500,joint_grid_transaction,24,24,4,9,6,0.000,1.00,2.672,False,None,0.000,False
63.232,7,en_route_pickup,-5.937,-1.455,-6.000,-3.500,joint_grid_transaction,24,24,3,9,8,0.000,1.00,1.596,False,None,0.000,False
63.232,8,en_route_pickup,4.620,-0.283,0.000,-3.500,joint_grid_transaction,24,24,3,8,7,0.000,1.00,-3.043,False,None,0.000,False
63.488,1,en_route_delivery,-4.270,-0.003,-3.000,-1.500,joint_grid_transaction,24,24,4,9,1,0.000,1.00,-1.452,False,None,0.000,False
63.488,2,en_route_pickup,-1.408,1.942,-1.000,1.500,joint_grid_transaction,24,24,4,7,2,0.000,1.00,0.060,False,None,0.000,False
63.488,3,en_route_pickup,-2.924,2.413,-3.000,1.500,joint_grid_transaction,24,24,4,9,3,63.540,1.00,-0.637,False,None,0.000,False
63.488,4,en_route_pickup,2.560,2.062,0.000,3.500,joint_grid_transaction,24,24,3,9,4,0.000,1.00,-3.098,False,None,0.000,False
63.488,5,en_route_pickup,-3.967,1.916,1.000,1.500,joint_grid_transaction,24,24,4,9,5,0.000,1.00,0.433,False,None,0.000,False
63.488,6,en_route_pickup,3.966,-1.918,-1.000,-1.500,joint_grid_transaction,24,24,4,9,6,0.000,1.00,2.712,False,None,0.000,False
63.488,7,en_route_pickup,-5.939,-1.491,-6.000,-3.500,joint_grid_transaction,24,24,3,9,8,0.000,1.00,1.606,False,None,0.000,False
63.488,8,en_route_pickup,4.586,-0.286,0.000,-3.500,joint_grid_transaction,24,24,3,8,7,0.000,1.00,-3.044,False,None,0.000,False
63.744,1,en_route_delivery,-4.265,-0.050,-3.000,-1.500,joint_grid_transaction,24,24,5,9,1,0.000,1.00,-1.471,False,None,0.000,False
63.744,2,en_route_delivery,-1.376,1.940,0.000,-3.500,joint_grid_transaction,24,24,4,4,2,0.000,1.00,0.060,False,None,0.000,True
63.744,3,en_route_pickup,-2.924,2.413,-3.000,1.500,joint_grid_transaction,24,24,4,9,3,64.020,1.00,-0.637,False,None,0.000,False
63.744,4,en_route_pickup,2.521,2.059,0.000,3.500,joint_grid_transaction,24,24,3,9,4,0.000,1.00,-3.081,False,None,0.000,False
63.744,5,en_route_pickup,-3.924,1.935,1.000,1.500,joint_grid_transaction,24,24,5,9,5,0.000,1.00,0.345,False,None,0.000,False
63.744,6,en_route_pickup,3.922,-1.936,-1.000,-1.500,joint_grid_transaction,24,24,5,9,6,0.000,1.00,2.804,False,None,0.000,False
63.744,7,en_route_pickup,-5.942,-1.526,-6.000,-3.500,joint_grid_transaction,24,24,3,9,8,0.000,1.00,1.620,False,None,0.000,False
63.744,8,en_route_pickup,4.554,-0.289,0.000,-3.500,joint_grid_transaction,24,24,3,8,7,0.000,1.00,-3.044,False,None,0.000,False
64.000,1,en_route_delivery,-4.260,-0.094,-3.000,-1.500,joint_grid_transaction,24,24,5,9,1,0.000,1.00,-1.478,False,None,0.000,False
64.000,2,en_route_delivery,-1.345,1.938,0.000,-3.500,joint_grid_transaction,24,24,4,4,2,0.000,1.00,0.061,False,None,0.000,True
64.000,3,en_route_pickup,-2.924,2.413,-3.000,1.500,joint_grid_transaction,24,24,4,9,3,64.020,1.00,-0.637,False,None,0.000,False
64.000,4,en_route_pickup,2.481,2.055,0.000,3.500,joint_grid_transaction,24,24,3,9,4,0.000,1.00,-3.059,False,None,0.000,False
64.000,5,en_route_pickup,-3.879,1.949,1.000,1.500,joint_grid_transaction,24,24,5,9,5,0.000,1.00,0.263,False,None,0.000,False
64.000,6,en_route_pickup,3.877,-1.949,-1.000,-1.500,joint_grid_transaction,24,24,5,9,6,0.000,1.00,2.883,False,None,0.000,False
64.000,7,en_route_pickup,-5.945,-1.568,-6.000,-3.500,joint_grid_transaction,24,24,4,9,8,0.000,1.00,1.638,False,None,0.000,False
64.000,8,en_route_pickup,4.524,-0.292,0.000,-3.500,joint_grid_transaction,24,24,3,8,7,0.000,1.00,-3.045,False,None,0.000,False
64.256,1,en_route_delivery,-4.257,-0.136,-3.000,-1.500,joint_grid_transaction,27,27,2,9,1,0.000,1.00,-1.478,False,None,0.000,False
64.256,2,en_route_delivery,-1.331,1.938,0.000,-3.500,joint_grid_transaction,27,27,1,9,2,0.000,0.85,0.090,False,None,0.000,False
64.256,3,en_route_pickup,-2.934,2.422,-3.000,1.500,joint_grid_transaction,27,27,2,9,3,0.000,1.00,-0.739,False,None,0.000,False
64.256,4,en_route_pickup,2.437,2.050,0.000,3.500,joint_grid_transaction,27,27,2,9,4,0.000,1.00,-3.038,False,None,0.000,False
64.256,5,en_route_pickup,-3.834,1.960,1.000,1.500,joint_grid_transaction,27,27,2,9,5,0.000,1.00,0.222,False,None,0.000,False
64.256,6,en_route_pickup,3.833,-1.960,-1.000,-1.500,joint_grid_transaction,27,27,2,9,6,0.000,1.00,2.924,False,None,0.000,False
64.256,7,en_route_pickup,-5.949,-1.614,-6.000,-3.500,joint_grid_transaction,27,27,2,9,8,0.000,1.00,1.662,False,None,0.000,False
64.256,8,en_route_pickup,4.495,-0.295,0.000,-3.500,joint_grid_transaction,27,27,1,9,7,0.000,1.00,-3.045,False,None,0.000,False
64.512,1,en_route_delivery,-4.253,-0.178,-3.000,-1.500,joint_grid_transaction,27,27,2,9,1,0.000,1.00,-1.478,False,None,0.000,False
64.512,2,en_route_delivery,-1.342,1.941,0.000,-3.500,joint_grid_transaction,27,27,1,9,2,0.000,0.85,0.363,False,None,0.000,False
64.512,3,en_route_pickup,-2.914,2.451,-3.000,1.500,joint_grid_transaction,27,27,2,9,3,0.000,1.00,-0.857,False,None,0.000,False
64.512,4,en_route_pickup,2.389,2.045,0.000,3.500,joint_grid_transaction,27,27,2,9,4,0.000,1.00,-3.033,False,None,0.000,False
64.512,5,en_route_pickup,-3.788,1.969,1.000,1.500,joint_grid_transaction,27,27,2,9,5,0.000,1.00,0.178,False,None,0.000,False
64.512,6,en_route_pickup,3.786,-1.969,-1.000,-1.500,joint_grid_transaction,27,27,2,9,6,0.000,1.00,2.966,False,None,0.000,False
64.512,7,en_route_pickup,-5.953,-1.662,-6.000,-3.500,joint_grid_transaction,27,27,2,9,8,0.000,1.00,1.680,False,None,0.000,False
64.512,8,en_route_pickup,4.470,-0.297,0.000,-3.500,joint_grid_transaction,27,27,1,9,7,0.000,1.00,-3.051,False,None,0.000,False
64.768,1,en_route_delivery,-4.249,-0.219,-3.000,-1.500,joint_grid_transaction,27,27,2,9,1,0.000,1.00,-1.479,False,None,0.000,False
64.768,2,en_route_delivery,-1.366,1.954,0.000,-3.500,joint_grid_transaction,27,27,1,9,2,0.000,1.00,0.645,False,None,0.000,False
64.768,3,en_route_pickup,-2.885,2.488,-3.000,1.500,joint_grid_transaction,27,27,2,9,3,0.000,1.00,-0.948,False,None,0.000,False
64.768,4,en_route_pickup,2.342,2.040,0.000,3.500,joint_grid_transaction,27,27,2,9,4,0.000,1.00,-3.030,False,None,0.000,False
64.768,5,en_route_pickup,-3.741,1.977,1.000,1.500,joint_grid_transaction,27,27,2,9,5,0.000,1.00,0.147,False,None,0.000,False
64.768,6,en_route_pickup,3.739,-1.977,-1.000,-1.500,joint_grid_transaction,27,27,2,9,6,0.000,1.00,2.996,False,None,0.000,False
64.768,7,en_route_pickup,-5.959,-1.709,-6.000,-3.500,joint_grid_transaction,27,27,2,9,8,0.000,1.00,1.692,False,None,0.000,False
64.768,8,en_route_pickup,4.469,-0.299,0.000,-3.500,joint_grid_transaction,27,27,2,9,7,0.000,1.00,-2.883,False,None,0.000,False
65.024,1,en_route_delivery,-4.245,-0.259,-3.000,-1.500,joint_grid_transaction,27,27,2,9,1,0.000,1.00,-1.479,False,None,0.000,False
65.024,2,en_route_delivery,-1.393,1.980,0.000,-3.500,joint_grid_transaction,27,27,1,9,2,0.000,1.00,0.881,False,None,0.000,False
65.024,3,en_route_pickup,-2.858,2.527,-3.000,1.500,joint_grid_transaction,27,27,2,9,3,0.000,1.00,-1.013,False,None,0.000,False
65.024,4,en_route_pickup,2.294,2.035,0.000,3.500,joint_grid_transaction,27,27,2,9,4,0.000,1.00,-3.028,False,None,0.000,False
65.024,5,en_route_pickup,-3.717,1.980,1.000,1.500,joint_grid_transaction,27,27,2,9,5,0.000,1.00,0.135,False,joint_slot_deadline,65.316,False
65.024,6,en_route_pickup,3.718,-1.980,-1.000,-1.500,joint_grid_transaction,27,27,2,9,6,0.000,1.00,3.007,False,joint_slot_deadline,65.316,False
65.024,7,en_route_pickup,-5.965,-1.757,-6.000,-3.500,joint_grid_transaction,27,27,2,9,8,0.000,1.00,1.700,False,None,0.000,False
65.024,8,en_route_pickup,4.478,-0.302,0.000,-3.500,joint_grid_transaction,27,27,2,9,7,0.000,1.00,-2.719,False,None,0.000,False
65.280,1,en_route_delivery,-4.243,-0.282,-3.000,-1.500,joint_grid_transaction,27,27,2,9,1,0.000,1.00,-1.479,False,None,0.000,False
65.280,2,en_route_delivery,-1.413,2.005,0.000,-3.500,joint_grid_transaction,27,27,1,9,2,0.000,1.00,1.158,False,None,0.000,False
65.280,3,en_route_pickup,-2.843,2.553,-3.000,1.500,joint_grid_transaction,27,27,2,9,3,0.000,1.00,-1.043,False,None,0.000,False
65.280,4,en_route_pickup,2.247,2.029,0.000,3.500,joint_grid_transaction,27,27,2,9,4,0.000,1.00,-3.026,False,None,0.000,False
65.280,5,en_route_pickup,-3.717,1.980,1.000,1.500,joint_grid_transaction,27,27,2,9,5,0.000,1.00,0.135,False,joint_slot_deadline,65.316,False
65.280,6,en_route_pickup,3.718,-1.980,-1.000,-1.500,joint_grid_transaction,27,27,2,9,6,0.000,1.00,3.007,False,joint_slot_deadline,65.316,False
65.280,7,en_route_pickup,-5.968,-1.784,-6.000,-3.500,joint_grid_transaction,27,27,2,9,8,0.000,1.00,1.704,False,None,0.000,False
65.280,8,en_route_pickup,4.441,-0.324,0.000,-3.500,joint_grid_transaction,27,27,2,9,7,0.000,1.00,-2.599,False,None,0.000,False
65.536,1,en_route_delivery,-4.240,-0.310,-3.000,-1.500,joint_grid_transaction,27,27,3,9,1,0.000,1.00,-1.473,False,None,0.000,False
65.536,2,en_route_delivery,-1.419,2.021,0.000,-3.500,joint_grid_transaction,27,27,1,9,2,0.000,1.00,1.531,False,None,0.000,False
65.536,3,en_route_pickup,-2.832,2.578,-3.000,1.500,joint_grid_transaction,27,27,3,9,3,0.000,1.00,-1.133,False,None,0.000,False
65.536,4,en_route_pickup,2.200,2.024,0.000,3.500,joint_grid_transaction,27,27,3,9,4,0.000,1.00,-3.032,False,None,0.000,False
65.536,5,en_route_pickup,-3.687,1.985,1.000,1.500,joint_grid_transaction,27,27,3,9,5,0.000,1.00,0.137,False,None,0.000,False
65.536,6,en_route_pickup,3.688,-1.984,-1.000,-1.500,joint_grid_transaction,27,27,3,9,6,0.000,1.00,3.005,False,None,0.000,False
65.536,7,en_route_pickup,-5.973,-1.815,-6.000,-3.500,joint_grid_transaction,27,27,3,9,8,0.000,1.00,1.707,False,None,0.000,False
65.536,8,en_route_pickup,4.405,-0.349,0.000,-3.500,joint_grid_transaction,27,27,2,9,7,0.000,1.00,-2.500,False,None,0.000,False
65.792,1,en_route_delivery,-4.236,-0.349,-3.000,-1.500,joint_grid_transaction,27,27,3,9,1,0.000,1.00,-1.474,False,None,0.000,False
65.792,2,en_route_delivery,-1.421,2.010,0.000,-3.500,joint_grid_transaction,27,27,1,9,2,0.000,1.00,1.933,False,None,0.000,False
65.792,3,en_route_pickup,-2.815,2.621,-3.000,1.500,joint_grid_transaction,27,27,3,9,3,0.000,1.00,-1.238,False,None,0.000,False
65.792,4,en_route_pickup,2.155,2.019,0.000,3.500,joint_grid_transaction,27,27,3,9,4,0.000,1.00,-3.041,False,None,0.000,False
65.792,5,en_route_pickup,-3.641,1.990,1.000,1.500,joint_grid_transaction,27,27,3,9,5,0.000,1.00,0.105,False,None,0.000,False
65.792,6,en_route_pickup,3.643,-1.990,-1.000,-1.500,joint_grid_transaction,27,27,3,9,6,0.000,1.00,3.036,False,None,0.000,False
65.792,7,en_route_pickup,-5.979,-1.862,-6.000,-3.500,joint_grid_transaction,27,27,3,9,8,0.000,1.00,1.679,False,None,0.000,False
65.792,8,en_route_pickup,4.418,-0.362,0.000,-3.500,joint_grid_transaction,27,27,3,9,7,0.000,1.00,-2.346,False,None,0.000,False
66.048,1,en_route_delivery,-4.233,-0.387,-3.000,-1.500,joint_grid_transaction,27,27,3,9,1,0.000,1.00,-1.474,False,None,0.000,False
66.048,2,en_route_delivery,-1.435,1.985,0.000,-3.500,joint_grid_transaction,27,27,1,9,2,0.000,1.00,2.224,False,None,0.000,False
66.048,3,en_route_pickup,-2.801,2.666,-3.000,1.500,joint_grid_transaction,27,27,3,9,3,0.000,1.00,-1.308,False,None,0.000,False
66.048,4,en_route_pickup,2.111,2.015,0.000,3.500,joint_grid_transaction,27,27,3,9,4,0.000,1.00,-3.041,False,None,0.000,False
66.048,5,en_route_pickup,-3.597,1.994,1.000,1.500,joint_grid_transaction,27,27,3,9,5,0.000,1.00,0.089,False,None,0.000,False
66.048,6,en_route_pickup,3.598,-1.994,-1.000,-1.500,joint_grid_transaction,27,27,3,9,6,0.000,1.00,3.052,False,None,0.000,False
66.048,7,en_route_pickup,-5.983,-1.908,-6.000,-3.500,joint_grid_transaction,27,27,3,9,8,0.000,1.00,1.664,False,None,0.000,False
66.048,8,en_route_pickup,4.412,-0.384,0.000,-3.500,joint_grid_transaction,27,27,3,9,7,0.000,1.00,-2.237,False,None,0.000,False
66.304,1,en_route_delivery,-4.229,-0.423,-3.000,-1.500,joint_grid_transaction,27,27,3,9,1,0.000,1.00,-1.475,False,None,0.000,False
66.304,2,en_route_delivery,-1.458,1.960,0.000,-3.500,joint_grid_transaction,27,27,1,9,2,0.000,1.00,2.434,False,None,0.000,False
66.304,3,en_route_pickup,-2.790,2.713,-3.000,1.500,joint_grid_transaction,27,27,3,9,3,0.000,1.00,-1.356,False,None,0.000,False
66.304,4,en_route_pickup,2.068,2.010,0.000,3.500,joint_grid_transaction,27,27,3,9,4,0.000,1.00,-3.042,False,None,0.000,False
66.304,5,en_route_pickup,-3.555,1.998,1.000,1.500,joint_grid_transaction,27,27,3,9,5,0.000,1.00,0.089,False,None,0.000,False
66.304,6,en_route_pickup,3.556,-1.998,-1.000,-1.500,joint_grid_transaction,27,27,3,9,6,0.000,1.00,3.053,False,None,0.000,False
66.304,7,en_route_pickup,-5.988,-1.952,-6.000,-3.500,joint_grid_transaction,27,27,3,9,8,0.000,1.00,1.664,False,None,0.000,False
66.304,8,en_route_pickup,4.385,-0.422,0.000,-3.500,joint_grid_transaction,27,27,3,9,7,0.000,1.00,-2.131,False,None,0.000,False
66.560,1,en_route_delivery,-4.226,-0.459,-3.000,-1.500,joint_grid_transaction,27,27,3,9,1,0.000,1.00,-1.475,False,None,0.000,False
66.560,2,en_route_delivery,-1.474,1.947,0.000,-3.500,joint_grid_transaction,27,27,1,9,2,0.000,1.00,2.586,False,None,0.000,False
66.560,3,en_route_pickup,-2.780,2.759,-3.000,1.500,joint_grid_transaction,27,27,3,9,3,0.000,1.00,-1.390,False,None,0.000,False
66.560,4,en_route_pickup,2.026,2.006,0.000,3.500,joint_grid_transaction,27,27,3,9,4,0.000,1.00,-3.042,False,None,0.000,False
66.560,5,en_route_pickup,-3.513,2.002,1.000,1.500,joint_grid_transaction,27,27,3,9,5,0.000,1.00,0.089,False,None,0.000,False
66.560,6,en_route_pickup,3.515,-2.002,-1.000,-1.500,joint_grid_transaction,27,27,3,9,6,0.000,1.00,3.053,False,None,0.000,False
66.560,7,en_route_pickup,-5.992,-1.996,-6.000,-3.500,joint_grid_transaction,27,27,3,9,8,0.000,1.00,1.664,False,None,0.000,False
66.560,8,en_route_pickup,4.362,-0.463,0.000,-3.500,joint_grid_transaction,27,27,3,9,7,0.000,1.00,-2.059,False,None,0.000,False
66.816,1,en_route_delivery,-4.222,-0.493,-3.000,-1.500,joint_grid_transaction,27,27,3,9,1,0.000,1.00,-1.476,False,None,0.000,False
66.816,2,en_route_delivery,-1.499,1.954,0.000,-3.500,joint_grid_transaction,27,27,1,9,2,0.000,1.00,2.700,False,None,0.000,False
66.816,3,en_route_pickup,-2.777,2.788,-3.000,1.500,joint_grid_transaction,27,27,4,9,3,0.000,1.00,-1.604,False,None,0.000,False
66.816,4,en_route_pickup,1.984,2.002,0.000,3.500,joint_grid_transaction,27,27,3,9,4,0.000,1.00,-3.043,False,None,0.000,False
66.816,5,en_route_pickup,-3.473,2.005,1.000,1.500,joint_grid_transaction,27,27,3,9,5,0.000,1.00,0.088,False,None,0.000,False
66.816,6,en_route_pickup,3.475,-2.005,-1.000,-1.500,joint_grid_transaction,27,27,3,9,6,0.000,1.00,3.053,False,None,0.000,False
66.816,7,en_route_pickup,-5.996,-2.039,-6.000,-3.500,joint_grid_transaction,27,27,3,9,8,0.000,1.00,1.663,False,None,0.000,False
66.816,8,en_route_pickup,4.341,-0.506,0.000,-3.500,joint_grid_transaction,27,27,3,9,7,0.000,1.00,-2.008,False,None,0.000,False
67.072,1,en_route_delivery,-4.219,-0.525,-3.000,-1.500,joint_grid_transaction,27,27,3,9,1,0.000,1.00,-1.477,False,None,0.000,False
67.072,2,en_route_delivery,-1.542,1.972,0.000,-3.500,joint_grid_transaction,27,27,2,9,2,0.000,1.00,2.822,False,None,0.000,False
67.072,3,en_route_pickup,-2.779,2.779,-3.000,1.500,joint_grid_transaction,27,27,4,9,3,0.000,1.00,-1.907,False,None,0.000,False
67.072,4,en_route_pickup,1.943,1.998,0.000,3.500,joint_grid_transaction,27,27,4,9,4,0.000,1.00,-3.044,False,None,0.000,False
67.072,5,en_route_pickup,-3.433,2.009,1.000,1.500,joint_grid_transaction,27,27,4,9,5,0.000,1.00,0.088,False,None,0.000,False
67.072,6,en_route_pickup,3.435,-2.009,-1.000,-1.500,joint_grid_transaction,27,27,4,9,6,0.000,1.00,3.053,False,None,0.000,False
67.072,7,en_route_pickup,-6.000,-2.080,-6.000,-3.500,joint_grid_transaction,27,27,4,9,8,0.000,1.00,1.663,False,None,0.000,False
67.072,8,en_route_pickup,4.321,-0.549,0.000,-3.500,joint_grid_transaction,27,27,4,9,7,0.000,1.00,-1.961,False,None,0.000,False
67.328,1,en_route_delivery,-4.216,-0.559,-3.000,-1.500,joint_grid_transaction,28,28,2,9,1,0.000,1.00,-1.475,False,None,0.000,False
67.328,2,en_route_delivery,-1.545,1.980,0.000,-3.500,joint_grid_transaction,28,28,2,9,2,0.000,1.00,2.675,False,None,0.000,False
67.328,3,en_route_pickup,-2.779,2.778,-3.000,1.500,joint_grid_transaction,28,28,1,9,3,0.000,1.00,-1.931,False,None,0.000,False
67.328,4,en_route_pickup,1.904,1.994,0.000,3.500,joint_grid_transaction,28,28,2,9,4,0.000,1.00,-3.044,False,None,0.000,False
67.328,5,en_route_pickup,-3.394,2.012,1.000,1.500,joint_grid_transaction,28,28,2,9,5,0.000,1.00,0.088,False,None,0.000,False
67.328,6,en_route_pickup,3.395,-2.012,-1.000,-1.500,joint_grid_transaction,28,28,2,9,6,0.000,1.00,3.054,False,None,0.000,False
67.328,7,en_route_pickup,-6.003,-2.121,-6.000,-3.500,joint_grid_transaction,28,28,2,7,8,0.000,1.00,1.663,False,None,0.000,False
67.328,8,en_route_pickup,4.306,-0.593,0.000,-3.500,joint_grid_transaction,28,28,2,9,7,0.000,1.00,-1.867,False,None,0.000,False
67.584,1,en_route_delivery,-4.213,-0.593,-3.000,-1.500,joint_grid_transaction,28,28,2,9,1,0.000,1.00,-1.475,False,None,0.000,False
67.584,2,en_route_delivery,-1.535,1.990,0.000,-3.500,joint_grid_transaction,28,28,2,9,2,0.000,1.00,2.537,False,None,0.000,False
67.584,3,en_route_pickup,-2.789,2.779,-3.000,1.500,joint_grid_transaction,28,28,2,9,3,0.000,1.00,-2.073,False,None,0.000,False
67.584,4,en_route_pickup,1.864,1.990,0.000,3.500,joint_grid_transaction,28,28,2,9,4,0.000,1.00,-3.045,False,None,0.000,False
67.584,5,en_route_pickup,-3.355,2.016,1.000,1.500,joint_grid_transaction,28,28,2,9,5,0.000,1.00,0.087,False,None,0.000,False
67.584,6,en_route_pickup,3.357,-2.016,-1.000,-1.500,joint_grid_transaction,28,28,2,9,6,0.000,1.00,3.054,False,None,0.000,False
67.584,7,en_route_pickup,-6.007,-2.161,-6.000,-3.500,joint_grid_transaction,28,28,2,7,8,0.000,1.00,1.662,False,None,0.000,False
67.584,8,en_route_pickup,4.293,-0.639,0.000,-3.500,joint_grid_transaction,28,28,2,9,7,0.000,1.00,-1.799,False,None,0.000,False
67.840,1,en_route_delivery,-4.210,-0.627,-3.000,-1.500,joint_grid_transaction,28,28,2,9,1,0.000,1.00,-1.476,False,None,0.000,False
67.840,2,en_route_delivery,-1.571,2.019,0.000,-3.500,joint_grid_transaction,28,28,2,9,2,0.000,1.00,2.419,False,None,0.000,False
67.840,3,en_route_pickup,-2.814,2.819,-3.000,1.500,joint_grid_transaction,28,28,2,9,3,0.000,1.00,-2.186,False,None,0.000,False
67.840,4,en_route_pickup,1.826,1.987,0.000,3.500,joint_grid_transaction,28,28,2,9,4,0.000,1.00,-3.045,False,None,0.000,False
67.840,5,en_route_pickup,-3.318,2.019,1.000,1.500,joint_grid_transaction,28,28,2,9,5,0.000,1.00,0.087,False,None,0.000,False
67.840,6,en_route_pickup,3.319,-2.019,-1.000,-1.500,joint_grid_transaction,28,28,2,9,6,0.000,1.00,3.054,False,None,0.000,False
67.840,7,en_route_pickup,-6.011,-2.200,-6.000,-3.500,joint_grid_transaction,28,28,2,7,8,0.000,1.00,1.662,False,None,0.000,False
67.840,8,en_route_pickup,4.284,-0.686,0.000,-3.500,joint_grid_transaction,28,28,2,9,7,0.000,1.00,-1.752,False,None,0.000,False
68.096,1,en_route_delivery,-4.207,-0.659,-3.000,-1.500,joint_grid_transaction,28,28,2,9,1,0.000,1.00,-1.476,False,None,0.000,False
68.096,2,en_route_delivery,-1.605,2.051,0.000,-3.500,joint_grid_transaction,28,28,2,9,2,0.000,1.00,2.336,False,None,0.000,False
68.096,3,en_route_pickup,-2.839,2.852,-3.000,1.500,joint_grid_transaction,28,28,2,9,3,0.000,1.00,-2.258,False,None,0.000,False
68.096,4,en_route_pickup,1.789,1.983,0.000,3.500,joint_grid_transaction,28,28,2,9,4,0.000,1.00,-3.046,False,None,0.000,False
68.096,5,en_route_pickup,-3.281,2.022,1.000,1.500,joint_grid_transaction,28,28,2,9,5,0.000,1.00,0.087,False,None,0.000,False
68.096,6,en_route_pickup,3.283,-2.022,-1.000,-1.500,joint_grid_transaction,28,28,2,9,6,0.000,1.00,3.054,False,None,0.000,False
68.096,7,en_route_pickup,-6.014,-2.238,-6.000,-3.500,joint_grid_transaction,28,28,2,7,8,0.000,1.00,1.662,False,None,0.000,False
68.096,8,en_route_pickup,4.276,-0.733,0.000,-3.500,joint_grid_transaction,28,28,2,9,7,0.000,1.00,-1.720,False,None,0.000,False
68.352,1,en_route_delivery,-4.204,-0.690,-3.000,-1.500,joint_grid_transaction,28,28,2,9,1,0.000,1.00,-1.477,False,None,0.000,False
68.352,2,en_route_delivery,-1.621,2.074,0.000,-3.500,joint_grid_transaction,28,28,3,9,2,0.000,1.00,2.275,False,None,0.000,False
68.352,3,en_route_pickup,-2.842,2.848,-3.000,1.500,joint_grid_transaction,28,28,3,9,3,0.000,1.00,-2.288,False,None,0.000,False
68.352,4,en_route_pickup,1.753,1.980,0.000,3.500,joint_grid_transaction,28,28,2,9,4,0.000,1.00,-3.046,False,None,0.000,False
68.352,5,en_route_pickup,-3.246,2.025,1.000,1.500,joint_grid_transaction,28,28,2,9,5,0.000,1.00,0.087,False,None,0.000,False
68.352,6,en_route_pickup,3.248,-2.025,-1.000,-1.500,joint_grid_transaction,28,28,2,9,6,0.000,1.00,3.055,False,None,0.000,False
68.352,7,en_route_pickup,-6.017,-2.274,-6.000,-3.500,joint_grid_transaction,28,28,2,7,8,0.000,1.00,1.661,False,None,0.000,False
68.352,8,en_route_pickup,4.270,-0.780,0.000,-3.500,joint_grid_transaction,28,28,2,9,7,0.000,1.00,-1.698,False,None,0.000,False
68.608,1,en_route_delivery,-4.201,-0.719,-3.000,-1.500,joint_grid_transaction,28,28,2,9,1,0.000,1.00,-1.477,False,None,0.000,False
68.608,2,en_route_delivery,-1.615,2.088,0.000,-3.500,joint_grid_transaction,28,28,3,9,2,0.000,1.00,2.173,False,None,0.000,False
68.608,3,en_route_pickup,-2.856,2.834,-3.000,1.500,joint_grid_transaction,28,28,3,9,3,0.000,1.00,-2.408,False,None,0.000,False
68.608,4,en_route_pickup,1.719,1.976,0.000,3.500,joint_grid_transaction,28,28,2,9,4,0.000,1.00,-3.047,False,None,0.000,False
68.608,5,en_route_pickup,-3.213,2.028,1.000,1.500,joint_grid_transaction,28,28,2,9,5,0.000,1.00,0.088,False,None,0.000,False
68.608,6,en_route_pickup,3.215,-2.028,-1.000,-1.500,joint_grid_transaction,28,28,2,9,6,0.000,1.00,3.054,False,None,0.000,False
68.608,7,en_route_pickup,-6.021,-2.312,-6.000,-3.500,joint_grid_transaction,28,28,3,7,8,0.000,1.00,1.662,False,None,0.000,False
68.608,8,en_route_pickup,4.264,-0.827,0.000,-3.500,joint_grid_transaction,28,28,3,9,7,0.000,1.00,-1.667,False,None,0.000,False
68.864,1,en_route_delivery,-4.198,-0.747,-3.000,-1.500,joint_grid_transaction,28,28,2,9,1,0.000,1.00,-1.478,False,None,0.000,False
68.864,2,en_route_delivery,-1.639,2.129,0.000,-3.500,joint_grid_transaction,28,28,3,9,2,0.000,1.00,2.051,False,None,0.000,False
68.864,3,en_route_pickup,-2.883,2.848,-3.000,1.500,joint_grid_transaction,28,28,3,9,3,0.000,1.00,-2.519,False,None,0.000,False
68.864,4,en_route_pickup,1.683,1.973,0.000,3.500,joint_grid_transaction,28,28,3,9,4,0.000,1.00,-3.046,False,None,0.000,False
68.864,5,en_route_pickup,-3.177,2.031,1.000,1.500,joint_grid_transaction,28,28,3,9,5,0.000,1.00,0.089,False,None,0.000,False
68.864,6,en_route_pickup,3.178,-2.031,-1.000,-1.500,joint_grid_transaction,28,28,3,9,6,0.000,1.00,3.053,False,None,0.000,False
68.864,7,en_route_pickup,-6.024,-2.349,-6.000,-3.500,joint_grid_transaction,28,28,3,7,8,0.000,1.00,1.661,False,None,0.000,False
68.864,8,en_route_pickup,4.260,-0.871,0.000,-3.500,joint_grid_transaction,28,28,3,9,7,0.000,1.00,-1.660,False,None,0.000,False
69.120,1,en_route_delivery,-4.197,-0.768,-3.000,-1.500,joint_grid_transaction,28,28,2,9,1,0.000,1.00,-1.500,False,None,0.000,False
69.120,2,en_route_delivery,-1.659,2.171,0.000,-3.500,joint_grid_transaction,28,28,3,9,2,0.000,1.00,1.970,False,None,0.000,False
69.120,3,en_route_pickup,-2.923,2.873,-3.000,1.500,joint_grid_transaction,28,28,3,9,3,0.000,1.00,-2.616,False,None,0.000,False
69.120,4,en_route_pickup,1.648,1.969,0.000,3.500,joint_grid_transaction,28,28,3,9,4,0.000,1.00,-3.046,False,None,0.000,False
69.120,5,en_route_pickup,-3.141,2.034,1.000,1.500,joint_grid_transaction,28,28,3,9,5,0.000,1.00,0.088,False,None,0.000,False
69.120,6,en_route_pickup,3.143,-2.034,-1.000,-1.500,joint_grid_transaction,28,28,3,9,6,0.000,1.00,3.053,False,None,0.000,False
69.120,7,en_route_pickup,-6.027,-2.385,-6.000,-3.500,joint_grid_transaction,28,28,3,7,8,0.000,1.00,1.661,False,None,0.000,False
69.120,8,en_route_pickup,4.256,-0.914,0.000,-3.500,joint_grid_transaction,28,28,3,9,7,0.000,1.00,-1.660,False,None,0.000,False
69.376,1,en_route_delivery,-4.196,-0.790,-3.000,-1.500,joint_grid_transaction,28,28,2,9,1,0.000,1.00,-1.520,False,None,0.000,False
69.376,2,en_route_delivery,-1.676,2.215,0.000,-3.500,joint_grid_transaction,28,28,3,9,2,0.000,1.00,1.914,False,None,0.000,False
69.376,3,en_route_pickup,-2.964,2.895,-3.000,1.500,joint_grid_transaction,28,28,3,9,3,0.000,1.00,-2.683,False,None,0.000,False
69.376,4,en_route_pickup,1.613,1.966,0.000,3.500,joint_grid_transaction,28,28,3,9,4,0.000,1.00,-3.047,False,None,0.000,False
69.376,5,en_route_pickup,-3.107,2.037,1.000,1.500,joint_grid_transaction,28,28,3,9,5,0.000,1.00,0.088,False,None,0.000,False
69.376,6,en_route_pickup,3.109,-2.038,-1.000,-1.500,joint_grid_transaction,28,28,3,9,6,0.000,1.00,3.053,False,None,0.000,False
69.376,7,en_route_pickup,-6.031,-2.420,-6.000,-3.500,joint_grid_transaction,28,28,3,7,8,0.000,1.00,1.661,False,None,0.000,False
69.376,8,en_route_pickup,4.253,-0.956,0.000,-3.500,joint_grid_transaction,28,28,3,9,7,0.000,1.00,-1.659,False,None,0.000,False
69.632,1,en_route_delivery,-4.194,-0.823,-3.000,-1.500,joint_grid_transaction,28,28,3,9,1,0.000,1.00,-1.512,False,None,0.000,False
69.632,2,en_route_delivery,-1.691,2.261,0.000,-3.500,joint_grid_transaction,28,28,3,9,2,0.000,1.00,1.875,False,None,0.000,False
69.632,3,en_route_pickup,-3.007,2.915,-3.000,1.500,joint_grid_transaction,28,28,3,9,3,0.000,1.00,-2.730,False,None,0.000,False
69.632,4,en_route_pickup,1.580,1.963,0.000,3.500,joint_grid_transaction,28,28,3,9,4,0.000,1.00,-3.047,False,None,0.000,False
69.632,5,en_route_pickup,-3.074,2.040,1.000,1.500,joint_grid_transaction,28,28,3,9,5,0.000,1.00,0.088,False,None,0.000,False
69.632,6,en_route_pickup,3.076,-2.040,-1.000,-1.500,joint_grid_transaction,28,28,3,9,6,0.000,1.00,3.054,False,None,0.000,False
69.632,7,en_route_pickup,-6.034,-2.454,-6.000,-3.500,joint_grid_transaction,28,28,3,7,8,0.000,1.00,1.660,False,None,0.000,False
69.632,8,en_route_pickup,4.249,-0.998,0.000,-3.500,joint_grid_transaction,28,28,3,9,7,0.000,1.00,-1.659,False,None,0.000,False
69.888,1,en_route_delivery,-4.192,-0.857,-3.000,-1.500,joint_grid_transaction,28,28,3,9,1,0.000,1.00,-1.511,False,None,0.000,False
69.888,2,en_route_delivery,-1.705,2.306,0.000,-3.500,joint_grid_transaction,28,28,3,9,2,0.000,1.00,1.821,False,None,0.000,False
69.888,3,en_route_pickup,-3.045,2.931,-3.000,1.500,joint_grid_transaction,28,28,3,9,3,0.000,1.00,-2.750,False,None,0.000,False
69.888,4,en_route_pickup,1.548,1.960,0.000,3.500,joint_grid_transaction,28,28,3,9,4,0.000,1.00,-3.048,False,None,0.000,False
69.888,5,en_route_pickup,-3.043,2.043,1.000,1.500,joint_grid_transaction,28,28,3,9,5,0.000,1.00,0.087,False,None,0.000,False
69.888,6,en_route_pickup,3.044,-2.043,-1.000,-1.500,joint_grid_transaction,28,28,3,9,6,0.000,1.00,3.054,False,None,0.000,False
69.888,7,en_route_pickup,-6.036,-2.486,-6.000,-3.500,joint_grid_transaction,28,28,3,7,8,0.000,1.00,1.660,False,None,0.000,False
69.888,8,en_route_pickup,4.245,-1.038,0.000,-3.500,joint_grid_transaction,28,28,3,9,7,0.000,1.00,-1.659,False,None,0.000,False
70.144,1,en_route_delivery,-4.190,-0.889,-3.000,-1.500,joint_grid_transaction,28,28,3,9,1,0.000,1.00,-1.510,False,None,0.000,False
70.144,2,en_route_delivery,-1.715,2.352,0.000,-3.500,joint_grid_transaction,28,28,4,9,2,0.000,1.00,1.758,False,None,0.000,False
70.144,3,en_route_pickup,-3.045,2.931,-3.000,1.500,joint_grid_transaction,28,28,4,9,3,0.000,1.00,-2.750,False,joint_slot_deadline,70.692,False
70.144,4,en_route_pickup,1.517,1.957,0.000,3.500,joint_grid_transaction,28,28,3,9,4,0.000,1.00,-3.048,False,None,0.000,False
70.144,5,en_route_pickup,-3.013,2.046,1.000,1.500,joint_grid_transaction,28,28,3,9,5,0.000,1.00,0.087,False,None,0.000,False
70.144,6,en_route_pickup,3.014,-2.046,-1.000,-1.500,joint_grid_transaction,28,28,3,9,6,0.000,1.00,3.054,False,None,0.000,False
70.144,7,en_route_pickup,-6.039,-2.516,-6.000,-3.500,joint_grid_transaction,28,28,3,7,8,0.000,1.00,1.660,False,None,0.000,False
70.144,8,en_route_pickup,4.242,-1.079,0.000,-3.500,joint_grid_transaction,28,28,4,9,7,0.000,1.00,-1.659,False,None,0.000,False
70.400,1,en_route_delivery,-4.188,-0.919,-3.000,-1.500,joint_grid_transaction,28,28,3,9,1,0.000,1.00,-1.510,False,None,0.000,False
70.400,2,en_route_delivery,-1.723,2.399,0.000,-3.500,joint_grid_transaction,28,28,4,9,2,0.000,1.00,1.716,False,None,0.000,False
70.400,3,en_route_pickup,-3.045,2.931,-3.000,1.500,joint_grid_transaction,28,28,4,9,3,0.000,1.00,-2.750,False,joint_slot_deadline,70.692,False
70.400,4,en_route_pickup,1.489,1.954,0.000,3.500,joint_grid_transaction,28,28,3,9,4,0.000,1.00,-3.049,False,None,0.000,False
70.400,5,en_route_pickup,-2.985,2.048,1.000,1.500,joint_grid_transaction,28,28,3,9,5,0.000,1.00,0.087,False,None,0.000,False
70.400,6,en_route_pickup,2.987,-2.048,-1.000,-1.500,joint_grid_transaction,28,28,3,9,6,0.000,1.00,3.054,False,None,0.000,False
70.400,7,en_route_pickup,-6.042,-2.546,-6.000,-3.500,joint_grid_transaction,28,28,3,7,8,0.000,1.00,1.662,False,None,0.000,False
70.400,8,en_route_pickup,4.238,-1.118,0.000,-3.500,joint_grid_transaction,28,28,4,9,7,0.000,1.00,-1.659,False,None,0.000,False
70.656,1,en_route_delivery,-4.187,-0.948,-3.000,-1.500,joint_grid_transaction,28,28,3,9,1,0.000,1.00,-1.509,False,None,0.000,False
70.656,2,en_route_delivery,-1.729,2.446,0.000,-3.500,joint_grid_transaction,28,28,4,9,2,0.000,1.00,1.688,False,None,0.000,False
70.656,3,en_route_pickup,-3.045,2.931,-3.000,1.500,joint_grid_transaction,28,28,4,9,3,0.000,1.00,-2.750,False,joint_slot_deadline,70.692,False
70.656,4,en_route_pickup,1.465,1.953,0.000,3.500,joint_grid_transaction,28,28,3,9,4,0.000,1.00,-3.060,False,None,0.000,False
70.656,5,en_route_pickup,-2.962,2.050,1.000,1.500,joint_grid_transaction,28,28,3,9,5,0.000,1.00,0.071,False,None,0.000,False
70.656,6,en_route_pickup,2.964,-2.050,-1.000,-1.500,joint_grid_transaction,28,28,3,9,6,0.000,1.00,3.070,False,None,0.000,False
70.656,7,en_route_pickup,-6.045,-2.580,-6.000,-3.500,joint_grid_transaction,28,28,4,7,8,0.000,1.00,1.662,False,None,0.000,False
70.656,8,en_route_pickup,4.235,-1.157,0.000,-3.500,joint_grid_transaction,28,28,4,9,7,0.000,1.00,-1.658,False,None,0.000,False
70.912,1,en_route_delivery,-4.185,-0.975,-3.000,-1.500,joint_grid_transaction,28,28,3,9,1,0.000,1.00,-1.509,False,None,0.000,False
70.912,2,en_route_delivery,-1.734,2.494,0.000,-3.500,joint_grid_transaction,28,28,4,9,2,0.000,1.00,1.670,False,None,0.000,False
70.912,3,en_route_pickup,-3.046,2.930,-3.000,1.500,joint_grid_transaction,28,28,5,9,3,0.000,1.00,-2.761,False,joint_slot_deadline,71.892,False
70.912,4,en_route_pickup,1.432,1.950,0.000,3.500,joint_grid_transaction,28,28,4,9,4,0.000,1.00,-3.057,False,None,0.000,False
70.912,5,en_route_pickup,-2.928,2.052,1.000,1.500,joint_grid_transaction,28,28,4,9,5,0.000,1.00,0.074,False,None,0.000,False
70.912,6,en_route_pickup,2.931,-2.052,-1.000,-1.500,joint_grid_transaction,28,28,4,9,6,0.000,1.00,3.067,False,None,0.000,False
70.912,7,en_route_pickup,-6.048,-2.613,-6.000,-3.500,joint_grid_transaction,28,28,4,7,8,0.000,1.00,1.661,False,None,0.000,False
70.912,8,en_route_pickup,4.232,-1.194,0.000,-3.500,joint_grid_transaction,28,28,4,9,7,0.000,1.00,-1.658,False,None,0.000,False
71.168,1,en_route_delivery,-4.184,-0.997,-3.000,-1.500,joint_grid_transaction,29,28,3,9,1,0.000,1.00,-1.531,False,None,0.000,False
71.168,2,en_route_delivery,-1.738,2.536,0.000,-3.500,joint_grid_transaction,29,28,4,9,2,0.000,1.00,1.687,False,None,0.000,False
71.168,3,en_route_pickup,-3.050,2.929,-3.000,1.500,joint_grid_transaction,29,28,5,9,3,0.000,1.00,-2.810,False,joint_slot_deadline,71.892,False
71.168,4,en_route_pickup,1.401,1.947,0.000,3.500,joint_grid_transaction,29,28,4,9,4,0.000,1.00,-3.063,False,None,0.000,False
71.168,5,en_route_pickup,-2.896,2.054,1.000,1.500,joint_grid_transaction,29,28,4,9,5,0.000,1.00,0.068,False,None,0.000,False
71.168,6,en_route_pickup,2.899,-2.054,-1.000,-1.500,joint_grid_transaction,29,28,4,9,6,0.000,1.00,3.073,False,None,0.000,False
71.168,7,en_route_pickup,-6.050,-2.644,-6.000,-3.500,joint_grid_transaction,29,28,4,5,8,0.000,1.00,1.652,False,None,0.000,False
71.168,8,en_route_pickup,4.229,-1.231,0.000,-3.500,joint_grid_transaction,29,28,4,9,7,0.000,1.00,-1.658,False,None,0.000,False
71.424,1,en_route_delivery,-4.184,-1.019,-3.000,-1.500,joint_grid_transaction,29,29,1,9,1,0.000,1.00,-1.553,False,None,0.000,False
71.424,2,en_route_delivery,-1.742,2.525,0.000,-3.500,joint_grid_transaction,29,29,2,9,2,0.000,1.00,1.963,False,None,0.000,False
71.424,3,en_route_pickup,-3.059,2.925,-3.000,1.500,joint_grid_transaction,29,29,2,9,3,0.000,1.00,3.074,False,None,0.000,False
71.424,4,en_route_pickup,1.369,1.945,0.000,3.500,joint_grid_transaction,29,29,2,9,4,0.000,1.00,-3.063,False,None,0.000,False
71.424,5,en_route_pickup,-2.865,2.057,1.000,1.500,joint_grid_transaction,29,29,2,9,5,0.000,1.00,0.069,False,None,0.000,False
71.424,6,en_route_pickup,2.867,-2.057,-1.000,-1.500,joint_grid_transaction,29,29,2,9,6,0.000,1.00,3.071,False,None,0.000,False
71.424,7,en_route_pickup,-6.053,-2.675,-6.000,-3.500,joint_grid_transaction,29,29,2,5,8,0.000,1.00,1.652,False,None,0.000,False
71.424,8,en_route_pickup,4.225,-1.265,0.000,-3.500,joint_grid_transaction,29,29,1,9,7,0.000,1.00,-1.658,False,None,0.000,False
71.680,1,en_route_delivery,-4.184,-1.042,-3.000,-1.500,joint_grid_transaction,29,29,1,9,1,0.000,1.00,-1.578,False,None,0.000,False
71.680,2,en_route_delivery,-1.749,2.514,0.000,-3.500,joint_grid_transaction,29,29,2,9,2,0.000,1.00,2.107,False,None,0.000,False
71.680,3,en_route_pickup,-3.051,2.924,-3.000,1.500,joint_grid_transaction,29,29,2,9,3,0.000,1.00,2.815,False,None,0.000,False
71.680,4,en_route_pickup,1.339,1.942,0.000,3.500,joint_grid_transaction,29,29,2,9,4,0.000,1.00,-3.063,False,None,0.000,False
71.680,5,en_route_pickup,-2.834,2.059,1.000,1.500,joint_grid_transaction,29,29,2,9,5,0.000,1.00,0.070,False,None,0.000,False
71.680,6,en_route_pickup,2.836,-2.059,-1.000,-1.500,joint_grid_transaction,29,29,2,9,6,0.000,1.00,3.071,False,None,0.000,False
71.680,7,en_route_pickup,-6.055,-2.704,-6.000,-3.500,joint_grid_transaction,29,29,2,5,8,0.000,1.00,1.652,False,None,0.000,False
71.680,8,en_route_pickup,4.222,-1.300,0.000,-3.500,joint_grid_transaction,29,29,1,9,7,0.000,1.00,-1.659,False,None,0.000,False
71.936,1,en_route_delivery,-4.184,-1.080,-3.000,-1.500,joint_grid_transaction,29,29,2,9,1,0.000,1.00,-1.581,False,None,0.000,False
71.936,2,en_route_delivery,-1.775,2.551,0.000,-3.500,joint_grid_transaction,29,29,2,9,2,0.000,1.00,2.226,False,None,0.000,False
71.936,3,en_route_pickup,-3.060,2.913,-3.000,1.500,joint_grid_transaction,29,29,2,9,3,0.000,1.00,2.681,False,None,0.000,False
71.936,4,en_route_pickup,1.310,1.940,0.000,3.500,joint_grid_transaction,29,29,2,9,4,0.000,1.00,-3.063,False,None,0.000,False
71.936,5,en_route_pickup,-2.805,2.061,1.000,1.500,joint_grid_transaction,29,29,2,9,5,0.000,1.00,0.070,False,None,0.000,False
71.936,6,en_route_pickup,2.807,-2.061,-1.000,-1.500,joint_grid_transaction,29,29,2,9,6,0.000,1.00,3.071,False,None,0.000,False
71.936,7,en_route_pickup,-6.058,-2.731,-6.000,-3.500,joint_grid_transaction,29,29,2,5,8,0.000,1.00,1.652,False,None,0.000,False
71.936,8,en_route_pickup,4.219,-1.337,0.000,-3.500,joint_grid_transaction,29,29,2,9,7,0.000,1.00,-1.659,False,None,0.000,False
72.192,1,en_route_delivery,-4.185,-1.117,-3.000,-1.500,joint_grid_transaction,29,29,2,9,1,0.000,1.00,-1.585,False,None,0.000,False
72.192,2,en_route_delivery,-1.806,2.587,0.000,-3.500,joint_grid_transaction,29,29,2,9,2,0.000,1.00,2.309,False,None,0.000,False
72.192,3,en_route_pickup,-3.088,2.898,-3.000,1.500,joint_grid_transaction,29,29,2,9,3,0.000,1.00,2.602,False,joint_slot_deadline,72.292,False
72.192,4,en_route_pickup,1.283,1.938,0.000,3.500,joint_grid_transaction,29,29,2,9,4,0.000,1.00,-3.063,False,None,0.000,False
72.192,5,en_route_pickup,-2.777,2.063,1.000,1.500,joint_grid_transaction,29,29,2,9,5,0.000,1.00,0.070,False,None,0.000,False
72.192,6,en_route_pickup,2.780,-2.063,-1.000,-1.500,joint_grid_transaction,29,29,2,9,6,0.000,1.00,3.070,False,None,0.000,False
72.192,7,en_route_pickup,-6.059,-2.754,-6.000,-3.500,joint_grid_transaction,29,29,2,5,8,0.000,1.00,1.637,False,None,0.000,False
72.192,8,en_route_pickup,4.216,-1.372,0.000,-3.500,joint_grid_transaction,29,29,2,9,7,0.000,1.00,-1.659,False,None,0.000,False
72.448,1,en_route_delivery,-4.186,-1.154,-3.000,-1.500,joint_grid_transaction,29,29,2,9,1,0.000,1.00,-1.591,False,None,0.000,False
72.448,2,en_route_delivery,-1.830,2.615,0.000,-3.500,joint_grid_transaction,29,29,2,9,2,0.000,1.00,2.321,False,None,0.000,False
72.448,3,en_route_pickup,-3.077,2.890,-3.000,1.500,joint_grid_transaction,29,29,3,9,3,0.000,1.00,2.494,False,None,0.000,False
72.448,4,en_route_pickup,1.261,1.937,0.000,3.500,joint_grid_transaction,29,29,2,9,4,0.000,1.00,-3.085,False,None,0.000,False
72.448,5,en_route_pickup,-2.755,2.064,1.000,1.500,joint_grid_transaction,29,29,2,9,5,0.000,1.00,0.055,False,None,0.000,False
72.448,6,en_route_pickup,2.757,-2.064,-1.000,-1.500,joint_grid_transaction,29,29,2,9,6,0.000,1.00,3.086,False,None,0.000,False
72.448,7,en_route_pickup,-6.060,-2.774,-6.000,-3.500,joint_grid_transaction,29,29,2,5,8,0.000,1.00,1.609,False,None,0.000,False
72.448,8,en_route_pickup,4.213,-1.406,0.000,-3.500,joint_grid_transaction,29,29,2,9,7,0.000,1.00,-1.659,False,None,0.000,False
72.704,1,en_route_delivery,-4.187,-1.191,-3.000,-1.500,joint_grid_transaction,29,29,2,9,1,0.000,1.00,-1.599,False,None,0.000,False
72.704,2,en_route_delivery,-1.844,2.642,0.000,-3.500,joint_grid_transaction,29,29,3,9,2,0.000,1.00,2.209,False,None,0.000,False
72.704,3,en_route_pickup,-3.063,2.877,-3.000,1.500,joint_grid_transaction,29,29,3,9,3,0.000,1.00,2.368,False,None,0.000,False
72.704,4,en_route_pickup,1.240,1.936,0.000,3.500,joint_grid_transaction,29,29,2,9,4,0.000,1.00,-3.106,False,None,0.000,False
72.704,5,en_route_pickup,-2.734,2.064,1.000,1.500,joint_grid_transaction,29,29,2,9,5,0.000,1.00,0.026,False,None,0.000,False
72.704,6,en_route_pickup,2.735,-2.065,-1.000,-1.500,joint_grid_transaction,29,29,2,9,6,0.000,1.00,3.108,False,None,0.000,False
72.704,7,en_route_pickup,-6.060,-2.800,-6.000,-3.500,joint_grid_transaction,29,29,3,5,8,0.000,1.00,1.593,False,None,0.000,False
72.704,8,en_route_pickup,4.210,-1.439,0.000,-3.500,joint_grid_transaction,29,29,2,9,7,0.000,1.00,-1.658,False,None,0.000,False
72.960,1,en_route_delivery,-4.189,-1.227,-3.000,-1.500,joint_grid_transaction,29,29,2,9,1,0.000,1.00,-1.610,False,None,0.000,False
72.960,2,en_route_delivery,-1.870,2.681,0.000,-3.500,joint_grid_transaction,29,29,3,9,2,0.000,1.00,2.111,False,None,0.000,False
72.960,3,en_route_pickup,-3.077,2.851,-3.000,1.500,joint_grid_transaction,29,29,3,9,3,0.000,1.00,2.254,False,None,0.000,False
72.960,4,en_route_pickup,1.218,1.936,0.000,3.500,joint_grid_transaction,29,29,2,9,4,0.000,1.00,-3.129,False,None,0.000,False
72.960,5,en_route_pickup,-2.712,2.065,1.000,1.500,joint_grid_transaction,29,29,2,9,5,0.000,1.00,0.003,False,None,0.000,False
72.960,6,en_route_pickup,2.714,-2.065,-1.000,-1.500,joint_grid_transaction,29,29,2,9,6,0.000,1.00,3.138,False,None,0.000,False
72.960,7,en_route_pickup,-6.061,-2.836,-6.000,-3.500,joint_grid_transaction,29,29,3,5,8,0.000,1.00,1.598,False,None,0.000,False
72.960,8,en_route_pickup,4.207,-1.470,0.000,-3.500,joint_grid_transaction,29,29,2,9,7,0.000,1.00,-1.658,False,None,0.000,False
73.216,1,en_route_delivery,-4.192,-1.264,-3.000,-1.500,joint_grid_transaction,29,29,2,9,1,0.000,1.00,-1.625,False,None,0.000,False
73.216,2,en_route_delivery,-1.893,2.722,0.000,-3.500,joint_grid_transaction,29,29,3,9,2,0.000,1.00,2.045,False,None,0.000,False
73.216,3,en_route_pickup,-3.105,2.813,-3.000,1.500,joint_grid_transaction,29,29,3,9,3,0.000,1.00,2.158,False,None,0.000,False
73.216,4,en_route_pickup,1.186,1.936,0.000,3.500,joint_grid_transaction,29,29,3,9,4,0.000,1.00,-3.141,False,None,0.000,False
73.216,5,en_route_pickup,-2.682,2.065,1.000,1.500,joint_grid_transaction,29,29,3,9,5,0.000,0.85,-0.001,False,None,0.000,False
73.216,6,en_route_pickup,2.679,-2.065,-1.000,-1.500,joint_grid_transaction,29,29,3,9,6,0.000,1.00,-3.139,False,None,0.000,False
73.216,7,en_route_pickup,-6.062,-2.869,-6.000,-3.500,joint_grid_transaction,29,29,3,5,8,0.000,1.00,1.603,False,None,0.000,False
73.216,8,en_route_pickup,4.205,-1.500,0.000,-3.500,joint_grid_transaction,29,29,2,9,7,0.000,1.00,-1.658,False,None,0.000,False
73.472,1,en_route_delivery,-4.195,-1.304,-3.000,-1.500,joint_grid_transaction,29,29,3,9,1,0.000,1.00,-1.645,False,None,0.000,False
73.472,2,en_route_delivery,-1.914,2.765,0.000,-3.500,joint_grid_transaction,29,29,3,9,2,0.000,1.00,1.998,False,None,0.000,False
73.472,3,en_route_pickup,-3.130,2.773,-3.000,1.500,joint_grid_transaction,29,29,3,9,3,0.000,1.00,2.092,False,None,0.000,False
73.472,4,en_route_pickup,1.150,1.936,0.000,3.500,joint_grid_transaction,29,29,3,9,4,0.000,1.00,-3.141,False,None,0.000,False
73.472,5,en_route_pickup,-2.655,2.065,1.000,1.500,joint_grid_transaction,29,29,3,9,5,0.000,0.85,-0.002,False,None,0.000,False
73.472,6,en_route_pickup,2.643,-2.065,-1.000,-1.500,joint_grid_transaction,29,29,3,9,6,0.000,1.00,-3.137,False,None,0.000,False
73.472,7,en_route_pickup,-6.063,-2.901,-6.000,-3.500,joint_grid_transaction,29,29,3,5,8,0.000,1.00,1.610,False,None,0.000,False
73.472,8,en_route_pickup,4.202,-1.527,0.000,-3.500,joint_grid_transaction,29,29,2,9,7,0.000,1.00,-1.658,False,None,0.000,False
73.728,1,en_route_delivery,-4.199,-1.352,-3.000,-1.500,joint_grid_transaction,29,29,3,9,1,0.000,1.00,-1.665,False,None,0.000,False
73.728,2,en_route_delivery,-1.930,2.796,0.000,-3.500,joint_grid_transaction,29,29,3,9,2,0.000,1.00,2.037,False,None,0.000,False
73.728,3,en_route_pickup,-3.153,2.731,-3.000,1.500,joint_grid_transaction,29,29,3,9,3,0.000,1.00,2.045,False,None,0.000,False
73.728,4,en_route_pickup,1.114,1.936,0.000,3.500,joint_grid_transaction,29,29,3,9,4,0.000,1.00,-3.141,False,None,0.000,False
73.728,5,en_route_pickup,-2.629,2.065,1.000,1.500,joint_grid_transaction,29,29,3,9,5,0.000,0.85,0.002,False,None,0.000,False
73.728,6,en_route_pickup,2.607,-2.064,-1.000,-1.500,joint_grid_transaction,29,29,3,9,6,0.000,1.00,-3.136,False,None,0.000,False
73.728,7,en_route_delivery,-6.064,-2.931,-1.000,1.500,joint_grid_transaction,29,29,3,5,8,0.000,1.00,1.617,False,None,0.000,False
73.728,8,en_route_pickup,4.201,-1.554,0.000,-3.500,joint_grid_transaction,29,29,3,9,7,0.000,1.00,-1.650,False,None,0.000,False
73.984,1,en_route_delivery,-4.204,-1.399,-3.000,-1.500,joint_grid_transaction,29,29,3,9,1,0.000,1.00,-1.679,False,None,0.000,False
73.984,2,en_route_delivery,-1.939,2.782,0.000,-3.500,joint_grid_transaction,29,29,4,9,2,0.000,1.00,2.193,False,None,0.000,False
73.984,3,en_route_pickup,-3.173,2.688,-3.000,1.500,joint_grid_transaction,29,29,4,9,3,0.000,1.00,1.981,False,None,0.000,False
73.984,4,en_route_pickup,1.080,1.936,0.000,3.500,joint_grid_transaction,29,29,3,9,4,0.000,1.00,-3.140,False,None,0.000,False
73.984,5,en_route_pickup,-2.604,2.065,1.000,1.500,joint_grid_transaction,29,29,3,9,5,0.000,0.85,0.002,False,None,0.000,False
73.984,6,en_route_pickup,2.571,-2.064,-1.000,-1.500,joint_grid_transaction,29,29,3,9,6,0.000,1.00,-3.133,False,None,0.000,False
73.984,7,en_route_delivery,-6.066,-2.959,-1.000,1.500,joint_grid_transaction,29,29,3,5,8,0.000,1.00,1.624,False,None,0.000,False
73.984,8,en_route_pickup,4.198,-1.587,0.000,-3.500,joint_grid_transaction,29,29,3,9,7,0.000,1.00,-1.650,False,None,0.000,False
74.240,1,en_route_delivery,-4.210,-1.445,-3.000,-1.500,joint_grid_transaction,30,30,1,9,1,0.000,1.00,-1.693,False,None,0.000,False
74.240,2,en_route_delivery,-1.938,2.787,0.000,-3.500,joint_grid_transaction,30,30,1,9,2,0.000,1.00,2.160,False,None,0.000,False
74.240,3,en_route_pickup,-3.178,2.676,-3.000,1.500,joint_grid_transaction,30,30,1,7,3,0.000,0.45,1.949,False,None,0.000,False
74.240,4,en_route_pickup,1.047,1.935,0.000,3.500,joint_grid_transaction,30,30,1,8,4,0.000,1.00,-3.140,False,None,0.000,False
74.240,5,en_route_pickup,-2.583,2.064,1.000,1.500,joint_grid_transaction,30,30,1,8,5,0.000,0.75,0.003,False,None,0.000,False
74.240,6,en_route_pickup,2.537,-2.063,-1.000,-1.500,joint_grid_transaction,30,30,1,8,6,0.000,1.00,-3.129,False,None,0.000,False
74.240,7,en_route_delivery,-6.066,-2.967,-1.000,1.500,joint_grid_transaction,30,30,1,9,8,0.000,1.00,1.396,False,None,0.000,False
74.240,8,en_route_pickup,4.196,-1.619,0.000,-3.500,joint_grid_transaction,30,30,1,9,7,0.000,1.00,-1.643,False,None,0.000,False
74.496,1,en_route_delivery,-4.216,-1.492,-3.000,-1.500,joint_grid_transaction,30,30,2,9,1,0.000,1.00,-1.697,False,None,0.000,False
74.496,2,en_route_delivery,-1.948,2.785,0.000,-3.500,joint_grid_transaction,30,30,2,9,2,0.000,1.00,2.246,False,None,0.000,False
74.496,3,en_route_pickup,-3.178,2.676,-3.000,1.500,joint_grid_transaction,30,30,1,7,3,0.000,0.45,1.949,False,joint_slot_deadline,75.268,False
74.496,4,en_route_pickup,1.016,1.935,0.000,3.500,joint_grid_transaction,30,30,1,8,4,0.000,1.00,-3.140,False,None,0.000,False
74.496,5,en_route_pickup,-2.564,2.064,1.000,1.500,joint_grid_transaction,30,30,1,8,5,0.000,0.75,0.003,False,None,0.000,False
74.496,6,en_route_pickup,2.504,-2.062,-1.000,-1.500,joint_grid_transaction,30,30,1,8,6,0.000,1.00,-3.124,False,None,0.000,False
74.496,7,en_route_delivery,-6.058,-2.948,-1.000,1.500,joint_grid_transaction,30,30,1,9,8,0.000,1.00,1.057,False,None,0.000,False
74.496,8,en_route_pickup,4.193,-1.650,0.000,-3.500,joint_grid_transaction,30,30,2,9,7,0.000,1.00,-1.644,False,None,0.000,False
74.752,1,en_route_delivery,-4.221,-1.534,-3.000,-1.500,joint_grid_transaction,30,30,2,9,1,0.000,1.00,-1.700,False,joint_slot_deadline,75.268,False
74.752,2,en_route_delivery,-1.980,2.819,0.000,-3.500,joint_grid_transaction,30,30,2,9,2,0.000,1.00,2.364,False,None,0.000,False
74.752,3,en_route_pickup,-3.178,2.676,-3.000,1.500,joint_grid_transaction,30,30,1,7,3,0.000,1.00,1.949,False,joint_slot_deadline,75.268,False
74.752,4,en_route_pickup,0.986,1.935,0.000,3.500,joint_grid_transaction,30,30,1,8,4,0.000,1.00,-3.140,False,None,0.000,False
74.752,5,en_route_pickup,-2.545,2.064,1.000,1.500,joint_grid_transaction,30,30,1,8,5,0.000,0.75,0.004,False,None,0.000,False
74.752,6,en_route_pickup,2.472,-2.061,-1.000,-1.500,joint_grid_transaction,30,30,1,8,6,0.000,1.00,-3.116,False,None,0.000,False
74.752,7,en_route_delivery,-6.041,-2.924,-1.000,1.500,joint_grid_transaction,30,30,1,9,8,0.000,1.00,0.825,False,None,0.000,False
74.752,8,en_route_pickup,4.191,-1.680,0.000,-3.500,joint_grid_transaction,30,30,2,9,7,0.000,1.00,-1.644,False,None,0.000,False
75.008,1,en_route_delivery,-4.221,-1.534,-3.000,-1.500,joint_grid_transaction,30,30,2,9,1,0.000,1.00,-1.700,False,joint_slot_deadline,75.268,False
75.008,2,en_route_delivery,-2.015,2.851,0.000,-3.500,joint_grid_transaction,30,30,2,9,2,0.000,1.00,2.446,False,None,0.000,False
75.008,3,en_route_pickup,-3.178,2.676,-3.000,1.500,joint_grid_transaction,30,30,1,7,3,0.000,1.00,1.949,False,joint_slot_deadline,75.268,False
75.008,4,en_route_pickup,0.959,1.935,0.000,3.500,joint_grid_transaction,30,30,1,8,4,0.000,1.00,-3.140,False,None,0.000,False
75.008,5,en_route_pickup,-2.527,2.064,1.000,1.500,joint_grid_transaction,30,30,1,8,5,0.000,0.75,0.005,False,None,0.000,False
75.008,6,en_route_pickup,2.461,-2.060,-1.000,-1.500,joint_grid_transaction,30,30,1,8,6,0.000,1.00,-3.113,False,joint_slot_deadline,75.268,False
75.008,7,en_route_delivery,-6.024,-2.908,-1.000,1.500,joint_grid_transaction,30,30,1,9,8,0.000,1.00,0.690,False,None,0.000,False
75.008,8,en_route_pickup,4.189,-1.708,0.000,-3.500,joint_grid_transaction,30,30,2,9,7,0.000,1.00,-1.644,False,None,0.000,False
75.264,1,en_route_delivery,-4.221,-1.534,-3.000,-1.500,joint_grid_transaction,30,30,2,9,1,0.000,1.00,-1.700,False,joint_slot_deadline,75.268,False
75.264,2,en_route_delivery,-2.052,2.880,0.000,-3.500,joint_grid_transaction,30,30,2,9,2,0.000,1.00,2.503,False,None,0.000,False
75.264,3,en_route_pickup,-3.178,2.676,-3.000,1.500,joint_grid_transaction,30,30,1,7,3,0.000,1.00,1.949,False,joint_slot_deadline,75.268,False
75.264,4,en_route_pickup,0.959,1.935,0.000,3.500,joint_grid_transaction,30,30,1,8,4,0.000,1.00,-3.140,False,joint_slot_deadline,75.268,False
75.264,5,en_route_pickup,-2.509,2.064,1.000,1.500,joint_grid_transaction,30,30,1,8,5,0.000,0.75,0.006,False,None,0.000,False
75.264,6,en_route_pickup,2.461,-2.060,-1.000,-1.500,joint_grid_transaction,30,30,1,8,6,0.000,1.00,-3.113,False,joint_slot_deadline,75.268,False
75.264,7,en_route_delivery,-6.000,-2.916,-1.000,1.500,joint_grid_transaction,30,30,1,9,8,0.000,1.00,0.578,False,None,0.000,False
75.264,8,en_route_pickup,4.187,-1.734,0.000,-3.500,joint_grid_transaction,30,30,2,9,7,0.000,1.00,-1.639,False,None,0.000,False
75.520,1,en_route_delivery,-4.226,-1.571,-3.000,-1.500,joint_grid_transaction,30,30,3,9,1,0.000,1.00,-1.701,False,None,0.000,False
75.520,2,en_route_delivery,-2.072,2.887,0.000,-3.500,joint_grid_transaction,30,30,3,9,2,0.000,1.00,2.595,False,None,0.000,False
75.520,3,en_route_pickup,-3.192,2.641,-3.000,1.500,joint_grid_transaction,30,30,2,7,3,0.000,1.00,1.892,False,None,0.000,False
75.520,4,en_route_pickup,0.927,1.935,0.000,3.500,joint_grid_transaction,30,30,2,8,4,0.000,1.00,-3.139,False,None,0.000,False
75.520,5,en_route_pickup,-2.492,2.064,1.000,1.500,joint_grid_transaction,30,30,1,8,5,0.000,0.75,0.007,False,None,0.000,False
75.520,6,en_route_pickup,2.424,-2.059,-1.000,-1.500,joint_grid_transaction,30,30,2,8,6,0.000,1.00,-3.103,False,None,0.000,False
75.520,7,en_route_delivery,-5.959,-2.939,-1.000,1.500,joint_grid_transaction,30,30,1,9,8,0.000,1.00,0.466,False,None,0.000,False
75.520,8,en_route_pickup,4.187,-1.755,0.000,-3.500,joint_grid_transaction,30,30,2,9,7,0.000,1.00,-1.618,False,None,0.000,False
75.776,1,en_route_delivery,-4.232,-1.617,-3.000,-1.500,joint_grid_transaction,30,30,3,9,1,0.000,1.00,-1.676,False,None,0.000,False
75.776,2,en_route_delivery,-2.114,2.909,0.000,-3.500,joint_grid_transaction,30,30,3,9,2,0.000,1.00,2.718,False,None,0.000,False
75.776,3,en_route_pickup,-3.205,2.595,-3.000,1.500,joint_grid_transaction,30,30,2,7,3,0.000,1.00,1.818,False,None,0.000,False
75.776,4,en_route_pickup,0.891,1.935,0.000,3.500,joint_grid_transaction,30,30,2,8,4,0.000,1.00,-3.139,False,None,0.000,False
75.776,5,en_route_pickup,-2.476,2.063,1.000,1.500,joint_grid_transaction,30,30,1,8,5,0.000,0.75,0.009,False,None,0.000,False
75.776,6,en_route_pickup,2.381,-2.056,-1.000,-1.500,joint_grid_transaction,30,30,2,8,6,0.000,1.00,-3.090,False,None,0.000,False
75.776,7,en_route_delivery,-5.930,-2.950,-1.000,1.500,joint_grid_transaction,30,30,2,9,8,0.000,1.00,0.354,False,None,0.000,False
75.776,8,en_route_pickup,4.186,-1.776,0.000,-3.500,joint_grid_transaction,30,30,2,9,7,0.000,1.00,-1.589,False,None,0.000,False
76.032,1,en_route_delivery,-4.236,-1.663,-3.000,-1.500,joint_grid_transaction,30,30,3,9,1,0.000,1.00,-1.665,False,None,0.000,False
76.032,2,en_route_delivery,-2.158,2.927,0.000,-3.500,joint_grid_transaction,30,30,3,9,2,0.000,1.00,2.800,False,None,0.000,False
76.032,3,en_route_pickup,-3.215,2.549,-3.000,1.500,joint_grid_transaction,30,30,2,7,3,0.000,1.00,1.767,False,None,0.000,False
76.032,4,en_route_pickup,0.856,1.935,0.000,3.500,joint_grid_transaction,30,30,2,8,4,0.000,1.00,-3.138,False,None,0.000,False
76.032,5,en_route_pickup,-2.459,2.063,1.000,1.500,joint_grid_transaction,30,30,1,8,5,0.000,0.75,0.011,False,None,0.000,False
76.032,6,en_route_pickup,2.338,-2.053,-1.000,-1.500,joint_grid_transaction,30,30,2,8,6,0.000,1.00,-3.072,False,None,0.000,False
76.032,7,en_route_delivery,-5.885,-2.964,-1.000,1.500,joint_grid_transaction,30,30,2,9,8,0.000,1.00,0.253,False,None,0.000,False
76.032,8,en_route_pickup,4.186,-1.789,0.000,-3.500,joint_grid_transaction,30,30,3,9,7,0.000,1.00,-1.654,False,None,0.000,False
76.288,1,en_route_delivery,-4.240,-1.706,-3.000,-1.500,joint_grid_transaction,30,30,3,9,1,0.000,1.00,-1.664,False,None,0.000,False
76.288,2,en_route_delivery,-2.203,2.941,0.000,-3.500,joint_grid_transaction,30,30,3,9,2,0.000,1.00,2.856,False,None,0.000,False
76.288,3,en_route_pickup,-3.224,2.502,-3.000,1.500,joint_grid_transaction,30,30,2,7,3,0.000,1.00,1.732,False,None,0.000,False
76.288,4,en_route_pickup,0.822,1.935,0.000,3.500,joint_grid_transaction,30,30,2,8,4,0.000,1.00,-3.138,False,None,0.000,False
76.288,5,en_route_pickup,-2.422,2.062,1.000,1.500,joint_grid_transaction,30,30,2,8,5,0.000,1.00,0.015,False,None,0.000,False
76.288,6,en_route_pickup,2.292,-2.049,-1.000,-1.500,joint_grid_transaction,30,30,2,8,6,0.000,1.00,-3.050,False,None,0.000,False
76.288,7,en_route_delivery,-5.839,-2.974,-1.000,1.500,joint_grid_transaction,30,30,2,9,8,0.000,1.00,0.185,False,None,0.000,False
76.288,8,en_route_pickup,4.184,-1.781,0.000,-3.500,joint_grid_transaction,30,30,3,9,7,0.000,1.00,-1.897,False,None,0.000,False
76.544,1,en_route_delivery,-4.244,-1.749,-3.000,-1.500,joint_grid_transaction,30,30,3,9,1,0.000,1.00,-1.664,False,None,0.000,False
76.544,2,en_route_delivery,-2.249,2.954,0.000,-3.500,joint_grid_transaction,30,30,3,9,2,0.000,1.00,2.895,False,None,0.000,False
76.544,3,en_route_pickup,-3.231,2.455,-3.000,1.500,joint_grid_transaction,30,30,3,7,3,0.000,1.00,1.701,False,None,0.000,False
76.544,4,en_route_pickup,0.790,1.935,0.000,3.500,joint_grid_transaction,30,30,2,8,4,0.000,1.00,-3.137,False,None,0.000,False
76.544,5,en_route_pickup,-2.383,2.061,1.000,1.500,joint_grid_transaction,30,30,2,8,5,0.000,1.00,0.021,False,None,0.000,False
76.544,6,en_route_pickup,2.245,-2.044,-1.000,-1.500,joint_grid_transaction,30,30,2,8,6,0.000,1.00,-3.021,False,None,0.000,False
76.544,7,en_route_delivery,-5.792,-2.981,-1.000,1.500,joint_grid_transaction,30,30,2,9,8,0.000,1.00,0.138,False,None,0.000,False
76.544,8,en_route_pickup,4.172,-1.796,0.000,-3.500,joint_grid_transaction,30,30,3,9,7,0.000,1.00,-2.026,False,None,0.000,False
76.800,1,en_route_delivery,-4.247,-1.784,-3.000,-1.500,joint_grid_transaction,30,30,3,9,1,0.000,1.00,-1.588,False,None,0.000,False
76.800,2,en_route_delivery,-2.295,2.965,0.000,-3.500,joint_grid_transaction,30,30,3,9,2,0.000,1.00,2.932,False,None,0.000,False
76.800,3,en_route_pickup,-3.236,2.408,-3.000,1.500,joint_grid_transaction,30,30,3,7,3,0.000,1.00,1.666,False,None,0.000,False
76.800,4,en_route_pickup,0.760,1.935,0.000,3.500,joint_grid_transaction,30,30,2,8,4,0.000,1.00,-3.136,False,None,0.000,False
76.800,5,en_route_pickup,-2.344,2.060,1.000,1.500,joint_grid_transaction,30,30,2,8,5,0.000,1.00,0.029,False,None,0.000,False
76.800,6,en_route_pickup,2.199,-2.038,-1.000,-1.500,joint_grid_transaction,30,30,2,8,6,0.000,1.00,-3.009,False,None,0.000,False
76.800,7,en_route_delivery,-5.745,-2.987,-1.000,1.500,joint_grid_transaction,30,30,2,9,8,0.000,1.00,0.107,False,None,0.000,False
76.800,8,en_route_pickup,4.149,-1.837,0.000,-3.500,joint_grid_transaction,30,30,3,9,7,0.000,1.00,-2.133,False,None,0.000,False
77.056,1,en_route_delivery,-4.245,-1.776,-3.000,-1.500,joint_grid_transaction,30,30,4,9,1,0.000,1.00,-1.245,False,None,0.000,False
77.056,2,en_route_delivery,-2.341,2.973,0.000,-3.500,joint_grid_transaction,30,30,4,9,2,0.000,1.00,2.988,False,None,0.000,False
77.056,3,en_route_pickup,-3.240,2.363,-3.000,1.500,joint_grid_transaction,30,30,3,7,3,0.000,1.00,1.659,False,None,0.000,False
77.056,4,en_route_pickup,0.731,1.935,0.000,3.500,joint_grid_transaction,30,30,2,8,4,0.000,1.00,-3.136,False,None,0.000,False
77.056,5,en_route_pickup,-2.305,2.058,1.000,1.500,joint_grid_transaction,30,30,2,8,5,0.000,1.00,0.040,False,None,0.000,False
77.056,6,en_route_pickup,2.151,-2.032,-1.000,-1.500,joint_grid_transaction,30,30,3,8,6,0.000,1.00,-3.029,False,None,0.000,False
77.056,7,en_route_delivery,-5.699,-2.992,-1.000,1.500,joint_grid_transaction,30,30,3,9,8,0.000,1.00,0.090,False,None,0.000,False
77.056,8,en_route_pickup,4.135,-1.830,0.000,-3.500,joint_grid_transaction,30,30,4,9,7,0.000,1.00,-2.308,False,None,0.000,False
77.312,1,en_route_delivery,-4.245,-1.782,-3.000,-1.500,joint_grid_transaction,31,31,1,9,1,0.000,1.00,-1.289,False,None,0.000,False
77.312,2,en_route_delivery,-2.388,2.980,0.000,-3.500,joint_grid_transaction,31,31,2,13,2,0.000,1.00,3.020,False,None,0.000,False
77.312,3,en_route_pickup,-3.240,2.353,-3.000,1.500,joint_grid_transaction,31,31,2,6,3,0.000,1.00,1.367,False,None,0.000,False
77.312,4,en_route_pickup,0.706,1.934,0.000,3.500,joint_grid_transaction,31,31,1,10,4,0.000,1.00,3.135,False,None,0.000,False
77.312,5,en_route_pickup,-2.266,2.055,1.000,1.500,joint_grid_transaction,31,31,1,12,5,0.000,1.00,0.056,False,None,0.000,False
77.312,6,en_route_pickup,2.106,-2.027,-1.000,-1.500,joint_grid_transaction,31,31,2,13,6,0.000,1.00,-3.030,False,None,0.000,False
77.312,7,en_route_delivery,-5.657,-2.996,-1.000,1.500,joint_grid_transaction,31,31,2,13,8,0.000,1.00,0.090,False,None,0.000,False
77.312,8,en_route_pickup,4.133,-1.830,0.000,-3.500,joint_grid_transaction,31,31,2,13,7,0.000,1.00,-2.314,False,joint_slot_deadline,78.292,False
77.568,1,en_route_delivery,-4.240,-1.770,-3.000,-1.500,joint_grid_transaction,31,31,2,9,1,0.000,1.00,-1.107,False,None,0.000,False
77.568,2,en_route_delivery,-2.434,2.984,0.000,-3.500,joint_grid_transaction,31,31,2,13,2,0.000,0.85,3.045,False,None,0.000,False
77.568,3,en_route_pickup,-3.233,2.371,-3.000,1.500,joint_grid_transaction,31,31,2,6,3,0.000,1.00,1.060,False,None,0.000,False
77.568,4,en_route_pickup,0.668,1.935,0.000,3.500,joint_grid_transaction,31,31,2,10,4,0.000,1.00,3.133,False,None,0.000,False
77.568,5,en_route_pickup,-2.226,2.052,1.000,1.500,joint_grid_transaction,31,31,1,12,5,0.000,1.00,0.076,False,None,0.000,False
77.568,6,en_route_pickup,2.061,-2.022,-1.000,-1.500,joint_grid_transaction,31,31,2,13,6,0.000,1.00,-3.032,False,None,0.000,False
77.568,7,en_route_delivery,-5.615,-2.999,-1.000,1.500,joint_grid_transaction,31,31,2,13,8,0.000,1.00,0.089,False,None,0.000,False
77.568,8,en_route_pickup,4.133,-1.830,0.000,-3.500,joint_grid_transaction,31,31,2,13,7,0.000,1.00,-2.314,False,joint_slot_deadline,78.292,False
77.824,1,en_route_delivery,-4.221,-1.790,-3.000,-1.500,joint_grid_transaction,31,31,2,9,1,0.000,1.00,-0.980,False,None,0.000,False
77.824,2,en_route_delivery,-2.466,2.988,0.000,-3.500,joint_grid_transaction,31,31,2,13,2,0.000,0.85,3.049,False,None,0.000,False
77.824,3,en_route_pickup,-3.222,2.387,-3.000,1.500,joint_grid_transaction,31,31,2,6,3,0.000,1.00,0.903,False,None,0.000,False
77.824,4,en_route_pickup,0.631,1.935,0.000,3.500,joint_grid_transaction,31,31,2,10,4,0.000,1.00,3.130,False,None,0.000,False
77.824,5,en_route_pickup,-2.213,2.050,1.000,1.500,joint_grid_transaction,31,31,1,12,5,0.000,1.00,0.084,False,joint_slot_deadline,78.292,False
77.824,6,en_route_pickup,2.016,-2.017,-1.000,-1.500,joint_grid_transaction,31,31,2,13,6,0.000,1.00,-3.033,False,None,0.000,False
77.824,7,en_route_delivery,-5.574,-3.003,-1.000,1.500,joint_grid_transaction,31,31,2,13,8,0.000,1.00,0.089,False,None,0.000,False
77.824,8,en_route_pickup,4.133,-1.830,0.000,-3.500,joint_grid_transaction,31,31,2,13,7,0.000,1.00,-2.314,False,joint_slot_deadline,78.292,False
78.080,1,en_route_delivery,-4.193,-1.828,-3.000,-1.500,joint_grid_transaction,31,31,2,9,1,0.000,1.00,-0.884,False,None,0.000,False
78.080,2,en_route_delivery,-2.498,2.990,0.000,-3.500,joint_grid_transaction,31,31,2,13,2,0.000,0.85,3.049,False,None,0.000,False
78.080,3,en_route_pickup,-3.200,2.373,-3.000,1.500,joint_grid_transaction,31,31,2,6,3,0.000,1.00,0.784,False,None,0.000,False
78.080,4,en_route_pickup,0.594,1.936,0.000,3.500,joint_grid_transaction,31,31,2,10,4,0.000,1.00,3.125,False,None,0.000,False
78.080,5,en_route_pickup,-2.213,2.050,1.000,1.500,joint_grid_transaction,31,31,1,12,5,0.000,1.00,0.084,False,joint_slot_deadline,78.292,False
78.080,6,en_route_pickup,1.972,-2.012,-1.000,-1.500,joint_grid_transaction,31,31,2,13,6,0.000,1.00,-3.034,False,None,0.000,False
78.080,7,en_route_delivery,-5.534,-3.007,-1.000,1.500,joint_grid_transaction,31,31,2,13,8,0.000,1.00,0.089,False,None,0.000,False
78.080,8,en_route_pickup,4.133,-1.830,0.000,-3.500,joint_grid_transaction,31,31,2,13,7,0.000,1.00,-2.314,False,joint_slot_deadline,78.292,False
78.336,1,en_route_delivery,-4.164,-1.860,-3.000,-1.500,joint_grid_transaction,31,31,2,9,1,0.000,1.00,-0.802,False,None,0.000,False
78.336,2,en_route_delivery,-2.530,2.993,0.000,-3.500,joint_grid_transaction,31,31,2,13,2,0.000,0.85,3.050,False,None,0.000,False
78.336,3,en_route_pickup,-3.188,2.360,-3.000,1.500,joint_grid_transaction,31,31,2,6,3,0.000,1.00,0.755,False,joint_slot_deadline,78.292,False
78.336,4,en_route_pickup,0.558,1.938,0.000,3.500,joint_grid_transaction,31,31,2,10,4,0.000,1.00,3.118,False,None,0.000,False
78.336,5,en_route_pickup,-2.211,2.050,1.000,1.500,joint_grid_transaction,31,31,1,12,5,0.000,1.00,0.087,False,joint_slot_deadline,78.292,False
78.336,6,en_route_pickup,1.966,-2.011,-1.000,-1.500,joint_grid_transaction,31,31,2,13,6,0.000,1.00,-3.031,False,joint_slot_deadline,78.292,False
78.336,7,en_route_delivery,-5.495,-3.010,-1.000,1.500,joint_grid_transaction,31,31,2,13,8,0.000,1.00,0.089,False,None,0.000,False
78.336,8,en_route_pickup,4.132,-1.828,0.000,-3.500,joint_grid_transaction,31,31,2,13,7,0.000,1.00,-2.329,False,joint_slot_deadline,78.292,False
78.592,1,en_route_delivery,-4.152,-1.849,-3.000,-1.500,joint_grid_transaction,31,31,3,9,1,0.000,1.00,-0.672,False,None,0.000,False
78.592,2,en_route_delivery,-2.562,2.996,0.000,-3.500,joint_grid_transaction,31,31,3,13,2,0.000,1.00,3.047,False,None,0.000,False
78.592,3,en_route_pickup,-3.173,2.334,-3.000,1.500,joint_grid_transaction,31,31,3,6,3,0.000,1.00,0.868,False,None,0.000,False
78.592,4,en_route_pickup,0.522,1.939,0.000,3.500,joint_grid_transaction,31,31,2,10,4,0.000,1.00,3.108,False,None,0.000,False
78.592,5,en_route_pickup,-2.164,2.045,1.000,1.500,joint_grid_transaction,31,31,2,12,5,0.000,1.00,0.098,False,None,0.000,False
78.592,6,en_route_pickup,1.926,-2.007,-1.000,-1.500,joint_grid_transaction,31,31,3,13,6,0.000,1.00,-3.029,False,None,0.000,False
78.592,7,en_route_delivery,-5.457,-3.013,-1.000,1.500,joint_grid_transaction,31,31,3,13,8,0.000,1.00,0.089,False,None,0.000,False
78.592,8,en_route_pickup,4.114,-1.826,0.000,-3.500,joint_grid_transaction,31,31,3,13,7,0.000,1.00,-2.432,False,None,0.000,False
78.848,1,en_route_delivery,-4.119,-1.869,-3.000,-1.500,joint_grid_transaction,31,31,3,9,1,0.000,1.00,-0.557,False,None,0.000,False
78.848,2,en_route_delivery,-2.603,3.000,0.000,-3.500,joint_grid_transaction,31,31,3,13,2,0.000,1.00,3.047,False,None,0.000,False
78.848,3,en_route_pickup,-3.145,2.296,-3.000,1.500,joint_grid_transaction,31,31,3,6,3,0.000,1.00,0.964,False,None,0.000,False
78.848,4,en_route_pickup,0.486,1.942,0.000,3.500,joint_grid_transaction,31,31,2,10,4,0.000,1.00,3.095,False,None,0.000,False
78.848,5,en_route_pickup,-2.116,2.040,1.000,1.500,joint_grid_transaction,31,31,2,12,5,0.000,1.00,0.103,False,None,0.000,False
78.848,6,en_route_pickup,1.885,-2.002,-1.000,-1.500,joint_grid_transaction,31,31,3,13,6,0.000,1.00,-3.033,False,None,0.000,False
78.848,7,en_route_delivery,-5.418,-3.017,-1.000,1.500,joint_grid_transaction,31,31,3,13,8,0.000,1.00,0.088,False,None,0.000,False
78.848,8,en_route_pickup,4.076,-1.855,0.000,-3.500,joint_grid_transaction,31,31,3,13,7,0.000,1.00,-2.545,False,None,0.000,False
79.104,1,en_route_delivery,-4.078,-1.892,-3.000,-1.500,joint_grid_transaction,31,31,3,9,1,0.000,1.00,-0.465,False,None,0.000,False
79.104,2,en_route_delivery,-2.643,3.004,0.000,-3.500,joint_grid_transaction,31,31,3,13,2,0.000,1.00,3.047,False,None,0.000,False
79.104,3,en_route_pickup,-3.119,2.257,-3.000,1.500,joint_grid_transaction,31,31,3,6,3,0.000,1.00,1.030,False,None,0.000,False
79.104,4,en_route_pickup,0.447,1.945,0.000,3.500,joint_grid_transaction,31,31,3,10,4,0.000,1.00,3.077,False,None,0.000,False
79.104,5,en_route_pickup,-2.069,2.035,1.000,1.500,joint_grid_transaction,31,31,2,12,5,0.000,1.00,0.106,False,None,0.000,False
79.104,6,en_route_pickup,1.845,-1.998,-1.000,-1.500,joint_grid_transaction,31,31,3,13,6,0.000,1.00,-3.035,False,None,0.000,False
79.104,7,en_route_delivery,-5.380,-3.020,-1.000,1.500,joint_grid_transaction,31,31,3,13,8,0.000,1.00,0.088,False,None,0.000,False
79.104,8,en_route_pickup,4.036,-1.880,0.000,-3.500,joint_grid_transaction,31,31,3,13,7,0.000,1.00,-2.621,False,None,0.000,False
79.360,1,en_route_delivery,-4.035,-1.912,-3.000,-1.500,joint_grid_transaction,31,31,3,9,1,0.000,1.00,-0.402,False,None,0.000,False
79.360,2,en_route_delivery,-2.683,3.008,0.000,-3.500,joint_grid_transaction,31,31,3,13,2,0.000,1.00,3.047,False,None,0.000,False
79.360,3,en_route_pickup,-3.096,2.215,-3.000,1.500,joint_grid_transaction,31,31,3,6,3,0.000,1.00,1.076,False,None,0.000,False
79.360,4,en_route_pickup,0.400,1.948,0.000,3.500,joint_grid_transaction,31,31,3,10,4,0.000,1.00,3.057,False,None,0.000,False
79.360,5,en_route_pickup,-2.021,2.030,1.000,1.500,joint_grid_transaction,31,31,2,12,5,0.000,1.00,0.108,False,None,0.000,False
79.360,6,en_route_pickup,1.806,-1.994,-1.000,-1.500,joint_grid_transaction,31,31,3,13,6,0.000,1.00,-3.036,False,None,0.000,False
79.360,7,en_route_delivery,-5.343,-3.023,-1.000,1.500,joint_grid_transaction,31,31,3,13,8,0.000,1.00,0.088,False,None,0.000,False
79.360,8,en_route_pickup,3.995,-1.902,0.000,-3.500,joint_grid_transaction,31,31,3,13,7,0.000,1.00,-2.674,False,None,0.000,False
79.616,1,en_route_delivery,-3.991,-1.929,-3.000,-1.500,joint_grid_transaction,31,31,3,9,1,0.000,1.00,-0.357,False,None,0.000,False
79.616,2,en_route_delivery,-2.721,3.011,0.000,-3.500,joint_grid_transaction,31,31,3,13,2,0.000,1.00,3.048,False,None,0.000,False
79.616,3,en_route_pickup,-3.081,2.187,-3.000,1.500,joint_grid_transaction,31,31,4,6,3,0.000,1.00,1.117,False,None,0.000,False
79.616,4,en_route_pickup,0.352,1.953,0.000,3.500,joint_grid_transaction,31,31,3,10,4,0.000,1.00,3.038,False,None,0.000,False
79.616,5,en_route_pickup,-1.973,2.025,1.000,1.500,joint_grid_transaction,31,31,2,12,5,0.000,1.00,0.110,False,None,0.000,False
79.616,6,en_route_pickup,1.768,-1.990,-1.000,-1.500,joint_grid_transaction,31,31,3,13,6,0.000,1.00,-3.037,False,None,0.000,False
79.616,7,en_route_delivery,-5.308,-3.027,-1.000,1.500,joint_grid_transaction,31,31,3,13,8,0.000,1.00,0.088,False,None,0.000,False
79.616,8,en_route_pickup,3.952,-1.923,0.000,-3.500,joint_grid_transaction,31,31,3,13,7,0.000,1.00,-2.718,False,None,0.000,False
79.872,1,en_route_delivery,-3.946,-1.945,-3.000,-1.500,joint_grid_transaction,31,31,4,9,1,0.000,1.00,-0.304,False,None,0.000,False
79.872,2,en_route_delivery,-2.758,3.015,0.000,-3.500,joint_grid_transaction,31,31,3,13,2,0.000,1.00,3.048,False,None,0.000,False
79.872,3,en_route_pickup,-3.063,2.143,-3.000,1.500,joint_grid_transaction,31,31,4,6,3,0.000,1.00,1.232,False,None,0.000,False
79.872,4,en_route_pickup,0.305,1.958,0.000,3.500,joint_grid_transaction,31,31,3,10,4,0.000,1.00,3.025,False,None,0.000,False
79.872,5,en_route_pickup,-1.928,2.020,1.000,1.500,joint_grid_transaction,31,31,3,12,5,0.000,1.00,0.101,False,None,0.000,False
79.872,6,en_route_pickup,1.731,-1.986,-1.000,-1.500,joint_grid_transaction,31,31,3,13,6,0.000,1.00,-3.037,False,None,0.000,False
79.872,7,en_route_delivery,-5.273,-3.030,-1.000,1.500,joint_grid_transaction,31,31,3,13,8,0.000,1.00,0.087,False,None,0.000,False
79.872,8,en_route_pickup,3.908,-1.939,0.000,-3.500,joint_grid_transaction,31,31,4,13,7,0.000,1.00,-2.826,False,None,0.000,False
80.128,1,en_route_delivery,-3.901,-1.957,-3.000,-1.500,joint_grid_transaction,32,31,4,7,1,0.000,1.00,-0.234,False,None,0.000,False
80.128,2,en_route_delivery,-2.792,3.018,0.000,-3.500,joint_grid_transaction,32,31,3,8,2,0.000,1.00,3.049,False,None,0.000,False
80.128,3,en_route_pickup,-3.049,2.099,-3.000,1.500,joint_grid_transaction,32,31,4,4,3,0.000,1.00,1.297,False,None,0.000,False
80.128,4,en_route_pickup,0.258,1.964,0.000,3.500,joint_grid_transaction,32,31,3,8,4,0.000,1.00,3.016,False,None,0.000,False
80.128,5,en_route_pickup,-1.884,2.016,1.000,1.500,joint_grid_transaction,32,31,3,9,5,0.000,1.00,0.101,False,None,0.000,False
80.128,6,en_route_pickup,1.695,-1.982,-1.000,-1.500,joint_grid_transaction,32,31,4,9,6,0.000,1.00,-3.039,False,None,0.000,False
80.128,7,en_route_delivery,-5.241,-3.032,-1.000,1.500,joint_grid_transaction,32,31,3,9,8,0.000,1.00,0.087,False,None,0.000,False
80.128,8,en_route_pickup,3.863,-1.952,0.000,-3.500,joint_grid_transaction,32,31,4,9,7,0.000,1.00,-2.887,False,None,0.000,False
80.384,1,en_route_delivery,-3.854,-1.967,-3.000,-1.500,joint_grid_transaction,32,32,2,7,1,0.000,1.00,-0.179,False,None,0.000,False
80.384,2,en_route_delivery,-2.792,3.018,0.000,-3.500,joint_grid_transaction,32,32,1,8,2,0.000,1.00,3.049,False,joint_slot_deadline,81.284,False
80.384,3,en_route_delivery,-3.037,2.054,0.000,-3.500,joint_grid_transaction,32,32,2,3,3,0.000,1.00,1.352,False,None,0.000,False
80.384,4,en_route_pickup,0.213,1.970,0.000,3.500,joint_grid_transaction,32,32,1,8,4,0.000,1.00,2.991,False,None,0.000,False
80.384,5,en_route_pickup,-1.841,2.012,1.000,1.500,joint_grid_transaction,32,32,2,9,5,0.000,1.00,0.100,False,None,0.000,False
80.384,6,en_route_pickup,1.658,-1.978,-1.000,-1.500,joint_grid_transaction,32,32,2,9,6,0.000,1.00,-3.039,False,None,0.000,False
80.384,7,en_route_delivery,-5.210,-3.035,-1.000,1.500,joint_grid_transaction,32,32,1,9,8,0.000,1.00,0.089,False,None,0.000,False
80.384,8,en_route_pickup,3.817,-1.963,0.000,-3.500,joint_grid_transaction,32,32,2,9,7,0.000,1.00,-2.939,False,None,0.000,False
80.640,1,en_route_delivery,-3.807,-1.975,-3.000,-1.500,joint_grid_transaction,32,32,2,7,1,0.000,1.00,-0.142,False,None,0.000,False
80.640,2,en_route_delivery,-2.792,3.018,0.000,-3.500,joint_grid_transaction,32,32,1,8,2,0.000,1.00,3.049,False,joint_slot_deadline,81.284,False
80.640,3,en_route_delivery,-3.028,2.007,0.000,-3.500,joint_grid_transaction,32,32,2,3,3,0.000,1.00,1.394,False,None,0.000,False
80.640,4,en_route_pickup,0.225,1.975,0.000,3.500,joint_grid_transaction,32,32,2,8,4,0.000,1.00,2.720,False,None,0.000,False
80.640,5,en_route_pickup,-1.798,2.007,1.000,1.500,joint_grid_transaction,32,32,2,9,5,0.000,1.00,0.100,False,None,0.000,False
80.640,6,en_route_pickup,1.622,-1.975,-1.000,-1.500,joint_grid_transaction,32,32,2,9,6,0.000,1.00,-3.040,False,None,0.000,False
80.640,7,en_route_delivery,-5.174,-3.038,-1.000,1.500,joint_grid_transaction,32,32,2,9,8,0.000,1.00,0.089,False,None,0.000,False
80.640,8,en_route_pickup,3.770,-1.972,0.000,-3.500,joint_grid_transaction,32,32,2,9,7,0.000,1.00,-2.976,False,None,0.000,False
80.896,1,en_route_delivery,-3.760,-1.981,-3.000,-1.500,joint_grid_transaction,33,33,1,6,1,0.000,1.00,-0.117,False,None,0.000,False
80.896,2,en_route_delivery,-2.784,3.021,0.000,-3.500,joint_grid_transaction,33,33,1,9,2,0.000,1.00,2.819,False,None,0.000,False
80.896,3,en_route_delivery,-3.027,1.988,0.000,-3.500,joint_grid_transaction,33,33,1,9,3,0.000,1.00,1.689,False,None,0.000,False
80.896,4,en_route_pickup,0.219,1.976,0.000,3.500,joint_grid_transaction,33,33,1,8,4,0.000,1.00,2.736,False,None,0.000,False
80.896,5,en_route_pickup,-1.756,2.003,1.000,1.500,joint_grid_transaction,33,33,1,8,5,0.000,1.00,0.099,False,None,0.000,False
80.896,6,en_route_pickup,1.589,-1.971,-1.000,-1.500,joint_grid_transaction,33,33,2,9,6,0.000,1.00,-3.042,False,None,0.000,False
80.896,7,en_route_delivery,-5.142,-3.041,-1.000,1.500,joint_grid_transaction,33,33,2,9,8,0.000,1.00,0.087,False,None,0.000,False
80.896,8,en_route_pickup,3.723,-1.979,0.000,-3.500,joint_grid_transaction,33,33,1,9,7,0.000,1.00,-3.003,False,None,0.000,False
81.152,1,en_route_delivery,-3.718,-1.985,-3.000,-1.500,joint_grid_transaction,33,33,1,6,1,0.000,1.00,-0.102,False,joint_slot_deadline,81.908,False
81.152,2,en_route_delivery,-2.760,3.033,0.000,-3.500,joint_grid_transaction,33,33,1,9,2,0.000,1.00,2.518,False,None,0.000,False
81.152,3,en_route_delivery,-3.033,2.006,0.000,-3.500,joint_grid_transaction,33,33,2,9,3,0.000,1.00,2.043,False,None,0.000,False
81.152,4,en_route_pickup,0.225,1.983,0.000,3.500,joint_grid_transaction,33,33,2,8,4,0.000,1.00,2.600,False,None,0.000,False
81.152,5,en_route_pickup,-1.718,1.999,1.000,1.500,joint_grid_transaction,33,33,1,8,5,0.000,1.00,0.098,False,None,0.000,False
81.152,6,en_route_pickup,1.555,-1.968,-1.000,-1.500,joint_grid_transaction,33,33,2,9,6,0.000,1.00,-3.043,False,None,0.000,False
81.152,7,en_route_delivery,-5.109,-3.044,-1.000,1.500,joint_grid_transaction,33,33,2,9,8,0.000,1.00,0.087,False,None,0.000,False
81.152,8,en_route_pickup,3.676,-1.985,0.000,-3.500,joint_grid_transaction,33,33,2,9,7,0.000,1.00,-3.038,False,None,0.000,False
81.408,1,en_route_delivery,-3.718,-1.985,-3.000,-1.500,joint_grid_transaction,33,33,1,6,1,0.000,1.00,-0.102,False,joint_slot_deadline,81.908,False
81.408,2,en_route_delivery,-2.733,3.058,0.000,-3.500,joint_grid_transaction,33,33,1,9,2,0.000,1.00,2.281,False,None,0.000,False
81.408,3,en_route_delivery,-3.051,2.032,0.000,-3.500,joint_grid_transaction,33,33,2,9,3,0.000,1.00,2.308,False,None,0.000,False
81.408,4,en_route_pickup,0.204,2.005,0.000,3.500,joint_grid_transaction,33,33,2,8,4,0.000,1.00,2.477,False,None,0.000,False
81.408,5,en_route_pickup,-1.718,1.999,1.000,1.500,joint_grid_transaction,33,33,1,8,5,0.000,1.00,0.098,False,joint_slot_deadline,81.908,False
81.408,6,en_route_pickup,1.523,-1.965,-1.000,-1.500,joint_grid_transaction,33,33,2,9,6,0.000,1.00,-3.044,False,None,0.000,False
81.408,7,en_route_delivery,-5.077,-3.047,-1.000,1.500,joint_grid_transaction,33,33,2,9,8,0.000,1.00,0.087,False,None,0.000,False
81.408,8,en_route_pickup,3.630,-1.989,0.000,-3.500,joint_grid_transaction,33,33,2,9,7,0.000,1.00,-3.054,False,None,0.000,False
81.664,1,en_route_delivery,-3.718,-1.985,-3.000,-1.500,joint_grid_transaction,33,33,1,6,1,0.000,1.00,-0.102,False,joint_slot_deadline,81.908,False
81.664,2,en_route_delivery,-2.712,3.084,0.000,-3.500,joint_grid_transaction,33,33,1,9,2,0.000,1.00,2.010,False,None,0.000,False
81.664,3,en_route_delivery,-3.073,2.054,0.000,-3.500,joint_grid_transaction,33,33,2,9,3,0.000,1.00,2.498,False,None,0.000,False
81.664,4,en_route_pickup,0.168,2.036,0.000,3.500,joint_grid_transaction,33,33,2,8,4,0.000,1.00,2.385,False,None,0.000,False
81.664,5,en_route_pickup,-1.718,1.999,1.000,1.500,joint_grid_transaction,33,33,1,8,5,0.000,1.00,0.098,False,joint_slot_deadline,81.908,False
81.664,6,en_route_pickup,1.493,-1.962,-1.000,-1.500,joint_grid_transaction,33,33,2,9,6,0.000,1.00,-3.044,False,None,0.000,False
81.664,7,en_route_delivery,-5.047,-3.049,-1.000,1.500,joint_grid_transaction,33,33,2,9,8,0.000,1.00,0.087,False,None,0.000,False
81.664,8,en_route_pickup,3.587,-1.993,0.000,-3.500,joint_grid_transaction,33,33,2,9,7,0.000,1.00,-3.054,False,None,0.000,False
81.920,1,en_route_delivery,-3.718,-1.985,-3.000,-1.500,joint_grid_transaction,33,33,1,6,1,0.000,1.00,-0.102,False,joint_slot_deadline,81.908,False
81.920,2,en_route_delivery,-2.705,3.101,0.000,-3.500,joint_grid_transaction,33,33,1,9,2,0.000,1.00,1.648,False,None,0.000,False
81.920,3,en_route_delivery,-3.087,2.065,0.000,-3.500,joint_grid_transaction,33,33,2,9,3,0.000,1.00,2.646,False,None,0.000,False
81.920,4,en_route_pickup,0.135,2.070,0.000,3.500,joint_grid_transaction,33,33,2,8,4,0.000,1.00,2.320,False,None,0.000,False
81.920,5,en_route_pickup,-1.718,1.999,1.000,1.500,joint_grid_transaction,33,33,1,8,5,0.000,1.00,0.098,False,joint_slot_deadline,81.908,False
81.920,6,en_route_pickup,1.465,-1.959,-1.000,-1.500,joint_grid_transaction,33,33,2,9,6,0.000,1.00,-3.045,False,None,0.000,False
81.920,7,en_route_delivery,-5.018,-3.052,-1.000,1.500,joint_grid_transaction,33,33,2,9,8,0.000,1.00,0.086,False,None,0.000,False
81.920,8,en_route_pickup,3.545,-1.996,0.000,-3.500,joint_grid_transaction,33,33,2,9,7,0.000,1.00,-3.054,False,None,0.000,False
82.176,1,en_route_delivery,-3.680,-1.990,-3.000,-1.500,joint_grid_transaction,33,33,2,6,1,0.000,1.00,-0.108,False,None,0.000,False
82.176,2,en_route_delivery,-2.703,3.092,0.000,-3.500,joint_grid_transaction,33,33,1,9,2,0.000,1.00,1.237,False,None,0.000,False
82.176,3,en_route_delivery,-3.116,2.055,0.000,-3.500,joint_grid_transaction,33,33,2,9,3,0.000,1.00,2.758,False,None,0.000,False
82.176,4,en_route_pickup,0.137,2.084,0.000,3.500,joint_grid_transaction,33,33,3,8,4,0.000,1.00,2.199,False,None,0.000,False
82.176,5,en_route_pickup,-1.682,1.995,1.000,1.500,joint_grid_transaction,33,33,2,8,5,0.000,1.00,0.104,False,None,0.000,False
82.176,6,en_route_pickup,1.432,-1.956,-1.000,-1.500,joint_grid_transaction,33,33,3,9,6,0.000,1.00,-3.043,False,None,0.000,False
82.176,7,en_route_delivery,-4.993,-3.054,-1.000,1.500,joint_grid_transaction,33,33,2,9,8,0.000,1.00,0.081,False,None,0.000,False
82.176,8,en_route_pickup,3.503,-2.000,0.000,-3.500,joint_grid_transaction,33,33,2,9,7,0.000,1.00,-3.054,False,None,0.000,False
82.432,1,en_route_delivery,-3.639,-1.994,-3.000,-1.500,joint_grid_transaction,33,33,2,6,1,0.000,1.00,-0.108,False,None,0.000,False
82.432,2,en_route_delivery,-2.690,3.068,0.000,-3.500,joint_grid_transaction,33,33,2,9,2,0.000,1.00,0.940,False,None,0.000,False
82.432,3,en_route_delivery,-3.161,2.039,0.000,-3.500,joint_grid_transaction,33,33,2,9,3,0.000,1.00,2.862,False,None,0.000,False
82.432,4,en_route_pickup,0.118,2.118,0.000,3.500,joint_grid_transaction,33,33,3,8,4,0.000,1.00,2.086,False,None,0.000,False
82.432,5,en_route_pickup,-1.643,1.991,1.000,1.500,joint_grid_transaction,33,33,2,8,5,0.000,1.00,0.104,False,None,0.000,False
82.432,6,en_route_pickup,1.399,-1.953,-1.000,-1.500,joint_grid_transaction,33,33,3,9,6,0.000,1.00,-3.043,False,None,0.000,False
82.432,7,en_route_delivery,-4.973,-3.055,-1.000,1.500,joint_grid_transaction,33,33,2,9,8,0.000,1.00,0.054,False,None,0.000,False
82.432,8,en_route_pickup,3.462,-2.004,0.000,-3.500,joint_grid_transaction,33,33,3,9,7,0.000,1.00,-3.054,False,None,0.000,False
82.688,1,en_route_delivery,-3.598,-1.998,-3.000,-1.500,joint_grid_transaction,33,33,2,6,1,0.000,1.00,-0.107,False,None,0.000,False
82.688,2,en_route_delivery,-2.665,3.041,0.000,-3.500,joint_grid_transaction,33,33,2,9,2,0.000,1.00,0.703,False,None,0.000,False
82.688,3,en_route_delivery,-3.207,2.028,0.000,-3.500,joint_grid_transaction,33,33,2,9,3,0.000,1.00,2.932,False,None,0.000,False
82.688,4,en_route_pickup,0.097,2.160,0.000,3.500,joint_grid_transaction,33,33,3,8,4,0.000,1.00,1.994,False,None,0.000,False
82.688,5,en_route_pickup,-1.604,1.987,1.000,1.500,joint_grid_transaction,33,33,2,8,5,0.000,1.00,0.103,False,None,0.000,False
82.688,6,en_route_pickup,1.368,-1.950,-1.000,-1.500,joint_grid_transaction,33,33,3,9,6,0.000,1.00,-3.044,False,None,0.000,False
82.688,7,en_route_delivery,-4.945,-3.056,-1.000,1.500,joint_grid_transaction,33,33,3,9,8,0.000,1.00,0.047,False,None,0.000,False
82.688,8,en_route_pickup,3.422,-2.007,0.000,-3.500,joint_grid_transaction,33,33,3,9,7,0.000,1.00,-3.054,False,None,0.000,False
82.944,1,en_route_delivery,-3.558,-2.003,-3.000,-1.500,joint_grid_transaction,33,33,2,6,1,0.000,1.00,-0.106,False,None,0.000,False
82.944,2,en_route_delivery,-2.643,3.023,0.000,-3.500,joint_grid_transaction,33,33,2,9,2,0.000,1.00,0.478,False,None,0.000,False
82.944,3,en_route_delivery,-3.253,2.019,0.000,-3.500,joint_grid_transaction,33,33,2,9,3,0.000,1.00,2.982,False,None,0.000,False
82.944,4,en_route_pickup,0.079,2.204,0.000,3.500,joint_grid_transaction,33,33,3,8,4,0.000,1.00,1.931,False,None,0.000,False
82.944,5,en_route_pickup,-1.567,1.983,1.000,1.500,joint_grid_transaction,33,33,2,8,5,0.000,1.00,0.102,False,None,0.000,False
82.944,6,en_route_pickup,1.338,-1.947,-1.000,-1.500,joint_grid_transaction,33,33,3,9,6,0.000,1.00,-3.044,False,None,0.000,False
82.944,7,en_route_delivery,-4.912,-3.058,-1.000,1.500,joint_grid_transaction,33,33,3,9,8,0.000,1.00,0.056,False,None,0.000,False
82.944,8,en_route_pickup,3.382,-2.011,0.000,-3.500,joint_grid_transaction,33,33,3,9,7,0.000,1.00,-3.055,False,None,0.000,False
83.200,1,en_route_delivery,-3.519,-2.007,-3.000,-1.500,joint_grid_transaction,33,33,2,6,1,0.000,1.00,-0.105,False,None,0.000,False
83.200,2,en_route_delivery,-2.631,3.017,0.000,-3.500,joint_grid_transaction,33,33,2,9,2,0.000,1.00,0.299,False,None,0.000,False
83.200,3,en_route_delivery,-3.300,2.013,0.000,-3.500,joint_grid_transaction,33,33,2,9,3,0.000,1.00,3.023,False,None,0.000,False
83.200,4,en_route_pickup,0.063,2.249,0.000,3.500,joint_grid_transaction,33,33,3,8,4,0.000,1.00,1.888,False,None,0.000,False
83.200,5,en_route_pickup,-1.532,1.980,1.000,1.500,joint_grid_transaction,33,33,2,8,5,0.000,1.00,0.101,False,None,0.000,False
83.200,6,en_route_pickup,1.309,-1.944,-1.000,-1.500,joint_grid_transaction,33,33,3,9,6,0.000,1.00,-3.045,False,None,0.000,False
83.200,7,en_route_delivery,-4.879,-3.060,-1.000,1.500,joint_grid_transaction,33,33,3,9,8,0.000,1.00,0.059,False,None,0.000,False
83.200,8,en_route_pickup,3.343,-2.014,0.000,-3.500,joint_grid_transaction,33,33,3,9,7,0.000,1.00,-3.055,False,None,0.000,False
83.456,1,en_route_delivery,-3.482,-2.011,-3.000,-1.500,joint_grid_transaction,33,33,2,6,1,0.000,1.00,-0.104,False,None,0.000,False
83.456,2,en_route_delivery,-2.605,3.022,0.000,-3.500,joint_grid_transaction,33,33,2,9,2,0.000,1.00,0.205,False,None,0.000,False
83.456,3,en_route_delivery,-3.347,2.008,0.000,-3.500,joint_grid_transaction,33,33,3,9,3,0.000,1.00,3.055,False,None,0.000,False
83.456,4,en_route_pickup,0.049,2.294,0.000,3.500,joint_grid_transaction,33,33,3,8,4,0.000,1.00,1.849,False,None,0.000,False
83.456,5,en_route_pickup,-1.497,1.976,1.000,1.500,joint_grid_transaction,33,33,2,8,5,0.000,1.00,0.101,False,None,0.000,False
83.456,6,en_route_pickup,1.283,-1.941,-1.000,-1.500,joint_grid_transaction,33,33,3,9,6,0.000,1.00,-3.046,False,None,0.000,False
83.456,7,en_route_delivery,-4.848,-3.061,-1.000,1.500,joint_grid_transaction,33,33,3,9,8,0.000,1.00,0.060,False,None,0.000,False
83.456,8,en_route_pickup,3.305,-2.017,0.000,-3.500,joint_grid_transaction,33,33,3,9,7,0.000,1.00,-3.055,False,None,0.000,False
83.712,1,en_route_delivery,-3.444,-2.015,-3.000,-1.500,joint_grid_transaction,33,33,3,6,1,0.000,1.00,-0.104,False,None,0.000,False
83.712,2,en_route_delivery,-2.559,3.029,0.000,-3.500,joint_grid_transaction,33,33,2,9,2,0.000,1.00,0.092,False,None,0.000,False
83.712,3,en_route_delivery,-3.390,2.004,0.000,-3.500,joint_grid_transaction,33,33,3,9,3,0.000,1.00,3.057,False,None,0.000,False
83.712,4,en_route_pickup,0.038,2.340,0.000,3.500,joint_grid_transaction,33,33,4,8,4,0.000,1.00,1.777,False,None,0.000,False
83.712,5,en_route_pickup,-1.465,1.973,1.000,1.500,joint_grid_transaction,33,33,2,8,5,0.000,1.00,0.101,False,None,0.000,False
83.712,6,en_route_pickup,1.262,-1.940,-1.000,-1.500,joint_grid_transaction,33,33,3,9,6,0.000,1.00,-3.065,False,None,0.000,False
83.712,7,en_route_delivery,-4.818,-3.063,-1.000,1.500,joint_grid_transaction,33,33,3,9,8,0.000,1.00,0.061,False,None,0.000,False
83.712,8,en_route_pickup,3.268,-2.020,0.000,-3.500,joint_grid_transaction,33,33,3,9,7,0.000,1.00,-3.055,False,None,0.000,False
83.968,1,en_route_delivery,-3.407,-2.019,-3.000,-1.500,joint_grid_transaction,33,33,3,6,1,0.000,1.00,-0.103,False,None,0.000,False
83.968,2,en_route_delivery,-2.516,3.031,0.000,-3.500,joint_grid_transaction,33,33,2,9,2,0.000,1.00,0.045,False,None,0.000,False
83.968,3,en_route_delivery,-3.432,2.001,0.000,-3.500,joint_grid_transaction,33,33,3,9,3,0.000,1.00,3.057,False,None,0.000,False
83.968,4,en_route_pickup,0.029,2.387,0.000,3.500,joint_grid_transaction,33,33,4,8,4,0.000,1.00,1.728,False,None,0.000,False
83.968,5,en_route_pickup,-1.429,1.969,1.000,1.500,joint_grid_transaction,33,33,3,8,5,0.000,1.00,0.101,False,None,0.000,False
83.968,6,en_route_pickup,1.241,-1.939,-1.000,-1.500,joint_grid_transaction,33,33,3,9,6,0.000,1.00,-3.093,False,None,0.000,False
83.968,7,en_route_delivery,-4.790,-3.065,-1.000,1.500,joint_grid_transaction,33,33,3,9,8,0.000,1.00,0.061,False,None,0.000,False
83.968,8,en_route_pickup,3.233,-2.023,0.000,-3.500,joint_grid_transaction,33,33,3,9,7,0.000,1.00,-3.055,False,None,0.000,False
84.224,1,en_route_delivery,-3.371,-2.022,-3.000,-1.500,joint_grid_transaction,33,33,3,6,1,0.000,1.00,-0.102,False,None,0.000,False
84.224,2,en_route_delivery,-2.482,3.033,0.000,-3.500,joint_grid_transaction,33,33,2,9,2,0.000,1.00,0.051,False,None,0.000,False
84.224,3,en_route_delivery,-3.474,1.997,0.000,-3.500,joint_grid_transaction,33,33,3,9,3,0.000,1.00,3.058,False,None,0.000,False
84.224,4,en_route_pickup,0.023,2.434,0.000,3.500,joint_grid_transaction,33,33,4,8,4,0.000,1.00,1.695,False,None,0.000,False
84.224,5,en_route_pickup,-1.394,1.966,1.000,1.500,joint_grid_transaction,33,33,3,8,5,0.000,1.00,0.100,False,None,0.000,False
84.224,6,en_route_pickup,1.219,-1.939,-1.000,-1.500,joint_grid_transaction,33,33,3,9,6,0.000,1.00,-3.114,False,None,0.000,False
84.224,7,en_route_delivery,-4.765,-3.066,-1.000,1.500,joint_grid_transaction,33,33,3,9,8,0.000,1.00,0.057,False,None,0.000,False
84.224,8,en_route_pickup,3.198,-2.027,0.000,-3.500,joint_grid_transaction,33,33,4,9,7,0.000,1.00,-3.054,False,None,0.000,False
84.480,1,en_route_delivery,-3.335,-2.026,-3.000,-1.500,joint_grid_transaction,33,33,3,6,1,0.000,1.00,-0.101,False,None,0.000,False
84.480,2,en_route_delivery,-2.448,3.035,0.000,-3.500,joint_grid_transaction,33,33,2,9,2,0.000,1.00,0.060,False,None,0.000,False
84.480,3,en_route_delivery,-3.514,1.994,0.000,-3.500,joint_grid_transaction,33,33,3,9,3,0.000,1.00,3.058,False,None,0.000,False
84.480,4,en_route_pickup,0.017,2.481,0.000,3.500,joint_grid_transaction,33,33,4,8,4,0.000,1.00,1.674,False,None,0.000,False
84.480,5,en_route_pickup,-1.361,1.963,1.000,1.500,joint_grid_transaction,33,33,3,8,5,0.000,1.00,0.099,False,None,0.000,False
84.480,6,en_route_pickup,1.189,-1.938,-1.000,-1.500,joint_grid_transaction,33,33,3,9,6,0.000,1.00,-3.124,False,None,0.000,False
84.480,7,en_route_delivery,-4.744,-3.067,-1.000,1.500,joint_grid_transaction,33,33,3,9,8,0.000,1.00,0.028,False,None,0.000,False
84.480,8,en_route_pickup,3.162,-2.030,0.000,-3.500,joint_grid_transaction,33,33,4,9,7,0.000,1.00,-3.054,False,None,0.000,False
84.736,1,en_route_delivery,-3.301,-2.029,-3.000,-1.500,joint_grid_transaction,34,33,3,4,1,0.000,1.00,-0.101,False,None,0.000,False
84.736,2,en_route_delivery,-2.411,3.037,0.000,-3.500,joint_grid_transaction,34,33,3,9,2,0.000,1.00,0.060,False,None,0.000,False
84.736,3,en_route_delivery,-3.554,1.991,0.000,-3.500,joint_grid_transaction,34,33,4,9,3,0.000,1.00,3.058,False,None,0.000,False
84.736,4,en_route_pickup,0.013,2.527,0.000,3.500,joint_grid_transaction,34,33,4,5,4,0.000,1.00,1.668,False,None,0.000,False
84.736,5,en_route_pickup,-1.328,1.959,1.000,1.500,joint_grid_transaction,34,33,3,8,5,0.000,1.00,0.099,False,None,0.000,False
84.736,6,en_route_pickup,1.155,-1.938,-1.000,-1.500,joint_grid_transaction,34,33,4,9,6,0.000,1.00,-3.127,False,None,0.000,False
84.736,7,en_route_delivery,-4.722,-3.067,-1.000,1.500,joint_grid_transaction,34,33,3,9,8,0.000,1.00,0.005,False,None,0.000,False
84.736,8,en_route_pickup,3.127,-2.033,0.000,-3.500,joint_grid_transaction,34,33,4,9,7,0.000,1.00,-3.060,False,None,0.000,False
84.992,1,en_route_pickup,-3.269,-2.033,6.000,3.500,joint_grid_transaction,34,34,1,2,9,0.000,1.00,-0.100,False,None,0.000,False
84.992,2,en_route_delivery,-2.375,3.039,0.000,-3.500,joint_grid_transaction,34,34,2,9,2,0.000,1.00,0.061,False,None,0.000,False
84.992,3,en_route_delivery,-3.594,1.987,0.000,-3.500,joint_grid_transaction,34,34,2,9,3,0.000,1.00,3.058,False,None,0.000,False
84.992,4,en_route_pickup,0.009,2.570,0.000,3.500,joint_grid_transaction,34,34,2,5,4,0.000,1.00,1.667,False,None,0.000,False
84.992,5,en_route_pickup,-1.298,1.956,1.000,1.500,joint_grid_transaction,34,34,1,8,5,0.000,1.00,0.098,False,None,0.000,False
84.992,6,en_route_pickup,1.120,-1.937,-1.000,-1.500,joint_grid_transaction,34,34,2,9,6,0.000,1.00,-3.124,False,None,0.000,False
84.992,7,en_route_delivery,-4.694,-3.067,-1.000,1.500,joint_grid_transaction,34,34,2,9,8,0.000,1.00,0.016,False,None,0.000,False
84.992,8,en_route_pickup,3.093,-2.036,0.000,-3.500,joint_grid_transaction,34,34,2,9,7,0.000,1.00,-3.056,False,None,0.000,False
85.248,1,en_route_pickup,-3.238,-2.036,6.000,3.500,joint_grid_transaction,34,34,1,2,9,0.000,1.00,-0.099,False,None,0.000,False
85.248,2,en_route_delivery,-2.340,3.041,0.000,-3.500,joint_grid_transaction,34,34,2,9,2,0.000,1.00,0.062,False,None,0.000,False
85.248,3,en_route_delivery,-3.632,1.984,0.000,-3.500,joint_grid_transaction,34,34,2,9,3,0.000,1.00,3.058,False,None,0.000,False
85.248,4,en_route_pickup,0.005,2.612,0.000,3.500,joint_grid_transaction,34,34,2,5,4,0.000,1.00,1.666,False,None,0.000,False
85.248,5,en_route_pickup,-1.269,1.953,1.000,1.500,joint_grid_transaction,34,34,1,8,5,0.000,1.00,0.098,False,None,0.000,False
85.248,6,en_route_pickup,1.087,-1.936,-1.000,-1.500,joint_grid_transaction,34,34,2,9,6,0.000,1.00,-3.121,False,None,0.000,False
85.248,7,en_route_delivery,-4.655,-3.066,-1.000,1.500,joint_grid_transaction,34,34,2,9,8,0.000,1.00,0.023,False,None,0.000,False
85.248,8,en_route_pickup,3.060,-2.038,0.000,-3.500,joint_grid_transaction,34,34,2,9,7,0.000,1.00,-3.056,False,None,0.000,False
85.504,1,en_route_pickup,-3.216,-2.038,6.000,3.500,joint_grid_transaction,34,34,1,2,9,0.000,1.00,-0.099,False,joint_slot_deadline,85.908,False
85.504,2,en_route_delivery,-2.306,3.043,0.000,-3.500,joint_grid_transaction,34,34,2,9,2,0.000,1.00,0.063,False,None,0.000,False
85.504,3,en_route_delivery,-3.670,1.981,0.000,-3.500,joint_grid_transaction,34,34,2,9,3,0.000,1.00,3.058,False,None,0.000,False
85.504,4,en_route_pickup,0.001,2.653,0.000,3.500,joint_grid_transaction,34,34,2,5,4,0.000,1.00,1.666,False,None,0.000,False
85.504,5,en_route_pickup,-1.242,1.951,1.000,1.500,joint_grid_transaction,34,34,1,8,5,0.000,1.00,0.097,False,None,0.000,False
85.504,6,en_route_pickup,1.056,-1.936,-1.000,-1.500,joint_grid_transaction,34,34,2,9,6,0.000,1.00,-3.117,False,None,0.000,False
85.504,7,en_route_delivery,-4.616,-3.064,-1.000,1.500,joint_grid_transaction,34,34,2,9,8,0.000,1.00,0.031,False,None,0.000,False
85.504,8,en_route_pickup,3.028,-2.041,0.000,-3.500,joint_grid_transaction,34,34,2,9,7,0.000,1.00,-3.057,False,None,0.000,False
85.760,1,en_route_pickup,-3.187,-2.041,6.000,3.500,joint_grid_transaction,35,35,2,9,9,0.000,1.00,-0.103,False,None,0.000,False
85.760,2,en_route_delivery,-2.274,3.045,0.000,-3.500,joint_grid_transaction,35,35,1,8,2,0.000,1.00,0.063,False,None,0.000,False
85.760,3,en_route_delivery,-3.707,1.978,0.000,-3.500,joint_grid_transaction,35,35,1,8,3,0.000,1.00,3.058,False,None,0.000,False
85.760,4,en_route_pickup,-0.003,2.693,0.000,3.500,joint_grid_transaction,35,35,2,5,4,0.000,1.00,1.663,False,None,0.000,False
85.760,5,en_route_pickup,-1.220,1.950,1.000,1.500,joint_grid_transaction,35,35,1,9,5,0.000,1.00,0.076,False,None,0.000,False
85.760,6,en_route_pickup,1.027,-1.935,-1.000,-1.500,joint_grid_transaction,35,35,1,8,6,0.000,1.00,-3.113,False,None,0.000,False
85.760,7,en_route_delivery,-4.577,-3.062,-1.000,1.500,joint_grid_transaction,35,35,2,9,8,0.000,1.00,0.051,False,None,0.000,False
85.760,8,en_route_pickup,2.998,-2.044,0.000,-3.500,joint_grid_transaction,35,35,1,9,7,0.000,1.00,-3.057,False,None,0.000,False
86.016,1,en_route_pickup,-3.154,-2.044,6.000,3.500,joint_grid_transaction,35,35,2,9,9,0.000,1.00,-0.102,False,None,0.000,False
86.016,2,en_route_delivery,-2.244,3.047,0.000,-3.500,joint_grid_transaction,35,35,1,8,2,0.000,1.00,0.064,False,None,0.000,False
86.016,3,en_route_delivery,-3.743,1.975,0.000,-3.500,joint_grid_transaction,35,35,1,8,3,0.000,1.00,3.058,False,None,0.000,False
86.016,4,en_route_pickup,-0.007,2.733,0.000,3.500,joint_grid_transaction,35,35,2,5,4,0.000,1.00,1.662,False,None,0.000,False
86.016,5,en_route_pickup,-1.192,1.948,1.000,1.500,joint_grid_transaction,35,35,2,9,5,0.000,1.00,0.069,False,None,0.000,False
86.016,6,en_route_pickup,1.000,-1.934,-1.000,-1.500,joint_grid_transaction,35,35,1,8,6,0.000,1.00,-3.108,False,None,0.000,False
86.016,7,en_route_delivery,-4.536,-3.058,-1.000,1.500,joint_grid_transaction,35,35,2,9,8,0.000,1.00,0.070,False,None,0.000,False
86.016,8,en_route_pickup,2.971,-2.046,0.000,-3.500,joint_grid_transaction,35,35,1,9,7,0.000,1.00,-3.057,False,None,0.000,False
86.272,1,en_route_pickup,-3.122,-2.048,6.000,3.500,joint_grid_transaction,35,35,2,9,9,0.000,1.00,-0.102,False,None,0.000,False
86.272,2,en_route_delivery,-2.216,3.049,0.000,-3.500,joint_grid_transaction,35,35,1,8,2,0.000,1.00,0.064,False,None,0.000,False
86.272,3,en_route_delivery,-3.776,1.972,0.000,-3.500,joint_grid_transaction,35,35,1,8,3,0.000,1.00,3.058,False,None,0.000,False
86.272,4,en_route_pickup,-0.010,2.772,0.000,3.500,joint_grid_transaction,35,35,2,5,4,0.000,1.00,1.662,False,None,0.000,False
86.272,5,en_route_pickup,-1.158,1.945,1.000,1.500,joint_grid_transaction,35,35,2,9,5,0.000,1.00,0.069,False,None,0.000,False
86.272,6,en_route_pickup,0.978,-1.934,-1.000,-1.500,joint_grid_transaction,35,35,1,8,6,0.000,1.00,-3.130,False,None,0.000,False
86.272,7,en_route_delivery,-4.494,-3.054,-1.000,1.500,joint_grid_transaction,35,35,2,9,8,0.000,1.00,0.094,False,None,0.000,False
86.272,8,en_route_pickup,2.939,-2.049,0.000,-3.500,joint_grid_transaction,35,35,2,9,7,0.000,1.00,-3.054,False,None,0.000,False
86.528,1,en_route_pickup,-3.092,-2.051,6.000,3.500,joint_grid_transaction,35,35,2,9,9,0.000,1.00,-0.101,False,None,0.000,False
86.528,2,en_route_delivery,-2.213,3.049,0.000,-3.500,joint_grid_transaction,35,35,1,8,2,0.000,1.00,0.064,False,joint_slot_deadline,86.708,False
86.528,3,en_route_delivery,-3.782,1.971,0.000,-3.500,joint_grid_transaction,35,35,1,8,3,0.000,1.00,3.058,False,joint_slot_deadline,86.708,False
86.528,4,en_route_pickup,-0.011,2.781,0.000,3.500,joint_grid_transaction,35,35,2,5,4,0.000,1.00,1.662,False,joint_slot_deadline,86.708,False
86.528,5,en_route_pickup,-1.126,1.943,1.000,1.500,joint_grid_transaction,35,35,2,9,5,0.000,1.00,0.070,False,None,0.000,False
86.528,6,en_route_pickup,0.959,-1.934,-1.000,-1.500,joint_grid_transaction,35,35,1,8,6,0.000,1.00,3.134,False,None,0.000,False
86.528,7,en_route_delivery,-4.461,-3.050,-1.000,1.500,joint_grid_transaction,35,35,2,9,8,0.000,1.00,0.118,False,None,0.000,False
86.528,8,en_route_pickup,2.906,-2.052,0.000,-3.500,joint_grid_transaction,35,35,2,9,7,0.000,1.00,-3.055,False,None,0.000,False
86.784,1,en_route_pickup,-3.063,-2.054,6.000,3.500,joint_grid_transaction,35,35,2,9,9,0.000,1.00,-0.100,False,None,0.000,False
86.784,2,en_route_delivery,-2.206,3.050,0.000,-3.500,joint_grid_transaction,35,35,2,8,2,0.000,1.00,0.067,False,None,0.000,False
86.784,3,en_route_delivery,-3.789,1.971,0.000,-3.500,joint_grid_transaction,35,35,2,8,3,0.000,1.00,3.054,False,None,0.000,False
86.784,4,en_route_pickup,-0.012,2.788,0.000,3.500,joint_grid_transaction,35,35,3,5,4,0.000,1.00,1.666,False,None,0.000,False
86.784,5,en_route_pickup,-1.095,1.941,1.000,1.500,joint_grid_transaction,35,35,2,9,5,0.000,1.00,0.070,False,None,0.000,False
86.784,6,en_route_pickup,0.952,-1.934,-1.000,-1.500,joint_grid_transaction,35,35,2,8,6,0.000,1.00,3.134,False,None,0.000,False
86.784,7,en_route_delivery,-4.463,-3.049,-1.000,1.500,joint_grid_transaction,35,35,3,9,8,0.000,1.00,0.185,False,None,0.000,False
86.784,8,en_route_pickup,2.875,-2.054,0.000,-3.500,joint_grid_transaction,35,35,2,9,7,0.000,1.00,-3.055,False,None,0.000,False
87.040,1,en_route_pickup,-3.036,-2.056,6.000,3.500,joint_grid_transaction,35,35,2,9,9,0.000,1.00,-0.100,False,None,0.000,False
87.040,2,en_route_delivery,-2.173,3.052,0.000,-3.500,joint_grid_transaction,35,35,2,8,2,0.000,1.00,0.070,False,None,0.000,False
87.040,3,en_route_delivery,-3.825,1.968,0.000,-3.500,joint_grid_transaction,35,35,2,8,3,0.000,1.00,3.053,False,None,0.000,False
87.040,4,en_route_pickup,-0.016,2.826,0.000,3.500,joint_grid_transaction,35,35,3,5,4,0.000,1.00,1.667,False,None,0.000,False
87.040,5,en_route_pickup,-1.066,1.939,1.000,1.500,joint_grid_transaction,35,35,2,9,5,0.000,1.00,0.070,False,None,0.000,False
87.040,6,en_route_pickup,0.914,-1.934,-1.000,-1.500,joint_grid_transaction,35,35,2,8,6,0.000,1.00,3.131,False,None,0.000,False
87.040,7,en_route_delivery,-4.477,-3.044,-1.000,1.500,joint_grid_transaction,35,35,3,9,8,0.000,1.00,0.450,False,None,0.000,False
87.040,8,en_route_pickup,2.845,-2.057,0.000,-3.500,joint_grid_transaction,35,35,2,9,7,0.000,1.00,-3.055,False,None,0.000,False
87.296,1,en_route_pickup,-3.014,-2.058,6.000,3.500,joint_grid_transaction,35,35,2,9,9,0.000,1.00,-0.085,False,None,0.000,False
87.296,2,en_route_delivery,-2.139,3.055,0.000,-3.500,joint_grid_transaction,35,35,2,8,2,0.000,1.00,0.070,False,None,0.000,False
87.296,3,en_route_delivery,-3.860,1.964,0.000,-3.500,joint_grid_transaction,35,35,2,8,3,0.000,1.00,3.054,False,None,0.000,False
87.296,4,en_route_pickup,-0.019,2.864,0.000,3.500,joint_grid_transaction,35,35,3,5,4,0.000,1.00,1.667,False,None,0.000,False
87.296,5,en_route_pickup,-1.038,1.937,1.000,1.500,joint_grid_transaction,35,35,2,9,5,0.000,1.00,0.071,False,None,0.000,False
87.296,6,en_route_pickup,0.877,-1.935,-1.000,-1.500,joint_grid_transaction,35,35,2,8,6,0.000,1.00,3.126,False,None,0.000,False
87.296,7,en_route_delivery,-4.488,-3.036,-1.000,1.500,joint_grid_transaction,35,35,3,9,8,0.000,1.00,0.590,False,None,0.000,False
87.296,8,en_route_pickup,2.816,-2.059,0.000,-3.500,joint_grid_transaction,35,35,2,9,7,0.000,1.00,-3.055,False,None,0.000,False
87.552,1,en_route_pickup,-2.994,-2.059,6.000,3.500,joint_grid_transaction,35,35,2,9,9,0.000,1.00,-0.058,False,None,0.000,False
87.552,2,en_route_delivery,-2.108,3.057,0.000,-3.500,joint_grid_transaction,35,35,2,8,2,0.000,1.00,0.070,False,None,0.000,False
87.552,3,en_route_delivery,-3.894,1.961,0.000,-3.500,joint_grid_transaction,35,35,2,8,3,0.000,1.00,3.054,False,None,0.000,False
87.552,4,en_route_pickup,-0.023,2.900,0.000,3.500,joint_grid_transaction,35,35,3,5,4,0.000,1.00,1.666,False,None,0.000,False
87.552,5,en_route_pickup,-1.014,1.936,1.000,1.500,joint_grid_transaction,35,35,2,9,5,0.000,1.00,0.060,False,None,0.000,False
87.552,6,en_route_pickup,0.839,-1.936,-1.000,-1.500,joint_grid_transaction,35,35,2,8,6,0.000,1.00,3.120,False,None,0.000,False
87.552,7,en_route_delivery,-4.453,-3.008,-1.000,1.500,joint_grid_transaction,35,35,3,9,8,0.000,1.00,0.711,False,None,0.000,False
87.552,8,en_route_pickup,2.789,-2.062,0.000,-3.500,joint_grid_transaction,35,35,2,9,7,0.000,1.00,-3.056,False,None,0.000,False
87.808,1,en_route_pickup,-2.972,-2.060,6.000,3.500,joint_grid_transaction,35,35,2,9,9,0.000,1.00,-0.036,False,None,0.000,False
87.808,2,en_route_delivery,-2.077,3.059,0.000,-3.500,joint_grid_transaction,35,35,2,8,2,0.000,1.00,0.071,False,None,0.000,False
87.808,3,en_route_delivery,-3.927,1.959,0.000,-3.500,joint_grid_transaction,35,35,2,8,3,0.000,1.00,3.054,False,None,0.000,False
87.808,4,en_route_delivery,-0.026,2.936,3.000,-1.500,joint_grid_transaction,35,35,3,4,4,0.000,1.00,1.666,False,None,0.000,False
87.808,5,en_route_pickup,-0.992,1.935,1.000,1.500,joint_grid_transaction,35,35,2,9,5,0.000,1.00,0.039,False,None,0.000,False
87.808,6,en_route_pickup,0.803,-1.938,-1.000,-1.500,joint_grid_transaction,35,35,2,8,6,0.000,1.00,3.112,False,None,0.000,False
87.808,7,en_route_delivery,-4.419,-2.975,-1.000,1.500,joint_grid_transaction,35,35,3,9,8,0.000,1.00,0.794,False,None,0.000,False
87.808,8,en_route_pickup,2.768,-2.063,0.000,-3.500,joint_grid_transaction,35,35,2,9,7,0.000,1.00,-3.077,False,None,0.000,False
88.064,1,en_route_pickup,-2.943,-2.060,6.000,3.500,joint_grid_transaction,35,35,3,9,9,0.000,1.00,-0.028,False,None,0.000,False
88.064,2,en_route_delivery,-2.049,3.061,0.000,-3.500,joint_grid_transaction,35,35,2,8,2,0.000,1.00,0.071,False,None,0.000,False
88.064,3,en_route_delivery,-3.958,1.956,0.000,-3.500,joint_grid_transaction,35,35,2,8,3,0.000,1.00,3.054,False,None,0.000,False
88.064,4,en_route_delivery,-0.029,2.970,3.000,-1.500,joint_grid_transaction,35,35,3,4,4,0.000,1.00,1.665,False,None,0.000,False
88.064,5,en_route_pickup,-0.971,1.935,1.000,1.500,joint_grid_transaction,35,35,2,9,5,0.000,1.00,0.010,False,None,0.000,False
88.064,6,en_route_pickup,0.766,-1.940,-1.000,-1.500,joint_grid_transaction,35,35,2,8,6,0.000,1.00,3.100,False,None,0.000,False
88.064,7,en_route_delivery,-4.387,-2.941,-1.000,1.500,joint_grid_transaction,35,35,3,9,8,0.000,1.00,0.852,False,None,0.000,False
88.064,8,en_route_pickup,2.746,-2.064,0.000,-3.500,joint_grid_transaction,35,35,2,9,7,0.000,1.00,-3.098,False,None,0.000,False
88.320,1,en_route_pickup,-2.909,-2.061,6.000,3.500,joint_grid_transaction,36,36,2,9,9,0.000,1.00,-0.027,False,None,0.000,False
88.320,2,en_route_delivery,-2.022,3.063,0.000,-3.500,joint_grid_transaction,36,36,1,9,2,0.000,1.00,0.071,False,None,0.000,False
88.320,3,en_route_delivery,-3.988,1.953,0.000,-3.500,joint_grid_transaction,36,36,1,9,3,0.000,1.00,3.055,False,None,0.000,False
88.320,4,en_route_delivery,-0.030,2.980,3.000,-1.500,joint_grid_transaction,36,36,1,9,4,0.000,1.00,1.397,False,None,0.000,False
88.320,5,en_route_pickup,-0.941,1.935,1.000,1.500,joint_grid_transaction,36,36,1,9,5,0.000,1.00,0.004,False,None,0.000,False
88.320,6,en_route_pickup,0.729,-1.943,-1.000,-1.500,joint_grid_transaction,36,36,1,9,6,0.000,1.00,3.084,False,None,0.000,False
88.320,7,en_route_delivery,-4.374,-2.927,-1.000,1.500,joint_grid_transaction,36,36,2,9,8,0.000,1.00,0.851,False,None,0.000,False
88.320,8,en_route_pickup,2.724,-2.064,0.000,-3.500,joint_grid_transaction,36,36,1,9,7,0.000,1.00,-3.120,False,None,0.000,False
88.576,1,en_route_pickup,-2.876,-2.062,6.000,3.500,joint_grid_transaction,36,36,2,9,9,0.000,1.00,-0.033,False,None,0.000,False
88.576,2,en_route_delivery,-2.000,3.064,0.000,-3.500,joint_grid_transaction,36,36,1,9,2,0.000,1.00,0.050,False,None,0.000,False
88.576,3,en_route_delivery,-4.015,1.951,0.000,-3.500,joint_grid_transaction,36,36,1,9,3,0.000,1.00,3.055,False,None,0.000,False
88.576,4,en_route_delivery,-0.022,2.960,3.000,-1.500,joint_grid_transaction,36,36,1,9,4,0.000,1.00,1.058,False,None,0.000,False
88.576,5,en_route_pickup,-0.904,1.935,1.000,1.500,joint_grid_transaction,36,36,2,9,5,0.000,1.00,0.005,False,None,0.000,False
88.576,6,en_route_pickup,0.687,-1.946,-1.000,-1.500,joint_grid_transaction,36,36,2,9,6,0.000,1.00,3.063,False,None,0.000,False
88.576,7,en_route_delivery,-4.374,-2.927,-1.000,1.500,joint_grid_transaction,36,36,2,9,8,0.000,1.00,0.851,False,joint_slot_deadline,89.332,False
88.576,8,en_route_pickup,2.698,-2.064,0.000,-3.500,joint_grid_transaction,36,36,1,9,7,0.000,1.00,-3.138,False,None,0.000,False
88.832,1,en_route_pickup,-2.844,-2.063,6.000,3.500,joint_grid_transaction,36,36,2,9,9,0.000,1.00,-0.039,False,None,0.000,False
88.832,2,en_route_delivery,-1.979,3.064,0.000,-3.500,joint_grid_transaction,36,36,1,9,2,0.000,1.00,0.022,False,None,0.000,False
88.832,3,en_route_delivery,-4.037,1.949,0.000,-3.500,joint_grid_transaction,36,36,1,9,3,0.000,1.00,3.063,False,None,0.000,False
88.832,4,en_route_delivery,-0.004,2.936,3.000,-1.500,joint_grid_transaction,36,36,1,9,4,0.000,1.00,0.823,False,None,0.000,False
88.832,5,en_route_pickup,-0.868,1.935,1.000,1.500,joint_grid_transaction,36,36,2,9,5,0.000,1.00,0.007,False,None,0.000,False
88.832,6,en_route_pickup,0.640,-1.950,-1.000,-1.500,joint_grid_transaction,36,36,2,9,6,0.000,1.00,3.044,False,None,0.000,False
88.832,7,en_route_delivery,-4.374,-2.927,-1.000,1.500,joint_grid_transaction,36,36,2,9,8,0.000,1.00,0.851,False,joint_slot_deadline,89.332,False
88.832,8,en_route_pickup,2.661,-2.065,0.000,-3.500,joint_grid_transaction,36,36,2,9,7,0.000,1.00,-3.137,False,None,0.000,False
89.088,1,en_route_pickup,-2.815,-2.065,6.000,3.500,joint_grid_transaction,36,36,2,9,9,0.000,1.00,-0.046,False,None,0.000,False
89.088,2,en_route_delivery,-1.956,3.064,0.000,-3.500,joint_grid_transaction,36,36,1,9,2,0.000,1.00,0.003,False,None,0.000,False
89.088,3,en_route_delivery,-4.028,1.947,0.000,-3.500,joint_grid_transaction,36,36,2,9,3,0.000,1.00,2.814,False,None,0.000,False
89.088,4,en_route_delivery,0.012,2.920,3.000,-1.500,joint_grid_transaction,36,36,1,9,4,0.000,1.00,0.687,False,None,0.000,False
89.088,5,en_route_pickup,-0.832,1.936,1.000,1.500,joint_grid_transaction,36,36,2,9,5,0.000,1.00,0.010,False,None,0.000,False
89.088,6,en_route_pickup,0.592,-1.955,-1.000,-1.500,joint_grid_transaction,36,36,2,9,6,0.000,1.00,3.031,False,None,0.000,False
89.088,7,en_route_delivery,-4.374,-2.927,-1.000,1.500,joint_grid_transaction,36,36,2,9,8,0.000,1.00,0.851,False,joint_slot_deadline,89.332,False
89.088,8,en_route_pickup,2.626,-2.065,0.000,-3.500,joint_grid_transaction,36,36,2,9,7,0.000,1.00,-3.137,False,None,0.000,False
89.344,1,en_route_pickup,-2.787,-2.066,6.000,3.500,joint_grid_transaction,36,36,2,9,9,0.000,1.00,-0.054,False,None,0.000,False
89.344,2,en_route_delivery,-1.919,3.064,0.000,-3.500,joint_grid_transaction,36,36,2,9,2,0.000,1.00,0.003,False,None,0.000,False
89.344,3,en_route_delivery,-4.034,1.937,0.000,-3.500,joint_grid_transaction,36,36,2,9,3,0.000,1.00,2.678,False,None,0.000,False
89.344,4,en_route_delivery,0.036,2.928,3.000,-1.500,joint_grid_transaction,36,36,1,9,4,0.000,1.00,0.577,False,None,0.000,False
89.344,5,en_route_pickup,-0.797,1.936,1.000,1.500,joint_grid_transaction,36,36,2,9,5,0.000,1.00,0.014,False,None,0.000,False
89.344,6,en_route_pickup,0.545,-1.961,-1.000,-1.500,joint_grid_transaction,36,36,2,9,6,0.000,1.00,3.023,False,None,0.000,False
89.344,7,en_route_delivery,-4.374,-2.927,-1.000,1.500,joint_grid_transaction,36,36,2,9,8,0.000,1.00,0.851,False,joint_slot_deadline,89.332,False
89.344,8,en_route_pickup,2.591,-2.065,0.000,-3.500,joint_grid_transaction,36,36,2,9,7,0.000,1.00,-3.136,False,None,0.000,False
89.600,1,en_route_pickup,-2.763,-2.067,6.000,3.500,joint_grid_transaction,36,36,2,9,9,0.000,1.00,-0.045,False,None,0.000,False
89.600,2,en_route_delivery,-1.882,3.064,0.000,-3.500,joint_grid_transaction,36,36,2,9,2,0.000,1.00,0.005,False,None,0.000,False
89.600,3,en_route_delivery,-4.074,1.914,0.000,-3.500,joint_grid_transaction,36,36,2,9,3,0.000,1.00,2.569,False,None,0.000,False
89.600,4,en_route_delivery,0.051,2.929,3.000,-1.500,joint_grid_transaction,36,36,2,9,4,0.000,1.00,0.450,False,None,0.000,False
89.600,5,en_route_pickup,-0.764,1.937,1.000,1.500,joint_grid_transaction,36,36,2,9,5,0.000,1.00,0.020,False,None,0.000,False
89.600,6,en_route_pickup,0.497,-1.967,-1.000,-1.500,joint_grid_transaction,36,36,2,9,6,0.000,1.00,3.017,False,None,0.000,False
89.600,7,en_route_delivery,-4.384,-2.914,-1.000,1.500,joint_grid_transaction,36,36,3,9,8,0.000,1.00,0.963,False,None,0.000,False
89.600,8,en_route_pickup,2.559,-2.065,0.000,-3.500,joint_grid_transaction,36,36,2,9,7,0.000,1.00,-3.134,False,None,0.000,False
89.856,1,en_route_pickup,-2.741,-2.068,6.000,3.500,joint_grid_transaction,36,36,2,9,9,0.000,1.00,-0.023,False,None,0.000,False
89.856,2,en_route_delivery,-1.846,3.064,0.000,-3.500,joint_grid_transaction,36,36,2,9,2,0.000,1.00,0.007,False,None,0.000,False
89.856,3,en_route_delivery,-4.091,1.894,0.000,-3.500,joint_grid_transaction,36,36,3,9,3,0.000,1.00,2.427,False,None,0.000,False
89.856,4,en_route_delivery,0.093,2.946,3.000,-1.500,joint_grid_transaction,36,36,2,9,4,0.000,1.00,0.335,False,None,0.000,False
89.856,5,en_route_pickup,-0.731,1.939,1.000,1.500,joint_grid_transaction,36,36,2,9,5,0.000,1.00,0.028,False,None,0.000,False
89.856,6,en_route_pickup,0.450,-1.973,-1.000,-1.500,joint_grid_transaction,36,36,3,9,6,0.000,1.00,3.022,False,None,0.000,False
89.856,7,en_route_delivery,-4.360,-2.875,-1.000,1.500,joint_grid_transaction,36,36,3,9,8,0.000,1.00,1.082,False,None,0.000,False
89.856,8,en_route_pickup,2.528,-2.065,0.000,-3.500,joint_grid_transaction,36,36,2,9,7,0.000,1.00,-3.133,False,None,0.000,False
90.112,1,en_route_pickup,-2.719,-2.068,6.000,3.500,joint_grid_transaction,36,36,2,9,9,0.000,1.00,-0.002,False,None,0.000,False
90.112,2,en_route_delivery,-1.812,3.063,0.000,-3.500,joint_grid_transaction,36,36,2,9,2,0.000,1.00,0.009,False,None,0.000,False
90.112,3,en_route_delivery,-4.078,1.881,0.000,-3.500,joint_grid_transaction,36,36,3,9,3,0.000,1.00,2.313,False,None,0.000,False
90.112,4,en_route_delivery,0.138,2.959,3.000,-1.500,joint_grid_transaction,36,36,2,9,4,0.000,1.00,0.249,False,None,0.000,False
90.112,5,en_route_pickup,-0.695,1.941,1.000,1.500,joint_grid_transaction,36,36,3,9,5,0.000,1.00,0.039,False,None,0.000,False
90.112,6,en_route_pickup,0.403,-1.978,-1.000,-1.500,joint_grid_transaction,36,36,3,9,6,0.000,1.00,3.042,False,None,0.000,False
90.112,7,en_route_delivery,-4.340,-2.832,-1.000,1.500,joint_grid_transaction,36,36,3,9,8,0.000,1.00,1.169,False,None,0.000,False
90.112,8,en_route_pickup,2.498,-2.066,0.000,-3.500,joint_grid_transaction,36,36,2,9,7,0.000,1.00,-3.132,False,None,0.000,False
90.368,1,en_route_pickup,-2.687,-2.067,6.000,3.500,joint_grid_transaction,36,36,3,9,9,0.000,1.00,-0.017,False,None,0.000,False
90.368,2,en_route_delivery,-1.778,3.063,0.000,-3.500,joint_grid_transaction,36,36,2,9,2,0.000,1.00,0.013,False,None,0.000,False
90.368,3,en_route_delivery,-4.097,1.851,0.000,-3.500,joint_grid_transaction,36,36,3,9,3,0.000,1.00,2.199,False,None,0.000,False
90.368,4,en_route_delivery,0.184,2.970,3.000,-1.500,joint_grid_transaction,36,36,2,9,4,0.000,1.00,0.190,False,None,0.000,False
90.368,5,en_route_pickup,-0.652,1.943,1.000,1.500,joint_grid_transaction,36,36,3,9,5,0.000,1.00,0.053,False,None,0.000,False
90.368,6,en_route_pickup,0.358,-1.982,-1.000,-1.500,joint_grid_transaction,36,36,3,9,6,0.000,1.00,3.045,False,None,0.000,False
90.368,7,en_route_delivery,-4.323,-2.788,-1.000,1.500,joint_grid_transaction,36,36,3,9,8,0.000,1.00,1.228,False,None,0.000,False
90.368,8,en_route_pickup,2.472,-2.066,0.000,-3.500,joint_grid_transaction,36,36,2,9,7,0.000,1.00,-3.130,False,None,0.000,False
90.624,1,en_route_pickup,-2.649,-2.066,6.000,3.500,joint_grid_transaction,36,36,3,9,9,0.000,1.00,-0.024,False,None,0.000,False
90.624,2,en_route_delivery,-1.745,3.062,0.000,-3.500,joint_grid_transaction,36,36,2,9,2,0.000,1.00,0.019,False,None,0.000,False
90.624,3,en_route_delivery,-4.122,1.812,0.000,-3.500,joint_grid_transaction,36,36,3,9,3,0.000,1.00,2.107,False,None,0.000,False
90.624,4,en_route_delivery,0.231,2.978,3.000,-1.500,joint_grid_transaction,36,36,2,9,4,0.000,1.00,0.149,False,None,0.000,False
90.624,5,en_route_pickup,-0.607,1.946,1.000,1.500,joint_grid_transaction,36,36,3,9,5,0.000,1.00,0.071,False,None,0.000,False
90.624,6,en_route_pickup,0.314,-1.986,-1.000,-1.500,joint_grid_transaction,36,36,3,9,6,0.000,1.00,3.045,False,None,0.000,False
90.624,7,en_route_delivery,-4.308,-2.743,-1.000,1.500,joint_grid_transaction,36,36,3,9,8,0.000,1.00,1.270,False,None,0.000,False
90.624,8,en_route_pickup,2.443,-2.066,0.000,-3.500,joint_grid_transaction,36,36,3,9,7,0.000,1.00,3.133,False,None,0.000,False
90.880,1,en_route_pickup,-2.610,-2.064,6.000,3.500,joint_grid_transaction,36,36,3,9,9,0.000,1.00,-0.033,False,None,0.000,False
90.880,2,en_route_delivery,-1.713,3.060,0.000,-3.500,joint_grid_transaction,36,36,2,9,2,0.000,1.00,0.027,False,None,0.000,False
90.880,3,en_route_delivery,-4.145,1.770,0.000,-3.500,joint_grid_transaction,36,36,3,9,3,0.000,1.00,2.043,False,None,0.000,False
90.880,4,en_route_delivery,0.278,2.984,3.000,-1.500,joint_grid_transaction,36,36,2,9,4,0.000,1.00,0.121,False,None,0.000,False
90.880,5,en_route_pickup,-0.561,1.950,1.000,1.500,joint_grid_transaction,36,36,3,9,5,0.000,1.00,0.093,False,None,0.000,False
90.880,6,en_route_pickup,0.271,-1.991,-1.000,-1.500,joint_grid_transaction,36,36,3,9,6,0.000,1.00,3.046,False,None,0.000,False
90.880,7,en_route_delivery,-4.294,-2.698,-1.000,1.500,joint_grid_transaction,36,36,3,9,8,0.000,1.00,1.317,False,None,0.000,False
90.880,8,en_route_pickup,2.405,-2.065,0.000,-3.500,joint_grid_transaction,36,36,3,9,7,0.000,1.00,3.130,False,None,0.000,False
91.136,1,en_route_pickup,-2.571,-2.062,6.000,3.500,joint_grid_transaction,36,36,3,9,9,0.000,1.00,-0.045,False,None,0.000,False
91.136,2,en_route_delivery,-1.672,3.059,0.000,-3.500,joint_grid_transaction,36,36,3,9,2,0.000,1.00,0.036,False,None,0.000,False
91.136,3,en_route_delivery,-4.166,1.728,0.000,-3.500,joint_grid_transaction,36,36,3,9,3,0.000,1.00,1.998,False,None,0.000,False
91.136,4,en_route_delivery,0.325,2.989,3.000,-1.500,joint_grid_transaction,36,36,3,9,4,0.000,1.00,0.093,False,None,0.000,False
91.136,5,en_route_pickup,-0.514,1.956,1.000,1.500,joint_grid_transaction,36,36,3,9,5,0.000,1.00,0.120,False,None,0.000,False
91.136,6,en_route_pickup,0.228,-1.995,-1.000,-1.500,joint_grid_transaction,36,36,3,9,6,0.000,1.00,3.046,False,None,0.000,False
91.136,7,en_route_delivery,-4.284,-2.651,-1.000,1.500,joint_grid_transaction,36,36,4,9,8,0.000,1.00,1.383,False,None,0.000,False
91.136,8,en_route_pickup,2.368,-2.064,0.000,-3.500,joint_grid_transaction,36,36,3,9,7,0.000,1.00,3.125,False,None,0.000,False
91.392,1,en_route_pickup,-2.531,-2.059,6.000,3.500,joint_grid_transaction,36,36,3,9,9,0.000,1.00,-0.062,False,None,0.000,False
91.392,2,en_route_delivery,-1.630,3.056,0.000,-3.500,joint_grid_transaction,36,36,3,9,2,0.000,1.00,0.049,False,None,0.000,False
91.392,3,en_route_delivery,-4.184,1.684,0.000,-3.500,joint_grid_transaction,36,36,4,9,3,0.000,1.00,1.923,False,None,0.000,False
91.392,4,en_route_delivery,0.368,2.993,3.000,-1.500,joint_grid_transaction,36,36,3,9,4,0.000,1.00,0.089,False,None,0.000,False
91.392,5,en_route_pickup,-0.467,1.962,1.000,1.500,joint_grid_transaction,36,36,3,9,5,0.000,1.00,0.141,False,None,0.000,False
91.392,6,en_route_pickup,0.186,-1.999,-1.000,-1.500,joint_grid_transaction,36,36,4,9,6,0.000,1.00,3.047,False,None,0.000,False
91.392,7,en_route_delivery,-4.276,-2.605,-1.000,1.500,joint_grid_transaction,36,36,4,9,8,0.000,1.00,1.427,False,None,0.000,False
91.392,8,en_route_pickup,2.331,-2.063,0.000,-3.500,joint_grid_transaction,36,36,3,9,7,0.000,1.00,3.119,False,None,0.000,False
91.648,1,en_route_pickup,-2.490,-2.055,6.000,3.500,joint_grid_transaction,36,36,3,9,9,0.000,1.00,-0.085,False,None,0.000,False
91.648,2,en_route_delivery,-1.586,3.053,0.000,-3.500,joint_grid_transaction,36,36,3,9,2,0.000,1.00,0.066,False,None,0.000,False
91.648,3,en_route_delivery,-4.198,1.639,0.000,-3.500,joint_grid_transaction,36,36,4,9,3,0.000,1.00,1.838,False,None,0.000,False
91.648,4,en_route_delivery,0.410,2.996,3.000,-1.500,joint_grid_transaction,36,36,3,9,4,0.000,1.00,0.089,False,None,0.000,False
91.648,5,en_route_pickup,-0.420,1.968,1.000,1.500,joint_grid_transaction,36,36,4,9,5,0.000,1.00,0.121,False,None,0.000,False
91.648,6,en_route_pickup,0.146,-2.002,-1.000,-1.500,joint_grid_transaction,36,36,4,9,6,0.000,1.00,3.047,False,None,0.000,False
91.648,7,en_route_delivery,-4.270,-2.557,-1.000,1.500,joint_grid_transaction,36,36,4,9,8,0.000,1.00,1.456,False,None,0.000,False
91.648,8,en_route_pickup,2.294,-2.062,0.000,-3.500,joint_grid_transaction,36,36,3,9,7,0.000,1.00,3.110,False,None,0.000,False
91.904,1,en_route_pickup,-2.447,-2.050,6.000,3.500,joint_grid_transaction,36,36,4,9,9,0.000,1.00,-0.109,False,None,0.000,False
91.904,2,en_route_delivery,-1.542,3.049,0.000,-3.500,joint_grid_transaction,36,36,3,9,2,0.000,1.00,0.088,False,None,0.000,False
91.904,3,en_route_delivery,-4.210,1.593,0.000,-3.500,joint_grid_transaction,36,36,4,9,3,0.000,1.00,1.780,False,None,0.000,False
91.904,4,en_route_delivery,0.452,3.000,3.000,-1.500,joint_grid_transaction,36,36,3,9,4,0.000,1.00,0.088,False,None,0.000,False
91.904,5,en_route_pickup,-0.372,1.973,1.000,1.500,joint_grid_transaction,36,36,4,9,5,0.000,1.00,0.103,False,None,0.000,False
91.904,6,en_route_pickup,0.106,-2.006,-1.000,-1.500,joint_grid_transaction,36,36,4,9,6,0.000,1.00,3.048,False,None,0.000,False
91.904,7,en_route_delivery,-4.265,-2.510,-1.000,1.500,joint_grid_transaction,36,36,4,9,8,0.000,1.00,1.473,False,None,0.000,False
91.904,8,en_route_pickup,2.257,-2.059,0.000,-3.500,joint_grid_transaction,36,36,3,9,7,0.000,1.00,3.097,False,None,0.000,False
92.160,1,en_route_pickup,-2.400,-2.045,6.000,3.500,joint_grid_transaction,37,36,4,9,9,0.000,1.00,-0.113,False,None,0.000,False
92.160,2,en_route_delivery,-1.495,3.044,0.000,-3.500,joint_grid_transaction,37,36,3,9,2,0.000,1.00,0.117,False,None,0.000,False
92.160,3,en_route_delivery,-4.218,1.547,0.000,-3.500,joint_grid_transaction,37,36,4,8,3,0.000,1.00,1.740,False,None,0.000,False
92.160,4,en_route_delivery,0.493,3.004,3.000,-1.500,joint_grid_transaction,37,36,3,9,4,0.000,1.00,0.088,False,None,0.000,False
92.160,5,en_route_pickup,-0.327,1.978,1.000,1.500,joint_grid_transaction,37,36,4,9,5,0.000,1.00,0.105,False,None,0.000,False
92.160,6,en_route_pickup,0.066,-2.010,-1.000,-1.500,joint_grid_transaction,37,36,4,8,6,0.000,1.00,3.048,False,None,0.000,False
92.160,7,en_route_delivery,-4.261,-2.465,-1.000,1.500,joint_grid_transaction,37,36,4,9,8,0.000,1.00,1.474,False,None,0.000,False
92.160,8,en_route_pickup,2.220,-2.056,0.000,-3.500,joint_grid_transaction,37,36,3,9,7,0.000,1.00,3.079,False,None,0.000,False
92.416,1,en_route_pickup,-2.353,-2.039,6.000,3.500,joint_grid_transaction,37,37,2,9,9,0.000,1.00,-0.116,False,None,0.000,False
92.416,2,en_route_delivery,-1.448,3.038,0.000,-3.500,joint_grid_transaction,37,37,2,9,2,0.000,1.00,0.131,False,None,0.000,False
92.416,3,en_route_delivery,-4.226,1.499,0.000,-3.500,joint_grid_transaction,37,37,1,8,3,0.000,1.00,1.713,False,None,0.000,False
92.416,4,en_route_delivery,0.532,3.007,3.000,-1.500,joint_grid_transaction,37,37,1,9,4,0.000,1.00,0.088,False,None,0.000,False
92.416,5,en_route_pickup,-0.284,1.983,1.000,1.500,joint_grid_transaction,37,37,2,9,5,0.000,1.00,0.109,False,None,0.000,False
92.416,6,en_route_pickup,0.028,-2.013,-1.000,-1.500,joint_grid_transaction,37,37,1,8,6,0.000,1.00,3.048,False,None,0.000,False
92.416,7,en_route_delivery,-4.257,-2.423,-1.000,1.500,joint_grid_transaction,37,37,2,9,8,0.000,1.00,1.476,False,None,0.000,False
92.416,8,en_route_pickup,2.175,-2.053,0.000,-3.500,joint_grid_transaction,37,37,2,9,7,0.000,1.00,3.059,False,None,0.000,False
92.672,1,en_route_pickup,-2.306,-2.034,6.000,3.500,joint_grid_transaction,37,37,2,9,9,0.000,1.00,-0.114,False,None,0.000,False
92.672,2,en_route_delivery,-1.401,3.033,0.000,-3.500,joint_grid_transaction,37,37,2,9,2,0.000,1.00,0.113,False,None,0.000,False
92.672,3,en_route_delivery,-4.230,1.466,0.000,-3.500,joint_grid_transaction,37,37,1,8,3,0.000,1.00,1.699,False,joint_slot_deadline,93.332,False
92.672,4,en_route_delivery,0.572,3.011,3.000,-1.500,joint_grid_transaction,37,37,2,9,4,0.000,1.00,0.088,False,None,0.000,False
92.672,5,en_route_pickup,-0.240,1.987,1.000,1.500,joint_grid_transaction,37,37,2,9,5,0.000,1.00,0.108,False,None,0.000,False
92.672,6,en_route_pickup,-0.008,-2.017,-1.000,-1.500,joint_grid_transaction,37,37,1,8,6,0.000,1.00,3.049,False,None,0.000,False
92.672,7,en_route_delivery,-4.253,-2.381,-1.000,1.500,joint_grid_transaction,37,37,2,9,8,0.000,1.00,1.476,False,None,0.000,False
92.672,8,en_route_pickup,2.128,-2.048,0.000,-3.500,joint_grid_transaction,37,37,2,9,7,0.000,1.00,3.041,False,None,0.000,False
92.928,1,en_route_pickup,-2.258,-2.029,6.000,3.500,joint_grid_transaction,37,37,2,9,9,0.000,1.00,-0.113,False,None,0.000,False
92.928,2,en_route_delivery,-1.354,3.028,0.000,-3.500,joint_grid_transaction,37,37,2,9,2,0.000,1.00,0.103,False,None,0.000,False
92.928,3,en_route_delivery,-4.230,1.466,0.000,-3.500,joint_grid_transaction,37,37,1,8,3,0.000,1.00,1.699,False,joint_slot_deadline,93.332,False
92.928,4,en_route_delivery,0.611,3.014,3.000,-1.500,joint_grid_transaction,37,37,2,9,4,0.000,1.00,0.088,False,None,0.000,False
92.928,5,en_route_pickup,-0.218,1.990,1.000,1.500,joint_grid_transaction,37,37,2,9,5,0.000,1.00,0.108,False,joint_slot_deadline,93.332,False
92.928,6,en_route_pickup,-0.032,-2.019,-1.000,-1.500,joint_grid_transaction,37,37,1,8,6,0.000,1.00,3.049,False,None,0.000,False
92.928,7,en_route_delivery,-4.249,-2.340,-1.000,1.500,joint_grid_transaction,37,37,2,9,8,0.000,1.00,1.477,False,None,0.000,False
92.928,8,en_route_pickup,2.080,-2.043,0.000,-3.500,joint_grid_transaction,37,37,2,9,7,0.000,1.00,3.030,False,None,0.000,False
93.184,1,en_route_pickup,-2.216,-2.024,6.000,3.500,joint_grid_transaction,37,37,2,9,9,0.000,1.00,-0.112,False,None,0.000,False
93.184,2,en_route_delivery,-1.308,3.023,0.000,-3.500,joint_grid_transaction,37,37,2,9,2,0.000,1.00,0.102,False,None,0.000,False
93.184,3,en_route_delivery,-4.230,1.466,0.000,-3.500,joint_grid_transaction,37,37,1,8,3,0.000,1.00,1.699,False,joint_slot_deadline,93.332,False
93.184,4,en_route_delivery,0.649,3.018,3.000,-1.500,joint_grid_transaction,37,37,2,9,4,0.000,1.00,0.087,False,None,0.000,False
93.184,5,en_route_pickup,-0.218,1.990,1.000,1.500,joint_grid_transaction,37,37,2,9,5,0.000,1.00,0.108,False,joint_slot_deadline,93.332,False
93.184,6,en_route_pickup,-0.032,-2.019,-1.000,-1.500,joint_grid_transaction,37,37,1,8,6,0.000,1.00,3.049,False,joint_slot_deadline,93.332,False
93.184,7,en_route_delivery,-4.245,-2.300,-1.000,1.500,joint_grid_transaction,37,37,2,9,8,0.000,1.00,1.477,False,None,0.000,False
93.184,8,en_route_pickup,2.033,-2.038,0.000,-3.500,joint_grid_transaction,37,37,2,9,7,0.000,1.00,3.022,False,None,0.000,False
93.440,1,en_route_pickup,-2.204,-2.022,6.000,3.500,joint_grid_transaction,37,37,2,9,9,0.000,1.00,-0.119,False,joint_slot_deadline,93.332,False
93.440,2,en_route_delivery,-1.262,3.018,0.000,-3.500,joint_grid_transaction,37,37,2,9,2,0.000,1.00,0.101,False,None,0.000,False
93.440,3,en_route_delivery,-4.232,1.454,0.000,-3.500,joint_grid_transaction,37,37,1,8,3,0.000,1.00,1.706,False,joint_slot_deadline,93.332,False
93.440,4,en_route_delivery,0.687,3.021,3.000,-1.500,joint_grid_transaction,37,37,2,9,4,0.000,1.00,0.087,False,None,0.000,False
93.440,5,en_route_pickup,-0.206,1.991,1.000,1.500,joint_grid_transaction,37,37,2,9,5,0.000,1.00,0.114,False,joint_slot_deadline,93.332,False
93.440,6,en_route_pickup,-0.030,-2.020,-1.000,-1.500,joint_grid_transaction,37,37,1,8,6,0.000,1.00,2.947,False,joint_slot_deadline,93.332,False
93.440,7,en_route_delivery,-4.242,-2.261,-1.000,1.500,joint_grid_transaction,37,37,2,9,8,0.000,1.00,1.477,False,None,0.000,False
93.440,8,en_route_pickup,1.985,-2.032,0.000,-3.500,joint_grid_transaction,37,37,2,9,7,0.000,1.00,3.016,False,None,0.000,False
93.696,1,en_route_pickup,-2.161,-2.017,6.000,3.500,joint_grid_transaction,37,37,3,9,9,0.000,1.00,-0.114,False,None,0.000,False
93.696,2,en_route_delivery,-1.217,3.014,0.000,-3.500,joint_grid_transaction,37,37,2,9,2,0.000,1.00,0.101,False,None,0.000,False
93.696,3,en_route_delivery,-4.238,1.412,0.000,-3.500,joint_grid_transaction,37,37,2,8,3,0.000,1.00,1.690,False,None,0.000,False
93.696,4,en_route_delivery,0.722,3.024,3.000,-1.500,joint_grid_transaction,37,37,2,9,4,0.000,1.00,0.087,False,None,0.000,False
93.696,5,en_route_pickup,-0.165,1.996,1.000,1.500,joint_grid_transaction,37,37,3,9,5,0.000,1.00,0.111,False,None,0.000,False
93.696,6,en_route_pickup,-0.019,-2.024,-1.000,-1.500,joint_grid_transaction,37,37,2,8,6,0.000,1.00,2.732,False,None,0.000,False
93.696,7,en_route_delivery,-4.238,-2.223,-1.000,1.500,joint_grid_transaction,37,37,2,9,8,0.000,1.00,1.478,False,None,0.000,False
93.696,8,en_route_pickup,1.939,-2.026,0.000,-3.500,joint_grid_transaction,37,37,3,9,7,0.000,1.00,3.028,False,None,0.000,False
93.952,1,en_route_pickup,-2.118,-2.012,6.000,3.500,joint_grid_transaction,37,37,3,9,9,0.000,1.00,-0.107,False,None,0.000,False
93.952,2,en_route_delivery,-1.175,3.009,0.000,-3.500,joint_grid_transaction,37,37,3,9,2,0.000,1.00,0.098,False,None,0.000,False
93.952,3,en_route_delivery,-4.243,1.367,0.000,-3.500,joint_grid_transaction,37,37,2,8,3,0.000,1.00,1.668,False,None,0.000,False
93.952,4,en_route_delivery,0.757,3.027,3.000,-1.500,joint_grid_transaction,37,37,2,9,4,0.000,1.00,0.087,False,None,0.000,False
93.952,5,en_route_pickup,-0.124,2.000,1.000,1.500,joint_grid_transaction,37,37,3,9,5,0.000,1.00,0.108,False,None,0.000,False
93.952,6,en_route_pickup,-0.033,-2.038,-1.000,-1.500,joint_grid_transaction,37,37,2,8,6,0.000,1.00,2.602,False,None,0.000,False
93.952,7,en_route_delivery,-4.235,-2.185,-1.000,1.500,joint_grid_transaction,37,37,3,9,8,0.000,1.00,1.478,False,None,0.000,False
93.952,8,en_route_pickup,1.892,-2.021,0.000,-3.500,joint_grid_transaction,37,37,3,9,7,0.000,1.00,3.044,False,None,0.000,False
94.208,1,en_route_pickup,-2.075,-2.008,6.000,3.500,joint_grid_transaction,37,37,3,9,9,0.000,1.00,-0.105,False,None,0.000,False
94.208,2,en_route_delivery,-1.133,3.005,0.000,-3.500,joint_grid_transaction,37,37,3,9,2,0.000,1.00,0.098,False,None,0.000,False
94.208,3,en_route_delivery,-4.247,1.324,0.000,-3.500,joint_grid_transaction,37,37,2,8,3,0.000,1.00,1.665,False,None,0.000,False
94.208,4,en_route_delivery,0.790,3.030,3.000,-1.500,joint_grid_transaction,37,37,2,9,4,0.000,1.00,0.089,False,None,0.000,False
94.208,5,en_route_pickup,-0.085,2.005,1.000,1.500,joint_grid_transaction,37,37,3,9,5,0.000,1.00,0.106,False,None,0.000,False
94.208,6,en_route_pickup,-0.072,-2.065,-1.000,-1.500,joint_grid_transaction,37,37,2,8,6,0.000,1.00,2.501,False,None,0.000,False
94.208,7,en_route_delivery,-4.231,-2.147,-1.000,1.500,joint_grid_transaction,37,37,3,9,8,0.000,1.00,1.478,False,None,0.000,False
94.208,8,en_route_pickup,1.848,-2.017,0.000,-3.500,joint_grid_transaction,37,37,3,9,7,0.000,1.00,3.045,False,None,0.000,False
94.464,1,en_route_pickup,-2.034,-2.003,6.000,3.500,joint_grid_transaction,37,37,3,9,9,0.000,1.00,-0.105,False,None,0.000,False
94.464,2,en_route_delivery,-1.091,3.001,0.000,-3.500,joint_grid_transaction,37,37,3,9,2,0.000,1.00,0.097,False,None,0.000,False
94.464,3,en_route_delivery,-4.250,1.283,0.000,-3.500,joint_grid_transaction,37,37,2,8,3,0.000,1.00,1.665,False,None,0.000,False
94.464,4,en_route_delivery,0.826,3.033,3.000,-1.500,joint_grid_transaction,37,37,3,9,4,0.000,1.00,0.089,False,None,0.000,False
94.464,5,en_route_pickup,-0.046,2.009,1.000,1.500,joint_grid_transaction,37,37,3,9,5,0.000,1.00,0.106,False,None,0.000,False
94.464,6,en_route_pickup,-0.102,-2.088,-1.000,-1.500,joint_grid_transaction,37,37,2,8,6,0.000,1.00,2.440,False,None,0.000,False
94.464,7,en_route_delivery,-4.228,-2.110,-1.000,1.500,joint_grid_transaction,37,37,3,9,8,0.000,1.00,1.479,False,None,0.000,False
94.464,8,en_route_pickup,1.804,-2.013,0.000,-3.500,joint_grid_transaction,37,37,3,9,7,0.000,1.00,3.045,False,None,0.000,False
94.720,1,en_route_pickup,-1.993,-1.999,6.000,3.500,joint_grid_transaction,37,37,3,9,9,0.000,1.00,-0.104,False,None,0.000,False
94.720,2,en_route_delivery,-1.051,2.997,0.000,-3.500,joint_grid_transaction,37,37,3,9,2,0.000,1.00,0.097,False,None,0.000,False
94.720,3,en_route_delivery,-4.254,1.243,0.000,-3.500,joint_grid_transaction,37,37,2,8,3,0.000,1.00,1.664,False,None,0.000,False
94.720,4,en_route_delivery,0.861,3.036,3.000,-1.500,joint_grid_transaction,37,37,3,9,4,0.000,1.00,0.089,False,None,0.000,False
94.720,5,en_route_pickup,-0.009,2.013,1.000,1.500,joint_grid_transaction,37,37,3,9,5,0.000,1.00,0.105,False,None,0.000,False
94.720,6,en_route_pickup,-0.091,-2.099,-1.000,-1.500,joint_grid_transaction,37,37,3,8,6,0.000,1.00,2.347,False,None,0.000,False
94.720,7,en_route_delivery,-4.224,-2.074,-1.000,1.500,joint_grid_transaction,37,37,3,9,8,0.000,1.00,1.479,False,None,0.000,False
94.720,8,en_route_pickup,1.760,-2.008,0.000,-3.500,joint_grid_transaction,37,37,3,9,7,0.000,1.00,3.046,False,None,0.000,False
94.976,1,en_route_pickup,-1.954,-1.995,6.000,3.500,joint_grid_transaction,37,37,4,9,9,0.000,1.00,-0.103,False,None,0.000,False
94.976,2,en_route_delivery,-1.011,2.994,0.000,-3.500,joint_grid_transaction,37,37,3,9,2,0.000,1.00,0.096,False,None,0.000,False
94.976,3,en_route_delivery,-4.258,1.204,0.000,-3.500,joint_grid_transaction,37,37,3,8,3,0.000,1.00,1.664,False,None,0.000,False
94.976,4,en_route_delivery,0.895,3.039,3.000,-1.500,joint_grid_transaction,37,37,3,9,4,0.000,1.00,0.088,False,None,0.000,False
94.976,5,en_route_pickup,0.027,2.016,1.000,1.500,joint_grid_transaction,37,37,3,9,5,0.000,1.00,0.104,False,None,0.000,False
94.976,6,en_route_pickup,-0.087,-2.115,-1.000,-1.500,joint_grid_transaction,37,37,3,8,6,0.000,1.00,2.246,False,None,0.000,False
94.976,7,en_route_delivery,-4.221,-2.039,-1.000,1.500,joint_grid_transaction,37,37,3,9,8,0.000,1.00,1.479,False,None,0.000,False
94.976,8,en_route_pickup,1.718,-2.004,0.000,-3.500,joint_grid_transaction,37,37,3,9,7,0.000,1.00,3.046,False,None,0.000,False
95.232,1,en_route_pickup,-1.915,-1.991,6.000,3.500,joint_grid_transaction,37,37,4,9,9,0.000,1.00,-0.102,False,None,0.000,False
95.232,2,en_route_delivery,-0.973,2.990,0.000,-3.500,joint_grid_transaction,37,37,3,9,2,0.000,1.00,0.096,False,None,0.000,False
95.232,3,en_route_delivery,-4.262,1.164,0.000,-3.500,joint_grid_transaction,37,37,3,8,3,0.000,1.00,1.664,False,None,0.000,False
95.232,4,en_route_delivery,0.927,3.042,3.000,-1.500,joint_grid_transaction,37,37,3,9,4,0.000,1.00,0.088,False,None,0.000,False
95.232,5,en_route_pickup,0.063,2.020,1.000,1.500,joint_grid_transaction,37,37,4,9,5,0.000,1.00,0.104,False,None,0.000,False
95.232,6,en_route_pickup,-0.114,-2.154,-1.000,-1.500,joint_grid_transaction,37,37,3,8,6,0.000,1.00,2.130,False,None,0.000,False
95.232,7,en_route_delivery,-4.218,-2.006,-1.000,1.500,joint_grid_transaction,37,37,3,9,8,0.000,1.00,1.480,False,None,0.000,False
95.232,8,en_route_pickup,1.677,-2.000,0.000,-3.500,joint_grid_transaction,37,37,4,9,7,0.000,1.00,3.047,False,None,0.000,False
95.488,1,en_route_pickup,-1.877,-1.987,6.000,3.500,joint_grid_transaction,37,37,4,9,9,0.000,1.00,-0.102,False,None,0.000,False
95.488,2,en_route_delivery,-0.935,2.986,0.000,-3.500,joint_grid_transaction,37,37,4,9,2,0.000,1.00,0.095,False,None,0.000,False
95.488,3,en_route_delivery,-4.265,1.126,0.000,-3.500,joint_grid_transaction,37,37,3,8,3,0.000,1.00,1.663,False,None,0.000,False
95.488,4,en_route_delivery,0.958,3.045,3.000,-1.500,joint_grid_transaction,37,37,3,9,4,0.000,1.00,0.088,False,None,0.000,False
95.488,5,en_route_pickup,0.100,2.024,1.000,1.500,joint_grid_transaction,37,37,4,9,5,0.000,1.00,0.103,False,None,0.000,False
95.488,6,en_route_pickup,-0.137,-2.195,-1.000,-1.500,joint_grid_transaction,37,37,3,8,6,0.000,1.00,2.051,False,None,0.000,False
95.488,7,en_route_delivery,-4.215,-1.975,-1.000,1.500,joint_grid_transaction,37,37,3,9,8,0.000,1.00,1.480,False,None,0.000,False
95.488,8,en_route_pickup,1.636,-1.996,0.000,-3.500,joint_grid_transaction,37,37,4,9,7,0.000,1.00,3.047,False,None,0.000,False
95.744,1,en_route_pickup,-1.839,-1.983,6.000,3.500,joint_grid_transaction,37,37,4,9,9,0.000,1.00,-0.101,False,None,0.000,False
95.744,2,en_route_delivery,-0.897,2.983,0.000,-3.500,joint_grid_transaction,37,37,4,9,2,0.000,1.00,0.095,False,None,0.000,False
95.744,3,en_route_delivery,-4.269,1.088,0.000,-3.500,joint_grid_transaction,37,37,3,8,3,0.000,1.00,1.663,False,None,0.000,False
95.744,4,en_route_delivery,0.988,3.047,3.000,-1.500,joint_grid_transaction,37,37,3,9,4,0.000,1.00,0.087,False,None,0.000,False
95.744,5,en_route_pickup,0.135,2.028,1.000,1.500,joint_grid_transaction,37,37,4,9,5,0.000,1.00,0.102,False,None,0.000,False
95.744,6,en_route_pickup,-0.158,-2.237,-1.000,-1.500,joint_grid_transaction,37,37,3,8,6,0.000,1.00,1.996,False,None,0.000,False
95.744,7,en_route_delivery,-4.212,-1.942,-1.000,1.500,joint_grid_transaction,37,37,4,9,8,0.000,1.00,1.478,False,None,0.000,False
95.744,8,en_route_pickup,1.596,-1.993,0.000,-3.500,joint_grid_transaction,37,37,4,9,7,0.000,1.00,3.047,False,None,0.000,False
96.000,1,en_route_pickup,-1.803,-1.980,6.000,3.500,joint_grid_transaction,37,37,4,9,9,0.000,1.00,-0.100,False,None,0.000,False
96.000,2,en_route_delivery,-0.859,2.979,0.000,-3.500,joint_grid_transaction,37,37,4,9,2,0.000,1.00,0.094,False,None,0.000,False
96.000,3,en_route_delivery,-4.272,1.052,0.000,-3.500,joint_grid_transaction,37,37,3,8,3,0.000,1.00,1.662,False,None,0.000,False
96.000,4,en_route_delivery,1.015,3.050,3.000,-1.500,joint_grid_transaction,37,37,3,9,4,0.000,1.00,0.087,False,None,0.000,False
96.000,5,en_route_pickup,0.169,2.031,1.000,1.500,joint_grid_transaction,37,37,4,9,5,0.000,1.00,0.101,False,None,0.000,False
96.000,6,en_route_pickup,-0.176,-2.281,-1.000,-1.500,joint_grid_transaction,37,37,3,8,6,0.000,1.00,1.958,False,None,0.000,False
96.000,7,en_route_delivery,-4.209,-1.908,-1.000,1.500,joint_grid_transaction,37,37,4,9,8,0.000,1.00,1.478,False,None,0.000,False
96.000,8,en_route_pickup,1.558,-1.989,0.000,-3.500,joint_grid_transaction,37,37,4,9,7,0.000,1.00,3.048,False,None,0.000,False
96.256,1,en_route_pickup,-1.768,-1.976,6.000,3.500,joint_grid_transaction,38,38,1,9,9,0.000,1.00,-0.100,False,None,0.000,False
96.256,2,en_route_delivery,-0.823,2.976,0.000,-3.500,joint_grid_transaction,38,38,1,8,2,0.000,1.00,0.094,False,None,0.000,False
96.256,3,en_route_delivery,-4.275,1.017,0.000,-3.500,joint_grid_transaction,38,38,1,9,3,0.000,1.00,1.662,False,None,0.000,False
96.256,4,en_route_delivery,1.036,3.051,3.000,-1.500,joint_grid_transaction,38,38,1,9,4,0.000,1.00,0.066,False,None,0.000,False
96.256,5,en_route_pickup,0.202,2.035,1.000,1.500,joint_grid_transaction,38,38,1,6,5,0.000,1.00,0.101,False,None,0.000,False
96.256,6,en_route_pickup,-0.193,-2.325,-1.000,-1.500,joint_grid_transaction,38,38,2,9,6,0.000,1.00,1.880,False,None,0.000,False
96.256,7,en_route_delivery,-4.206,-1.876,-1.000,1.500,joint_grid_transaction,38,38,2,9,8,0.000,1.00,1.483,False,None,0.000,False
96.256,8,en_route_pickup,1.520,-1.985,0.000,-3.500,joint_grid_transaction,38,38,1,9,7,0.000,1.00,3.048,False,None,0.000,False
96.512,1,en_route_pickup,-1.735,-1.973,6.000,3.500,joint_grid_transaction,38,38,1,9,9,0.000,1.00,-0.099,False,None,0.000,False
96.512,2,en_route_delivery,-0.789,2.972,0.000,-3.500,joint_grid_transaction,38,38,1,8,2,0.000,1.00,0.093,False,None,0.000,False
96.512,3,en_route_delivery,-4.278,0.983,0.000,-3.500,joint_grid_transaction,38,38,1,9,3,0.000,1.00,1.662,False,None,0.000,False
96.512,4,en_route_delivery,1.070,3.053,3.000,-1.500,joint_grid_transaction,38,38,2,9,4,0.000,1.00,0.070,False,None,0.000,False
96.512,5,en_route_pickup,0.233,2.038,1.000,1.500,joint_grid_transaction,38,38,1,6,5,0.000,1.00,0.100,False,None,0.000,False
96.512,6,en_route_pickup,-0.205,-2.371,-1.000,-1.500,joint_grid_transaction,38,38,2,9,6,0.000,1.00,1.805,False,None,0.000,False
96.512,7,en_route_delivery,-4.204,-1.844,-1.000,1.500,joint_grid_transaction,38,38,2,9,8,0.000,1.00,1.483,False,None,0.000,False
96.512,8,en_route_pickup,1.484,-1.982,0.000,-3.500,joint_grid_transaction,38,38,1,9,7,0.000,1.00,3.049,False,None,0.000,False
96.768,1,en_route_pickup,-1.702,-1.970,6.000,3.500,joint_grid_transaction,38,38,1,9,9,0.000,1.00,-0.100,False,None,0.000,False
96.768,2,en_route_delivery,-0.756,2.969,0.000,-3.500,joint_grid_transaction,38,38,1,8,2,0.000,1.00,0.093,False,None,0.000,False
96.768,3,en_route_delivery,-4.281,0.950,0.000,-3.500,joint_grid_transaction,38,38,2,9,3,0.000,1.00,1.664,False,None,0.000,False
96.768,4,en_route_delivery,1.103,3.056,3.000,-1.500,joint_grid_transaction,38,38,2,9,4,0.000,1.00,0.070,False,None,0.000,False
96.768,5,en_route_pickup,0.262,2.041,1.000,1.500,joint_grid_transaction,38,38,1,6,5,0.000,1.00,0.099,False,None,0.000,False
96.768,6,en_route_pickup,-0.215,-2.417,-1.000,-1.500,joint_grid_transaction,38,38,2,9,6,0.000,1.00,1.755,False,None,0.000,False
96.768,7,en_route_delivery,-4.201,-1.813,-1.000,1.500,joint_grid_transaction,38,38,2,9,8,0.000,1.00,1.483,False,None,0.000,False
96.768,8,en_route_pickup,1.447,-1.979,0.000,-3.500,joint_grid_transaction,38,38,2,9,7,0.000,1.00,3.048,False,None,0.000,False
97.024,1,en_route_pickup,-1.667,-1.966,6.000,3.500,joint_grid_transaction,38,38,2,9,9,0.000,1.00,-0.100,False,None,0.000,False
97.024,2,en_route_delivery,-0.724,2.966,0.000,-3.500,joint_grid_transaction,38,38,1,8,2,0.000,1.00,0.093,False,None,0.000,False
97.024,3,en_route_delivery,-4.285,0.914,0.000,-3.500,joint_grid_transaction,38,38,2,9,3,0.000,1.00,1.663,False,None,0.000,False
97.024,4,en_route_delivery,1.135,3.058,3.000,-1.500,joint_grid_transaction,38,38,2,9,4,0.000,1.00,0.070,False,None,0.000,False
97.024,5,en_route_pickup,0.284,2.043,1.000,1.500,joint_grid_transaction,38,38,1,6,5,0.000,1.00,0.099,False,None,0.000,False
97.024,6,en_route_pickup,-0.223,-2.464,-1.000,-1.500,joint_grid_transaction,38,38,2,9,6,0.000,1.00,1.721,False,None,0.000,False
97.024,7,en_route_delivery,-4.198,-1.784,-1.000,1.500,joint_grid_transaction,38,38,2,9,8,0.000,1.00,1.483,False,None,0.000,False
97.024,8,en_route_pickup,1.410,-1.975,0.000,-3.500,joint_grid_transaction,38,38,2,9,7,0.000,1.00,3.049,False,None,0.000,False
97.280,1,en_route_pickup,-1.633,-1.963,6.000,3.500,joint_grid_transaction,38,38,2,9,9,0.000,1.00,-0.099,False,None,0.000,False
97.280,2,en_route_delivery,-0.717,2.966,0.000,-3.500,joint_grid_transaction,38,38,1,8,2,0.000,1.00,0.092,False,joint_slot_deadline,97.332,False
97.280,3,en_route_delivery,-4.288,0.880,0.000,-3.500,joint_grid_transaction,38,38,2,9,3,0.000,1.00,1.663,False,None,0.000,False
97.280,4,en_route_delivery,1.165,3.060,3.000,-1.500,joint_grid_transaction,38,38,2,9,4,0.000,1.00,0.071,False,None,0.000,False
97.280,5,en_route_pickup,0.284,2.043,1.000,1.500,joint_grid_transaction,38,38,1,6,5,0.000,1.00,0.099,False,joint_slot_deadline,97.332,False
97.280,6,en_route_pickup,-0.229,-2.511,-1.000,-1.500,joint_grid_transaction,38,38,2,9,6,0.000,1.00,1.697,False,None,0.000,False
97.280,7,en_route_delivery,-4.196,-1.757,-1.000,1.500,joint_grid_transaction,38,38,2,9,8,0.000,1.00,1.484,False,None,0.000,False
97.280,8,en_route_pickup,1.374,-1.972,0.000,-3.500,joint_grid_transaction,38,38,2,9,7,0.000,1.00,3.049,False,None,0.000,False
97.536,1,en_route_pickup,-1.600,-1.959,6.000,3.500,joint_grid_transaction,38,38,2,9,9,0.000,1.00,-0.098,False,None,0.000,False
97.536,2,en_route_delivery,-0.693,2.963,0.000,-3.500,joint_grid_transaction,38,38,2,8,2,0.000,1.00,0.097,False,None,0.000,False
97.536,3,en_route_delivery,-4.291,0.847,0.000,-3.500,joint_grid_transaction,38,38,2,9,3,0.000,1.00,1.662,False,None,0.000,False
97.536,4,en_route_delivery,1.194,3.062,3.000,-1.500,joint_grid_transaction,38,38,2,9,4,0.000,1.00,0.071,False,None,0.000,False
97.536,5,en_route_pickup,0.307,2.045,1.000,1.500,joint_grid_transaction,38,38,2,6,5,0.000,1.00,0.103,False,None,0.000,False
97.536,6,en_route_pickup,-0.234,-2.531,-1.000,-1.500,joint_grid_transaction,38,38,3,9,6,0.000,1.00,1.845,False,None,0.000,False
97.536,7,en_route_delivery,-4.195,-1.736,-1.000,1.500,joint_grid_transaction,38,38,2,9,8,0.000,1.00,1.505,False,None,0.000,False
97.536,8,en_route_pickup,1.339,-1.969,0.000,-3.500,joint_grid_transaction,38,38,2,9,7,0.000,1.00,3.049,False,None,0.000,False
97.792,1,en_route_pickup,-1.569,-1.956,6.000,3.500,joint_grid_transaction,38,38,2,9,9,0.000,1.00,-0.098,False,None,0.000,False
97.792,2,en_route_delivery,-0.659,2.960,0.000,-3.500,joint_grid_transaction,38,38,2,8,2,0.000,1.00,0.097,False,None,0.000,False
97.792,3,en_route_delivery,-4.294,0.815,0.000,-3.500,joint_grid_transaction,38,38,2,9,3,0.000,1.00,1.662,False,None,0.000,False
97.792,4,en_route_delivery,1.221,3.064,3.000,-1.500,joint_grid_transaction,38,38,2,9,4,0.000,1.00,0.071,False,None,0.000,False
97.792,5,en_route_pickup,0.339,2.049,1.000,1.500,joint_grid_transaction,38,38,2,6,5,0.000,1.00,0.102,False,None,0.000,False
97.792,6,en_route_pickup,-0.239,-2.518,-1.000,-1.500,joint_grid_transaction,38,38,3,9,6,0.000,1.00,2.045,False,None,0.000,False
97.792,7,en_route_delivery,-4.194,-1.714,-1.000,1.500,joint_grid_transaction,38,38,2,9,8,0.000,1.00,1.526,False,None,0.000,False
97.792,8,en_route_pickup,1.306,-1.966,0.000,-3.500,joint_grid_transaction,38,38,2,9,7,0.000,1.00,3.050,False,None,0.000,False
98.048,1,en_route_pickup,-1.539,-1.953,6.000,3.500,joint_grid_transaction,38,38,2,9,9,0.000,1.00,-0.097,False,None,0.000,False
98.048,2,en_route_delivery,-0.626,2.957,0.000,-3.500,joint_grid_transaction,38,38,2,8,2,0.000,1.00,0.096,False,None,0.000,False
98.048,3,en_route_delivery,-4.296,0.785,0.000,-3.500,joint_grid_transaction,38,38,2,9,3,0.000,1.00,1.662,False,None,0.000,False
98.048,4,en_route_delivery,1.242,3.065,3.000,-1.500,joint_grid_transaction,38,38,2,9,4,0.000,1.00,0.049,False,None,0.000,False
98.048,5,en_route_pickup,0.370,2.052,1.000,1.500,joint_grid_transaction,38,38,2,6,5,0.000,1.00,0.102,False,None,0.000,False
98.048,6,en_route_pickup,-0.255,-2.528,-1.000,-1.500,joint_grid_transaction,38,38,3,9,6,0.000,1.00,2.174,False,None,0.000,False
98.048,7,en_route_delivery,-4.193,-1.682,-1.000,1.500,joint_grid_transaction,38,38,3,9,8,0.000,1.00,1.525,False,None,0.000,False
98.048,8,en_route_pickup,1.274,-1.963,0.000,-3.500,joint_grid_transaction,38,38,2,9,7,0.000,1.00,3.050,False,None,0.000,False
98.304,1,en_route_pickup,-1.511,-1.951,6.000,3.500,joint_grid_transaction,38,38,2,9,9,0.000,1.00,-0.097,False,None,0.000,False
98.304,2,en_route_delivery,-0.594,2.954,0.000,-3.500,joint_grid_transaction,38,38,2,8,2,0.000,1.00,0.096,False,None,0.000,False
98.304,3,en_route_delivery,-4.299,0.757,0.000,-3.500,joint_grid_transaction,38,38,2,9,3,0.000,1.00,1.661,False,None,0.000,False
98.304,4,en_route_delivery,1.264,3.065,3.000,-1.500,joint_grid_transaction,38,38,2,9,4,0.000,1.00,0.028,False,None,0.000,False
98.304,5,en_route_pickup,0.400,2.055,1.000,1.500,joint_grid_transaction,38,38,2,6,5,0.000,1.00,0.101,False,None,0.000,False
98.304,6,en_route_pickup,-0.283,-2.566,-1.000,-1.500,joint_grid_transaction,38,38,3,9,6,0.000,1.00,2.274,False,None,0.000,False
98.304,7,en_route_delivery,-4.191,-1.649,-1.000,1.500,joint_grid_transaction,38,38,3,9,8,0.000,1.00,1.516,False,None,0.000,False
98.304,8,en_route_pickup,1.243,-1.960,0.000,-3.500,joint_grid_transaction,38,38,2,9,7,0.000,1.00,3.051,False,None,0.000,False
98.560,1,en_route_pickup,-1.487,-1.949,6.000,3.500,joint_grid_transaction,38,38,2,9,9,0.000,1.00,-0.085,False,None,0.000,False
98.560,2,en_route_delivery,-0.564,2.951,0.000,-3.500,joint_grid_transaction,38,38,2,8,2,0.000,1.00,0.095,False,None,0.000,False
98.560,3,en_route_delivery,-4.301,0.732,0.000,-3.500,joint_grid_transaction,38,38,2,9,3,0.000,1.00,1.649,False,None,0.000,False
98.560,4,en_route_delivery,1.286,3.066,3.000,-1.500,joint_grid_transaction,38,38,2,9,4,0.000,1.00,0.003,False,None,0.000,False
98.560,5,en_route_pickup,0.428,2.058,1.000,1.500,joint_grid_transaction,38,38,2,6,5,0.000,1.00,0.100,False,None,0.000,False
98.560,6,en_route_pickup,-0.315,-2.600,-1.000,-1.500,joint_grid_transaction,38,38,3,9,6,0.000,1.00,2.345,False,None,0.000,False
98.560,7,en_route_delivery,-4.189,-1.617,-1.000,1.500,joint_grid_transaction,38,38,3,9,8,0.000,1.00,1.512,False,None,0.000,False
98.560,8,en_route_pickup,1.215,-1.957,0.000,-3.500,joint_grid_transaction,38,38,2,9,7,0.000,1.00,3.051,False,None,0.000,False
98.816,1,en_route_pickup,-1.467,-1.948,6.000,3.500,joint_grid_transaction,38,38,2,9,9,0.000,1.00,-0.058,False,None,0.000,False
98.816,2,en_route_delivery,-0.536,2.948,0.000,-3.500,joint_grid_transaction,38,38,2,8,2,0.000,1.00,0.095,False,None,0.000,False
98.816,3,en_route_delivery,-4.302,0.711,0.000,-3.500,joint_grid_transaction,38,38,2,9,3,0.000,1.00,1.629,False,None,0.000,False
98.816,4,en_route_delivery,1.321,3.066,3.000,-1.500,joint_grid_transaction,38,38,3,9,4,0.000,1.00,0.004,False,None,0.000,False
98.816,5,en_route_pickup,0.455,2.060,1.000,1.500,joint_grid_transaction,38,38,2,6,5,0.000,1.00,0.100,False,None,0.000,False
98.816,6,en_route_pickup,-0.331,-2.617,-1.000,-1.500,joint_grid_transaction,38,38,4,9,6,0.000,1.00,2.356,False,joint_slot_deadline,99.732,False
98.816,7,en_route_delivery,-4.187,-1.587,-1.000,1.500,joint_grid_transaction,38,38,3,9,8,0.000,1.00,1.511,False,None,0.000,False
98.816,8,en_route_pickup,1.182,-1.954,0.000,-3.500,joint_grid_transaction,38,38,3,9,7,0.000,1.00,3.049,False,None,0.000,False
99.072,1,en_route_pickup,-1.434,-1.946,6.000,3.500,joint_grid_transaction,38,38,3,9,9,0.000,1.00,-0.064,False,None,0.000,False
99.072,2,en_route_delivery,-0.509,2.945,0.000,-3.500,joint_grid_transaction,38,38,2,8,2,0.000,1.00,0.094,False,None,0.000,False
99.072,3,en_route_delivery,-4.304,0.677,0.000,-3.500,joint_grid_transaction,38,38,3,9,3,0.000,1.00,1.634,False,None,0.000,False
99.072,4,en_route_delivery,1.358,3.065,3.000,-1.500,joint_grid_transaction,38,38,3,9,4,0.000,1.00,0.005,False,None,0.000,False
99.072,5,en_route_pickup,0.476,2.062,1.000,1.500,joint_grid_transaction,38,38,2,6,5,0.000,1.00,0.080,False,None,0.000,False
99.072,6,en_route_pickup,-0.331,-2.617,-1.000,-1.500,joint_grid_transaction,38,38,4,9,6,0.000,1.00,2.356,False,joint_slot_deadline,99.732,False
99.072,7,en_route_delivery,-4.185,-1.558,-1.000,1.500,joint_grid_transaction,38,38,3,9,8,0.000,1.00,1.511,False,None,0.000,False
99.072,8,en_route_pickup,1.149,-1.951,0.000,-3.500,joint_grid_transaction,38,38,3,9,7,0.000,1.00,3.049,False,None,0.000,False
99.328,1,en_route_pickup,-1.401,-1.944,6.000,3.500,joint_grid_transaction,38,38,3,9,9,0.000,1.00,-0.064,False,None,0.000,False
99.328,2,en_route_delivery,-0.489,2.944,0.000,-3.500,joint_grid_transaction,38,38,2,8,2,0.000,1.00,0.067,False,None,0.000,False
99.328,3,en_route_delivery,-4.306,0.643,0.000,-3.500,joint_grid_transaction,38,38,3,9,3,0.000,1.00,1.634,False,None,0.000,False
99.328,4,en_route_delivery,1.394,3.065,3.000,-1.500,joint_grid_transaction,38,38,3,9,4,0.000,1.00,0.007,False,None,0.000,False
99.328,5,en_route_pickup,0.496,2.063,1.000,1.500,joint_grid_transaction,38,38,2,6,5,0.000,1.00,0.053,False,None,0.000,False
99.328,6,en_route_pickup,-0.331,-2.617,-1.000,-1.500,joint_grid_transaction,38,38,4,9,6,0.000,1.00,2.356,False,joint_slot_deadline,99.732,False
99.328,7,en_route_delivery,-4.184,-1.530,-1.000,1.500,joint_grid_transaction,38,38,3,9,8,0.000,1.00,1.510,False,None,0.000,False
99.328,8,en_route_pickup,1.118,-1.948,0.000,-3.500,joint_grid_transaction,38,38,3,9,7,0.000,1.00,3.050,False,None,0.000,False
99.584,1,en_route_pickup,-1.369,-1.941,6.000,3.500,joint_grid_transaction,38,38,3,9,9,0.000,1.00,-0.065,False,None,0.000,False
99.584,2,en_route_delivery,-0.467,2.944,0.000,-3.500,joint_grid_transaction,38,38,2,8,2,0.000,1.00,0.046,False,None,0.000,False
99.584,3,en_route_delivery,-4.308,0.611,0.000,-3.500,joint_grid_transaction,38,38,3,9,3,0.000,1.00,1.635,False,None,0.000,False
99.584,4,en_route_delivery,1.429,3.065,3.000,-1.500,joint_grid_transaction,38,38,3,9,4,0.000,1.00,0.009,False,None,0.000,False
99.584,5,en_route_pickup,0.518,2.063,1.000,1.500,joint_grid_transaction,38,38,2,6,5,0.000,1.00,0.031,False,None,0.000,False
99.584,6,en_route_pickup,-0.331,-2.617,-1.000,-1.500,joint_grid_transaction,38,38,4,9,6,0.000,1.00,2.356,False,joint_slot_deadline,99.732,False
99.584,7,en_route_delivery,-4.183,-1.508,-1.000,1.500,joint_grid_transaction,38,38,3,9,8,0.000,1.00,1.526,False,None,0.000,False
99.584,8,en_route_pickup,1.088,-1.945,0.000,-3.500,joint_grid_transaction,38,38,3,9,7,0.000,1.00,3.050,False,None,0.000,False
99.840,1,en_route_pickup,-1.338,-1.940,6.000,3.500,joint_grid_transaction,39,39,2,9,9,0.000,1.00,-0.060,False,None,0.000,False
99.840,2,en_route_delivery,-0.436,2.942,0.000,-3.500,joint_grid_transaction,39,39,2,9,2,0.000,1.00,0.047,False,None,0.000,False
99.840,3,en_route_delivery,-4.309,0.608,0.000,-3.500,joint_grid_transaction,39,39,2,9,3,0.000,1.00,1.628,False,joint_slot_deadline,100.788,False
99.840,4,en_route_delivery,1.463,3.064,3.000,-1.500,joint_grid_transaction,39,39,1,8,4,0.000,1.00,0.013,False,None,0.000,False
99.840,5,en_route_pickup,0.540,2.064,1.000,1.500,joint_grid_transaction,39,39,1,5,5,0.000,1.00,0.008,False,None,0.000,False
99.840,6,en_route_pickup,-0.331,-2.618,-1.000,-1.500,joint_grid_transaction,39,39,1,8,6,0.000,1.00,2.356,False,joint_slot_deadline,100.788,False
99.840,7,en_route_delivery,-4.182,-1.486,-1.000,1.500,joint_grid_transaction,39,39,1,9,8,0.000,1.00,1.548,False,None,0.000,False
99.840,8,en_route_pickup,1.059,-1.943,0.000,-3.500,joint_grid_transaction,39,39,1,8,7,0.000,1.00,3.050,False,None,0.000,False
100.096,1,en_route_pickup,-1.310,-1.938,6.000,3.500,joint_grid_transaction,39,39,2,9,9,0.000,0.85,-0.056,False,None,0.000,False
100.096,2,en_route_delivery,-0.404,2.941,0.000,-3.500,joint_grid_transaction,39,39,2,9,2,0.000,1.00,0.056,False,None,0.000,False
100.096,3,en_route_delivery,-4.309,0.608,0.000,-3.500,joint_grid_transaction,39,39,2,9,3,0.000,1.00,1.628,False,joint_slot_deadline,100.788,False
100.096,4,en_route_delivery,1.496,3.063,3.000,-1.500,joint_grid_transaction,39,39,1,8,4,0.000,1.00,0.019,False,None,0.000,False
100.096,5,en_route_pickup,0.577,2.064,1.000,1.500,joint_grid_transaction,39,39,2,5,5,0.000,1.00,0.010,False,None,0.000,False
100.096,6,en_route_pickup,-0.331,-2.618,-1.000,-1.500,joint_grid_transaction,39,39,1,8,6,0.000,1.00,2.356,False,joint_slot_deadline,100.788,False
100.096,7,en_route_delivery,-4.182,-1.464,-1.000,1.500,joint_grid_transaction,39,39,1,9,8,0.000,1.00,1.579,False,None,0.000,False
100.096,8,en_route_pickup,1.032,-1.940,0.000,-3.500,joint_grid_transaction,39,39,1,8,7,0.000,1.00,3.051,False,None,0.000,False
100.352,1,en_route_pickup,-1.289,-1.937,6.000,3.500,joint_grid_transaction,39,39,2,9,9,0.000,0.85,-0.056,False,None,0.000,False
100.352,2,en_route_delivery,-0.372,2.939,0.000,-3.500,joint_grid_transaction,39,39,2,9,2,0.000,1.00,0.059,False,None,0.000,False
100.352,3,en_route_delivery,-4.309,0.608,0.000,-3.500,joint_grid_transaction,39,39,2,9,3,0.000,1.00,1.628,False,joint_slot_deadline,100.788,False
100.352,4,en_route_delivery,1.528,3.061,3.000,-1.500,joint_grid_transaction,39,39,1,8,4,0.000,1.00,0.027,False,None,0.000,False
100.352,5,en_route_pickup,0.612,2.064,1.000,1.500,joint_grid_transaction,39,39,2,5,5,0.000,1.00,0.012,False,None,0.000,False
100.352,6,en_route_pickup,-0.331,-2.618,-1.000,-1.500,joint_grid_transaction,39,39,1,8,6,0.000,1.00,2.356,False,joint_slot_deadline,100.788,False
100.352,7,en_route_delivery,-4.183,-1.429,-1.000,1.500,joint_grid_transaction,39,39,2,9,8,0.000,1.00,1.590,False,None,0.000,False
100.352,8,en_route_pickup,1.011,-1.939,0.000,-3.500,joint_grid_transaction,39,39,1,8,7,0.000,1.00,3.071,False,None,0.000,False
100.608,1,en_route_pickup,-1.268,-1.936,6.000,3.500,joint_grid_transaction,39,39,2,9,9,0.000,1.00,-0.059,False,None,0.000,False
100.608,2,en_route_delivery,-0.341,2.937,0.000,-3.500,joint_grid_transaction,39,39,2,9,2,0.000,1.00,0.060,False,None,0.000,False
100.608,3,en_route_delivery,-4.309,0.608,0.000,-3.500,joint_grid_transaction,39,39,2,9,3,0.000,1.00,1.628,False,joint_slot_deadline,100.788,False
100.608,4,en_route_delivery,1.540,3.061,3.000,-1.500,joint_grid_transaction,39,39,1,8,4,0.000,1.00,0.031,False,joint_slot_deadline,100.788,False
100.608,5,en_route_pickup,0.646,2.065,1.000,1.500,joint_grid_transaction,39,39,2,5,5,0.000,1.00,0.014,False,None,0.000,False
100.608,6,en_route_pickup,-0.331,-2.618,-1.000,-1.500,joint_grid_transaction,39,39,1,8,6,0.000,1.00,2.356,False,joint_slot_deadline,100.788,False
100.608,7,en_route_delivery,-4.185,-1.390,-1.000,1.500,joint_grid_transaction,39,39,2,9,8,0.000,1.00,1.598,False,None,0.000,False
100.608,8,en_route_pickup,0.990,-1.938,0.000,-3.500,joint_grid_transaction,39,39,1,8,7,0.000,1.00,3.092,False,None,0.000,False
100.864,1,en_route_pickup,-1.246,-1.935,6.000,3.500,joint_grid_transaction,39,39,2,9,9,0.000,1.00,-0.037,False,None,0.000,False
100.864,2,en_route_delivery,-0.312,2.935,0.000,-3.500,joint_grid_transaction,39,39,2,9,2,0.000,1.00,0.060,False,None,0.000,False
100.864,3,en_route_delivery,-4.309,0.609,0.000,-3.500,joint_grid_transaction,39,39,3,9,3,0.000,1.00,1.692,False,None,0.000,False
100.864,4,en_route_delivery,1.547,3.060,3.000,-1.500,joint_grid_transaction,39,39,2,8,4,0.000,1.00,0.034,False,None,0.000,False
100.864,5,en_route_pickup,0.678,2.065,1.000,1.500,joint_grid_transaction,39,39,2,5,5,0.000,1.00,0.017,False,None,0.000,False
100.864,6,en_route_pickup,-0.330,-2.619,-1.000,-1.500,joint_grid_transaction,39,39,2,8,6,0.000,1.00,2.340,False,None,0.000,False
100.864,7,en_route_delivery,-4.186,-1.351,-1.000,1.500,joint_grid_transaction,39,39,2,9,8,0.000,1.00,1.608,False,None,0.000,False
100.864,8,en_route_pickup,0.969,-1.938,0.000,-3.500,joint_grid_transaction,39,39,1,8,7,0.000,1.00,3.121,False,None,0.000,False
101.120,1,en_route_pickup,-1.226,-1.935,6.000,3.500,joint_grid_transaction,39,39,2,9,9,0.000,0.85,-0.014,False,None,0.000,False
101.120,2,en_route_delivery,-0.285,2.933,0.000,-3.500,joint_grid_transaction,39,39,2,9,2,0.000,1.00,0.061,False,None,0.000,False
101.120,3,en_route_delivery,-4.315,0.627,0.000,-3.500,joint_grid_transaction,39,39,3,9,3,0.000,1.00,2.046,False,None,0.000,False
101.120,4,en_route_delivery,1.590,3.058,3.000,-1.500,joint_grid_transaction,39,39,2,8,4,0.000,1.00,0.045,False,None,0.000,False
101.120,5,en_route_pickup,0.709,2.066,1.000,1.500,joint_grid_transaction,39,39,2,5,5,0.000,1.00,0.020,False,None,0.000,False
101.120,6,en_route_pickup,-0.330,-2.619,-1.000,-1.500,joint_grid_transaction,39,39,2,8,6,0.000,1.00,2.340,False,joint_slot_deadline,101.988,False
101.120,7,en_route_delivery,-4.189,-1.312,-1.000,1.500,joint_grid_transaction,39,39,2,9,8,0.000,1.00,1.622,False,None,0.000,False
101.120,8,en_route_pickup,0.939,-1.938,0.000,-3.500,joint_grid_transaction,39,39,2,8,7,0.000,1.00,3.131,False,None,0.000,False
101.376,1,en_route_pickup,-1.210,-1.935,6.000,3.500,joint_grid_transaction,39,39,2,9,9,0.000,0.85,-0.005,False,None,0.000,False
101.376,2,en_route_delivery,-0.262,2.932,0.000,-3.500,joint_grid_transaction,39,39,2,9,2,0.000,1.00,0.045,False,None,0.000,False
101.376,3,en_route_delivery,-4.330,0.649,0.000,-3.500,joint_grid_transaction,39,39,3,9,3,0.000,1.00,2.272,False,None,0.000,False
101.376,4,en_route_delivery,1.633,3.055,3.000,-1.500,joint_grid_transaction,39,39,2,8,4,0.000,1.00,0.061,False,None,0.000,False
101.376,5,en_route_pickup,0.738,2.066,1.000,1.500,joint_grid_transaction,39,39,2,5,5,0.000,1.00,0.024,False,None,0.000,False
101.376,6,en_route_pickup,-0.330,-2.619,-1.000,-1.500,joint_grid_transaction,39,39,2,8,6,0.000,1.00,2.340,False,joint_slot_deadline,101.988,False
101.376,7,en_route_delivery,-4.192,-1.271,-1.000,1.500,joint_grid_transaction,39,39,2,9,8,0.000,1.00,1.641,False,None,0.000,False
101.376,8,en_route_pickup,0.903,-1.937,0.000,-3.500,joint_grid_transaction,39,39,2,8,7,0.000,1.00,3.129,False,None,0.000,False
101.632,1,en_route_pickup,-1.180,-1.935,6.000,3.500,joint_grid_transaction,39,39,3,9,9,0.000,1.00,-0.006,False,None,0.000,False
101.632,2,en_route_delivery,-0.240,2.932,0.000,-3.500,joint_grid_transaction,39,39,2,9,2,0.000,1.00,0.023,False,None,0.000,False
101.632,3,en_route_delivery,-4.345,0.664,0.000,-3.500,joint_grid_transaction,39,39,3,9,3,0.000,1.00,2.400,False,None,0.000,False
101.632,4,en_route_delivery,1.678,3.052,3.000,-1.500,joint_grid_transaction,39,39,2,8,4,0.000,1.00,0.082,False,None,0.000,False
101.632,5,en_route_pickup,0.763,2.067,1.000,1.500,joint_grid_transaction,39,39,2,5,5,0.000,1.00,0.021,False,None,0.000,False
101.632,6,en_route_pickup,-0.330,-2.619,-1.000,-1.500,joint_grid_transaction,39,39,2,8,6,0.000,1.00,2.340,False,joint_slot_deadline,101.988,False
101.632,7,en_route_delivery,-4.197,-1.230,-1.000,1.500,joint_grid_transaction,39,39,2,9,8,0.000,1.00,1.666,False,None,0.000,False
101.632,8,en_route_pickup,0.868,-1.937,0.000,-3.500,joint_grid_transaction,39,39,2,8,7,0.000,1.00,3.127,False,None,0.000,False
101.888,1,en_route_pickup,-1.142,-1.935,6.000,3.500,joint_grid_transaction,39,39,3,9,9,0.000,1.00,-0.008,False,None,0.000,False
101.888,2,en_route_delivery,-0.218,2.932,0.000,-3.500,joint_grid_transaction,39,39,2,9,2,0.000,1.00,0.008,False,None,0.000,False
101.888,3,en_route_delivery,-4.369,0.655,0.000,-3.500,joint_grid_transaction,39,39,3,9,3,0.000,1.00,2.510,False,None,0.000,False
101.888,4,en_route_delivery,1.724,3.047,3.000,-1.500,joint_grid_transaction,39,39,2,8,4,0.000,1.00,0.108,False,None,0.000,False
101.888,5,en_route_pickup,0.786,2.067,1.000,1.500,joint_grid_transaction,39,39,2,5,5,0.000,1.00,0.004,False,None,0.000,False
101.888,6,en_route_pickup,-0.330,-2.619,-1.000,-1.500,joint_grid_transaction,39,39,2,8,6,0.000,1.00,2.340,False,joint_slot_deadline,101.988,False
101.888,7,en_route_delivery,-4.202,-1.185,-1.000,1.500,joint_grid_transaction,39,39,3,9,8,0.000,1.00,1.683,False,None,0.000,False
101.888,8,en_route_pickup,0.835,-1.936,0.000,-3.500,joint_grid_transaction,39,39,2,8,7,0.000,1.00,3.124,False,None,0.000,False
102.144,1,en_route_pickup,-1.106,-1.936,6.000,3.500,joint_grid_transaction,39,39,3,9,9,0.000,1.00,-0.011,False,None,0.000,False
102.144,2,en_route_delivery,-0.185,2.933,0.000,-3.500,joint_grid_transaction,39,39,3,9,2,0.000,1.00,0.019,False,None,0.000,False
102.144,3,en_route_delivery,-4.408,0.630,0.000,-3.500,joint_grid_transaction,39,39,3,9,3,0.000,1.00,2.614,False,None,0.000,False
102.144,4,en_route_delivery,1.772,3.041,3.000,-1.500,joint_grid_transaction,39,39,2,8,4,0.000,1.00,0.135,False,None,0.000,False
102.144,5,en_route_pickup,0.786,2.066,1.000,1.500,joint_grid_transaction,39,39,3,5,5,0.000,1.00,0.270,False,None,0.000,False
102.144,6,en_route_pickup,-0.331,-2.620,-1.000,-1.500,joint_grid_transaction,39,39,3,8,6,0.000,0.85,2.341,False,joint_slot_deadline,103.188,False
102.144,7,en_route_delivery,-4.207,-1.137,-1.000,1.500,joint_grid_transaction,39,39,3,9,8,0.000,1.00,1.682,False,None,0.000,False
102.144,8,en_route_pickup,0.803,-1.936,0.000,-3.500,joint_grid_transaction,39,39,2,8,7,0.000,1.00,3.120,False,None,0.000,False
102.400,1,en_route_pickup,-1.070,-1.937,6.000,3.500,joint_grid_transaction,39,39,3,9,9,0.000,1.00,-0.016,False,None,0.000,False
102.400,2,en_route_delivery,-0.146,2.934,0.000,-3.500,joint_grid_transaction,39,39,3,9,2,0.000,1.00,0.026,False,None,0.000,False
102.400,3,en_route_delivery,-4.450,0.608,0.000,-3.500,joint_grid_transaction,39,39,3,9,3,0.000,1.00,2.685,False,None,0.000,False
102.400,4,en_route_delivery,1.818,3.035,3.000,-1.500,joint_grid_transaction,39,39,3,8,4,0.000,1.00,0.127,False,None,0.000,False
102.400,5,en_route_pickup,0.771,2.059,1.000,1.500,joint_grid_transaction,39,39,3,5,5,0.000,1.00,0.501,False,None,0.000,False
102.400,6,en_route_pickup,-0.331,-2.620,-1.000,-1.500,joint_grid_transaction,39,39,3,8,6,0.000,0.85,2.341,False,joint_slot_deadline,103.188,False
102.400,7,en_route_delivery,-4.212,-1.090,-1.000,1.500,joint_grid_transaction,39,39,3,9,8,0.000,1.00,1.682,False,None,0.000,False
102.400,8,en_route_pickup,0.774,-1.935,0.000,-3.500,joint_grid_transaction,39,39,2,8,7,0.000,1.00,3.116,False,None,0.000,False
102.656,1,en_route_pickup,-1.035,-1.938,6.000,3.500,joint_grid_transaction,40,39,3,13,9,0.000,1.00,-0.022,False,None,0.000,False
102.656,2,en_route_delivery,-0.108,2.936,0.000,-3.500,joint_grid_transaction,40,39,3,13,2,0.000,1.00,0.042,False,None,0.000,False
102.656,3,en_route_delivery,-4.483,0.588,0.000,-3.500,joint_grid_transaction,40,39,3,13,3,0.000,1.00,2.664,False,None,0.000,False
102.656,4,en_route_delivery,1.865,3.029,3.000,-1.500,joint_grid_transaction,40,39,3,13,4,0.000,1.00,0.115,False,None,0.000,False
102.656,5,en_route_pickup,0.765,2.056,1.000,1.500,joint_grid_transaction,40,39,3,4,5,0.000,1.00,0.570,False,None,0.000,False
102.656,6,en_route_pickup,-0.332,-2.621,-1.000,-1.500,joint_grid_transaction,40,39,3,11,6,0.000,0.85,2.341,False,joint_slot_deadline,103.188,False
102.656,7,en_route_delivery,-4.218,-1.042,-1.000,1.500,joint_grid_transaction,40,39,3,12,8,0.000,1.00,1.681,False,None,0.000,False
102.656,8,en_route_pickup,0.747,-1.934,0.000,-3.500,joint_grid_transaction,40,39,2,10,7,0.000,1.00,3.112,False,None,0.000,False
102.912,1,en_route_pickup,-1.000,-1.939,6.000,3.500,joint_grid_transaction,40,40,1,13,9,0.000,1.00,-0.032,False,None,0.000,False
102.912,2,en_route_delivery,-0.068,2.938,0.000,-3.500,joint_grid_transaction,40,40,2,13,2,0.000,1.00,0.057,False,None,0.000,False
102.912,3,en_route_delivery,-4.457,0.570,0.000,-3.500,joint_grid_transaction,40,40,2,13,3,0.000,1.00,2.401,False,None,0.000,False
102.912,4,en_route_delivery,1.910,3.024,3.000,-1.500,joint_grid_transaction,40,40,2,13,4,0.000,1.00,0.112,False,None,0.000,False
102.912,5,en_route_delivery,0.789,2.045,6.000,-3.500,joint_grid_transaction,40,40,2,2,5,0.000,1.00,0.507,False,None,0.000,False
102.912,6,en_route_pickup,-0.332,-2.621,-1.000,-1.500,joint_grid_transaction,40,40,1,11,6,0.000,0.85,2.341,False,joint_slot_deadline,103.780,False
102.912,7,en_route_delivery,-4.223,-0.995,-1.000,1.500,joint_grid_transaction,40,40,1,12,8,0.000,1.00,1.681,False,None,0.000,False
102.912,8,en_route_pickup,0.724,-1.934,0.000,-3.500,joint_grid_transaction,40,40,1,10,7,0.000,1.00,3.129,False,None,0.000,False
103.168,1,en_route_pickup,-0.974,-1.941,6.000,3.500,joint_grid_transaction,40,40,1,13,9,0.000,0.70,-0.048,False,None,0.000,False
103.168,2,en_route_delivery,-0.026,2.942,0.000,-3.500,joint_grid_transaction,40,40,2,13,2,0.000,1.00,0.078,False,None,0.000,False
103.168,3,en_route_delivery,-4.438,0.550,0.000,-3.500,joint_grid_transaction,40,40,2,13,3,0.000,1.00,2.232,False,None,0.000,False
103.168,4,en_route_delivery,1.955,3.019,3.000,-1.500,joint_grid_transaction,40,40,2,13,4,0.000,1.00,0.108,False,None,0.000,False
103.168,5,en_route_delivery,0.780,2.035,6.000,-3.500,joint_grid_transaction,40,40,2,2,5,0.000,1.00,0.642,False,None,0.000,False
103.168,6,en_route_pickup,-0.332,-2.621,-1.000,-1.500,joint_grid_transaction,40,40,1,11,6,0.000,0.55,2.341,False,joint_slot_deadline,103.780,False
103.168,7,en_route_delivery,-4.226,-0.967,-1.000,1.500,joint_grid_transaction,40,40,1,12,8,0.000,0.85,1.681,False,None,0.000,False
103.168,8,en_route_pickup,0.701,-1.934,0.000,-3.500,joint_grid_transaction,40,40,1,10,7,0.000,0.85,-3.135,False,None,0.000,False
103.424,1,en_route_pickup,-0.960,-1.942,6.000,3.500,joint_grid_transaction,41,41,1,13,9,0.000,0.70,-0.067,False,None,0.000,False
103.424,2,en_route_delivery,0.016,2.947,0.000,-3.500,joint_grid_transaction,41,41,1,13,2,0.000,1.00,0.105,False,None,0.000,False
103.424,3,en_route_delivery,-4.429,0.537,0.000,-3.500,joint_grid_transaction,41,41,1,13,3,0.000,1.00,2.112,False,None,0.000,False
103.424,4,en_route_delivery,2.000,3.015,3.000,-1.500,joint_grid_transaction,41,41,1,13,4,0.000,1.00,0.107,False,None,0.000,False
103.424,5,en_route_delivery,0.812,2.015,6.000,-3.500,joint_grid_transaction,41,41,1,13,5,0.000,1.00,0.675,False,None,0.000,False
103.424,6,en_route_pickup,-0.332,-2.621,-1.000,-1.500,joint_grid_transaction,41,41,1,11,6,0.000,0.55,2.342,False,None,0.000,False
103.424,7,en_route_delivery,-4.227,-0.961,-1.000,1.500,joint_grid_transaction,41,41,1,13,8,0.000,0.85,1.685,False,None,0.000,False
103.424,8,en_route_pickup,0.675,-1.934,0.000,-3.500,joint_grid_transaction,41,41,1,10,7,0.000,0.85,-3.128,False,None,0.000,False
103.680,1,en_route_pickup,-0.960,-1.942,6.000,3.500,joint_grid_transaction,41,41,2,13,9,0.000,0.55,-0.067,False,joint_slot_deadline,104.548,False
103.680,2,en_route_delivery,0.062,2.952,0.000,-3.500,joint_grid_transaction,41,41,1,13,2,0.000,1.00,0.122,False,None,0.000,False
103.680,3,en_route_delivery,-4.450,0.497,0.000,-3.500,joint_grid_transaction,41,41,1,13,3,0.000,1.00,1.990,False,None,0.000,False
103.680,4,en_route_delivery,2.043,3.010,3.000,-1.500,joint_grid_transaction,41,41,1,13,4,0.000,1.00,0.105,False,None,0.000,False
103.680,5,en_route_delivery,0.830,2.029,6.000,-3.500,joint_grid_transaction,41,41,2,13,5,0.000,1.00,0.494,False,None,0.000,False
103.680,6,en_route_pickup,-0.332,-2.621,-1.000,-1.500,joint_grid_transaction,41,41,1,11,6,0.000,0.55,2.342,False,joint_slot_deadline,104.548,False
103.680,7,en_route_delivery,-4.230,-0.934,-1.000,1.500,joint_grid_transaction,41,41,2,13,8,0.000,0.70,1.677,False,None,0.000,False
103.680,8,en_route_pickup,0.647,-1.935,0.000,-3.500,joint_grid_transaction,41,41,2,10,7,0.000,0.85,-3.125,False,None,0.000,False
103.936,1,en_route_pickup,-0.960,-1.942,6.000,3.500,joint_grid_transaction,41,41,2,13,9,0.000,0.55,-0.067,False,joint_slot_deadline,104.548,False
103.936,2,en_route_delivery,0.109,2.958,0.000,-3.500,joint_grid_transaction,41,41,2,13,2,0.000,1.00,0.116,False,None,0.000,False
103.936,3,en_route_delivery,-4.465,0.462,0.000,-3.500,joint_grid_transaction,41,41,1,13,3,0.000,1.00,1.960,False,None,0.000,False
103.936,4,en_route_delivery,2.085,3.006,3.000,-1.500,joint_grid_transaction,41,41,2,13,4,0.000,1.00,0.103,False,None,0.000,False
103.936,5,en_route_delivery,0.843,2.031,6.000,-3.500,joint_grid_transaction,41,41,2,13,5,0.000,1.00,0.372,False,None,0.000,False
103.936,6,en_route_pickup,-0.332,-2.621,-1.000,-1.500,joint_grid_transaction,41,41,1,11,6,0.000,0.55,2.342,False,joint_slot_deadline,104.548,False
103.936,7,en_route_delivery,-4.232,-0.912,-1.000,1.500,joint_grid_transaction,41,41,2,13,8,0.000,0.70,1.673,False,None,0.000,False
103.936,8,en_route_pickup,0.620,-1.936,0.000,-3.500,joint_grid_transaction,41,41,2,10,7,0.000,0.85,-3.120,False,None,0.000,False
104.192,1,en_route_pickup,-0.960,-1.942,6.000,3.500,joint_grid_transaction,41,41,2,13,9,0.000,0.70,-0.067,False,joint_slot_deadline,104.548,False
104.192,2,en_route_delivery,0.157,2.964,0.000,-3.500,joint_grid_transaction,41,41,2,13,2,0.000,1.00,0.112,False,None,0.000,False
104.192,3,en_route_delivery,-4.472,0.475,0.000,-3.500,joint_grid_transaction,41,41,2,13,3,0.000,1.00,2.126,False,None,0.000,False
104.192,4,en_route_delivery,2.126,3.001,3.000,-1.500,joint_grid_transaction,41,41,2,13,4,0.000,1.00,0.103,False,None,0.000,False
104.192,5,en_route_delivery,0.887,2.017,6.000,-3.500,joint_grid_transaction,41,41,2,13,5,0.000,1.00,0.251,False,None,0.000,False
104.192,6,en_route_pickup,-0.332,-2.621,-1.000,-1.500,joint_grid_transaction,41,41,1,11,6,0.000,0.55,2.342,False,joint_slot_deadline,104.548,False
104.192,7,en_route_delivery,-4.234,-0.891,-1.000,1.500,joint_grid_transaction,41,41,2,13,8,0.000,0.70,1.672,False,None,0.000,False
104.192,8,en_route_pickup,0.593,-1.937,0.000,-3.500,joint_grid_transaction,41,41,2,10,7,0.000,0.85,-3.114,False,None,0.000,False
104.448,1,en_route_pickup,-0.960,-1.942,6.000,3.500,joint_grid_transaction,41,41,2,13,9,0.000,0.70,-0.067,False,joint_slot_deadline,104.548,False
104.448,2,en_route_delivery,0.204,2.969,0.000,-3.500,joint_grid_transaction,41,41,2,13,2,0.000,1.00,0.110,False,None,0.000,False
104.448,3,en_route_delivery,-4.494,0.454,0.000,-3.500,joint_grid_transaction,41,41,2,13,3,0.000,1.00,2.252,False,None,0.000,False
104.448,4,en_route_delivery,2.166,2.997,3.000,-1.500,joint_grid_transaction,41,41,2,13,4,0.000,1.00,0.102,False,None,0.000,False
104.448,5,en_route_delivery,0.933,2.008,6.000,-3.500,joint_grid_transaction,41,41,2,13,5,0.000,1.00,0.164,False,None,0.000,False
104.448,6,en_route_pickup,-0.332,-2.621,-1.000,-1.500,joint_grid_transaction,41,41,1,11,6,0.000,0.55,2.342,False,joint_slot_deadline,104.548,False
104.448,7,en_route_delivery,-4.237,-0.870,-1.000,1.500,joint_grid_transaction,41,41,2,13,8,0.000,0.70,1.671,False,None,0.000,False
104.448,8,en_route_pickup,0.565,-1.938,0.000,-3.500,joint_grid_transaction,41,41,2,10,7,0.000,0.85,-3.107,False,None,0.000,False
104.704,1,en_route_pickup,-0.959,-1.942,6.000,3.500,joint_grid_transaction,41,41,3,13,9,0.000,0.70,-0.068,False,joint_slot_deadline,105.748,False
104.704,2,en_route_delivery,0.251,2.974,0.000,-3.500,joint_grid_transaction,41,41,2,13,2,0.000,1.00,0.109,False,None,0.000,False
104.704,3,en_route_delivery,-4.526,0.419,0.000,-3.500,joint_grid_transaction,41,41,2,13,3,0.000,1.00,2.346,False,None,0.000,False
104.704,4,en_route_delivery,2.205,2.993,3.000,-1.500,joint_grid_transaction,41,41,2,13,4,0.000,1.00,0.101,False,None,0.000,False
104.704,5,en_route_delivery,0.980,2.002,6.000,-3.500,joint_grid_transaction,41,41,2,13,5,0.000,1.00,0.104,False,None,0.000,False
104.704,6,en_route_pickup,-0.334,-2.620,-1.000,-1.500,joint_grid_transaction,41,41,2,11,6,0.000,0.40,2.355,False,None,0.000,False
104.704,7,en_route_delivery,-4.239,-0.849,-1.000,1.500,joint_grid_transaction,41,41,2,13,8,0.000,0.70,1.671,False,None,0.000,False
104.704,8,en_route_pickup,0.538,-1.939,0.000,-3.500,joint_grid_transaction,41,41,2,10,7,0.000,0.85,-3.097,False,None,0.000,False
104.960,1,en_route_pickup,-0.959,-1.942,6.000,3.500,joint_grid_transaction,41,41,3,13,9,0.000,0.70,-0.068,False,joint_slot_deadline,105.748,False
104.960,2,en_route_delivery,0.298,2.979,0.000,-3.500,joint_grid_transaction,41,41,2,13,2,0.000,1.00,0.104,False,None,0.000,False
104.960,3,en_route_delivery,-4.560,0.386,0.000,-3.500,joint_grid_transaction,41,41,2,13,3,0.000,1.00,2.411,False,None,0.000,False
104.960,4,en_route_delivery,2.243,2.989,3.000,-1.500,joint_grid_transaction,41,41,2,13,4,0.000,1.00,0.101,False,None,0.000,False
104.960,5,en_route_delivery,1.025,1.998,6.000,-3.500,joint_grid_transaction,41,41,2,13,5,0.000,1.00,0.077,False,None,0.000,False
104.960,6,en_route_pickup,-0.336,-2.617,-1.000,-1.500,joint_grid_transaction,41,41,2,11,6,0.000,0.40,2.376,False,None,0.000,False
104.960,7,en_route_delivery,-4.241,-0.828,-1.000,1.500,joint_grid_transaction,41,41,2,13,8,0.000,0.70,1.670,False,None,0.000,False
104.960,8,en_route_pickup,0.510,-1.942,0.000,-3.500,joint_grid_transaction,41,41,2,10,7,0.000,0.85,-3.086,False,None,0.000,False
105.216,1,en_route_pickup,-0.959,-1.942,6.000,3.500,joint_grid_transaction,41,41,3,13,9,0.000,0.85,-0.068,False,joint_slot_deadline,105.748,False
105.216,2,en_route_delivery,0.342,2.984,0.000,-3.500,joint_grid_transaction,41,41,3,13,2,0.000,1.00,0.100,False,None,0.000,False
105.216,3,en_route_delivery,-4.579,0.381,0.000,-3.500,joint_grid_transaction,41,41,3,13,3,0.000,1.00,2.519,False,None,0.000,False
105.216,4,en_route_delivery,2.280,2.986,3.000,-1.500,joint_grid_transaction,41,41,2,13,4,0.000,1.00,0.100,False,None,0.000,False
105.216,5,en_route_delivery,1.067,1.994,6.000,-3.500,joint_grid_transaction,41,41,3,13,5,0.000,1.00,0.077,False,None,0.000,False
105.216,6,en_route_pickup,-0.339,-2.615,-1.000,-1.500,joint_grid_transaction,41,41,2,11,6,0.000,0.40,2.396,False,None,0.000,False
105.216,7,en_route_delivery,-4.244,-0.801,-1.000,1.500,joint_grid_transaction,41,41,2,13,8,0.000,0.85,1.672,False,None,0.000,False
105.216,8,en_route_pickup,0.482,-1.944,0.000,-3.500,joint_grid_transaction,41,41,2,10,7,0.000,0.85,-3.071,False,None,0.000,False
105.472,1,en_route_pickup,-0.959,-1.942,6.000,3.500,joint_grid_transaction,41,41,3,13,9,0.000,0.85,-0.068,False,joint_slot_deadline,105.748,False
105.472,2,en_route_delivery,0.385,2.988,0.000,-3.500,joint_grid_transaction,41,41,3,13,2,0.000,1.00,0.099,False,None,0.000,False
105.472,3,en_route_delivery,-4.611,0.364,0.000,-3.500,joint_grid_transaction,41,41,3,13,3,0.000,1.00,2.632,False,None,0.000,False
105.472,4,en_route_delivery,2.317,2.982,3.000,-1.500,joint_grid_transaction,41,41,3,13,4,0.000,1.00,0.100,False,None,0.000,False
105.472,5,en_route_delivery,1.107,1.991,6.000,-3.500,joint_grid_transaction,41,41,3,13,5,0.000,1.00,0.077,False,None,0.000,False
105.472,6,en_route_pickup,-0.341,-2.613,-1.000,-1.500,joint_grid_transaction,41,41,2,11,6,0.000,0.40,2.416,False,None,0.000,False
105.472,7,en_route_delivery,-4.247,-0.771,-1.000,1.500,joint_grid_transaction,41,41,2,13,8,0.000,0.85,1.672,False,None,0.000,False
105.472,8,en_route_pickup,0.452,-1.947,0.000,-3.500,joint_grid_transaction,41,41,3,10,7,0.000,0.85,-3.055,False,None,0.000,False
105.728,1,en_route_pickup,-0.959,-1.942,6.000,3.500,joint_grid_transaction,41,41,3,13,9,0.000,0.55,-0.068,False,joint_slot_deadline,105.748,False
105.728,2,en_route_delivery,0.428,2.992,0.000,-3.500,joint_grid_transaction,41,41,3,13,2,0.000,1.00,0.099,False,None,0.000,False
105.728,3,en_route_delivery,-4.653,0.343,0.000,-3.500,joint_grid_transaction,41,41,3,13,3,0.000,1.00,2.728,False,None,0.000,False
105.728,4,en_route_delivery,2.354,2.978,3.000,-1.500,joint_grid_transaction,41,41,3,13,4,0.000,1.00,0.099,False,None,0.000,False
105.728,5,en_route_delivery,1.148,1.988,6.000,-3.500,joint_grid_transaction,41,41,3,13,5,0.000,1.00,0.077,False,None,0.000,False
105.728,6,en_route_pickup,-0.345,-2.610,-1.000,-1.500,joint_grid_transaction,41,41,2,11,6,0.000,0.55,2.447,False,None,0.000,False
105.728,7,en_route_delivery,-4.250,-0.741,-1.000,1.500,joint_grid_transaction,41,41,2,13,8,0.000,0.85,1.671,False,None,0.000,False
105.728,8,en_route_pickup,0.408,-1.951,0.000,-3.500,joint_grid_transaction,41,41,3,10,7,0.000,1.00,-3.042,False,None,0.000,False
105.984,1,en_route_pickup,-0.960,-1.942,6.000,3.500,joint_grid_transaction,41,41,4,13,9,0.000,0.55,-0.074,False,joint_slot_deadline,106.948,False
105.984,2,en_route_delivery,0.470,2.996,0.000,-3.500,joint_grid_transaction,41,41,3,13,2,0.000,1.00,0.098,False,None,0.000,False
105.984,3,en_route_delivery,-4.697,0.326,0.000,-3.500,joint_grid_transaction,41,41,3,13,3,0.000,1.00,2.793,False,None,0.000,False
105.984,4,en_route_delivery,2.390,2.975,3.000,-1.500,joint_grid_transaction,41,41,3,13,4,0.000,1.00,0.098,False,None,0.000,False
105.984,5,en_route_delivery,1.187,1.985,6.000,-3.500,joint_grid_transaction,41,41,3,13,5,0.000,1.00,0.078,False,None,0.000,False
105.984,6,en_route_pickup,-0.348,-2.607,-1.000,-1.500,joint_grid_transaction,41,41,2,11,6,0.000,0.55,2.479,False,None,0.000,False
105.984,7,en_route_delivery,-4.252,-0.712,-1.000,1.500,joint_grid_transaction,41,41,3,13,8,0.000,0.85,1.670,False,None,0.000,False
105.984,8,en_route_pickup,0.360,-1.956,0.000,-3.500,joint_grid_transaction,41,41,3,10,7,0.000,1.00,-3.034,False,None,0.000,False
106.240,1,en_route_pickup,-0.959,-1.943,6.000,3.500,joint_grid_transaction,42,41,4,13,9,0.000,0.85,-0.082,False,joint_slot_deadline,106.948,False
106.240,2,en_route_delivery,0.511,3.000,0.000,-3.500,joint_grid_transaction,42,41,3,13,2,0.000,1.00,0.098,False,None,0.000,False
106.240,3,en_route_delivery,-4.742,0.311,0.000,-3.500,joint_grid_transaction,42,41,3,12,3,0.000,1.00,2.838,False,None,0.000,False
106.240,4,en_route_delivery,2.425,2.971,3.000,-1.500,joint_grid_transaction,42,41,3,12,4,0.000,1.00,0.098,False,None,0.000,False
106.240,5,en_route_delivery,1.225,1.982,6.000,-3.500,joint_grid_transaction,42,41,3,12,5,0.000,1.00,0.078,False,None,0.000,False
106.240,6,en_route_pickup,-0.350,-2.606,-1.000,-1.500,joint_grid_transaction,42,41,2,10,6,0.000,0.40,2.488,False,None,0.000,False
106.240,7,en_route_delivery,-4.255,-0.683,-1.000,1.500,joint_grid_transaction,42,41,3,13,8,0.000,0.85,1.670,False,None,0.000,False
106.240,8,en_route_pickup,0.315,-1.962,0.000,-3.500,joint_grid_transaction,42,41,3,9,7,0.000,1.00,-3.023,False,None,0.000,False
106.496,1,en_route_pickup,-0.959,-1.943,6.000,3.500,joint_grid_transaction,42,42,2,13,9,0.000,0.85,-0.082,False,joint_slot_deadline,107.284,False
106.496,2,en_route_delivery,0.551,3.004,0.000,-3.500,joint_grid_transaction,42,42,2,13,2,0.000,1.00,0.097,False,None,0.000,False
106.496,3,en_route_delivery,-4.788,0.297,0.000,-3.500,joint_grid_transaction,42,42,1,12,3,0.000,1.00,2.870,False,None,0.000,False
106.496,4,en_route_delivery,2.458,2.968,3.000,-1.500,joint_grid_transaction,42,42,1,12,4,0.000,1.00,0.097,False,None,0.000,False
106.496,5,en_route_delivery,1.261,1.979,6.000,-3.500,joint_grid_transaction,42,42,1,12,5,0.000,1.00,0.078,False,None,0.000,False
106.496,6,en_route_pickup,-0.350,-2.606,-1.000,-1.500,joint_grid_transaction,42,42,1,10,6,0.000,0.40,2.488,False,joint_slot_deadline,107.284,False
106.496,7,en_route_delivery,-4.258,-0.655,-1.000,1.500,joint_grid_transaction,42,42,2,13,8,0.000,0.85,1.669,False,None,0.000,False
106.496,8,en_route_pickup,0.268,-1.967,0.000,-3.500,joint_grid_transaction,42,42,2,9,7,0.000,1.00,-3.022,False,None,0.000,False
106.752,1,en_route_pickup,-0.959,-1.943,6.000,3.500,joint_grid_transaction,42,42,2,13,9,0.000,0.70,-0.082,False,joint_slot_deadline,107.284,False
106.752,2,en_route_delivery,0.591,3.008,0.000,-3.500,joint_grid_transaction,42,42,2,13,2,0.000,1.00,0.097,False,None,0.000,False
106.752,3,en_route_delivery,-4.788,0.297,0.000,-3.500,joint_grid_transaction,42,42,1,12,3,0.000,0.40,2.870,False,joint_slot_deadline,107.284,False
106.752,4,en_route_delivery,2.490,2.965,3.000,-1.500,joint_grid_transaction,42,42,1,12,4,0.000,1.00,0.097,False,None,0.000,False
106.752,5,en_route_delivery,1.283,1.978,6.000,-3.500,joint_grid_transaction,42,42,1,12,5,0.000,1.00,0.078,False,joint_slot_deadline,107.284,False
106.752,6,en_route_pickup,-0.350,-2.606,-1.000,-1.500,joint_grid_transaction,42,42,1,10,6,0.000,0.55,2.488,False,joint_slot_deadline,107.284,False
106.752,7,en_route_delivery,-4.260,-0.639,-1.000,1.500,joint_grid_transaction,42,42,2,13,8,0.000,0.55,1.663,False,None,0.000,False
106.752,8,en_route_pickup,0.247,-1.970,0.000,-3.500,joint_grid_transaction,42,42,2,9,7,0.000,0.55,-3.021,False,None,0.000,False
107.008,1,en_route_pickup,-0.959,-1.943,6.000,3.500,joint_grid_transaction,42,42,2,13,9,0.000,0.70,-0.082,False,joint_slot_deadline,107.284,False
107.008,2,en_route_delivery,0.630,3.012,0.000,-3.500,joint_grid_transaction,42,42,2,13,2,0.000,1.00,0.096,False,None,0.000,False
107.008,3,en_route_delivery,-4.788,0.297,0.000,-3.500,joint_grid_transaction,42,42,1,12,3,0.000,0.40,2.870,False,joint_slot_deadline,107.284,False
107.008,4,en_route_delivery,2.520,2.962,3.000,-1.500,joint_grid_transaction,42,42,1,12,4,0.000,1.00,0.096,False,None,0.000,False
107.008,5,en_route_delivery,1.283,1.978,6.000,-3.500,joint_grid_transaction,42,42,1,12,5,0.000,1.00,0.078,False,joint_slot_deadline,107.284,False
107.008,6,en_route_pickup,-0.350,-2.606,-1.000,-1.500,joint_grid_transaction,42,42,1,10,6,0.000,0.55,2.488,False,joint_slot_deadline,107.284,False
107.008,7,en_route_delivery,-4.261,-0.627,-1.000,1.500,joint_grid_transaction,42,42,2,13,8,0.000,0.55,1.662,False,None,0.000,False
107.008,8,en_route_pickup,0.233,-1.971,0.000,-3.500,joint_grid_transaction,42,42,2,9,7,0.000,0.55,-3.020,False,None,0.000,False
107.264,1,en_route_pickup,-0.959,-1.943,6.000,3.500,joint_grid_transaction,42,42,2,13,9,0.000,0.70,-0.082,False,joint_slot_deadline,107.284,False
107.264,2,en_route_delivery,0.667,3.015,0.000,-3.500,joint_grid_transaction,42,42,2,13,2,0.000,1.00,0.096,False,None,0.000,False
107.264,3,en_route_delivery,-4.788,0.297,0.000,-3.500,joint_grid_transaction,42,42,1,12,3,0.000,0.40,2.870,False,joint_slot_deadline,107.284,False
107.264,4,en_route_delivery,2.534,2.961,3.000,-1.500,joint_grid_transaction,42,42,1,12,4,0.000,1.00,0.096,False,joint_slot_deadline,107.284,False
107.264,5,en_route_delivery,1.283,1.978,6.000,-3.500,joint_grid_transaction,42,42,1,12,5,0.000,1.00,0.078,False,joint_slot_deadline,107.284,False
107.264,6,en_route_pickup,-0.353,-2.604,-1.000,-1.500,_command_reverse,43,42,0,1,6,0.000,0.40,2.524,False,None,0.000,False
107.264,7,en_route_delivery,-4.262,-0.615,-1.000,1.500,joint_grid_transaction,42,42,2,13,8,0.000,0.55,1.662,False,None,0.000,False
107.264,8,en_route_pickup,0.218,-1.973,0.000,-3.500,joint_grid_transaction,42,42,2,9,7,0.000,0.55,-3.020,False,None,0.000,False
107.520,1,en_route_pickup,-0.958,-1.943,6.000,3.500,joint_grid_transaction,42,42,3,13,9,0.000,0.70,-0.082,False,joint_slot_deadline,108.484,False
107.520,2,en_route_delivery,0.704,3.019,0.000,-3.500,joint_grid_transaction,42,42,2,13,2,0.000,1.00,0.095,False,None,0.000,False
107.520,3,en_route_delivery,-4.786,0.296,0.000,-3.500,joint_grid_transaction,42,42,2,12,3,0.000,0.40,2.829,False,None,0.000,False
107.520,4,en_route_delivery,2.562,2.958,3.000,-1.500,joint_grid_transaction,42,42,2,12,4,0.000,1.00,0.100,False,None,0.000,False
107.520,5,en_route_delivery,1.313,1.975,6.000,-3.500,joint_grid_transaction,42,42,2,12,5,0.000,1.00,0.083,False,None,0.000,False
107.520,6,en_route_pickup,-0.358,-2.601,-1.000,-1.500,_command_reverse,43,42,0,1,6,0.000,0.40,2.567,False,None,0.000,False
107.520,7,en_route_delivery,-4.263,-0.603,-1.000,1.500,joint_grid_transaction,42,42,2,13,8,0.000,0.55,1.662,False,None,0.000,False
107.520,8,en_route_pickup,0.220,-1.974,0.000,-3.500,joint_grid_transaction,42,42,3,9,7,0.000,0.55,-2.924,False,None,0.000,False
107.776,1,en_route_pickup,-0.958,-1.943,6.000,3.500,joint_grid_transaction,42,42,3,13,9,0.000,0.70,-0.082,False,joint_slot_deadline,108.484,False
107.776,2,en_route_delivery,0.740,3.022,0.000,-3.500,joint_grid_transaction,42,42,2,13,2,0.000,1.00,0.095,False,None,0.000,False
107.776,3,en_route_delivery,-4.784,0.296,0.000,-3.500,joint_grid_transaction,42,42,2,12,3,0.000,0.40,2.787,False,None,0.000,False
107.776,4,en_route_delivery,2.595,2.954,3.000,-1.500,joint_grid_transaction,42,42,2,12,4,0.000,1.00,0.100,False,None,0.000,False
107.776,5,en_route_delivery,1.350,1.972,6.000,-3.500,joint_grid_transaction,42,42,2,12,5,0.000,1.00,0.083,False,None,0.000,False
107.776,6,en_route_pickup,-0.365,-2.596,-1.000,-1.500,_command_reverse,43,42,0,1,6,0.000,0.55,2.650,False,None,0.000,False
107.776,7,en_route_delivery,-4.264,-0.592,-1.000,1.500,joint_grid_transaction,42,42,2,13,8,0.000,0.55,1.662,False,None,0.000,False
107.776,8,en_route_pickup,0.233,-1.979,0.000,-3.500,joint_grid_transaction,42,42,3,9,7,0.000,1.00,-2.702,False,None,0.000,False
108.032,1,en_route_pickup,-0.958,-1.943,6.000,3.500,joint_grid_transaction,42,42,3,13,9,0.000,0.70,-0.082,False,joint_slot_deadline,108.484,False
108.032,2,en_route_delivery,0.773,3.026,0.000,-3.500,joint_grid_transaction,42,42,2,13,2,0.000,1.00,0.094,False,None,0.000,False
108.032,3,en_route_delivery,-4.781,0.295,0.000,-3.500,joint_grid_transaction,42,42,2,12,3,0.000,0.40,2.750,False,None,0.000,False
108.032,4,en_route_delivery,2.626,2.951,3.000,-1.500,joint_grid_transaction,42,42,2,12,4,0.000,1.00,0.099,False,None,0.000,False
108.032,5,en_route_delivery,1.386,1.969,6.000,-3.500,joint_grid_transaction,42,42,2,12,5,0.000,1.00,0.083,False,None,0.000,False
108.032,6,en_route_pickup,-0.372,-2.593,-1.000,-1.500,_command_reverse,43,42,0,1,6,0.000,0.55,2.743,False,None,0.000,False
108.032,7,en_route_delivery,-4.265,-0.580,-1.000,1.500,joint_grid_transaction,42,42,2,13,8,0.000,0.55,1.661,False,None,0.000,False
108.032,8,en_route_pickup,0.236,-1.989,0.000,-3.500,joint_grid_transaction,42,42,3,9,7,0.000,1.00,-2.565,False,None,0.000,False
108.288,1,en_route_pickup,-0.958,-1.943,6.000,3.500,joint_grid_transaction,42,42,3,13,9,0.000,0.70,-0.082,False,joint_slot_deadline,108.484,False
108.288,2,en_route_delivery,0.808,3.029,0.000,-3.500,joint_grid_transaction,42,42,3,13,2,0.000,1.00,0.095,False,None,0.000,False
108.288,3,en_route_delivery,-4.779,0.294,0.000,-3.500,joint_grid_transaction,42,42,2,12,3,0.000,0.40,2.716,False,None,0.000,False
108.288,4,en_route_delivery,2.657,2.948,3.000,-1.500,joint_grid_transaction,42,42,2,12,4,0.000,1.00,0.098,False,None,0.000,False
108.288,5,en_route_delivery,1.421,1.966,6.000,-3.500,joint_grid_transaction,42,42,2,12,5,0.000,1.00,0.083,False,None,0.000,False
108.288,6,en_route_pickup,-0.378,-2.591,-1.000,-1.500,_command_reverse,43,42,0,1,6,0.000,0.55,2.845,False,None,0.000,False
108.288,7,en_route_delivery,-4.266,-0.569,-1.000,1.500,joint_grid_transaction,42,42,2,13,8,0.000,0.55,1.661,False,None,0.000,False
108.288,8,en_route_pickup,0.198,-2.017,0.000,-3.500,joint_grid_transaction,42,42,3,9,7,0.000,1.00,-2.454,False,None,0.000,False
108.544,1,en_route_pickup,-0.957,-1.943,6.000,3.500,joint_grid_transaction,42,42,3,13,9,0.000,0.70,-0.083,False,None,0.000,False
108.544,2,en_route_delivery,0.844,3.032,0.000,-3.500,joint_grid_transaction,42,42,3,13,2,0.000,1.00,0.095,False,None,0.000,False
108.544,3,en_route_delivery,-4.777,0.293,0.000,-3.500,joint_grid_transaction,42,42,2,12,3,0.000,0.40,2.686,False,None,0.000,False
108.544,4,en_route_delivery,2.685,2.945,3.000,-1.500,joint_grid_transaction,42,42,2,12,4,0.000,1.00,0.098,False,None,0.000,False
108.544,5,en_route_delivery,1.455,1.963,6.000,-3.500,joint_grid_transaction,42,42,2,12,5,0.000,1.00,0.083,False,None,0.000,False
108.544,6,en_route_pickup,-0.383,-2.589,-1.000,-1.500,_command_reverse,43,42,0,1,6,0.000,0.45,2.957,False,None,0.000,False
108.544,7,en_route_delivery,-4.267,-0.558,-1.000,1.500,joint_grid_transaction,42,42,2,13,8,0.000,0.55,1.661,False,None,0.000,False
108.544,8,en_route_pickup,0.163,-2.048,0.000,-3.500,joint_grid_transaction,42,42,3,9,7,0.000,0.75,-2.376,False,None,0.000,False
108.800,1,en_route_pickup,-0.957,-1.943,6.000,3.500,joint_grid_transaction,42,42,4,13,9,0.000,0.70,-0.083,False,joint_slot_deadline,109.684,False
108.800,2,en_route_delivery,0.878,3.036,0.000,-3.500,joint_grid_transaction,42,42,3,13,2,0.000,1.00,0.094,False,None,0.000,False
108.800,3,en_route_delivery,-4.774,0.291,0.000,-3.500,joint_grid_transaction,42,42,2,12,3,0.000,0.40,2.659,False,None,0.000,False
108.800,4,en_route_delivery,2.713,2.943,3.000,-1.500,joint_grid_transaction,42,42,2,12,4,0.000,1.00,0.097,False,None,0.000,False
108.800,5,en_route_delivery,1.486,1.961,6.000,-3.500,joint_grid_transaction,42,42,2,12,5,0.000,1.00,0.083,False,None,0.000,False
108.800,6,en_route_pickup,-0.385,-2.589,-1.000,-1.500,_command_reverse,43,42,0,1,6,0.000,0.45,3.040,False,None,0.000,False
108.800,7,en_route_delivery,-4.268,-0.546,-1.000,1.500,joint_grid_transaction,42,42,2,13,8,0.000,0.55,1.661,False,None,0.000,False
108.800,8,en_route_pickup,0.144,-2.067,0.000,-3.500,joint_grid_transaction,42,42,3,9,7,0.000,0.75,-2.343,False,None,0.000,False
109.056,1,en_route_pickup,-0.957,-1.943,6.000,3.500,joint_grid_transaction,42,42,4,13,9,0.000,0.70,-0.083,False,joint_slot_deadline,109.684,False
109.056,2,en_route_delivery,0.911,3.039,0.000,-3.500,joint_grid_transaction,42,42,3,13,2,0.000,1.00,0.094,False,None,0.000,False
109.056,3,en_route_delivery,-4.772,0.290,0.000,-3.500,joint_grid_transaction,42,42,2,12,3,0.000,0.40,2.634,False,None,0.000,False
109.056,4,en_route_delivery,2.735,2.941,3.000,-1.500,joint_grid_transaction,42,42,2,12,4,0.000,1.00,0.082,False,None,0.000,False
109.056,5,en_route_delivery,1.516,1.958,6.000,-3.500,joint_grid_transaction,42,42,2,12,5,0.000,1.00,0.083,False,None,0.000,False
109.056,6,en_route_pickup,-0.386,-2.589,-1.000,-1.500,_command_reverse,43,42,0,1,6,0.000,0.45,3.131,False,None,0.000,False
109.056,7,en_route_delivery,-4.269,-0.535,-1.000,1.500,joint_grid_transaction,42,42,2,13,8,0.000,0.55,1.660,False,None,0.000,False
109.056,8,en_route_pickup,0.138,-2.081,0.000,-3.500,joint_grid_transaction,42,42,4,9,7,0.000,0.75,-2.291,False,None,0.000,False
109.312,1,en_route_pickup,-0.957,-1.943,6.000,3.500,joint_grid_transaction,42,42,4,13,9,0.000,0.70,-0.083,False,joint_slot_deadline,109.684,False
109.312,2,en_route_delivery,0.943,3.042,0.000,-3.500,joint_grid_transaction,42,42,3,13,2,0.000,1.00,0.093,False,None,0.000,False
109.312,3,en_route_delivery,-4.770,0.289,0.000,-3.500,joint_grid_transaction,42,42,2,12,3,0.000,0.40,2.612,False,None,0.000,False
109.312,4,en_route_delivery,2.755,2.940,3.000,-1.500,joint_grid_transaction,42,42,2,12,4,0.000,1.00,0.055,False,None,0.000,False
109.312,5,en_route_delivery,1.546,1.956,6.000,-3.500,joint_grid_transaction,42,42,3,12,5,0.000,1.00,0.085,False,None,0.000,False
109.312,6,en_route_pickup,-0.386,-2.589,-1.000,-1.500,_command_reverse,43,42,0,1,6,0.000,0.45,-3.063,False,None,0.000,False
109.312,7,en_route_delivery,-4.270,-0.525,-1.000,1.500,joint_grid_transaction,42,42,2,13,8,0.000,0.55,1.660,False,None,0.000,False
109.312,8,en_route_pickup,0.143,-2.088,0.000,-3.500,joint_grid_transaction,42,42,4,9,7,0.000,0.75,-2.228,False,None,0.000,False
109.568,1,en_route_pickup,-0.957,-1.943,6.000,3.500,joint_grid_transaction,42,42,4,13,9,0.000,0.70,-0.083,False,joint_slot_deadline,109.684,False
109.568,2,en_route_delivery,0.973,3.044,0.000,-3.500,joint_grid_transaction,42,42,3,13,2,0.000,1.00,0.093,False,None,0.000,False
109.568,3,en_route_delivery,-4.769,0.288,0.000,-3.500,joint_grid_transaction,42,42,2,12,3,0.000,0.40,2.592,False,None,0.000,False
109.568,4,en_route_delivery,2.777,2.940,3.000,-1.500,joint_grid_transaction,42,42,2,12,4,0.000,1.00,0.034,False,None,0.000,False
109.568,5,en_route_delivery,1.580,1.953,6.000,-3.500,joint_grid_transaction,42,42,3,12,5,0.000,1.00,0.085,False,None,0.000,False
109.568,6,en_route_pickup,-0.384,-2.589,-1.000,-1.500,_command_reverse,43,42,0,1,6,0.000,0.45,-2.990,False,None,0.000,False
109.568,7,en_route_delivery,-4.271,-0.514,-1.000,1.500,joint_grid_transaction,42,42,2,13,8,0.000,0.55,1.660,False,None,0.000,False
109.568,8,en_route_pickup,0.135,-2.104,0.000,-3.500,joint_grid_transaction,42,42,4,9,7,0.000,0.75,-2.158,False,None,0.000,False
109.824,1,en_route_pickup,-0.946,-1.944,6.000,3.500,joint_grid_transaction,42,42,5,13,9,0.000,0.70,-0.088,False,None,0.000,False
109.824,2,en_route_delivery,1.002,3.047,0.000,-3.500,joint_grid_transaction,42,42,3,13,2,0.000,1.00,0.093,False,None,0.000,False
109.824,3,en_route_delivery,-4.767,0.287,0.000,-3.500,joint_grid_transaction,42,42,2,12,3,0.000,0.40,2.573,False,None,0.000,False
109.824,4,en_route_delivery,2.804,2.939,3.000,-1.500,joint_grid_transaction,42,42,3,12,4,0.000,1.00,0.018,False,None,0.000,False
109.824,5,en_route_delivery,1.612,1.950,6.000,-3.500,joint_grid_transaction,42,42,3,12,5,0.000,1.00,0.085,False,None,0.000,False
109.824,6,en_route_pickup,-0.382,-2.588,-1.000,-1.500,_command_reverse,43,42,0,1,6,0.000,0.45,-2.929,False,None,0.000,False
109.824,7,en_route_delivery,-4.272,-0.503,-1.000,1.500,joint_grid_transaction,42,42,2,13,8,0.000,0.55,1.660,False,None,0.000,False
109.824,8,en_route_pickup,0.121,-2.127,0.000,-3.500,joint_grid_transaction,42,42,4,9,7,0.000,0.75,-2.091,False,None,0.000,False
110.080,1,en_route_pickup,-0.926,-1.945,6.000,3.500,_command_reverse,50,42,5,1,9,0.000,0.70,-0.061,False,None,0.000,False
110.080,2,en_route_delivery,1.026,3.049,0.000,-3.500,joint_grid_transaction,42,42,3,13,2,0.000,1.00,0.081,False,None,0.000,False
110.080,3,en_route_delivery,-4.766,0.286,0.000,-3.500,joint_grid_transaction,42,42,2,12,3,0.000,0.40,2.555,False,None,0.000,False
110.080,4,en_route_delivery,2.839,2.938,3.000,-1.500,joint_grid_transaction,42,42,3,12,4,0.000,1.00,0.021,False,None,0.000,False
110.080,5,en_route_delivery,1.644,1.947,6.000,-3.500,joint_grid_transaction,42,42,3,12,5,0.000,1.00,0.085,False,None,0.000,False
110.080,6,en_route_pickup,-0.380,-2.588,-1.000,-1.500,_command_reverse,43,42,0,1,6,0.000,0.60,-2.869,False,None,0.000,False
110.080,7,en_route_delivery,-4.273,-0.493,-1.000,1.500,joint_grid_transaction,42,42,2,13,8,0.000,0.55,1.660,False,None,0.000,False
110.080,8,en_route_pickup,0.109,-2.148,0.000,-3.500,joint_grid_transaction,42,42,4,9,7,0.000,0.60,-2.041,False,None,0.000,False
110.336,1,en_route_pickup,-0.927,-1.945,6.000,3.500,_command_reverse,50,42,0,1,9,0.000,0.70,-0.143,False,None,0.000,False
110.336,2,en_route_delivery,1.053,3.051,0.000,-3.500,joint_grid_transaction,42,42,4,13,2,0.000,1.00,0.074,False,None,0.000,False
110.336,3,en_route_delivery,-4.772,0.282,0.000,-3.500,joint_grid_transaction,42,42,2,12,3,0.000,0.40,2.532,False,None,0.000,False
110.336,4,en_route_delivery,2.873,2.938,3.000,-1.500,joint_grid_transaction,42,42,3,12,4,0.000,1.00,0.026,False,None,0.000,False
110.336,5,en_route_delivery,1.674,1.945,6.000,-3.500,joint_grid_transaction,42,42,3,12,5,0.000,1.00,0.085,False,None,0.000,False
110.336,6,en_route_pickup,-0.376,-2.586,-1.000,-1.500,_command_reverse,43,42,0,1,6,0.000,0.60,-2.793,False,None,0.000,False
110.336,7,en_route_delivery,-4.274,-0.482,-1.000,1.500,joint_grid_transaction,42,42,2,13,8,0.000,0.55,1.659,False,None,0.000,False
110.336,8,en_route_pickup,0.102,-2.163,0.000,-3.500,joint_grid_transaction,42,42,4,9,7,0.000,0.60,-2.012,False,None,0.000,False
110.592,1,en_route_pickup,-0.932,-1.944,6.000,3.500,_command_reverse,50,42,0,1,9,0.000,0.50,-0.268,False,None,0.000,False
110.592,2,en_route_delivery,1.087,3.053,0.000,-3.500,joint_grid_transaction,42,42,4,13,2,0.000,1.00,0.074,False,None,0.000,False
110.592,3,en_route_delivery,-4.778,0.277,0.000,-3.500,joint_grid_transaction,42,42,2,12,3,0.000,0.40,2.510,False,None,0.000,False
110.592,4,en_route_delivery,2.906,2.937,3.000,-1.500,joint_grid_transaction,42,42,3,12,4,0.000,1.00,0.031,False,None,0.000,False
110.592,5,en_route_delivery,1.702,1.942,6.000,-3.500,joint_grid_transaction,42,42,3,12,5,0.000,1.00,0.085,False,None,0.000,False
110.592,6,en_route_pickup,-0.373,-2.586,-1.000,-1.500,_priority_yield_resume,52,42,0,1,6,0.000,0.55,-2.756,False,None,0.000,False
110.592,7,en_route_delivery,-4.275,-0.472,-1.000,1.500,joint_grid_transaction,42,42,2,13,8,0.000,0.55,1.659,False,None,0.000,False
110.592,8,en_route_pickup,0.093,-2.182,0.000,-3.500,joint_grid_transaction,42,42,4,9,7,0.000,1.00,-1.990,False,None,0.000,False
110.848,1,en_route_pickup,-0.935,-1.943,6.000,3.500,_command_reverse,50,42,0,1,9,0.000,0.50,-0.323,False,None,0.000,False
110.848,2,en_route_delivery,1.119,3.056,0.000,-3.500,joint_grid_transaction,42,42,4,13,2,0.000,1.00,0.075,False,None,0.000,False
110.848,3,en_route_delivery,-4.784,0.273,0.000,-3.500,joint_grid_transaction,42,42,2,12,3,0.000,0.40,2.489,False,None,0.000,False
110.848,4,en_route_delivery,2.936,2.936,3.000,-1.500,joint_grid_transaction,42,42,3,12,4,0.000,1.00,0.037,False,None,0.000,False
110.848,5,en_route_delivery,1.728,1.940,6.000,-3.500,joint_grid_transaction,42,42,3,12,5,0.000,1.00,0.078,False,None,0.000,False
110.848,6,en_route_pickup,-0.378,-2.587,-1.000,-1.500,_priority_yield_resume,52,42,0,1,6,0.000,0.55,-2.826,False,None,0.000,False
110.848,7,en_route_delivery,-4.276,-0.461,-1.000,1.500,joint_grid_transaction,42,42,3,13,8,0.000,0.55,1.659,False,None,0.000,False
110.848,8,en_route_pickup,0.075,-2.226,0.000,-3.500,joint_grid_transaction,42,42,4,9,7,0.000,1.00,-1.932,False,None,0.000,False
111.104,1,en_route_pickup,-0.937,-1.942,6.000,3.500,_command_reverse,50,42,0,1,9,0.000,0.50,-0.369,False,None,0.000,False
111.104,2,en_route_delivery,1.150,3.058,0.000,-3.500,joint_grid_transaction,42,42,4,13,2,0.000,1.00,0.075,False,None,0.000,False
111.104,3,en_route_delivery,-4.790,0.268,0.000,-3.500,joint_grid_transaction,42,42,2,12,3,0.000,0.40,2.469,False,None,0.000,False
111.104,4,en_route_delivery,2.965,2.934,3.000,-1.500,joint_grid_transaction,42,42,3,12,4,0.000,1.00,0.043,False,None,0.000,False
111.104,5,en_route_delivery,1.749,1.939,6.000,-3.500,joint_grid_transaction,42,42,3,12,5,0.000,1.00,0.058,False,None,0.000,False
111.104,6,en_route_pickup,-0.381,-2.588,-1.000,-1.500,_priority_yield_resume,52,42,0,1,6,0.000,0.55,-2.892,False,None,0.000,False
111.104,7,en_route_delivery,-4.277,-0.450,-1.000,1.500,joint_grid_transaction,42,42,3,13,8,0.000,0.55,1.659,False,None,0.000,False
111.104,8,en_route_pickup,0.062,-2.263,0.000,-3.500,joint_grid_transaction,42,42,4,9,7,0.000,1.00,-1.898,False,None,0.000,False
111.360,1,en_route_pickup,-0.940,-1.941,6.000,3.500,_command_reverse,50,42,0,1,9,0.000,0.50,-0.409,False,None,0.000,False
111.360,2,en_route_delivery,1.179,3.060,0.000,-3.500,joint_grid_transaction,42,42,4,13,2,0.000,1.00,0.075,False,None,0.000,False
111.360,3,en_route_delivery,-4.796,0.263,0.000,-3.500,joint_grid_transaction,42,42,2,12,3,0.000,0.40,2.450,False,None,0.000,False
111.360,4,en_route_delivery,2.991,2.933,3.000,-1.500,joint_grid_transaction,42,42,3,12,4,0.000,1.00,0.050,False,None,0.000,False
111.360,5,en_route_delivery,1.771,1.938,6.000,-3.500,joint_grid_transaction,42,42,3,12,5,0.000,1.00,0.037,False,None,0.000,False
111.360,6,en_route_pickup,-0.383,-2.589,-1.000,-1.500,_priority_yield_resume,52,42,0,1,6,0.000,0.55,-2.952,False,None,0.000,False
111.360,7,en_route_delivery,-4.278,-0.439,-1.000,1.500,joint_grid_transaction,42,42,3,13,8,0.000,0.55,1.659,False,None,0.000,False
111.360,8,en_route_pickup,0.061,-2.264,0.000,-3.500,joint_grid_transaction,42,42,4,9,7,0.000,1.00,-1.906,True,None,0.000,True
111.616,1,en_route_pickup,-0.943,-1.940,6.000,3.500,_command_reverse,50,42,0,1,9,0.000,0.50,-0.444,False,None,0.000,False
111.616,2,en_route_delivery,1.207,3.062,0.000,-3.500,joint_grid_transaction,42,42,4,13,2,0.000,1.00,0.075,False,None,0.000,False
111.616,3,en_route_delivery,-4.801,0.259,0.000,-3.500,joint_grid_transaction,42,42,2,12,3,0.000,0.40,2.433,False,None,0.000,False
111.616,4,en_route_delivery,3.012,2.933,3.000,-1.500,joint_grid_transaction,42,42,3,12,4,0.000,1.00,0.021,False,None,0.000,False
111.616,5,en_route_delivery,1.794,1.938,6.000,-3.500,joint_grid_transaction,42,42,3,12,5,0.000,1.00,0.014,False,None,0.000,False
111.616,6,en_route_pickup,-0.385,-2.589,-1.000,-1.500,_priority_yield_resume,52,42,0,1,6,0.000,0.55,-3.007,False,None,0.000,False
111.616,7,en_route_delivery,-4.279,-0.428,-1.000,1.500,joint_grid_transaction,42,42,3,13,8,0.000,0.55,1.659,False,None,0.000,False
111.616,8,en_route_pickup,0.059,-2.266,0.000,-3.500,joint_grid_transaction,42,42,4,9,7,0.000,1.00,-1.914,True,None,0.000,True
111.872,1,en_route_pickup,-0.945,-1.939,6.000,3.500,_command_reverse,50,42,0,1,9,0.000,0.50,-0.474,False,None,0.000,False
111.872,2,en_route_delivery,1.231,3.064,0.000,-3.500,joint_grid_transaction,42,42,4,13,2,0.000,1.00,0.064,False,None,0.000,False
111.872,3,en_route_delivery,-4.807,0.254,0.000,-3.500,joint_grid_transaction,42,42,2,12,3,0.000,0.40,2.417,False,None,0.000,False
111.872,4,en_route_delivery,3.034,2.933,3.000,-1.500,joint_grid_transaction,42,42,3,12,4,0.000,1.00,0.003,False,None,0.000,False
111.872,5,en_route_delivery,1.830,1.937,6.000,-3.500,joint_grid_transaction,42,42,4,12,5,0.000,1.00,0.017,False,None,0.000,False
111.872,6,en_route_pickup,-0.388,-2.589,-1.000,-1.500,_priority_yield_resume,52,42,0,1,6,0.000,0.55,-3.038,False,None,0.000,False
111.872,7,en_route_delivery,-4.280,-0.417,-1.000,1.500,joint_grid_transaction,42,42,3,13,8,0.000,0.55,1.659,False,None,0.000,False
111.872,8,en_route_pickup,0.058,-2.267,0.000,-3.500,joint_grid_transaction,42,42,4,9,7,0.000,1.00,-1.922,False,None,0.000,True
112.128,1,en_route_pickup,-0.935,-1.934,6.000,3.500,_command_reverse,50,42,0,1,9,0.000,0.50,-0.509,False,None,0.000,False
112.128,2,en_route_delivery,1.253,3.065,0.000,-3.500,joint_grid_transaction,42,42,4,13,2,0.000,1.00,0.043,False,None,0.000,False
112.128,3,en_route_delivery,-4.807,0.248,0.000,-3.500,_priority_yield_resume,54,42,2,1,3,0.000,0.55,2.380,False,None,0.000,False
112.128,4,en_route_delivery,3.068,2.933,3.000,-1.500,joint_grid_transaction,42,42,4,12,4,0.000,1.00,0.013,False,None,0.000,False
112.128,5,en_route_delivery,1.865,1.937,6.000,-3.500,joint_grid_transaction,42,42,4,12,5,0.000,1.00,0.020,False,None,0.000,False
112.128,6,en_route_pickup,-0.396,-2.588,-1.000,-1.500,_priority_yield_resume,52,42,0,1,6,0.000,0.55,-3.042,False,None,0.000,False
112.128,7,en_route_delivery,-4.281,-0.398,-1.000,1.500,joint_grid_transaction,42,42,3,13,8,0.000,1.00,1.662,False,None,0.000,False
112.128,8,en_route_pickup,0.054,-2.272,0.000,-3.500,joint_grid_transaction,42,42,4,9,7,0.000,1.00,-1.945,True,None,0.000,True
112.384,1,en_route_pickup,-0.925,-1.928,6.000,3.500,_command_reverse,50,42,0,1,9,0.000,0.50,-0.541,False,None,0.000,False
112.384,2,en_route_delivery,1.274,3.065,0.000,-3.500,joint_grid_transaction,42,42,4,13,2,0.000,1.00,0.014,False,None,0.000,False
112.384,3,en_route_delivery,-4.799,0.239,0.000,-3.500,_priority_yield_resume,54,42,0,1,3,0.000,0.55,2.312,False,None,0.000,False
112.384,4,en_route_delivery,3.106,2.934,3.000,-1.500,joint_grid_transaction,42,42,4,12,4,0.000,1.00,0.018,False,None,0.000,False
112.384,5,en_route_delivery,1.898,1.936,6.000,-3.500,joint_grid_transaction,42,42,4,12,5,0.000,1.00,0.024,False,None,0.000,False
112.384,6,en_route_pickup,-0.404,-2.587,-1.000,-1.500,_priority_yield_resume,52,42,0,1,6,0.000,0.55,-3.042,False,None,0.000,False
112.384,7,en_route_delivery,-4.285,-0.363,-1.000,1.500,joint_grid_transaction,42,42,3,13,8,0.000,1.00,1.662,False,None,0.000,False
112.384,8,en_route_pickup,0.050,-2.276,0.000,-3.500,joint_grid_transaction,42,42,4,9,7,0.000,1.00,-1.968,True,None,0.000,True
112.640,1,en_route_pickup,-0.915,-1.922,6.000,3.500,_command_reverse,50,42,0,1,9,0.000,0.50,-0.570,False,None,0.000,False
112.640,2,en_route_delivery,1.300,3.065,0.000,-3.500,joint_grid_transaction,42,42,4,13,2,0.000,1.00,0.004,False,None,0.000,False
112.640,3,en_route_delivery,-4.792,0.231,0.000,-3.500,_priority_yield_resume,54,42,0,1,3,0.000,0.55,2.239,False,None,0.000,False
112.640,4,en_route_delivery,3.144,2.935,3.000,-1.500,joint_grid_transaction,42,42,4,12,4,0.000,1.00,0.025,False,None,0.000,False
112.640,5,en_route_delivery,1.930,1.935,6.000,-3.500,joint_grid_transaction,42,42,4,12,5,0.000,1.00,0.029,False,None,0.000,False
112.640,6,en_route_pickup,-0.409,-2.587,-1.000,-1.500,joint_grid_transaction,52,42,0,0,6,122.528,0.40,-3.042,False,None,0.000,False
112.640,7,en_route_delivery,-4.288,-0.330,-1.000,1.500,joint_grid_transaction,42,42,3,13,8,0.000,1.00,1.662,False,None,0.000,False
112.640,8,en_route_pickup,0.047,-2.280,0.000,-3.500,joint_grid_transaction,42,42,4,9,7,0.000,1.00,-1.987,True,None,0.000,True
112.896,1,en_route_pickup,-0.906,-1.915,6.000,3.500,_command_reverse,50,42,0,1,9,0.000,0.50,-0.595,False,None,0.000,False
112.896,2,en_route_delivery,1.337,3.065,0.000,-3.500,joint_grid_transaction,42,42,5,13,2,0.000,1.00,0.006,False,None,0.000,False
112.896,3,en_route_delivery,-4.786,0.223,0.000,-3.500,_priority_yield_resume,54,42,0,1,3,0.000,0.55,2.161,False,None,0.000,False
112.896,4,en_route_delivery,3.181,2.937,3.000,-1.500,joint_grid_transaction,42,42,4,12,4,0.000,1.00,0.034,False,None,0.000,False
112.896,5,en_route_delivery,1.959,1.934,6.000,-3.500,joint_grid_transaction,42,42,4,12,5,0.000,1.00,0.034,False,None,0.000,False
112.896,6,en_route_pickup,-0.409,-2.587,-1.000,-1.500,joint_grid_transaction,52,42,0,0,6,122.528,0.40,-3.042,False,None,0.000,False
112.896,7,en_route_delivery,-4.291,-0.298,-1.000,1.500,joint_grid_transaction,42,42,3,13,8,0.000,1.00,1.661,False,None,0.000,False
112.896,8,en_route_pickup,0.047,-2.280,0.000,-3.500,joint_grid_transaction,42,42,4,9,7,0.000,1.00,-1.987,True,None,0.000,True
113.152,1,en_route_pickup,-0.896,-1.908,6.000,3.500,_command_reverse,50,42,0,1,9,0.000,0.50,-0.618,False,None,0.000,False
113.152,2,en_route_delivery,1.374,3.065,0.000,-3.500,joint_grid_transaction,42,42,5,13,2,0.000,1.00,0.008,False,None,0.000,False
113.152,3,en_route_delivery,-4.782,0.216,0.000,-3.500,_priority_yield_resume,54,42,0,1,3,0.000,0.55,2.082,False,None,0.000,False
113.152,4,en_route_delivery,3.219,2.939,3.000,-1.500,joint_grid_transaction,42,42,4,12,4,0.000,1.00,0.047,False,None,0.000,False
113.152,5,en_route_delivery,1.986,1.933,6.000,-3.500,joint_grid_transaction,42,42,4,12,5,0.000,1.00,0.039,False,None,0.000,False
113.152,6,en_route_pickup,-0.409,-2.587,-1.000,-1.500,joint_grid_transaction,52,42,0,0,6,122.528,0.40,-3.042,False,None,0.000,False
113.152,7,en_route_delivery,-4.293,-0.267,-1.000,1.500,joint_grid_transaction,42,42,3,13,8,0.000,1.00,1.661,False,None,0.000,False
113.152,8,en_route_pickup,0.047,-2.280,0.000,-3.500,joint_grid_transaction,42,42,4,9,7,0.000,1.00,-1.987,True,None,0.000,True
113.408,1,en_route_pickup,-0.886,-1.901,6.000,3.500,_command_reverse,50,42,0,1,9,0.000,0.50,-0.638,False,None,0.000,False
113.408,2,en_route_delivery,1.410,3.064,0.000,-3.500,joint_grid_transaction,42,42,5,13,2,0.000,1.00,0.012,False,None,0.000,False
113.408,3,en_route_delivery,-4.779,0.210,0.000,-3.500,_priority_yield_resume,54,42,0,1,3,0.000,0.55,2.007,False,None,0.000,False
113.408,4,en_route_delivery,3.258,2.943,3.000,-1.500,joint_grid_transaction,42,42,4,12,4,0.000,1.00,0.065,False,None,0.000,False
113.408,5,en_route_delivery,2.009,1.933,6.000,-3.500,joint_grid_transaction,42,42,4,12,5,0.000,1.00,0.024,False,None,0.000,False
113.408,6,en_route_pickup,-0.409,-2.587,-1.000,-1.500,joint_grid_transaction,52,42,0,0,6,122.528,0.40,-3.042,False,None,0.000,False
113.408,7,en_route_delivery,-4.296,-0.239,-1.000,1.500,joint_grid_transaction,42,42,3,13,8,0.000,1.00,1.661,False,None,0.000,False
113.408,8,en_route_pickup,0.047,-2.280,0.000,-3.500,joint_grid_transaction,42,42,4,9,7,0.000,1.00,-1.987,True,None,0.000,True
113.664,1,en_route_pickup,-0.877,-1.894,6.000,3.500,_command_reverse,50,42,0,1,9,0.000,0.50,-0.656,False,None,0.000,False
113.664,2,en_route_delivery,1.446,3.063,0.000,-3.500,joint_grid_transaction,42,42,5,13,2,0.000,1.00,0.017,False,None,0.000,False
113.664,3,en_route_delivery,-4.777,0.207,0.000,-3.500,joint_grid_transaction,54,42,0,0,3,123.520,0.40,1.971,False,None,0.000,False
113.664,4,en_route_delivery,3.299,2.947,3.000,-1.500,joint_grid_transaction,42,42,5,12,4,0.000,1.00,0.088,False,None,0.000,False
113.664,5,en_route_delivery,2.032,1.932,6.000,-3.500,joint_grid_transaction,42,42,4,12,5,0.000,1.00,-0.002,False,None,0.000,False
113.664,6,en_route_pickup,-0.409,-2.587,-1.000,-1.500,joint_grid_transaction,52,42,0,0,6,122.528,0.40,-3.042,False,None,0.000,False
113.664,7,en_route_delivery,-4.298,-0.215,-1.000,1.500,joint_grid_transaction,42,42,3,13,8,0.000,1.00,1.649,False,None,0.000,False
113.664,8,en_route_pickup,0.047,-2.280,0.000,-3.500,joint_grid_transaction,42,42,4,9,7,0.000,1.00,-1.987,True,None,0.000,True
113.920,1,en_route_pickup,-0.868,-1.887,6.000,3.500,_command_reverse,50,42,0,1,9,0.000,0.50,-0.671,False,None,0.000,False
113.920,2,en_route_delivery,1.480,3.062,0.000,-3.500,joint_grid_transaction,42,42,5,13,2,0.000,1.00,0.023,False,None,0.000,False
113.920,3,en_route_delivery,-4.777,0.207,0.000,-3.500,joint_grid_transaction,54,42,0,0,3,123.520,0.40,1.971,False,None,0.000,False
113.920,4,en_route_delivery,3.346,2.951,3.000,-1.500,joint_grid_transaction,42,42,5,12,4,0.000,1.00,0.101,False,None,0.000,False
113.920,5,en_route_delivery,2.063,1.933,6.000,-3.500,joint_grid_transaction,42,42,4,12,5,0.000,1.00,0.016,False,None,0.000,False
113.920,6,en_route_pickup,-0.409,-2.587,-1.000,-1.500,joint_grid_transaction,52,42,0,0,6,122.528,0.40,-3.042,False,None,0.000,False
113.920,7,en_route_delivery,-4.300,-0.181,-1.000,1.500,joint_grid_transaction,42,42,4,13,8,0.000,1.00,1.652,False,None,0.000,False
113.920,8,en_route_pickup,0.047,-2.280,0.000,-3.500,joint_grid_transaction,42,42,4,9,7,0.000,1.00,-1.987,True,None,0.000,True
114.176,1,en_route_pickup,-0.844,-1.867,6.000,3.500,_command_reverse,50,42,0,1,9,0.000,1.00,-0.705,False,None,0.000,False
114.176,2,en_route_delivery,1.514,3.060,0.000,-3.500,joint_grid_transaction,42,42,5,13,2,0.000,1.00,0.033,False,None,0.000,False
114.176,3,en_route_delivery,-4.777,0.207,0.000,-3.500,joint_grid_transaction,54,42,0,0,3,123.520,0.40,1.971,False,None,0.000,False
114.176,4,en_route_delivery,3.394,2.956,3.000,-1.500,joint_grid_transaction,42,42,5,12,4,0.000,1.00,0.109,False,None,0.000,False
114.176,5,en_route_delivery,2.102,1.934,6.000,-3.500,joint_grid_transaction,42,42,5,12,5,0.000,1.00,0.022,False,None,0.000,False
114.176,6,en_route_pickup,-0.409,-2.587,-1.000,-1.500,joint_grid_transaction,52,42,0,0,6,122.528,0.40,-3.042,False,None,0.000,False
114.176,7,en_route_delivery,-4.303,-0.149,-1.000,1.500,joint_grid_transaction,42,42,4,13,8,0.000,1.00,1.652,False,None,0.000,False
114.176,8,en_route_pickup,0.047,-2.280,0.000,-3.500,joint_grid_transaction,42,42,4,9,7,0.000,1.00,-1.987,True,None,0.000,True
114.432,1,en_route_pickup,-0.809,-1.836,6.000,3.500,_command_reverse,50,42,0,1,9,0.000,1.00,-0.739,False,None,0.000,False
114.432,2,en_route_delivery,1.550,3.058,0.000,-3.500,joint_grid_transaction,42,42,6,13,2,0.000,1.00,0.047,False,None,0.000,False
114.432,3,en_route_delivery,-4.777,0.207,0.000,-3.500,joint_grid_transaction,54,42,0,0,3,123.520,0.40,1.971,False,None,0.000,False
114.432,4,en_route_delivery,3.441,2.962,3.000,-1.500,joint_grid_transaction,42,42,5,12,4,0.000,1.00,0.115,False,None,0.000,False
114.432,5,en_route_delivery,2.140,1.936,6.000,-3.500,joint_grid_transaction,42,42,5,12,5,0.000,1.00,0.030,False,None,0.000,False
114.432,6,en_route_pickup,-0.409,-2.587,-1.000,-1.500,joint_grid_transaction,52,42,0,0,6,122.528,0.40,-3.042,False,None,0.000,False
114.432,7,en_route_delivery,-4.306,-0.117,-1.000,1.500,joint_grid_transaction,42,42,4,13,8,0.000,1.00,1.652,False,None,0.000,False
114.432,8,en_route_pickup,0.047,-2.280,0.000,-3.500,joint_grid_transaction,42,42,4,9,7,0.000,1.00,-1.987,True,None,0.000,True
114.688,1,en_route_pickup,-0.774,-1.803,6.000,3.500,_command_reverse,50,42,0,1,9,0.000,1.00,-0.761,False,None,0.000,False
114.688,2,en_route_delivery,1.595,3.055,0.000,-3.500,joint_grid_transaction,42,42,6,13,2,0.000,1.00,0.062,False,None,0.000,False
114.688,3,en_route_delivery,-4.777,0.207,0.000,-3.500,joint_grid_transaction,54,42,0,0,3,123.520,0.40,1.971,False,None,0.000,False
114.688,4,en_route_delivery,3.489,2.967,3.000,-1.500,joint_grid_transaction,42,42,5,12,4,0.000,1.00,0.119,False,None,0.000,False
114.688,5,en_route_delivery,2.179,1.938,6.000,-3.500,joint_grid_transaction,42,42,5,12,5,0.000,1.00,0.041,False,None,0.000,False
114.688,6,en_route_pickup,-0.409,-2.587,-1.000,-1.500,joint_grid_transaction,52,42,0,0,6,122.528,0.40,-3.042,False,None,0.000,False
114.688,7,en_route_delivery,-4.308,-0.087,-1.000,1.500,joint_grid_transaction,42,42,4,13,8,0.000,1.00,1.652,False,None,0.000,False
114.688,8,en_route_pickup,0.047,-2.280,0.000,-3.500,joint_grid_transaction,42,42,4,9,7,0.000,1.00,-1.987,True,None,0.000,True
114.944,1,en_route_pickup,-0.739,-1.770,6.000,3.500,_command_reverse,50,42,0,1,9,0.000,1.00,-0.774,False,None,0.000,False
114.944,2,en_route_delivery,1.641,3.051,0.000,-3.500,joint_grid_transaction,42,42,6,13,2,0.000,1.00,0.083,False,None,0.000,False
114.944,3,en_route_delivery,-4.777,0.207,0.000,-3.500,joint_grid_transaction,54,42,0,0,3,123.520,0.40,1.971,False,None,0.000,False
114.944,4,en_route_delivery,3.536,2.973,3.000,-1.500,joint_grid_transaction,42,42,5,12,4,0.000,1.00,0.120,False,None,0.000,False
114.944,5,en_route_delivery,2.218,1.940,6.000,-3.500,joint_grid_transaction,42,42,5,12,5,0.000,1.00,0.057,False,None,0.000,False
114.944,6,en_route_pickup,-0.409,-2.587,-1.000,-1.500,joint_grid_transaction,52,42,0,0,6,122.528,0.40,-3.042,False,None,0.000,False
114.944,7,en_route_delivery,-4.309,-0.080,-1.000,1.500,joint_grid_transaction,42,42,4,13,8,0.000,1.00,1.652,True,None,0.000,True
114.944,8,en_route_pickup,0.047,-2.280,0.000,-3.500,joint_grid_transaction,42,42,4,9,7,0.000,1.00,-1.987,True,None,0.000,True
115.200,1,en_route_pickup,-0.709,-1.753,6.000,3.500,joint_grid_transaction,56,42,0,6,9,0.000,1.00,-0.676,False,None,0.000,False
115.200,2,en_route_delivery,1.688,3.047,0.000,-3.500,joint_grid_transaction,56,42,6,16,2,0.000,1.00,0.098,False,None,0.000,False
115.200,3,en_route_delivery,-4.777,0.207,0.000,-3.500,joint_grid_transaction,56,42,0,2,3,123.520,0.40,1.971,False,None,0.000,False
115.200,4,en_route_delivery,3.570,2.976,3.000,-1.500,joint_grid_transaction,56,42,6,5,4,0.000,1.00,0.031,False,None,0.000,False
115.200,5,en_route_delivery,2.259,1.944,6.000,-3.500,joint_grid_transaction,56,42,5,5,5,0.000,1.00,0.074,False,None,0.000,False
115.200,6,en_route_pickup,-0.409,-2.587,-1.000,-1.500,joint_grid_transaction,56,42,0,2,6,122.528,0.40,-3.038,False,None,0.000,False
115.200,7,en_route_delivery,-4.309,-0.079,-1.000,1.500,joint_grid_transaction,56,42,4,4,8,0.000,1.00,1.653,True,None,0.000,True
115.200,8,en_route_pickup,0.047,-2.280,0.000,-3.500,joint_grid_transaction,56,42,4,2,7,0.000,1.00,-1.987,True,None,0.000,True
115.456,1,en_route_pickup,-0.684,-1.771,6.000,3.500,joint_grid_transaction,56,56,2,6,9,0.000,1.00,-0.394,False,None,0.000,False
115.456,2,en_route_delivery,1.735,3.042,0.000,-3.500,joint_grid_transaction,56,56,1,16,2,0.000,1.00,0.098,False,None,0.000,False
115.456,3,en_route_delivery,-4.777,0.207,0.000,-3.500,joint_grid_transaction,56,56,0,2,3,123.520,0.40,1.971,True,None,0.000,True
115.456,4,en_route_delivery,3.560,2.973,3.000,-1.500,joint_grid_transaction,56,56,1,5,4,0.000,1.00,0.340,False,None,0.000,False
115.456,5,en_route_delivery,2.302,1.947,6.000,-3.500,joint_grid_transaction,56,56,1,5,5,0.000,1.00,0.074,False,None,0.000,False
115.456,6,en_route_pickup,-0.409,-2.587,-1.000,-1.500,joint_grid_transaction,56,56,1,2,6,122.528,0.40,-3.038,True,None,0.000,True
115.456,7,en_route_delivery,-4.309,-0.079,-1.000,1.500,joint_grid_transaction,56,56,1,4,8,0.000,1.00,1.653,True,None,0.000,True
115.456,8,en_route_pickup,0.047,-2.280,0.000,-3.500,joint_grid_transaction,56,56,0,2,7,0.000,1.00,-1.987,True,None,0.000,True
115.712,1,en_route_pickup,-0.670,-1.777,6.000,3.500,joint_grid_transaction,56,56,2,6,9,0.000,1.00,-0.061,False,None,0.000,False
115.712,2,en_route_delivery,1.781,3.038,0.000,-3.500,joint_grid_transaction,56,56,1,16,2,0.000,1.00,0.097,False,None,0.000,False
115.712,3,en_route_delivery,-4.777,0.207,0.000,-3.500,joint_grid_transaction,56,56,0,2,3,123.520,0.40,1.971,True,None,0.000,True
115.712,4,en_route_delivery,3.550,2.969,3.000,-1.500,joint_grid_transaction,56,56,1,5,4,0.000,1.00,0.493,False,None,0.000,False
115.712,5,en_route_delivery,2.346,1.950,6.000,-3.500,joint_grid_transaction,56,56,1,5,5,0.000,1.00,0.074,False,None,0.000,False
115.712,6,en_route_pickup,-0.409,-2.587,-1.000,-1.500,joint_grid_transaction,56,56,1,2,6,122.528,0.40,-3.038,True,None,0.000,True
115.712,7,en_route_delivery,-4.309,-0.079,-1.000,1.500,joint_grid_transaction,56,56,1,4,8,0.000,1.00,1.653,True,None,0.000,True
115.712,8,en_route_pickup,0.047,-2.280,0.000,-3.500,joint_grid_transaction,56,56,0,2,7,0.000,1.00,-1.987,True,None,0.000,True
115.968,1,en_route_pickup,-0.672,-1.777,6.000,3.500,joint_grid_transaction,56,56,2,6,9,0.000,1.00,-0.174,False,None,0.000,False
115.968,2,en_route_delivery,1.828,3.033,0.000,-3.500,joint_grid_transaction,56,56,1,16,2,0.000,1.00,0.097,False,None,0.000,False
115.968,3,en_route_delivery,-4.777,0.207,0.000,-3.500,joint_grid_transaction,56,56,0,2,3,123.520,0.40,1.971,True,None,0.000,True
115.968,4,en_route_delivery,3.581,2.945,3.000,-1.500,joint_grid_transaction,56,56,1,5,4,0.000,1.00,0.615,False,None,0.000,False
115.968,5,en_route_delivery,2.390,1.953,6.000,-3.500,joint_grid_transaction,56,56,1,5,5,0.000,1.00,0.075,False,None,0.000,False
115.968,6,en_route_pickup,-0.409,-2.587,-1.000,-1.500,joint_grid_transaction,56,56,1,2,6,122.528,0.40,-3.038,True,None,0.000,True
115.968,7,en_route_delivery,-4.309,-0.079,-1.000,1.500,joint_grid_transaction,56,56,1,4,8,0.000,1.00,1.653,True,None,0.000,True
115.968,8,en_route_pickup,0.047,-2.280,0.000,-3.500,joint_grid_transaction,56,56,0,2,7,0.000,1.00,-1.987,True,None,0.000,True
116.224,1,en_route_pickup,-0.643,-1.788,6.000,3.500,joint_grid_transaction,56,56,2,6,9,0.000,1.00,-0.253,False,None,0.000,False
116.224,2,en_route_delivery,1.874,3.029,0.000,-3.500,joint_grid_transaction,56,56,1,16,2,0.000,1.00,0.096,False,None,0.000,False
116.224,3,en_route_delivery,-4.777,0.207,0.000,-3.500,joint_grid_transaction,56,56,0,2,3,123.520,0.40,1.971,True,None,0.000,True
116.224,4,en_route_delivery,3.619,2.916,3.000,-1.500,joint_grid_transaction,56,56,1,5,4,0.000,1.00,0.694,False,None,0.000,False
116.224,5,en_route_delivery,2.434,1.957,6.000,-3.500,joint_grid_transaction,56,56,1,5,5,0.000,1.00,0.075,False,None,0.000,False
116.224,6,en_route_pickup,-0.409,-2.587,-1.000,-1.500,joint_grid_transaction,56,56,1,2,6,122.528,0.40,-3.038,True,None,0.000,True
116.224,7,en_route_delivery,-4.309,-0.079,-1.000,1.500,joint_grid_transaction,56,56,1,4,8,0.000,1.00,1.653,True,None,0.000,True
116.224,8,en_route_pickup,0.047,-2.280,0.000,-3.500,joint_grid_transaction,56,56,0,2,7,0.000,1.00,-1.987,True,None,0.000,True
116.480,1,en_route_pickup,-0.601,-1.802,6.000,3.500,joint_grid_transaction,56,56,2,6,9,0.000,1.00,-0.339,False,None,0.000,False
116.480,2,en_route_delivery,1.920,3.024,0.000,-3.500,joint_grid_transaction,56,56,1,16,2,0.000,1.00,0.096,False,None,0.000,False
116.480,3,en_route_delivery,-4.777,0.207,0.000,-3.500,joint_grid_transaction,56,56,0,2,3,123.520,0.40,1.971,True,None,0.000,True
116.480,4,en_route_delivery,3.654,2.885,3.000,-1.500,joint_grid_transaction,56,56,1,5,4,0.000,1.00,0.743,False,None,0.000,False
116.480,5,en_route_delivery,2.477,1.960,6.000,-3.500,joint_grid_transaction,56,56,1,5,5,0.000,1.00,0.075,False,None,0.000,False
116.480,6,en_route_pickup,-0.409,-2.587,-1.000,-1.500,joint_grid_transaction,56,56,1,2,6,122.528,0.40,-3.038,True,None,0.000,True
116.480,7,en_route_delivery,-4.309,-0.079,-1.000,1.500,joint_grid_transaction,56,56,1,4,8,0.000,1.00,1.653,True,None,0.000,True
116.480,8,en_route_pickup,0.047,-2.280,0.000,-3.500,joint_grid_transaction,56,56,0,2,7,0.000,1.00,-1.987,True,None,0.000,True
116.736,1,en_route_pickup,-0.557,-1.820,6.000,3.500,joint_grid_transaction,56,56,2,6,9,0.000,1.00,-0.414,False,None,0.000,False
116.736,2,en_route_delivery,1.966,3.020,0.000,-3.500,joint_grid_transaction,56,56,1,16,2,0.000,1.00,0.095,False,None,0.000,False
116.736,3,en_route_delivery,-4.777,0.207,0.000,-3.500,joint_grid_transaction,56,56,0,2,3,123.520,0.40,1.971,True,None,0.000,True
116.736,4,en_route_delivery,3.689,2.852,3.000,-1.500,joint_grid_transaction,56,56,1,5,4,0.000,1.00,0.774,False,None,0.000,False
116.736,5,en_route_delivery,2.521,1.963,6.000,-3.500,joint_grid_transaction,56,56,1,5,5,0.000,1.00,0.076,False,None,0.000,False
116.736,6,en_route_pickup,-0.409,-2.587,-1.000,-1.500,joint_grid_transaction,56,56,1,2,6,122.528,0.40,-3.038,True,None,0.000,True
116.736,7,en_route_delivery,-4.309,-0.079,-1.000,1.500,joint_grid_transaction,56,56,1,4,8,0.000,1.00,1.653,True,None,0.000,True
116.736,8,en_route_pickup,0.047,-2.280,0.000,-3.500,joint_grid_transaction,56,56,0,2,7,0.000,1.00,-1.987,True,None,0.000,True
116.992,1,en_route_pickup,-0.514,-1.840,6.000,3.500,joint_grid_transaction,56,56,2,6,9,0.000,1.00,-0.464,False,None,0.000,False
116.992,2,en_route_delivery,2.012,3.016,0.000,-3.500,joint_grid_transaction,56,56,1,16,2,0.000,1.00,0.095,False,None,0.000,False
116.992,3,en_route_delivery,-4.777,0.207,0.000,-3.500,joint_grid_transaction,56,56,0,2,3,123.520,0.40,1.971,True,None,0.000,True
116.992,4,en_route_delivery,3.723,2.818,3.000,-1.500,joint_grid_transaction,56,56,1,5,4,0.000,1.00,0.793,False,None,0.000,False
116.992,5,en_route_delivery,2.564,1.967,6.000,-3.500,joint_grid_transaction,56,56,1,5,5,0.000,1.00,0.076,False,None,0.000,False
116.992,6,en_route_pickup,-0.409,-2.587,-1.000,-1.500,joint_grid_transaction,56,56,1,2,6,122.528,0.40,-3.038,True,None,0.000,True
116.992,7,en_route_delivery,-4.309,-0.079,-1.000,1.500,joint_grid_transaction,56,56,1,4,8,0.000,1.00,1.653,True,None,0.000,True
116.992,8,en_route_pickup,0.047,-2.280,0.000,-3.500,joint_grid_transaction,56,56,0,2,7,0.000,1.00,-1.987,True,None,0.000,True
117.248,1,en_route_pickup,-0.483,-1.844,6.000,3.500,joint_grid_transaction,57,57,1,9,9,0.000,1.00,-0.310,False,None,0.000,False
117.248,2,en_route_delivery,2.030,3.012,0.000,-3.500,joint_grid_transaction,57,57,1,6,2,0.000,1.00,0.275,False,None,0.000,False
117.248,3,en_route_delivery,-4.777,0.207,0.000,-3.500,joint_grid_transaction,57,57,0,11,3,123.520,0.40,1.971,True,None,0.000,True
117.248,4,en_route_delivery,3.756,2.785,3.000,-1.500,joint_grid_transaction,57,57,1,5,4,0.000,1.00,0.731,False,None,0.000,False
117.248,5,en_route_delivery,2.607,1.970,6.000,-3.500,joint_grid_transaction,57,57,1,5,5,0.000,1.00,0.076,False,None,0.000,False
117.248,6,en_route_pickup,-0.408,-2.587,-1.000,-1.500,joint_grid_transaction,57,57,1,2,6,122.528,0.40,-3.034,True,None,0.000,True
117.248,7,en_route_delivery,-4.309,-0.079,-1.000,1.500,joint_grid_transaction,57,57,0,4,8,0.000,1.00,1.653,True,None,0.000,True
117.248,8,en_route_pickup,0.047,-2.280,0.000,-3.500,joint_grid_transaction,57,57,0,2,7,0.000,1.00,-1.987,True,None,0.000,True
117.504,1,en_route_pickup,-0.475,-1.841,6.000,3.500,joint_grid_transaction,57,57,1,9,9,0.000,1.00,-0.033,False,None,0.000,False
117.504,2,en_route_delivery,2.008,3.001,0.000,-3.500,joint_grid_transaction,57,57,1,6,2,0.000,1.00,0.587,False,None,0.000,False
117.504,3,en_route_delivery,-4.777,0.207,0.000,-3.500,joint_grid_transaction,57,57,0,11,3,123.520,0.40,1.971,True,None,0.000,True
117.504,4,en_route_delivery,3.793,2.756,3.000,-1.500,joint_grid_transaction,57,57,1,5,4,0.000,1.00,0.645,False,None,0.000,False
117.504,5,en_route_delivery,2.650,1.973,6.000,-3.500,joint_grid_transaction,57,57,1,5,5,0.000,1.00,0.076,False,None,0.000,False
117.504,6,en_route_pickup,-0.408,-2.587,-1.000,-1.500,joint_grid_transaction,57,57,1,2,6,122.528,0.40,-3.034,True,None,0.000,True
117.504,7,en_route_delivery,-4.309,-0.079,-1.000,1.500,joint_grid_transaction,57,57,0,4,8,0.000,1.00,1.653,True,None,0.000,True
117.504,8,en_route_pickup,0.047,-2.280,0.000,-3.500,joint_grid_transaction,57,57,0,2,7,0.000,1.00,-1.987,True,None,0.000,True
117.760,1,en_route_pickup,-0.463,-1.838,6.000,3.500,joint_grid_transaction,57,57,1,9,9,0.000,1.00,-0.100,False,None,0.000,False
117.760,2,en_route_delivery,1.980,2.977,0.000,-3.500,joint_grid_transaction,57,57,1,6,2,0.000,1.00,0.829,False,None,0.000,False
117.760,3,en_route_delivery,-4.777,0.207,0.000,-3.500,joint_grid_transaction,57,57,0,11,3,123.520,0.40,1.971,True,None,0.000,True
117.760,4,en_route_delivery,3.832,2.728,3.000,-1.500,joint_grid_transaction,57,57,1,5,4,0.000,1.00,0.588,False,None,0.000,False
117.760,5,en_route_delivery,2.693,1.976,6.000,-3.500,joint_grid_transaction,57,57,1,5,5,0.000,1.00,0.077,False,None,0.000,False
117.760,6,en_route_pickup,-0.408,-2.587,-1.000,-1.500,joint_grid_transaction,57,57,1,2,6,122.528,0.40,-3.034,True,None,0.000,True
117.760,7,en_route_delivery,-4.309,-0.079,-1.000,1.500,joint_grid_transaction,57,57,0,4,8,0.000,1.00,1.653,True,None,0.000,True
117.760,8,en_route_pickup,0.047,-2.280,0.000,-3.500,joint_grid_transaction,57,57,0,2,7,0.000,1.00,-1.987,True,None,0.000,True
118.016,1,en_route_pickup,-0.448,-1.836,6.000,3.500,joint_grid_transaction,57,57,2,9,9,0.000,1.00,-0.019,False,None,0.000,False
118.016,2,en_route_delivery,1.958,2.951,0.000,-3.500,joint_grid_transaction,57,57,1,6,2,0.000,1.00,1.091,False,None,0.000,False
118.016,3,en_route_delivery,-4.777,0.207,0.000,-3.500,joint_grid_transaction,57,57,0,11,3,123.520,0.40,1.971,True,None,0.000,True
118.016,4,en_route_delivery,3.872,2.703,3.000,-1.500,joint_grid_transaction,57,57,1,5,4,0.000,1.00,0.550,False,None,0.000,False
118.016,5,en_route_delivery,2.736,1.980,6.000,-3.500,joint_grid_transaction,57,57,1,5,5,0.000,1.00,0.077,False,None,0.000,False
118.016,6,en_route_pickup,-0.408,-2.587,-1.000,-1.500,joint_grid_transaction,57,57,1,2,6,122.528,0.40,-3.034,True,None,0.000,True
118.016,7,en_route_delivery,-4.309,-0.079,-1.000,1.500,joint_grid_transaction,57,57,0,4,8,0.000,1.00,1.653,True,None,0.000,True
118.016,8,en_route_pickup,0.047,-2.280,0.000,-3.500,joint_grid_transaction,57,57,0,2,7,0.000,1.00,-1.987,True,None,0.000,True
118.272,1,en_route_pickup,-0.426,-1.839,6.000,3.500,joint_grid_transaction,57,57,2,9,9,0.000,1.00,-0.075,False,None,0.000,False
118.272,2,en_route_delivery,1.949,2.932,0.000,-3.500,joint_grid_transaction,57,57,1,6,2,0.000,1.00,1.437,False,None,0.000,False
118.272,3,en_route_delivery,-4.777,0.207,0.000,-3.500,joint_grid_transaction,57,57,0,11,3,123.520,0.40,1.971,True,None,0.000,True
118.272,4,en_route_delivery,3.913,2.678,3.000,-1.500,joint_grid_transaction,57,57,1,5,4,0.000,1.00,0.525,False,None,0.000,False
118.272,5,en_route_delivery,2.779,1.983,6.000,-3.500,joint_grid_transaction,57,57,1,5,5,0.000,1.00,0.077,False,None,0.000,False
118.272,6,en_route_pickup,-0.408,-2.587,-1.000,-1.500,joint_grid_transaction,57,57,1,2,6,122.528,0.40,-3.034,True,None,0.000,True
118.272,7,en_route_delivery,-4.309,-0.079,-1.000,1.500,joint_grid_transaction,57,57,0,4,8,0.000,1.00,1.653,True,None,0.000,True
118.272,8,en_route_pickup,0.047,-2.280,0.000,-3.500,joint_grid_transaction,57,57,0,2,7,0.000,1.00,-1.987,True,None,0.000,True
118.528,1,en_route_pickup,-0.393,-1.845,6.000,3.500,joint_grid_transaction,57,57,2,9,9,0.000,1.00,-0.107,False,None,0.000,False
118.528,2,en_route_delivery,1.948,2.937,0.000,-3.500,joint_grid_transaction,57,57,1,6,2,0.000,1.00,1.857,False,None,0.000,False
118.528,3,en_route_delivery,-4.777,0.207,0.000,-3.500,joint_grid_transaction,57,57,0,11,3,123.520,0.40,1.971,True,None,0.000,True
118.528,4,en_route_delivery,3.954,2.655,3.000,-1.500,joint_grid_transaction,57,57,1,5,4,0.000,1.00,0.509,False,None,0.000,False
118.528,5,en_route_delivery,2.822,1.986,6.000,-3.500,joint_grid_transaction,57,57,1,5,5,0.000,1.00,0.077,False,None,0.000,False
118.528,6,en_route_pickup,-0.408,-2.587,-1.000,-1.500,joint_grid_transaction,57,57,1,2,6,122.528,0.40,-3.034,True,None,0.000,True
118.528,7,en_route_delivery,-4.309,-0.079,-1.000,1.500,joint_grid_transaction,57,57,0,4,8,0.000,1.00,1.653,True,None,0.000,True
118.528,8,en_route_pickup,0.047,-2.280,0.000,-3.500,joint_grid_transaction,57,57,0,2,7,0.000,1.00,-1.987,True,None,0.000,True
118.784,1,en_route_pickup,-0.358,-1.853,6.000,3.500,joint_grid_transaction,57,57,2,9,9,0.000,1.00,-0.150,False,None,0.000,False
118.784,2,en_route_delivery,1.937,2.960,0.000,-3.500,joint_grid_transaction,57,57,1,6,2,0.000,1.00,2.166,False,None,0.000,False
118.784,3,en_route_delivery,-4.777,0.207,0.000,-3.500,joint_grid_transaction,57,57,0,11,3,123.520,0.40,1.971,True,None,0.000,True
118.784,4,en_route_delivery,3.996,2.632,3.000,-1.500,joint_grid_transaction,57,57,1,5,4,0.000,1.00,0.497,False,None,0.000,False
118.784,5,en_route_delivery,2.864,1.990,6.000,-3.500,joint_grid_transaction,57,57,1,5,5,0.000,1.00,0.077,False,None,0.000,False
118.784,6,en_route_pickup,-0.408,-2.587,-1.000,-1.500,joint_grid_transaction,57,57,1,2,6,122.528,0.40,-3.034,True,None,0.000,True
118.784,7,en_route_delivery,-4.309,-0.079,-1.000,1.500,joint_grid_transaction,57,57,0,4,8,0.000,1.00,1.653,True,None,0.000,True
118.784,8,en_route_pickup,0.047,-2.280,0.000,-3.500,joint_grid_transaction,57,57,0,2,7,0.000,1.00,-1.987,True,None,0.000,True
119.040,1,en_route_pickup,-0.319,-1.862,6.000,3.500,joint_grid_transaction,57,57,2,9,9,0.000,1.00,-0.206,False,None,0.000,False
119.040,2,en_route_delivery,1.913,2.987,0.000,-3.500,joint_grid_transaction,57,57,1,6,2,0.000,1.00,2.402,False,None,0.000,False
119.040,3,en_route_delivery,-4.777,0.207,0.000,-3.500,joint_grid_transaction,57,57,0,11,3,123.520,0.40,1.971,True,None,0.000,True
119.040,4,en_route_delivery,4.038,2.609,3.000,-1.500,joint_grid_transaction,57,57,1,5,4,0.000,1.00,0.489,False,None,0.000,False
119.040,5,en_route_delivery,2.906,1.993,6.000,-3.500,joint_grid_transaction,57,57,1,5,5,0.000,1.00,0.078,False,None,0.000,False
119.040,6,en_route_pickup,-0.408,-2.587,-1.000,-1.500,joint_grid_transaction,57,57,1,2,6,122.528,0.40,-3.034,True,None,0.000,True
119.040,7,en_route_delivery,-4.309,-0.079,-1.000,1.500,joint_grid_transaction,57,57,0,4,8,0.000,1.00,1.653,True,None,0.000,True
119.040,8,en_route_pickup,0.047,-2.280,0.000,-3.500,joint_grid_transaction,57,57,0,2,7,0.000,1.00,-1.987,True,None,0.000,True
119.296,1,en_route_pickup,-0.310,-1.865,6.000,3.500,joint_grid_transaction,58,58,1,10,9,0.000,1.00,-0.222,True,None,0.000,True
119.296,2,en_route_delivery,1.893,3.005,0.000,-3.500,joint_grid_transaction,58,58,1,6,2,0.000,1.00,2.596,False,None,0.000,False
119.296,3,en_route_delivery,-4.777,0.207,0.000,-3.500,joint_grid_transaction,58,58,0,11,3,123.520,0.40,1.971,True,None,0.000,True
119.296,4,en_route_delivery,4.065,2.611,3.000,-1.500,joint_grid_transaction,58,58,1,7,4,0.000,1.00,0.243,False,None,0.000,False
119.296,5,en_route_delivery,2.949,1.996,6.000,-3.500,joint_grid_transaction,58,58,1,3,5,0.000,1.00,0.078,False,None,0.000,False
119.296,6,en_route_pickup,-0.408,-2.587,-1.000,-1.500,joint_grid_transaction,58,58,1,2,6,122.528,0.40,-3.030,True,None,0.000,True
119.296,7,en_route_delivery,-4.309,-0.079,-1.000,1.500,joint_grid_transaction,58,58,0,4,8,0.000,1.00,1.653,True,None,0.000,True
119.296,8,en_route_pickup,0.047,-2.280,0.000,-3.500,joint_grid_transaction,58,58,0,2,7,0.000,1.00,-1.987,True,None,0.000,True
119.552,1,en_route_pickup,-0.310,-1.865,6.000,3.500,joint_grid_transaction,58,58,1,10,9,0.000,1.00,-0.222,True,None,0.000,True
119.552,2,en_route_delivery,1.880,3.013,0.000,-3.500,joint_grid_transaction,58,58,1,6,2,0.000,1.00,2.757,False,None,0.000,False
119.552,3,en_route_delivery,-4.777,0.207,0.000,-3.500,joint_grid_transaction,58,58,0,11,3,123.520,0.40,1.971,True,None,0.000,True
119.552,4,en_route_delivery,4.069,2.612,3.000,-1.500,joint_grid_transaction,58,58,1,7,4,0.000,1.00,0.136,False,None,0.000,False
119.552,5,en_route_delivery,2.991,1.999,6.000,-3.500,joint_grid_transaction,58,58,1,3,5,0.000,1.00,0.078,False,None,0.000,False
119.552,6,en_route_pickup,-0.408,-2.587,-1.000,-1.500,joint_grid_transaction,58,58,1,2,6,122.528,0.40,-3.030,True,None,0.000,True
119.552,7,en_route_delivery,-4.309,-0.079,-1.000,1.500,joint_grid_transaction,58,58,0,4,8,0.000,1.00,1.653,True,None,0.000,True
119.552,8,en_route_pickup,0.047,-2.280,0.000,-3.500,joint_grid_transaction,58,58,0,2,7,0.000,1.00,-1.987,True,None,0.000,True
119.808,1,en_route_pickup,-0.310,-1.865,6.000,3.500,joint_grid_transaction,58,58,1,10,9,0.000,1.00,-0.222,True,None,0.000,True
119.808,2,en_route_delivery,1.851,3.005,0.000,-3.500,joint_grid_transaction,58,58,1,6,2,0.000,1.00,2.864,False,None,0.000,False
119.808,3,en_route_delivery,-4.777,0.207,0.000,-3.500,joint_grid_transaction,58,58,0,11,3,123.520,0.40,1.971,True,None,0.000,True
119.808,4,en_route_delivery,4.061,2.614,3.000,-1.500,joint_grid_transaction,58,58,1,7,4,0.000,1.00,0.337,False,None,0.000,False
119.808,5,en_route_delivery,3.033,2.003,6.000,-3.500,joint_grid_transaction,58,58,1,3,5,0.000,1.00,0.078,False,None,0.000,False
119.808,6,en_route_pickup,-0.408,-2.587,-1.000,-1.500,joint_grid_transaction,58,58,1,2,6,122.528,0.40,-3.030,True,None,0.000,True
119.808,7,en_route_delivery,-4.309,-0.079,-1.000,1.500,joint_grid_transaction,58,58,0,4,8,0.000,1.00,1.653,True,None,0.000,True
119.808,8,en_route_pickup,0.047,-2.280,0.000,-3.500,joint_grid_transaction,58,58,0,2,7,0.000,1.00,-1.987,True,None,0.000,True
120.064,1,en_route_pickup,-0.310,-1.865,6.000,3.500,joint_grid_transaction,58,58,1,10,9,0.000,1.00,-0.222,True,None,0.000,True
120.064,2,en_route_delivery,1.806,2.995,0.000,-3.500,joint_grid_transaction,58,58,1,6,2,0.000,1.00,2.960,False,None,0.000,False
120.064,3,en_route_delivery,-4.777,0.207,0.000,-3.500,joint_grid_transaction,58,58,0,11,3,123.520,0.40,1.971,True,None,0.000,True
120.064,4,en_route_delivery,4.085,2.629,3.000,-1.500,joint_grid_transaction,58,58,1,7,4,0.000,1.00,0.456,False,None,0.000,False
120.064,5,en_route_delivery,3.074,2.006,6.000,-3.500,joint_grid_transaction,58,58,1,3,5,0.000,1.00,0.078,False,None,0.000,False
120.064,6,en_route_pickup,-0.408,-2.587,-1.000,-1.500,joint_grid_transaction,58,58,1,2,6,122.528,0.40,-3.030,True,None,0.000,True
120.064,7,en_route_delivery,-4.309,-0.079,-1.000,1.500,joint_grid_transaction,58,58,0,4,8,0.000,1.00,1.653,True,None,0.000,True
120.064,8,en_route_pickup,0.047,-2.280,0.000,-3.500,joint_grid_transaction,58,58,0,2,7,0.000,1.00,-1.987,True,None,0.000,True
120.320,1,en_route_pickup,-0.310,-1.865,6.000,3.500,joint_grid_transaction,58,58,1,10,9,0.000,1.00,-0.222,True,None,0.000,True
120.320,2,en_route_delivery,1.759,2.988,0.000,-3.500,joint_grid_transaction,58,58,1,6,2,0.000,1.00,3.017,False,None,0.000,False
120.320,3,en_route_delivery,-4.777,0.207,0.000,-3.500,joint_grid_transaction,58,58,0,11,3,123.520,0.40,1.971,True,None,0.000,True
120.320,4,en_route_delivery,4.127,2.652,3.000,-1.500,joint_grid_transaction,58,58,1,7,4,0.000,1.00,0.543,False,None,0.000,False
120.320,5,en_route_delivery,3.116,2.009,6.000,-3.500,joint_grid_transaction,58,58,1,3,5,0.000,1.00,0.078,False,None,0.000,False
120.320,6,en_route_pickup,-0.408,-2.587,-1.000,-1.500,joint_grid_transaction,58,58,1,2,6,122.528,0.40,-3.030,True,None,0.000,True
120.320,7,en_route_delivery,-4.309,-0.079,-1.000,1.500,joint_grid_transaction,58,58,0,4,8,0.000,1.00,1.653,True,None,0.000,True
120.320,8,en_route_pickup,0.047,-2.280,0.000,-3.500,joint_grid_transaction,58,58,0,2,7,0.000,1.00,-1.987,True,None,0.000,True
120.576,1,en_route_pickup,-0.310,-1.865,6.000,3.500,joint_grid_transaction,58,58,1,10,9,0.000,1.00,-0.222,True,None,0.000,True
120.576,2,en_route_delivery,1.711,2.982,0.000,-3.500,joint_grid_transaction,58,58,1,6,2,0.000,1.00,3.048,False,None,0.000,False
120.576,3,en_route_delivery,-4.777,0.207,0.000,-3.500,joint_grid_transaction,58,58,0,11,3,123.520,0.40,1.971,True,None,0.000,True
120.576,4,en_route_delivery,4.167,2.677,3.000,-1.500,joint_grid_transaction,58,58,1,7,4,0.000,1.00,0.597,False,None,0.000,False
120.576,5,en_route_delivery,3.157,2.013,6.000,-3.500,joint_grid_transaction,58,58,1,3,5,0.000,1.00,0.079,False,None,0.000,False
120.576,6,en_route_pickup,-0.408,-2.587,-1.000,-1.500,joint_grid_transaction,58,58,1,2,6,122.528,0.40,-3.030,True,None,0.000,True
120.576,7,en_route_delivery,-4.309,-0.079,-1.000,1.500,joint_grid_transaction,58,58,0,4,8,0.000,1.00,1.653,True,None,0.000,True
120.576,8,en_route_pickup,0.047,-2.280,0.000,-3.500,joint_grid_transaction,58,58,0,2,7,0.000,1.00,-1.987,True,None,0.000,True
120.832,1,en_route_pickup,-0.310,-1.865,6.000,3.500,joint_grid_transaction,58,58,1,10,9,0.000,1.00,-0.222,True,None,0.000,True
120.832,2,en_route_delivery,1.667,2.978,0.000,-3.500,joint_grid_transaction,58,58,1,6,2,0.000,1.00,3.052,False,None,0.000,False
120.832,3,en_route_delivery,-4.777,0.207,0.000,-3.500,joint_grid_transaction,58,58,0,11,3,123.520,0.40,1.971,True,None,0.000,True
120.832,4,en_route_delivery,4.205,2.705,3.000,-1.500,joint_grid_transaction,58,58,1,7,4,0.000,1.00,0.630,False,None,0.000,False
120.832,5,en_route_delivery,3.198,2.016,6.000,-3.500,joint_grid_transaction,58,58,1,3,5,0.000,1.00,0.079,False,None,0.000,False
120.832,6,en_route_pickup,-0.408,-2.587,-1.000,-1.500,joint_grid_transaction,58,58,1,2,6,122.528,0.40,-3.030,True,None,0.000,True
120.832,7,en_route_delivery,-4.309,-0.079,-1.000,1.500,joint_grid_transaction,58,58,0,4,8,0.000,1.00,1.653,True,None,0.000,True
120.832,8,en_route_pickup,0.047,-2.280,0.000,-3.500,joint_grid_transaction,58,58,0,2,7,0.000,1.00,-1.987,True,None,0.000,True
121.088,1,en_route_pickup,-0.310,-1.865,6.000,3.500,joint_grid_transaction,58,58,1,10,9,0.000,1.00,-0.222,True,None,0.000,True
121.088,2,en_route_delivery,1.623,2.975,0.000,-3.500,joint_grid_transaction,58,58,1,6,2,0.000,1.00,3.053,False,None,0.000,False
121.088,3,en_route_delivery,-4.777,0.207,0.000,-3.500,joint_grid_transaction,58,58,0,11,3,123.520,0.40,1.971,True,None,0.000,True
121.088,4,en_route_delivery,4.244,2.733,3.000,-1.500,joint_grid_transaction,58,58,1,7,4,0.000,1.00,0.650,False,None,0.000,False
121.088,5,en_route_delivery,3.239,2.019,6.000,-3.500,joint_grid_transaction,58,58,1,3,5,0.000,1.00,0.079,False,None,0.000,False
121.088,6,en_route_pickup,-0.408,-2.587,-1.000,-1.500,joint_grid_transaction,58,58,1,2,6,122.528,0.40,-3.030,True,None,0.000,True
121.088,7,en_route_delivery,-4.309,-0.079,-1.000,1.500,joint_grid_transaction,58,58,0,4,8,0.000,1.00,1.653,True,None,0.000,True
121.088,8,en_route_pickup,0.047,-2.280,0.000,-3.500,joint_grid_transaction,58,58,0,2,7,0.000,1.00,-1.987,True,None,0.000,True
121.344,1,en_route_pickup,-0.310,-1.865,6.000,3.500,joint_grid_transaction,59,59,0,8,9,0.000,1.00,-0.222,True,None,0.000,True
121.344,2,en_route_delivery,1.579,2.971,0.000,-3.500,joint_grid_transaction,59,59,1,6,2,0.000,1.00,3.053,False,None,0.000,False
121.344,3,en_route_delivery,-4.777,0.207,0.000,-3.500,joint_grid_transaction,59,59,0,11,3,123.520,0.40,1.971,True,None,0.000,True
121.344,4,en_route_delivery,4.269,2.722,3.000,-1.500,joint_grid_transaction,59,59,1,7,4,0.000,1.00,0.376,False,None,0.000,False
121.344,5,en_route_delivery,3.237,2.021,6.000,-3.500,joint_grid_transaction,59,59,1,10,5,0.000,1.00,0.311,False,None,0.000,False
121.344,6,en_route_pickup,-0.408,-2.587,-1.000,-1.500,joint_grid_transaction,59,59,1,2,6,122.528,0.40,-3.025,True,None,0.000,True
121.344,7,en_route_delivery,-4.309,-0.079,-1.000,1.500,joint_grid_transaction,59,59,0,4,8,0.000,1.00,1.653,True,None,0.000,True
121.344,8,en_route_pickup,0.047,-2.280,0.000,-3.500,joint_grid_transaction,59,59,0,2,7,0.000,1.00,-1.987,True,None,0.000,True
121.600,1,en_route_pickup,-0.310,-1.865,6.000,3.500,joint_grid_transaction,59,59,0,8,9,0.000,1.00,-0.222,True,None,0.000,True
121.600,2,en_route_delivery,1.535,2.967,0.000,-3.500,joint_grid_transaction,59,59,1,6,2,0.000,1.00,3.053,False,None,0.000,False
121.600,3,en_route_delivery,-4.777,0.207,0.000,-3.500,joint_grid_transaction,59,59,0,11,3,123.520,0.40,1.971,True,None,0.000,True
121.600,4,en_route_delivery,4.282,2.717,3.000,-1.500,joint_grid_transaction,59,59,1,7,4,0.000,1.00,0.015,False,None,0.000,False
121.600,5,en_route_delivery,3.230,2.027,6.000,-3.500,joint_grid_transaction,59,59,1,10,5,0.000,1.00,0.459,False,None,0.000,False
121.600,6,en_route_pickup,-0.408,-2.587,-1.000,-1.500,joint_grid_transaction,59,59,1,2,6,122.528,0.40,-3.025,True,None,0.000,True
121.600,7,en_route_delivery,-4.309,-0.079,-1.000,1.500,joint_grid_transaction,59,59,0,4,8,0.000,1.00,1.653,True,None,0.000,True
121.600,8,en_route_pickup,0.047,-2.280,0.000,-3.500,joint_grid_transaction,59,59,0,2,7,0.000,1.00,-1.987,True,None,0.000,True
121.856,1,en_route_pickup,-0.310,-1.865,6.000,3.500,joint_grid_transaction,59,59,0,8,9,0.000,1.00,-0.222,True,None,0.000,True
121.856,2,en_route_delivery,1.491,2.963,0.000,-3.500,joint_grid_transaction,59,59,1,6,2,0.000,1.00,3.053,False,None,0.000,False
121.856,3,en_route_delivery,-4.777,0.207,0.000,-3.500,joint_grid_transaction,59,59,0,11,3,123.520,0.40,1.971,True,None,0.000,True
121.856,4,en_route_delivery,4.268,2.714,3.000,-1.500,joint_grid_transaction,59,59,1,7,4,0.000,1.00,0.400,False,None,0.000,False
121.856,5,en_route_delivery,3.270,2.051,6.000,-3.500,joint_grid_transaction,59,59,1,10,5,0.000,1.00,0.574,False,None,0.000,False
121.856,6,en_route_pickup,-0.408,-2.587,-1.000,-1.500,joint_grid_transaction,59,59,1,2,6,122.528,0.40,-3.025,True,None,0.000,True
121.856,7,en_route_delivery,-4.309,-0.079,-1.000,1.500,joint_grid_transaction,59,59,0,4,8,0.000,1.00,1.653,True,None,0.000,True
121.856,8,en_route_pickup,0.047,-2.280,0.000,-3.500,joint_grid_transaction,59,59,0,2,7,0.000,1.00,-1.987,True,None,0.000,True
122.112,1,en_route_pickup,-0.310,-1.865,6.000,3.500,joint_grid_transaction,59,59,0,8,9,0.000,1.00,-0.222,True,None,0.000,True
122.112,2,en_route_delivery,1.447,2.959,0.000,-3.500,joint_grid_transaction,59,59,1,6,2,0.000,1.00,3.053,False,None,0.000,False
122.112,3,en_route_delivery,-4.777,0.207,0.000,-3.500,joint_grid_transaction,59,59,0,11,3,123.520,0.40,1.971,True,None,0.000,True
122.112,4,en_route_delivery,4.243,2.698,3.000,-1.500,joint_grid_transaction,59,59,1,7,4,0.000,1.00,0.682,False,None,0.000,False
122.112,5,en_route_delivery,3.308,2.078,6.000,-3.500,joint_grid_transaction,59,59,1,10,5,0.000,1.00,0.649,False,None,0.000,False
122.112,6,en_route_pickup,-0.408,-2.587,-1.000,-1.500,joint_grid_transaction,59,59,1,2,6,122.528,0.40,-3.025,True,None,0.000,True
122.112,7,en_route_delivery,-4.309,-0.079,-1.000,1.500,joint_grid_transaction,59,59,0,4,8,0.000,1.00,1.653,True,None,0.000,True
122.112,8,en_route_pickup,0.047,-2.280,0.000,-3.500,joint_grid_transaction,59,59,0,2,7,0.000,1.00,-1.987,True,None,0.000,True
122.368,1,en_route_pickup,-0.310,-1.865,6.000,3.500,joint_grid_transaction,59,59,0,8,9,0.000,1.00,-0.222,True,None,0.000,True
122.368,2,en_route_delivery,1.403,2.955,0.000,-3.500,joint_grid_transaction,59,59,1,6,2,0.000,1.00,3.053,False,None,0.000,False
122.368,3,en_route_delivery,-4.777,0.207,0.000,-3.500,joint_grid_transaction,59,59,0,11,3,123.520,0.40,1.971,True,None,0.000,True
122.368,4,en_route_delivery,4.218,2.674,3.000,-1.500,joint_grid_transaction,59,59,1,7,4,0.000,1.00,0.896,False,None,0.000,False
122.368,5,en_route_delivery,3.345,2.107,6.000,-3.500,joint_grid_transaction,59,59,1,10,5,0.000,1.00,0.696,False,None,0.000,False
122.368,6,en_route_pickup,-0.408,-2.587,-1.000,-1.500,joint_grid_transaction,59,59,1,2,6,122.528,0.40,-3.025,True,None,0.000,True
122.368,7,en_route_delivery,-4.309,-0.079,-1.000,1.500,joint_grid_transaction,59,59,0,4,8,0.000,1.00,1.653,True,None,0.000,True
122.368,8,en_route_pickup,0.047,-2.280,0.000,-3.500,joint_grid_transaction,59,59,0,2,7,0.000,1.00,-1.987,True,None,0.000,True
122.624,1,en_route_pickup,-0.310,-1.865,6.000,3.500,joint_grid_transaction,59,59,0,8,9,0.000,1.00,-0.222,True,None,0.000,True
122.624,2,en_route_delivery,1.359,2.951,0.000,-3.500,joint_grid_transaction,59,59,1,6,2,0.000,1.00,3.054,False,None,0.000,False
122.624,3,en_route_delivery,-4.777,0.207,0.000,-3.500,joint_grid_transaction,59,59,0,11,3,123.520,0.40,1.971,True,None,0.000,True
122.624,4,en_route_delivery,4.205,2.658,3.000,-1.500,joint_grid_transaction,59,59,1,7,4,0.000,1.00,1.064,False,None,0.000,False
122.624,5,en_route_delivery,3.381,2.139,6.000,-3.500,joint_grid_transaction,59,59,1,10,5,0.000,1.00,0.727,False,None,0.000,False
122.624,6,en_route_pickup,-0.408,-2.587,-1.000,-1.500,joint_grid_transaction,59,59,1,2,6,0.000,1.00,-3.025,True,None,0.000,True
122.624,7,en_route_delivery,-4.309,-0.079,-1.000,1.500,joint_grid_transaction,59,59,0,4,8,0.000,1.00,1.653,True,None,0.000,True
122.624,8,en_route_pickup,0.047,-2.280,0.000,-3.500,joint_grid_transaction,59,59,0,2,7,0.000,1.00,-1.987,True,None,0.000,True
122.880,1,en_route_pickup,-0.310,-1.865,6.000,3.500,joint_grid_transaction,59,59,0,8,9,0.000,1.00,-0.222,True,None,0.000,True
122.880,2,en_route_delivery,1.315,2.947,0.000,-3.500,joint_grid_transaction,59,59,1,6,2,0.000,1.00,3.054,False,None,0.000,False
122.880,3,en_route_delivery,-4.777,0.207,0.000,-3.500,joint_grid_transaction,59,59,0,11,3,123.520,0.40,1.971,True,None,0.000,True
122.880,4,en_route_delivery,4.205,2.641,3.000,-1.500,joint_grid_transaction,59,59,1,7,4,0.000,1.00,1.176,False,None,0.000,False
122.880,5,en_route_delivery,3.416,2.171,6.000,-3.500,joint_grid_transaction,59,59,1,10,5,0.000,1.00,0.748,False,None,0.000,False
122.880,6,en_route_pickup,-0.408,-2.587,-1.000,-1.500,joint_grid_transaction,59,59,1,2,6,0.000,1.00,-3.025,True,None,0.000,True
122.880,7,en_route_delivery,-4.309,-0.079,-1.000,1.500,joint_grid_transaction,59,59,0,4,8,0.000,1.00,1.653,True,None,0.000,True
122.880,8,en_route_pickup,0.047,-2.280,0.000,-3.500,joint_grid_transaction,59,59,0,2,7,0.000,1.00,-1.987,True,None,0.000,True
123.136,1,en_route_pickup,-0.310,-1.865,6.000,3.500,joint_grid_transaction,60,59,0,15,9,0.000,1.00,-0.222,True,None,0.000,True
123.136,2,en_route_delivery,1.272,2.943,0.000,-3.500,joint_grid_transaction,60,59,1,6,2,0.000,1.00,3.054,False,None,0.000,False
123.136,3,en_route_delivery,-4.777,0.207,0.000,-3.500,joint_grid_transaction,60,59,0,11,3,123.520,0.40,1.971,True,None,0.000,True
123.136,4,en_route_delivery,4.220,2.597,3.000,-1.500,joint_grid_transaction,59,59,1,7,4,0.000,1.00,1.296,False,None,0.000,False
123.136,5,en_route_delivery,3.450,2.202,6.000,-3.500,joint_grid_transaction,60,59,1,11,5,0.000,1.00,0.760,False,None,0.000,False
123.136,6,en_route_pickup,-0.408,-2.586,-1.000,-1.500,joint_grid_transaction,60,59,1,2,6,0.000,1.00,-3.018,True,None,0.000,True
123.136,7,en_route_delivery,-4.309,-0.079,-1.000,1.500,joint_grid_transaction,60,59,0,4,8,0.000,1.00,1.653,True,None,0.000,True
123.136,8,en_route_pickup,0.047,-2.280,0.000,-3.500,joint_grid_transaction,60,59,0,2,7,0.000,1.00,-1.987,True,None,0.000,True
123.392,1,en_route_pickup,-0.310,-1.865,6.000,3.500,joint_grid_transaction,60,60,0,15,9,0.000,1.00,-0.222,True,None,0.000,True
123.392,2,en_route_delivery,1.228,2.940,0.000,-3.500,joint_grid_transaction,60,60,1,6,2,0.000,1.00,3.054,False,None,0.000,False
123.392,3,en_route_delivery,-4.777,0.207,0.000,-3.500,joint_grid_transaction,60,60,0,11,3,123.520,0.40,1.971,True,None,0.000,True
123.392,4,en_route_delivery,4.231,2.551,3.000,-1.500,joint_grid_transaction,59,59,1,7,4,0.000,1.00,1.377,False,None,0.000,False
123.392,5,en_route_delivery,3.485,2.236,6.000,-3.500,joint_grid_transaction,60,60,2,11,5,0.000,1.00,0.770,False,None,0.000,False
123.392,6,en_route_pickup,-0.408,-2.586,-1.000,-1.500,joint_grid_transaction,60,60,1,2,6,0.000,1.00,-3.018,True,None,0.000,True
123.392,7,en_route_delivery,-4.309,-0.079,-1.000,1.500,joint_grid_transaction,60,60,0,4,8,0.000,1.00,1.653,True,None,0.000,True
123.392,8,en_route_pickup,0.047,-2.280,0.000,-3.500,joint_grid_transaction,60,60,0,2,7,0.000,1.00,-1.987,True,None,0.000,True
123.648,1,en_route_pickup,-0.310,-1.865,6.000,3.500,joint_grid_transaction,60,60,0,15,9,0.000,1.00,-0.222,True,None,0.000,True
123.648,2,en_route_delivery,1.184,2.936,0.000,-3.500,joint_grid_transaction,60,60,1,6,2,0.000,1.00,3.054,False,None,0.000,False
123.648,3,en_route_delivery,-4.777,0.207,0.000,-3.500,joint_grid_transaction,60,60,0,11,3,0.000,0.40,1.971,True,None,0.000,True
123.648,4,en_route_delivery,4.239,2.504,3.000,-1.500,joint_grid_transaction,59,59,1,7,4,0.000,1.00,1.434,False,None,0.000,False
123.648,5,en_route_delivery,3.507,2.252,6.000,-3.500,_priority_yield_resume,61,60,2,2,5,0.000,1.00,0.738,False,None,0.000,False
123.648,6,en_route_pickup,-0.408,-2.586,-1.000,-1.500,joint_grid_transaction,60,60,1,2,6,0.000,1.00,-3.018,True,None,0.000,True
123.648,7,en_route_delivery,-4.309,-0.079,-1.000,1.500,joint_grid_transaction,60,60,0,4,8,0.000,1.00,1.653,True,None,0.000,True
123.648,8,en_route_pickup,0.047,-2.280,0.000,-3.500,joint_grid_transaction,60,60,0,2,7,0.000,1.00,-1.987,True,None,0.000,True
123.904,1,en_route_pickup,-0.310,-1.865,6.000,3.500,joint_grid_transaction,60,60,0,15,9,0.000,1.00,-0.222,True,None,0.000,True
123.904,2,en_route_delivery,1.140,2.932,0.000,-3.500,joint_grid_transaction,60,60,1,6,2,0.000,1.00,3.054,False,None,0.000,False
123.904,3,en_route_delivery,-4.777,0.207,0.000,-3.500,joint_grid_transaction,60,60,0,11,3,0.000,1.00,1.971,True,None,0.000,True
123.904,4,en_route_delivery,4.244,2.465,3.000,-1.500,joint_grid_transaction,59,59,2,7,4,0.000,1.00,1.421,False,None,0.000,False
123.904,5,en_route_delivery,3.516,2.245,6.000,-3.500,_priority_yield_resume,61,60,0,2,5,0.000,0.55,0.665,False,None,0.000,False
123.904,6,en_route_pickup,-0.408,-2.586,-1.000,-1.500,joint_grid_transaction,60,60,1,2,6,0.000,1.00,-3.018,True,None,0.000,True
123.904,7,en_route_delivery,-4.309,-0.079,-1.000,1.500,joint_grid_transaction,60,60,0,4,8,0.000,1.00,1.653,True,None,0.000,True
123.904,8,en_route_pickup,0.047,-2.280,0.000,-3.500,joint_grid_transaction,60,60,0,2,7,0.000,1.00,-1.987,True,None,0.000,True
124.160,1,en_route_pickup,-0.310,-1.865,6.000,3.500,joint_grid_transaction,60,60,0,15,9,0.000,1.00,-0.222,True,None,0.000,True
124.160,2,en_route_delivery,1.096,2.928,0.000,-3.500,joint_grid_transaction,60,60,1,6,2,0.000,1.00,3.054,False,None,0.000,False
124.160,3,en_route_delivery,-4.777,0.207,0.000,-3.500,joint_grid_transaction,60,60,0,11,3,0.000,1.00,1.971,True,None,0.000,True
124.160,4,en_route_delivery,4.247,2.466,3.000,-1.500,joint_grid_transaction,59,59,2,7,4,0.000,1.00,1.260,False,None,0.000,False
124.160,5,en_route_delivery,3.524,2.239,6.000,-3.500,_priority_yield_resume,61,60,0,2,5,0.000,0.55,0.587,False,None,0.000,False
124.160,6,en_route_pickup,-0.408,-2.586,-1.000,-1.500,joint_grid_transaction,60,60,1,2,6,0.000,1.00,-3.018,True,None,0.000,True
124.160,7,en_route_delivery,-4.309,-0.079,-1.000,1.500,joint_grid_transaction,60,60,0,4,8,0.000,1.00,1.653,True,None,0.000,True
124.160,8,en_route_pickup,0.047,-2.280,0.000,-3.500,joint_grid_transaction,60,60,0,2,7,0.000,1.00,-1.987,True,None,0.000,True
124.416,1,en_route_pickup,-0.310,-1.865,6.000,3.500,joint_grid_transaction,60,60,0,15,9,0.000,1.00,-0.222,True,None,0.000,True
124.416,2,en_route_delivery,1.053,2.924,0.000,-3.500,joint_grid_transaction,60,60,1,6,2,0.000,1.00,3.055,False,None,0.000,False
124.416,3,en_route_delivery,-4.777,0.207,0.000,-3.500,joint_grid_transaction,60,60,0,11,3,0.000,1.00,1.971,True,None,0.000,True
124.416,4,en_route_delivery,4.265,2.425,3.000,-1.500,joint_grid_transaction,59,59,2,7,4,0.000,1.00,1.157,False,None,0.000,False
124.416,5,en_route_delivery,3.532,2.235,6.000,-3.500,_priority_yield_resume,61,60,0,2,5,0.000,0.55,0.502,False,None,0.000,False
124.416,6,en_route_pickup,-0.408,-2.586,-1.000,-1.500,joint_grid_transaction,60,60,1,2,6,0.000,1.00,-3.018,True,None,0.000,True
124.416,7,en_route_delivery,-4.309,-0.079,-1.000,1.500,joint_grid_transaction,60,60,0,4,8,0.000,1.00,1.653,True,None,0.000,True
124.416,8,en_route_pickup,0.047,-2.280,0.000,-3.500,joint_grid_transaction,60,60,0,2,7,0.000,1.00,-1.987,True,None,0.000,True
124.672,1,en_route_pickup,-0.310,-1.865,6.000,3.500,joint_grid_transaction,60,60,0,15,9,0.000,1.00,-0.222,True,None,0.000,True
124.672,2,en_route_delivery,1.009,2.920,0.000,-3.500,joint_grid_transaction,60,60,1,6,2,0.000,1.00,3.055,False,None,0.000,False
124.672,3,en_route_delivery,-4.777,0.207,0.000,-3.500,joint_grid_transaction,60,60,0,11,3,0.000,1.00,1.971,True,None,0.000,True
124.672,4,en_route_delivery,4.285,2.382,3.000,-1.500,joint_grid_transaction,59,59,2,7,4,0.000,1.00,1.081,False,None,0.000,False
124.672,5,en_route_delivery,3.539,2.231,6.000,-3.500,_priority_yield_resume,61,60,0,2,5,0.000,0.55,0.410,False,None,0.000,False
124.672,6,en_route_pickup,-0.408,-2.586,-1.000,-1.500,joint_grid_transaction,60,60,1,2,6,0.000,1.00,-3.018,True,None,0.000,True
124.672,7,en_route_delivery,-4.309,-0.079,-1.000,1.500,joint_grid_transaction,60,60,0,4,8,0.000,1.00,1.653,True,None,0.000,True
124.672,8,en_route_pickup,0.047,-2.280,0.000,-3.500,joint_grid_transaction,60,60,0,2,7,0.000,1.00,-1.987,True,None,0.000,True
124.928,1,en_route_pickup,-0.310,-1.865,6.000,3.500,joint_grid_transaction,60,60,0,15,9,0.000,1.00,-0.222,True,None,0.000,True
124.928,2,en_route_delivery,0.965,2.917,0.000,-3.500,joint_grid_transaction,60,60,1,6,2,0.000,1.00,3.055,False,None,0.000,False
124.928,3,en_route_delivery,-4.777,0.207,0.000,-3.500,joint_grid_transaction,60,60,0,11,3,0.000,1.00,1.971,True,None,0.000,True
124.928,4,en_route_delivery,4.309,2.341,3.000,-1.500,joint_grid_transaction,59,59,2,7,4,0.000,1.00,1.036,False,None,0.000,False
124.928,5,en_route_delivery,3.545,2.229,6.000,-3.500,_priority_yield_resume,61,60,0,2,5,0.000,0.55,0.309,False,None,0.000,False
124.928,6,en_route_pickup,-0.408,-2.586,-1.000,-1.500,joint_grid_transaction,60,60,1,2,6,0.000,1.00,-3.018,True,None,0.000,True
124.928,7,en_route_delivery,-4.309,-0.079,-1.000,1.500,joint_grid_transaction,60,60,0,4,8,0.000,1.00,1.653,True,None,0.000,True
124.928,8,en_route_pickup,0.047,-2.280,0.000,-3.500,joint_grid_transaction,60,60,0,2,7,0.000,1.00,-1.987,True,None,0.000,True
125.184,1,en_route_pickup,-0.310,-1.865,6.000,3.500,joint_grid_transaction,60,60,0,15,9,0.000,1.00,-0.222,True,None,0.000,True
125.184,2,en_route_delivery,0.921,2.913,0.000,-3.500,joint_grid_transaction,60,60,1,6,2,0.000,1.00,3.055,False,None,0.000,False
125.184,3,en_route_delivery,-4.777,0.207,0.000,-3.500,joint_grid_transaction,60,60,0,11,3,0.000,1.00,1.971,True,None,0.000,True
125.184,4,en_route_delivery,4.334,2.300,3.000,-1.500,joint_grid_transaction,59,59,2,7,4,0.000,1.00,1.008,False,None,0.000,False
125.184,5,en_route_delivery,3.547,2.228,6.000,-3.500,joint_grid_transaction,61,60,0,0,5,135.024,0.40,0.262,False,None,0.000,False
125.184,6,en_route_pickup,-0.408,-2.586,-1.000,-1.500,joint_grid_transaction,60,60,1,2,6,0.000,1.00,-3.018,True,None,0.000,True
125.184,7,en_route_delivery,-4.309,-0.079,-1.000,1.500,joint_grid_transaction,60,60,0,4,8,0.000,1.00,1.653,True,None,0.000,True
125.184,8,en_route_pickup,0.047,-2.280,0.000,-3.500,joint_grid_transaction,60,60,0,2,7,0.000,1.00,-1.987,True,None,0.000,True
125.440,1,en_route_pickup,-0.310,-1.865,6.000,3.500,joint_grid_transaction,60,60,0,15,9,0.000,1.00,-0.222,True,None,0.000,True
125.440,2,en_route_delivery,0.878,2.909,0.000,-3.500,joint_grid_transaction,60,60,1,6,2,0.000,1.00,3.055,False,None,0.000,False
125.440,3,en_route_delivery,-4.777,0.207,0.000,-3.500,joint_grid_transaction,60,60,0,11,3,0.000,1.00,1.971,True,None,0.000,True
125.440,4,en_route_delivery,4.359,2.260,3.000,-1.500,joint_grid_transaction,59,59,2,7,4,0.000,1.00,0.991,False,None,0.000,False
125.440,5,en_route_delivery,3.547,2.228,6.000,-3.500,joint_grid_transaction,61,60,0,0,5,135.024,0.40,0.262,False,None,0.000,False
125.440,6,en_route_pickup,-0.408,-2.586,-1.000,-1.500,joint_grid_transaction,60,60,1,2,6,0.000,1.00,-3.018,True,None,0.000,True
125.440,7,en_route_delivery,-4.309,-0.079,-1.000,1.500,joint_grid_transaction,60,60,0,4,8,0.000,1.00,1.653,True,None,0.000,True
125.440,8,en_route_pickup,0.047,-2.280,0.000,-3.500,joint_grid_transaction,60,60,0,2,7,0.000,1.00,-1.987,True,None,0.000,True
125.696,1,en_route_pickup,-0.310,-1.865,6.000,3.500,joint_grid_transaction,60,60,0,15,9,125.820,0.65,-0.222,True,None,0.000,True
125.696,2,en_route_delivery,0.834,2.905,0.000,-3.500,joint_grid_transaction,60,60,1,6,2,0.000,1.00,3.055,False,None,0.000,False
125.696,3,en_route_delivery,-4.777,0.207,0.000,-3.500,joint_grid_transaction,60,60,0,11,3,125.820,0.40,1.971,True,None,0.000,True
125.696,4,en_route_delivery,4.386,2.220,3.000,-1.500,joint_grid_transaction,59,59,2,7,4,0.000,1.00,0.981,False,None,0.000,False
125.696,5,en_route_delivery,3.547,2.228,6.000,-3.500,joint_grid_transaction,61,60,0,0,5,135.024,0.40,0.262,False,None,0.000,False
125.696,6,en_route_pickup,-0.408,-2.586,-1.000,-1.500,joint_grid_transaction,60,60,1,2,6,125.820,0.40,-3.018,True,None,0.000,True
125.696,7,en_route_delivery,-4.309,-0.079,-1.000,1.500,joint_grid_transaction,60,60,0,4,8,125.820,0.65,1.653,True,None,0.000,True
125.696,8,en_route_pickup,0.047,-2.280,0.000,-3.500,joint_grid_transaction,60,60,0,2,7,125.820,0.65,-1.987,True,None,0.000,True
125.952,1,en_route_pickup,-0.310,-1.865,6.000,3.500,joint_grid_transaction,60,60,0,15,9,0.000,0.65,-0.222,True,None,0.000,True
125.952,2,en_route_delivery,0.791,2.901,0.000,-3.500,joint_grid_transaction,60,60,1,6,2,0.000,1.00,3.055,False,None,0.000,False
125.952,3,en_route_delivery,-4.777,0.207,0.000,-3.500,joint_grid_transaction,60,60,0,11,3,0.000,0.40,1.971,True,None,0.000,True
125.952,4,en_route_delivery,4.413,2.181,3.000,-1.500,joint_grid_transaction,59,59,2,7,4,0.000,1.00,0.974,False,None,0.000,False
125.952,5,en_route_delivery,3.547,2.228,6.000,-3.500,joint_grid_transaction,61,60,0,0,5,135.024,0.40,0.262,False,None,0.000,False
125.952,6,en_route_pickup,-0.408,-2.586,-1.000,-1.500,joint_grid_transaction,60,60,1,2,6,0.000,0.40,-3.018,True,None,0.000,True
125.952,7,en_route_delivery,-4.309,-0.079,-1.000,1.500,joint_grid_transaction,60,60,0,4,8,0.000,0.65,1.653,True,None,0.000,True
125.952,8,en_route_pickup,0.047,-2.280,0.000,-3.500,joint_grid_transaction,60,60,0,2,7,0.000,0.65,-1.987,True,None,0.000,True
126.208,1,en_route_pickup,-0.310,-1.865,6.000,3.500,joint_grid_transaction,60,60,0,15,9,126.316,0.65,-0.222,True,None,0.000,True
126.208,2,en_route_delivery,0.747,2.898,0.000,-3.500,joint_grid_transaction,63,60,1,6,2,0.000,1.00,3.055,False,None,0.000,False
126.208,3,en_route_delivery,-4.777,0.207,0.000,-3.500,joint_grid_transaction,63,60,0,11,3,126.316,0.40,1.971,True,None,0.000,True
126.208,4,en_route_delivery,4.425,2.152,3.000,-1.500,joint_grid_transaction,63,59,2,4,4,0.000,1.00,1.051,False,None,0.000,False
126.208,5,en_route_delivery,3.546,2.228,6.000,-3.500,joint_grid_transaction,63,60,0,4,5,135.024,0.40,0.284,False,None,0.000,False
126.208,6,en_route_pickup,-0.408,-2.586,-1.000,-1.500,joint_grid_transaction,63,60,1,2,6,126.316,0.40,-3.013,True,None,0.000,True
126.208,7,en_route_delivery,-4.309,-0.079,-1.000,1.500,joint_grid_transaction,63,60,0,4,8,126.316,0.65,1.653,True,None,0.000,True
126.208,8,en_route_pickup,0.047,-2.280,0.000,-3.500,joint_grid_transaction,63,60,0,2,7,126.316,0.65,-1.987,True,None,0.000,True
126.464,1,en_route_pickup,-0.310,-1.865,6.000,3.500,joint_grid_transaction,60,60,0,15,9,0.000,0.65,-0.222,True,None,0.000,True
126.464,2,en_route_delivery,0.703,2.894,0.000,-3.500,joint_grid_transaction,63,63,1,6,2,0.000,1.00,3.055,False,None,0.000,False
126.464,3,en_route_delivery,-4.777,0.207,0.000,-3.500,joint_grid_transaction,63,63,0,11,3,0.000,0.40,1.971,True,None,0.000,True
126.464,4,en_route_delivery,4.418,2.141,3.000,-1.500,joint_grid_transaction,63,63,1,4,4,0.000,1.00,1.193,False,None,0.000,False
126.464,5,en_route_delivery,3.544,2.229,6.000,-3.500,joint_grid_transaction,63,63,1,4,5,135.024,0.40,0.331,False,None,0.000,False
126.464,6,en_route_pickup,-0.408,-2.586,-1.000,-1.500,joint_grid_transaction,63,63,1,2,6,0.000,0.40,-3.013,True,None,0.000,True
126.464,7,en_route_delivery,-4.309,-0.079,-1.000,1.500,joint_grid_transaction,63,63,0,4,8,0.000,0.65,1.653,True,None,0.000,True
126.464,8,en_route_pickup,0.047,-2.280,0.000,-3.500,joint_grid_transaction,63,63,0,2,7,0.000,0.65,-1.987,True,None,0.000,True
126.720,1,en_route_pickup,-0.310,-1.865,6.000,3.500,joint_grid_transaction,60,60,0,15,9,0.000,0.65,-0.222,True,None,0.000,True
126.720,2,en_route_delivery,0.660,2.890,0.000,-3.500,joint_grid_transaction,63,63,1,6,2,0.000,1.00,3.056,False,None,0.000,False
126.720,3,en_route_delivery,-4.777,0.207,0.000,-3.500,joint_grid_transaction,63,63,0,11,3,0.000,0.40,1.971,True,None,0.000,True
126.720,4,en_route_delivery,4.432,2.101,3.000,-1.500,joint_grid_transaction,63,63,1,4,4,0.000,1.00,1.296,False,None,0.000,False
126.720,5,en_route_delivery,3.541,2.230,6.000,-3.500,joint_grid_transaction,63,63,1,4,5,135.024,0.40,0.372,False,None,0.000,False
126.720,6,en_route_pickup,-0.408,-2.586,-1.000,-1.500,joint_grid_transaction,63,63,1,2,6,0.000,0.40,-3.013,True,None,0.000,True
126.720,7,en_route_delivery,-4.309,-0.079,-1.000,1.500,joint_grid_transaction,63,63,0,4,8,0.000,0.65,1.653,True,None,0.000,True
126.720,8,en_route_pickup,0.047,-2.280,0.000,-3.500,joint_grid_transaction,63,63,0,2,7,0.000,0.65,-1.987,True,None,0.000,True
126.976,1,en_route_pickup,-0.310,-1.865,6.000,3.500,joint_grid_transaction,60,60,0,15,9,0.000,0.65,-0.222,True,None,0.000,True
126.976,2,en_route_delivery,0.616,2.886,0.000,-3.500,joint_grid_transaction,63,63,1,6,2,0.000,1.00,3.056,False,None,0.000,False
126.976,3,en_route_delivery,-4.777,0.207,0.000,-3.500,joint_grid_transaction,63,63,0,11,3,0.000,0.40,1.971,True,None,0.000,True
126.976,4,en_route_delivery,4.443,2.055,3.000,-1.500,joint_grid_transaction,63,63,1,4,4,0.000,1.00,1.376,False,None,0.000,False
126.976,5,en_route_delivery,3.539,2.231,6.000,-3.500,joint_grid_transaction,63,63,1,4,5,135.024,0.40,0.409,False,None,0.000,False
126.976,6,en_route_pickup,-0.408,-2.586,-1.000,-1.500,joint_grid_transaction,63,63,1,2,6,0.000,0.40,-3.013,True,None,0.000,True
126.976,7,en_route_delivery,-4.309,-0.079,-1.000,1.500,joint_grid_transaction,63,63,0,4,8,0.000,0.65,1.653,True,None,0.000,True
126.976,8,en_route_pickup,0.047,-2.280,0.000,-3.500,joint_grid_transaction,63,63,0,2,7,0.000,0.65,-1.987,True,None,0.000,True
127.232,1,en_route_pickup,-0.310,-1.865,6.000,3.500,joint_grid_transaction,64,64,0,11,9,0.000,0.65,-0.222,True,None,0.000,True
127.232,2,en_route_delivery,0.573,2.883,0.000,-3.500,joint_grid_transaction,64,64,1,6,2,0.000,1.00,3.056,False,None,0.000,False
127.232,3,en_route_delivery,-4.777,0.207,0.000,-3.500,joint_grid_transaction,64,64,0,11,3,0.000,0.40,1.971,True,None,0.000,True
127.232,4,en_route_delivery,4.451,2.008,3.000,-1.500,joint_grid_transaction,64,64,1,4,4,0.000,1.00,1.425,False,None,0.000,False
127.232,5,en_route_delivery,3.536,2.232,6.000,-3.500,joint_grid_transaction,64,64,1,4,5,135.024,0.40,0.443,False,None,0.000,False
127.232,6,en_route_pickup,-0.408,-2.586,-1.000,-1.500,joint_grid_transaction,64,64,1,2,6,0.000,0.40,-3.009,True,None,0.000,True
127.232,7,en_route_delivery,-4.309,-0.079,-1.000,1.500,joint_grid_transaction,64,64,0,4,8,0.000,0.65,1.653,True,None,0.000,True
127.232,8,en_route_pickup,0.047,-2.280,0.000,-3.500,joint_grid_transaction,64,64,0,2,7,0.000,0.65,-1.987,True,None,0.000,True
127.488,1,en_route_pickup,-0.310,-1.865,6.000,3.500,joint_grid_transaction,64,64,0,11,9,0.000,0.65,-0.222,True,None,0.000,True
127.488,2,en_route_delivery,0.530,2.879,0.000,-3.500,joint_grid_transaction,64,64,1,6,2,0.000,1.00,3.056,False,None,0.000,False
127.488,3,en_route_delivery,-4.777,0.207,0.000,-3.500,joint_grid_transaction,64,64,0,11,3,0.000,0.40,1.971,True,None,0.000,True
127.488,4,en_route_delivery,4.457,1.961,3.000,-1.500,joint_grid_transaction,64,64,1,4,4,0.000,1.00,1.453,False,None,0.000,False
127.488,5,en_route_delivery,3.534,2.233,6.000,-3.500,joint_grid_transaction,64,64,1,4,5,135.024,0.40,0.474,False,None,0.000,False
127.488,6,en_route_pickup,-0.408,-2.586,-1.000,-1.500,joint_grid_transaction,64,64,1,2,6,0.000,0.40,-3.009,True,None,0.000,True
127.488,7,en_route_delivery,-4.309,-0.079,-1.000,1.500,joint_grid_transaction,64,64,0,4,8,0.000,0.65,1.653,True,None,0.000,True
127.488,8,en_route_pickup,0.047,-2.280,0.000,-3.500,joint_grid_transaction,64,64,0,2,7,0.000,0.65,-1.987,True,None,0.000,True
127.744,1,en_route_pickup,-0.310,-1.865,6.000,3.500,joint_grid_transaction,64,64,0,11,9,127.820,0.65,-0.222,True,None,0.000,True
127.744,2,en_route_delivery,0.486,2.875,0.000,-3.500,joint_grid_transaction,64,64,1,6,2,0.000,1.00,3.056,False,None,0.000,False
127.744,3,en_route_delivery,-4.777,0.207,0.000,-3.500,joint_grid_transaction,64,64,0,11,3,127.820,0.40,1.971,True,None,0.000,True
127.744,4,en_route_delivery,4.462,1.913,3.000,-1.500,joint_grid_transaction,64,64,1,4,4,0.000,1.00,1.469,False,None,0.000,False
127.744,5,en_route_delivery,3.532,2.235,6.000,-3.500,joint_grid_transaction,64,64,1,4,5,135.024,0.40,0.502,False,None,0.000,False
127.744,6,en_route_pickup,-0.408,-2.586,-1.000,-1.500,joint_grid_transaction,64,64,1,2,6,127.820,0.40,-3.009,True,None,0.000,True
127.744,7,en_route_delivery,-4.309,-0.079,-1.000,1.500,joint_grid_transaction,64,64,0,4,8,127.820,0.65,1.653,True,None,0.000,True
127.744,8,en_route_pickup,0.047,-2.280,0.000,-3.500,joint_grid_transaction,64,64,0,2,7,127.820,0.65,-1.987,True,None,0.000,True
128.000,1,en_route_pickup,-0.310,-1.865,6.000,3.500,joint_grid_transaction,64,64,0,11,9,0.000,0.65,-0.222,True,None,0.000,True
128.000,2,en_route_delivery,0.443,2.871,0.000,-3.500,joint_grid_transaction,64,64,1,6,2,0.000,1.00,3.056,False,None,0.000,False
128.000,3,en_route_delivery,-4.777,0.207,0.000,-3.500,joint_grid_transaction,64,64,0,11,3,0.000,0.40,1.971,True,None,0.000,True
128.000,4,en_route_delivery,4.467,1.867,3.000,-1.500,joint_grid_transaction,64,64,1,4,4,0.000,1.00,1.471,False,None,0.000,False
128.000,5,en_route_delivery,3.530,2.236,6.000,-3.500,joint_grid_transaction,64,64,1,4,5,135.024,0.40,0.528,False,None,0.000,False
128.000,6,en_route_pickup,-0.408,-2.586,-1.000,-1.500,joint_grid_transaction,64,64,1,2,6,0.000,0.40,-3.009,True,None,0.000,True
128.000,7,en_route_delivery,-4.309,-0.079,-1.000,1.500,joint_grid_transaction,64,64,0,4,8,0.000,0.65,1.653,True,None,0.000,True
128.000,8,en_route_pickup,0.047,-2.280,0.000,-3.500,joint_grid_transaction,64,64,0,2,7,0.000,0.65,-1.987,True,None,0.000,True
128.256,1,en_route_pickup,-0.310,-1.865,6.000,3.500,joint_grid_transaction,64,64,0,11,9,128.316,0.65,-0.222,True,None,0.000,True
128.256,2,en_route_delivery,0.400,2.868,0.000,-3.500,joint_grid_transaction,64,64,1,6,2,0.000,1.00,3.056,False,None,0.000,False
128.256,3,en_route_delivery,-4.777,0.207,0.000,-3.500,joint_grid_transaction,64,64,0,11,3,128.316,0.40,1.971,True,None,0.000,True
128.256,4,en_route_delivery,4.472,1.822,3.000,-1.500,joint_grid_transaction,64,64,1,4,4,0.000,1.00,1.471,False,None,0.000,False
128.256,5,en_route_delivery,3.527,2.237,6.000,-3.500,joint_grid_transaction,64,64,1,4,5,135.024,0.40,0.551,False,None,0.000,False
128.256,6,en_route_pickup,-0.408,-2.586,-1.000,-1.500,joint_grid_transaction,64,64,1,2,6,128.316,0.40,-3.009,True,None,0.000,True
128.256,7,en_route_delivery,-4.309,-0.079,-1.000,1.500,joint_grid_transaction,64,64,0,4,8,128.316,0.65,1.653,True,None,0.000,True
128.256,8,en_route_pickup,0.047,-2.280,0.000,-3.500,joint_grid_transaction,64,64,0,2,7,128.316,0.65,-1.987,True,None,0.000,True
128.512,1,en_route_pickup,-0.310,-1.865,6.000,3.500,joint_grid_transaction,64,64,0,11,9,0.000,0.65,-0.222,True,None,0.000,True
128.512,2,en_route_delivery,0.356,2.864,0.000,-3.500,joint_grid_transaction,64,64,1,6,2,0.000,1.00,3.056,False,None,0.000,False
128.512,3,en_route_delivery,-4.777,0.207,0.000,-3.500,joint_grid_transaction,64,64,0,11,3,0.000,0.40,1.971,True,None,0.000,True
128.512,4,en_route_delivery,4.476,1.776,3.000,-1.500,joint_grid_transaction,64,64,1,4,4,0.000,1.00,1.472,False,None,0.000,False
128.512,5,en_route_delivery,3.525,2.238,6.000,-3.500,joint_grid_transaction,64,64,1,4,5,135.024,0.40,0.573,False,None,0.000,False
128.512,6,en_route_pickup,-0.408,-2.586,-1.000,-1.500,joint_grid_transaction,64,64,1,2,6,0.000,0.40,-3.009,True,None,0.000,True
128.512,7,en_route_delivery,-4.309,-0.079,-1.000,1.500,joint_grid_transaction,64,64,0,4,8,0.000,0.65,1.653,True,None,0.000,True
128.512,8,en_route_pickup,0.047,-2.280,0.000,-3.500,joint_grid_transaction,64,64,0,2,7,0.000,0.65,-1.987,True,None,0.000,True
128.768,1,en_route_pickup,-0.310,-1.865,6.000,3.500,joint_grid_transaction,64,64,0,11,9,128.828,0.65,-0.222,True,None,0.000,True
128.768,2,en_route_delivery,0.313,2.860,0.000,-3.500,joint_grid_transaction,64,64,1,6,2,0.000,1.00,3.056,False,None,0.000,False
128.768,3,en_route_delivery,-4.777,0.207,0.000,-3.500,joint_grid_transaction,64,64,0,11,3,128.828,0.40,1.971,True,None,0.000,True
128.768,4,en_route_delivery,4.481,1.730,3.000,-1.500,joint_grid_transaction,64,64,1,4,4,0.000,1.00,1.472,False,None,0.000,False
128.768,5,en_route_delivery,3.523,2.240,6.000,-3.500,joint_grid_transaction,64,64,1,4,5,135.024,0.40,0.593,False,None,0.000,False
128.768,6,en_route_pickup,-0.408,-2.586,-1.000,-1.500,joint_grid_transaction,64,64,1,2,6,128.828,0.40,-3.009,True,None,0.000,True
128.768,7,en_route_delivery,-4.309,-0.079,-1.000,1.500,joint_grid_transaction,64,64,0,4,8,128.828,0.65,1.653,True,None,0.000,True
128.768,8,en_route_pickup,0.047,-2.280,0.000,-3.500,joint_grid_transaction,64,64,0,2,7,128.828,0.65,-1.987,True,None,0.000,True
129.024,1,en_route_pickup,-0.310,-1.865,6.000,3.500,joint_grid_transaction,64,64,0,11,9,0.000,0.65,-0.222,True,None,0.000,True
129.024,2,en_route_delivery,0.270,2.857,0.000,-3.500,joint_grid_transaction,64,64,1,6,2,0.000,1.00,3.056,False,None,0.000,False
129.024,3,en_route_delivery,-4.777,0.207,0.000,-3.500,joint_grid_transaction,64,64,0,11,3,0.000,0.40,1.971,True,None,0.000,True
129.024,4,en_route_delivery,4.485,1.684,3.000,-1.500,joint_grid_transaction,64,64,1,4,4,0.000,1.00,1.473,False,None,0.000,False
129.024,5,en_route_delivery,3.522,2.241,6.000,-3.500,joint_grid_transaction,64,64,1,4,5,135.024,0.40,0.611,False,None,0.000,False
129.024,6,en_route_pickup,-0.408,-2.586,-1.000,-1.500,joint_grid_transaction,64,64,1,2,6,0.000,0.40,-3.009,True,None,0.000,True
129.024,7,en_route_delivery,-4.309,-0.079,-1.000,1.500,joint_grid_transaction,64,64,0,4,8,0.000,0.65,1.653,True,None,0.000,True
129.024,8,en_route_pickup,0.047,-2.280,0.000,-3.500,joint_grid_transaction,64,64,0,2,7,0.000,0.65,-1.987,True,None,0.000,True
129.280,1,en_route_pickup,-0.310,-1.865,6.000,3.500,joint_grid_transaction,65,65,0,11,9,129.324,0.65,-0.222,True,None,0.000,True
129.280,2,en_route_delivery,0.227,2.853,0.000,-3.500,joint_grid_transaction,65,65,1,6,2,0.000,1.00,3.056,False,None,0.000,False
129.280,3,en_route_delivery,-4.777,0.207,0.000,-3.500,joint_grid_transaction,65,65,0,11,3,129.324,0.40,1.971,True,None,0.000,True
129.280,4,en_route_delivery,4.490,1.639,3.000,-1.500,joint_grid_transaction,65,65,1,4,4,0.000,1.00,1.473,False,None,0.000,False
129.280,5,en_route_delivery,3.525,2.244,6.000,-3.500,joint_grid_transaction,65,65,1,4,5,135.024,0.40,0.602,False,None,0.000,False
129.280,6,en_route_pickup,-0.408,-2.586,-1.000,-1.500,joint_grid_transaction,65,65,1,2,6,129.324,0.40,-3.005,True,None,0.000,True
129.280,7,en_route_delivery,-4.309,-0.079,-1.000,1.500,joint_grid_transaction,65,65,0,4,8,129.324,0.65,1.653,True,None,0.000,True
129.280,8,en_route_pickup,0.047,-2.280,0.000,-3.500,joint_grid_transaction,65,65,0,2,7,129.324,0.65,-1.987,True,None,0.000,True
129.536,1,en_route_pickup,-0.310,-1.865,6.000,3.500,joint_grid_transaction,65,65,0,11,9,0.000,0.65,-0.222,True,None,0.000,True
129.536,2,en_route_delivery,0.184,2.849,0.000,-3.500,joint_grid_transaction,65,65,1,6,2,0.000,1.00,3.056,False,None,0.000,False
129.536,3,en_route_delivery,-4.777,0.207,0.000,-3.500,joint_grid_transaction,65,65,0,11,3,0.000,0.40,1.971,True,None,0.000,True
129.536,4,en_route_delivery,4.494,1.593,3.000,-1.500,joint_grid_transaction,65,65,1,4,4,0.000,1.00,1.474,False,None,0.000,False
129.536,5,en_route_delivery,3.531,2.249,6.000,-3.500,joint_grid_transaction,65,65,1,0,5,0.000,1.00,0.581,False,None,0.000,False
129.536,6,en_route_pickup,-0.408,-2.586,-1.000,-1.500,joint_grid_transaction,65,65,1,2,6,0.000,0.40,-3.005,True,None,0.000,True
129.536,7,en_route_delivery,-4.309,-0.079,-1.000,1.500,joint_grid_transaction,65,65,0,4,8,0.000,0.65,1.653,True,None,0.000,True
129.536,8,en_route_pickup,0.047,-2.280,0.000,-3.500,joint_grid_transaction,65,65,0,2,7,0.000,0.65,-1.987,True,None,0.000,True
129.792,1,en_route_pickup,-0.310,-1.865,6.000,3.500,joint_grid_transaction,65,65,0,11,9,0.000,0.65,-0.222,True,None,0.000,True
129.792,2,en_route_delivery,0.140,2.846,0.000,-3.500,joint_grid_transaction,65,65,1,6,2,0.000,1.00,3.056,False,None,0.000,False
129.792,3,en_route_delivery,-4.777,0.207,0.000,-3.500,joint_grid_transaction,65,65,0,11,3,0.000,0.40,1.971,True,None,0.000,True
129.792,4,en_route_delivery,4.499,1.547,3.000,-1.500,joint_grid_transaction,65,65,1,4,4,0.000,1.00,1.474,False,None,0.000,False
129.792,5,en_route_delivery,3.569,2.271,6.000,-3.500,joint_grid_transaction,65,65,1,0,5,0.000,1.00,0.491,False,None,0.000,False
129.792,6,en_route_pickup,-0.408,-2.586,-1.000,-1.500,joint_grid_transaction,65,65,1,2,6,0.000,0.40,-3.005,True,None,0.000,True
129.792,7,en_route_delivery,-4.309,-0.079,-1.000,1.500,joint_grid_transaction,65,65,0,4,8,0.000,0.65,1.653,True,None,0.000,True
129.792,8,en_route_pickup,0.047,-2.280,0.000,-3.500,joint_grid_transaction,65,65,0,2,7,0.000,0.65,-1.987,True,None,0.000,True
130.048,1,en_route_pickup,-0.310,-1.865,6.000,3.500,joint_grid_transaction,65,65,0,11,9,130.316,0.65,-0.222,True,None,0.000,True
130.048,2,en_route_delivery,0.097,2.842,0.000,-3.500,joint_grid_transaction,65,65,1,6,2,0.000,1.00,3.057,False,None,0.000,False
130.048,3,en_route_delivery,-4.777,0.207,0.000,-3.500,joint_grid_transaction,65,65,0,11,3,130.316,0.40,1.971,True,None,0.000,True
130.048,4,en_route_delivery,4.503,1.501,3.000,-1.500,joint_grid_transaction,65,65,1,4,4,0.000,1.00,1.475,False,None,0.000,False
130.048,5,en_route_delivery,3.612,2.292,6.000,-3.500,joint_grid_transaction,65,65,1,0,5,0.000,1.00,0.421,False,None,0.000,False
130.048,6,en_route_pickup,-0.408,-2.586,-1.000,-1.500,joint_grid_transaction,65,65,1,2,6,130.316,0.40,-3.005,True,None,0.000,True
130.048,7,en_route_delivery,-4.309,-0.079,-1.000,1.500,joint_grid_transaction,65,65,0,4,8,130.316,0.65,1.653,True,None,0.000,True
130.048,8,en_route_pickup,0.047,-2.280,0.000,-3.500,joint_grid_transaction,65,65,0,2,7,130.316,0.65,-1.987,True,None,0.000,True
130.304,1,en_route_pickup,-0.310,-1.865,6.000,3.500,joint_grid_transaction,65,65,0,11,9,130.316,0.65,-0.222,True,None,0.000,True
130.304,2,en_route_delivery,0.054,2.838,0.000,-3.500,joint_grid_transaction,65,65,1,6,2,0.000,1.00,3.057,False,None,0.000,False
130.304,3,en_route_delivery,-4.777,0.207,0.000,-3.500,joint_grid_transaction,65,65,0,11,3,130.316,0.40,1.971,True,None,0.000,True
130.304,4,en_route_delivery,4.507,1.455,3.000,-1.500,joint_grid_transaction,65,65,1,4,4,0.000,1.00,1.475,False,None,0.000,False
130.304,5,en_route_delivery,3.656,2.310,6.000,-3.500,joint_grid_transaction,65,65,1,0,5,0.000,1.00,0.377,False,None,0.000,False
130.304,6,en_route_pickup,-0.408,-2.586,-1.000,-1.500,joint_grid_transaction,65,65,1,2,6,130.316,0.40,-3.005,True,None,0.000,True
130.304,7,en_route_delivery,-4.309,-0.079,-1.000,1.500,joint_grid_transaction,65,65,0,4,8,130.316,0.65,1.653,True,None,0.000,True
130.304,8,en_route_pickup,0.047,-2.280,0.000,-3.500,joint_grid_transaction,65,65,0,2,7,130.316,0.65,-1.987,True,None,0.000,True
130.560,1,en_route_pickup,-0.310,-1.865,6.000,3.500,joint_grid_transaction,65,65,0,11,9,130.828,0.65,-0.222,True,None,0.000,True
130.560,2,en_route_delivery,0.011,2.835,0.000,-3.500,joint_grid_transaction,65,65,1,6,2,0.000,1.00,3.057,False,None,0.000,False
130.560,3,en_route_delivery,-4.777,0.207,0.000,-3.500,joint_grid_transaction,65,65,0,11,3,130.828,0.40,1.971,True,None,0.000,True
130.560,4,en_route_delivery,4.512,1.410,3.000,-1.500,joint_grid_transaction,65,65,1,4,4,0.000,1.00,1.475,False,None,0.000,False
130.560,5,en_route_delivery,3.700,2.327,6.000,-3.500,joint_grid_transaction,65,65,1,0,5,0.000,1.00,0.348,False,None,0.000,False
130.560,6,en_route_pickup,-0.408,-2.586,-1.000,-1.500,joint_grid_transaction,65,65,1,2,6,130.828,0.40,-3.005,True,None,0.000,True
130.560,7,en_route_delivery,-4.309,-0.079,-1.000,1.500,joint_grid_transaction,65,65,0,4,8,130.828,0.65,1.653,True,None,0.000,True
130.560,8,en_route_pickup,0.047,-2.280,0.000,-3.500,joint_grid_transaction,65,65,0,2,7,130.828,0.65,-1.987,True,None,0.000,True
130.816,1,en_route_pickup,-0.310,-1.865,6.000,3.500,joint_grid_transaction,65,65,0,11,9,130.828,0.65,-0.222,True,None,0.000,True
130.816,2,en_route_delivery,-0.032,2.831,0.000,-3.500,joint_grid_transaction,65,65,1,6,2,0.000,1.00,3.057,False,None,0.000,False
130.816,3,en_route_delivery,-4.777,0.207,0.000,-3.500,joint_grid_transaction,65,65,0,11,3,130.828,0.40,1.971,True,None,0.000,True
130.816,4,en_route_delivery,4.516,1.364,3.000,-1.500,joint_grid_transaction,65,65,1,4,4,0.000,1.00,1.476,False,None,0.000,False
130.816,5,en_route_delivery,3.745,2.343,6.000,-3.500,joint_grid_transaction,65,65,1,0,5,0.000,1.00,0.330,False,None,0.000,False
130.816,6,en_route_pickup,-0.408,-2.586,-1.000,-1.500,joint_grid_transaction,65,65,1,2,6,130.828,0.40,-3.005,True,None,0.000,True
130.816,7,en_route_delivery,-4.309,-0.079,-1.000,1.500,joint_grid_transaction,65,65,0,4,8,130.828,0.65,1.653,True,None,0.000,True
130.816,8,en_route_pickup,0.047,-2.280,0.000,-3.500,joint_grid_transaction,65,65,0,2,7,130.828,0.65,-1.987,True,None,0.000,True
131.072,1,en_route_pickup,-0.310,-1.865,6.000,3.500,joint_grid_transaction,65,65,0,11,9,131.324,0.65,-0.222,True,None,0.000,True
131.072,2,en_route_delivery,-0.074,2.827,0.000,-3.500,joint_grid_transaction,65,65,1,6,2,0.000,1.00,3.057,False,None,0.000,False
131.072,3,en_route_delivery,-4.777,0.207,0.000,-3.500,joint_grid_transaction,65,65,0,11,3,131.324,0.40,1.971,True,None,0.000,True
131.072,4,en_route_delivery,4.521,1.318,3.000,-1.500,joint_grid_transaction,65,65,1,4,4,0.000,1.00,1.476,False,None,0.000,False
131.072,5,en_route_delivery,3.790,2.358,6.000,-3.500,joint_grid_transaction,65,65,1,0,5,0.000,1.00,0.318,False,None,0.000,False
131.072,6,en_route_pickup,-0.408,-2.586,-1.000,-1.500,joint_grid_transaction,65,65,1,2,6,131.324,0.40,-3.005,True,None,0.000,True
131.072,7,en_route_delivery,-4.309,-0.079,-1.000,1.500,joint_grid_transaction,65,65,0,4,8,131.324,0.65,1.653,True,None,0.000,True
131.072,8,en_route_pickup,0.047,-2.280,0.000,-3.500,joint_grid_transaction,65,65,0,2,7,131.324,0.65,-1.987,True,None,0.000,True
131.328,1,en_route_pickup,-0.310,-1.865,6.000,3.500,joint_grid_transaction,66,66,0,14,9,0.000,0.65,-0.222,True,None,0.000,True
131.328,2,en_route_delivery,-0.117,2.824,0.000,-3.500,joint_grid_transaction,66,66,1,6,2,0.000,1.00,3.057,False,None,0.000,False
131.328,3,en_route_delivery,-4.777,0.207,0.000,-3.500,joint_grid_transaction,66,66,0,11,3,0.000,0.40,1.971,True,None,0.000,True
131.328,4,en_route_delivery,4.525,1.272,3.000,-1.500,joint_grid_transaction,66,66,1,4,4,0.000,1.00,1.477,False,None,0.000,False
131.328,5,en_route_delivery,3.804,2.357,6.000,-3.500,joint_grid_transaction,66,66,1,3,5,0.000,1.00,0.129,False,None,0.000,False
131.328,6,en_route_pickup,-0.408,-2.586,-1.000,-1.500,joint_grid_transaction,66,66,1,2,6,0.000,0.40,-3.001,True,None,0.000,True
131.328,7,en_route_delivery,-4.309,-0.079,-1.000,1.500,joint_grid_transaction,66,66,0,4,8,0.000,0.65,1.653,True,None,0.000,True
131.328,8,en_route_pickup,0.047,-2.280,0.000,-3.500,joint_grid_transaction,66,66,0,2,7,0.000,0.65,-1.987,True,None,0.000,True
131.584,1,en_route_pickup,-0.310,-1.865,6.000,3.500,joint_grid_transaction,66,66,0,14,9,131.820,0.65,-0.222,True,None,0.000,True
131.584,2,en_route_delivery,-0.160,2.820,0.000,-3.500,joint_grid_transaction,66,66,1,6,2,0.000,1.00,3.057,False,None,0.000,False
131.584,3,en_route_delivery,-4.777,0.207,0.000,-3.500,joint_grid_transaction,66,66,0,11,3,131.820,0.40,1.971,True,None,0.000,True
131.584,4,en_route_delivery,4.529,1.226,3.000,-1.500,joint_grid_transaction,66,66,1,4,4,0.000,1.00,1.477,False,None,0.000,False
131.584,5,en_route_delivery,3.819,2.358,6.000,-3.500,joint_grid_transaction,66,66,1,3,5,0.000,1.00,0.049,False,None,0.000,False
131.584,6,en_route_pickup,-0.408,-2.586,-1.000,-1.500,joint_grid_transaction,66,66,1,2,6,131.820,0.40,-3.001,True,None,0.000,True
131.584,7,en_route_delivery,-4.309,-0.079,-1.000,1.500,joint_grid_transaction,66,66,0,4,8,131.820,0.65,1.653,True,None,0.000,True
131.584,8,en_route_pickup,0.047,-2.280,0.000,-3.500,joint_grid_transaction,66,66,0,2,7,131.820,0.65,-1.987,True,None,0.000,True
131.840,1,en_route_pickup,-0.310,-1.865,6.000,3.500,joint_grid_transaction,66,66,0,14,9,0.000,0.65,-0.222,True,None,0.000,True
131.840,2,en_route_delivery,-0.203,2.816,0.000,-3.500,joint_grid_transaction,66,66,1,6,2,0.000,1.00,3.057,False,None,0.000,False
131.840,3,en_route_delivery,-4.777,0.207,0.000,-3.500,joint_grid_transaction,66,66,0,11,3,0.000,0.40,1.971,True,None,0.000,True
131.840,4,en_route_delivery,4.534,1.180,3.000,-1.500,joint_grid_transaction,66,66,1,4,4,0.000,1.00,1.477,False,None,0.000,False
131.840,5,en_route_delivery,3.841,2.359,6.000,-3.500,joint_grid_transaction,66,66,1,3,5,0.000,1.00,0.034,False,None,0.000,False
131.840,6,en_route_pickup,-0.408,-2.586,-1.000,-1.500,joint_grid_transaction,66,66,1,2,6,0.000,0.40,-3.001,True,None,0.000,True
131.840,7,en_route_delivery,-4.309,-0.079,-1.000,1.500,joint_grid_transaction,66,66,0,4,8,0.000,0.65,1.653,True,None,0.000,True
131.840,8,en_route_pickup,0.047,-2.280,0.000,-3.500,joint_grid_transaction,66,66,0,2,7,0.000,0.65,-1.987,True,None,0.000,True
132.096,1,en_route_pickup,-0.310,-1.865,6.000,3.500,joint_grid_transaction,66,66,0,14,9,132.316,0.65,-0.222,True,None,0.000,True
132.096,2,en_route_delivery,-0.245,2.813,0.000,-3.500,joint_grid_transaction,66,66,1,6,2,0.000,1.00,3.057,False,None,0.000,False
132.096,3,en_route_delivery,-4.777,0.207,0.000,-3.500,joint_grid_transaction,66,66,0,11,3,132.316,0.40,1.971,True,None,0.000,True
132.096,4,en_route_delivery,4.538,1.134,3.000,-1.500,joint_grid_transaction,66,66,1,4,4,0.000,1.00,1.478,False,None,0.000,False
132.096,5,en_route_delivery,3.864,2.359,6.000,-3.500,joint_grid_transaction,66,66,1,3,5,0.000,1.00,0.019,False,None,0.000,False
132.096,6,en_route_pickup,-0.408,-2.586,-1.000,-1.500,joint_grid_transaction,66,66,1,2,6,132.316,0.40,-3.001,True,None,0.000,True
132.096,7,en_route_delivery,-4.309,-0.079,-1.000,1.500,joint_grid_transaction,66,66,0,4,8,132.316,0.65,1.653,True,None,0.000,True
132.096,8,en_route_pickup,0.047,-2.280,0.000,-3.500,joint_grid_transaction,66,66,0,2,7,132.316,0.65,-1.987,True,None,0.000,True
132.352,1,en_route_pickup,-0.310,-1.865,6.000,3.500,joint_grid_transaction,66,66,0,14,9,0.000,0.65,-0.222,True,None,0.000,True
132.352,2,en_route_delivery,-0.288,2.809,0.000,-3.500,joint_grid_transaction,66,66,1,6,2,0.000,1.00,3.057,False,None,0.000,False
132.352,3,en_route_delivery,-4.777,0.207,0.000,-3.500,joint_grid_transaction,66,66,0,11,3,0.000,0.40,1.971,True,None,0.000,True
132.352,4,en_route_delivery,4.542,1.089,3.000,-1.500,joint_grid_transaction,66,66,1,4,4,0.000,1.00,1.478,False,None,0.000,False
132.352,5,en_route_delivery,3.887,2.360,6.000,-3.500,joint_grid_transaction,66,66,1,3,5,0.000,1.00,0.002,False,None,0.000,False
132.352,6,en_route_pickup,-0.408,-2.586,-1.000,-1.500,joint_grid_transaction,66,66,1,2,6,0.000,0.40,-3.001,True,None,0.000,True
132.352,7,en_route_delivery,-4.309,-0.079,-1.000,1.500,joint_grid_transaction,66,66,0,4,8,0.000,0.65,1.653,True,None,0.000,True
132.352,8,en_route_pickup,0.047,-2.280,0.000,-3.500,joint_grid_transaction,66,66,0,2,7,0.000,0.65,-1.987,True,None,0.000,True
132.608,1,en_route_pickup,-0.310,-1.865,6.000,3.500,joint_grid_transaction,66,66,0,14,9,132.828,0.65,-0.222,True,None,0.000,True
132.608,2,en_route_delivery,-0.331,2.806,0.000,-3.500,joint_grid_transaction,66,66,1,6,2,0.000,1.00,3.057,False,None,0.000,False
132.608,3,en_route_delivery,-4.777,0.207,0.000,-3.500,joint_grid_transaction,66,66,0,11,3,132.828,0.40,1.971,True,None,0.000,True
132.608,4,en_route_delivery,4.546,1.043,3.000,-1.500,joint_grid_transaction,66,66,1,4,4,0.000,1.00,1.478,False,None,0.000,False
132.608,5,en_route_delivery,3.912,2.359,6.000,-3.500,joint_grid_transaction,66,66,1,3,5,0.000,1.00,0.013,False,None,0.000,False
132.608,6,en_route_pickup,-0.408,-2.586,-1.000,-1.500,joint_grid_transaction,66,66,1,2,6,132.828,0.40,-3.001,True,None,0.000,True
132.608,7,en_route_delivery,-4.309,-0.079,-1.000,1.500,joint_grid_transaction,66,66,0,4,8,132.828,0.65,1.653,True,None,0.000,True
132.608,8,en_route_pickup,0.047,-2.280,0.000,-3.500,joint_grid_transaction,66,66,0,2,7,132.828,0.65,-1.987,True,None,0.000,True
132.864,1,en_route_pickup,-0.310,-1.865,6.000,3.500,joint_grid_transaction,66,66,0,14,9,0.000,0.65,-0.222,True,None,0.000,True
132.864,2,en_route_delivery,-0.373,2.802,0.000,-3.500,joint_grid_transaction,66,66,1,6,2,0.000,1.00,3.057,False,None,0.000,False
132.864,3,en_route_delivery,-4.777,0.207,0.000,-3.500,joint_grid_transaction,66,66,0,11,3,0.000,0.40,1.971,True,None,0.000,True
132.864,4,en_route_delivery,4.551,0.997,3.000,-1.500,joint_grid_transaction,66,66,1,4,4,0.000,1.00,1.479,False,None,0.000,False
132.864,5,en_route_delivery,3.938,2.358,6.000,-3.500,joint_grid_transaction,66,66,1,3,5,0.000,1.00,0.033,False,None,0.000,False
132.864,6,en_route_pickup,-0.408,-2.586,-1.000,-1.500,joint_grid_transaction,66,66,1,2,6,0.000,0.40,-3.001,True,None,0.000,True
132.864,7,en_route_delivery,-4.309,-0.079,-1.000,1.500,joint_grid_transaction,66,66,0,4,8,0.000,0.65,1.653,True,None,0.000,True
132.864,8,en_route_pickup,0.047,-2.280,0.000,-3.500,joint_grid_transaction,66,66,0,2,7,0.000,0.65,-1.987,True,None,0.000,True
133.120,1,en_route_pickup,-0.310,-1.865,6.000,3.500,joint_grid_transaction,67,66,0,12,9,133.324,0.65,-0.222,True,None,0.000,True
133.120,2,en_route_delivery,-0.416,2.798,0.000,-3.500,joint_grid_transaction,67,66,1,6,2,0.000,1.00,3.057,False,None,0.000,False
133.120,3,en_route_delivery,-4.777,0.207,0.000,-3.500,joint_grid_transaction,67,66,0,11,3,133.324,0.40,1.971,True,None,0.000,True
133.120,4,en_route_delivery,4.555,0.951,3.000,-1.500,joint_grid_transaction,66,66,1,4,4,0.000,1.00,1.479,False,None,0.000,False
133.120,5,en_route_delivery,3.965,2.355,6.000,-3.500,joint_grid_transaction,67,66,1,3,5,0.000,1.00,0.056,False,None,0.000,False
133.120,6,en_route_pickup,-0.408,-2.586,-1.000,-1.500,joint_grid_transaction,67,66,1,2,6,133.324,0.40,-2.997,True,None,0.000,True
133.120,7,en_route_delivery,-4.309,-0.079,-1.000,1.500,joint_grid_transaction,67,66,0,4,8,133.324,0.65,1.653,True,None,0.000,True
133.120,8,en_route_pickup,0.047,-2.280,0.000,-3.500,joint_grid_transaction,67,66,0,2,7,133.324,0.65,-1.987,True,None,0.000,True
133.376,1,en_route_pickup,-0.310,-1.865,6.000,3.500,joint_grid_transaction,67,67,0,12,9,0.000,0.65,-0.222,True,None,0.000,True
133.376,2,en_route_delivery,-0.458,2.795,0.000,-3.500,joint_grid_transaction,67,67,1,6,2,0.000,1.00,3.057,False,None,0.000,False
133.376,3,en_route_delivery,-4.777,0.207,0.000,-3.500,joint_grid_transaction,67,67,0,11,3,0.000,0.40,1.971,True,None,0.000,True
133.376,4,en_route_delivery,4.559,0.905,3.000,-1.500,joint_grid_transaction,66,66,1,4,4,0.000,1.00,1.479,False,None,0.000,False
133.376,5,en_route_delivery,3.995,2.350,6.000,-3.500,joint_grid_transaction,67,67,1,3,5,0.000,1.00,0.081,False,None,0.000,False
133.376,6,en_route_pickup,-0.408,-2.586,-1.000,-1.500,joint_grid_transaction,67,67,1,2,6,0.000,0.40,-2.997,True,None,0.000,True
133.376,7,en_route_delivery,-4.309,-0.079,-1.000,1.500,joint_grid_transaction,67,67,0,4,8,0.000,0.65,1.653,True,None,0.000,True
133.376,8,en_route_pickup,0.047,-2.280,0.000,-3.500,joint_grid_transaction,67,67,0,2,7,0.000,0.65,-1.987,True,None,0.000,True
133.632,1,en_route_pickup,-0.310,-1.865,6.000,3.500,joint_grid_transaction,67,67,0,12,9,133.820,0.65,-0.222,True,None,0.000,True
133.632,2,en_route_delivery,-0.500,2.791,0.000,-3.500,joint_grid_transaction,67,67,1,6,2,0.000,1.00,3.057,False,None,0.000,False
133.632,3,en_route_delivery,-4.777,0.207,0.000,-3.500,joint_grid_transaction,67,67,0,11,3,133.820,0.40,1.971,True,None,0.000,True
133.632,4,en_route_delivery,4.563,0.859,3.000,-1.500,joint_grid_transaction,66,66,1,4,4,0.000,1.00,1.479,False,None,0.000,False
133.632,5,en_route_delivery,4.027,2.344,6.000,-3.500,joint_grid_transaction,67,67,1,3,5,0.000,1.00,0.116,False,None,0.000,False
133.632,6,en_route_pickup,-0.408,-2.586,-1.000,-1.500,joint_grid_transaction,67,67,1,2,6,133.820,0.40,-2.997,True,None,0.000,True
133.632,7,en_route_delivery,-4.309,-0.079,-1.000,1.500,joint_grid_transaction,67,67,0,4,8,133.820,0.65,1.653,True,None,0.000,True
133.632,8,en_route_pickup,0.047,-2.280,0.000,-3.500,joint_grid_transaction,67,67,0,2,7,133.820,0.65,-1.987,True,None,0.000,True
133.888,1,en_route_pickup,-0.310,-1.865,6.000,3.500,joint_grid_transaction,67,67,0,12,9,0.000,0.65,-0.222,True,None,0.000,True
133.888,2,en_route_delivery,-0.543,2.788,0.000,-3.500,joint_grid_transaction,67,67,1,6,2,0.000,1.00,3.057,False,None,0.000,False
133.888,3,en_route_delivery,-4.777,0.207,0.000,-3.500,joint_grid_transaction,67,67,0,11,3,0.000,0.40,1.971,True,None,0.000,True
133.888,4,en_route_delivery,4.567,0.814,3.000,-1.500,joint_grid_transaction,66,66,1,4,4,0.000,1.00,1.480,False,None,0.000,False
133.888,5,en_route_delivery,4.050,2.337,6.000,-3.500,joint_grid_transaction,67,67,1,3,5,0.000,1.00,0.239,False,None,0.000,False
133.888,6,en_route_pickup,-0.408,-2.586,-1.000,-1.500,joint_grid_transaction,67,67,1,2,6,0.000,0.40,-2.997,True,None,0.000,True
133.888,7,en_route_delivery,-4.309,-0.079,-1.000,1.500,joint_grid_transaction,67,67,0,4,8,0.000,0.65,1.653,True,None,0.000,True
133.888,8,en_route_pickup,0.047,-2.280,0.000,-3.500,joint_grid_transaction,67,67,0,2,7,0.000,0.65,-1.987,True,None,0.000,True
134.144,1,en_route_pickup,-0.310,-1.865,6.000,3.500,joint_grid_transaction,67,67,0,12,9,134.316,0.65,-0.222,True,None,0.000,True
134.144,2,en_route_delivery,-0.585,2.784,0.000,-3.500,joint_grid_transaction,67,67,1,6,2,0.000,1.00,3.057,False,None,0.000,False
134.144,3,en_route_delivery,-4.777,0.207,0.000,-3.500,joint_grid_transaction,67,67,0,11,3,134.316,0.40,1.971,True,None,0.000,True
134.144,4,en_route_delivery,4.572,0.768,3.000,-1.500,joint_grid_transaction,66,66,1,4,4,0.000,1.00,1.480,False,None,0.000,False
134.144,5,en_route_delivery,4.029,2.328,6.000,-3.500,joint_grid_transaction,67,67,2,3,5,0.000,1.00,0.554,False,None,0.000,False
134.144,6,en_route_pickup,-0.408,-2.586,-1.000,-1.500,joint_grid_transaction,67,67,1,2,6,134.316,0.40,-2.997,True,None,0.000,True
134.144,7,en_route_delivery,-4.309,-0.079,-1.000,1.500,joint_grid_transaction,67,67,0,4,8,134.316,0.65,1.653,True,None,0.000,True
134.144,8,en_route_pickup,0.047,-2.280,0.000,-3.500,joint_grid_transaction,67,67,0,2,7,134.316,0.65,-1.987,True,None,0.000,True
134.400,1,en_route_pickup,-0.310,-1.865,6.000,3.500,joint_grid_transaction,67,67,0,12,9,0.000,0.65,-0.222,True,None,0.000,True
134.400,2,en_route_delivery,-0.627,2.780,0.000,-3.500,joint_grid_transaction,67,67,1,6,2,0.000,1.00,3.057,False,None,0.000,False
134.400,3,en_route_delivery,-4.777,0.207,0.000,-3.500,joint_grid_transaction,67,67,0,11,3,0.000,0.40,1.971,True,None,0.000,True
134.400,4,en_route_delivery,4.576,0.722,3.000,-1.500,joint_grid_transaction,66,66,1,4,4,0.000,1.00,1.480,False,None,0.000,False
134.400,5,en_route_delivery,4.009,2.312,6.000,-3.500,joint_grid_transaction,67,67,2,3,5,0.000,1.00,0.744,False,None,0.000,False
134.400,6,en_route_pickup,-0.408,-2.586,-1.000,-1.500,joint_grid_transaction,67,67,1,2,6,0.000,0.40,-2.997,True,None,0.000,True
134.400,7,en_route_delivery,-4.309,-0.079,-1.000,1.500,joint_grid_transaction,67,67,0,4,8,0.000,0.65,1.653,True,None,0.000,True
134.400,8,en_route_pickup,0.047,-2.280,0.000,-3.500,joint_grid_transaction,67,67,0,2,7,0.000,0.65,-1.987,True,None,0.000,True
134.656,1,en_route_pickup,-0.310,-1.865,6.000,3.500,joint_grid_transaction,67,67,0,12,9,134.828,0.65,-0.222,True,None,0.000,True
134.656,2,en_route_delivery,-0.669,2.777,0.000,-3.500,joint_grid_transaction,67,67,1,6,2,0.000,1.00,3.057,False,None,0.000,False
134.656,3,en_route_delivery,-4.777,0.207,0.000,-3.500,joint_grid_transaction,67,67,0,11,3,134.828,0.40,1.971,True,None,0.000,True
134.656,4,en_route_delivery,4.580,0.676,3.000,-1.500,joint_grid_transaction,66,66,1,4,4,0.000,1.00,1.480,False,None,0.000,False
134.656,5,en_route_delivery,3.993,2.298,6.000,-3.500,joint_grid_transaction,67,67,2,3,5,0.000,1.00,0.869,False,None,0.000,False
134.656,6,en_route_pickup,-0.408,-2.586,-1.000,-1.500,joint_grid_transaction,67,67,1,2,6,134.828,0.40,-2.997,True,None,0.000,True
134.656,7,en_route_delivery,-4.309,-0.079,-1.000,1.500,joint_grid_transaction,67,67,0,4,8,134.828,0.65,1.653,True,None,0.000,True
134.656,8,en_route_pickup,0.047,-2.280,0.000,-3.500,joint_grid_transaction,67,67,0,2,7,134.828,0.65,-1.987,True,None,0.000,True
134.912,1,en_route_pickup,-0.310,-1.865,6.000,3.500,joint_grid_transaction,67,67,0,12,9,0.000,0.65,-0.222,True,None,0.000,True
134.912,2,en_route_delivery,-0.711,2.773,0.000,-3.500,joint_grid_transaction,67,67,1,6,2,0.000,1.00,3.057,False,None,0.000,False
134.912,3,en_route_delivery,-4.777,0.207,0.000,-3.500,joint_grid_transaction,67,67,0,11,3,0.000,0.40,1.971,True,None,0.000,True
134.912,4,en_route_delivery,4.584,0.631,3.000,-1.500,joint_grid_transaction,66,66,1,4,4,0.000,1.00,1.481,False,None,0.000,False
134.912,5,en_route_delivery,3.993,2.280,6.000,-3.500,joint_grid_transaction,67,67,2,3,5,0.000,1.00,0.971,False,None,0.000,False
134.912,6,en_route_pickup,-0.408,-2.586,-1.000,-1.500,joint_grid_transaction,67,67,1,2,6,0.000,0.40,-2.997,True,None,0.000,True
134.912,7,en_route_delivery,-4.309,-0.079,-1.000,1.500,joint_grid_transaction,67,67,0,4,8,0.000,0.65,1.653,True,None,0.000,True
134.912,8,en_route_pickup,0.047,-2.280,0.000,-3.500,joint_grid_transaction,67,67,0,2,7,0.000,0.65,-1.987,True,None,0.000,True
135.168,1,en_route_pickup,-0.310,-1.865,6.000,3.500,joint_grid_transaction,68,67,0,7,9,135.324,0.65,-0.222,True,None,0.000,True
135.168,2,en_route_delivery,-0.753,2.770,0.000,-3.500,joint_grid_transaction,68,67,1,6,2,0.000,1.00,3.057,False,None,0.000,False
135.168,3,en_route_delivery,-4.777,0.207,0.000,-3.500,joint_grid_transaction,68,67,0,11,3,135.324,0.40,1.971,True,None,0.000,True
135.168,4,en_route_delivery,4.587,0.592,3.000,-1.500,joint_grid_transaction,68,66,1,5,4,0.000,1.00,1.557,False,None,0.000,False
135.168,5,en_route_delivery,4.017,2.240,6.000,-3.500,joint_grid_transaction,68,67,2,3,5,0.000,1.00,1.091,False,None,0.000,False
135.168,6,en_route_pickup,-0.408,-2.586,-1.000,-1.500,joint_grid_transaction,68,67,1,2,6,135.324,0.40,-2.993,True,None,0.000,True
135.168,7,en_route_delivery,-4.309,-0.079,-1.000,1.500,joint_grid_transaction,68,67,0,4,8,135.324,0.65,1.653,True,None,0.000,True
135.168,8,en_route_pickup,0.047,-2.280,0.000,-3.500,joint_grid_transaction,68,67,0,2,7,135.324,0.65,-1.987,True,None,0.000,True
135.424,1,en_route_pickup,-0.310,-1.865,6.000,3.500,joint_grid_transaction,68,68,0,7,9,0.000,0.65,-0.222,True,None,0.000,True
135.424,2,en_route_delivery,-0.795,2.766,0.000,-3.500,joint_grid_transaction,68,68,1,6,2,0.000,1.00,3.057,False,None,0.000,False
135.424,3,en_route_delivery,-4.777,0.207,0.000,-3.500,joint_grid_transaction,68,68,0,11,3,0.000,0.40,1.971,True,None,0.000,True
135.424,4,en_route_delivery,4.584,0.604,3.000,-1.500,joint_grid_transaction,68,68,1,5,4,0.000,1.00,1.952,False,None,0.000,False
135.424,5,en_route_delivery,4.036,2.197,6.000,-3.500,joint_grid_transaction,68,68,1,3,5,0.000,1.00,1.193,False,None,0.000,False
135.424,6,en_route_pickup,-0.408,-2.586,-1.000,-1.500,joint_grid_transaction,68,68,1,2,6,0.000,0.40,-2.993,True,None,0.000,True
135.424,7,en_route_delivery,-4.309,-0.079,-1.000,1.500,joint_grid_transaction,68,68,0,4,8,0.000,0.65,1.653,True,None,0.000,True
135.424,8,en_route_pickup,0.047,-2.280,0.000,-3.500,joint_grid_transaction,68,68,0,2,7,0.000,0.65,-1.987,True,None,0.000,True
135.680,1,en_route_pickup,-0.310,-1.865,6.000,3.500,joint_grid_transaction,68,68,0,7,9,135.820,0.65,-0.222,True,None,0.000,True
135.680,2,en_route_delivery,-0.837,2.763,0.000,-3.500,joint_grid_transaction,68,68,1,6,2,0.000,1.00,3.057,False,None,0.000,False
135.680,3,en_route_delivery,-4.777,0.207,0.000,-3.500,joint_grid_transaction,68,68,0,11,3,135.820,0.40,1.971,True,None,0.000,True
135.680,4,en_route_delivery,4.571,0.626,3.000,-1.500,joint_grid_transaction,68,68,1,5,4,0.000,1.00,2.209,False,None,0.000,False
135.680,5,en_route_delivery,4.052,2.152,6.000,-3.500,joint_grid_transaction,68,68,1,3,5,0.000,1.00,1.258,False,None,0.000,False
135.680,6,en_route_pickup,-0.408,-2.586,-1.000,-1.500,joint_grid_transaction,68,68,1,2,6,135.820,0.40,-2.993,True,None,0.000,True
135.680,7,en_route_delivery,-4.309,-0.079,-1.000,1.500,joint_grid_transaction,68,68,0,4,8,135.820,0.65,1.653,True,None,0.000,True
135.680,8,en_route_pickup,0.047,-2.280,0.000,-3.500,joint_grid_transaction,68,68,0,2,7,135.820,0.65,-1.987,True,None,0.000,True
135.936,1,en_route_pickup,-0.310,-1.865,6.000,3.500,joint_grid_transaction,68,68,0,7,9,0.000,0.65,-0.222,True,None,0.000,True
135.936,2,en_route_delivery,-0.879,2.759,0.000,-3.500,joint_grid_transaction,68,68,1,6,2,0.000,1.00,3.058,False,None,0.000,False
135.936,3,en_route_delivery,-4.777,0.207,0.000,-3.500,joint_grid_transaction,68,68,0,11,3,0.000,0.40,1.971,True,None,0.000,True
135.936,4,en_route_delivery,4.557,0.642,3.000,-1.500,joint_grid_transaction,68,68,1,5,4,0.000,1.00,2.347,False,None,0.000,False
135.936,5,en_route_delivery,4.066,2.107,6.000,-3.500,joint_grid_transaction,68,68,1,3,5,0.000,1.00,1.298,False,None,0.000,False
135.936,6,en_route_pickup,-0.408,-2.586,-1.000,-1.500,joint_grid_transaction,68,68,1,2,6,0.000,0.40,-2.993,True,None,0.000,True
135.936,7,en_route_delivery,-4.309,-0.079,-1.000,1.500,joint_grid_transaction,68,68,0,4,8,0.000,0.65,1.653,True,None,0.000,True
135.936,8,en_route_pickup,0.047,-2.280,0.000,-3.500,joint_grid_transaction,68,68,0,2,7,0.000,0.65,-1.987,True,None,0.000,True
136.192,1,en_route_pickup,-0.310,-1.865,6.000,3.500,joint_grid_transaction,68,68,0,7,9,136.316,0.65,-0.222,True,None,0.000,True
136.192,2,en_route_delivery,-0.921,2.756,0.000,-3.500,joint_grid_transaction,68,68,1,6,2,0.000,1.00,3.058,False,None,0.000,False
136.192,3,en_route_delivery,-4.777,0.207,0.000,-3.500,joint_grid_transaction,68,68,0,11,3,136.316,0.40,1.971,True,None,0.000,True
136.192,4,en_route_delivery,4.534,0.633,3.000,-1.500,joint_grid_transaction,68,68,1,5,4,0.000,1.00,2.459,False,None,0.000,False
136.192,5,en_route_delivery,4.078,2.061,6.000,-3.500,joint_grid_transaction,68,68,1,3,5,0.000,1.00,1.323,False,None,0.000,False
136.192,6,en_route_pickup,-0.408,-2.586,-1.000,-1.500,joint_grid_transaction,68,68,1,2,6,136.316,0.40,-2.993,True,None,0.000,True
136.192,7,en_route_delivery,-4.309,-0.079,-1.000,1.500,joint_grid_transaction,68,68,0,4,8,136.316,0.65,1.653,True,None,0.000,True
136.192,8,en_route_pickup,0.047,-2.280,0.000,-3.500,joint_grid_transaction,68,68,0,2,7,136.316,0.65,-1.987,True,None,0.000,True
136.448,1,en_route_pickup,-0.310,-1.865,6.000,3.500,joint_grid_transaction,68,68,0,7,9,0.000,0.65,-0.222,True,None,0.000,True
136.448,2,en_route_delivery,-0.962,2.752,0.000,-3.500,joint_grid_transaction,68,68,1,6,2,0.000,1.00,3.058,False,None,0.000,False
136.448,3,en_route_delivery,-4.777,0.207,0.000,-3.500,joint_grid_transaction,68,68,0,11,3,0.000,0.40,1.971,True,None,0.000,True
136.448,4,en_route_delivery,4.496,0.606,3.000,-1.500,joint_grid_transaction,68,68,1,5,4,0.000,1.00,2.565,False,None,0.000,False
136.448,5,en_route_delivery,4.089,2.015,6.000,-3.500,joint_grid_transaction,68,68,1,3,5,0.000,1.00,1.339,False,None,0.000,False
136.448,6,en_route_pickup,-0.408,-2.586,-1.000,-1.500,joint_grid_transaction,68,68,1,2,6,0.000,0.40,-2.993,True,None,0.000,True
136.448,7,en_route_delivery,-4.309,-0.079,-1.000,1.500,joint_grid_transaction,68,68,0,4,8,0.000,0.65,1.653,True,None,0.000,True
136.448,8,en_route_pickup,0.047,-2.280,0.000,-3.500,joint_grid_transaction,68,68,0,2,7,0.000,0.65,-1.987,True,None,0.000,True
136.704,1,en_route_pickup,-0.310,-1.865,6.000,3.500,joint_grid_transaction,68,68,0,7,9,136.828,0.65,-0.222,True,None,0.000,True
136.704,2,en_route_delivery,-1.004,2.749,0.000,-3.500,joint_grid_transaction,68,68,1,6,2,0.000,1.00,3.058,False,None,0.000,False
136.704,3,en_route_delivery,-4.777,0.207,0.000,-3.500,joint_grid_transaction,68,68,0,11,3,136.828,0.40,1.971,True,None,0.000,True
136.704,4,en_route_delivery,4.455,0.581,3.000,-1.500,joint_grid_transaction,68,68,1,5,4,0.000,1.00,2.640,False,None,0.000,False
136.704,5,en_route_delivery,4.100,1.968,6.000,-3.500,joint_grid_transaction,68,68,1,3,5,0.000,1.00,1.349,False,None,0.000,False
136.704,6,en_route_pickup,-0.408,-2.586,-1.000,-1.500,joint_grid_transaction,68,68,1,2,6,136.828,0.40,-2.993,True,None,0.000,True
136.704,7,en_route_delivery,-4.309,-0.079,-1.000,1.500,joint_grid_transaction,68,68,0,4,8,136.828,0.65,1.653,True,None,0.000,True
136.704,8,en_route_pickup,0.047,-2.280,0.000,-3.500,joint_grid_transaction,68,68,0,2,7,136.828,0.65,-1.987,True,None,0.000,True
136.960,1,en_route_pickup,-0.310,-1.865,6.000,3.500,joint_grid_transaction,68,68,0,7,9,0.000,0.65,-0.222,True,None,0.000,True
136.960,2,en_route_delivery,-1.045,2.745,0.000,-3.500,joint_grid_transaction,68,68,1,6,2,0.000,1.00,3.058,False,None,0.000,False
136.960,3,en_route_delivery,-4.777,0.207,0.000,-3.500,joint_grid_transaction,68,68,0,11,3,0.000,0.40,1.971,True,None,0.000,True
136.960,4,en_route_delivery,4.470,0.562,3.000,-1.500,joint_grid_transaction,68,68,2,5,4,0.000,1.00,2.403,False,None,0.000,False
136.960,5,en_route_delivery,4.110,1.921,6.000,-3.500,joint_grid_transaction,68,68,1,3,5,0.000,1.00,1.356,False,None,0.000,False
136.960,6,en_route_pickup,-0.408,-2.586,-1.000,-1.500,joint_grid_transaction,68,68,1,2,6,0.000,0.40,-2.993,True,None,0.000,True
136.960,7,en_route_delivery,-4.309,-0.079,-1.000,1.500,joint_grid_transaction,68,68,0,4,8,0.000,0.65,1.653,True,None,0.000,True
136.960,8,en_route_pickup,0.047,-2.280,0.000,-3.500,joint_grid_transaction,68,68,0,2,7,0.000,0.65,-1.987,True,None,0.000,True
137.216,1,en_route_pickup,-0.310,-1.865,6.000,3.500,joint_grid_transaction,69,69,0,11,9,137.324,0.65,-0.222,True,None,0.000,True
137.216,2,en_route_delivery,-1.087,2.742,0.000,-3.500,joint_grid_transaction,69,69,1,6,2,0.000,1.00,3.058,False,None,0.000,False
137.216,3,en_route_delivery,-4.777,0.207,0.000,-3.500,joint_grid_transaction,69,69,0,11,3,137.324,0.40,1.971,True,None,0.000,True
137.216,4,en_route_delivery,4.492,0.539,3.000,-1.500,joint_grid_transaction,68,68,2,5,4,0.000,1.00,2.211,False,None,0.000,False
137.216,5,en_route_delivery,4.121,1.875,6.000,-3.500,joint_grid_transaction,69,69,1,3,5,0.000,1.00,1.335,False,None,0.000,False
137.216,6,en_route_pickup,-0.407,-2.586,-1.000,-1.500,joint_grid_transaction,69,69,1,2,6,137.324,0.40,-2.989,True,None,0.000,True
137.216,7,en_route_delivery,-4.309,-0.079,-1.000,1.500,joint_grid_transaction,69,69,0,4,8,137.324,0.65,1.653,True,None,0.000,True
137.216,8,en_route_pickup,0.047,-2.280,0.000,-3.500,joint_grid_transaction,69,69,0,2,7,137.324,0.65,-1.987,True,None,0.000,True
137.472,1,en_route_pickup,-0.310,-1.865,6.000,3.500,joint_grid_transaction,69,69,0,11,9,0.000,0.65,-0.222,True,None,0.000,True
137.472,2,en_route_delivery,-1.128,2.738,0.000,-3.500,joint_grid_transaction,69,69,1,6,2,0.000,1.00,3.058,False,None,0.000,False
137.472,3,en_route_delivery,-4.777,0.207,0.000,-3.500,joint_grid_transaction,69,69,0,11,3,0.000,0.40,1.971,True,None,0.000,True
137.472,4,en_route_delivery,4.503,0.524,3.000,-1.500,joint_grid_transaction,68,68,2,5,4,0.000,1.00,2.050,False,None,0.000,False
137.472,5,en_route_delivery,4.133,1.829,6.000,-3.500,joint_grid_transaction,69,69,1,3,5,0.000,1.00,1.294,False,None,0.000,False
137.472,6,en_route_pickup,-0.407,-2.586,-1.000,-1.500,joint_grid_transaction,69,69,1,2,6,0.000,0.40,-2.989,True,None,0.000,True
137.472,7,en_route_delivery,-4.309,-0.079,-1.000,1.500,joint_grid_transaction,69,69,0,4,8,0.000,0.65,1.653,True,None,0.000,True
137.472,8,en_route_pickup,0.047,-2.280,0.000,-3.500,joint_grid_transaction,69,69,0,2,7,0.000,0.65,-1.987,True,None,0.000,True
137.728,1,en_route_pickup,-0.310,-1.865,6.000,3.500,joint_grid_transaction,69,69,0,11,9,137.820,0.65,-0.222,True,None,0.000,True
137.728,2,en_route_delivery,-1.169,2.735,0.000,-3.500,joint_grid_transaction,69,69,1,6,2,0.000,1.00,3.058,False,None,0.000,False
137.728,3,en_route_delivery,-4.777,0.207,0.000,-3.500,joint_grid_transaction,69,69,0,11,3,137.820,0.40,1.971,True,None,0.000,True
137.728,4,en_route_delivery,4.502,0.506,3.000,-1.500,joint_grid_transaction,68,68,2,5,4,0.000,1.00,1.939,False,None,0.000,False
137.728,5,en_route_delivery,4.147,1.783,6.000,-3.500,joint_grid_transaction,69,69,1,3,5,0.000,1.00,1.266,False,None,0.000,False
137.728,6,en_route_pickup,-0.407,-2.586,-1.000,-1.500,joint_grid_transaction,69,69,1,2,6,137.820,0.40,-2.989,True,None,0.000,True
137.728,7,en_route_delivery,-4.309,-0.079,-1.000,1.500,joint_grid_transaction,69,69,0,4,8,137.820,0.65,1.653,True,None,0.000,True
137.728,8,en_route_pickup,0.047,-2.280,0.000,-3.500,joint_grid_transaction,69,69,0,2,7,137.820,0.65,-1.987,True,None,0.000,True
137.984,1,en_route_pickup,-0.310,-1.865,6.000,3.500,joint_grid_transaction,69,69,0,11,9,0.000,0.65,-0.222,True,None,0.000,True
137.984,2,en_route_delivery,-1.210,2.731,0.000,-3.500,joint_grid_transaction,69,69,1,6,2,0.000,1.00,3.058,False,None,0.000,False
137.984,3,en_route_delivery,-4.777,0.207,0.000,-3.500,joint_grid_transaction,69,69,0,11,3,0.000,0.40,1.971,True,None,0.000,True
137.984,4,en_route_delivery,4.487,0.461,3.000,-1.500,joint_grid_transaction,68,68,2,5,4,0.000,1.00,1.830,False,None,0.000,False
137.984,5,en_route_delivery,4.161,1.738,6.000,-3.500,joint_grid_transaction,69,69,1,3,5,0.000,1.00,1.246,False,None,0.000,False
137.984,6,en_route_pickup,-0.407,-2.586,-1.000,-1.500,joint_grid_transaction,69,69,1,2,6,0.000,0.40,-2.989,True,None,0.000,True
137.984,7,en_route_delivery,-4.309,-0.079,-1.000,1.500,joint_grid_transaction,69,69,0,4,8,0.000,0.65,1.653,True,None,0.000,True
137.984,8,en_route_pickup,0.047,-2.280,0.000,-3.500,joint_grid_transaction,69,69,0,2,7,0.000,0.65,-1.987,True,None,0.000,True
138.240,1,en_route_pickup,-0.310,-1.865,6.000,3.500,joint_grid_transaction,69,69,0,11,9,138.316,0.65,-0.222,True,None,0.000,True
138.240,2,en_route_delivery,-1.252,2.728,0.000,-3.500,joint_grid_transaction,69,69,1,6,2,0.000,1.00,3.058,False,None,0.000,False
138.240,3,en_route_delivery,-4.777,0.207,0.000,-3.500,joint_grid_transaction,69,69,0,11,3,138.316,0.40,1.971,True,None,0.000,True
138.240,4,en_route_delivery,4.477,0.415,3.000,-1.500,joint_grid_transaction,68,68,2,5,4,0.000,1.00,1.763,False,None,0.000,False
138.240,5,en_route_delivery,4.177,1.693,6.000,-3.500,joint_grid_transaction,69,69,1,3,5,0.000,1.00,1.235,False,None,0.000,False
138.240,6,en_route_pickup,-0.407,-2.586,-1.000,-1.500,joint_grid_transaction,69,69,1,2,6,138.316,0.40,-2.989,True,None,0.000,True
138.240,7,en_route_delivery,-4.309,-0.079,-1.000,1.500,joint_grid_transaction,69,69,0,4,8,138.316,0.65,1.653,True,None,0.000,True
138.240,8,en_route_pickup,0.047,-2.280,0.000,-3.500,joint_grid_transaction,69,69,0,2,7,138.316,0.65,-1.987,True,None,0.000,True
138.496,1,en_route_pickup,-0.310,-1.865,6.000,3.500,joint_grid_transaction,69,69,0,11,9,0.000,0.65,-0.222,True,None,0.000,True
138.496,2,en_route_delivery,-1.293,2.724,0.000,-3.500,joint_grid_transaction,69,69,1,6,2,0.000,1.00,3.058,False,None,0.000,False
138.496,3,en_route_delivery,-4.777,0.207,0.000,-3.500,joint_grid_transaction,69,69,0,11,3,0.000,0.40,1.971,True,None,0.000,True
138.496,4,en_route_delivery,4.469,0.368,3.000,-1.500,joint_grid_transaction,68,68,2,5,4,0.000,1.00,1.723,False,None,0.000,False
138.496,5,en_route_delivery,4.193,1.648,6.000,-3.500,joint_grid_transaction,69,69,2,3,5,0.000,1.00,1.234,False,None,0.000,False
138.496,6,en_route_pickup,-0.407,-2.586,-1.000,-1.500,joint_grid_transaction,69,69,1,2,6,0.000,0.40,-2.989,True,None,0.000,True
138.496,7,en_route_delivery,-4.309,-0.079,-1.000,1.500,joint_grid_transaction,69,69,0,4,8,0.000,0.65,1.653,True,None,0.000,True
138.496,8,en_route_pickup,0.047,-2.280,0.000,-3.500,joint_grid_transaction,69,69,0,2,7,0.000,0.65,-1.987,True,None,0.000,True
138.752,1,en_route_pickup,-0.310,-1.865,6.000,3.500,joint_grid_transaction,69,69,0,11,9,138.828,0.65,-0.222,True,None,0.000,True
138.752,2,en_route_delivery,-1.333,2.721,0.000,-3.500,joint_grid_transaction,69,69,1,6,2,0.000,1.00,3.058,False,None,0.000,False
138.752,3,en_route_delivery,-4.777,0.207,0.000,-3.500,joint_grid_transaction,69,69,0,11,3,138.828,0.40,1.971,True,None,0.000,True
138.752,4,en_route_delivery,4.462,0.321,3.000,-1.500,joint_grid_transaction,68,68,2,5,4,0.000,1.00,1.699,False,None,0.000,False
138.752,5,en_route_delivery,4.209,1.602,6.000,-3.500,joint_grid_transaction,69,69,2,3,5,0.000,1.00,1.234,False,None,0.000,False
138.752,6,en_route_pickup,-0.407,-2.586,-1.000,-1.500,joint_grid_transaction,69,69,1,2,6,138.828,0.40,-2.989,True,None,0.000,True
138.752,7,en_route_delivery,-4.309,-0.079,-1.000,1.500,joint_grid_transaction,69,69,0,4,8,138.828,0.65,1.653,True,None,0.000,True
138.752,8,en_route_pickup,0.047,-2.280,0.000,-3.500,joint_grid_transaction,69,69,0,2,7,138.828,0.65,-1.987,True,None,0.000,True
139.008,1,en_route_pickup,-0.310,-1.865,6.000,3.500,joint_grid_transaction,69,69,0,11,9,0.000,0.65,-0.222,True,None,0.000,True
139.008,2,en_route_delivery,-1.374,2.718,0.000,-3.500,joint_grid_transaction,69,69,1,6,2,0.000,1.00,3.058,False,None,0.000,False
139.008,3,en_route_delivery,-4.777,0.207,0.000,-3.500,joint_grid_transaction,69,69,0,11,3,0.000,0.40,1.971,True,None,0.000,True
139.008,4,en_route_delivery,4.457,0.273,3.000,-1.500,joint_grid_transaction,68,68,2,5,4,0.000,1.00,1.685,False,None,0.000,False
139.008,5,en_route_delivery,4.224,1.557,6.000,-3.500,joint_grid_transaction,69,69,2,3,5,0.000,1.00,1.233,False,None,0.000,False
139.008,6,en_route_pickup,-0.407,-2.586,-1.000,-1.500,joint_grid_transaction,69,69,1,2,6,0.000,0.40,-2.989,True,None,0.000,True
139.008,7,en_route_delivery,-4.309,-0.079,-1.000,1.500,joint_grid_transaction,69,69,0,4,8,0.000,0.65,1.653,True,None,0.000,True
139.008,8,en_route_pickup,0.047,-2.280,0.000,-3.500,joint_grid_transaction,69,69,0,2,7,0.000,0.65,-1.987,True,None,0.000,True
139.264,1,en_route_pickup,-0.310,-1.865,6.000,3.500,joint_grid_transaction,70,70,0,11,9,139.324,0.65,-0.222,True,None,0.000,True
139.264,2,en_route_delivery,-1.415,2.714,0.000,-3.500,joint_grid_transaction,70,70,1,6,2,0.000,1.00,3.058,False,None,0.000,False
139.264,3,en_route_delivery,-4.777,0.207,0.000,-3.500,joint_grid_transaction,70,70,0,11,3,139.324,0.40,1.971,True,None,0.000,True
139.264,4,en_route_delivery,4.453,0.254,3.000,-1.500,joint_grid_transaction,70,70,1,5,4,0.000,1.00,1.824,False,None,0.000,False
139.264,5,en_route_delivery,4.236,1.522,6.000,-3.500,joint_grid_transaction,70,70,1,3,5,0.000,1.00,1.286,False,None,0.000,False
139.264,6,en_route_pickup,-0.407,-2.586,-1.000,-1.500,joint_grid_transaction,70,70,1,2,6,139.324,0.40,-2.985,True,None,0.000,True
139.264,7,en_route_delivery,-4.309,-0.079,-1.000,1.500,joint_grid_transaction,70,70,0,4,8,139.324,0.65,1.653,True,None,0.000,True
139.264,8,en_route_pickup,0.047,-2.280,0.000,-3.500,joint_grid_transaction,70,70,0,2,7,139.324,0.65,-1.987,True,None,0.000,True
139.520,1,en_route_pickup,-0.310,-1.865,6.000,3.500,joint_grid_transaction,70,70,0,11,9,0.000,0.65,-0.222,True,None,0.000,True
139.520,2,en_route_delivery,-1.456,2.711,0.000,-3.500,joint_grid_transaction,70,70,1,6,2,0.000,1.00,3.058,False,None,0.000,False
139.520,3,en_route_delivery,-4.777,0.207,0.000,-3.500,joint_grid_transaction,70,70,0,11,3,0.000,0.40,1.971,True,None,0.000,True
139.520,4,en_route_delivery,4.446,0.251,3.000,-1.500,joint_grid_transaction,70,70,1,5,4,0.000,1.00,1.965,False,None,0.000,False
139.520,5,en_route_delivery,4.246,1.476,6.000,-3.500,joint_grid_transaction,70,70,1,3,5,0.000,1.00,1.397,False,None,0.000,False
139.520,6,en_route_pickup,-0.407,-2.586,-1.000,-1.500,joint_grid_transaction,70,70,1,2,6,0.000,0.40,-2.985,True,None,0.000,True
139.520,7,en_route_delivery,-4.309,-0.079,-1.000,1.500,joint_grid_transaction,70,70,0,4,8,0.000,0.65,1.653,True,None,0.000,True
139.520,8,en_route_pickup,0.047,-2.280,0.000,-3.500,joint_grid_transaction,70,70,0,2,7,0.000,0.65,-1.987,True,None,0.000,True
139.776,1,en_route_pickup,-0.310,-1.865,6.000,3.500,joint_grid_transaction,70,70,0,11,9,139.820,0.65,-0.222,True,None,0.000,True
139.776,2,en_route_delivery,-1.496,2.707,0.000,-3.500,joint_grid_transaction,70,70,1,6,2,0.000,1.00,3.058,False,None,0.000,False
139.776,3,en_route_delivery,-4.777,0.207,0.000,-3.500,joint_grid_transaction,70,70,0,11,3,139.820,0.40,1.971,True,None,0.000,True
139.776,4,en_route_delivery,4.425,0.210,3.000,-1.500,joint_grid_transaction,70,70,1,5,4,0.000,1.00,2.078,False,None,0.000,False
139.776,5,en_route_delivery,4.253,1.429,6.000,-3.500,joint_grid_transaction,70,70,1,3,5,0.000,1.00,1.466,False,None,0.000,False
139.776,6,en_route_pickup,-0.407,-2.586,-1.000,-1.500,joint_grid_transaction,70,70,1,2,6,139.820,0.40,-2.985,True,None,0.000,True
139.776,7,en_route_delivery,-4.309,-0.079,-1.000,1.500,joint_grid_transaction,70,70,0,4,8,139.820,0.65,1.653,True,None,0.000,True
139.776,8,en_route_pickup,0.047,-2.280,0.000,-3.500,joint_grid_transaction,70,70,0,2,7,139.820,0.65,-1.987,True,None,0.000,True
140.032,1,en_route_pickup,-0.310,-1.865,6.000,3.500,joint_grid_transaction,70,70,0,11,9,140.316,0.65,-0.222,True,None,0.000,True
140.032,2,en_route_delivery,-1.536,2.704,0.000,-3.500,joint_grid_transaction,70,70,1,6,2,0.000,1.00,3.058,False,None,0.000,False
140.032,3,en_route_delivery,-4.777,0.207,0.000,-3.500,joint_grid_transaction,70,70,0,11,3,140.316,0.40,1.971,True,None,0.000,True
140.032,4,en_route_delivery,4.401,0.170,3.000,-1.500,joint_grid_transaction,70,70,1,5,4,0.000,1.00,2.161,False,None,0.000,False
140.032,5,en_route_delivery,4.256,1.384,6.000,-3.500,joint_grid_transaction,70,70,1,3,5,0.000,1.00,1.496,False,None,0.000,False
140.032,6,en_route_pickup,-0.407,-2.586,-1.000,-1.500,joint_grid_transaction,70,70,1,2,6,140.316,0.40,-2.985,True,None,0.000,True
140.032,7,en_route_delivery,-4.309,-0.079,-1.000,1.500,joint_grid_transaction,70,70,0,4,8,140.316,0.65,1.653,True,None,0.000,True
140.032,8,en_route_pickup,0.047,-2.280,0.000,-3.500,joint_grid_transaction,70,70,0,2,7,140.316,0.65,-1.987,True,None,0.000,True
140.288,1,en_route_pickup,-0.310,-1.865,6.000,3.500,joint_grid_transaction,70,70,0,11,9,140.316,0.65,-0.222,True,None,0.000,True
140.288,2,en_route_delivery,-1.577,2.701,0.000,-3.500,joint_grid_transaction,70,70,1,6,2,0.000,1.00,3.058,False,None,0.000,False
140.288,3,en_route_delivery,-4.777,0.207,0.000,-3.500,joint_grid_transaction,70,70,0,11,3,140.316,0.40,1.971,True,None,0.000,True
140.288,4,en_route_delivery,4.403,0.150,3.000,-1.500,joint_grid_transaction,70,70,2,5,4,0.000,1.00,2.038,False,None,0.000,False
140.288,5,en_route_delivery,4.260,1.342,6.000,-3.500,joint_grid_transaction,70,70,1,3,5,0.000,1.00,1.496,False,None,0.000,False
140.288,6,en_route_pickup,-0.407,-2.586,-1.000,-1.500,joint_grid_transaction,70,70,1,2,6,140.316,0.40,-2.985,True,None,0.000,True
140.288,7,en_route_delivery,-4.309,-0.079,-1.000,1.500,joint_grid_transaction,70,70,0,4,8,140.316,0.65,1.653,True,None,0.000,True
140.288,8,en_route_pickup,0.047,-2.280,0.000,-3.500,joint_grid_transaction,70,70,0,2,7,140.316,0.65,-1.987,True,None,0.000,True
140.544,1,en_route_pickup,-0.310,-1.865,6.000,3.500,joint_grid_transaction,70,70,0,11,9,140.828,0.65,-0.222,True,None,0.000,True
140.544,2,en_route_delivery,-1.617,2.697,0.000,-3.500,joint_grid_transaction,70,70,1,6,2,0.000,1.00,3.058,False,None,0.000,False
140.544,3,en_route_delivery,-4.777,0.207,0.000,-3.500,joint_grid_transaction,70,70,0,11,3,140.828,0.40,1.971,True,None,0.000,True
140.544,4,en_route_delivery,4.403,0.133,3.000,-1.500,joint_grid_transaction,70,70,2,5,4,0.000,1.00,1.924,False,None,0.000,False
140.544,5,en_route_delivery,4.263,1.302,6.000,-3.500,joint_grid_transaction,70,70,1,3,5,0.000,1.00,1.495,False,None,0.000,False
140.544,6,en_route_pickup,-0.407,-2.586,-1.000,-1.500,joint_grid_transaction,70,70,1,2,6,140.828,0.40,-2.985,True,None,0.000,True
140.544,7,en_route_delivery,-4.309,-0.079,-1.000,1.500,joint_grid_transaction,70,70,0,4,8,140.828,0.65,1.653,True,None,0.000,True
140.544,8,en_route_pickup,0.047,-2.280,0.000,-3.500,joint_grid_transaction,70,70,0,2,7,140.828,0.65,-1.987,True,None,0.000,True
140.800,1,en_route_pickup,-0.310,-1.865,6.000,3.500,joint_grid_transaction,70,70,0,11,9,140.828,0.65,-0.222,True,None,0.000,True
140.800,2,en_route_delivery,-1.657,2.694,0.000,-3.500,joint_grid_transaction,70,70,1,6,2,0.000,1.00,3.058,False,None,0.000,False
140.800,3,en_route_delivery,-4.777,0.207,0.000,-3.500,joint_grid_transaction,70,70,0,11,3,140.828,0.40,1.971,True,None,0.000,True
140.800,4,en_route_delivery,4.389,0.089,3.000,-1.500,joint_grid_transaction,70,70,2,5,4,0.000,1.00,1.809,False,None,0.000,False
140.800,5,en_route_delivery,4.266,1.261,6.000,-3.500,joint_grid_transaction,70,70,1,3,5,0.000,1.00,1.495,False,None,0.000,False
140.800,6,en_route_pickup,-0.407,-2.586,-1.000,-1.500,joint_grid_transaction,70,70,1,2,6,140.828,0.40,-2.985,True,None,0.000,True
140.800,7,en_route_delivery,-4.309,-0.079,-1.000,1.500,joint_grid_transaction,70,70,0,4,8,140.828,0.65,1.653,True,None,0.000,True
140.800,8,en_route_pickup,0.047,-2.280,0.000,-3.500,joint_grid_transaction,70,70,0,2,7,140.828,0.65,-1.987,True,None,0.000,True
141.056,1,en_route_pickup,-0.310,-1.865,6.000,3.500,joint_grid_transaction,70,70,0,11,9,141.324,0.65,-0.222,True,None,0.000,True
141.056,2,en_route_delivery,-1.697,2.690,0.000,-3.500,joint_grid_transaction,70,70,1,6,2,0.000,1.00,3.058,False,None,0.000,False
141.056,3,en_route_delivery,-4.777,0.207,0.000,-3.500,joint_grid_transaction,70,70,0,11,3,141.324,0.40,1.971,True,None,0.000,True
141.056,4,en_route_delivery,4.380,0.042,3.000,-1.500,joint_grid_transaction,70,70,2,5,4,0.000,1.00,1.739,False,None,0.000,False
141.056,5,en_route_delivery,4.269,1.222,6.000,-3.500,joint_grid_transaction,70,70,1,3,5,0.000,1.00,1.495,False,None,0.000,False
141.056,6,en_route_pickup,-0.407,-2.586,-1.000,-1.500,joint_grid_transaction,70,70,1,2,6,141.324,0.40,-2.985,True,None,0.000,True
141.056,7,en_route_delivery,-4.309,-0.079,-1.000,1.500,joint_grid_transaction,70,70,0,4,8,141.324,0.65,1.653,True,None,0.000,True
141.056,8,en_route_pickup,0.047,-2.280,0.000,-3.500,joint_grid_transaction,70,70,0,2,7,141.324,0.65,-1.987,True,None,0.000,True
141.312,1,en_route_pickup,-0.310,-1.865,6.000,3.500,joint_grid_transaction,71,71,0,11,9,141.324,0.65,-0.222,True,None,0.000,True
141.312,2,en_route_delivery,-1.737,2.687,0.000,-3.500,joint_grid_transaction,71,71,1,6,2,0.000,1.00,3.058,False,None,0.000,False
141.312,3,en_route_delivery,-4.777,0.207,0.000,-3.500,joint_grid_transaction,71,71,0,11,3,141.324,0.40,1.971,True,None,0.000,True
141.312,4,en_route_delivery,4.380,0.031,3.000,-1.500,joint_grid_transaction,71,71,1,6,4,0.000,1.00,1.392,False,None,0.000,False
141.312,5,en_route_delivery,4.272,1.221,6.000,-3.500,joint_grid_transaction,71,71,1,5,5,0.000,1.00,1.223,False,None,0.000,False
141.312,6,en_route_pickup,-0.407,-2.586,-1.000,-1.500,joint_grid_transaction,71,71,1,2,6,141.324,0.40,-2.981,True,None,0.000,True
141.312,7,en_route_delivery,-4.309,-0.079,-1.000,1.500,joint_grid_transaction,71,71,0,4,8,141.324,0.65,1.653,True,None,0.000,True
141.312,8,en_route_pickup,0.047,-2.280,0.000,-3.500,joint_grid_transaction,71,71,0,2,7,141.324,0.65,-1.987,True,None,0.000,True
141.568,1,en_route_pickup,-0.310,-1.865,6.000,3.500,joint_grid_transaction,71,71,0,11,9,141.820,0.65,-0.222,True,None,0.000,True
141.568,2,en_route_delivery,-1.776,2.684,0.000,-3.500,joint_grid_transaction,71,71,1,6,2,0.000,1.00,3.058,False,None,0.000,False
141.568,3,en_route_delivery,-4.777,0.207,0.000,-3.500,joint_grid_transaction,71,71,0,11,3,141.820,0.40,1.971,True,None,0.000,True
141.568,4,en_route_delivery,4.387,0.051,3.000,-1.500,joint_grid_transaction,71,71,1,6,4,0.000,1.00,1.055,False,None,0.000,False
141.568,5,en_route_delivery,4.286,1.246,6.000,-3.500,joint_grid_transaction,71,71,1,5,5,0.000,1.00,0.929,False,None,0.000,False
141.568,6,en_route_pickup,-0.407,-2.586,-1.000,-1.500,joint_grid_transaction,71,71,1,2,6,141.820,0.40,-2.981,True,None,0.000,True
141.568,7,en_route_delivery,-4.309,-0.079,-1.000,1.500,joint_grid_transaction,71,71,0,4,8,141.820,0.65,1.653,True,None,0.000,True
141.568,8,en_route_pickup,0.047,-2.280,0.000,-3.500,joint_grid_transaction,71,71,0,2,7,141.820,0.65,-1.987,True,None,0.000,True
141.824,1,en_route_pickup,-0.310,-1.865,6.000,3.500,joint_grid_transaction,71,71,0,11,9,0.000,0.65,-0.222,True,None,0.000,True
141.824,2,en_route_delivery,-1.816,2.680,0.000,-3.500,joint_grid_transaction,71,71,1,6,2,0.000,1.00,3.058,False,None,0.000,False
141.824,3,en_route_delivery,-4.777,0.207,0.000,-3.500,joint_grid_transaction,71,71,0,11,3,0.000,0.40,1.971,True,None,0.000,True
141.824,4,en_route_delivery,4.408,0.078,3.000,-1.500,joint_grid_transaction,71,71,1,6,4,0.000,1.00,0.799,False,None,0.000,False
141.824,5,en_route_delivery,4.310,1.273,6.000,-3.500,joint_grid_transaction,71,71,1,5,5,0.000,1.00,0.699,False,None,0.000,False
141.824,6,en_route_pickup,-0.407,-2.586,-1.000,-1.500,joint_grid_transaction,71,71,1,2,6,0.000,0.40,-2.981,True,None,0.000,True
141.824,7,en_route_delivery,-4.309,-0.079,-1.000,1.500,joint_grid_transaction,71,71,0,4,8,0.000,0.65,1.653,True,None,0.000,True
141.824,8,en_route_pickup,0.047,-2.280,0.000,-3.500,joint_grid_transaction,71,71,0,2,7,0.000,0.65,-1.987,True,None,0.000,True
142.080,1,en_route_pickup,-0.310,-1.865,6.000,3.500,joint_grid_transaction,71,71,0,11,9,142.316,0.65,-0.222,True,None,0.000,True
142.080,2,en_route_delivery,-1.855,2.677,0.000,-3.500,joint_grid_transaction,71,71,1,6,2,0.000,1.00,3.058,False,None,0.000,False
142.080,3,en_route_delivery,-4.777,0.207,0.000,-3.500,joint_grid_transaction,71,71,0,11,3,142.316,0.40,1.971,True,None,0.000,True
142.080,4,en_route_delivery,4.435,0.103,3.000,-1.500,joint_grid_transaction,71,71,1,6,4,0.000,1.00,0.553,False,None,0.000,False
142.080,5,en_route_delivery,4.330,1.288,6.000,-3.500,joint_grid_transaction,71,71,1,5,5,0.000,1.00,0.503,False,None,0.000,False
142.080,6,en_route_pickup,-0.407,-2.586,-1.000,-1.500,joint_grid_transaction,71,71,1,2,6,142.316,0.40,-2.981,True,None,0.000,True
142.080,7,en_route_delivery,-4.309,-0.079,-1.000,1.500,joint_grid_transaction,71,71,0,4,8,142.316,0.65,1.653,True,None,0.000,True
142.080,8,en_route_pickup,0.047,-2.280,0.000,-3.500,joint_grid_transaction,71,71,0,2,7,142.316,0.65,-1.987,True,None,0.000,True
142.336,1,en_route_pickup,-0.310,-1.865,6.000,3.500,joint_grid_transaction,71,71,0,11,9,0.000,0.65,-0.222,True,None,0.000,True
142.336,2,en_route_delivery,-1.895,2.674,0.000,-3.500,joint_grid_transaction,71,71,1,6,2,0.000,1.00,3.058,False,None,0.000,False
142.336,3,en_route_delivery,-4.777,0.207,0.000,-3.500,joint_grid_transaction,71,71,0,11,3,0.000,0.40,1.971,True,None,0.000,True
142.336,4,en_route_delivery,4.456,0.114,3.000,-1.500,joint_grid_transaction,71,71,1,6,4,0.000,1.00,0.257,False,None,0.000,False
142.336,5,en_route_delivery,4.342,1.295,6.000,-3.500,joint_grid_transaction,71,71,1,5,5,0.000,1.00,0.345,False,None,0.000,False
142.336,6,en_route_pickup,-0.407,-2.586,-1.000,-1.500,joint_grid_transaction,71,71,1,2,6,0.000,0.40,-2.981,True,None,0.000,True
142.336,7,en_route_delivery,-4.309,-0.079,-1.000,1.500,joint_grid_transaction,71,71,0,4,8,0.000,0.65,1.653,True,None,0.000,True
142.336,8,en_route_pickup,0.047,-2.280,0.000,-3.500,joint_grid_transaction,71,71,0,2,7,0.000,0.65,-1.987,True,None,0.000,True
142.592,1,en_route_pickup,-0.310,-1.865,6.000,3.500,joint_grid_transaction,71,71,0,11,9,142.828,0.65,-0.222,True,None,0.000,True
142.592,2,en_route_delivery,-1.934,2.671,0.000,-3.500,joint_grid_transaction,71,71,1,6,2,0.000,1.00,3.058,False,None,0.000,False
142.592,3,en_route_delivery,-4.777,0.207,0.000,-3.500,joint_grid_transaction,71,71,0,11,3,142.828,0.40,1.971,True,None,0.000,True
142.592,4,en_route_delivery,4.462,0.116,3.000,-1.500,joint_grid_transaction,71,71,1,6,4,0.000,1.00,0.005,False,None,0.000,False
142.592,5,en_route_delivery,4.374,1.286,6.000,-3.500,joint_grid_transaction,71,71,1,5,5,0.000,1.00,0.243,False,None,0.000,False
142.592,6,en_route_pickup,-0.407,-2.586,-1.000,-1.500,joint_grid_transaction,71,71,1,2,6,142.828,0.40,-2.981,True,None,0.000,True
142.592,7,en_route_delivery,-4.309,-0.079,-1.000,1.500,joint_grid_transaction,71,71,0,4,8,142.828,0.65,1.653,True,None,0.000,True
142.592,8,en_route_pickup,0.047,-2.280,0.000,-3.500,joint_grid_transaction,71,71,0,2,7,142.828,0.65,-1.987,True,None,0.000,True
142.848,1,en_route_pickup,-0.310,-1.865,6.000,3.500,joint_grid_transaction,71,71,0,11,9,0.000,0.65,-0.222,True,None,0.000,True
142.848,2,en_route_delivery,-1.973,2.667,0.000,-3.500,joint_grid_transaction,71,71,1,6,2,0.000,1.00,3.058,False,None,0.000,False
142.848,3,en_route_delivery,-4.777,0.207,0.000,-3.500,joint_grid_transaction,71,71,0,11,3,0.000,0.40,1.971,True,None,0.000,True
142.848,4,en_route_delivery,4.481,0.119,3.000,-1.500,joint_grid_transaction,71,71,1,6,4,0.000,1.00,0.074,False,None,0.000,False
142.848,5,en_route_delivery,4.421,1.277,6.000,-3.500,joint_grid_transaction,71,71,1,5,5,0.000,1.00,0.151,False,None,0.000,False
142.848,6,en_route_pickup,-0.407,-2.586,-1.000,-1.500,joint_grid_transaction,71,71,1,2,6,0.000,0.40,-2.981,True,None,0.000,True
142.848,7,en_route_delivery,-4.309,-0.079,-1.000,1.500,joint_grid_transaction,71,71,0,4,8,0.000,0.65,1.653,True,None,0.000,True
142.848,8,en_route_pickup,0.047,-2.280,0.000,-3.500,joint_grid_transaction,71,71,0,2,7,0.000,0.65,-1.987,True,None,0.000,True
143.104,1,en_route_pickup,-0.310,-1.865,6.000,3.500,joint_grid_transaction,71,71,0,11,9,143.324,0.65,-0.222,True,None,0.000,True
143.104,2,en_route_delivery,-2.012,2.664,0.000,-3.500,joint_grid_transaction,71,71,1,6,2,0.000,1.00,3.058,False,None,0.000,False
143.104,3,en_route_delivery,-4.777,0.207,0.000,-3.500,joint_grid_transaction,71,71,0,11,3,143.324,0.40,1.971,True,None,0.000,True
143.104,4,en_route_delivery,4.513,0.124,3.000,-1.500,joint_grid_transaction,71,71,1,6,4,0.000,1.00,0.106,False,None,0.000,False
143.104,5,en_route_delivery,4.468,1.271,6.000,-3.500,joint_grid_transaction,71,71,1,5,5,0.000,1.00,0.097,False,None,0.000,False
143.104,6,en_route_pickup,-0.407,-2.586,-1.000,-1.500,joint_grid_transaction,71,71,1,2,6,143.324,0.40,-2.981,True,None,0.000,True
143.104,7,en_route_delivery,-4.309,-0.079,-1.000,1.500,joint_grid_transaction,71,71,0,4,8,143.324,0.65,1.653,True,None,0.000,True
143.104,8,en_route_pickup,0.047,-2.280,0.000,-3.500,joint_grid_transaction,71,71,0,2,7,143.324,0.65,-1.987,True,None,0.000,True
143.360,1,en_route_pickup,-0.310,-1.865,6.000,3.500,joint_grid_transaction,72,72,0,16,9,0.000,0.65,-0.222,True,None,0.000,True
143.360,2,en_route_delivery,-2.050,2.661,0.000,-3.500,joint_grid_transaction,72,72,1,6,2,0.000,1.00,3.058,False,None,0.000,False
143.360,3,en_route_delivery,-4.777,0.207,0.000,-3.500,joint_grid_transaction,72,72,0,11,3,0.000,0.40,1.971,True,None,0.000,True
143.360,4,en_route_delivery,4.510,0.122,3.000,-1.500,joint_grid_transaction,72,72,1,4,4,0.000,1.00,0.279,False,None,0.000,False
143.360,5,en_route_delivery,4.463,1.268,6.000,-3.500,joint_grid_transaction,72,72,1,3,5,0.000,1.00,0.335,False,None,0.000,False
143.360,6,en_route_pickup,-0.407,-2.586,-1.000,-1.500,joint_grid_transaction,72,72,1,2,6,0.000,0.40,-2.977,True,None,0.000,True
143.360,7,en_route_delivery,-4.309,-0.079,-1.000,1.500,joint_grid_transaction,72,72,0,4,8,0.000,0.65,1.653,True,None,0.000,True
143.360,8,en_route_pickup,0.047,-2.280,0.000,-3.500,joint_grid_transaction,72,72,0,2,7,0.000,0.65,-1.987,True,None,0.000,True
143.616,1,en_route_pickup,-0.310,-1.865,6.000,3.500,joint_grid_transaction,72,72,0,16,9,143.820,0.65,-0.222,True,None,0.000,True
143.616,2,en_route_delivery,-2.089,2.658,0.000,-3.500,joint_grid_transaction,72,72,1,6,2,0.000,1.00,3.058,False,None,0.000,False
143.616,3,en_route_delivery,-4.777,0.207,0.000,-3.500,joint_grid_transaction,72,72,0,11,3,143.820,0.40,1.971,True,None,0.000,True
143.616,4,en_route_delivery,4.487,0.112,3.000,-1.500,joint_grid_transaction,72,72,1,4,4,0.000,1.00,0.591,False,None,0.000,False
143.616,5,en_route_delivery,4.454,1.263,6.000,-3.500,joint_grid_transaction,72,72,1,3,5,0.000,1.00,0.482,False,None,0.000,False
143.616,6,en_route_pickup,-0.407,-2.586,-1.000,-1.500,joint_grid_transaction,72,72,1,2,6,143.820,0.40,-2.977,True,None,0.000,True
143.616,7,en_route_delivery,-4.309,-0.079,-1.000,1.500,joint_grid_transaction,72,72,0,4,8,143.820,0.65,1.653,True,None,0.000,True
143.616,8,en_route_pickup,0.047,-2.280,0.000,-3.500,joint_grid_transaction,72,72,0,2,7,143.820,0.65,-1.987,True,None,0.000,True
143.872,1,en_route_pickup,-0.310,-1.865,6.000,3.500,joint_grid_transaction,72,72,0,16,9,0.000,0.65,-0.222,True,None,0.000,True
143.872,2,en_route_delivery,-2.127,2.654,0.000,-3.500,joint_grid_transaction,72,72,1,6,2,0.000,1.00,3.058,False,None,0.000,False
143.872,3,en_route_delivery,-4.777,0.207,0.000,-3.500,joint_grid_transaction,72,72,0,11,3,0.000,0.40,1.971,True,None,0.000,True
143.872,4,en_route_delivery,4.462,0.090,3.000,-1.500,joint_grid_transaction,72,72,1,4,4,0.000,1.00,0.813,False,None,0.000,False
143.872,5,en_route_delivery,4.492,1.239,6.000,-3.500,joint_grid_transaction,72,72,1,3,5,0.000,1.00,0.599,False,None,0.000,False
143.872,6,en_route_pickup,-0.407,-2.586,-1.000,-1.500,joint_grid_transaction,72,72,1,2,6,0.000,0.40,-2.977,True,None,0.000,True
143.872,7,en_route_delivery,-4.309,-0.079,-1.000,1.500,joint_grid_transaction,72,72,0,4,8,0.000,0.65,1.653,True,None,0.000,True
143.872,8,en_route_pickup,0.047,-2.280,0.000,-3.500,joint_grid_transaction,72,72,0,2,7,0.000,0.65,-1.987,True,None,0.000,True
144.128,1,en_route_pickup,-0.310,-1.865,6.000,3.500,joint_grid_transaction,72,72,0,16,9,144.316,0.65,-0.222,True,None,0.000,True
144.128,2,en_route_delivery,-2.166,2.651,0.000,-3.500,joint_grid_transaction,72,72,1,6,2,0.000,1.00,3.058,False,None,0.000,False
144.128,3,en_route_delivery,-4.777,0.207,0.000,-3.500,joint_grid_transaction,72,72,0,11,3,144.316,0.40,1.971,True,None,0.000,True
144.128,4,en_route_delivery,4.445,0.072,3.000,-1.500,joint_grid_transaction,72,72,1,4,4,0.000,1.00,0.979,False,None,0.000,False
144.128,5,en_route_delivery,4.530,1.211,6.000,-3.500,joint_grid_transaction,72,72,1,3,5,0.000,1.00,0.672,False,None,0.000,False
144.128,6,en_route_pickup,-0.407,-2.586,-1.000,-1.500,joint_grid_transaction,72,72,1,2,6,144.316,0.40,-2.977,True,None,0.000,True
144.128,7,en_route_delivery,-4.309,-0.079,-1.000,1.500,joint_grid_transaction,72,72,0,4,8,144.316,0.65,1.653,True,None,0.000,True
144.128,8,en_route_pickup,0.047,-2.280,0.000,-3.500,joint_grid_transaction,72,72,0,2,7,144.316,0.65,-1.987,True,None,0.000,True
144.384,1,en_route_pickup,-0.310,-1.865,6.000,3.500,joint_grid_transaction,72,72,0,16,9,0.000,0.65,-0.222,True,None,0.000,True
144.384,2,en_route_delivery,-2.204,2.648,0.000,-3.500,joint_grid_transaction,72,72,1,6,2,0.000,1.00,3.058,False,None,0.000,False
144.384,3,en_route_delivery,-4.777,0.207,0.000,-3.500,joint_grid_transaction,72,72,0,11,3,0.000,0.40,1.971,True,None,0.000,True
144.384,4,en_route_delivery,4.437,0.060,3.000,-1.500,joint_grid_transaction,72,72,1,4,4,0.000,1.00,1.114,False,None,0.000,False
144.384,5,en_route_delivery,4.566,1.180,6.000,-3.500,joint_grid_transaction,72,72,1,3,5,0.000,1.00,0.716,False,None,0.000,False
144.384,6,en_route_pickup,-0.407,-2.586,-1.000,-1.500,joint_grid_transaction,72,72,1,2,6,0.000,0.40,-2.977,True,None,0.000,True
144.384,7,en_route_delivery,-4.309,-0.079,-1.000,1.500,joint_grid_transaction,72,72,0,4,8,0.000,0.65,1.653,True,None,0.000,True
144.384,8,en_route_pickup,0.047,-2.280,0.000,-3.500,joint_grid_transaction,72,72,0,2,7,0.000,0.65,-1.987,True,None,0.000,True
144.640,1,en_route_pickup,-0.310,-1.865,6.000,3.500,joint_grid_transaction,72,72,0,16,9,144.828,0.65,-0.222,True,None,0.000,True
144.640,2,en_route_delivery,-2.242,2.645,0.000,-3.500,joint_grid_transaction,72,72,1,6,2,0.000,1.00,3.058,False,None,0.000,False
144.640,3,en_route_delivery,-4.777,0.207,0.000,-3.500,joint_grid_transaction,72,72,0,11,3,144.828,0.40,1.971,True,None,0.000,True
144.640,4,en_route_delivery,4.452,0.022,3.000,-1.500,joint_grid_transaction,72,72,1,4,4,0.000,1.00,1.222,False,None,0.000,False
144.640,5,en_route_delivery,4.601,1.148,6.000,-3.500,joint_grid_transaction,72,72,1,3,5,0.000,1.00,0.744,False,None,0.000,False
144.640,6,en_route_pickup,-0.407,-2.586,-1.000,-1.500,joint_grid_transaction,72,72,1,2,6,144.828,0.40,-2.977,True,None,0.000,True
144.640,7,en_route_delivery,-4.309,-0.079,-1.000,1.500,joint_grid_transaction,72,72,0,4,8,144.828,0.65,1.653,True,None,0.000,True
144.640,8,en_route_pickup,0.047,-2.280,0.000,-3.500,joint_grid_transaction,72,72,0,2,7,144.828,0.65,-1.987,True,None,0.000,True
144.896,1,en_route_pickup,-0.310,-1.865,6.000,3.500,joint_grid_transaction,72,72,0,16,9,0.000,0.65,-0.222,True,None,0.000,True
144.896,2,en_route_delivery,-2.279,2.642,0.000,-3.500,joint_grid_transaction,72,72,1,6,2,0.000,1.00,3.058,False,None,0.000,False
144.896,3,en_route_delivery,-4.777,0.207,0.000,-3.500,joint_grid_transaction,72,72,0,11,3,0.000,0.40,1.971,True,None,0.000,True
144.896,4,en_route_delivery,4.466,-0.023,3.000,-1.500,joint_grid_transaction,72,72,1,4,4,0.000,1.00,1.305,False,None,0.000,False
144.896,5,en_route_delivery,4.636,1.116,6.000,-3.500,joint_grid_transaction,72,72,1,3,5,0.000,1.00,0.761,False,None,0.000,False
144.896,6,en_route_pickup,-0.407,-2.586,-1.000,-1.500,joint_grid_transaction,72,72,1,2,6,0.000,0.40,-2.977,True,None,0.000,True
144.896,7,en_route_delivery,-4.309,-0.079,-1.000,1.500,joint_grid_transaction,72,72,0,4,8,0.000,0.65,1.653,True,None,0.000,True
144.896,8,en_route_pickup,0.047,-2.280,0.000,-3.500,joint_grid_transaction,72,72,0,2,7,0.000,0.65,-1.987,True,None,0.000,True
145.152,1,en_route_pickup,-0.310,-1.865,6.000,3.500,joint_grid_transaction,73,73,0,14,9,145.324,0.65,-0.222,True,None,0.000,True
145.152,2,en_route_delivery,-2.317,2.639,0.000,-3.500,joint_grid_transaction,73,73,1,6,2,0.000,1.00,3.058,False,None,0.000,False
145.152,3,en_route_delivery,-4.777,0.207,0.000,-3.500,joint_grid_transaction,73,73,0,12,3,145.324,0.40,1.971,True,None,0.000,True
145.152,4,en_route_delivery,4.477,-0.069,3.000,-1.500,joint_grid_transaction,73,73,1,4,4,0.000,1.00,1.355,False,None,0.000,False
145.152,5,en_route_delivery,4.664,1.084,6.000,-3.500,joint_grid_transaction,73,73,1,3,5,0.000,1.00,0.821,False,None,0.000,False
145.152,6,en_route_pickup,-0.407,-2.586,-1.000,-1.500,joint_grid_transaction,73,73,1,2,6,145.324,0.40,-2.973,True,None,0.000,True
145.152,7,en_route_delivery,-4.309,-0.079,-1.000,1.500,joint_grid_transaction,73,73,0,4,8,145.324,0.65,1.653,True,None,0.000,True
145.152,8,en_route_pickup,0.047,-2.280,0.000,-3.500,joint_grid_transaction,73,73,0,2,7,145.324,0.65,-1.987,True,None,0.000,True
145.408,1,en_route_pickup,-0.310,-1.865,6.000,3.500,joint_grid_transaction,73,73,0,14,9,0.000,0.65,-0.222,True,None,0.000,True
145.408,2,en_route_delivery,-2.354,2.635,0.000,-3.500,joint_grid_transaction,73,73,1,6,2,0.000,1.00,3.058,False,None,0.000,False
145.408,3,en_route_delivery,-4.777,0.207,0.000,-3.500,joint_grid_transaction,73,73,0,12,3,0.000,0.40,1.971,True,None,0.000,True
145.408,4,en_route_delivery,4.487,-0.115,3.000,-1.500,joint_grid_transaction,73,73,1,4,4,0.000,1.00,1.386,False,None,0.000,False
145.408,5,en_route_delivery,4.644,1.059,6.000,-3.500,joint_grid_transaction,73,73,1,3,5,0.000,1.00,1.093,False,None,0.000,False
145.408,6,en_route_pickup,-0.407,-2.586,-1.000,-1.500,joint_grid_transaction,73,73,1,2,6,0.000,0.40,-2.973,True,None,0.000,True
145.408,7,en_route_delivery,-4.309,-0.079,-1.000,1.500,joint_grid_transaction,73,73,0,4,8,0.000,0.65,1.653,True,None,0.000,True
145.408,8,en_route_pickup,0.047,-2.280,0.000,-3.500,joint_grid_transaction,73,73,0,2,7,0.000,0.65,-1.987,True,None,0.000,True
145.664,1,en_route_pickup,-0.310,-1.865,6.000,3.500,joint_grid_transaction,73,73,0,14,9,145.820,0.65,-0.222,True,None,0.000,True
145.664,2,en_route_delivery,-2.391,2.632,0.000,-3.500,joint_grid_transaction,73,73,1,6,2,0.000,1.00,3.058,False,None,0.000,False
145.664,3,en_route_delivery,-4.777,0.207,0.000,-3.500,joint_grid_transaction,73,73,0,12,3,145.820,0.40,1.971,True,None,0.000,True
145.664,4,en_route_delivery,4.495,-0.162,3.000,-1.500,joint_grid_transaction,73,73,1,4,4,0.000,1.00,1.405,False,None,0.000,False
145.664,5,en_route_delivery,4.635,1.040,6.000,-3.500,joint_grid_transaction,73,73,1,3,5,0.000,1.00,1.439,False,None,0.000,False
145.664,6,en_route_pickup,-0.407,-2.586,-1.000,-1.500,joint_grid_transaction,73,73,1,2,6,145.820,0.40,-2.973,True,None,0.000,True
145.664,7,en_route_delivery,-4.309,-0.079,-1.000,1.500,joint_grid_transaction,73,73,0,4,8,145.820,0.65,1.653,True,None,0.000,True
145.664,8,en_route_pickup,0.047,-2.280,0.000,-3.500,joint_grid_transaction,73,73,0,2,7,145.820,0.65,-1.987,True,None,0.000,True
145.920,1,en_route_pickup,-0.310,-1.865,6.000,3.500,joint_grid_transaction,73,73,0,14,9,0.000,0.65,-0.222,True,None,0.000,True
145.920,2,en_route_delivery,-2.428,2.629,0.000,-3.500,joint_grid_transaction,73,73,1,6,2,0.000,1.00,3.058,False,None,0.000,False
145.920,3,en_route_delivery,-4.777,0.207,0.000,-3.500,joint_grid_transaction,73,73,0,12,3,0.000,0.40,1.971,True,None,0.000,True
145.920,4,en_route_delivery,4.503,-0.210,3.000,-1.500,joint_grid_transaction,73,73,1,4,4,0.000,1.00,1.416,False,None,0.000,False
145.920,5,en_route_delivery,4.635,1.041,6.000,-3.500,joint_grid_transaction,73,73,1,3,5,0.000,1.00,1.759,False,None,0.000,False
145.920,6,en_route_pickup,-0.407,-2.586,-1.000,-1.500,joint_grid_transaction,73,73,1,2,6,0.000,0.40,-2.973,True,None,0.000,True
145.920,7,en_route_delivery,-4.309,-0.079,-1.000,1.500,joint_grid_transaction,73,73,0,4,8,0.000,0.65,1.653,True,None,0.000,True
145.920,8,en_route_pickup,0.047,-2.280,0.000,-3.500,joint_grid_transaction,73,73,0,2,7,0.000,0.65,-1.987,True,None,0.000,True
146.176,1,en_route_pickup,-0.310,-1.865,6.000,3.500,joint_grid_transaction,73,73,0,14,9,146.316,0.65,-0.222,True,None,0.000,True
146.176,2,en_route_delivery,-2.465,2.626,0.000,-3.500,joint_grid_transaction,73,73,1,6,2,0.000,1.00,3.058,False,None,0.000,False
146.176,3,en_route_delivery,-4.777,0.207,0.000,-3.500,joint_grid_transaction,73,73,0,12,3,146.316,0.40,1.971,True,None,0.000,True
146.176,4,en_route_delivery,4.510,-0.257,3.000,-1.500,joint_grid_transaction,73,73,1,4,4,0.000,1.00,1.423,False,None,0.000,False
146.176,5,en_route_delivery,4.630,1.041,6.000,-3.500,joint_grid_transaction,73,73,1,3,5,0.000,1.00,1.906,False,None,0.000,False
146.176,6,en_route_pickup,-0.407,-2.586,-1.000,-1.500,joint_grid_transaction,73,73,1,2,6,146.316,0.40,-2.973,True,None,0.000,True
146.176,7,en_route_delivery,-4.309,-0.079,-1.000,1.500,joint_grid_transaction,73,73,0,4,8,146.316,0.65,1.653,True,None,0.000,True
146.176,8,en_route_pickup,0.047,-2.280,0.000,-3.500,joint_grid_transaction,73,73,0,2,7,146.316,0.65,-1.987,True,None,0.000,True
146.432,1,en_route_pickup,-0.310,-1.865,6.000,3.500,joint_grid_transaction,73,73,0,14,9,0.000,0.65,-0.222,True,None,0.000,True
146.432,2,en_route_delivery,-2.501,2.623,0.000,-3.500,joint_grid_transaction,73,73,1,6,2,0.000,1.00,3.058,False,None,0.000,False
146.432,3,en_route_delivery,-4.777,0.207,0.000,-3.500,joint_grid_transaction,73,73,0,12,3,0.000,0.40,1.971,True,None,0.000,True
146.432,4,en_route_delivery,4.517,-0.304,3.000,-1.500,joint_grid_transaction,73,73,1,4,4,0.000,1.00,1.427,False,None,0.000,False
146.432,5,en_route_delivery,4.611,0.999,6.000,-3.500,joint_grid_transaction,73,73,1,3,5,0.000,1.00,2.013,False,None,0.000,False
146.432,6,en_route_pickup,-0.407,-2.586,-1.000,-1.500,joint_grid_transaction,73,73,1,2,6,0.000,0.40,-2.973,True,None,0.000,True
146.432,7,en_route_delivery,-4.309,-0.079,-1.000,1.500,joint_grid_transaction,73,73,0,4,8,0.000,0.65,1.653,True,None,0.000,True
146.432,8,en_route_pickup,0.047,-2.280,0.000,-3.500,joint_grid_transaction,73,73,0,2,7,0.000,0.65,-1.987,True,None,0.000,True
146.688,1,en_route_pickup,-0.310,-1.865,6.000,3.500,joint_grid_transaction,73,73,0,14,9,146.828,0.65,-0.222,True,None,0.000,True
146.688,2,en_route_delivery,-2.537,2.620,0.000,-3.500,joint_grid_transaction,73,73,1,6,2,0.000,1.00,3.058,False,None,0.000,False
146.688,3,en_route_delivery,-4.777,0.207,0.000,-3.500,joint_grid_transaction,73,73,0,12,3,146.828,0.40,1.971,True,None,0.000,True
146.688,4,en_route_delivery,4.524,-0.352,3.000,-1.500,joint_grid_transaction,73,73,1,4,4,0.000,1.00,1.430,False,None,0.000,False
146.688,5,en_route_delivery,4.589,0.957,6.000,-3.500,joint_grid_transaction,73,73,1,3,5,0.000,1.00,2.090,False,None,0.000,False
146.688,6,en_route_pickup,-0.407,-2.586,-1.000,-1.500,joint_grid_transaction,73,73,1,2,6,146.828,0.40,-2.973,True,None,0.000,True
146.688,7,en_route_delivery,-4.309,-0.079,-1.000,1.500,joint_grid_transaction,73,73,0,4,8,146.828,0.65,1.653,True,None,0.000,True
146.688,8,en_route_pickup,0.047,-2.280,0.000,-3.500,joint_grid_transaction,73,73,0,2,7,146.828,0.65,-1.987,True,None,0.000,True
146.944,1,en_route_pickup,-0.310,-1.865,6.000,3.500,joint_grid_transaction,73,73,0,14,9,0.000,0.65,-0.222,True,None,0.000,True
146.944,2,en_route_delivery,-2.573,2.617,0.000,-3.500,joint_grid_transaction,73,73,1,6,2,0.000,1.00,3.058,False,None,0.000,False
146.944,3,en_route_delivery,-4.777,0.207,0.000,-3.500,joint_grid_transaction,73,73,0,12,3,0.000,0.40,1.971,True,None,0.000,True
146.944,4,en_route_delivery,4.530,-0.399,3.000,-1.500,joint_grid_transaction,73,73,1,4,4,0.000,1.00,1.432,False,None,0.000,False
146.944,5,en_route_delivery,4.565,0.917,6.000,-3.500,joint_grid_transaction,73,73,1,3,5,0.000,1.00,2.140,False,None,0.000,False
146.944,6,en_route_pickup,-0.407,-2.586,-1.000,-1.500,joint_grid_transaction,73,73,1,2,6,0.000,0.40,-2.973,True,None,0.000,True
146.944,7,en_route_delivery,-4.309,-0.079,-1.000,1.500,joint_grid_transaction,73,73,0,4,8,0.000,0.65,1.653,True,None,0.000,True
146.944,8,en_route_pickup,0.047,-2.280,0.000,-3.500,joint_grid_transaction,73,73,0,2,7,0.000,0.65,-1.987,True,None,0.000,True
147.200,1,en_route_pickup,-0.310,-1.865,6.000,3.500,joint_grid_transaction,74,73,0,12,9,147.324,0.65,-0.222,True,None,0.000,True
147.200,2,en_route_delivery,-2.595,2.614,0.000,-3.500,joint_grid_transaction,74,73,1,17,2,0.000,1.00,2.946,False,None,0.000,False
147.200,3,en_route_delivery,-4.777,0.207,0.000,-3.500,joint_grid_transaction,74,73,0,10,3,147.324,0.40,1.971,True,None,0.000,True
147.200,4,en_route_delivery,4.534,-0.434,3.000,-1.500,joint_grid_transaction,74,73,1,5,4,0.000,1.00,1.570,False,None,0.000,False
147.200,5,en_route_delivery,4.539,0.877,6.000,-3.500,joint_grid_transaction,74,73,1,3,5,0.000,1.00,2.135,False,None,0.000,False
147.200,6,en_route_pickup,-0.407,-2.586,-1.000,-1.500,joint_grid_transaction,74,73,1,2,6,147.324,0.40,-2.969,True,None,0.000,True
147.200,7,en_route_delivery,-4.309,-0.079,-1.000,1.500,joint_grid_transaction,74,73,0,18,8,147.324,0.65,1.653,True,None,0.000,True
147.200,8,en_route_pickup,0.047,-2.280,0.000,-3.500,joint_grid_transaction,74,73,0,2,7,147.324,0.65,-1.987,True,None,0.000,True
147.456,1,en_route_pickup,-0.310,-1.865,6.000,3.500,joint_grid_transaction,74,74,0,12,9,0.000,0.65,-0.222,True,None,0.000,True
147.456,2,en_route_delivery,-2.576,2.607,0.000,-3.500,joint_grid_transaction,74,74,1,17,2,0.000,1.00,2.631,False,None,0.000,False
147.456,3,en_route_delivery,-4.777,0.207,0.000,-3.500,joint_grid_transaction,74,74,0,10,3,0.000,0.40,1.971,True,None,0.000,True
147.456,4,en_route_delivery,4.530,-0.421,3.000,-1.500,joint_grid_transaction,74,74,1,5,4,0.000,1.00,1.961,False,None,0.000,False
147.456,5,en_route_delivery,4.515,0.836,6.000,-3.500,joint_grid_transaction,74,74,1,3,5,0.000,1.00,2.080,False,None,0.000,False
147.456,6,en_route_pickup,-0.407,-2.586,-1.000,-1.500,joint_grid_transaction,74,74,1,2,6,0.000,0.40,-2.969,True,None,0.000,True
147.456,7,en_route_delivery,-4.309,-0.079,-1.000,1.500,joint_grid_transaction,74,74,0,18,8,0.000,0.65,1.653,True,None,0.000,True
147.456,8,en_route_pickup,0.047,-2.280,0.000,-3.500,joint_grid_transaction,74,74,0,2,7,0.000,0.65,-1.987,True,None,0.000,True
147.712,1,en_route_pickup,-0.310,-1.865,6.000,3.500,joint_grid_transaction,74,74,0,12,9,147.820,0.65,-0.222,True,None,0.000,True
147.712,2,en_route_delivery,-2.560,2.595,0.000,-3.500,joint_grid_transaction,74,74,1,17,2,0.000,1.00,2.464,False,None,0.000,False
147.712,3,en_route_delivery,-4.777,0.207,0.000,-3.500,joint_grid_transaction,74,74,0,10,3,147.820,0.40,1.971,True,None,0.000,True
147.712,4,en_route_delivery,4.517,-0.399,3.000,-1.500,joint_grid_transaction,74,74,1,5,4,0.000,1.00,2.219,False,None,0.000,False
147.712,5,en_route_delivery,4.492,0.794,6.000,-3.500,joint_grid_transaction,74,74,1,3,5,0.000,1.00,2.044,False,None,0.000,False
147.712,6,en_route_pickup,-0.407,-2.586,-1.000,-1.500,joint_grid_transaction,74,74,1,2,6,147.820,0.40,-2.969,True,None,0.000,True
147.712,7,en_route_delivery,-4.309,-0.079,-1.000,1.500,joint_grid_transaction,74,74,0,18,8,147.820,0.65,1.653,True,None,0.000,True
147.712,8,en_route_pickup,0.047,-2.280,0.000,-3.500,joint_grid_transaction,74,74,0,2,7,147.820,0.65,-1.987,True,None,0.000,True
147.968,1,en_route_pickup,-0.310,-1.865,6.000,3.500,joint_grid_transaction,74,74,0,12,9,0.000,0.65,-0.222,True,None,0.000,True
147.968,2,en_route_delivery,-2.561,2.577,0.000,-3.500,joint_grid_transaction,74,74,1,17,2,0.000,1.00,2.348,False,None,0.000,False
147.968,3,en_route_delivery,-4.777,0.207,0.000,-3.500,joint_grid_transaction,74,74,0,10,3,0.000,0.40,1.971,True,None,0.000,True
147.968,4,en_route_delivery,4.504,-0.383,3.000,-1.500,joint_grid_transaction,74,74,1,5,4,0.000,1.00,2.355,False,None,0.000,False
147.968,5,en_route_delivery,4.471,0.751,6.000,-3.500,joint_grid_transaction,74,74,1,3,5,0.000,1.00,2.021,False,None,0.000,False
147.968,6,en_route_pickup,-0.407,-2.586,-1.000,-1.500,joint_grid_transaction,74,74,1,2,6,0.000,0.40,-2.969,True,None,0.000,True
147.968,7,en_route_delivery,-4.309,-0.079,-1.000,1.500,joint_grid_transaction,74,74,0,18,8,0.000,0.65,1.653,True,None,0.000,True
147.968,8,en_route_pickup,0.047,-2.280,0.000,-3.500,joint_grid_transaction,74,74,0,2,7,0.000,0.65,-1.987,True,None,0.000,True
148.224,1,en_route_pickup,-0.310,-1.865,6.000,3.500,joint_grid_transaction,74,74,0,12,9,148.316,0.65,-0.222,True,None,0.000,True
148.224,2,en_route_delivery,-2.592,2.542,0.000,-3.500,joint_grid_transaction,74,74,1,17,2,0.000,1.00,2.239,False,None,0.000,False
148.224,3,en_route_delivery,-4.777,0.207,0.000,-3.500,joint_grid_transaction,74,74,0,10,3,148.316,0.40,1.971,True,None,0.000,True
148.224,4,en_route_delivery,4.478,-0.395,3.000,-1.500,joint_grid_transaction,74,74,1,5,4,0.000,1.00,2.468,False,None,0.000,False
148.224,5,en_route_delivery,4.451,0.708,6.000,-3.500,joint_grid_transaction,74,74,1,3,5,0.000,1.00,2.007,False,None,0.000,False
148.224,6,en_route_pickup,-0.407,-2.586,-1.000,-1.500,joint_grid_transaction,74,74,1,2,6,148.316,0.40,-2.969,True,None,0.000,True
148.224,7,en_route_delivery,-4.309,-0.079,-1.000,1.500,joint_grid_transaction,74,74,0,18,8,148.316,0.65,1.653,True,None,0.000,True
148.224,8,en_route_pickup,0.047,-2.280,0.000,-3.500,joint_grid_transaction,74,74,0,2,7,148.316,0.65,-1.987,True,None,0.000,True
148.480,1,en_route_pickup,-0.310,-1.865,6.000,3.500,joint_grid_transaction,74,74,0,12,9,0.000,0.65,-0.222,True,None,0.000,True
148.480,2,en_route_delivery,-2.620,2.504,0.000,-3.500,joint_grid_transaction,74,74,1,17,2,0.000,1.00,2.165,False,None,0.000,False
148.480,3,en_route_delivery,-4.777,0.207,0.000,-3.500,joint_grid_transaction,74,74,0,10,3,0.000,0.40,1.971,True,None,0.000,True
148.480,4,en_route_delivery,4.451,-0.421,3.000,-1.500,joint_grid_transaction,74,74,1,5,4,0.000,1.00,2.487,False,None,0.000,False
148.480,5,en_route_delivery,4.431,0.665,6.000,-3.500,joint_grid_transaction,74,74,1,3,5,0.000,1.00,1.997,False,None,0.000,False
148.480,6,en_route_pickup,-0.407,-2.586,-1.000,-1.500,joint_grid_transaction,74,74,1,2,6,0.000,0.40,-2.969,True,None,0.000,True
148.480,7,en_route_delivery,-4.309,-0.079,-1.000,1.500,joint_grid_transaction,74,74,0,18,8,0.000,0.65,1.653,True,None,0.000,True
148.480,8,en_route_pickup,0.047,-2.280,0.000,-3.500,joint_grid_transaction,74,74,0,2,7,0.000,0.65,-1.987,True,None,0.000,True
148.736,1,en_route_pickup,-0.310,-1.865,6.000,3.500,joint_grid_transaction,74,74,0,12,9,148.828,0.65,-0.222,True,None,0.000,True
148.736,2,en_route_delivery,-2.645,2.464,0.000,-3.500,joint_grid_transaction,74,74,1,17,2,0.000,1.00,2.112,False,None,0.000,False
148.736,3,en_route_delivery,-4.777,0.207,0.000,-3.500,joint_grid_transaction,74,74,0,10,3,148.828,0.40,1.971,True,None,0.000,True
148.736,4,en_route_delivery,4.474,-0.442,3.000,-1.500,joint_grid_transaction,74,74,2,5,4,0.000,1.00,2.281,False,None,0.000,False
148.736,5,en_route_delivery,4.411,0.621,6.000,-3.500,joint_grid_transaction,74,74,1,3,5,0.000,1.00,1.990,False,None,0.000,False
148.736,6,en_route_pickup,-0.407,-2.586,-1.000,-1.500,joint_grid_transaction,74,74,1,2,6,148.828,0.40,-2.969,True,None,0.000,True
148.736,7,en_route_delivery,-4.309,-0.079,-1.000,1.500,joint_grid_transaction,74,74,0,18,8,148.828,0.65,1.653,True,None,0.000,True
148.736,8,en_route_pickup,0.047,-2.280,0.000,-3.500,joint_grid_transaction,74,74,0,2,7,148.828,0.65,-1.987,True,None,0.000,True
148.992,1,en_route_pickup,-0.310,-1.865,6.000,3.500,joint_grid_transaction,74,74,0,12,9,0.000,0.65,-0.222,True,None,0.000,True
148.992,2,en_route_delivery,-2.662,2.449,0.000,-3.500,joint_grid_transaction,74,74,2,17,2,0.000,1.00,2.192,False,None,0.000,False
148.992,3,en_route_delivery,-4.777,0.207,0.000,-3.500,joint_grid_transaction,74,74,0,10,3,0.000,0.40,1.971,True,None,0.000,True
148.992,4,en_route_delivery,4.487,-0.458,3.000,-1.500,joint_grid_transaction,74,74,2,5,4,0.000,1.00,2.123,False,None,0.000,False
148.992,5,en_route_delivery,4.392,0.578,6.000,-3.500,joint_grid_transaction,74,74,1,3,5,0.000,1.00,1.986,False,None,0.000,False
148.992,6,en_route_pickup,-0.407,-2.586,-1.000,-1.500,joint_grid_transaction,74,74,1,2,6,0.000,0.40,-2.969,True,None,0.000,True
148.992,7,en_route_delivery,-4.309,-0.079,-1.000,1.500,joint_grid_transaction,74,74,0,18,8,0.000,0.65,1.653,True,None,0.000,True
148.992,8,en_route_pickup,0.047,-2.280,0.000,-3.500,joint_grid_transaction,74,74,0,2,7,0.000,0.65,-1.987,True,None,0.000,True
149.248,1,en_route_pickup,-0.310,-1.865,6.000,3.500,joint_grid_transaction,75,75,0,12,9,149.324,0.65,-0.222,True,None,0.000,True
149.248,2,en_route_delivery,-2.673,2.457,0.000,-3.500,joint_grid_transaction,75,75,1,9,2,0.000,1.00,2.295,False,None,0.000,False
149.248,3,en_route_delivery,-4.777,0.207,0.000,-3.500,joint_grid_transaction,75,75,0,8,3,149.324,0.40,1.971,True,None,0.000,True
149.248,4,en_route_delivery,4.479,-0.485,3.000,-1.500,joint_grid_transaction,75,75,1,5,4,0.000,1.00,2.110,False,None,0.000,False
149.248,5,en_route_delivery,4.373,0.534,6.000,-3.500,joint_grid_transaction,75,75,1,3,5,0.000,1.00,1.939,False,None,0.000,False
149.248,6,en_route_pickup,-0.407,-2.586,-1.000,-1.500,joint_grid_transaction,75,75,1,2,6,149.324,0.40,-2.965,True,None,0.000,True
149.248,7,en_route_delivery,-4.309,-0.079,-1.000,1.500,joint_grid_transaction,75,75,0,14,8,149.324,0.65,1.653,True,None,0.000,True
149.248,8,en_route_pickup,0.047,-2.280,0.000,-3.500,joint_grid_transaction,75,75,0,2,7,149.324,0.65,-1.987,True,None,0.000,True
149.504,1,en_route_pickup,-0.310,-1.865,6.000,3.500,joint_grid_transaction,75,75,0,12,9,0.000,0.65,-0.222,True,None,0.000,True
149.504,2,en_route_delivery,-2.706,2.425,0.000,-3.500,joint_grid_transaction,75,75,2,9,2,0.000,1.00,2.414,False,None,0.000,False
149.504,3,en_route_delivery,-4.777,0.207,0.000,-3.500,joint_grid_transaction,75,75,0,8,3,0.000,0.40,1.971,True,None,0.000,True
149.504,4,en_route_delivery,4.453,-0.524,3.000,-1.500,joint_grid_transaction,75,75,1,5,4,0.000,1.00,2.184,False,None,0.000,False
149.504,5,en_route_delivery,4.358,0.489,6.000,-3.500,joint_grid_transaction,75,75,1,3,5,0.000,1.00,1.879,False,None,0.000,False
149.504,6,en_route_pickup,-0.407,-2.586,-1.000,-1.500,joint_grid_transaction,75,75,1,2,6,0.000,0.40,-2.965,True,None,0.000,True
149.504,7,en_route_delivery,-4.309,-0.079,-1.000,1.500,joint_grid_transaction,75,75,0,14,8,0.000,0.65,1.653,True,None,0.000,True
149.504,8,en_route_pickup,0.047,-2.280,0.000,-3.500,joint_grid_transaction,75,75,0,2,7,0.000,0.65,-1.987,True,None,0.000,True
149.760,1,en_route_pickup,-0.310,-1.865,6.000,3.500,joint_grid_transaction,75,75,0,12,9,149.820,0.65,-0.222,True,None,0.000,True
149.760,2,en_route_delivery,-2.742,2.396,0.000,-3.500,joint_grid_transaction,75,75,2,9,2,0.000,1.00,2.496,False,None,0.000,False
149.760,3,en_route_delivery,-4.777,0.207,0.000,-3.500,joint_grid_transaction,75,75,0,8,3,149.820,0.40,1.971,True,None,0.000,True
149.760,4,en_route_delivery,4.425,-0.562,3.000,-1.500,joint_grid_transaction,75,75,1,5,4,0.000,1.00,2.236,False,None,0.000,False
149.760,5,en_route_delivery,4.344,0.444,6.000,-3.500,joint_grid_transaction,75,75,1,3,5,0.000,1.00,1.840,False,None,0.000,False
149.760,6,en_route_pickup,-0.407,-2.586,-1.000,-1.500,joint_grid_transaction,75,75,1,2,6,149.820,0.40,-2.965,True,None,0.000,True
149.760,7,en_route_delivery,-4.309,-0.079,-1.000,1.500,joint_grid_transaction,75,75,0,14,8,149.820,0.65,1.653,True,None,0.000,True
149.760,8,en_route_pickup,0.047,-2.280,0.000,-3.500,joint_grid_transaction,75,75,0,2,7,149.820,0.65,-1.987,True,None,0.000,True
150.016,1,en_route_pickup,-0.310,-1.865,6.000,3.500,joint_grid_transaction,75,75,0,12,9,0.000,0.65,-0.222,True,None,0.000,True
150.016,2,en_route_delivery,-2.781,2.368,0.000,-3.500,joint_grid_transaction,75,75,2,9,2,0.000,1.00,2.553,False,None,0.000,False
150.016,3,en_route_delivery,-4.777,0.207,0.000,-3.500,joint_grid_transaction,75,75,0,8,3,0.000,0.40,1.971,True,None,0.000,True
150.016,4,en_route_delivery,4.401,-0.596,3.000,-1.500,joint_grid_transaction,75,75,1,5,4,0.000,1.00,2.227,False,None,0.000,False
150.016,5,en_route_delivery,4.332,0.397,6.000,-3.500,joint_grid_transaction,75,75,1,3,5,0.000,1.00,1.815,False,None,0.000,False
150.016,6,en_route_pickup,-0.407,-2.586,-1.000,-1.500,joint_grid_transaction,75,75,1,2,6,0.000,0.40,-2.965,True,None,0.000,True
150.016,7,en_route_delivery,-4.309,-0.079,-1.000,1.500,joint_grid_transaction,75,75,0,14,8,0.000,0.65,1.653,True,None,0.000,True
150.016,8,en_route_pickup,0.047,-2.280,0.000,-3.500,joint_grid_transaction,75,75,0,2,7,0.000,0.65,-1.987,True,None,0.000,True
150.272,1,en_route_pickup,-0.310,-1.865,6.000,3.500,joint_grid_transaction,75,75,0,12,9,150.316,0.65,-0.222,True,None,0.000,True
150.272,2,en_route_delivery,-2.821,2.343,0.000,-3.500,joint_grid_transaction,75,75,3,9,2,0.000,1.00,2.561,False,None,0.000,False
150.272,3,en_route_delivery,-4.777,0.207,0.000,-3.500,joint_grid_transaction,75,75,0,8,3,150.316,0.40,1.971,True,None,0.000,True
150.272,4,en_route_delivery,4.412,-0.611,3.000,-1.500,joint_grid_transaction,75,75,2,5,4,0.000,1.00,2.065,False,None,0.000,False
150.272,5,en_route_delivery,4.321,0.351,6.000,-3.500,joint_grid_transaction,75,75,1,3,5,0.000,1.00,1.797,False,None,0.000,False
150.272,6,en_route_pickup,-0.407,-2.586,-1.000,-1.500,joint_grid_transaction,75,75,1,2,6,150.316,0.40,-2.965,True,None,0.000,True
150.272,7,en_route_delivery,-4.309,-0.079,-1.000,1.500,joint_grid_transaction,75,75,0,14,8,150.316,0.65,1.653,True,None,0.000,True
150.272,8,en_route_pickup,0.047,-2.280,0.000,-3.500,joint_grid_transaction,75,75,0,2,7,150.316,0.65,-1.987,True,None,0.000,True
150.528,1,en_route_pickup,-0.310,-1.865,6.000,3.500,joint_grid_transaction,75,75,0,12,9,0.000,0.65,-0.222,True,None,0.000,True
150.528,2,en_route_delivery,-2.860,2.316,0.000,-3.500,joint_grid_transaction,75,75,3,9,2,0.000,1.00,2.522,False,None,0.000,False
150.528,3,en_route_delivery,-4.777,0.207,0.000,-3.500,joint_grid_transaction,75,75,0,8,3,0.000,0.40,1.971,True,None,0.000,True
150.528,4,en_route_delivery,4.410,-0.629,3.000,-1.500,joint_grid_transaction,75,75,2,5,4,0.000,1.00,1.955,False,None,0.000,False
150.528,5,en_route_delivery,4.310,0.304,6.000,-3.500,joint_grid_transaction,75,75,1,3,5,0.000,1.00,1.786,False,None,0.000,False
150.528,6,en_route_pickup,-0.407,-2.586,-1.000,-1.500,joint_grid_transaction,75,75,1,2,6,0.000,0.40,-2.965,True,None,0.000,True
150.528,7,en_route_delivery,-4.309,-0.079,-1.000,1.500,joint_grid_transaction,75,75,0,14,8,0.000,0.65,1.653,True,None,0.000,True
150.528,8,en_route_pickup,0.047,-2.280,0.000,-3.500,joint_grid_transaction,75,75,0,2,7,0.000,0.65,-1.987,True,None,0.000,True
150.784,1,en_route_pickup,-0.310,-1.865,6.000,3.500,joint_grid_transaction,75,75,0,12,9,150.828,0.65,-0.222,True,None,0.000,True
150.784,2,en_route_delivery,-2.898,2.287,0.000,-3.500,joint_grid_transaction,75,75,3,9,2,0.000,1.00,2.496,False,None,0.000,False
150.784,3,en_route_delivery,-4.777,0.207,0.000,-3.500,joint_grid_transaction,75,75,0,8,3,150.828,0.40,1.971,True,None,0.000,True
150.784,4,en_route_delivery,4.395,-0.674,3.000,-1.500,joint_grid_transaction,75,75,2,5,4,0.000,1.00,1.845,False,None,0.000,False
150.784,5,en_route_delivery,4.300,0.258,6.000,-3.500,joint_grid_transaction,75,75,1,3,5,0.000,1.00,1.777,False,None,0.000,False
150.784,6,en_route_pickup,-0.407,-2.586,-1.000,-1.500,joint_grid_transaction,75,75,1,2,6,150.828,0.40,-2.965,True,None,0.000,True
150.784,7,en_route_delivery,-4.309,-0.079,-1.000,1.500,joint_grid_transaction,75,75,0,14,8,150.828,0.65,1.653,True,None,0.000,True
150.784,8,en_route_pickup,0.047,-2.280,0.000,-3.500,joint_grid_transaction,75,75,0,2,7,150.828,0.65,-1.987,True,None,0.000,True
151.040,1,en_route_pickup,-0.310,-1.865,6.000,3.500,joint_grid_transaction,75,75,0,12,9,151.324,0.65,-0.222,True,None,0.000,True
151.040,2,en_route_delivery,-2.936,2.258,0.000,-3.500,joint_grid_transaction,75,75,3,9,2,0.000,1.00,2.479,False,None,0.000,False
151.040,3,en_route_delivery,-4.777,0.207,0.000,-3.500,joint_grid_transaction,75,75,0,8,3,151.324,0.40,1.971,True,None,0.000,True
151.040,4,en_route_delivery,4.384,-0.720,3.000,-1.500,joint_grid_transaction,75,75,2,5,4,0.000,1.00,1.777,False,None,0.000,False
151.040,5,en_route_delivery,4.292,0.212,6.000,-3.500,joint_grid_transaction,75,75,1,3,5,0.000,1.00,1.761,False,None,0.000,False
151.040,6,en_route_pickup,-0.407,-2.586,-1.000,-1.500,joint_grid_transaction,75,75,1,2,6,151.324,0.40,-2.965,True,None,0.000,True
151.040,7,en_route_delivery,-4.309,-0.079,-1.000,1.500,joint_grid_transaction,75,75,0,14,8,151.324,0.65,1.653,True,None,0.000,True
151.040,8,en_route_pickup,0.047,-2.280,0.000,-3.500,joint_grid_transaction,75,75,0,2,7,151.324,0.65,-1.987,True,None,0.000,True
151.296,1,en_route_pickup,-0.310,-1.865,6.000,3.500,joint_grid_transaction,76,76,0,12,9,151.324,0.65,-0.222,True,None,0.000,True
151.296,2,en_route_delivery,-2.937,2.238,0.000,-3.500,joint_grid_transaction,76,76,1,15,2,0.000,1.00,2.326,False,None,0.000,False
151.296,3,en_route_delivery,-4.777,0.207,0.000,-3.500,joint_grid_transaction,76,76,0,9,3,151.324,0.40,1.971,True,None,0.000,True
151.296,4,en_route_delivery,4.373,-0.761,3.000,-1.500,joint_grid_transaction,76,76,1,5,4,0.000,1.00,1.817,False,None,0.000,False
151.296,5,en_route_delivery,4.292,0.207,6.000,-3.500,joint_grid_transaction,76,76,2,3,5,0.000,1.00,1.503,False,None,0.000,False
151.296,6,en_route_pickup,-0.407,-2.586,-1.000,-1.500,joint_grid_transaction,76,76,1,2,6,151.324,0.40,-2.961,True,None,0.000,True
151.296,7,en_route_delivery,-4.309,-0.079,-1.000,1.500,joint_grid_transaction,76,76,0,12,8,151.324,0.65,1.653,True,None,0.000,True
151.296,8,en_route_pickup,0.047,-2.280,0.000,-3.500,joint_grid_transaction,76,76,0,2,7,151.324,0.65,-1.987,True,None,0.000,True
151.552,1,en_route_pickup,-0.310,-1.865,6.000,3.500,joint_grid_transaction,76,76,0,12,9,151.820,0.65,-0.222,True,None,0.000,True
151.552,2,en_route_delivery,-2.924,2.224,0.000,-3.500,joint_grid_transaction,76,76,1,15,2,0.000,1.00,2.204,False,None,0.000,False
151.552,3,en_route_delivery,-4.777,0.207,0.000,-3.500,joint_grid_transaction,76,76,0,9,3,151.820,0.40,1.971,True,None,0.000,True
151.552,4,en_route_delivery,4.359,-0.803,3.000,-1.500,joint_grid_transaction,76,76,1,5,4,0.000,1.00,1.900,False,None,0.000,False
151.552,5,en_route_delivery,4.298,0.189,6.000,-3.500,joint_grid_transaction,76,76,2,3,5,0.000,1.00,1.404,False,None,0.000,False
151.552,6,en_route_pickup,-0.407,-2.586,-1.000,-1.500,joint_grid_transaction,76,76,1,2,6,151.820,0.40,-2.961,True,None,0.000,True
151.552,7,en_route_delivery,-4.309,-0.079,-1.000,1.500,joint_grid_transaction,76,76,0,12,8,151.820,0.65,1.653,True,None,0.000,True
151.552,8,en_route_pickup,0.047,-2.280,0.000,-3.500,joint_grid_transaction,76,76,0,2,7,151.820,0.65,-1.987,True,None,0.000,True
151.808,1,en_route_pickup,-0.310,-1.865,6.000,3.500,joint_grid_transaction,76,76,0,12,9,151.820,0.65,-0.222,True,None,0.000,True
151.808,2,en_route_delivery,-2.943,2.216,0.000,-3.500,joint_grid_transaction,76,76,2,15,2,0.000,1.00,2.276,False,None,0.000,False
151.808,3,en_route_delivery,-4.777,0.207,0.000,-3.500,joint_grid_transaction,76,76,0,9,3,151.820,0.40,1.971,True,None,0.000,True
151.808,4,en_route_delivery,4.345,-0.847,3.000,-1.500,joint_grid_transaction,76,76,2,5,4,0.000,1.00,1.823,False,None,0.000,False
151.808,5,en_route_delivery,4.309,0.151,6.000,-3.500,joint_grid_transaction,76,76,2,3,5,0.000,1.00,1.341,False,None,0.000,False
151.808,6,en_route_pickup,-0.407,-2.586,-1.000,-1.500,joint_grid_transaction,76,76,1,2,6,151.820,0.40,-2.961,True,None,0.000,True
151.808,7,en_route_delivery,-4.309,-0.079,-1.000,1.500,joint_grid_transaction,76,76,0,12,8,151.820,0.65,1.653,True,None,0.000,True
151.808,8,en_route_pickup,0.047,-2.280,0.000,-3.500,joint_grid_transaction,76,76,0,2,7,151.820,0.65,-1.987,True,None,0.000,True
152.064,1,en_route_pickup,-0.310,-1.865,6.000,3.500,joint_grid_transaction,76,76,0,12,9,152.316,0.65,-0.222,True,None,0.000,True
152.064,2,en_route_delivery,-2.963,2.237,0.000,-3.500,joint_grid_transaction,76,76,2,15,2,0.000,1.00,2.452,False,None,0.000,False
152.064,3,en_route_delivery,-4.777,0.207,0.000,-3.500,joint_grid_transaction,76,76,0,9,3,152.316,0.40,1.971,True,None,0.000,True
152.064,4,en_route_delivery,4.335,-0.893,3.000,-1.500,joint_grid_transaction,76,76,2,5,4,0.000,1.00,1.753,False,None,0.000,False
152.064,5,en_route_delivery,4.322,0.107,6.000,-3.500,joint_grid_transaction,76,76,2,3,5,0.000,1.00,1.267,False,None,0.000,False
152.064,6,en_route_pickup,-0.407,-2.586,-1.000,-1.500,joint_grid_transaction,76,76,1,2,6,152.316,0.40,-2.961,True,None,0.000,True
152.064,7,en_route_delivery,-4.309,-0.079,-1.000,1.500,joint_grid_transaction,76,76,0,12,8,152.316,0.65,1.653,True,None,0.000,True
152.064,8,en_route_pickup,0.047,-2.280,0.000,-3.500,joint_grid_transaction,76,76,0,2,7,152.316,0.65,-1.987,True,None,0.000,True
152.320,1,en_route_pickup,-0.310,-1.865,6.000,3.500,joint_grid_transaction,76,76,0,12,9,0.000,0.65,-0.222,True,None,0.000,True
152.320,2,en_route_delivery,-2.978,2.249,0.000,-3.500,joint_grid_transaction,76,76,2,15,2,0.000,1.00,2.594,False,None,0.000,False
152.320,3,en_route_delivery,-4.777,0.207,0.000,-3.500,joint_grid_transaction,76,76,0,9,3,0.000,0.40,1.971,True,None,0.000,True
152.320,4,en_route_delivery,4.327,-0.940,3.000,-1.500,joint_grid_transaction,76,76,2,5,4,0.000,1.00,1.710,False,None,0.000,False
152.320,5,en_route_delivery,4.337,0.063,6.000,-3.500,joint_grid_transaction,76,76,2,3,5,0.000,1.00,1.214,False,None,0.000,False
152.320,6,en_route_pickup,-0.407,-2.586,-1.000,-1.500,joint_grid_transaction,76,76,1,2,6,0.000,0.40,-2.961,True,None,0.000,True
152.320,7,en_route_delivery,-4.309,-0.079,-1.000,1.500,joint_grid_transaction,76,76,0,12,8,0.000,0.65,1.653,True,None,0.000,True
152.320,8,en_route_pickup,0.047,-2.280,0.000,-3.500,joint_grid_transaction,76,76,0,2,7,0.000,0.65,-1.987,True,None,0.000,True
152.576,1,en_route_pickup,-0.310,-1.865,6.000,3.500,joint_grid_transaction,76,76,0,12,9,152.828,0.65,-0.222,True,None,0.000,True
152.576,2,en_route_delivery,-3.003,2.241,0.000,-3.500,joint_grid_transaction,76,76,2,15,2,0.000,1.00,2.705,False,None,0.000,False
152.576,3,en_route_delivery,-4.777,0.207,0.000,-3.500,joint_grid_transaction,76,76,0,9,3,152.828,0.40,1.971,True,None,0.000,True
152.576,4,en_route_delivery,4.322,-0.987,3.000,-1.500,joint_grid_transaction,76,76,2,5,4,0.000,1.00,1.683,False,None,0.000,False
152.576,5,en_route_delivery,4.355,0.018,6.000,-3.500,joint_grid_transaction,76,76,2,3,5,0.000,1.00,1.181,False,None,0.000,False
152.576,6,en_route_pickup,-0.407,-2.586,-1.000,-1.500,joint_grid_transaction,76,76,1,2,6,152.828,0.40,-2.961,True,None,0.000,True
152.576,7,en_route_delivery,-4.309,-0.079,-1.000,1.500,joint_grid_transaction,76,76,0,12,8,152.828,0.65,1.653,True,None,0.000,True
152.576,8,en_route_pickup,0.047,-2.280,0.000,-3.500,joint_grid_transaction,76,76,0,2,7,152.828,0.65,-1.987,True,None,0.000,True
152.832,1,en_route_pickup,-0.310,-1.865,6.000,3.500,joint_grid_transaction,76,76,0,12,9,0.000,0.65,-0.222,True,None,0.000,True
152.832,2,en_route_delivery,-3.047,2.224,0.000,-3.500,joint_grid_transaction,76,76,2,15,2,0.000,1.00,2.806,False,None,0.000,False
152.832,3,en_route_delivery,-4.777,0.207,0.000,-3.500,joint_grid_transaction,76,76,0,9,3,0.000,0.40,1.971,True,None,0.000,True
152.832,4,en_route_delivery,4.317,-1.034,3.000,-1.500,joint_grid_transaction,76,76,2,5,4,0.000,1.00,1.670,False,None,0.000,False
152.832,5,en_route_delivery,4.373,-0.026,6.000,-3.500,joint_grid_transaction,76,76,2,3,5,0.000,1.00,1.162,False,None,0.000,False
152.832,6,en_route_pickup,-0.407,-2.586,-1.000,-1.500,joint_grid_transaction,76,76,1,2,6,0.000,0.40,-2.961,True,None,0.000,True
152.832,7,en_route_delivery,-4.309,-0.079,-1.000,1.500,joint_grid_transaction,76,76,0,12,8,0.000,0.65,1.653,True,None,0.000,True
152.832,8,en_route_pickup,0.047,-2.280,0.000,-3.500,joint_grid_transaction,76,76,0,2,7,0.000,0.65,-1.987,True,None,0.000,True
153.088,1,en_route_pickup,-0.310,-1.865,6.000,3.500,joint_grid_transaction,76,76,0,12,9,153.324,0.65,-0.222,True,None,0.000,True
153.088,2,en_route_delivery,-3.092,2.210,0.000,-3.500,joint_grid_transaction,76,76,2,15,2,0.000,1.00,2.868,False,None,0.000,False
153.088,3,en_route_delivery,-4.777,0.207,0.000,-3.500,joint_grid_transaction,76,76,0,9,3,153.324,0.40,1.971,True,None,0.000,True
153.088,4,en_route_delivery,4.312,-1.080,3.000,-1.500,joint_grid_transaction,76,76,2,5,4,0.000,1.00,1.670,False,None,0.000,False
153.088,5,en_route_delivery,4.393,-0.069,6.000,-3.500,joint_grid_transaction,76,76,2,3,5,0.000,1.00,1.150,False,None,0.000,False
153.088,6,en_route_pickup,-0.407,-2.586,-1.000,-1.500,joint_grid_transaction,76,76,1,2,6,153.324,0.40,-2.961,True,None,0.000,True
153.088,7,en_route_delivery,-4.309,-0.079,-1.000,1.500,joint_grid_transaction,76,76,0,12,8,153.324,0.65,1.653,True,None,0.000,True
153.088,8,en_route_pickup,0.047,-2.280,0.000,-3.500,joint_grid_transaction,76,76,0,2,7,153.324,0.65,-1.987,True,None,0.000,True
153.344,1,en_route_pickup,-0.310,-1.865,6.000,3.500,joint_grid_transaction,77,77,0,11,9,0.000,0.65,-0.222,True,None,0.000,True
153.344,2,en_route_delivery,-3.081,2.198,0.000,-3.500,joint_grid_transaction,77,77,1,12,2,0.000,1.00,2.604,False,None,0.000,False
153.344,3,en_route_delivery,-4.777,0.207,0.000,-3.500,joint_grid_transaction,77,77,0,2,3,0.000,0.40,1.971,True,None,0.000,True
153.344,4,en_route_delivery,4.307,-1.073,3.000,-1.500,joint_grid_transaction,77,77,1,2,4,0.000,1.00,1.977,False,None,0.000,False
153.344,5,en_route_delivery,4.389,-0.084,6.000,-3.500,joint_grid_transaction,77,77,1,3,5,0.000,1.00,1.361,False,None,0.000,False
153.344,6,en_route_pickup,-0.407,-2.586,-1.000,-1.500,joint_grid_transaction,77,77,1,2,6,0.000,0.40,-2.957,True,None,0.000,True
153.344,7,en_route_delivery,-4.309,-0.079,-1.000,1.500,joint_grid_transaction,77,77,0,14,8,0.000,0.65,1.653,True,None,0.000,True
153.344,8,en_route_pickup,0.047,-2.280,0.000,-3.500,joint_grid_transaction,77,77,0,2,7,0.000,0.65,-1.987,True,None,0.000,True
153.600,1,en_route_pickup,-0.310,-1.865,6.000,3.500,joint_grid_transaction,77,77,0,11,9,153.820,0.65,-0.222,True,None,0.000,True
153.600,2,en_route_delivery,-3.054,2.177,0.000,-3.500,joint_grid_transaction,77,77,1,12,2,0.000,1.00,2.353,False,None,0.000,False
153.600,3,en_route_delivery,-4.777,0.207,0.000,-3.500,joint_grid_transaction,77,77,0,2,3,153.820,0.40,1.971,True,None,0.000,True
153.600,4,en_route_delivery,4.294,-1.051,3.000,-1.500,joint_grid_transaction,77,77,1,2,4,0.000,1.00,2.229,False,None,0.000,False
153.600,5,en_route_delivery,4.389,-0.095,6.000,-3.500,joint_grid_transaction,77,77,1,3,5,0.000,1.00,1.486,False,None,0.000,False
153.600,6,en_route_pickup,-0.407,-2.586,-1.000,-1.500,joint_grid_transaction,77,77,1,2,6,153.820,0.40,-2.957,True,None,0.000,True
153.600,7,en_route_delivery,-4.309,-0.079,-1.000,1.500,joint_grid_transaction,77,77,0,14,8,153.820,0.65,1.653,True,None,0.000,True
153.600,8,en_route_pickup,0.047,-2.280,0.000,-3.500,joint_grid_transaction,77,77,0,2,7,153.820,0.65,-1.987,True,None,0.000,True
153.856,1,en_route_pickup,-0.310,-1.865,6.000,3.500,joint_grid_transaction,77,77,0,11,9,0.000,0.65,-0.222,True,None,0.000,True
153.856,2,en_route_delivery,-3.030,2.150,0.000,-3.500,joint_grid_transaction,77,77,1,12,2,0.000,1.00,2.102,False,None,0.000,False
153.856,3,en_route_delivery,-4.777,0.207,0.000,-3.500,joint_grid_transaction,77,77,0,2,3,0.000,0.40,1.971,True,None,0.000,True
153.856,4,en_route_delivery,4.278,-1.034,3.000,-1.500,joint_grid_transaction,77,77,1,2,4,0.000,1.00,2.376,False,None,0.000,False
153.856,5,en_route_delivery,4.391,-0.120,6.000,-3.500,joint_grid_transaction,77,77,1,3,5,0.000,1.00,1.490,False,None,0.000,False
153.856,6,en_route_pickup,-0.407,-2.586,-1.000,-1.500,joint_grid_transaction,77,77,1,2,6,0.000,0.40,-2.957,True,None,0.000,True
153.856,7,en_route_delivery,-4.309,-0.079,-1.000,1.500,joint_grid_transaction,77,77,0,14,8,0.000,0.65,1.653,True,None,0.000,True
153.856,8,en_route_pickup,0.047,-2.280,0.000,-3.500,joint_grid_transaction,77,77,0,2,7,0.000,0.65,-1.987,True,None,0.000,True
154.112,1,en_route_pickup,-0.310,-1.865,6.000,3.500,joint_grid_transaction,77,77,0,11,9,154.316,0.65,-0.222,True,None,0.000,True
154.112,2,en_route_delivery,-3.019,2.129,0.000,-3.500,joint_grid_transaction,77,77,1,12,2,0.000,1.00,1.775,False,None,0.000,False
154.112,3,en_route_delivery,-4.777,0.207,0.000,-3.500,joint_grid_transaction,77,77,0,2,3,154.316,0.40,1.971,True,None,0.000,True
154.112,4,en_route_delivery,4.266,-1.022,3.000,-1.500,joint_grid_transaction,77,77,1,2,4,0.000,1.00,2.483,False,None,0.000,False
154.112,5,en_route_delivery,4.392,-0.142,6.000,-3.500,joint_grid_transaction,77,77,1,3,5,0.000,1.00,1.505,False,None,0.000,False
154.112,6,en_route_pickup,-0.407,-2.586,-1.000,-1.500,joint_grid_transaction,77,77,1,2,6,154.316,0.40,-2.957,True,None,0.000,True
154.112,7,en_route_delivery,-4.309,-0.079,-1.000,1.500,joint_grid_transaction,77,77,0,14,8,154.316,0.65,1.653,True,None,0.000,True
154.112,8,en_route_pickup,0.047,-2.280,0.000,-3.500,joint_grid_transaction,77,77,0,2,7,154.316,0.65,-1.987,True,None,0.000,True
154.368,1,en_route_pickup,-0.310,-1.865,6.000,3.500,joint_grid_transaction,77,77,0,11,9,0.000,0.65,-0.222,True,None,0.000,True
154.368,2,en_route_delivery,-3.017,2.129,0.000,-3.500,joint_grid_transaction,77,77,1,12,2,0.000,1.00,1.351,False,None,0.000,False
154.368,3,en_route_delivery,-4.777,0.207,0.000,-3.500,joint_grid_transaction,77,77,0,2,3,0.000,0.40,1.971,True,None,0.000,True
154.368,4,en_route_delivery,4.229,-1.046,3.000,-1.500,joint_grid_transaction,77,77,1,2,4,0.000,1.00,2.596,False,None,0.000,False
154.368,5,en_route_delivery,4.394,-0.165,6.000,-3.500,joint_grid_transaction,77,77,1,3,5,0.000,1.00,1.512,False,None,0.000,False
154.368,6,en_route_pickup,-0.407,-2.586,-1.000,-1.500,joint_grid_transaction,77,77,1,2,6,0.000,0.40,-2.957,True,None,0.000,True
154.368,7,en_route_delivery,-4.309,-0.079,-1.000,1.500,joint_grid_transaction,77,77,0,14,8,0.000,0.65,1.653,True,None,0.000,True
154.368,8,en_route_pickup,0.047,-2.280,0.000,-3.500,joint_grid_transaction,77,77,0,2,7,0.000,0.65,-1.987,True,None,0.000,True
154.624,1,en_route_pickup,-0.310,-1.865,6.000,3.500,joint_grid_transaction,77,77,0,11,9,154.828,0.65,-0.222,True,None,0.000,True
154.624,2,en_route_delivery,-3.010,2.147,0.000,-3.500,joint_grid_transaction,77,77,1,12,2,0.000,1.00,1.058,False,None,0.000,False
154.624,3,en_route_delivery,-4.777,0.207,0.000,-3.500,joint_grid_transaction,77,77,0,2,3,154.828,0.40,1.971,True,None,0.000,True
154.624,4,en_route_delivery,4.188,-1.069,3.000,-1.500,joint_grid_transaction,77,77,1,2,4,0.000,1.00,2.675,False,None,0.000,False
154.624,5,en_route_delivery,4.395,-0.188,6.000,-3.500,joint_grid_transaction,77,77,1,3,5,0.000,1.00,1.526,False,None,0.000,False
154.624,6,en_route_pickup,-0.407,-2.586,-1.000,-1.500,joint_grid_transaction,77,77,1,2,6,154.828,0.40,-2.957,True,None,0.000,True
154.624,7,en_route_delivery,-4.309,-0.079,-1.000,1.500,joint_grid_transaction,77,77,0,14,8,154.828,0.65,1.653,True,None,0.000,True
154.624,8,en_route_pickup,0.047,-2.280,0.000,-3.500,joint_grid_transaction,77,77,0,2,7,154.828,0.65,-1.987,True,None,0.000,True
154.880,1,en_route_pickup,-0.310,-1.865,6.000,3.500,joint_grid_transaction,77,77,0,11,9,0.000,0.65,-0.222,True,None,0.000,True
154.880,2,en_route_delivery,-3.000,2.161,0.000,-3.500,joint_grid_transaction,77,77,1,12,2,0.000,1.00,0.909,False,None,0.000,False
154.880,3,en_route_delivery,-4.777,0.207,0.000,-3.500,joint_grid_transaction,77,77,0,2,3,0.000,0.40,1.971,True,None,0.000,True
154.880,4,en_route_delivery,4.145,-1.089,3.000,-1.500,joint_grid_transaction,77,77,1,2,4,0.000,1.00,2.723,False,None,0.000,False
154.880,5,en_route_delivery,4.395,-0.211,6.000,-3.500,joint_grid_transaction,77,77,1,3,5,0.000,1.00,1.534,False,None,0.000,False
154.880,6,en_route_pickup,-0.407,-2.586,-1.000,-1.500,joint_grid_transaction,77,77,1,2,6,0.000,0.40,-2.957,True,None,0.000,True
154.880,7,en_route_delivery,-4.309,-0.079,-1.000,1.500,joint_grid_transaction,77,77,0,14,8,0.000,0.65,1.653,True,None,0.000,True
154.880,8,en_route_pickup,0.047,-2.280,0.000,-3.500,joint_grid_transaction,77,77,0,2,7,0.000,0.65,-1.987,True,None,0.000,True
155.136,1,en_route_pickup,-0.310,-1.865,6.000,3.500,joint_grid_transaction,77,77,0,11,9,155.324,0.65,-0.222,True,None,0.000,True
155.136,2,en_route_delivery,-2.975,2.142,0.000,-3.500,joint_grid_transaction,78,77,1,14,2,0.000,1.00,0.787,False,None,0.000,False
155.136,3,en_route_delivery,-4.777,0.207,0.000,-3.500,joint_grid_transaction,78,77,0,2,3,155.324,0.40,1.971,True,None,0.000,True
155.136,4,en_route_delivery,4.101,-1.108,3.000,-1.500,joint_grid_transaction,78,77,1,2,4,0.000,1.00,2.754,False,None,0.000,False
155.136,5,en_route_delivery,4.396,-0.231,6.000,-3.500,joint_grid_transaction,78,77,1,3,5,0.000,1.00,1.544,False,None,0.000,False
155.136,6,en_route_pickup,-0.406,-2.586,-1.000,-1.500,joint_grid_transaction,78,77,1,2,6,155.324,0.40,-2.953,True,None,0.000,True
155.136,7,en_route_delivery,-4.309,-0.079,-1.000,1.500,joint_grid_transaction,78,77,0,7,8,155.324,0.65,1.653,True,None,0.000,True
155.136,8,en_route_pickup,0.047,-2.280,0.000,-3.500,joint_grid_transaction,78,77,0,2,7,155.324,0.65,-1.987,True,None,0.000,True
155.392,1,en_route_pickup,-0.310,-1.865,6.000,3.500,joint_grid_transaction,77,77,0,11,9,0.000,0.65,-0.222,True,None,0.000,True
155.392,2,en_route_delivery,-2.940,2.111,0.000,-3.500,joint_grid_transaction,78,78,1,14,2,0.000,1.00,0.689,False,None,0.000,False
155.392,3,en_route_delivery,-4.777,0.207,0.000,-3.500,joint_grid_transaction,78,78,0,2,3,0.000,0.40,1.971,True,None,0.000,True
155.392,4,en_route_delivery,4.057,-1.125,3.000,-1.500,joint_grid_transaction,78,78,1,2,4,0.000,1.00,2.773,False,None,0.000,False
155.392,5,en_route_delivery,4.397,-0.226,6.000,-3.500,joint_grid_transaction,78,78,1,3,5,0.000,1.00,1.331,False,None,0.000,False
155.392,6,en_route_pickup,-0.406,-2.586,-1.000,-1.500,joint_grid_transaction,78,78,1,2,6,0.000,0.40,-2.953,True,None,0.000,True
155.392,7,en_route_delivery,-4.309,-0.079,-1.000,1.500,joint_grid_transaction,78,78,0,7,8,0.000,0.65,1.653,True,None,0.000,True
155.392,8,en_route_pickup,0.047,-2.280,0.000,-3.500,joint_grid_transaction,78,78,0,2,7,0.000,0.65,-1.987,True,None,0.000,True
155.648,1,en_route_pickup,-0.310,-1.865,6.000,3.500,joint_grid_transaction,77,77,0,11,9,155.820,0.65,-0.222,True,None,0.000,True
155.648,2,en_route_delivery,-2.921,2.118,0.000,-3.500,joint_grid_transaction,78,78,2,14,2,0.000,1.00,0.491,False,None,0.000,False
155.648,3,en_route_delivery,-4.777,0.207,0.000,-3.500,joint_grid_transaction,78,78,0,2,3,155.820,0.40,1.971,True,None,0.000,True
155.648,4,en_route_delivery,4.012,-1.142,3.000,-1.500,joint_grid_transaction,78,78,1,2,4,0.000,1.00,2.784,False,None,0.000,False
155.648,5,en_route_delivery,4.409,-0.256,6.000,-3.500,joint_grid_transaction,78,78,1,3,5,0.000,1.00,1.239,False,None,0.000,False
155.648,6,en_route_pickup,-0.406,-2.586,-1.000,-1.500,joint_grid_transaction,78,78,1,2,6,155.820,0.40,-2.953,True,None,0.000,True
155.648,7,en_route_delivery,-4.309,-0.079,-1.000,1.500,joint_grid_transaction,78,78,0,7,8,155.820,0.65,1.653,True,None,0.000,True
155.648,8,en_route_pickup,0.047,-2.280,0.000,-3.500,joint_grid_transaction,78,78,0,2,7,155.820,0.65,-1.987,True,None,0.000,True
155.904,1,en_route_pickup,-0.310,-1.865,6.000,3.500,joint_grid_transaction,77,77,0,11,9,0.000,0.65,-0.222,True,None,0.000,True
155.904,2,en_route_delivery,-2.910,2.124,0.000,-3.500,joint_grid_transaction,78,78,2,14,2,0.000,1.00,0.333,False,None,0.000,False
155.904,3,en_route_delivery,-4.777,0.207,0.000,-3.500,joint_grid_transaction,78,78,0,2,3,0.000,0.40,1.971,True,None,0.000,True
155.904,4,en_route_delivery,3.967,-1.159,3.000,-1.500,joint_grid_transaction,78,78,1,2,4,0.000,1.00,2.792,False,None,0.000,False
155.904,5,en_route_delivery,4.427,-0.299,6.000,-3.500,joint_grid_transaction,78,78,1,3,5,0.000,1.00,1.148,False,None,0.000,False
155.904,6,en_route_pickup,-0.406,-2.586,-1.000,-1.500,joint_grid_transaction,78,78,1,2,6,0.000,0.40,-2.953,True,None,0.000,True
155.904,7,en_route_delivery,-4.309,-0.079,-1.000,1.500,joint_grid_transaction,78,78,0,7,8,0.000,0.65,1.653,True,None,0.000,True
155.904,8,en_route_pickup,0.047,-2.280,0.000,-3.500,joint_grid_transaction,78,78,0,2,7,0.000,0.65,-1.987,True,None,0.000,True
156.160,1,en_route_pickup,-0.310,-1.865,6.000,3.500,joint_grid_transaction,77,77,0,11,9,156.316,0.65,-0.222,True,None,0.000,True
156.160,2,en_route_delivery,-2.875,2.115,0.000,-3.500,joint_grid_transaction,78,78,2,14,2,0.000,1.00,0.232,False,None,0.000,False
156.160,3,en_route_delivery,-4.777,0.207,0.000,-3.500,joint_grid_transaction,78,78,0,2,3,156.316,0.40,1.971,True,None,0.000,True
156.160,4,en_route_delivery,3.922,-1.175,3.000,-1.500,joint_grid_transaction,78,78,1,2,4,0.000,1.00,2.796,False,None,0.000,False
156.160,5,en_route_delivery,4.448,-0.342,6.000,-3.500,joint_grid_transaction,78,78,1,3,5,0.000,1.00,1.091,False,None,0.000,False
156.160,6,en_route_pickup,-0.406,-2.586,-1.000,-1.500,joint_grid_transaction,78,78,1,2,6,156.316,0.40,-2.953,True,None,0.000,True
156.160,7,en_route_delivery,-4.309,-0.079,-1.000,1.500,joint_grid_transaction,78,78,0,7,8,156.316,0.65,1.653,True,None,0.000,True
156.160,8,en_route_pickup,0.047,-2.280,0.000,-3.500,joint_grid_transaction,78,78,0,2,7,156.316,0.65,-1.987,True,None,0.000,True
156.416,1,en_route_pickup,-0.310,-1.865,6.000,3.500,joint_grid_transaction,77,77,0,11,9,0.000,0.65,-0.222,True,None,0.000,True
156.416,2,en_route_delivery,-2.828,2.106,0.000,-3.500,joint_grid_transaction,78,78,2,14,2,0.000,1.00,0.145,False,None,0.000,False
156.416,3,en_route_delivery,-4.777,0.207,0.000,-3.500,joint_grid_transaction,78,78,0,2,3,0.000,0.40,1.971,True,None,0.000,True
156.416,4,en_route_delivery,3.877,-1.191,3.000,-1.500,joint_grid_transaction,78,78,1,2,4,0.000,1.00,2.799,False,None,0.000,False
156.416,5,en_route_delivery,4.471,-0.384,6.000,-3.500,joint_grid_transaction,78,78,1,3,5,0.000,1.00,1.056,False,None,0.000,False
156.416,6,en_route_pickup,-0.406,-2.586,-1.000,-1.500,joint_grid_transaction,78,78,1,2,6,0.000,0.40,-2.953,True,None,0.000,True
156.416,7,en_route_delivery,-4.309,-0.079,-1.000,1.500,joint_grid_transaction,78,78,0,7,8,0.000,0.65,1.653,True,None,0.000,True
156.416,8,en_route_pickup,0.047,-2.280,0.000,-3.500,joint_grid_transaction,78,78,0,2,7,0.000,0.65,-1.987,True,None,0.000,True
156.672,1,en_route_pickup,-0.310,-1.865,6.000,3.500,joint_grid_transaction,77,77,0,11,9,156.828,0.65,-0.222,True,None,0.000,True
156.672,2,en_route_delivery,-2.781,2.101,0.000,-3.500,joint_grid_transaction,78,78,2,14,2,0.000,1.00,0.094,False,None,0.000,False
156.672,3,en_route_delivery,-4.777,0.207,0.000,-3.500,joint_grid_transaction,78,78,0,2,3,156.828,0.40,1.971,True,None,0.000,True
156.672,4,en_route_delivery,3.832,-1.207,3.000,-1.500,joint_grid_transaction,78,78,1,2,4,0.000,1.00,2.801,False,None,0.000,False
156.672,5,en_route_delivery,4.495,-0.425,6.000,-3.500,joint_grid_transaction,78,78,1,3,5,0.000,1.00,1.034,False,None,0.000,False
156.672,6,en_route_pickup,-0.406,-2.586,-1.000,-1.500,joint_grid_transaction,78,78,1,2,6,156.828,0.40,-2.953,True,None,0.000,True
156.672,7,en_route_delivery,-4.309,-0.079,-1.000,1.500,joint_grid_transaction,78,78,0,7,8,156.828,0.65,1.653,True,None,0.000,True
156.672,8,en_route_pickup,0.047,-2.280,0.000,-3.500,joint_grid_transaction,78,78,0,2,7,156.828,0.65,-1.987,True,None,0.000,True
156.928,1,en_route_pickup,-0.310,-1.865,6.000,3.500,joint_grid_transaction,77,77,0,11,9,0.000,0.65,-0.222,True,None,0.000,True
156.928,2,en_route_delivery,-2.737,2.097,0.000,-3.500,joint_grid_transaction,78,78,2,14,2,0.000,1.00,0.081,False,None,0.000,False
156.928,3,en_route_delivery,-4.777,0.207,0.000,-3.500,joint_grid_transaction,78,78,0,2,3,0.000,0.40,1.971,True,None,0.000,True
156.928,4,en_route_delivery,3.787,-1.223,3.000,-1.500,joint_grid_transaction,78,78,1,2,4,0.000,1.00,2.802,False,None,0.000,False
156.928,5,en_route_delivery,4.519,-0.466,6.000,-3.500,joint_grid_transaction,78,78,1,3,5,0.000,1.00,1.021,False,None,0.000,False
156.928,6,en_route_pickup,-0.406,-2.586,-1.000,-1.500,joint_grid_transaction,78,78,1,2,6,0.000,0.40,-2.953,True,None,0.000,True
156.928,7,en_route_delivery,-4.309,-0.079,-1.000,1.500,joint_grid_transaction,78,78,0,7,8,0.000,0.65,1.653,True,None,0.000,True
156.928,8,en_route_pickup,0.047,-2.280,0.000,-3.500,joint_grid_transaction,78,78,0,2,7,0.000,0.65,-1.987,True,None,0.000,True
157.184,1,en_route_pickup,-0.310,-1.865,6.000,3.500,joint_grid_transaction,77,77,0,11,9,157.324,0.65,-0.222,True,None,0.000,True
157.184,2,en_route_delivery,-2.694,2.093,0.000,-3.500,joint_grid_transaction,79,79,1,14,2,0.000,1.00,0.081,False,None,0.000,False
157.184,3,en_route_delivery,-4.777,0.207,0.000,-3.500,joint_grid_transaction,79,79,0,2,3,157.324,0.40,1.971,True,None,0.000,True
157.184,4,en_route_delivery,3.742,-1.239,3.000,-1.500,joint_grid_transaction,79,79,1,2,4,0.000,1.00,2.803,False,None,0.000,False
157.184,5,en_route_delivery,4.544,-0.507,6.000,-3.500,joint_grid_transaction,79,79,1,2,5,0.000,1.00,1.031,False,None,0.000,False
157.184,6,en_route_pickup,-0.406,-2.586,-1.000,-1.500,joint_grid_transaction,79,79,1,2,6,157.324,0.40,-2.949,True,None,0.000,True
157.184,7,en_route_delivery,-4.309,-0.079,-1.000,1.500,joint_grid_transaction,79,79,0,7,8,157.324,0.65,1.653,True,None,0.000,True
157.184,8,en_route_pickup,0.047,-2.280,0.000,-3.500,joint_grid_transaction,79,79,0,2,7,157.324,0.65,-1.987,True,None,0.000,True
157.440,1,en_route_pickup,-0.310,-1.865,6.000,3.500,joint_grid_transaction,77,77,0,11,9,0.000,0.65,-0.222,True,None,0.000,True
157.440,2,en_route_delivery,-2.651,2.090,0.000,-3.500,joint_grid_transaction,79,79,1,14,2,0.000,1.00,0.082,False,None,0.000,False
157.440,3,en_route_delivery,-4.777,0.207,0.000,-3.500,joint_grid_transaction,79,79,0,2,3,0.000,0.40,1.971,True,None,0.000,True
157.440,4,en_route_delivery,3.697,-1.255,3.000,-1.500,joint_grid_transaction,79,79,1,2,4,0.000,1.00,2.803,False,None,0.000,False
157.440,5,en_route_delivery,4.568,-0.548,6.000,-3.500,joint_grid_transaction,79,79,1,2,5,0.000,1.00,1.066,False,None,0.000,False
157.440,6,en_route_pickup,-0.406,-2.586,-1.000,-1.500,joint_grid_transaction,79,79,1,2,6,0.000,0.40,-2.949,True,None,0.000,True
157.440,7,en_route_delivery,-4.309,-0.079,-1.000,1.500,joint_grid_transaction,79,79,0,7,8,0.000,0.65,1.653,True,None,0.000,True
157.440,8,en_route_pickup,0.047,-2.280,0.000,-3.500,joint_grid_transaction,79,79,0,2,7,0.000,0.65,-1.987,True,None,0.000,True
157.696,1,en_route_pickup,-0.310,-1.865,6.000,3.500,joint_grid_transaction,77,77,0,11,9,157.820,0.65,-0.222,True,None,0.000,True
157.696,2,en_route_delivery,-2.609,2.086,0.000,-3.500,joint_grid_transaction,79,79,1,14,2,0.000,1.00,0.082,False,None,0.000,False
157.696,3,en_route_delivery,-4.777,0.207,0.000,-3.500,joint_grid_transaction,79,79,0,2,3,157.820,0.40,1.971,True,None,0.000,True
157.696,4,en_route_delivery,3.652,-1.271,3.000,-1.500,joint_grid_transaction,79,79,1,2,4,0.000,1.00,2.803,False,None,0.000,False
157.696,5,en_route_delivery,4.590,-0.590,6.000,-3.500,joint_grid_transaction,79,79,1,2,5,0.000,1.00,1.088,False,None,0.000,False
157.696,6,en_route_pickup,-0.406,-2.586,-1.000,-1.500,joint_grid_transaction,79,79,1,2,6,157.820,0.40,-2.949,True,None,0.000,True
157.696,7,en_route_delivery,-4.309,-0.079,-1.000,1.500,joint_grid_transaction,79,79,0,7,8,157.820,0.65,1.653,True,None,0.000,True
157.696,8,en_route_pickup,0.047,-2.280,0.000,-3.500,joint_grid_transaction,79,79,0,2,7,157.820,0.65,-1.987,True,None,0.000,True
157.952,1,en_route_pickup,-0.310,-1.865,6.000,3.500,joint_grid_transaction,77,77,0,11,9,0.000,0.65,-0.222,True,None,0.000,True
157.952,2,en_route_delivery,-2.566,2.083,0.000,-3.500,joint_grid_transaction,79,79,1,14,2,0.000,1.00,0.082,False,None,0.000,False
157.952,3,en_route_delivery,-4.777,0.207,0.000,-3.500,joint_grid_transaction,79,79,0,2,3,0.000,0.40,1.971,True,None,0.000,True
157.952,4,en_route_delivery,3.606,-1.287,3.000,-1.500,joint_grid_transaction,79,79,1,2,4,0.000,1.00,2.803,False,None,0.000,False
157.952,5,en_route_delivery,4.612,-0.632,6.000,-3.500,joint_grid_transaction,79,79,1,2,5,0.000,1.00,1.101,False,None,0.000,False
157.952,6,en_route_pickup,-0.406,-2.586,-1.000,-1.500,joint_grid_transaction,79,79,1,2,6,0.000,0.40,-2.949,True,None,0.000,True
157.952,7,en_route_delivery,-4.309,-0.079,-1.000,1.500,joint_grid_transaction,79,79,0,7,8,0.000,0.65,1.653,True,None,0.000,True
157.952,8,en_route_pickup,0.047,-2.280,0.000,-3.500,joint_grid_transaction,79,79,0,2,7,0.000,0.65,-1.987,True,None,0.000,True
158.208,1,en_route_pickup,-0.310,-1.865,6.000,3.500,joint_grid_transaction,77,77,0,11,9,158.332,0.65,-0.222,True,None,0.000,True
158.208,2,en_route_delivery,-2.523,2.079,0.000,-3.500,joint_grid_transaction,79,79,1,14,2,0.000,1.00,0.082,False,None,0.000,False
158.208,3,en_route_delivery,-4.777,0.207,0.000,-3.500,joint_grid_transaction,79,79,0,2,3,158.332,0.40,1.971,True,None,0.000,True
158.208,4,idle,3.561,-1.303,0.000,0.000,joint_grid_transaction,79,79,1,0,None,0.000,1.00,2.804,False,None,0.000,False
158.208,5,en_route_delivery,4.634,-0.675,6.000,-3.500,joint_grid_transaction,79,79,1,2,5,0.000,1.00,1.109,False,None,0.000,False
158.208,6,en_route_pickup,-0.406,-2.586,-1.000,-1.500,joint_grid_transaction,79,79,1,2,6,158.332,0.40,-2.949,True,None,0.000,True
158.208,7,en_route_delivery,-4.309,-0.079,-1.000,1.500,joint_grid_transaction,79,79,0,7,8,158.332,0.65,1.653,True,None,0.000,True
158.208,8,en_route_pickup,0.047,-2.280,0.000,-3.500,joint_grid_transaction,79,79,0,2,7,158.332,0.65,-1.987,True,None,0.000,True
158.464,1,en_route_pickup,-0.310,-1.865,6.000,3.500,joint_grid_transaction,77,77,0,11,9,0.000,0.65,-0.222,True,None,0.000,True
158.464,2,en_route_delivery,-2.481,2.076,0.000,-3.500,joint_grid_transaction,79,79,1,14,2,0.000,1.00,0.082,False,None,0.000,False
158.464,3,en_route_delivery,-4.777,0.207,0.000,-3.500,joint_grid_transaction,79,79,0,2,3,0.000,0.40,1.971,True,None,0.000,True
158.464,4,en_route_delivery,3.516,-1.319,6.000,-3.500,joint_grid_transaction,79,79,1,2,11,0.000,1.00,2.804,False,None,0.000,False
158.464,5,en_route_delivery,4.655,-0.718,6.000,-3.500,joint_grid_transaction,79,79,1,2,5,0.000,1.00,1.113,False,None,0.000,False
158.464,6,en_route_pickup,-0.406,-2.586,-1.000,-1.500,joint_grid_transaction,79,79,1,2,6,0.000,0.40,-2.949,True,None,0.000,True
158.464,7,en_route_delivery,-4.309,-0.079,-1.000,1.500,joint_grid_transaction,79,79,0,7,8,0.000,0.65,1.653,True,None,0.000,True
158.464,8,en_route_pickup,0.047,-2.280,0.000,-3.500,joint_grid_transaction,79,79,0,2,7,0.000,0.65,-1.987,True,None,0.000,True
158.720,1,en_route_pickup,-0.310,-1.865,6.000,3.500,joint_grid_transaction,77,77,0,11,9,158.828,0.65,-0.222,True,None,0.000,True
158.720,2,en_route_delivery,-2.438,2.072,0.000,-3.500,joint_grid_transaction,79,79,1,14,2,0.000,1.00,0.082,False,None,0.000,False
158.720,3,en_route_delivery,-4.777,0.207,0.000,-3.500,joint_grid_transaction,79,79,0,2,3,158.828,0.40,1.971,True,None,0.000,True
158.720,4,en_route_delivery,3.471,-1.335,6.000,-3.500,joint_grid_transaction,79,79,1,2,11,0.000,1.00,2.804,False,None,0.000,False
158.720,5,en_route_delivery,4.676,-0.761,6.000,-3.500,joint_grid_transaction,79,79,1,2,5,0.000,1.00,1.116,False,None,0.000,False
158.720,6,en_route_pickup,-0.406,-2.586,-1.000,-1.500,joint_grid_transaction,79,79,1,2,6,158.828,0.40,-2.949,True,None,0.000,True
158.720,7,en_route_delivery,-4.309,-0.079,-1.000,1.500,joint_grid_transaction,79,79,0,7,8,158.828,0.65,1.653,True,None,0.000,True
158.720,8,en_route_pickup,0.047,-2.280,0.000,-3.500,joint_grid_transaction,79,79,0,2,7,158.828,0.65,-1.987,True,None,0.000,True
158.976,1,en_route_pickup,-0.310,-1.865,6.000,3.500,joint_grid_transaction,77,77,0,11,9,0.000,0.65,-0.222,True,None,0.000,True
158.976,2,en_route_delivery,-2.396,2.069,0.000,-3.500,joint_grid_transaction,79,79,1,14,2,0.000,1.00,0.082,False,None,0.000,False
158.976,3,en_route_delivery,-4.777,0.207,0.000,-3.500,joint_grid_transaction,79,79,0,2,3,0.000,0.40,1.971,True,None,0.000,True
158.976,4,en_route_delivery,3.426,-1.350,6.000,-3.500,joint_grid_transaction,79,79,1,2,11,0.000,1.00,2.804,False,None,0.000,False
158.976,5,en_route_delivery,4.697,-0.804,6.000,-3.500,joint_grid_transaction,79,79,1,2,5,0.000,1.00,1.118,False,None,0.000,False
158.976,6,en_route_pickup,-0.406,-2.586,-1.000,-1.500,joint_grid_transaction,79,79,1,2,6,0.000,0.40,-2.949,True,None,0.000,True
158.976,7,en_route_delivery,-4.309,-0.079,-1.000,1.500,joint_grid_transaction,79,79,0,7,8,0.000,0.65,1.653,True,None,0.000,True
158.976,8,en_route_pickup,0.047,-2.280,0.000,-3.500,joint_grid_transaction,79,79,0,2,7,0.000,0.65,-1.987,True,None,0.000,True
159.232,1,en_route_pickup,-0.310,-1.865,6.000,3.500,joint_grid_transaction,81,81,0,9,9,159.324,0.65,-0.222,True,None,0.000,True
159.232,2,en_route_delivery,-2.353,2.065,0.000,-3.500,joint_grid_transaction,81,81,1,12,2,0.000,1.00,0.082,False,None,0.000,False
159.232,3,en_route_delivery,-4.777,0.207,0.000,-3.500,joint_grid_transaction,81,81,0,2,3,159.324,0.40,1.971,True,None,0.000,True
159.232,4,en_route_delivery,3.407,-1.365,6.000,-3.500,joint_grid_transaction,81,81,1,8,11,0.000,1.00,2.668,False,None,0.000,False
159.232,5,en_route_delivery,4.716,-0.821,6.000,-3.500,joint_grid_transaction,81,81,1,2,5,0.000,1.00,0.982,False,None,0.000,False
159.232,6,en_route_pickup,-0.406,-2.586,-1.000,-1.500,joint_grid_transaction,81,81,1,2,6,159.324,0.40,-2.945,True,None,0.000,True
159.232,7,en_route_delivery,-4.309,-0.079,-1.000,1.500,joint_grid_transaction,81,81,0,6,8,159.324,0.65,1.653,True,None,0.000,True
159.232,8,en_route_pickup,0.047,-2.280,0.000,-3.500,joint_grid_transaction,81,81,0,2,7,159.324,0.65,-1.987,True,None,0.000,True
159.488,1,en_route_pickup,-0.310,-1.865,6.000,3.500,joint_grid_transaction,81,81,0,9,9,0.000,0.65,-0.222,True,None,0.000,True
159.488,2,en_route_delivery,-2.311,2.062,0.000,-3.500,joint_grid_transaction,81,81,1,12,2,0.000,1.00,0.082,False,None,0.000,False
159.488,3,en_route_delivery,-4.777,0.207,0.000,-3.500,joint_grid_transaction,81,81,0,2,3,0.000,0.40,1.971,True,None,0.000,True
159.488,4,en_route_delivery,3.433,-1.383,6.000,-3.500,joint_grid_transaction,81,81,1,8,11,0.000,1.00,2.403,False,None,0.000,False
159.488,5,en_route_delivery,4.739,-0.793,6.000,-3.500,joint_grid_transaction,81,81,1,2,5,0.000,1.00,0.740,False,None,0.000,False
159.488,6,en_route_pickup,-0.406,-2.586,-1.000,-1.500,joint_grid_transaction,81,81,1,2,6,0.000,0.40,-2.945,True,None,0.000,True
159.488,7,en_route_delivery,-4.309,-0.079,-1.000,1.500,joint_grid_transaction,81,81,0,6,8,0.000,0.65,1.653,True,None,0.000,True
159.488,8,en_route_pickup,0.047,-2.280,0.000,-3.500,joint_grid_transaction,81,81,0,2,7,0.000,0.65,-1.987,True,None,0.000,True
159.744,1,en_route_pickup,-0.310,-1.865,6.000,3.500,joint_grid_transaction,81,81,0,9,9,159.820,0.65,-0.222,True,None,0.000,True
159.744,2,en_route_delivery,-2.269,2.058,0.000,-3.500,joint_grid_transaction,81,81,1,12,2,0.000,1.00,0.082,False,None,0.000,False
159.744,3,en_route_delivery,-4.777,0.207,0.000,-3.500,joint_grid_transaction,81,81,0,2,3,159.820,0.40,1.971,True,None,0.000,True
159.744,4,en_route_delivery,3.459,-1.411,6.000,-3.500,joint_grid_transaction,81,81,1,8,11,0.000,1.00,2.163,False,None,0.000,False
159.744,5,en_route_delivery,4.765,-0.771,6.000,-3.500,joint_grid_transaction,81,81,1,2,5,0.000,1.00,0.487,False,None,0.000,False
159.744,6,en_route_pickup,-0.406,-2.586,-1.000,-1.500,joint_grid_transaction,81,81,1,2,6,159.820,0.40,-2.945,True,None,0.000,True
159.744,7,en_route_delivery,-4.309,-0.079,-1.000,1.500,joint_grid_transaction,81,81,0,6,8,159.820,0.65,1.653,True,None,0.000,True
159.744,8,en_route_pickup,0.047,-2.280,0.000,-3.500,joint_grid_transaction,81,81,0,2,7,159.820,0.65,-1.987,True,None,0.000,True
160.000,1,en_route_pickup,-0.310,-1.865,6.000,3.500,joint_grid_transaction,81,81,0,9,9,0.000,0.65,-0.222,True,None,0.000,True
160.000,2,en_route_delivery,-2.226,2.055,0.000,-3.500,joint_grid_transaction,81,81,1,12,2,0.000,1.00,0.082,False,None,0.000,False
160.000,3,en_route_delivery,-4.777,0.207,0.000,-3.500,joint_grid_transaction,81,81,0,2,3,0.000,0.40,1.971,True,None,0.000,True
160.000,4,en_route_delivery,3.473,-1.434,6.000,-3.500,joint_grid_transaction,81,81,1,8,11,0.000,1.00,1.857,False,None,0.000,False
160.000,5,en_route_delivery,4.780,-0.764,6.000,-3.500,joint_grid_transaction,81,81,1,2,5,0.000,1.00,0.253,False,None,0.000,False
160.000,6,en_route_pickup,-0.406,-2.586,-1.000,-1.500,joint_grid_transaction,81,81,1,2,6,0.000,0.40,-2.945,True,None,0.000,True
160.000,7,en_route_delivery,-4.309,-0.079,-1.000,1.500,joint_grid_transaction,81,81,0,6,8,0.000,0.65,1.653,True,None,0.000,True
160.000,8,en_route_pickup,0.047,-2.280,0.000,-3.500,joint_grid_transaction,81,81,0,2,7,0.000,0.65,-1.987,True,None,0.000,True
160.256,1,en_route_pickup,-0.310,-1.865,6.000,3.500,joint_grid_transaction,81,81,0,9,9,160.332,0.65,-0.222,True,None,0.000,True
160.256,2,en_route_delivery,-2.184,2.051,0.000,-3.500,joint_grid_transaction,81,81,1,12,2,0.000,1.00,0.082,False,None,0.000,False
160.256,3,en_route_delivery,-4.777,0.207,0.000,-3.500,joint_grid_transaction,81,81,0,2,3,160.332,0.40,1.971,True,None,0.000,True
160.256,4,en_route_delivery,3.476,-1.440,6.000,-3.500,joint_grid_transaction,81,81,1,8,11,0.000,1.00,1.439,False,None,0.000,False
160.256,5,en_route_delivery,4.789,-0.763,6.000,-3.500,joint_grid_transaction,81,81,1,2,5,0.000,1.00,0.103,False,None,0.000,False
160.256,6,en_route_pickup,-0.406,-2.586,-1.000,-1.500,joint_grid_transaction,81,81,1,2,6,160.332,0.40,-2.945,True,None,0.000,True
160.256,7,en_route_delivery,-4.309,-0.079,-1.000,1.500,joint_grid_transaction,81,81,0,6,8,160.332,0.65,1.653,True,None,0.000,True
160.256,8,en_route_pickup,0.047,-2.280,0.000,-3.500,joint_grid_transaction,81,81,0,2,7,160.332,0.65,-1.987,True,None,0.000,True
160.512,1,en_route_pickup,-0.310,-1.865,6.000,3.500,joint_grid_transaction,81,81,0,9,9,0.000,0.65,-0.222,True,None,0.000,True
160.512,2,en_route_delivery,-2.142,2.048,0.000,-3.500,joint_grid_transaction,81,81,1,12,2,0.000,1.00,0.082,False,None,0.000,False
160.512,3,en_route_delivery,-4.777,0.207,0.000,-3.500,joint_grid_transaction,81,81,0,2,3,0.000,0.40,1.971,True,None,0.000,True
160.512,4,en_route_delivery,3.480,-1.426,6.000,-3.500,joint_grid_transaction,81,81,1,8,11,0.000,1.00,1.145,False,None,0.000,False
160.512,5,en_route_delivery,4.815,-0.766,6.000,-3.500,joint_grid_transaction,81,81,1,2,5,0.000,1.00,0.102,False,None,0.000,False
160.512,6,en_route_pickup,-0.406,-2.586,-1.000,-1.500,joint_grid_transaction,81,81,1,2,6,0.000,0.40,-2.945,True,None,0.000,True
160.512,7,en_route_delivery,-4.309,-0.079,-1.000,1.500,joint_grid_transaction,81,81,0,6,8,0.000,0.65,1.653,True,None,0.000,True
160.512,8,en_route_pickup,0.047,-2.280,0.000,-3.500,joint_grid_transaction,81,81,0,2,7,0.000,0.65,-1.987,True,None,0.000,True
160.768,1,en_route_pickup,-0.310,-1.865,6.000,3.500,joint_grid_transaction,82,82,0,10,9,160.828,0.65,-0.222,True,None,0.000,True
160.768,2,en_route_delivery,-2.099,2.045,0.000,-3.500,joint_grid_transaction,82,82,1,11,2,0.000,1.00,0.082,False,None,0.000,False
160.768,3,en_route_delivery,-4.777,0.207,0.000,-3.500,joint_grid_transaction,82,82,0,2,3,160.828,0.40,1.971,True,None,0.000,True
160.768,4,en_route_delivery,3.487,-1.414,6.000,-3.500,joint_grid_transaction,82,82,1,2,11,0.000,1.00,0.999,False,None,0.000,False
160.768,5,en_route_delivery,4.841,-0.768,6.000,-3.500,joint_grid_transaction,82,82,1,2,5,0.000,1.00,0.102,False,None,0.000,False
160.768,6,en_route_pickup,-0.406,-2.586,-1.000,-1.500,joint_grid_transaction,82,82,1,2,6,160.828,0.40,-2.941,True,None,0.000,True
160.768,7,en_route_delivery,-4.309,-0.079,-1.000,1.500,joint_grid_transaction,82,82,0,6,8,160.828,0.65,1.653,True,None,0.000,True
160.768,8,en_route_pickup,0.047,-2.280,0.000,-3.500,joint_grid_transaction,82,82,0,2,7,160.828,0.65,-1.987,True,None,0.000,True
161.024,1,en_route_pickup,-0.310,-1.865,6.000,3.500,joint_grid_transaction,82,82,0,10,9,0.000,0.65,-0.222,True,None,0.000,True
161.024,2,en_route_delivery,-2.057,2.041,0.000,-3.500,joint_grid_transaction,82,82,1,11,2,0.000,1.00,0.082,False,None,0.000,False
161.024,3,en_route_delivery,-4.777,0.207,0.000,-3.500,joint_grid_transaction,82,82,0,2,3,0.000,0.40,1.971,True,None,0.000,True
161.024,4,en_route_delivery,3.513,-1.444,6.000,-3.500,joint_grid_transaction,82,82,1,2,11,0.000,1.00,0.877,False,None,0.000,False
161.024,5,en_route_delivery,4.866,-0.771,6.000,-3.500,joint_grid_transaction,82,82,1,2,5,0.000,1.00,0.097,False,None,0.000,False
161.024,6,en_route_pickup,-0.406,-2.586,-1.000,-1.500,joint_grid_transaction,82,82,1,2,6,0.000,0.40,-2.941,True,None,0.000,True
161.024,7,en_route_delivery,-4.309,-0.079,-1.000,1.500,joint_grid_transaction,82,82,0,6,8,0.000,0.65,1.653,True,None,0.000,True
161.024,8,en_route_pickup,0.047,-2.280,0.000,-3.500,joint_grid_transaction,82,82,0,2,7,0.000,0.65,-1.987,True,None,0.000,True
161.280,1,en_route_pickup,-0.310,-1.865,6.000,3.500,joint_grid_transaction,82,82,0,10,9,161.324,0.65,-0.222,True,None,0.000,True
161.280,2,en_route_delivery,-2.015,2.038,0.000,-3.500,joint_grid_transaction,82,82,1,11,2,0.000,1.00,0.082,False,None,0.000,False
161.280,3,en_route_delivery,-4.777,0.207,0.000,-3.500,joint_grid_transaction,82,82,0,2,3,161.324,0.40,1.971,True,None,0.000,True
161.280,4,en_route_delivery,3.545,-1.479,6.000,-3.500,joint_grid_transaction,82,82,1,2,11,0.000,1.00,0.801,False,None,0.000,False
161.280,5,en_route_delivery,4.890,-0.773,6.000,-3.500,joint_grid_transaction,82,82,1,2,5,0.000,1.00,0.091,False,None,0.000,False
161.280,6,en_route_pickup,-0.406,-2.586,-1.000,-1.500,joint_grid_transaction,82,82,1,2,6,161.324,0.40,-2.941,True,None,0.000,True
161.280,7,en_route_delivery,-4.309,-0.079,-1.000,1.500,joint_grid_transaction,82,82,0,6,8,161.324,0.65,1.653,True,None,0.000,True
161.280,8,en_route_pickup,0.047,-2.280,0.000,-3.500,joint_grid_transaction,82,82,0,2,7,161.324,0.65,-1.987,True,None,0.000,True
161.536,1,en_route_pickup,-0.310,-1.865,6.000,3.500,joint_grid_transaction,82,82,0,10,9,161.820,0.65,-0.222,True,None,0.000,True
161.536,2,en_route_delivery,-1.973,2.034,0.000,-3.500,joint_grid_transaction,82,82,1,11,2,0.000,1.00,0.082,False,None,0.000,False
161.536,3,en_route_delivery,-4.777,0.207,0.000,-3.500,joint_grid_transaction,82,82,0,2,3,161.820,0.40,1.971,True,None,0.000,True
161.536,4,en_route_delivery,3.579,-1.512,6.000,-3.500,joint_grid_transaction,82,82,1,2,11,0.000,1.00,0.755,False,None,0.000,False
161.536,5,en_route_delivery,4.916,-0.775,6.000,-3.500,joint_grid_transaction,82,82,1,2,5,0.000,1.00,0.092,False,None,0.000,False
161.536,6,en_route_pickup,-0.406,-2.586,-1.000,-1.500,joint_grid_transaction,82,82,1,2,6,161.820,0.40,-2.941,True,None,0.000,True
161.536,7,en_route_delivery,-4.309,-0.079,-1.000,1.500,joint_grid_transaction,82,82,0,6,8,161.820,0.65,1.653,True,None,0.000,True
161.536,8,en_route_pickup,0.047,-2.280,0.000,-3.500,joint_grid_transaction,82,82,0,2,7,161.820,0.65,-1.987,True,None,0.000,True
161.792,1,en_route_pickup,-0.310,-1.865,6.000,3.500,joint_grid_transaction,82,82,0,10,9,161.820,0.65,-0.222,True,None,0.000,True
161.792,2,en_route_delivery,-1.931,2.031,0.000,-3.500,joint_grid_transaction,82,82,1,11,2,0.000,1.00,0.082,False,None,0.000,False
161.792,3,en_route_delivery,-4.777,0.207,0.000,-3.500,joint_grid_transaction,82,82,0,2,3,161.820,0.40,1.971,True,None,0.000,True
161.792,4,en_route_delivery,3.614,-1.544,6.000,-3.500,joint_grid_transaction,82,82,1,2,11,0.000,1.00,0.728,False,None,0.000,False
161.792,5,en_route_delivery,4.941,-0.777,6.000,-3.500,joint_grid_transaction,82,82,1,2,5,0.000,1.00,0.087,False,None,0.000,False
161.792,6,en_route_pickup,-0.406,-2.586,-1.000,-1.500,joint_grid_transaction,82,82,1,2,6,161.820,0.40,-2.941,True,None,0.000,True
161.792,7,en_route_delivery,-4.309,-0.079,-1.000,1.500,joint_grid_transaction,82,82,0,6,8,161.820,0.65,1.653,True,None,0.000,True
161.792,8,en_route_pickup,0.047,-2.280,0.000,-3.500,joint_grid_transaction,82,82,0,2,7,161.820,0.65,-1.987,True,None,0.000,True
162.048,1,en_route_pickup,-0.310,-1.865,6.000,3.500,joint_grid_transaction,82,82,0,10,9,162.332,0.65,-0.222,True,None,0.000,True
162.048,2,en_route_delivery,-1.889,2.027,0.000,-3.500,joint_grid_transaction,82,82,1,11,2,0.000,1.00,0.082,False,None,0.000,False
162.048,3,en_route_delivery,-4.777,0.207,0.000,-3.500,joint_grid_transaction,82,82,0,2,3,162.332,0.40,1.971,True,None,0.000,True
162.048,4,en_route_delivery,3.650,-1.576,6.000,-3.500,joint_grid_transaction,82,82,1,2,11,0.000,1.00,0.711,False,None,0.000,False
162.048,5,en_route_delivery,4.966,-0.780,6.000,-3.500,joint_grid_transaction,82,82,1,2,5,0.000,1.00,0.087,False,None,0.000,False
162.048,6,en_route_pickup,-0.406,-2.586,-1.000,-1.500,joint_grid_transaction,82,82,1,2,6,162.332,0.40,-2.941,True,None,0.000,True
162.048,7,en_route_delivery,-4.309,-0.079,-1.000,1.500,joint_grid_transaction,82,82,0,6,8,162.332,0.65,1.653,True,None,0.000,True
162.048,8,en_route_pickup,0.047,-2.280,0.000,-3.500,joint_grid_transaction,82,82,0,2,7,162.332,0.65,-1.987,True,None,0.000,True
162.304,1,en_route_pickup,-0.310,-1.865,6.000,3.500,joint_grid_transaction,82,82,0,10,9,162.332,0.65,-0.222,True,None,0.000,True
162.304,2,en_route_delivery,-1.847,2.024,0.000,-3.500,joint_grid_transaction,82,82,1,11,2,0.000,1.00,0.082,False,None,0.000,False
162.304,3,en_route_delivery,-4.777,0.207,0.000,-3.500,joint_grid_transaction,82,82,0,2,3,162.332,0.40,1.971,True,None,0.000,True
162.304,4,en_route_delivery,3.686,-1.607,6.000,-3.500,joint_grid_transaction,82,82,1,2,11,0.000,1.00,0.701,False,None,0.000,False
162.304,5,en_route_delivery,4.991,-0.782,6.000,-3.500,joint_grid_transaction,82,82,1,2,5,0.000,1.00,0.083,False,None,0.000,False
162.304,6,en_route_pickup,-0.406,-2.586,-1.000,-1.500,joint_grid_transaction,82,82,1,2,6,162.332,0.40,-2.941,True,None,0.000,True
162.304,7,en_route_delivery,-4.309,-0.079,-1.000,1.500,joint_grid_transaction,82,82,0,6,8,162.332,0.65,1.653,True,None,0.000,True
162.304,8,en_route_pickup,0.047,-2.280,0.000,-3.500,joint_grid_transaction,82,82,0,2,7,162.332,0.65,-1.987,True,None,0.000,True
162.560,1,en_route_pickup,-0.310,-1.865,6.000,3.500,joint_grid_transaction,82,82,0,10,9,162.828,0.65,-0.222,True,None,0.000,True
162.560,2,en_route_delivery,-1.805,2.020,0.000,-3.500,joint_grid_transaction,82,82,1,11,2,0.000,1.00,0.082,False,None,0.000,False
162.560,3,en_route_delivery,-4.777,0.207,0.000,-3.500,joint_grid_transaction,82,82,0,2,3,162.828,0.40,1.971,True,None,0.000,True
162.560,4,en_route_delivery,3.723,-1.637,6.000,-3.500,joint_grid_transaction,82,82,1,2,11,0.000,1.00,0.695,False,None,0.000,False
162.560,5,en_route_delivery,5.016,-0.783,6.000,-3.500,joint_grid_transaction,82,82,1,2,5,0.000,1.00,0.078,False,None,0.000,False
162.560,6,en_route_pickup,-0.406,-2.586,-1.000,-1.500,joint_grid_transaction,82,82,1,2,6,162.828,0.40,-2.941,True,None,0.000,True
162.560,7,en_route_delivery,-4.309,-0.079,-1.000,1.500,joint_grid_transaction,82,82,0,6,8,162.828,0.65,1.653,True,None,0.000,True
162.560,8,en_route_pickup,0.047,-2.280,0.000,-3.500,joint_grid_transaction,82,82,0,2,7,162.828,0.65,-1.987,True,None,0.000,True
162.816,1,en_route_pickup,-0.310,-1.865,6.000,3.500,joint_grid_transaction,83,83,0,11,9,162.828,0.65,-0.222,True,None,0.000,True
162.816,2,en_route_delivery,-1.763,2.017,0.000,-3.500,joint_grid_transaction,82,82,1,11,2,0.000,1.00,0.082,False,None,0.000,False
162.816,3,en_route_delivery,-4.777,0.207,0.000,-3.500,joint_grid_transaction,83,83,0,2,3,162.828,0.40,1.971,True,None,0.000,True
162.816,4,en_route_delivery,3.760,-1.668,6.000,-3.500,joint_grid_transaction,83,83,1,2,11,0.000,1.00,0.691,False,None,0.000,False
162.816,5,en_route_delivery,5.041,-0.785,6.000,-3.500,joint_grid_transaction,83,83,1,2,5,0.000,1.00,0.073,False,None,0.000,False
162.816,6,en_route_pickup,-0.406,-2.586,-1.000,-1.500,joint_grid_transaction,83,83,1,2,6,162.828,0.40,-2.937,True,None,0.000,True
162.816,7,en_route_delivery,-4.309,-0.079,-1.000,1.500,joint_grid_transaction,83,83,0,6,8,162.828,0.65,1.653,True,None,0.000,True
162.816,8,en_route_pickup,0.047,-2.280,0.000,-3.500,joint_grid_transaction,83,83,0,2,7,162.828,0.65,-1.987,True,None,0.000,True
163.072,1,en_route_pickup,-0.310,-1.865,6.000,3.500,joint_grid_transaction,83,83,0,11,9,163.324,0.65,-0.222,True,None,0.000,True
163.072,2,en_route_delivery,-1.721,2.013,0.000,-3.500,joint_grid_transaction,82,82,1,11,2,0.000,1.00,0.082,False,None,0.000,False
163.072,3,en_route_delivery,-4.777,0.207,0.000,-3.500,joint_grid_transaction,83,83,0,2,3,163.324,0.40,1.971,True,None,0.000,True
163.072,4,en_route_delivery,3.796,-1.698,6.000,-3.500,joint_grid_transaction,83,83,1,2,11,0.000,1.00,0.689,False,None,0.000,False
163.072,5,en_route_delivery,5.066,-0.787,6.000,-3.500,joint_grid_transaction,83,83,1,2,5,0.000,1.00,0.074,False,None,0.000,False
163.072,6,en_route_pickup,-0.406,-2.586,-1.000,-1.500,joint_grid_transaction,83,83,1,2,6,163.324,0.40,-2.937,True,None,0.000,True
163.072,7,en_route_delivery,-4.309,-0.079,-1.000,1.500,joint_grid_transaction,83,83,0,6,8,163.324,0.65,1.653,True,None,0.000,True
163.072,8,en_route_pickup,0.047,-2.280,0.000,-3.500,joint_grid_transaction,83,83,0,2,7,163.324,0.65,-1.987,True,None,0.000,True
163.328,1,en_route_pickup,-0.310,-1.865,6.000,3.500,joint_grid_transaction,83,83,0,11,9,0.000,0.65,-0.222,True,None,0.000,True
163.328,2,en_route_delivery,-1.679,2.010,0.000,-3.500,joint_grid_transaction,82,82,1,11,2,0.000,1.00,0.082,False,None,0.000,False
163.328,3,en_route_delivery,-4.777,0.207,0.000,-3.500,joint_grid_transaction,83,83,0,2,3,0.000,0.40,1.971,True,None,0.000,True
163.328,4,en_route_delivery,3.833,-1.729,6.000,-3.500,joint_grid_transaction,83,83,1,2,11,0.000,1.00,0.687,False,None,0.000,False
163.328,5,en_route_delivery,5.091,-0.789,6.000,-3.500,joint_grid_transaction,83,83,1,2,5,0.000,1.00,0.071,False,None,0.000,False
163.328,6,en_route_pickup,-0.406,-2.586,-1.000,-1.500,joint_grid_transaction,83,83,1,2,6,0.000,0.40,-2.937,True,None,0.000,True
163.328,7,en_route_delivery,-4.309,-0.079,-1.000,1.500,joint_grid_transaction,83,83,0,6,8,0.000,0.65,1.653,True,None,0.000,True
163.328,8,en_route_pickup,0.047,-2.280,0.000,-3.500,joint_grid_transaction,83,83,0,2,7,0.000,0.65,-1.987,True,None,0.000,True
163.584,1,en_route_pickup,-0.310,-1.865,6.000,3.500,joint_grid_transaction,83,83,0,11,9,163.820,0.65,-0.222,True,None,0.000,True
163.584,2,en_route_delivery,-1.638,2.006,0.000,-3.500,joint_grid_transaction,82,82,1,11,2,0.000,1.00,0.082,False,None,0.000,False
163.584,3,en_route_delivery,-4.777,0.207,0.000,-3.500,joint_grid_transaction,83,83,0,2,3,163.820,0.40,1.971,True,None,0.000,True
163.584,4,en_route_delivery,3.870,-1.759,6.000,-3.500,joint_grid_transaction,83,83,1,2,11,0.000,1.00,0.687,False,None,0.000,False
163.584,5,en_route_delivery,5.115,-0.790,6.000,-3.500,joint_grid_transaction,83,83,1,2,5,0.000,1.00,0.067,False,None,0.000,False
163.584,6,en_route_pickup,-0.406,-2.586,-1.000,-1.500,joint_grid_transaction,83,83,1,2,6,163.820,0.40,-2.937,True,None,0.000,True
163.584,7,en_route_delivery,-4.309,-0.079,-1.000,1.500,joint_grid_transaction,83,83,0,6,8,163.820,0.65,1.653,True,None,0.000,True
163.584,8,en_route_pickup,0.047,-2.280,0.000,-3.500,joint_grid_transaction,83,83,0,2,7,163.820,0.65,-1.987,True,None,0.000,True
163.840,1,en_route_pickup,-0.310,-1.865,6.000,3.500,joint_grid_transaction,83,83,0,11,9,0.000,0.65,-0.222,True,None,0.000,True
163.840,2,en_route_delivery,-1.596,2.003,0.000,-3.500,joint_grid_transaction,82,82,1,11,2,0.000,1.00,0.083,False,None,0.000,False
163.840,3,en_route_delivery,-4.777,0.207,0.000,-3.500,joint_grid_transaction,83,83,0,2,3,0.000,0.40,1.971,True,None,0.000,True
163.840,4,en_route_delivery,3.907,-1.789,6.000,-3.500,joint_grid_transaction,83,83,1,2,11,0.000,1.00,0.686,False,None,0.000,False
163.840,5,en_route_delivery,5.140,-0.792,6.000,-3.500,joint_grid_transaction,83,83,1,2,5,0.000,1.00,0.064,False,None,0.000,False
163.840,6,en_route_pickup,-0.406,-2.586,-1.000,-1.500,joint_grid_transaction,83,83,1,2,6,0.000,0.40,-2.937,True,None,0.000,True
163.840,7,en_route_delivery,-4.309,-0.079,-1.000,1.500,joint_grid_transaction,83,83,0,6,8,0.000,0.65,1.653,True,None,0.000,True
163.840,8,en_route_pickup,0.047,-2.280,0.000,-3.500,joint_grid_transaction,83,83,0,2,7,0.000,0.65,-1.987,True,None,0.000,True
164.096,1,en_route_pickup,-0.310,-1.865,6.000,3.500,joint_grid_transaction,83,83,0,11,9,164.332,0.65,-0.222,True,None,0.000,True
164.096,2,en_route_delivery,-1.554,2.000,0.000,-3.500,joint_grid_transaction,82,82,1,11,2,0.000,1.00,0.083,False,None,0.000,False
164.096,3,en_route_delivery,-4.777,0.207,0.000,-3.500,joint_grid_transaction,83,83,0,2,3,164.332,0.40,1.971,True,None,0.000,True
164.096,4,en_route_delivery,3.944,-1.820,6.000,-3.500,joint_grid_transaction,83,83,1,2,11,0.000,1.00,0.686,False,None,0.000,False
164.096,5,en_route_delivery,5.164,-0.793,6.000,-3.500,joint_grid_transaction,83,83,1,2,5,0.000,1.00,0.061,False,None,0.000,False
164.096,6,en_route_pickup,-0.406,-2.586,-1.000,-1.500,joint_grid_transaction,83,83,1,2,6,164.332,0.40,-2.937,True,None,0.000,True
164.096,7,en_route_delivery,-4.309,-0.079,-1.000,1.500,joint_grid_transaction,83,83,0,6,8,164.332,0.65,1.653,True,None,0.000,True
164.096,8,en_route_pickup,0.047,-2.280,0.000,-3.500,joint_grid_transaction,83,83,0,2,7,164.332,0.65,-1.987,True,None,0.000,True
164.352,1,en_route_pickup,-0.310,-1.865,6.000,3.500,joint_grid_transaction,83,83,0,11,9,0.000,0.65,-0.222,True,None,0.000,True
164.352,2,en_route_delivery,-1.513,1.996,0.000,-3.500,joint_grid_transaction,82,82,1,11,2,0.000,1.00,0.083,False,None,0.000,False
164.352,3,en_route_delivery,-4.777,0.207,0.000,-3.500,joint_grid_transaction,83,83,0,2,3,0.000,0.40,1.971,True,None,0.000,True
164.352,4,en_route_delivery,3.982,-1.850,6.000,-3.500,joint_grid_transaction,83,83,1,2,11,0.000,1.00,0.686,False,None,0.000,False
164.352,5,en_route_delivery,5.189,-0.795,6.000,-3.500,joint_grid_transaction,83,83,1,2,5,0.000,1.00,0.060,False,None,0.000,False
164.352,6,en_route_pickup,-0.406,-2.586,-1.000,-1.500,joint_grid_transaction,83,83,1,2,6,0.000,0.40,-2.937,True,None,0.000,True
164.352,7,en_route_delivery,-4.309,-0.079,-1.000,1.500,joint_grid_transaction,83,83,0,6,8,0.000,0.65,1.653,True,None,0.000,True
164.352,8,en_route_pickup,0.047,-2.280,0.000,-3.500,joint_grid_transaction,83,83,0,2,7,0.000,0.65,-1.987,True,None,0.000,True
164.608,1,en_route_pickup,-0.310,-1.865,6.000,3.500,joint_grid_transaction,83,83,0,11,9,164.828,0.65,-0.222,True,None,0.000,True
164.608,2,en_route_delivery,-1.471,1.993,0.000,-3.500,joint_grid_transaction,82,82,1,11,2,0.000,1.00,0.083,False,None,0.000,False
164.608,3,en_route_delivery,-4.777,0.207,0.000,-3.500,joint_grid_transaction,83,83,0,2,3,164.828,0.40,1.971,True,None,0.000,True
164.608,4,en_route_delivery,4.019,-1.880,6.000,-3.500,joint_grid_transaction,83,83,1,2,11,0.000,1.00,0.685,False,None,0.000,False
164.608,5,en_route_delivery,5.212,-0.796,6.000,-3.500,joint_grid_transaction,83,83,1,2,5,0.000,1.00,0.053,False,None,0.000,False
164.608,6,en_route_pickup,-0.406,-2.586,-1.000,-1.500,joint_grid_transaction,83,83,1,2,6,164.828,0.40,-2.937,True,None,0.000,True
164.608,7,en_route_delivery,-4.309,-0.079,-1.000,1.500,joint_grid_transaction,83,83,0,6,8,164.828,0.65,1.653,True,None,0.000,True
164.608,8,en_route_pickup,0.047,-2.280,0.000,-3.500,joint_grid_transaction,83,83,0,2,7,164.828,0.65,-1.987,True,None,0.000,True
164.864,1,en_route_pickup,-0.310,-1.865,6.000,3.500,joint_grid_transaction,84,84,0,10,9,0.000,0.65,-0.222,True,None,0.000,True
164.864,2,en_route_delivery,-1.429,1.989,0.000,-3.500,joint_grid_transaction,84,84,1,9,2,0.000,1.00,0.083,False,None,0.000,False
164.864,3,en_route_delivery,-4.777,0.207,0.000,-3.500,joint_grid_transaction,84,84,0,2,3,0.000,0.40,1.971,True,None,0.000,True
164.864,4,en_route_delivery,4.056,-1.911,6.000,-3.500,joint_grid_transaction,84,84,1,2,11,0.000,1.00,0.685,False,None,0.000,False
164.864,5,en_route_delivery,5.236,-0.797,6.000,-3.500,joint_grid_transaction,84,84,1,2,5,0.000,1.00,0.053,False,None,0.000,False
164.864,6,en_route_pickup,-0.406,-2.586,-1.000,-1.500,joint_grid_transaction,84,84,1,2,6,0.000,0.40,-2.933,True,None,0.000,True
164.864,7,en_route_delivery,-4.309,-0.079,-1.000,1.500,joint_grid_transaction,84,84,0,6,8,0.000,0.65,1.653,True,None,0.000,True
164.864,8,en_route_pickup,0.047,-2.280,0.000,-3.500,joint_grid_transaction,84,84,0,2,7,0.000,0.65,-1.987,True,None,0.000,True
165.120,1,en_route_pickup,-0.310,-1.865,6.000,3.500,joint_grid_transaction,84,84,0,10,9,165.324,0.65,-0.222,True,None,0.000,True
165.120,2,en_route_delivery,-1.388,1.986,0.000,-3.500,joint_grid_transaction,84,84,1,9,2,0.000,1.00,0.083,False,None,0.000,False
165.120,3,en_route_delivery,-4.777,0.207,0.000,-3.500,joint_grid_transaction,84,84,0,2,3,165.324,0.40,1.971,True,None,0.000,True
165.120,4,en_route_delivery,4.093,-1.941,6.000,-3.500,joint_grid_transaction,84,84,1,2,11,0.000,1.00,0.685,False,None,0.000,False
165.120,5,en_route_delivery,5.260,-0.798,6.000,-3.500,joint_grid_transaction,84,84,1,2,5,0.000,1.00,0.046,False,None,0.000,False
165.120,6,en_route_pickup,-0.406,-2.586,-1.000,-1.500,joint_grid_transaction,84,84,1,2,6,165.324,0.40,-2.933,True,None,0.000,True
165.120,7,en_route_delivery,-4.309,-0.079,-1.000,1.500,joint_grid_transaction,84,84,0,6,8,165.324,0.65,1.653,True,None,0.000,True
165.120,8,en_route_pickup,0.047,-2.280,0.000,-3.500,joint_grid_transaction,84,84,0,2,7,165.324,0.65,-1.987,True,None,0.000,True
165.376,1,en_route_pickup,-0.310,-1.865,6.000,3.500,joint_grid_transaction,84,84,0,10,9,0.000,0.65,-0.222,True,None,0.000,True
165.376,2,en_route_delivery,-1.347,1.982,0.000,-3.500,joint_grid_transaction,84,84,1,9,2,0.000,1.00,0.083,False,None,0.000,False
165.376,3,en_route_delivery,-4.777,0.207,0.000,-3.500,joint_grid_transaction,84,84,0,2,3,0.000,0.40,1.971,True,None,0.000,True
165.376,4,en_route_delivery,4.130,-1.971,6.000,-3.500,joint_grid_transaction,84,84,1,2,11,0.000,1.00,0.685,False,None,0.000,False
165.376,5,en_route_delivery,5.284,-0.799,6.000,-3.500,joint_grid_transaction,84,84,1,2,5,0.000,1.00,0.045,False,None,0.000,False
165.376,6,en_route_pickup,-0.406,-2.586,-1.000,-1.500,joint_grid_transaction,84,84,1,2,6,0.000,0.40,-2.933,True,None,0.000,True
165.376,7,en_route_delivery,-4.309,-0.079,-1.000,1.500,joint_grid_transaction,84,84,0,6,8,0.000,0.65,1.653,True,None,0.000,True
165.376,8,en_route_pickup,0.047,-2.280,0.000,-3.500,joint_grid_transaction,84,84,0,2,7,0.000,0.65,-1.987,True,None,0.000,True
165.632,1,en_route_pickup,-0.310,-1.865,6.000,3.500,joint_grid_transaction,84,84,0,10,9,165.820,0.65,-0.222,True,None,0.000,True
165.632,2,en_route_delivery,-1.305,1.979,0.000,-3.500,joint_grid_transaction,84,84,1,9,2,0.000,1.00,0.083,False,None,0.000,False
165.632,3,en_route_delivery,-4.777,0.207,0.000,-3.500,joint_grid_transaction,84,84,0,2,3,165.820,0.40,1.971,True,None,0.000,True
165.632,4,en_route_delivery,4.167,-2.002,6.000,-3.500,joint_grid_transaction,84,84,1,2,11,0.000,1.00,0.685,False,None,0.000,False
165.632,5,en_route_delivery,5.307,-0.800,6.000,-3.500,joint_grid_transaction,84,84,1,2,5,0.000,1.00,0.037,False,None,0.000,False
165.632,6,en_route_pickup,-0.406,-2.586,-1.000,-1.500,joint_grid_transaction,84,84,1,2,6,165.820,0.40,-2.933,True,None,0.000,True
165.632,7,en_route_delivery,-4.309,-0.079,-1.000,1.500,joint_grid_transaction,84,84,0,6,8,165.820,0.65,1.653,True,None,0.000,True
165.632,8,en_route_pickup,0.047,-2.280,0.000,-3.500,joint_grid_transaction,84,84,0,2,7,165.820,0.65,-1.987,True,None,0.000,True
165.888,1,en_route_pickup,-0.310,-1.865,6.000,3.500,joint_grid_transaction,84,84,0,10,9,0.000,0.65,-0.222,True,None,0.000,True
165.888,2,en_route_delivery,-1.264,1.975,0.000,-3.500,joint_grid_transaction,84,84,1,9,2,0.000,1.00,0.083,False,None,0.000,False
165.888,3,en_route_delivery,-4.777,0.207,0.000,-3.500,joint_grid_transaction,84,84,0,2,3,0.000,0.40,1.971,True,None,0.000,True
165.888,4,en_route_delivery,4.204,-2.032,6.000,-3.500,joint_grid_transaction,84,84,1,2,11,0.000,1.00,0.685,False,None,0.000,False
165.888,5,en_route_delivery,5.332,-0.801,6.000,-3.500,joint_grid_transaction,84,84,1,2,5,0.000,1.00,0.036,False,None,0.000,False
165.888,6,en_route_pickup,-0.406,-2.586,-1.000,-1.500,joint_grid_transaction,84,84,1,2,6,0.000,0.40,-2.933,True,None,0.000,True
165.888,7,en_route_delivery,-4.309,-0.079,-1.000,1.500,joint_grid_transaction,84,84,0,6,8,0.000,0.65,1.653,True,None,0.000,True
165.888,8,en_route_pickup,0.047,-2.280,0.000,-3.500,joint_grid_transaction,84,84,0,2,7,0.000,0.65,-1.987,True,None,0.000,True
166.144,1,en_route_pickup,-0.310,-1.865,6.000,3.500,joint_grid_transaction,84,84,0,10,9,166.332,0.65,-0.222,True,None,0.000,True
166.144,2,en_route_delivery,-1.222,1.972,0.000,-3.500,joint_grid_transaction,84,84,1,9,2,0.000,1.00,0.083,False,None,0.000,False
166.144,3,en_route_delivery,-4.777,0.207,0.000,-3.500,joint_grid_transaction,84,84,0,2,3,166.332,0.40,1.971,True,None,0.000,True
166.144,4,en_route_delivery,4.241,-2.062,6.000,-3.500,joint_grid_transaction,84,84,1,2,11,0.000,1.00,0.685,False,None,0.000,False
166.144,5,en_route_delivery,5.356,-0.801,6.000,-3.500,joint_grid_transaction,84,84,1,2,5,0.000,1.00,0.034,False,None,0.000,False
166.144,6,en_route_pickup,-0.406,-2.586,-1.000,-1.500,joint_grid_transaction,84,84,1,2,6,166.332,0.40,-2.933,True,None,0.000,True
166.144,7,en_route_delivery,-4.309,-0.079,-1.000,1.500,joint_grid_transaction,84,84,0,6,8,166.332,0.65,1.653,True,None,0.000,True
166.144,8,en_route_pickup,0.047,-2.280,0.000,-3.500,joint_grid_transaction,84,84,0,2,7,166.332,0.65,-1.987,True,None,0.000,True
166.400,1,en_route_pickup,-0.310,-1.865,6.000,3.500,joint_grid_transaction,84,84,0,10,9,0.000,0.65,-0.222,True,None,0.000,True
166.400,2,en_route_delivery,-1.181,1.969,0.000,-3.500,joint_grid_transaction,84,84,1,9,2,0.000,1.00,0.083,False,None,0.000,False
166.400,3,en_route_delivery,-4.777,0.207,0.000,-3.500,joint_grid_transaction,84,84,0,2,3,0.000,0.40,1.971,True,None,0.000,True
166.400,4,en_route_delivery,4.278,-2.092,6.000,-3.500,joint_grid_transaction,84,84,1,2,11,0.000,1.00,0.685,False,None,0.000,False
166.400,5,en_route_delivery,5.381,-0.802,6.000,-3.500,joint_grid_transaction,84,84,1,2,5,0.000,1.00,0.032,False,None,0.000,False
166.400,6,en_route_pickup,-0.406,-2.586,-1.000,-1.500,joint_grid_transaction,84,84,1,2,6,0.000,0.40,-2.933,True,None,0.000,True
166.400,7,en_route_delivery,-4.309,-0.079,-1.000,1.500,joint_grid_transaction,84,84,0,6,8,0.000,0.65,1.653,True,None,0.000,True
166.400,8,en_route_pickup,0.047,-2.280,0.000,-3.500,joint_grid_transaction,84,84,0,2,7,0.000,0.65,-1.987,True,None,0.000,True
166.656,1,en_route_pickup,-0.310,-1.865,6.000,3.500,joint_grid_transaction,85,84,0,9,9,166.828,0.65,-0.222,True,None,0.000,True
166.656,2,en_route_delivery,-1.140,1.965,0.000,-3.500,joint_grid_transaction,85,84,1,5,2,0.000,1.00,0.083,False,None,0.000,False
166.656,3,en_route_delivery,-4.777,0.207,0.000,-3.500,joint_grid_transaction,85,84,0,2,3,166.828,0.40,1.971,True,None,0.000,True
166.656,4,en_route_delivery,4.315,-2.123,6.000,-3.500,joint_grid_transaction,85,84,1,2,11,0.000,1.00,0.685,False,None,0.000,False
166.656,5,en_route_delivery,5.405,-0.803,6.000,-3.500,joint_grid_transaction,85,84,1,2,5,0.000,1.00,0.029,False,None,0.000,False
166.656,6,en_route_pickup,-0.406,-2.586,-1.000,-1.500,joint_grid_transaction,85,84,1,2,6,166.828,0.40,-2.930,True,None,0.000,True
166.656,7,en_route_delivery,-4.309,-0.079,-1.000,1.500,joint_grid_transaction,85,84,0,4,8,166.828,0.65,1.653,True,None,0.000,True
166.656,8,en_route_pickup,0.047,-2.280,0.000,-3.500,joint_grid_transaction,85,84,0,2,7,166.828,0.65,-1.987,True,None,0.000,True
166.912,1,en_route_pickup,-0.310,-1.865,6.000,3.500,joint_grid_transaction,85,85,0,9,9,0.000,0.65,-0.222,True,None,0.000,True
166.912,2,en_route_delivery,-1.099,1.962,0.000,-3.500,joint_grid_transaction,85,85,1,5,2,0.000,1.00,0.083,False,None,0.000,False
166.912,3,en_route_delivery,-4.777,0.207,0.000,-3.500,joint_grid_transaction,85,85,0,2,3,0.000,0.40,1.971,True,None,0.000,True
166.912,4,en_route_delivery,4.352,-2.153,6.000,-3.500,joint_grid_transaction,85,85,1,2,11,0.000,1.00,0.685,False,None,0.000,False
166.912,5,en_route_delivery,5.430,-0.803,6.000,-3.500,joint_grid_transaction,85,85,1,2,5,0.000,1.00,0.026,False,None,0.000,False
166.912,6,en_route_pickup,-0.406,-2.586,-1.000,-1.500,joint_grid_transaction,85,85,1,2,6,0.000,0.40,-2.930,True,None,0.000,True
166.912,7,en_route_delivery,-4.309,-0.079,-1.000,1.500,joint_grid_transaction,85,85,0,4,8,0.000,0.65,1.653,True,None,0.000,True
166.912,8,en_route_pickup,0.047,-2.280,0.000,-3.500,joint_grid_transaction,85,85,0,2,7,0.000,0.65,-1.987,True,None,0.000,True
167.168,1,en_route_pickup,-0.310,-1.865,6.000,3.500,joint_grid_transaction,85,85,0,9,9,167.324,0.65,-0.222,True,None,0.000,True
167.168,2,en_route_delivery,-1.058,1.958,0.000,-3.500,joint_grid_transaction,85,85,1,5,2,0.000,1.00,0.083,False,None,0.000,False
167.168,3,en_route_delivery,-4.777,0.207,0.000,-3.500,joint_grid_transaction,85,85,0,2,3,167.324,0.40,1.971,True,None,0.000,True
167.168,4,en_route_delivery,4.389,-2.183,6.000,-3.500,joint_grid_transaction,85,85,1,2,11,0.000,1.00,0.685,False,None,0.000,False
167.168,5,en_route_delivery,5.454,-0.804,6.000,-3.500,joint_grid_transaction,85,85,1,2,5,0.000,1.00,0.016,False,None,0.000,False
167.168,6,en_route_pickup,-0.406,-2.586,-1.000,-1.500,joint_grid_transaction,85,85,1,2,6,167.324,0.40,-2.930,True,None,0.000,True
167.168,7,en_route_delivery,-4.309,-0.079,-1.000,1.500,joint_grid_transaction,85,85,0,4,8,167.324,0.65,1.653,True,None,0.000,True
167.168,8,en_route_pickup,0.047,-2.280,0.000,-3.500,joint_grid_transaction,85,85,0,2,7,167.324,0.65,-1.987,True,None,0.000,True
167.424,1,en_route_pickup,-0.310,-1.865,6.000,3.500,joint_grid_transaction,85,85,0,9,9,0.000,0.65,-0.222,True,None,0.000,True
167.424,2,en_route_delivery,-1.017,1.955,0.000,-3.500,joint_grid_transaction,85,85,1,5,2,0.000,1.00,0.083,False,None,0.000,False
167.424,3,en_route_delivery,-4.777,0.207,0.000,-3.500,joint_grid_transaction,85,85,0,2,3,0.000,0.40,1.971,True,None,0.000,True
167.424,4,en_route_delivery,4.426,-2.214,6.000,-3.500,joint_grid_transaction,85,85,1,2,11,0.000,1.00,0.685,False,None,0.000,False
167.424,5,en_route_delivery,5.480,-0.804,6.000,-3.500,joint_grid_transaction,85,85,1,2,5,0.000,1.00,0.019,False,None,0.000,False
167.424,6,en_route_pickup,-0.406,-2.586,-1.000,-1.500,joint_grid_transaction,85,85,1,2,6,0.000,0.40,-2.930,True,None,0.000,True
167.424,7,en_route_delivery,-4.309,-0.079,-1.000,1.500,joint_grid_transaction,85,85,0,4,8,0.000,0.65,1.653,True,None,0.000,True
167.424,8,en_route_pickup,0.047,-2.280,0.000,-3.500,joint_grid_transaction,85,85,0,2,7,0.000,0.65,-1.987,True,None,0.000,True
167.680,1,en_route_pickup,-0.310,-1.865,6.000,3.500,joint_grid_transaction,85,85,0,9,9,167.820,0.65,-0.222,True,None,0.000,True
167.680,2,en_route_delivery,-0.976,1.952,0.000,-3.500,joint_grid_transaction,85,85,1,5,2,0.000,1.00,0.083,False,None,0.000,False
167.680,3,en_route_delivery,-4.777,0.207,0.000,-3.500,joint_grid_transaction,85,85,0,2,3,167.820,0.40,1.971,True,None,0.000,True
167.680,4,en_route_delivery,4.463,-2.244,6.000,-3.500,joint_grid_transaction,85,85,1,2,11,0.000,1.00,0.685,False,None,0.000,False
167.680,5,en_route_delivery,5.505,-0.805,6.000,-3.500,joint_grid_transaction,85,85,1,2,5,0.000,1.00,0.014,False,None,0.000,False
167.680,6,en_route_pickup,-0.406,-2.586,-1.000,-1.500,joint_grid_transaction,85,85,1,2,6,167.820,0.40,-2.930,True,None,0.000,True
167.680,7,en_route_delivery,-4.309,-0.079,-1.000,1.500,joint_grid_transaction,85,85,0,4,8,167.820,0.65,1.653,True,None,0.000,True
167.680,8,en_route_pickup,0.047,-2.280,0.000,-3.500,joint_grid_transaction,85,85,0,2,7,167.820,0.65,-1.987,True,None,0.000,True
167.936,1,en_route_pickup,-0.310,-1.865,6.000,3.500,joint_grid_transaction,85,85,0,9,9,0.000,0.65,-0.222,True,None,0.000,True
167.936,2,en_route_delivery,-0.935,1.948,0.000,-3.500,joint_grid_transaction,85,85,1,5,2,0.000,1.00,0.083,False,None,0.000,False
167.936,3,en_route_delivery,-4.777,0.207,0.000,-3.500,joint_grid_transaction,85,85,0,2,3,0.000,0.40,1.971,True,None,0.000,True
167.936,4,en_route_delivery,4.500,-2.274,6.000,-3.500,joint_grid_transaction,85,85,1,2,11,0.000,1.00,0.685,False,None,0.000,False
167.936,5,en_route_delivery,5.530,-0.805,6.000,-3.500,joint_grid_transaction,85,85,1,2,5,0.000,1.00,0.009,False,None,0.000,False
167.936,6,en_route_pickup,-0.406,-2.586,-1.000,-1.500,joint_grid_transaction,85,85,1,2,6,0.000,0.40,-2.930,True,None,0.000,True
167.936,7,en_route_delivery,-4.309,-0.079,-1.000,1.500,joint_grid_transaction,85,85,0,4,8,0.000,0.65,1.653,True,None,0.000,True
167.936,8,en_route_pickup,0.047,-2.280,0.000,-3.500,joint_grid_transaction,85,85,0,2,7,0.000,0.65,-1.987,True,None,0.000,True
168.192,1,en_route_pickup,-0.310,-1.865,6.000,3.500,joint_grid_transaction,85,85,0,9,9,168.332,0.65,-0.222,True,None,0.000,True
168.192,2,en_route_delivery,-0.894,1.945,0.000,-3.500,joint_grid_transaction,85,85,1,5,2,0.000,1.00,0.083,False,None,0.000,False
168.192,3,en_route_delivery,-4.777,0.207,0.000,-3.500,joint_grid_transaction,85,85,0,2,3,168.332,0.40,1.971,True,None,0.000,True
168.192,4,en_route_delivery,4.537,-2.305,6.000,-3.500,joint_grid_transaction,85,85,1,2,11,0.000,1.00,0.685,False,None,0.000,False
168.192,5,en_route_delivery,5.555,-0.805,6.000,-3.500,joint_grid_transaction,85,85,1,2,5,0.000,1.00,0.004,False,None,0.000,False
168.192,6,en_route_pickup,-0.406,-2.586,-1.000,-1.500,joint_grid_transaction,85,85,1,2,6,168.332,0.40,-2.930,True,None,0.000,True
168.192,7,en_route_delivery,-4.309,-0.079,-1.000,1.500,joint_grid_transaction,85,85,0,4,8,168.332,0.65,1.653,True,None,0.000,True
168.192,8,en_route_pickup,0.047,-2.280,0.000,-3.500,joint_grid_transaction,85,85,0,2,7,168.332,0.65,-1.987,True,None,0.000,True
168.448,1,en_route_pickup,-0.310,-1.865,6.000,3.500,joint_grid_transaction,85,85,0,9,9,0.000,0.65,-0.222,True,None,0.000,True
168.448,2,en_route_delivery,-0.853,1.941,0.000,-3.500,joint_grid_transaction,85,85,1,5,2,0.000,1.00,0.083,False,None,0.000,False
168.448,3,en_route_delivery,-4.777,0.207,0.000,-3.500,joint_grid_transaction,85,85,0,2,3,0.000,0.40,1.971,True,None,0.000,True
168.448,4,en_route_delivery,4.575,-2.335,6.000,-3.500,joint_grid_transaction,85,85,1,2,11,0.000,1.00,0.685,False,None,0.000,False
168.448,5,en_route_delivery,5.580,-0.805,6.000,-3.500,joint_grid_transaction,85,85,1,2,5,0.000,1.00,0.003,False,None,0.000,False
168.448,6,en_route_pickup,-0.406,-2.586,-1.000,-1.500,joint_grid_transaction,85,85,1,2,6,0.000,0.40,-2.930,True,None,0.000,True
168.448,7,en_route_delivery,-4.309,-0.079,-1.000,1.500,joint_grid_transaction,85,85,0,4,8,0.000,0.65,1.653,True,None,0.000,True
168.448,8,en_route_pickup,0.047,-2.280,0.000,-3.500,joint_grid_transaction,85,85,0,2,7,0.000,0.65,-1.987,True,None,0.000,True
168.704,1,en_route_pickup,-0.310,-1.865,6.000,3.500,joint_grid_transaction,85,85,0,9,9,168.828,0.65,-0.222,True,None,0.000,True
168.704,2,en_route_delivery,-0.812,1.938,0.000,-3.500,joint_grid_transaction,86,86,1,4,2,0.000,1.00,0.083,False,None,0.000,False
168.704,3,en_route_delivery,-4.777,0.207,0.000,-3.500,joint_grid_transaction,86,86,0,2,3,168.828,0.40,1.971,True,None,0.000,True
168.704,4,en_route_delivery,4.612,-2.365,6.000,-3.500,joint_grid_transaction,86,86,1,2,11,0.000,1.00,0.685,False,None,0.000,False
168.704,5,en_route_delivery,5.606,-0.805,6.000,-3.500,joint_grid_transaction,86,86,1,2,5,0.000,1.00,0.004,False,None,0.000,False
168.704,6,en_route_pickup,-0.405,-2.586,-1.000,-1.500,joint_grid_transaction,86,86,1,2,6,168.828,0.40,-2.926,True,None,0.000,True
168.704,7,en_route_delivery,-4.309,-0.079,-1.000,1.500,joint_grid_transaction,86,86,0,4,8,168.828,0.65,1.653,True,None,0.000,True
168.704,8,en_route_pickup,0.047,-2.280,0.000,-3.500,joint_grid_transaction,86,86,0,2,7,168.828,0.65,-1.987,True,None,0.000,True
168.960,1,en_route_pickup,-0.310,-1.865,6.000,3.500,joint_grid_transaction,85,85,0,9,9,0.000,0.65,-0.222,True,None,0.000,True
168.960,2,en_route_delivery,-0.772,1.935,0.000,-3.500,joint_grid_transaction,86,86,1,4,2,0.000,1.00,0.083,False,None,0.000,False
168.960,3,en_route_delivery,-4.777,0.207,0.000,-3.500,joint_grid_transaction,86,86,0,2,3,0.000,0.40,1.971,True,None,0.000,True
168.960,4,en_route_delivery,4.649,-2.395,6.000,-3.500,joint_grid_transaction,86,86,1,2,11,0.000,1.00,0.685,False,None,0.000,False
168.960,5,en_route_delivery,5.632,-0.805,6.000,-3.500,joint_grid_transaction,86,86,1,2,5,0.000,1.00,0.006,False,None,0.000,False
168.960,6,en_route_pickup,-0.405,-2.586,-1.000,-1.500,joint_grid_transaction,86,86,1,2,6,0.000,0.40,-2.926,True,None,0.000,True
168.960,7,en_route_delivery,-4.309,-0.079,-1.000,1.500,joint_grid_transaction,86,86,0,4,8,0.000,0.65,1.653,True,None,0.000,True
168.960,8,en_route_pickup,0.047,-2.280,0.000,-3.500,joint_grid_transaction,86,86,0,2,7,0.000,0.65,-1.987,True,None,0.000,True
169.216,1,en_route_pickup,-0.310,-1.865,6.000,3.500,joint_grid_transaction,85,85,0,9,9,169.324,0.65,-0.222,True,None,0.000,True
169.216,2,en_route_delivery,-0.731,1.931,0.000,-3.500,joint_grid_transaction,86,86,1,4,2,0.000,1.00,0.083,False,None,0.000,False
169.216,3,en_route_delivery,-4.777,0.207,0.000,-3.500,joint_grid_transaction,86,86,0,2,3,169.324,0.40,1.971,True,None,0.000,True
169.216,4,en_route_delivery,4.686,-2.426,6.000,-3.500,joint_grid_transaction,86,86,1,2,11,0.000,1.00,0.685,False,None,0.000,False
169.216,5,en_route_delivery,5.658,-0.804,6.000,-3.500,joint_grid_transaction,86,86,1,2,5,0.000,1.00,0.017,False,None,0.000,False
169.216,6,en_route_pickup,-0.405,-2.586,-1.000,-1.500,joint_grid_transaction,86,86,1,2,6,169.324,0.40,-2.926,True,None,0.000,True
169.216,7,en_route_delivery,-4.309,-0.079,-1.000,1.500,joint_grid_transaction,86,86,0,4,8,169.324,0.65,1.653,True,None,0.000,True
169.216,8,en_route_pickup,0.047,-2.280,0.000,-3.500,joint_grid_transaction,86,86,0,2,7,169.324,0.65,-1.987,True,None,0.000,True
169.472,1,en_route_pickup,-0.310,-1.865,6.000,3.500,joint_grid_transaction,85,85,0,9,9,0.000,0.65,-0.222,True,None,0.000,True
169.472,2,en_route_delivery,-0.690,1.928,0.000,-3.500,joint_grid_transaction,86,86,1,4,2,0.000,1.00,0.083,False,None,0.000,False
169.472,3,en_route_delivery,-4.777,0.207,0.000,-3.500,joint_grid_transaction,86,86,0,2,3,0.000,0.40,1.971,True,None,0.000,True
169.472,4,en_route_delivery,4.723,-2.456,6.000,-3.500,joint_grid_transaction,86,86,1,2,11,0.000,1.00,0.685,False,None,0.000,False
169.472,5,en_route_delivery,5.686,-0.802,6.000,-3.500,joint_grid_transaction,86,86,1,2,5,0.000,1.00,0.024,False,None,0.000,False
169.472,6,en_route_pickup,-0.405,-2.586,-1.000,-1.500,joint_grid_transaction,86,86,1,2,6,0.000,0.40,-2.926,True,None,0.000,True
169.472,7,en_route_delivery,-4.309,-0.079,-1.000,1.500,joint_grid_transaction,86,86,0,4,8,0.000,0.65,1.653,True,None,0.000,True
169.472,8,en_route_pickup,0.047,-2.280,0.000,-3.500,joint_grid_transaction,86,86,0,2,7,0.000,0.65,-1.987,True,None,0.000,True
169.728,1,en_route_pickup,-0.310,-1.865,6.000,3.500,joint_grid_transaction,85,85,0,9,9,169.820,0.65,-0.222,True,None,0.000,True
169.728,2,en_route_delivery,-0.650,1.925,0.000,-3.500,joint_grid_transaction,86,86,1,4,2,0.000,1.00,0.083,False,None,0.000,False
169.728,3,en_route_delivery,-4.777,0.207,0.000,-3.500,joint_grid_transaction,86,86,0,2,3,169.820,0.40,1.971,True,None,0.000,True
169.728,4,en_route_delivery,4.760,-2.486,6.000,-3.500,joint_grid_transaction,86,86,1,2,11,0.000,1.00,0.685,False,None,0.000,False
169.728,5,en_route_delivery,5.715,-0.800,6.000,-3.500,joint_grid_transaction,86,86,1,2,5,0.000,1.00,0.035,False,None,0.000,False
169.728,6,en_route_pickup,-0.405,-2.586,-1.000,-1.500,joint_grid_transaction,86,86,1,2,6,169.820,0.40,-2.926,True,None,0.000,True
169.728,7,en_route_delivery,-4.309,-0.079,-1.000,1.500,joint_grid_transaction,86,86,0,4,8,169.820,0.65,1.653,True,None,0.000,True
169.728,8,en_route_pickup,0.047,-2.280,0.000,-3.500,joint_grid_transaction,86,86,0,2,7,169.820,0.65,-1.987,True,None,0.000,True
169.984,1,en_route_pickup,-0.310,-1.865,6.000,3.500,joint_grid_transaction,85,85,0,9,9,0.000,0.65,-0.222,True,None,0.000,True
169.984,2,en_route_delivery,-0.609,1.921,0.000,-3.500,joint_grid_transaction,86,86,1,4,2,0.000,1.00,0.083,False,None,0.000,False
169.984,3,en_route_delivery,-4.777,0.207,0.000,-3.500,joint_grid_transaction,86,86,0,2,3,0.000,0.40,1.971,True,None,0.000,True
169.984,4,en_route_delivery,4.797,-2.517,6.000,-3.500,joint_grid_transaction,86,86,1,2,11,0.000,1.00,0.685,False,None,0.000,False
169.984,5,en_route_delivery,5.745,-0.797,6.000,-3.500,joint_grid_transaction,86,86,1,2,5,0.000,1.00,0.051,False,None,0.000,False
169.984,6,en_route_pickup,-0.405,-2.586,-1.000,-1.500,joint_grid_transaction,86,86,1,2,6,0.000,0.40,-2.926,True,None,0.000,True
169.984,7,en_route_delivery,-4.309,-0.079,-1.000,1.500,joint_grid_transaction,86,86,0,4,8,0.000,0.65,1.653,True,None,0.000,True
169.984,8,en_route_pickup,0.047,-2.280,0.000,-3.500,joint_grid_transaction,86,86,0,2,7,0.000,0.65,-1.987,True,None,0.000,True
170.240,1,en_route_pickup,-0.310,-1.865,6.000,3.500,joint_grid_transaction,85,85,0,9,9,170.332,0.65,-0.222,True,None,0.000,True
170.240,2,en_route_delivery,-0.569,1.918,0.000,-3.500,joint_grid_transaction,86,86,1,4,2,0.000,1.00,0.083,False,None,0.000,False
170.240,3,en_route_delivery,-4.777,0.207,0.000,-3.500,joint_grid_transaction,86,86,0,2,3,170.332,0.40,1.971,True,None,0.000,True
170.240,4,en_route_delivery,4.834,-2.547,6.000,-3.500,joint_grid_transaction,86,86,1,2,11,0.000,1.00,0.685,False,None,0.000,False
170.240,5,en_route_delivery,5.777,-0.794,6.000,-3.500,joint_grid_transaction,86,86,1,2,5,0.000,1.00,0.074,False,None,0.000,False
170.240,6,en_route_pickup,-0.405,-2.586,-1.000,-1.500,joint_grid_transaction,86,86,1,2,6,170.332,0.40,-2.926,True,None,0.000,True
170.240,7,en_route_delivery,-4.309,-0.079,-1.000,1.500,joint_grid_transaction,86,86,0,4,8,170.332,0.65,1.653,True,None,0.000,True
170.240,8,en_route_pickup,0.047,-2.280,0.000,-3.500,joint_grid_transaction,86,86,0,2,7,170.332,0.65,-1.987,True,None,0.000,True
170.496,1,en_route_pickup,-0.310,-1.865,6.000,3.500,joint_grid_transaction,85,85,0,9,9,0.000,0.65,-0.222,True,None,0.000,True
170.496,2,en_route_delivery,-0.529,1.914,0.000,-3.500,joint_grid_transaction,86,86,1,4,2,0.000,1.00,0.083,False,None,0.000,False
170.496,3,en_route_delivery,-4.777,0.207,0.000,-3.500,joint_grid_transaction,86,86,0,2,3,0.000,0.40,1.971,True,None,0.000,True
170.496,4,en_route_delivery,4.871,-2.577,6.000,-3.500,joint_grid_transaction,86,86,1,2,11,0.000,1.00,0.685,False,None,0.000,False
170.496,5,en_route_delivery,5.811,-0.788,6.000,-3.500,joint_grid_transaction,86,86,1,2,5,0.000,1.00,0.104,False,None,0.000,False
170.496,6,en_route_pickup,-0.405,-2.586,-1.000,-1.500,joint_grid_transaction,86,86,1,2,6,0.000,0.40,-2.926,True,None,0.000,True
170.496,7,en_route_delivery,-4.309,-0.079,-1.000,1.500,joint_grid_transaction,86,86,0,4,8,0.000,0.65,1.653,True,None,0.000,True
170.496,8,en_route_pickup,0.047,-2.280,0.000,-3.500,joint_grid_transaction,86,86,0,2,7,0.000,0.65,-1.987,True,None,0.000,True
170.752,1,en_route_pickup,-0.310,-1.865,6.000,3.500,joint_grid_transaction,85,85,0,9,9,170.828,0.65,-0.222,True,None,0.000,True
170.752,2,en_route_delivery,-0.488,1.911,0.000,-3.500,joint_grid_transaction,87,87,1,5,2,0.000,1.00,0.083,False,None,0.000,False
170.752,3,en_route_delivery,-4.777,0.207,0.000,-3.500,joint_grid_transaction,87,87,0,2,3,170.828,0.40,1.971,True,None,0.000,True
170.752,4,en_route_delivery,4.908,-2.607,6.000,-3.500,joint_grid_transaction,87,87,1,2,11,0.000,1.00,0.685,False,None,0.000,False
170.752,5,en_route_delivery,5.850,-0.781,6.000,-3.500,joint_grid_transaction,87,87,1,2,5,0.000,1.00,0.144,False,None,0.000,False
170.752,6,en_route_pickup,-0.405,-2.585,-1.000,-1.500,joint_grid_transaction,87,87,1,2,6,170.828,0.40,-2.922,True,None,0.000,True
170.752,7,en_route_delivery,-4.309,-0.079,-1.000,1.500,joint_grid_transaction,87,87,0,4,8,170.828,0.65,1.653,True,None,0.000,True
170.752,8,en_route_pickup,0.047,-2.280,0.000,-3.500,joint_grid_transaction,87,87,0,2,7,170.828,0.65,-1.987,True,None,0.000,True
171.008,1,en_route_pickup,-0.310,-1.865,6.000,3.500,joint_grid_transaction,85,85,0,9,9,0.000,0.65,-0.222,True,None,0.000,True
171.008,2,en_route_delivery,-0.448,1.908,0.000,-3.500,joint_grid_transaction,87,87,1,5,2,0.000,1.00,0.083,False,None,0.000,False
171.008,3,en_route_delivery,-4.777,0.207,0.000,-3.500,joint_grid_transaction,87,87,0,2,3,0.000,0.40,1.971,True,None,0.000,True
171.008,4,en_route_delivery,4.945,-2.638,6.000,-3.500,joint_grid_transaction,87,87,1,2,11,0.000,1.00,0.685,False,None,0.000,False
171.008,5,en_route_delivery,5.892,-0.772,6.000,-3.500,joint_grid_transaction,87,87,1,2,5,0.000,1.00,0.194,False,None,0.000,False
171.008,6,en_route_pickup,-0.405,-2.585,-1.000,-1.500,joint_grid_transaction,87,87,1,2,6,0.000,0.40,-2.922,True,None,0.000,True
171.008,7,en_route_delivery,-4.309,-0.079,-1.000,1.500,joint_grid_transaction,87,87,0,4,8,0.000,0.65,1.653,True,None,0.000,True
171.008,8,en_route_pickup,0.047,-2.280,0.000,-3.500,joint_grid_transaction,87,87,0,2,7,0.000,0.65,-1.987,True,None,0.000,True
171.264,1,en_route_pickup,-0.310,-1.865,6.000,3.500,joint_grid_transaction,85,85,0,9,9,171.324,0.65,-0.222,True,None,0.000,True
171.264,2,en_route_delivery,-0.408,1.904,0.000,-3.500,joint_grid_transaction,87,87,1,5,2,0.000,1.00,0.083,False,None,0.000,False
171.264,3,en_route_delivery,-4.777,0.207,0.000,-3.500,joint_grid_transaction,87,87,0,2,3,171.324,0.40,1.971,True,None,0.000,True
171.264,4,en_route_delivery,4.982,-2.668,6.000,-3.500,joint_grid_transaction,87,87,1,2,11,0.000,1.00,0.685,False,None,0.000,False
171.264,5,en_route_delivery,5.938,-0.762,6.000,-3.500,joint_grid_transaction,87,87,1,2,5,0.000,1.00,0.250,False,None,0.000,False
171.264,6,en_route_pickup,-0.405,-2.585,-1.000,-1.500,joint_grid_transaction,87,87,1,2,6,171.324,0.40,-2.922,True,None,0.000,True
171.264,7,en_route_delivery,-4.309,-0.079,-1.000,1.500,joint_grid_transaction,87,87,0,4,8,171.324,0.65,1.653,True,None,0.000,True
171.264,8,en_route_pickup,0.047,-2.280,0.000,-3.500,joint_grid_transaction,87,87,0,2,7,171.324,0.65,-1.987,True,None,0.000,True
171.520,1,en_route_pickup,-0.310,-1.865,6.000,3.500,joint_grid_transaction,85,85,0,9,9,0.000,0.65,-0.222,True,None,0.000,True
171.520,2,en_route_delivery,-0.368,1.901,0.000,-3.500,joint_grid_transaction,87,87,1,5,2,0.000,1.00,0.083,False,None,0.000,False
171.520,3,en_route_delivery,-4.777,0.207,0.000,-3.500,joint_grid_transaction,87,87,0,2,3,0.000,0.40,1.971,True,None,0.000,True
171.520,4,en_route_delivery,5.019,-2.698,6.000,-3.500,joint_grid_transaction,87,87,1,2,11,0.000,1.00,0.685,False,None,0.000,False
171.520,5,en_route_delivery,5.984,-0.749,6.000,-3.500,joint_grid_transaction,87,87,1,2,5,0.000,1.00,0.287,False,None,0.000,False
171.520,6,en_route_pickup,-0.405,-2.585,-1.000,-1.500,joint_grid_transaction,87,87,1,2,6,0.000,0.40,-2.922,True,None,0.000,True
171.520,7,en_route_delivery,-4.309,-0.079,-1.000,1.500,joint_grid_transaction,87,87,0,4,8,0.000,0.65,1.653,True,None,0.000,True
171.520,8,en_route_pickup,0.047,-2.280,0.000,-3.500,joint_grid_transaction,87,87,0,2,7,0.000,0.65,-1.987,True,None,0.000,True
171.776,1,en_route_pickup,-0.310,-1.865,6.000,3.500,joint_grid_transaction,85,85,0,9,9,171.820,0.65,-0.222,True,None,0.000,True
171.776,2,en_route_delivery,-0.328,1.898,0.000,-3.500,joint_grid_transaction,87,87,1,5,2,0.000,1.00,0.083,False,None,0.000,False
171.776,3,en_route_delivery,-4.777,0.207,0.000,-3.500,joint_grid_transaction,87,87,0,2,3,171.820,0.40,1.971,True,None,0.000,True
171.776,4,en_route_delivery,5.056,-2.729,6.000,-3.500,joint_grid_transaction,87,87,1,2,11,0.000,1.00,0.685,False,None,0.000,False
171.776,5,en_route_delivery,6.029,-0.735,6.000,-3.500,joint_grid_transaction,87,87,1,2,5,0.000,1.00,0.310,False,None,0.000,False
171.776,6,en_route_pickup,-0.405,-2.585,-1.000,-1.500,joint_grid_transaction,87,87,1,2,6,171.820,0.40,-2.922,True,None,0.000,True
171.776,7,en_route_delivery,-4.309,-0.079,-1.000,1.500,joint_grid_transaction,87,87,0,4,8,171.820,0.65,1.653,True,None,0.000,True
171.776,8,en_route_pickup,0.047,-2.280,0.000,-3.500,joint_grid_transaction,87,87,0,2,7,171.820,0.65,-1.987,True,None,0.000,True
172.032,1,en_route_pickup,-0.310,-1.865,6.000,3.500,joint_grid_transaction,85,85,0,9,9,0.000,0.65,-0.222,True,None,0.000,True
172.032,2,en_route_delivery,-0.288,1.894,0.000,-3.500,joint_grid_transaction,87,87,1,5,2,0.000,1.00,0.083,False,None,0.000,False
172.032,3,en_route_delivery,-4.777,0.207,0.000,-3.500,joint_grid_transaction,87,87,0,2,3,0.000,0.40,1.971,True,None,0.000,True
172.032,4,en_route_delivery,5.093,-2.759,6.000,-3.500,joint_grid_transaction,87,87,1,2,11,0.000,1.00,0.685,False,None,0.000,False
172.032,5,en_route_delivery,6.075,-0.720,6.000,-3.500,joint_grid_transaction,87,87,1,2,5,0.000,1.00,0.324,False,None,0.000,False
172.032,6,en_route_pickup,-0.405,-2.585,-1.000,-1.500,joint_grid_transaction,87,87,1,2,6,0.000,0.40,-2.922,True,None,0.000,True
172.032,7,en_route_delivery,-4.309,-0.079,-1.000,1.500,joint_grid_transaction,87,87,0,4,8,0.000,0.65,1.653,True,None,0.000,True
172.032,8,en_route_pickup,0.047,-2.280,0.000,-3.500,joint_grid_transaction,87,87,0,2,7,0.000,0.65,-1.987,True,None,0.000,True
172.288,1,en_route_pickup,-0.310,-1.865,6.000,3.500,joint_grid_transaction,85,85,0,9,9,172.332,0.65,-0.222,True,None,0.000,True
172.288,2,en_route_delivery,-0.248,1.891,0.000,-3.500,joint_grid_transaction,87,87,1,5,2,0.000,1.00,0.083,False,None,0.000,False
172.288,3,en_route_delivery,-4.777,0.207,0.000,-3.500,joint_grid_transaction,87,87,0,2,3,172.332,0.40,1.971,True,None,0.000,True
172.288,4,en_route_delivery,5.130,-2.789,6.000,-3.500,joint_grid_transaction,87,87,1,2,11,0.000,1.00,0.685,False,None,0.000,False
172.288,5,en_route_delivery,6.120,-0.705,6.000,-3.500,joint_grid_transaction,87,87,1,2,5,0.000,1.00,0.332,False,None,0.000,False
172.288,6,en_route_pickup,-0.405,-2.585,-1.000,-1.500,joint_grid_transaction,87,87,1,2,6,172.332,0.40,-2.922,True,None,0.000,True
172.288,7,en_route_delivery,-4.309,-0.079,-1.000,1.500,joint_grid_transaction,87,87,0,4,8,172.332,0.65,1.653,True,None,0.000,True
172.288,8,en_route_pickup,0.047,-2.280,0.000,-3.500,joint_grid_transaction,87,87,0,2,7,172.332,0.65,-1.987,True,None,0.000,True
172.544,1,en_route_pickup,-0.310,-1.865,6.000,3.500,joint_grid_transaction,85,85,0,9,9,172.828,0.65,-0.222,True,None,0.000,True
172.544,2,en_route_delivery,-0.208,1.888,0.000,-3.500,joint_grid_transaction,87,87,1,5,2,0.000,1.00,0.083,False,None,0.000,False
172.544,3,en_route_delivery,-4.777,0.207,0.000,-3.500,joint_grid_transaction,87,87,0,2,3,172.828,0.40,1.971,True,None,0.000,True
172.544,4,en_route_delivery,5.167,-2.820,6.000,-3.500,joint_grid_transaction,87,87,1,2,11,0.000,1.00,0.685,False,None,0.000,False
172.544,5,en_route_delivery,6.165,-0.689,6.000,-3.500,joint_grid_transaction,87,87,1,2,5,0.000,1.00,0.338,False,None,0.000,False
172.544,6,en_route_pickup,-0.405,-2.585,-1.000,-1.500,joint_grid_transaction,87,87,1,2,6,172.828,0.40,-2.922,True,None,0.000,True
172.544,7,en_route_delivery,-4.309,-0.079,-1.000,1.500,joint_grid_transaction,87,87,0,4,8,172.828,0.65,1.653,True,None,0.000,True
172.544,8,en_route_pickup,0.047,-2.280,0.000,-3.500,joint_grid_transaction,87,87,0,2,7,172.828,0.65,-1.987,True,None,0.000,True
172.800,1,en_route_pickup,-0.310,-1.865,6.000,3.500,joint_grid_transaction,85,85,0,9,9,172.828,0.65,-0.222,True,None,0.000,True
172.800,2,en_route_delivery,-0.168,1.884,0.000,-3.500,joint_grid_transaction,88,88,1,4,2,0.000,1.00,0.083,False,None,0.000,False
172.800,3,en_route_delivery,-4.777,0.207,0.000,-3.500,joint_grid_transaction,88,88,0,2,3,172.828,0.40,1.971,True,None,0.000,True
172.800,4,en_route_delivery,5.205,-2.850,6.000,-3.500,joint_grid_transaction,88,88,1,2,11,0.000,1.00,0.685,False,None,0.000,False
172.800,5,en_route_delivery,6.210,-0.673,6.000,-3.500,joint_grid_transaction,88,88,1,2,5,0.000,1.00,0.341,False,None,0.000,False
172.800,6,en_route_pickup,-0.405,-2.585,-1.000,-1.500,joint_grid_transaction,88,88,1,2,6,172.828,0.40,-2.918,True,None,0.000,True
172.800,7,en_route_delivery,-4.309,-0.079,-1.000,1.500,joint_grid_transaction,88,88,0,4,8,172.828,0.65,1.653,True,None,0.000,True
172.800,8,en_route_pickup,0.047,-2.280,0.000,-3.500,joint_grid_transaction,88,88,0,2,7,172.828,0.65,-1.987,True,None,0.000,True
173.056,1,en_route_pickup,-0.310,-1.865,6.000,3.500,joint_grid_transaction,85,85,0,9,9,173.324,0.65,-0.222,True,None,0.000,True
173.056,2,en_route_delivery,-0.129,1.881,0.000,-3.500,joint_grid_transaction,88,88,1,4,2,0.000,1.00,0.083,False,None,0.000,False
173.056,3,en_route_delivery,-4.777,0.207,0.000,-3.500,joint_grid_transaction,88,88,0,2,3,173.324,0.40,1.971,True,None,0.000,True
173.056,4,en_route_delivery,5.242,-2.880,6.000,-3.500,joint_grid_transaction,88,88,1,2,11,0.000,1.00,0.685,False,None,0.000,False
173.056,5,en_route_delivery,6.255,-0.657,6.000,-3.500,joint_grid_transaction,88,88,1,2,5,0.000,1.00,0.343,False,None,0.000,False
173.056,6,en_route_pickup,-0.405,-2.585,-1.000,-1.500,joint_grid_transaction,88,88,1,2,6,173.324,0.40,-2.918,True,None,0.000,True
173.056,7,en_route_delivery,-4.309,-0.079,-1.000,1.500,joint_grid_transaction,88,88,0,4,8,173.324,0.65,1.653,True,None,0.000,True
173.056,8,en_route_pickup,0.047,-2.280,0.000,-3.500,joint_grid_transaction,88,88,0,2,7,173.324,0.65,-1.987,True,None,0.000,True
173.312,1,en_route_pickup,-0.310,-1.865,6.000,3.500,joint_grid_transaction,85,85,0,9,9,173.324,0.65,-0.222,True,None,0.000,True
173.312,2,en_route_delivery,-0.089,1.878,0.000,-3.500,joint_grid_transaction,88,88,1,4,2,0.000,1.00,0.083,False,None,0.000,False
173.312,3,en_route_delivery,-4.777,0.207,0.000,-3.500,joint_grid_transaction,88,88,0,2,3,173.324,0.40,1.971,True,None,0.000,True
173.312,4,en_route_delivery,5.279,-2.910,6.000,-3.500,joint_grid_transaction,88,88,1,2,11,0.000,1.00,0.685,False,None,0.000,False
173.312,5,en_route_delivery,6.300,-0.641,6.000,-3.500,joint_grid_transaction,88,88,1,2,5,0.000,1.00,0.344,False,None,0.000,False
173.312,6,en_route_pickup,-0.405,-2.585,-1.000,-1.500,joint_grid_transaction,88,88,1,2,6,173.324,0.40,-2.918,True,None,0.000,True
173.312,7,en_route_delivery,-4.309,-0.079,-1.000,1.500,joint_grid_transaction,88,88,0,4,8,173.324,0.65,1.653,True,None,0.000,True
173.312,8,en_route_pickup,0.047,-2.280,0.000,-3.500,joint_grid_transaction,88,88,0,2,7,173.324,0.65,-1.987,True,None,0.000,True
173.568,1,en_route_pickup,-0.310,-1.865,6.000,3.500,joint_grid_transaction,85,85,0,9,9,173.820,0.65,-0.222,True,None,0.000,True
173.568,2,en_route_delivery,-0.049,1.875,0.000,-3.500,joint_grid_transaction,88,88,1,4,2,0.000,1.00,0.083,False,None,0.000,False
173.568,3,en_route_delivery,-4.777,0.207,0.000,-3.500,joint_grid_transaction,88,88,0,2,3,173.820,0.40,1.971,True,None,0.000,True
173.568,4,en_route_delivery,5.316,-2.941,6.000,-3.500,joint_grid_transaction,88,88,1,2,11,0.000,1.00,0.685,False,None,0.000,False
173.568,5,en_route_delivery,6.345,-0.625,6.000,-3.500,joint_grid_transaction,88,88,1,2,5,0.000,1.00,0.345,False,None,0.000,False
173.568,6,en_route_pickup,-0.405,-2.585,-1.000,-1.500,joint_grid_transaction,88,88,1,2,6,173.820,0.40,-2.918,True,None,0.000,True
173.568,7,en_route_delivery,-4.309,-0.079,-1.000,1.500,joint_grid_transaction,88,88,0,4,8,173.820,0.65,1.653,True,None,0.000,True
173.568,8,en_route_pickup,0.047,-2.280,0.000,-3.500,joint_grid_transaction,88,88,0,2,7,173.820,0.65,-1.987,True,None,0.000,True
173.824,1,en_route_pickup,-0.310,-1.865,6.000,3.500,joint_grid_transaction,85,85,0,9,9,0.000,0.65,-0.222,True,None,0.000,True
173.824,2,en_route_delivery,-0.010,1.871,0.000,-3.500,joint_grid_transaction,88,88,1,4,2,0.000,1.00,0.083,False,None,0.000,False
173.824,3,en_route_delivery,-4.777,0.207,0.000,-3.500,joint_grid_transaction,88,88,0,2,3,0.000,0.40,1.971,True,None,0.000,True
173.824,4,en_route_delivery,5.353,-2.971,6.000,-3.500,joint_grid_transaction,88,88,1,2,11,0.000,1.00,0.685,False,None,0.000,False
173.824,5,en_route_delivery,6.390,-0.609,6.000,-3.500,joint_grid_transaction,88,88,1,2,5,0.000,1.00,0.345,False,None,0.000,False
173.824,6,en_route_pickup,-0.405,-2.585,-1.000,-1.500,joint_grid_transaction,88,88,1,2,6,0.000,0.40,-2.918,True,None,0.000,True
173.824,7,en_route_delivery,-4.309,-0.079,-1.000,1.500,joint_grid_transaction,88,88,0,4,8,0.000,0.65,1.653,True,None,0.000,True
173.824,8,en_route_pickup,0.047,-2.280,0.000,-3.500,joint_grid_transaction,88,88,0,2,7,0.000,0.65,-1.987,True,None,0.000,True
174.080,1,en_route_pickup,-0.310,-1.865,6.000,3.500,joint_grid_transaction,85,85,0,9,9,174.332,0.65,-0.222,True,None,0.000,True
174.080,2,en_route_delivery,0.029,1.868,0.000,-3.500,joint_grid_transaction,88,88,1,4,2,0.000,1.00,0.083,False,None,0.000,False
174.080,3,en_route_delivery,-4.777,0.207,0.000,-3.500,joint_grid_transaction,88,88,0,2,3,174.332,0.40,1.971,True,None,0.000,True
174.080,4,en_route_delivery,5.390,-3.001,6.000,-3.500,joint_grid_transaction,88,88,1,2,11,0.000,1.00,0.685,False,None,0.000,False
174.080,5,en_route_delivery,6.436,-0.592,6.000,-3.500,joint_grid_transaction,88,88,1,2,5,0.000,1.00,0.346,False,None,0.000,False
174.080,6,en_route_pickup,-0.405,-2.585,-1.000,-1.500,joint_grid_transaction,88,88,1,2,6,174.332,0.40,-2.918,True,None,0.000,True
174.080,7,en_route_delivery,-4.309,-0.079,-1.000,1.500,joint_grid_transaction,88,88,0,4,8,174.332,0.65,1.653,True,None,0.000,True
174.080,8,en_route_pickup,0.047,-2.280,0.000,-3.500,joint_grid_transaction,88,88,0,2,7,174.332,0.65,-1.987,True,None,0.000,True
174.336,1,en_route_pickup,-0.310,-1.865,6.000,3.500,joint_grid_transaction,85,85,0,9,9,0.000,0.65,-0.222,True,None,0.000,True
174.336,2,en_route_delivery,0.069,1.865,0.000,-3.500,joint_grid_transaction,88,88,1,4,2,0.000,1.00,0.083,False,None,0.000,False
174.336,3,en_route_delivery,-4.777,0.207,0.000,-3.500,joint_grid_transaction,88,88,0,2,3,0.000,0.40,1.971,True,None,0.000,True
174.336,4,en_route_delivery,5.427,-3.032,6.000,-3.500,joint_grid_transaction,88,88,1,2,11,0.000,1.00,0.685,False,None,0.000,False
174.336,5,en_route_delivery,6.481,-0.576,6.000,-3.500,joint_grid_transaction,88,88,1,2,5,0.000,1.00,0.346,False,None,0.000,False
174.336,6,en_route_pickup,-0.405,-2.585,-1.000,-1.500,joint_grid_transaction,88,88,1,2,6,0.000,0.40,-2.918,True,None,0.000,True
174.336,7,en_route_delivery,-4.309,-0.079,-1.000,1.500,joint_grid_transaction,88,88,0,4,8,0.000,0.65,1.653,True,None,0.000,True
174.336,8,en_route_pickup,0.047,-2.280,0.000,-3.500,joint_grid_transaction,88,88,0,2,7,0.000,0.65,-1.987,True,None,0.000,True
174.592,1,en_route_pickup,-0.310,-1.865,6.000,3.500,joint_grid_transaction,85,85,0,9,9,174.828,0.65,-0.222,True,None,0.000,True
174.592,2,en_route_delivery,0.108,1.861,0.000,-3.500,joint_grid_transaction,88,88,1,4,2,0.000,1.00,0.083,False,None,0.000,False
174.592,3,en_route_delivery,-4.777,0.207,0.000,-3.500,joint_grid_transaction,88,88,0,2,3,174.828,0.40,1.971,True,None,0.000,True
174.592,4,en_route_delivery,5.464,-3.062,6.000,-3.500,joint_grid_transaction,88,88,1,2,11,0.000,1.00,0.685,False,None,0.000,False
174.592,5,en_route_delivery,6.526,-0.560,6.000,-3.500,joint_grid_transaction,88,88,1,2,5,0.000,1.00,0.346,False,None,0.000,False
174.592,6,en_route_pickup,-0.405,-2.585,-1.000,-1.500,joint_grid_transaction,88,88,1,2,6,174.828,0.40,-2.918,True,None,0.000,True
174.592,7,en_route_delivery,-4.309,-0.079,-1.000,1.500,joint_grid_transaction,88,88,0,4,8,174.828,0.65,1.653,True,None,0.000,True
174.592,8,en_route_pickup,0.047,-2.280,0.000,-3.500,joint_grid_transaction,88,88,0,2,7,174.828,0.65,-1.987,True,None,0.000,True
174.848,1,en_route_pickup,-0.310,-1.865,6.000,3.500,joint_grid_transaction,85,85,0,9,9,0.000,0.65,-0.222,True,None,0.000,True
174.848,2,en_route_delivery,0.147,1.858,0.000,-3.500,joint_grid_transaction,89,89,1,4,2,0.000,1.00,0.083,False,None,0.000,False
174.848,3,en_route_delivery,-4.777,0.207,0.000,-3.500,joint_grid_transaction,89,89,0,2,3,0.000,0.40,1.971,True,None,0.000,True
174.848,4,en_route_delivery,5.501,-3.092,6.000,-3.500,joint_grid_transaction,89,89,1,2,11,0.000,1.00,0.685,False,None,0.000,False
174.848,5,en_route_delivery,6.571,-0.544,6.000,-3.500,joint_grid_transaction,89,89,1,2,5,0.000,1.00,0.346,False,None,0.000,False
174.848,6,en_route_pickup,-0.405,-2.585,-1.000,-1.500,joint_grid_transaction,89,89,1,2,6,0.000,0.40,-2.914,True,None,0.000,True
174.848,7,en_route_delivery,-4.309,-0.079,-1.000,1.500,joint_grid_transaction,89,89,0,4,8,0.000,0.65,1.653,True,None,0.000,True
174.848,8,en_route_pickup,0.047,-2.280,0.000,-3.500,joint_grid_transaction,89,89,0,2,7,0.000,0.65,-1.987,True,None,0.000,True
175.104,1,en_route_pickup,-0.310,-1.865,6.000,3.500,joint_grid_transaction,85,85,0,9,9,175.324,0.65,-0.222,True,None,0.000,True
175.104,2,en_route_delivery,0.186,1.855,0.000,-3.500,joint_grid_transaction,89,89,1,4,2,0.000,1.00,0.083,False,None,0.000,False
175.104,3,en_route_delivery,-4.777,0.207,0.000,-3.500,joint_grid_transaction,89,89,0,2,3,175.324,0.40,1.971,True,None,0.000,True
175.104,4,en_route_pickup,5.538,-3.122,-3.000,-1.500,joint_grid_transaction,89,89,1,6,10,0.000,1.00,0.685,False,None,0.000,False
175.104,5,en_route_delivery,6.616,-0.528,6.000,-3.500,joint_grid_transaction,89,89,1,2,5,0.000,1.00,0.346,False,None,0.000,False
175.104,6,en_route_pickup,-0.405,-2.585,-1.000,-1.500,joint_grid_transaction,89,89,1,2,6,175.324,0.40,-2.914,True,None,0.000,True
175.104,7,en_route_delivery,-4.309,-0.079,-1.000,1.500,joint_grid_transaction,89,89,0,4,8,175.324,0.65,1.653,True,None,0.000,True
175.104,8,en_route_pickup,0.047,-2.280,0.000,-3.500,joint_grid_transaction,89,89,0,2,7,175.324,0.65,-1.987,True,None,0.000,True
175.360,1,en_route_pickup,-0.310,-1.865,6.000,3.500,joint_grid_transaction,85,85,0,9,9,0.000,0.65,-0.222,True,None,0.000,True
175.360,2,en_route_delivery,0.225,1.852,0.000,-3.500,joint_grid_transaction,89,89,1,4,2,0.000,1.00,0.083,False,None,0.000,False
175.360,3,en_route_delivery,-4.777,0.207,0.000,-3.500,joint_grid_transaction,89,89,0,2,3,0.000,0.40,1.971,True,None,0.000,True
175.360,4,en_route_pickup,5.575,-3.153,-3.000,-1.500,joint_grid_transaction,89,89,1,6,10,0.000,1.00,0.685,False,None,0.000,False
175.360,5,en_route_delivery,6.661,-0.511,6.000,-3.500,joint_grid_transaction,89,89,1,2,5,0.000,1.00,0.346,False,None,0.000,False
175.360,6,en_route_pickup,-0.405,-2.585,-1.000,-1.500,joint_grid_transaction,89,89,1,2,6,0.000,0.40,-2.914,True,None,0.000,True
175.360,7,en_route_delivery,-4.309,-0.079,-1.000,1.500,joint_grid_transaction,89,89,0,4,8,0.000,0.65,1.653,True,None,0.000,True
175.360,8,en_route_pickup,0.047,-2.280,0.000,-3.500,joint_grid_transaction,89,89,0,2,7,0.000,0.65,-1.987,True,None,0.000,True
175.616,1,en_route_pickup,-0.310,-1.865,6.000,3.500,joint_grid_transaction,85,85,0,9,9,175.820,0.65,-0.222,True,None,0.000,True
175.616,2,en_route_delivery,0.264,1.848,0.000,-3.500,joint_grid_transaction,89,89,1,4,2,0.000,1.00,0.083,False,None,0.000,False
175.616,3,en_route_delivery,-4.777,0.207,0.000,-3.500,joint_grid_transaction,89,89,0,2,3,175.820,0.40,1.971,True,None,0.000,True
175.616,4,en_route_pickup,5.612,-3.183,-3.000,-1.500,joint_grid_transaction,89,89,1,6,10,0.000,1.00,0.685,False,None,0.000,False
175.616,5,en_route_delivery,6.706,-0.495,6.000,-3.500,joint_grid_transaction,89,89,1,2,5,0.000,1.00,0.346,False,None,0.000,False
175.616,6,en_route_pickup,-0.405,-2.585,-1.000,-1.500,joint_grid_transaction,89,89,1,2,6,175.820,0.40,-2.914,True,None,0.000,True
175.616,7,en_route_delivery,-4.309,-0.079,-1.000,1.500,joint_grid_transaction,89,89,0,4,8,175.820,0.65,1.653,True,None,0.000,True
175.616,8,en_route_pickup,0.047,-2.280,0.000,-3.500,joint_grid_transaction,89,89,0,2,7,175.820,0.65,-1.987,True,None,0.000,True
175.872,1,en_route_pickup,-0.310,-1.865,6.000,3.500,joint_grid_transaction,85,85,0,9,9,0.000,0.65,-0.222,True,None,0.000,True
175.872,2,en_route_delivery,0.290,1.844,0.000,-3.500,joint_grid_transaction,90,90,1,8,2,0.000,1.00,0.141,False,None,0.000,False
175.872,3,en_route_delivery,-4.777,0.207,0.000,-3.500,joint_grid_transaction,90,90,0,2,3,0.000,0.40,1.971,True,None,0.000,True
175.872,4,en_route_pickup,5.609,-3.209,-3.000,-1.500,joint_grid_transaction,90,90,1,7,10,0.000,1.00,0.881,False,None,0.000,False
175.872,5,en_route_delivery,6.728,-0.495,6.000,-3.500,joint_grid_transaction,90,90,1,2,5,0.000,1.00,0.067,False,None,0.000,False
175.872,6,en_route_pickup,-0.405,-2.585,-1.000,-1.500,joint_grid_transaction,90,90,1,2,6,0.000,0.40,-2.911,False,None,0.000,True
175.872,7,en_route_delivery,-4.309,-0.079,-1.000,1.500,joint_grid_transaction,90,90,0,4,8,0.000,0.65,1.653,True,None,0.000,True
175.872,8,en_route_pickup,0.047,-2.280,0.000,-3.500,joint_grid_transaction,90,90,0,2,7,0.000,0.65,-1.987,True,None,0.000,True
176.128,1,en_route_pickup,-0.310,-1.865,6.000,3.500,joint_grid_transaction,85,85,0,9,9,0.000,0.50,-0.222,True,None,0.000,True
176.128,2,en_route_delivery,0.305,1.841,0.000,-3.500,joint_grid_transaction,90,90,2,8,2,0.000,1.00,0.005,False,None,0.000,False
176.128,3,en_route_delivery,-4.777,0.207,0.000,-3.500,joint_grid_transaction,90,90,0,2,3,0.000,0.40,1.971,True,None,0.000,True
176.128,4,en_route_pickup,5.590,-3.234,-3.000,-1.500,joint_grid_transaction,90,90,1,7,10,0.000,1.00,1.158,False,None,0.000,False
176.128,5,en_route_delivery,6.719,-0.497,6.000,-3.500,joint_grid_transaction,90,90,1,2,5,0.000,1.00,0.342,False,None,0.000,False
176.128,6,en_route_pickup,-0.404,-2.585,-1.000,-1.500,_priority_yield_resume,91,90,1,1,6,0.000,0.55,-2.895,False,None,0.000,False
176.128,7,en_route_delivery,-4.309,-0.079,-1.000,1.500,joint_grid_transaction,90,90,0,4,8,0.000,0.65,1.653,True,None,0.000,True
176.128,8,en_route_pickup,0.047,-2.280,0.000,-3.500,joint_grid_transaction,90,90,0,2,7,0.000,1.00,-1.987,True,None,0.000,True
176.384,1,en_route_pickup,-0.310,-1.865,6.000,3.500,joint_grid_transaction,85,85,0,9,9,0.000,0.50,-0.222,True,None,0.000,True
176.384,2,en_route_delivery,0.325,1.844,0.000,-3.500,joint_grid_transaction,90,90,2,8,2,0.000,1.00,0.059,False,None,0.000,False
176.384,3,en_route_delivery,-4.777,0.207,0.000,-3.500,joint_grid_transaction,90,90,0,2,3,0.000,0.40,1.971,True,None,0.000,True
176.384,4,en_route_pickup,5.584,-3.250,-3.000,-1.500,joint_grid_transaction,90,90,1,7,10,0.000,1.00,1.531,False,None,0.000,False
176.384,5,en_route_delivery,6.695,-0.510,6.000,-3.500,joint_grid_transaction,90,90,1,2,5,0.000,1.00,0.638,False,None,0.000,False
176.384,6,en_route_pickup,-0.403,-2.584,-1.000,-1.500,_priority_yield_resume,91,90,0,1,6,0.000,0.55,-2.852,False,None,0.000,False
176.384,7,en_route_delivery,-4.309,-0.079,-1.000,1.500,joint_grid_transaction,90,90,0,4,8,0.000,0.65,1.653,True,None,0.000,True
176.384,8,en_route_pickup,0.047,-2.280,0.000,-3.500,joint_grid_transaction,90,90,0,2,7,0.000,1.00,-1.987,True,None,0.000,True
176.640,1,en_route_pickup,-0.310,-1.865,6.000,3.500,joint_grid_transaction,85,85,0,9,9,0.000,0.50,-0.222,True,None,0.000,True
176.640,2,en_route_delivery,0.356,1.848,0.000,-3.500,joint_grid_transaction,90,90,2,8,2,0.000,1.00,0.086,False,None,0.000,False
176.640,3,en_route_delivery,-4.777,0.207,0.000,-3.500,joint_grid_transaction,90,90,0,2,3,0.000,0.40,1.971,True,None,0.000,True
176.640,4,en_route_pickup,5.581,-3.239,-3.000,-1.500,joint_grid_transaction,90,90,1,7,10,0.000,1.00,1.933,False,None,0.000,False
176.640,5,en_route_delivery,6.667,-0.536,6.000,-3.500,joint_grid_transaction,90,90,1,2,5,0.000,1.00,0.874,False,None,0.000,False
176.640,6,en_route_pickup,-0.415,-2.579,-1.000,-1.500,_priority_yield_resume,91,90,0,1,6,0.000,0.55,-2.822,False,None,0.000,False
176.640,7,en_route_delivery,-4.309,-0.079,-1.000,1.500,joint_grid_transaction,90,90,0,4,8,0.000,0.65,1.653,True,None,0.000,True
176.640,8,en_route_pickup,0.047,-2.280,0.000,-3.500,joint_grid_transaction,90,90,0,2,7,0.000,1.00,-1.987,True,None,0.000,True
176.896,1,en_route_pickup,-0.308,-1.865,6.000,3.500,joint_grid_transaction,85,85,1,9,9,0.000,0.50,-0.175,False,None,0.000,True
176.896,2,en_route_delivery,0.389,1.855,0.000,-3.500,joint_grid_transaction,90,90,2,8,2,0.000,1.00,0.122,False,None,0.000,False
176.896,3,en_route_delivery,-4.777,0.207,0.000,-3.500,joint_grid_transaction,90,90,0,2,3,0.000,0.40,1.971,True,None,0.000,True
176.896,4,en_route_pickup,5.567,-3.214,-3.000,-1.500,joint_grid_transaction,90,90,1,7,10,0.000,1.00,2.224,False,None,0.000,False
176.896,5,en_route_delivery,6.648,-0.560,6.000,-3.500,joint_grid_transaction,90,90,1,2,5,0.000,1.00,1.135,False,None,0.000,False
176.896,6,en_route_pickup,-0.428,-2.574,-1.000,-1.500,_priority_yield_resume,91,90,0,1,6,0.000,0.55,-2.792,False,None,0.000,False
176.896,7,en_route_delivery,-4.309,-0.079,-1.000,1.500,joint_grid_transaction,90,90,0,4,8,0.000,0.65,1.653,True,None,0.000,True
176.896,8,en_route_pickup,0.046,-2.294,0.000,-3.500,joint_grid_transaction,90,90,1,2,7,0.000,1.00,-1.893,False,None,0.000,True
177.152,1,en_route_pickup,-0.306,-1.865,6.000,3.500,joint_grid_transaction,85,85,1,9,9,0.000,0.50,-0.111,False,None,0.000,False
177.152,2,en_route_delivery,0.426,1.863,0.000,-3.500,joint_grid_transaction,90,90,2,8,2,0.000,1.00,0.170,False,None,0.000,False
177.152,3,en_route_delivery,-4.777,0.207,0.000,-3.500,joint_grid_transaction,90,90,0,2,3,0.000,0.40,1.971,True,None,0.000,True
177.152,4,en_route_pickup,5.542,-3.187,-3.000,-1.500,joint_grid_transaction,90,90,1,7,10,0.000,1.00,2.456,False,None,0.000,False
177.152,5,en_route_delivery,6.642,-0.574,6.000,-3.500,joint_grid_transaction,90,90,1,2,5,0.000,1.00,1.368,False,None,0.000,False
177.152,6,en_route_pickup,-0.441,-2.569,-1.000,-1.500,_priority_yield_resume,91,90,0,1,6,0.000,0.55,-2.760,False,None,0.000,False
177.152,7,en_route_delivery,-4.309,-0.079,-1.000,1.500,joint_grid_transaction,90,90,0,4,8,0.000,0.65,1.653,True,None,0.000,True
177.152,8,en_route_pickup,0.042,-2.305,0.000,-3.500,joint_grid_transaction,90,90,1,2,7,0.000,1.00,-1.901,True,None,0.000,True
177.408,1,en_route_pickup,-0.305,-1.864,6.000,3.500,joint_grid_transaction,85,85,1,9,9,0.000,0.50,-0.050,False,None,0.000,False
177.408,2,en_route_delivery,0.467,1.874,0.000,-3.500,joint_grid_transaction,90,90,2,8,2,0.000,1.00,0.232,False,None,0.000,False
177.408,3,en_route_delivery,-4.777,0.207,0.000,-3.500,joint_grid_transaction,90,90,0,2,3,0.000,0.40,1.971,True,None,0.000,True
177.408,4,en_route_pickup,5.521,-3.171,-3.000,-1.500,joint_grid_transaction,90,90,1,7,10,0.000,1.00,2.664,False,None,0.000,False
177.408,5,en_route_delivery,6.642,-0.584,6.000,-3.500,joint_grid_transaction,90,90,1,2,5,0.000,1.00,1.495,False,None,0.000,False
177.408,6,en_route_pickup,-0.454,-2.564,-1.000,-1.500,_priority_yield_resume,91,90,0,1,6,0.000,0.55,-2.729,False,None,0.000,False
177.408,7,en_route_delivery,-4.309,-0.079,-1.000,1.500,joint_grid_transaction,90,90,0,4,8,0.000,0.65,1.653,True,None,0.000,True
177.408,8,en_route_pickup,0.038,-2.316,0.000,-3.500,joint_grid_transaction,90,90,1,2,7,0.000,1.00,-1.905,True,None,0.000,True
177.664,1,en_route_pickup,-0.305,-1.864,6.000,3.500,joint_grid_transaction,85,85,1,9,9,0.000,0.50,-0.006,False,None,0.000,False
177.664,2,en_route_delivery,0.511,1.887,0.000,-3.500,joint_grid_transaction,90,90,2,8,2,0.000,1.00,0.305,False,None,0.000,False
177.664,3,en_route_delivery,-4.777,0.207,0.000,-3.500,joint_grid_transaction,90,90,0,2,3,0.000,0.40,1.971,True,None,0.000,True
177.664,4,en_route_pickup,5.510,-3.165,-3.000,-1.500,joint_grid_transaction,90,90,1,7,10,0.000,1.00,2.835,False,None,0.000,False
177.664,5,en_route_delivery,6.644,-0.610,6.000,-3.500,joint_grid_transaction,90,90,1,2,5,0.000,1.00,1.495,False,None,0.000,False
177.664,6,en_route_pickup,-0.467,-2.558,-1.000,-1.500,_priority_yield_resume,91,90,0,1,6,0.000,0.55,-2.703,False,None,0.000,False
177.664,7,en_route_delivery,-4.309,-0.079,-1.000,1.500,joint_grid_transaction,90,90,0,4,8,0.000,0.65,1.653,True,None,0.000,True
177.664,8,en_route_pickup,0.034,-2.328,0.000,-3.500,joint_grid_transaction,90,90,1,2,7,0.000,1.00,-1.898,False,None,0.000,True
177.920,1,en_route_pickup,-0.306,-1.864,6.000,3.500,joint_grid_transaction,85,85,1,9,9,0.000,0.50,-0.054,False,None,0.000,False
177.920,2,en_route_delivery,0.556,1.902,0.000,-3.500,joint_grid_transaction,90,90,2,8,2,0.000,1.00,0.366,False,None,0.000,False
177.920,3,en_route_delivery,-4.777,0.207,0.000,-3.500,joint_grid_transaction,90,90,0,2,3,0.000,0.40,1.971,True,None,0.000,True
177.920,4,en_route_pickup,5.481,-3.172,-3.000,-1.500,joint_grid_transaction,90,90,1,7,10,0.000,1.00,2.932,False,None,0.000,False
177.920,5,en_route_delivery,6.646,-0.636,6.000,-3.500,joint_grid_transaction,90,90,1,2,5,0.000,1.00,1.495,False,None,0.000,False
177.920,6,en_route_pickup,-0.480,-2.551,-1.000,-1.500,_priority_yield_resume,91,90,0,1,6,0.000,0.55,-2.680,False,None,0.000,False
177.920,7,en_route_delivery,-4.309,-0.079,-1.000,1.500,joint_grid_transaction,90,90,0,4,8,0.000,0.65,1.653,True,None,0.000,True
177.920,8,en_route_pickup,0.030,-2.341,0.000,-3.500,joint_grid_transaction,90,90,1,2,7,0.000,1.00,-1.889,True,None,0.000,True
178.176,1,en_route_pickup,-0.298,-1.864,6.000,3.500,_priority_yield_resume,93,85,0,2,9,0.000,0.55,-0.062,False,None,0.000,False
178.176,2,en_route_delivery,0.585,1.910,0.000,-3.500,joint_grid_transaction,90,90,3,8,2,0.000,1.00,0.263,False,None,0.000,False
178.176,3,en_route_delivery,-4.777,0.207,0.000,-3.500,joint_grid_transaction,90,90,0,2,3,0.000,0.40,1.971,True,None,0.000,True
178.176,4,en_route_pickup,5.434,-3.179,-3.000,-1.500,joint_grid_transaction,90,90,1,7,10,0.000,1.00,3.028,False,None,0.000,False
178.176,5,en_route_delivery,6.648,-0.661,6.000,-3.500,joint_grid_transaction,90,90,1,2,5,0.000,1.00,1.499,False,None,0.000,False
178.176,6,en_route_pickup,-0.486,-2.548,-1.000,-1.500,joint_grid_transaction,91,90,0,0,6,188.032,0.40,-2.670,False,None,0.000,False
178.176,7,en_route_delivery,-4.309,-0.079,-1.000,1.500,joint_grid_transaction,90,90,0,4,8,0.000,0.65,1.653,True,None,0.000,True
178.176,8,en_route_pickup,0.026,-2.350,0.000,-3.500,joint_grid_transaction,90,90,1,2,7,0.000,1.00,-1.892,True,None,0.000,True
178.432,1,en_route_pickup,-0.288,-1.863,6.000,3.500,_priority_yield_resume,93,85,0,2,9,0.000,0.55,-0.063,False,None,0.000,False
178.432,2,en_route_delivery,0.631,1.919,0.000,-3.500,joint_grid_transaction,90,90,3,8,2,0.000,1.00,0.166,False,None,0.000,False
178.432,3,en_route_delivery,-4.777,0.207,0.000,-3.500,joint_grid_transaction,90,90,0,2,3,0.000,0.40,1.971,True,None,0.000,True
178.432,4,en_route_pickup,5.388,-3.183,-3.000,-1.500,joint_grid_transaction,90,90,1,7,10,0.000,1.00,3.074,False,None,0.000,False
178.432,5,en_route_delivery,6.650,-0.686,6.000,-3.500,joint_grid_transaction,90,90,1,2,5,0.000,1.00,1.498,False,None,0.000,False
178.432,6,en_route_pickup,-0.486,-2.548,-1.000,-1.500,joint_grid_transaction,91,90,0,0,6,188.032,0.40,-2.670,False,None,0.000,False
178.432,7,en_route_delivery,-4.309,-0.079,-1.000,1.500,joint_grid_transaction,90,90,0,4,8,0.000,0.65,1.653,True,None,0.000,True
178.432,8,en_route_pickup,0.026,-2.350,0.000,-3.500,joint_grid_transaction,90,90,1,2,7,0.000,1.00,-1.892,True,None,0.000,True
178.688,1,en_route_pickup,-0.278,-1.862,6.000,3.500,_priority_yield_resume,93,85,0,2,9,0.000,0.55,-0.064,False,None,0.000,False
178.688,2,en_route_delivery,0.678,1.926,0.000,-3.500,joint_grid_transaction,94,90,3,4,2,0.000,1.00,0.108,False,None,0.000,False
178.688,3,en_route_delivery,-4.777,0.207,0.000,-3.500,joint_grid_transaction,94,90,0,5,3,0.000,0.40,1.971,True,None,0.000,True
178.688,4,en_route_pickup,5.347,-3.186,-3.000,-1.500,joint_grid_transaction,94,90,1,3,10,0.000,1.00,3.072,False,None,0.000,False
178.688,5,en_route_delivery,6.652,-0.711,6.000,-3.500,joint_grid_transaction,94,90,1,2,5,0.000,1.00,1.502,False,None,0.000,False
178.688,6,en_route_pickup,-0.486,-2.548,-1.000,-1.500,joint_grid_transaction,94,90,0,2,6,188.032,0.40,-2.670,False,None,0.000,False
178.688,7,en_route_delivery,-4.309,-0.079,-1.000,1.500,joint_grid_transaction,94,90,0,4,8,0.000,0.65,1.653,True,None,0.000,True
178.688,8,en_route_pickup,0.026,-2.349,0.000,-3.500,joint_grid_transaction,94,90,1,3,7,0.000,1.00,-1.902,True,None,0.000,True
178.944,1,en_route_pickup,-0.268,-1.862,6.000,3.500,_priority_yield_resume,93,85,0,2,9,0.000,0.55,-0.064,False,None,0.000,False
178.944,2,en_route_delivery,0.724,1.930,0.000,-3.500,joint_grid_transaction,94,94,1,4,2,0.000,1.00,0.083,False,None,0.000,False
178.944,3,en_route_delivery,-4.777,0.207,0.000,-3.500,joint_grid_transaction,94,94,0,5,3,0.000,0.40,1.971,True,None,0.000,True
178.944,4,en_route_pickup,5.304,-3.189,-3.000,-1.500,joint_grid_transaction,94,94,1,3,10,0.000,1.00,3.071,False,None,0.000,False
178.944,5,en_route_delivery,6.653,-0.736,6.000,-3.500,joint_grid_transaction,94,94,1,2,5,0.000,1.00,1.506,False,None,0.000,False
178.944,6,en_route_pickup,-0.486,-2.548,-1.000,-1.500,joint_grid_transaction,94,94,0,2,6,188.032,0.40,-2.670,True,None,0.000,True
178.944,7,en_route_delivery,-4.309,-0.079,-1.000,1.500,joint_grid_transaction,94,94,0,4,8,0.000,0.65,1.653,True,None,0.000,True
178.944,8,en_route_pickup,0.026,-2.349,0.000,-3.500,joint_grid_transaction,94,94,1,3,7,0.000,1.00,-1.902,True,None,0.000,True
179.200,1,en_route_pickup,-0.258,-1.861,6.000,3.500,_priority_yield_resume,93,85,0,2,9,0.000,0.55,-0.065,False,None,0.000,False
179.200,2,en_route_delivery,0.767,1.934,0.000,-3.500,joint_grid_transaction,94,94,1,4,2,0.000,1.00,0.083,False,None,0.000,False
179.200,3,en_route_delivery,-4.777,0.207,0.000,-3.500,joint_grid_transaction,94,94,0,5,3,0.000,0.40,1.971,True,None,0.000,True
179.200,4,en_route_pickup,5.261,-3.192,-3.000,-1.500,joint_grid_transaction,94,94,1,3,10,0.000,1.00,3.071,False,None,0.000,False
179.200,5,en_route_delivery,6.655,-0.760,6.000,-3.500,joint_grid_transaction,94,94,1,2,5,0.000,1.00,1.510,False,None,0.000,False
179.200,6,en_route_pickup,-0.486,-2.548,-1.000,-1.500,joint_grid_transaction,94,94,0,2,6,188.032,0.40,-2.670,True,None,0.000,True
179.200,7,en_route_delivery,-4.309,-0.079,-1.000,1.500,joint_grid_transaction,94,94,0,4,8,0.000,0.65,1.653,True,None,0.000,True
179.200,8,en_route_pickup,0.026,-2.349,0.000,-3.500,joint_grid_transaction,94,94,1,3,7,0.000,1.00,-1.902,True,None,0.000,True
179.456,1,en_route_pickup,-0.248,-1.861,6.000,3.500,_priority_yield_resume,93,85,0,2,9,0.000,0.55,-0.065,False,None,0.000,False
179.456,2,en_route_delivery,0.810,1.937,0.000,-3.500,joint_grid_transaction,94,94,1,4,2,0.000,1.00,0.083,False,None,0.000,False
179.456,3,en_route_delivery,-4.777,0.207,0.000,-3.500,joint_grid_transaction,94,94,0,5,3,0.000,0.40,1.971,True,None,0.000,True
179.456,4,en_route_pickup,5.218,-3.195,-3.000,-1.500,joint_grid_transaction,94,94,1,3,10,0.000,1.00,3.070,False,None,0.000,False
179.456,5,en_route_delivery,6.656,-0.785,6.000,-3.500,joint_grid_transaction,94,94,1,2,5,0.000,1.00,1.514,False,None,0.000,False
179.456,6,en_route_pickup,-0.486,-2.548,-1.000,-1.500,joint_grid_transaction,94,94,0,2,6,188.032,0.40,-2.670,True,None,0.000,True
179.456,7,en_route_delivery,-4.309,-0.079,-1.000,1.500,joint_grid_transaction,94,94,0,4,8,0.000,0.65,1.653,True,None,0.000,True
179.456,8,en_route_pickup,0.026,-2.349,0.000,-3.500,joint_grid_transaction,94,94,1,3,7,0.000,1.00,-1.902,True,None,0.000,True
179.712,1,en_route_pickup,-0.238,-1.860,6.000,3.500,_priority_yield_resume,93,85,0,2,9,0.000,0.55,-0.066,False,None,0.000,False
179.712,2,en_route_delivery,0.853,1.941,0.000,-3.500,joint_grid_transaction,94,94,1,4,2,0.000,1.00,0.083,False,None,0.000,False
179.712,3,en_route_delivery,-4.777,0.207,0.000,-3.500,joint_grid_transaction,94,94,0,5,3,0.000,0.40,1.971,True,None,0.000,True
179.712,4,en_route_pickup,5.175,-3.198,-3.000,-1.500,joint_grid_transaction,94,94,1,3,10,0.000,1.00,3.070,False,None,0.000,False
179.712,5,en_route_delivery,6.657,-0.809,6.000,-3.500,joint_grid_transaction,94,94,1,2,5,0.000,1.00,1.515,False,None,0.000,False
179.712,6,en_route_pickup,-0.486,-2.548,-1.000,-1.500,joint_grid_transaction,94,94,0,2,6,188.032,0.40,-2.670,True,None,0.000,True
179.712,7,en_route_delivery,-4.309,-0.079,-1.000,1.500,joint_grid_transaction,94,94,0,4,8,0.000,0.65,1.653,True,None,0.000,True
179.712,8,en_route_pickup,0.026,-2.349,0.000,-3.500,joint_grid_transaction,94,94,1,3,7,0.000,1.00,-1.902,True,None,0.000,True
179.968,1,en_route_pickup,-0.228,-1.859,6.000,3.500,_priority_yield_resume,93,85,0,2,9,0.000,0.55,-0.067,False,None,0.000,False
179.968,2,en_route_delivery,0.896,1.944,0.000,-3.500,joint_grid_transaction,94,94,1,4,2,0.000,1.00,0.083,False,None,0.000,False
179.968,3,en_route_delivery,-4.777,0.207,0.000,-3.500,joint_grid_transaction,94,94,0,5,3,0.000,0.40,1.971,True,None,0.000,True
179.968,4,en_route_pickup,5.132,-3.201,-3.000,-1.500,joint_grid_transaction,94,94,1,3,10,0.000,1.00,3.070,False,None,0.000,False
179.968,5,en_route_delivery,6.659,-0.834,6.000,-3.500,joint_grid_transaction,94,94,1,2,5,0.000,1.00,1.515,False,None,0.000,False
179.968,6,en_route_pickup,-0.486,-2.548,-1.000,-1.500,joint_grid_transaction,94,94,0,2,6,188.032,0.40,-2.670,True,None,0.000,True
179.968,7,en_route_delivery,-4.309,-0.079,-1.000,1.500,joint_grid_transaction,94,94,0,4,8,0.000,0.65,1.653,True,None,0.000,True
179.968,8,en_route_pickup,0.026,-2.349,0.000,-3.500,joint_grid_transaction,94,94,1,3,7,0.000,1.00,-1.902,True,None,0.000,True
