sim_time,robot_id,state,pos_x,pos_y,goal_x,goal_y,active_plan_source,active_plan_epoch,controller_epoch,controller_waypoint_idx,waypoints,current_task,hold_until,speed_scale
0.256,1,en_route_pickup,-4.000,3.000,-6.000,3.500,None,None,0,0,1,1,0.000,1.00
0.256,2,idle,-4.000,-3.000,0.000,0.000,None,None,0,0,0,None,0.000,1.00
0.256,3,idle,4.000,3.000,0.000,0.000,None,None,0,0,0,None,0.000,1.00
0.256,4,idle,4.000,-3.000,0.000,0.000,None,None,0,0,0,None,0.000,1.00
0.256,5,idle,-7.000,-0.000,0.000,0.000,None,None,0,0,0,None,0.000,1.00
0.256,6,idle,7.000,0.000,0.000,0.000,None,None,0,0,0,None,0.000,1.00
0.256,7,idle,-8.500,1.200,0.000,0.000,None,None,0,0,0,None,0.000,1.00
0.256,8,idle,8.500,-1.200,0.000,0.000,None,None,0,0,0,None,0.000,1.00
0.512,1,en_route_pickup,-4.000,3.000,-6.000,3.500,None,None,0,0,1,1,0.000,1.00
0.512,2,idle,-4.000,-3.000,0.000,0.000,None,None,0,0,0,None,0.000,1.00
0.512,3,idle,4.000,3.000,0.000,0.000,None,None,0,0,0,None,0.000,1.00
0.512,4,idle,4.000,-3.000,0.000,0.000,None,None,0,0,0,None,0.000,1.00
0.512,5,idle,-7.000,-0.000,0.000,0.000,None,None,0,0,0,None,0.000,1.00
0.512,6,idle,7.000,0.000,0.000,0.000,None,None,0,0,0,None,0.000,1.00
0.512,7,idle,-8.500,1.200,0.000,0.000,None,None,0,0,0,None,0.000,1.00
0.512,8,idle,8.500,-1.200,0.000,0.000,None,None,0,0,0,None,0.000,1.00
0.768,1,en_route_pickup,-4.003,2.999,-6.000,3.500,joint_grid_transaction,1,1,1,9,1,0.000,1.00
0.768,2,idle,-4.000,-3.000,0.000,0.000,None,None,0,0,0,None,0.000,1.00
0.768,3,idle,4.000,3.000,0.000,0.000,None,None,0,0,0,None,0.000,1.00
0.768,4,idle,4.000,-3.000,0.000,0.000,None,None,0,0,0,None,0.000,1.00
0.768,5,idle,-7.000,-0.000,0.000,0.000,None,None,0,0,0,None,0.000,1.00
0.768,6,idle,7.000,0.000,0.000,0.000,None,None,0,0,0,None,0.000,1.00
0.768,7,idle,-8.500,1.200,0.000,0.000,None,None,0,0,0,None,0.000,1.00
0.768,8,idle,8.500,-1.200,0.000,0.000,None,None,0,0,0,None,0.000,1.00
1.024,1,en_route_pickup,-4.023,2.991,-6.000,3.500,joint_grid_transaction,1,1,1,9,1,0.000,1.00
1.024,2,idle,-4.000,-3.000,0.000,0.000,None,None,0,0,0,None,0.000,1.00
1.024,3,idle,4.000,3.000,0.000,0.000,None,None,0,0,0,None,0.000,1.00
1.024,4,idle,4.000,-3.000,0.000,0.000,None,None,0,0,0,None,0.000,1.00
1.024,5,idle,-7.000,-0.000,0.000,0.000,None,None,0,0,0,None,0.000,1.00
1.024,6,idle,7.000,0.000,0.000,0.000,None,None,0,0,0,None,0.000,1.00
1.024,7,idle,-8.500,1.200,0.000,0.000,None,None,0,0,0,None,0.000,1.00
1.024,8,idle,8.500,-1.200,0.000,0.000,None,None,0,0,0,None,0.000,1.00
1.280,1,en_route_pickup,-4.050,2.971,-6.000,3.500,joint_grid_transaction,1,1,2,9,1,0.000,1.00
1.280,2,en_route_pickup,-4.000,-3.000,-1.000,1.500,None,None,0,0,4,2,0.000,1.00
1.280,3,idle,4.000,3.000,0.000,0.000,None,None,0,0,0,None,0.000,1.00
1.280,4,idle,4.000,-3.000,0.000,0.000,None,None,0,0,0,None,0.000,1.00
1.280,5,idle,-7.000,-0.000,0.000,0.000,None,None,0,0,0,None,0.000,1.00
1.280,6,idle,7.000,0.000,0.000,0.000,None,None,0,0,0,None,0.000,1.00
1.280,7,idle,-8.500,1.200,0.000,0.000,None,None,0,0,0,None,0.000,1.00
1.280,8,idle,8.500,-1.200,0.000,0.000,None,None,0,0,0,None,0.000,1.00
1.536,1,en_route_pickup,-4.075,2.943,-6.000,3.500,joint_grid_transaction,1,1,2,9,1,0.000,1.00
1.536,2,en_route_pickup,-4.000,-3.000,-1.000,1.500,None,None,0,0,4,2,0.000,1.00
1.536,3,en_route_pickup,4.000,3.000,-3.000,1.500,None,None,0,0,2,3,0.000,1.00
1.536,4,idle,4.000,-3.000,0.000,0.000,None,None,0,0,0,None,0.000,1.00
1.536,5,idle,-7.000,-0.000,0.000,0.000,None,None,0,0,0,None,0.000,1.00
1.536,6,idle,7.000,0.000,0.000,0.000,None,None,0,0,0,None,0.000,1.00
1.536,7,idle,-8.500,1.200,0.000,0.000,None,None,0,0,0,None,0.000,1.00
1.536,8,idle,8.500,-1.200,0.000,0.000,None,None,0,0,0,None,0.000,1.00
1.792,1,en_route_pickup,-4.087,2.922,-6.000,3.500,joint_grid_transaction,1,1,2,9,1,0.000,1.00
1.792,2,en_route_pickup,-4.000,-3.000,-1.000,1.500,None,None,0,0,4,2,0.000,1.00
1.792,3,en_route_pickup,4.000,3.000,-3.000,1.500,None,None,0,0,2,3,0.000,1.00
1.792,4,idle,4.000,-3.000,0.000,0.000,None,None,0,0,0,None,0.000,1.00
1.792,5,idle,-7.000,-0.000,0.000,0.000,None,None,0,0,0,None,0.000,1.00
1.792,6,idle,7.000,0.000,0.000,0.000,None,None,0,0,0,None,0.000,1.00
1.792,7,idle,-8.500,1.200,0.000,0.000,None,None,0,0,0,None,0.000,1.00
1.792,8,idle,8.500,-1.200,0.000,0.000,None,None,0,0,0,None,0.000,1.00
2.048,1,en_route_pickup,-4.088,2.921,-6.000,3.500,joint_grid_transaction,1,1,2,9,1,0.000,1.00
2.048,2,en_route_pickup,-4.000,-3.000,-1.000,1.500,None,None,0,0,4,2,0.000,1.00
2.048,3,en_route_pickup,4.000,3.000,-3.000,1.500,None,None,0,0,2,3,0.000,1.00
2.048,4,idle,4.000,-3.000,0.000,0.000,None,None,0,0,0,None,0.000,1.00
2.048,5,idle,-7.000,-0.000,0.000,0.000,None,None,0,0,0,None,0.000,1.00
2.048,6,idle,7.000,0.000,0.000,0.000,None,None,0,0,0,None,0.000,1.00
2.048,7,idle,-8.500,1.200,0.000,0.000,None,None,0,0,0,None,0.000,1.00
2.048,8,idle,8.500,-1.200,0.000,0.000,None,None,0,0,0,None,0.000,1.00
2.304,1,en_route_pickup,-4.096,2.941,-6.000,3.500,joint_grid_transaction,1,1,2,9,1,0.000,1.00
2.304,2,en_route_pickup,-4.000,-3.000,-1.000,1.500,None,None,0,0,4,2,0.000,1.00
2.304,3,en_route_pickup,4.000,3.000,-3.000,1.500,None,None,0,0,2,3,0.000,1.00
2.304,4,idle,4.000,-3.000,0.000,0.000,None,None,0,0,0,None,0.000,1.00
2.304,5,idle,-7.000,-0.000,0.000,0.000,None,None,0,0,0,None,0.000,1.00
2.304,6,idle,7.000,0.000,0.000,0.000,None,None,0,0,0,None,0.000,1.00
2.304,7,idle,-8.500,1.200,0.000,0.000,None,None,0,0,0,None,0.000,1.00
2.304,8,idle,8.500,-1.200,0.000,0.000,None,None,0,0,0,None,0.000,1.00
2.560,1,en_route_pickup,-4.118,2.968,-6.000,3.500,joint_grid_transaction,1,1,2,9,1,0.000,1.00
2.560,2,en_route_pickup,-4.000,-3.000,-1.000,1.500,None,None,0,0,4,2,0.000,1.00
2.560,3,en_route_pickup,4.000,3.000,-3.000,1.500,None,None,0,0,2,3,0.000,1.00
2.560,4,idle,4.000,-3.000,0.000,0.000,None,None,0,0,0,None,0.000,1.00
2.560,5,idle,-7.000,-0.000,0.000,0.000,None,None,0,0,0,None,0.000,1.00
2.560,6,idle,7.000,0.000,0.000,0.000,None,None,0,0,0,None,0.000,1.00
2.560,7,idle,-8.500,1.200,0.000,0.000,None,None,0,0,0,None,0.000,1.00
2.560,8,idle,8.500,-1.200,0.000,0.000,None,None,0,0,0,None,0.000,1.00
2.816,1,en_route_pickup,-4.142,2.991,-6.000,3.500,joint_grid_transaction,1,1,2,9,1,0.000,1.00
2.816,2,en_route_pickup,-4.000,-3.000,-1.000,1.500,None,None,0,0,4,2,0.000,1.00
2.816,3,en_route_pickup,4.000,3.000,-3.000,1.500,None,None,0,0,2,3,0.000,1.00
2.816,4,idle,4.000,-3.000,0.000,0.000,None,None,0,0,0,None,0.000,1.00
2.816,5,idle,-7.000,-0.000,0.000,0.000,None,None,0,0,0,None,0.000,1.00
2.816,6,idle,7.000,0.000,0.000,0.000,None,None,0,0,0,None,0.000,1.00
2.816,7,idle,-8.500,1.200,0.000,0.000,None,None,0,0,0,None,0.000,1.00
2.816,8,idle,8.500,-1.200,0.000,0.000,None,None,0,0,0,None,0.000,1.00
3.072,1,en_route_pickup,-4.157,3.000,-6.000,3.500,joint_grid_transaction,1,1,2,9,1,0.000,1.00
3.072,2,en_route_pickup,-4.000,-3.000,-1.000,1.500,None,None,0,0,4,2,0.000,1.00
3.072,3,en_route_pickup,4.000,3.000,-3.000,1.500,None,None,0,0,2,3,0.000,1.00
3.072,4,idle,4.000,-3.000,0.000,0.000,None,None,0,0,0,None,0.000,1.00
3.072,5,idle,-7.000,-0.000,0.000,0.000,None,None,0,0,0,None,0.000,1.00
3.072,6,idle,7.000,0.000,0.000,0.000,None,None,0,0,0,None,0.000,1.00
3.072,7,idle,-8.500,1.200,0.000,0.000,None,None,0,0,0,None,0.000,1.00
3.072,8,idle,8.500,-1.200,0.000,0.000,None,None,0,0,0,None,0.000,1.00
3.328,1,en_route_pickup,-4.176,2.998,-6.000,3.500,joint_grid_transaction,1,1,2,9,1,0.000,1.00
3.328,2,en_route_pickup,-4.000,-3.000,-1.000,1.500,None,None,0,0,4,2,0.000,1.00
3.328,3,en_route_pickup,4.000,3.000,-3.000,1.500,None,None,0,0,2,3,0.000,1.00
3.328,4,idle,4.000,-3.000,0.000,0.000,None,None,0,0,0,None,0.000,1.00
3.328,5,idle,-7.000,-0.000,0.000,0.000,None,None,0,0,0,None,0.000,1.00
3.328,6,idle,7.000,0.000,0.000,0.000,None,None,0,0,0,None,0.000,1.00
3.328,7,idle,-8.500,1.200,0.000,0.000,None,None,0,0,0,None,0.000,1.00
3.328,8,idle,8.500,-1.200,0.000,0.000,None,None,0,0,0,None,0.000,1.00
3.584,1,en_route_pickup,-4.221,2.988,-6.000,3.500,joint_grid_transaction,1,1,2,9,1,0.000,1.00
3.584,2,en_route_pickup,-4.000,-3.000,-1.000,1.500,None,None,0,0,4,2,0.000,1.00
3.584,3,en_route_pickup,4.000,3.000,-3.000,1.500,None,None,0,0,2,3,0.000,1.00
3.584,4,idle,4.000,-3.000,0.000,0.000,None,None,0,0,0,None,0.000,1.00
3.584,5,idle,-7.000,-0.000,0.000,0.000,None,None,0,0,0,None,0.000,1.00
3.584,6,idle,7.000,0.000,0.000,0.000,None,None,0,0,0,None,0.000,1.00
3.584,7,idle,-8.500,1.200,0.000,0.000,None,None,0,0,0,None,0.000,1.00
3.584,8,idle,8.500,-1.200,0.000,0.000,None,None,0,0,0,None,0.000,1.00
3.840,1,en_route_pickup,-4.268,2.983,-6.000,3.500,joint_grid_transaction,1,1,2,9,1,0.000,1.00
3.840,2,en_route_pickup,-4.000,-3.000,-1.000,1.500,None,None,0,0,4,2,0.000,1.00
3.840,3,en_route_pickup,4.000,3.000,-3.000,1.500,None,None,0,0,2,3,0.000,1.00
3.840,4,idle,4.000,-3.000,0.000,0.000,None,None,0,0,0,None,0.000,1.00
3.840,5,idle,-7.000,-0.000,0.000,0.000,None,None,0,0,0,None,0.000,1.00
3.840,6,idle,7.000,0.000,0.000,0.000,None,None,0,0,0,None,0.000,1.00
3.840,7,idle,-8.500,1.200,0.000,0.000,None,None,0,0,0,None,0.000,1.00
3.840,8,idle,8.500,-1.200,0.000,0.000,None,None,0,0,0,None,0.000,1.00
4.096,1,en_route_pickup,-4.310,2.980,-6.000,3.500,joint_grid_transaction,2,1,3,9,1,0.000,1.00
4.096,2,en_route_pickup,-4.000,-3.000,-1.000,1.500,joint_grid_transaction,2,0,0,9,2,0.000,1.00
4.096,3,en_route_pickup,3.998,3.000,-3.000,1.500,joint_grid_transaction,2,0,0,9,3,0.000,1.00
4.096,4,idle,4.000,-3.000,0.000,0.000,None,None,0,0,0,None,0.000,1.00
4.096,5,idle,-7.000,-0.000,0.000,0.000,None,None,0,0,0,None,0.000,1.00
4.096,6,idle,7.000,0.000,0.000,0.000,None,None,0,0,0,None,0.000,1.00
4.096,7,idle,-8.500,1.200,0.000,0.000,None,None,0,0,0,None,0.000,1.00
4.096,8,idle,8.500,-1.200,0.000,0.000,None,None,0,0,0,None,0.000,1.00
4.352,1,en_route_pickup,-4.349,2.978,-6.000,3.500,joint_grid_transaction,2,2,2,9,1,0.000,1.00
4.352,2,en_route_pickup,-4.013,-3.004,-1.000,1.500,joint_grid_transaction,2,2,1,9,2,0.000,1.00
4.352,3,en_route_pickup,3.950,3.000,-3.000,1.500,joint_grid_transaction,2,2,2,9,3,0.000,1.00
4.352,4,idle,4.000,-3.000,0.000,0.000,None,None,0,0,0,None,0.000,1.00
4.352,5,idle,-7.000,-0.000,0.000,0.000,None,None,0,0,0,None,0.000,1.00
4.352,6,idle,7.000,0.000,0.000,0.000,None,None,0,0,0,None,0.000,1.00
4.352,7,idle,-8.500,1.200,0.000,0.000,None,None,0,0,0,None,0.000,1.00
4.352,8,idle,8.500,-1.200,0.000,0.000,None,None,0,0,0,None,0.000,1.00
4.608,1,en_route_pickup,-4.388,2.976,-6.000,3.500,joint_grid_transaction,2,2,2,9,1,0.000,1.00
4.608,2,en_route_pickup,-4.027,-3.010,-1.000,1.500,joint_grid_transaction,2,2,1,9,2,0.000,1.00
4.608,3,en_route_pickup,3.902,3.000,-3.000,1.500,joint_grid_transaction,2,2,2,9,3,0.000,1.00
4.608,4,idle,4.000,-3.000,0.000,0.000,None,None,0,0,0,None,0.000,1.00
4.608,5,idle,-7.000,-0.000,0.000,0.000,None,None,0,0,0,None,0.000,1.00
4.608,6,idle,7.000,0.000,0.000,0.000,None,None,0,0,0,None,0.000,1.00
4.608,7,idle,-8.500,1.200,0.000,0.000,None,None,0,0,0,None,0.000,1.00
4.608,8,idle,8.500,-1.200,0.000,0.000,None,None,0,0,0,None,0.000,1.00
4.864,1,en_route_pickup,-4.426,2.973,-6.000,3.500,joint_grid_transaction,2,2,2,9,1,0.000,1.00
4.864,2,en_route_pickup,-4.005,-2.997,-1.000,1.500,joint_grid_transaction,2,2,2,9,2,0.000,1.00
4.864,3,en_route_pickup,3.854,3.000,-3.000,1.500,joint_grid_transaction,2,2,2,9,3,0.000,1.00
4.864,4,idle,4.000,-3.000,0.000,0.000,None,None,0,0,0,None,0.000,1.00
4.864,5,idle,-7.000,-0.000,0.000,0.000,None,None,0,0,0,None,0.000,1.00
4.864,6,idle,7.000,0.000,0.000,0.000,None,None,0,0,0,None,0.000,1.00
4.864,7,idle,-8.500,1.200,0.000,0.000,None,None,0,0,0,None,0.000,1.00
4.864,8,idle,8.500,-1.200,0.000,0.000,None,None,0,0,0,None,0.000,1.00
5.120,1,en_route_pickup,-4.462,2.971,-6.000,3.500,joint_grid_transaction,3,2,2,9,1,0.000,1.00
5.120,2,en_route_pickup,-4.002,-2.995,-1.000,1.500,joint_grid_transaction,3,2,2,9,2,0.000,1.00
5.120,3,en_route_pickup,3.807,3.000,-3.000,1.500,joint_grid_transaction,3,2,2,8,3,0.000,1.00
5.120,4,idle,4.000,-3.000,0.000,0.000,None,None,0,0,0,None,0.000,1.00
5.120,5,idle,-7.000,-0.000,0.000,0.000,None,None,0,0,0,None,0.000,1.00
5.120,6,idle,7.000,0.000,0.000,0.000,None,None,0,0,0,None,0.000,1.00
5.120,7,idle,-8.500,1.200,0.000,0.000,None,None,0,0,0,None,0.000,1.00
5.120,8,idle,8.500,-1.200,0.000,0.000,None,None,0,0,0,None,0.000,1.00
5.376,1,en_route_pickup,-4.497,2.969,-6.000,3.500,joint_grid_transaction,3,3,1,9,1,0.000,1.00
5.376,2,en_route_pickup,-4.022,-2.988,-1.000,1.500,joint_grid_transaction,3,3,1,9,2,0.000,1.00
5.376,3,en_route_pickup,3.759,3.000,-3.000,1.500,joint_grid_transaction,3,3,1,8,3,0.000,1.00
5.376,4,idle,4.000,-3.000,0.000,0.000,None,None,0,0,0,None,0.000,1.00
5.376,5,idle,-7.000,-0.000,0.000,0.000,None,None,0,0,0,None,0.000,1.00
5.376,6,idle,7.000,0.000,0.000,0.000,None,None,0,0,0,None,0.000,1.00
5.376,7,idle,-8.500,1.200,0.000,0.000,None,None,0,0,0,None,0.000,1.00
5.376,8,idle,8.500,-1.200,0.000,0.000,None,None,0,0,0,None,0.000,1.00
5.632,1,en_route_pickup,-4.531,2.967,-6.000,3.500,joint_grid_transaction,3,3,1,9,1,0.000,1.00
5.632,2,en_route_pickup,-4.049,-2.967,-1.000,1.500,joint_grid_transaction,3,3,2,9,2,0.000,1.00
5.632,3,en_route_pickup,3.719,3.000,-3.000,1.500,joint_grid_transaction,3,3,1,8,3,0.000,1.00
5.632,4,idle,4.000,-3.000,0.000,0.000,None,None,0,0,0,None,0.000,1.00
5.632,5,idle,-7.000,-0.000,0.000,0.000,None,None,0,0,0,None,0.000,1.00
5.632,6,idle,7.000,0.000,0.000,0.000,None,None,0,0,0,None,0.000,1.00
5.632,7,idle,-8.500,1.200,0.000,0.000,None,None,0,0,0,None,0.000,1.00
5.632,8,idle,8.500,-1.200,0.000,0.000,None,None,0,0,0,None,0.000,1.00
5.888,1,en_route_pickup,-4.567,2.964,-6.000,3.500,joint_grid_transaction,3,3,2,9,1,0.000,1.00
5.888,2,en_route_pickup,-4.074,-2.940,-1.000,1.500,joint_grid_transaction,3,3,2,9,2,0.000,1.00
5.888,3,en_route_pickup,3.719,3.000,-3.000,1.500,joint_grid_transaction,3,3,1,8,3,0.000,1.00
5.888,4,idle,4.000,-3.000,0.000,0.000,None,None,0,0,0,None,0.000,1.00
5.888,5,idle,-7.000,-0.000,0.000,0.000,None,None,0,0,0,None,0.000,1.00
5.888,6,idle,7.000,0.000,0.000,0.000,None,None,0,0,0,None,0.000,1.00
5.888,7,idle,-8.500,1.200,0.000,0.000,None,None,0,0,0,None,0.000,1.00
5.888,8,idle,8.500,-1.200,0.000,0.000,None,None,0,0,0,None,0.000,1.00
6.144,1,en_route_pickup,-4.603,2.962,-6.000,3.500,joint_grid_transaction,3,3,2,9,1,0.000,1.00
6.144,2,en_route_pickup,-4.086,-2.918,-1.000,1.500,joint_grid_transaction,3,3,2,9,2,0.000,1.00
6.144,3,en_route_pickup,3.719,3.000,-3.000,1.500,joint_grid_transaction,3,3,1,8,3,0.000,1.00
6.144,4,idle,4.000,-3.000,0.000,0.000,None,None,0,0,0,None,0.000,1.00
6.144,5,idle,-7.000,-0.000,0.000,0.000,None,None,0,0,0,None,0.000,1.00
6.144,6,idle,7.000,0.000,0.000,0.000,None,None,0,0,0,None,0.000,1.00
6.144,7,idle,-8.500,1.200,0.000,0.000,None,None,0,0,0,None,0.000,1.00
6.144,8,idle,8.500,-1.200,0.000,0.000,None,None,0,0,0,None,0.000,1.00
6.400,1,en_route_pickup,-4.638,2.960,-6.000,3.500,joint_grid_transaction,3,3,2,9,1,0.000,1.00
6.400,2,en_route_pickup,-4.087,-2.915,-1.000,1.500,joint_grid_transaction,3,3,2,9,2,0.000,1.00
6.400,3,en_route_pickup,3.705,3.000,-3.000,1.500,joint_grid_transaction,3,3,1,8,3,0.000,1.00
6.400,4,idle,4.000,-3.000,0.000,0.000,None,None,0,0,0,None,0.000,1.00
6.400,5,idle,-7.000,-0.000,0.000,0.000,None,None,0,0,0,None,0.000,1.00
6.400,6,idle,7.000,0.000,0.000,0.000,None,None,0,0,0,None,0.000,1.00
6.400,7,idle,-8.500,1.200,0.000,0.000,None,None,0,0,0,None,0.000,1.00
6.400,8,idle,8.500,-1.200,0.000,0.000,None,None,0,0,0,None,0.000,1.00
6.656,1,en_route_pickup,-4.672,2.957,-6.000,3.500,joint_grid_transaction,3,3,2,9,1,0.000,1.00
6.656,2,en_route_pickup,-4.090,-2.925,-1.000,1.500,joint_grid_transaction,3,3,2,9,2,0.000,1.00
6.656,3,en_route_pickup,3.658,3.000,-3.000,1.500,joint_grid_transaction,3,3,2,8,3,0.000,1.00
6.656,4,idle,4.000,-3.000,0.000,0.000,None,None,0,0,0,None,0.000,1.00
6.656,5,idle,-7.000,-0.000,0.000,0.000,None,None,0,0,0,None,0.000,1.00
6.656,6,idle,7.000,0.000,0.000,0.000,None,None,0,0,0,None,0.000,1.00
6.656,7,idle,-8.500,1.200,0.000,0.000,None,None,0,0,0,None,0.000,1.00
6.656,8,idle,8.500,-1.200,0.000,0.000,None,None,0,0,0,None,0.000,1.00
6.912,1,en_route_pickup,-4.705,2.955,-6.000,3.500,joint_grid_transaction,3,3,2,9,1,0.000,1.00
6.912,2,en_route_pickup,-4.106,-2.905,-1.000,1.500,joint_grid_transaction,3,3,3,9,2,0.000,1.00
6.912,3,en_route_pickup,3.610,3.000,-3.000,1.500,joint_grid_transaction,3,3,2,8,3,0.000,1.00
6.912,4,idle,4.000,-3.000,0.000,0.000,None,None,0,0,0,None,0.000,1.00
6.912,5,idle,-7.000,-0.000,0.000,0.000,None,None,0,0,0,None,0.000,1.00
6.912,6,idle,7.000,0.000,0.000,0.000,None,None,0,0,0,None,0.000,1.00
6.912,7,idle,-8.500,1.200,0.000,0.000,None,None,0,0,0,None,0.000,1.00
6.912,8,idle,8.500,-1.200,0.000,0.000,None,None,0,0,0,None,0.000,1.00
7.168,1,en_route_pickup,-4.736,2.953,-6.000,3.500,joint_grid_transaction,3,3,2,9,1,0.000,1.00
7.168,2,en_route_pickup,-4.126,-2.862,-1.000,1.500,joint_grid_transaction,3,3,3,9,2,0.000,1.00
7.168,3,en_route_pickup,3.562,3.000,-3.000,1.500,joint_grid_transaction,3,3,2,8,3,0.000,1.00
7.168,4,idle,4.000,-3.000,0.000,0.000,None,None,0,0,0,None,0.000,1.00
7.168,5,idle,-7.000,-0.000,0.000,0.000,None,None,0,0,0,None,0.000,1.00
7.168,6,idle,7.000,0.000,0.000,0.000,None,None,0,0,0,None,0.000,1.00
7.168,7,idle,-8.500,1.200,0.000,0.000,None,None,0,0,0,None,0.000,1.00
7.168,8,idle,8.500,-1.200,0.000,0.000,None,None,0,0,0,None,0.000,1.00
7.424,1,en_route_pickup,-4.764,2.951,-6.000,3.500,joint_grid_transaction,3,3,2,9,1,0.000,1.00
7.424,2,en_route_pickup,-4.145,-2.818,-1.000,1.500,joint_grid_transaction,3,3,3,9,2,0.000,1.00
7.424,3,en_route_pickup,3.514,3.000,-3.000,1.500,joint_grid_transaction,3,3,2,8,3,0.000,1.00
7.424,4,idle,4.000,-3.000,0.000,0.000,None,None,0,0,0,None,0.000,1.00
7.424,5,idle,-7.000,-0.000,0.000,0.000,None,None,0,0,0,None,0.000,1.00
7.424,6,idle,7.000,0.000,0.000,0.000,None,None,0,0,0,None,0.000,1.00
7.424,7,idle,-8.500,1.200,0.000,0.000,None,None,0,0,0,None,0.000,1.00
7.424,8,idle,8.500,-1.200,0.000,0.000,None,None,0,0,0,None,0.000,1.00
7.680,1,en_route_pickup,-4.791,2.949,-6.000,3.500,joint_grid_transaction,3,3,2,9,1,0.000,1.00
7.680,2,en_route_pickup,-4.162,-2.774,-1.000,1.500,joint_grid_transaction,3,3,3,9,2,0.000,1.00
7.680,3,en_route_pickup,3.466,3.000,-3.000,1.500,joint_grid_transaction,3,3,2,8,3,0.000,1.00
7.680,4,idle,4.000,-3.000,0.000,0.000,None,None,0,0,0,None,0.000,1.00
7.680,5,idle,-7.000,-0.000,0.000,0.000,None,None,0,0,0,None,0.000,1.00
7.680,6,idle,7.000,0.000,0.000,0.000,None,None,0,0,0,None,0.000,1.00
7.680,7,idle,-8.500,1.200,0.000,0.000,None,None,0,0,0,None,0.000,1.00
7.680,8,idle,8.500,-1.200,0.000,0.000,None,None,0,0,0,None,0.000,1.00
7.936,1,en_route_pickup,-4.825,2.947,-6.000,3.500,joint_grid_transaction,3,3,3,9,1,0.000,1.00
7.936,2,en_route_pickup,-4.178,-2.729,-1.000,1.500,joint_grid_transaction,3,3,3,9,2,0.000,1.00
7.936,3,en_route_pickup,3.418,3.000,-3.000,1.500,joint_grid_transaction,3,3,3,8,3,0.000,1.00
7.936,4,idle,4.000,-3.000,0.000,0.000,None,None,0,0,0,None,0.000,1.00
7.936,5,idle,-7.000,-0.000,0.000,0.000,None,None,0,0,0,None,0.000,1.00
7.936,6,idle,7.000,0.000,0.000,0.000,None,None,0,0,0,None,0.000,1.00
7.936,7,idle,-8.500,1.200,0.000,0.000,None,None,0,0,0,None,0.000,1.00
7.936,8,idle,8.500,-1.200,0.000,0.000,None,None,0,0,0,None,0.000,1.00
8.192,1,en_route_pickup,-4.858,2.945,-6.000,3.500,joint_grid_transaction,3,3,3,9,1,0.000,1.00
8.192,2,en_route_pickup,-4.193,-2.684,-1.000,1.500,joint_grid_transaction,3,3,4,9,2,0.000,1.00
8.192,3,en_route_pickup,3.370,3.000,-3.000,1.500,joint_grid_transaction,3,3,3,8,3,0.000,1.00
8.192,4,idle,4.000,-3.000,0.000,0.000,None,None,0,0,0,None,0.000,1.00
8.192,5,idle,-7.000,-0.000,0.000,0.000,None,None,0,0,0,None,0.000,1.00
8.192,6,idle,7.000,0.000,0.000,0.000,None,None,0,0,0,None,0.000,1.00
8.192,7,idle,-8.500,1.200,0.000,0.000,None,None,0,0,0,None,0.000,1.00
8.192,8,idle,8.500,-1.200,0.000,0.000,None,None,0,0,0,None,0.000,1.00
8.448,1,en_route_pickup,-4.889,2.942,-6.000,3.500,joint_grid_transaction,3,3,3,9,1,0.000,1.00
8.448,2,en_route_pickup,-4.205,-2.638,-1.000,1.500,joint_grid_transaction,3,3,4,9,2,0.000,1.00
8.448,3,en_route_pickup,3.323,3.000,-3.000,1.500,joint_grid_transaction,3,3,3,8,3,0.000,1.00
8.448,4,idle,4.000,-3.000,0.000,0.000,None,None,0,0,0,None,0.000,1.00
8.448,5,idle,-7.000,-0.000,0.000,0.000,None,None,0,0,0,None,0.000,1.00
8.448,6,idle,7.000,0.000,0.000,0.000,None,None,0,0,0,None,0.000,1.00
8.448,7,idle,-8.500,1.200,0.000,0.000,None,None,0,0,0,None,0.000,1.00
8.448,8,idle,8.500,-1.200,0.000,0.000,None,None,0,0,0,None,0.000,1.00
8.704,1,en_route_pickup,-4.920,2.940,-6.000,3.500,joint_grid_transaction,3,3,3,9,1,0.000,1.00
8.704,2,en_route_pickup,-4.214,-2.591,-1.000,1.500,joint_grid_transaction,3,3,4,9,2,0.000,1.00
8.704,3,en_route_pickup,3.275,3.000,-3.000,1.500,joint_grid_transaction,3,3,3,8,3,0.000,1.00
8.704,4,idle,4.000,-3.000,0.000,0.000,None,None,0,0,0,None,0.000,1.00
8.704,5,idle,-7.000,-0.000,0.000,0.000,None,None,0,0,0,None,0.000,1.00
8.704,6,idle,7.000,0.000,0.000,0.000,None,None,0,0,0,None,0.000,1.00
8.704,7,idle,-8.500,1.200,0.000,0.000,None,None,0,0,0,None,0.000,1.00
8.704,8,idle,8.500,-1.200,0.000,0.000,None,None,0,0,0,None,0.000,1.00
8.960,1,en_route_pickup,-4.948,2.938,-6.000,3.500,joint_grid_transaction,3,3,3,9,1,0.000,1.00
8.960,2,en_route_pickup,-4.221,-2.544,-1.000,1.500,joint_grid_transaction,3,3,4,9,2,0.000,1.00
8.960,3,en_route_pickup,3.227,3.000,-3.000,1.500,joint_grid_transaction,3,3,3,8,3,0.000,1.00
8.960,4,idle,4.000,-3.000,0.000,0.000,None,None,0,0,0,None,0.000,1.00
8.960,5,idle,-7.000,-0.000,0.000,0.000,None,None,0,0,0,None,0.000,1.00
8.960,6,idle,7.000,0.000,0.000,0.000,None,None,0,0,0,None,0.000,1.00
8.960,7,idle,-8.500,1.200,0.000,0.000,None,None,0,0,0,None,0.000,1.00
8.960,8,idle,8.500,-1.200,0.000,0.000,None,None,0,0,0,None,0.000,1.00
9.216,1,en_route_pickup,-4.975,2.936,-6.000,3.500,joint_grid_transaction,4,4,1,7,1,0.000,1.00
9.216,2,en_route_pickup,-4.228,-2.497,-1.000,1.500,joint_grid_transaction,4,4,1,9,2,0.000,1.00
9.216,3,en_route_pickup,3.179,3.000,-3.000,1.500,joint_grid_transaction,4,4,2,9,3,0.000,1.00
9.216,4,idle,4.000,-3.000,0.000,0.000,None,None,0,0,0,None,0.000,1.00
9.216,5,idle,-7.000,-0.000,0.000,0.000,None,None,0,0,0,None,0.000,1.00
9.216,6,idle,7.000,0.000,0.000,0.000,None,None,0,0,0,None,0.000,1.00
9.216,7,idle,-8.500,1.200,0.000,0.000,None,None,0,0,0,None,0.000,1.00
9.216,8,idle,8.500,-1.200,0.000,0.000,None,None,0,0,0,None,0.000,1.00
9.472,1,en_route_pickup,-4.997,2.935,-6.000,3.500,joint_grid_transaction,4,4,1,7,1,0.000,1.00
9.472,2,en_route_pickup,-4.233,-2.450,-1.000,1.500,joint_grid_transaction,4,4,2,9,2,0.000,1.00
9.472,3,en_route_pickup,3.131,3.000,-3.000,1.500,joint_grid_transaction,4,4,2,9,3,0.000,1.00
9.472,4,idle,4.000,-3.000,0.000,0.000,None,None,0,0,0,None,0.000,1.00
9.472,5,idle,-7.000,-0.000,0.000,0.000,None,None,0,0,0,None,0.000,1.00
9.472,6,idle,7.000,0.000,0.000,0.000,None,None,0,0,0,None,0.000,1.00
9.472,7,idle,-8.500,1.200,0.000,0.000,None,None,0,0,0,None,0.000,1.00
9.472,8,idle,8.500,-1.200,0.000,0.000,None,None,0,0,0,None,0.000,1.00
9.728,1,en_route_pickup,-5.019,2.935,-6.000,3.500,joint_grid_transaction,4,4,1,7,1,0.000,1.00
9.728,2,en_route_pickup,-4.238,-2.405,-1.000,1.500,joint_grid_transaction,4,4,2,9,2,0.000,1.00
9.728,3,en_route_pickup,3.083,3.000,-3.000,1.500,joint_grid_transaction,4,4,2,9,3,0.000,1.00
9.728,4,idle,4.000,-3.000,0.000,0.000,None,None,0,0,0,None,0.000,1.00
9.728,5,idle,-7.000,-0.000,0.000,0.000,None,None,0,0,0,None,0.000,1.00
9.728,6,idle,7.000,0.000,0.000,0.000,None,None,0,0,0,None,0.000,1.00
9.728,7,idle,-8.500,1.200,0.000,0.000,None,None,0,0,0,None,0.000,1.00
9.728,8,idle,8.500,-1.200,0.000,0.000,None,None,0,0,0,None,0.000,1.00
9.984,1,en_route_pickup,-5.040,2.935,-6.000,3.500,joint_grid_transaction,4,4,1,7,1,0.000,1.00
9.984,2,en_route_pickup,-4.242,-2.362,-1.000,1.500,joint_grid_transaction,4,4,2,9,2,0.000,1.00
9.984,3,en_route_pickup,3.035,3.000,-3.000,1.500,joint_grid_transaction,4,4,2,9,3,0.000,1.00
9.984,4,en_route_pickup,4.000,-3.000,0.000,3.500,None,None,0,0,3,4,0.000,1.00
9.984,5,idle,-7.000,-0.000,0.000,0.000,None,None,0,0,0,None,0.000,1.00
9.984,6,idle,7.000,0.000,0.000,0.000,None,None,0,0,0,None,0.000,1.00
9.984,7,idle,-8.500,1.200,0.000,0.000,None,None,0,0,0,None,0.000,1.00
9.984,8,idle,8.500,-1.200,0.000,0.000,None,None,0,0,0,None,0.000,1.00
10.240,1,en_route_pickup,-5.078,2.935,-6.000,3.500,joint_grid_transaction,4,4,2,7,1,0.000,1.00
10.240,2,en_route_pickup,-4.246,-2.320,-1.000,1.500,joint_grid_transaction,4,4,2,9,2,0.000,1.00
10.240,3,en_route_pickup,2.987,3.000,-3.000,1.500,joint_grid_transaction,4,4,2,9,3,0.000,1.00
10.240,4,en_route_pickup,4.000,-3.000,0.000,3.500,None,None,0,0,3,4,0.000,1.00
10.240,5,idle,-7.000,-0.000,0.000,0.000,None,None,0,0,0,None,0.000,1.00
10.240,6,idle,7.000,0.000,0.000,0.000,None,None,0,0,0,None,0.000,1.00
10.240,7,idle,-8.500,1.200,0.000,0.000,None,None,0,0,0,None,0.000,1.00
10.240,8,idle,8.500,-1.200,0.000,0.000,None,None,0,0,0,None,0.000,1.00
10.496,1,en_route_pickup,-5.115,2.935,-6.000,3.500,joint_grid_transaction,4,4,2,7,1,0.000,1.00
10.496,2,en_route_pickup,-4.249,-2.279,-1.000,1.500,joint_grid_transaction,4,4,2,9,2,0.000,1.00
10.496,3,en_route_pickup,2.940,3.000,-3.000,1.500,joint_grid_transaction,4,4,3,9,3,0.000,1.00
10.496,4,en_route_pickup,4.000,-3.000,0.000,3.500,None,None,0,0,3,4,0.000,1.00
10.496,5,idle,-7.000,-0.000,0.000,0.000,None,None,0,0,0,None,0.000,1.00
10.496,6,idle,7.000,0.000,0.000,0.000,None,None,0,0,0,None,0.000,1.00
10.496,7,idle,-8.500,1.200,0.000,0.000,None,None,0,0,0,None,0.000,1.00
10.496,8,idle,8.500,-1.200,0.000,0.000,None,None,0,0,0,None,0.000,1.00
10.752,1,en_route_pickup,-5.151,2.936,-6.000,3.500,joint_grid_transaction,4,4,2,7,1,0.000,1.00
10.752,2,en_route_pickup,-4.253,-2.238,-1.000,1.500,joint_grid_transaction,4,4,2,9,2,0.000,1.00
10.752,3,en_route_pickup,2.892,3.000,-3.000,1.500,joint_grid_transaction,4,4,3,9,3,0.000,1.00
10.752,4,en_route_pickup,4.000,-3.000,0.000,3.500,None,None,0,0,3,4,0.000,1.00
10.752,5,idle,-7.000,-0.000,0.000,0.000,None,None,0,0,0,None,0.000,1.00
10.752,6,idle,7.000,0.000,0.000,0.000,None,None,0,0,0,None,0.000,1.00
10.752,7,idle,-8.500,1.200,0.000,0.000,None,None,0,0,0,None,0.000,1.00
10.752,8,idle,8.500,-1.200,0.000,0.000,None,None,0,0,0,None,0.000,1.00
11.008,1,en_route_pickup,-5.187,2.937,-6.000,3.500,joint_grid_transaction,4,4,2,7,1,0.000,1.00
11.008,2,en_route_pickup,-4.257,-2.198,-1.000,1.500,joint_grid_transaction,4,4,3,9,2,0.000,1.00
11.008,3,en_route_pickup,2.844,3.000,-3.000,1.500,joint_grid_transaction,4,4,3,9,3,0.000,1.00
11.008,4,en_route_pickup,4.000,-3.000,0.000,3.500,None,None,0,0,3,4,0.000,1.00
11.008,5,idle,-7.000,-0.000,0.000,0.000,None,None,0,0,0,None,0.000,1.00
11.008,6,idle,7.000,0.000,0.000,0.000,None,None,0,0,0,None,0.000,1.00
11.008,7,idle,-8.500,1.200,0.000,0.000,None,None,0,0,0,None,0.000,1.00
11.008,8,idle,8.500,-1.200,0.000,0.000,None,None,0,0,0,None,0.000,1.00
11.264,1,en_route_pickup,-5.221,2.938,-6.000,3.500,joint_grid_transaction,4,4,2,7,1,0.000,1.00
11.264,2,en_route_pickup,-4.260,-2.159,-1.000,1.500,joint_grid_transaction,4,4,3,9,2,0.000,1.00
11.264,3,en_route_pickup,2.796,3.000,-3.000,1.500,joint_grid_transaction,4,4,3,9,3,0.000,1.00
11.264,4,en_route_pickup,4.000,-3.000,0.000,3.500,None,None,0,0,3,4,0.000,1.00
11.264,5,idle,-7.000,-0.000,0.000,0.000,None,None,0,0,0,None,0.000,1.00
11.264,6,idle,7.000,0.000,0.000,0.000,None,None,0,0,0,None,0.000,1.00
11.264,7,idle,-8.500,1.200,0.000,0.000,None,None,0,0,0,None,0.000,1.00
11.264,8,idle,8.500,-1.200,0.000,0.000,None,None,0,0,0,None,0.000,1.00
11.520,1,en_route_pickup,-5.255,2.939,-6.000,3.500,joint_grid_transaction,4,4,2,7,1,0.000,1.00
11.520,2,en_route_pickup,-4.264,-2.120,-1.000,1.500,joint_grid_transaction,4,4,3,9,2,0.000,1.00
11.520,3,en_route_pickup,2.748,3.000,-3.000,1.500,joint_grid_transaction,4,4,3,9,3,0.000,1.00
11.520,4,en_route_pickup,4.000,-3.000,0.000,3.500,None,None,0,0,3,4,0.000,1.00
11.520,5,idle,-7.000,-0.000,0.000,0.000,None,None,0,0,0,None,0.000,1.00
11.520,6,idle,7.000,0.000,0.000,0.000,None,None,0,0,0,None,0.000,1.00
11.520,7,idle,-8.500,1.200,0.000,0.000,None,None,0,0,0,None,0.000,1.00
11.520,8,idle,8.500,-1.200,0.000,0.000,None,None,0,0,0,None,0.000,1.00
11.776,1,en_route_pickup,-5.289,2.942,-6.000,3.500,joint_grid_transaction,4,4,2,7,1,0.000,1.00
11.776,2,en_route_pickup,-4.268,-2.082,-1.000,1.500,joint_grid_transaction,4,4,3,9,2,0.000,1.00
11.776,3,en_route_pickup,2.700,3.000,-3.000,1.500,joint_grid_transaction,4,4,4,9,3,0.000,1.00
11.776,4,en_route_pickup,4.000,-3.000,0.000,3.500,None,None,0,0,3,4,0.000,1.00
11.776,5,idle,-7.000,-0.000,0.000,0.000,None,None,0,0,0,None,0.000,1.00
11.776,6,idle,7.000,0.000,0.000,0.000,None,None,0,0,0,None,0.000,1.00
11.776,7,idle,-8.500,1.200,0.000,0.000,None,None,0,0,0,None,0.000,1.00
11.776,8,idle,8.500,-1.200,0.000,0.000,None,None,0,0,0,None,0.000,1.00
12.032,1,en_route_pickup,-5.333,2.944,-6.000,3.500,joint_grid_transaction,4,4,3,7,1,0.000,1.00
12.032,2,en_route_pickup,-4.271,-2.046,-1.000,1.500,joint_grid_transaction,4,4,3,9,2,0.000,1.00
12.032,3,en_route_pickup,2.652,3.000,-3.000,1.500,joint_grid_transaction,4,4,4,9,3,0.000,1.00
12.032,4,en_route_pickup,4.000,-3.000,0.000,3.500,None,None,0,0,3,4,0.000,1.00
12.032,5,idle,-7.000,-0.000,0.000,0.000,None,None,0,0,0,None,0.000,1.00
12.032,6,idle,7.000,0.000,0.000,0.000,None,None,0,0,0,None,0.000,1.00
12.032,7,idle,-8.500,1.200,0.000,0.000,None,None,0,0,0,None,0.000,1.00
12.032,8,idle,8.500,-1.200,0.000,0.000,None,None,0,0,0,None,0.000,1.00
12.288,1,en_route_pickup,-5.378,2.947,-6.000,3.500,joint_grid_transaction,4,4,3,7,1,0.000,1.00
12.288,2,en_route_pickup,-4.274,-2.010,-1.000,1.500,joint_grid_transaction,4,4,3,9,2,0.000,1.00
12.288,3,en_route_pickup,2.604,3.000,-3.000,1.500,joint_grid_transaction,4,4,4,9,3,0.000,1.00
12.288,4,en_route_pickup,4.000,-3.000,0.000,3.500,None,None,0,0,3,4,0.000,1.00
12.288,5,idle,-7.000,-0.000,0.000,0.000,None,None,0,0,0,None,0.000,1.00
12.288,6,idle,7.000,0.000,0.000,0.000,None,None,0,0,0,None,0.000,1.00
12.288,7,idle,-8.500,1.200,0.000,0.000,None,None,0,0,0,None,0.000,1.00
12.288,8,idle,8.500,-1.200,0.000,0.000,None,None,0,0,0,None,0.000,1.00
12.544,1,en_route_pickup,-5.424,2.951,-6.000,3.500,joint_grid_transaction,5,5,2,6,1,0.000,1.00
12.544,2,en_route_pickup,-4.277,-1.977,-1.000,1.500,joint_grid_transaction,5,5,1,9,2,0.000,1.00
12.544,3,en_route_pickup,2.557,3.000,-3.000,1.500,joint_grid_transaction,5,5,1,8,3,0.000,1.00
12.544,4,en_route_pickup,4.001,-3.000,0.000,3.500,joint_grid_transaction,5,5,1,9,4,0.000,1.00
12.544,5,idle,-7.000,-0.000,0.000,0.000,None,None,0,0,0,None,0.000,1.00
12.544,6,idle,7.000,0.000,0.000,0.000,None,None,0,0,0,None,0.000,1.00
12.544,7,idle,-8.500,1.200,0.000,0.000,None,None,0,0,0,None,0.000,1.00
12.544,8,idle,8.500,-1.200,0.000,0.000,None,None,0,0,0,None,0.000,1.00
12.800,1,en_route_pickup,-5.471,2.957,-6.000,3.500,joint_grid_transaction,5,5,2,6,1,0.000,1.00
12.800,2,en_route_pickup,-4.280,-1.942,-1.000,1.500,joint_grid_transaction,5,5,2,9,2,0.000,1.00
12.800,3,en_route_pickup,2.509,3.000,-3.000,1.500,joint_grid_transaction,5,5,1,8,3,0.000,1.00
12.800,4,en_route_pickup,4.017,-2.995,0.000,3.500,joint_grid_transaction,5,5,1,9,4,0.000,1.00
12.800,5,idle,-7.000,-0.000,0.000,0.000,None,None,0,0,0,None,0.000,1.00
12.800,6,idle,7.000,0.000,0.000,0.000,None,None,0,0,0,None,0.000,1.00
12.800,7,idle,-8.500,1.200,0.000,0.000,None,None,0,0,0,None,0.000,1.00
12.800,8,idle,8.500,-1.200,0.000,0.000,None,None,0,0,0,None,0.000,1.00
13.056,1,en_route_pickup,-5.519,2.963,-6.000,3.500,joint_grid_transaction,5,5,2,6,1,0.000,1.00
13.056,2,en_route_pickup,-4.284,-1.906,-1.000,1.500,joint_grid_transaction,5,5,2,9,2,0.000,1.00
13.056,3,en_route_pickup,2.469,3.000,-3.000,1.500,joint_grid_transaction,5,5,1,8,3,0.000,1.00
13.056,4,en_route_pickup,4.043,-2.977,0.000,3.500,joint_grid_transaction,5,5,2,9,4,0.000,1.00
13.056,5,idle,-7.000,-0.000,0.000,0.000,None,None,0,0,0,None,0.000,1.00
13.056,6,idle,7.000,0.000,0.000,0.000,None,None,0,0,0,None,0.000,1.00
13.056,7,idle,-8.500,1.200,0.000,0.000,None,None,0,0,0,None,0.000,1.00
13.056,8,idle,8.500,-1.200,0.000,0.000,None,None,0,0,0,None,0.000,1.00
13.312,1,en_route_pickup,-5.534,2.965,-6.000,3.500,joint_grid_transaction,5,5,2,6,1,0.000,1.00
13.312,2,en_route_pickup,-4.287,-1.872,-1.000,1.500,joint_grid_transaction,5,5,2,9,2,0.000,1.00
13.312,3,en_route_pickup,2.469,3.000,-3.000,1.500,joint_grid_transaction,5,5,1,8,3,0.000,1.00
13.312,4,en_route_pickup,4.070,-2.950,0.000,3.500,joint_grid_transaction,5,5,2,9,4,0.000,1.00
13.312,5,idle,-7.000,-0.000,0.000,0.000,None,None,0,0,0,None,0.000,1.00
13.312,6,idle,7.000,0.000,0.000,0.000,None,None,0,0,0,None,0.000,1.00
13.312,7,idle,-8.500,1.200,0.000,0.000,None,None,0,0,0,None,0.000,1.00
13.312,8,idle,8.500,-1.200,0.000,0.000,None,None,0,0,0,None,0.000,1.00
13.568,1,en_route_pickup,-5.534,2.965,-6.000,3.500,joint_grid_transaction,5,5,2,6,1,0.000,1.00
13.568,2,en_route_pickup,-4.290,-1.839,-1.000,1.500,joint_grid_transaction,5,5,2,9,2,0.000,1.00
13.568,3,en_route_pickup,2.469,3.000,-3.000,1.500,joint_grid_transaction,5,5,1,8,3,0.000,1.00
13.568,4,en_route_pickup,4.085,-2.926,0.000,3.500,joint_grid_transaction,5,5,2,9,4,0.000,1.00
13.568,5,idle,-7.000,-0.000,0.000,0.000,None,None,0,0,0,None,0.000,1.00
13.568,6,idle,7.000,0.000,0.000,0.000,None,None,0,0,0,None,0.000,1.00
13.568,7,idle,-8.500,1.200,0.000,0.000,None,None,0,0,0,None,0.000,1.00
13.568,8,idle,8.500,-1.200,0.000,0.000,None,None,0,0,0,None,0.000,1.00
13.824,1,en_route_pickup,-5.568,2.970,-6.000,3.500,joint_grid_transaction,6,6,2,5,1,0.000,1.00
13.824,2,en_route_pickup,-4.293,-1.807,-1.000,1.500,joint_grid_transaction,6,6,1,8,2,0.000,1.00
13.824,3,en_route_pickup,2.432,3.000,-3.000,1.500,joint_grid_transaction,6,6,2,9,3,0.000,1.00
13.824,4,en_route_pickup,4.088,-2.918,0.000,3.500,joint_grid_transaction,6,6,2,9,4,0.000,1.00
13.824,5,idle,-7.000,-0.000,0.000,0.000,None,None,0,0,0,None,0.000,1.00
13.824,6,idle,7.000,0.000,0.000,0.000,None,None,0,0,0,None,0.000,1.00
13.824,7,idle,-8.500,1.200,0.000,0.000,None,None,0,0,0,None,0.000,1.00
13.824,8,idle,8.500,-1.200,0.000,0.000,None,None,0,0,0,None,0.000,1.00
14.080,1,en_route_pickup,-5.615,2.976,-6.000,3.500,joint_grid_transaction,6,6,2,5,1,0.000,1.00
14.080,2,en_route_pickup,-4.295,-1.777,-1.000,1.500,joint_grid_transaction,6,6,1,8,2,0.000,1.00
14.080,3,en_route_pickup,2.384,3.000,-3.000,1.500,joint_grid_transaction,6,6,2,9,3,0.000,1.00
14.080,4,en_route_pickup,4.090,-2.927,0.000,3.500,joint_grid_transaction,6,6,2,9,4,0.000,1.00
14.080,5,idle,-7.000,-0.000,0.000,0.000,None,None,0,0,0,None,0.000,1.00
14.080,6,idle,7.000,0.000,0.000,0.000,None,None,0,0,0,None,0.000,1.00
14.080,7,idle,-8.500,1.200,0.000,0.000,None,None,0,0,0,None,0.000,1.00
14.080,8,idle,8.500,-1.200,0.000,0.000,None,None,0,0,0,None,0.000,1.00
14.336,1,en_route_pickup,-5.662,2.981,-6.000,3.500,joint_grid_transaction,6,6,2,5,1,0.000,1.00
14.336,2,en_route_pickup,-4.298,-1.748,-1.000,1.500,joint_grid_transaction,6,6,1,8,2,0.000,1.00
14.336,3,en_route_pickup,2.336,3.000,-3.000,1.500,joint_grid_transaction,6,6,2,9,3,0.000,1.00
14.336,4,en_route_pickup,4.102,-2.915,0.000,3.500,joint_grid_transaction,6,6,2,9,4,0.000,1.00
14.336,5,idle,-7.000,-0.000,0.000,0.000,None,None,0,0,0,None,0.000,1.00
14.336,6,idle,7.000,0.000,0.000,0.000,None,None,0,0,0,None,0.000,1.00
14.336,7,idle,-8.500,1.200,0.000,0.000,None,None,0,0,0,None,0.000,1.00
14.336,8,idle,8.500,-1.200,0.000,0.000,None,None,0,0,0,None,0.000,1.00
14.592,1,en_route_delivery,-5.707,2.985,-3.000,-1.500,joint_grid_transaction,6,6,2,3,1,0.000,1.00
14.592,2,en_route_pickup,-4.300,-1.724,-1.000,1.500,joint_grid_transaction,6,6,1,8,2,0.000,1.00
14.592,3,en_route_pickup,2.288,3.000,-3.000,1.500,joint_grid_transaction,6,6,2,9,3,0.000,1.00
14.592,4,en_route_pickup,4.103,-2.913,0.000,3.500,joint_grid_transaction,6,6,2,9,4,0.000,1.00
14.592,5,idle,-7.000,-0.000,0.000,0.000,None,None,0,0,0,None,0.000,1.00
14.592,6,idle,7.000,0.000,0.000,0.000,None,None,0,0,0,None,0.000,1.00
14.592,7,idle,-8.500,1.200,0.000,0.000,None,None,0,0,0,None,0.000,1.00
14.592,8,idle,8.500,-1.200,0.000,0.000,None,None,0,0,0,None,0.000,1.00
14.848,1,en_route_delivery,-5.751,2.990,-3.000,-1.500,joint_grid_transaction,6,6,2,3,1,0.000,1.00
14.848,2,en_route_pickup,-4.301,-1.709,-1.000,1.500,joint_grid_transaction,6,6,1,8,2,0.000,1.00
14.848,3,en_route_pickup,2.240,3.000,-3.000,1.500,joint_grid_transaction,6,6,2,9,3,0.000,1.00
14.848,4,en_route_pickup,4.106,-2.908,0.000,3.500,joint_grid_transaction,6,6,2,9,4,0.000,1.00
14.848,5,idle,-7.000,-0.000,0.000,0.000,None,None,0,0,0,None,0.000,1.00
14.848,6,idle,7.000,0.000,0.000,0.000,None,None,0,0,0,None,0.000,1.00
14.848,7,idle,-8.500,1.200,0.000,0.000,None,None,0,0,0,None,0.000,1.00
14.848,8,idle,8.500,-1.200,0.000,0.000,None,None,0,0,0,None,0.000,1.00
15.104,1,en_route_delivery,-5.783,2.994,-3.000,-1.500,joint_grid_transaction,6,6,3,3,1,0.000,1.00
15.104,2,en_route_pickup,-4.303,-1.676,-1.000,1.500,joint_grid_transaction,6,6,2,8,2,0.000,1.00
15.104,3,en_route_pickup,2.192,3.000,-3.000,1.500,joint_grid_transaction,6,6,3,9,3,0.000,1.00
15.104,4,en_route_pickup,4.127,-2.866,0.000,3.500,joint_grid_transaction,6,6,3,9,4,0.000,1.00
15.104,5,idle,-7.000,-0.000,0.000,0.000,None,None,0,0,0,None,0.000,1.00
15.104,6,idle,7.000,0.000,0.000,0.000,None,None,0,0,0,None,0.000,1.00
15.104,7,idle,-8.500,1.200,0.000,0.000,None,None,0,0,0,None,0.000,1.00
15.104,8,idle,8.500,-1.200,0.000,0.000,None,None,0,0,0,None,0.000,1.00
15.360,1,en_route_delivery,-5.763,3.001,-3.000,-1.500,joint_grid_transaction,7,7,1,9,1,0.000,1.00
15.360,2,en_route_pickup,-4.305,-1.644,-1.000,1.500,joint_grid_transaction,7,7,2,9,2,0.000,1.00
15.360,3,en_route_pickup,2.144,3.000,-3.000,1.500,joint_grid_transaction,7,7,2,9,3,0.000,1.00
15.360,4,en_route_pickup,4.128,-2.865,0.000,3.500,joint_grid_transaction,7,7,1,8,4,0.000,1.00
15.360,5,idle,-7.000,-0.000,0.000,0.000,None,None,0,0,0,None,0.000,1.00
15.360,6,idle,7.000,0.000,0.000,0.000,None,None,0,0,0,None,0.000,1.00
15.360,7,idle,-8.500,1.200,0.000,0.000,None,None,0,0,0,None,0.000,1.00
15.360,8,idle,8.500,-1.200,0.000,0.000,None,None,0,0,0,None,0.000,1.00
15.616,1,en_route_delivery,-5.736,3.022,-3.000,-1.500,joint_grid_transaction,7,7,1,9,1,0.000,1.00
15.616,2,en_route_pickup,-4.307,-1.612,-1.000,1.500,joint_grid_transaction,7,7,2,9,2,0.000,1.00
15.616,3,en_route_pickup,2.096,3.000,-3.000,1.500,joint_grid_transaction,7,7,2,9,3,0.000,1.00
15.616,4,en_route_pickup,4.128,-2.865,0.000,3.500,joint_grid_transaction,7,7,1,8,4,0.000,1.00
15.616,5,idle,-7.000,-0.000,0.000,0.000,None,None,0,0,0,None,0.000,1.00
15.616,6,idle,7.000,0.000,0.000,0.000,None,None,0,0,0,None,0.000,1.00
15.616,7,idle,-8.500,1.200,0.000,0.000,None,None,0,0,0,None,0.000,1.00
15.616,8,idle,8.500,-1.200,0.000,0.000,None,None,0,0,0,None,0.000,1.00
15.872,1,en_route_delivery,-5.711,3.049,-3.000,-1.500,joint_grid_transaction,7,7,2,9,1,0.000,1.00
15.872,2,en_route_pickup,-4.310,-1.582,-1.000,1.500,joint_grid_transaction,7,7,2,9,2,0.000,1.00
15.872,3,en_route_pickup,2.049,3.000,-3.000,1.500,joint_grid_transaction,7,7,2,9,3,0.000,1.00
15.872,4,en_route_pickup,4.128,-2.865,0.000,3.500,joint_grid_transaction,7,7,1,8,4,0.000,1.00
15.872,5,idle,-7.000,-0.000,0.000,0.000,None,None,0,0,0,None,0.000,1.00
15.872,6,idle,7.000,0.000,0.000,0.000,None,None,0,0,0,None,0.000,1.00
15.872,7,idle,-8.500,1.200,0.000,0.000,None,None,0,0,0,None,0.000,1.00
15.872,8,idle,8.500,-1.200,0.000,0.000,None,None,0,0,0,None,0.000,1.00
16.128,1,en_route_delivery,-5.699,3.071,-3.000,-1.500,joint_grid_transaction,7,7,2,9,1,0.000,1.00
16.128,2,en_route_pickup,-4.312,-1.553,-1.000,1.500,joint_grid_transaction,7,7,2,9,2,0.000,1.00
16.128,3,en_route_pickup,2.001,3.000,-3.000,1.500,joint_grid_transaction,7,7,2,9,3,0.000,1.00
16.128,4,en_route_pickup,4.128,-2.865,0.000,3.500,joint_grid_transaction,7,7,1,8,4,0.000,1.00
16.128,5,idle,-7.000,-0.000,0.000,0.000,None,None,0,0,0,None,0.000,1.00
16.128,6,idle,7.000,0.000,0.000,0.000,None,None,0,0,0,None,0.000,1.00
16.128,7,idle,-8.500,1.200,0.000,0.000,None,None,0,0,0,None,0.000,1.00
16.128,8,idle,8.500,-1.200,0.000,0.000,None,None,0,0,0,None,0.000,1.00
16.384,1,en_route_delivery,-5.697,3.073,-3.000,-1.500,joint_grid_transaction,7,7,2,9,1,0.000,1.00
16.384,2,en_route_pickup,-4.314,-1.526,-1.000,1.500,joint_grid_transaction,7,7,2,9,2,0.000,1.00
16.384,3,en_route_pickup,1.953,3.000,-3.000,1.500,joint_grid_transaction,7,7,3,9,3,0.000,1.00
16.384,4,en_route_pickup,4.132,-2.856,0.000,3.500,joint_grid_transaction,7,7,2,8,4,0.000,1.00
16.384,5,idle,-7.000,-0.000,0.000,0.000,None,None,0,0,0,None,0.000,1.00
16.384,6,idle,7.000,0.000,0.000,0.000,None,None,0,0,0,None,0.000,1.00
16.384,7,idle,-8.500,1.200,0.000,0.000,None,None,0,0,0,None,0.000,1.00
16.384,8,idle,8.500,-1.200,0.000,0.000,None,None,0,0,0,None,0.000,1.00
16.640,1,en_route_delivery,-5.689,3.053,-3.000,-1.500,joint_grid_transaction,7,7,2,9,1,0.000,1.00
16.640,2,en_route_pickup,-4.315,-1.505,-1.000,1.500,joint_grid_transaction,7,7,2,9,2,0.000,1.00
16.640,3,en_route_pickup,1.905,3.000,-3.000,1.500,joint_grid_transaction,7,7,3,9,3,0.000,1.00
16.640,4,en_route_pickup,4.152,-2.813,0.000,3.500,joint_grid_transaction,7,7,2,8,4,0.000,1.00
16.640,5,idle,-7.000,-0.000,0.000,0.000,None,None,0,0,0,None,0.000,1.00
16.640,6,idle,7.000,0.000,0.000,0.000,None,None,0,0,0,None,0.000,1.00
16.640,7,idle,-8.500,1.200,0.000,0.000,None,None,0,0,0,None,0.000,1.00
16.640,8,idle,8.500,-1.200,0.000,0.000,None,None,0,0,0,None,0.000,1.00
16.896,1,en_route_delivery,-5.668,3.026,-3.000,-1.500,joint_grid_transaction,7,7,2,9,1,0.000,1.00
16.896,2,en_route_pickup,-4.315,-1.483,-1.000,1.500,joint_grid_transaction,7,7,2,9,2,0.000,1.00
16.896,3,en_route_pickup,1.857,3.000,-3.000,1.500,joint_grid_transaction,7,7,3,9,3,0.000,1.00
16.896,4,en_route_pickup,4.169,-2.768,0.000,3.500,joint_grid_transaction,7,7,2,8,4,0.000,1.00
16.896,5,idle,-7.000,-0.000,0.000,0.000,None,None,0,0,0,None,0.000,1.00
16.896,6,idle,7.000,0.000,0.000,0.000,None,None,0,0,0,None,0.000,1.00
16.896,7,idle,-8.500,1.200,0.000,0.000,None,None,0,0,0,None,0.000,1.00
16.896,8,idle,8.500,-1.200,0.000,0.000,None,None,0,0,0,None,0.000,1.00
17.152,1,en_route_delivery,-5.644,3.003,-3.000,-1.500,joint_grid_transaction,7,7,2,9,1,0.000,1.00
17.152,2,en_route_pickup,-4.315,-1.462,-1.000,1.500,joint_grid_transaction,7,7,2,9,2,0.000,1.00
17.152,3,en_route_pickup,1.809,3.000,-3.000,1.500,joint_grid_transaction,7,7,3,9,3,0.000,1.00
17.152,4,en_route_pickup,4.185,-2.724,0.000,3.500,joint_grid_transaction,7,7,2,8,4,0.000,1.00
17.152,5,idle,-7.000,-0.000,0.000,0.000,None,None,0,0,0,None,0.000,1.00
17.152,6,idle,7.000,0.000,0.000,0.000,None,None,0,0,0,None,0.000,1.00
17.152,7,idle,-8.500,1.200,0.000,0.000,None,None,0,0,0,None,0.000,1.00
17.152,8,idle,8.500,-1.200,0.000,0.000,None,None,0,0,0,None,0.000,1.00
17.408,1,en_route_delivery,-5.629,2.994,-3.000,-1.500,joint_grid_transaction,7,7,2,9,1,0.000,1.00
17.408,2,en_route_pickup,-4.315,-1.426,-1.000,1.500,joint_grid_transaction,7,7,3,9,2,0.000,1.00
17.408,3,en_route_pickup,1.761,3.000,-3.000,1.500,joint_grid_transaction,7,7,3,9,3,0.000,1.00
17.408,4,en_route_pickup,4.189,-2.709,0.000,3.500,joint_grid_transaction,7,7,2,8,4,0.000,1.00
17.408,5,idle,-7.000,-0.000,0.000,0.000,None,None,0,0,0,None,0.000,1.00
17.408,6,idle,7.000,0.000,0.000,0.000,None,None,0,0,0,None,0.000,1.00
17.408,7,idle,-8.500,1.200,0.000,0.000,None,None,0,0,0,None,0.000,1.00
17.408,8,idle,8.500,-1.200,0.000,0.000,None,None,0,0,0,None,0.000,1.00
17.664,1,en_route_delivery,-5.610,2.996,-3.000,-1.500,joint_grid_transaction,7,7,2,9,1,0.000,1.00
17.664,2,en_route_pickup,-4.315,-1.389,-1.000,1.500,joint_grid_transaction,7,7,3,9,2,0.000,1.00
17.664,3,en_route_pickup,1.714,3.000,-3.000,1.500,joint_grid_transaction,7,7,3,9,3,0.000,1.00
17.664,4,en_route_pickup,4.197,-2.688,0.000,3.500,joint_grid_transaction,7,7,3,8,4,0.000,1.00
17.664,5,idle,-7.000,-0.000,0.000,0.000,None,None,0,0,0,None,0.000,1.00
17.664,6,idle,7.000,0.000,0.000,0.000,None,None,0,0,0,None,0.000,1.00
17.664,7,idle,-8.500,1.200,0.000,0.000,None,None,0,0,0,None,0.000,1.00
17.664,8,idle,8.500,-1.200,0.000,0.000,None,None,0,0,0,None,0.000,1.00
17.920,1,en_route_delivery,-5.564,3.007,-3.000,-1.500,joint_grid_transaction,7,7,2,9,1,0.000,1.00
17.920,2,en_route_pickup,-4.315,-1.353,-1.000,1.500,joint_grid_transaction,7,7,3,9,2,0.000,1.00
17.920,3,en_route_pickup,1.666,3.000,-3.000,1.500,joint_grid_transaction,7,7,4,9,3,0.000,1.00
17.920,4,en_route_pickup,4.209,-2.642,0.000,3.500,joint_grid_transaction,7,7,3,8,4,0.000,1.00
17.920,5,idle,-7.000,-0.000,0.000,0.000,None,None,0,0,0,None,0.000,1.00
17.920,6,idle,7.000,0.000,0.000,0.000,None,None,0,0,0,None,0.000,1.00
17.920,7,idle,-8.500,1.200,0.000,0.000,None,None,0,0,0,None,0.000,1.00
17.920,8,idle,8.500,-1.200,0.000,0.000,None,None,0,0,0,None,0.000,1.00
18.176,1,en_route_delivery,-5.518,3.013,-3.000,-1.500,joint_grid_transaction,7,7,2,9,1,0.000,1.00
18.176,2,en_route_pickup,-4.314,-1.319,-1.000,1.500,joint_grid_transaction,7,7,3,9,2,0.000,1.00
18.176,3,en_route_pickup,1.618,3.000,-3.000,1.500,joint_grid_transaction,7,7,4,9,3,0.000,1.00
18.176,4,en_route_pickup,4.218,-2.595,0.000,3.500,joint_grid_transaction,7,7,3,8,4,0.000,1.00
18.176,5,idle,-7.000,-0.000,0.000,0.000,None,None,0,0,0,None,0.000,1.00
18.176,6,idle,7.000,0.000,0.000,0.000,None,None,0,0,0,None,0.000,1.00
18.176,7,idle,-8.500,1.200,0.000,0.000,None,None,0,0,0,None,0.000,1.00
18.176,8,idle,8.500,-1.200,0.000,0.000,None,None,0,0,0,None,0.000,1.00
18.432,1,en_route_delivery,-5.475,3.016,-3.000,-1.500,joint_grid_transaction,7,7,2,9,1,0.000,1.00
18.432,2,en_route_pickup,-4.314,-1.285,-1.000,1.500,joint_grid_transaction,7,7,3,9,2,0.000,1.00
18.432,3,en_route_pickup,1.570,3.000,-3.000,1.500,joint_grid_transaction,7,7,4,9,3,0.000,1.00
18.432,4,en_route_pickup,4.226,-2.548,0.000,3.500,joint_grid_transaction,7,7,3,8,4,0.000,1.00
18.432,5,idle,-7.000,-0.000,0.000,0.000,None,None,0,0,0,None,0.000,1.00
18.432,6,idle,7.000,0.000,0.000,0.000,None,None,0,0,0,None,0.000,1.00
18.432,7,idle,-8.500,1.200,0.000,0.000,None,None,0,0,0,None,0.000,1.00
18.432,8,idle,8.500,-1.200,0.000,0.000,None,None,0,0,0,None,0.000,1.00
18.688,1,en_route_delivery,-5.436,3.018,-3.000,-1.500,joint_grid_transaction,7,7,3,9,1,0.000,1.00
18.688,2,en_route_pickup,-4.313,-1.252,-1.000,1.500,joint_grid_transaction,7,7,3,9,2,0.000,1.00
18.688,3,en_route_pickup,1.522,3.000,-3.000,1.500,joint_grid_transaction,7,7,4,9,3,0.000,1.00
18.688,4,en_route_pickup,4.232,-2.501,0.000,3.500,joint_grid_transaction,7,7,3,8,4,0.000,1.00
18.688,5,idle,-7.000,-0.000,0.000,0.000,None,None,0,0,0,None,0.000,1.00
18.688,6,idle,7.000,0.000,0.000,0.000,None,None,0,0,0,None,0.000,1.00
18.688,7,idle,-8.500,1.200,0.000,0.000,None,None,0,0,0,None,0.000,1.00
18.688,8,idle,8.500,-1.200,0.000,0.000,None,None,0,0,0,None,0.000,1.00
18.944,1,en_route_delivery,-5.396,3.021,-3.000,-1.500,joint_grid_transaction,7,7,3,9,1,0.000,1.00
18.944,2,en_route_pickup,-4.312,-1.221,-1.000,1.500,joint_grid_transaction,7,7,3,9,2,0.000,1.00
18.944,3,en_route_pickup,1.474,3.000,-3.000,1.500,joint_grid_transaction,7,7,4,9,3,0.000,1.00
18.944,4,en_route_pickup,4.236,-2.454,0.000,3.500,joint_grid_transaction,7,7,4,8,4,0.000,1.00
18.944,5,idle,-7.000,-0.000,0.000,0.000,None,None,0,0,0,None,0.000,1.00
18.944,6,idle,7.000,0.000,0.000,0.000,None,None,0,0,0,None,0.000,1.00
18.944,7,idle,-8.500,1.200,0.000,0.000,None,None,0,0,0,None,0.000,1.00
18.944,8,idle,8.500,-1.200,0.000,0.000,None,None,0,0,0,None,0.000,1.00
19.200,1,en_route_delivery,-5.358,3.023,-3.000,-1.500,joint_grid_transaction,8,7,3,9,1,0.000,1.00
19.200,2,en_route_pickup,-4.310,-1.183,-1.000,1.500,joint_grid_transaction,8,7,4,9,2,0.000,1.00
19.200,3,en_route_pickup,1.426,3.000,-3.000,1.500,joint_grid_transaction,8,7,5,9,3,0.000,1.00
19.200,4,en_route_pickup,4.241,-2.411,0.000,3.500,joint_grid_transaction,8,7,4,9,4,0.000,1.00
19.200,5,idle,-7.000,-0.000,0.000,0.000,None,None,0,0,0,None,0.000,1.00
19.200,6,idle,7.000,0.000,0.000,0.000,None,None,0,0,0,None,0.000,1.00
19.200,7,idle,-8.500,1.200,0.000,0.000,None,None,0,0,0,None,0.000,1.00
19.200,8,idle,8.500,-1.200,0.000,0.000,None,None,0,0,0,None,0.000,1.00
19.456,1,en_route_delivery,-5.320,3.026,-3.000,-1.500,joint_grid_transaction,8,8,2,9,1,0.000,1.00
19.456,2,en_route_pickup,-4.308,-1.141,-1.000,1.500,joint_grid_transaction,8,8,2,9,2,0.000,1.00
19.456,3,en_route_pickup,1.378,3.000,-3.000,1.500,joint_grid_transaction,8,8,2,9,3,0.000,1.00
19.456,4,en_route_pickup,4.245,-2.369,0.000,3.500,joint_grid_transaction,8,8,2,9,4,0.000,1.00
19.456,5,idle,-7.000,-0.000,0.000,0.000,None,None,0,0,0,None,0.000,1.00
19.456,6,idle,7.000,0.000,0.000,0.000,None,None,0,0,0,None,0.000,1.00
19.456,7,idle,-8.500,1.200,0.000,0.000,None,None,0,0,0,None,0.000,1.00
19.456,8,idle,8.500,-1.200,0.000,0.000,None,None,0,0,0,None,0.000,1.00
19.712,1,en_route_delivery,-5.284,3.028,-3.000,-1.500,joint_grid_transaction,8,8,2,9,1,0.000,1.00
19.712,2,en_route_pickup,-4.305,-1.098,-1.000,1.500,joint_grid_transaction,8,8,2,9,2,0.000,1.00
19.712,3,en_route_pickup,1.331,3.000,-3.000,1.500,joint_grid_transaction,8,8,2,9,3,0.000,1.00
19.712,4,en_route_pickup,4.248,-2.327,0.000,3.500,joint_grid_transaction,8,8,2,9,4,0.000,1.00
19.712,5,idle,-7.000,-0.000,0.000,0.000,None,None,0,0,0,None,0.000,1.00
19.712,6,idle,7.000,0.000,0.000,0.000,None,None,0,0,0,None,0.000,1.00
19.712,7,idle,-8.500,1.200,0.000,0.000,None,None,0,0,0,None,0.000,1.00
19.712,8,idle,8.500,-1.200,0.000,0.000,None,None,0,0,0,None,0.000,1.00
19.968,1,en_route_delivery,-5.249,3.030,-3.000,-1.500,joint_grid_transaction,8,8,2,9,1,0.000,1.00
19.968,2,en_route_pickup,-4.301,-1.054,-1.000,1.500,joint_grid_transaction,8,8,2,9,2,0.000,1.00
19.968,3,en_route_pickup,1.283,3.000,-3.000,1.500,joint_grid_transaction,8,8,2,9,3,0.000,1.00
19.968,4,en_route_pickup,4.252,-2.286,0.000,3.500,joint_grid_transaction,8,8,2,9,4,0.000,1.00
19.968,5,idle,-7.000,-0.000,0.000,0.000,None,None,0,0,0,None,0.000,1.00
19.968,6,idle,7.000,0.000,0.000,0.000,None,None,0,0,0,None,0.000,1.00
19.968,7,idle,-8.500,1.200,0.000,0.000,None,None,0,0,0,None,0.000,1.00
19.968,8,idle,8.500,-1.200,0.000,0.000,None,None,0,0,0,None,0.000,1.00
20.224,1,en_route_delivery,-5.218,3.032,-3.000,-1.500,joint_grid_transaction,8,8,2,9,1,0.000,1.00
20.224,2,en_route_pickup,-4.297,-1.007,-1.000,1.500,joint_grid_transaction,8,8,2,9,2,0.000,1.00
20.224,3,en_route_pickup,1.235,3.000,-3.000,1.500,joint_grid_transaction,8,8,2,9,3,0.000,1.00
20.224,4,en_route_pickup,4.256,-2.246,0.000,3.500,joint_grid_transaction,8,8,2,9,4,0.000,1.00
20.224,5,idle,-7.000,-0.000,0.000,0.000,None,None,0,0,0,None,0.000,1.00
20.224,6,idle,7.000,0.000,0.000,0.000,None,None,0,0,0,None,0.000,1.00
20.224,7,idle,-8.500,1.200,0.000,0.000,None,None,0,0,0,None,0.000,1.00
20.224,8,idle,8.500,-1.200,0.000,0.000,None,None,0,0,0,None,0.000,1.00
20.480,1,en_route_delivery,-5.197,3.034,-3.000,-1.500,joint_grid_transaction,8,8,3,9,1,0.000,1.00
20.480,2,en_route_pickup,-4.291,-0.960,-1.000,1.500,joint_grid_transaction,8,8,2,9,2,0.000,1.00
20.480,3,en_route_pickup,1.192,3.000,-3.000,1.500,joint_grid_transaction,8,8,3,9,3,0.000,1.00
20.480,4,en_route_pickup,4.259,-2.207,0.000,3.500,joint_grid_transaction,8,8,2,9,4,0.000,1.00
20.480,5,idle,-7.000,-0.000,0.000,0.000,None,None,0,0,0,None,0.000,1.00
20.480,6,idle,7.000,0.000,0.000,0.000,None,None,0,0,0,None,0.000,1.00
20.480,7,idle,-8.500,1.200,0.000,0.000,None,None,0,0,0,None,0.000,1.00
20.480,8,idle,8.500,-1.200,0.000,0.000,None,None,0,0,0,None,0.000,1.00
20.736,1,en_route_delivery,-5.161,3.037,-3.000,-1.500,joint_grid_transaction,8,8,3,9,1,0.000,1.00
20.736,2,en_route_pickup,-4.285,-0.914,-1.000,1.500,joint_grid_transaction,8,8,3,9,2,0.000,1.00
20.736,3,en_route_pickup,1.144,3.000,-3.000,1.500,joint_grid_transaction,8,8,3,9,3,0.000,1.00
20.736,4,en_route_pickup,4.263,-2.168,0.000,3.500,joint_grid_transaction,8,8,3,9,4,0.000,1.00
20.736,5,idle,-7.000,-0.000,0.000,0.000,None,None,0,0,0,None,0.000,1.00
20.736,6,idle,7.000,0.000,0.000,0.000,None,None,0,0,0,None,0.000,1.00
20.736,7,idle,-8.500,1.200,0.000,0.000,None,None,0,0,0,None,0.000,1.00
20.736,8,idle,8.500,-1.200,0.000,0.000,None,None,0,0,0,None,0.000,1.00
20.992,1,en_route_delivery,-5.125,3.039,-3.000,-1.500,joint_grid_transaction,8,8,3,9,1,0.000,1.00
20.992,2,en_route_pickup,-4.279,-0.866,-1.000,1.500,joint_grid_transaction,8,8,3,9,2,0.000,1.00
20.992,3,en_route_pickup,1.096,3.000,-3.000,1.500,joint_grid_transaction,8,8,3,9,3,0.000,1.00
20.992,4,en_route_pickup,4.267,-2.130,0.000,3.500,joint_grid_transaction,8,8,3,9,4,0.000,1.00
20.992,5,idle,-7.000,-0.000,0.000,0.000,None,None,0,0,0,None,0.000,1.00
20.992,6,idle,7.000,0.000,0.000,0.000,None,None,0,0,0,None,0.000,1.00
20.992,7,idle,-8.500,1.200,0.000,0.000,None,None,0,0,0,None,0.000,1.00
20.992,8,idle,8.500,-1.200,0.000,0.000,None,None,0,0,0,None,0.000,1.00
21.248,1,en_route_delivery,-5.091,3.042,-3.000,-1.500,joint_grid_transaction,8,8,3,9,1,0.000,1.00
21.248,2,en_route_pickup,-4.274,-0.820,-1.000,1.500,joint_grid_transaction,8,8,3,9,2,0.000,1.00
21.248,3,en_route_pickup,1.048,3.000,-3.000,1.500,joint_grid_transaction,8,8,3,9,3,0.000,1.00
21.248,4,en_route_pickup,4.270,-2.092,0.000,3.500,joint_grid_transaction,8,8,3,9,4,0.000,1.00
21.248,5,idle,-7.000,-0.000,0.000,0.000,None,None,0,0,0,None,0.000,1.00
21.248,6,idle,7.000,0.000,0.000,0.000,None,None,0,0,0,None,0.000,1.00
21.248,7,idle,-8.500,1.200,0.000,0.000,None,None,0,0,0,None,0.000,1.00
21.248,8,idle,8.500,-1.200,0.000,0.000,None,None,0,0,0,None,0.000,1.00
21.504,1,en_route_delivery,-5.058,3.044,-3.000,-1.500,joint_grid_transaction,8,8,3,9,1,0.000,1.00
21.504,2,en_route_pickup,-4.270,-0.774,-1.000,1.500,joint_grid_transaction,8,8,3,9,2,0.000,1.00
21.504,3,en_route_pickup,1.000,3.000,-3.000,1.500,joint_grid_transaction,8,8,3,9,3,0.000,1.00
21.504,4,en_route_pickup,4.273,-2.056,0.000,3.500,joint_grid_transaction,8,8,3,9,4,0.000,1.00
21.504,5,idle,-7.000,-0.000,0.000,0.000,None,None,0,0,0,None,0.000,1.00
21.504,6,idle,7.000,0.000,0.000,0.000,None,None,0,0,0,None,0.000,1.00
21.504,7,idle,-8.500,1.200,0.000,0.000,None,None,0,0,0,None,0.000,1.00
21.504,8,idle,8.500,-1.200,0.000,0.000,None,None,0,0,0,None,0.000,1.00
21.760,1,en_route_delivery,-5.027,3.046,-3.000,-1.500,joint_grid_transaction,8,8,3,9,1,0.000,1.00
21.760,2,en_route_pickup,-4.265,-0.729,-1.000,1.500,joint_grid_transaction,8,8,3,9,2,0.000,1.00
21.760,3,en_route_pickup,0.953,3.000,-3.000,1.500,joint_grid_transaction,8,8,3,9,3,0.000,1.00
21.760,4,en_route_pickup,4.276,-2.021,0.000,3.500,joint_grid_transaction,8,8,3,9,4,0.000,1.00
21.760,5,idle,-7.000,-0.000,0.000,0.000,None,None,0,0,0,None,0.000,1.00
21.760,6,idle,7.000,0.000,0.000,0.000,None,None,0,0,0,None,0.000,1.00
21.760,7,idle,-8.500,1.200,0.000,0.000,None,None,0,0,0,None,0.000,1.00
21.760,8,idle,8.500,-1.200,0.000,0.000,None,None,0,0,0,None,0.000,1.00
22.016,1,en_route_delivery,-4.998,3.048,-3.000,-1.500,joint_grid_transaction,8,8,3,9,1,0.000,1.00
22.016,2,en_route_pickup,-4.261,-0.685,-1.000,1.500,joint_grid_transaction,8,8,4,9,2,0.000,1.00
22.016,3,en_route_pickup,0.905,3.000,-3.000,1.500,joint_grid_transaction,8,8,4,9,3,0.000,1.00
22.016,4,en_route_pickup,4.279,-1.988,0.000,3.500,joint_grid_transaction,8,8,3,9,4,0.000,1.00
22.016,5,idle,-7.000,-0.000,0.000,0.000,None,None,0,0,0,None,0.000,1.00
22.016,6,idle,7.000,0.000,0.000,0.000,None,None,0,0,0,None,0.000,1.00
22.016,7,idle,-8.500,1.200,0.000,0.000,None,None,0,0,0,None,0.000,1.00
22.016,8,idle,8.500,-1.200,0.000,0.000,None,None,0,0,0,None,0.000,1.00
22.272,1,en_route_delivery,-4.971,3.050,-3.000,-1.500,joint_grid_transaction,8,8,3,9,1,0.000,1.00
22.272,2,en_route_pickup,-4.257,-0.643,-1.000,1.500,joint_grid_transaction,8,8,4,9,2,0.000,1.00
22.272,3,en_route_pickup,0.857,3.000,-3.000,1.500,joint_grid_transaction,8,8,4,9,3,0.000,1.00
22.272,4,en_route_pickup,4.282,-1.955,0.000,3.500,joint_grid_transaction,8,8,4,9,4,0.000,1.00
22.272,5,idle,-7.000,-0.000,0.000,0.000,None,None,0,0,0,None,0.000,1.00
22.272,6,idle,7.000,0.000,0.000,0.000,None,None,0,0,0,None,0.000,1.00
22.272,7,idle,-8.500,1.200,0.000,0.000,None,None,0,0,0,None,0.000,1.00
22.272,8,idle,8.500,-1.200,0.000,0.000,None,None,0,0,0,None,0.000,1.00
22.528,1,en_route_delivery,-4.941,3.052,-3.000,-1.500,joint_grid_transaction,8,8,4,9,1,0.000,1.00
22.528,2,en_route_pickup,-4.253,-0.602,-1.000,1.500,joint_grid_transaction,8,8,4,9,2,0.000,1.00
22.528,3,en_route_pickup,0.809,3.000,-3.000,1.500,joint_grid_transaction,8,8,4,9,3,0.000,1.00
22.528,4,en_route_pickup,4.286,-1.920,0.000,3.500,joint_grid_transaction,8,8,4,9,4,0.000,1.00
22.528,5,idle,-7.000,-0.000,0.000,0.000,None,None,0,0,0,None,0.000,1.00
22.528,6,idle,7.000,0.000,0.000,0.000,None,None,0,0,0,None,0.000,1.00
22.528,7,idle,-8.500,1.200,0.000,0.000,None,None,0,0,0,None,0.000,1.00
22.528,8,idle,8.500,-1.200,0.000,0.000,None,None,0,0,0,None,0.000,1.00
22.784,1,en_route_delivery,-4.907,3.055,-3.000,-1.500,joint_grid_transaction,8,8,4,9,1,0.000,1.00
22.784,2,en_route_pickup,-4.249,-0.561,-1.000,1.500,joint_grid_transaction,8,8,4,9,2,0.000,1.00
22.784,3,en_route_pickup,0.761,3.000,-3.000,1.500,joint_grid_transaction,8,8,4,9,3,0.000,1.00
22.784,4,en_route_pickup,4.289,-1.886,0.000,3.500,joint_grid_transaction,8,8,4,9,4,0.000,1.00
22.784,5,idle,-7.000,-0.000,0.000,0.000,None,None,0,0,0,None,0.000,1.00
22.784,6,idle,7.000,0.000,0.000,0.000,None,None,0,0,0,None,0.000,1.00
22.784,7,idle,-8.500,1.200,0.000,0.000,None,None,0,0,0,None,0.000,1.00
22.784,8,idle,8.500,-1.200,0.000,0.000,None,None,0,0,0,None,0.000,1.00
23.040,1,en_route_delivery,-4.875,3.057,-3.000,-1.500,joint_grid_transaction,8,8,4,9,1,0.000,1.00
23.040,2,en_route_pickup,-4.245,-0.521,-1.000,1.500,joint_grid_transaction,8,8,4,9,2,0.000,1.00
23.040,3,en_route_pickup,0.713,3.000,-3.000,1.500,joint_grid_transaction,8,8,4,9,3,0.000,1.00
23.040,4,en_route_pickup,4.292,-1.853,0.000,3.500,joint_grid_transaction,8,8,4,9,4,0.000,1.00
23.040,5,idle,-7.000,-0.000,0.000,0.000,None,None,0,0,0,None,0.000,1.00
23.040,6,idle,7.000,0.000,0.000,0.000,None,None,0,0,0,None,0.000,1.00
23.040,7,idle,-8.500,1.200,0.000,0.000,None,None,0,0,0,None,0.000,1.00
23.040,8,idle,8.500,-1.200,0.000,0.000,None,None,0,0,0,None,0.000,1.00
23.296,1,en_route_delivery,-4.845,3.059,-3.000,-1.500,joint_grid_transaction,9,9,2,9,1,0.000,1.00
23.296,2,en_route_pickup,-4.241,-0.482,-1.000,1.500,joint_grid_transaction,9,9,1,9,2,0.000,1.00
23.296,3,en_route_pickup,0.665,3.000,-3.000,1.500,joint_grid_transaction,9,9,2,9,3,0.000,1.00
23.296,4,en_route_pickup,4.295,-1.821,0.000,3.500,joint_grid_transaction,9,9,1,8,4,0.000,1.00
23.296,5,en_route_pickup,-7.000,-0.000,1.000,1.500,None,None,0,0,5,5,0.000,1.00
23.296,6,idle,7.000,0.000,0.000,0.000,None,None,0,0,0,None,0.000,1.00
23.296,7,idle,-8.500,1.200,0.000,0.000,None,None,0,0,0,None,0.000,1.00
23.296,8,idle,8.500,-1.200,0.000,0.000,None,None,0,0,0,None,0.000,1.00
23.552,1,en_route_delivery,-4.815,3.061,-3.000,-1.500,joint_grid_transaction,9,9,2,9,1,0.000,1.00
23.552,2,en_route_pickup,-4.237,-0.444,-1.000,1.500,joint_grid_transaction,9,9,2,9,2,0.000,1.00
23.552,3,en_route_pickup,0.618,3.000,-3.000,1.500,joint_grid_transaction,9,9,2,9,3,0.000,1.00
23.552,4,en_route_pickup,4.297,-1.791,0.000,3.500,joint_grid_transaction,9,9,1,8,4,0.000,1.00
23.552,5,en_route_pickup,-7.000,-0.000,1.000,1.500,None,None,0,0,5,5,0.000,1.00
23.552,6,idle,7.000,0.000,0.000,0.000,None,None,0,0,0,None,0.000,1.00
23.552,7,returning_home,-8.500,1.200,-7.000,0.000,None,None,0,0,2,None,0.000,1.00
23.552,8,idle,8.500,-1.200,0.000,0.000,None,None,0,0,0,None,0.000,1.00
23.808,1,en_route_delivery,-4.787,3.063,-3.000,-1.500,joint_grid_transaction,9,9,2,9,1,0.000,1.00
23.808,2,en_route_pickup,-4.234,-0.406,-1.000,1.500,joint_grid_transaction,9,9,2,9,2,0.000,1.00
23.808,3,en_route_pickup,0.570,3.000,-3.000,1.500,joint_grid_transaction,9,9,2,9,3,0.000,1.00
23.808,4,en_route_pickup,4.300,-1.762,0.000,3.500,joint_grid_transaction,9,9,1,8,4,0.000,1.00
23.808,5,en_route_pickup,-7.000,-0.000,1.000,1.500,None,None,0,0,5,5,0.000,1.00
23.808,6,idle,7.000,0.000,0.000,0.000,None,None,0,0,0,None,0.000,1.00
23.808,7,returning_home,-8.500,1.200,-7.000,0.000,None,None,0,0,2,None,0.000,1.00
23.808,8,idle,8.500,-1.200,0.000,0.000,None,None,0,0,0,None,0.000,1.00
24.064,1,en_route_delivery,-4.763,3.064,-3.000,-1.500,joint_grid_transaction,9,9,2,9,1,0.000,1.00
24.064,2,en_route_pickup,-4.230,-0.368,-1.000,1.500,joint_grid_transaction,9,9,2,9,2,0.000,1.00
24.064,3,en_route_pickup,0.522,3.000,-3.000,1.500,joint_grid_transaction,9,9,2,9,3,0.000,1.00
24.064,4,en_route_pickup,4.302,-1.737,0.000,3.500,joint_grid_transaction,9,9,1,8,4,0.000,1.00
24.064,5,en_route_pickup,-7.000,-0.000,1.000,1.500,None,None,0,0,5,5,0.000,1.00
24.064,6,idle,7.000,0.000,0.000,0.000,None,None,0,0,0,None,0.000,1.00
24.064,7,returning_home,-8.500,1.200,-7.000,0.000,None,None,0,0,2,None,0.000,1.00
24.064,8,idle,8.500,-1.200,0.000,0.000,None,None,0,0,0,None,0.000,1.00
24.320,1,en_route_delivery,-4.742,3.065,-3.000,-1.500,joint_grid_transaction,9,9,2,9,1,0.000,1.00
24.320,2,en_route_pickup,-4.227,-0.332,-1.000,1.500,joint_grid_transaction,9,9,2,9,2,0.000,1.00
24.320,3,en_route_pickup,0.474,3.000,-3.000,1.500,joint_grid_transaction,9,9,2,9,3,0.000,1.00
24.320,4,en_route_pickup,4.303,-1.717,0.000,3.500,joint_grid_transaction,9,9,1,8,4,0.000,1.00
24.320,5,en_route_pickup,-7.000,-0.000,1.000,1.500,None,None,0,0,5,5,0.000,1.00
24.320,6,idle,7.000,0.000,0.000,0.000,None,None,0,0,0,None,0.000,1.00
24.320,7,returning_home,-8.500,1.200,-7.000,0.000,None,None,0,0,2,None,0.000,1.00
24.320,8,idle,8.500,-1.200,0.000,0.000,None,None,0,0,0,None,0.000,1.00
24.576,1,en_route_delivery,-4.719,3.065,-3.000,-1.500,joint_grid_transaction,9,9,2,9,1,0.000,1.00
24.576,2,en_route_pickup,-4.223,-0.297,-1.000,1.500,joint_grid_transaction,9,9,2,9,2,0.000,1.00
24.576,3,en_route_pickup,0.426,3.000,-3.000,1.500,joint_grid_transaction,9,9,3,9,3,0.000,1.00
24.576,4,en_route_pickup,4.305,-1.686,0.000,3.500,joint_grid_transaction,9,9,2,8,4,0.000,1.00
24.576,5,en_route_pickup,-7.000,-0.000,1.000,1.500,None,None,0,0,5,5,0.000,1.00
24.576,6,idle,7.000,0.000,0.000,0.000,None,None,0,0,0,None,0.000,1.00
24.576,7,returning_home,-8.500,1.200,-7.000,0.000,None,None,0,0,2,None,0.000,1.00
24.576,8,idle,8.500,-1.200,0.000,0.000,None,None,0,0,0,None,0.000,1.00
24.832,1,en_route_delivery,-4.689,3.065,-3.000,-1.500,joint_grid_transaction,9,9,3,9,1,0.000,1.00
24.832,2,en_route_pickup,-4.220,-0.263,-1.000,1.500,joint_grid_transaction,9,9,2,9,2,0.000,1.00
24.832,3,en_route_pickup,0.378,3.000,-3.000,1.500,joint_grid_transaction,9,9,3,9,3,0.000,1.00
24.832,4,en_route_pickup,4.307,-1.652,0.000,3.500,joint_grid_transaction,9,9,2,8,4,0.000,1.00
24.832,5,en_route_pickup,-7.000,-0.000,1.000,1.500,None,None,0,0,5,5,0.000,1.00
24.832,6,idle,7.000,0.000,0.000,0.000,None,None,0,0,0,None,0.000,1.00
24.832,7,returning_home,-8.500,1.200,-7.000,0.000,None,None,0,0,2,None,0.000,1.00
24.832,8,idle,8.500,-1.200,0.000,0.000,None,None,0,0,0,None,0.000,1.00
25.088,1,en_route_delivery,-4.652,3.065,-3.000,-1.500,joint_grid_transaction,9,9,3,9,1,0.000,1.00
25.088,2,en_route_pickup,-4.217,-0.232,-1.000,1.500,joint_grid_transaction,9,9,2,9,2,0.000,1.00
25.088,3,en_route_pickup,0.330,3.000,-3.000,1.500,joint_grid_transaction,9,9,3,9,3,0.000,1.00
25.088,4,en_route_pickup,4.309,-1.620,0.000,3.500,joint_grid_transaction,9,9,2,8,4,0.000,1.00
25.088,5,en_route_pickup,-7.000,-0.000,1.000,1.500,None,None,0,0,5,5,0.000,1.00
25.088,6,idle,7.000,0.000,0.000,0.000,None,None,0,0,0,None,0.000,1.00
25.088,7,returning_home,-8.500,1.200,-7.000,0.000,None,None,0,0,2,None,0.000,1.00
25.088,8,idle,8.500,-1.200,0.000,0.000,None,None,0,0,0,None,0.000,1.00
25.344,1,en_route_delivery,-4.616,3.065,-3.000,-1.500,joint_grid_transaction,9,9,3,9,1,0.000,1.00
25.344,2,en_route_pickup,-4.214,-0.199,-1.000,1.500,joint_grid_transaction,9,9,3,9,2,0.000,1.00
25.344,3,en_route_pickup,0.282,3.000,-3.000,1.500,joint_grid_transaction,9,9,3,9,3,0.000,1.00
25.344,4,en_route_pickup,4.311,-1.589,0.000,3.500,joint_grid_transaction,9,9,2,8,4,0.000,1.00
25.344,5,en_route_pickup,-7.000,-0.000,1.000,1.500,None,None,0,0,5,5,0.000,1.00
25.344,6,idle,7.000,0.000,0.000,0.000,None,None,0,0,0,None,0.000,1.00
25.344,7,returning_home,-8.500,1.200,-7.000,0.000,None,None,0,0,2,None,0.000,1.00
25.344,8,idle,8.500,-1.200,0.000,0.000,None,None,0,0,0,None,0.000,1.00
25.600,1,en_route_delivery,-4.581,3.065,-3.000,-1.500,joint_grid_transaction,9,9,3,9,1,0.000,1.00
25.600,2,en_route_pickup,-4.211,-0.165,-1.000,1.500,joint_grid_transaction,9,9,3,9,2,0.000,1.00
25.600,3,en_route_pickup,0.235,3.000,-3.000,1.500,joint_grid_transaction,9,9,3,9,3,0.000,1.00
25.600,4,en_route_pickup,4.312,-1.560,0.000,3.500,joint_grid_transaction,9,9,2,8,4,0.000,1.00
25.600,5,en_route_pickup,-7.000,-0.000,1.000,1.500,None,None,0,0,5,5,0.000,1.00
25.600,6,idle,7.000,0.000,0.000,0.000,None,None,0,0,0,None,0.000,1.00
25.600,7,returning_home,-8.500,1.200,-7.000,0.000,None,None,0,0,2,None,0.000,1.00
25.600,8,idle,8.500,-1.200,0.000,0.000,None,None,0,0,0,None,0.000,1.00
25.856,1,en_route_delivery,-4.547,3.064,-3.000,-1.500,joint_grid_transaction,9,9,3,9,1,0.000,1.00
25.856,2,en_route_pickup,-4.208,-0.131,-1.000,1.500,joint_grid_transaction,9,9,3,9,2,0.000,1.00
25.856,3,en_route_pickup,0.187,3.000,-3.000,1.500,joint_grid_transaction,9,9,4,9,3,0.000,1.00
25.856,4,en_route_pickup,4.314,-1.532,0.000,3.500,joint_grid_transaction,9,9,2,8,4,0.000,1.00
25.856,5,en_route_pickup,-7.000,-0.000,1.000,1.500,None,None,0,0,5,5,0.000,1.00
25.856,6,en_route_pickup,7.000,0.000,-1.000,-1.500,None,None,0,0,3,6,0.000,1.00
25.856,7,returning_home,-8.500,1.200,-7.000,0.000,None,None,0,0,2,None,0.000,1.00
25.856,8,idle,8.500,-1.200,0.000,0.000,None,None,0,0,0,None,0.000,1.00
26.112,1,en_route_delivery,-4.515,3.064,-3.000,-1.500,joint_grid_transaction,10,9,3,9,1,0.000,1.00
26.112,2,en_route_pickup,-4.205,-0.099,-1.000,1.500,joint_grid_transaction,10,9,3,8,2,0.000,1.00
26.112,3,en_route_pickup,0.139,3.000,-3.000,1.500,joint_grid_transaction,10,9,4,9,3,0.000,1.00
26.112,4,en_route_pickup,4.315,-1.508,0.000,3.500,joint_grid_transaction,10,9,2,9,4,0.000,1.00
26.112,5,en_route_pickup,-7.000,-0.000,1.000,1.500,joint_grid_transaction,10,0,0,9,5,0.000,1.00
26.112,6,en_route_pickup,7.000,0.000,-1.000,-1.500,None,None,0,0,3,6,0.000,1.00
26.112,7,returning_home,-8.499,1.200,-7.000,0.000,joint_grid_transaction,10,0,0,9,None,0.000,1.00
26.112,8,returning_home,8.500,-1.200,7.000,0.000,None,None,0,0,2,None,0.000,1.00
26.368,1,en_route_delivery,-4.484,3.063,-3.000,-1.500,joint_grid_transaction,10,10,1,9,1,0.000,1.00
26.368,2,en_route_pickup,-4.202,-0.068,-1.000,1.500,joint_grid_transaction,10,10,1,8,2,0.000,1.00
26.368,3,en_route_pickup,0.091,3.000,-3.000,1.500,joint_grid_transaction,10,10,2,9,3,0.000,1.00
26.368,4,en_route_pickup,4.316,-1.487,0.000,3.500,joint_grid_transaction,10,10,1,9,4,0.000,1.00
26.368,5,en_route_pickup,-6.997,-0.012,1.000,1.500,joint_grid_transaction,10,10,1,9,5,0.000,1.00
26.368,6,en_route_pickup,7.000,0.000,-1.000,-1.500,None,None,0,0,3,6,0.000,1.00
26.368,7,returning_home,-8.467,1.200,-7.000,0.000,joint_grid_transaction,10,10,1,9,None,0.000,1.00
26.368,8,returning_home,8.500,-1.200,7.000,0.000,None,None,0,0,2,None,0.000,1.00
26.624,1,en_route_delivery,-4.458,3.062,-3.000,-1.500,joint_grid_transaction,10,10,1,9,1,0.000,1.00
26.624,2,en_route_pickup,-4.199,-0.039,-1.000,1.500,joint_grid_transaction,10,10,1,8,2,0.000,1.00
26.624,3,en_route_pickup,0.043,3.000,-3.000,1.500,joint_grid_transaction,10,10,2,9,3,0.000,1.00
26.624,4,en_route_pickup,4.316,-1.465,0.000,3.500,joint_grid_transaction,10,10,1,9,4,0.000,1.00
26.624,5,en_route_pickup,-6.983,-0.036,1.000,1.500,joint_grid_transaction,10,10,1,9,5,0.000,1.00
26.624,6,en_route_pickup,7.000,0.000,-1.000,-1.500,None,None,0,0,3,6,0.000,1.00
26.624,7,returning_home,-8.429,1.200,-7.000,0.000,joint_grid_transaction,10,10,2,9,None,0.000,1.00
26.624,8,returning_home,8.500,-1.200,7.000,0.000,None,None,0,0,2,None,0.000,1.00
26.880,1,en_route_delivery,-4.471,3.058,-3.000,-1.500,joint_grid_transaction,10,10,2,9,1,0.000,1.00
26.880,2,en_route_pickup,-4.197,-0.012,-1.000,1.500,joint_grid_transaction,10,10,1,8,2,0.000,1.00
26.880,3,en_route_pickup,-0.005,3.000,-3.000,1.500,joint_grid_transaction,10,10,2,9,3,0.000,1.00
26.880,4,en_route_pickup,4.316,-1.431,0.000,3.500,joint_grid_transaction,10,10,2,9,4,0.000,1.00
26.880,5,en_route_pickup,-6.963,-0.058,1.000,1.500,joint_grid_transaction,10,10,1,9,5,0.000,1.00
26.880,6,en_route_pickup,7.000,0.000,-1.000,-1.500,None,None,0,0,3,6,0.000,1.00
26.880,7,returning_home,-8.390,1.200,-7.000,0.000,joint_grid_transaction,10,10,2,9,None,0.000,1.00
26.880,8,returning_home,8.500,-1.200,7.000,0.000,None,None,0,0,2,None,0.000,1.00
27.136,1,en_route_delivery,-4.482,3.053,-3.000,-1.500,joint_grid_transaction,11,10,2,9,1,0.000,1.00
27.136,2,en_route_pickup,-4.195,0.009,-1.000,1.500,joint_grid_transaction,11,10,1,9,2,0.000,1.00
27.136,3,en_route_pickup,-0.035,3.000,-3.000,1.500,joint_grid_transaction,11,10,2,9,3,0.000,1.00
27.136,4,en_route_pickup,4.315,-1.394,0.000,3.500,joint_grid_transaction,11,10,2,9,4,0.000,1.00
27.136,5,en_route_pickup,-6.945,-0.071,1.000,1.500,joint_grid_transaction,11,10,2,9,5,0.000,1.00
27.136,6,en_route_pickup,7.000,0.000,-1.000,-1.500,joint_grid_transaction,11,0,0,9,6,0.000,1.00
27.136,7,returning_home,-8.352,1.200,-7.000,0.000,joint_grid_transaction,11,10,2,9,None,0.000,1.00
27.136,8,returning_home,8.498,-1.200,7.000,0.000,joint_grid_transaction,11,0,0,9,None,0.000,1.00
27.392,1,en_route_delivery,-4.464,3.041,-3.000,-1.500,joint_grid_transaction,11,11,2,9,1,0.000,1.00
27.392,2,en_route_pickup,-4.194,0.031,-1.000,1.500,joint_grid_transaction,11,11,1,9,2,0.000,1.00
27.392,3,en_route_pickup,-0.082,3.000,-3.000,1.500,joint_grid_transaction,11,11,2,9,3,0.000,1.00
27.392,4,en_route_pickup,4.314,-1.356,0.000,3.500,joint_grid_transaction,11,11,2,9,4,0.000,1.00
27.392,5,en_route_pickup,-6.931,-0.074,1.000,1.500,joint_grid_transaction,11,11,2,9,5,0.000,1.00
27.392,6,en_route_pickup,6.996,0.013,-1.000,-1.500,joint_grid_transaction,11,11,1,9,6,0.000,1.00
27.392,7,returning_home,-8.314,1.201,-7.000,0.000,joint_grid_transaction,11,11,2,9,None,0.000,1.00
27.392,8,returning_home,8.465,-1.200,7.000,0.000,joint_grid_transaction,11,11,1,9,None,0.000,1.00
27.648,1,en_route_delivery,-4.464,3.028,-3.000,-1.500,joint_grid_transaction,11,11,2,9,1,0.000,1.00
27.648,2,en_route_pickup,-4.193,0.060,-1.000,1.500,joint_grid_transaction,11,11,2,9,2,0.000,1.00
27.648,3,en_route_pickup,-0.130,3.000,-3.000,1.500,joint_grid_transaction,11,11,2,9,3,0.000,1.00
27.648,4,en_route_pickup,4.313,-1.319,0.000,3.500,joint_grid_transaction,11,11,2,9,4,0.000,1.00
27.648,5,en_route_pickup,-6.888,-0.056,1.000,1.500,joint_grid_transaction,11,11,2,9,5,0.000,1.00
27.648,6,en_route_pickup,6.981,0.038,-1.000,-1.500,joint_grid_transaction,11,11,1,9,6,0.000,1.00
27.648,7,returning_home,-8.277,1.201,-7.000,0.000,joint_grid_transaction,11,11,2,9,None,0.000,1.00
27.648,8,returning_home,8.426,-1.200,7.000,0.000,joint_grid_transaction,11,11,2,9,None,0.000,1.00
27.904,1,en_route_delivery,-4.429,2.997,-3.000,-1.500,joint_grid_transaction,11,11,2,9,1,0.000,1.00
27.904,2,en_route_pickup,-4.192,0.093,-1.000,1.500,joint_grid_transaction,11,11,2,9,2,0.000,1.00
27.904,3,en_route_pickup,-0.178,3.000,-3.000,1.500,joint_grid_transaction,11,11,2,9,3,0.000,1.00
27.904,4,en_route_pickup,4.310,-1.281,0.000,3.500,joint_grid_transaction,11,11,2,9,4,0.000,1.00
27.904,5,en_route_pickup,-6.843,-0.043,1.000,1.500,joint_grid_transaction,11,11,2,9,5,0.000,1.00
27.904,6,en_route_pickup,6.962,0.059,-1.000,-1.500,joint_grid_transaction,11,11,1,9,6,0.000,1.00
27.904,7,returning_home,-8.240,1.202,-7.000,0.000,joint_grid_transaction,11,11,2,9,None,0.000,1.00
27.904,8,returning_home,8.387,-1.200,7.000,0.000,joint_grid_transaction,11,11,2,9,None,0.000,1.00
28.160,1,en_route_delivery,-4.396,2.963,-3.000,-1.500,joint_grid_transaction,11,11,2,9,1,0.000,1.00
28.160,2,en_route_pickup,-4.190,0.125,-1.000,1.500,joint_grid_transaction,11,11,2,9,2,0.000,1.00
28.160,3,en_route_pickup,-0.226,3.000,-3.000,1.500,joint_grid_transaction,11,11,2,9,3,0.000,1.00
28.160,4,en_route_pickup,4.307,-1.243,0.000,3.500,joint_grid_transaction,11,11,2,9,4,0.000,1.00
28.160,5,en_route_pickup,-6.797,-0.032,1.000,1.500,joint_grid_transaction,11,11,2,9,5,0.000,1.00
28.160,6,en_route_pickup,6.945,0.073,-1.000,-1.500,joint_grid_transaction,11,11,2,9,6,0.000,1.00
28.160,7,returning_home,-8.214,1.203,-7.000,0.000,joint_grid_transaction,11,11,2,9,None,0.000,1.00
28.160,8,returning_home,8.349,-1.200,7.000,0.000,joint_grid_transaction,11,11,2,9,None,0.000,1.00
28.416,1,en_route_delivery,-4.369,2.929,-3.000,-1.500,joint_grid_transaction,11,11,2,9,1,0.000,1.00
28.416,2,en_route_pickup,-4.188,0.156,-1.000,1.500,joint_grid_transaction,11,11,2,9,2,0.000,1.00
28.416,3,en_route_pickup,-0.273,3.000,-3.000,1.500,joint_grid_transaction,11,11,2,9,3,0.000,1.00
28.416,4,en_route_pickup,4.303,-1.203,0.000,3.500,joint_grid_transaction,11,11,2,9,4,0.000,1.00
28.416,5,en_route_pickup,-6.750,-0.023,1.000,1.500,joint_grid_transaction,11,11,2,9,5,0.000,1.00
28.416,6,en_route_pickup,6.930,0.075,-1.000,-1.500,joint_grid_transaction,11,11,2,9,6,0.000,1.00
28.416,7,returning_home,-8.198,1.204,-7.000,0.000,joint_grid_transaction,11,11,3,9,None,0.000,1.00
28.416,8,returning_home,8.312,-1.200,7.000,0.000,joint_grid_transaction,11,11,2,9,None,0.000,1.00
28.672,1,en_route_delivery,-4.366,2.910,-3.000,-1.500,joint_grid_transaction,11,11,3,9,1,0.000,1.00
28.672,2,en_route_pickup,-4.186,0.186,-1.000,1.500,joint_grid_transaction,11,11,2,9,2,0.000,1.00
28.672,3,en_route_pickup,-0.321,3.000,-3.000,1.500,joint_grid_transaction,11,11,3,9,3,0.000,1.00
28.672,4,en_route_pickup,4.299,-1.155,0.000,3.500,joint_grid_transaction,11,11,3,9,4,0.000,1.00
28.672,5,en_route_pickup,-6.703,-0.017,1.000,1.500,joint_grid_transaction,11,11,3,9,5,0.000,1.00
28.672,6,en_route_pickup,6.887,0.057,-1.000,-1.500,joint_grid_transaction,11,11,2,9,6,0.000,1.00
28.672,7,returning_home,-8.154,1.206,-7.000,0.000,joint_grid_transaction,11,11,3,9,None,0.000,1.00
28.672,8,returning_home,8.276,-1.200,7.000,0.000,joint_grid_transaction,11,11,2,9,None,0.000,1.00
28.928,1,en_route_delivery,-4.345,2.869,-3.000,-1.500,joint_grid_transaction,11,11,3,9,1,0.000,1.00
28.928,2,en_route_pickup,-4.185,0.213,-1.000,1.500,joint_grid_transaction,11,11,2,9,2,0.000,1.00
28.928,3,en_route_pickup,-0.369,3.000,-3.000,1.500,joint_grid_transaction,11,11,3,9,3,0.000,1.00
28.928,4,en_route_pickup,4.294,-1.108,0.000,3.500,joint_grid_transaction,11,11,3,9,4,0.000,1.00
28.928,5,en_route_pickup,-6.656,-0.012,1.000,1.500,joint_grid_transaction,11,11,3,9,5,0.000,1.00
28.928,6,en_route_pickup,6.841,0.043,-1.000,-1.500,joint_grid_transaction,11,11,2,9,6,0.000,1.00
28.928,7,returning_home,-8.109,1.208,-7.000,0.000,joint_grid_transaction,11,11,3,9,None,0.000,1.00
28.928,8,returning_home,8.242,-1.200,7.000,0.000,joint_grid_transaction,11,11,2,9,None,0.000,1.00
29.184,1,en_route_delivery,-4.327,2.825,-3.000,-1.500,joint_grid_transaction,11,11,3,9,1,0.000,1.00
29.184,2,en_route_pickup,-4.183,0.237,-1.000,1.500,joint_grid_transaction,11,11,2,9,2,0.000,1.00
29.184,3,en_route_pickup,-0.417,3.000,-3.000,1.500,joint_grid_transaction,11,11,3,9,3,0.000,1.00
29.184,4,en_route_pickup,4.289,-1.060,0.000,3.500,joint_grid_transaction,11,11,3,9,4,0.000,1.00
29.184,5,en_route_pickup,-6.612,-0.008,1.000,1.500,joint_grid_transaction,11,11,3,9,5,0.000,1.00
29.184,6,en_route_pickup,6.795,0.033,-1.000,-1.500,joint_grid_transaction,11,11,2,9,6,0.000,1.00
29.184,7,returning_home,-8.063,1.211,-7.000,0.000,joint_grid_transaction,11,11,3,9,None,0.000,1.00
29.184,8,returning_home,8.209,-1.200,7.000,0.000,joint_grid_transaction,11,11,2,9,None,0.000,1.00
29.440,1,en_route_delivery,-4.311,2.780,-3.000,-1.500,joint_grid_transaction,11,11,3,9,1,0.000,1.00
29.440,2,en_route_pickup,-4.183,0.259,-1.000,1.500,joint_grid_transaction,11,11,2,9,2,0.000,1.00
29.440,3,en_route_pickup,-0.465,3.000,-3.000,1.500,joint_grid_transaction,11,11,3,9,3,0.000,1.00
29.440,4,en_route_pickup,4.283,-1.013,0.000,3.500,joint_grid_transaction,11,11,3,9,4,0.000,1.00
29.440,5,en_route_pickup,-6.570,-0.004,1.000,1.500,joint_grid_transaction,11,11,3,9,5,0.000,1.00
29.440,6,en_route_pickup,6.748,0.024,-1.000,-1.500,joint_grid_transaction,11,11,2,9,6,0.000,1.00
29.440,7,returning_home,-8.016,1.215,-7.000,0.000,joint_grid_transaction,11,11,3,9,None,0.000,1.00
29.440,8,returning_home,8.168,-1.201,7.000,0.000,joint_grid_transaction,11,11,3,9,None,0.000,1.00
29.696,1,en_route_delivery,-4.298,2.735,-3.000,-1.500,joint_grid_transaction,11,11,3,9,1,0.000,1.00
29.696,2,en_route_pickup,-4.183,0.281,-1.000,1.500,joint_grid_transaction,11,11,2,9,2,0.000,1.00
29.696,3,en_route_pickup,-0.513,3.000,-3.000,1.500,joint_grid_transaction,11,11,3,9,3,0.000,1.00
29.696,4,en_route_pickup,4.278,-0.965,0.000,3.500,joint_grid_transaction,11,11,3,9,4,0.000,1.00
29.696,5,en_route_pickup,-6.528,-0.000,1.000,1.500,joint_grid_transaction,11,11,3,9,5,0.000,1.00
29.696,6,en_route_pickup,6.701,0.017,-1.000,-1.500,joint_grid_transaction,11,11,3,9,6,0.000,1.00
29.696,7,returning_home,-7.968,1.219,-7.000,0.000,joint_grid_transaction,11,11,3,9,None,0.000,1.00
29.696,8,returning_home,8.129,-1.201,7.000,0.000,joint_grid_transaction,11,11,3,9,None,0.000,1.00
29.952,1,en_route_delivery,-4.287,2.689,-3.000,-1.500,joint_grid_transaction,11,11,4,9,1,0.000,1.00
29.952,2,en_route_pickup,-4.183,0.312,-1.000,1.500,joint_grid_transaction,11,11,3,9,2,0.000,1.00
29.952,3,en_route_pickup,-0.561,3.000,-3.000,1.500,joint_grid_transaction,11,11,4,9,3,0.000,1.00
29.952,4,en_route_pickup,4.272,-0.919,0.000,3.500,joint_grid_transaction,11,11,4,9,4,0.000,1.00
29.952,5,en_route_pickup,-6.487,0.003,1.000,1.500,joint_grid_transaction,11,11,3,9,5,0.000,1.00
29.952,6,en_route_pickup,6.654,0.012,-1.000,-1.500,joint_grid_transaction,11,11,3,9,6,0.000,1.00
29.952,7,returning_home,-7.924,1.224,-7.000,0.000,joint_grid_transaction,11,11,4,9,None,0.000,1.00
29.952,8,returning_home,8.090,-1.201,7.000,0.000,joint_grid_transaction,11,11,3,9,None,0.000,1.00
30.208,1,en_route_delivery,-4.278,2.642,-3.000,-1.500,joint_grid_transaction,11,11,4,9,1,0.000,1.00
30.208,2,en_route_pickup,-4.184,0.351,-1.000,1.500,joint_grid_transaction,11,11,3,9,2,0.000,1.00
30.208,3,en_route_pickup,-0.608,3.000,-3.000,1.500,joint_grid_transaction,11,11,4,9,3,0.000,1.00
30.208,4,en_route_pickup,4.268,-0.875,0.000,3.500,joint_grid_transaction,11,11,4,9,4,0.000,1.00
30.208,5,en_route_pickup,-6.446,0.007,1.000,1.500,joint_grid_transaction,11,11,4,9,5,0.000,1.00
30.208,6,en_route_pickup,6.610,0.008,-1.000,-1.500,joint_grid_transaction,11,11,3,9,6,0.000,1.00
30.208,7,returning_home,-7.879,1.229,-7.000,0.000,joint_grid_transaction,11,11,4,9,None,0.000,1.00
30.208,8,returning_home,8.052,-1.202,7.000,0.000,joint_grid_transaction,11,11,3,9,None,0.000,1.00
30.464,1,en_route_delivery,-4.272,2.595,-3.000,-1.500,joint_grid_transaction,11,11,4,9,1,0.000,1.00
30.464,2,en_route_pickup,-4.186,0.390,-1.000,1.500,joint_grid_transaction,11,11,3,9,2,0.000,1.00
30.464,3,en_route_pickup,-0.656,3.000,-3.000,1.500,joint_grid_transaction,11,11,4,9,3,0.000,1.00
30.464,4,en_route_pickup,4.264,-0.831,0.000,3.500,joint_grid_transaction,11,11,4,9,4,0.000,1.00
30.464,5,en_route_pickup,-6.406,0.010,1.000,1.500,joint_grid_transaction,11,11,4,9,5,0.000,1.00
30.464,6,en_route_pickup,6.567,0.005,-1.000,-1.500,joint_grid_transaction,11,11,3,9,6,0.000,1.00
30.464,7,returning_home,-7.836,1.234,-7.000,0.000,joint_grid_transaction,11,11,4,9,None,0.000,1.00
30.464,8,returning_home,8.014,-1.203,7.000,0.000,joint_grid_transaction,11,11,3,9,None,0.000,1.00
30.720,1,en_route_delivery,-4.267,2.547,-3.000,-1.500,joint_grid_transaction,11,11,4,9,1,0.000,1.00
30.720,2,en_route_pickup,-4.188,0.429,-1.000,1.500,joint_grid_transaction,11,11,3,9,2,0.000,1.00
30.720,3,en_route_pickup,-0.704,3.000,-3.000,1.500,joint_grid_transaction,11,11,4,9,3,0.000,1.00
30.720,4,en_route_pickup,4.259,-0.788,0.000,3.500,joint_grid_transaction,11,11,4,9,4,0.000,1.00
30.720,5,en_route_pickup,-6.367,0.013,1.000,1.500,joint_grid_transaction,11,11,4,9,5,0.000,1.00
30.720,6,en_route_pickup,6.525,0.001,-1.000,-1.500,joint_grid_transaction,11,11,3,9,6,0.000,1.00
30.720,7,returning_home,-7.792,1.238,-7.000,0.000,joint_grid_transaction,11,11,4,9,None,0.000,1.00
30.720,8,returning_home,7.977,-1.204,7.000,0.000,joint_grid_transaction,11,11,3,9,None,0.000,1.00
30.976,1,en_route_delivery,-4.262,2.502,-3.000,-1.500,joint_grid_transaction,11,11,4,9,1,0.000,1.00
30.976,2,en_route_pickup,-4.191,0.469,-1.000,1.500,joint_grid_transaction,11,11,3,9,2,0.000,1.00
30.976,3,en_route_pickup,-0.752,3.000,-3.000,1.500,joint_grid_transaction,11,11,4,9,3,0.000,1.00
30.976,4,en_route_pickup,4.255,-0.745,0.000,3.500,joint_grid_transaction,11,11,4,9,4,0.000,1.00
30.976,5,en_route_pickup,-6.329,0.017,1.000,1.500,joint_grid_transaction,11,11,4,9,5,0.000,1.00
30.976,6,en_route_pickup,6.484,-0.003,-1.000,-1.500,joint_grid_transaction,11,11,3,9,6,0.000,1.00
30.976,7,returning_home,-7.749,1.243,-7.000,0.000,joint_grid_transaction,11,11,4,9,None,0.000,1.00
30.976,8,returning_home,7.936,-1.206,7.000,0.000,joint_grid_transaction,11,11,4,9,None,0.000,1.00
31.232,1,en_route_delivery,-4.258,2.459,-3.000,-1.500,joint_grid_transaction,12,12,2,9,1,0.000,1.00
31.232,2,en_route_pickup,-4.195,0.510,-1.000,1.500,joint_grid_transaction,12,12,1,9,2,0.000,1.00
31.232,3,en_route_pickup,-0.800,3.000,-3.000,1.500,joint_grid_transaction,12,12,2,9,3,0.000,1.00
31.232,4,en_route_pickup,4.251,-0.704,0.000,3.500,joint_grid_transaction,12,12,2,9,4,0.000,1.00
31.232,5,en_route_pickup,-6.308,0.020,1.000,1.500,joint_grid_transaction,12,12,1,8,5,0.000,1.00
31.232,6,en_route_pickup,6.444,-0.006,-1.000,-1.500,joint_grid_transaction,12,12,2,9,6,0.000,1.00
31.232,7,returning_home,-7.708,1.247,-7.000,0.000,joint_grid_transaction,12,12,2,9,None,0.000,1.00
31.232,8,returning_home,7.892,-1.208,7.000,0.000,joint_grid_transaction,12,12,2,9,None,0.000,1.00
31.488,1,en_route_delivery,-4.254,2.417,-3.000,-1.500,joint_grid_transaction,12,12,2,9,1,0.000,1.00
31.488,2,en_route_pickup,-4.200,0.537,-1.000,1.500,joint_grid_transaction,12,12,1,9,2,0.000,1.00
31.488,3,en_route_pickup,-0.848,3.000,-3.000,1.500,joint_grid_transaction,12,12,2,9,3,0.000,1.00
31.488,4,en_route_pickup,4.247,-0.663,0.000,3.500,joint_grid_transaction,12,12,2,9,4,0.000,1.00
31.488,5,en_route_pickup,-6.329,0.029,1.000,1.500,joint_grid_transaction,12,12,1,8,5,0.000,1.00
31.488,6,en_route_pickup,6.404,-0.010,-1.000,-1.500,joint_grid_transaction,12,12,2,9,6,0.000,1.00
31.488,7,returning_home,-7.667,1.251,-7.000,0.000,joint_grid_transaction,12,12,2,9,None,0.000,1.00
31.488,8,returning_home,7.846,-1.210,7.000,0.000,joint_grid_transaction,12,12,2,9,None,0.000,1.00
31.744,1,en_route_delivery,-4.250,2.376,-3.000,-1.500,joint_grid_transaction,12,12,2,9,1,0.000,1.00
31.744,2,en_route_pickup,-4.205,0.522,-1.000,1.500,joint_grid_transaction,12,12,2,9,2,0.000,1.00
31.744,3,en_route_pickup,-0.896,3.000,-3.000,1.500,joint_grid_transaction,12,12,2,9,3,0.000,1.00
31.744,4,en_route_pickup,4.243,-0.623,0.000,3.500,joint_grid_transaction,12,12,2,9,4,0.000,1.00
31.744,5,en_route_pickup,-6.348,0.042,1.000,1.500,joint_grid_transaction,12,12,1,8,5,0.000,1.00
31.744,6,en_route_pickup,6.364,-0.013,-1.000,-1.500,joint_grid_transaction,12,12,2,9,6,0.000,1.00
31.744,7,returning_home,-7.628,1.255,-7.000,0.000,joint_grid_transaction,12,12,2,9,None,0.000,1.00
31.744,8,returning_home,7.799,-1.214,7.000,0.000,joint_grid_transaction,12,12,2,9,None,0.000,1.00
32.000,1,en_route_delivery,-4.247,2.335,-3.000,-1.500,joint_grid_transaction,12,12,2,9,1,0.000,1.00
32.000,2,en_route_pickup,-4.215,0.513,-1.000,1.500,joint_grid_transaction,12,12,2,9,2,0.000,1.00
32.000,3,en_route_pickup,-0.944,3.000,-3.000,1.500,joint_grid_transaction,12,12,2,9,3,0.000,1.00
32.000,4,en_route_pickup,4.239,-0.584,0.000,3.500,joint_grid_transaction,12,12,2,9,4,0.000,1.00
32.000,5,en_route_pickup,-6.351,0.058,1.000,1.500,joint_grid_transaction,12,12,1,8,5,0.000,1.00
32.000,6,en_route_pickup,6.326,-0.016,-1.000,-1.500,joint_grid_transaction,12,12,2,9,6,0.000,1.00
32.000,7,returning_home,-7.589,1.259,-7.000,0.000,joint_grid_transaction,12,12,2,9,None,0.000,1.00
32.000,8,returning_home,7.751,-1.218,7.000,0.000,joint_grid_transaction,12,12,2,9,None,0.000,1.00
32.256,1,en_route_delivery,-4.243,2.295,-3.000,-1.500,joint_grid_transaction,12,12,2,9,1,0.000,1.00
32.256,2,en_route_pickup,-4.243,0.549,-1.000,1.500,joint_grid_transaction,12,12,2,9,2,0.000,1.00
32.256,3,en_route_pickup,-0.991,3.000,-3.000,1.500,joint_grid_transaction,12,12,2,9,3,0.000,1.00
32.256,4,en_route_pickup,4.236,-0.547,0.000,3.500,joint_grid_transaction,12,12,2,9,4,0.000,1.00
32.256,5,en_route_pickup,-6.351,0.058,1.000,1.500,joint_grid_transaction,12,12,1,8,5,0.000,1.00
32.256,6,en_route_pickup,6.289,-0.019,-1.000,-1.500,joint_grid_transaction,12,12,2,9,6,0.000,1.00
32.256,7,returning_home,-7.551,1.263,-7.000,0.000,joint_grid_transaction,12,12,2,9,None,0.000,1.00
32.256,8,returning_home,7.715,-1.222,7.000,0.000,joint_grid_transaction,12,12,2,9,None,0.000,1.00
32.512,1,en_route_delivery,-4.239,2.257,-3.000,-1.500,joint_grid_transaction,12,12,2,9,1,0.000,1.00
32.512,2,en_route_pickup,-4.276,0.583,-1.000,1.500,joint_grid_transaction,12,12,2,9,2,0.000,1.00
32.512,3,en_route_pickup,-1.039,3.000,-3.000,1.500,joint_grid_transaction,12,12,3,9,3,0.000,1.00
32.512,4,en_route_pickup,4.232,-0.510,0.000,3.500,joint_grid_transaction,12,12,2,9,4,0.000,1.00
32.512,5,en_route_pickup,-6.362,0.070,1.000,1.500,joint_grid_transaction,12,12,2,8,5,0.000,1.00
32.512,6,en_route_pickup,6.253,-0.023,-1.000,-1.500,joint_grid_transaction,12,12,2,9,6,0.000,1.00
32.512,7,returning_home,-7.514,1.267,-7.000,0.000,joint_grid_transaction,12,12,2,9,None,0.000,1.00
32.512,8,returning_home,7.686,-1.226,7.000,0.000,joint_grid_transaction,12,12,3,9,None,0.000,1.00
32.768,1,en_route_delivery,-4.236,2.219,-3.000,-1.500,joint_grid_transaction,12,12,2,9,1,0.000,1.00
32.768,2,en_route_pickup,-4.311,0.615,-1.000,1.500,joint_grid_transaction,12,12,2,9,2,0.000,1.00
32.768,3,en_route_pickup,-1.087,3.000,-3.000,1.500,joint_grid_transaction,12,12,3,9,3,0.000,1.00
32.768,4,en_route_pickup,4.229,-0.475,0.000,3.500,joint_grid_transaction,12,12,2,9,4,0.000,1.00
32.768,5,en_route_pickup,-6.362,0.088,1.000,1.500,joint_grid_transaction,12,12,2,8,5,0.000,1.00
32.768,6,en_route_pickup,6.219,-0.025,-1.000,-1.500,joint_grid_transaction,12,12,2,9,6,0.000,1.00
32.768,7,returning_home,-7.479,1.270,-7.000,0.000,joint_grid_transaction,12,12,2,9,None,0.000,1.00
32.768,8,returning_home,7.642,-1.231,7.000,0.000,joint_grid_transaction,12,12,3,9,None,0.000,1.00
33.024,1,en_route_delivery,-4.232,2.181,-3.000,-1.500,joint_grid_transaction,12,12,3,9,1,0.000,1.00
33.024,2,en_route_pickup,-4.330,0.621,-1.000,1.500,joint_grid_transaction,12,12,3,9,2,0.000,1.00
33.024,3,en_route_pickup,-1.135,3.000,-3.000,1.500,joint_grid_transaction,12,12,3,9,3,0.000,1.00
33.024,4,en_route_pickup,4.226,-0.439,0.000,3.500,joint_grid_transaction,12,12,3,9,4,0.000,1.00
33.024,5,en_route_pickup,-6.341,0.129,1.000,1.500,joint_grid_transaction,12,12,2,8,5,0.000,1.00
33.024,6,en_route_pickup,6.182,-0.029,-1.000,-1.500,joint_grid_transaction,12,12,3,9,6,0.000,1.00
33.024,7,returning_home,-7.468,1.270,-7.000,0.000,joint_grid_transaction,12,12,3,9,None,0.000,1.00
33.024,8,returning_home,7.599,-1.235,7.000,0.000,joint_grid_transaction,12,12,3,9,None,0.000,1.00
33.280,1,en_route_delivery,-4.229,2.143,-3.000,-1.500,joint_grid_transaction,12,12,3,9,1,0.000,1.00
33.280,2,en_route_pickup,-4.364,0.639,-1.000,1.500,joint_grid_transaction,12,12,3,9,2,0.000,1.00
33.280,3,en_route_pickup,-1.183,3.000,-3.000,1.500,joint_grid_transaction,12,12,3,9,3,0.000,1.00
33.280,4,en_route_pickup,4.222,-0.402,0.000,3.500,joint_grid_transaction,12,12,3,9,4,0.000,1.00
33.280,5,en_route_pickup,-6.323,0.173,1.000,1.500,joint_grid_transaction,12,12,2,8,5,0.000,1.00
33.280,6,en_route_pickup,6.146,-0.032,-1.000,-1.500,joint_grid_transaction,12,12,3,9,6,0.000,1.00
33.280,7,returning_home,-7.481,1.266,-7.000,0.000,joint_grid_transaction,12,12,3,9,None,0.000,1.00
33.280,8,returning_home,7.556,-1.240,7.000,0.000,joint_grid_transaction,12,12,3,9,None,0.000,1.00
33.536,1,en_route_delivery,-4.225,2.107,-3.000,-1.500,joint_grid_transaction,12,12,3,9,1,0.000,1.00
33.536,2,en_route_pickup,-4.407,0.660,-1.000,1.500,joint_grid_transaction,12,12,3,9,2,0.000,1.00
33.536,3,en_route_pickup,-1.231,3.000,-3.000,1.500,joint_grid_transaction,12,12,3,9,3,0.000,1.00
33.536,4,en_route_pickup,4.219,-0.367,0.000,3.500,joint_grid_transaction,12,12,3,9,4,0.000,1.00
33.536,5,en_route_pickup,-6.309,0.218,1.000,1.500,joint_grid_transaction,12,12,2,8,5,0.000,1.00
33.536,6,en_route_pickup,6.111,-0.035,-1.000,-1.500,joint_grid_transaction,12,12,3,9,6,0.000,1.00
33.536,7,returning_home,-7.487,1.257,-7.000,0.000,joint_grid_transaction,12,12,3,9,None,0.000,1.00
33.536,8,returning_home,7.514,-1.244,7.000,0.000,joint_grid_transaction,12,12,3,9,None,0.000,1.00
33.792,1,en_route_delivery,-4.222,2.071,-3.000,-1.500,joint_grid_transaction,12,12,3,9,1,0.000,1.00
33.792,2,en_route_pickup,-4.451,0.677,-1.000,1.500,joint_grid_transaction,12,12,3,9,2,0.000,1.00
33.792,3,en_route_pickup,-1.279,3.000,-3.000,1.500,joint_grid_transaction,12,12,3,9,3,0.000,1.00
33.792,4,en_route_pickup,4.216,-0.333,0.000,3.500,joint_grid_transaction,12,12,3,9,4,0.000,1.00
33.792,5,en_route_pickup,-6.296,0.264,1.000,1.500,joint_grid_transaction,12,12,2,8,5,0.000,1.00
33.792,6,en_route_pickup,6.078,-0.038,-1.000,-1.500,joint_grid_transaction,12,12,3,9,6,0.000,1.00
33.792,7,returning_home,-7.449,1.230,-7.000,0.000,joint_grid_transaction,12,12,3,9,None,0.000,1.00
33.792,8,returning_home,7.473,-1.249,7.000,0.000,joint_grid_transaction,12,12,3,9,None,0.000,1.00
34.048,1,en_route_delivery,-4.219,2.037,-3.000,-1.500,joint_grid_transaction,12,12,3,9,1,0.000,1.00
34.048,2,en_route_pickup,-4.496,0.692,-1.000,1.500,joint_grid_transaction,12,12,3,9,2,0.000,1.00
34.048,3,en_route_pickup,-1.326,3.000,-3.000,1.500,joint_grid_transaction,12,12,4,9,3,0.000,1.00
34.048,4,en_route_pickup,4.213,-0.300,0.000,3.500,joint_grid_transaction,12,12,3,9,4,0.000,1.00
34.048,5,en_route_pickup,-6.285,0.310,1.000,1.500,joint_grid_transaction,12,12,3,8,5,0.000,1.00
34.048,6,en_route_pickup,6.045,-0.041,-1.000,-1.500,joint_grid_transaction,12,12,3,9,6,0.000,1.00
34.048,7,returning_home,-7.414,1.199,-7.000,0.000,joint_grid_transaction,12,12,3,9,None,0.000,1.00
34.048,8,returning_home,7.433,-1.253,7.000,0.000,joint_grid_transaction,12,12,4,9,None,0.000,1.00
34.304,1,en_route_delivery,-4.216,2.005,-3.000,-1.500,joint_grid_transaction,12,12,3,9,1,0.000,1.00
34.304,2,en_route_pickup,-4.541,0.705,-1.000,1.500,joint_grid_transaction,12,12,3,9,2,0.000,1.00
34.304,3,en_route_pickup,-1.374,3.000,-3.000,1.500,joint_grid_transaction,12,12,4,9,3,0.000,1.00
34.304,4,en_route_pickup,4.210,-0.269,0.000,3.500,joint_grid_transaction,12,12,3,9,4,0.000,1.00
34.304,5,en_route_pickup,-6.277,0.357,1.000,1.500,joint_grid_transaction,12,12,3,8,5,0.000,1.00
34.304,6,en_route_pickup,6.015,-0.043,-1.000,-1.500,joint_grid_transaction,12,12,3,9,6,0.000,1.00
34.304,7,returning_home,-7.386,1.169,-7.000,0.000,joint_grid_transaction,12,12,3,9,None,0.000,1.00
34.304,8,returning_home,7.394,-1.257,7.000,0.000,joint_grid_transaction,12,12,4,9,None,0.000,1.00
34.560,1,en_route_delivery,-4.213,1.974,-3.000,-1.500,joint_grid_transaction,12,12,3,9,1,0.000,1.00
34.560,2,en_route_pickup,-4.587,0.715,-1.000,1.500,joint_grid_transaction,12,12,4,9,2,0.000,1.00
34.560,3,en_route_pickup,-1.422,3.000,-3.000,1.500,joint_grid_transaction,12,12,4,9,3,0.000,1.00
34.560,4,en_route_pickup,4.207,-0.240,0.000,3.500,joint_grid_transaction,12,12,3,9,4,0.000,1.00
34.560,5,en_route_pickup,-6.271,0.404,1.000,1.500,joint_grid_transaction,12,12,3,8,5,0.000,1.00
34.560,6,en_route_pickup,5.986,-0.046,-1.000,-1.500,joint_grid_transaction,12,12,3,9,6,0.000,1.00
34.560,7,returning_home,-7.393,1.156,-7.000,0.000,joint_grid_transaction,12,12,4,9,None,0.000,1.00
34.560,8,returning_home,7.355,-1.261,7.000,0.000,joint_grid_transaction,12,12,4,9,None,0.000,1.00
34.816,1,en_route_delivery,-4.210,1.942,-3.000,-1.500,joint_grid_transaction,12,12,4,9,1,0.000,1.00
34.816,2,en_route_pickup,-4.634,0.723,-1.000,1.500,joint_grid_transaction,12,12,4,9,2,0.000,1.00
34.816,3,en_route_pickup,-1.470,3.000,-3.000,1.500,joint_grid_transaction,12,12,4,9,3,0.000,1.00
34.816,4,en_route_pickup,4.204,-0.213,0.000,3.500,joint_grid_transaction,12,12,3,9,4,0.000,1.00
34.816,5,en_route_pickup,-6.266,0.451,1.000,1.500,joint_grid_transaction,12,12,3,8,5,0.000,1.00
34.816,6,en_route_pickup,5.960,-0.048,-1.000,-1.500,joint_grid_transaction,12,12,3,9,6,0.000,1.00
34.816,7,returning_home,-7.368,1.117,-7.000,0.000,joint_grid_transaction,12,12,4,9,None,0.000,1.00
34.816,8,returning_home,7.318,-1.265,7.000,0.000,joint_grid_transaction,12,12,4,9,None,0.000,1.00
35.072,1,en_route_delivery,-4.207,1.908,-3.000,-1.500,joint_grid_transaction,12,12,4,9,1,0.000,1.00
35.072,2,en_route_pickup,-4.682,0.729,-1.000,1.500,joint_grid_transaction,12,12,4,9,2,0.000,1.00
35.072,3,en_route_pickup,-1.518,3.000,-3.000,1.500,joint_grid_transaction,12,12,4,9,3,0.000,1.00
35.072,4,en_route_pickup,4.201,-0.180,0.000,3.500,joint_grid_transaction,12,12,4,9,4,0.000,1.00
35.072,5,en_route_pickup,-6.261,0.495,1.000,1.500,joint_grid_transaction,12,12,3,8,5,0.000,1.00
35.072,6,en_route_pickup,5.927,-0.051,-1.000,-1.500,joint_grid_transaction,12,12,4,9,6,0.000,1.00
35.072,7,returning_home,-7.347,1.075,-7.000,0.000,joint_grid_transaction,12,12,4,9,None,0.000,1.00
35.072,8,returning_home,7.281,-1.269,7.000,0.000,joint_grid_transaction,12,12,4,9,None,0.000,1.00
35.328,1,en_route_delivery,-4.205,1.876,-3.000,-1.500,joint_grid_transaction,13,13,2,9,1,0.000,1.00
35.328,2,en_route_pickup,-4.729,0.734,-1.000,1.500,joint_grid_transaction,13,13,1,8,2,0.000,1.00
35.328,3,en_route_pickup,-1.566,3.000,-3.000,1.500,joint_grid_transaction,13,13,2,9,3,0.000,1.00
35.328,4,en_route_pickup,4.199,-0.149,0.000,3.500,joint_grid_transaction,13,13,2,9,4,0.000,1.00
35.328,5,en_route_pickup,-6.257,0.539,1.000,1.500,joint_grid_transaction,13,13,1,9,5,0.000,1.00
35.328,6,en_route_pickup,5.895,-0.053,-1.000,-1.500,joint_grid_transaction,13,13,2,9,6,0.000,1.00
35.328,7,returning_home,-7.342,1.065,-7.000,0.000,joint_grid_transaction,13,13,1,7,None,0.000,1.00
35.328,8,returning_home,7.247,-1.272,7.000,0.000,joint_grid_transaction,13,13,1,7,None,0.000,1.00
35.584,1,en_route_delivery,-4.202,1.844,-3.000,-1.500,joint_grid_transaction,13,13,2,9,1,0.000,1.00
35.584,2,en_route_pickup,-4.774,0.739,-1.000,1.500,joint_grid_transaction,13,13,1,8,2,0.000,1.00
35.584,3,en_route_pickup,-1.614,3.000,-3.000,1.500,joint_grid_transaction,13,13,2,9,3,0.000,1.00
35.584,4,en_route_pickup,4.196,-0.118,0.000,3.500,joint_grid_transaction,13,13,2,9,4,0.000,1.00
35.584,5,en_route_pickup,-6.253,0.581,1.000,1.500,joint_grid_transaction,13,13,2,9,5,0.000,1.00
35.584,6,en_route_pickup,5.864,-0.055,-1.000,-1.500,joint_grid_transaction,13,13,2,9,6,0.000,1.00
35.584,7,returning_home,-7.342,1.065,-7.000,0.000,joint_grid_transaction,13,13,1,7,None,0.000,1.00
35.584,8,returning_home,7.216,-1.274,7.000,0.000,joint_grid_transaction,13,13,1,7,None,0.000,1.00
35.840,1,en_route_delivery,-4.199,1.814,-3.000,-1.500,joint_grid_transaction,13,13,2,9,1,0.000,1.00
35.840,2,en_route_pickup,-4.782,0.739,-1.000,1.500,joint_grid_transaction,13,13,1,8,2,0.000,1.00
35.840,3,en_route_pickup,-1.662,3.000,-3.000,1.500,joint_grid_transaction,13,13,2,9,3,0.000,1.00
35.840,4,en_route_pickup,4.193,-0.088,0.000,3.500,joint_grid_transaction,13,13,2,9,4,0.000,1.00
35.840,5,en_route_pickup,-6.250,0.622,1.000,1.500,joint_grid_transaction,13,13,2,9,5,0.000,1.00
35.840,6,en_route_pickup,5.833,-0.058,-1.000,-1.500,joint_grid_transaction,13,13,2,9,6,0.000,1.00
35.840,7,returning_home,-7.342,1.065,-7.000,0.000,joint_grid_transaction,13,13,1,7,None,0.000,1.00
35.840,8,returning_home,7.223,-1.273,7.000,0.000,joint_grid_transaction,13,13,2,7,None,0.000,1.00
36.096,1,en_route_delivery,-4.197,1.785,-3.000,-1.500,joint_grid_transaction,13,13,2,9,1,0.000,1.00
36.096,2,en_route_pickup,-4.782,0.739,-1.000,1.500,joint_grid_transaction,13,13,1,8,2,0.000,1.00
36.096,3,en_route_pickup,-1.709,3.000,-3.000,1.500,joint_grid_transaction,13,13,2,9,3,0.000,1.00
36.096,4,en_route_pickup,4.191,-0.060,0.000,3.500,joint_grid_transaction,13,13,2,9,4,0.000,1.00
36.096,5,en_route_pickup,-6.246,0.663,1.000,1.500,joint_grid_transaction,13,13,2,9,5,0.000,1.00
36.096,6,en_route_pickup,5.805,-0.060,-1.000,-1.500,joint_grid_transaction,13,13,2,9,6,0.000,1.00
36.096,7,returning_home,-7.342,1.065,-7.000,0.000,joint_grid_transaction,13,13,1,7,None,0.000,1.00
36.096,8,returning_home,7.236,-1.267,7.000,0.000,joint_grid_transaction,13,13,2,7,None,0.000,1.00
36.352,1,en_route_delivery,-4.194,1.758,-3.000,-1.500,joint_grid_transaction,13,13,2,9,1,0.000,1.00
36.352,2,en_route_pickup,-4.784,0.740,-1.000,1.500,joint_grid_transaction,13,13,2,8,2,0.000,1.00
36.352,3,en_route_pickup,-1.757,3.000,-3.000,1.500,joint_grid_transaction,13,13,2,9,3,0.000,1.00
36.352,4,en_route_pickup,4.189,-0.034,0.000,3.500,joint_grid_transaction,13,13,2,9,4,0.000,1.00
36.352,5,en_route_pickup,-6.242,0.702,1.000,1.500,joint_grid_transaction,13,13,2,9,5,0.000,1.00
36.352,6,en_route_pickup,5.778,-0.062,-1.000,-1.500,joint_grid_transaction,13,13,2,9,6,0.000,1.00
36.352,7,returning_home,-7.341,1.063,-7.000,0.000,joint_grid_transaction,13,13,2,7,None,0.000,1.00
36.352,8,returning_home,7.220,-1.249,7.000,0.000,joint_grid_transaction,13,13,2,7,None,0.000,1.00
36.608,1,en_route_delivery,-4.193,1.737,-3.000,-1.500,joint_grid_transaction,13,13,2,9,1,0.000,1.00
36.608,2,en_route_pickup,-4.825,0.744,-1.000,1.500,joint_grid_transaction,13,13,2,8,2,0.000,1.00
36.608,3,en_route_pickup,-1.805,3.000,-3.000,1.500,joint_grid_transaction,13,13,3,9,3,0.000,1.00
36.608,4,en_route_pickup,4.187,-0.013,0.000,3.500,joint_grid_transaction,13,13,2,9,4,0.000,1.00
36.608,5,en_route_pickup,-6.239,0.741,1.000,1.500,joint_grid_transaction,13,13,2,9,5,0.000,1.00
36.608,6,en_route_pickup,5.757,-0.063,-1.000,-1.500,joint_grid_transaction,13,13,2,9,6,0.000,1.00
36.608,7,returning_home,-7.323,1.021,-7.000,0.000,joint_grid_transaction,13,13,2,7,None,0.000,1.00
36.608,8,returning_home,7.183,-1.220,7.000,0.000,joint_grid_transaction,13,13,2,7,None,0.000,1.00
36.864,1,en_route_delivery,-4.193,1.716,-3.000,-1.500,joint_grid_transaction,13,13,2,9,1,0.000,1.00
36.864,2,en_route_pickup,-4.866,0.748,-1.000,1.500,joint_grid_transaction,13,13,2,8,2,0.000,1.00
36.864,3,en_route_pickup,-1.853,3.000,-3.000,1.500,joint_grid_transaction,13,13,3,9,3,0.000,1.00
36.864,4,en_route_pickup,4.187,0.008,0.000,3.500,joint_grid_transaction,13,13,2,9,4,0.000,1.00
36.864,5,en_route_pickup,-6.235,0.778,1.000,1.500,joint_grid_transaction,13,13,2,9,5,0.000,1.00
36.864,6,en_route_pickup,5.735,-0.064,-1.000,-1.500,joint_grid_transaction,13,13,2,9,6,0.000,1.00
36.864,7,returning_home,-7.307,0.976,-7.000,0.000,joint_grid_transaction,13,13,2,7,None,0.000,1.00
36.864,8,returning_home,7.149,-1.187,7.000,0.000,joint_grid_transaction,13,13,2,7,None,0.000,1.00
37.120,1,en_route_delivery,-4.192,1.685,-3.000,-1.500,joint_grid_transaction,13,13,3,9,1,0.000,1.00
37.120,2,en_route_pickup,-4.907,0.752,-1.000,1.500,joint_grid_transaction,13,13,2,8,2,0.000,1.00
37.120,3,en_route_pickup,-1.901,3.000,-3.000,1.500,joint_grid_transaction,13,13,3,9,3,0.000,1.00
37.120,4,en_route_pickup,4.186,0.030,0.000,3.500,joint_grid_transaction,13,13,2,9,4,0.000,1.00
37.120,5,en_route_pickup,-6.232,0.816,1.000,1.500,joint_grid_transaction,13,13,3,9,5,0.000,1.00
37.120,6,en_route_pickup,5.714,-0.064,-1.000,-1.500,joint_grid_transaction,13,13,2,9,6,0.000,1.00
37.120,7,returning_home,-7.302,0.962,-7.000,0.000,joint_grid_transaction,13,13,2,7,None,0.000,1.00
37.120,8,returning_home,7.138,-1.166,7.000,0.000,joint_grid_transaction,13,13,2,7,None,0.000,1.00
37.376,1,en_route_delivery,-4.190,1.651,-3.000,-1.500,joint_grid_transaction,13,13,3,9,1,0.000,1.00
37.376,2,en_route_pickup,-4.946,0.756,-1.000,1.500,joint_grid_transaction,13,13,2,8,2,0.000,1.00
37.376,3,en_route_pickup,-1.949,3.000,-3.000,1.500,joint_grid_transaction,13,13,3,9,3,0.000,1.00
37.376,4,en_route_pickup,4.186,0.061,0.000,3.500,joint_grid_transaction,13,13,3,9,4,0.000,1.00
37.376,5,en_route_pickup,-6.228,0.853,1.000,1.500,joint_grid_transaction,13,13,3,9,5,0.000,1.00
37.376,6,en_route_pickup,5.679,-0.064,-1.000,-1.500,joint_grid_transaction,13,13,3,9,6,0.000,1.00
37.376,7,returning_home,-7.302,0.962,-7.000,0.000,joint_grid_transaction,13,13,2,7,None,0.000,1.00
37.376,8,returning_home,7.129,-1.141,7.000,0.000,joint_grid_transaction,13,13,3,7,None,0.000,1.00
37.632,1,en_route_delivery,-4.189,1.620,-3.000,-1.500,joint_grid_transaction,13,13,3,9,1,0.000,1.00
37.632,2,en_route_pickup,-4.984,0.760,-1.000,1.500,joint_grid_transaction,13,13,2,8,2,0.000,1.00
37.632,3,en_route_pickup,-1.997,3.000,-3.000,1.500,joint_grid_transaction,13,13,3,9,3,0.000,1.00
37.632,4,en_route_pickup,4.186,0.097,0.000,3.500,joint_grid_transaction,13,13,3,9,4,0.000,1.00
37.632,5,en_route_pickup,-6.225,0.890,1.000,1.500,joint_grid_transaction,13,13,3,9,5,0.000,1.00
37.632,6,en_route_pickup,5.643,-0.064,-1.000,-1.500,joint_grid_transaction,13,13,3,9,6,0.000,1.00
37.632,7,returning_home,-7.299,0.968,-7.000,0.000,joint_grid_transaction,13,13,3,7,None,0.000,1.00
37.632,8,returning_home,7.106,-1.100,7.000,0.000,joint_grid_transaction,13,13,3,7,None,0.000,1.00
37.888,1,en_route_delivery,-4.187,1.589,-3.000,-1.500,joint_grid_transaction,13,13,3,9,1,0.000,1.00
37.888,2,en_route_pickup,-5.021,0.764,-1.000,1.500,joint_grid_transaction,13,13,2,8,2,0.000,1.00
37.888,3,en_route_pickup,-2.045,3.000,-3.000,1.500,joint_grid_transaction,13,13,3,9,3,0.000,1.00
37.888,4,en_route_pickup,4.185,0.131,0.000,3.500,joint_grid_transaction,13,13,3,9,4,0.000,1.00
37.888,5,en_route_pickup,-6.222,0.925,1.000,1.500,joint_grid_transaction,13,13,3,9,5,0.000,1.00
37.888,6,en_route_pickup,5.608,-0.064,-1.000,-1.500,joint_grid_transaction,13,13,3,9,6,0.000,1.00
37.888,7,returning_home,-7.292,0.981,-7.000,0.000,joint_grid_transaction,13,13,3,7,None,0.000,1.00
37.888,8,returning_home,7.087,-1.057,7.000,0.000,joint_grid_transaction,13,13,3,7,None,0.000,1.00
38.144,1,en_route_delivery,-4.185,1.560,-3.000,-1.500,joint_grid_transaction,13,13,3,9,1,0.000,1.00
38.144,2,en_route_pickup,-5.029,0.767,-1.000,1.500,joint_grid_transaction,13,13,3,8,2,0.000,1.00
38.144,3,en_route_pickup,-2.092,3.000,-3.000,1.500,joint_grid_transaction,13,13,4,9,3,0.000,1.00
38.144,4,en_route_pickup,4.185,0.165,0.000,3.500,joint_grid_transaction,13,13,3,9,4,0.000,1.00
38.144,5,en_route_pickup,-6.219,0.959,1.000,1.500,joint_grid_transaction,13,13,3,9,5,0.000,1.00
38.144,6,en_route_pickup,5.574,-0.064,-1.000,-1.500,joint_grid_transaction,13,13,3,9,6,0.000,1.00
38.144,7,returning_home,-7.279,0.972,-7.000,0.000,joint_grid_transaction,13,13,3,7,None,0.000,0.40
38.144,8,returning_home,7.070,-1.013,7.000,0.000,joint_grid_transaction,13,13,3,7,None,0.000,1.00
38.400,1,en_route_delivery,-4.183,1.533,-3.000,-1.500,joint_grid_transaction,13,13,3,9,1,0.000,1.00
38.400,2,en_route_pickup,-5.018,0.771,-1.000,1.500,joint_grid_transaction,13,13,3,8,2,0.000,1.00
38.400,3,en_route_pickup,-2.140,3.000,-3.000,1.500,joint_grid_transaction,13,13,4,9,3,0.000,1.00
38.400,4,en_route_pickup,4.184,0.196,0.000,3.500,joint_grid_transaction,13,13,3,9,4,0.000,1.00
38.400,5,en_route_pickup,-6.216,0.992,1.000,1.500,joint_grid_transaction,13,13,3,9,5,0.000,1.00
38.400,6,en_route_pickup,5.541,-0.064,-1.000,-1.500,joint_grid_transaction,13,13,3,9,6,0.000,1.00
38.400,7,returning_home,-7.274,0.966,-7.000,0.000,joint_grid_transaction,13,13,3,7,None,0.000,0.40
38.400,8,returning_home,7.055,-0.968,7.000,0.000,joint_grid_transaction,13,13,3,7,None,0.000,1.00
38.656,1,en_route_delivery,-4.182,1.510,-3.000,-1.500,joint_grid_transaction,14,13,3,9,1,0.000,1.00
38.656,2,en_route_pickup,-5.043,0.789,-1.000,1.500,joint_grid_transaction,14,13,3,9,2,0.000,1.00
38.656,3,en_route_pickup,-2.188,3.000,-3.000,1.500,joint_grid_transaction,14,13,4,8,3,0.000,1.00
38.656,4,en_route_pickup,4.184,0.226,0.000,3.500,joint_grid_transaction,14,13,3,9,4,0.000,1.00
38.656,5,en_route_pickup,-6.213,1.022,1.000,1.500,joint_grid_transaction,14,13,3,9,5,0.000,1.00
38.656,6,en_route_pickup,5.510,-0.064,-1.000,-1.500,joint_grid_transaction,14,13,3,9,6,0.000,1.00
38.656,7,returning_home,-7.270,0.960,-7.000,0.000,joint_grid_transaction,14,13,3,6,None,0.000,0.40
38.656,8,returning_home,7.042,-0.922,7.000,0.000,joint_grid_transaction,14,13,4,5,None,0.000,1.00
38.912,1,en_route_delivery,-4.182,1.488,-3.000,-1.500,joint_grid_transaction,14,14,1,9,1,0.000,1.00
38.912,2,en_route_pickup,-5.081,0.816,-1.000,1.500,joint_grid_transaction,14,14,2,9,2,0.000,1.00
38.912,3,en_route_pickup,-2.236,3.000,-3.000,1.500,joint_grid_transaction,14,14,1,8,3,0.000,1.00
38.912,4,en_route_pickup,4.183,0.254,0.000,3.500,joint_grid_transaction,14,14,1,9,4,0.000,1.00
38.912,5,en_route_pickup,-6.210,1.054,1.000,1.500,joint_grid_transaction,14,14,2,9,5,0.000,1.00
38.912,6,en_route_pickup,5.482,-0.065,-1.000,-1.500,joint_grid_transaction,14,14,1,9,6,0.000,1.00
38.912,7,returning_home,-7.265,0.955,-7.000,0.000,joint_grid_transaction,14,14,2,6,None,0.000,0.40
38.912,8,returning_home,7.032,-0.876,7.000,0.000,joint_grid_transaction,14,14,2,5,None,0.000,1.00
39.168,1,en_route_delivery,-4.182,1.467,-3.000,-1.500,joint_grid_transaction,14,14,1,9,1,0.000,1.00
39.168,2,en_route_pickup,-5.106,0.836,-1.000,1.500,joint_grid_transaction,14,14,2,9,2,0.000,1.00
39.168,3,en_route_pickup,-2.281,3.000,-3.000,1.500,joint_grid_transaction,14,14,1,8,3,0.000,1.00
39.168,4,en_route_pickup,4.183,0.277,0.000,3.500,joint_grid_transaction,14,14,1,9,4,0.000,1.00
39.168,5,en_route_pickup,-6.207,1.086,1.000,1.500,joint_grid_transaction,14,14,2,9,5,0.000,0.85
39.168,6,en_route_pickup,5.453,-0.065,-1.000,-1.500,joint_grid_transaction,14,14,1,9,6,0.000,1.00
39.168,7,returning_home,-7.260,0.949,-7.000,0.000,joint_grid_transaction,14,14,2,6,None,0.000,0.40
39.168,8,returning_home,7.025,-0.829,7.000,0.000,joint_grid_transaction,14,14,2,5,None,0.000,1.00
39.424,1,en_route_delivery,-4.183,1.433,-3.000,-1.500,joint_grid_transaction,14,14,2,9,1,0.000,1.00
39.424,2,en_route_pickup,-5.106,0.836,-1.000,1.500,joint_grid_transaction,14,14,2,9,2,0.000,1.00
39.424,3,en_route_pickup,-2.281,3.000,-3.000,1.500,joint_grid_transaction,14,14,1,8,3,0.000,1.00
39.424,4,en_route_pickup,4.183,0.305,0.000,3.500,joint_grid_transaction,14,14,2,9,4,0.000,1.00
39.424,5,en_route_pickup,-6.205,1.110,1.000,1.500,joint_grid_transaction,14,14,2,9,5,0.000,0.85
39.424,6,en_route_pickup,5.416,-0.065,-1.000,-1.500,joint_grid_transaction,14,14,2,9,6,0.000,1.00
39.424,7,returning_home,-7.255,0.943,-7.000,0.000,joint_grid_transaction,14,14,2,6,None,0.000,0.40
39.424,8,returning_home,7.019,-0.782,7.000,0.000,joint_grid_transaction,14,14,2,5,None,0.000,1.00
39.680,1,en_route_delivery,-4.184,1.394,-3.000,-1.500,joint_grid_transaction,14,14,2,9,1,0.000,1.00
39.680,2,en_route_pickup,-5.106,0.836,-1.000,1.500,joint_grid_transaction,14,14,2,9,2,0.000,1.00
39.680,3,en_route_pickup,-2.281,3.000,-3.000,1.500,joint_grid_transaction,14,14,1,8,3,0.000,1.00
39.680,4,en_route_pickup,4.185,0.344,0.000,3.500,joint_grid_transaction,14,14,2,9,4,0.000,1.00
39.680,5,en_route_pickup,-6.203,1.134,1.000,1.500,joint_grid_transaction,14,14,2,9,5,0.000,0.85
39.680,6,en_route_pickup,5.381,-0.065,-1.000,-1.500,joint_grid_transaction,14,14,2,9,6,0.000,1.00
39.680,7,returning_home,-7.235,0.923,-7.000,0.000,joint_grid_transaction,14,14,2,6,None,0.000,0.40
39.680,8,returning_home,7.014,-0.735,7.000,0.000,joint_grid_transaction,14,14,2,5,None,0.000,1.00
39.936,1,en_route_delivery,-4.186,1.355,-3.000,-1.500,joint_grid_transaction,14,14,2,9,1,0.000,1.00
39.936,2,en_route_pickup,-5.098,0.844,-1.000,1.500,joint_grid_transaction,14,14,3,9,2,0.000,1.00
39.936,3,en_route_pickup,-2.301,3.000,-3.000,1.500,joint_grid_transaction,14,14,2,8,3,0.000,1.00
39.936,4,en_route_pickup,4.186,0.383,0.000,3.500,joint_grid_transaction,14,14,2,9,4,0.000,1.00
39.936,5,en_route_pickup,-6.202,1.158,1.000,1.500,joint_grid_transaction,14,14,2,9,5,0.000,0.85
39.936,6,en_route_pickup,5.346,-0.065,-1.000,-1.500,joint_grid_transaction,14,14,2,9,6,0.000,1.00
39.936,7,returning_home,-7.201,0.891,-7.000,0.000,joint_grid_transaction,14,14,2,6,None,0.000,1.00
39.936,8,returning_home,7.011,-0.700,7.000,0.000,joint_grid_transaction,14,14,3,5,None,0.000,1.00
40.192,1,en_route_delivery,-4.189,1.315,-3.000,-1.500,joint_grid_transaction,14,14,2,9,1,0.000,1.00
40.192,2,en_route_pickup,-5.087,0.857,-1.000,1.500,joint_grid_transaction,14,14,3,9,2,0.000,1.00
40.192,3,en_route_pickup,-2.349,3.000,-3.000,1.500,joint_grid_transaction,14,14,2,8,3,0.000,1.00
40.192,4,en_route_pickup,4.188,0.422,0.000,3.500,joint_grid_transaction,14,14,2,9,4,0.000,1.00
40.192,5,en_route_pickup,-6.200,1.185,1.000,1.500,joint_grid_transaction,14,14,2,9,5,0.000,1.00
40.192,6,en_route_pickup,5.313,-0.065,-1.000,-1.500,joint_grid_transaction,14,14,2,9,6,0.000,1.00
40.192,7,returning_home,-7.182,0.869,-7.000,0.000,joint_grid_transaction,14,14,3,6,None,0.000,1.00
40.192,8,returning_home,7.006,-0.658,7.000,0.000,joint_grid_transaction,14,14,3,5,None,0.000,1.00
40.448,1,en_route_delivery,-4.192,1.274,-3.000,-1.500,joint_grid_transaction,14,14,2,9,1,0.000,1.00
40.448,2,en_route_pickup,-5.113,0.894,-1.000,1.500,joint_grid_transaction,14,14,3,9,2,0.000,1.00
40.448,3,en_route_pickup,-2.397,3.000,-3.000,1.500,joint_grid_transaction,14,14,2,8,3,0.000,1.00
40.448,4,en_route_pickup,4.191,0.462,0.000,3.500,joint_grid_transaction,14,14,2,9,4,0.000,1.00
40.448,5,en_route_pickup,-6.197,1.214,1.000,1.500,joint_grid_transaction,14,14,2,9,5,0.000,1.00
40.448,6,en_route_pickup,5.282,-0.066,-1.000,-1.500,joint_grid_transaction,14,14,2,9,6,0.000,1.00
40.448,7,returning_home,-7.175,0.847,-7.000,0.000,joint_grid_transaction,14,14,3,6,None,0.000,1.00
40.448,8,returning_home,7.002,-0.617,7.000,0.000,joint_grid_transaction,14,14,3,5,None,0.000,1.00
40.704,1,en_route_delivery,-4.197,1.232,-3.000,-1.500,joint_grid_transaction,14,14,2,9,1,0.000,1.00
40.704,2,en_route_pickup,-5.136,0.935,-1.000,1.500,joint_grid_transaction,14,14,3,9,2,0.000,1.00
40.704,3,en_route_pickup,-2.445,3.000,-3.000,1.500,joint_grid_transaction,14,14,2,8,3,0.000,1.00
40.704,4,en_route_pickup,4.195,0.502,0.000,3.500,joint_grid_transaction,14,14,2,9,4,0.000,1.00
40.704,5,en_route_pickup,-6.195,1.242,1.000,1.500,joint_grid_transaction,14,14,2,9,5,0.000,1.00
40.704,6,en_route_pickup,5.253,-0.066,-1.000,-1.500,joint_grid_transaction,14,14,2,9,6,0.000,1.00
40.704,7,returning_home,-7.147,0.810,-7.000,0.000,joint_grid_transaction,14,14,3,6,None,0.000,1.00
40.704,8,returning_home,6.998,-0.577,7.000,0.000,joint_grid_transaction,14,14,3,5,None,0.000,1.00
40.960,1,en_route_delivery,-4.202,1.187,-3.000,-1.500,joint_grid_transaction,14,14,2,9,1,0.000,1.00
40.960,2,en_route_pickup,-5.157,0.978,-1.000,1.500,joint_grid_transaction,14,14,3,9,2,0.000,1.00
40.960,3,en_route_pickup,-2.493,3.000,-3.000,1.500,joint_grid_transaction,14,14,2,8,3,0.000,1.00
40.960,4,en_route_pickup,4.200,0.545,0.000,3.500,joint_grid_transaction,14,14,2,9,4,0.000,1.00
40.960,5,en_route_pickup,-6.194,1.264,1.000,1.500,joint_grid_transaction,14,14,2,9,5,0.000,1.00
40.960,6,en_route_pickup,5.226,-0.066,-1.000,-1.500,joint_grid_transaction,14,14,2,9,6,0.000,1.00
40.960,7,returning_home,-7.121,0.770,-7.000,0.000,joint_grid_transaction,14,14,3,6,None,0.000,1.00
40.960,8,returning_home,6.994,-0.538,7.000,0.000,joint_grid_transaction,14,14,3,5,None,0.000,1.00
41.216,1,en_route_delivery,-4.208,1.139,-3.000,-1.500,joint_grid_transaction,14,14,3,9,1,0.000,1.00
41.216,2,en_route_pickup,-5.176,1.022,-1.000,1.500,joint_grid_transaction,14,14,3,9,2,0.000,1.00
41.216,3,en_route_pickup,-2.541,3.000,-3.000,1.500,joint_grid_transaction,14,14,2,8,3,0.000,1.00
41.216,4,en_route_pickup,4.205,0.592,0.000,3.500,joint_grid_transaction,14,14,3,9,4,0.000,1.00
41.216,5,en_route_pickup,-6.193,1.285,1.000,1.500,joint_grid_transaction,14,14,2,9,5,0.000,1.00
41.216,6,en_route_pickup,5.199,-0.066,-1.000,-1.500,joint_grid_transaction,14,14,2,9,6,0.000,1.00
41.216,7,returning_home,-7.098,0.729,-7.000,0.000,joint_grid_transaction,14,14,3,6,None,0.000,1.00
41.216,8,returning_home,6.990,-0.500,7.000,0.000,joint_grid_transaction,14,14,3,5,None,0.000,1.00
41.472,1,en_route_delivery,-4.213,1.092,-3.000,-1.500,joint_grid_transaction,14,14,3,9,1,0.000,1.00
41.472,2,en_route_pickup,-5.179,1.051,-1.000,1.500,joint_grid_transaction,14,14,4,9,2,0.000,1.00
41.472,3,en_route_pickup,-2.588,3.000,-3.000,1.500,joint_grid_transaction,14,14,3,8,3,0.000,1.00
41.472,4,en_route_pickup,4.210,0.640,0.000,3.500,joint_grid_transaction,14,14,3,9,4,0.000,1.00
41.472,5,en_route_pickup,-6.191,1.283,1.000,1.500,joint_grid_transaction,14,14,3,9,5,0.000,1.00
41.472,6,en_route_pickup,5.161,-0.066,-1.000,-1.500,joint_grid_transaction,14,14,3,9,6,0.000,1.00
41.472,7,returning_home,-7.077,0.686,-7.000,0.000,joint_grid_transaction,14,14,4,6,None,0.000,1.00
41.472,8,returning_home,6.986,-0.463,7.000,0.000,joint_grid_transaction,14,14,4,5,None,0.000,1.00
41.728,1,en_route_delivery,-4.218,1.044,-3.000,-1.500,joint_grid_transaction,15,14,3,8,1,0.000,1.00
41.728,2,en_route_pickup,-5.178,1.052,-1.000,1.500,joint_grid_transaction,15,14,4,9,2,0.000,1.00
41.728,3,en_route_pickup,-2.636,3.000,-3.000,1.500,joint_grid_transaction,15,14,3,9,3,0.000,1.00
41.728,4,en_route_pickup,4.215,0.685,0.000,3.500,joint_grid_transaction,15,14,3,9,4,0.000,1.00
41.728,5,en_route_pickup,-6.193,1.283,1.000,1.500,joint_grid_transaction,15,14,3,9,5,0.000,1.00
41.728,6,en_route_pickup,5.125,-0.065,-1.000,-1.500,joint_grid_transaction,15,14,3,9,6,0.000,1.00
41.728,7,returning_home,-7.061,0.643,-7.000,0.000,joint_grid_transaction,15,14,4,4,None,0.000,1.00
41.728,8,returning_home,6.982,-0.425,7.000,0.000,joint_grid_transaction,15,14,4,3,None,0.000,1.00
41.984,1,en_route_delivery,-4.224,0.997,-3.000,-1.500,joint_grid_transaction,15,15,1,8,1,0.000,1.00
41.984,2,en_route_pickup,-5.176,1.043,-1.000,1.500,joint_grid_transaction,15,15,2,9,2,0.000,1.00
41.984,3,en_route_pickup,-2.684,3.000,-3.000,1.500,joint_grid_transaction,15,15,2,9,3,0.000,1.00
41.984,4,en_route_pickup,4.221,0.732,0.000,3.500,joint_grid_transaction,15,15,2,9,4,0.000,1.00
41.984,5,en_route_pickup,-6.193,1.283,1.000,1.500,joint_grid_transaction,15,15,2,9,5,0.000,1.00
41.984,6,en_route_pickup,5.087,-0.063,-1.000,-1.500,joint_grid_transaction,15,15,2,9,6,0.000,1.00
41.984,7,returning_home,-7.047,0.597,-7.000,0.000,joint_grid_transaction,15,15,2,4,None,0.000,1.00
41.984,8,returning_home,6.979,-0.388,7.000,0.000,joint_grid_transaction,15,15,2,3,None,0.000,1.00
42.240,1,en_route_delivery,-4.227,0.966,-3.000,-1.500,joint_grid_transaction,15,15,1,8,1,0.000,1.00
42.240,2,en_route_pickup,-5.160,1.067,-1.000,1.500,joint_grid_transaction,15,15,2,9,2,0.000,1.00
42.240,3,en_route_pickup,-2.732,3.000,-3.000,1.500,joint_grid_transaction,15,15,2,9,3,0.000,1.00
42.240,4,en_route_pickup,4.226,0.780,0.000,3.500,joint_grid_transaction,15,15,2,9,4,0.000,1.00
42.240,5,en_route_pickup,-6.188,1.277,1.000,1.500,joint_grid_transaction,15,15,2,9,5,0.000,1.00
42.240,6,en_route_pickup,5.048,-0.061,-1.000,-1.500,joint_grid_transaction,15,15,2,9,6,0.000,1.00
42.240,7,returning_home,-7.037,0.551,-7.000,0.000,joint_grid_transaction,15,15,2,4,None,0.000,1.00
42.240,8,returning_home,6.975,-0.352,7.000,0.000,joint_grid_transaction,15,15,2,3,None,0.000,1.00
42.496,1,en_route_delivery,-4.227,0.966,-3.000,-1.500,joint_grid_transaction,15,15,1,8,1,0.000,1.00
42.496,2,en_route_pickup,-5.148,1.088,-1.000,1.500,joint_grid_transaction,15,15,2,9,2,0.000,1.00
42.496,3,en_route_pickup,-2.780,3.000,-3.000,1.500,joint_grid_transaction,15,15,2,9,3,0.000,1.00
42.496,4,en_route_pickup,4.226,0.783,0.000,3.500,joint_grid_transaction,15,15,2,9,4,0.000,1.00
42.496,5,en_route_pickup,-6.166,1.317,1.000,1.500,joint_grid_transaction,15,15,2,9,5,0.000,1.00
42.496,6,en_route_pickup,5.010,-0.058,-1.000,-1.500,joint_grid_transaction,15,15,2,9,6,0.000,1.00
42.496,7,returning_home,-7.028,0.504,-7.000,0.000,joint_grid_transaction,15,15,2,4,None,0.000,1.00
42.496,8,returning_home,6.972,-0.317,7.000,0.000,joint_grid_transaction,15,15,2,3,None,0.000,1.00
42.752,1,en_route_delivery,-4.227,0.966,-3.000,-1.500,joint_grid_transaction,15,15,1,8,1,0.000,1.00
42.752,2,en_route_pickup,-5.148,1.088,-1.000,1.500,joint_grid_transaction,15,15,2,9,2,0.000,1.00
42.752,3,en_route_pickup,-2.783,3.000,-3.000,1.500,joint_grid_transaction,15,15,2,9,3,0.000,1.00
42.752,4,en_route_pickup,4.226,0.783,0.000,3.500,joint_grid_transaction,15,15,2,9,4,0.000,1.00
42.752,5,en_route_pickup,-6.150,1.342,1.000,1.500,joint_grid_transaction,15,15,2,9,5,0.000,1.00
42.752,6,en_route_pickup,4.971,-0.054,-1.000,-1.500,joint_grid_transaction,15,15,2,9,6,0.000,1.00
42.752,7,returning_home,-7.022,0.466,-7.000,0.000,joint_grid_transaction,15,15,2,4,None,0.000,1.00
42.752,8,returning_home,6.969,-0.284,7.000,0.000,joint_grid_transaction,15,15,2,3,None,0.000,1.00
43.008,1,en_route_delivery,-4.230,0.938,-3.000,-1.500,joint_grid_transaction,15,15,2,8,1,0.000,1.00
43.008,2,en_route_pickup,-5.132,1.114,-1.000,1.500,joint_grid_transaction,15,15,3,9,2,0.000,1.00
43.008,3,en_route_pickup,-2.779,2.999,-3.000,1.500,joint_grid_transaction,15,15,3,9,3,0.000,1.00
43.008,4,en_route_pickup,4.230,0.811,0.000,3.500,joint_grid_transaction,15,15,3,9,4,0.000,1.00
43.008,5,en_route_pickup,-6.133,1.368,1.000,1.500,joint_grid_transaction,15,15,3,9,5,0.000,1.00
43.008,6,en_route_pickup,4.931,-0.050,-1.000,-1.500,joint_grid_transaction,15,15,3,9,6,0.000,1.00
43.008,7,returning_home,-7.018,0.438,-7.000,0.000,joint_grid_transaction,15,15,3,4,None,0.000,1.00
43.008,8,returning_home,6.965,-0.252,7.000,0.000,joint_grid_transaction,15,15,2,3,None,0.000,1.00
43.264,1,en_route_delivery,-4.235,0.895,-3.000,-1.500,joint_grid_transaction,15,15,2,8,1,0.000,1.00
43.264,2,en_route_pickup,-5.111,1.157,-1.000,1.500,joint_grid_transaction,15,15,3,9,2,0.000,1.00
43.264,3,en_route_pickup,-2.767,2.995,-3.000,1.500,joint_grid_transaction,15,15,3,9,3,0.000,1.00
43.264,4,en_route_pickup,4.235,0.855,0.000,3.500,joint_grid_transaction,15,15,3,9,4,0.000,1.00
43.264,5,en_route_pickup,-6.111,1.410,1.000,1.500,joint_grid_transaction,15,15,3,9,5,0.000,1.00
43.264,6,en_route_pickup,4.884,-0.045,-1.000,-1.500,joint_grid_transaction,15,15,3,9,6,0.000,1.00
43.264,7,returning_home,-7.012,0.392,-7.000,0.000,joint_grid_transaction,15,15,3,4,None,0.000,1.00
43.264,8,returning_home,6.963,-0.222,7.000,0.000,joint_grid_transaction,15,15,2,3,None,0.000,1.00
43.520,1,en_route_delivery,-4.240,0.852,-3.000,-1.500,joint_grid_transaction,15,15,2,8,1,0.000,1.00
43.520,2,en_route_pickup,-5.092,1.200,-1.000,1.500,joint_grid_transaction,15,15,3,9,2,0.000,1.00
43.520,3,en_route_pickup,-2.780,2.979,-3.000,1.500,joint_grid_transaction,15,15,3,9,3,0.000,1.00
43.520,4,en_route_pickup,4.240,0.898,0.000,3.500,joint_grid_transaction,15,15,3,9,4,0.000,1.00
43.520,5,en_route_pickup,-6.092,1.453,1.000,1.500,joint_grid_transaction,15,15,3,9,5,0.000,1.00
43.520,6,en_route_pickup,4.836,-0.040,-1.000,-1.500,joint_grid_transaction,15,15,3,9,6,0.000,1.00
43.520,7,returning_home,-7.008,0.346,-7.000,0.000,joint_grid_transaction,15,15,3,4,None,0.000,1.00
43.520,8,en_route_pickup,6.962,-0.215,0.000,-3.500,joint_grid_transaction,15,15,3,3,7,0.000,1.00
43.776,1,en_route_delivery,-4.244,0.810,-3.000,-1.500,joint_grid_transaction,15,15,2,8,1,0.000,1.00
43.776,2,en_route_pickup,-5.076,1.245,-1.000,1.500,joint_grid_transaction,15,15,3,9,2,0.000,1.00
43.776,3,en_route_pickup,-2.818,2.951,-3.000,1.500,joint_grid_transaction,15,15,3,9,3,0.000,1.00
43.776,4,en_route_pickup,4.244,0.940,0.000,3.500,joint_grid_transaction,15,15,3,9,4,0.000,1.00
43.776,5,en_route_pickup,-6.074,1.497,1.000,1.500,joint_grid_transaction,15,15,3,9,5,0.000,1.00
43.776,6,en_route_pickup,4.789,-0.035,-1.000,-1.500,joint_grid_transaction,15,15,3,9,6,0.000,1.00
43.776,7,returning_home,-7.004,0.303,-7.000,0.000,joint_grid_transaction,15,15,3,4,None,0.000,1.00
43.776,8,en_route_pickup,6.962,-0.215,0.000,-3.500,joint_grid_transaction,15,15,3,3,7,0.000,1.00
44.032,1,en_route_delivery,-4.249,0.770,-3.000,-1.500,joint_grid_transaction,16,16,1,9,1,0.000,1.00
44.032,2,en_route_pickup,-5.060,1.290,-1.000,1.500,joint_grid_transaction,16,16,1,9,2,0.000,1.00
44.032,3,en_route_pickup,-2.853,2.923,-3.000,1.500,joint_grid_transaction,16,16,2,8,3,0.000,1.00
44.032,4,en_route_pickup,4.248,0.981,0.000,3.500,joint_grid_transaction,16,16,1,9,4,0.000,1.00
44.032,5,en_route_pickup,-6.059,1.541,1.000,1.500,joint_grid_transaction,16,16,1,9,5,0.000,1.00
44.032,6,en_route_pickup,4.741,-0.029,-1.000,-1.500,joint_grid_transaction,16,16,1,9,6,0.000,1.00
44.032,7,returning_home,-7.000,0.261,-7.000,0.000,joint_grid_transaction,16,16,1,2,None,0.000,1.00
44.032,8,en_route_pickup,6.961,-0.217,0.000,-3.500,joint_grid_transaction,16,16,2,9,7,0.000,1.00
44.288,1,en_route_delivery,-4.253,0.730,-3.000,-1.500,joint_grid_transaction,16,16,1,9,1,0.000,1.00
44.288,2,en_route_pickup,-5.052,1.281,-1.000,1.500,joint_grid_transaction,16,16,2,9,2,0.000,1.00
44.288,3,en_route_pickup,-2.859,2.917,-3.000,1.500,joint_grid_transaction,16,16,2,8,3,0.000,1.00
44.288,4,en_route_pickup,4.253,1.021,0.000,3.500,joint_grid_transaction,16,16,1,9,4,0.000,1.00
44.288,5,en_route_pickup,-6.051,1.530,1.000,1.500,joint_grid_transaction,16,16,2,9,5,0.000,1.00
44.288,6,en_route_pickup,4.695,-0.024,-1.000,-1.500,joint_grid_transaction,16,16,2,9,6,0.000,1.00
44.288,7,returning_home,-6.997,0.220,-7.000,0.000,joint_grid_transaction,16,16,1,2,None,0.000,1.00
44.288,8,en_route_pickup,6.954,-0.236,0.000,-3.500,joint_grid_transaction,16,16,2,9,7,0.000,1.00
44.544,1,en_route_delivery,-4.257,0.691,-3.000,-1.500,joint_grid_transaction,16,16,2,9,1,0.000,1.00
44.544,2,en_route_pickup,-5.041,1.274,-1.000,1.500,joint_grid_transaction,16,16,2,9,2,0.000,1.00
44.544,3,en_route_pickup,-2.859,2.917,-3.000,1.500,joint_grid_transaction,16,16,2,8,3,0.000,1.00
44.544,4,en_route_pickup,4.257,1.060,0.000,3.500,joint_grid_transaction,16,16,2,9,4,0.000,1.00
44.544,5,en_route_pickup,-6.038,1.529,1.000,1.500,joint_grid_transaction,16,16,2,9,5,0.000,1.00
44.544,6,en_route_pickup,4.650,-0.019,-1.000,-1.500,joint_grid_transaction,16,16,2,9,6,0.000,1.00
44.544,7,en_route_pickup,-6.997,0.218,-6.000,-3.500,joint_grid_transaction,16,16,2,1,8,0.000,1.00
44.544,8,en_route_pickup,6.934,-0.263,0.000,-3.500,joint_grid_transaction,16,16,2,9,7,0.000,1.00
44.800,1,en_route_delivery,-4.261,0.652,-3.000,-1.500,joint_grid_transaction,16,16,2,9,1,0.000,1.00
44.800,2,en_route_pickup,-5.011,1.310,-1.000,1.500,joint_grid_transaction,16,16,2,9,2,0.000,1.00
44.800,3,en_route_pickup,-2.859,2.917,-3.000,1.500,joint_grid_transaction,16,16,2,8,3,0.000,1.00
44.800,4,en_route_pickup,4.261,1.099,0.000,3.500,joint_grid_transaction,16,16,2,9,4,0.000,1.00
44.800,5,en_route_pickup,-6.007,1.565,1.000,1.500,joint_grid_transaction,16,16,2,9,5,0.000,1.00
44.800,6,en_route_pickup,4.606,-0.015,-1.000,-1.500,joint_grid_transaction,16,16,2,9,6,0.000,1.00
44.800,7,en_route_pickup,-6.997,0.218,-6.000,-3.500,joint_grid_transaction,16,16,2,1,8,0.000,1.00
44.800,8,en_route_pickup,6.911,-0.284,0.000,-3.500,joint_grid_transaction,16,16,2,9,7,0.000,1.00
45.056,1,en_route_delivery,-4.265,0.614,-3.000,-1.500,joint_grid_transaction,17,17,2,9,1,0.000,1.00
45.056,2,en_route_pickup,-4.980,1.342,-1.000,1.500,joint_grid_transaction,17,17,2,9,2,0.000,1.00
45.056,3,en_route_pickup,-2.860,2.917,-3.000,1.500,joint_grid_transaction,17,17,1,7,3,0.000,1.00
45.056,4,en_route_pickup,4.264,1.137,0.000,3.500,joint_grid_transaction,17,17,2,9,4,0.000,1.00
45.056,5,en_route_pickup,-5.975,1.596,1.000,1.500,joint_grid_transaction,17,17,2,9,5,0.000,1.00
45.056,6,en_route_pickup,4.564,-0.011,-1.000,-1.500,joint_grid_transaction,17,17,2,9,6,0.000,1.00
45.056,7,en_route_pickup,-6.995,0.222,-6.000,-3.500,joint_grid_transaction,17,17,1,9,8,0.000,1.00
45.056,8,en_route_pickup,6.896,-0.293,0.000,-3.500,joint_grid_transaction,17,17,2,9,7,0.000,1.00
45.312,1,en_route_delivery,-4.269,0.577,-3.000,-1.500,joint_grid_transaction,17,17,2,9,1,0.000,1.00
45.312,2,en_route_pickup,-4.944,1.373,-1.000,1.500,joint_grid_transaction,17,17,2,9,2,0.000,1.00
45.312,3,en_route_pickup,-2.860,2.917,-3.000,1.500,joint_grid_transaction,17,17,1,7,3,0.000,1.00
45.312,4,en_route_pickup,4.268,1.174,0.000,3.500,joint_grid_transaction,17,17,2,9,4,0.000,1.00
45.312,5,en_route_pickup,-5.940,1.627,1.000,1.500,joint_grid_transaction,17,17,2,9,5,0.000,1.00
45.312,6,en_route_pickup,4.522,-0.006,-1.000,-1.500,joint_grid_transaction,17,17,2,9,6,0.000,1.00
45.312,7,en_route_pickup,-6.985,0.244,-6.000,-3.500,joint_grid_transaction,17,17,1,9,8,0.000,1.00
45.312,8,en_route_pickup,6.869,-0.285,0.000,-3.500,joint_grid_transaction,17,17,2,9,7,0.000,1.00
45.568,1,en_route_delivery,-4.272,0.542,-3.000,-1.500,joint_grid_transaction,17,17,2,9,1,0.000,1.00
45.568,2,en_route_pickup,-4.933,1.382,-1.000,1.500,joint_grid_transaction,17,17,2,9,2,0.000,1.00
45.568,3,en_route_pickup,-2.860,2.917,-3.000,1.500,joint_grid_transaction,17,17,1,7,3,0.000,1.00
45.568,4,en_route_pickup,4.272,1.210,0.000,3.500,joint_grid_transaction,17,17,2,9,4,0.000,1.00
45.568,5,en_route_pickup,-5.933,1.633,1.000,1.500,joint_grid_transaction,17,17,2,9,5,0.000,1.00
45.568,6,en_route_pickup,4.481,-0.002,-1.000,-1.500,joint_grid_transaction,17,17,2,9,6,0.000,1.00
45.568,7,en_route_pickup,-6.963,0.271,-6.000,-3.500,joint_grid_transaction,17,17,1,9,8,0.000,1.00
45.568,8,en_route_pickup,6.824,-0.271,0.000,-3.500,joint_grid_transaction,17,17,2,9,7,0.000,1.00
45.824,1,en_route_delivery,-4.276,0.508,-3.000,-1.500,joint_grid_transaction,17,17,2,9,1,0.000,1.00
45.824,2,en_route_pickup,-4.933,1.382,-1.000,1.500,joint_grid_transaction,17,17,2,9,2,0.000,1.00
45.824,3,en_route_pickup,-2.860,2.917,-3.000,1.500,joint_grid_transaction,17,17,1,7,3,0.000,1.00
45.824,4,en_route_pickup,4.275,1.244,0.000,3.500,joint_grid_transaction,17,17,2,9,4,0.000,1.00
45.824,5,en_route_pickup,-5.933,1.633,1.000,1.500,joint_grid_transaction,17,17,2,9,5,0.000,1.00
45.824,6,en_route_pickup,4.468,-0.000,-1.000,-1.500,joint_grid_transaction,17,17,2,9,6,0.000,1.00
45.824,7,en_route_pickup,-6.942,0.290,-6.000,-3.500,joint_grid_transaction,17,17,2,9,8,0.000,1.00
45.824,8,en_route_pickup,6.778,-0.262,0.000,-3.500,joint_grid_transaction,17,17,2,9,7,0.000,1.00
46.080,1,en_route_delivery,-4.279,0.475,-3.000,-1.500,joint_grid_transaction,17,17,2,9,1,0.000,1.00
46.080,2,en_route_pickup,-4.933,1.382,-1.000,1.500,joint_grid_transaction,17,17,2,9,2,0.000,1.00
46.080,3,en_route_pickup,-2.860,2.917,-3.000,1.500,joint_grid_transaction,17,17,1,7,3,0.000,1.00
46.080,4,en_route_pickup,4.278,1.276,0.000,3.500,joint_grid_transaction,17,17,2,9,4,0.000,1.00
46.080,5,en_route_pickup,-5.933,1.633,1.000,1.500,joint_grid_transaction,17,17,2,9,5,0.000,1.00
46.080,6,en_route_pickup,4.468,-0.000,-1.000,-1.500,joint_grid_transaction,17,17,2,9,6,0.000,1.00
46.080,7,en_route_pickup,-6.930,0.298,-6.000,-3.500,joint_grid_transaction,17,17,2,9,8,0.000,1.00
46.080,8,en_route_pickup,6.731,-0.256,0.000,-3.500,joint_grid_transaction,17,17,2,9,7,0.000,1.00
46.336,1,en_route_delivery,-4.282,0.441,-3.000,-1.500,joint_grid_transaction,17,17,3,9,1,0.000,1.00
46.336,2,en_route_pickup,-4.922,1.376,-1.000,1.500,joint_grid_transaction,17,17,3,9,2,0.000,1.00
46.336,3,en_route_pickup,-2.847,2.904,-3.000,1.500,joint_grid_transaction,17,17,2,7,3,0.000,1.00
46.336,4,en_route_pickup,4.282,1.311,0.000,3.500,joint_grid_transaction,17,17,3,9,4,0.000,1.00
46.336,5,en_route_pickup,-5.922,1.626,1.000,1.500,joint_grid_transaction,17,17,3,9,5,0.000,1.00
46.336,6,en_route_pickup,4.470,-0.002,-1.000,-1.500,joint_grid_transaction,17,17,3,9,6,0.000,1.00
46.336,7,en_route_pickup,-6.894,0.285,-6.000,-3.500,joint_grid_transaction,17,17,2,9,8,0.000,1.00
46.336,8,en_route_pickup,6.685,-0.251,0.000,-3.500,joint_grid_transaction,17,17,3,9,7,0.000,1.00
46.592,1,en_route_delivery,-4.286,0.407,-3.000,-1.500,joint_grid_transaction,17,17,3,9,1,0.000,1.00
46.592,2,en_route_pickup,-4.883,1.398,-1.000,1.500,joint_grid_transaction,17,17,3,9,2,0.000,1.00
46.592,3,en_route_pickup,-2.851,2.883,-3.000,1.500,joint_grid_transaction,17,17,2,7,3,0.000,1.00
46.592,4,en_route_pickup,4.285,1.346,0.000,3.500,joint_grid_transaction,17,17,3,9,4,0.000,1.00
46.592,5,en_route_pickup,-5.883,1.649,1.000,1.500,joint_grid_transaction,17,17,3,9,5,0.000,1.00
46.592,6,en_route_pickup,4.482,-0.006,-1.000,-1.500,joint_grid_transaction,17,17,3,9,6,0.000,1.00
46.592,7,en_route_pickup,-6.849,0.273,-6.000,-3.500,joint_grid_transaction,17,17,2,9,8,0.000,1.00
46.592,8,en_route_pickup,6.643,-0.248,0.000,-3.500,joint_grid_transaction,17,17,3,9,7,0.000,1.00
46.848,1,en_route_delivery,-4.289,0.373,-3.000,-1.500,joint_grid_transaction,17,17,3,9,1,0.000,1.00
46.848,2,en_route_pickup,-4.840,1.417,-1.000,1.500,joint_grid_transaction,17,17,3,9,2,0.000,1.00
46.848,3,en_route_pickup,-2.877,2.844,-3.000,1.500,joint_grid_transaction,17,17,2,7,3,0.000,1.00
46.848,4,en_route_pickup,4.288,1.379,0.000,3.500,joint_grid_transaction,17,17,3,9,4,0.000,1.00
46.848,5,en_route_pickup,-5.840,1.668,1.000,1.500,joint_grid_transaction,17,17,3,9,5,0.000,1.00
46.848,6,en_route_pickup,4.475,-0.019,-1.000,-1.500,joint_grid_transaction,17,17,3,9,6,0.000,1.00
46.848,7,en_route_pickup,-6.802,0.264,-6.000,-3.500,joint_grid_transaction,17,17,2,9,8,0.000,1.00
46.848,8,en_route_pickup,6.602,-0.245,0.000,-3.500,joint_grid_transaction,17,17,3,9,7,0.000,1.00
47.104,1,en_route_delivery,-4.292,0.341,-3.000,-1.500,joint_grid_transaction,17,17,3,9,1,0.000,1.00
47.104,2,en_route_pickup,-4.795,1.433,-1.000,1.500,joint_grid_transaction,17,17,3,9,2,0.000,1.00
47.104,3,en_route_pickup,-2.898,2.802,-3.000,1.500,joint_grid_transaction,17,17,2,7,3,0.000,1.00
47.104,4,en_route_pickup,4.292,1.412,0.000,3.500,joint_grid_transaction,17,17,3,9,4,0.000,1.00
47.104,5,en_route_pickup,-5.796,1.684,1.000,1.500,joint_grid_transaction,17,17,3,9,5,0.000,1.00
47.104,6,en_route_pickup,4.436,-0.046,-1.000,-1.500,joint_grid_transaction,17,17,3,9,6,0.000,1.00
47.104,7,en_route_pickup,-6.755,0.258,-6.000,-3.500,joint_grid_transaction,17,17,2,9,8,0.000,1.00
47.104,8,en_route_pickup,6.562,-0.241,0.000,-3.500,joint_grid_transaction,17,17,3,9,7,0.000,1.00
47.360,1,en_route_delivery,-4.295,0.310,-3.000,-1.500,joint_grid_transaction,17,17,3,9,1,0.000,1.00
47.360,2,en_route_pickup,-4.750,1.447,-1.000,1.500,joint_grid_transaction,17,17,3,9,2,0.000,1.00
47.360,3,en_route_pickup,-2.917,2.759,-3.000,1.500,joint_grid_transaction,17,17,2,7,3,0.000,1.00
47.360,4,en_route_pickup,4.295,1.443,0.000,3.500,joint_grid_transaction,17,17,3,9,4,0.000,1.00
47.360,5,en_route_pickup,-5.750,1.698,1.000,1.500,joint_grid_transaction,17,17,3,9,5,0.000,1.00
47.360,6,en_route_pickup,4.400,-0.076,-1.000,-1.500,joint_grid_transaction,17,17,3,9,6,0.000,1.00
47.360,7,en_route_pickup,-6.709,0.254,-6.000,-3.500,joint_grid_transaction,17,17,2,9,8,0.000,1.00
47.360,8,en_route_pickup,6.523,-0.238,0.000,-3.500,joint_grid_transaction,17,17,3,9,7,0.000,1.00
47.616,1,en_route_delivery,-4.298,0.281,-3.000,-1.500,joint_grid_transaction,17,17,3,9,1,0.000,1.00
47.616,2,en_route_pickup,-4.704,1.459,-1.000,1.500,joint_grid_transaction,17,17,3,9,2,0.000,1.00
47.616,3,en_route_pickup,-2.935,2.714,-3.000,1.500,joint_grid_transaction,17,17,2,7,3,0.000,1.00
47.616,4,en_route_pickup,4.297,1.472,0.000,3.500,joint_grid_transaction,17,17,3,9,4,0.000,1.00
47.616,5,en_route_pickup,-5.704,1.710,1.000,1.500,joint_grid_transaction,17,17,3,9,5,0.000,1.00
47.616,6,en_route_pickup,4.397,-0.094,-1.000,-1.500,joint_grid_transaction,17,17,4,9,6,0.000,1.00
47.616,7,en_route_pickup,-6.667,0.250,-6.000,-3.500,joint_grid_transaction,17,17,3,9,8,0.000,1.00
47.616,8,en_route_pickup,6.485,-0.235,0.000,-3.500,joint_grid_transaction,17,17,3,9,7,0.000,1.00
47.872,1,en_route_delivery,-4.301,0.253,-3.000,-1.500,joint_grid_transaction,17,17,3,9,1,0.000,1.00
47.872,2,en_route_pickup,-4.658,1.469,-1.000,1.500,joint_grid_transaction,17,17,4,9,2,0.000,1.00
47.872,3,en_route_pickup,-2.949,2.670,-3.000,1.500,joint_grid_transaction,17,17,3,7,3,0.000,1.00
47.872,4,en_route_pickup,4.300,1.500,0.000,3.500,joint_grid_transaction,17,17,3,9,4,0.000,1.00
47.872,5,en_route_pickup,-5.658,1.719,1.000,1.500,joint_grid_transaction,17,17,4,9,5,0.000,1.00
47.872,6,en_route_pickup,4.391,-0.116,-1.000,-1.500,joint_grid_transaction,17,17,4,9,6,0.000,1.00
47.872,7,en_route_pickup,-6.626,0.247,-6.000,-3.500,joint_grid_transaction,17,17,3,9,8,0.000,1.00
47.872,8,en_route_pickup,6.447,-0.232,0.000,-3.500,joint_grid_transaction,17,17,4,9,7,0.000,1.00
48.128,1,en_route_delivery,-4.302,0.232,-3.000,-1.500,joint_grid_transaction,17,17,3,9,1,0.000,1.00
48.128,2,en_route_pickup,-4.611,1.476,-1.000,1.500,joint_grid_transaction,17,17,4,9,2,0.000,1.00
48.128,3,en_route_pickup,-2.960,2.624,-3.000,1.500,joint_grid_transaction,17,17,3,7,3,0.000,1.00
48.128,4,en_route_pickup,4.301,1.521,0.000,3.500,joint_grid_transaction,17,17,3,9,4,0.000,1.00
48.128,5,en_route_pickup,-5.611,1.726,1.000,1.500,joint_grid_transaction,17,17,4,9,5,0.000,1.00
48.128,6,en_route_pickup,4.366,-0.156,-1.000,-1.500,joint_grid_transaction,17,17,4,9,6,0.000,1.00
48.128,7,en_route_pickup,-6.586,0.243,-6.000,-3.500,joint_grid_transaction,17,17,3,9,8,0.000,1.00
48.128,8,en_route_pickup,6.408,-0.229,0.000,-3.500,joint_grid_transaction,17,17,4,9,7,0.000,1.00
48.384,1,en_route_delivery,-4.303,0.210,-3.000,-1.500,joint_grid_transaction,17,17,3,9,1,0.000,1.00
48.384,2,en_route_pickup,-4.563,1.482,-1.000,1.500,joint_grid_transaction,17,17,4,9,2,0.000,1.00
48.384,3,en_route_pickup,-2.969,2.577,-3.000,1.500,joint_grid_transaction,17,17,3,7,3,0.000,1.00
48.384,4,en_route_pickup,4.303,1.545,0.000,3.500,joint_grid_transaction,17,17,4,9,4,0.000,1.00
48.384,5,en_route_pickup,-5.563,1.732,1.000,1.500,joint_grid_transaction,17,17,4,9,5,0.000,1.00
48.384,6,en_route_pickup,4.346,-0.199,-1.000,-1.500,joint_grid_transaction,17,17,4,9,6,0.000,1.00
48.384,7,en_route_pickup,-6.546,0.240,-6.000,-3.500,joint_grid_transaction,17,17,3,9,8,0.000,1.00
48.384,8,en_route_pickup,6.371,-0.226,0.000,-3.500,joint_grid_transaction,17,17,4,9,7,0.000,1.00
48.640,1,en_route_delivery,-4.305,0.176,-3.000,-1.500,joint_grid_transaction,17,17,4,9,1,0.000,1.00
48.640,2,en_route_pickup,-4.517,1.486,-1.000,1.500,joint_grid_transaction,17,17,4,9,2,0.000,1.00
48.640,3,en_route_pickup,-2.976,2.530,-3.000,1.500,joint_grid_transaction,17,17,3,7,3,0.000,1.00
48.640,4,en_route_pickup,4.305,1.579,0.000,3.500,joint_grid_transaction,17,17,4,9,4,0.000,1.00
48.640,5,en_route_pickup,-5.517,1.736,1.000,1.500,joint_grid_transaction,17,17,4,9,5,0.000,1.00
48.640,6,en_route_pickup,4.327,-0.243,-1.000,-1.500,joint_grid_transaction,17,17,4,9,6,0.000,1.00
48.640,7,en_route_pickup,-6.507,0.237,-6.000,-3.500,joint_grid_transaction,17,17,3,9,8,0.000,1.00
48.640,8,en_route_pickup,6.335,-0.223,0.000,-3.500,joint_grid_transaction,17,17,4,9,7,0.000,1.00
48.896,1,en_route_delivery,-4.307,0.143,-3.000,-1.500,joint_grid_transaction,17,17,4,9,1,0.000,1.00
48.896,2,en_route_pickup,-4.473,1.490,-1.000,1.500,joint_grid_transaction,17,17,4,9,2,0.000,1.00
48.896,3,en_route_pickup,-2.982,2.482,-3.000,1.500,joint_grid_transaction,17,17,3,7,3,0.000,1.00
48.896,4,en_route_pickup,4.307,1.612,0.000,3.500,joint_grid_transaction,17,17,4,9,4,0.000,1.00
48.896,5,en_route_pickup,-5.473,1.740,1.000,1.500,joint_grid_transaction,17,17,4,9,5,0.000,1.00
48.896,6,en_route_pickup,4.311,-0.287,-1.000,-1.500,joint_grid_transaction,17,17,4,9,6,0.000,1.00
48.896,7,en_route_pickup,-6.470,0.233,-6.000,-3.500,joint_grid_transaction,17,17,3,9,8,0.000,1.00
48.896,8,en_route_pickup,6.299,-0.220,0.000,-3.500,joint_grid_transaction,17,17,4,9,7,0.000,1.00
49.152,1,en_route_delivery,-4.309,0.112,-3.000,-1.500,joint_grid_transaction,18,18,2,9,1,0.000,1.00
49.152,2,en_route_pickup,-4.469,1.494,-1.000,1.500,joint_grid_transaction,18,18,2,9,2,0.000,1.00
49.152,3,en_route_pickup,-2.987,2.436,-3.000,1.500,joint_grid_transaction,18,18,2,9,3,0.000,1.00
49.152,4,en_route_pickup,4.309,1.643,0.000,3.500,joint_grid_transaction,18,18,2,9,4,0.000,1.00
49.152,5,en_route_pickup,-5.469,1.744,1.000,1.500,joint_grid_transaction,18,18,2,9,5,0.000,1.00
49.152,6,en_route_pickup,4.297,-0.332,-1.000,-1.500,joint_grid_transaction,18,18,2,9,6,0.000,1.00
49.152,7,en_route_pickup,-6.432,0.230,-6.000,-3.500,joint_grid_transaction,18,18,2,9,8,0.000,1.00
49.152,8,en_route_pickup,6.266,-0.217,0.000,-3.500,joint_grid_transaction,18,18,1,8,7,0.000,1.00
49.408,1,en_route_delivery,-4.311,0.081,-3.000,-1.500,joint_grid_transaction,18,18,2,9,1,0.000,1.00
49.408,2,en_route_pickup,-4.481,1.499,-1.000,1.500,joint_grid_transaction,18,18,2,9,2,0.000,1.00
49.408,3,en_route_pickup,-2.991,2.393,-3.000,1.500,joint_grid_transaction,18,18,2,9,3,0.000,1.00
49.408,4,en_route_pickup,4.310,1.674,0.000,3.500,joint_grid_transaction,18,18,2,9,4,0.000,1.00
49.408,5,en_route_pickup,-5.481,1.749,1.000,1.500,joint_grid_transaction,18,18,2,9,5,0.000,1.00
49.408,6,en_route_pickup,4.286,-0.378,-1.000,-1.500,joint_grid_transaction,18,18,2,9,6,0.000,1.00
49.408,7,en_route_pickup,-6.395,0.227,-6.000,-3.500,joint_grid_transaction,18,18,2,9,8,0.000,1.00
49.408,8,en_route_pickup,6.234,-0.214,0.000,-3.500,joint_grid_transaction,18,18,1,8,7,0.000,1.00
49.664,1,en_route_delivery,-4.312,0.052,-3.000,-1.500,joint_grid_transaction,18,18,2,9,1,0.000,1.00
49.664,2,en_route_pickup,-4.459,1.520,-1.000,1.500,joint_grid_transaction,18,18,2,9,2,0.000,1.00
49.664,3,en_route_pickup,-2.995,2.351,-3.000,1.500,joint_grid_transaction,18,18,2,9,3,0.000,1.00
49.664,4,en_route_pickup,4.312,1.703,0.000,3.500,joint_grid_transaction,18,18,2,9,4,0.000,1.00
49.664,5,en_route_pickup,-5.459,1.770,1.000,1.500,joint_grid_transaction,18,18,2,9,5,0.000,1.00
49.664,6,en_route_pickup,4.278,-0.425,-1.000,-1.500,joint_grid_transaction,18,18,2,9,6,0.000,1.00
49.664,7,en_route_pickup,-6.358,0.224,-6.000,-3.500,joint_grid_transaction,18,18,2,9,8,0.000,1.00
49.664,8,en_route_pickup,6.215,-0.213,0.000,-3.500,joint_grid_transaction,18,18,1,8,7,0.000,1.00
49.920,1,en_route_delivery,-4.314,0.024,-3.000,-1.500,joint_grid_transaction,18,18,2,9,1,0.000,1.00
49.920,2,en_route_pickup,-4.422,1.549,-1.000,1.500,joint_grid_transaction,18,18,2,9,2,0.000,1.00
49.920,3,en_route_pickup,-2.999,2.309,-3.000,1.500,joint_grid_transaction,18,18,2,9,3,0.000,1.00
49.920,4,en_route_pickup,4.314,1.730,0.000,3.500,joint_grid_transaction,18,18,2,9,4,0.000,1.00
49.920,5,en_route_pickup,-5.422,1.799,1.000,1.500,joint_grid_transaction,18,18,2,9,5,0.000,1.00
49.920,6,en_route_pickup,4.272,-0.472,-1.000,-1.500,joint_grid_transaction,18,18,2,9,6,0.000,1.00
49.920,7,en_route_pickup,-6.322,0.221,-6.000,-3.500,joint_grid_transaction,18,18,2,9,8,0.000,1.00
49.920,8,en_route_pickup,6.215,-0.213,0.000,-3.500,joint_grid_transaction,18,18,1,8,7,0.000,1.00
50.176,1,en_route_delivery,-4.315,0.001,-3.000,-1.500,joint_grid_transaction,18,18,2,9,1,0.000,1.00
50.176,2,en_route_pickup,-4.387,1.581,-1.000,1.500,joint_grid_transaction,18,18,2,9,2,0.000,1.00
50.176,3,en_route_pickup,-3.002,2.268,-3.000,1.500,joint_grid_transaction,18,18,2,9,3,0.000,1.00
50.176,4,en_route_pickup,4.315,1.753,0.000,3.500,joint_grid_transaction,18,18,2,9,4,0.000,1.00
50.176,5,en_route_pickup,-5.387,1.831,1.000,1.500,joint_grid_transaction,18,18,2,9,5,0.000,1.00
50.176,6,en_route_pickup,4.266,-0.520,-1.000,-1.500,joint_grid_transaction,18,18,2,9,6,0.000,1.00
50.176,7,en_route_pickup,-6.288,0.218,-6.000,-3.500,joint_grid_transaction,18,18,2,9,8,0.000,1.00
50.176,8,en_route_pickup,6.211,-0.212,0.000,-3.500,joint_grid_transaction,18,18,1,8,7,0.000,1.00
50.432,1,en_route_delivery,-4.315,-0.020,-3.000,-1.500,joint_grid_transaction,18,18,2,9,1,0.000,1.00
50.432,2,en_route_pickup,-4.396,1.593,-1.000,1.500,joint_grid_transaction,18,18,3,9,2,0.000,1.00
50.432,3,en_route_pickup,-3.006,2.228,-3.000,1.500,joint_grid_transaction,18,18,2,9,3,0.000,1.00
50.432,4,en_route_pickup,4.315,1.774,0.000,3.500,joint_grid_transaction,18,18,2,9,4,0.000,1.00
50.432,5,en_route_pickup,-5.387,1.833,1.000,1.500,joint_grid_transaction,18,18,3,9,5,0.000,1.00
50.432,6,en_route_pickup,4.262,-0.565,-1.000,-1.500,joint_grid_transaction,18,18,3,9,6,0.000,1.00
50.432,7,en_route_pickup,-6.255,0.215,-6.000,-3.500,joint_grid_transaction,18,18,2,9,8,0.000,1.00
50.432,8,en_route_pickup,6.176,-0.209,0.000,-3.500,joint_grid_transaction,18,18,2,8,7,0.000,1.00
50.688,1,en_route_delivery,-4.316,-0.044,-3.000,-1.500,joint_grid_transaction,18,18,2,9,1,0.000,1.00
50.688,2,en_route_pickup,-4.376,1.626,-1.000,1.500,joint_grid_transaction,18,18,3,9,2,0.000,1.00
50.688,3,en_route_pickup,-3.006,2.218,-3.000,1.500,joint_grid_transaction,18,18,3,9,3,0.000,1.00
50.688,4,en_route_pickup,4.315,1.791,0.000,3.500,joint_grid_transaction,18,18,2,9,4,0.000,1.00
50.688,5,en_route_pickup,-5.387,1.833,1.000,1.500,joint_grid_transaction,18,18,3,9,5,0.000,1.00
50.688,6,en_route_pickup,4.258,-0.607,-1.000,-1.500,joint_grid_transaction,18,18,3,9,6,0.000,1.00
50.688,7,en_route_pickup,-6.225,0.213,-6.000,-3.500,joint_grid_transaction,18,18,2,9,8,0.000,1.00
50.688,8,en_route_pickup,6.142,-0.206,0.000,-3.500,joint_grid_transaction,18,18,2,8,7,0.000,1.00
50.944,1,en_route_delivery,-4.315,-0.081,-3.000,-1.500,joint_grid_transaction,18,18,3,9,1,0.000,1.00
50.944,2,en_route_pickup,-4.353,1.668,-1.000,1.500,joint_grid_transaction,18,18,3,9,2,0.000,1.00
50.944,3,en_route_pickup,-3.002,2.231,-3.000,1.500,joint_grid_transaction,18,18,3,9,3,0.000,1.00
50.944,4,en_route_pickup,4.312,1.778,0.000,3.500,joint_grid_transaction,18,18,3,9,4,0.000,1.00
50.944,5,en_route_pickup,-5.387,1.833,1.000,1.500,joint_grid_transaction,18,18,3,9,5,0.000,1.00
50.944,6,en_route_pickup,4.254,-0.650,-1.000,-1.500,joint_grid_transaction,18,18,3,9,6,0.000,1.00
50.944,7,en_route_pickup,-6.220,0.210,-6.000,-3.500,joint_grid_transaction,18,18,3,9,8,0.000,1.00
50.944,8,en_route_pickup,6.109,-0.204,0.000,-3.500,joint_grid_transaction,18,18,2,8,7,0.000,1.00
51.200,1,en_route_delivery,-4.315,-0.118,-3.000,-1.500,joint_grid_transaction,18,18,3,9,1,0.000,1.00
51.200,2,en_route_pickup,-4.334,1.711,-1.000,1.500,joint_grid_transaction,18,18,3,9,2,0.000,1.00
51.200,3,en_route_pickup,-2.990,2.227,-3.000,1.500,joint_grid_transaction,18,18,3,9,3,0.000,1.00
51.200,4,en_route_pickup,4.304,1.764,0.000,3.500,joint_grid_transaction,18,18,3,9,4,0.000,1.00
51.200,5,en_route_pickup,-5.387,1.833,1.000,1.500,joint_grid_transaction,18,18,3,9,5,0.000,1.00
51.200,6,en_route_pickup,4.250,-0.691,-1.000,-1.500,joint_grid_transaction,18,18,3,9,6,0.000,1.00
51.200,7,en_route_pickup,-6.230,0.207,-6.000,-3.500,joint_grid_transaction,18,18,3,9,8,0.000,1.00
51.200,8,en_route_pickup,6.078,-0.201,0.000,-3.500,joint_grid_transaction,18,18,2,8,7,0.000,1.00
51.456,1,en_route_delivery,-4.315,-0.154,-3.000,-1.500,joint_grid_transaction,18,18,3,9,1,0.000,1.00
51.456,2,en_route_pickup,-4.317,1.755,-1.000,1.500,joint_grid_transaction,18,18,3,9,2,0.000,1.00
51.456,3,en_route_pickup,-2.962,2.189,-3.000,1.500,joint_grid_transaction,18,18,3,9,3,0.000,1.00
51.456,4,en_route_pickup,4.284,1.779,0.000,3.500,joint_grid_transaction,18,18,3,9,4,0.000,1.00
51.456,5,en_route_pickup,-5.386,1.834,1.000,1.500,joint_grid_transaction,18,18,4,9,5,0.000,1.00
51.456,6,en_route_pickup,4.246,-0.731,-1.000,-1.500,joint_grid_transaction,18,18,3,9,6,0.000,1.00
51.456,7,en_route_pickup,-6.193,0.184,-6.000,-3.500,joint_grid_transaction,18,18,3,9,8,0.000,1.00
51.456,8,en_route_pickup,6.048,-0.198,0.000,-3.500,joint_grid_transaction,18,18,2,8,7,0.000,1.00
51.712,1,en_route_delivery,-4.314,-0.189,-3.000,-1.500,joint_grid_transaction,18,18,3,9,1,0.000,1.00
51.712,2,en_route_pickup,-4.303,1.791,-1.000,1.500,joint_grid_transaction,18,18,4,9,2,0.000,1.00
51.712,3,en_route_pickup,-2.932,2.153,-3.000,1.500,joint_grid_transaction,18,18,3,9,3,0.000,1.00
51.712,4,en_route_pickup,4.253,1.814,0.000,3.500,joint_grid_transaction,18,18,3,9,4,0.000,1.00
51.712,5,en_route_pickup,-5.386,1.834,1.000,1.500,joint_grid_transaction,18,18,4,9,5,0.000,1.00
51.712,6,en_route_pickup,4.243,-0.771,-1.000,-1.500,joint_grid_transaction,18,18,3,9,6,0.000,1.00
51.712,7,en_route_pickup,-6.154,0.158,-6.000,-3.500,joint_grid_transaction,18,18,3,9,8,0.000,1.00
51.712,8,en_route_pickup,6.020,-0.196,0.000,-3.500,joint_grid_transaction,18,18,2,8,7,0.000,1.00
51.968,1,en_route_delivery,-4.313,-0.223,-3.000,-1.500,joint_grid_transaction,18,18,3,9,1,0.000,1.00
51.968,2,en_route_pickup,-4.296,1.777,-1.000,1.500,joint_grid_transaction,18,18,4,9,2,0.000,1.00
51.968,3,en_route_pickup,-2.912,2.144,-3.000,1.500,joint_grid_transaction,18,18,4,9,3,0.000,1.00
51.968,4,en_route_pickup,4.218,1.846,0.000,3.500,joint_grid_transaction,18,18,3,9,4,0.000,1.00
51.968,5,en_route_pickup,-5.386,1.834,1.000,1.500,joint_grid_transaction,18,18,4,9,5,0.000,1.00
51.968,6,en_route_pickup,4.239,-0.810,-1.000,-1.500,joint_grid_transaction,18,18,4,9,6,0.000,1.00
51.968,7,en_route_pickup,-6.161,0.143,-6.000,-3.500,joint_grid_transaction,18,18,4,9,8,0.000,1.00
51.968,8,en_route_pickup,5.996,-0.194,0.000,-3.500,joint_grid_transaction,18,18,2,8,7,0.000,1.00
52.224,1,en_route_delivery,-4.312,-0.256,-3.000,-1.500,joint_grid_transaction,18,18,3,9,1,0.000,1.00
52.224,2,en_route_pickup,-4.279,1.786,-1.000,1.500,joint_grid_transaction,18,18,4,9,2,0.000,1.00
52.224,3,en_route_pickup,-2.890,2.140,-3.000,1.500,joint_grid_transaction,18,18,4,9,3,0.000,1.00
52.224,4,en_route_pickup,4.182,1.877,0.000,3.500,joint_grid_transaction,18,18,3,9,4,0.000,1.00
52.224,5,en_route_pickup,-5.386,1.834,1.000,1.500,joint_grid_transaction,18,18,4,9,5,0.000,1.00
52.224,6,en_route_pickup,4.235,-0.849,-1.000,-1.500,joint_grid_transaction,18,18,4,9,6,0.000,1.00
52.224,7,en_route_pickup,-6.160,0.124,-6.000,-3.500,joint_grid_transaction,18,18,4,9,8,0.000,1.00
52.224,8,en_route_pickup,5.975,-0.193,0.000,-3.500,joint_grid_transaction,18,18,2,8,7,0.000,1.00
52.480,1,en_route_delivery,-4.310,-0.289,-3.000,-1.500,joint_grid_transaction,18,18,3,9,1,0.000,1.00
52.480,2,en_route_pickup,-4.247,1.821,-1.000,1.500,joint_grid_transaction,18,18,4,9,2,0.000,1.00
52.480,3,en_route_pickup,-2.850,2.116,-3.000,1.500,joint_grid_transaction,18,18,4,9,3,0.000,1.00
52.480,4,en_route_pickup,4.164,1.879,0.000,3.500,joint_grid_transaction,18,18,4,9,4,0.000,1.00
52.480,5,en_route_pickup,-5.386,1.834,1.000,1.500,joint_grid_transaction,18,18,4,9,5,0.000,1.00
52.480,6,en_route_pickup,4.232,-0.887,-1.000,-1.500,joint_grid_transaction,18,18,4,9,6,0.000,1.00
52.480,7,en_route_pickup,-6.133,0.085,-6.000,-3.500,joint_grid_transaction,18,18,4,9,8,0.000,1.00
52.480,8,en_route_pickup,5.949,-0.192,0.000,-3.500,joint_grid_transaction,18,18,2,8,7,0.000,1.00
52.736,1,en_route_delivery,-4.308,-0.332,-3.000,-1.500,joint_grid_transaction,18,18,4,9,1,0.000,1.00
52.736,2,en_route_pickup,-4.220,1.847,-1.000,1.500,joint_grid_transaction,18,18,4,9,2,0.000,0.85
52.736,3,en_route_pickup,-2.808,2.095,-3.000,1.500,joint_grid_transaction,18,18,4,9,3,0.000,1.00
52.736,4,en_route_pickup,4.123,1.901,0.000,3.500,joint_grid_transaction,18,18,4,9,4,0.000,1.00
52.736,5,en_route_pickup,-5.374,1.827,1.000,1.500,joint_grid_transaction,18,18,5,9,5,0.000,1.00
52.736,6,en_route_pickup,4.229,-0.924,-1.000,-1.500,joint_grid_transaction,18,18,4,9,6,0.000,1.00
52.736,7,en_route_pickup,-6.110,0.044,-6.000,-3.500,joint_grid_transaction,18,18,4,9,8,0.000,1.00
52.736,8,en_route_pickup,5.915,-0.191,0.000,-3.500,joint_grid_transaction,18,18,3,8,7,0.000,1.00
52.992,1,en_route_delivery,-4.305,-0.374,-3.000,-1.500,joint_grid_transaction,19,19,2,9,1,0.000,1.00
52.992,2,en_route_pickup,-4.196,1.869,-1.000,1.500,joint_grid_transaction,19,19,2,9,2,0.000,0.85
52.992,3,en_route_pickup,-2.770,2.084,-3.000,1.500,joint_grid_transaction,19,19,0,8,3,0.000,1.00
52.992,4,en_route_pickup,4.089,1.916,0.000,3.500,joint_grid_transaction,19,19,1,8,4,0.000,1.00
52.992,5,en_route_pickup,-5.341,1.846,1.000,1.500,joint_grid_transaction,19,19,1,8,5,0.000,1.00
52.992,6,en_route_pickup,4.225,-0.959,-1.000,-1.500,joint_grid_transaction,19,19,1,8,6,0.000,1.00
52.992,7,en_route_pickup,-6.089,0.002,-6.000,-3.500,joint_grid_transaction,19,19,1,8,8,0.000,1.00
52.992,8,en_route_pickup,5.884,-0.189,0.000,-3.500,joint_grid_transaction,19,19,2,9,7,0.000,1.00
53.248,1,en_route_delivery,-4.301,-0.420,-3.000,-1.500,joint_grid_transaction,19,19,2,9,1,0.000,1.00
53.248,2,en_route_pickup,-4.182,1.880,-1.000,1.500,joint_grid_transaction,19,19,2,9,2,0.000,1.00
53.248,3,en_route_pickup,-2.763,2.086,-3.000,1.500,joint_grid_transaction,19,19,0,8,3,0.000,1.00
53.248,4,en_route_pickup,4.089,1.916,0.000,3.500,joint_grid_transaction,19,19,1,8,4,0.000,1.00
53.248,5,en_route_pickup,-5.321,1.836,1.000,1.500,joint_grid_transaction,19,19,1,8,5,0.000,1.00
53.248,6,en_route_pickup,4.222,-0.993,-1.000,-1.500,joint_grid_transaction,19,19,1,8,6,0.000,1.00
53.248,7,en_route_pickup,-6.070,-0.042,-6.000,-3.500,joint_grid_transaction,19,19,1,8,8,0.000,1.00
53.248,8,en_route_pickup,5.853,-0.188,0.000,-3.500,joint_grid_transaction,19,19,2,9,7,0.000,1.00
53.504,1,en_route_delivery,-4.296,-0.467,-3.000,-1.500,joint_grid_transaction,19,19,2,9,1,0.000,1.00
53.504,2,en_route_pickup,-4.182,1.880,-1.000,1.500,joint_grid_transaction,19,19,2,9,2,0.000,1.00
53.504,3,en_route_pickup,-2.780,2.092,-3.000,1.500,joint_grid_transaction,19,19,0,8,3,0.000,1.00
53.504,4,en_route_pickup,4.089,1.916,0.000,3.500,joint_grid_transaction,19,19,1,8,4,0.000,1.00
53.504,5,en_route_pickup,-5.315,1.834,1.000,1.500,joint_grid_transaction,19,19,1,8,5,0.000,1.00
53.504,6,en_route_pickup,4.219,-1.026,-1.000,-1.500,joint_grid_transaction,19,19,1,8,6,0.000,1.00
53.504,7,en_route_pickup,-6.070,-0.042,-6.000,-3.500,joint_grid_transaction,19,19,1,8,8,0.000,1.00
53.504,8,en_route_pickup,5.823,-0.186,0.000,-3.500,joint_grid_transaction,19,19,2,9,7,0.000,1.00
53.760,1,en_route_delivery,-4.290,-0.515,-3.000,-1.500,joint_grid_transaction,19,19,2,9,1,0.000,1.00
53.760,2,en_route_pickup,-4.182,1.880,-1.000,1.500,joint_grid_transaction,19,19,2,9,2,0.000,1.00
53.760,3,en_route_pickup,-2.807,2.111,-3.000,1.500,joint_grid_transaction,19,19,0,8,3,0.000,1.00
53.760,4,en_route_pickup,4.089,1.916,0.000,3.500,joint_grid_transaction,19,19,1,8,4,0.000,1.00
53.760,5,en_route_pickup,-5.301,1.834,1.000,1.500,joint_grid_transaction,19,19,1,8,5,0.000,0.85
53.760,6,en_route_pickup,4.219,-1.033,-1.000,-1.500,joint_grid_transaction,19,19,1,8,6,0.000,1.00
53.760,7,en_route_pickup,-6.070,-0.042,-6.000,-3.500,joint_grid_transaction,19,19,1,8,8,0.000,1.00
53.760,8,en_route_pickup,5.795,-0.184,0.000,-3.500,joint_grid_transaction,19,19,2,9,7,0.000,1.00
54.016,1,en_route_delivery,-4.287,-0.536,-3.000,-1.500,joint_grid_transaction,19,19,2,9,1,0.000,1.00
54.016,2,en_route_pickup,-4.182,1.880,-1.000,1.500,joint_grid_transaction,19,19,2,9,2,0.000,1.00
54.016,3,en_route_pickup,-2.821,2.126,-3.000,1.500,joint_grid_transaction,19,19,1,8,3,0.000,1.00
54.016,4,en_route_pickup,4.089,1.916,0.000,3.500,joint_grid_transaction,19,19,1,8,4,0.000,1.00
54.016,5,en_route_pickup,-5.285,1.835,1.000,1.500,joint_grid_transaction,19,19,1,8,5,0.000,0.85
54.016,6,en_route_pickup,4.219,-1.033,-1.000,-1.500,joint_grid_transaction,19,19,1,8,6,0.000,1.00
54.016,7,en_route_pickup,-6.070,-0.042,-6.000,-3.500,joint_grid_transaction,19,19,1,8,8,0.000,1.00
54.016,8,en_route_pickup,5.769,-0.183,0.000,-3.500,joint_grid_transaction,19,19,2,9,7,0.000,1.00
54.272,1,en_route_delivery,-4.284,-0.556,-3.000,-1.500,joint_grid_transaction,19,19,3,9,1,0.000,1.00
54.272,2,en_route_pickup,-4.175,1.874,-1.000,1.500,joint_grid_transaction,19,19,3,9,2,0.000,1.00
54.272,3,en_route_pickup,-2.829,2.135,-3.000,1.500,joint_grid_transaction,19,19,2,8,3,0.000,1.00
54.272,4,en_route_pickup,4.070,1.924,0.000,3.500,joint_grid_transaction,19,19,2,8,4,0.000,1.00
54.272,5,en_route_pickup,-5.269,1.835,1.000,1.500,joint_grid_transaction,19,19,1,8,5,0.000,0.85
54.272,6,en_route_pickup,4.217,-1.051,-1.000,-1.500,joint_grid_transaction,19,19,2,8,6,0.000,1.00
54.272,7,en_route_pickup,-6.063,-0.061,-6.000,-3.500,joint_grid_transaction,19,19,2,8,8,0.000,1.00
54.272,8,en_route_pickup,5.748,-0.182,0.000,-3.500,joint_grid_transaction,19,19,2,9,7,0.000,1.00
54.528,1,en_route_delivery,-4.277,-0.603,-3.000,-1.500,joint_grid_transaction,19,19,3,9,1,0.000,1.00
54.528,2,en_route_pickup,-4.145,1.889,-1.000,1.500,joint_grid_transaction,19,19,3,9,2,0.000,1.00
54.528,3,en_route_pickup,-2.832,2.152,-3.000,1.500,joint_grid_transaction,19,19,2,8,3,0.000,1.00
54.528,4,en_route_pickup,4.025,1.940,0.000,3.500,joint_grid_transaction,19,19,2,8,4,0.000,1.00
54.528,5,en_route_pickup,-5.251,1.834,1.000,1.500,joint_grid_transaction,19,19,1,8,5,0.000,0.85
54.528,6,en_route_pickup,4.213,-1.086,-1.000,-1.500,joint_grid_transaction,19,19,2,8,6,0.000,1.00
54.528,7,en_route_pickup,-6.048,-0.105,-6.000,-3.500,joint_grid_transaction,19,19,2,8,8,0.000,1.00
54.528,8,en_route_pickup,5.725,-0.182,0.000,-3.500,joint_grid_transaction,19,19,2,9,7,0.000,1.00
54.784,1,en_route_delivery,-4.272,-0.650,-3.000,-1.500,joint_grid_transaction,19,19,3,9,1,0.000,1.00
54.784,2,en_route_pickup,-4.102,1.909,-1.000,1.500,joint_grid_transaction,19,19,3,9,2,0.000,1.00
54.784,3,en_route_pickup,-2.811,2.194,-3.000,1.500,joint_grid_transaction,19,19,2,8,3,0.000,1.00
54.784,4,en_route_pickup,3.979,1.954,0.000,3.500,joint_grid_transaction,19,19,2,8,4,0.000,1.00
54.784,5,en_route_pickup,-5.225,1.832,1.000,1.500,joint_grid_transaction,19,19,1,8,5,0.000,1.00
54.784,6,en_route_pickup,4.210,-1.120,-1.000,-1.500,joint_grid_transaction,19,19,2,8,6,0.000,1.00
54.784,7,en_route_pickup,-6.037,-0.151,-6.000,-3.500,joint_grid_transaction,19,19,2,8,8,0.000,1.00
54.784,8,en_route_pickup,5.700,-0.182,0.000,-3.500,joint_grid_transaction,19,19,3,9,7,0.000,1.00
55.040,1,en_route_delivery,-4.268,-0.696,-3.000,-1.500,joint_grid_transaction,19,19,3,9,1,0.000,1.00
55.040,2,en_route_pickup,-4.058,1.927,-1.000,1.500,joint_grid_transaction,19,19,3,9,2,0.000,1.00
55.040,3,en_route_pickup,-2.795,2.238,-3.000,1.500,joint_grid_transaction,19,19,2,8,3,0.000,1.00
55.040,4,en_route_pickup,3.965,1.958,0.000,3.500,joint_grid_transaction,19,19,2,8,4,0.000,1.00
55.040,5,en_route_pickup,-5.194,1.828,1.000,1.500,joint_grid_transaction,19,19,1,8,5,0.000,0.85
55.040,6,en_route_pickup,4.207,-1.153,-1.000,-1.500,joint_grid_transaction,19,19,2,8,6,0.000,1.00
55.040,7,en_route_pickup,-6.029,-0.198,-6.000,-3.500,joint_grid_transaction,19,19,2,8,8,0.000,1.00
55.040,8,en_route_pickup,5.661,-0.184,0.000,-3.500,joint_grid_transaction,19,19,3,9,7,0.000,1.00
55.296,1,en_route_delivery,-4.263,-0.740,-3.000,-1.500,joint_grid_transaction,19,19,3,9,1,0.000,1.00
55.296,2,en_route_pickup,-4.013,1.941,-1.000,1.500,joint_grid_transaction,19,19,3,9,2,0.000,1.00
55.296,3,en_route_pickup,-2.782,2.284,-3.000,1.500,joint_grid_transaction,19,19,2,8,3,0.000,1.00
55.296,4,en_route_pickup,3.965,1.958,0.000,3.500,joint_grid_transaction,19,19,2,8,4,0.000,1.00
55.296,5,en_route_pickup,-5.161,1.825,1.000,1.500,joint_grid_transaction,19,19,2,8,5,0.000,0.85
55.296,6,en_route_pickup,4.204,-1.184,-1.000,-1.500,joint_grid_transaction,19,19,2,8,6,0.000,1.00
55.296,7,en_route_pickup,-6.022,-0.245,-6.000,-3.500,joint_grid_transaction,19,19,2,8,8,0.000,1.00
55.296,8,en_route_pickup,5.622,-0.185,0.000,-3.500,joint_grid_transaction,19,19,3,9,7,0.000,1.00
55.552,1,en_route_delivery,-4.259,-0.784,-3.000,-1.500,joint_grid_transaction,19,19,3,9,1,0.000,1.00
55.552,2,en_route_pickup,-3.967,1.954,-1.000,1.500,joint_grid_transaction,19,19,3,9,2,0.000,1.00
55.552,3,en_route_pickup,-2.774,2.317,-3.000,1.500,joint_grid_transaction,19,19,3,8,3,0.000,1.00
55.552,4,en_route_pickup,3.932,1.966,0.000,3.500,joint_grid_transaction,19,19,3,8,4,0.000,1.00
55.552,5,en_route_pickup,-5.128,1.821,1.000,1.500,joint_grid_transaction,19,19,2,8,5,0.000,0.70
55.552,6,en_route_pickup,4.202,-1.213,-1.000,-1.500,joint_grid_transaction,19,19,2,8,6,0.000,1.00
55.552,7,en_route_pickup,-6.016,-0.292,-6.000,-3.500,joint_grid_transaction,19,19,3,8,8,0.000,1.00
55.552,8,en_route_pickup,5.582,-0.188,0.000,-3.500,joint_grid_transaction,19,19,3,9,7,0.000,1.00
55.808,1,en_route_delivery,-4.255,-0.826,-3.000,-1.500,joint_grid_transaction,20,20,2,9,1,0.000,1.00
55.808,2,en_route_pickup,-3.921,1.965,-1.000,1.500,joint_grid_transaction,20,20,2,9,2,0.000,1.00
55.808,3,en_route_pickup,-2.765,2.363,-3.000,1.500,joint_grid_transaction,20,20,2,9,3,0.000,1.00
55.808,4,en_route_pickup,3.885,1.976,0.000,3.500,joint_grid_transaction,20,20,2,9,4,0.000,1.00
55.808,5,en_route_pickup,-5.106,1.818,1.000,1.500,joint_grid_transaction,20,20,2,9,5,0.000,0.70
55.808,6,en_route_pickup,4.199,-1.241,-1.000,-1.500,joint_grid_transaction,20,20,1,9,6,0.000,1.00
55.808,7,en_route_pickup,-6.011,-0.338,-6.000,-3.500,joint_grid_transaction,20,20,2,9,8,0.000,1.00
55.808,8,en_route_pickup,5.542,-0.191,0.000,-3.500,joint_grid_transaction,20,20,1,8,7,0.000,1.00
56.064,1,en_route_delivery,-4.251,-0.868,-3.000,-1.500,joint_grid_transaction,20,20,2,9,1,0.000,1.00
56.064,2,en_route_pickup,-3.875,1.973,-1.000,1.500,joint_grid_transaction,20,20,2,9,2,0.000,1.00
56.064,3,en_route_pickup,-2.759,2.410,-3.000,1.500,joint_grid_transaction,20,20,2,9,3,0.000,1.00
56.064,4,en_route_pickup,3.838,1.982,0.000,3.500,joint_grid_transaction,20,20,2,9,4,0.000,1.00
56.064,5,en_route_pickup,-5.083,1.815,1.000,1.500,joint_grid_transaction,20,20,2,9,5,0.000,0.70
56.064,6,en_route_pickup,4.197,-1.264,-1.000,-1.500,joint_grid_transaction,20,20,1,9,6,0.000,1.00
56.064,7,en_route_pickup,-6.007,-0.381,-6.000,-3.500,joint_grid_transaction,20,20,2,9,8,0.000,1.00
56.064,8,en_route_pickup,5.500,-0.195,0.000,-3.500,joint_grid_transaction,20,20,1,8,7,0.000,1.00
56.320,1,en_route_delivery,-4.247,-0.908,-3.000,-1.500,joint_grid_transaction,20,20,2,9,1,0.000,1.00
56.320,2,en_route_pickup,-3.827,1.979,-1.000,1.500,joint_grid_transaction,20,20,2,9,2,0.000,1.00
56.320,3,en_route_pickup,-2.755,2.456,-3.000,1.500,joint_grid_transaction,20,20,2,9,3,0.000,1.00
56.320,4,en_route_pickup,3.791,1.987,0.000,3.500,joint_grid_transaction,20,20,2,9,4,0.000,1.00
56.320,5,en_route_pickup,-5.060,1.811,1.000,1.500,joint_grid_transaction,20,20,2,9,5,0.000,0.70
56.320,6,en_route_pickup,4.196,-1.285,-1.000,-1.500,joint_grid_transaction,20,20,1,9,6,0.000,1.00
56.320,7,en_route_pickup,-6.003,-0.423,-6.000,-3.500,joint_grid_transaction,20,20,2,9,8,0.000,1.00
56.320,8,en_route_pickup,5.462,-0.199,0.000,-3.500,joint_grid_transaction,20,20,1,8,7,0.000,1.00
56.576,1,en_route_delivery,-4.243,-0.948,-3.000,-1.500,joint_grid_transaction,20,20,2,9,1,0.000,1.00
56.576,2,en_route_pickup,-3.780,1.984,-1.000,1.500,joint_grid_transaction,20,20,2,9,2,0.000,1.00
56.576,3,en_route_pickup,-2.752,2.498,-3.000,1.500,joint_grid_transaction,20,20,2,9,3,0.000,1.00
56.576,4,en_route_pickup,3.747,1.992,0.000,3.500,joint_grid_transaction,20,20,2,9,4,0.000,1.00
56.576,5,en_route_pickup,-5.035,1.807,1.000,1.500,joint_grid_transaction,20,20,2,9,5,0.000,1.00
56.576,6,en_route_pickup,4.194,-1.318,-1.000,-1.500,joint_grid_transaction,20,20,2,9,6,0.000,1.00
56.576,7,en_route_pickup,-6.000,-0.464,-6.000,-3.500,joint_grid_transaction,20,20,2,9,8,0.000,1.00
56.576,8,en_route_pickup,5.462,-0.199,0.000,-3.500,joint_grid_transaction,20,20,1,8,7,0.000,1.00
56.832,1,en_route_delivery,-4.240,-0.987,-3.000,-1.500,joint_grid_transaction,20,20,2,9,1,0.000,1.00
56.832,2,en_route_pickup,-3.735,1.989,-1.000,1.500,joint_grid_transaction,20,20,2,9,2,0.000,1.00
56.832,3,en_route_pickup,-2.748,2.535,-3.000,1.500,joint_grid_transaction,20,20,3,9,3,0.000,1.00
56.832,4,en_route_pickup,3.717,1.994,0.000,3.500,joint_grid_transaction,20,20,3,9,4,0.000,1.00
56.832,5,en_route_pickup,-4.988,1.799,1.000,1.500,joint_grid_transaction,20,20,2,9,5,0.000,1.00
56.832,6,en_route_pickup,4.192,-1.352,-1.000,-1.500,joint_grid_transaction,20,20,2,9,6,0.000,1.00
56.832,7,en_route_pickup,-5.996,-0.505,-6.000,-3.500,joint_grid_transaction,20,20,2,9,8,0.000,1.00
56.832,8,en_route_pickup,5.460,-0.200,0.000,-3.500,joint_grid_transaction,20,20,2,8,7,0.000,1.00
57.088,1,en_route_delivery,-4.236,-1.024,-3.000,-1.500,joint_grid_transaction,20,20,2,9,1,0.000,1.00
57.088,2,en_route_pickup,-3.692,1.993,-1.000,1.500,joint_grid_transaction,20,20,3,9,2,0.000,1.00
57.088,3,en_route_pickup,-2.745,2.575,-3.000,1.500,joint_grid_transaction,20,20,3,9,3,0.000,1.00
57.088,4,en_route_pickup,3.676,1.998,0.000,3.500,joint_grid_transaction,20,20,3,9,4,0.000,1.00
57.088,5,en_route_pickup,-4.941,1.790,1.000,1.500,joint_grid_transaction,20,20,3,9,5,0.000,1.00
57.088,6,en_route_pickup,4.190,-1.384,-1.000,-1.500,joint_grid_transaction,20,20,2,9,6,0.000,1.00
57.088,7,en_route_pickup,-5.992,-0.544,-6.000,-3.500,joint_grid_transaction,20,20,2,9,8,0.000,1.00
57.088,8,en_route_pickup,5.414,-0.206,0.000,-3.500,joint_grid_transaction,20,20,2,8,7,0.000,1.00
57.344,1,en_route_delivery,-4.233,-1.062,-3.000,-1.500,joint_grid_transaction,20,20,3,9,1,0.000,1.00
57.344,2,en_route_pickup,-3.651,1.997,-1.000,1.500,joint_grid_transaction,20,20,3,9,2,0.000,1.00
57.344,3,en_route_pickup,-2.741,2.615,-3.000,1.500,joint_grid_transaction,20,20,3,9,3,0.000,1.00
57.344,4,en_route_pickup,3.636,2.002,0.000,3.500,joint_grid_transaction,20,20,3,9,4,0.000,1.00
57.344,5,en_route_pickup,-4.894,1.783,1.000,1.500,joint_grid_transaction,20,20,3,9,5,0.000,1.00
57.344,6,en_route_pickup,4.188,-1.414,-1.000,-1.500,joint_grid_transaction,20,20,2,9,6,0.000,1.00
57.344,7,en_route_pickup,-5.989,-0.584,-6.000,-3.500,joint_grid_transaction,20,20,3,9,8,0.000,1.00
57.344,8,en_route_pickup,5.367,-0.211,0.000,-3.500,joint_grid_transaction,20,20,2,8,7,0.000,1.00
57.600,1,en_route_delivery,-4.229,-1.100,-3.000,-1.500,joint_grid_transaction,20,20,3,9,1,0.000,1.00
57.600,2,en_route_pickup,-3.610,2.001,-1.000,1.500,joint_grid_transaction,20,20,3,9,2,0.000,1.00
57.600,3,en_route_pickup,-2.738,2.654,-3.000,1.500,joint_grid_transaction,20,20,3,9,3,0.000,1.00
57.600,4,en_route_pickup,3.596,2.006,0.000,3.500,joint_grid_transaction,20,20,3,9,4,0.000,1.00
57.600,5,en_route_pickup,-4.847,1.777,1.000,1.500,joint_grid_transaction,20,20,3,9,5,0.000,1.00
57.600,6,en_route_pickup,4.187,-1.443,-1.000,-1.500,joint_grid_transaction,20,20,2,9,6,0.000,1.00
57.600,7,en_route_pickup,-5.985,-0.623,-6.000,-3.500,joint_grid_transaction,20,20,3,9,8,0.000,1.00
57.600,8,en_route_pickup,5.319,-0.217,0.000,-3.500,joint_grid_transaction,20,20,2,8,7,0.000,1.00
57.856,1,en_route_delivery,-4.226,-1.137,-3.000,-1.500,joint_grid_transaction,20,20,3,9,1,0.000,1.00
57.856,2,en_route_pickup,-3.569,2.004,-1.000,1.500,joint_grid_transaction,20,20,3,9,2,0.000,1.00
57.856,3,en_route_pickup,-2.734,2.692,-3.000,1.500,joint_grid_transaction,20,20,3,9,3,0.000,1.00
57.856,4,en_route_pickup,3.557,2.010,0.000,3.500,joint_grid_transaction,20,20,3,9,4,0.000,1.00
57.856,5,en_route_pickup,-4.800,1.772,1.000,1.500,joint_grid_transaction,20,20,3,9,5,0.000,1.00
57.856,6,en_route_pickup,4.185,-1.471,-1.000,-1.500,joint_grid_transaction,20,20,2,9,6,0.000,1.00
57.856,7,en_route_pickup,-5.982,-0.660,-6.000,-3.500,joint_grid_transaction,20,20,3,9,8,0.000,1.00
57.856,8,en_route_pickup,5.272,-0.222,0.000,-3.500,joint_grid_transaction,20,20,2,8,7,0.000,1.00
58.112,1,en_route_delivery,-4.223,-1.172,-3.000,-1.500,joint_grid_transaction,20,20,3,9,1,0.000,1.00
58.112,2,en_route_pickup,-3.530,2.008,-1.000,1.500,joint_grid_transaction,20,20,3,9,2,0.000,1.00
58.112,3,en_route_pickup,-2.731,2.728,-3.000,1.500,joint_grid_transaction,20,20,3,9,3,0.000,1.00
58.112,4,en_route_pickup,3.519,2.014,0.000,3.500,joint_grid_transaction,20,20,3,9,4,0.000,1.00
58.112,5,en_route_pickup,-4.754,1.768,1.000,1.500,joint_grid_transaction,20,20,3,9,5,0.000,1.00
58.112,6,en_route_pickup,4.184,-1.493,-1.000,-1.500,joint_grid_transaction,20,20,2,9,6,0.000,1.00
58.112,7,en_route_pickup,-5.979,-0.697,-6.000,-3.500,joint_grid_transaction,20,20,3,9,8,0.000,1.00
58.112,8,en_route_pickup,5.224,-0.227,0.000,-3.500,joint_grid_transaction,20,20,2,8,7,0.000,1.00
58.368,1,en_route_delivery,-4.219,-1.207,-3.000,-1.500,joint_grid_transaction,20,20,3,9,1,0.000,1.00
58.368,2,en_route_pickup,-3.491,2.012,-1.000,1.500,joint_grid_transaction,20,20,3,9,2,0.000,1.00
58.368,3,en_route_pickup,-2.728,2.764,-3.000,1.500,joint_grid_transaction,20,20,3,9,3,0.000,1.00
58.368,4,en_route_pickup,3.483,2.017,0.000,3.500,joint_grid_transaction,20,20,3,9,4,0.000,1.00
58.368,5,en_route_pickup,-4.709,1.763,1.000,1.500,joint_grid_transaction,20,20,3,9,5,0.000,1.00
58.368,6,en_route_pickup,4.183,-1.514,-1.000,-1.500,joint_grid_transaction,20,20,2,9,6,0.000,1.00
58.368,7,en_route_pickup,-5.975,-0.732,-6.000,-3.500,joint_grid_transaction,20,20,3,9,8,0.000,1.00
58.368,8,en_route_pickup,5.179,-0.232,0.000,-3.500,joint_grid_transaction,20,20,3,8,7,0.000,1.00
58.624,1,en_route_delivery,-4.216,-1.239,-3.000,-1.500,joint_grid_transaction,20,20,3,9,1,0.000,1.00
58.624,2,en_route_pickup,-3.454,2.015,-1.000,1.500,joint_grid_transaction,20,20,4,9,2,0.000,1.00
58.624,3,en_route_pickup,-2.727,2.785,-3.000,1.500,joint_grid_transaction,20,20,4,9,3,0.000,1.00
58.624,4,en_route_pickup,3.446,2.021,0.000,3.500,joint_grid_transaction,20,20,4,9,4,0.000,1.00
58.624,5,en_route_pickup,-4.667,1.759,1.000,1.500,joint_grid_transaction,20,20,4,9,5,0.000,1.00
58.624,6,en_route_pickup,4.183,-1.537,-1.000,-1.500,joint_grid_transaction,20,20,2,9,6,0.000,1.00
58.624,7,en_route_pickup,-5.972,-0.766,-6.000,-3.500,joint_grid_transaction,20,20,3,9,8,0.000,1.00
58.624,8,en_route_pickup,5.136,-0.236,0.000,-3.500,joint_grid_transaction,20,20,3,8,7,0.000,1.00
58.880,1,en_route_delivery,-4.214,-1.270,-3.000,-1.500,joint_grid_transaction,20,20,3,9,1,0.000,1.00
58.880,2,en_route_pickup,-3.416,2.019,-1.000,1.500,joint_grid_transaction,20,20,4,9,2,0.000,1.00
58.880,3,en_route_pickup,-2.730,2.773,-3.000,1.500,joint_grid_transaction,20,20,4,9,3,0.000,1.00
58.880,4,en_route_pickup,3.409,2.024,0.000,3.500,joint_grid_transaction,20,20,4,9,4,0.000,1.00
58.880,5,en_route_pickup,-4.625,1.755,1.000,1.500,joint_grid_transaction,20,20,4,9,5,0.000,1.00
58.880,6,en_route_pickup,4.184,-1.572,-1.000,-1.500,joint_grid_transaction,20,20,3,9,6,0.000,1.00
58.880,7,en_route_pickup,-5.969,-0.800,-6.000,-3.500,joint_grid_transaction,20,20,3,9,8,0.000,1.00
58.880,8,en_route_pickup,5.093,-0.240,0.000,-3.500,joint_grid_transaction,20,20,3,8,7,0.000,1.00
59.136,1,en_route_delivery,-4.211,-1.302,-3.000,-1.500,joint_grid_transaction,20,20,4,9,1,0.000,1.00
59.136,2,en_route_pickup,-3.378,2.022,-1.000,1.500,joint_grid_transaction,20,20,4,9,2,0.000,1.00
59.136,3,en_route_pickup,-2.736,2.761,-3.000,1.500,joint_grid_transaction,20,20,4,9,3,0.000,1.00
59.136,4,en_route_pickup,3.373,2.027,0.000,3.500,joint_grid_transaction,20,20,4,9,4,0.000,1.00
59.136,5,en_route_pickup,-4.584,1.751,1.000,1.500,joint_grid_transaction,20,20,4,9,5,0.000,1.00
59.136,6,en_route_pickup,4.185,-1.610,-1.000,-1.500,joint_grid_transaction,20,20,3,9,6,0.000,1.00
59.136,7,en_route_pickup,-5.966,-0.836,-6.000,-3.500,joint_grid_transaction,20,20,4,9,8,0.000,1.00
59.136,8,en_route_pickup,5.051,-0.245,0.000,-3.500,joint_grid_transaction,20,20,3,8,7,0.000,1.00
59.392,1,en_route_delivery,-4.208,-1.336,-3.000,-1.500,joint_grid_transaction,20,20,4,9,1,0.000,1.00
59.392,2,en_route_pickup,-3.342,2.025,-1.000,1.500,joint_grid_transaction,20,20,4,9,2,0.000,1.00
59.392,3,en_route_pickup,-2.761,2.792,-3.000,1.500,joint_grid_transaction,20,20,4,9,3,0.000,1.00
59.392,4,en_route_pickup,3.338,2.031,0.000,3.500,joint_grid_transaction,20,20,4,9,4,0.000,1.00
59.392,5,en_route_pickup,-4.543,1.747,1.000,1.500,joint_grid_transaction,20,20,4,9,5,0.000,1.00
59.392,6,en_route_pickup,4.186,-1.649,-1.000,-1.500,joint_grid_transaction,20,20,3,9,6,0.000,1.00
59.392,7,en_route_pickup,-5.963,-0.870,-6.000,-3.500,joint_grid_transaction,20,20,4,9,8,0.000,1.00
59.392,8,en_route_pickup,5.010,-0.249,0.000,-3.500,joint_grid_transaction,20,20,3,8,7,0.000,1.00
59.648,1,en_route_delivery,-4.205,-1.369,-3.000,-1.500,joint_grid_transaction,20,20,4,9,1,0.000,1.00
59.648,2,en_route_pickup,-3.307,2.029,-1.000,1.500,joint_grid_transaction,20,20,4,9,2,0.000,1.00
59.648,3,en_route_pickup,-2.791,2.828,-3.000,1.500,joint_grid_transaction,20,20,4,9,3,0.000,1.00
59.648,4,en_route_pickup,3.305,2.034,0.000,3.500,joint_grid_transaction,20,20,4,9,4,0.000,1.00
59.648,5,en_route_pickup,-4.504,1.743,1.000,1.500,joint_grid_transaction,20,20,4,9,5,0.000,1.00
59.648,6,en_route_pickup,4.188,-1.687,-1.000,-1.500,joint_grid_transaction,20,20,3,9,6,0.000,1.00
59.648,7,en_route_pickup,-5.960,-0.904,-6.000,-3.500,joint_grid_transaction,20,20,4,9,8,0.000,1.00
59.648,8,en_route_pickup,4.969,-0.253,0.000,-3.500,joint_grid_transaction,20,20,3,8,7,0.000,1.00
59.904,1,en_route_delivery,-4.202,-1.400,-3.000,-1.500,joint_grid_transaction,20,20,4,9,1,0.000,1.00
59.904,2,en_route_pickup,-3.274,2.032,-1.000,1.500,joint_grid_transaction,20,20,4,9,2,0.000,1.00
59.904,3,en_route_pickup,-2.824,2.862,-3.000,1.500,joint_grid_transaction,20,20,4,9,3,0.000,1.00
59.904,4,en_route_pickup,3.273,2.037,0.000,3.500,joint_grid_transaction,20,20,4,9,4,0.000,1.00
59.904,5,en_route_pickup,-4.467,1.740,1.000,1.500,joint_grid_transaction,20,20,4,9,5,0.000,1.00
59.904,6,en_route_pickup,4.191,-1.726,-1.000,-1.500,joint_grid_transaction,20,20,3,9,6,0.000,1.00
59.904,7,en_route_pickup,-5.957,-0.936,-6.000,-3.500,joint_grid_transaction,20,20,4,9,8,0.000,1.00
59.904,8,en_route_pickup,4.929,-0.256,0.000,-3.500,joint_grid_transaction,20,20,4,8,7,0.000,1.00
60.160,1,en_route_delivery,-4.199,-1.431,-3.000,-1.500,joint_grid_transaction,21,20,4,8,1,0.000,1.00
60.160,2,en_route_pickup,-3.242,2.034,-1.000,1.500,joint_grid_transaction,21,20,4,9,2,0.000,1.00
60.160,3,en_route_pickup,-2.837,2.863,-3.000,1.500,joint_grid_transaction,21,20,5,9,3,0.000,1.00
60.160,4,en_route_pickup,3.243,2.040,0.000,3.500,joint_grid_transaction,21,20,4,9,4,0.000,1.00
60.160,5,en_route_pickup,-4.471,1.742,1.000,1.500,joint_grid_transaction,21,20,5,9,5,0.000,1.00
60.160,6,en_route_pickup,4.194,-1.765,-1.000,-1.500,joint_grid_transaction,21,20,3,9,6,0.000,1.00
60.160,7,en_route_pickup,-5.954,-0.966,-6.000,-3.500,joint_grid_transaction,21,20,4,9,8,0.000,1.00
60.160,8,en_route_pickup,4.890,-0.260,0.000,-3.500,joint_grid_transaction,21,20,4,9,7,0.000,1.00
60.416,1,en_route_delivery,-4.196,-1.459,-3.000,-1.500,joint_grid_transaction,21,21,1,8,1,0.000,1.00
60.416,2,en_route_pickup,-3.211,2.037,-1.000,1.500,joint_grid_transaction,21,21,1,9,2,0.000,1.00
60.416,3,en_route_pickup,-2.837,2.863,-3.000,1.500,joint_grid_transaction,21,21,2,9,3,0.000,1.00
60.416,4,en_route_pickup,3.215,2.042,0.000,3.500,joint_grid_transaction,21,21,1,9,4,0.000,1.00
60.416,5,en_route_pickup,-4.483,1.747,1.000,1.500,joint_grid_transaction,21,21,2,9,5,0.000,1.00
60.416,6,en_route_pickup,4.196,-1.791,-1.000,-1.500,joint_grid_transaction,21,21,2,9,6,0.000,1.00
60.416,7,en_route_pickup,-5.952,-0.995,-6.000,-3.500,joint_grid_transaction,21,21,1,9,8,0.000,1.00
60.416,8,en_route_pickup,4.852,-0.264,0.000,-3.500,joint_grid_transaction,21,21,2,9,7,0.000,1.00
60.672,1,en_route_delivery,-4.194,-1.486,-3.000,-1.500,joint_grid_transaction,21,21,1,8,1,0.000,1.00
60.672,2,en_route_pickup,-3.177,2.040,-1.000,1.500,joint_grid_transaction,21,21,2,9,2,0.000,1.00
60.672,3,en_route_pickup,-2.837,2.863,-3.000,1.500,joint_grid_transaction,21,21,2,9,3,0.000,1.00
60.672,4,en_route_pickup,3.181,2.045,0.000,3.500,joint_grid_transaction,21,21,2,9,4,0.000,1.00
60.672,5,en_route_pickup,-4.470,1.763,1.000,1.500,joint_grid_transaction,21,21,2,9,5,0.000,1.00
60.672,6,en_route_pickup,4.194,-1.782,-1.000,-1.500,joint_grid_transaction,21,21,2,9,6,0.000,1.00
60.672,7,en_route_pickup,-5.950,-1.020,-6.000,-3.500,joint_grid_transaction,21,21,1,9,8,0.000,1.00
60.672,8,en_route_pickup,4.814,-0.268,0.000,-3.500,joint_grid_transaction,21,21,2,9,7,0.000,1.00
60.928,1,en_route_delivery,-4.193,-1.506,-3.000,-1.500,joint_grid_transaction,21,21,1,8,1,0.000,1.00
60.928,2,en_route_pickup,-3.143,2.043,-1.000,1.500,joint_grid_transaction,21,21,2,9,2,0.000,1.00
60.928,3,en_route_pickup,-2.837,2.863,-3.000,1.500,joint_grid_transaction,21,21,2,9,3,0.000,1.00
60.928,4,en_route_pickup,3.149,2.048,0.000,3.500,joint_grid_transaction,21,21,2,9,4,0.000,1.00
60.928,5,en_route_pickup,-4.432,1.791,1.000,1.500,joint_grid_transaction,21,21,2,9,5,0.000,1.00
60.928,6,en_route_pickup,4.185,-1.788,-1.000,-1.500,joint_grid_transaction,21,21,2,9,6,0.000,1.00
60.928,7,en_route_pickup,-5.948,-1.043,-6.000,-3.500,joint_grid_transaction,21,21,1,9,8,0.000,1.00
60.928,8,en_route_pickup,4.778,-0.271,0.000,-3.500,joint_grid_transaction,21,21,2,9,7,0.000,1.00
61.184,1,en_route_delivery,-4.192,-1.528,-3.000,-1.500,joint_grid_transaction,21,21,1,8,1,0.000,1.00
61.184,2,en_route_pickup,-3.111,2.046,-1.000,1.500,joint_grid_transaction,21,21,2,9,2,0.000,1.00
61.184,3,en_route_pickup,-2.837,2.863,-3.000,1.500,joint_grid_transaction,21,21,2,9,3,0.000,1.00
61.184,4,en_route_pickup,3.117,2.051,0.000,3.500,joint_grid_transaction,21,21,2,9,4,0.000,1.00
61.184,5,en_route_pickup,-4.397,1.823,1.000,1.500,joint_grid_transaction,21,21,2,9,5,0.000,1.00
61.184,6,en_route_pickup,4.161,-1.828,-1.000,-1.500,joint_grid_transaction,21,21,2,9,6,0.000,1.00
61.184,7,en_route_pickup,-5.946,-1.077,-6.000,-3.500,joint_grid_transaction,21,21,2,9,8,0.000,1.00
61.184,8,en_route_pickup,4.744,-0.274,0.000,-3.500,joint_grid_transaction,21,21,2,9,7,0.000,1.00
61.440,1,en_route_delivery,-4.191,-1.556,-3.000,-1.500,joint_grid_transaction,21,21,1,8,1,0.000,1.00
61.440,2,en_route_pickup,-3.080,2.049,-1.000,1.500,joint_grid_transaction,21,21,2,9,2,0.000,1.00
61.440,3,en_route_pickup,-2.838,2.862,-3.000,1.500,joint_grid_transaction,21,21,2,9,3,0.000,1.00
61.440,4,en_route_pickup,3.087,2.054,0.000,3.500,joint_grid_transaction,21,21,2,9,4,0.000,1.00
61.440,5,en_route_pickup,-4.383,1.825,1.000,1.500,joint_grid_transaction,21,21,2,9,5,0.000,1.00
61.440,6,en_route_pickup,4.144,-1.834,-1.000,-1.500,joint_grid_transaction,21,21,2,9,6,0.000,1.00
61.440,7,en_route_pickup,-5.944,-1.110,-6.000,-3.500,joint_grid_transaction,21,21,2,9,8,0.000,1.00
61.440,8,en_route_pickup,4.710,-0.277,0.000,-3.500,joint_grid_transaction,21,21,2,9,7,0.000,1.00
61.696,1,en_route_delivery,-4.190,-1.590,-3.000,-1.500,joint_grid_transaction,21,21,2,8,1,0.000,1.00
61.696,2,en_route_pickup,-3.055,2.051,-1.000,1.500,joint_grid_transaction,21,21,2,9,2,0.000,0.75
61.696,3,en_route_pickup,-2.838,2.862,-3.000,1.500,joint_grid_transaction,21,21,3,9,3,0.000,0.45
61.696,4,en_route_pickup,3.059,2.057,0.000,3.500,joint_grid_transaction,21,21,2,9,4,0.000,1.00
61.696,5,en_route_pickup,-4.349,1.849,1.000,1.500,joint_grid_transaction,21,21,3,9,5,0.000,1.00
61.696,6,en_route_pickup,4.131,-1.820,-1.000,-1.500,joint_grid_transaction,21,21,3,9,6,0.000,1.00
61.696,7,en_route_pickup,-5.942,-1.142,-6.000,-3.500,joint_grid_transaction,21,21,2,9,8,0.000,1.00
61.696,8,en_route_pickup,4.674,-0.281,0.000,-3.500,joint_grid_transaction,21,21,3,9,7,0.000,1.00
61.952,1,en_route_delivery,-4.188,-1.622,-3.000,-1.500,joint_grid_transaction,21,21,2,8,1,0.000,1.00
61.952,2,en_route_pickup,-3.038,2.053,-1.000,1.500,joint_grid_transaction,21,21,2,9,2,0.000,0.75
61.952,3,en_route_pickup,-2.838,2.862,-3.000,1.500,joint_grid_transaction,21,21,3,9,3,0.000,0.45
61.952,4,en_route_pickup,3.032,2.059,0.000,3.500,joint_grid_transaction,21,21,2,9,4,0.000,1.00
61.952,5,en_route_pickup,-4.309,1.875,1.000,1.500,joint_grid_transaction,21,21,3,9,5,0.000,1.00
61.952,6,en_route_pickup,4.101,-1.839,-1.000,-1.500,joint_grid_transaction,21,21,3,9,6,0.000,1.00
61.952,7,en_route_pickup,-5.940,-1.172,-6.000,-3.500,joint_grid_transaction,21,21,2,9,8,0.000,1.00
61.952,8,en_route_pickup,4.639,-0.284,0.000,-3.500,joint_grid_transaction,21,21,3,9,7,0.000,1.00
62.208,1,en_route_delivery,-4.187,-1.652,-3.000,-1.500,joint_grid_transaction,21,21,2,8,1,0.000,1.00
62.208,2,en_route_pickup,-3.022,2.054,-1.000,1.500,joint_grid_transaction,21,21,2,9,2,0.000,0.75
62.208,3,en_route_pickup,-2.838,2.862,-3.000,1.500,joint_grid_transaction,21,21,3,9,3,0.000,0.45
62.208,4,en_route_pickup,3.011,2.061,0.000,3.500,joint_grid_transaction,21,21,2,9,4,0.000,1.00
62.208,5,en_route_pickup,-4.268,1.897,1.000,1.500,joint_grid_transaction,21,21,3,9,5,0.000,1.00
62.208,6,en_route_pickup,4.063,-1.866,-1.000,-1.500,joint_grid_transaction,21,21,3,9,6,0.000,1.00
62.208,7,en_route_pickup,-5.938,-1.201,-6.000,-3.500,joint_grid_transaction,21,21,2,9,8,0.000,1.00
62.208,8,en_route_pickup,4.606,-0.287,0.000,-3.500,joint_grid_transaction,21,21,3,9,7,0.000,1.00
62.464,1,en_route_delivery,-4.185,-1.682,-3.000,-1.500,joint_grid_transaction,21,21,2,8,1,0.000,1.00
62.464,2,en_route_pickup,-3.006,2.055,-1.000,1.500,joint_grid_transaction,21,21,2,9,2,0.000,0.75
62.464,3,en_route_pickup,-2.838,2.862,-3.000,1.500,joint_grid_transaction,21,21,3,9,3,0.000,0.45
62.464,4,en_route_pickup,2.990,2.061,0.000,3.500,joint_grid_transaction,21,21,2,9,4,0.000,1.00
62.464,5,en_route_pickup,-4.225,1.917,1.000,1.500,joint_grid_transaction,21,21,3,9,5,0.000,1.00
62.464,6,en_route_pickup,4.021,-1.889,-1.000,-1.500,joint_grid_transaction,21,21,3,9,6,0.000,1.00
62.464,7,en_route_pickup,-5.936,-1.228,-6.000,-3.500,joint_grid_transaction,21,21,2,9,8,0.000,1.00
62.464,8,en_route_pickup,4.573,-0.290,0.000,-3.500,joint_grid_transaction,21,21,3,9,7,0.000,1.00
62.720,1,en_route_delivery,-4.183,-1.710,-3.000,-1.500,joint_grid_transaction,21,21,2,8,1,0.000,1.00
62.720,2,en_route_pickup,-2.991,2.056,-1.000,1.500,joint_grid_transaction,21,21,2,9,2,0.000,0.75
62.720,3,en_route_pickup,-2.842,2.859,-3.000,1.500,joint_grid_transaction,21,21,4,9,3,0.000,0.45
62.720,4,en_route_pickup,2.968,2.062,0.000,3.500,joint_grid_transaction,21,21,2,9,4,0.000,1.00
62.720,5,en_route_pickup,-4.181,1.935,1.000,1.500,joint_grid_transaction,21,21,3,9,5,0.000,1.00
62.720,6,en_route_pickup,3.979,-1.910,-1.000,-1.500,joint_grid_transaction,21,21,3,9,6,0.000,1.00
62.720,7,en_route_pickup,-5.935,-1.249,-6.000,-3.500,joint_grid_transaction,21,21,2,9,8,0.000,1.00
62.720,8,en_route_pickup,4.542,-0.293,0.000,-3.500,joint_grid_transaction,21,21,3,9,7,0.000,1.00
62.976,1,en_route_delivery,-4.182,-1.734,-3.000,-1.500,joint_grid_transaction,21,21,2,8,1,0.000,1.00
62.976,2,en_route_pickup,-2.979,2.056,-1.000,1.500,joint_grid_transaction,21,21,2,9,2,0.000,0.75
62.976,3,en_route_pickup,-2.848,2.855,-3.000,1.500,joint_grid_transaction,21,21,4,9,3,0.000,0.45
62.976,4,en_route_pickup,2.938,2.062,0.000,3.500,joint_grid_transaction,21,21,3,9,4,0.000,1.00
62.976,5,en_route_pickup,-4.136,1.949,1.000,1.500,joint_grid_transaction,21,21,4,9,5,0.000,1.00
62.976,6,en_route_pickup,3.936,-1.930,-1.000,-1.500,joint_grid_transaction,21,21,4,9,6,0.000,1.00
62.976,7,en_route_pickup,-5.935,-1.270,-6.000,-3.500,joint_grid_transaction,21,21,2,9,8,0.000,1.00
62.976,8,en_route_pickup,4.513,-0.296,0.000,-3.500,joint_grid_transaction,21,21,3,9,7,0.000,1.00
63.232,1,en_route_delivery,-4.181,-1.755,-3.000,-1.500,joint_grid_transaction,22,22,1,9,1,0.000,1.00
63.232,2,en_route_pickup,-2.968,2.057,-1.000,1.500,joint_grid_transaction,22,22,1,11,2,0.000,0.75
63.232,3,en_route_pickup,-2.851,2.853,-3.000,1.500,joint_grid_transaction,22,22,2,8,3,0.000,0.45
63.232,4,en_route_pickup,2.903,2.063,0.000,3.500,joint_grid_transaction,22,22,2,13,4,0.000,1.00
63.232,5,en_route_pickup,-4.091,1.960,1.000,1.500,joint_grid_transaction,22,22,2,13,5,0.000,1.00
63.232,6,en_route_pickup,3.892,-1.945,-1.000,-1.500,joint_grid_transaction,22,22,2,13,6,0.000,1.00
63.232,7,en_route_pickup,-5.935,-1.293,-6.000,-3.500,joint_grid_transaction,22,22,1,10,8,0.000,1.00
63.232,8,en_route_pickup,4.485,-0.298,0.000,-3.500,joint_grid_transaction,22,22,1,13,7,0.000,1.00
63.488,1,en_route_delivery,-4.181,-1.777,-3.000,-1.500,joint_grid_transaction,22,22,1,9,1,0.000,1.00
63.488,2,en_route_pickup,-2.951,2.058,-1.000,1.500,joint_grid_transaction,22,22,2,11,2,0.000,0.75
63.488,3,en_route_pickup,-2.851,2.853,-3.000,1.500,joint_grid_transaction,22,22,2,8,3,0.000,0.45
63.488,4,en_route_pickup,2.868,2.063,0.000,3.500,joint_grid_transaction,22,22,2,13,4,0.000,1.00
63.488,5,en_route_pickup,-4.044,1.969,1.000,1.500,joint_grid_transaction,22,22,2,13,5,0.000,1.00
63.488,6,en_route_pickup,3.846,-1.957,-1.000,-1.500,joint_grid_transaction,22,22,2,13,6,0.000,1.00
63.488,7,en_route_pickup,-5.935,-1.331,-6.000,-3.500,joint_grid_transaction,22,22,2,10,8,0.000,1.00
63.488,8,en_route_pickup,4.464,-0.300,0.000,-3.500,joint_grid_transaction,22,22,1,13,7,0.000,1.00
63.744,1,en_route_delivery,-4.181,-1.792,-3.000,-1.500,joint_grid_transaction,22,22,2,9,1,0.000,1.00
63.744,2,en_route_pickup,-2.920,2.059,-1.000,1.500,joint_grid_transaction,22,22,2,11,2,0.000,1.00
63.744,3,en_route_pickup,-2.857,2.850,-3.000,1.500,_priority_yield_resume,23,22,0,1,3,0.000,0.55
63.744,4,en_route_pickup,2.834,2.063,0.000,3.500,joint_grid_transaction,22,22,2,13,4,0.000,1.00
63.744,5,en_route_pickup,-4.026,1.972,1.000,1.500,joint_grid_transaction,22,22,2,13,5,0.000,0.50
63.744,6,en_route_pickup,3.799,-1.966,-1.000,-1.500,joint_grid_transaction,22,22,2,13,6,0.000,1.00
63.744,7,en_route_pickup,-5.936,-1.368,-6.000,-3.500,joint_grid_transaction,22,22,2,10,8,0.000,1.00
63.744,8,en_route_pickup,4.471,-0.302,0.000,-3.500,joint_grid_transaction,22,22,2,13,7,0.000,1.00
64.000,1,en_route_delivery,-4.179,-1.784,-3.000,-1.500,joint_grid_transaction,22,22,2,9,1,0.000,1.00
64.000,2,en_route_pickup,-2.888,2.060,-1.000,1.500,joint_grid_transaction,22,22,2,11,2,0.000,1.00
64.000,3,en_route_pickup,-2.864,2.847,-3.000,1.500,_priority_yield_resume,23,22,0,1,3,0.000,0.55
64.000,4,en_route_pickup,2.802,2.064,0.000,3.500,joint_grid_transaction,22,22,2,13,4,0.000,1.00
64.000,5,en_route_pickup,-4.014,1.974,1.000,1.500,joint_grid_transaction,22,22,2,13,5,0.000,0.50
64.000,6,en_route_pickup,3.752,-1.974,-1.000,-1.500,joint_grid_transaction,22,22,2,13,6,0.000,1.00
64.000,7,en_route_pickup,-5.936,-1.405,-6.000,-3.500,joint_grid_transaction,22,22,2,10,8,0.000,1.00
64.000,8,en_route_pickup,4.469,-0.311,0.000,-3.500,joint_grid_transaction,22,22,2,13,7,0.000,1.00
64.256,1,en_route_delivery,-4.167,-1.799,-3.000,-1.500,joint_grid_transaction,22,22,2,9,1,0.000,1.00
64.256,2,en_route_pickup,-2.857,2.062,-1.000,1.500,joint_grid_transaction,22,22,2,11,2,0.000,1.00
64.256,3,en_route_pickup,-2.870,2.845,-3.000,1.500,_priority_yield_resume,23,22,0,1,3,0.000,0.55
64.256,4,en_route_pickup,2.772,2.064,0.000,3.500,joint_grid_transaction,22,22,2,13,4,0.000,1.00
64.256,5,en_route_pickup,-4.002,1.976,1.000,1.500,joint_grid_transaction,22,22,2,13,5,0.000,0.50
64.256,6,en_route_pickup,3.717,-1.979,-1.000,-1.500,joint_grid_transaction,22,22,2,13,6,0.000,1.00
64.256,7,en_route_pickup,-5.938,-1.441,-6.000,-3.500,joint_grid_transaction,22,22,2,10,8,0.000,1.00
64.256,8,en_route_pickup,4.428,-0.334,0.000,-3.500,joint_grid_transaction,22,22,2,13,7,0.000,1.00
64.512,1,en_route_delivery,-4.145,-1.839,-3.000,-1.500,joint_grid_transaction,22,22,2,9,1,0.000,1.00
64.512,2,en_route_pickup,-2.827,2.064,-1.000,1.500,joint_grid_transaction,22,22,2,11,2,0.000,1.00
64.512,3,en_route_pickup,-2.874,2.844,-3.000,1.500,_priority_yield_resume,23,22,0,1,3,0.000,0.55
64.512,4,en_route_pickup,2.743,2.065,0.000,3.500,joint_grid_transaction,22,22,2,13,4,0.000,1.00
64.512,5,en_route_pickup,-3.991,1.978,1.000,1.500,joint_grid_transaction,22,22,2,13,5,0.000,0.50
64.512,6,en_route_pickup,3.686,-1.984,-1.000,-1.500,joint_grid_transaction,22,22,3,13,6,0.000,1.00
64.512,7,en_route_pickup,-5.939,-1.477,-6.000,-3.500,joint_grid_transaction,22,22,2,10,8,0.000,1.00
64.512,8,en_route_pickup,4.408,-0.354,0.000,-3.500,joint_grid_transaction,22,22,3,13,7,0.000,1.00
64.768,1,en_route_delivery,-4.132,-1.827,-3.000,-1.500,joint_grid_transaction,22,22,3,9,1,0.000,1.00
64.768,2,en_route_pickup,-2.798,2.066,-1.000,1.500,joint_grid_transaction,22,22,2,11,2,0.000,1.00
64.768,3,en_route_pickup,-2.876,2.844,-3.000,1.500,_priority_yield_resume,23,22,0,1,3,0.000,0.55
64.768,4,en_route_pickup,2.719,2.065,0.000,3.500,joint_grid_transaction,22,22,2,13,4,0.000,1.00
64.768,5,en_route_pickup,-3.979,1.979,1.000,1.500,joint_grid_transaction,22,22,2,13,5,0.000,0.50
64.768,6,en_route_pickup,3.641,-1.990,-1.000,-1.500,joint_grid_transaction,22,22,3,13,6,0.000,1.00
64.768,7,en_route_pickup,-5.941,-1.513,-6.000,-3.500,joint_grid_transaction,22,22,2,10,8,0.000,1.00
64.768,8,en_route_pickup,4.422,-0.367,0.000,-3.500,joint_grid_transaction,22,22,3,13,7,0.000,1.00
65.024,1,en_route_delivery,-4.116,-1.822,-3.000,-1.500,joint_grid_transaction,22,22,3,9,1,0.000,1.00
65.024,2,en_route_pickup,-2.773,2.067,-1.000,1.500,joint_grid_transaction,22,22,2,11,2,0.000,1.00
65.024,3,en_route_pickup,-2.875,2.843,-3.000,1.500,_priority_yield_resume,23,22,0,1,3,0.000,0.55
65.024,4,en_route_pickup,2.688,2.065,0.000,3.500,joint_grid_transaction,22,22,3,13,4,0.000,1.00
65.024,5,en_route_pickup,-3.969,1.981,1.000,1.500,joint_grid_transaction,22,22,2,13,5,0.000,0.50
65.024,6,en_route_pickup,3.596,-1.994,-1.000,-1.500,joint_grid_transaction,22,22,3,13,6,0.000,1.00
65.024,7,en_route_pickup,-5.944,-1.551,-6.000,-3.500,joint_grid_transaction,22,22,3,10,8,0.000,1.00
65.024,8,en_route_pickup,4.405,-0.396,0.000,-3.500,joint_grid_transaction,22,22,3,13,7,0.000,1.00
65.280,1,en_route_delivery,-4.079,-1.851,-3.000,-1.500,joint_grid_transaction,22,22,3,9,1,0.000,1.00
65.280,2,en_route_pickup,-2.751,2.068,-1.000,1.500,joint_grid_transaction,22,22,2,11,2,0.000,1.00
65.280,3,en_route_pickup,-2.874,2.843,-3.000,1.500,joint_grid_transaction,23,22,0,0,3,75.024,0.40
65.280,4,en_route_pickup,2.651,2.065,0.000,3.500,joint_grid_transaction,22,22,3,13,4,0.000,1.00
65.280,5,en_route_pickup,-3.969,1.981,1.000,1.500,joint_grid_transaction,22,22,3,13,5,0.000,0.50
65.280,6,en_route_pickup,3.554,-1.998,-1.000,-1.500,joint_grid_transaction,22,22,3,13,6,0.000,1.00
65.280,7,en_route_pickup,-5.948,-1.597,-6.000,-3.500,joint_grid_transaction,22,22,3,10,8,0.000,1.00
65.280,8,en_route_pickup,4.379,-0.435,0.000,-3.500,joint_grid_transaction,22,22,3,13,7,0.000,1.00
65.536,1,en_route_delivery,-4.039,-1.876,-3.000,-1.500,joint_grid_transaction,22,22,3,9,1,0.000,1.00
65.536,2,en_route_pickup,-2.729,2.068,-1.000,1.500,joint_grid_transaction,22,22,2,11,2,0.000,1.00
65.536,3,en_route_pickup,-2.874,2.843,-3.000,1.500,joint_grid_transaction,23,22,0,0,3,75.024,0.40
65.536,4,en_route_pickup,2.614,2.064,0.000,3.500,joint_grid_transaction,22,22,3,13,4,0.000,1.00
65.536,5,en_route_pickup,-3.968,1.981,1.000,1.500,joint_grid_transaction,22,22,3,13,5,0.000,1.00
65.536,6,en_route_pickup,3.513,-2.001,-1.000,-1.500,joint_grid_transaction,22,22,3,13,6,0.000,1.00
65.536,7,en_route_pickup,-5.952,-1.645,-6.000,-3.500,joint_grid_transaction,22,22,3,10,8,0.000,1.00
65.536,8,en_route_pickup,4.356,-0.476,0.000,-3.500,joint_grid_transaction,22,22,3,13,7,0.000,1.00
65.792,1,en_route_delivery,-4.000,-1.899,-3.000,-1.500,joint_grid_transaction,24,24,2,8,1,0.000,1.00
65.792,2,en_route_pickup,-2.705,2.068,-1.000,1.500,joint_grid_transaction,24,24,1,10,2,0.000,1.00
65.792,3,en_route_pickup,-2.874,2.843,-3.000,1.500,joint_grid_transaction,24,24,0,6,3,75.024,0.40
65.792,4,en_route_pickup,2.579,2.063,0.000,3.500,joint_grid_transaction,24,24,2,13,4,0.000,1.00
65.792,5,en_route_pickup,-3.967,1.982,1.000,1.500,joint_grid_transaction,24,24,2,13,5,0.000,1.00
65.792,6,en_route_pickup,3.472,-2.005,-1.000,-1.500,joint_grid_transaction,24,24,1,13,6,0.000,1.00
65.792,7,en_route_pickup,-5.957,-1.690,-6.000,-3.500,joint_grid_transaction,24,24,2,9,8,0.000,1.00
65.792,8,en_route_pickup,4.336,-0.517,0.000,-3.500,joint_grid_transaction,24,24,2,13,7,0.000,1.00
66.048,1,en_route_delivery,-3.958,-1.920,-3.000,-1.500,joint_grid_transaction,24,24,2,8,1,0.000,1.00
66.048,2,en_route_pickup,-2.666,2.067,-1.000,1.500,joint_grid_transaction,24,24,2,10,2,0.000,1.00
66.048,3,en_route_pickup,-2.874,2.843,-3.000,1.500,joint_grid_transaction,24,24,0,6,3,75.024,0.40
66.048,4,en_route_pickup,2.542,2.062,0.000,3.500,joint_grid_transaction,24,24,2,13,4,0.000,1.00
66.048,5,en_route_pickup,-3.967,1.982,1.000,1.500,joint_grid_transaction,24,24,2,13,5,0.000,1.00
66.048,6,en_route_pickup,3.432,-2.008,-1.000,-1.500,joint_grid_transaction,24,24,2,13,6,0.000,1.00
66.048,7,en_route_pickup,-5.963,-1.738,-6.000,-3.500,joint_grid_transaction,24,24,2,9,8,0.000,1.00
66.048,8,en_route_pickup,4.323,-0.544,0.000,-3.500,joint_grid_transaction,24,24,2,13,7,0.000,1.00
66.304,1,en_route_delivery,-3.955,-1.922,-3.000,-1.500,joint_grid_transaction,24,24,2,8,1,0.000,1.00
66.304,2,en_route_pickup,-2.627,2.065,-1.000,1.500,joint_grid_transaction,24,24,2,10,2,0.000,1.00
66.304,3,en_route_pickup,-2.872,2.843,-3.000,1.500,joint_grid_transaction,24,24,1,6,3,75.024,0.40
66.304,4,en_route_pickup,2.506,2.060,0.000,3.500,joint_grid_transaction,24,24,2,13,4,0.000,1.00
66.304,5,en_route_pickup,-3.967,1.982,1.000,1.500,joint_grid_transaction,24,24,2,13,5,0.000,1.00
66.304,6,en_route_pickup,3.393,-2.012,-1.000,-1.500,joint_grid_transaction,24,24,2,13,6,0.000,1.00
66.304,7,en_route_pickup,-5.969,-1.785,-6.000,-3.500,joint_grid_transaction,24,24,2,9,8,0.000,1.00
66.304,8,en_route_pickup,4.323,-0.544,0.000,-3.500,joint_grid_transaction,24,24,2,13,7,0.000,1.00
66.560,1,en_route_delivery,-3.955,-1.922,-3.000,-1.500,joint_grid_transaction,24,24,2,8,1,0.000,1.00
66.560,2,en_route_pickup,-2.588,2.063,-1.000,1.500,joint_grid_transaction,24,24,2,10,2,0.000,1.00
66.560,3,en_route_pickup,-2.869,2.842,-3.000,1.500,joint_grid_transaction,24,24,1,6,3,75.024,0.40
66.560,4,en_route_pickup,2.470,2.057,0.000,3.500,joint_grid_transaction,24,24,2,13,4,0.000,1.00
66.560,5,en_route_pickup,-3.967,1.982,1.000,1.500,joint_grid_transaction,24,24,2,13,5,0.000,1.00
66.560,6,en_route_pickup,3.354,-2.015,-1.000,-1.500,joint_grid_transaction,24,24,2,13,6,0.000,1.00
66.560,7,en_route_pickup,-5.969,-1.786,-6.000,-3.500,joint_grid_transaction,24,24,2,9,8,0.000,1.00
66.560,8,en_route_pickup,4.323,-0.544,0.000,-3.500,joint_grid_transaction,24,24,2,13,7,0.000,1.00
66.816,1,en_route_delivery,-3.926,-1.935,-3.000,-1.500,joint_grid_transaction,25,25,2,7,1,0.000,1.00
66.816,2,en_route_pickup,-2.548,2.060,-1.000,1.500,joint_grid_transaction,25,25,2,10,2,0.000,1.00
66.816,3,en_route_pickup,-2.867,2.841,-3.000,1.500,joint_grid_transaction,25,25,1,6,3,75.024,0.40
66.816,4,en_route_pickup,2.427,2.054,0.000,3.500,joint_grid_transaction,25,25,2,13,4,0.000,1.00
66.816,5,en_route_pickup,-3.967,1.983,1.000,1.500,joint_grid_transaction,25,25,2,13,5,0.000,1.00
66.816,6,en_route_pickup,3.317,-2.018,-1.000,-1.500,joint_grid_transaction,25,25,2,13,6,0.000,1.00
66.816,7,en_route_pickup,-5.974,-1.817,-6.000,-3.500,joint_grid_transaction,25,25,2,8,8,0.000,1.00
66.816,8,en_route_pickup,4.311,-0.573,0.000,-3.500,joint_grid_transaction,25,25,2,13,7,0.000,1.00
67.072,1,en_route_delivery,-3.882,-1.950,-3.000,-1.500,joint_grid_transaction,25,25,2,7,1,0.000,1.00
67.072,2,en_route_pickup,-2.506,2.056,-1.000,1.500,joint_grid_transaction,25,25,2,10,2,0.000,1.00
67.072,3,en_route_pickup,-2.863,2.840,-3.000,1.500,joint_grid_transaction,25,25,1,6,3,75.024,0.40
67.072,4,en_route_pickup,2.379,2.050,0.000,3.500,joint_grid_transaction,25,25,2,13,4,0.000,1.00
67.072,5,en_route_pickup,-3.967,1.983,1.000,1.500,joint_grid_transaction,25,25,2,13,5,0.000,1.00
67.072,6,en_route_pickup,3.280,-2.022,-1.000,-1.500,joint_grid_transaction,25,25,2,13,6,0.000,1.00
67.072,7,en_route_pickup,-5.980,-1.864,-6.000,-3.500,joint_grid_transaction,25,25,2,8,8,0.000,1.00
67.072,8,en_route_pickup,4.296,-0.618,0.000,-3.500,joint_grid_transaction,25,25,2,13,7,0.000,1.00
67.328,1,en_route_delivery,-3.836,-1.962,-3.000,-1.500,joint_grid_transaction,25,25,2,7,1,0.000,1.00
67.328,2,en_route_pickup,-2.462,2.050,-1.000,1.500,joint_grid_transaction,25,25,2,10,2,0.000,1.00
67.328,3,en_route_pickup,-2.860,2.839,-3.000,1.500,joint_grid_transaction,25,25,1,6,3,75.024,0.40
67.328,4,en_route_pickup,2.332,2.045,0.000,3.500,joint_grid_transaction,25,25,2,13,4,0.000,1.00
67.328,5,en_route_pickup,-3.967,1.983,1.000,1.500,joint_grid_transaction,25,25,2,13,5,0.000,1.00
67.328,6,en_route_pickup,3.245,-2.025,-1.000,-1.500,joint_grid_transaction,25,25,2,13,6,0.000,1.00
67.328,7,en_route_pickup,-5.984,-1.910,-6.000,-3.500,joint_grid_transaction,25,25,2,8,8,0.000,1.00
67.328,8,en_route_pickup,4.285,-0.664,0.000,-3.500,joint_grid_transaction,25,25,2,13,7,0.000,1.00
67.584,1,en_route_delivery,-3.789,-1.971,-3.000,-1.500,joint_grid_transaction,25,25,2,7,1,0.000,1.00
67.584,2,en_route_pickup,-2.461,2.050,-1.000,1.500,joint_grid_transaction,25,25,2,10,2,0.000,1.00
67.584,3,en_route_pickup,-2.856,2.837,-3.000,1.500,joint_grid_transaction,25,25,1,6,3,75.024,0.40
67.584,4,en_route_pickup,2.284,2.039,0.000,3.500,joint_grid_transaction,25,25,2,13,4,0.000,1.00
67.584,5,en_route_pickup,-3.967,1.983,1.000,1.500,joint_grid_transaction,25,25,2,13,5,0.000,1.00
67.584,6,en_route_pickup,3.218,-2.027,-1.000,-1.500,joint_grid_transaction,25,25,2,13,6,0.000,1.00
67.584,7,en_route_pickup,-5.988,-1.954,-6.000,-3.500,joint_grid_transaction,25,25,2,8,8,0.000,1.00
67.584,8,en_route_pickup,4.277,-0.710,0.000,-3.500,joint_grid_transaction,25,25,2,13,7,0.000,1.00
67.840,1,en_route_delivery,-3.742,-1.978,-3.000,-1.500,joint_grid_transaction,25,25,2,7,1,0.000,1.00
67.840,2,en_route_pickup,-2.459,2.049,-1.000,1.500,joint_grid_transaction,25,25,2,10,2,0.000,1.00
67.840,3,en_route_pickup,-2.853,2.835,-3.000,1.500,joint_grid_transaction,25,25,1,6,3,75.024,0.40
67.840,4,en_route_pickup,2.237,2.033,0.000,3.500,joint_grid_transaction,25,25,2,13,4,0.000,1.00
67.840,5,en_route_pickup,-3.966,1.983,1.000,1.500,joint_grid_transaction,25,25,2,13,5,0.000,1.00
67.840,6,en_route_pickup,3.215,-2.027,-1.000,-1.500,joint_grid_transaction,25,25,2,13,6,0.000,1.00
67.840,7,en_route_pickup,-5.992,-1.997,-6.000,-3.500,joint_grid_transaction,25,25,2,8,8,0.000,1.00
67.840,8,en_route_pickup,4.270,-0.757,0.000,-3.500,joint_grid_transaction,25,25,2,13,7,0.000,1.00
68.096,1,en_route_delivery,-3.695,-1.984,-3.000,-1.500,joint_grid_transaction,25,25,3,7,1,0.000,1.00
68.096,2,en_route_pickup,-2.413,2.043,-1.000,1.500,joint_grid_transaction,25,25,3,10,2,0.000,1.00
68.096,3,en_route_pickup,-2.850,2.833,-3.000,1.500,joint_grid_transaction,25,25,1,6,3,75.024,0.40
68.096,4,en_route_pickup,2.190,2.027,0.000,3.500,joint_grid_transaction,25,25,3,13,4,0.000,1.00
68.096,5,en_route_pickup,-3.966,1.983,1.000,1.500,joint_grid_transaction,25,25,3,13,5,0.000,1.00
68.096,6,en_route_pickup,3.179,-2.030,-1.000,-1.500,joint_grid_transaction,25,25,3,13,6,0.000,1.00
68.096,7,en_route_pickup,-5.996,-2.040,-6.000,-3.500,joint_grid_transaction,25,25,2,8,8,0.000,1.00
68.096,8,en_route_pickup,4.264,-0.805,0.000,-3.500,joint_grid_transaction,25,25,3,13,7,0.000,1.00
68.352,1,en_route_delivery,-3.649,-1.989,-3.000,-1.500,joint_grid_transaction,25,25,3,7,1,0.000,1.00
68.352,2,en_route_pickup,-2.366,2.038,-1.000,1.500,joint_grid_transaction,25,25,3,10,2,0.000,1.00
68.352,3,en_route_pickup,-2.847,2.831,-3.000,1.500,joint_grid_transaction,25,25,1,6,3,75.024,0.40
68.352,4,en_route_pickup,2.143,2.022,0.000,3.500,joint_grid_transaction,25,25,3,13,4,0.000,1.00
68.352,5,en_route_pickup,-3.966,1.983,1.000,1.500,joint_grid_transaction,25,25,3,13,5,0.000,1.00
68.352,6,en_route_pickup,3.144,-2.034,-1.000,-1.500,joint_grid_transaction,25,25,3,13,6,0.000,1.00
68.352,7,en_route_pickup,-6.000,-2.081,-6.000,-3.500,joint_grid_transaction,25,25,3,8,8,0.000,1.00
68.352,8,en_route_pickup,4.260,-0.849,0.000,-3.500,joint_grid_transaction,25,25,3,13,7,0.000,1.00
68.608,1,en_route_delivery,-3.605,-1.992,-3.000,-1.500,joint_grid_transaction,25,25,3,7,1,0.000,1.00
68.608,2,en_route_pickup,-2.318,2.032,-1.000,1.500,joint_grid_transaction,25,25,3,10,2,0.000,1.00
68.608,3,en_route_pickup,-2.844,2.829,-3.000,1.500,joint_grid_transaction,25,25,1,6,3,75.024,0.40
68.608,4,en_route_pickup,2.098,2.018,0.000,3.500,joint_grid_transaction,25,25,3,13,4,0.000,1.00
68.608,5,en_route_pickup,-3.966,1.983,1.000,1.500,joint_grid_transaction,25,25,3,13,5,0.000,1.00
68.608,6,en_route_pickup,3.109,-2.037,-1.000,-1.500,joint_grid_transaction,25,25,3,13,6,0.000,1.00
68.608,7,en_route_pickup,-6.004,-2.122,-6.000,-3.500,joint_grid_transaction,25,25,3,8,8,0.000,1.00
68.608,8,en_route_pickup,4.256,-0.892,0.000,-3.500,joint_grid_transaction,25,25,3,13,7,0.000,1.00
68.864,1,en_route_delivery,-3.563,-1.996,-3.000,-1.500,joint_grid_transaction,26,26,2,6,1,0.000,1.00
68.864,2,en_route_pickup,-2.274,2.027,-1.000,1.500,joint_grid_transaction,26,26,2,9,2,0.000,1.00
68.864,3,en_route_pickup,-2.841,2.827,-3.000,1.500,joint_grid_transaction,26,26,1,6,3,75.024,0.40
68.864,4,en_route_pickup,2.055,2.014,0.000,3.500,joint_grid_transaction,26,26,2,9,4,0.000,1.00
68.864,5,en_route_pickup,-3.965,1.984,1.000,1.500,joint_grid_transaction,26,26,2,9,5,0.000,1.00
68.864,6,en_route_pickup,3.077,-2.039,-1.000,-1.500,joint_grid_transaction,26,26,2,9,6,0.000,1.00
68.864,7,en_route_pickup,-6.008,-2.162,-6.000,-3.500,joint_grid_transaction,26,26,2,7,8,0.000,1.00
68.864,8,en_route_pickup,4.252,-0.934,0.000,-3.500,joint_grid_transaction,26,26,2,9,7,0.000,1.00
69.120,1,en_route_delivery,-3.521,-2.000,-3.000,-1.500,joint_grid_transaction,26,26,2,6,1,0.000,1.00
69.120,2,en_route_pickup,-2.227,2.021,-1.000,1.500,joint_grid_transaction,26,26,2,9,2,0.000,1.00
69.120,3,en_route_pickup,-2.839,2.826,-3.000,1.500,joint_grid_transaction,26,26,1,6,3,75.024,0.40
69.120,4,en_route_pickup,2.011,2.009,0.000,3.500,joint_grid_transaction,26,26,2,9,4,0.000,1.00
69.120,5,en_route_pickup,-3.965,1.984,1.000,1.500,joint_grid_transaction,26,26,2,9,5,0.000,1.00
69.120,6,en_route_pickup,3.044,-2.042,-1.000,-1.500,joint_grid_transaction,26,26,2,9,6,0.000,1.00
69.120,7,en_route_pickup,-6.011,-2.201,-6.000,-3.500,joint_grid_transaction,26,26,2,7,8,0.000,1.00
69.120,8,en_route_pickup,4.249,-0.976,0.000,-3.500,joint_grid_transaction,26,26,2,9,7,0.000,1.00
69.376,1,en_route_delivery,-3.480,-2.003,-3.000,-1.500,joint_grid_transaction,26,26,2,6,1,0.000,1.00
69.376,2,en_route_pickup,-2.218,2.020,-1.000,1.500,joint_grid_transaction,26,26,2,9,2,0.000,1.00
69.376,3,en_route_pickup,-2.836,2.824,-3.000,1.500,joint_grid_transaction,26,26,1,6,3,75.024,0.40
69.376,4,en_route_pickup,1.969,2.005,0.000,3.500,joint_grid_transaction,26,26,2,9,4,0.000,1.00
69.376,5,en_route_pickup,-3.965,1.984,1.000,1.500,joint_grid_transaction,26,26,2,9,5,0.000,1.00
69.376,6,en_route_pickup,3.014,-2.044,-1.000,-1.500,joint_grid_transaction,26,26,2,9,6,0.000,1.00
69.376,7,en_route_pickup,-6.015,-2.239,-6.000,-3.500,joint_grid_transaction,26,26,2,7,8,0.000,1.00
69.376,8,en_route_pickup,4.245,-1.016,0.000,-3.500,joint_grid_transaction,26,26,2,9,7,0.000,1.00
69.632,1,en_route_delivery,-3.468,-2.004,-3.000,-1.500,joint_grid_transaction,26,26,2,6,1,0.000,1.00
69.632,2,en_route_pickup,-2.218,2.020,-1.000,1.500,joint_grid_transaction,26,26,2,9,2,0.000,1.00
69.632,3,en_route_pickup,-2.834,2.822,-3.000,1.500,joint_grid_transaction,26,26,1,6,3,75.024,0.40
69.632,4,en_route_pickup,1.969,2.005,0.000,3.500,joint_grid_transaction,26,26,2,9,4,0.000,1.00
69.632,5,en_route_pickup,-3.965,1.984,1.000,1.500,joint_grid_transaction,26,26,2,9,5,0.000,1.00
69.632,6,en_route_pickup,2.985,-2.047,-1.000,-1.500,joint_grid_transaction,26,26,2,9,6,0.000,1.00
69.632,7,en_route_pickup,-6.018,-2.275,-6.000,-3.500,joint_grid_transaction,26,26,2,7,8,0.000,1.00
69.632,8,en_route_pickup,4.244,-1.031,0.000,-3.500,joint_grid_transaction,26,26,2,9,7,0.000,1.00
69.888,1,en_route_delivery,-3.458,-2.005,-3.000,-1.500,joint_grid_transaction,26,26,2,6,1,0.000,1.00
69.888,2,en_route_pickup,-2.208,2.019,-1.000,1.500,joint_grid_transaction,26,26,2,9,2,0.000,1.00
69.888,3,en_route_pickup,-2.832,2.820,-3.000,1.500,joint_grid_transaction,26,26,1,6,3,75.024,0.40
69.888,4,en_route_pickup,1.959,2.004,0.000,3.500,joint_grid_transaction,26,26,2,9,4,0.000,1.00
69.888,5,en_route_pickup,-3.968,1.986,1.000,1.500,joint_grid_transaction,26,26,2,9,5,0.000,1.00
69.888,6,en_route_pickup,2.959,-2.049,-1.000,-1.500,joint_grid_transaction,26,26,2,9,6,0.000,1.00
69.888,7,en_route_pickup,-6.019,-2.291,-6.000,-3.500,joint_grid_transaction,26,26,2,7,8,0.000,1.00
69.888,8,en_route_pickup,4.243,-1.040,0.000,-3.500,joint_grid_transaction,26,26,2,9,7,0.000,1.00
70.144,1,en_route_delivery,-3.418,-2.009,-3.000,-1.500,joint_grid_transaction,26,26,3,6,1,0.000,1.00
70.144,2,en_route_pickup,-2.165,2.014,-1.000,1.500,joint_grid_transaction,26,26,3,9,2,0.000,1.00
70.144,3,en_route_pickup,-2.830,2.818,-3.000,1.500,joint_grid_transaction,26,26,1,6,3,75.024,0.40
70.144,4,en_route_pickup,1.919,1.999,0.000,3.500,joint_grid_transaction,26,26,3,9,4,0.000,1.00
70.144,5,en_route_pickup,-3.991,1.996,1.000,1.500,joint_grid_transaction,26,26,3,9,5,0.000,1.00
70.144,6,en_route_pickup,2.926,-2.051,-1.000,-1.500,joint_grid_transaction,26,26,3,9,6,0.000,1.00
70.144,7,en_route_pickup,-6.023,-2.328,-6.000,-3.500,joint_grid_transaction,26,26,3,7,8,0.000,1.00
70.144,8,en_route_pickup,4.239,-1.080,0.000,-3.500,joint_grid_transaction,26,26,3,9,7,0.000,1.00
70.400,1,en_route_delivery,-3.379,-2.013,-3.000,-1.500,joint_grid_transaction,26,26,3,6,1,0.000,1.00
70.400,2,en_route_pickup,-2.123,2.009,-1.000,1.500,joint_grid_transaction,26,26,3,9,2,0.000,1.00
70.400,3,en_route_pickup,-2.828,2.816,-3.000,1.500,joint_grid_transaction,26,26,1,6,3,75.024,0.40
70.400,4,en_route_pickup,1.880,1.995,0.000,3.500,joint_grid_transaction,26,26,3,9,4,0.000,1.00
70.400,5,en_route_pickup,-4.018,2.019,1.000,1.500,joint_grid_transaction,26,26,3,9,5,0.000,1.00
70.400,6,en_route_pickup,2.893,-2.054,-1.000,-1.500,joint_grid_transaction,26,26,3,9,6,0.000,1.00
70.400,7,en_route_pickup,-6.026,-2.364,-6.000,-3.500,joint_grid_transaction,26,26,3,7,8,0.000,1.00
70.400,8,en_route_pickup,4.235,-1.118,0.000,-3.500,joint_grid_transaction,26,26,3,9,7,0.000,1.00
70.656,1,en_route_delivery,-3.342,-2.016,-3.000,-1.500,joint_grid_transaction,27,26,3,5,1,0.000,1.00
70.656,2,en_route_pickup,-2.082,2.005,-1.000,1.500,joint_grid_transaction,27,26,3,8,2,0.000,1.00
70.656,3,en_route_pickup,-2.827,2.815,-3.000,1.500,joint_grid_transaction,27,26,1,7,3,75.024,0.40
70.656,4,en_route_pickup,1.841,1.991,0.000,3.500,joint_grid_transaction,27,26,3,9,4,0.000,1.00
70.656,5,en_route_pickup,-4.030,2.032,1.000,1.500,joint_grid_transaction,27,26,3,9,5,0.000,1.00
70.656,6,en_route_pickup,2.863,-2.056,-1.000,-1.500,joint_grid_transaction,27,26,3,9,6,0.000,1.00
70.656,7,en_route_pickup,-6.029,-2.398,-6.000,-3.500,joint_grid_transaction,27,26,3,6,8,0.000,1.00
70.656,8,en_route_pickup,4.232,-1.155,0.000,-3.500,joint_grid_transaction,27,26,3,9,7,0.000,1.00
70.912,1,en_route_delivery,-3.304,-2.019,-3.000,-1.500,joint_grid_transaction,27,27,2,5,1,0.000,1.00
70.912,2,en_route_pickup,-2.041,2.001,-1.000,1.500,joint_grid_transaction,27,27,2,8,2,0.000,1.00
70.912,3,en_route_pickup,-2.832,2.810,-3.000,1.500,joint_grid_transaction,27,27,2,7,3,75.024,0.40
70.912,4,en_route_pickup,1.803,1.987,0.000,3.500,joint_grid_transaction,27,27,2,9,4,0.000,1.00
70.912,5,en_route_pickup,-4.005,2.004,1.000,1.500,joint_grid_transaction,27,27,1,9,5,0.000,1.00
70.912,6,en_route_pickup,2.832,-2.058,-1.000,-1.500,joint_grid_transaction,27,27,2,9,6,0.000,1.00
70.912,7,en_route_pickup,-6.033,-2.432,-6.000,-3.500,joint_grid_transaction,27,27,2,6,8,0.000,1.00
70.912,8,en_route_pickup,4.229,-1.192,0.000,-3.500,joint_grid_transaction,27,27,2,9,7,0.000,1.00
71.168,1,en_route_pickup,-3.268,-2.023,6.000,3.500,joint_grid_transaction,27,27,2,2,9,0.000,1.00
71.168,2,en_route_pickup,-2.002,1.997,-1.000,1.500,joint_grid_transaction,27,27,2,8,2,0.000,1.00
71.168,3,en_route_pickup,-2.849,2.792,-3.000,1.500,joint_grid_transaction,27,27,2,0,3,0.000,1.00
71.168,4,en_route_pickup,1.766,1.984,0.000,3.500,joint_grid_transaction,27,27,2,9,4,0.000,1.00
71.168,5,en_route_pickup,-3.985,1.989,1.000,1.500,joint_grid_transaction,27,27,1,9,5,0.000,1.00
71.168,6,en_route_pickup,2.803,-2.060,-1.000,-1.500,joint_grid_transaction,27,27,2,9,6,0.000,1.00
71.168,7,en_route_pickup,-6.036,-2.465,-6.000,-3.500,joint_grid_transaction,27,27,2,6,8,0.000,1.00
71.168,8,en_route_pickup,4.226,-1.228,0.000,-3.500,joint_grid_transaction,27,27,2,9,7,0.000,1.00
71.424,1,en_route_pickup,-3.234,-2.026,6.000,3.500,joint_grid_transaction,27,27,2,2,9,0.000,1.00
71.424,2,en_route_pickup,-1.968,1.993,-1.000,1.500,joint_grid_transaction,27,27,2,8,2,0.000,1.00
71.424,3,en_route_pickup,-2.878,2.755,-3.000,1.500,joint_grid_transaction,27,27,2,0,3,0.000,1.00
71.424,4,en_route_pickup,1.731,1.980,0.000,3.500,joint_grid_transaction,27,27,2,9,4,0.000,1.00
71.424,5,en_route_pickup,-3.973,1.985,1.000,1.500,joint_grid_transaction,27,27,1,9,5,0.000,1.00
71.424,6,en_route_pickup,2.776,-2.062,-1.000,-1.500,joint_grid_transaction,27,27,2,9,6,0.000,1.00
71.424,7,en_route_pickup,-6.038,-2.496,-6.000,-3.500,joint_grid_transaction,27,27,2,6,8,0.000,1.00
71.424,8,en_route_pickup,4.223,-1.262,0.000,-3.500,joint_grid_transaction,27,27,2,9,7,0.000,1.00
71.680,1,en_route_pickup,-3.200,-2.029,6.000,3.500,joint_grid_transaction,28,27,2,9,9,0.000,1.00
71.680,2,en_route_pickup,-1.952,1.991,-1.000,1.500,joint_grid_transaction,28,27,2,7,2,0.000,1.00
71.680,3,en_route_pickup,-2.903,2.715,-3.000,1.500,joint_grid_transaction,28,27,2,6,3,0.000,1.00
71.680,4,en_route_pickup,1.703,1.977,0.000,3.500,joint_grid_transaction,28,27,2,9,4,0.000,1.00
71.680,5,en_route_pickup,-3.968,1.988,1.000,1.500,joint_grid_transaction,28,27,2,9,5,0.000,1.00
71.680,6,en_route_pickup,2.755,-2.063,-1.000,-1.500,joint_grid_transaction,28,27,2,9,6,0.000,1.00
71.680,7,en_route_pickup,-6.041,-2.525,-6.000,-3.500,joint_grid_transaction,28,27,2,5,8,0.000,1.00
71.680,8,en_route_pickup,4.220,-1.295,0.000,-3.500,joint_grid_transaction,28,27,2,9,7,0.000,1.00
71.936,1,en_route_pickup,-3.163,-2.032,6.000,3.500,joint_grid_transaction,28,28,2,9,9,0.000,1.00
71.936,2,en_route_pickup,-1.914,1.987,-1.000,1.500,joint_grid_transaction,28,28,2,7,2,0.000,1.00
71.936,3,en_route_pickup,-2.912,2.700,-3.000,1.500,joint_grid_transaction,28,28,1,6,3,0.000,1.00
71.936,4,en_route_pickup,1.666,1.974,0.000,3.500,joint_grid_transaction,28,28,2,9,4,0.000,1.00
71.936,5,en_route_pickup,-3.968,1.988,1.000,1.500,joint_grid_transaction,28,28,2,9,5,0.000,1.00
71.936,6,en_route_pickup,2.733,-2.064,-1.000,-1.500,joint_grid_transaction,28,28,1,9,6,0.000,1.00
71.936,7,en_route_pickup,-6.044,-2.557,-6.000,-3.500,joint_grid_transaction,28,28,2,5,8,0.000,1.00
71.936,8,en_route_pickup,4.216,-1.331,0.000,-3.500,joint_grid_transaction,28,28,2,9,7,0.000,1.00
72.192,1,en_route_pickup,-3.128,-2.035,6.000,3.500,joint_grid_transaction,28,28,2,9,9,0.000,1.00
72.192,2,en_route_pickup,-1.877,1.983,-1.000,1.500,joint_grid_transaction,28,28,2,7,2,0.000,1.00
72.192,3,en_route_pickup,-2.912,2.700,-3.000,1.500,joint_grid_transaction,28,28,1,6,3,0.000,1.00
72.192,4,en_route_pickup,1.631,1.970,0.000,3.500,joint_grid_transaction,28,28,2,9,4,0.000,1.00
72.192,5,en_route_pickup,-3.968,1.988,1.000,1.500,joint_grid_transaction,28,28,2,9,5,0.000,1.00
72.192,6,en_route_pickup,2.711,-2.064,-1.000,-1.500,joint_grid_transaction,28,28,1,9,6,0.000,1.00
72.192,7,en_route_pickup,-6.047,-2.590,-6.000,-3.500,joint_grid_transaction,28,28,2,5,8,0.000,1.00
72.192,8,en_route_pickup,4.213,-1.365,0.000,-3.500,joint_grid_transaction,28,28,2,9,7,0.000,1.00
72.448,1,en_route_pickup,-3.094,-2.038,6.000,3.500,joint_grid_transaction,28,28,2,9,9,0.000,1.00
72.448,2,en_route_pickup,-1.841,1.979,-1.000,1.500,joint_grid_transaction,28,28,2,7,2,0.000,1.00
72.448,3,en_route_pickup,-2.912,2.700,-3.000,1.500,joint_grid_transaction,28,28,1,6,3,0.000,1.00
72.448,4,en_route_pickup,1.597,1.966,0.000,3.500,joint_grid_transaction,28,28,2,9,4,0.000,1.00
72.448,5,en_route_pickup,-3.968,1.988,1.000,1.500,joint_grid_transaction,28,28,2,9,5,0.000,1.00
72.448,6,en_route_pickup,2.675,-2.064,-1.000,-1.500,joint_grid_transaction,28,28,2,9,6,0.000,1.00
72.448,7,en_route_pickup,-6.050,-2.622,-6.000,-3.500,joint_grid_transaction,28,28,2,5,8,0.000,1.00
72.448,8,en_route_pickup,4.210,-1.399,0.000,-3.500,joint_grid_transaction,28,28,2,9,7,0.000,1.00
72.704,1,en_route_pickup,-3.062,-2.041,6.000,3.500,joint_grid_transaction,29,29,1,8,9,0.000,1.00
72.704,2,en_route_pickup,-1.806,1.975,-1.000,1.500,joint_grid_transaction,29,29,1,6,2,0.000,1.00
72.704,3,en_route_pickup,-2.913,2.695,-3.000,1.500,joint_grid_transaction,29,29,2,6,3,0.000,1.00
72.704,4,en_route_pickup,1.565,1.963,0.000,3.500,joint_grid_transaction,29,29,1,8,4,0.000,1.00
72.704,5,en_route_pickup,-3.976,1.993,1.000,1.500,joint_grid_transaction,29,29,1,9,5,0.000,1.00
72.704,6,en_route_pickup,2.640,-2.064,-1.000,-1.500,joint_grid_transaction,29,29,2,9,6,0.000,1.00
72.704,7,en_route_pickup,-6.052,-2.652,-6.000,-3.500,joint_grid_transaction,29,29,2,5,8,0.000,1.00
72.704,8,en_route_pickup,4.207,-1.431,0.000,-3.500,joint_grid_transaction,29,29,1,8,7,0.000,1.00
72.960,1,en_route_pickup,-3.031,-2.043,6.000,3.500,joint_grid_transaction,29,29,1,8,9,0.000,1.00
72.960,2,en_route_pickup,-1.773,1.972,-1.000,1.500,joint_grid_transaction,29,29,1,6,2,0.000,1.00
72.960,3,en_route_pickup,-2.932,2.654,-3.000,1.500,joint_grid_transaction,29,29,2,6,3,0.000,1.00
72.960,4,en_route_pickup,1.534,1.960,0.000,3.500,joint_grid_transaction,29,29,1,8,4,0.000,1.00
72.960,5,en_route_pickup,-4.002,2.011,1.000,1.500,joint_grid_transaction,29,29,1,9,5,0.000,1.00
72.960,6,en_route_pickup,2.603,-2.064,-1.000,-1.500,joint_grid_transaction,29,29,2,9,6,0.000,1.00
72.960,7,en_route_pickup,-6.055,-2.682,-6.000,-3.500,joint_grid_transaction,29,29,2,5,8,0.000,1.00
72.960,8,en_route_pickup,4.205,-1.462,0.000,-3.500,joint_grid_transaction,29,29,1,8,7,0.000,1.00
73.216,1,en_route_pickup,-3.001,-2.046,6.000,3.500,joint_grid_transaction,29,29,1,8,9,0.000,1.00
73.216,2,en_route_pickup,-1.741,1.968,-1.000,1.500,joint_grid_transaction,29,29,1,6,2,0.000,1.00
73.216,3,en_route_pickup,-2.947,2.610,-3.000,1.500,joint_grid_transaction,29,29,2,6,3,0.000,1.00
73.216,4,en_route_pickup,1.504,1.957,0.000,3.500,joint_grid_transaction,29,29,1,8,4,0.000,1.00
73.216,5,en_route_pickup,-4.025,2.034,1.000,1.500,joint_grid_transaction,29,29,1,9,5,0.000,1.00
73.216,6,en_route_pickup,2.567,-2.063,-1.000,-1.500,joint_grid_transaction,29,29,2,9,6,0.000,1.00
73.216,7,en_route_pickup,-6.057,-2.711,-6.000,-3.500,joint_grid_transaction,29,29,2,5,8,0.000,1.00
73.216,8,en_route_pickup,4.202,-1.491,0.000,-3.500,joint_grid_transaction,29,29,1,8,7,0.000,1.00
73.472,1,en_route_pickup,-2.974,-2.048,6.000,3.500,joint_grid_transaction,29,29,1,8,9,0.000,1.00
73.472,2,en_route_pickup,-1.717,1.966,-1.000,1.500,joint_grid_transaction,29,29,1,6,2,0.000,1.00
73.472,3,en_route_pickup,-2.959,2.564,-3.000,1.500,joint_grid_transaction,29,29,2,6,3,0.000,1.00
73.472,4,en_route_pickup,1.477,1.954,0.000,3.500,joint_grid_transaction,29,29,1,8,4,0.000,1.00
73.472,5,en_route_pickup,-4.036,2.050,1.000,1.500,joint_grid_transaction,29,29,2,9,5,0.000,1.00
73.472,6,en_route_pickup,2.532,-2.062,-1.000,-1.500,joint_grid_transaction,29,29,2,9,6,0.000,1.00
73.472,7,en_route_pickup,-6.059,-2.736,-6.000,-3.500,joint_grid_transaction,29,29,2,5,8,0.000,1.00
73.472,8,en_route_pickup,4.200,-1.518,0.000,-3.500,joint_grid_transaction,29,29,1,8,7,0.000,1.00
73.728,1,en_route_pickup,-2.964,-2.049,6.000,3.500,joint_grid_transaction,29,29,1,8,9,0.000,1.00
73.728,2,en_route_pickup,-1.717,1.966,-1.000,1.500,joint_grid_transaction,29,29,1,6,2,0.000,1.00
73.728,3,en_route_pickup,-2.968,2.517,-3.000,1.500,joint_grid_transaction,29,29,2,6,3,0.000,1.00
73.728,4,en_route_pickup,1.464,1.954,0.000,3.500,joint_grid_transaction,29,29,1,8,4,0.000,1.00
73.728,5,en_route_pickup,-4.033,2.071,1.000,1.500,joint_grid_transaction,29,29,2,9,5,0.000,1.00
73.728,6,en_route_pickup,2.497,-2.060,-1.000,-1.500,joint_grid_transaction,29,29,2,9,6,0.000,1.00
73.728,7,en_route_pickup,-6.060,-2.757,-6.000,-3.500,joint_grid_transaction,29,29,2,5,8,0.000,1.00
73.728,8,en_route_pickup,4.199,-1.536,0.000,-3.500,joint_grid_transaction,29,29,1,8,7,0.000,1.00
73.984,1,en_route_pickup,-2.943,-2.051,6.000,3.500,joint_grid_transaction,29,29,2,8,9,0.000,1.00
73.984,2,en_route_pickup,-1.696,1.963,-1.000,1.500,joint_grid_transaction,29,29,2,6,2,0.000,1.00
73.984,3,en_route_pickup,-2.976,2.471,-3.000,1.500,joint_grid_transaction,29,29,2,6,3,0.000,1.00
73.984,4,en_route_pickup,1.443,1.952,0.000,3.500,joint_grid_transaction,29,29,2,8,4,0.000,1.00
73.984,5,en_route_pickup,-4.020,2.116,1.000,1.500,joint_grid_transaction,29,29,2,9,5,0.000,1.00
73.984,6,en_route_pickup,2.463,-2.058,-1.000,-1.500,joint_grid_transaction,29,29,2,9,6,0.000,1.00
73.984,7,en_route_pickup,-6.061,-2.778,-6.000,-3.500,joint_grid_transaction,29,29,2,5,8,0.000,1.00
73.984,8,en_route_pickup,4.197,-1.558,0.000,-3.500,joint_grid_transaction,29,29,2,8,7,0.000,1.00
74.240,1,en_route_pickup,-2.910,-2.053,6.000,3.500,joint_grid_transaction,29,29,2,8,9,0.000,1.00
74.240,2,en_route_pickup,-1.662,1.960,-1.000,1.500,joint_grid_transaction,29,29,2,6,2,0.000,1.00
74.240,3,en_route_pickup,-2.983,2.423,-3.000,1.500,joint_grid_transaction,29,29,3,6,3,0.000,1.00
74.240,4,en_route_pickup,1.410,1.949,0.000,3.500,joint_grid_transaction,29,29,2,8,4,0.000,1.00
74.240,5,en_route_pickup,-4.013,2.152,1.000,1.500,joint_grid_transaction,29,29,2,9,5,0.000,0.85
74.240,6,en_route_pickup,2.419,-2.055,-1.000,-1.500,joint_grid_transaction,29,29,3,9,6,0.000,1.00
74.240,7,en_route_pickup,-6.061,-2.807,-6.000,-3.500,joint_grid_transaction,29,29,2,5,8,0.000,1.00
74.240,8,en_route_pickup,4.195,-1.591,0.000,-3.500,joint_grid_transaction,29,29,2,8,7,0.000,1.00
74.496,1,en_route_pickup,-2.878,-2.056,6.000,3.500,joint_grid_transaction,29,29,2,8,9,0.000,1.00
74.496,2,en_route_pickup,-1.630,1.956,-1.000,1.500,joint_grid_transaction,29,29,2,6,2,0.000,1.00
74.496,3,en_route_pickup,-2.987,2.377,-3.000,1.500,joint_grid_transaction,29,29,3,6,3,0.000,1.00
74.496,4,en_route_pickup,1.379,1.946,0.000,3.500,joint_grid_transaction,29,29,2,8,4,0.000,1.00
74.496,5,en_route_pickup,-4.008,2.186,1.000,1.500,joint_grid_transaction,29,29,2,9,5,0.000,0.85
74.496,6,en_route_pickup,2.373,-2.051,-1.000,-1.500,joint_grid_transaction,29,29,3,9,6,0.000,1.00
74.496,7,en_route_pickup,-6.062,-2.843,-6.000,-3.500,joint_grid_transaction,29,29,3,5,8,0.000,1.00
74.496,8,en_route_pickup,4.193,-1.624,0.000,-3.500,joint_grid_transaction,29,29,2,8,7,0.000,1.00
74.752,1,en_route_pickup,-2.848,-2.058,6.000,3.500,joint_grid_transaction,30,30,2,9,9,0.000,1.00
74.752,2,en_route_pickup,-1.599,1.953,-1.000,1.500,joint_grid_transaction,30,30,2,6,2,0.000,1.00
74.752,3,en_route_pickup,-2.991,2.333,-3.000,1.500,joint_grid_transaction,30,30,2,5,3,0.000,1.00
74.752,4,en_route_pickup,1.349,1.944,0.000,3.500,joint_grid_transaction,30,30,2,9,4,0.000,1.00
74.752,5,en_route_pickup,-4.004,2.220,1.000,1.500,joint_grid_transaction,30,30,1,8,5,0.000,0.85
74.752,6,en_route_pickup,2.327,-2.047,-1.000,-1.500,joint_grid_transaction,30,30,2,9,6,0.000,1.00
74.752,7,en_route_pickup,-6.063,-2.876,-6.000,-3.500,joint_grid_transaction,30,30,2,4,8,0.000,1.00
74.752,8,en_route_pickup,4.191,-1.654,0.000,-3.500,joint_grid_transaction,30,30,2,9,7,0.000,1.00
75.008,1,en_route_pickup,-2.819,-2.060,6.000,3.500,joint_grid_transaction,30,30,2,9,9,0.000,1.00
75.008,2,en_route_pickup,-1.571,1.951,-1.000,1.500,joint_grid_transaction,30,30,2,6,2,75.476,1.00
75.008,3,en_route_pickup,-2.995,2.291,-3.000,1.500,joint_grid_transaction,30,30,2,5,3,0.000,1.00
75.008,4,en_route_pickup,1.319,1.942,0.000,3.500,joint_grid_transaction,30,30,2,9,4,0.000,1.00
75.008,5,en_route_pickup,-4.001,2.251,1.000,1.500,joint_grid_transaction,30,30,1,8,5,0.000,0.85
75.008,6,en_route_pickup,2.280,-2.042,-1.000,-1.500,joint_grid_transaction,30,30,2,9,6,0.000,1.00
75.008,7,en_route_delivery,-6.063,-2.909,-1.000,1.500,joint_grid_transaction,30,30,2,3,8,0.000,1.00
75.008,8,en_route_pickup,4.189,-1.684,0.000,-3.500,joint_grid_transaction,30,30,2,9,7,0.000,1.00
75.264,1,en_route_pickup,-2.791,-2.062,6.000,3.500,joint_grid_transaction,30,30,2,9,9,0.000,1.00
75.264,2,en_route_pickup,-1.571,1.951,-1.000,1.500,joint_grid_transaction,30,30,2,6,2,75.476,1.00
75.264,3,en_route_pickup,-2.999,2.249,-3.000,1.500,joint_grid_transaction,30,30,2,5,3,0.000,1.00
75.264,4,en_route_pickup,1.291,1.939,0.000,3.500,joint_grid_transaction,30,30,2,9,4,0.000,1.00
75.264,5,en_route_pickup,-3.998,2.281,1.000,1.500,joint_grid_transaction,30,30,1,8,5,0.000,0.85
75.264,6,en_route_pickup,2.233,-2.036,-1.000,-1.500,joint_grid_transaction,30,30,2,9,6,0.000,1.00
75.264,7,en_route_delivery,-6.064,-2.940,-1.000,1.500,joint_grid_transaction,30,30,2,3,8,0.000,1.00
75.264,8,en_route_pickup,4.188,-1.713,0.000,-3.500,joint_grid_transaction,30,30,2,9,7,0.000,1.00
75.520,1,en_route_pickup,-2.767,-2.064,6.000,3.500,joint_grid_transaction,30,30,2,9,9,0.000,1.00
75.520,2,en_route_pickup,-1.568,1.950,-1.000,1.500,joint_grid_transaction,30,30,2,6,2,0.000,1.00
75.520,3,en_route_pickup,-3.002,2.218,-3.000,1.500,joint_grid_transaction,30,30,2,5,3,0.000,1.00
75.520,4,en_route_pickup,1.267,1.938,0.000,3.500,joint_grid_transaction,30,30,2,9,4,0.000,1.00
75.520,5,en_route_pickup,-3.998,2.281,1.000,1.500,joint_grid_transaction,30,30,1,8,5,0.000,0.85
75.520,6,en_route_pickup,2.214,-2.033,-1.000,-1.500,joint_grid_transaction,30,30,2,9,6,0.000,1.00
75.520,7,en_route_delivery,-6.065,-2.970,-1.000,1.500,joint_grid_transaction,30,30,2,3,8,0.000,1.00
75.520,8,en_route_pickup,4.186,-1.739,0.000,-3.500,joint_grid_transaction,30,30,2,9,7,0.000,1.00
75.776,1,en_route_pickup,-2.745,-2.065,6.000,3.500,joint_grid_transaction,31,31,1,9,9,0.000,1.00
75.776,2,en_route_pickup,-1.540,1.948,-1.000,1.500,joint_grid_transaction,30,30,2,6,2,0.000,1.00
75.776,3,en_route_pickup,-3.005,2.186,-3.000,1.500,joint_grid_transaction,31,31,2,4,3,0.000,1.00
75.776,4,en_route_pickup,1.245,1.937,0.000,3.500,joint_grid_transaction,31,31,1,9,4,0.000,1.00
75.776,5,en_route_pickup,-3.996,2.274,1.000,1.500,joint_grid_transaction,31,31,2,9,5,0.000,1.00
75.776,6,en_route_pickup,2.180,-2.028,-1.000,-1.500,joint_grid_transaction,31,31,2,9,6,0.000,1.00
75.776,7,en_route_delivery,-6.063,-2.968,-1.000,1.500,joint_grid_transaction,31,31,1,9,8,0.000,1.00
75.776,8,en_route_pickup,4.185,-1.760,0.000,-3.500,joint_grid_transaction,31,31,1,9,7,0.000,1.00
76.032,1,en_route_pickup,-2.723,-2.065,6.000,3.500,joint_grid_transaction,31,31,1,9,9,0.000,1.00
76.032,2,en_route_pickup,-1.515,1.945,-1.000,1.500,joint_grid_transaction,30,30,2,6,2,0.000,1.00
76.032,3,en_route_pickup,-3.009,2.146,-3.000,1.500,joint_grid_transaction,31,31,2,4,3,0.000,1.00
76.032,4,en_route_pickup,1.223,1.936,0.000,3.500,joint_grid_transaction,31,31,1,9,4,0.000,1.00
76.032,5,en_route_pickup,-3.991,2.263,1.000,1.500,joint_grid_transaction,31,31,2,9,5,0.000,1.00
76.032,6,en_route_pickup,2.133,-2.022,-1.000,-1.500,joint_grid_transaction,31,31,2,9,6,0.000,1.00
76.032,7,en_route_delivery,-6.052,-2.945,-1.000,1.500,joint_grid_transaction,31,31,1,9,8,0.000,1.00
76.032,8,en_route_pickup,4.185,-1.782,0.000,-3.500,joint_grid_transaction,31,31,1,9,7,0.000,1.00
76.288,1,en_route_pickup,-2.696,-2.065,6.000,3.500,joint_grid_transaction,31,31,1,9,9,0.000,1.00
76.288,2,en_route_pickup,-1.513,1.945,-1.000,1.500,joint_grid_transaction,30,30,2,6,2,76.532,1.00
76.288,3,en_route_pickup,-3.012,2.107,-3.000,1.500,joint_grid_transaction,31,31,2,4,3,0.000,1.00
76.288,4,en_route_pickup,1.196,1.936,0.000,3.500,joint_grid_transaction,31,31,1,9,4,0.000,1.00
76.288,5,en_route_pickup,-3.969,2.292,1.000,1.500,joint_grid_transaction,31,31,2,9,5,0.000,1.00
76.288,6,en_route_pickup,2.087,-2.017,-1.000,-1.500,joint_grid_transaction,31,31,2,9,6,0.000,1.00
76.288,7,en_route_delivery,-6.034,-2.922,-1.000,1.500,joint_grid_transaction,31,31,1,9,8,0.000,1.00
76.288,8,en_route_pickup,4.185,-1.788,0.000,-3.500,joint_grid_transaction,31,31,2,9,7,0.000,1.00
76.544,1,en_route_pickup,-2.659,-2.065,6.000,3.500,joint_grid_transaction,31,31,2,9,9,0.000,1.00
76.544,2,en_route_pickup,-1.513,1.945,-1.000,1.500,joint_grid_transaction,30,30,2,6,2,0.000,1.00
76.544,3,en_route_delivery,-3.016,2.069,0.000,-3.500,joint_grid_transaction,31,31,2,4,3,0.000,0.55
76.544,4,en_route_pickup,1.160,1.936,0.000,3.500,joint_grid_transaction,31,31,2,9,4,0.000,1.00
76.544,5,en_route_pickup,-3.940,2.329,1.000,1.500,joint_grid_transaction,31,31,2,9,5,0.000,1.00
76.544,6,en_route_pickup,2.042,-2.013,-1.000,-1.500,joint_grid_transaction,31,31,2,9,6,0.000,1.00
76.544,7,en_route_delivery,-6.019,-2.908,-1.000,1.500,joint_grid_transaction,31,31,1,9,8,0.000,1.00
76.544,8,en_route_pickup,4.182,-1.779,0.000,-3.500,joint_grid_transaction,31,31,2,9,7,0.000,1.00
76.800,1,en_route_pickup,-2.623,-2.065,6.000,3.500,joint_grid_transaction,31,31,2,9,9,0.000,1.00
76.800,2,en_route_pickup,-1.494,1.944,-1.000,1.500,joint_grid_transaction,30,30,2,6,2,0.000,1.00
76.800,3,en_route_delivery,-3.017,2.057,0.000,-3.500,joint_grid_transaction,31,31,2,4,3,0.000,0.55
76.800,4,en_route_pickup,1.124,1.936,0.000,3.500,joint_grid_transaction,31,31,2,9,4,0.000,1.00
76.800,5,en_route_pickup,-3.912,2.359,1.000,1.500,joint_grid_transaction,31,31,2,9,5,0.000,1.00
76.800,6,en_route_pickup,1.998,-2.009,-1.000,-1.500,joint_grid_transaction,31,31,2,9,6,0.000,1.00
76.800,7,en_route_delivery,-5.988,-2.926,-1.000,1.500,joint_grid_transaction,31,31,1,9,8,0.000,1.00
76.800,8,en_route_pickup,4.164,-1.810,0.000,-3.500,joint_grid_transaction,31,31,2,9,7,0.000,1.00
77.056,1,en_route_pickup,-2.589,-2.065,6.000,3.500,joint_grid_transaction,33,33,2,9,9,0.000,1.00
77.056,2,en_route_pickup,-1.483,1.944,-1.000,1.500,joint_grid_transaction,33,33,1,9,2,0.000,1.00
77.056,3,en_route_delivery,-3.018,2.052,0.000,-3.500,joint_grid_transaction,33,33,1,9,3,0.000,0.55
77.056,4,en_route_pickup,1.091,1.936,0.000,3.500,joint_grid_transaction,33,33,2,9,4,0.000,1.00
77.056,5,en_route_pickup,-3.916,2.363,1.000,1.500,joint_grid_transaction,33,33,1,9,5,0.000,1.00
77.056,6,en_route_pickup,1.955,-2.005,-1.000,-1.500,joint_grid_transaction,33,33,1,9,6,0.000,1.00
77.056,7,en_route_delivery,-5.956,-2.940,-1.000,1.500,joint_grid_transaction,33,33,1,9,8,0.000,1.00
77.056,8,en_route_pickup,4.149,-1.839,0.000,-3.500,joint_grid_transaction,33,33,2,9,7,0.000,1.00
77.312,1,en_route_pickup,-2.555,-2.064,6.000,3.500,joint_grid_transaction,33,33,2,9,9,0.000,1.00
77.312,2,en_route_pickup,-1.501,1.950,-1.000,1.500,joint_grid_transaction,33,33,1,9,2,0.000,1.00
77.312,3,en_route_delivery,-3.019,2.056,0.000,-3.500,joint_grid_transaction,33,33,1,9,3,0.000,0.55
77.312,4,en_route_pickup,1.058,1.936,0.000,3.500,joint_grid_transaction,33,33,2,9,4,0.000,1.00
77.312,5,en_route_pickup,-3.939,2.390,1.000,1.500,joint_grid_transaction,33,33,1,9,5,0.000,1.00
77.312,6,en_route_pickup,1.914,-2.001,-1.000,-1.500,joint_grid_transaction,33,33,2,9,6,0.000,1.00
77.312,7,en_route_delivery,-5.916,-2.956,-1.000,1.500,joint_grid_transaction,33,33,2,9,8,0.000,1.00
77.312,8,en_route_pickup,4.149,-1.839,0.000,-3.500,joint_grid_transaction,33,33,2,9,7,0.000,1.00
77.568,1,en_route_pickup,-2.521,-2.064,6.000,3.500,joint_grid_transaction,33,33,2,9,9,0.000,1.00
77.568,2,en_route_pickup,-1.527,1.968,-1.000,1.500,joint_grid_transaction,33,33,1,9,2,0.000,1.00
77.568,3,en_route_delivery,-3.020,2.061,0.000,-3.500,joint_grid_transaction,33,33,1,9,3,0.000,0.55
77.568,4,en_route_pickup,1.026,1.935,0.000,3.500,joint_grid_transaction,33,33,2,9,4,0.000,1.00
77.568,5,en_route_pickup,-3.949,2.410,1.000,1.500,joint_grid_transaction,33,33,1,9,5,0.000,1.00
77.568,6,en_route_pickup,1.873,-1.997,-1.000,-1.500,joint_grid_transaction,33,33,2,9,6,0.000,1.00
77.568,7,en_route_delivery,-5.871,-2.969,-1.000,1.500,joint_grid_transaction,33,33,2,9,8,0.000,1.00
77.568,8,en_route_pickup,4.149,-1.839,0.000,-3.500,joint_grid_transaction,33,33,2,9,7,0.000,1.00
77.824,1,en_route_pickup,-2.489,-2.063,6.000,3.500,joint_grid_transaction,33,33,2,9,9,0.000,1.00
77.824,2,en_route_pickup,-1.554,1.995,-1.000,1.500,joint_grid_transaction,33,33,2,9,2,0.000,1.00
77.824,3,en_route_delivery,-3.023,2.068,0.000,-3.500,joint_grid_transaction,33,33,1,9,3,0.000,0.55
77.824,4,en_route_pickup,0.996,1.935,0.000,3.500,joint_grid_transaction,33,33,2,9,4,0.000,1.00
77.824,5,en_route_pickup,-3.951,2.407,1.000,1.500,joint_grid_transaction,33,33,1,9,5,0.000,1.00
77.824,6,en_route_pickup,1.833,-1.994,-1.000,-1.500,joint_grid_transaction,33,33,2,9,6,0.000,1.00
77.824,7,en_route_delivery,-5.825,-2.978,-1.000,1.500,joint_grid_transaction,33,33,2,9,8,0.000,1.00
77.824,8,en_route_pickup,4.149,-1.839,0.000,-3.500,joint_grid_transaction,33,33,2,9,7,0.000,1.00
78.080,1,en_route_pickup,-2.460,-2.061,6.000,3.500,joint_grid_transaction,33,33,2,9,9,0.000,1.00
78.080,2,en_route_pickup,-1.568,2.019,-1.000,1.500,joint_grid_transaction,33,33,2,9,2,0.000,1.00
78.080,3,en_route_delivery,-3.029,2.077,0.000,-3.500,joint_grid_transaction,33,33,1,9,3,0.000,1.00
78.080,4,en_route_pickup,0.968,1.935,0.000,3.500,joint_grid_transaction,33,33,2,9,4,0.000,1.00
78.080,5,en_route_pickup,-3.961,2.385,1.000,1.500,joint_grid_transaction,33,33,1,9,5,0.000,1.00
78.080,6,en_route_pickup,1.794,-1.990,-1.000,-1.500,joint_grid_transaction,33,33,2,9,6,0.000,1.00
78.080,7,en_route_delivery,-5.778,-2.984,-1.000,1.500,joint_grid_transaction,33,33,2,9,8,0.000,1.00
78.080,8,en_route_pickup,4.149,-1.839,0.000,-3.500,joint_grid_transaction,33,33,2,9,7,0.000,1.00
78.336,1,en_route_pickup,-2.431,-2.060,6.000,3.500,joint_grid_transaction,33,33,3,9,9,0.000,1.00
78.336,2,en_route_pickup,-1.570,2.025,-1.000,1.500,joint_grid_transaction,33,33,2,9,2,0.000,1.00
78.336,3,en_route_delivery,-3.043,2.095,0.000,-3.500,joint_grid_transaction,33,33,1,9,3,0.000,1.00
78.336,4,en_route_pickup,0.936,1.935,0.000,3.500,joint_grid_transaction,33,33,3,9,4,0.000,1.00
78.336,5,en_route_pickup,-3.983,2.357,1.000,1.500,joint_grid_transaction,33,33,1,9,5,0.000,1.00
78.336,6,en_route_pickup,1.756,-1.987,-1.000,-1.500,joint_grid_transaction,33,33,2,9,6,0.000,1.00
78.336,7,en_route_delivery,-5.730,-2.990,-1.000,1.500,joint_grid_transaction,33,33,2,9,8,0.000,1.00
78.336,8,en_route_pickup,4.138,-1.826,0.000,-3.500,joint_grid_transaction,33,33,3,9,7,0.000,1.00
78.592,1,en_route_pickup,-2.389,-2.058,6.000,3.500,joint_grid_transaction,33,33,3,9,9,0.000,1.00
78.592,2,en_route_pickup,-1.576,2.007,-1.000,1.500,joint_grid_transaction,33,33,2,9,2,0.000,1.00
78.592,3,en_route_delivery,-3.058,2.100,0.000,-3.500,joint_grid_transaction,33,33,2,9,3,0.000,1.00
78.592,4,en_route_pickup,0.899,1.936,0.000,3.500,joint_grid_transaction,33,33,3,9,4,0.000,1.00
78.592,5,en_route_pickup,-4.010,2.335,1.000,1.500,joint_grid_transaction,33,33,1,9,5,0.000,1.00
78.592,6,en_route_pickup,1.720,-1.983,-1.000,-1.500,joint_grid_transaction,33,33,2,9,6,0.000,1.00
78.592,7,en_route_delivery,-5.686,-2.994,-1.000,1.500,joint_grid_transaction,33,33,3,9,8,0.000,1.00
78.592,8,en_route_pickup,4.126,-1.812,0.000,-3.500,joint_grid_transaction,33,33,3,9,7,0.000,1.00
78.848,1,en_route_pickup,-2.347,-2.055,6.000,3.500,joint_grid_transaction,34,34,2,9,9,0.000,1.00
78.848,2,en_route_pickup,-1.595,1.980,-1.000,1.500,joint_grid_transaction,34,34,2,9,2,0.000,1.00
78.848,3,en_route_delivery,-3.072,2.110,0.000,-3.500,joint_grid_transaction,34,34,2,9,3,0.000,1.00
78.848,4,en_route_pickup,0.863,1.936,0.000,3.500,joint_grid_transaction,34,34,2,9,4,0.000,1.00
78.848,5,en_route_pickup,-3.990,2.350,1.000,1.500,joint_grid_transaction,34,34,1,9,5,0.000,1.00
78.848,6,en_route_pickup,1.682,-1.980,-1.000,-1.500,joint_grid_transaction,34,34,2,9,6,0.000,1.00
78.848,7,en_route_delivery,-5.644,-2.997,-1.000,1.500,joint_grid_transaction,34,34,2,9,8,0.000,1.00
78.848,8,en_route_pickup,4.129,-1.823,0.000,-3.500,joint_grid_transaction,34,34,2,9,7,0.000,1.00
79.104,1,en_route_pickup,-2.301,-2.051,6.000,3.500,joint_grid_transaction,34,34,2,9,9,0.000,1.00
79.104,2,en_route_pickup,-1.618,1.958,-1.000,1.500,joint_grid_transaction,34,34,2,9,2,0.000,1.00
79.104,3,en_route_delivery,-3.103,2.096,0.000,-3.500,joint_grid_transaction,34,34,2,9,3,0.000,1.00
79.104,4,en_route_pickup,0.826,1.937,0.000,3.500,joint_grid_transaction,34,34,2,9,4,0.000,1.00
79.104,5,en_route_pickup,-3.966,2.374,1.000,1.500,joint_grid_transaction,34,34,1,9,5,0.000,1.00
79.104,6,en_route_pickup,1.645,-1.976,-1.000,-1.500,joint_grid_transaction,34,34,2,9,6,0.000,1.00
79.104,7,en_route_delivery,-5.603,-3.001,-1.000,1.500,joint_grid_transaction,34,34,2,9,8,0.000,1.00
79.104,8,en_route_pickup,4.129,-1.823,0.000,-3.500,joint_grid_transaction,34,34,2,9,7,0.000,1.00
79.360,1,en_route_pickup,-2.254,-2.045,6.000,3.500,joint_grid_transaction,34,34,2,9,9,0.000,1.00
79.360,2,en_route_pickup,-1.632,1.948,-1.000,1.500,joint_grid_transaction,34,34,2,9,2,0.000,1.00
79.360,3,en_route_delivery,-3.146,2.077,0.000,-3.500,joint_grid_transaction,34,34,2,9,3,0.000,1.00
79.360,4,en_route_pickup,0.790,1.938,0.000,3.500,joint_grid_transaction,34,34,2,9,4,0.000,1.00
79.360,5,en_route_pickup,-3.954,2.389,1.000,1.500,joint_grid_transaction,34,34,1,9,5,0.000,1.00
79.360,6,en_route_pickup,1.609,-1.973,-1.000,-1.500,joint_grid_transaction,34,34,2,9,6,0.000,1.00
79.360,7,en_route_delivery,-5.563,-3.005,-1.000,1.500,joint_grid_transaction,34,34,2,9,8,0.000,1.00
79.360,8,en_route_pickup,4.129,-1.823,0.000,-3.500,joint_grid_transaction,34,34,2,9,7,0.000,1.00
79.616,1,en_route_pickup,-2.215,-2.040,6.000,3.500,joint_grid_transaction,34,34,2,9,9,0.000,1.00
79.616,2,en_route_pickup,-1.661,1.958,-1.000,1.500,joint_grid_transaction,34,34,2,9,2,0.000,1.00
79.616,3,en_route_delivery,-3.179,2.065,0.000,-3.500,joint_grid_transaction,34,34,2,9,3,0.000,0.45
79.616,4,en_route_pickup,0.754,1.940,0.000,3.500,joint_grid_transaction,34,34,2,9,4,0.000,1.00
79.616,5,en_route_pickup,-3.957,2.407,1.000,1.500,joint_grid_transaction,34,34,1,9,5,0.000,0.75
79.616,6,en_route_pickup,1.574,-1.970,-1.000,-1.500,joint_grid_transaction,34,34,2,9,6,0.000,1.00
79.616,7,en_route_delivery,-5.523,-3.008,-1.000,1.500,joint_grid_transaction,34,34,2,9,8,0.000,1.00
79.616,8,en_route_pickup,4.129,-1.823,0.000,-3.500,joint_grid_transaction,34,34,2,9,7,0.000,1.00
79.872,1,en_route_pickup,-2.208,-2.039,6.000,3.500,joint_grid_transaction,34,34,3,9,9,0.000,1.00
79.872,2,en_route_pickup,-1.706,1.972,-1.000,1.500,joint_grid_transaction,34,34,2,9,2,0.000,1.00
79.872,3,en_route_delivery,-3.189,2.063,0.000,-3.500,joint_grid_transaction,34,34,2,9,3,0.000,0.45
79.872,4,en_route_pickup,0.719,1.943,0.000,3.500,joint_grid_transaction,34,34,2,9,4,0.000,1.00
79.872,5,en_route_pickup,-3.966,2.431,1.000,1.500,joint_grid_transaction,34,34,1,9,5,0.000,0.75
79.872,6,en_route_pickup,1.540,-1.967,-1.000,-1.500,joint_grid_transaction,34,34,2,9,6,0.000,1.00
79.872,7,en_route_delivery,-5.485,-3.012,-1.000,1.500,joint_grid_transaction,34,34,2,9,8,0.000,1.00
79.872,8,en_route_pickup,4.126,-1.819,0.000,-3.500,joint_grid_transaction,34,34,3,9,7,0.000,1.00
80.128,1,en_route_pickup,-2.163,-2.032,6.000,3.500,joint_grid_transaction,34,34,3,9,9,0.000,1.00
80.128,2,en_route_pickup,-1.752,1.983,-1.000,1.500,joint_grid_transaction,34,34,2,9,2,0.000,1.00
80.128,3,en_route_delivery,-3.207,2.056,0.000,-3.500,joint_grid_transaction,34,34,2,9,3,0.000,1.00
80.128,4,en_route_pickup,0.674,1.946,0.000,3.500,joint_grid_transaction,34,34,3,9,4,0.000,1.00
80.128,5,en_route_pickup,-3.974,2.457,1.000,1.500,joint_grid_transaction,34,34,1,9,5,0.000,0.75
80.128,6,en_route_pickup,1.508,-1.964,-1.000,-1.500,joint_grid_transaction,34,34,2,9,6,0.000,1.00
80.128,7,en_route_delivery,-5.446,-3.015,-1.000,1.500,joint_grid_transaction,34,34,3,9,8,0.000,1.00
80.128,8,en_route_pickup,4.106,-1.824,0.000,-3.500,joint_grid_transaction,34,34,3,9,7,0.000,1.00
80.384,1,en_route_pickup,-2.115,-2.027,6.000,3.500,joint_grid_transaction,34,34,3,9,9,0.000,1.00
80.384,2,en_route_pickup,-1.798,1.990,-1.000,1.500,joint_grid_transaction,34,34,3,9,2,0.000,1.00
80.384,3,en_route_delivery,-3.253,2.043,0.000,-3.500,joint_grid_transaction,34,34,2,9,3,0.000,1.00
80.384,4,en_route_pickup,0.627,1.950,0.000,3.500,joint_grid_transaction,34,34,3,9,4,0.000,1.00
80.384,5,en_route_pickup,-3.980,2.482,1.000,1.500,joint_grid_transaction,34,34,1,9,5,0.000,0.75
80.384,6,en_route_pickup,1.478,-1.961,-1.000,-1.500,joint_grid_transaction,34,34,2,9,6,0.000,1.00
80.384,7,en_route_delivery,-5.408,-3.019,-1.000,1.500,joint_grid_transaction,34,34,3,9,8,0.000,1.00
80.384,8,en_route_pickup,4.068,-1.852,0.000,-3.500,joint_grid_transaction,34,34,3,9,7,0.000,1.00
80.640,1,en_route_pickup,-2.070,-2.022,6.000,3.500,joint_grid_transaction,35,34,3,13,9,0.000,1.00
80.640,2,en_route_pickup,-1.846,1.996,-1.000,1.500,joint_grid_transaction,35,34,3,12,2,0.000,1.00
80.640,3,en_route_delivery,-3.285,2.035,0.000,-3.500,joint_grid_transaction,35,34,2,13,3,0.000,0.45
80.640,4,en_route_pickup,0.581,1.955,0.000,3.500,joint_grid_transaction,35,34,3,10,4,0.000,1.00
80.640,5,en_route_pickup,-3.986,2.508,1.000,1.500,joint_grid_transaction,35,34,1,13,5,0.000,0.75
80.640,6,en_route_pickup,1.447,-1.958,-1.000,-1.500,joint_grid_transaction,35,34,2,13,6,0.000,1.00
80.640,7,en_route_delivery,-5.371,-3.022,-1.000,1.500,joint_grid_transaction,35,34,3,13,8,0.000,1.00
80.640,8,en_route_pickup,4.031,-1.877,0.000,-3.500,joint_grid_transaction,35,34,3,13,7,0.000,1.00
80.896,1,en_route_pickup,-2.026,-2.017,6.000,3.500,joint_grid_transaction,35,35,2,13,9,0.000,1.00
80.896,2,en_route_pickup,-1.889,1.999,-1.000,1.500,joint_grid_transaction,35,35,2,12,2,0.000,1.00
80.896,3,en_route_delivery,-3.294,2.033,0.000,-3.500,joint_grid_transaction,35,35,2,13,3,0.000,0.45
80.896,4,en_route_pickup,0.534,1.961,0.000,3.500,joint_grid_transaction,35,35,2,10,4,0.000,1.00
80.896,5,en_route_pickup,-3.989,2.533,1.000,1.500,joint_grid_transaction,35,35,1,13,5,0.000,0.75
80.896,6,en_route_pickup,1.413,-1.955,-1.000,-1.500,joint_grid_transaction,35,35,2,13,6,0.000,1.00
80.896,7,en_route_delivery,-5.334,-3.025,-1.000,1.500,joint_grid_transaction,35,35,2,13,8,0.000,1.00
80.896,8,en_route_pickup,3.990,-1.900,0.000,-3.500,joint_grid_transaction,35,35,2,13,7,0.000,1.00
81.152,1,en_route_pickup,-1.982,-2.012,6.000,3.500,joint_grid_transaction,35,35,2,13,9,0.000,1.00
81.152,2,en_route_pickup,-1.931,2.002,-1.000,1.500,joint_grid_transaction,35,35,2,12,2,0.000,1.00
81.152,3,en_route_delivery,-3.306,2.031,0.000,-3.500,joint_grid_transaction,35,35,2,13,3,0.000,0.55
81.152,4,en_route_pickup,0.487,1.967,0.000,3.500,joint_grid_transaction,35,35,2,10,4,0.000,1.00
81.152,5,en_route_pickup,-3.989,2.532,1.000,1.500,joint_grid_transaction,35,35,2,13,5,0.000,1.00
81.152,6,en_route_pickup,1.380,-1.952,-1.000,-1.500,joint_grid_transaction,35,35,2,13,6,0.000,1.00
81.152,7,en_route_delivery,-5.299,-3.028,-1.000,1.500,joint_grid_transaction,35,35,2,13,8,0.000,1.00
81.152,8,en_route_pickup,3.953,-1.919,0.000,-3.500,joint_grid_transaction,35,35,2,13,7,0.000,1.00
81.408,1,en_route_pickup,-1.968,-2.011,6.000,3.500,joint_grid_transaction,35,35,2,13,9,0.000,1.00
81.408,2,en_route_pickup,-1.971,2.006,-1.000,1.500,joint_grid_transaction,35,35,2,12,2,0.000,1.00
81.408,3,en_route_delivery,-3.320,2.028,0.000,-3.500,joint_grid_transaction,35,35,2,13,3,0.000,0.55
81.408,4,en_route_pickup,0.465,1.969,0.000,3.500,joint_grid_transaction,35,35,2,10,4,0.000,1.00
81.408,5,en_route_pickup,-3.985,2.520,1.000,1.500,joint_grid_transaction,35,35,2,13,5,0.000,1.00
81.408,6,en_route_pickup,1.349,-1.950,-1.000,-1.500,joint_grid_transaction,35,35,2,13,6,0.000,1.00
81.408,7,en_route_delivery,-5.265,-3.031,-1.000,1.500,joint_grid_transaction,35,35,2,13,8,0.000,1.00
81.408,8,en_route_pickup,3.953,-1.919,0.000,-3.500,joint_grid_transaction,35,35,2,13,7,0.000,1.00
81.664,1,en_route_pickup,-1.968,-2.011,6.000,3.500,joint_grid_transaction,35,35,2,13,9,0.000,1.00
81.664,2,en_route_pickup,-2.011,2.009,-1.000,1.500,joint_grid_transaction,35,35,2,12,2,0.000,1.00
81.664,3,en_route_delivery,-3.332,2.026,0.000,-3.500,joint_grid_transaction,35,35,2,13,3,0.000,0.45
81.664,4,en_route_pickup,0.465,1.969,0.000,3.500,joint_grid_transaction,35,35,2,10,4,0.000,1.00
81.664,5,en_route_pickup,-3.977,2.524,1.000,1.500,joint_grid_transaction,35,35,2,13,5,0.000,0.75
81.664,6,en_route_pickup,1.319,-1.947,-1.000,-1.500,joint_grid_transaction,35,35,2,13,6,0.000,1.00
81.664,7,en_route_delivery,-5.233,-3.034,-1.000,1.500,joint_grid_transaction,35,35,2,13,8,0.000,1.00
81.664,8,en_route_pickup,3.953,-1.919,0.000,-3.500,joint_grid_transaction,35,35,2,13,7,0.000,1.00
81.920,1,en_route_pickup,-1.951,-2.009,6.000,3.500,joint_grid_transaction,35,35,2,13,9,0.000,1.00
81.920,2,en_route_pickup,-2.029,2.012,-1.000,1.500,joint_grid_transaction,35,35,2,12,2,0.000,1.00
81.920,3,en_route_delivery,-3.341,2.025,0.000,-3.500,joint_grid_transaction,35,35,2,13,3,0.000,0.45
81.920,4,en_route_pickup,0.448,1.972,0.000,3.500,joint_grid_transaction,35,35,2,10,4,0.000,1.00
81.920,5,en_route_pickup,-3.963,2.546,1.000,1.500,joint_grid_transaction,35,35,2,13,5,0.000,0.75
81.920,6,en_route_pickup,1.290,-1.944,-1.000,-1.500,joint_grid_transaction,35,35,2,13,6,0.000,1.00
81.920,7,en_route_delivery,-5.201,-3.036,-1.000,1.500,joint_grid_transaction,35,35,2,13,8,0.000,1.00
81.920,8,en_route_pickup,3.937,-1.927,0.000,-3.500,joint_grid_transaction,35,35,2,13,7,0.000,1.00
82.176,1,en_route_pickup,-1.910,-2.004,6.000,3.500,joint_grid_transaction,36,35,3,9,9,0.000,1.00
82.176,2,en_route_pickup,-2.014,2.018,-1.000,1.500,joint_grid_transaction,36,35,3,9,2,0.000,1.00
82.176,3,en_route_delivery,-3.347,2.024,0.000,-3.500,joint_grid_transaction,36,35,2,9,3,0.000,0.45
82.176,4,en_route_pickup,0.403,1.978,0.000,3.500,joint_grid_transaction,36,35,3,9,4,0.000,1.00
82.176,5,en_route_pickup,-3.949,2.558,1.000,1.500,joint_grid_transaction,36,35,2,9,5,0.000,0.75
82.176,6,en_route_pickup,1.265,-1.942,-1.000,-1.500,joint_grid_transaction,36,35,2,9,6,0.000,1.00
82.176,7,en_route_delivery,-5.168,-3.039,-1.000,1.500,joint_grid_transaction,36,35,3,9,8,0.000,1.00
82.176,8,en_route_pickup,3.893,-1.944,0.000,-3.500,joint_grid_transaction,36,35,3,9,7,0.000,1.00
82.432,1,en_route_pickup,-1.869,-1.999,6.000,3.500,joint_grid_transaction,36,36,2,9,9,0.000,1.00
82.432,2,en_route_pickup,-1.988,2.037,-1.000,1.500,joint_grid_transaction,36,36,2,9,2,0.000,1.00
82.432,3,en_route_delivery,-3.344,2.023,0.000,-3.500,joint_grid_transaction,36,36,1,9,3,0.000,0.45
82.432,4,en_route_pickup,0.357,1.983,0.000,3.500,joint_grid_transaction,36,36,2,9,4,0.000,1.00
82.432,5,en_route_pickup,-3.943,2.552,1.000,1.500,joint_grid_transaction,36,36,1,9,5,0.000,0.75
82.432,6,en_route_pickup,1.244,-1.941,-1.000,-1.500,joint_grid_transaction,36,36,1,9,6,0.000,1.00
82.432,7,en_route_delivery,-5.134,-3.042,-1.000,1.500,joint_grid_transaction,36,36,2,9,8,0.000,1.00
82.432,8,en_route_pickup,3.848,-1.957,0.000,-3.500,joint_grid_transaction,36,36,2,9,7,0.000,1.00
82.688,1,en_route_pickup,-1.830,-1.995,6.000,3.500,joint_grid_transaction,36,36,2,9,9,0.000,1.00
82.688,2,en_route_pickup,-1.962,2.064,-1.000,1.500,joint_grid_transaction,36,36,2,9,2,0.000,1.00
82.688,3,en_route_delivery,-3.349,2.021,0.000,-3.500,_priority_yield_resume,37,36,0,3,3,0.000,0.55
82.688,4,en_route_pickup,0.312,1.988,0.000,3.500,joint_grid_transaction,36,36,2,9,4,0.000,1.00
82.688,5,en_route_pickup,-3.943,2.551,1.000,1.500,joint_grid_transaction,36,36,1,9,5,0.000,1.00
82.688,6,en_route_pickup,1.223,-1.941,-1.000,-1.500,joint_grid_transaction,36,36,1,9,6,0.000,1.00
82.688,7,en_route_delivery,-5.101,-3.045,-1.000,1.500,joint_grid_transaction,36,36,2,9,8,0.000,1.00
82.688,8,en_route_pickup,3.802,-1.967,0.000,-3.500,joint_grid_transaction,36,36,2,9,7,0.000,1.00
82.944,1,en_route_pickup,-1.791,-1.991,6.000,3.500,joint_grid_transaction,36,36,2,9,9,0.000,1.00
82.944,2,en_route_pickup,-1.948,2.087,-1.000,1.500,joint_grid_transaction,36,36,2,9,2,0.000,1.00
82.944,3,en_route_delivery,-3.363,2.017,0.000,-3.500,_priority_yield_resume,37,36,0,3,3,0.000,0.55
82.944,4,en_route_pickup,0.269,1.992,0.000,3.500,joint_grid_transaction,36,36,2,9,4,0.000,1.00
82.944,5,en_route_pickup,-3.943,2.551,1.000,1.500,joint_grid_transaction,36,36,1,9,5,0.000,1.00
82.944,6,en_route_pickup,1.195,-1.940,-1.000,-1.500,joint_grid_transaction,36,36,2,9,6,0.000,1.00
82.944,7,en_route_delivery,-5.069,-3.048,-1.000,1.500,joint_grid_transaction,36,36,2,9,8,0.000,1.00
82.944,8,en_route_pickup,3.755,-1.975,0.000,-3.500,joint_grid_transaction,36,36,2,9,7,0.000,1.00
83.200,1,en_route_pickup,-1.754,-1.987,6.000,3.500,joint_grid_transaction,36,36,2,9,9,0.000,1.00
83.200,2,en_route_pickup,-1.946,2.093,-1.000,1.500,joint_grid_transaction,36,36,2,9,2,0.000,1.00
83.200,3,en_route_delivery,-3.377,2.014,0.000,-3.500,_priority_yield_resume,37,36,0,3,3,0.000,0.55
83.200,4,en_route_pickup,0.227,1.996,0.000,3.500,joint_grid_transaction,36,36,2,9,4,0.000,1.00
83.200,5,en_route_pickup,-3.943,2.551,1.000,1.500,joint_grid_transaction,36,36,1,9,5,0.000,1.00
83.200,6,en_route_pickup,1.160,-1.939,-1.000,-1.500,joint_grid_transaction,36,36,2,9,6,0.000,1.00
83.200,7,en_route_delivery,-5.040,-3.050,-1.000,1.500,joint_grid_transaction,36,36,2,9,8,0.000,1.00
83.200,8,en_route_pickup,3.716,-1.981,0.000,-3.500,joint_grid_transaction,36,36,2,9,7,0.000,1.00
83.456,1,en_route_pickup,-1.718,-1.984,6.000,3.500,joint_grid_transaction,36,36,2,9,9,0.000,1.00
83.456,2,en_route_pickup,-1.942,2.080,-1.000,1.500,joint_grid_transaction,36,36,2,9,2,0.000,1.00
83.456,3,en_route_delivery,-3.391,2.011,0.000,-3.500,_priority_yield_resume,37,36,0,3,3,0.000,0.55
83.456,4,en_route_pickup,0.224,1.999,0.000,3.500,joint_grid_transaction,36,36,3,9,4,0.000,1.00
83.456,5,en_route_pickup,-3.943,2.551,1.000,1.500,joint_grid_transaction,36,36,1,9,5,0.000,1.00
83.456,6,en_route_pickup,1.127,-1.938,-1.000,-1.500,joint_grid_transaction,36,36,2,9,6,0.000,1.00
83.456,7,en_route_delivery,-5.012,-3.053,-1.000,1.500,joint_grid_transaction,36,36,2,9,8,0.000,1.00
83.456,8,en_route_pickup,3.694,-1.984,0.000,-3.500,joint_grid_transaction,36,36,3,9,7,0.000,1.00
83.712,1,en_route_pickup,-1.681,-1.980,6.000,3.500,joint_grid_transaction,36,36,3,9,9,0.000,1.00
83.712,2,en_route_pickup,-1.932,2.078,-1.000,1.500,joint_grid_transaction,36,36,2,9,2,0.000,1.00
83.712,3,en_route_delivery,-3.405,2.009,0.000,-3.500,_priority_yield_resume,37,36,0,3,3,0.000,0.55
83.712,4,en_route_pickup,0.236,2.003,0.000,3.500,joint_grid_transaction,36,36,3,9,4,0.000,1.00
83.712,5,en_route_pickup,-3.943,2.551,1.000,1.500,joint_grid_transaction,36,36,1,9,5,0.000,1.00
83.712,6,en_route_pickup,1.096,-1.937,-1.000,-1.500,joint_grid_transaction,36,36,2,9,6,0.000,1.00
83.712,7,en_route_delivery,-4.988,-3.054,-1.000,1.500,joint_grid_transaction,36,36,2,9,8,0.000,1.00
83.712,8,en_route_pickup,3.650,-1.990,0.000,-3.500,joint_grid_transaction,36,36,3,9,7,0.000,1.00
83.968,1,en_route_pickup,-1.645,-1.976,6.000,3.500,joint_grid_transaction,36,36,3,9,9,0.000,1.00
83.968,2,en_route_pickup,-1.910,2.105,-1.000,1.500,joint_grid_transaction,36,36,2,9,2,0.000,1.00
83.968,3,en_route_delivery,-3.419,2.007,0.000,-3.500,_priority_yield_resume,37,36,0,3,3,0.000,0.55
83.968,4,en_route_pickup,0.216,2.021,0.000,3.500,joint_grid_transaction,36,36,3,9,4,0.000,1.00
83.968,5,en_route_pickup,-3.943,2.551,1.000,1.500,joint_grid_transaction,36,36,1,9,5,0.000,1.00
83.968,6,en_route_pickup,1.066,-1.935,-1.000,-1.500,joint_grid_transaction,36,36,2,9,6,0.000,1.00
83.968,7,en_route_delivery,-4.967,-3.055,-1.000,1.500,joint_grid_transaction,36,36,2,9,8,0.000,1.00
83.968,8,en_route_pickup,3.605,-1.994,0.000,-3.500,joint_grid_transaction,36,36,3,9,7,0.000,1.00
84.224,1,en_route_pickup,-1.610,-1.972,6.000,3.500,joint_grid_transaction,36,36,3,9,9,0.000,1.00
84.224,2,en_route_pickup,-1.896,2.090,-1.000,1.500,joint_grid_transaction,36,36,3,9,2,0.000,1.00
84.224,3,en_route_delivery,-3.434,2.005,0.000,-3.500,_priority_yield_resume,37,36,0,3,3,0.000,0.55
84.224,4,en_route_pickup,0.179,2.050,0.000,3.500,joint_grid_transaction,36,36,3,9,4,0.000,1.00
84.224,5,en_route_pickup,-3.943,2.551,1.000,1.500,joint_grid_transaction,36,36,1,9,5,0.000,1.00
84.224,6,en_route_pickup,1.039,-1.934,-1.000,-1.500,joint_grid_transaction,36,36,2,9,6,0.000,1.00
84.224,7,en_route_delivery,-4.936,-3.057,-1.000,1.500,joint_grid_transaction,36,36,3,9,8,0.000,1.00
84.224,8,en_route_pickup,3.562,-1.998,0.000,-3.500,joint_grid_transaction,36,36,3,9,7,0.000,1.00
84.480,1,en_route_pickup,-1.576,-1.969,6.000,3.500,joint_grid_transaction,36,36,3,9,9,0.000,1.00
84.480,2,en_route_pickup,-1.872,2.099,-1.000,1.500,joint_grid_transaction,36,36,3,9,2,0.000,1.00
84.480,3,en_route_delivery,-3.448,2.004,0.000,-3.500,_priority_yield_resume,37,36,0,3,3,0.000,0.55
84.480,4,en_route_pickup,0.143,2.081,0.000,3.500,joint_grid_transaction,36,36,3,9,4,0.000,1.00
84.480,5,en_route_pickup,-3.943,2.551,1.000,1.500,joint_grid_transaction,36,36,1,9,5,0.000,1.00
84.480,6,en_route_pickup,1.015,-1.932,-1.000,-1.500,joint_grid_transaction,36,36,2,9,6,0.000,1.00
84.480,7,en_route_delivery,-4.904,-3.058,-1.000,1.500,joint_grid_transaction,36,36,3,9,8,0.000,1.00
84.480,8,en_route_pickup,3.521,-2.002,0.000,-3.500,joint_grid_transaction,36,36,3,9,7,0.000,1.00
84.736,1,en_route_pickup,-1.543,-1.966,6.000,3.500,joint_grid_transaction,36,36,3,9,9,0.000,1.00
84.736,2,en_route_pickup,-1.833,2.124,-1.000,1.500,joint_grid_transaction,36,36,3,9,2,0.000,1.00
84.736,3,en_route_delivery,-3.451,2.004,0.000,-3.500,joint_grid_transaction,37,36,0,0,3,94.528,0.40
84.736,4,en_route_pickup,0.149,2.095,0.000,3.500,joint_grid_transaction,36,36,4,9,4,0.000,1.00
84.736,5,en_route_pickup,-3.943,2.551,1.000,1.500,joint_grid_transaction,36,36,1,9,5,0.000,1.00
84.736,6,en_route_pickup,0.993,-1.932,-1.000,-1.500,joint_grid_transaction,36,36,2,9,6,0.000,1.00
84.736,7,en_route_delivery,-4.872,-3.060,-1.000,1.500,joint_grid_transaction,36,36,3,9,8,0.000,1.00
84.736,8,en_route_pickup,3.481,-2.005,0.000,-3.500,joint_grid_transaction,36,36,3,9,7,0.000,1.00
84.992,1,en_route_pickup,-1.512,-1.962,6.000,3.500,joint_grid_transaction,36,36,3,9,9,0.000,1.00
84.992,2,en_route_pickup,-1.791,2.147,-1.000,1.500,joint_grid_transaction,36,36,3,9,2,0.000,1.00
84.992,3,en_route_delivery,-3.451,2.004,0.000,-3.500,joint_grid_transaction,37,36,0,0,3,94.528,0.40
84.992,4,en_route_pickup,0.133,2.124,0.000,3.500,joint_grid_transaction,36,36,4,9,4,0.000,1.00
84.992,5,en_route_pickup,-3.943,2.551,1.000,1.500,joint_grid_transaction,36,36,1,9,5,0.000,1.00
84.992,6,en_route_pickup,0.971,-1.932,-1.000,-1.500,joint_grid_transaction,36,36,2,9,6,0.000,1.00
84.992,7,en_route_delivery,-4.841,-3.062,-1.000,1.500,joint_grid_transaction,36,36,3,9,8,0.000,1.00
84.992,8,en_route_pickup,3.441,-2.009,0.000,-3.500,joint_grid_transaction,36,36,4,9,7,0.000,1.00
85.248,1,en_route_pickup,-1.477,-1.959,6.000,3.500,joint_grid_transaction,39,39,1,11,9,0.000,1.00
85.248,2,en_route_pickup,-1.779,2.164,-1.000,1.500,joint_grid_transaction,39,39,1,5,2,0.000,1.00
85.248,3,en_route_delivery,-3.451,2.004,0.000,-3.500,joint_grid_transaction,39,39,1,10,3,94.528,0.40
85.248,4,en_route_pickup,0.125,2.148,0.000,3.500,joint_grid_transaction,39,39,1,2,4,0.000,1.00
85.248,5,en_route_pickup,-3.942,2.552,1.000,1.500,joint_grid_transaction,39,39,1,4,5,0.000,1.00
85.248,6,en_route_pickup,0.935,-1.932,-1.000,-1.500,joint_grid_transaction,39,39,1,3,6,0.000,1.00
85.248,7,en_route_delivery,-4.828,-3.062,-1.000,1.500,joint_grid_transaction,39,39,1,9,8,0.000,1.00
85.248,8,en_route_pickup,3.412,-2.013,0.000,-3.500,joint_grid_transaction,39,39,1,2,7,0.000,1.00
85.504,1,en_route_pickup,-1.438,-1.955,6.000,3.500,joint_grid_transaction,39,39,1,11,9,0.000,1.00
85.504,2,en_route_pickup,-1.805,2.187,-1.000,1.500,joint_grid_transaction,39,39,1,5,2,0.000,1.00
85.504,3,en_route_delivery,-3.451,2.004,0.000,-3.500,joint_grid_transaction,39,39,1,10,3,94.528,0.40
85.504,4,en_route_pickup,0.117,2.175,0.000,3.500,joint_grid_transaction,39,39,1,2,4,0.000,1.00
85.504,5,en_route_pickup,-3.942,2.552,1.000,1.500,joint_grid_transaction,39,39,1,4,5,0.000,1.00
85.504,6,en_route_pickup,0.889,-1.933,-1.000,-1.500,joint_grid_transaction,39,39,1,3,6,0.000,1.00
85.504,7,en_route_delivery,-4.847,-3.056,-1.000,1.500,joint_grid_transaction,39,39,1,9,8,0.000,1.00
85.504,8,en_route_pickup,3.376,-2.022,0.000,-3.500,joint_grid_transaction,39,39,1,2,7,0.000,1.00
85.760,1,en_route_pickup,-1.399,-1.951,6.000,3.500,joint_grid_transaction,39,39,1,11,9,0.000,1.00
85.760,2,en_route_pickup,-1.823,2.207,-1.000,1.500,joint_grid_transaction,39,39,1,5,2,0.000,1.00
85.760,3,en_route_delivery,-3.451,2.004,0.000,-3.500,joint_grid_transaction,39,39,1,10,3,94.528,0.40
85.760,4,en_route_pickup,0.105,2.220,0.000,3.500,joint_grid_transaction,39,39,1,2,4,0.000,1.00
85.760,5,en_route_pickup,-3.942,2.552,1.000,1.500,joint_grid_transaction,39,39,1,4,5,0.000,1.00
85.760,6,en_route_pickup,0.842,-1.934,-1.000,-1.500,joint_grid_transaction,39,39,1,3,6,0.000,1.00
85.760,7,en_route_delivery,-4.873,-3.036,-1.000,1.500,joint_grid_transaction,39,39,1,9,8,0.000,1.00
85.760,8,en_route_pickup,3.335,-2.034,0.000,-3.500,joint_grid_transaction,39,39,1,2,7,0.000,1.00
86.016,1,en_route_pickup,-1.360,-1.947,6.000,3.500,joint_grid_transaction,39,39,1,11,9,0.000,1.00
86.016,2,en_route_pickup,-1.831,2.219,-1.000,1.500,joint_grid_transaction,39,39,1,5,2,0.000,1.00
86.016,3,en_route_delivery,-3.451,2.004,0.000,-3.500,joint_grid_transaction,39,39,1,10,3,94.528,0.40
86.016,4,en_route_pickup,0.095,2.267,0.000,3.500,joint_grid_transaction,39,39,1,2,4,0.000,1.00
86.016,5,en_route_pickup,-3.942,2.552,1.000,1.500,joint_grid_transaction,39,39,1,4,5,0.000,1.00
86.016,6,en_route_pickup,0.794,-1.936,-1.000,-1.500,joint_grid_transaction,39,39,1,3,6,0.000,1.00
86.016,7,en_route_delivery,-4.897,-3.011,-1.000,1.500,joint_grid_transaction,39,39,1,9,8,0.000,1.00
86.016,8,en_route_pickup,3.290,-2.047,0.000,-3.500,joint_grid_transaction,39,39,1,2,7,0.000,1.00
86.272,1,en_route_pickup,-1.321,-1.943,6.000,3.500,joint_grid_transaction,39,39,1,11,9,0.000,1.00
86.272,2,en_route_pickup,-1.820,2.252,-1.000,1.500,joint_grid_transaction,39,39,1,5,2,0.000,1.00
86.272,3,en_route_delivery,-3.451,2.004,0.000,-3.500,joint_grid_transaction,39,39,1,10,3,94.528,0.40
86.272,4,en_route_pickup,0.088,2.314,0.000,3.500,joint_grid_transaction,39,39,1,2,4,0.000,1.00
86.272,5,en_route_pickup,-3.942,2.552,1.000,1.500,joint_grid_transaction,39,39,1,4,5,0.000,1.00
86.272,6,en_route_pickup,0.747,-1.938,-1.000,-1.500,joint_grid_transaction,39,39,1,3,6,0.000,1.00
86.272,7,en_route_delivery,-4.908,-2.995,-1.000,1.500,joint_grid_transaction,39,39,1,9,8,0.000,1.00
86.272,8,en_route_pickup,3.246,-2.062,0.000,-3.500,joint_grid_transaction,39,39,1,2,7,0.000,1.00
86.528,1,en_route_pickup,-1.283,-1.939,6.000,3.500,joint_grid_transaction,39,39,1,11,9,0.000,1.00
86.528,2,en_route_pickup,-1.808,2.298,-1.000,1.500,joint_grid_transaction,39,39,1,5,2,0.000,1.00
86.528,3,en_route_delivery,-3.451,2.004,0.000,-3.500,joint_grid_transaction,39,39,1,10,3,94.528,0.40
86.528,4,en_route_pickup,0.083,2.361,0.000,3.500,joint_grid_transaction,39,39,1,2,4,0.000,1.00
86.528,5,en_route_pickup,-3.942,2.552,1.000,1.500,joint_grid_transaction,39,39,1,4,5,0.000,1.00
86.528,6,en_route_pickup,0.701,-1.940,-1.000,-1.500,joint_grid_transaction,39,39,1,3,6,0.000,1.00
86.528,7,en_route_delivery,-4.910,-2.983,-1.000,1.500,joint_grid_transaction,39,39,1,9,8,0.000,1.00
86.528,8,en_route_pickup,3.201,-2.080,0.000,-3.500,joint_grid_transaction,39,39,1,2,7,0.000,1.00
86.784,1,en_route_pickup,-1.244,-1.935,6.000,3.500,joint_grid_transaction,39,39,1,11,9,0.000,1.00
86.784,2,en_route_pickup,-1.799,2.344,-1.000,1.500,joint_grid_transaction,39,39,1,5,2,0.000,1.00
86.784,3,en_route_delivery,-3.451,2.004,0.000,-3.500,joint_grid_transaction,39,39,1,10,3,94.528,0.40
86.784,4,en_route_pickup,0.078,2.408,0.000,3.500,joint_grid_transaction,39,39,1,2,4,0.000,1.00
86.784,5,en_route_pickup,-3.942,2.552,1.000,1.500,joint_grid_transaction,39,39,1,4,5,0.000,1.00
86.784,6,en_route_pickup,0.655,-1.943,-1.000,-1.500,joint_grid_transaction,39,39,1,3,6,0.000,1.00
86.784,7,en_route_delivery,-4.900,-2.940,-1.000,1.500,joint_grid_transaction,39,39,1,9,8,0.000,1.00
86.784,8,en_route_pickup,3.157,-2.098,0.000,-3.500,joint_grid_transaction,39,39,1,2,7,0.000,1.00
87.040,1,en_route_pickup,-1.206,-1.932,6.000,3.500,joint_grid_transaction,39,39,1,11,9,0.000,1.00
87.040,2,en_route_pickup,-1.792,2.391,-1.000,1.500,joint_grid_transaction,39,39,1,5,2,0.000,1.00
87.040,3,en_route_delivery,-3.451,2.004,0.000,-3.500,joint_grid_transaction,39,39,1,10,3,94.528,0.40
87.040,4,en_route_pickup,0.073,2.453,0.000,3.500,joint_grid_transaction,39,39,1,2,4,0.000,1.00
87.040,5,en_route_pickup,-3.942,2.552,1.000,1.500,joint_grid_transaction,39,39,1,4,5,0.000,1.00
87.040,6,en_route_pickup,0.608,-1.946,-1.000,-1.500,joint_grid_transaction,39,39,1,3,6,0.000,1.00
87.040,7,en_route_delivery,-4.894,-2.893,-1.000,1.500,joint_grid_transaction,39,39,1,9,8,0.000,1.00
87.040,8,en_route_pickup,3.113,-2.116,0.000,-3.500,joint_grid_transaction,39,39,1,2,7,0.000,1.00
87.296,1,en_route_pickup,-1.196,-1.932,6.000,3.500,joint_grid_transaction,40,40,1,7,9,0.000,1.00
87.296,2,en_route_pickup,-1.791,2.405,-1.000,1.500,joint_grid_transaction,40,40,1,3,2,0.000,1.00
87.296,3,en_route_delivery,-3.451,2.004,0.000,-3.500,joint_grid_transaction,40,40,0,4,3,94.528,0.40
87.296,4,en_route_pickup,0.069,2.499,0.000,3.500,joint_grid_transaction,40,40,1,2,4,0.000,1.00
87.296,5,en_route_pickup,-3.940,2.550,1.000,1.500,joint_grid_transaction,40,40,1,9,5,0.000,1.00
87.296,6,en_route_pickup,0.593,-1.948,-1.000,-1.500,joint_grid_transaction,40,40,1,3,6,0.000,1.00
87.296,7,en_route_delivery,-4.890,-2.849,-1.000,1.500,joint_grid_transaction,40,40,1,10,8,0.000,1.00
87.296,8,en_route_pickup,3.113,-2.133,0.000,-3.500,joint_grid_transaction,40,40,1,2,7,0.000,1.00
87.552,1,en_route_pickup,-1.208,-1.936,6.000,3.500,joint_grid_transaction,40,40,1,7,9,0.000,1.00
87.552,2,en_route_pickup,-1.796,2.391,-1.000,1.500,joint_grid_transaction,40,40,1,3,2,0.000,1.00
87.552,3,en_route_delivery,-3.451,2.004,0.000,-3.500,joint_grid_transaction,40,40,0,4,3,94.528,0.40
87.552,4,en_route_pickup,0.064,2.544,0.000,3.500,joint_grid_transaction,40,40,1,2,4,0.000,1.00
87.552,5,en_route_pickup,-3.940,2.550,1.000,1.500,joint_grid_transaction,40,40,1,9,5,0.000,1.00
87.552,6,en_route_pickup,0.556,-1.960,-1.000,-1.500,joint_grid_transaction,40,40,1,3,6,0.000,1.00
87.552,7,en_route_delivery,-4.887,-2.808,-1.000,1.500,joint_grid_transaction,40,40,1,10,8,0.000,1.00
87.552,8,en_route_pickup,3.140,-2.157,0.000,-3.500,joint_grid_transaction,40,40,1,2,7,0.000,1.00
87.808,1,en_route_pickup,-1.217,-1.944,6.000,3.500,joint_grid_transaction,40,40,1,7,9,0.000,1.00
87.808,2,en_route_pickup,-1.803,2.380,-1.000,1.500,joint_grid_transaction,40,40,1,3,2,0.000,1.00
87.808,3,en_route_delivery,-3.451,2.004,0.000,-3.500,joint_grid_transaction,40,40,0,4,3,94.528,0.40
87.808,4,en_route_pickup,0.060,2.590,0.000,3.500,joint_grid_transaction,40,40,1,2,4,0.000,1.00
87.808,5,en_route_pickup,-3.940,2.550,1.000,1.500,joint_grid_transaction,40,40,1,9,5,0.000,1.00
87.808,6,en_route_pickup,0.514,-1.974,-1.000,-1.500,joint_grid_transaction,40,40,1,3,6,0.000,1.00
87.808,7,en_route_delivery,-4.885,-2.767,-1.000,1.500,joint_grid_transaction,40,40,1,10,8,0.000,1.00
87.808,8,en_route_pickup,3.160,-2.181,0.000,-3.500,joint_grid_transaction,40,40,1,2,7,0.000,1.00
88.064,1,en_route_pickup,-1.180,-1.972,6.000,3.500,joint_grid_transaction,40,40,1,7,9,0.000,1.00
88.064,2,en_route_pickup,-1.831,2.412,-1.000,1.500,joint_grid_transaction,40,40,1,3,2,0.000,1.00
88.064,3,en_route_delivery,-3.451,2.004,0.000,-3.500,joint_grid_transaction,40,40,0,4,3,94.528,0.40
88.064,4,en_route_pickup,0.055,2.635,0.000,3.500,joint_grid_transaction,40,40,1,2,4,0.000,1.00
88.064,5,en_route_pickup,-3.940,2.550,1.000,1.500,joint_grid_transaction,40,40,1,9,5,0.000,1.00
88.064,6,en_route_pickup,0.469,-1.990,-1.000,-1.500,joint_grid_transaction,40,40,1,3,6,0.000,1.00
88.064,7,en_route_delivery,-4.882,-2.727,-1.000,1.500,joint_grid_transaction,40,40,1,10,8,0.000,1.00
88.064,8,en_route_pickup,3.167,-2.195,0.000,-3.500,joint_grid_transaction,40,40,1,2,7,0.000,1.00
88.320,1,en_route_pickup,-1.144,-2.003,6.000,3.500,joint_grid_transaction,40,40,1,7,9,0.000,1.00
88.320,2,en_route_pickup,-1.863,2.447,-1.000,1.500,joint_grid_transaction,40,40,1,3,2,0.000,1.00
88.320,3,en_route_delivery,-3.451,2.004,0.000,-3.500,joint_grid_transaction,40,40,0,4,3,94.528,0.40
88.320,4,en_route_pickup,0.051,2.680,0.000,3.500,joint_grid_transaction,40,40,1,2,4,0.000,1.00
88.320,5,en_route_pickup,-3.940,2.550,1.000,1.500,joint_grid_transaction,40,40,1,9,5,0.000,1.00
88.320,6,en_route_pickup,0.426,-2.009,-1.000,-1.500,joint_grid_transaction,40,40,1,3,6,0.000,1.00
88.320,7,en_route_delivery,-4.879,-2.686,-1.000,1.500,joint_grid_transaction,40,40,1,10,8,0.000,1.00
88.320,8,en_route_pickup,3.166,-2.208,0.000,-3.500,joint_grid_transaction,40,40,1,2,7,0.000,1.00
88.576,1,en_route_pickup,-1.110,-2.036,6.000,3.500,joint_grid_transaction,40,40,1,7,9,0.000,1.00
88.576,2,en_route_pickup,-1.897,2.480,-1.000,1.500,joint_grid_transaction,40,40,1,3,2,0.000,1.00
88.576,3,en_route_delivery,-3.451,2.004,0.000,-3.500,joint_grid_transaction,40,40,0,4,3,94.528,0.40
88.576,4,en_route_pickup,0.047,2.725,0.000,3.500,joint_grid_transaction,40,40,1,2,4,0.000,1.00
88.576,5,en_route_pickup,-3.940,2.550,1.000,1.500,joint_grid_transaction,40,40,1,9,5,0.000,1.00
88.576,6,en_route_pickup,0.383,-2.030,-1.000,-1.500,joint_grid_transaction,40,40,1,3,6,0.000,1.00
88.576,7,en_route_delivery,-4.876,-2.646,-1.000,1.500,joint_grid_transaction,40,40,1,10,8,0.000,1.00
88.576,8,en_route_pickup,3.162,-2.242,0.000,-3.500,joint_grid_transaction,40,40,1,2,7,0.000,1.00
88.832,1,en_route_pickup,-1.077,-2.070,6.000,3.500,joint_grid_transaction,40,40,1,7,9,0.000,1.00
88.832,2,en_route_pickup,-1.933,2.511,-1.000,1.500,joint_grid_transaction,40,40,1,3,2,0.000,1.00
88.832,3,en_route_delivery,-3.451,2.004,0.000,-3.500,joint_grid_transaction,40,40,0,4,3,94.528,0.40
88.832,4,en_route_pickup,0.042,2.770,0.000,3.500,joint_grid_transaction,40,40,1,2,4,0.000,1.00
88.832,5,en_route_pickup,-3.940,2.550,1.000,1.500,joint_grid_transaction,40,40,1,9,5,0.000,1.00
88.832,6,en_route_pickup,0.340,-2.051,-1.000,-1.500,joint_grid_transaction,40,40,1,3,6,0.000,1.00
88.832,7,en_route_delivery,-4.873,-2.605,-1.000,1.500,joint_grid_transaction,40,40,1,10,8,0.000,1.00
88.832,8,en_route_pickup,3.158,-2.278,0.000,-3.500,joint_grid_transaction,40,40,1,2,7,0.000,1.00
89.088,1,en_route_pickup,-1.045,-2.106,6.000,3.500,joint_grid_transaction,40,40,1,7,9,0.000,1.00
89.088,2,en_route_pickup,-1.970,2.541,-1.000,1.500,joint_grid_transaction,40,40,1,3,2,0.000,1.00
89.088,3,en_route_delivery,-3.451,2.004,0.000,-3.500,joint_grid_transaction,40,40,0,4,3,94.528,0.40
89.088,4,en_route_pickup,0.038,2.815,0.000,3.500,joint_grid_transaction,40,40,1,2,4,0.000,1.00
89.088,5,en_route_pickup,-3.940,2.550,1.000,1.500,joint_grid_transaction,40,40,1,9,5,0.000,1.00
89.088,6,en_route_pickup,0.297,-2.073,-1.000,-1.500,joint_grid_transaction,40,40,1,3,6,0.000,1.00
89.088,7,en_route_delivery,-4.870,-2.565,-1.000,1.500,joint_grid_transaction,40,40,1,10,8,0.000,1.00
89.088,8,en_route_pickup,3.156,-2.309,0.000,-3.500,joint_grid_transaction,40,40,1,2,7,0.000,1.00
89.344,1,en_route_pickup,-1.058,-2.131,6.000,3.500,joint_grid_transaction,41,41,2,13,9,0.000,1.00
89.344,2,en_route_pickup,-1.954,2.566,-1.000,1.500,joint_grid_transaction,41,41,1,2,2,0.000,1.00
89.344,3,en_route_delivery,-3.451,2.004,0.000,-3.500,joint_grid_transaction,41,41,0,5,3,94.528,0.40
89.344,4,en_route_pickup,0.034,2.860,0.000,3.500,joint_grid_transaction,41,41,1,2,4,0.000,1.00
89.344,5,en_route_pickup,-3.939,2.549,1.000,1.500,joint_grid_transaction,41,41,1,9,5,0.000,1.00
89.344,6,en_route_pickup,0.255,-2.095,-1.000,-1.500,joint_grid_transaction,41,41,1,3,6,0.000,1.00
89.344,7,en_route_delivery,-4.867,-2.525,-1.000,1.500,joint_grid_transaction,41,41,1,10,8,0.000,1.00
89.344,8,en_route_pickup,3.153,-2.340,0.000,-3.500,joint_grid_transaction,41,41,1,2,7,0.000,1.00
89.600,1,en_route_pickup,-1.067,-2.150,6.000,3.500,joint_grid_transaction,41,41,2,13,9,0.000,1.00
89.600,2,en_route_pickup,-1.937,2.591,-1.000,1.500,joint_grid_transaction,41,41,1,2,2,0.000,1.00
89.600,3,en_route_delivery,-3.451,2.004,0.000,-3.500,joint_grid_transaction,41,41,0,5,3,94.528,0.40
89.600,4,en_route_delivery,0.030,2.905,3.000,-1.500,joint_grid_transaction,41,41,1,5,4,0.000,1.00
89.600,5,en_route_pickup,-3.939,2.549,1.000,1.500,joint_grid_transaction,41,41,1,9,5,0.000,1.00
89.600,6,en_route_pickup,0.213,-2.117,-1.000,-1.500,joint_grid_transaction,41,41,1,3,6,0.000,1.00
89.600,7,en_route_delivery,-4.864,-2.485,-1.000,1.500,joint_grid_transaction,41,41,1,10,8,0.000,1.00
89.600,8,en_route_pickup,3.151,-2.371,0.000,-3.500,joint_grid_transaction,41,41,1,2,7,0.000,1.00
89.856,1,en_route_pickup,-1.067,-2.148,6.000,3.500,joint_grid_transaction,41,41,2,13,9,0.000,1.00
89.856,2,en_route_pickup,-1.933,2.604,-1.000,1.500,joint_grid_transaction,41,41,1,2,2,0.000,1.00
89.856,3,en_route_delivery,-3.451,2.004,0.000,-3.500,joint_grid_transaction,41,41,0,5,3,94.528,0.40
89.856,4,en_route_delivery,0.025,2.949,3.000,-1.500,joint_grid_transaction,41,41,1,5,4,0.000,1.00
89.856,5,en_route_pickup,-3.939,2.549,1.000,1.500,joint_grid_transaction,41,41,1,9,5,0.000,1.00
89.856,6,en_route_pickup,0.170,-2.140,-1.000,-1.500,joint_grid_transaction,41,41,1,3,6,0.000,1.00
89.856,7,en_route_delivery,-4.861,-2.445,-1.000,1.500,joint_grid_transaction,41,41,1,10,8,0.000,1.00
89.856,8,en_route_pickup,3.149,-2.402,0.000,-3.500,joint_grid_transaction,41,41,1,2,7,0.000,1.00
90.112,1,en_route_pickup,-1.072,-2.149,6.000,3.500,joint_grid_transaction,41,41,2,13,9,0.000,1.00
90.112,2,en_route_pickup,-1.929,2.589,-1.000,1.500,joint_grid_transaction,41,41,1,2,2,0.000,1.00
90.112,3,en_route_delivery,-3.451,2.004,0.000,-3.500,joint_grid_transaction,41,41,0,5,3,94.528,0.40
90.112,4,en_route_delivery,0.021,2.993,3.000,-1.500,joint_grid_transaction,41,41,1,5,4,0.000,1.00
90.112,5,en_route_pickup,-3.939,2.549,1.000,1.500,joint_grid_transaction,41,41,1,9,5,0.000,1.00
90.112,6,en_route_pickup,0.128,-2.162,-1.000,-1.500,joint_grid_transaction,41,41,1,3,6,0.000,1.00
90.112,7,en_route_delivery,-4.858,-2.405,-1.000,1.500,joint_grid_transaction,41,41,1,10,8,0.000,1.00
90.112,8,en_route_pickup,3.146,-2.432,0.000,-3.500,joint_grid_transaction,41,41,1,2,7,0.000,1.00
90.368,1,en_route_pickup,-1.073,-2.165,6.000,3.500,joint_grid_transaction,42,42,1,13,9,0.000,1.00
90.368,2,en_route_pickup,-1.913,2.564,-1.000,1.500,joint_grid_transaction,42,42,1,2,2,0.000,1.00
90.368,3,en_route_delivery,-3.451,2.004,0.000,-3.500,joint_grid_transaction,42,42,0,7,3,94.528,0.40
90.368,4,en_route_delivery,0.022,3.001,3.000,-1.500,joint_grid_transaction,42,42,1,6,4,0.000,1.00
90.368,5,en_route_pickup,-3.937,2.547,1.000,1.500,joint_grid_transaction,42,42,1,7,5,0.000,1.00
90.368,6,en_route_pickup,0.103,-2.159,-1.000,-1.500,joint_grid_transaction,42,42,1,2,6,0.000,1.00
90.368,7,en_route_delivery,-4.854,-2.367,-1.000,1.500,joint_grid_transaction,42,42,1,14,8,0.000,1.00
90.368,8,en_route_pickup,3.144,-2.462,0.000,-3.500,joint_grid_transaction,42,42,1,2,7,0.000,1.00
90.624,1,en_route_pickup,-1.076,-2.187,6.000,3.500,joint_grid_transaction,42,42,1,13,9,0.000,1.00
90.624,2,en_route_pickup,-1.887,2.537,-1.000,1.500,joint_grid_transaction,42,42,1,2,2,0.000,1.00
90.624,3,en_route_delivery,-3.451,2.004,0.000,-3.500,joint_grid_transaction,42,42,0,7,3,94.528,0.40
90.624,4,en_route_delivery,0.031,2.980,3.000,-1.500,joint_grid_transaction,42,42,1,6,4,0.000,1.00
90.624,5,en_route_pickup,-3.937,2.547,1.000,1.500,joint_grid_transaction,42,42,1,7,5,0.000,1.00
90.624,6,en_route_pickup,0.099,-2.158,-1.000,-1.500,joint_grid_transaction,42,42,1,2,6,0.000,1.00
90.624,7,en_route_delivery,-4.848,-2.326,-1.000,1.500,joint_grid_transaction,42,42,1,14,8,0.000,1.00
90.624,8,en_route_pickup,3.142,-2.491,0.000,-3.500,joint_grid_transaction,42,42,1,2,7,0.000,1.00
90.880,1,en_route_pickup,-1.081,-2.225,6.000,3.500,joint_grid_transaction,42,42,1,13,9,0.000,1.00
90.880,2,en_route_pickup,-1.867,2.523,-1.000,1.500,joint_grid_transaction,42,42,1,2,2,0.000,1.00
90.880,3,en_route_delivery,-3.451,2.004,0.000,-3.500,joint_grid_transaction,42,42,0,7,3,94.528,0.40
90.880,4,en_route_delivery,0.051,2.953,3.000,-1.500,joint_grid_transaction,42,42,1,6,4,0.000,1.00
90.880,5,en_route_pickup,-3.937,2.547,1.000,1.500,joint_grid_transaction,42,42,1,7,5,0.000,1.00
90.880,6,en_route_pickup,0.097,-2.154,-1.000,-1.500,joint_grid_transaction,42,42,1,2,6,0.000,1.00
90.880,7,en_route_delivery,-4.840,-2.283,-1.000,1.500,joint_grid_transaction,42,42,1,14,8,0.000,1.00
90.880,8,en_route_pickup,3.139,-2.521,0.000,-3.500,joint_grid_transaction,42,42,1,2,7,0.000,1.00
91.136,1,en_route_pickup,-1.082,-2.257,6.000,3.500,joint_grid_transaction,43,42,1,11,9,0.000,1.00
91.136,2,en_route_pickup,-1.856,2.518,-1.000,1.500,joint_grid_transaction,43,42,1,2,2,0.000,1.00
91.136,3,en_route_delivery,-3.451,2.004,0.000,-3.500,joint_grid_transaction,43,42,0,8,3,94.528,0.40
91.136,4,en_route_delivery,0.073,2.937,3.000,-1.500,joint_grid_transaction,43,42,1,7,4,0.000,1.00
91.136,5,en_route_pickup,-3.936,2.546,1.000,1.500,joint_grid_transaction,43,42,1,7,5,0.000,1.00
91.136,6,en_route_pickup,0.057,-2.139,-1.000,-1.500,joint_grid_transaction,43,42,1,2,6,0.000,1.00
91.136,7,en_route_delivery,-4.830,-2.237,-1.000,1.500,joint_grid_transaction,43,42,1,14,8,0.000,1.00
91.136,8,en_route_pickup,3.137,-2.550,0.000,-3.500,joint_grid_transaction,43,42,1,2,7,0.000,1.00
91.392,1,en_route_pickup,-1.081,-2.249,6.000,3.500,joint_grid_transaction,43,43,1,11,9,0.000,1.00
91.392,2,en_route_pickup,-1.831,2.522,-1.000,1.500,joint_grid_transaction,43,43,1,2,2,0.000,1.00
91.392,3,en_route_delivery,-3.451,2.004,0.000,-3.500,joint_grid_transaction,43,43,0,8,3,94.528,0.40
91.392,4,en_route_delivery,0.113,2.962,3.000,-1.500,joint_grid_transaction,43,43,1,7,4,0.000,1.00
91.392,5,en_route_pickup,-3.936,2.546,1.000,1.500,joint_grid_transaction,43,43,1,7,5,0.000,1.00
91.392,6,en_route_pickup,0.013,-2.121,-1.000,-1.500,joint_grid_transaction,43,43,1,2,6,0.000,1.00
91.392,7,en_route_delivery,-4.820,-2.190,-1.000,1.500,joint_grid_transaction,43,43,1,14,8,0.000,1.00
91.392,8,en_route_pickup,3.135,-2.578,0.000,-3.500,joint_grid_transaction,43,43,1,2,7,0.000,1.00
91.648,1,en_route_pickup,-1.076,-2.237,6.000,3.500,joint_grid_transaction,43,43,1,11,9,0.000,1.00
91.648,2,en_route_pickup,-1.785,2.528,-1.000,1.500,joint_grid_transaction,43,43,1,2,2,0.000,1.00
91.648,3,en_route_delivery,-3.451,2.004,0.000,-3.500,joint_grid_transaction,43,43,0,8,3,94.528,0.40
91.648,4,en_route_delivery,0.156,2.982,3.000,-1.500,joint_grid_transaction,43,43,1,7,4,0.000,1.00
91.648,5,en_route_pickup,-3.936,2.546,1.000,1.500,joint_grid_transaction,43,43,1,7,5,0.000,1.00
91.648,6,en_route_pickup,-0.029,-2.100,-1.000,-1.500,joint_grid_transaction,43,43,1,2,6,0.000,1.00
91.648,7,en_route_delivery,-4.811,-2.143,-1.000,1.500,joint_grid_transaction,43,43,1,14,8,0.000,1.00
91.648,8,en_route_pickup,3.132,-2.607,0.000,-3.500,joint_grid_transaction,43,43,1,2,7,0.000,1.00
91.904,1,en_route_pickup,-1.058,-2.254,6.000,3.500,joint_grid_transaction,43,43,1,11,9,0.000,1.00
91.904,2,en_route_pickup,-1.743,2.531,-1.000,1.500,joint_grid_transaction,43,43,1,2,2,0.000,1.00
91.904,3,en_route_delivery,-3.451,2.004,0.000,-3.500,joint_grid_transaction,43,43,0,8,3,94.528,0.40
91.904,4,en_route_delivery,0.199,3.001,3.000,-1.500,joint_grid_transaction,43,43,1,7,4,0.000,1.00
91.904,5,en_route_pickup,-3.936,2.546,1.000,1.500,joint_grid_transaction,43,43,1,7,5,0.000,1.00
91.904,6,en_route_pickup,-0.071,-2.078,-1.000,-1.500,joint_grid_transaction,43,43,1,2,6,0.000,1.00
91.904,7,en_route_delivery,-4.803,-2.096,-1.000,1.500,joint_grid_transaction,43,43,1,14,8,0.000,1.00
91.904,8,en_route_pickup,3.130,-2.635,0.000,-3.500,joint_grid_transaction,43,43,1,2,7,0.000,1.00
92.160,1,en_route_pickup,-1.029,-2.291,6.000,3.500,joint_grid_transaction,43,43,1,11,9,0.000,1.00
92.160,2,en_route_pickup,-1.706,2.533,-1.000,1.500,joint_grid_transaction,43,43,1,2,2,0.000,1.00
92.160,3,en_route_delivery,-3.451,2.004,0.000,-3.500,joint_grid_transaction,43,43,0,8,3,94.528,0.40
92.160,4,en_route_delivery,0.244,3.017,3.000,-1.500,joint_grid_transaction,43,43,1,7,4,0.000,1.00
92.160,5,en_route_pickup,-3.936,2.546,1.000,1.500,joint_grid_transaction,43,43,1,7,5,0.000,1.00
92.160,6,en_route_pickup,-0.113,-2.054,-1.000,-1.500,joint_grid_transaction,43,43,1,2,6,0.000,1.00
92.160,7,en_route_delivery,-4.795,-2.049,-1.000,1.500,joint_grid_transaction,43,43,1,14,8,0.000,1.00
92.160,8,en_route_pickup,3.128,-2.662,0.000,-3.500,joint_grid_transaction,43,43,1,2,7,0.000,1.00
92.416,1,en_route_pickup,-0.998,-2.326,6.000,3.500,joint_grid_transaction,43,43,1,11,9,0.000,1.00
92.416,2,en_route_pickup,-1.669,2.535,-1.000,1.500,joint_grid_transaction,43,43,1,2,2,0.000,1.00
92.416,3,en_route_delivery,-3.451,2.004,0.000,-3.500,joint_grid_transaction,43,43,0,8,3,94.528,0.40
92.416,4,en_route_delivery,0.289,3.033,3.000,-1.500,joint_grid_transaction,43,43,1,7,4,0.000,1.00
92.416,5,en_route_pickup,-3.936,2.546,1.000,1.500,joint_grid_transaction,43,43,1,7,5,0.000,1.00
92.416,6,en_route_pickup,-0.154,-2.030,-1.000,-1.500,joint_grid_transaction,43,43,1,2,6,0.000,1.00
92.416,7,en_route_delivery,-4.787,-2.002,-1.000,1.500,joint_grid_transaction,43,43,1,14,8,0.000,1.00
92.416,8,en_route_pickup,3.126,-2.689,0.000,-3.500,joint_grid_transaction,43,43,1,2,7,0.000,1.00
92.672,1,en_route_pickup,-0.965,-2.360,6.000,3.500,joint_grid_transaction,43,43,1,11,9,0.000,1.00
92.672,2,en_route_pickup,-1.632,2.537,-1.000,1.500,joint_grid_transaction,43,43,1,2,2,0.000,1.00
92.672,3,en_route_delivery,-3.451,2.004,0.000,-3.500,joint_grid_transaction,43,43,0,8,3,94.528,0.40
92.672,4,en_route_delivery,0.334,3.048,3.000,-1.500,joint_grid_transaction,43,43,1,7,4,0.000,1.00
92.672,5,en_route_pickup,-3.936,2.546,1.000,1.500,joint_grid_transaction,43,43,1,7,5,0.000,1.00
92.672,6,en_route_pickup,-0.195,-2.005,-1.000,-1.500,joint_grid_transaction,43,43,1,2,6,0.000,1.00
92.672,7,en_route_delivery,-4.783,-1.963,-1.000,1.500,joint_grid_transaction,43,43,2,14,8,0.000,1.00
92.672,8,en_route_pickup,3.124,-2.716,0.000,-3.500,joint_grid_transaction,43,43,1,2,7,0.000,1.00
92.928,1,en_route_pickup,-0.930,-2.394,6.000,3.500,joint_grid_transaction,43,43,1,11,9,0.000,1.00
92.928,2,en_route_pickup,-1.595,2.539,-1.000,1.500,joint_grid_transaction,43,43,1,2,2,0.000,1.00
92.928,3,en_route_delivery,-3.451,2.004,0.000,-3.500,joint_grid_transaction,43,43,0,8,3,94.528,0.40
92.928,4,en_route_delivery,0.380,3.062,3.000,-1.500,joint_grid_transaction,43,43,1,7,4,0.000,1.00
92.928,5,en_route_pickup,-3.936,2.546,1.000,1.500,joint_grid_transaction,43,43,1,7,5,0.000,1.00
92.928,6,en_route_pickup,-0.235,-1.980,-1.000,-1.500,joint_grid_transaction,43,43,1,2,6,0.000,1.00
92.928,7,en_route_delivery,-4.783,-1.963,-1.000,1.500,joint_grid_transaction,43,43,2,14,8,0.000,1.00
92.928,8,en_route_pickup,3.122,-2.743,0.000,-3.500,joint_grid_transaction,43,43,1,2,7,0.000,1.00
93.184,1,en_route_pickup,-0.919,-2.405,6.000,3.500,joint_grid_transaction,44,44,1,6,9,0.000,1.00
93.184,2,en_route_pickup,-1.569,2.542,-1.000,1.500,joint_grid_transaction,44,44,1,2,2,0.000,1.00
93.184,3,en_route_delivery,-3.451,2.004,0.000,-3.500,joint_grid_transaction,44,44,0,13,3,94.528,0.40
93.184,4,en_route_delivery,0.425,3.076,3.000,-1.500,joint_grid_transaction,44,44,1,6,4,0.000,1.00
93.184,5,en_route_pickup,-3.934,2.544,1.000,1.500,joint_grid_transaction,44,44,1,7,5,0.000,1.00
93.184,6,en_route_pickup,-0.249,-1.971,-1.000,-1.500,joint_grid_transaction,44,44,1,2,6,0.000,1.00
93.184,7,en_route_delivery,-4.790,-1.944,-1.000,1.500,joint_grid_transaction,44,44,1,13,8,0.000,1.00
93.184,8,en_route_pickup,3.120,-2.769,0.000,-3.500,joint_grid_transaction,44,44,1,2,7,0.000,1.00
93.440,1,en_route_pickup,-0.919,-2.405,6.000,3.500,joint_grid_transaction,44,44,1,6,9,0.000,1.00
93.440,2,en_route_pickup,-1.588,2.548,-1.000,1.500,joint_grid_transaction,44,44,1,2,2,0.000,1.00
93.440,3,en_route_delivery,-3.451,2.004,0.000,-3.500,joint_grid_transaction,44,44,0,13,3,94.528,0.40
93.440,4,en_route_delivery,0.471,3.087,3.000,-1.500,joint_grid_transaction,44,44,1,6,4,0.000,1.00
93.440,5,en_route_pickup,-3.934,2.544,1.000,1.500,joint_grid_transaction,44,44,1,7,5,0.000,1.00
93.440,6,en_route_pickup,-0.249,-1.971,-1.000,-1.500,joint_grid_transaction,44,44,1,2,6,0.000,1.00
93.440,7,en_route_delivery,-4.794,-1.955,-1.000,1.500,joint_grid_transaction,44,44,1,13,8,0.000,1.00
93.440,8,en_route_pickup,3.118,-2.793,0.000,-3.500,joint_grid_transaction,44,44,1,2,7,0.000,1.00
93.696,1,en_route_pickup,-0.919,-2.405,6.000,3.500,joint_grid_transaction,44,44,1,6,9,0.000,1.00
93.696,2,en_route_pickup,-1.615,2.568,-1.000,1.500,joint_grid_transaction,44,44,1,2,2,0.000,1.00
93.696,3,en_route_delivery,-3.451,2.004,0.000,-3.500,joint_grid_transaction,44,44,0,13,3,94.528,0.40
93.696,4,en_route_delivery,0.518,3.095,3.000,-1.500,joint_grid_transaction,44,44,1,6,4,0.000,1.00
93.696,5,en_route_pickup,-3.934,2.544,1.000,1.500,joint_grid_transaction,44,44,1,7,5,0.000,1.00
93.696,6,en_route_pickup,-0.249,-1.971,-1.000,-1.500,joint_grid_transaction,44,44,1,2,6,0.000,1.00
93.696,7,en_route_delivery,-4.810,-1.938,-1.000,1.500,joint_grid_transaction,44,44,1,13,8,0.000,1.00
93.696,8,en_route_pickup,3.116,-2.818,0.000,-3.500,joint_grid_transaction,44,44,1,2,7,0.000,1.00
93.952,1,en_route_pickup,-0.919,-2.405,6.000,3.500,joint_grid_transaction,44,44,1,6,9,0.000,1.00
93.952,2,en_route_pickup,-1.640,2.595,-1.000,1.500,joint_grid_transaction,44,44,1,2,2,0.000,1.00
93.952,3,en_route_delivery,-3.451,2.004,0.000,-3.500,joint_grid_transaction,44,44,0,13,3,94.528,0.40
93.952,4,en_route_delivery,0.565,3.101,3.000,-1.500,joint_grid_transaction,44,44,1,6,4,0.000,1.00
93.952,5,en_route_pickup,-3.934,2.544,1.000,1.500,joint_grid_transaction,44,44,1,7,5,0.000,1.00
93.952,6,en_route_pickup,-0.249,-1.971,-1.000,-1.500,joint_grid_transaction,44,44,1,2,6,0.000,1.00
93.952,7,en_route_delivery,-4.838,-1.899,-1.000,1.500,joint_grid_transaction,44,44,1,13,8,0.000,1.00
93.952,8,en_route_pickup,3.115,-2.842,0.000,-3.500,joint_grid_transaction,44,44,1,2,7,0.000,1.00
94.208,1,en_route_pickup,-0.919,-2.405,6.000,3.500,joint_grid_transaction,44,44,1,6,9,0.000,1.00
94.208,2,en_route_pickup,-1.653,2.616,-1.000,1.500,joint_grid_transaction,44,44,1,2,2,0.000,1.00
94.208,3,en_route_delivery,-3.451,2.004,0.000,-3.500,joint_grid_transaction,44,44,0,13,3,94.528,0.40
94.208,4,en_route_delivery,0.613,3.107,3.000,-1.500,joint_grid_transaction,44,44,1,6,4,0.000,1.00
94.208,5,en_route_pickup,-3.934,2.544,1.000,1.500,joint_grid_transaction,44,44,1,7,5,0.000,1.00
94.208,6,en_route_pickup,-0.249,-1.971,-1.000,-1.500,joint_grid_transaction,44,44,1,2,6,0.000,1.00
94.208,7,en_route_delivery,-4.868,-1.863,-1.000,1.500,joint_grid_transaction,44,44,1,13,8,0.000,1.00
94.208,8,en_route_pickup,3.113,-2.866,0.000,-3.500,joint_grid_transaction,44,44,1,2,7,0.000,1.00
94.464,1,en_route_pickup,-0.919,-2.405,6.000,3.500,joint_grid_transaction,44,44,1,6,9,0.000,1.00
94.464,2,en_route_pickup,-1.655,2.624,-1.000,1.500,joint_grid_transaction,44,44,1,2,2,0.000,1.00
94.464,3,en_route_delivery,-3.451,2.004,0.000,-3.500,joint_grid_transaction,44,44,0,13,3,94.528,0.40
94.464,4,en_route_delivery,0.659,3.111,3.000,-1.500,joint_grid_transaction,44,44,1,6,4,0.000,1.00
94.464,5,en_route_pickup,-3.934,2.544,1.000,1.500,joint_grid_transaction,44,44,1,7,5,0.000,1.00
94.464,6,en_route_pickup,-0.249,-1.971,-1.000,-1.500,joint_grid_transaction,44,44,1,2,6,0.000,1.00
94.464,7,en_route_delivery,-4.899,-1.827,-1.000,1.500,joint_grid_transaction,44,44,1,13,8,0.000,1.00
94.464,8,en_route_pickup,3.112,-2.889,0.000,-3.500,joint_grid_transaction,44,44,1,2,7,0.000,1.00
94.720,1,en_route_pickup,-0.919,-2.405,6.000,3.500,joint_grid_transaction,44,44,1,6,9,0.000,1.00
94.720,2,en_route_pickup,-1.655,2.641,-1.000,1.500,joint_grid_transaction,44,44,1,2,2,0.000,1.00
94.720,3,en_route_delivery,-3.451,2.004,0.000,-3.500,joint_grid_transaction,44,44,0,13,3,0.000,1.00
94.720,4,en_route_delivery,0.705,3.116,3.000,-1.500,joint_grid_transaction,44,44,1,6,4,0.000,1.00
94.720,5,en_route_pickup,-3.934,2.544,1.000,1.500,joint_grid_transaction,44,44,1,7,5,0.000,1.00
94.720,6,en_route_pickup,-0.249,-1.971,-1.000,-1.500,joint_grid_transaction,44,44,1,2,6,0.000,1.00
94.720,7,en_route_delivery,-4.932,-1.792,-1.000,1.500,joint_grid_transaction,44,44,1,13,8,0.000,1.00
94.720,8,en_route_pickup,3.111,-2.913,0.000,-3.500,joint_grid_transaction,44,44,1,2,7,0.000,1.00
94.976,1,en_route_pickup,-0.919,-2.405,6.000,3.500,joint_grid_transaction,44,44,1,6,9,0.000,1.00
94.976,2,en_route_pickup,-1.655,2.668,-1.000,1.500,joint_grid_transaction,44,44,1,2,2,0.000,1.00
94.976,3,en_route_delivery,-3.451,2.004,0.000,-3.500,joint_grid_transaction,44,44,0,13,3,0.000,1.00
94.976,4,en_route_delivery,0.750,3.121,3.000,-1.500,joint_grid_transaction,44,44,1,6,4,0.000,1.00
94.976,5,en_route_pickup,-3.934,2.544,1.000,1.500,joint_grid_transaction,44,44,1,7,5,0.000,1.00
94.976,6,en_route_pickup,-0.249,-1.971,-1.000,-1.500,joint_grid_transaction,44,44,1,2,6,0.000,1.00
94.976,7,en_route_delivery,-4.965,-1.758,-1.000,1.500,joint_grid_transaction,44,44,1,13,8,0.000,1.00
94.976,8,en_route_pickup,3.110,-2.937,0.000,-3.500,joint_grid_transaction,44,44,1,2,7,0.000,1.00
95.232,1,en_route_pickup,-0.919,-2.405,6.000,3.500,joint_grid_transaction,44,44,1,6,9,0.000,0.75
95.232,2,en_route_pickup,-1.655,2.693,-1.000,1.500,joint_grid_transaction,45,45,1,2,2,0.000,1.00
95.232,3,en_route_delivery,-3.451,2.004,0.000,-3.500,joint_grid_transaction,45,45,0,10,3,0.000,0.45
95.232,4,en_route_delivery,0.776,3.123,3.000,-1.500,joint_grid_transaction,45,45,1,5,4,0.000,1.00
95.232,5,en_route_pickup,-3.934,2.543,1.000,1.500,joint_grid_transaction,45,45,1,9,5,0.000,0.75
95.232,6,en_route_pickup,-0.249,-1.971,-1.000,-1.500,joint_grid_transaction,45,45,0,2,6,0.000,0.45
95.232,7,en_route_delivery,-4.975,-1.729,-1.000,1.500,joint_grid_transaction,45,45,1,9,8,0.000,1.00
95.232,8,en_route_pickup,3.109,-2.960,0.000,-3.500,joint_grid_transaction,45,45,1,2,7,0.000,1.00
95.488,1,en_route_pickup,-0.919,-2.405,6.000,3.500,joint_grid_transaction,44,44,1,6,9,0.000,0.75
95.488,2,en_route_pickup,-1.656,2.720,-1.000,1.500,joint_grid_transaction,45,45,1,2,2,0.000,1.00
95.488,3,en_route_delivery,-3.451,2.004,0.000,-3.500,joint_grid_transaction,45,45,0,10,3,0.000,0.45
95.488,4,en_route_delivery,0.800,3.121,3.000,-1.500,joint_grid_transaction,45,45,1,5,4,0.000,1.00
95.488,5,en_route_pickup,-3.934,2.543,1.000,1.500,joint_grid_transaction,45,45,1,9,5,0.000,0.75
95.488,6,en_route_pickup,-0.249,-1.971,-1.000,-1.500,joint_grid_transaction,45,45,0,2,6,0.000,0.45
95.488,7,en_route_delivery,-4.959,-1.704,-1.000,1.500,joint_grid_transaction,45,45,1,9,8,0.000,1.00
95.488,8,en_route_pickup,3.108,-2.984,0.000,-3.500,joint_grid_transaction,45,45,1,2,7,0.000,1.00
95.744,1,en_route_pickup,-0.919,-2.405,6.000,3.500,joint_grid_transaction,44,44,1,6,9,0.000,0.75
95.744,2,en_route_pickup,-1.657,2.747,-1.000,1.500,joint_grid_transaction,45,45,1,2,2,0.000,1.00
95.744,3,en_route_delivery,-3.451,2.004,0.000,-3.500,joint_grid_transaction,45,45,0,10,3,0.000,0.45
95.744,4,en_route_delivery,0.828,3.119,3.000,-1.500,joint_grid_transaction,45,45,1,5,4,0.000,1.00
95.744,5,en_route_pickup,-3.934,2.543,1.000,1.500,joint_grid_transaction,45,45,1,9,5,0.000,0.75
95.744,6,en_route_pickup,-0.249,-1.971,-1.000,-1.500,joint_grid_transaction,45,45,0,2,6,0.000,0.45
95.744,7,en_route_delivery,-4.954,-1.693,-1.000,1.500,joint_grid_transaction,45,45,1,9,8,0.000,1.00
95.744,8,en_route_pickup,3.108,-3.009,0.000,-3.500,joint_grid_transaction,45,45,1,2,7,0.000,1.00
96.000,1,en_route_pickup,-0.919,-2.405,6.000,3.500,joint_grid_transaction,44,44,1,6,9,0.000,0.75
96.000,2,en_route_pickup,-1.658,2.774,-1.000,1.500,joint_grid_transaction,45,45,1,2,2,0.000,1.00
96.000,3,en_route_delivery,-3.451,2.004,0.000,-3.500,joint_grid_transaction,45,45,0,10,3,0.000,0.45
96.000,4,en_route_delivery,0.859,3.116,3.000,-1.500,joint_grid_transaction,45,45,1,5,4,0.000,1.00
96.000,5,en_route_pickup,-3.934,2.543,1.000,1.500,joint_grid_transaction,45,45,1,9,5,0.000,0.75
96.000,6,en_route_pickup,-0.249,-1.971,-1.000,-1.500,joint_grid_transaction,45,45,0,2,6,0.000,0.45
96.000,7,en_route_delivery,-4.952,-1.702,-1.000,1.500,joint_grid_transaction,45,45,1,9,8,0.000,1.00
96.000,8,en_route_pickup,3.107,-3.033,0.000,-3.500,joint_grid_transaction,45,45,1,2,7,0.000,1.00
96.256,1,en_route_pickup,-0.919,-2.405,6.000,3.500,joint_grid_transaction,44,44,1,6,9,0.000,0.75
96.256,2,en_route_pickup,-1.661,2.803,-1.000,1.500,joint_grid_transaction,45,45,1,2,2,0.000,1.00
96.256,3,en_route_delivery,-3.451,2.004,0.000,-3.500,joint_grid_transaction,45,45,0,10,3,0.000,0.45
96.256,4,en_route_delivery,0.892,3.112,3.000,-1.500,joint_grid_transaction,45,45,1,5,4,0.000,1.00
96.256,5,en_route_pickup,-3.934,2.543,1.000,1.500,joint_grid_transaction,45,45,1,9,5,0.000,0.75
96.256,6,en_route_pickup,-0.249,-1.971,-1.000,-1.500,joint_grid_transaction,45,45,0,2,6,0.000,0.45
96.256,7,en_route_delivery,-4.945,-1.707,-1.000,1.500,joint_grid_transaction,45,45,1,9,8,0.000,1.00
96.256,8,en_route_pickup,3.107,-3.057,0.000,-3.500,joint_grid_transaction,45,45,1,2,7,0.000,1.00
96.512,1,en_route_pickup,-0.919,-2.405,6.000,3.500,joint_grid_transaction,44,44,1,6,9,0.000,0.75
96.512,2,en_route_pickup,-1.664,2.833,-1.000,1.500,joint_grid_transaction,45,45,1,2,2,0.000,1.00
96.512,3,en_route_delivery,-3.451,2.004,0.000,-3.500,joint_grid_transaction,45,45,0,10,3,0.000,0.45
96.512,4,en_route_delivery,0.928,3.106,3.000,-1.500,joint_grid_transaction,45,45,1,5,4,0.000,1.00
96.512,5,en_route_pickup,-3.934,2.543,1.000,1.500,joint_grid_transaction,45,45,1,9,5,0.000,0.75
96.512,6,en_route_pickup,-0.249,-1.971,-1.000,-1.500,joint_grid_transaction,45,45,0,2,6,0.000,0.45
96.512,7,en_route_delivery,-4.921,-1.667,-1.000,1.500,joint_grid_transaction,45,45,1,9,8,0.000,1.00
96.512,8,en_route_pickup,3.107,-3.082,0.000,-3.500,joint_grid_transaction,45,45,1,2,7,0.000,1.00
96.768,1,en_route_pickup,-0.919,-2.405,6.000,3.500,joint_grid_transaction,44,44,1,6,9,0.000,0.75
96.768,2,en_route_pickup,-1.668,2.866,-1.000,1.500,joint_grid_transaction,45,45,1,2,2,0.000,1.00
96.768,3,en_route_delivery,-3.451,2.004,0.000,-3.500,joint_grid_transaction,45,45,0,10,3,0.000,0.45
96.768,4,en_route_delivery,0.967,3.099,3.000,-1.500,joint_grid_transaction,45,45,1,5,4,0.000,1.00
96.768,5,en_route_pickup,-3.934,2.543,1.000,1.500,joint_grid_transaction,45,45,1,9,5,0.000,0.75
96.768,6,en_route_pickup,-0.249,-1.971,-1.000,-1.500,joint_grid_transaction,45,45,0,2,6,0.000,0.45
96.768,7,en_route_delivery,-4.915,-1.640,-1.000,1.500,joint_grid_transaction,45,45,2,9,8,0.000,1.00
96.768,8,en_route_pickup,3.106,-3.107,0.000,-3.500,joint_grid_transaction,45,45,1,2,7,0.000,1.00
97.024,1,en_route_pickup,-0.919,-2.405,6.000,3.500,joint_grid_transaction,44,44,1,6,9,0.000,0.75
97.024,2,en_route_pickup,-1.673,2.901,-1.000,1.500,joint_grid_transaction,45,45,1,2,2,0.000,1.00
97.024,3,en_route_delivery,-3.451,2.004,0.000,-3.500,joint_grid_transaction,45,45,0,10,3,0.000,0.45
97.024,4,en_route_delivery,1.011,3.090,3.000,-1.500,joint_grid_transaction,45,45,1,5,4,0.000,1.00
97.024,5,en_route_pickup,-3.934,2.543,1.000,1.500,joint_grid_transaction,45,45,1,9,5,0.000,0.75
97.024,6,en_route_pickup,-0.249,-1.971,-1.000,-1.500,joint_grid_transaction,45,45,0,2,6,0.000,0.45
97.024,7,en_route_delivery,-4.922,-1.628,-1.000,1.500,joint_grid_transaction,45,45,2,9,8,0.000,1.00
97.024,8,en_route_pickup,3.106,-3.132,0.000,-3.500,joint_grid_transaction,45,45,1,2,7,0.000,1.00
97.280,1,en_route_pickup,-0.919,-2.405,6.000,3.500,joint_grid_transaction,46,46,0,4,9,0.000,0.75
97.280,2,en_route_pickup,-1.678,2.910,-1.000,1.500,joint_grid_transaction,46,46,1,3,2,0.000,1.00
97.280,3,en_route_delivery,-3.451,2.004,0.000,-3.500,joint_grid_transaction,46,46,0,13,3,0.000,0.45
97.280,4,en_route_delivery,1.057,3.079,3.000,-1.500,joint_grid_transaction,46,46,1,5,4,0.000,1.00
97.280,5,en_route_pickup,-3.933,2.542,1.000,1.500,joint_grid_transaction,46,46,1,9,5,0.000,0.75
97.280,6,en_route_pickup,-0.249,-1.971,-1.000,-1.500,joint_grid_transaction,46,46,0,2,6,0.000,0.45
97.280,7,en_route_delivery,-4.913,-1.602,-1.000,1.500,joint_grid_transaction,46,46,2,8,8,0.000,1.00
97.280,8,en_route_pickup,3.107,-3.158,0.000,-3.500,joint_grid_transaction,46,46,1,2,7,0.000,1.00
97.536,1,en_route_pickup,-0.919,-2.405,6.000,3.500,joint_grid_transaction,46,46,0,4,9,0.000,0.75
97.536,2,en_route_pickup,-1.682,2.901,-1.000,1.500,joint_grid_transaction,46,46,1,3,2,0.000,1.00
97.536,3,en_route_delivery,-3.451,2.004,0.000,-3.500,joint_grid_transaction,46,46,0,13,3,0.000,0.45
97.536,4,en_route_delivery,1.103,3.067,3.000,-1.500,joint_grid_transaction,46,46,1,5,4,0.000,1.00
97.536,5,en_route_pickup,-3.933,2.542,1.000,1.500,joint_grid_transaction,46,46,1,9,5,0.000,0.75
97.536,6,en_route_pickup,-0.249,-1.971,-1.000,-1.500,joint_grid_transaction,46,46,0,2,6,0.000,0.45
97.536,7,en_route_delivery,-4.895,-1.558,-1.000,1.500,joint_grid_transaction,46,46,2,8,8,0.000,1.00
97.536,8,en_route_pickup,3.108,-3.185,0.000,-3.500,joint_grid_transaction,46,46,1,2,7,0.000,1.00
97.792,1,en_route_pickup,-0.919,-2.405,6.000,3.500,joint_grid_transaction,46,46,0,4,9,0.000,0.75
97.792,2,en_route_pickup,-1.705,2.939,-1.000,1.500,joint_grid_transaction,46,46,1,3,2,0.000,1.00
97.792,3,en_route_delivery,-3.451,2.004,0.000,-3.500,joint_grid_transaction,46,46,0,13,3,0.000,0.45
97.792,4,en_route_delivery,1.149,3.053,3.000,-1.500,joint_grid_transaction,46,46,1,5,4,0.000,1.00
97.792,5,en_route_pickup,-3.933,2.542,1.000,1.500,joint_grid_transaction,46,46,1,9,5,0.000,0.75
97.792,6,en_route_pickup,-0.249,-1.971,-1.000,-1.500,joint_grid_transaction,46,46,0,2,6,0.000,0.45
97.792,7,en_route_delivery,-4.876,-1.514,-1.000,1.500,joint_grid_transaction,46,46,2,8,8,0.000,1.00
97.792,8,en_route_pickup,3.110,-3.212,0.000,-3.500,joint_grid_transaction,46,46,1,2,7,0.000,1.00
98.048,1,en_route_pickup,-0.919,-2.405,6.000,3.500,joint_grid_transaction,46,46,0,4,9,0.000,0.75
98.048,2,en_route_pickup,-1.732,2.978,-1.000,1.500,joint_grid_transaction,46,46,1,3,2,0.000,1.00
98.048,3,en_route_delivery,-3.451,2.004,0.000,-3.500,joint_grid_transaction,46,46,0,13,3,0.000,0.45
98.048,4,en_route_delivery,1.195,3.039,3.000,-1.500,joint_grid_transaction,46,46,1,5,4,0.000,1.00
98.048,5,en_route_pickup,-3.933,2.542,1.000,1.500,joint_grid_transaction,46,46,1,9,5,0.000,0.75
98.048,6,en_route_pickup,-0.249,-1.971,-1.000,-1.500,joint_grid_transaction,46,46,0,2,6,0.000,0.45
98.048,7,en_route_delivery,-4.856,-1.470,-1.000,1.500,joint_grid_transaction,46,46,2,8,8,0.000,1.00
98.048,8,en_route_pickup,3.112,-3.241,0.000,-3.500,joint_grid_transaction,46,46,1,2,7,0.000,1.00
98.304,1,en_route_pickup,-0.919,-2.405,6.000,3.500,joint_grid_transaction,46,46,0,4,9,0.000,0.75
98.304,2,en_route_pickup,-1.762,3.015,-1.000,1.500,joint_grid_transaction,46,46,1,3,2,0.000,1.00
98.304,3,en_route_delivery,-3.451,2.004,0.000,-3.500,joint_grid_transaction,46,46,0,13,3,0.000,0.45
98.304,4,en_route_delivery,1.240,3.024,3.000,-1.500,joint_grid_transaction,46,46,1,5,4,0.000,1.00
98.304,5,en_route_pickup,-3.933,2.542,1.000,1.500,joint_grid_transaction,46,46,1,9,5,0.000,0.75
98.304,6,en_route_pickup,-0.249,-1.971,-1.000,-1.500,joint_grid_transaction,46,46,0,2,6,0.000,0.45
98.304,7,en_route_delivery,-4.836,-1.428,-1.000,1.500,joint_grid_transaction,46,46,3,8,8,0.000,1.00
98.304,8,en_route_pickup,3.115,-3.270,0.000,-3.500,joint_grid_transaction,46,46,1,2,7,0.000,1.00
98.560,1,en_route_pickup,-0.919,-2.405,6.000,3.500,joint_grid_transaction,46,46,0,4,9,0.000,0.75
98.560,2,en_route_pickup,-1.794,3.050,-1.000,1.500,joint_grid_transaction,46,46,1,3,2,0.000,1.00
98.560,3,en_route_delivery,-3.451,2.004,0.000,-3.500,joint_grid_transaction,46,46,0,13,3,0.000,0.45
98.560,4,en_route_delivery,1.285,3.009,3.000,-1.500,joint_grid_transaction,46,46,1,5,4,0.000,1.00
98.560,5,en_route_pickup,-3.933,2.542,1.000,1.500,joint_grid_transaction,46,46,1,9,5,0.000,0.75
98.560,6,en_route_pickup,-0.249,-1.971,-1.000,-1.500,joint_grid_transaction,46,46,0,2,6,0.000,0.45
98.560,7,en_route_delivery,-4.812,-1.387,-1.000,1.500,joint_grid_transaction,46,46,3,8,8,0.000,1.00
98.560,8,en_route_pickup,3.119,-3.302,0.000,-3.500,joint_grid_transaction,46,46,1,2,7,0.000,1.00
98.816,1,en_route_pickup,-0.919,-2.405,6.000,3.500,joint_grid_transaction,46,46,0,4,9,0.000,0.75
98.816,2,en_route_pickup,-1.826,3.085,-1.000,1.500,joint_grid_transaction,46,46,1,3,2,0.000,1.00
98.816,3,en_route_delivery,-3.451,2.004,0.000,-3.500,joint_grid_transaction,46,46,0,13,3,0.000,0.45
98.816,4,en_route_delivery,1.331,2.994,3.000,-1.500,joint_grid_transaction,46,46,1,5,4,0.000,1.00
98.816,5,en_route_pickup,-3.933,2.542,1.000,1.500,joint_grid_transaction,46,46,1,9,5,0.000,0.75
98.816,6,en_route_pickup,-0.249,-1.971,-1.000,-1.500,joint_grid_transaction,46,46,0,2,6,0.000,0.45
98.816,7,en_route_delivery,-4.786,-1.347,-1.000,1.500,joint_grid_transaction,46,46,3,8,8,0.000,1.00
98.816,8,en_route_pickup,3.125,-3.337,0.000,-3.500,joint_grid_transaction,46,46,1,2,7,0.000,1.00
99.072,1,en_route_pickup,-0.919,-2.405,6.000,3.500,joint_grid_transaction,46,46,0,4,9,0.000,0.75
99.072,2,en_route_pickup,-1.836,3.108,-1.000,1.500,joint_grid_transaction,46,46,2,3,2,0.000,1.00
99.072,3,en_route_delivery,-3.451,2.004,0.000,-3.500,joint_grid_transaction,46,46,0,13,3,0.000,0.45
99.072,4,en_route_delivery,1.376,2.978,3.000,-1.500,joint_grid_transaction,46,46,1,5,4,0.000,1.00
99.072,5,en_route_pickup,-3.933,2.542,1.000,1.500,joint_grid_transaction,46,46,1,9,5,0.000,0.75
99.072,6,en_route_pickup,-0.249,-1.971,-1.000,-1.500,joint_grid_transaction,46,46,0,2,6,0.000,0.45
99.072,7,en_route_delivery,-4.758,-1.309,-1.000,1.500,joint_grid_transaction,46,46,3,8,8,0.000,1.00
99.072,8,en_route_pickup,3.133,-3.375,0.000,-3.500,joint_grid_transaction,46,46,1,2,7,0.000,1.00
99.328,1,en_route_pickup,-0.919,-2.405,6.000,3.500,joint_grid_transaction,47,47,0,4,9,0.000,0.75
99.328,2,en_route_pickup,-1.826,3.120,-1.000,1.500,joint_grid_transaction,47,47,1,2,2,0.000,1.00
99.328,3,en_route_delivery,-3.451,2.004,0.000,-3.500,joint_grid_transaction,47,47,0,14,3,0.000,0.45
99.328,4,en_route_delivery,1.421,2.963,3.000,-1.500,joint_grid_transaction,47,47,1,5,4,0.000,1.00
99.328,5,en_route_pickup,-3.933,2.542,1.000,1.500,joint_grid_transaction,47,47,0,6,5,0.000,0.75
99.328,6,en_route_pickup,-0.249,-1.971,-1.000,-1.500,joint_grid_transaction,47,47,0,2,6,0.000,0.45
99.328,7,en_route_delivery,-4.739,-1.315,-1.000,1.500,joint_grid_transaction,47,47,1,6,8,0.000,1.00
99.328,8,en_route_pickup,3.143,-3.418,0.000,-3.500,joint_grid_transaction,47,47,1,2,7,0.000,1.00
99.584,1,en_route_pickup,-0.919,-2.405,6.000,3.500,joint_grid_transaction,47,47,0,4,9,0.000,0.75
99.584,2,en_route_pickup,-1.848,3.158,-1.000,1.500,joint_grid_transaction,47,47,1,2,2,0.000,1.00
99.584,3,en_route_delivery,-3.451,2.004,0.000,-3.500,joint_grid_transaction,47,47,0,14,3,0.000,0.45
99.584,4,en_route_delivery,1.467,2.948,3.000,-1.500,joint_grid_transaction,47,47,1,5,4,0.000,1.00
99.584,5,en_route_pickup,-3.933,2.542,1.000,1.500,joint_grid_transaction,47,47,0,6,5,0.000,0.75
99.584,6,en_route_pickup,-0.249,-1.971,-1.000,-1.500,joint_grid_transaction,47,47,0,2,6,0.000,0.45
99.584,7,en_route_delivery,-4.726,-1.328,-1.000,1.500,joint_grid_transaction,47,47,1,6,8,0.000,1.00
99.584,8,en_route_pickup,3.154,-3.464,0.000,-3.500,joint_grid_transaction,47,47,1,2,7,0.000,1.00
99.840,1,en_route_pickup,-0.919,-2.405,6.000,3.500,joint_grid_transaction,47,47,0,4,9,0.000,0.75
99.840,2,en_route_pickup,-1.867,3.202,-1.000,1.500,joint_grid_transaction,47,47,1,2,2,0.000,1.00
99.840,3,en_route_delivery,-3.451,2.004,0.000,-3.500,joint_grid_transaction,47,47,0,14,3,0.000,0.45
99.840,4,en_route_delivery,1.512,2.932,3.000,-1.500,joint_grid_transaction,47,47,1,5,4,0.000,1.00
99.840,5,en_route_pickup,-3.933,2.542,1.000,1.500,joint_grid_transaction,47,47,0,6,5,0.000,0.75
99.840,6,en_route_pickup,-0.249,-1.971,-1.000,-1.500,joint_grid_transaction,47,47,0,2,6,0.000,0.45
99.840,7,en_route_delivery,-4.716,-1.306,-1.000,1.500,joint_grid_transaction,47,47,1,6,8,0.000,1.00
99.840,8,en_route_pickup,3.168,-3.509,0.000,-3.500,joint_grid_transaction,47,47,1,2,7,0.000,1.00
100.096,1,en_route_pickup,-0.919,-2.405,6.000,3.500,joint_grid_transaction,47,47,0,4,9,0.000,0.75
100.096,2,en_route_pickup,-1.883,3.246,-1.000,1.500,joint_grid_transaction,47,47,1,2,2,0.000,1.00
100.096,3,en_route_delivery,-3.451,2.004,0.000,-3.500,joint_grid_transaction,47,47,0,14,3,0.000,0.45
100.096,4,en_route_delivery,1.557,2.917,3.000,-1.500,joint_grid_transaction,47,47,1,5,4,0.000,1.00
100.096,5,en_route_pickup,-3.933,2.542,1.000,1.500,joint_grid_transaction,47,47,0,6,5,0.000,0.75
100.096,6,en_route_pickup,-0.249,-1.971,-1.000,-1.500,joint_grid_transaction,47,47,0,2,6,0.000,0.45
100.096,7,en_route_delivery,-4.740,-1.283,-1.000,1.500,joint_grid_transaction,47,47,2,6,8,0.000,1.00
100.096,8,en_route_pickup,3.184,-3.554,0.000,-3.500,joint_grid_transaction,47,47,1,2,7,0.000,1.00
100.352,1,en_route_pickup,-0.919,-2.405,6.000,3.500,joint_grid_transaction,47,47,0,4,9,0.000,0.75
100.352,2,en_route_pickup,-1.898,3.291,-1.000,1.500,joint_grid_transaction,47,47,1,2,2,0.000,1.00
100.352,3,en_route_delivery,-3.451,2.004,0.000,-3.500,joint_grid_transaction,47,47,0,14,3,0.000,0.45
100.352,4,en_route_delivery,1.603,2.901,3.000,-1.500,joint_grid_transaction,47,47,1,5,4,0.000,1.00
100.352,5,en_route_pickup,-3.933,2.542,1.000,1.500,joint_grid_transaction,47,47,0,6,5,0.000,0.75
100.352,6,en_route_pickup,-0.249,-1.971,-1.000,-1.500,joint_grid_transaction,47,47,0,2,6,0.000,0.45
100.352,7,en_route_delivery,-4.752,-1.266,-1.000,1.500,joint_grid_transaction,47,47,2,6,8,0.000,1.00
100.352,8,en_route_pickup,3.200,-3.599,0.000,-3.500,joint_grid_transaction,47,47,1,2,7,0.000,1.00
100.608,1,en_route_pickup,-0.919,-2.405,6.000,3.500,joint_grid_transaction,47,47,0,4,9,0.000,0.75
100.608,2,en_route_pickup,-1.911,3.337,-1.000,1.500,joint_grid_transaction,47,47,1,2,2,0.000,1.00
100.608,3,en_route_delivery,-3.451,2.004,0.000,-3.500,joint_grid_transaction,47,47,0,14,3,0.000,0.45
100.608,4,en_route_delivery,1.648,2.886,3.000,-1.500,joint_grid_transaction,47,47,1,5,4,0.000,1.00
100.608,5,en_route_pickup,-3.933,2.542,1.000,1.500,joint_grid_transaction,47,47,0,6,5,0.000,0.75
100.608,6,en_route_pickup,-0.249,-1.971,-1.000,-1.500,joint_grid_transaction,47,47,0,2,6,0.000,0.45
100.608,7,en_route_delivery,-4.755,-1.253,-1.000,1.500,joint_grid_transaction,47,47,2,6,8,0.000,1.00
100.608,8,en_route_pickup,3.217,-3.644,0.000,-3.500,joint_grid_transaction,47,47,1,2,7,0.000,1.00
100.864,1,en_route_pickup,-0.919,-2.405,6.000,3.500,joint_grid_transaction,47,47,0,4,9,0.000,0.75
100.864,2,en_route_pickup,-1.924,3.383,-1.000,1.500,joint_grid_transaction,47,47,1,2,2,0.000,1.00
100.864,3,en_route_delivery,-3.451,2.004,0.000,-3.500,joint_grid_transaction,47,47,0,14,3,0.000,0.45
100.864,4,en_route_delivery,1.693,2.870,3.000,-1.500,joint_grid_transaction,47,47,1,5,4,0.000,1.00
100.864,5,en_route_pickup,-3.933,2.542,1.000,1.500,joint_grid_transaction,47,47,0,6,5,0.000,0.75
100.864,6,en_route_pickup,-0.249,-1.971,-1.000,-1.500,joint_grid_transaction,47,47,0,2,6,0.000,0.45
100.864,7,en_route_delivery,-4.741,-1.209,-1.000,1.500,joint_grid_transaction,47,47,2,6,8,0.000,1.00
100.864,8,en_route_pickup,3.234,-3.688,0.000,-3.500,joint_grid_transaction,47,47,1,2,7,0.000,1.00
101.120,1,en_route_pickup,-0.919,-2.405,6.000,3.500,joint_grid_transaction,47,47,0,4,9,0.000,0.75
101.120,2,en_route_pickup,-1.936,3.429,-1.000,1.500,joint_grid_transaction,48,47,1,2,2,0.000,1.00
101.120,3,en_route_delivery,-3.451,2.004,0.000,-3.500,joint_grid_transaction,48,47,0,12,3,0.000,0.45
101.120,4,en_route_delivery,1.739,2.855,3.000,-1.500,joint_grid_transaction,48,47,1,5,4,0.000,1.00
101.120,5,en_route_pickup,-3.933,2.542,1.000,1.500,joint_grid_transaction,48,47,0,5,5,0.000,0.75
101.120,6,en_route_pickup,-0.249,-1.971,-1.000,-1.500,joint_grid_transaction,48,47,0,2,6,0.000,0.45
101.120,7,en_route_delivery,-4.730,-1.164,-1.000,1.500,joint_grid_transaction,48,47,2,6,8,0.000,1.00
101.120,8,en_route_pickup,3.251,-3.733,0.000,-3.500,joint_grid_transaction,48,47,1,2,7,0.000,1.00
101.376,1,en_route_pickup,-0.919,-2.405,6.000,3.500,joint_grid_transaction,47,47,0,4,9,0.000,0.75
101.376,2,en_route_pickup,-1.948,3.476,-1.000,1.500,joint_grid_transaction,48,48,1,2,2,0.000,1.00
101.376,3,en_route_delivery,-3.451,2.004,0.000,-3.500,joint_grid_transaction,48,48,0,12,3,0.000,0.45
101.376,4,en_route_delivery,1.784,2.840,3.000,-1.500,joint_grid_transaction,48,48,1,5,4,0.000,1.00
101.376,5,en_route_pickup,-3.933,2.542,1.000,1.500,joint_grid_transaction,48,48,0,5,5,0.000,0.75
101.376,6,en_route_pickup,-0.249,-1.971,-1.000,-1.500,joint_grid_transaction,48,48,0,2,6,0.000,0.45
101.376,7,en_route_delivery,-4.724,-1.175,-1.000,1.500,joint_grid_transaction,48,48,1,6,8,0.000,1.00
101.376,8,en_route_pickup,3.269,-3.777,0.000,-3.500,joint_grid_transaction,48,48,1,2,7,0.000,1.00
101.632,1,en_route_pickup,-0.919,-2.405,6.000,3.500,joint_grid_transaction,47,47,0,4,9,0.000,0.75
101.632,2,en_route_pickup,-1.960,3.522,-1.000,1.500,joint_grid_transaction,48,48,1,2,2,0.000,1.00
101.632,3,en_route_delivery,-3.451,2.004,0.000,-3.500,joint_grid_transaction,48,48,0,12,3,0.000,0.45
101.632,4,en_route_delivery,1.829,2.824,3.000,-1.500,joint_grid_transaction,48,48,1,5,4,0.000,1.00
101.632,5,en_route_pickup,-3.933,2.542,1.000,1.500,joint_grid_transaction,48,48,0,5,5,0.000,0.75
101.632,6,en_route_pickup,-0.249,-1.971,-1.000,-1.500,joint_grid_transaction,48,48,0,2,6,0.000,0.45
101.632,7,en_route_delivery,-4.717,-1.186,-1.000,1.500,joint_grid_transaction,48,48,1,6,8,0.000,1.00
101.632,8,en_route_pickup,3.287,-3.822,0.000,-3.500,joint_grid_transaction,48,48,1,2,7,0.000,1.00
101.888,1,en_route_pickup,-0.919,-2.405,6.000,3.500,joint_grid_transaction,47,47,0,4,9,0.000,0.75
101.888,2,en_route_pickup,-1.972,3.568,-1.000,1.500,joint_grid_transaction,48,48,1,2,2,0.000,1.00
101.888,3,en_route_delivery,-3.451,2.004,0.000,-3.500,joint_grid_transaction,48,48,0,12,3,0.000,0.45
101.888,4,en_route_delivery,1.875,2.809,3.000,-1.500,joint_grid_transaction,48,48,1,5,4,0.000,1.00
101.888,5,en_route_pickup,-3.933,2.542,1.000,1.500,joint_grid_transaction,48,48,0,5,5,0.000,0.75
101.888,6,en_route_pickup,-0.249,-1.971,-1.000,-1.500,joint_grid_transaction,48,48,0,2,6,0.000,0.45
101.888,7,en_route_delivery,-4.688,-1.151,-1.000,1.500,joint_grid_transaction,48,48,1,6,8,0.000,1.00
101.888,8,en_route_pickup,3.305,-3.866,0.000,-3.500,joint_grid_transaction,48,48,1,2,7,0.000,1.00
102.144,1,en_route_pickup,-0.919,-2.405,6.000,3.500,joint_grid_transaction,47,47,0,4,9,0.000,0.75
102.144,2,en_route_pickup,-1.984,3.615,-1.000,1.500,joint_grid_transaction,48,48,1,2,2,0.000,1.00
102.144,3,en_route_delivery,-3.451,2.004,0.000,-3.500,joint_grid_transaction,48,48,0,12,3,0.000,0.45
102.144,4,en_route_delivery,1.920,2.793,3.000,-1.500,joint_grid_transaction,48,48,1,5,4,0.000,1.00
102.144,5,en_route_pickup,-3.933,2.542,1.000,1.500,joint_grid_transaction,48,48,0,5,5,0.000,0.75
102.144,6,en_route_pickup,-0.249,-1.971,-1.000,-1.500,joint_grid_transaction,48,48,0,2,6,0.000,0.45
102.144,7,en_route_delivery,-4.679,-1.123,-1.000,1.500,joint_grid_transaction,48,48,2,6,8,0.000,1.00
102.144,8,en_route_pickup,3.323,-3.911,0.000,-3.500,joint_grid_transaction,48,48,1,2,7,0.000,1.00
102.400,1,en_route_pickup,-0.919,-2.405,6.000,3.500,joint_grid_transaction,47,47,0,4,9,0.000,0.75
102.400,2,en_route_pickup,-1.995,3.661,-1.000,1.500,joint_grid_transaction,48,48,1,2,2,0.000,1.00
102.400,3,en_route_delivery,-3.451,2.004,0.000,-3.500,joint_grid_transaction,48,48,0,12,3,0.000,0.45
102.400,4,en_route_delivery,1.965,2.778,3.000,-1.500,joint_grid_transaction,48,48,1,5,4,0.000,1.00
102.400,5,en_route_pickup,-3.933,2.542,1.000,1.500,joint_grid_transaction,48,48,0,5,5,0.000,0.75
102.400,6,en_route_pickup,-0.249,-1.971,-1.000,-1.500,joint_grid_transaction,48,48,0,2,6,0.000,0.45
102.400,7,en_route_delivery,-4.691,-1.107,-1.000,1.500,joint_grid_transaction,48,48,2,6,8,0.000,1.00
102.400,8,en_route_pickup,3.340,-3.955,0.000,-3.500,joint_grid_transaction,48,48,1,2,7,0.000,1.00
102.656,1,en_route_pickup,-0.919,-2.405,6.000,3.500,joint_grid_transaction,47,47,0,4,9,0.000,0.75
102.656,2,en_route_pickup,-2.007,3.708,-1.000,1.500,joint_grid_transaction,48,48,1,2,2,0.000,1.00
102.656,3,en_route_delivery,-3.451,2.004,0.000,-3.500,joint_grid_transaction,48,48,0,12,3,0.000,0.45
102.656,4,en_route_delivery,2.011,2.762,3.000,-1.500,joint_grid_transaction,48,48,1,5,4,0.000,1.00
102.656,5,en_route_pickup,-3.933,2.542,1.000,1.500,joint_grid_transaction,48,48,0,5,5,0.000,0.75
102.656,6,en_route_pickup,-0.249,-1.971,-1.000,-1.500,joint_grid_transaction,48,48,0,2,6,0.000,0.45
102.656,7,en_route_delivery,-4.692,-1.093,-1.000,1.500,joint_grid_transaction,48,48,2,6,8,0.000,1.00
102.656,8,en_route_pickup,3.351,-3.980,0.000,-3.500,joint_grid_transaction,48,48,1,2,7,0.000,1.00
102.912,1,en_route_pickup,-0.919,-2.405,6.000,3.500,joint_grid_transaction,47,47,0,4,9,0.000,0.75
102.912,2,en_route_pickup,-2.019,3.754,-1.000,1.500,joint_grid_transaction,48,48,1,2,2,0.000,1.00
102.912,3,en_route_delivery,-3.451,2.004,0.000,-3.500,joint_grid_transaction,48,48,0,12,3,0.000,0.45
102.912,4,en_route_delivery,2.056,2.747,3.000,-1.500,joint_grid_transaction,48,48,1,5,4,0.000,1.00
102.912,5,en_route_pickup,-3.933,2.542,1.000,1.500,joint_grid_transaction,48,48,0,5,5,0.000,0.75
102.912,6,en_route_pickup,-0.249,-1.971,-1.000,-1.500,joint_grid_transaction,48,48,0,2,6,0.000,0.45
102.912,7,en_route_delivery,-4.678,-1.048,-1.000,1.500,joint_grid_transaction,48,48,2,6,8,0.000,1.00
102.912,8,en_route_pickup,3.351,-3.980,0.000,-3.500,joint_grid_transaction,48,48,1,2,7,0.000,1.00
103.168,1,en_route_pickup,-0.919,-2.405,6.000,3.500,joint_grid_transaction,47,47,0,4,9,0.000,0.75
103.168,2,en_route_pickup,-2.030,3.801,-1.000,1.500,joint_grid_transaction,49,48,1,2,2,0.000,1.00
103.168,3,en_route_delivery,-3.451,2.004,0.000,-3.500,joint_grid_transaction,49,48,0,12,3,0.000,0.45
103.168,4,en_route_delivery,2.101,2.732,3.000,-1.500,joint_grid_transaction,49,48,1,5,4,0.000,1.00
103.168,5,en_route_pickup,-3.933,2.542,1.000,1.500,joint_grid_transaction,49,48,0,5,5,0.000,0.75
103.168,6,en_route_pickup,-0.249,-1.971,-1.000,-1.500,joint_grid_transaction,49,48,0,2,6,0.000,0.45
103.168,7,en_route_delivery,-4.670,-1.011,-1.000,1.500,joint_grid_transaction,49,48,2,6,8,0.000,1.00
103.168,8,en_route_pickup,3.351,-3.981,0.000,-3.500,joint_grid_transaction,49,48,1,2,7,0.000,1.00
103.424,1,en_route_pickup,-0.919,-2.405,6.000,3.500,joint_grid_transaction,47,47,0,4,9,0.000,0.75
103.424,2,en_route_pickup,-2.042,3.847,-1.000,1.500,joint_grid_transaction,49,49,1,2,2,0.000,1.00
103.424,3,en_route_delivery,-3.451,2.004,0.000,-3.500,joint_grid_transaction,49,49,0,12,3,0.000,0.45
103.424,4,en_route_delivery,2.147,2.716,3.000,-1.500,joint_grid_transaction,49,49,1,5,4,0.000,1.00
103.424,5,en_route_pickup,-3.933,2.542,1.000,1.500,joint_grid_transaction,49,49,0,5,5,0.000,0.75
103.424,6,en_route_pickup,-0.249,-1.971,-1.000,-1.500,joint_grid_transaction,49,49,0,2,6,0.000,0.45
103.424,7,en_route_delivery,-4.661,-0.992,-1.000,1.500,joint_grid_transaction,49,49,1,6,8,0.000,1.00
103.424,8,en_route_pickup,3.351,-3.981,0.000,-3.500,joint_grid_transaction,49,49,1,2,7,0.000,1.00
103.680,1,en_route_pickup,-0.919,-2.405,6.000,3.500,joint_grid_transaction,47,47,0,4,9,0.000,0.75
103.680,2,en_route_pickup,-2.054,3.893,-1.000,1.500,joint_grid_transaction,49,49,1,2,2,0.000,1.00
103.680,3,en_route_delivery,-3.451,2.004,0.000,-3.500,joint_grid_transaction,49,49,0,12,3,0.000,0.45
103.680,4,en_route_delivery,2.192,2.701,3.000,-1.500,joint_grid_transaction,49,49,1,5,4,0.000,1.00
103.680,5,en_route_pickup,-3.933,2.542,1.000,1.500,joint_grid_transaction,49,49,0,5,5,0.000,0.75
103.680,6,en_route_pickup,-0.249,-1.971,-1.000,-1.500,joint_grid_transaction,49,49,0,2,6,0.000,0.45
103.680,7,en_route_delivery,-4.643,-0.950,-1.000,1.500,joint_grid_transaction,49,49,1,6,8,0.000,1.00
103.680,8,en_route_pickup,3.351,-3.981,0.000,-3.500,joint_grid_transaction,49,49,1,2,7,0.000,1.00
103.936,1,en_route_pickup,-0.919,-2.405,6.000,3.500,joint_grid_transaction,47,47,0,4,9,0.000,0.75
103.936,2,en_route_pickup,-2.065,3.940,-1.000,1.500,joint_grid_transaction,49,49,1,2,2,0.000,1.00
103.936,3,en_route_delivery,-3.451,2.004,0.000,-3.500,joint_grid_transaction,49,49,0,12,3,0.000,0.45
103.936,4,en_route_delivery,2.237,2.685,3.000,-1.500,joint_grid_transaction,49,49,1,5,4,0.000,1.00
103.936,5,en_route_pickup,-3.933,2.542,1.000,1.500,joint_grid_transaction,49,49,0,5,5,0.000,0.75
103.936,6,en_route_pickup,-0.249,-1.971,-1.000,-1.500,joint_grid_transaction,49,49,0,2,6,0.000,0.45
103.936,7,en_route_delivery,-4.633,-0.920,-1.000,1.500,joint_grid_transaction,49,49,2,6,8,0.000,1.00
103.936,8,en_route_pickup,3.351,-3.981,0.000,-3.500,joint_grid_transaction,49,49,1,2,7,0.000,1.00
104.192,1,en_route_pickup,-0.919,-2.405,6.000,3.500,joint_grid_transaction,47,47,0,4,9,0.000,0.75
104.192,2,en_route_pickup,-2.077,3.986,-1.000,1.500,joint_grid_transaction,49,49,1,2,2,0.000,1.00
104.192,3,en_route_delivery,-3.451,2.004,0.000,-3.500,joint_grid_transaction,49,49,0,12,3,0.000,0.45
104.192,4,en_route_delivery,2.282,2.670,3.000,-1.500,joint_grid_transaction,49,49,1,5,4,0.000,1.00
104.192,5,en_route_pickup,-3.933,2.542,1.000,1.500,joint_grid_transaction,49,49,0,5,5,0.000,0.75
104.192,6,en_route_pickup,-0.249,-1.971,-1.000,-1.500,joint_grid_transaction,49,49,0,2,6,0.000,0.45
104.192,7,en_route_delivery,-4.629,-0.898,-1.000,1.500,joint_grid_transaction,49,49,2,6,8,0.000,1.00
104.192,8,en_route_pickup,3.351,-3.981,0.000,-3.500,joint_grid_transaction,49,49,1,2,7,0.000,1.00
104.448,1,en_route_pickup,-0.919,-2.405,6.000,3.500,joint_grid_transaction,47,47,0,4,9,0.000,0.75
104.448,2,en_route_pickup,-2.088,4.033,-1.000,1.500,joint_grid_transaction,49,49,1,2,2,0.000,1.00
104.448,3,en_route_delivery,-3.451,2.004,0.000,-3.500,joint_grid_transaction,49,49,0,12,3,0.000,0.45
104.448,4,en_route_delivery,2.328,2.654,3.000,-1.500,joint_grid_transaction,49,49,1,5,4,0.000,1.00
104.448,5,en_route_pickup,-3.933,2.542,1.000,1.500,joint_grid_transaction,49,49,0,5,5,0.000,0.75
104.448,6,en_route_pickup,-0.249,-1.971,-1.000,-1.500,joint_grid_transaction,49,49,0,2,6,0.000,0.45
104.448,7,en_route_delivery,-4.617,-0.852,-1.000,1.500,joint_grid_transaction,49,49,2,6,8,0.000,1.00
104.448,8,en_route_pickup,3.351,-3.981,0.000,-3.500,joint_grid_transaction,49,49,1,2,7,0.000,1.00
104.704,1,en_route_pickup,-0.919,-2.405,6.000,3.500,joint_grid_transaction,47,47,0,4,9,0.000,0.75
104.704,2,en_route_pickup,-2.095,4.059,-1.000,1.500,joint_grid_transaction,49,49,1,2,2,0.000,1.00
104.704,3,en_route_delivery,-3.451,2.004,0.000,-3.500,joint_grid_transaction,49,49,0,12,3,0.000,0.45
104.704,4,en_route_delivery,2.373,2.639,3.000,-1.500,joint_grid_transaction,49,49,1,5,4,0.000,1.00
104.704,5,en_route_pickup,-3.933,2.542,1.000,1.500,joint_grid_transaction,49,49,0,5,5,0.000,0.75
104.704,6,en_route_pickup,-0.249,-1.971,-1.000,-1.500,joint_grid_transaction,49,49,0,2,6,0.000,0.45
104.704,7,en_route_delivery,-4.609,-0.806,-1.000,1.500,joint_grid_transaction,49,49,2,6,8,0.000,1.00
104.704,8,en_route_pickup,3.351,-3.981,0.000,-3.500,joint_grid_transaction,49,49,1,2,7,0.000,1.00
104.960,1,en_route_pickup,-0.919,-2.405,6.000,3.500,joint_grid_transaction,47,47,0,4,9,0.000,0.75
104.960,2,en_route_pickup,-2.095,4.059,-1.000,1.500,joint_grid_transaction,49,49,1,2,2,0.000,1.00
104.960,3,en_route_delivery,-3.451,2.004,0.000,-3.500,joint_grid_transaction,49,49,0,12,3,0.000,0.45
104.960,4,en_route_delivery,2.418,2.624,3.000,-1.500,joint_grid_transaction,49,49,1,5,4,0.000,1.00
104.960,5,en_route_pickup,-3.933,2.542,1.000,1.500,joint_grid_transaction,49,49,0,5,5,0.000,0.75
104.960,6,en_route_pickup,-0.249,-1.971,-1.000,-1.500,joint_grid_transaction,49,49,0,2,6,0.000,0.45
104.960,7,en_route_delivery,-4.604,-0.758,-1.000,1.500,joint_grid_transaction,49,49,2,6,8,0.000,1.00
104.960,8,en_route_pickup,3.351,-3.981,0.000,-3.500,joint_grid_transaction,49,49,1,2,7,0.000,1.00
105.216,1,en_route_pickup,-0.919,-2.405,6.000,3.500,joint_grid_transaction,50,50,0,4,9,0.000,0.75
105.216,2,en_route_pickup,-2.096,4.060,-1.000,1.500,joint_grid_transaction,50,50,1,2,2,0.000,1.00
105.216,3,en_route_delivery,-3.451,2.004,0.000,-3.500,joint_grid_transaction,50,50,0,12,3,0.000,0.45
105.216,4,en_route_delivery,2.464,2.608,3.000,-1.500,joint_grid_transaction,50,50,1,5,4,0.000,1.00
105.216,5,en_route_pickup,-3.933,2.542,1.000,1.500,joint_grid_transaction,50,50,0,4,5,0.000,0.75
105.216,6,en_route_pickup,-0.249,-1.971,-1.000,-1.500,joint_grid_transaction,50,50,0,2,6,0.000,0.45
105.216,7,en_route_delivery,-4.599,-0.713,-1.000,1.500,joint_grid_transaction,50,50,1,5,8,0.000,1.00
105.216,8,en_route_pickup,3.352,-3.982,0.000,-3.500,joint_grid_transaction,50,50,1,2,7,0.000,1.00
105.472,1,en_route_pickup,-0.919,-2.405,6.000,3.500,joint_grid_transaction,50,50,0,4,9,0.000,0.75
105.472,2,en_route_pickup,-2.096,4.060,-1.000,1.500,joint_grid_transaction,50,50,1,2,2,0.000,1.00
105.472,3,en_route_delivery,-3.451,2.004,0.000,-3.500,joint_grid_transaction,50,50,0,12,3,0.000,0.45
105.472,4,en_route_delivery,2.509,2.593,3.000,-1.500,joint_grid_transaction,50,50,1,5,4,0.000,1.00
105.472,5,en_route_pickup,-3.933,2.542,1.000,1.500,joint_grid_transaction,50,50,0,4,5,0.000,0.75
105.472,6,en_route_pickup,-0.249,-1.971,-1.000,-1.500,joint_grid_transaction,50,50,0,2,6,0.000,0.45
105.472,7,en_route_delivery,-4.595,-0.669,-1.000,1.500,joint_grid_transaction,50,50,1,5,8,0.000,1.00
105.472,8,en_route_pickup,3.352,-3.982,0.000,-3.500,joint_grid_transaction,50,50,1,2,7,0.000,1.00
105.728,1,en_route_pickup,-0.919,-2.405,6.000,3.500,joint_grid_transaction,50,50,0,4,9,0.000,0.75
105.728,2,en_route_pickup,-2.096,4.060,-1.000,1.500,joint_grid_transaction,50,50,1,2,2,0.000,1.00
105.728,3,en_route_delivery,-3.451,2.004,0.000,-3.500,joint_grid_transaction,50,50,0,12,3,0.000,0.45
105.728,4,en_route_delivery,2.554,2.577,3.000,-1.500,joint_grid_transaction,50,50,1,5,4,0.000,1.00
105.728,5,en_route_pickup,-3.933,2.542,1.000,1.500,joint_grid_transaction,50,50,0,4,5,0.000,0.75
105.728,6,en_route_pickup,-0.249,-1.971,-1.000,-1.500,joint_grid_transaction,50,50,0,2,6,0.000,0.45
105.728,7,en_route_delivery,-4.591,-0.625,-1.000,1.500,joint_grid_transaction,50,50,1,5,8,0.000,1.00
105.728,8,en_route_pickup,3.352,-3.982,0.000,-3.500,joint_grid_transaction,50,50,1,2,7,0.000,1.00
105.984,1,en_route_pickup,-0.919,-2.405,6.000,3.500,joint_grid_transaction,50,50,0,4,9,0.000,0.75
105.984,2,en_route_pickup,-2.096,4.060,-1.000,1.500,joint_grid_transaction,50,50,1,2,2,0.000,1.00
105.984,3,en_route_delivery,-3.451,2.004,0.000,-3.500,joint_grid_transaction,50,50,0,12,3,0.000,0.45
105.984,4,en_route_delivery,2.600,2.562,3.000,-1.500,joint_grid_transaction,50,50,1,5,4,0.000,1.00
105.984,5,en_route_pickup,-3.933,2.542,1.000,1.500,joint_grid_transaction,50,50,0,4,5,0.000,0.75
105.984,6,en_route_pickup,-0.249,-1.971,-1.000,-1.500,joint_grid_transaction,50,50,0,2,6,0.000,0.45
105.984,7,en_route_delivery,-4.588,-0.581,-1.000,1.500,joint_grid_transaction,50,50,1,5,8,0.000,1.00
105.984,8,en_route_pickup,3.352,-3.982,0.000,-3.500,joint_grid_transaction,50,50,1,2,7,0.000,1.00
106.240,1,en_route_pickup,-0.919,-2.405,6.000,3.500,joint_grid_transaction,50,50,0,4,9,0.000,0.75
106.240,2,en_route_pickup,-2.096,4.060,-1.000,1.500,joint_grid_transaction,50,50,1,2,2,0.000,1.00
106.240,3,en_route_delivery,-3.451,2.004,0.000,-3.500,joint_grid_transaction,50,50,0,12,3,0.000,0.45
106.240,4,en_route_delivery,2.645,2.546,3.000,-1.500,joint_grid_transaction,50,50,1,5,4,0.000,1.00
106.240,5,en_route_pickup,-3.933,2.542,1.000,1.500,joint_grid_transaction,50,50,0,4,5,0.000,0.75
106.240,6,en_route_pickup,-0.249,-1.971,-1.000,-1.500,joint_grid_transaction,50,50,0,2,6,0.000,0.45
106.240,7,en_route_delivery,-4.584,-0.537,-1.000,1.500,joint_grid_transaction,50,50,1,5,8,0.000,1.00
106.240,8,en_route_pickup,3.352,-3.982,0.000,-3.500,joint_grid_transaction,50,50,1,2,7,0.000,1.00
106.496,1,en_route_pickup,-0.919,-2.405,6.000,3.500,joint_grid_transaction,50,50,0,4,9,0.000,0.75
106.496,2,en_route_pickup,-2.096,4.060,-1.000,1.500,joint_grid_transaction,50,50,1,2,2,0.000,1.00
106.496,3,en_route_delivery,-3.451,2.004,0.000,-3.500,joint_grid_transaction,50,50,0,12,3,0.000,0.45
106.496,4,en_route_delivery,2.690,2.531,3.000,-1.500,joint_grid_transaction,50,50,1,5,4,0.000,1.00
106.496,5,en_route_pickup,-3.933,2.542,1.000,1.500,joint_grid_transaction,50,50,0,4,5,0.000,0.75
106.496,6,en_route_pickup,-0.249,-1.971,-1.000,-1.500,joint_grid_transaction,50,50,0,2,6,0.000,0.45
106.496,7,en_route_delivery,-4.580,-0.493,-1.000,1.500,joint_grid_transaction,50,50,1,5,8,0.000,1.00
106.496,8,en_route_pickup,3.352,-3.982,0.000,-3.500,joint_grid_transaction,50,50,1,2,7,0.000,1.00
106.752,1,en_route_pickup,-0.919,-2.405,6.000,3.500,joint_grid_transaction,50,50,0,4,9,0.000,0.75
106.752,2,en_route_pickup,-2.096,4.060,-1.000,1.500,joint_grid_transaction,50,50,1,2,2,0.000,1.00
106.752,3,en_route_delivery,-3.451,2.004,0.000,-3.500,joint_grid_transaction,50,50,0,12,3,0.000,0.45
106.752,4,en_route_delivery,2.736,2.516,3.000,-1.500,joint_grid_transaction,50,50,1,5,4,0.000,1.00
106.752,5,en_route_pickup,-3.933,2.542,1.000,1.500,joint_grid_transaction,50,50,0,4,5,0.000,0.75
106.752,6,en_route_pickup,-0.249,-1.971,-1.000,-1.500,joint_grid_transaction,50,50,0,2,6,0.000,0.45
106.752,7,en_route_delivery,-4.576,-0.450,-1.000,1.500,joint_grid_transaction,50,50,1,5,8,0.000,1.00
106.752,8,en_route_pickup,3.352,-3.982,0.000,-3.500,joint_grid_transaction,50,50,1,2,7,0.000,1.00
107.008,1,en_route_pickup,-0.919,-2.405,6.000,3.500,joint_grid_transaction,50,50,0,4,9,0.000,0.75
107.008,2,en_route_pickup,-2.096,4.060,-1.000,1.500,joint_grid_transaction,50,50,1,2,2,0.000,1.00
107.008,3,en_route_delivery,-3.451,2.004,0.000,-3.500,joint_grid_transaction,50,50,0,12,3,0.000,0.45
107.008,4,en_route_delivery,2.781,2.500,3.000,-1.500,joint_grid_transaction,50,50,1,5,4,0.000,1.00
107.008,5,en_route_pickup,-3.933,2.542,1.000,1.500,joint_grid_transaction,50,50,0,4,5,0.000,0.75
107.008,6,en_route_pickup,-0.249,-1.971,-1.000,-1.500,joint_grid_transaction,50,50,0,2,6,0.000,0.45
107.008,7,en_route_delivery,-4.572,-0.406,-1.000,1.500,joint_grid_transaction,50,50,1,5,8,0.000,1.00
107.008,8,en_route_pickup,3.352,-3.982,0.000,-3.500,joint_grid_transaction,50,50,1,2,7,0.000,1.00
107.264,1,en_route_pickup,-0.919,-2.405,6.000,3.500,joint_grid_transaction,51,51,0,4,9,0.000,0.75
107.264,2,en_route_pickup,-2.093,4.066,-1.000,1.500,joint_grid_transaction,51,51,1,4,2,0.000,1.00
107.264,3,en_route_delivery,-3.451,2.004,0.000,-3.500,joint_grid_transaction,51,51,0,10,3,0.000,0.45
107.264,4,en_route_delivery,2.826,2.485,3.000,-1.500,joint_grid_transaction,50,50,1,5,4,0.000,1.00
107.264,5,en_route_pickup,-3.933,2.542,1.000,1.500,joint_grid_transaction,51,51,0,4,5,0.000,0.75
107.264,6,en_route_pickup,-0.249,-1.971,-1.000,-1.500,joint_grid_transaction,51,51,0,2,6,0.000,0.45
107.264,7,en_route_delivery,-4.568,-0.362,-1.000,1.500,joint_grid_transaction,51,51,1,5,8,0.000,1.00
107.264,8,en_route_pickup,3.353,-3.982,0.000,-3.500,joint_grid_transaction,51,51,1,2,7,0.000,1.00
107.520,1,en_route_pickup,-0.919,-2.405,6.000,3.500,joint_grid_transaction,51,51,0,4,9,0.000,0.75
107.520,2,en_route_pickup,-2.090,4.054,-1.000,1.500,joint_grid_transaction,51,51,1,4,2,0.000,1.00
107.520,3,en_route_delivery,-3.451,2.004,0.000,-3.500,joint_grid_transaction,51,51,0,10,3,0.000,0.45
107.520,4,en_route_delivery,2.872,2.469,3.000,-1.500,joint_grid_transaction,50,50,1,5,4,0.000,1.00
107.520,5,en_route_pickup,-3.933,2.542,1.000,1.500,joint_grid_transaction,51,51,0,4,5,0.000,0.75
107.520,6,en_route_pickup,-0.249,-1.971,-1.000,-1.500,joint_grid_transaction,51,51,0,2,6,0.000,0.45
107.520,7,en_route_delivery,-4.564,-0.319,-1.000,1.500,joint_grid_transaction,51,51,1,5,8,0.000,1.00
107.520,8,en_route_pickup,3.353,-3.982,0.000,-3.500,joint_grid_transaction,51,51,1,2,7,0.000,1.00
107.776,1,en_route_pickup,-0.919,-2.405,6.000,3.500,joint_grid_transaction,51,51,0,4,9,0.000,0.75
107.776,2,en_route_pickup,-2.075,4.029,-1.000,1.500,joint_grid_transaction,51,51,1,4,2,0.000,1.00
107.776,3,en_route_delivery,-3.451,2.004,0.000,-3.500,joint_grid_transaction,51,51,0,10,3,0.000,0.45
107.776,4,en_route_delivery,2.917,2.454,3.000,-1.500,joint_grid_transaction,50,50,1,5,4,0.000,1.00
107.776,5,en_route_pickup,-3.933,2.542,1.000,1.500,joint_grid_transaction,51,51,0,4,5,0.000,0.75
107.776,6,en_route_pickup,-0.249,-1.971,-1.000,-1.500,joint_grid_transaction,51,51,0,2,6,0.000,0.45
107.776,7,en_route_delivery,-4.560,-0.275,-1.000,1.500,joint_grid_transaction,51,51,1,5,8,0.000,1.00
107.776,8,en_route_pickup,3.353,-3.982,0.000,-3.500,joint_grid_transaction,51,51,1,2,7,0.000,1.00
108.032,1,en_route_pickup,-0.919,-2.405,6.000,3.500,joint_grid_transaction,51,51,0,4,9,0.000,0.75
108.032,2,en_route_pickup,-2.049,4.001,-1.000,1.500,joint_grid_transaction,51,51,1,4,2,0.000,1.00
108.032,3,en_route_delivery,-3.451,2.004,0.000,-3.500,joint_grid_transaction,51,51,0,10,3,0.000,0.45
108.032,4,en_route_delivery,2.962,2.439,3.000,-1.500,joint_grid_transaction,50,50,1,5,4,0.000,1.00
108.032,5,en_route_pickup,-3.933,2.542,1.000,1.500,joint_grid_transaction,51,51,0,4,5,0.000,0.75
108.032,6,en_route_pickup,-0.249,-1.971,-1.000,-1.500,joint_grid_transaction,51,51,0,2,6,0.000,0.45
108.032,7,en_route_delivery,-4.556,-0.232,-1.000,1.500,joint_grid_transaction,51,51,1,5,8,0.000,1.00
108.032,8,en_route_pickup,3.353,-3.982,0.000,-3.500,joint_grid_transaction,51,51,1,2,7,0.000,1.00
108.288,1,en_route_pickup,-0.919,-2.405,6.000,3.500,joint_grid_transaction,51,51,0,4,9,0.000,0.75
108.288,2,en_route_pickup,-2.024,3.983,-1.000,1.500,joint_grid_transaction,51,51,1,4,2,0.000,1.00
108.288,3,en_route_delivery,-3.451,2.004,0.000,-3.500,joint_grid_transaction,51,51,0,10,3,0.000,0.45
108.288,4,en_route_delivery,3.007,2.423,3.000,-1.500,joint_grid_transaction,50,50,1,5,4,0.000,1.00
108.288,5,en_route_pickup,-3.933,2.542,1.000,1.500,joint_grid_transaction,51,51,0,4,5,0.000,0.75
108.288,6,en_route_pickup,-0.249,-1.971,-1.000,-1.500,joint_grid_transaction,51,51,0,2,6,0.000,0.45
108.288,7,en_route_delivery,-4.553,-0.188,-1.000,1.500,joint_grid_transaction,51,51,1,5,8,0.000,1.00
108.288,8,en_route_pickup,3.353,-3.982,0.000,-3.500,joint_grid_transaction,51,51,1,2,7,0.000,1.00
108.544,1,en_route_pickup,-0.919,-2.405,6.000,3.500,joint_grid_transaction,51,51,0,4,9,0.000,0.75
108.544,2,en_route_pickup,-2.010,3.978,-1.000,1.500,joint_grid_transaction,51,51,1,4,2,0.000,1.00
108.544,3,en_route_delivery,-3.451,2.004,0.000,-3.500,joint_grid_transaction,51,51,0,10,3,0.000,0.45
108.544,4,en_route_delivery,3.053,2.408,3.000,-1.500,joint_grid_transaction,50,50,1,5,4,0.000,1.00
108.544,5,en_route_pickup,-3.933,2.542,1.000,1.500,joint_grid_transaction,51,51,0,4,5,0.000,0.75
108.544,6,en_route_pickup,-0.249,-1.971,-1.000,-1.500,joint_grid_transaction,51,51,0,2,6,0.000,0.45
108.544,7,en_route_delivery,-4.549,-0.145,-1.000,1.500,joint_grid_transaction,51,51,1,5,8,0.000,1.00
108.544,8,en_route_pickup,3.353,-3.982,0.000,-3.500,joint_grid_transaction,51,51,1,2,7,0.000,1.00
108.800,1,en_route_pickup,-0.919,-2.405,6.000,3.500,joint_grid_transaction,51,51,0,4,9,0.000,0.75
108.800,2,en_route_pickup,-2.018,3.977,-1.000,1.500,joint_grid_transaction,51,51,1,4,2,0.000,1.00
108.800,3,en_route_delivery,-3.451,2.004,0.000,-3.500,joint_grid_transaction,51,51,0,10,3,0.000,0.45
108.800,4,en_route_delivery,3.098,2.392,3.000,-1.500,joint_grid_transaction,50,50,1,5,4,0.000,1.00
108.800,5,en_route_pickup,-3.933,2.542,1.000,1.500,joint_grid_transaction,51,51,0,4,5,0.000,0.75
108.800,6,en_route_pickup,-0.249,-1.971,-1.000,-1.500,joint_grid_transaction,51,51,0,2,6,0.000,0.45
108.800,7,en_route_delivery,-4.545,-0.102,-1.000,1.500,joint_grid_transaction,51,51,1,5,8,0.000,1.00
108.800,8,en_route_pickup,3.353,-3.982,0.000,-3.500,joint_grid_transaction,51,51,1,2,7,0.000,1.00
109.056,1,en_route_pickup,-0.919,-2.405,6.000,3.500,joint_grid_transaction,51,51,0,4,9,0.000,0.75
109.056,2,en_route_pickup,-2.025,3.971,-1.000,1.500,joint_grid_transaction,51,51,1,4,2,0.000,1.00
109.056,3,en_route_delivery,-3.451,2.004,0.000,-3.500,joint_grid_transaction,51,51,0,10,3,0.000,0.45
109.056,4,en_route_delivery,3.143,2.377,3.000,-1.500,joint_grid_transaction,50,50,1,5,4,0.000,1.00
109.056,5,en_route_pickup,-3.933,2.542,1.000,1.500,joint_grid_transaction,51,51,0,4,5,0.000,0.75
109.056,6,en_route_pickup,-0.249,-1.971,-1.000,-1.500,joint_grid_transaction,51,51,0,2,6,0.000,0.45
109.056,7,en_route_delivery,-4.541,-0.059,-1.000,1.500,joint_grid_transaction,51,51,1,5,8,0.000,1.00
109.056,8,en_route_pickup,3.353,-3.982,0.000,-3.500,joint_grid_transaction,51,51,1,2,7,0.000,1.00
109.312,1,en_route_pickup,-0.919,-2.405,6.000,3.500,joint_grid_transaction,52,52,0,4,9,0.000,0.75
109.312,2,en_route_pickup,-1.985,3.948,-1.000,1.500,joint_grid_transaction,52,52,1,3,2,0.000,1.00
109.312,3,en_route_delivery,-3.451,2.004,0.000,-3.500,joint_grid_transaction,52,52,0,10,3,0.000,0.45
109.312,4,en_route_delivery,3.189,2.361,3.000,-1.500,joint_grid_transaction,52,52,1,5,4,0.000,1.00
109.312,5,en_route_pickup,-3.933,2.542,1.000,1.500,joint_grid_transaction,52,52,0,5,5,0.000,0.75
109.312,6,en_route_pickup,-0.249,-1.971,-1.000,-1.500,joint_grid_transaction,52,52,0,2,6,0.000,0.45
109.312,7,en_route_delivery,-4.538,-0.016,-1.000,1.500,joint_grid_transaction,52,52,1,5,8,0.000,1.00
109.312,8,en_route_pickup,3.354,-3.983,0.000,-3.500,joint_grid_transaction,52,52,1,2,7,0.000,1.00
109.568,1,en_route_pickup,-0.919,-2.405,6.000,3.500,joint_grid_transaction,52,52,0,4,9,0.000,0.75
109.568,2,en_route_pickup,-1.946,3.921,-1.000,1.500,joint_grid_transaction,52,52,1,3,2,0.000,1.00
109.568,3,en_route_delivery,-3.451,2.004,0.000,-3.500,joint_grid_transaction,52,52,0,10,3,0.000,0.50
109.568,4,en_route_delivery,3.234,2.346,3.000,-1.500,joint_grid_transaction,52,52,1,5,4,0.000,1.00
109.568,5,en_route_pickup,-3.933,2.542,1.000,1.500,joint_grid_transaction,52,52,0,5,5,0.000,1.00
109.568,6,en_route_pickup,-0.249,-1.971,-1.000,-1.500,joint_grid_transaction,52,52,0,2,6,0.000,0.45
109.568,7,en_route_delivery,-4.534,0.023,-1.000,1.500,_priority_yield_resume,53,52,1,1,8,0.000,0.55
109.568,8,en_route_pickup,3.354,-3.983,0.000,-3.500,joint_grid_transaction,52,52,1,2,7,0.000,1.00
109.824,1,en_route_pickup,-0.919,-2.405,6.000,3.500,joint_grid_transaction,52,52,0,4,9,0.000,0.75
109.824,2,en_route_pickup,-1.909,3.891,-1.000,1.500,joint_grid_transaction,52,52,1,3,2,0.000,1.00
109.824,3,en_route_delivery,-3.451,2.004,0.000,-3.500,joint_grid_transaction,52,52,0,10,3,0.000,0.50
109.824,4,en_route_delivery,3.279,2.331,3.000,-1.500,joint_grid_transaction,52,52,1,5,4,0.000,1.00
109.824,5,en_route_pickup,-3.933,2.542,1.000,1.500,joint_grid_transaction,52,52,0,5,5,0.000,1.00
109.824,6,en_route_pickup,-0.249,-1.971,-1.000,-1.500,joint_grid_transaction,52,52,0,2,6,0.000,0.45
109.824,7,en_route_delivery,-4.534,0.023,-1.000,1.500,_priority_yield_resume,53,52,0,1,8,0.000,0.55
109.824,8,en_route_pickup,3.354,-3.983,0.000,-3.500,joint_grid_transaction,52,52,1,2,7,0.000,1.00
110.080,1,en_route_pickup,-0.919,-2.405,6.000,3.500,joint_grid_transaction,52,52,0,4,9,0.000,0.75
110.080,2,en_route_pickup,-1.873,3.860,-1.000,1.500,joint_grid_transaction,52,52,1,3,2,0.000,1.00
110.080,3,en_route_delivery,-3.451,2.004,0.000,-3.500,joint_grid_transaction,52,52,0,10,3,0.000,0.45
110.080,4,en_route_delivery,3.325,2.315,3.000,-1.500,joint_grid_transaction,52,52,1,5,4,0.000,1.00
110.080,5,en_route_pickup,-3.933,2.542,1.000,1.500,joint_grid_transaction,52,52,0,5,5,0.000,0.75
110.080,6,en_route_pickup,-0.249,-1.971,-1.000,-1.500,joint_grid_transaction,52,52,0,2,6,0.000,0.45
110.080,7,en_route_delivery,-4.535,0.020,-1.000,1.500,_priority_yield_resume,53,52,0,1,8,0.000,0.55
110.080,8,en_route_pickup,3.354,-3.983,0.000,-3.500,joint_grid_transaction,52,52,1,2,7,0.000,1.00
110.336,1,en_route_pickup,-0.919,-2.405,6.000,3.500,joint_grid_transaction,52,52,0,4,9,0.000,0.75
110.336,2,en_route_pickup,-1.838,3.828,-1.000,1.500,joint_grid_transaction,52,52,1,3,2,0.000,1.00
110.336,3,en_route_delivery,-3.451,2.004,0.000,-3.500,joint_grid_transaction,52,52,0,10,3,0.000,0.45
110.336,4,en_route_delivery,3.370,2.300,3.000,-1.500,joint_grid_transaction,52,52,1,5,4,0.000,1.00
110.336,5,en_route_pickup,-3.933,2.542,1.000,1.500,joint_grid_transaction,52,52,0,5,5,0.000,0.75
110.336,6,en_route_pickup,-0.249,-1.971,-1.000,-1.500,joint_grid_transaction,52,52,0,2,6,0.000,0.45
110.336,7,en_route_delivery,-4.536,0.016,-1.000,1.500,_priority_yield_resume,53,52,0,1,8,0.000,0.55
110.336,8,en_route_pickup,3.354,-3.983,0.000,-3.500,joint_grid_transaction,52,52,1,2,7,0.000,1.00
110.592,1,en_route_pickup,-0.919,-2.405,6.000,3.500,joint_grid_transaction,52,52,0,4,9,0.000,0.75
110.592,2,en_route_pickup,-1.803,3.795,-1.000,1.500,joint_grid_transaction,52,52,1,3,2,0.000,1.00
110.592,3,en_route_delivery,-3.451,2.004,0.000,-3.500,joint_grid_transaction,52,52,0,10,3,0.000,0.45
110.592,4,en_route_delivery,3.415,2.284,3.000,-1.500,joint_grid_transaction,52,52,1,5,4,0.000,1.00
110.592,5,en_route_pickup,-3.933,2.542,1.000,1.500,joint_grid_transaction,52,52,0,5,5,0.000,0.75
110.592,6,en_route_pickup,-0.249,-1.971,-1.000,-1.500,joint_grid_transaction,52,52,0,2,6,0.000,0.45
110.592,7,en_route_delivery,-4.538,0.009,-1.000,1.500,_priority_yield_resume,53,52,0,1,8,0.000,0.55
110.592,8,en_route_pickup,3.354,-3.983,0.000,-3.500,joint_grid_transaction,52,52,1,2,7,0.000,1.00
110.848,1,en_route_pickup,-0.919,-2.405,6.000,3.500,joint_grid_transaction,52,52,0,4,9,0.000,0.75
110.848,2,en_route_pickup,-1.769,3.762,-1.000,1.500,joint_grid_transaction,52,52,1,3,2,0.000,1.00
110.848,3,en_route_delivery,-3.451,2.004,0.000,-3.500,joint_grid_transaction,52,52,0,10,3,0.000,0.45
110.848,4,en_route_delivery,3.461,2.269,3.000,-1.500,joint_grid_transaction,52,52,1,5,4,0.000,1.00
110.848,5,en_route_pickup,-3.933,2.542,1.000,1.500,joint_grid_transaction,52,52,0,5,5,0.000,0.75
110.848,6,en_route_pickup,-0.249,-1.971,-1.000,-1.500,joint_grid_transaction,52,52,0,2,6,0.000,0.45
110.848,7,en_route_delivery,-4.542,0.002,-1.000,1.500,_priority_yield_resume,53,52,0,1,8,0.000,0.55
110.848,8,en_route_pickup,3.354,-3.983,0.000,-3.500,joint_grid_transaction,52,52,1,2,7,0.000,1.00
111.104,1,en_route_pickup,-0.919,-2.405,6.000,3.500,joint_grid_transaction,52,52,0,4,9,0.000,0.75
111.104,2,en_route_pickup,-1.734,3.729,-1.000,1.500,joint_grid_transaction,52,52,1,3,2,0.000,1.00
111.104,3,en_route_delivery,-3.451,2.004,0.000,-3.500,joint_grid_transaction,52,52,0,10,3,0.000,0.45
111.104,4,en_route_delivery,3.506,2.253,3.000,-1.500,joint_grid_transaction,52,52,1,5,4,0.000,1.00
111.104,5,en_route_pickup,-3.933,2.542,1.000,1.500,joint_grid_transaction,52,52,0,5,5,0.000,0.75
111.104,6,en_route_pickup,-0.249,-1.971,-1.000,-1.500,joint_grid_transaction,52,52,0,2,6,0.000,0.45
111.104,7,en_route_delivery,-4.545,-0.003,-1.000,1.500,joint_grid_transaction,53,52,0,0,8,121.024,0.40
111.104,8,en_route_pickup,3.354,-3.983,0.000,-3.500,joint_grid_transaction,52,52,1,2,7,0.000,1.00
111.360,1,en_route_pickup,-0.919,-2.405,6.000,3.500,joint_grid_transaction,52,52,0,4,9,0.000,0.75
111.360,2,en_route_pickup,-1.700,3.695,-1.000,1.500,joint_grid_transaction,52,52,1,3,2,0.000,1.00
111.360,3,en_route_delivery,-3.451,2.004,0.000,-3.500,joint_grid_transaction,52,52,0,10,3,0.000,0.45
111.360,4,en_route_delivery,3.551,2.238,3.000,-1.500,joint_grid_transaction,52,52,1,5,4,0.000,1.00
111.360,5,en_route_pickup,-3.933,2.542,1.000,1.500,joint_grid_transaction,52,52,0,5,5,0.000,0.75
111.360,6,en_route_pickup,-0.249,-1.971,-1.000,-1.500,joint_grid_transaction,52,52,0,2,6,0.000,0.45
111.360,7,en_route_delivery,-4.545,-0.003,-1.000,1.500,joint_grid_transaction,53,52,0,0,8,121.024,0.40
111.360,8,en_route_pickup,3.354,-3.983,0.000,-3.500,joint_grid_transaction,52,52,1,2,7,0.000,1.00
111.616,1,en_route_pickup,-0.919,-2.405,6.000,3.500,joint_grid_transaction,52,52,0,4,9,0.000,0.75
111.616,2,en_route_pickup,-1.666,3.662,-1.000,1.500,joint_grid_transaction,52,52,1,3,2,0.000,1.00
111.616,3,en_route_delivery,-3.451,2.004,0.000,-3.500,joint_grid_transaction,52,52,0,10,3,0.000,0.45
111.616,4,en_route_delivery,3.596,2.223,3.000,-1.500,joint_grid_transaction,52,52,1,5,4,0.000,1.00
111.616,5,en_route_pickup,-3.933,2.542,1.000,1.500,joint_grid_transaction,52,52,0,5,5,0.000,0.75
111.616,6,en_route_pickup,-0.249,-1.971,-1.000,-1.500,joint_grid_transaction,52,52,0,2,6,0.000,0.45
111.616,7,en_route_delivery,-4.545,-0.003,-1.000,1.500,joint_grid_transaction,53,52,0,0,8,0.000,0.40
111.616,8,en_route_pickup,3.354,-3.983,0.000,-3.500,joint_grid_transaction,52,52,1,2,7,0.000,1.00
111.872,1,en_route_pickup,-0.919,-2.405,6.000,3.500,joint_grid_transaction,52,52,0,4,9,0.000,0.75
111.872,2,en_route_pickup,-1.632,3.629,-1.000,1.500,joint_grid_transaction,57,57,1,3,2,0.000,1.00
111.872,3,en_route_delivery,-3.451,2.004,0.000,-3.500,joint_grid_transaction,57,57,0,13,3,0.000,0.45
111.872,4,en_route_delivery,3.619,2.212,3.000,-1.500,joint_grid_transaction,57,57,1,5,4,0.000,1.00
111.872,5,en_route_pickup,-3.933,2.542,1.000,1.500,joint_grid_transaction,57,57,0,5,5,0.000,0.75
111.872,6,en_route_pickup,-0.249,-1.971,-1.000,-1.500,joint_grid_transaction,57,57,0,2,6,0.000,0.45
111.872,7,en_route_delivery,-4.537,0.009,-1.000,1.500,joint_grid_transaction,57,57,1,5,8,0.000,1.00
111.872,8,en_route_pickup,3.355,-3.984,0.000,-3.500,joint_grid_transaction,57,57,1,2,7,0.000,1.00
112.128,1,en_route_pickup,-0.919,-2.405,6.000,3.500,joint_grid_transaction,52,52,0,4,9,0.000,0.75
112.128,2,en_route_pickup,-1.595,3.599,-1.000,1.500,joint_grid_transaction,57,57,1,3,2,0.000,1.00
112.128,3,en_route_delivery,-3.451,2.004,0.000,-3.500,joint_grid_transaction,57,57,0,13,3,0.000,0.45
112.128,4,en_route_delivery,3.611,2.204,3.000,-1.500,joint_grid_transaction,57,57,1,5,4,0.000,1.00
112.128,5,en_route_pickup,-3.933,2.542,1.000,1.500,joint_grid_transaction,57,57,0,5,5,0.000,0.75
112.128,6,en_route_pickup,-0.249,-1.971,-1.000,-1.500,joint_grid_transaction,57,57,0,2,6,0.000,0.45
112.128,7,en_route_delivery,-4.531,0.024,-1.000,1.500,joint_grid_transaction,57,57,1,5,8,0.000,1.00
112.128,8,en_route_pickup,3.355,-3.984,0.000,-3.500,joint_grid_transaction,57,57,1,2,7,0.000,1.00
112.384,1,en_route_pickup,-0.919,-2.405,6.000,3.500,joint_grid_transaction,52,52,0,4,9,0.000,0.75
112.384,2,en_route_pickup,-1.557,3.571,-1.000,1.500,joint_grid_transaction,57,57,1,3,2,0.000,1.00
112.384,3,en_route_delivery,-3.451,2.004,0.000,-3.500,joint_grid_transaction,57,57,0,13,3,0.000,0.45
112.384,4,en_route_delivery,3.648,2.177,3.000,-1.500,joint_grid_transaction,57,57,1,5,4,0.000,1.00
112.384,5,en_route_pickup,-3.933,2.542,1.000,1.500,joint_grid_transaction,57,57,0,5,5,0.000,0.75
112.384,6,en_route_pickup,-0.249,-1.971,-1.000,-1.500,joint_grid_transaction,57,57,0,2,6,0.000,0.45
112.384,7,en_route_delivery,-4.529,0.015,-1.000,1.500,joint_grid_transaction,57,57,1,5,8,0.000,1.00
112.384,8,en_route_pickup,3.355,-3.984,0.000,-3.500,joint_grid_transaction,57,57,1,2,7,0.000,1.00
112.640,1,en_route_pickup,-0.919,-2.405,6.000,3.500,joint_grid_transaction,52,52,0,4,9,0.000,0.75
112.640,2,en_route_pickup,-1.517,3.545,-1.000,1.500,joint_grid_transaction,57,57,1,3,2,0.000,1.00
112.640,3,en_route_delivery,-3.451,2.004,0.000,-3.500,joint_grid_transaction,57,57,0,13,3,0.000,0.45
112.640,4,en_route_delivery,3.684,2.146,3.000,-1.500,joint_grid_transaction,57,57,1,5,4,0.000,1.00
112.640,5,en_route_pickup,-3.933,2.542,1.000,1.500,joint_grid_transaction,57,57,0,5,5,0.000,0.75
112.640,6,en_route_pickup,-0.249,-1.971,-1.000,-1.500,joint_grid_transaction,57,57,0,2,6,0.000,0.45
112.640,7,en_route_delivery,-4.524,0.003,-1.000,1.500,joint_grid_transaction,57,57,1,5,8,0.000,1.00
112.640,8,en_route_pickup,3.355,-3.984,0.000,-3.500,joint_grid_transaction,57,57,1,2,7,0.000,1.00
112.896,1,en_route_pickup,-0.919,-2.405,6.000,3.500,joint_grid_transaction,52,52,0,4,9,0.000,0.75
112.896,2,en_route_pickup,-1.476,3.520,-1.000,1.500,joint_grid_transaction,57,57,1,3,2,0.000,1.00
112.896,3,en_route_delivery,-3.451,2.004,0.000,-3.500,joint_grid_transaction,57,57,0,13,3,0.000,0.45
112.896,4,en_route_delivery,3.718,2.113,3.000,-1.500,joint_grid_transaction,57,57,1,5,4,0.000,1.00
112.896,5,en_route_pickup,-3.933,2.542,1.000,1.500,joint_grid_transaction,57,57,0,5,5,0.000,0.75
112.896,6,en_route_pickup,-0.249,-1.971,-1.000,-1.500,joint_grid_transaction,57,57,0,2,6,0.000,0.45
112.896,7,en_route_delivery,-4.504,0.022,-1.000,1.500,joint_grid_transaction,57,57,1,5,8,0.000,1.00
112.896,8,en_route_pickup,3.355,-3.984,0.000,-3.500,joint_grid_transaction,57,57,1,2,7,0.000,1.00
113.152,1,en_route_pickup,-0.919,-2.405,6.000,3.500,joint_grid_transaction,52,52,0,4,9,0.000,0.75
113.152,2,en_route_pickup,-1.435,3.496,-1.000,1.500,joint_grid_transaction,58,58,1,3,2,0.000,1.00
113.152,3,en_route_delivery,-3.451,2.004,0.000,-3.500,joint_grid_transaction,58,58,0,14,3,0.000,0.45
113.152,4,en_route_delivery,3.751,2.079,3.000,-1.500,joint_grid_transaction,58,58,1,5,4,0.000,1.00
113.152,5,en_route_pickup,-3.933,2.542,1.000,1.500,joint_grid_transaction,58,58,0,7,5,0.000,0.75
113.152,6,en_route_pickup,-0.249,-1.971,-1.000,-1.500,joint_grid_transaction,58,58,0,2,6,0.000,0.45
113.152,7,en_route_delivery,-4.475,0.059,-1.000,1.500,joint_grid_transaction,58,58,1,5,8,0.000,1.00
113.152,8,en_route_pickup,3.356,-3.984,0.000,-3.500,joint_grid_transaction,58,58,1,2,7,0.000,1.00
113.408,1,en_route_pickup,-0.919,-2.405,6.000,3.500,joint_grid_transaction,52,52,0,4,9,0.000,0.75
113.408,2,en_route_pickup,-1.393,3.475,-1.000,1.500,joint_grid_transaction,58,58,1,3,2,0.000,1.00
113.408,3,en_route_delivery,-3.451,2.004,0.000,-3.500,joint_grid_transaction,58,58,0,14,3,0.000,0.45
113.408,4,en_route_delivery,3.784,2.044,3.000,-1.500,joint_grid_transaction,58,58,1,5,4,0.000,1.00
113.408,5,en_route_pickup,-3.933,2.542,1.000,1.500,joint_grid_transaction,58,58,0,7,5,0.000,0.75
113.408,6,en_route_pickup,-0.249,-1.971,-1.000,-1.500,joint_grid_transaction,58,58,0,2,6,0.000,0.45
113.408,7,en_route_delivery,-4.443,0.094,-1.000,1.500,joint_grid_transaction,58,58,1,5,8,0.000,1.00
113.408,8,en_route_pickup,3.356,-3.984,0.000,-3.500,joint_grid_transaction,58,58,1,2,7,0.000,1.00
113.664,1,en_route_pickup,-0.919,-2.405,6.000,3.500,joint_grid_transaction,52,52,0,4,9,0.000,0.75
113.664,2,en_route_pickup,-1.349,3.458,-1.000,1.500,joint_grid_transaction,58,58,1,3,2,0.000,1.00
113.664,3,en_route_delivery,-3.451,2.004,0.000,-3.500,joint_grid_transaction,58,58,0,14,3,0.000,1.00
113.664,4,en_route_delivery,3.816,2.008,3.000,-1.500,joint_grid_transaction,58,58,1,5,4,0.000,1.00
113.664,5,en_route_pickup,-3.933,2.542,1.000,1.500,joint_grid_transaction,58,58,0,7,5,0.000,0.50
113.664,6,en_route_pickup,-0.249,-1.971,-1.000,-1.500,joint_grid_transaction,58,58,0,2,6,0.000,0.45
113.664,7,en_route_delivery,-4.428,0.114,-1.000,1.500,_priority_yield_resume,59,58,0,1,8,0.000,0.55
113.664,8,en_route_pickup,3.356,-3.984,0.000,-3.500,joint_grid_transaction,58,58,1,2,7,0.000,1.00
113.920,1,en_route_pickup,-0.919,-2.405,6.000,3.500,joint_grid_transaction,52,52,0,4,9,0.000,0.75
113.920,2,en_route_pickup,-1.304,3.443,-1.000,1.500,joint_grid_transaction,58,58,1,3,2,0.000,1.00
113.920,3,en_route_delivery,-3.451,2.004,0.000,-3.500,joint_grid_transaction,58,58,0,14,3,0.000,1.00
113.920,4,en_route_delivery,3.847,1.972,3.000,-1.500,joint_grid_transaction,58,58,1,5,4,0.000,1.00
113.920,5,en_route_pickup,-3.933,2.542,1.000,1.500,joint_grid_transaction,58,58,0,7,5,0.000,0.50
113.920,6,en_route_pickup,-0.249,-1.971,-1.000,-1.500,joint_grid_transaction,58,58,0,2,6,0.000,0.45
113.920,7,en_route_delivery,-4.436,0.122,-1.000,1.500,_priority_yield_resume,59,58,0,1,8,0.000,0.55
113.920,8,en_route_pickup,3.356,-3.984,0.000,-3.500,joint_grid_transaction,58,58,1,2,7,0.000,1.00
114.176,1,en_route_pickup,-0.919,-2.405,6.000,3.500,joint_grid_transaction,52,52,0,4,9,0.000,0.75
114.176,2,en_route_pickup,-1.258,3.430,-1.000,1.500,joint_grid_transaction,58,58,1,3,2,0.000,1.00
114.176,3,en_route_delivery,-3.451,2.004,0.000,-3.500,joint_grid_transaction,58,58,0,14,3,0.000,0.45
114.176,4,en_route_delivery,3.879,1.936,3.000,-1.500,joint_grid_transaction,58,58,1,5,4,0.000,1.00
114.176,5,en_route_pickup,-3.933,2.542,1.000,1.500,joint_grid_transaction,58,58,0,7,5,0.000,0.75
114.176,6,en_route_pickup,-0.249,-1.971,-1.000,-1.500,joint_grid_transaction,58,58,0,2,6,0.000,0.45
114.176,7,en_route_delivery,-4.442,0.131,-1.000,1.500,_priority_yield_resume,59,58,0,1,8,0.000,0.55
114.176,8,en_route_pickup,3.356,-3.984,0.000,-3.500,joint_grid_transaction,58,58,1,2,7,0.000,1.00
114.432,1,en_route_pickup,-0.919,-2.405,6.000,3.500,joint_grid_transaction,52,52,0,4,9,0.000,0.75
114.432,2,en_route_pickup,-1.212,3.417,-1.000,1.500,joint_grid_transaction,58,58,1,3,2,0.000,1.00
114.432,3,en_route_delivery,-3.451,2.004,0.000,-3.500,joint_grid_transaction,58,58,0,14,3,0.000,0.45
114.432,4,en_route_delivery,3.910,1.900,3.000,-1.500,joint_grid_transaction,58,58,1,5,4,0.000,1.00
114.432,5,en_route_pickup,-3.933,2.542,1.000,1.500,joint_grid_transaction,58,58,0,7,5,0.000,0.75
114.432,6,en_route_pickup,-0.249,-1.971,-1.000,-1.500,joint_grid_transaction,58,58,0,2,6,0.000,0.45
114.432,7,en_route_delivery,-4.447,0.139,-1.000,1.500,_priority_yield_resume,59,58,0,1,8,0.000,0.55
114.432,8,en_route_pickup,3.356,-3.984,0.000,-3.500,joint_grid_transaction,58,58,1,2,7,0.000,1.00
114.688,1,en_route_pickup,-0.919,-2.405,6.000,3.500,joint_grid_transaction,52,52,0,4,9,0.000,0.75
114.688,2,en_route_pickup,-1.166,3.405,-1.000,1.500,joint_grid_transaction,58,58,1,3,2,0.000,1.00
114.688,3,en_route_delivery,-3.451,2.004,0.000,-3.500,joint_grid_transaction,58,58,0,14,3,0.000,0.45
114.688,4,en_route_delivery,3.941,1.863,3.000,-1.500,joint_grid_transaction,58,58,1,5,4,0.000,1.00
114.688,5,en_route_pickup,-3.933,2.542,1.000,1.500,joint_grid_transaction,58,58,0,7,5,0.000,0.75
114.688,6,en_route_pickup,-0.249,-1.971,-1.000,-1.500,joint_grid_transaction,58,58,0,2,6,0.000,0.45
114.688,7,en_route_delivery,-4.451,0.146,-1.000,1.500,_priority_yield_resume,59,58,0,1,8,0.000,0.55
114.688,8,en_route_pickup,3.356,-3.984,0.000,-3.500,joint_grid_transaction,58,58,1,2,7,0.000,1.00
114.944,1,en_route_pickup,-0.919,-2.405,6.000,3.500,joint_grid_transaction,52,52,0,4,9,0.000,0.75
114.944,2,en_route_pickup,-1.120,3.394,-1.000,1.500,joint_grid_transaction,58,58,1,3,2,0.000,1.00
114.944,3,en_route_delivery,-3.451,2.004,0.000,-3.500,joint_grid_transaction,58,58,0,14,3,0.000,0.45
114.944,4,en_route_delivery,3.972,1.827,3.000,-1.500,joint_grid_transaction,58,58,1,5,4,0.000,1.00
114.944,5,en_route_pickup,-3.933,2.542,1.000,1.500,joint_grid_transaction,58,58,0,7,5,0.000,0.75
114.944,6,en_route_pickup,-0.249,-1.971,-1.000,-1.500,joint_grid_transaction,58,58,0,2,6,0.000,0.45
114.944,7,en_route_delivery,-4.454,0.153,-1.000,1.500,_priority_yield_resume,59,58,0,1,8,0.000,0.55
114.944,8,en_route_pickup,3.356,-3.984,0.000,-3.500,joint_grid_transaction,58,58,1,2,7,0.000,1.00
115.200,1,en_route_pickup,-0.919,-2.405,6.000,3.500,joint_grid_transaction,52,52,0,4,9,0.000,0.75
115.200,2,en_route_pickup,-1.073,3.383,-1.000,1.500,joint_grid_transaction,58,58,1,3,2,0.000,1.00
115.200,3,en_route_delivery,-3.451,2.004,0.000,-3.500,joint_grid_transaction,58,58,0,14,3,0.000,0.45
115.200,4,en_route_delivery,4.003,1.791,3.000,-1.500,joint_grid_transaction,58,58,1,5,4,0.000,1.00
115.200,5,en_route_pickup,-3.933,2.542,1.000,1.500,joint_grid_transaction,58,58,0,7,5,0.000,0.75
115.200,6,en_route_pickup,-0.249,-1.971,-1.000,-1.500,joint_grid_transaction,58,58,0,2,6,0.000,0.45
115.200,7,en_route_delivery,-4.455,0.155,-1.000,1.500,joint_grid_transaction,59,58,0,0,8,125.024,0.40
115.200,8,en_route_pickup,3.356,-3.984,0.000,-3.500,joint_grid_transaction,58,58,1,2,7,0.000,1.00
115.456,1,en_route_pickup,-0.919,-2.405,6.000,3.500,joint_grid_transaction,52,52,0,4,9,0.000,0.75
115.456,2,en_route_pickup,-1.027,3.372,-1.000,1.500,joint_grid_transaction,58,58,1,3,2,0.000,1.00
115.456,3,en_route_delivery,-3.451,2.004,0.000,-3.500,joint_grid_transaction,58,58,0,14,3,0.000,0.45
115.456,4,en_route_delivery,4.034,1.754,3.000,-1.500,joint_grid_transaction,58,58,1,5,4,0.000,1.00
115.456,5,en_route_pickup,-3.933,2.542,1.000,1.500,joint_grid_transaction,58,58,0,7,5,0.000,0.75
115.456,6,en_route_pickup,-0.249,-1.971,-1.000,-1.500,joint_grid_transaction,58,58,0,2,6,0.000,0.45
115.456,7,en_route_delivery,-4.455,0.155,-1.000,1.500,joint_grid_transaction,59,58,0,0,8,125.024,0.40
115.456,8,en_route_pickup,3.356,-3.984,0.000,-3.500,joint_grid_transaction,58,58,1,2,7,0.000,1.00
115.712,1,en_route_pickup,-0.919,-2.405,6.000,3.500,joint_grid_transaction,52,52,0,4,9,0.000,0.75
115.712,2,en_route_pickup,-0.980,3.361,-1.000,1.500,joint_grid_transaction,58,58,1,3,2,0.000,1.00
115.712,3,en_route_delivery,-3.451,2.004,0.000,-3.500,joint_grid_transaction,58,58,0,14,3,0.000,0.45
115.712,4,en_route_delivery,4.065,1.718,3.000,-1.500,joint_grid_transaction,58,58,1,5,4,0.000,1.00
115.712,5,en_route_pickup,-3.933,2.542,1.000,1.500,joint_grid_transaction,58,58,0,7,5,0.000,0.75
115.712,6,en_route_pickup,-0.249,-1.971,-1.000,-1.500,joint_grid_transaction,58,58,0,2,6,0.000,0.45
115.712,7,en_route_delivery,-4.455,0.155,-1.000,1.500,joint_grid_transaction,59,58,0,0,8,0.000,1.00
115.712,8,en_route_pickup,3.356,-3.984,0.000,-3.500,joint_grid_transaction,58,58,1,2,7,0.000,1.00
115.968,1,en_route_pickup,-0.919,-2.405,6.000,3.500,joint_grid_transaction,63,63,0,4,9,0.000,0.75
115.968,2,en_route_pickup,-0.933,3.350,-1.000,1.500,joint_grid_transaction,63,63,1,2,2,0.000,1.00
115.968,3,en_route_delivery,-3.451,2.004,0.000,-3.500,joint_grid_transaction,63,63,0,14,3,0.000,0.45
115.968,4,en_route_delivery,4.096,1.681,3.000,-1.500,joint_grid_transaction,58,58,1,5,4,0.000,1.00
115.968,5,en_route_pickup,-3.933,2.542,1.000,1.500,joint_grid_transaction,63,63,0,7,5,0.000,0.75
115.968,6,en_route_pickup,-0.249,-1.971,-1.000,-1.500,joint_grid_transaction,63,63,0,2,6,0.000,0.45
115.968,7,en_route_delivery,-4.441,0.190,-1.000,1.500,joint_grid_transaction,63,63,1,5,8,0.000,1.00
115.968,8,en_route_pickup,3.356,-3.985,0.000,-3.500,joint_grid_transaction,63,63,1,2,7,0.000,1.00
116.224,1,en_route_pickup,-0.919,-2.405,6.000,3.500,joint_grid_transaction,63,63,0,4,9,0.000,0.75
116.224,2,en_route_pickup,-0.887,3.341,-1.000,1.500,joint_grid_transaction,63,63,1,2,2,0.000,1.00
116.224,3,en_route_delivery,-3.451,2.004,0.000,-3.500,joint_grid_transaction,63,63,0,14,3,0.000,0.45
116.224,4,en_route_delivery,4.101,1.655,3.000,-1.500,joint_grid_transaction,58,58,2,5,4,0.000,1.00
116.224,5,en_route_pickup,-3.933,2.542,1.000,1.500,joint_grid_transaction,63,63,0,7,5,0.000,0.75
116.224,6,en_route_pickup,-0.249,-1.971,-1.000,-1.500,joint_grid_transaction,63,63,0,2,6,0.000,0.45
116.224,7,en_route_delivery,-4.421,0.233,-1.000,1.500,joint_grid_transaction,63,63,1,5,8,0.000,1.00
116.224,8,en_route_pickup,3.356,-3.985,0.000,-3.500,joint_grid_transaction,63,63,1,2,7,0.000,1.00
116.480,1,en_route_pickup,-0.919,-2.405,6.000,3.500,joint_grid_transaction,63,63,0,4,9,0.000,0.75
116.480,2,en_route_pickup,-0.840,3.332,-1.000,1.500,joint_grid_transaction,63,63,1,2,2,0.000,1.00
116.480,3,en_route_delivery,-3.451,2.004,0.000,-3.500,joint_grid_transaction,63,63,0,14,3,0.000,0.45
116.480,4,en_route_delivery,4.092,1.641,3.000,-1.500,joint_grid_transaction,58,58,2,5,4,0.000,1.00
116.480,5,en_route_pickup,-3.933,2.542,1.000,1.500,joint_grid_transaction,63,63,0,7,5,0.000,0.75
116.480,6,en_route_pickup,-0.249,-1.971,-1.000,-1.500,joint_grid_transaction,63,63,0,2,6,0.000,0.45
116.480,7,en_route_delivery,-4.399,0.275,-1.000,1.500,joint_grid_transaction,63,63,1,5,8,0.000,1.00
116.480,8,en_route_pickup,3.356,-3.985,0.000,-3.500,joint_grid_transaction,63,63,1,2,7,0.000,1.00
116.736,1,en_route_pickup,-0.919,-2.405,6.000,3.500,joint_grid_transaction,63,63,0,4,9,0.000,0.75
116.736,2,en_route_pickup,-0.793,3.323,-1.000,1.500,joint_grid_transaction,63,63,1,2,2,0.000,1.00
116.736,3,en_route_delivery,-3.451,2.004,0.000,-3.500,joint_grid_transaction,63,63,0,14,3,0.000,0.45
116.736,4,en_route_delivery,4.096,1.620,3.000,-1.500,joint_grid_transaction,58,58,2,5,4,0.000,1.00
116.736,5,en_route_pickup,-3.933,2.542,1.000,1.500,joint_grid_transaction,63,63,0,7,5,0.000,0.75
116.736,6,en_route_pickup,-0.249,-1.971,-1.000,-1.500,joint_grid_transaction,63,63,0,2,6,0.000,0.45
116.736,7,en_route_delivery,-4.375,0.316,-1.000,1.500,joint_grid_transaction,63,63,1,5,8,0.000,1.00
116.736,8,en_route_pickup,3.356,-3.985,0.000,-3.500,joint_grid_transaction,63,63,1,2,7,0.000,1.00
116.992,1,en_route_pickup,-0.919,-2.405,6.000,3.500,joint_grid_transaction,63,63,0,4,9,0.000,0.75
116.992,2,en_route_pickup,-0.746,3.314,-1.000,1.500,joint_grid_transaction,63,63,1,2,2,0.000,1.00
116.992,3,en_route_delivery,-3.451,2.004,0.000,-3.500,joint_grid_transaction,63,63,0,14,3,0.000,0.45
116.992,4,en_route_delivery,4.107,1.574,3.000,-1.500,joint_grid_transaction,58,58,2,5,4,0.000,1.00
116.992,5,en_route_pickup,-3.933,2.542,1.000,1.500,joint_grid_transaction,63,63,0,7,5,0.000,0.75
116.992,6,en_route_pickup,-0.249,-1.971,-1.000,-1.500,joint_grid_transaction,63,63,0,2,6,0.000,0.45
116.992,7,en_route_delivery,-4.379,0.330,-1.000,1.500,joint_grid_transaction,63,63,2,5,8,0.000,1.00
116.992,8,en_route_pickup,3.356,-3.985,0.000,-3.500,joint_grid_transaction,63,63,1,2,7,0.000,1.00
117.248,1,en_route_pickup,-0.919,-2.405,6.000,3.500,joint_grid_transaction,64,64,0,4,9,0.000,0.75
117.248,2,en_route_pickup,-0.700,3.305,-1.000,1.500,joint_grid_transaction,64,64,1,2,2,0.000,1.00
117.248,3,en_route_delivery,-3.451,2.004,0.000,-3.500,joint_grid_transaction,64,64,0,14,3,0.000,0.45
117.248,4,en_route_delivery,4.115,1.527,3.000,-1.500,joint_grid_transaction,64,64,1,5,4,0.000,1.00
117.248,5,en_route_pickup,-3.933,2.542,1.000,1.500,joint_grid_transaction,64,64,0,7,5,0.000,0.75
117.248,6,en_route_pickup,-0.249,-1.971,-1.000,-1.500,joint_grid_transaction,64,64,0,2,6,0.000,0.45
117.248,7,en_route_delivery,-4.371,0.355,-1.000,1.500,joint_grid_transaction,64,64,2,5,8,0.000,1.00
117.248,8,en_route_pickup,3.357,-3.986,0.000,-3.500,joint_grid_transaction,64,64,1,2,7,0.000,1.00
117.504,1,en_route_pickup,-0.919,-2.405,6.000,3.500,joint_grid_transaction,64,64,0,4,9,0.000,0.75
117.504,2,en_route_pickup,-0.654,3.294,-1.000,1.500,joint_grid_transaction,64,64,1,2,2,0.000,1.00
117.504,3,en_route_delivery,-3.451,2.004,0.000,-3.500,joint_grid_transaction,64,64,0,14,3,0.000,0.45
117.504,4,en_route_delivery,4.121,1.480,3.000,-1.500,joint_grid_transaction,64,64,1,5,4,0.000,1.00
117.504,5,en_route_pickup,-3.933,2.542,1.000,1.500,joint_grid_transaction,64,64,0,7,5,0.000,0.75
117.504,6,en_route_pickup,-0.249,-1.971,-1.000,-1.500,joint_grid_transaction,64,64,0,2,6,0.000,0.45
117.504,7,en_route_delivery,-4.358,0.401,-1.000,1.500,joint_grid_transaction,64,64,2,5,8,0.000,1.00
117.504,8,en_route_pickup,3.357,-3.986,0.000,-3.500,joint_grid_transaction,64,64,1,2,7,0.000,1.00
117.760,1,en_route_pickup,-0.919,-2.405,6.000,3.500,joint_grid_transaction,64,64,0,4,9,0.000,0.75
117.760,2,en_route_pickup,-0.608,3.281,-1.000,1.500,joint_grid_transaction,64,64,1,2,2,0.000,1.00
117.760,3,en_route_delivery,-3.451,2.004,0.000,-3.500,joint_grid_transaction,64,64,0,14,3,0.000,1.00
117.760,4,en_route_delivery,4.125,1.434,3.000,-1.500,joint_grid_transaction,64,64,1,5,4,0.000,1.00
117.760,5,en_route_pickup,-3.933,2.542,1.000,1.500,joint_grid_transaction,64,64,0,7,5,0.000,0.50
117.760,6,en_route_pickup,-0.249,-1.971,-1.000,-1.500,joint_grid_transaction,64,64,0,2,6,0.000,0.45
117.760,7,en_route_delivery,-4.358,0.410,-1.000,1.500,_priority_yield_resume,65,64,0,1,8,0.000,0.55
117.760,8,en_route_pickup,3.357,-3.986,0.000,-3.500,joint_grid_transaction,64,64,1,2,7,0.000,1.00
118.016,1,en_route_pickup,-0.919,-2.405,6.000,3.500,joint_grid_transaction,64,64,0,4,9,0.000,0.75
118.016,2,en_route_pickup,-0.563,3.266,-1.000,1.500,joint_grid_transaction,64,64,1,2,2,0.000,1.00
118.016,3,en_route_delivery,-3.451,2.004,0.000,-3.500,joint_grid_transaction,64,64,0,14,3,0.000,1.00
118.016,4,en_route_delivery,4.129,1.390,3.000,-1.500,joint_grid_transaction,64,64,1,5,4,0.000,1.00
118.016,5,en_route_pickup,-3.933,2.542,1.000,1.500,joint_grid_transaction,64,64,0,7,5,0.000,0.50
118.016,6,en_route_pickup,-0.249,-1.971,-1.000,-1.500,joint_grid_transaction,64,64,0,2,6,0.000,0.45
118.016,7,en_route_delivery,-4.358,0.411,-1.000,1.500,_priority_yield_resume,65,64,0,1,8,0.000,0.55
118.016,8,en_route_pickup,3.357,-3.986,0.000,-3.500,joint_grid_transaction,64,64,1,2,7,0.000,1.00
118.272,1,en_route_pickup,-0.919,-2.405,6.000,3.500,joint_grid_transaction,64,64,0,4,9,0.000,0.75
118.272,2,en_route_pickup,-0.517,3.251,-1.000,1.500,joint_grid_transaction,64,64,1,2,2,0.000,1.00
118.272,3,en_route_delivery,-3.451,2.004,0.000,-3.500,joint_grid_transaction,64,64,0,14,3,0.000,0.45
118.272,4,en_route_delivery,4.133,1.345,3.000,-1.500,joint_grid_transaction,64,64,1,5,4,0.000,1.00
118.272,5,en_route_pickup,-3.933,2.542,1.000,1.500,joint_grid_transaction,64,64,0,7,5,0.000,0.75
118.272,6,en_route_pickup,-0.249,-1.971,-1.000,-1.500,joint_grid_transaction,64,64,0,2,6,0.000,0.45
118.272,7,en_route_delivery,-4.358,0.409,-1.000,1.500,_priority_yield_resume,65,64,0,1,8,0.000,0.55
118.272,8,en_route_pickup,3.357,-3.986,0.000,-3.500,joint_grid_transaction,64,64,1,2,7,0.000,1.00
118.528,1,en_route_pickup,-0.919,-2.405,6.000,3.500,joint_grid_transaction,64,64,0,4,9,0.000,0.75
118.528,2,en_route_pickup,-0.472,3.236,-1.000,1.500,joint_grid_transaction,64,64,1,2,2,0.000,1.00
118.528,3,en_route_delivery,-3.451,2.004,0.000,-3.500,joint_grid_transaction,64,64,0,14,3,0.000,0.45
118.528,4,en_route_delivery,4.137,1.300,3.000,-1.500,joint_grid_transaction,64,64,1,5,4,0.000,1.00
118.528,5,en_route_pickup,-3.933,2.542,1.000,1.500,joint_grid_transaction,64,64,0,7,5,0.000,0.75
118.528,6,en_route_pickup,-0.249,-1.971,-1.000,-1.500,joint_grid_transaction,64,64,0,2,6,0.000,0.45
118.528,7,en_route_delivery,-4.359,0.405,-1.000,1.500,_priority_yield_resume,65,64,0,1,8,0.000,0.55
118.528,8,en_route_pickup,3.357,-3.986,0.000,-3.500,joint_grid_transaction,64,64,1,2,7,0.000,1.00
118.784,1,en_route_pickup,-0.919,-2.405,6.000,3.500,joint_grid_transaction,64,64,0,4,9,0.000,0.75
118.784,2,en_route_pickup,-0.427,3.220,-1.000,1.500,joint_grid_transaction,64,64,1,2,2,0.000,1.00
118.784,3,en_route_delivery,-3.451,2.004,0.000,-3.500,joint_grid_transaction,64,64,0,14,3,0.000,0.45
118.784,4,en_route_delivery,4.142,1.256,3.000,-1.500,joint_grid_transaction,64,64,1,5,4,0.000,1.00
118.784,5,en_route_pickup,-3.933,2.542,1.000,1.500,joint_grid_transaction,64,64,0,7,5,0.000,0.75
118.784,6,en_route_pickup,-0.249,-1.971,-1.000,-1.500,joint_grid_transaction,64,64,0,2,6,0.000,0.45
118.784,7,en_route_delivery,-4.361,0.399,-1.000,1.500,_priority_yield_resume,65,64,0,1,8,0.000,0.55
118.784,8,en_route_pickup,3.357,-3.986,0.000,-3.500,joint_grid_transaction,64,64,1,2,7,0.000,1.00
119.040,1,en_route_pickup,-0.919,-2.405,6.000,3.500,joint_grid_transaction,64,64,0,4,9,0.000,0.75
119.040,2,en_route_pickup,-0.382,3.204,-1.000,1.500,joint_grid_transaction,64,64,1,2,2,0.000,1.00
119.040,3,en_route_delivery,-3.451,2.004,0.000,-3.500,joint_grid_transaction,64,64,0,14,3,0.000,0.45
119.040,4,en_route_delivery,4.146,1.211,3.000,-1.500,joint_grid_transaction,64,64,1,5,4,0.000,1.00
119.040,5,en_route_pickup,-3.933,2.542,1.000,1.500,joint_grid_transaction,64,64,0,7,5,0.000,0.75
119.040,6,en_route_pickup,-0.249,-1.971,-1.000,-1.500,joint_grid_transaction,64,64,0,2,6,0.000,0.45
119.040,7,en_route_delivery,-4.363,0.394,-1.000,1.500,joint_grid_transaction,65,64,0,0,8,129.024,0.40
119.040,8,en_route_pickup,3.357,-3.986,0.000,-3.500,joint_grid_transaction,64,64,1,2,7,0.000,1.00
119.296,1,en_route_pickup,-0.919,-2.405,6.000,3.500,joint_grid_transaction,64,64,0,4,9,0.000,0.75
119.296,2,en_route_pickup,-0.337,3.187,-1.000,1.500,joint_grid_transaction,64,64,1,2,2,0.000,1.00
119.296,3,en_route_delivery,-3.451,2.004,0.000,-3.500,joint_grid_transaction,64,64,0,14,3,0.000,0.45
119.296,4,en_route_delivery,4.150,1.167,3.000,-1.500,joint_grid_transaction,64,64,1,5,4,0.000,1.00
119.296,5,en_route_pickup,-3.933,2.542,1.000,1.500,joint_grid_transaction,64,64,0,7,5,0.000,0.75
119.296,6,en_route_pickup,-0.249,-1.971,-1.000,-1.500,joint_grid_transaction,64,64,0,2,6,0.000,0.45
119.296,7,en_route_delivery,-4.363,0.394,-1.000,1.500,joint_grid_transaction,65,64,0,0,8,129.024,0.40
119.296,8,en_route_pickup,3.357,-3.986,0.000,-3.500,joint_grid_transaction,64,64,1,2,7,0.000,1.00
119.552,1,en_route_pickup,-0.919,-2.405,6.000,3.500,joint_grid_transaction,64,64,0,4,9,0.000,0.75
119.552,2,en_route_pickup,-0.292,3.171,-1.000,1.500,joint_grid_transaction,64,64,1,2,2,0.000,1.00
119.552,3,en_route_delivery,-3.451,2.004,0.000,-3.500,joint_grid_transaction,64,64,0,14,3,0.000,0.45
119.552,4,en_route_delivery,4.154,1.123,3.000,-1.500,joint_grid_transaction,64,64,1,5,4,0.000,1.00
119.552,5,en_route_pickup,-3.933,2.542,1.000,1.500,joint_grid_transaction,64,64,0,7,5,0.000,0.75
119.552,6,en_route_pickup,-0.249,-1.971,-1.000,-1.500,joint_grid_transaction,64,64,0,2,6,0.000,0.45
119.552,7,en_route_delivery,-4.363,0.394,-1.000,1.500,joint_grid_transaction,65,64,0,0,8,0.000,0.40
119.552,8,en_route_pickup,3.357,-3.986,0.000,-3.500,joint_grid_transaction,64,64,1,2,7,0.000,1.00
119.808,1,en_route_pickup,-0.919,-2.405,6.000,3.500,joint_grid_transaction,69,64,0,5,9,0.000,0.75
119.808,2,en_route_pickup,-0.255,3.160,-1.000,1.500,joint_grid_transaction,69,64,1,2,2,0.000,1.00
119.808,3,en_route_delivery,-3.451,2.004,0.000,-3.500,joint_grid_transaction,69,64,0,12,3,0.000,0.45
119.808,4,en_route_delivery,4.158,1.078,3.000,-1.500,joint_grid_transaction,69,64,1,4,4,0.000,1.00
119.808,5,en_route_pickup,-3.933,2.542,1.000,1.500,joint_grid_transaction,69,64,0,7,5,0.000,0.75
119.808,6,en_route_pickup,-0.249,-1.971,-1.000,-1.500,joint_grid_transaction,69,64,0,2,6,0.000,0.45
119.808,7,en_route_delivery,-4.361,0.397,-1.000,1.500,joint_grid_transaction,69,64,0,4,8,0.000,1.00
119.808,8,en_route_pickup,3.358,-3.986,0.000,-3.500,joint_grid_transaction,69,64,1,2,7,0.000,1.00
120.064,1,en_route_pickup,-0.919,-2.405,6.000,3.500,joint_grid_transaction,69,69,0,5,9,0.000,0.75
120.064,2,en_route_pickup,-0.242,3.160,-1.000,1.500,joint_grid_transaction,69,69,1,2,2,0.000,1.00
120.064,3,en_route_delivery,-3.451,2.004,0.000,-3.500,joint_grid_transaction,69,69,0,12,3,0.000,0.45
120.064,4,en_route_delivery,4.164,1.032,3.000,-1.500,joint_grid_transaction,69,69,1,4,4,0.000,1.00
120.064,5,en_route_pickup,-3.933,2.542,1.000,1.500,joint_grid_transaction,69,69,0,7,5,0.000,0.75
120.064,6,en_route_pickup,-0.249,-1.971,-1.000,-1.500,joint_grid_transaction,69,69,0,2,6,0.000,0.45
120.064,7,en_route_delivery,-4.357,0.406,-1.000,1.500,joint_grid_transaction,69,69,1,4,8,0.000,1.00
120.064,8,en_route_pickup,3.358,-3.986,0.000,-3.500,joint_grid_transaction,69,69,1,2,7,0.000,1.00
120.320,1,en_route_pickup,-0.919,-2.405,6.000,3.500,joint_grid_transaction,69,69,0,5,9,0.000,0.75
120.320,2,en_route_pickup,-0.205,3.154,-1.000,1.500,joint_grid_transaction,69,69,1,2,2,0.000,1.00
120.320,3,en_route_delivery,-3.451,2.004,0.000,-3.500,joint_grid_transaction,69,69,0,12,3,0.000,0.45
120.320,4,en_route_delivery,4.170,0.985,3.000,-1.500,joint_grid_transaction,69,69,1,4,4,0.000,1.00
120.320,5,en_route_pickup,-3.933,2.542,1.000,1.500,joint_grid_transaction,69,69,0,7,5,0.000,0.75
120.320,6,en_route_pickup,-0.249,-1.971,-1.000,-1.500,joint_grid_transaction,69,69,0,2,6,0.000,0.45
120.320,7,en_route_delivery,-4.365,0.443,-1.000,1.500,joint_grid_transaction,69,69,1,4,8,0.000,1.00
120.320,8,en_route_pickup,3.358,-3.986,0.000,-3.500,joint_grid_transaction,69,69,1,2,7,0.000,1.00
120.576,1,en_route_pickup,-0.919,-2.405,6.000,3.500,joint_grid_transaction,69,69,0,5,9,0.000,0.75
120.576,2,en_route_pickup,-0.163,3.151,-1.000,1.500,joint_grid_transaction,69,69,1,2,2,0.000,1.00
120.576,3,en_route_delivery,-3.451,2.004,0.000,-3.500,joint_grid_transaction,69,69,0,12,3,0.000,0.45
120.576,4,en_route_delivery,4.178,0.938,3.000,-1.500,joint_grid_transaction,69,69,1,4,4,0.000,1.00
120.576,5,en_route_pickup,-3.933,2.542,1.000,1.500,joint_grid_transaction,69,69,0,7,5,0.000,0.75
120.576,6,en_route_pickup,-0.249,-1.971,-1.000,-1.500,joint_grid_transaction,69,69,0,2,6,0.000,0.45
120.576,7,en_route_delivery,-4.370,0.490,-1.000,1.500,joint_grid_transaction,69,69,1,4,8,0.000,1.00
120.576,8,en_route_pickup,3.358,-3.986,0.000,-3.500,joint_grid_transaction,69,69,1,2,7,0.000,1.00
120.832,1,en_route_pickup,-0.919,-2.405,6.000,3.500,joint_grid_transaction,69,69,0,5,9,0.000,0.75
120.832,2,en_route_pickup,-0.129,3.149,-1.000,1.500,joint_grid_transaction,69,69,1,2,2,0.000,1.00
120.832,3,en_route_delivery,-3.451,2.004,0.000,-3.500,joint_grid_transaction,69,69,0,12,3,0.000,0.45
120.832,4,en_route_delivery,4.186,0.890,3.000,-1.500,joint_grid_transaction,69,69,1,4,4,0.000,1.00
120.832,5,en_route_pickup,-3.933,2.542,1.000,1.500,joint_grid_transaction,69,69,0,7,5,0.000,0.75
120.832,6,en_route_pickup,-0.249,-1.971,-1.000,-1.500,joint_grid_transaction,69,69,0,2,6,0.000,0.45
120.832,7,en_route_delivery,-4.372,0.530,-1.000,1.500,joint_grid_transaction,69,69,1,4,8,0.000,1.00
120.832,8,en_route_pickup,3.358,-3.986,0.000,-3.500,joint_grid_transaction,69,69,1,2,7,0.000,1.00
121.088,1,en_route_pickup,-0.919,-2.405,6.000,3.500,joint_grid_transaction,69,69,0,5,9,0.000,0.75
121.088,2,en_route_pickup,-0.095,3.147,-1.000,1.500,joint_grid_transaction,69,69,1,2,2,0.000,1.00
121.088,3,en_route_delivery,-3.451,2.004,0.000,-3.500,joint_grid_transaction,69,69,0,12,3,0.000,0.45
121.088,4,en_route_delivery,4.195,0.843,3.000,-1.500,joint_grid_transaction,69,69,1,4,4,0.000,1.00
121.088,5,en_route_pickup,-3.933,2.542,1.000,1.500,joint_grid_transaction,69,69,0,7,5,0.000,0.75
121.088,6,en_route_pickup,-0.249,-1.971,-1.000,-1.500,joint_grid_transaction,69,69,0,2,6,0.000,0.45
121.088,7,en_route_delivery,-4.374,0.567,-1.000,1.500,joint_grid_transaction,69,69,1,4,8,0.000,1.00
121.088,8,en_route_pickup,3.358,-3.986,0.000,-3.500,joint_grid_transaction,69,69,1,2,7,0.000,1.00
121.344,1,en_route_pickup,-0.919,-2.405,6.000,3.500,joint_grid_transaction,70,70,0,5,9,0.000,0.75
121.344,2,en_route_pickup,-0.062,3.145,-1.000,1.500,joint_grid_transaction,70,70,1,2,2,0.000,1.00
121.344,3,en_route_delivery,-3.451,2.004,0.000,-3.500,joint_grid_transaction,70,70,0,12,3,0.000,0.45
121.344,4,en_route_delivery,4.204,0.796,3.000,-1.500,joint_grid_transaction,70,70,1,4,4,0.000,1.00
121.344,5,en_route_pickup,-3.933,2.542,1.000,1.500,joint_grid_transaction,70,70,0,4,5,0.000,0.75
121.344,6,en_route_pickup,-0.249,-1.971,-1.000,-1.500,joint_grid_transaction,70,70,0,2,6,0.000,0.45
121.344,7,en_route_delivery,-4.376,0.604,-1.000,1.500,joint_grid_transaction,70,70,1,4,8,0.000,1.00
121.344,8,en_route_pickup,3.359,-3.987,0.000,-3.500,joint_grid_transaction,70,70,1,2,7,0.000,1.00
121.600,1,en_route_pickup,-0.919,-2.405,6.000,3.500,joint_grid_transaction,70,70,0,5,9,0.000,0.75
121.600,2,en_route_pickup,-0.030,3.143,-1.000,1.500,joint_grid_transaction,70,70,1,2,2,0.000,1.00
121.600,3,en_route_delivery,-3.451,2.004,0.000,-3.500,joint_grid_transaction,70,70,0,12,3,0.000,1.00
121.600,4,en_route_delivery,4.213,0.749,3.000,-1.500,joint_grid_transaction,70,70,1,4,4,0.000,1.00
121.600,5,en_route_pickup,-3.933,2.542,1.000,1.500,joint_grid_transaction,70,70,0,4,5,0.000,0.50
121.600,6,en_route_pickup,-0.249,-1.971,-1.000,-1.500,joint_grid_transaction,70,70,0,2,6,0.000,0.45
121.600,7,en_route_delivery,-4.378,0.632,-1.000,1.500,_priority_yield_resume,71,70,1,1,8,0.000,0.55
121.600,8,en_route_pickup,3.359,-3.987,0.000,-3.500,joint_grid_transaction,70,70,1,2,7,0.000,1.00
121.856,1,en_route_pickup,-0.919,-2.405,6.000,3.500,joint_grid_transaction,70,70,0,5,9,0.000,0.75
121.856,2,en_route_pickup,0.002,3.141,-1.000,1.500,joint_grid_transaction,70,70,1,2,2,0.000,1.00
121.856,3,en_route_delivery,-3.451,2.004,0.000,-3.500,joint_grid_transaction,70,70,0,12,3,0.000,1.00
121.856,4,en_route_delivery,4.222,0.702,3.000,-1.500,joint_grid_transaction,70,70,1,4,4,0.000,1.00
121.856,5,en_route_pickup,-3.933,2.542,1.000,1.500,joint_grid_transaction,70,70,0,4,5,0.000,0.50
121.856,6,en_route_pickup,-0.249,-1.971,-1.000,-1.500,joint_grid_transaction,70,70,0,2,6,0.000,0.45
121.856,7,en_route_delivery,-4.378,0.629,-1.000,1.500,_priority_yield_resume,71,70,0,1,8,0.000,0.55
121.856,8,en_route_pickup,3.359,-3.987,0.000,-3.500,joint_grid_transaction,70,70,1,2,7,0.000,1.00
122.112,1,en_route_pickup,-0.919,-2.405,6.000,3.500,joint_grid_transaction,70,70,0,5,9,0.000,0.75
122.112,2,en_route_pickup,0.033,3.139,-1.000,1.500,joint_grid_transaction,70,70,1,2,2,0.000,1.00
122.112,3,en_route_delivery,-3.451,2.004,0.000,-3.500,joint_grid_transaction,70,70,0,12,3,0.000,0.45
122.112,4,en_route_delivery,4.231,0.655,3.000,-1.500,joint_grid_transaction,70,70,1,4,4,0.000,1.00
122.112,5,en_route_pickup,-3.933,2.542,1.000,1.500,joint_grid_transaction,70,70,0,4,5,0.000,0.75
122.112,6,en_route_pickup,-0.249,-1.971,-1.000,-1.500,joint_grid_transaction,70,70,0,2,6,0.000,0.45
122.112,7,en_route_delivery,-4.379,0.625,-1.000,1.500,_priority_yield_resume,71,70,0,1,8,0.000,0.55
122.112,8,en_route_pickup,3.359,-3.987,0.000,-3.500,joint_grid_transaction,70,70,1,2,7,0.000,1.00
122.368,1,en_route_pickup,-0.919,-2.405,6.000,3.500,joint_grid_transaction,70,70,0,5,9,0.000,0.75
122.368,2,en_route_pickup,0.063,3.138,-1.000,1.500,joint_grid_transaction,70,70,1,2,2,0.000,1.00
122.368,3,en_route_delivery,-3.451,2.004,0.000,-3.500,joint_grid_transaction,70,70,0,12,3,0.000,0.45
122.368,4,en_route_delivery,4.240,0.608,3.000,-1.500,joint_grid_transaction,70,70,1,4,4,0.000,1.00
122.368,5,en_route_pickup,-3.933,2.542,1.000,1.500,joint_grid_transaction,70,70,0,4,5,0.000,0.75
122.368,6,en_route_pickup,-0.249,-1.971,-1.000,-1.500,joint_grid_transaction,70,70,0,2,6,0.000,0.45
122.368,7,en_route_delivery,-4.381,0.620,-1.000,1.500,_priority_yield_resume,71,70,0,1,8,0.000,0.55
122.368,8,en_route_pickup,3.359,-3.987,0.000,-3.500,joint_grid_transaction,70,70,1,2,7,0.000,1.00
122.624,1,en_route_pickup,-0.919,-2.405,6.000,3.500,joint_grid_transaction,70,70,0,5,9,0.000,0.75
122.624,2,en_route_pickup,0.092,3.136,-1.000,1.500,joint_grid_transaction,70,70,1,2,2,0.000,1.00
122.624,3,en_route_delivery,-3.451,2.004,0.000,-3.500,joint_grid_transaction,70,70,0,12,3,0.000,0.45
122.624,4,en_route_delivery,4.249,0.561,3.000,-1.500,joint_grid_transaction,70,70,1,4,4,0.000,1.00
122.624,5,en_route_pickup,-3.933,2.542,1.000,1.500,joint_grid_transaction,70,70,0,4,5,0.000,0.75
122.624,6,en_route_pickup,-0.249,-1.971,-1.000,-1.500,joint_grid_transaction,70,70,0,2,6,0.000,0.45
122.624,7,en_route_delivery,-4.383,0.615,-1.000,1.500,_priority_yield_resume,71,70,0,1,8,0.000,0.55
122.624,8,en_route_pickup,3.359,-3.987,0.000,-3.500,joint_grid_transaction,70,70,1,2,7,0.000,1.00
122.880,1,en_route_pickup,-0.919,-2.405,6.000,3.500,joint_grid_transaction,70,70,0,5,9,0.000,0.75
122.880,2,en_route_pickup,0.121,3.134,-1.000,1.500,joint_grid_transaction,70,70,1,2,2,0.000,1.00
122.880,3,en_route_delivery,-3.451,2.004,0.000,-3.500,joint_grid_transaction,70,70,0,12,3,0.000,0.45
122.880,4,en_route_delivery,4.258,0.514,3.000,-1.500,joint_grid_transaction,70,70,1,4,4,0.000,1.00
122.880,5,en_route_pickup,-3.933,2.542,1.000,1.500,joint_grid_transaction,70,70,0,4,5,0.000,0.75
122.880,6,en_route_pickup,-0.249,-1.971,-1.000,-1.500,joint_grid_transaction,70,70,0,2,6,0.000,0.45
122.880,7,en_route_delivery,-4.386,0.611,-1.000,1.500,_priority_yield_resume,71,70,0,1,8,0.000,0.55
122.880,8,en_route_pickup,3.359,-3.987,0.000,-3.500,joint_grid_transaction,70,70,1,2,7,0.000,1.00
123.136,1,en_route_pickup,-0.919,-2.405,6.000,3.500,joint_grid_transaction,70,70,0,5,9,0.000,0.75
123.136,2,en_route_pickup,0.149,3.132,-1.000,1.500,joint_grid_transaction,70,70,1,2,2,0.000,1.00
123.136,3,en_route_delivery,-3.451,2.004,0.000,-3.500,joint_grid_transaction,70,70,0,12,3,0.000,0.45
123.136,4,en_route_delivery,4.268,0.468,3.000,-1.500,joint_grid_transaction,70,70,1,4,4,0.000,1.00
123.136,5,en_route_pickup,-3.933,2.542,1.000,1.500,joint_grid_transaction,70,70,0,4,5,0.000,0.75
123.136,6,en_route_pickup,-0.249,-1.971,-1.000,-1.500,joint_grid_transaction,70,70,0,2,6,0.000,0.45
123.136,7,en_route_delivery,-4.387,0.608,-1.000,1.500,joint_grid_transaction,71,70,0,0,8,133.024,0.40
123.136,8,en_route_pickup,3.359,-3.987,0.000,-3.500,joint_grid_transaction,70,70,1,2,7,0.000,1.00
123.392,1,en_route_pickup,-0.919,-2.405,6.000,3.500,joint_grid_transaction,70,70,0,5,9,0.000,0.75
123.392,2,en_route_pickup,0.176,3.131,-1.000,1.500,joint_grid_transaction,70,70,1,2,2,0.000,1.00
123.392,3,en_route_delivery,-3.451,2.004,0.000,-3.500,joint_grid_transaction,70,70,0,12,3,0.000,0.45
123.392,4,en_route_delivery,4.277,0.421,3.000,-1.500,joint_grid_transaction,70,70,1,4,4,0.000,1.00
123.392,5,en_route_pickup,-3.933,2.542,1.000,1.500,joint_grid_transaction,70,70,0,4,5,0.000,0.75
123.392,6,en_route_pickup,-0.249,-1.971,-1.000,-1.500,joint_grid_transaction,70,70,0,2,6,0.000,0.45
123.392,7,en_route_delivery,-4.387,0.608,-1.000,1.500,joint_grid_transaction,71,70,0,0,8,133.024,0.40
123.392,8,en_route_pickup,3.359,-3.987,0.000,-3.500,joint_grid_transaction,70,70,1,2,7,0.000,1.00
123.648,1,en_route_pickup,-0.919,-2.405,6.000,3.500,joint_grid_transaction,70,70,0,5,9,0.000,0.75
123.648,2,en_route_pickup,0.200,3.129,-1.000,1.500,joint_grid_transaction,70,70,1,2,2,0.000,1.00
123.648,3,en_route_delivery,-3.451,2.004,0.000,-3.500,joint_grid_transaction,70,70,0,12,3,0.000,0.45
123.648,4,en_route_delivery,4.286,0.374,3.000,-1.500,joint_grid_transaction,70,70,1,4,4,0.000,1.00
123.648,5,en_route_pickup,-3.933,2.542,1.000,1.500,joint_grid_transaction,70,70,0,4,5,0.000,0.75
123.648,6,en_route_pickup,-0.249,-1.971,-1.000,-1.500,joint_grid_transaction,70,70,0,2,6,0.000,0.45
123.648,7,en_route_delivery,-4.387,0.608,-1.000,1.500,joint_grid_transaction,71,70,0,0,8,0.000,0.40
123.648,8,en_route_pickup,3.359,-3.987,0.000,-3.500,joint_grid_transaction,70,70,1,2,7,0.000,1.00
123.904,1,en_route_pickup,-0.919,-2.405,6.000,3.500,joint_grid_transaction,75,75,0,5,9,0.000,0.75
123.904,2,en_route_pickup,0.223,3.128,-1.000,1.500,joint_grid_transaction,75,75,1,2,2,0.000,1.00
123.904,3,en_route_delivery,-3.451,2.004,0.000,-3.500,joint_grid_transaction,75,75,0,14,3,0.000,0.45
123.904,4,en_route_delivery,4.295,0.327,3.000,-1.500,joint_grid_transaction,75,75,1,4,4,0.000,1.00
123.904,5,en_route_pickup,-3.933,2.542,1.000,1.500,joint_grid_transaction,75,75,0,4,5,0.000,0.75
123.904,6,en_route_pickup,-0.249,-1.971,-1.000,-1.500,joint_grid_transaction,75,75,0,2,6,0.000,0.45
123.904,7,en_route_delivery,-4.380,0.619,-1.000,1.500,joint_grid_transaction,75,75,2,5,8,0.000,1.00
123.904,8,en_route_pickup,3.360,-3.988,0.000,-3.500,joint_grid_transaction,75,75,1,2,7,0.000,1.00
124.160,1,en_route_pickup,-0.919,-2.405,6.000,3.500,joint_grid_transaction,75,75,0,5,9,0.000,0.75
124.160,2,en_route_pickup,0.246,3.127,-1.000,1.500,joint_grid_transaction,75,75,1,2,2,0.000,1.00
124.160,3,en_route_delivery,-3.451,2.004,0.000,-3.500,joint_grid_transaction,75,75,0,14,3,0.000,0.45
124.160,4,en_route_delivery,4.304,0.280,3.000,-1.500,joint_grid_transaction,75,75,1,4,4,0.000,1.00
124.160,5,en_route_pickup,-3.933,2.542,1.000,1.500,joint_grid_transaction,75,75,0,4,5,0.000,0.75
124.160,6,en_route_pickup,-0.249,-1.971,-1.000,-1.500,joint_grid_transaction,75,75,0,2,6,0.000,0.45
124.160,7,en_route_delivery,-4.376,0.629,-1.000,1.500,joint_grid_transaction,75,75,2,5,8,0.000,1.00
124.160,8,en_route_pickup,3.360,-3.988,0.000,-3.500,joint_grid_transaction,75,75,1,2,7,0.000,1.00
124.416,1,en_route_pickup,-0.919,-2.405,6.000,3.500,joint_grid_transaction,75,75,0,5,9,0.000,0.75
124.416,2,en_route_pickup,0.269,3.127,-1.000,1.500,joint_grid_transaction,75,75,1,2,2,0.000,1.00
124.416,3,en_route_delivery,-3.451,2.004,0.000,-3.500,joint_grid_transaction,75,75,0,14,3,0.000,0.45
124.416,4,en_route_delivery,4.314,0.233,3.000,-1.500,joint_grid_transaction,75,75,1,4,4,0.000,1.00
124.416,5,en_route_pickup,-3.933,2.542,1.000,1.500,joint_grid_transaction,75,75,0,4,5,0.000,0.75
124.416,6,en_route_pickup,-0.249,-1.971,-1.000,-1.500,joint_grid_transaction,75,75,0,2,6,0.000,0.45
124.416,7,en_route_delivery,-4.381,0.658,-1.000,1.500,joint_grid_transaction,75,75,2,5,8,0.000,1.00
124.416,8,en_route_pickup,3.360,-3.988,0.000,-3.500,joint_grid_transaction,75,75,1,2,7,0.000,1.00
124.672,1,en_route_pickup,-0.919,-2.405,6.000,3.500,joint_grid_transaction,75,75,0,5,9,0.000,0.75
124.672,2,en_route_pickup,0.293,3.126,-1.000,1.500,joint_grid_transaction,75,75,1,2,2,0.000,1.00
124.672,3,en_route_delivery,-3.451,2.004,0.000,-3.500,joint_grid_transaction,75,75,0,14,3,0.000,0.45
124.672,4,en_route_delivery,4.323,0.186,3.000,-1.500,joint_grid_transaction,75,75,1,4,4,0.000,1.00
124.672,5,en_route_pickup,-3.933,2.542,1.000,1.500,joint_grid_transaction,75,75,0,4,5,0.000,0.75
124.672,6,en_route_pickup,-0.249,-1.971,-1.000,-1.500,joint_grid_transaction,75,75,0,2,6,0.000,0.45
124.672,7,en_route_delivery,-4.386,0.703,-1.000,1.500,joint_grid_transaction,75,75,2,5,8,0.000,1.00
124.672,8,en_route_pickup,3.360,-3.988,0.000,-3.500,joint_grid_transaction,75,75,1,2,7,0.000,1.00
124.928,1,en_route_pickup,-0.919,-2.405,6.000,3.500,joint_grid_transaction,75,75,0,5,9,0.000,0.75
124.928,2,en_route_pickup,0.317,3.127,-1.000,1.500,joint_grid_transaction,75,75,1,2,2,0.000,1.00
124.928,3,en_route_delivery,-3.451,2.004,0.000,-3.500,joint_grid_transaction,75,75,0,14,3,0.000,0.45
124.928,4,en_route_delivery,4.332,0.139,3.000,-1.500,joint_grid_transaction,75,75,1,4,4,0.000,1.00
124.928,5,en_route_pickup,-3.933,2.542,1.000,1.500,joint_grid_transaction,75,75,0,4,5,0.000,0.75
124.928,6,en_route_pickup,-0.249,-1.971,-1.000,-1.500,joint_grid_transaction,75,75,0,2,6,0.000,0.45
124.928,7,en_route_delivery,-4.388,0.742,-1.000,1.500,joint_grid_transaction,75,75,2,5,8,0.000,1.00
124.928,8,en_route_pickup,3.360,-3.988,0.000,-3.500,joint_grid_transaction,75,75,1,2,7,0.000,1.00
125.184,1,en_route_pickup,-0.919,-2.405,6.000,3.500,joint_grid_transaction,76,76,0,6,9,0.000,0.75
125.184,2,en_route_pickup,0.343,3.127,-1.000,1.500,joint_grid_transaction,76,76,1,2,2,0.000,1.00
125.184,3,en_route_delivery,-3.451,2.004,0.000,-3.500,joint_grid_transaction,76,76,0,14,3,0.000,0.45
125.184,4,en_route_delivery,4.341,0.092,3.000,-1.500,joint_grid_transaction,76,76,1,4,4,0.000,1.00
125.184,5,en_route_pickup,-3.933,2.542,1.000,1.500,joint_grid_transaction,76,76,0,4,5,0.000,0.75
125.184,6,en_route_pickup,-0.249,-1.971,-1.000,-1.500,joint_grid_transaction,76,76,0,2,6,0.000,0.45
125.184,7,en_route_delivery,-4.389,0.768,-1.000,1.500,joint_grid_transaction,76,76,1,5,8,0.000,1.00
125.184,8,en_route_pickup,3.360,-3.989,0.000,-3.500,joint_grid_transaction,76,76,1,2,7,0.000,1.00
125.440,1,en_route_pickup,-0.919,-2.405,6.000,3.500,joint_grid_transaction,76,76,0,6,9,0.000,0.75
125.440,2,en_route_pickup,0.369,3.129,-1.000,1.500,joint_grid_transaction,76,76,1,2,2,0.000,1.00
125.440,3,en_route_delivery,-3.451,2.004,0.000,-3.500,joint_grid_transaction,76,76,0,14,3,0.000,0.45
125.440,4,en_route_delivery,4.350,0.045,3.000,-1.500,joint_grid_transaction,76,76,1,4,4,0.000,1.00
125.440,5,en_route_pickup,-3.933,2.542,1.000,1.500,joint_grid_transaction,76,76,0,4,5,0.000,0.75
125.440,6,en_route_pickup,-0.249,-1.971,-1.000,-1.500,joint_grid_transaction,76,76,0,2,6,0.000,0.45
125.440,7,en_route_delivery,-4.388,0.764,-1.000,1.500,joint_grid_transaction,76,76,1,5,8,0.000,1.00
125.440,8,en_route_pickup,3.360,-3.989,0.000,-3.500,joint_grid_transaction,76,76,1,2,7,0.000,1.00
125.696,1,en_route_pickup,-0.919,-2.405,6.000,3.500,joint_grid_transaction,76,76,0,6,9,0.000,0.75
125.696,2,en_route_pickup,0.398,3.132,-1.000,1.500,joint_grid_transaction,76,76,1,2,2,0.000,1.00
125.696,3,en_route_delivery,-3.451,2.004,0.000,-3.500,joint_grid_transaction,76,76,0,14,3,0.000,1.00
125.696,4,en_route_delivery,4.359,-0.002,3.000,-1.500,joint_grid_transaction,76,76,1,4,4,0.000,1.00
125.696,5,en_route_pickup,-3.933,2.542,1.000,1.500,joint_grid_transaction,76,76,0,4,5,0.000,0.50
125.696,6,en_route_pickup,-0.249,-1.971,-1.000,-1.500,joint_grid_transaction,76,76,0,2,6,0.000,0.45
125.696,7,en_route_delivery,-4.385,0.778,-1.000,1.500,_priority_yield_resume,77,76,0,1,8,0.000,0.55
125.696,8,en_route_pickup,3.360,-3.989,0.000,-3.500,joint_grid_transaction,76,76,1,2,7,0.000,1.00
125.952,1,en_route_pickup,-0.919,-2.405,6.000,3.500,joint_grid_transaction,76,76,0,6,9,0.000,0.75
125.952,2,en_route_pickup,0.428,3.136,-1.000,1.500,joint_grid_transaction,76,76,1,2,2,0.000,1.00
125.952,3,en_route_delivery,-3.451,2.004,0.000,-3.500,joint_grid_transaction,76,76,0,14,3,0.000,1.00
125.952,4,en_route_delivery,4.369,-0.049,3.000,-1.500,joint_grid_transaction,76,76,1,4,4,0.000,1.00
125.952,5,en_route_pickup,-3.933,2.542,1.000,1.500,joint_grid_transaction,76,76,0,4,5,0.000,0.50
125.952,6,en_route_pickup,-0.249,-1.971,-1.000,-1.500,joint_grid_transaction,76,76,0,2,6,0.000,0.45
125.952,7,en_route_delivery,-4.385,0.781,-1.000,1.500,_priority_yield_resume,77,76,0,1,8,0.000,0.55
125.952,8,en_route_pickup,3.360,-3.989,0.000,-3.500,joint_grid_transaction,76,76,1,2,7,0.000,1.00
126.208,1,en_route_pickup,-0.919,-2.405,6.000,3.500,joint_grid_transaction,76,76,0,6,9,0.000,0.75
126.208,2,en_route_pickup,0.459,3.142,-1.000,1.500,joint_grid_transaction,76,76,1,2,2,0.000,1.00
126.208,3,en_route_delivery,-3.451,2.004,0.000,-3.500,joint_grid_transaction,76,76,0,14,3,0.000,0.45
126.208,4,en_route_delivery,4.378,-0.096,3.000,-1.500,joint_grid_transaction,76,76,1,4,4,0.000,1.00
126.208,5,en_route_pickup,-3.933,2.542,1.000,1.500,joint_grid_transaction,76,76,0,4,5,0.000,0.75
126.208,6,en_route_pickup,-0.249,-1.971,-1.000,-1.500,joint_grid_transaction,76,76,0,2,6,0.000,0.45
126.208,7,en_route_delivery,-4.385,0.781,-1.000,1.500,_priority_yield_resume,77,76,0,1,8,0.000,0.55
126.208,8,en_route_pickup,3.360,-3.989,0.000,-3.500,joint_grid_transaction,76,76,1,2,7,0.000,1.00
126.464,1,en_route_pickup,-0.919,-2.405,6.000,3.500,joint_grid_transaction,76,76,0,6,9,0.000,0.75
126.464,2,en_route_pickup,0.494,3.150,-1.000,1.500,joint_grid_transaction,76,76,1,2,2,0.000,1.00
126.464,3,en_route_delivery,-3.451,2.004,0.000,-3.500,joint_grid_transaction,76,76,0,14,3,0.000,0.45
126.464,4,en_route_delivery,4.387,-0.143,3.000,-1.500,joint_grid_transaction,76,76,1,4,4,0.000,1.00
126.464,5,en_route_pickup,-3.933,2.542,1.000,1.500,joint_grid_transaction,76,76,0,4,5,0.000,0.75
126.464,6,en_route_pickup,-0.249,-1.971,-1.000,-1.500,joint_grid_transaction,76,76,0,2,6,0.000,0.45
126.464,7,en_route_delivery,-4.386,0.778,-1.000,1.500,_priority_yield_resume,77,76,0,1,8,0.000,0.55
126.464,8,en_route_pickup,3.360,-3.989,0.000,-3.500,joint_grid_transaction,76,76,1,2,7,0.000,1.00
126.720,1,en_route_pickup,-0.919,-2.405,6.000,3.500,joint_grid_transaction,76,76,0,6,9,0.000,0.75
126.720,2,en_route_pickup,0.533,3.160,-1.000,1.500,joint_grid_transaction,76,76,1,2,2,0.000,1.00
126.720,3,en_route_delivery,-3.451,2.004,0.000,-3.500,joint_grid_transaction,76,76,0,14,3,0.000,0.45
126.720,4,en_route_delivery,4.396,-0.190,3.000,-1.500,joint_grid_transaction,76,76,1,4,4,0.000,1.00
126.720,5,en_route_pickup,-3.933,2.542,1.000,1.500,joint_grid_transaction,76,76,0,4,5,0.000,0.75
126.720,6,en_route_pickup,-0.249,-1.971,-1.000,-1.500,joint_grid_transaction,76,76,0,2,6,0.000,0.45
126.720,7,en_route_delivery,-4.387,0.774,-1.000,1.500,_priority_yield_resume,77,76,0,1,8,0.000,0.55
126.720,8,en_route_pickup,3.360,-3.989,0.000,-3.500,joint_grid_transaction,76,76,1,2,7,0.000,1.00
126.976,1,en_route_pickup,-0.919,-2.405,6.000,3.500,joint_grid_transaction,76,76,0,6,9,0.000,0.75
126.976,2,en_route_pickup,0.571,3.171,-1.000,1.500,joint_grid_transaction,76,76,1,2,2,0.000,1.00
126.976,3,en_route_delivery,-3.451,2.004,0.000,-3.500,joint_grid_transaction,76,76,0,14,3,0.000,0.45
126.976,4,en_route_delivery,4.405,-0.237,3.000,-1.500,joint_grid_transaction,76,76,1,4,4,0.000,1.00
126.976,5,en_route_pickup,-3.933,2.542,1.000,1.500,joint_grid_transaction,76,76,0,4,5,0.000,0.75
126.976,6,en_route_pickup,-0.249,-1.971,-1.000,-1.500,joint_grid_transaction,76,76,0,2,6,0.000,0.45
126.976,7,en_route_delivery,-4.388,0.770,-1.000,1.500,_priority_yield_resume,77,76,0,1,8,0.000,0.55
126.976,8,en_route_pickup,3.360,-3.989,0.000,-3.500,joint_grid_transaction,76,76,1,2,7,0.000,1.00
127.232,1,en_route_pickup,-0.919,-2.405,6.000,3.500,joint_grid_transaction,76,76,0,6,9,0.000,0.75
127.232,2,en_route_pickup,0.571,3.171,-1.000,1.500,joint_grid_transaction,76,76,1,2,2,0.000,1.00
127.232,3,en_route_delivery,-3.451,2.004,0.000,-3.500,joint_grid_transaction,76,76,0,14,3,0.000,0.45
127.232,4,en_route_delivery,4.415,-0.284,3.000,-1.500,joint_grid_transaction,76,76,1,4,4,0.000,1.00
127.232,5,en_route_pickup,-3.933,2.542,1.000,1.500,joint_grid_transaction,76,76,0,4,5,0.000,0.75
127.232,6,en_route_pickup,-0.249,-1.971,-1.000,-1.500,joint_grid_transaction,76,76,0,2,6,0.000,0.45
127.232,7,en_route_delivery,-4.389,0.769,-1.000,1.500,joint_grid_transaction,77,76,0,0,8,137.024,0.40
127.232,8,en_route_pickup,3.360,-3.989,0.000,-3.500,joint_grid_transaction,76,76,1,2,7,0.000,1.00
127.488,1,en_route_pickup,-0.919,-2.405,6.000,3.500,joint_grid_transaction,76,76,0,6,9,0.000,0.75
127.488,2,en_route_pickup,0.571,3.171,-1.000,1.500,joint_grid_transaction,76,76,1,2,2,0.000,1.00
127.488,3,en_route_delivery,-3.451,2.004,0.000,-3.500,joint_grid_transaction,76,76,0,14,3,0.000,0.45
127.488,4,en_route_delivery,4.424,-0.331,3.000,-1.500,joint_grid_transaction,76,76,1,4,4,0.000,1.00
127.488,5,en_route_pickup,-3.933,2.542,1.000,1.500,joint_grid_transaction,76,76,0,4,5,0.000,0.75
127.488,6,en_route_pickup,-0.249,-1.971,-1.000,-1.500,joint_grid_transaction,76,76,0,2,6,0.000,0.45
127.488,7,en_route_delivery,-4.389,0.769,-1.000,1.500,joint_grid_transaction,77,76,0,0,8,137.024,0.40
127.488,8,en_route_pickup,3.360,-3.989,0.000,-3.500,joint_grid_transaction,76,76,1,2,7,0.000,1.00
127.744,1,en_route_pickup,-0.919,-2.405,6.000,3.500,joint_grid_transaction,76,76,0,6,9,0.000,0.75
127.744,2,en_route_pickup,0.571,3.171,-1.000,1.500,joint_grid_transaction,76,76,1,2,2,0.000,1.00
127.744,3,en_route_delivery,-3.451,2.004,0.000,-3.500,joint_grid_transaction,76,76,0,14,3,0.000,0.45
127.744,4,en_route_delivery,4.433,-0.378,3.000,-1.500,joint_grid_transaction,76,76,1,4,4,0.000,1.00
127.744,5,en_route_pickup,-3.933,2.542,1.000,1.500,joint_grid_transaction,76,76,0,4,5,0.000,0.75
127.744,6,en_route_pickup,-0.249,-1.971,-1.000,-1.500,joint_grid_transaction,76,76,0,2,6,0.000,0.45
127.744,7,en_route_delivery,-4.389,0.769,-1.000,1.500,joint_grid_transaction,77,76,0,0,8,0.000,1.00
127.744,8,en_route_pickup,3.360,-3.989,0.000,-3.500,joint_grid_transaction,76,76,1,2,7,0.000,1.00
128.000,1,en_route_pickup,-0.919,-2.405,6.000,3.500,joint_grid_transaction,81,81,0,6,9,0.000,0.75
128.000,2,en_route_pickup,0.611,3.183,-1.000,1.500,joint_grid_transaction,81,81,1,2,2,0.000,1.00
128.000,3,en_route_delivery,-3.451,2.004,0.000,-3.500,joint_grid_transaction,81,81,0,14,3,0.000,0.45
128.000,4,en_route_delivery,4.442,-0.425,3.000,-1.500,joint_grid_transaction,81,81,1,4,4,0.000,1.00
128.000,5,en_route_pickup,-3.933,2.542,1.000,1.500,joint_grid_transaction,81,81,0,4,5,0.000,0.75
128.000,6,en_route_pickup,-0.249,-1.971,-1.000,-1.500,joint_grid_transaction,81,81,0,2,6,0.000,0.45
128.000,7,en_route_delivery,-4.383,0.782,-1.000,1.500,joint_grid_transaction,81,81,1,5,8,0.000,1.00
128.000,8,en_route_pickup,3.361,-3.989,0.000,-3.500,joint_grid_transaction,81,81,1,2,7,0.000,1.00
128.256,1,en_route_pickup,-0.919,-2.405,6.000,3.500,joint_grid_transaction,81,81,0,6,9,0.000,0.75
128.256,2,en_route_pickup,0.657,3.195,-1.000,1.500,joint_grid_transaction,81,81,1,2,2,0.000,1.00
128.256,3,en_route_delivery,-3.451,2.004,0.000,-3.500,joint_grid_transaction,81,81,0,14,3,0.000,0.45
128.256,4,en_route_delivery,4.451,-0.472,3.000,-1.500,joint_grid_transaction,81,81,1,4,4,0.000,1.00
128.256,5,en_route_pickup,-3.933,2.542,1.000,1.500,joint_grid_transaction,81,81,0,4,5,0.000,0.75
128.256,6,en_route_pickup,-0.249,-1.971,-1.000,-1.500,joint_grid_transaction,81,81,0,2,6,0.000,0.45
128.256,7,en_route_delivery,-4.382,0.779,-1.000,1.500,joint_grid_transaction,81,81,1,5,8,0.000,1.00
128.256,8,en_route_pickup,3.361,-3.989,0.000,-3.500,joint_grid_transaction,81,81,1,2,7,0.000,1.00
128.512,1,en_route_pickup,-0.919,-2.405,6.000,3.500,joint_grid_transaction,81,81,0,6,9,0.000,0.75
128.512,2,en_route_pickup,0.704,3.206,-1.000,1.500,joint_grid_transaction,81,81,1,2,2,0.000,1.00
128.512,3,en_route_delivery,-3.451,2.004,0.000,-3.500,joint_grid_transaction,81,81,0,14,3,0.000,0.45
128.512,4,en_route_delivery,4.460,-0.519,3.000,-1.500,joint_grid_transaction,81,81,1,4,4,0.000,1.00
128.512,5,en_route_pickup,-3.933,2.542,1.000,1.500,joint_grid_transaction,81,81,0,4,5,0.000,0.75
128.512,6,en_route_pickup,-0.249,-1.971,-1.000,-1.500,joint_grid_transaction,81,81,0,2,6,0.000,0.45
128.512,7,en_route_delivery,-4.372,0.803,-1.000,1.500,joint_grid_transaction,81,81,1,5,8,0.000,1.00
128.512,8,en_route_pickup,3.361,-3.989,0.000,-3.500,joint_grid_transaction,81,81,1,2,7,0.000,1.00
128.768,1,en_route_pickup,-0.919,-2.405,6.000,3.500,joint_grid_transaction,81,81,0,6,9,0.000,0.75
128.768,2,en_route_pickup,0.750,3.216,-1.000,1.500,joint_grid_transaction,81,81,1,2,2,0.000,1.00
128.768,3,en_route_delivery,-3.451,2.004,0.000,-3.500,joint_grid_transaction,81,81,0,14,3,0.000,0.45
128.768,4,en_route_delivery,4.470,-0.566,3.000,-1.500,joint_grid_transaction,81,81,1,4,4,0.000,1.00
128.768,5,en_route_pickup,-3.933,2.542,1.000,1.500,joint_grid_transaction,81,81,0,4,5,0.000,0.75
128.768,6,en_route_pickup,-0.249,-1.971,-1.000,-1.500,joint_grid_transaction,81,81,0,2,6,0.000,0.45
128.768,7,en_route_delivery,-4.358,0.845,-1.000,1.500,joint_grid_transaction,81,81,2,5,8,0.000,1.00
128.768,8,en_route_pickup,3.361,-3.989,0.000,-3.500,joint_grid_transaction,81,81,1,2,7,0.000,1.00
129.024,1,en_route_pickup,-0.919,-2.405,6.000,3.500,joint_grid_transaction,81,81,0,6,9,0.000,0.75
129.024,2,en_route_pickup,0.797,3.226,-1.000,1.500,joint_grid_transaction,81,81,1,2,2,0.000,1.00
129.024,3,en_route_delivery,-3.451,2.004,0.000,-3.500,joint_grid_transaction,81,81,0,14,3,0.000,0.45
129.024,4,en_route_delivery,4.479,-0.613,3.000,-1.500,joint_grid_transaction,81,81,1,4,4,0.000,1.00
129.024,5,en_route_pickup,-3.933,2.542,1.000,1.500,joint_grid_transaction,81,81,0,4,5,0.000,0.75
129.024,6,en_route_pickup,-0.249,-1.971,-1.000,-1.500,joint_grid_transaction,81,81,0,2,6,0.000,0.45
129.024,7,en_route_delivery,-4.347,0.891,-1.000,1.500,joint_grid_transaction,81,81,2,5,8,0.000,1.00
129.024,8,en_route_pickup,3.361,-3.989,0.000,-3.500,joint_grid_transaction,81,81,1,2,7,0.000,1.00
129.280,1,en_route_pickup,-0.919,-2.405,6.000,3.500,joint_grid_transaction,82,82,0,6,9,0.000,0.75
129.280,2,en_route_pickup,0.844,3.235,-1.000,1.500,joint_grid_transaction,82,82,1,2,2,0.000,1.00
129.280,3,en_route_delivery,-3.451,2.004,0.000,-3.500,joint_grid_transaction,82,82,0,14,3,0.000,0.45
129.280,4,en_route_delivery,4.488,-0.660,3.000,-1.500,joint_grid_transaction,82,82,1,4,4,0.000,1.00
129.280,5,en_route_pickup,-3.933,2.542,1.000,1.500,joint_grid_transaction,82,82,0,4,5,0.000,0.75
129.280,6,en_route_pickup,-0.249,-1.971,-1.000,-1.500,joint_grid_transaction,82,82,0,2,6,0.000,0.45
129.280,7,en_route_delivery,-4.339,0.938,-1.000,1.500,joint_grid_transaction,82,82,1,4,8,0.000,1.00
129.280,8,en_route_pickup,3.362,-3.990,0.000,-3.500,joint_grid_transaction,82,82,1,2,7,0.000,1.00
129.536,1,en_route_pickup,-0.919,-2.405,6.000,3.500,joint_grid_transaction,82,82,0,6,9,0.000,0.75
129.536,2,en_route_pickup,0.891,3.245,-1.000,1.500,joint_grid_transaction,82,82,1,2,2,0.000,1.00
129.536,3,en_route_delivery,-3.451,2.004,0.000,-3.500,joint_grid_transaction,82,82,0,14,3,0.000,0.45
129.536,4,en_route_delivery,4.497,-0.707,3.000,-1.500,joint_grid_transaction,82,82,1,4,4,0.000,1.00
129.536,5,en_route_pickup,-3.933,2.542,1.000,1.500,joint_grid_transaction,82,82,0,4,5,0.000,0.75
129.536,6,en_route_pickup,-0.249,-1.971,-1.000,-1.500,joint_grid_transaction,82,82,0,2,6,0.000,0.45
129.536,7,en_route_delivery,-4.332,0.985,-1.000,1.500,joint_grid_transaction,82,82,1,4,8,0.000,1.00
129.536,8,en_route_pickup,3.362,-3.990,0.000,-3.500,joint_grid_transaction,82,82,1,2,7,0.000,1.00
129.792,1,en_route_pickup,-0.919,-2.405,6.000,3.500,joint_grid_transaction,82,82,0,6,9,0.000,0.75
129.792,2,en_route_pickup,0.938,3.254,-1.000,1.500,joint_grid_transaction,82,82,1,2,2,0.000,1.00
129.792,3,en_route_delivery,-3.451,2.004,0.000,-3.500,joint_grid_transaction,82,82,0,14,3,0.000,0.45
129.792,4,en_route_delivery,4.506,-0.754,3.000,-1.500,joint_grid_transaction,82,82,1,4,4,0.000,1.00
129.792,5,en_route_pickup,-3.933,2.542,1.000,1.500,joint_grid_transaction,82,82,0,4,5,0.000,0.75
129.792,6,en_route_pickup,-0.249,-1.971,-1.000,-1.500,joint_grid_transaction,82,82,0,2,6,0.000,0.45
129.792,7,en_route_delivery,-4.327,1.032,-1.000,1.500,joint_grid_transaction,82,82,1,4,8,0.000,1.00
129.792,8,en_route_pickup,3.362,-3.990,0.000,-3.500,joint_grid_transaction,82,82,1,2,7,0.000,1.00
130.048,1,en_route_pickup,-0.919,-2.405,6.000,3.500,joint_grid_transaction,82,82,0,6,9,0.000,0.75
130.048,2,en_route_pickup,0.985,3.263,-1.000,1.500,joint_grid_transaction,82,82,1,2,2,0.000,1.00
130.048,3,en_route_delivery,-3.451,2.004,0.000,-3.500,joint_grid_transaction,82,82,0,14,3,0.000,1.00
130.048,4,en_route_delivery,4.516,-0.801,3.000,-1.500,joint_grid_transaction,82,82,1,4,4,0.000,1.00
130.048,5,en_route_pickup,-3.933,2.542,1.000,1.500,joint_grid_transaction,82,82,0,4,5,0.000,0.50
130.048,6,en_route_pickup,-0.249,-1.971,-1.000,-1.500,joint_grid_transaction,82,82,0,2,6,0.000,0.45
130.048,7,en_route_delivery,-4.323,1.077,-1.000,1.500,_priority_yield_resume,83,82,1,1,8,0.000,0.55
130.048,8,en_route_pickup,3.362,-3.990,0.000,-3.500,joint_grid_transaction,82,82,1,2,7,0.000,1.00
130.304,1,en_route_pickup,-0.919,-2.405,6.000,3.500,joint_grid_transaction,82,82,0,6,9,0.000,0.75
130.304,2,en_route_pickup,1.032,3.273,-1.000,1.500,joint_grid_transaction,82,82,1,2,2,0.000,1.00
130.304,3,en_route_delivery,-3.451,2.004,0.000,-3.500,joint_grid_transaction,82,82,0,14,3,0.000,1.00
130.304,4,en_route_delivery,4.525,-0.848,3.000,-1.500,joint_grid_transaction,82,82,1,4,4,0.000,1.00
130.304,5,en_route_pickup,-3.933,2.542,1.000,1.500,joint_grid_transaction,82,82,0,4,5,0.000,0.50
130.304,6,en_route_pickup,-0.249,-1.971,-1.000,-1.500,joint_grid_transaction,82,82,0,2,6,0.000,0.45
130.304,7,en_route_delivery,-4.323,1.078,-1.000,1.500,_priority_yield_resume,83,82,0,1,8,0.000,0.55
130.304,8,en_route_pickup,3.362,-3.990,0.000,-3.500,joint_grid_transaction,82,82,1,2,7,0.000,1.00
130.560,1,en_route_pickup,-0.919,-2.405,6.000,3.500,joint_grid_transaction,82,82,0,6,9,0.000,0.75
130.560,2,en_route_pickup,1.079,3.282,-1.000,1.500,joint_grid_transaction,82,82,1,2,2,0.000,1.00
130.560,3,en_route_delivery,-3.451,2.004,0.000,-3.500,joint_grid_transaction,82,82,0,14,3,0.000,0.45
130.560,4,en_route_delivery,4.534,-0.895,3.000,-1.500,joint_grid_transaction,82,82,1,4,4,0.000,1.00
130.560,5,en_route_pickup,-3.933,2.542,1.000,1.500,joint_grid_transaction,82,82,0,4,5,0.000,0.75
130.560,6,en_route_pickup,-0.249,-1.971,-1.000,-1.500,joint_grid_transaction,82,82,0,2,6,0.000,0.45
130.560,7,en_route_delivery,-4.323,1.076,-1.000,1.500,_priority_yield_resume,83,82,0,1,8,0.000,0.55
130.560,8,en_route_pickup,3.362,-3.990,0.000,-3.500,joint_grid_transaction,82,82,1,2,7,0.000,1.00
130.816,1,en_route_pickup,-0.919,-2.405,6.000,3.500,joint_grid_transaction,82,82,0,6,9,0.000,0.75
130.816,2,en_route_pickup,1.126,3.291,-1.000,1.500,joint_grid_transaction,82,82,1,2,2,0.000,1.00
130.816,3,en_route_delivery,-3.451,2.004,0.000,-3.500,joint_grid_transaction,82,82,0,14,3,0.000,0.45
130.816,4,en_route_delivery,4.543,-0.942,3.000,-1.500,joint_grid_transaction,82,82,1,4,4,0.000,1.00
130.816,5,en_route_pickup,-3.933,2.542,1.000,1.500,joint_grid_transaction,82,82,0,4,5,0.000,0.75
130.816,6,en_route_pickup,-0.249,-1.971,-1.000,-1.500,joint_grid_transaction,82,82,0,2,6,0.000,0.45
130.816,7,en_route_delivery,-4.324,1.072,-1.000,1.500,_priority_yield_resume,83,82,0,1,8,0.000,0.55
130.816,8,en_route_pickup,3.362,-3.990,0.000,-3.500,joint_grid_transaction,82,82,1,2,7,0.000,1.00
131.072,1,en_route_pickup,-0.919,-2.405,6.000,3.500,joint_grid_transaction,82,82,0,6,9,0.000,0.75
131.072,2,en_route_pickup,1.173,3.300,-1.000,1.500,joint_grid_transaction,82,82,1,2,2,0.000,1.00
131.072,3,en_route_delivery,-3.451,2.004,0.000,-3.500,joint_grid_transaction,82,82,0,14,3,0.000,0.45
131.072,4,en_route_delivery,4.552,-0.989,3.000,-1.500,joint_grid_transaction,82,82,1,4,4,0.000,1.00
131.072,5,en_route_pickup,-3.933,2.542,1.000,1.500,joint_grid_transaction,82,82,0,4,5,0.000,0.75
131.072,6,en_route_pickup,-0.249,-1.971,-1.000,-1.500,joint_grid_transaction,82,82,0,2,6,0.000,0.45
131.072,7,en_route_delivery,-4.326,1.066,-1.000,1.500,_priority_yield_resume,83,82,0,1,8,0.000,0.55
131.072,8,en_route_pickup,3.362,-3.990,0.000,-3.500,joint_grid_transaction,82,82,1,2,7,0.000,1.00
131.328,1,en_route_pickup,-0.919,-2.405,6.000,3.500,joint_grid_transaction,82,82,0,6,9,0.000,0.75
131.328,2,en_route_pickup,1.220,3.310,-1.000,1.500,joint_grid_transaction,82,82,1,2,2,0.000,1.00
131.328,3,en_route_delivery,-3.451,2.004,0.000,-3.500,joint_grid_transaction,82,82,0,14,3,0.000,0.45
131.328,4,en_route_delivery,4.562,-1.036,3.000,-1.500,joint_grid_transaction,82,82,1,4,4,0.000,1.00
131.328,5,en_route_pickup,-3.933,2.542,1.000,1.500,joint_grid_transaction,82,82,0,4,5,0.000,0.75
131.328,6,en_route_pickup,-0.249,-1.971,-1.000,-1.500,joint_grid_transaction,82,82,0,2,6,0.000,0.45
131.328,7,en_route_delivery,-4.329,1.059,-1.000,1.500,_priority_yield_resume,83,82,0,1,8,0.000,0.55
131.328,8,en_route_pickup,3.362,-3.990,0.000,-3.500,joint_grid_transaction,82,82,1,2,7,0.000,1.00
131.584,1,en_route_pickup,-0.919,-2.405,6.000,3.500,joint_grid_transaction,82,82,0,6,9,0.000,0.75
131.584,2,en_route_pickup,1.267,3.319,-1.000,1.500,joint_grid_transaction,82,82,1,2,2,0.000,1.00
131.584,3,en_route_delivery,-3.451,2.004,0.000,-3.500,joint_grid_transaction,82,82,0,14,3,0.000,0.45
131.584,4,en_route_delivery,4.571,-1.083,3.000,-1.500,joint_grid_transaction,82,82,1,4,4,0.000,1.00
131.584,5,en_route_pickup,-3.933,2.542,1.000,1.500,joint_grid_transaction,82,82,0,4,5,0.000,0.75
131.584,6,en_route_pickup,-0.249,-1.971,-1.000,-1.500,joint_grid_transaction,82,82,0,2,6,0.000,0.45
131.584,7,en_route_delivery,-4.333,1.053,-1.000,1.500,joint_grid_transaction,83,82,0,0,8,141.520,0.55
131.584,8,en_route_pickup,3.362,-3.990,0.000,-3.500,joint_grid_transaction,82,82,1,2,7,0.000,1.00
131.840,1,en_route_pickup,-0.919,-2.405,6.000,3.500,joint_grid_transaction,82,82,0,6,9,0.000,0.75
131.840,2,en_route_pickup,1.314,3.328,-1.000,1.500,joint_grid_transaction,82,82,1,2,2,0.000,1.00
131.840,3,en_route_delivery,-3.451,2.004,0.000,-3.500,joint_grid_transaction,82,82,0,14,3,0.000,0.45
131.840,4,en_route_delivery,4.580,-1.130,3.000,-1.500,joint_grid_transaction,82,82,1,4,4,0.000,1.00
131.840,5,en_route_pickup,-3.933,2.542,1.000,1.500,joint_grid_transaction,82,82,0,4,5,0.000,0.75
131.840,6,en_route_pickup,-0.249,-1.971,-1.000,-1.500,joint_grid_transaction,82,82,0,2,6,0.000,0.45
131.840,7,en_route_delivery,-4.333,1.053,-1.000,1.500,joint_grid_transaction,83,82,0,0,8,141.520,0.40
131.840,8,en_route_pickup,3.362,-3.990,0.000,-3.500,joint_grid_transaction,82,82,1,2,7,0.000,1.00
132.096,1,en_route_pickup,-0.919,-2.405,6.000,3.500,joint_grid_transaction,82,82,0,6,9,0.000,0.75
132.096,2,en_route_pickup,1.361,3.337,-1.000,1.500,joint_grid_transaction,82,82,1,2,2,0.000,1.00
132.096,3,en_route_delivery,-3.451,2.004,0.000,-3.500,joint_grid_transaction,82,82,0,14,3,0.000,0.45
132.096,4,en_route_delivery,4.589,-1.177,3.000,-1.500,joint_grid_transaction,82,82,1,4,4,0.000,1.00
132.096,5,en_route_pickup,-3.933,2.542,1.000,1.500,joint_grid_transaction,82,82,0,4,5,0.000,0.75
132.096,6,en_route_pickup,-0.249,-1.971,-1.000,-1.500,joint_grid_transaction,82,82,0,2,6,0.000,0.45
132.096,7,en_route_delivery,-4.333,1.053,-1.000,1.500,joint_grid_transaction,83,82,0,0,8,0.000,1.00
132.096,8,en_route_pickup,3.362,-3.990,0.000,-3.500,joint_grid_transaction,82,82,1,2,7,0.000,1.00
132.352,1,en_route_pickup,-0.919,-2.405,6.000,3.500,joint_grid_transaction,87,87,0,6,9,0.000,0.75
132.352,2,en_route_pickup,1.408,3.346,-1.000,1.500,joint_grid_transaction,87,87,1,2,2,0.000,1.00
132.352,3,en_route_delivery,-3.451,2.004,0.000,-3.500,joint_grid_transaction,87,87,0,14,3,0.000,0.45
132.352,4,en_route_delivery,4.598,-1.224,3.000,-1.500,joint_grid_transaction,87,87,1,4,4,0.000,1.00
132.352,5,en_route_pickup,-3.933,2.542,1.000,1.500,joint_grid_transaction,87,87,0,4,5,0.000,0.75
132.352,6,en_route_pickup,-0.249,-1.971,-1.000,-1.500,joint_grid_transaction,87,87,0,2,6,0.000,0.45
132.352,7,en_route_delivery,-4.327,1.062,-1.000,1.500,joint_grid_transaction,87,87,1,4,8,0.000,1.00
132.352,8,en_route_pickup,3.363,-3.991,0.000,-3.500,joint_grid_transaction,87,87,1,2,7,0.000,1.00
132.608,1,en_route_pickup,-0.919,-2.405,6.000,3.500,joint_grid_transaction,87,87,0,6,9,0.000,0.75
132.608,2,en_route_pickup,1.455,3.355,-1.000,1.500,joint_grid_transaction,87,87,1,2,2,0.000,1.00
132.608,3,en_route_delivery,-3.451,2.004,0.000,-3.500,joint_grid_transaction,87,87,0,14,3,0.000,0.45
132.608,4,en_route_delivery,4.607,-1.271,3.000,-1.500,joint_grid_transaction,87,87,1,4,4,0.000,1.00
132.608,5,en_route_pickup,-3.933,2.542,1.000,1.500,joint_grid_transaction,87,87,0,4,5,0.000,0.75
132.608,6,en_route_pickup,-0.249,-1.971,-1.000,-1.500,joint_grid_transaction,87,87,0,2,6,0.000,0.45
132.608,7,en_route_delivery,-4.321,1.073,-1.000,1.500,joint_grid_transaction,87,87,1,4,8,0.000,1.00
132.608,8,en_route_pickup,3.363,-3.991,0.000,-3.500,joint_grid_transaction,87,87,1,2,7,0.000,1.00
132.864,1,en_route_pickup,-0.919,-2.405,6.000,3.500,joint_grid_transaction,87,87,0,6,9,0.000,0.75
132.864,2,en_route_pickup,1.502,3.365,-1.000,1.500,joint_grid_transaction,87,87,1,2,2,0.000,1.00
132.864,3,en_route_delivery,-3.451,2.004,0.000,-3.500,joint_grid_transaction,87,87,0,14,3,0.000,0.45
132.864,4,en_route_delivery,4.617,-1.318,3.000,-1.500,joint_grid_transaction,87,87,1,4,4,0.000,1.00
132.864,5,en_route_pickup,-3.933,2.542,1.000,1.500,joint_grid_transaction,87,87,0,4,5,0.000,0.75
132.864,6,en_route_pickup,-0.249,-1.971,-1.000,-1.500,joint_grid_transaction,87,87,0,2,6,0.000,0.45
132.864,7,en_route_delivery,-4.325,1.096,-1.000,1.500,joint_grid_transaction,87,87,1,4,8,0.000,1.00
132.864,8,en_route_pickup,3.363,-3.991,0.000,-3.500,joint_grid_transaction,87,87,1,2,7,0.000,1.00
133.120,1,en_route_pickup,-0.919,-2.405,6.000,3.500,joint_grid_transaction,88,87,0,5,9,0.000,0.75
133.120,2,en_route_pickup,1.549,3.374,-1.000,1.500,joint_grid_transaction,88,87,1,2,2,0.000,1.00
133.120,3,en_route_delivery,-3.451,2.004,0.000,-3.500,joint_grid_transaction,88,87,0,14,3,0.000,0.45
133.120,4,en_route_delivery,4.626,-1.365,3.000,-1.500,joint_grid_transaction,88,87,1,3,4,0.000,1.00
133.120,5,en_route_pickup,-3.933,2.542,1.000,1.500,joint_grid_transaction,88,87,0,4,5,0.000,0.75
133.120,6,en_route_pickup,-0.249,-1.971,-1.000,-1.500,joint_grid_transaction,88,87,0,2,6,0.000,0.45
133.120,7,en_route_delivery,-4.331,1.142,-1.000,1.500,joint_grid_transaction,88,87,1,4,8,0.000,1.00
133.120,8,en_route_pickup,3.364,-3.991,0.000,-3.500,joint_grid_transaction,88,87,1,2,7,0.000,1.00
133.376,1,en_route_pickup,-0.919,-2.405,6.000,3.500,joint_grid_transaction,88,88,0,5,9,0.000,0.75
133.376,2,en_route_pickup,1.596,3.383,-1.000,1.500,joint_grid_transaction,88,88,1,2,2,0.000,1.00
133.376,3,en_route_delivery,-3.451,2.004,0.000,-3.500,joint_grid_transaction,88,88,0,14,3,0.000,0.45
133.376,4,en_route_delivery,4.635,-1.412,3.000,-1.500,joint_grid_transaction,88,88,1,3,4,0.000,1.00
133.376,5,en_route_pickup,-3.933,2.542,1.000,1.500,joint_grid_transaction,88,88,0,4,5,0.000,0.75
133.376,6,en_route_pickup,-0.249,-1.971,-1.000,-1.500,joint_grid_transaction,88,88,0,2,6,0.000,0.45
133.376,7,en_route_delivery,-4.334,1.183,-1.000,1.500,joint_grid_transaction,88,88,1,4,8,0.000,1.00
133.376,8,en_route_pickup,3.364,-3.991,0.000,-3.500,joint_grid_transaction,88,88,1,2,7,0.000,1.00
133.632,1,en_route_pickup,-0.919,-2.405,6.000,3.500,joint_grid_transaction,88,88,0,5,9,0.000,0.75
133.632,2,en_route_pickup,1.643,3.392,-1.000,1.500,joint_grid_transaction,88,88,1,2,2,0.000,1.00
133.632,3,en_route_delivery,-3.451,2.004,0.000,-3.500,joint_grid_transaction,88,88,0,14,3,0.000,0.45
133.632,4,en_route_delivery,4.644,-1.459,3.000,-1.500,joint_grid_transaction,88,88,1,3,4,0.000,1.00
133.632,5,en_route_pickup,-3.933,2.542,1.000,1.500,joint_grid_transaction,88,88,0,4,5,0.000,0.75
133.632,6,en_route_pickup,-0.249,-1.971,-1.000,-1.500,joint_grid_transaction,88,88,0,2,6,0.000,0.45
133.632,7,en_route_delivery,-4.336,1.219,-1.000,1.500,joint_grid_transaction,88,88,1,4,8,0.000,1.00
133.632,8,en_route_pickup,3.364,-3.991,0.000,-3.500,joint_grid_transaction,88,88,1,2,7,0.000,1.00
133.888,1,en_route_pickup,-0.919,-2.405,6.000,3.500,joint_grid_transaction,88,88,0,5,9,0.000,0.75
133.888,2,en_route_pickup,1.690,3.401,-1.000,1.500,joint_grid_transaction,88,88,1,2,2,0.000,1.00
133.888,3,en_route_delivery,-3.451,2.004,0.000,-3.500,joint_grid_transaction,88,88,0,14,3,0.000,0.45
133.888,4,en_route_delivery,4.653,-1.506,3.000,-1.500,joint_grid_transaction,88,88,1,3,4,0.000,1.00
133.888,5,en_route_pickup,-3.933,2.542,1.000,1.500,joint_grid_transaction,88,88,0,4,5,0.000,0.75
133.888,6,en_route_pickup,-0.249,-1.971,-1.000,-1.500,joint_grid_transaction,88,88,0,2,6,0.000,0.45
133.888,7,en_route_delivery,-4.338,1.253,-1.000,1.500,joint_grid_transaction,88,88,1,4,8,0.000,1.00
133.888,8,en_route_pickup,3.364,-3.991,0.000,-3.500,joint_grid_transaction,88,88,1,2,7,0.000,1.00
134.144,1,en_route_pickup,-0.919,-2.405,6.000,3.500,joint_grid_transaction,88,88,0,5,9,0.000,0.75
134.144,2,en_route_pickup,1.696,3.403,-1.000,1.500,joint_grid_transaction,88,88,1,2,2,0.000,1.00
134.144,3,en_route_delivery,-3.451,2.004,0.000,-3.500,joint_grid_transaction,88,88,0,14,3,0.000,0.45
134.144,4,en_route_delivery,4.663,-1.553,3.000,-1.500,joint_grid_transaction,88,88,1,3,4,0.000,1.00
134.144,5,en_route_pickup,-3.933,2.542,1.000,1.500,joint_grid_transaction,88,88,0,4,5,0.000,0.75
134.144,6,en_route_pickup,-0.249,-1.971,-1.000,-1.500,joint_grid_transaction,88,88,0,2,6,0.000,0.45
134.144,7,en_route_delivery,-4.340,1.288,-1.000,1.500,joint_grid_transaction,88,88,1,4,8,0.000,1.00
134.144,8,en_route_pickup,3.364,-3.991,0.000,-3.500,joint_grid_transaction,88,88,1,2,7,0.000,1.00
134.400,1,en_route_pickup,-0.919,-2.405,6.000,3.500,joint_grid_transaction,88,88,0,5,9,0.000,0.75
134.400,2,en_route_pickup,1.696,3.403,-1.000,1.500,joint_grid_transaction,88,88,1,2,2,0.000,1.00
134.400,3,en_route_delivery,-3.451,2.004,0.000,-3.500,joint_grid_transaction,88,88,0,14,3,0.000,0.45
134.400,4,en_route_delivery,4.672,-1.600,3.000,-1.500,joint_grid_transaction,88,88,1,3,4,0.000,1.00
134.400,5,en_route_pickup,-3.933,2.542,1.000,1.500,joint_grid_transaction,88,88,0,4,5,0.000,0.75
134.400,6,en_route_pickup,-0.249,-1.971,-1.000,-1.500,joint_grid_transaction,88,88,0,2,6,0.000,0.45
134.400,7,en_route_delivery,-4.342,1.321,-1.000,1.500,joint_grid_transaction,88,88,1,4,8,0.000,1.00
134.400,8,en_route_pickup,3.364,-3.991,0.000,-3.500,joint_grid_transaction,88,88,1,2,7,0.000,1.00
134.656,1,en_route_pickup,-0.919,-2.405,6.000,3.500,joint_grid_transaction,88,88,0,5,9,0.000,0.75
134.656,2,en_route_pickup,1.696,3.403,-1.000,1.500,joint_grid_transaction,88,88,1,2,2,0.000,1.00
134.656,3,en_route_delivery,-3.451,2.004,0.000,-3.500,joint_grid_transaction,88,88,0,14,3,0.000,1.00
134.656,4,en_route_delivery,4.681,-1.646,3.000,-1.500,joint_grid_transaction,88,88,1,3,4,0.000,1.00
134.656,5,en_route_pickup,-3.933,2.542,1.000,1.500,joint_grid_transaction,88,88,0,4,5,0.000,0.50
134.656,6,en_route_pickup,-0.249,-1.971,-1.000,-1.500,joint_grid_transaction,88,88,0,2,6,0.000,0.45
134.656,7,en_route_delivery,-4.343,1.340,-1.000,1.500,_priority_yield_resume,89,88,0,1,8,0.000,0.55
134.656,8,en_route_pickup,3.364,-3.991,0.000,-3.500,joint_grid_transaction,88,88,1,2,7,0.000,1.00
134.912,1,en_route_pickup,-0.919,-2.405,6.000,3.500,joint_grid_transaction,88,88,0,5,9,0.000,0.75
134.912,2,en_route_pickup,1.696,3.403,-1.000,1.500,joint_grid_transaction,88,88,1,2,2,0.000,1.00
134.912,3,en_route_delivery,-3.451,2.004,0.000,-3.500,joint_grid_transaction,88,88,0,14,3,0.000,1.00
134.912,4,en_route_delivery,4.690,-1.693,3.000,-1.500,joint_grid_transaction,88,88,1,3,4,0.000,1.00
134.912,5,en_route_pickup,-3.933,2.542,1.000,1.500,joint_grid_transaction,88,88,0,4,5,0.000,0.50
134.912,6,en_route_pickup,-0.249,-1.971,-1.000,-1.500,joint_grid_transaction,88,88,0,2,6,0.000,0.45
134.912,7,en_route_delivery,-4.344,1.337,-1.000,1.500,_priority_yield_resume,89,88,0,1,8,0.000,0.55
134.912,8,en_route_pickup,3.364,-3.991,0.000,-3.500,joint_grid_transaction,88,88,1,2,7,0.000,1.00
135.168,1,en_route_pickup,-0.919,-2.405,6.000,3.500,joint_grid_transaction,88,88,0,5,9,0.000,0.75
135.168,2,en_route_pickup,1.696,3.403,-1.000,1.500,joint_grid_transaction,88,88,1,2,2,0.000,1.00
135.168,3,en_route_delivery,-3.451,2.004,0.000,-3.500,joint_grid_transaction,88,88,0,14,3,0.000,0.45
135.168,4,en_route_delivery,4.699,-1.740,3.000,-1.500,joint_grid_transaction,88,88,1,3,4,0.000,1.00
135.168,5,en_route_pickup,-3.933,2.542,1.000,1.500,joint_grid_transaction,88,88,0,4,5,0.000,0.75
135.168,6,en_route_pickup,-0.249,-1.971,-1.000,-1.500,joint_grid_transaction,88,88,0,2,6,0.000,0.45
135.168,7,en_route_delivery,-4.345,1.331,-1.000,1.500,_priority_yield_resume,89,88,0,1,8,0.000,0.55
135.168,8,en_route_pickup,3.364,-3.991,0.000,-3.500,joint_grid_transaction,88,88,1,2,7,0.000,1.00
135.424,1,en_route_pickup,-0.919,-2.405,6.000,3.500,joint_grid_transaction,88,88,0,5,9,0.000,0.75
135.424,2,en_route_pickup,1.696,3.403,-1.000,1.500,joint_grid_transaction,88,88,1,2,2,0.000,1.00
135.424,3,en_route_delivery,-3.451,2.004,0.000,-3.500,joint_grid_transaction,88,88,0,14,3,0.000,0.45
135.424,4,en_route_delivery,4.707,-1.787,3.000,-1.500,joint_grid_transaction,88,88,1,3,4,0.000,1.00
135.424,5,en_route_pickup,-3.933,2.542,1.000,1.500,joint_grid_transaction,88,88,0,4,5,0.000,0.75
135.424,6,en_route_pickup,-0.249,-1.971,-1.000,-1.500,joint_grid_transaction,88,88,0,2,6,0.000,0.45
135.424,7,en_route_delivery,-4.348,1.325,-1.000,1.500,_priority_yield_resume,89,88,0,1,8,0.000,0.55
135.424,8,en_route_pickup,3.364,-3.991,0.000,-3.500,joint_grid_transaction,88,88,1,2,7,0.000,1.00
135.680,1,en_route_pickup,-0.919,-2.405,6.000,3.500,joint_grid_transaction,88,88,0,5,9,0.000,0.75
135.680,2,en_route_pickup,1.696,3.403,-1.000,1.500,joint_grid_transaction,88,88,1,2,2,0.000,1.00
135.680,3,en_route_delivery,-3.451,2.004,0.000,-3.500,joint_grid_transaction,88,88,0,14,3,0.000,0.45
135.680,4,en_route_delivery,4.706,-1.786,3.000,-1.500,joint_grid_transaction,88,88,2,3,4,0.000,1.00
135.680,5,en_route_pickup,-3.933,2.542,1.000,1.500,joint_grid_transaction,88,88,0,4,5,0.000,0.75
135.680,6,en_route_pickup,-0.249,-1.971,-1.000,-1.500,joint_grid_transaction,88,88,0,2,6,0.000,0.45
135.680,7,en_route_delivery,-4.352,1.317,-1.000,1.500,_priority_yield_resume,89,88,0,1,8,0.000,0.55
135.680,8,en_route_pickup,3.364,-3.991,0.000,-3.500,joint_grid_transaction,88,88,1,2,7,0.000,1.00
135.936,1,en_route_pickup,-0.919,-2.405,6.000,3.500,joint_grid_transaction,88,88,0,5,9,0.000,0.75
135.936,2,en_route_pickup,1.696,3.403,-1.000,1.500,joint_grid_transaction,88,88,1,2,2,0.000,1.00
135.936,3,en_route_delivery,-3.451,2.004,0.000,-3.500,joint_grid_transaction,88,88,0,14,3,0.000,0.45
135.936,4,en_route_delivery,4.696,-1.764,3.000,-1.500,joint_grid_transaction,88,88,2,3,4,0.000,1.00
135.936,5,en_route_pickup,-3.933,2.542,1.000,1.500,joint_grid_transaction,88,88,0,4,5,0.000,0.75
135.936,6,en_route_pickup,-0.249,-1.971,-1.000,-1.500,joint_grid_transaction,88,88,0,2,6,0.000,0.45
135.936,7,en_route_delivery,-4.357,1.309,-1.000,1.500,_priority_yield_resume,89,88,0,1,8,0.000,0.55
135.936,8,en_route_pickup,3.364,-3.991,0.000,-3.500,joint_grid_transaction,88,88,1,2,7,0.000,1.00
136.192,1,en_route_pickup,-0.919,-2.405,6.000,3.500,joint_grid_transaction,88,88,0,5,9,0.000,0.75
136.192,2,en_route_pickup,1.696,3.403,-1.000,1.500,joint_grid_transaction,88,88,1,2,2,0.000,1.00
136.192,3,en_route_delivery,-3.451,2.004,0.000,-3.500,joint_grid_transaction,88,88,0,14,3,0.000,0.45
136.192,4,en_route_delivery,4.674,-1.737,3.000,-1.500,joint_grid_transaction,88,88,2,3,4,0.000,1.00
136.192,5,en_route_pickup,-3.933,2.542,1.000,1.500,joint_grid_transaction,88,88,0,4,5,0.000,0.75
136.192,6,en_route_pickup,-0.249,-1.971,-1.000,-1.500,joint_grid_transaction,88,88,0,2,6,0.000,0.45
136.192,7,en_route_delivery,-4.363,1.301,-1.000,1.500,_priority_yield_resume,89,88,0,1,8,0.000,0.55
136.192,8,en_route_pickup,3.364,-3.991,0.000,-3.500,joint_grid_transaction,88,88,1,2,7,0.000,1.00
136.448,1,en_route_pickup,-0.919,-2.405,6.000,3.500,joint_grid_transaction,88,88,0,5,9,0.000,0.75
136.448,2,en_route_pickup,1.696,3.403,-1.000,1.500,joint_grid_transaction,88,88,1,2,2,0.000,1.00
136.448,3,en_route_delivery,-3.451,2.004,0.000,-3.500,joint_grid_transaction,88,88,0,14,3,0.000,0.45
136.448,4,en_route_delivery,4.648,-1.715,3.000,-1.500,joint_grid_transaction,88,88,2,3,4,0.000,1.00
136.448,5,en_route_pickup,-3.933,2.542,1.000,1.500,joint_grid_transaction,88,88,0,4,5,0.000,0.75
136.448,6,en_route_pickup,-0.249,-1.971,-1.000,-1.500,joint_grid_transaction,88,88,0,2,6,0.000,0.45
136.448,7,en_route_delivery,-4.371,1.293,-1.000,1.500,_priority_yield_resume,89,88,0,1,8,0.000,0.55
136.448,8,en_route_pickup,3.364,-3.991,0.000,-3.500,joint_grid_transaction,88,88,1,2,7,0.000,1.00
136.704,1,en_route_pickup,-0.919,-2.405,6.000,3.500,joint_grid_transaction,88,88,0,5,9,0.000,0.75
136.704,2,en_route_pickup,1.696,3.403,-1.000,1.500,joint_grid_transaction,88,88,1,2,2,0.000,1.00
136.704,3,en_route_delivery,-3.451,2.004,0.000,-3.500,joint_grid_transaction,88,88,0,14,3,0.000,0.45
136.704,4,en_route_delivery,4.633,-1.706,3.000,-1.500,joint_grid_transaction,88,88,2,3,4,0.000,1.00
136.704,5,en_route_pickup,-3.933,2.542,1.000,1.500,joint_grid_transaction,88,88,0,4,5,0.000,0.75
136.704,6,en_route_pickup,-0.249,-1.971,-1.000,-1.500,joint_grid_transaction,88,88,0,2,6,0.000,0.45
136.704,7,en_route_delivery,-4.374,1.290,-1.000,1.500,joint_grid_transaction,89,88,0,0,8,146.528,0.40
136.704,8,en_route_pickup,3.364,-3.991,0.000,-3.500,joint_grid_transaction,88,88,1,2,7,0.000,1.00
136.960,1,en_route_pickup,-0.919,-2.405,6.000,3.500,joint_grid_transaction,88,88,0,5,9,0.000,0.75
136.960,2,en_route_pickup,1.696,3.403,-1.000,1.500,joint_grid_transaction,88,88,1,2,2,0.000,1.00
136.960,3,en_route_delivery,-3.451,2.004,0.000,-3.500,joint_grid_transaction,88,88,0,14,3,0.000,0.45
136.960,4,en_route_delivery,4.623,-1.705,3.000,-1.500,joint_grid_transaction,88,88,2,3,4,0.000,1.00
136.960,5,en_route_pickup,-3.933,2.542,1.000,1.500,joint_grid_transaction,88,88,0,4,5,0.000,0.75
136.960,6,en_route_pickup,-0.249,-1.971,-1.000,-1.500,joint_grid_transaction,88,88,0,2,6,0.000,0.45
136.960,7,en_route_delivery,-4.374,1.290,-1.000,1.500,joint_grid_transaction,89,88,0,0,8,146.528,0.40
136.960,8,en_route_pickup,3.364,-3.991,0.000,-3.500,joint_grid_transaction,88,88,1,2,7,0.000,1.00
137.216,1,en_route_pickup,-0.925,-2.411,6.000,3.500,joint_grid_transaction,105,105,1,5,9,0.000,0.75
137.216,2,en_route_pickup,1.712,3.407,-1.000,1.500,joint_grid_transaction,105,105,1,2,2,0.000,1.00
137.216,3,en_route_delivery,-3.451,2.004,0.000,-3.500,joint_grid_transaction,105,105,2,5,3,0.000,0.45
137.216,4,en_route_delivery,4.586,-1.711,3.000,-1.500,joint_grid_transaction,105,105,1,4,4,0.000,1.00
137.216,5,en_route_pickup,-3.928,2.550,1.000,1.500,joint_grid_transaction,105,105,2,5,5,0.000,0.75
137.216,6,en_route_pickup,-0.250,-1.972,-1.000,-1.500,joint_grid_transaction,105,105,0,5,6,0.000,0.45
137.216,7,en_route_delivery,-4.363,1.301,-1.000,1.500,joint_grid_transaction,105,105,1,5,8,0.000,1.00
137.216,8,en_route_pickup,3.372,-4.006,0.000,-3.500,joint_grid_transaction,105,105,1,2,7,0.000,1.00
137.472,1,en_route_pickup,-0.940,-2.427,6.000,3.500,joint_grid_transaction,105,105,1,5,9,0.000,0.75
137.472,2,en_route_pickup,1.758,3.418,-1.000,1.500,joint_grid_transaction,105,105,1,2,2,0.000,1.00
137.472,3,en_route_delivery,-3.451,2.004,0.000,-3.500,joint_grid_transaction,105,105,2,5,3,0.000,0.45
137.472,4,en_route_delivery,4.539,-1.717,3.000,-1.500,joint_grid_transaction,105,105,1,4,4,0.000,1.00
137.472,5,en_route_pickup,-3.908,2.568,1.000,1.500,joint_grid_transaction,105,105,2,5,5,0.000,0.75
137.472,6,en_route_pickup,-0.254,-1.974,-1.000,-1.500,joint_grid_transaction,105,105,1,5,6,0.000,0.45
137.472,7,en_route_delivery,-4.345,1.326,-1.000,1.500,joint_grid_transaction,105,105,2,5,8,0.000,1.00
137.472,8,en_route_pickup,3.394,-4.049,0.000,-3.500,joint_grid_transaction,105,105,1,2,7,0.000,1.00
137.728,1,en_route_pickup,-0.952,-2.446,6.000,3.500,joint_grid_transaction,105,105,1,5,9,0.000,1.00
137.728,2,en_route_pickup,1.793,3.427,-1.000,1.500,joint_grid_transaction,105,105,1,2,2,0.000,1.00
137.728,3,en_route_delivery,-3.451,2.004,0.000,-3.500,joint_grid_transaction,105,105,2,5,3,0.000,0.45
137.728,4,en_route_delivery,4.491,-1.724,3.000,-1.500,joint_grid_transaction,105,105,1,4,4,0.000,1.00
137.728,5,en_route_pickup,-3.893,2.584,1.000,1.500,joint_grid_transaction,105,105,2,5,5,0.000,0.75
137.728,6,en_route_pickup,-0.249,-1.971,-1.000,-1.500,_priority_yield_resume,106,105,0,1,6,0.000,0.55
137.728,7,en_route_delivery,-4.339,1.338,-1.000,1.500,joint_grid_transaction,105,105,2,5,8,0.000,1.00
137.728,8,en_route_pickup,3.398,-4.057,0.000,-3.500,joint_grid_transaction,105,105,1,2,7,0.000,1.00
137.984,1,en_route_pickup,-0.957,-2.457,6.000,3.500,joint_grid_transaction,105,105,1,5,9,0.000,1.00
137.984,2,en_route_pickup,1.793,3.427,-1.000,1.500,joint_grid_transaction,105,105,1,2,2,0.000,1.00
137.984,3,en_route_delivery,-3.451,2.004,0.000,-3.500,joint_grid_transaction,105,105,2,5,3,0.000,0.45
137.984,4,en_route_delivery,4.467,-1.727,3.000,-1.500,joint_grid_transaction,105,105,1,4,4,0.000,1.00
137.984,5,en_route_pickup,-3.893,2.584,1.000,1.500,joint_grid_transaction,105,105,2,5,5,0.000,0.75
137.984,6,en_route_pickup,-0.241,-1.966,-1.000,-1.500,_priority_yield_resume,106,105,0,1,6,0.000,0.55
137.984,7,en_route_delivery,-4.339,1.350,-1.000,1.500,joint_grid_transaction,105,105,2,5,8,0.000,1.00
137.984,8,en_route_pickup,3.398,-4.057,0.000,-3.500,joint_grid_transaction,105,105,1,2,7,0.000,1.00
138.240,1,en_route_pickup,-0.955,-2.473,6.000,3.500,joint_grid_transaction,105,105,1,5,9,0.000,1.00
138.240,2,en_route_pickup,1.793,3.427,-1.000,1.500,joint_grid_transaction,105,105,1,2,2,0.000,1.00
138.240,3,en_route_delivery,-3.451,2.004,0.000,-3.500,joint_grid_transaction,105,105,2,5,3,0.000,0.75
138.240,4,en_route_delivery,4.467,-1.727,3.000,-1.500,joint_grid_transaction,105,105,1,4,4,0.000,1.00
138.240,5,en_route_pickup,-3.893,2.584,1.000,1.500,joint_grid_transaction,105,105,2,5,5,0.000,0.45
138.240,6,en_route_pickup,-0.233,-1.959,-1.000,-1.500,_priority_yield_resume,106,105,0,1,6,0.000,0.55
138.240,7,en_route_delivery,-4.341,1.372,-1.000,1.500,joint_grid_transaction,105,105,2,5,8,0.000,1.00
138.240,8,en_route_pickup,3.398,-4.057,0.000,-3.500,joint_grid_transaction,105,105,1,2,7,0.000,1.00
138.496,1,en_route_pickup,-0.953,-2.495,6.000,3.500,joint_grid_transaction,105,105,1,5,9,0.000,1.00
138.496,2,en_route_pickup,1.793,3.427,-1.000,1.500,joint_grid_transaction,105,105,1,2,2,0.000,1.00
138.496,3,en_route_delivery,-3.451,2.004,0.000,-3.500,joint_grid_transaction,105,105,2,5,3,0.000,0.75
138.496,4,en_route_delivery,4.475,-1.730,3.000,-1.500,joint_grid_transaction,105,105,2,4,4,0.000,1.00
138.496,5,en_route_pickup,-3.893,2.583,1.000,1.500,joint_grid_transaction,105,105,3,5,5,0.000,0.45
138.496,6,en_route_pickup,-0.225,-1.951,-1.000,-1.500,_priority_yield_resume,106,105,0,1,6,0.000,0.55
138.496,7,en_route_delivery,-4.342,1.395,-1.000,1.500,joint_grid_transaction,105,105,2,5,8,0.000,1.00
138.496,8,en_route_pickup,3.398,-4.057,0.000,-3.500,joint_grid_transaction,105,105,1,2,7,0.000,1.00
138.752,1,en_route_pickup,-0.951,-2.516,6.000,3.500,joint_grid_transaction,105,105,1,5,9,0.000,1.00
138.752,2,en_route_pickup,1.793,3.427,-1.000,1.500,joint_grid_transaction,105,105,1,2,2,0.000,1.00
138.752,3,en_route_delivery,-3.451,2.004,0.000,-3.500,joint_grid_transaction,105,105,2,5,3,0.000,0.45
138.752,4,en_route_delivery,4.488,-1.735,3.000,-1.500,joint_grid_transaction,105,105,2,4,4,0.000,1.00
138.752,5,en_route_pickup,-3.893,2.583,1.000,1.500,joint_grid_transaction,105,105,3,5,5,0.000,0.75
138.752,6,en_route_pickup,-0.217,-1.944,-1.000,-1.500,_priority_yield_resume,106,105,0,1,6,0.000,0.55
138.752,7,en_route_delivery,-4.342,1.416,-1.000,1.500,joint_grid_transaction,105,105,2,5,8,0.000,1.00
138.752,8,en_route_pickup,3.398,-4.057,0.000,-3.500,joint_grid_transaction,105,105,1,2,7,0.000,1.00
139.008,1,en_route_pickup,-0.950,-2.536,6.000,3.500,joint_grid_transaction,105,105,1,5,9,0.000,1.00
139.008,2,en_route_pickup,1.793,3.427,-1.000,1.500,joint_grid_transaction,105,105,1,2,2,0.000,1.00
139.008,3,en_route_delivery,-3.451,2.004,0.000,-3.500,joint_grid_transaction,105,105,2,5,3,0.000,0.45
139.008,4,en_route_delivery,4.465,-1.756,3.000,-1.500,joint_grid_transaction,105,105,2,4,4,0.000,1.00
139.008,5,en_route_pickup,-3.893,2.583,1.000,1.500,joint_grid_transaction,105,105,3,5,5,0.000,0.75
139.008,6,en_route_pickup,-0.212,-1.937,-1.000,-1.500,_priority_yield_resume,106,105,0,1,6,0.000,0.55
139.008,7,en_route_delivery,-4.343,1.439,-1.000,1.500,joint_grid_transaction,105,105,2,5,8,0.000,1.00
139.008,8,en_route_pickup,3.398,-4.057,0.000,-3.500,joint_grid_transaction,105,105,1,2,7,0.000,1.00
139.264,1,en_route_pickup,-0.948,-2.529,6.000,3.500,joint_grid_transaction,105,105,2,5,9,0.000,1.00
139.264,2,en_route_pickup,1.793,3.427,-1.000,1.500,joint_grid_transaction,105,105,1,2,2,0.000,1.00
139.264,3,en_route_delivery,-3.451,2.004,0.000,-3.500,joint_grid_transaction,105,105,2,5,3,0.000,0.45
139.264,4,en_route_delivery,4.429,-1.785,3.000,-1.500,joint_grid_transaction,105,105,2,4,4,0.000,1.00
139.264,5,en_route_pickup,-3.893,2.583,1.000,1.500,joint_grid_transaction,105,105,3,5,5,0.000,0.75
139.264,6,en_route_pickup,-0.211,-1.936,-1.000,-1.500,joint_grid_transaction,106,105,0,0,6,149.024,0.40
139.264,7,en_route_delivery,-4.342,1.463,-1.000,1.500,joint_grid_transaction,105,105,2,5,8,0.000,1.00
139.264,8,en_route_pickup,3.398,-4.057,0.000,-3.500,joint_grid_transaction,105,105,1,2,7,0.000,1.00
139.520,1,en_route_pickup,-0.939,-2.531,6.000,3.500,joint_grid_transaction,105,105,2,5,9,0.000,1.00
139.520,2,en_route_pickup,1.793,3.427,-1.000,1.500,joint_grid_transaction,105,105,1,2,2,0.000,1.00
139.520,3,en_route_delivery,-3.451,2.004,0.000,-3.500,joint_grid_transaction,105,105,2,5,3,0.000,0.45
139.520,4,en_route_delivery,4.395,-1.818,3.000,-1.500,joint_grid_transaction,105,105,2,4,4,0.000,1.00
139.520,5,en_route_pickup,-3.893,2.583,1.000,1.500,joint_grid_transaction,105,105,3,5,5,0.000,0.75
139.520,6,en_route_pickup,-0.211,-1.936,-1.000,-1.500,joint_grid_transaction,106,105,0,0,6,149.024,0.40
139.520,7,en_route_delivery,-4.341,1.488,-1.000,1.500,joint_grid_transaction,105,105,2,5,8,0.000,1.00
139.520,8,en_route_pickup,3.398,-4.057,0.000,-3.500,joint_grid_transaction,105,105,1,2,7,0.000,1.00
139.776,1,en_route_pickup,-0.916,-2.571,6.000,3.500,joint_grid_transaction,105,105,2,5,9,0.000,1.00
139.776,2,en_route_pickup,1.793,3.427,-1.000,1.500,joint_grid_transaction,105,105,1,2,2,0.000,1.00
139.776,3,en_route_delivery,-3.451,2.004,0.000,-3.500,joint_grid_transaction,105,105,2,5,3,0.000,1.00
139.776,4,en_route_delivery,4.376,-1.825,3.000,-1.500,joint_grid_transaction,105,105,3,4,4,0.000,1.00
139.776,5,en_route_pickup,-3.893,2.583,1.000,1.500,joint_grid_transaction,105,105,3,5,5,0.000,0.50
139.776,6,en_route_pickup,-0.211,-1.936,-1.000,-1.500,joint_grid_transaction,106,105,0,0,6,149.024,0.40
139.776,7,en_route_delivery,-4.341,1.490,-1.000,1.500,_priority_yield_resume,116,105,0,1,8,0.000,0.55
139.776,8,en_route_pickup,3.398,-4.057,0.000,-3.500,joint_grid_transaction,105,105,1,2,7,0.000,1.00
140.032,1,en_route_pickup,-0.896,-2.592,6.000,3.500,joint_grid_transaction,105,105,3,5,9,0.000,1.00
140.032,2,en_route_pickup,1.793,3.427,-1.000,1.500,joint_grid_transaction,105,105,1,2,2,0.000,1.00
140.032,3,en_route_delivery,-3.451,2.004,0.000,-3.500,joint_grid_transaction,105,105,2,5,3,0.000,0.45
140.032,4,en_route_delivery,4.340,-1.853,3.000,-1.500,joint_grid_transaction,105,105,3,4,4,0.000,1.00
140.032,5,en_route_pickup,-3.893,2.583,1.000,1.500,joint_grid_transaction,105,105,3,5,5,0.000,0.75
140.032,6,en_route_pickup,-0.211,-1.936,-1.000,-1.500,joint_grid_transaction,106,105,0,0,6,149.024,0.40
140.032,7,en_route_delivery,-4.341,1.486,-1.000,1.500,_priority_yield_resume,116,105,0,1,8,0.000,0.55
140.032,8,en_route_pickup,3.398,-4.057,0.000,-3.500,joint_grid_transaction,105,105,1,2,7,0.000,1.00
140.288,1,en_route_pickup,-0.883,-2.578,6.000,3.500,joint_grid_transaction,105,105,3,5,9,0.000,1.00
140.288,2,en_route_pickup,1.793,3.427,-1.000,1.500,joint_grid_transaction,105,105,1,2,2,0.000,1.00
140.288,3,en_route_delivery,-3.451,2.004,0.000,-3.500,joint_grid_transaction,105,105,2,5,3,0.000,0.45
140.288,4,en_route_delivery,4.300,-1.878,3.000,-1.500,joint_grid_transaction,105,105,3,4,4,0.000,1.00
140.288,5,en_route_pickup,-3.893,2.583,1.000,1.500,joint_grid_transaction,105,105,3,5,5,0.000,0.75
140.288,6,en_route_pickup,-0.211,-1.936,-1.000,-1.500,joint_grid_transaction,106,105,0,0,6,149.024,0.40
140.288,7,en_route_delivery,-4.343,1.481,-1.000,1.500,_priority_yield_resume,116,105,0,1,8,0.000,0.55
140.288,8,en_route_pickup,3.398,-4.057,0.000,-3.500,joint_grid_transaction,105,105,1,2,7,0.000,1.00
140.544,1,en_route_pickup,-0.854,-2.595,6.000,3.500,joint_grid_transaction,105,105,3,5,9,0.000,1.00
140.544,2,en_route_pickup,1.793,3.427,-1.000,1.500,joint_grid_transaction,105,105,1,2,2,0.000,1.00
140.544,3,en_route_delivery,-3.451,2.004,0.000,-3.500,joint_grid_transaction,105,105,2,5,3,0.000,0.45
140.544,4,en_route_delivery,4.259,-1.900,3.000,-1.500,joint_grid_transaction,105,105,3,4,4,0.000,1.00
140.544,5,en_route_pickup,-3.893,2.583,1.000,1.500,joint_grid_transaction,105,105,3,5,5,0.000,0.75
140.544,6,en_route_pickup,-0.211,-1.936,-1.000,-1.500,joint_grid_transaction,106,105,0,0,6,149.024,0.40
140.544,7,en_route_delivery,-4.345,1.475,-1.000,1.500,_priority_yield_resume,116,105,0,1,8,0.000,0.55
140.544,8,en_route_pickup,3.398,-4.057,0.000,-3.500,joint_grid_transaction,105,105,1,2,7,0.000,1.00
140.800,1,en_route_pickup,-0.815,-2.621,6.000,3.500,joint_grid_transaction,105,105,3,5,9,0.000,1.00
140.800,2,en_route_pickup,1.793,3.427,-1.000,1.500,joint_grid_transaction,105,105,1,2,2,0.000,1.00
140.800,3,en_route_delivery,-3.451,2.004,0.000,-3.500,joint_grid_transaction,105,105,2,5,3,0.000,0.45
140.800,4,en_route_delivery,4.216,-1.921,3.000,-1.500,joint_grid_transaction,105,105,3,4,4,0.000,1.00
140.800,5,en_route_pickup,-3.893,2.583,1.000,1.500,joint_grid_transaction,105,105,3,5,5,0.000,0.75
140.800,6,en_route_pickup,-0.211,-1.936,-1.000,-1.500,joint_grid_transaction,106,105,0,0,6,149.024,0.40
140.800,7,en_route_delivery,-4.349,1.468,-1.000,1.500,_priority_yield_resume,116,105,0,1,8,0.000,0.55
140.800,8,en_route_pickup,3.398,-4.057,0.000,-3.500,joint_grid_transaction,105,105,1,2,7,0.000,1.00
141.056,1,en_route_pickup,-0.774,-2.644,6.000,3.500,joint_grid_transaction,105,105,3,5,9,0.000,1.00
141.056,2,en_route_pickup,1.793,3.427,-1.000,1.500,joint_grid_transaction,105,105,1,2,2,0.000,1.00
141.056,3,en_route_delivery,-3.451,2.004,0.000,-3.500,joint_grid_transaction,105,105,2,5,3,0.000,0.45
141.056,4,en_route_delivery,4.205,-1.925,3.000,-1.500,joint_grid_transaction,105,105,3,4,4,0.000,1.00
141.056,5,en_route_pickup,-3.893,2.583,1.000,1.500,joint_grid_transaction,105,105,3,5,5,0.000,0.75
141.056,6,en_route_pickup,-0.211,-1.936,-1.000,-1.500,joint_grid_transaction,106,105,0,0,6,149.024,0.40
141.056,7,en_route_delivery,-4.353,1.460,-1.000,1.500,joint_grid_transaction,116,105,0,0,8,151.024,0.40
141.056,8,en_route_pickup,3.398,-4.057,0.000,-3.500,joint_grid_transaction,105,105,1,2,7,0.000,1.00
141.312,1,en_route_pickup,-0.731,-2.664,6.000,3.500,joint_grid_transaction,105,105,3,5,9,0.000,1.00
141.312,2,en_route_pickup,1.793,3.427,-1.000,1.500,joint_grid_transaction,105,105,1,2,2,0.000,1.00
141.312,3,en_route_delivery,-3.451,2.004,0.000,-3.500,joint_grid_transaction,105,105,2,5,3,0.000,0.45
141.312,4,en_route_delivery,4.205,-1.925,3.000,-1.500,joint_grid_transaction,105,105,3,4,4,0.000,1.00
141.312,5,en_route_pickup,-3.893,2.583,1.000,1.500,joint_grid_transaction,105,105,3,5,5,0.000,0.75
141.312,6,en_route_pickup,-0.211,-1.936,-1.000,-1.500,joint_grid_transaction,106,105,0,0,6,149.024,0.40
141.312,7,en_route_delivery,-4.353,1.460,-1.000,1.500,joint_grid_transaction,116,105,0,0,8,151.024,0.40
141.312,8,en_route_pickup,3.398,-4.057,0.000,-3.500,joint_grid_transaction,105,105,1,2,7,0.000,1.00
141.568,1,en_route_pickup,-0.688,-2.683,6.000,3.500,joint_grid_transaction,105,105,3,5,9,0.000,1.00
141.568,2,en_route_pickup,1.793,3.427,-1.000,1.500,joint_grid_transaction,105,105,1,2,2,0.000,1.00
141.568,3,en_route_delivery,-3.451,2.004,0.000,-3.500,joint_grid_transaction,105,105,2,5,3,0.000,0.45
141.568,4,en_route_delivery,4.205,-1.925,3.000,-1.500,joint_grid_transaction,105,105,3,4,4,0.000,1.00
141.568,5,en_route_pickup,-3.893,2.583,1.000,1.500,joint_grid_transaction,105,105,3,5,5,0.000,0.75
141.568,6,en_route_pickup,-0.211,-1.936,-1.000,-1.500,joint_grid_transaction,106,105,0,0,6,149.024,0.40
141.568,7,en_route_delivery,-4.353,1.460,-1.000,1.500,joint_grid_transaction,116,105,0,0,8,0.000,1.00
141.568,8,en_route_pickup,3.398,-4.057,0.000,-3.500,joint_grid_transaction,105,105,1,2,7,0.000,1.00
141.824,1,en_route_pickup,-0.643,-2.698,6.000,3.500,joint_grid_transaction,125,125,2,5,9,0.000,1.00
141.824,2,en_route_pickup,1.794,3.428,-1.000,1.500,joint_grid_transaction,125,125,1,2,2,0.000,1.00
141.824,3,en_route_delivery,-3.450,2.003,0.000,-3.500,joint_grid_transaction,125,125,2,5,3,0.000,0.45
141.824,4,en_route_delivery,4.184,-1.935,3.000,-1.500,joint_grid_transaction,125,125,2,5,4,0.000,1.00
141.824,5,en_route_pickup,-3.893,2.585,1.000,1.500,joint_grid_transaction,125,125,2,5,5,0.000,0.75
141.824,6,en_route_pickup,-0.213,-1.939,-1.000,-1.500,joint_grid_transaction,125,125,1,5,6,149.024,0.40
141.824,7,en_route_delivery,-4.343,1.476,-1.000,1.500,joint_grid_transaction,125,125,1,5,8,0.000,1.00
141.824,8,en_route_pickup,3.391,-4.070,0.000,-3.500,joint_grid_transaction,125,125,1,4,7,0.000,1.00
142.080,1,en_route_pickup,-0.597,-2.709,6.000,3.500,joint_grid_transaction,125,125,2,5,9,0.000,1.00
142.080,2,en_route_pickup,1.794,3.428,-1.000,1.500,joint_grid_transaction,125,125,1,2,2,0.000,1.00
142.080,3,en_route_delivery,-3.447,2.003,0.000,-3.500,joint_grid_transaction,125,125,2,5,3,0.000,0.45
142.080,4,en_route_delivery,4.139,-1.950,3.000,-1.500,joint_grid_transaction,125,125,2,5,4,0.000,1.00
142.080,5,en_route_pickup,-3.893,2.585,1.000,1.500,joint_grid_transaction,125,125,2,5,5,0.000,0.75
142.080,6,en_route_pickup,-0.217,-1.943,-1.000,-1.500,joint_grid_transaction,125,125,1,5,6,149.024,0.40
142.080,7,en_route_delivery,-4.337,1.489,-1.000,1.500,joint_grid_transaction,125,125,1,5,8,0.000,1.00
142.080,8,en_route_pickup,3.389,-4.076,0.000,-3.500,joint_grid_transaction,125,125,1,4,7,0.000,1.00
142.336,1,en_route_pickup,-0.550,-2.718,6.000,3.500,joint_grid_transaction,125,125,2,5,9,0.000,1.00
142.336,2,en_route_pickup,1.794,3.428,-1.000,1.500,joint_grid_transaction,125,125,1,2,2,0.000,1.00
142.336,3,en_route_delivery,-3.443,2.002,0.000,-3.500,joint_grid_transaction,125,125,2,5,3,0.000,0.45
142.336,4,en_route_delivery,4.093,-1.961,3.000,-1.500,joint_grid_transaction,125,125,2,5,4,0.000,1.00
142.336,5,en_route_pickup,-3.893,2.585,1.000,1.500,joint_grid_transaction,125,125,2,5,5,0.000,0.75
142.336,6,en_route_pickup,-0.221,-1.948,-1.000,-1.500,joint_grid_transaction,125,125,1,5,6,149.024,0.40
142.336,7,en_route_delivery,-4.337,1.495,-1.000,1.500,joint_grid_transaction,125,125,1,5,8,0.000,1.00
142.336,8,en_route_pickup,3.382,-4.058,0.000,-3.500,joint_grid_transaction,125,125,1,4,7,0.000,1.00
142.592,1,en_route_pickup,-0.503,-2.726,6.000,3.500,joint_grid_transaction,125,125,2,5,9,0.000,1.00
142.592,2,en_route_pickup,1.794,3.428,-1.000,1.500,joint_grid_transaction,125,125,1,2,2,0.000,1.00
142.592,3,en_route_delivery,-3.439,2.000,0.000,-3.500,joint_grid_transaction,125,125,2,5,3,0.000,0.45
142.592,4,en_route_delivery,4.047,-1.971,3.000,-1.500,joint_grid_transaction,125,125,2,5,4,0.000,1.00
142.592,5,en_route_pickup,-3.893,2.585,1.000,1.500,joint_grid_transaction,125,125,2,5,5,0.000,0.75
142.592,6,en_route_pickup,-0.225,-1.952,-1.000,-1.500,joint_grid_transaction,125,125,1,5,6,149.024,0.40
142.592,7,en_route_delivery,-4.334,1.522,-1.000,1.500,joint_grid_transaction,125,125,1,5,8,0.000,1.00
142.592,8,en_route_pickup,3.363,-4.031,0.000,-3.500,joint_grid_transaction,125,125,1,4,7,0.000,1.00
142.848,1,en_route_pickup,-0.467,-2.730,6.000,3.500,joint_grid_transaction,125,125,2,5,9,0.000,1.00
142.848,2,en_route_pickup,1.794,3.428,-1.000,1.500,joint_grid_transaction,125,125,1,2,2,0.000,1.00
142.848,3,en_route_delivery,-3.435,1.998,0.000,-3.500,joint_grid_transaction,125,125,2,5,3,0.000,0.45
142.848,4,en_route_delivery,4.000,-1.978,3.000,-1.500,joint_grid_transaction,125,125,2,5,4,0.000,1.00
142.848,5,en_route_pickup,-3.893,2.585,1.000,1.500,joint_grid_transaction,125,125,2,5,5,0.000,0.75
142.848,6,en_route_pickup,-0.230,-1.956,-1.000,-1.500,joint_grid_transaction,125,125,1,5,6,149.024,0.40
142.848,7,en_route_delivery,-4.330,1.554,-1.000,1.500,joint_grid_transaction,125,125,1,5,8,0.000,1.00
142.848,8,en_route_pickup,3.338,-4.007,0.000,-3.500,joint_grid_transaction,125,125,1,4,7,0.000,1.00
143.104,1,en_route_pickup,-0.432,-2.736,6.000,3.500,joint_grid_transaction,125,125,3,5,9,0.000,1.00
143.104,2,en_route_pickup,1.794,3.428,-1.000,1.500,joint_grid_transaction,125,125,1,2,2,0.000,1.00
143.104,3,en_route_delivery,-3.430,1.996,0.000,-3.500,joint_grid_transaction,125,125,2,5,3,0.000,0.45
143.104,4,en_route_delivery,3.952,-1.984,3.000,-1.500,joint_grid_transaction,125,125,3,5,4,0.000,1.00
143.104,5,en_route_pickup,-3.893,2.585,1.000,1.500,joint_grid_transaction,125,125,3,5,5,0.000,0.75
143.104,6,en_route_pickup,-0.234,-1.960,-1.000,-1.500,joint_grid_transaction,125,125,1,5,6,149.024,0.40
143.104,7,en_route_delivery,-4.325,1.599,-1.000,1.500,joint_grid_transaction,125,125,2,5,8,0.000,1.00
143.104,8,en_route_pickup,3.322,-3.996,0.000,-3.500,joint_grid_transaction,125,125,1,4,7,0.000,1.00
143.360,1,en_route_pickup,-0.429,-2.736,6.000,3.500,joint_grid_transaction,126,126,1,5,9,0.000,1.00
143.360,2,en_route_pickup,1.795,3.429,-1.000,1.500,joint_grid_transaction,126,126,1,2,2,0.000,1.00
143.360,3,en_route_delivery,-3.425,1.993,0.000,-3.500,joint_grid_transaction,126,126,2,5,3,0.000,0.45
143.360,4,en_route_delivery,3.907,-1.989,3.000,-1.500,joint_grid_transaction,126,126,2,5,4,0.000,1.00
143.360,5,en_route_pickup,-3.893,2.587,1.000,1.500,joint_grid_transaction,126,126,2,5,5,0.000,0.75
143.360,6,en_route_pickup,-0.234,-1.960,-1.000,-1.500,joint_grid_transaction,126,126,1,5,6,149.024,0.40
143.360,7,en_route_delivery,-4.319,1.645,-1.000,1.500,joint_grid_transaction,126,126,2,5,8,0.000,1.00
143.360,8,en_route_pickup,3.306,-3.996,0.000,-3.500,joint_grid_transaction,126,126,1,5,7,0.000,1.00
143.616,1,en_route_pickup,-0.429,-2.736,6.000,3.500,joint_grid_transaction,126,126,1,5,9,0.000,1.00
143.616,2,en_route_pickup,1.795,3.429,-1.000,1.500,joint_grid_transaction,126,126,1,2,2,0.000,1.00
143.616,3,en_route_delivery,-3.419,1.989,0.000,-3.500,joint_grid_transaction,126,126,2,5,3,0.000,0.45
143.616,4,en_route_delivery,3.864,-1.992,3.000,-1.500,joint_grid_transaction,126,126,2,5,4,0.000,1.00
143.616,5,en_route_pickup,-3.893,2.587,1.000,1.500,joint_grid_transaction,126,126,2,5,5,0.000,0.75
143.616,6,en_route_pickup,-0.234,-1.960,-1.000,-1.500,joint_grid_transaction,126,126,1,5,6,149.024,0.40
143.616,7,en_route_delivery,-4.312,1.692,-1.000,1.500,joint_grid_transaction,126,126,2,5,8,0.000,1.00
143.616,8,en_route_pickup,3.261,-4.007,0.000,-3.500,joint_grid_transaction,126,126,1,5,7,0.000,1.00
143.872,1,en_route_pickup,-0.429,-2.736,6.000,3.500,joint_grid_transaction,126,126,1,5,9,0.000,1.00
143.872,2,en_route_pickup,1.795,3.429,-1.000,1.500,joint_grid_transaction,126,126,1,2,2,0.000,1.00
143.872,3,en_route_delivery,-3.414,1.985,0.000,-3.500,joint_grid_transaction,126,126,2,5,3,0.000,0.45
143.872,4,en_route_delivery,3.822,-1.996,3.000,-1.500,joint_grid_transaction,126,126,2,5,4,0.000,1.00
143.872,5,en_route_pickup,-3.893,2.587,1.000,1.500,joint_grid_transaction,126,126,2,5,5,0.000,0.75
143.872,6,en_route_pickup,-0.234,-1.960,-1.000,-1.500,joint_grid_transaction,126,126,1,5,6,149.024,0.40
143.872,7,en_route_delivery,-4.304,1.739,-1.000,1.500,joint_grid_transaction,126,126,2,5,8,0.000,1.00
143.872,8,en_route_pickup,3.215,-4.013,0.000,-3.500,joint_grid_transaction,126,126,1,5,7,0.000,1.00
144.128,1,en_route_pickup,-0.429,-2.736,6.000,3.500,joint_grid_transaction,126,126,1,5,9,0.000,1.00
144.128,2,en_route_pickup,1.795,3.429,-1.000,1.500,joint_grid_transaction,126,126,1,2,2,0.000,1.00
144.128,3,en_route_delivery,-3.407,1.979,0.000,-3.500,_priority_yield_resume,127,126,2,1,3,0.000,0.55
144.128,4,en_route_delivery,3.780,-2.000,3.000,-1.500,joint_grid_transaction,126,126,2,5,4,0.000,1.00
144.128,5,en_route_pickup,-3.893,2.587,1.000,1.500,joint_grid_transaction,126,126,2,5,5,0.000,1.00
144.128,6,en_route_pickup,-0.234,-1.960,-1.000,-1.500,joint_grid_transaction,126,126,1,5,6,149.024,0.40
144.128,7,en_route_delivery,-4.297,1.773,-1.000,1.500,joint_grid_transaction,126,126,2,5,8,0.000,0.50
144.128,8,en_route_pickup,3.171,-4.016,0.000,-3.500,joint_grid_transaction,126,126,2,5,7,0.000,1.00
144.384,1,en_route_pickup,-0.429,-2.736,6.000,3.500,joint_grid_transaction,126,126,1,5,9,0.000,1.00
144.384,2,en_route_pickup,1.795,3.429,-1.000,1.500,joint_grid_transaction,126,126,1,2,2,0.000,1.00
144.384,3,en_route_delivery,-3.399,1.971,0.000,-3.500,_priority_yield_resume,127,126,0,1,3,0.000,0.55
144.384,4,en_route_delivery,3.740,-2.004,3.000,-1.500,joint_grid_transaction,126,126,2,5,4,0.000,1.00
144.384,5,en_route_pickup,-3.893,2.586,1.000,1.500,joint_grid_transaction,126,126,3,5,5,0.000,1.00
144.384,6,en_route_pickup,-0.234,-1.960,-1.000,-1.500,joint_grid_transaction,126,126,1,5,6,149.024,0.40
144.384,7,en_route_delivery,-4.295,1.784,-1.000,1.500,joint_grid_transaction,126,126,2,5,8,0.000,0.50
144.384,8,en_route_pickup,3.131,-4.019,0.000,-3.500,joint_grid_transaction,126,126,2,5,7,0.000,1.00
144.640,1,en_route_pickup,-0.429,-2.736,6.000,3.500,joint_grid_transaction,126,126,1,5,9,0.000,1.00
144.640,2,en_route_pickup,1.795,3.429,-1.000,1.500,joint_grid_transaction,126,126,1,2,2,0.000,1.00
144.640,3,en_route_delivery,-3.391,1.963,0.000,-3.500,_priority_yield_resume,127,126,0,1,3,0.000,0.55
144.640,4,en_route_delivery,3.700,-2.008,3.000,-1.500,joint_grid_transaction,126,126,2,5,4,0.000,1.00
144.640,5,en_route_pickup,-3.893,2.586,1.000,1.500,joint_grid_transaction,126,126,3,5,5,0.000,1.00
144.640,6,en_route_pickup,-0.234,-1.960,-1.000,-1.500,joint_grid_transaction,126,126,1,5,6,149.024,0.40
144.640,7,en_route_delivery,-4.294,1.782,-1.000,1.500,joint_grid_transaction,126,126,3,5,8,0.000,0.50
144.640,8,en_route_pickup,3.093,-4.022,0.000,-3.500,joint_grid_transaction,126,126,2,5,7,0.000,1.00
144.896,1,en_route_pickup,-0.429,-2.736,6.000,3.500,joint_grid_transaction,126,126,1,5,9,0.000,1.00
144.896,2,en_route_pickup,1.795,3.429,-1.000,1.500,joint_grid_transaction,126,126,1,2,2,0.000,1.00
144.896,3,en_route_delivery,-3.385,1.955,0.000,-3.500,_priority_yield_resume,127,126,0,1,3,0.000,0.55
144.896,4,en_route_delivery,3.661,-2.011,3.000,-1.500,joint_grid_transaction,126,126,3,5,4,0.000,1.00
144.896,5,en_route_pickup,-3.886,2.579,1.000,1.500,joint_grid_transaction,126,126,3,5,5,0.000,1.00
144.896,6,en_route_pickup,-0.234,-1.960,-1.000,-1.500,joint_grid_transaction,126,126,1,5,6,149.024,0.40
144.896,7,en_route_delivery,-4.293,1.778,-1.000,1.500,joint_grid_transaction,126,126,3,5,8,0.000,0.50
144.896,8,en_route_pickup,3.055,-4.024,0.000,-3.500,joint_grid_transaction,126,126,2,5,7,0.000,1.00
145.152,1,en_route_pickup,-0.429,-2.736,6.000,3.500,joint_grid_transaction,126,126,1,5,9,0.000,1.00
145.152,2,en_route_pickup,1.795,3.429,-1.000,1.500,joint_grid_transaction,126,126,1,2,2,0.000,1.00
145.152,3,en_route_delivery,-3.379,1.947,0.000,-3.500,_priority_yield_resume,127,126,0,1,3,0.000,0.55
145.152,4,en_route_delivery,3.622,-2.015,3.000,-1.500,joint_grid_transaction,126,126,3,5,4,0.000,1.00
145.152,5,en_route_pickup,-3.862,2.593,1.000,1.500,joint_grid_transaction,126,126,3,5,5,0.000,1.00
145.152,6,en_route_pickup,-0.234,-1.960,-1.000,-1.500,joint_grid_transaction,126,126,1,5,6,149.024,0.40
145.152,7,en_route_delivery,-4.292,1.775,-1.000,1.500,joint_grid_transaction,126,126,3,5,8,0.000,0.50
145.152,8,en_route_pickup,3.019,-4.027,0.000,-3.500,joint_grid_transaction,126,126,2,5,7,0.000,1.00
145.408,1,en_route_pickup,-0.429,-2.736,6.000,3.500,joint_grid_transaction,126,126,1,5,9,0.000,1.00
145.408,2,en_route_pickup,1.795,3.429,-1.000,1.500,joint_grid_transaction,126,126,1,2,2,0.000,1.00
145.408,3,en_route_delivery,-3.375,1.939,0.000,-3.500,_priority_yield_resume,127,126,0,1,3,0.000,0.55
145.408,4,en_route_delivery,3.584,-2.018,3.000,-1.500,joint_grid_transaction,126,126,3,5,4,0.000,1.00
145.408,5,en_route_pickup,-3.823,2.619,1.000,1.500,joint_grid_transaction,126,126,3,5,5,0.000,1.00
145.408,6,en_route_pickup,-0.234,-1.960,-1.000,-1.500,joint_grid_transaction,126,126,1,5,6,149.024,0.40
145.408,7,en_route_delivery,-4.290,1.771,-1.000,1.500,joint_grid_transaction,126,126,3,5,8,0.000,0.50
145.408,8,en_route_pickup,2.984,-4.029,0.000,-3.500,joint_grid_transaction,126,126,2,5,7,0.000,1.00
145.664,1,en_route_pickup,-0.429,-2.736,6.000,3.500,joint_grid_transaction,126,126,1,5,9,0.000,1.00
145.664,2,en_route_pickup,1.795,3.429,-1.000,1.500,joint_grid_transaction,126,126,1,2,2,0.000,1.00
145.664,3,en_route_delivery,-3.374,1.936,0.000,-3.500,joint_grid_transaction,127,126,0,0,3,155.520,0.40
145.664,4,en_route_delivery,3.548,-2.021,3.000,-1.500,joint_grid_transaction,126,126,3,5,4,0.000,1.00
145.664,5,en_route_pickup,-3.782,2.642,1.000,1.500,joint_grid_transaction,126,126,3,5,5,0.000,1.00
145.664,6,en_route_pickup,-0.234,-1.960,-1.000,-1.500,joint_grid_transaction,126,126,1,5,6,149.024,0.40
145.664,7,en_route_delivery,-4.288,1.768,-1.000,1.500,joint_grid_transaction,126,126,3,5,8,0.000,0.50
145.664,8,en_route_pickup,2.949,-4.031,0.000,-3.500,joint_grid_transaction,126,126,3,5,7,0.000,1.00
145.920,1,en_route_pickup,-0.429,-2.736,6.000,3.500,joint_grid_transaction,126,126,1,5,9,0.000,1.00
145.920,2,en_route_pickup,1.795,3.429,-1.000,1.500,joint_grid_transaction,126,126,1,2,2,0.000,1.00
145.920,3,en_route_delivery,-3.374,1.936,0.000,-3.500,joint_grid_transaction,127,126,0,0,3,155.520,0.40
145.920,4,en_route_delivery,3.513,-2.025,3.000,-1.500,joint_grid_transaction,126,126,3,5,4,0.000,1.00
145.920,5,en_route_pickup,-3.739,2.662,1.000,1.500,joint_grid_transaction,126,126,3,5,5,0.000,1.00
145.920,6,en_route_pickup,-0.234,-1.960,-1.000,-1.500,joint_grid_transaction,126,126,1,5,6,149.024,0.40
145.920,7,en_route_delivery,-4.287,1.765,-1.000,1.500,joint_grid_transaction,126,126,3,5,8,0.000,0.50
145.920,8,en_route_pickup,2.912,-4.034,0.000,-3.500,joint_grid_transaction,126,126,3,5,7,0.000,1.00
146.176,1,en_route_pickup,-0.429,-2.736,6.000,3.500,joint_grid_transaction,131,126,1,12,9,0.000,1.00
146.176,2,en_route_pickup,1.795,3.430,-1.000,1.500,joint_grid_transaction,131,126,1,2,2,0.000,1.00
146.176,3,en_route_delivery,-3.374,1.936,0.000,-3.500,joint_grid_transaction,131,126,0,12,3,155.520,0.40
146.176,4,en_route_delivery,3.479,-2.028,3.000,-1.500,joint_grid_transaction,131,126,3,5,4,0.000,1.00
146.176,5,en_route_pickup,-3.695,2.681,1.000,1.500,joint_grid_transaction,131,126,3,13,5,0.000,1.00
146.176,6,en_route_pickup,-0.234,-1.960,-1.000,-1.500,joint_grid_transaction,131,126,1,6,6,149.024,0.40
146.176,7,en_route_delivery,-4.286,1.763,-1.000,1.500,joint_grid_transaction,131,126,3,13,8,0.000,0.50
146.176,8,en_route_pickup,2.878,-4.036,0.000,-3.500,joint_grid_transaction,131,126,3,13,7,0.000,1.00
146.432,1,en_route_pickup,-0.429,-2.736,6.000,3.500,joint_grid_transaction,131,131,0,12,9,0.000,1.00
146.432,2,en_route_pickup,1.795,3.430,-1.000,1.500,joint_grid_transaction,131,131,1,2,2,0.000,1.00
146.432,3,en_route_delivery,-3.376,1.940,0.000,-3.500,joint_grid_transaction,131,131,1,12,3,155.520,0.40
146.432,4,en_route_delivery,3.445,-2.031,3.000,-1.500,joint_grid_transaction,131,131,2,5,4,0.000,1.00
146.432,5,en_route_pickup,-3.651,2.696,1.000,1.500,joint_grid_transaction,131,131,2,13,5,0.000,1.00
146.432,6,en_route_pickup,-0.234,-1.960,-1.000,-1.500,joint_grid_transaction,131,131,0,6,6,149.024,0.40
146.432,7,en_route_delivery,-4.289,1.770,-1.000,1.500,joint_grid_transaction,131,131,2,13,8,0.000,0.50
146.432,8,en_route_pickup,2.843,-4.039,0.000,-3.500,joint_grid_transaction,131,131,2,13,7,0.000,1.00
146.688,1,en_route_pickup,-0.429,-2.736,6.000,3.500,joint_grid_transaction,131,131,0,12,9,0.000,1.00
146.688,2,en_route_pickup,1.795,3.430,-1.000,1.500,joint_grid_transaction,131,131,1,2,2,0.000,1.00
146.688,3,en_route_delivery,-3.377,1.943,0.000,-3.500,joint_grid_transaction,131,131,1,12,3,155.520,0.40
146.688,4,en_route_delivery,3.409,-2.034,3.000,-1.500,joint_grid_transaction,131,131,2,5,4,0.000,1.00
146.688,5,en_route_pickup,-3.616,2.705,1.000,1.500,joint_grid_transaction,131,131,2,13,5,0.000,1.00
146.688,6,en_route_pickup,-0.234,-1.960,-1.000,-1.500,joint_grid_transaction,131,131,0,6,6,149.024,0.40
146.688,7,en_route_delivery,-4.292,1.775,-1.000,1.500,joint_grid_transaction,131,131,2,13,8,0.000,0.50
146.688,8,en_route_pickup,2.810,-4.041,0.000,-3.500,joint_grid_transaction,131,131,2,13,7,0.000,1.00
146.944,1,en_route_pickup,-0.429,-2.736,6.000,3.500,joint_grid_transaction,131,131,0,12,9,0.000,1.00
146.944,2,en_route_pickup,1.795,3.430,-1.000,1.500,joint_grid_transaction,131,131,1,2,2,0.000,1.00
146.944,3,en_route_delivery,-3.377,1.943,0.000,-3.500,joint_grid_transaction,131,131,1,12,3,155.520,0.40
146.944,4,en_route_delivery,3.375,-2.037,3.000,-1.500,joint_grid_transaction,131,131,2,5,4,0.000,1.00
146.944,5,en_route_pickup,-3.616,2.705,1.000,1.500,joint_grid_transaction,131,131,2,13,5,0.000,1.00
146.944,6,en_route_pickup,-0.234,-1.960,-1.000,-1.500,joint_grid_transaction,131,131,0,6,6,149.024,0.40
146.944,7,en_route_delivery,-4.294,1.780,-1.000,1.500,joint_grid_transaction,131,131,2,13,8,0.000,0.50
146.944,8,en_route_pickup,2.778,-4.044,0.000,-3.500,joint_grid_transaction,131,131,2,13,7,0.000,1.00
147.200,1,en_route_pickup,-0.429,-2.736,6.000,3.500,joint_grid_transaction,132,131,0,12,9,0.000,1.00
147.200,2,en_route_pickup,1.796,3.430,-1.000,1.500,joint_grid_transaction,132,131,1,2,2,0.000,1.00
147.200,3,en_route_delivery,-3.377,1.943,0.000,-3.500,joint_grid_transaction,132,131,1,12,3,155.520,0.40
147.200,4,en_route_delivery,3.342,-2.040,3.000,-1.500,joint_grid_transaction,132,131,2,5,4,0.000,1.00
147.200,5,en_route_pickup,-3.616,2.706,1.000,1.500,joint_grid_transaction,132,131,2,12,5,0.000,1.00
147.200,6,en_route_pickup,-0.234,-1.960,-1.000,-1.500,joint_grid_transaction,132,131,0,6,6,149.024,0.40
147.200,7,en_route_delivery,-4.294,1.785,-1.000,1.500,joint_grid_transaction,132,131,2,13,8,0.000,0.50
147.200,8,en_route_pickup,2.748,-4.046,0.000,-3.500,joint_grid_transaction,132,131,2,13,7,0.000,1.00
147.456,1,en_route_pickup,-0.429,-2.736,6.000,3.500,joint_grid_transaction,132,132,0,12,9,0.000,1.00
147.456,2,en_route_pickup,1.796,3.430,-1.000,1.500,joint_grid_transaction,132,132,1,2,2,0.000,1.00
147.456,3,en_route_delivery,-3.377,1.943,0.000,-3.500,joint_grid_transaction,132,132,0,12,3,155.520,0.40
147.456,4,en_route_delivery,3.310,-2.042,3.000,-1.500,joint_grid_transaction,132,132,2,5,4,0.000,1.00
147.456,5,en_route_pickup,-3.616,2.706,1.000,1.500,joint_grid_transaction,132,132,1,12,5,0.000,1.00
147.456,6,en_route_pickup,-0.234,-1.960,-1.000,-1.500,joint_grid_transaction,132,132,0,6,6,149.024,0.40
147.456,7,en_route_delivery,-4.293,1.781,-1.000,1.500,joint_grid_transaction,132,132,2,13,8,0.000,0.50
147.456,8,en_route_pickup,2.720,-4.048,0.000,-3.500,joint_grid_transaction,132,132,1,13,7,0.000,1.00
147.712,1,en_route_pickup,-0.429,-2.736,6.000,3.500,joint_grid_transaction,132,132,0,12,9,0.000,1.00
147.712,2,en_route_pickup,1.796,3.430,-1.000,1.500,joint_grid_transaction,132,132,1,2,2,0.000,1.00
147.712,3,en_route_delivery,-3.377,1.943,0.000,-3.500,joint_grid_transaction,132,132,0,12,3,155.520,0.40
147.712,4,en_route_delivery,3.279,-2.045,3.000,-1.500,joint_grid_transaction,132,132,2,5,4,0.000,1.00
147.712,5,en_route_pickup,-3.616,2.706,1.000,1.500,joint_grid_transaction,132,132,1,12,5,0.000,1.00
147.712,6,en_route_pickup,-0.234,-1.960,-1.000,-1.500,joint_grid_transaction,132,132,0,6,6,149.024,0.40
147.712,7,en_route_delivery,-4.291,1.777,-1.000,1.500,joint_grid_transaction,132,132,2,13,8,0.000,0.50
147.712,8,en_route_pickup,2.687,-4.050,0.000,-3.500,joint_grid_transaction,132,132,2,13,7,0.000,1.00
147.968,1,en_route_pickup,-0.429,-2.736,6.000,3.500,joint_grid_transaction,132,132,0,12,9,0.000,1.00
147.968,2,en_route_pickup,1.796,3.430,-1.000,1.500,joint_grid_transaction,132,132,1,2,2,0.000,1.00
147.968,3,en_route_delivery,-3.377,1.943,0.000,-3.500,joint_grid_transaction,132,132,0,12,3,155.520,0.40
147.968,4,en_route_delivery,3.250,-2.047,3.000,-1.500,joint_grid_transaction,132,132,2,5,4,0.000,1.00
147.968,5,en_route_pickup,-3.616,2.706,1.000,1.500,joint_grid_transaction,132,132,1,12,5,0.000,1.00
147.968,6,en_route_pickup,-0.234,-1.960,-1.000,-1.500,joint_grid_transaction,132,132,0,6,6,149.024,0.40
147.968,7,en_route_delivery,-4.290,1.774,-1.000,1.500,joint_grid_transaction,132,132,2,13,8,0.000,0.50
147.968,8,en_route_pickup,2.654,-4.053,0.000,-3.500,joint_grid_transaction,132,132,2,13,7,0.000,1.00
148.224,1,en_route_pickup,-0.429,-2.736,6.000,3.500,joint_grid_transaction,132,132,0,12,9,0.000,1.00
148.224,2,en_route_pickup,1.796,3.430,-1.000,1.500,joint_grid_transaction,132,132,1,2,2,0.000,1.00
148.224,3,en_route_delivery,-3.377,1.943,0.000,-3.500,joint_grid_transaction,132,132,0,12,3,155.520,0.40
148.224,4,en_route_pickup,3.223,-2.050,-3.000,-1.500,joint_grid_transaction,132,132,2,7,10,0.000,1.00
148.224,5,en_route_pickup,-3.616,2.706,1.000,1.500,joint_grid_transaction,132,132,1,12,5,0.000,1.00
148.224,6,en_route_pickup,-0.234,-1.960,-1.000,-1.500,joint_grid_transaction,132,132,0,6,6,149.024,0.40
148.224,7,en_route_delivery,-4.288,1.770,-1.000,1.500,joint_grid_transaction,132,132,2,13,8,0.000,0.50
148.224,8,en_route_pickup,2.622,-4.055,0.000,-3.500,joint_grid_transaction,132,132,2,13,7,0.000,1.00
148.480,1,en_route_pickup,-0.429,-2.736,6.000,3.500,joint_grid_transaction,132,132,0,12,9,0.000,1.00
148.480,2,en_route_pickup,1.796,3.430,-1.000,1.500,joint_grid_transaction,132,132,1,2,2,0.000,1.00
148.480,3,en_route_delivery,-3.377,1.943,0.000,-3.500,joint_grid_transaction,132,132,0,12,3,155.520,0.40
148.480,4,en_route_pickup,3.214,-2.049,-3.000,-1.500,joint_grid_transaction,132,132,2,7,10,0.000,1.00
148.480,5,en_route_pickup,-3.616,2.706,1.000,1.500,joint_grid_transaction,132,132,1,12,5,0.000,1.00
148.480,6,en_route_pickup,-0.234,-1.960,-1.000,-1.500,joint_grid_transaction,132,132,0,6,6,149.024,0.40
148.480,7,en_route_delivery,-4.286,1.767,-1.000,1.500,joint_grid_transaction,132,132,2,13,8,0.000,0.50
148.480,8,en_route_pickup,2.591,-4.057,0.000,-3.500,joint_grid_transaction,132,132,2,13,7,0.000,1.00
148.736,1,en_route_pickup,-0.429,-2.736,6.000,3.500,joint_grid_transaction,132,132,0,12,9,0.000,1.00
148.736,2,en_route_pickup,1.796,3.430,-1.000,1.500,joint_grid_transaction,132,132,1,2,2,0.000,1.00
148.736,3,en_route_delivery,-3.377,1.943,0.000,-3.500,joint_grid_transaction,132,132,0,12,3,155.520,0.40
148.736,4,en_route_pickup,3.228,-2.045,-3.000,-1.500,joint_grid_transaction,132,132,3,7,10,0.000,1.00
148.736,5,en_route_pickup,-3.616,2.706,1.000,1.500,joint_grid_transaction,132,132,1,12,5,0.000,1.00
148.736,6,en_route_pickup,-0.234,-1.960,-1.000,-1.500,joint_grid_transaction,132,132,0,6,6,149.024,0.40
148.736,7,en_route_delivery,-4.285,1.765,-1.000,1.500,joint_grid_transaction,132,132,2,13,8,0.000,0.50
148.736,8,en_route_pickup,2.562,-4.060,0.000,-3.500,joint_grid_transaction,132,132,2,13,7,0.000,1.00
148.992,1,en_route_pickup,-0.429,-2.736,6.000,3.500,joint_grid_transaction,132,132,0,12,9,0.000,1.00
148.992,2,en_route_pickup,1.796,3.430,-1.000,1.500,joint_grid_transaction,132,132,1,2,2,0.000,1.00
148.992,3,en_route_delivery,-3.377,1.943,0.000,-3.500,joint_grid_transaction,132,132,0,12,3,155.520,0.40
148.992,4,en_route_pickup,3.240,-2.038,-3.000,-1.500,joint_grid_transaction,132,132,3,7,10,0.000,1.00
148.992,5,en_route_pickup,-3.616,2.706,1.000,1.500,joint_grid_transaction,132,132,1,12,5,0.000,1.00
148.992,6,en_route_pickup,-0.234,-1.960,-1.000,-1.500,joint_grid_transaction,132,132,0,6,6,149.024,0.40
148.992,7,en_route_delivery,-4.282,1.764,-1.000,1.500,joint_grid_transaction,132,132,2,13,8,0.000,0.50
148.992,8,en_route_pickup,2.535,-4.062,0.000,-3.500,joint_grid_transaction,132,132,2,13,7,0.000,1.00
149.248,1,en_route_pickup,-0.429,-2.736,6.000,3.500,joint_grid_transaction,134,134,0,12,9,0.000,1.00
149.248,2,en_route_pickup,1.797,3.431,-1.000,1.500,joint_grid_transaction,134,134,1,2,2,0.000,1.00
149.248,3,en_route_delivery,-3.377,1.943,0.000,-3.500,joint_grid_transaction,134,134,0,12,3,155.520,0.40
149.248,4,en_route_pickup,3.222,-2.033,-3.000,-1.500,joint_grid_transaction,134,134,1,13,10,0.000,1.00
149.248,5,en_route_pickup,-3.616,2.706,1.000,1.500,joint_grid_transaction,134,134,0,13,5,0.000,1.00
149.248,6,en_route_pickup,-0.234,-1.960,-1.000,-1.500,joint_grid_transaction,134,134,0,6,6,0.000,0.40
149.248,7,en_route_delivery,-4.281,1.770,-1.000,1.500,joint_grid_transaction,134,134,1,13,8,0.000,0.50
149.248,8,en_route_pickup,2.512,-4.063,0.000,-3.500,joint_grid_transaction,134,134,1,13,7,0.000,1.00
149.504,1,en_route_pickup,-0.429,-2.736,6.000,3.500,joint_grid_transaction,134,134,0,12,9,0.000,1.00
149.504,2,en_route_pickup,1.797,3.431,-1.000,1.500,joint_grid_transaction,134,134,1,2,2,0.000,1.00
149.504,3,en_route_delivery,-3.377,1.943,0.000,-3.500,joint_grid_transaction,134,134,0,12,3,155.520,0.40
149.504,4,en_route_pickup,3.211,-2.040,-3.000,-1.500,joint_grid_transaction,134,134,2,13,10,0.000,1.00
149.504,5,en_route_pickup,-3.616,2.706,1.000,1.500,joint_grid_transaction,134,134,0,13,5,0.000,1.00
149.504,6,en_route_pickup,-0.234,-1.960,-1.000,-1.500,joint_grid_transaction,134,134,0,6,6,0.000,0.40
149.504,7,en_route_delivery,-4.283,1.773,-1.000,1.500,joint_grid_transaction,134,134,1,13,8,0.000,0.50
149.504,8,en_route_pickup,2.490,-4.064,0.000,-3.500,joint_grid_transaction,134,134,1,13,7,0.000,1.00
149.760,1,en_route_pickup,-0.429,-2.736,6.000,3.500,joint_grid_transaction,134,134,0,12,9,0.000,1.00
149.760,2,en_route_pickup,1.797,3.431,-1.000,1.500,joint_grid_transaction,134,134,1,2,2,0.000,1.00
149.760,3,en_route_delivery,-3.377,1.943,0.000,-3.500,joint_grid_transaction,134,134,0,12,3,155.520,0.40
149.760,4,en_route_pickup,3.177,-2.029,-3.000,-1.500,joint_grid_transaction,134,134,2,13,10,0.000,1.00
149.760,5,en_route_pickup,-3.616,2.706,1.000,1.500,joint_grid_transaction,134,134,0,13,5,0.000,1.00
149.760,6,en_route_pickup,-0.234,-1.960,-1.000,-1.500,joint_grid_transaction,134,134,0,6,6,0.000,1.00
149.760,7,en_route_delivery,-4.285,1.776,-1.000,1.500,joint_grid_transaction,134,134,1,13,8,0.000,0.50
149.760,8,en_route_pickup,2.469,-4.064,0.000,-3.500,joint_grid_transaction,134,134,1,13,7,0.000,1.00
150.016,1,en_route_pickup,-0.429,-2.736,6.000,3.500,joint_grid_transaction,134,134,0,12,9,0.000,1.00
150.016,2,en_route_pickup,1.797,3.431,-1.000,1.500,joint_grid_transaction,134,134,1,2,2,0.000,1.00
150.016,3,en_route_delivery,-3.377,1.943,0.000,-3.500,joint_grid_transaction,134,134,0,12,3,155.520,0.40
150.016,4,en_route_pickup,3.132,-2.018,-3.000,-1.500,joint_grid_transaction,134,134,2,13,10,0.000,1.00
150.016,5,en_route_pickup,-3.616,2.706,1.000,1.500,joint_grid_transaction,134,134,0,13,5,0.000,1.00
150.016,6,en_route_pickup,-0.234,-1.960,-1.000,-1.500,joint_grid_transaction,134,134,0,6,6,0.000,1.00
150.016,7,en_route_delivery,-4.286,1.779,-1.000,1.500,joint_grid_transaction,134,134,1,13,8,0.000,0.50
150.016,8,en_route_pickup,2.437,-4.064,0.000,-3.500,joint_grid_transaction,134,134,2,13,7,0.000,1.00
150.272,1,en_route_pickup,-0.429,-2.736,6.000,3.500,joint_grid_transaction,134,134,0,12,9,0.000,1.00
150.272,2,en_route_pickup,1.797,3.431,-1.000,1.500,joint_grid_transaction,134,134,1,2,2,0.000,1.00
150.272,3,en_route_delivery,-3.377,1.943,0.000,-3.500,joint_grid_transaction,134,134,0,12,3,155.520,0.40
150.272,4,en_route_pickup,3.085,-2.010,-3.000,-1.500,joint_grid_transaction,134,134,2,13,10,0.000,1.00
150.272,5,en_route_pickup,-3.616,2.706,1.000,1.500,joint_grid_transaction,134,134,0,13,5,0.000,1.00
150.272,6,en_route_pickup,-0.234,-1.960,-1.000,-1.500,joint_grid_transaction,134,134,0,6,6,0.000,1.00
150.272,7,en_route_delivery,-4.284,1.782,-1.000,1.500,joint_grid_transaction,134,134,2,13,8,0.000,0.50
150.272,8,en_route_pickup,2.401,-4.065,0.000,-3.500,joint_grid_transaction,134,134,2,13,7,0.000,1.00
150.528,1,en_route_pickup,-0.429,-2.736,6.000,3.500,joint_grid_transaction,134,134,0,12,9,0.000,1.00
150.528,2,en_route_pickup,1.797,3.431,-1.000,1.500,joint_grid_transaction,134,134,1,2,2,0.000,1.00
150.528,3,en_route_delivery,-3.377,1.943,0.000,-3.500,joint_grid_transaction,134,134,0,12,3,155.520,0.40
150.528,4,en_route_pickup,3.038,-2.005,-3.000,-1.500,joint_grid_transaction,134,134,2,13,10,0.000,1.00
150.528,5,en_route_pickup,-3.616,2.706,1.000,1.500,joint_grid_transaction,134,134,0,13,5,0.000,1.00
150.528,6,en_route_pickup,-0.234,-1.960,-1.000,-1.500,joint_grid_transaction,134,134,0,6,6,0.000,1.00
150.528,7,en_route_delivery,-4.282,1.779,-1.000,1.500,joint_grid_transaction,134,134,2,13,8,0.000,0.50
150.528,8,en_route_pickup,2.366,-4.065,0.000,-3.500,joint_grid_transaction,134,134,2,13,7,0.000,1.00
150.784,1,en_route_pickup,-0.429,-2.736,6.000,3.500,joint_grid_transaction,134,134,0,12,9,0.000,1.00
150.784,2,en_route_pickup,1.797,3.431,-1.000,1.500,joint_grid_transaction,134,134,1,2,2,0.000,1.00
150.784,3,en_route_delivery,-3.377,1.943,0.000,-3.500,joint_grid_transaction,134,134,0,12,3,155.520,0.40
150.784,4,en_route_pickup,2.994,-2.001,-3.000,-1.500,joint_grid_transaction,134,134,2,13,10,0.000,1.00
150.784,5,en_route_pickup,-3.616,2.706,1.000,1.500,joint_grid_transaction,134,134,0,13,5,0.000,1.00
150.784,6,en_route_pickup,-0.234,-1.960,-1.000,-1.500,joint_grid_transaction,134,134,0,6,6,0.000,1.00
150.784,7,en_route_delivery,-4.281,1.776,-1.000,1.500,joint_grid_transaction,134,134,2,13,8,0.000,0.50
150.784,8,en_route_pickup,2.332,-4.065,0.000,-3.500,joint_grid_transaction,134,134,2,13,7,0.000,1.00
151.040,1,en_route_pickup,-0.429,-2.736,6.000,3.500,joint_grid_transaction,134,134,0,12,9,0.000,1.00
151.040,2,en_route_pickup,1.797,3.431,-1.000,1.500,joint_grid_transaction,134,134,1,2,2,0.000,1.00
151.040,3,en_route_delivery,-3.377,1.943,0.000,-3.500,joint_grid_transaction,134,134,0,12,3,155.520,0.40
151.040,4,en_route_pickup,2.952,-1.998,-3.000,-1.500,joint_grid_transaction,134,134,2,13,10,0.000,1.00
151.040,5,en_route_pickup,-3.616,2.706,1.000,1.500,joint_grid_transaction,134,134,0,13,5,0.000,1.00
151.040,6,en_route_pickup,-0.234,-1.960,-1.000,-1.500,joint_grid_transaction,134,134,0,6,6,0.000,1.00
151.040,7,en_route_delivery,-4.279,1.773,-1.000,1.500,joint_grid_transaction,134,134,2,13,8,0.000,0.50
151.040,8,en_route_pickup,2.300,-4.065,0.000,-3.500,joint_grid_transaction,134,134,2,13,7,0.000,1.00
151.296,1,en_route_pickup,-0.429,-2.736,6.000,3.500,joint_grid_transaction,135,135,0,12,9,0.000,1.00
151.296,2,en_route_pickup,1.798,3.432,-1.000,1.500,joint_grid_transaction,135,135,1,2,2,0.000,1.00
151.296,3,en_route_delivery,-3.377,1.943,0.000,-3.500,joint_grid_transaction,135,135,0,12,3,155.520,0.40
151.296,4,en_route_pickup,2.911,-1.994,-3.000,-1.500,joint_grid_transaction,135,135,2,13,10,0.000,1.00
151.296,5,en_route_pickup,-3.616,2.706,1.000,1.500,joint_grid_transaction,135,135,0,13,5,0.000,1.00
151.296,6,en_route_pickup,-0.234,-1.960,-1.000,-1.500,joint_grid_transaction,135,135,0,6,6,0.000,1.00
151.296,7,en_route_delivery,-4.280,1.775,-1.000,1.500,joint_grid_transaction,135,135,1,13,8,0.000,0.50
151.296,8,en_route_pickup,2.270,-4.066,0.000,-3.500,joint_grid_transaction,135,135,1,13,7,0.000,1.00
151.552,1,en_route_pickup,-0.429,-2.736,6.000,3.500,joint_grid_transaction,135,135,0,12,9,0.000,1.00
151.552,2,en_route_pickup,1.798,3.432,-1.000,1.500,joint_grid_transaction,135,135,1,2,2,0.000,1.00
151.552,3,en_route_delivery,-3.377,1.943,0.000,-3.500,joint_grid_transaction,135,135,0,12,3,155.520,0.40
151.552,4,en_route_pickup,2.871,-1.991,-3.000,-1.500,joint_grid_transaction,135,135,2,13,10,0.000,1.00
151.552,5,en_route_pickup,-3.616,2.706,1.000,1.500,joint_grid_transaction,135,135,0,13,5,0.000,1.00
151.552,6,en_route_pickup,-0.234,-1.960,-1.000,-1.500,joint_grid_transaction,135,135,0,6,6,0.000,1.00
151.552,7,en_route_delivery,-4.282,1.778,-1.000,1.500,joint_grid_transaction,135,135,1,13,8,0.000,0.50
151.552,8,en_route_pickup,2.242,-4.066,0.000,-3.500,joint_grid_transaction,135,135,1,13,7,0.000,1.00
151.808,1,en_route_pickup,-0.429,-2.736,6.000,3.500,joint_grid_transaction,135,135,0,12,9,0.000,1.00
151.808,2,en_route_pickup,1.798,3.432,-1.000,1.500,joint_grid_transaction,135,135,1,2,2,0.000,1.00
151.808,3,en_route_delivery,-3.377,1.943,0.000,-3.500,joint_grid_transaction,135,135,0,12,3,155.520,0.40
151.808,4,en_route_pickup,2.832,-1.988,-3.000,-1.500,joint_grid_transaction,135,135,2,13,10,0.000,1.00
151.808,5,en_route_pickup,-3.616,2.706,1.000,1.500,joint_grid_transaction,135,135,0,13,5,0.000,1.00
151.808,6,en_route_pickup,-0.234,-1.960,-1.000,-1.500,joint_grid_transaction,135,135,0,6,6,0.000,1.00
151.808,7,en_route_delivery,-4.283,1.781,-1.000,1.500,joint_grid_transaction,135,135,1,13,8,0.000,0.50
151.808,8,en_route_pickup,2.217,-4.066,0.000,-3.500,joint_grid_transaction,135,135,1,13,7,0.000,1.00
152.064,1,en_route_pickup,-0.429,-2.736,6.000,3.500,joint_grid_transaction,135,135,0,12,9,0.000,1.00
152.064,2,en_route_pickup,1.798,3.432,-1.000,1.500,joint_grid_transaction,135,135,1,2,2,0.000,1.00
152.064,3,en_route_delivery,-3.377,1.943,0.000,-3.500,joint_grid_transaction,135,135,0,12,3,155.520,0.40
152.064,4,en_route_pickup,2.793,-1.984,-3.000,-1.500,joint_grid_transaction,135,135,2,13,10,0.000,1.00
152.064,5,en_route_pickup,-3.616,2.706,1.000,1.500,joint_grid_transaction,135,135,0,13,5,0.000,1.00
152.064,6,en_route_pickup,-0.234,-1.960,-1.000,-1.500,joint_grid_transaction,135,135,0,6,6,0.000,1.00
152.064,7,en_route_delivery,-4.284,1.782,-1.000,1.500,joint_grid_transaction,135,135,2,13,8,0.000,0.50
152.064,8,en_route_pickup,2.214,-4.065,0.000,-3.500,joint_grid_transaction,135,135,2,13,7,0.000,1.00
152.320,1,en_route_pickup,-0.429,-2.736,6.000,3.500,joint_grid_transaction,135,135,0,12,9,0.000,1.00
152.320,2,en_route_pickup,1.798,3.432,-1.000,1.500,joint_grid_transaction,135,135,1,2,2,0.000,1.00
152.320,3,en_route_delivery,-3.377,1.943,0.000,-3.500,joint_grid_transaction,135,135,0,12,3,155.520,0.40
152.320,4,en_route_pickup,2.756,-1.981,-3.000,-1.500,joint_grid_transaction,135,135,2,13,10,0.000,1.00
152.320,5,en_route_pickup,-3.616,2.706,1.000,1.500,joint_grid_transaction,135,135,0,13,5,0.000,1.00
152.320,6,en_route_pickup,-0.234,-1.960,-1.000,-1.500,joint_grid_transaction,135,135,0,6,6,0.000,1.00
152.320,7,en_route_delivery,-4.282,1.778,-1.000,1.500,joint_grid_transaction,135,135,2,13,8,0.000,0.50
152.320,8,en_route_pickup,2.229,-4.059,0.000,-3.500,joint_grid_transaction,135,135,2,13,7,0.000,1.00
152.576,1,en_route_pickup,-0.429,-2.736,6.000,3.500,joint_grid_transaction,135,135,0,12,9,153.028,1.00
152.576,2,en_route_pickup,1.798,3.432,-1.000,1.500,joint_grid_transaction,135,135,1,2,2,0.000,1.00
152.576,3,en_route_delivery,-3.377,1.943,0.000,-3.500,joint_grid_transaction,135,135,0,12,3,155.520,0.40
152.576,4,en_route_pickup,2.720,-1.978,-3.000,-1.500,joint_grid_transaction,135,135,2,13,10,0.000,1.00
152.576,5,en_route_pickup,-3.616,2.706,1.000,1.500,joint_grid_transaction,135,135,0,13,5,0.000,1.00
152.576,6,en_route_pickup,-0.234,-1.960,-1.000,-1.500,joint_grid_transaction,135,135,0,6,6,0.000,1.00
152.576,7,en_route_delivery,-4.280,1.775,-1.000,1.500,joint_grid_transaction,135,135,2,13,8,0.000,0.50
152.576,8,en_route_pickup,2.239,-4.050,0.000,-3.500,joint_grid_transaction,135,135,2,13,7,0.000,1.00
152.832,1,en_route_pickup,-0.429,-2.736,6.000,3.500,joint_grid_transaction,135,135,0,12,9,153.028,1.00
152.832,2,en_route_pickup,1.798,3.432,-1.000,1.500,joint_grid_transaction,135,135,1,2,2,0.000,1.00
152.832,3,en_route_delivery,-3.377,1.943,0.000,-3.500,joint_grid_transaction,135,135,0,12,3,155.520,0.40
152.832,4,en_route_pickup,2.683,-1.975,-3.000,-1.500,joint_grid_transaction,135,135,3,13,10,0.000,1.00
152.832,5,en_route_pickup,-3.616,2.706,1.000,1.500,joint_grid_transaction,135,135,0,13,5,0.000,1.00
152.832,6,en_route_pickup,-0.234,-1.960,-1.000,-1.500,joint_grid_transaction,135,135,0,6,6,0.000,1.00
152.832,7,en_route_delivery,-4.278,1.773,-1.000,1.500,joint_grid_transaction,135,135,2,13,8,0.000,0.50
152.832,8,en_route_pickup,2.203,-4.020,0.000,-3.500,joint_grid_transaction,135,135,2,13,7,0.000,1.00
153.088,1,en_route_pickup,-0.429,-2.736,6.000,3.500,joint_grid_transaction,135,135,0,12,9,0.000,1.00
153.088,2,en_route_pickup,1.798,3.432,-1.000,1.500,joint_grid_transaction,135,135,1,2,2,0.000,1.00
153.088,3,en_route_delivery,-3.377,1.943,0.000,-3.500,joint_grid_transaction,135,135,0,12,3,155.520,0.40
153.088,4,en_route_pickup,2.646,-1.972,-3.000,-1.500,joint_grid_transaction,135,135,3,13,10,0.000,1.00
153.088,5,en_route_pickup,-3.616,2.706,1.000,1.500,joint_grid_transaction,135,135,0,13,5,0.000,1.00
153.088,6,en_route_pickup,-0.234,-1.960,-1.000,-1.500,joint_grid_transaction,135,135,0,6,6,0.000,1.00
153.088,7,en_route_delivery,-4.274,1.778,-1.000,1.500,joint_grid_transaction,135,135,2,13,8,0.000,0.50
153.088,8,en_route_pickup,2.169,-3.987,0.000,-3.500,joint_grid_transaction,135,135,2,13,7,0.000,1.00
153.344,1,en_route_delivery,-0.429,-2.736,3.000,1.500,joint_grid_transaction,135,135,0,7,9,0.000,1.00
153.344,2,en_route_pickup,1.798,3.433,-1.000,1.500,joint_grid_transaction,136,136,1,2,2,0.000,1.00
153.344,3,en_route_delivery,-3.377,1.943,0.000,-3.500,joint_grid_transaction,136,136,0,12,3,155.520,0.40
153.344,4,en_route_pickup,2.610,-1.969,-3.000,-1.500,joint_grid_transaction,136,136,2,13,10,0.000,1.00
153.344,5,en_route_pickup,-3.616,2.706,1.000,1.500,joint_grid_transaction,136,136,0,13,5,0.000,1.00
153.344,6,en_route_pickup,-0.234,-1.960,-1.000,-1.500,joint_grid_transaction,136,136,0,6,6,0.000,1.00
153.344,7,en_route_delivery,-4.275,1.781,-1.000,1.500,joint_grid_transaction,136,136,1,13,8,0.000,0.50
153.344,8,en_route_pickup,2.139,-3.955,0.000,-3.500,joint_grid_transaction,136,136,2,13,7,0.000,1.00
153.600,1,en_route_delivery,-0.428,-2.736,3.000,1.500,_priority_yield_resume,137,135,0,1,9,0.000,0.55
153.600,2,en_route_pickup,1.798,3.433,-1.000,1.500,joint_grid_transaction,136,136,1,2,2,0.000,1.00
153.600,3,en_route_delivery,-3.377,1.943,0.000,-3.500,joint_grid_transaction,136,136,0,12,3,155.520,0.40
153.600,4,en_route_pickup,2.581,-1.967,-3.000,-1.500,joint_grid_transaction,136,136,2,13,10,0.000,0.50
153.600,5,en_route_pickup,-3.616,2.706,1.000,1.500,joint_grid_transaction,136,136,0,13,5,0.000,1.00
153.600,6,en_route_pickup,-0.234,-1.960,-1.000,-1.500,joint_grid_transaction,136,136,0,6,6,0.000,1.00
153.600,7,en_route_delivery,-4.272,1.783,-1.000,1.500,joint_grid_transaction,136,136,2,13,8,0.000,0.50
153.600,8,en_route_pickup,2.120,-3.932,0.000,-3.500,joint_grid_transaction,136,136,2,13,7,0.000,1.00
153.856,1,en_route_delivery,-0.427,-2.736,3.000,1.500,_priority_yield_resume,137,135,0,1,9,0.000,0.55
153.856,2,en_route_pickup,1.798,3.433,-1.000,1.500,joint_grid_transaction,136,136,1,2,2,0.000,1.00
153.856,3,en_route_delivery,-3.377,1.943,0.000,-3.500,joint_grid_transaction,136,136,0,12,3,155.520,0.40
153.856,4,en_route_pickup,2.572,-1.966,-3.000,-1.500,joint_grid_transaction,136,136,2,13,10,0.000,0.50
153.856,5,en_route_pickup,-3.616,2.706,1.000,1.500,joint_grid_transaction,136,136,0,13,5,0.000,1.00
153.856,6,en_route_pickup,-0.234,-1.960,-1.000,-1.500,joint_grid_transaction,136,136,0,6,6,0.000,1.00
153.856,7,en_route_delivery,-4.265,1.793,-1.000,1.500,joint_grid_transaction,136,136,2,13,8,0.000,0.50
153.856,8,en_route_pickup,2.120,-3.932,0.000,-3.500,joint_grid_transaction,136,136,2,13,7,0.000,1.00
154.112,1,en_route_delivery,-0.427,-2.736,3.000,1.500,_priority_yield_resume,137,135,0,1,9,0.000,0.55
154.112,2,en_route_pickup,1.798,3.433,-1.000,1.500,joint_grid_transaction,136,136,1,2,2,0.000,1.00
154.112,3,en_route_delivery,-3.377,1.943,0.000,-3.500,joint_grid_transaction,136,136,0,12,3,155.520,0.40
154.112,4,en_route_pickup,2.564,-1.966,-3.000,-1.500,joint_grid_transaction,136,136,2,13,10,0.000,0.50
154.112,5,en_route_pickup,-3.616,2.706,1.000,1.500,joint_grid_transaction,136,136,0,13,5,0.000,1.00
154.112,6,en_route_pickup,-0.234,-1.960,-1.000,-1.500,joint_grid_transaction,136,136,0,6,6,0.000,1.00
154.112,7,en_route_delivery,-4.258,1.802,-1.000,1.500,joint_grid_transaction,136,136,2,13,8,0.000,0.50
154.112,8,en_route_pickup,2.120,-3.932,0.000,-3.500,joint_grid_transaction,136,136,2,13,7,0.000,1.00
154.368,1,en_route_delivery,-0.428,-2.736,3.000,1.500,_priority_yield_resume,137,135,0,1,9,0.000,0.55
154.368,2,en_route_pickup,1.798,3.433,-1.000,1.500,joint_grid_transaction,136,136,1,2,2,0.000,1.00
154.368,3,en_route_delivery,-3.377,1.943,0.000,-3.500,joint_grid_transaction,136,136,0,12,3,155.520,0.40
154.368,4,en_route_pickup,2.555,-1.965,-3.000,-1.500,joint_grid_transaction,136,136,2,13,10,0.000,0.50
154.368,5,en_route_pickup,-3.616,2.706,1.000,1.500,joint_grid_transaction,136,136,0,13,5,0.000,1.00
154.368,6,en_route_pickup,-0.234,-1.960,-1.000,-1.500,joint_grid_transaction,136,136,0,6,6,0.000,1.00
154.368,7,en_route_delivery,-4.250,1.811,-1.000,1.500,joint_grid_transaction,136,136,2,13,8,0.000,0.50
154.368,8,en_route_pickup,2.123,-3.928,0.000,-3.500,joint_grid_transaction,136,136,2,13,7,0.000,1.00
154.624,1,en_route_delivery,-0.422,-2.734,3.000,1.500,_priority_yield_resume,137,135,0,1,9,155.028,0.55
154.624,2,en_route_pickup,1.798,3.433,-1.000,1.500,joint_grid_transaction,136,136,1,2,2,0.000,1.00
154.624,3,en_route_delivery,-3.377,1.943,0.000,-3.500,joint_grid_transaction,136,136,0,12,3,155.520,0.40
154.624,4,en_route_pickup,2.547,-1.964,-3.000,-1.500,joint_grid_transaction,136,136,2,13,10,0.000,0.50
154.624,5,en_route_pickup,-3.616,2.706,1.000,1.500,joint_grid_transaction,136,136,0,13,5,0.000,1.00
154.624,6,en_route_pickup,-0.234,-1.960,-1.000,-1.500,joint_grid_transaction,136,136,0,6,6,0.000,1.00
154.624,7,en_route_delivery,-4.243,1.820,-1.000,1.500,joint_grid_transaction,136,136,2,13,8,0.000,0.50
154.624,8,en_route_pickup,2.116,-3.905,0.000,-3.500,joint_grid_transaction,136,136,3,13,7,0.000,1.00
154.880,1,en_route_delivery,-0.422,-2.734,3.000,1.500,_priority_yield_resume,137,135,0,1,9,155.028,0.55
154.880,2,en_route_pickup,1.798,3.433,-1.000,1.500,joint_grid_transaction,136,136,1,2,2,0.000,1.00
154.880,3,en_route_delivery,-3.377,1.943,0.000,-3.500,joint_grid_transaction,136,136,0,12,3,155.520,0.40
154.880,4,en_route_pickup,2.539,-1.964,-3.000,-1.500,joint_grid_transaction,136,136,2,13,10,0.000,0.50
154.880,5,en_route_pickup,-3.616,2.706,1.000,1.500,joint_grid_transaction,136,136,0,13,5,0.000,1.00
154.880,6,en_route_pickup,-0.234,-1.960,-1.000,-1.500,joint_grid_transaction,136,136,0,6,6,0.000,1.00
154.880,7,en_route_delivery,-4.235,1.828,-1.000,1.500,joint_grid_transaction,136,136,2,13,8,0.000,0.50
154.880,8,en_route_pickup,2.095,-3.864,0.000,-3.500,joint_grid_transaction,136,136,3,13,7,0.000,1.00
155.136,1,en_route_delivery,-0.422,-2.734,3.000,1.500,joint_grid_transaction,137,135,0,0,9,165.024,0.40
155.136,2,en_route_pickup,1.799,3.433,-1.000,1.500,joint_grid_transaction,138,136,1,2,2,0.000,1.00
155.136,3,en_route_delivery,-3.377,1.943,0.000,-3.500,joint_grid_transaction,138,136,0,12,3,155.520,0.40
155.136,4,en_route_pickup,2.530,-1.963,-3.000,-1.500,joint_grid_transaction,138,136,2,13,10,0.000,0.50
155.136,5,en_route_pickup,-3.616,2.706,1.000,1.500,joint_grid_transaction,138,136,0,13,5,0.000,1.00
155.136,6,en_route_pickup,-0.234,-1.960,-1.000,-1.500,joint_grid_transaction,138,136,0,6,6,0.000,1.00
155.136,7,en_route_delivery,-4.227,1.837,-1.000,1.500,joint_grid_transaction,138,136,2,13,8,0.000,0.50
155.136,8,en_route_pickup,2.078,-3.824,0.000,-3.500,joint_grid_transaction,138,136,3,12,7,0.000,1.00
155.392,1,en_route_delivery,-0.422,-2.734,3.000,1.500,joint_grid_transaction,137,135,0,0,9,165.024,0.40
155.392,2,en_route_pickup,1.799,3.433,-1.000,1.500,joint_grid_transaction,138,138,1,2,2,0.000,1.00
155.392,3,en_route_delivery,-3.377,1.943,0.000,-3.500,joint_grid_transaction,138,138,0,12,3,155.520,0.40
155.392,4,en_route_pickup,2.522,-1.962,-3.000,-1.500,joint_grid_transaction,138,138,1,13,10,0.000,0.50
155.392,5,en_route_pickup,-3.616,2.706,1.000,1.500,joint_grid_transaction,138,138,0,13,5,0.000,1.00
155.392,6,en_route_pickup,-0.234,-1.960,-1.000,-1.500,joint_grid_transaction,138,138,0,6,6,0.000,1.00
155.392,7,en_route_delivery,-4.219,1.845,-1.000,1.500,joint_grid_transaction,138,138,2,13,8,0.000,0.50
155.392,8,en_route_pickup,2.078,-3.824,0.000,-3.500,joint_grid_transaction,138,138,1,12,7,0.000,1.00
155.648,1,en_route_delivery,-0.422,-2.734,3.000,1.500,joint_grid_transaction,137,135,0,0,9,165.024,0.40
155.648,2,en_route_pickup,1.799,3.433,-1.000,1.500,joint_grid_transaction,138,138,1,2,2,0.000,1.00
155.648,3,en_route_delivery,-3.377,1.943,0.000,-3.500,joint_grid_transaction,138,138,0,12,3,0.000,0.40
155.648,4,en_route_pickup,2.514,-1.962,-3.000,-1.500,joint_grid_transaction,138,138,1,13,10,0.000,0.50
155.648,5,en_route_pickup,-3.616,2.706,1.000,1.500,joint_grid_transaction,138,138,0,13,5,0.000,1.00
155.648,6,en_route_pickup,-0.234,-1.960,-1.000,-1.500,joint_grid_transaction,138,138,0,6,6,0.000,1.00
155.648,7,en_route_delivery,-4.211,1.853,-1.000,1.500,joint_grid_transaction,138,138,2,13,8,0.000,0.50
155.648,8,en_route_pickup,2.078,-3.824,0.000,-3.500,joint_grid_transaction,138,138,1,12,7,0.000,1.00
155.904,1,en_route_delivery,-0.422,-2.734,3.000,1.500,joint_grid_transaction,137,135,0,0,9,165.024,0.40
155.904,2,en_route_pickup,1.799,3.433,-1.000,1.500,joint_grid_transaction,138,138,1,2,2,0.000,1.00
155.904,3,en_route_delivery,-3.377,1.943,0.000,-3.500,joint_grid_transaction,138,138,0,12,3,0.000,0.40
155.904,4,en_route_pickup,2.507,-1.961,-3.000,-1.500,joint_grid_transaction,138,138,1,13,10,0.000,0.50
155.904,5,en_route_pickup,-3.616,2.706,1.000,1.500,joint_grid_transaction,138,138,0,13,5,0.000,1.00
155.904,6,en_route_pickup,-0.234,-1.960,-1.000,-1.500,joint_grid_transaction,138,138,0,6,6,0.000,1.00
155.904,7,en_route_delivery,-4.202,1.861,-1.000,1.500,joint_grid_transaction,138,138,2,13,8,0.000,0.50
155.904,8,en_route_pickup,2.078,-3.824,0.000,-3.500,joint_grid_transaction,138,138,1,12,7,0.000,1.00
156.160,1,en_route_delivery,-0.422,-2.734,3.000,1.500,joint_grid_transaction,137,135,0,0,9,165.024,0.40
156.160,2,en_route_pickup,1.799,3.433,-1.000,1.500,joint_grid_transaction,138,138,1,2,2,0.000,1.00
156.160,3,en_route_delivery,-3.377,1.943,0.000,-3.500,joint_grid_transaction,138,138,0,12,3,0.000,1.00
156.160,4,en_route_pickup,2.499,-1.961,-3.000,-1.500,joint_grid_transaction,138,138,1,13,10,0.000,0.50
156.160,5,en_route_pickup,-3.616,2.706,1.000,1.500,joint_grid_transaction,138,138,0,13,5,0.000,1.00
156.160,6,en_route_pickup,-0.234,-1.960,-1.000,-1.500,joint_grid_transaction,138,138,0,6,6,0.000,1.00
156.160,7,en_route_delivery,-4.193,1.869,-1.000,1.500,joint_grid_transaction,138,138,2,13,8,0.000,0.50
156.160,8,en_route_pickup,2.078,-3.824,0.000,-3.500,joint_grid_transaction,138,138,1,12,7,0.000,1.00
156.416,1,en_route_delivery,-0.422,-2.734,3.000,1.500,joint_grid_transaction,137,135,0,0,9,165.024,0.40
156.416,2,en_route_pickup,1.799,3.433,-1.000,1.500,joint_grid_transaction,138,138,1,2,2,0.000,1.00
156.416,3,en_route_delivery,-3.377,1.943,0.000,-3.500,joint_grid_transaction,138,138,0,12,3,0.000,1.00
156.416,4,en_route_pickup,2.491,-1.960,-3.000,-1.500,joint_grid_transaction,138,138,1,13,10,0.000,0.50
156.416,5,en_route_pickup,-3.616,2.706,1.000,1.500,joint_grid_transaction,138,138,0,13,5,0.000,1.00
156.416,6,en_route_pickup,-0.234,-1.960,-1.000,-1.500,joint_grid_transaction,138,138,0,6,6,0.000,1.00
156.416,7,en_route_delivery,-4.184,1.877,-1.000,1.500,joint_grid_transaction,138,138,2,13,8,0.000,0.50
156.416,8,en_route_pickup,2.072,-3.810,0.000,-3.500,joint_grid_transaction,138,138,2,12,7,0.000,1.00
156.672,1,en_route_delivery,-0.422,-2.734,3.000,1.500,joint_grid_transaction,137,135,0,0,9,165.024,0.40
156.672,2,en_route_pickup,1.799,3.433,-1.000,1.500,joint_grid_transaction,138,138,1,2,2,0.000,1.00
156.672,3,en_route_delivery,-3.377,1.943,0.000,-3.500,joint_grid_transaction,138,138,0,12,3,0.000,0.75
156.672,4,en_route_pickup,2.484,-1.959,-3.000,-1.500,joint_grid_transaction,138,138,1,13,10,0.000,0.50
156.672,5,en_route_pickup,-3.616,2.706,1.000,1.500,joint_grid_transaction,138,138,0,13,5,0.000,0.75
156.672,6,en_route_pickup,-0.234,-1.960,-1.000,-1.500,joint_grid_transaction,138,138,0,6,6,0.000,1.00
156.672,7,en_route_delivery,-4.180,1.876,-1.000,1.500,joint_grid_transaction,138,138,3,13,8,0.000,0.45
156.672,8,en_route_pickup,2.057,-3.765,0.000,-3.500,joint_grid_transaction,138,138,2,12,7,0.000,1.00
156.928,1,en_route_delivery,-0.422,-2.734,3.000,1.500,joint_grid_transaction,137,135,0,0,9,165.024,0.40
156.928,2,en_route_pickup,1.799,3.433,-1.000,1.500,joint_grid_transaction,138,138,1,2,2,0.000,1.00
156.928,3,en_route_delivery,-3.377,1.943,0.000,-3.500,joint_grid_transaction,138,138,0,12,3,0.000,0.75
156.928,4,en_route_pickup,2.477,-1.959,-3.000,-1.500,joint_grid_transaction,138,138,1,13,10,0.000,0.50
156.928,5,en_route_pickup,-3.616,2.706,1.000,1.500,joint_grid_transaction,138,138,0,13,5,0.000,0.75
156.928,6,en_route_pickup,-0.234,-1.960,-1.000,-1.500,joint_grid_transaction,138,138,0,6,6,0.000,1.00
156.928,7,en_route_delivery,-4.177,1.874,-1.000,1.500,joint_grid_transaction,138,138,3,13,8,0.000,0.45
156.928,8,en_route_pickup,2.043,-3.719,0.000,-3.500,joint_grid_transaction,138,138,2,12,7,0.000,1.00
157.184,1,en_route_delivery,-0.422,-2.734,3.000,1.500,joint_grid_transaction,139,139,0,7,9,165.024,0.40
157.184,2,en_route_pickup,1.799,3.433,-1.000,1.500,joint_grid_transaction,138,138,1,2,2,0.000,1.00
157.184,3,en_route_delivery,-3.378,1.945,0.000,-3.500,joint_grid_transaction,139,139,1,10,3,0.000,0.75
157.184,4,en_route_pickup,2.470,-1.958,-3.000,-1.500,joint_grid_transaction,139,139,1,8,10,0.000,0.50
157.184,5,en_route_pickup,-3.616,2.706,1.000,1.500,joint_grid_transaction,139,139,0,3,5,0.000,0.75
157.184,6,en_route_pickup,-0.243,-1.953,-1.000,-1.500,joint_grid_transaction,139,139,1,2,6,0.000,1.00
157.184,7,en_route_delivery,-4.174,1.872,-1.000,1.500,joint_grid_transaction,139,139,1,3,8,0.000,0.45
157.184,8,en_route_pickup,2.040,-3.717,0.000,-3.500,joint_grid_transaction,139,139,1,5,7,0.000,1.00
157.440,1,en_route_delivery,-0.415,-2.734,3.000,1.500,joint_grid_transaction,139,139,1,7,9,165.024,0.40
157.440,2,en_route_pickup,1.799,3.433,-1.000,1.500,joint_grid_transaction,138,138,1,2,2,0.000,1.00
157.440,3,en_route_delivery,-3.378,1.945,0.000,-3.500,joint_grid_transaction,139,139,1,10,3,0.000,0.75
157.440,4,en_route_pickup,2.465,-1.958,-3.000,-1.500,joint_grid_transaction,139,139,1,8,10,0.000,0.50
157.440,5,en_route_pickup,-3.616,2.706,1.000,1.500,joint_grid_transaction,139,139,0,3,5,0.000,0.75
157.440,6,en_route_pickup,-0.281,-1.924,-1.000,-1.500,joint_grid_transaction,139,139,1,2,6,0.000,1.00
157.440,7,en_route_delivery,-4.174,1.872,-1.000,1.500,joint_grid_transaction,139,139,1,3,8,0.000,0.45
157.440,8,en_route_pickup,2.035,-3.729,0.000,-3.500,joint_grid_transaction,139,139,1,5,7,0.000,1.00
157.696,1,en_route_delivery,-0.409,-2.733,3.000,1.500,joint_grid_transaction,139,139,1,7,9,165.024,0.40
157.696,2,en_route_pickup,1.799,3.433,-1.000,1.500,joint_grid_transaction,138,138,1,2,2,0.000,1.00
157.696,3,en_route_delivery,-3.378,1.945,0.000,-3.500,joint_grid_transaction,139,139,1,10,3,0.000,0.75
157.696,4,en_route_pickup,2.465,-1.958,-3.000,-1.500,joint_grid_transaction,139,139,2,8,10,0.000,0.50
157.696,5,en_route_pickup,-3.616,2.706,1.000,1.500,joint_grid_transaction,139,139,0,3,5,0.000,0.75
157.696,6,en_route_pickup,-0.320,-1.897,-1.000,-1.500,joint_grid_transaction,139,139,1,2,6,0.000,1.00
157.696,7,en_route_delivery,-4.174,1.872,-1.000,1.500,joint_grid_transaction,139,139,1,3,8,0.000,0.45
157.696,8,en_route_pickup,2.015,-3.710,0.000,-3.500,joint_grid_transaction,139,139,1,5,7,0.000,1.00
157.952,1,en_route_delivery,-0.402,-2.732,3.000,1.500,joint_grid_transaction,139,139,1,7,9,165.024,0.40
157.952,2,en_route_pickup,1.799,3.433,-1.000,1.500,joint_grid_transaction,138,138,1,2,2,0.000,1.00
157.952,3,en_route_delivery,-3.378,1.945,0.000,-3.500,joint_grid_transaction,139,139,1,10,3,0.000,0.75
157.952,4,en_route_pickup,2.466,-1.958,-3.000,-1.500,joint_grid_transaction,139,139,2,8,10,0.000,0.50
157.952,5,en_route_pickup,-3.616,2.706,1.000,1.500,joint_grid_transaction,139,139,0,3,5,0.000,0.75
157.952,6,en_route_pickup,-0.360,-1.871,-1.000,-1.500,joint_grid_transaction,139,139,1,2,6,0.000,1.00
157.952,7,en_route_delivery,-4.174,1.872,-1.000,1.500,joint_grid_transaction,139,139,1,3,8,0.000,0.45
157.952,8,en_route_pickup,1.986,-3.673,0.000,-3.500,joint_grid_transaction,139,139,1,5,7,0.000,1.00
158.208,1,en_route_delivery,-0.396,-2.732,3.000,1.500,joint_grid_transaction,139,139,1,7,9,165.024,0.40
158.208,2,en_route_pickup,1.799,3.433,-1.000,1.500,joint_grid_transaction,138,138,1,2,2,0.000,1.00
158.208,3,en_route_delivery,-3.376,1.940,0.000,-3.500,_priority_yield_resume,140,139,0,1,3,0.000,0.55
158.208,4,en_route_pickup,2.467,-1.958,-3.000,-1.500,joint_grid_transaction,139,139,2,8,10,0.000,0.50
158.208,5,en_route_pickup,-3.609,2.708,1.000,1.500,joint_grid_transaction,139,139,0,3,5,0.000,1.00
158.208,6,en_route_pickup,-0.401,-1.846,-1.000,-1.500,joint_grid_transaction,139,139,1,2,6,0.000,1.00
158.208,7,en_route_delivery,-4.173,1.871,-1.000,1.500,joint_grid_transaction,139,139,1,3,8,0.000,0.50
158.208,8,en_route_pickup,1.954,-3.638,0.000,-3.500,joint_grid_transaction,139,139,1,5,7,0.000,1.00
158.464,1,en_route_delivery,-0.395,-2.732,3.000,1.500,joint_grid_transaction,139,139,1,7,9,165.024,0.40
158.464,2,en_route_pickup,1.799,3.433,-1.000,1.500,joint_grid_transaction,138,138,1,2,2,0.000,1.00
158.464,3,en_route_delivery,-3.373,1.933,0.000,-3.500,_priority_yield_resume,140,139,0,1,3,0.000,0.55
158.464,4,en_route_pickup,2.469,-1.959,-3.000,-1.500,joint_grid_transaction,139,139,2,8,10,0.000,0.50
158.464,5,en_route_pickup,-3.564,2.719,1.000,1.500,joint_grid_transaction,139,139,1,3,5,0.000,1.00
158.464,6,en_route_pickup,-0.442,-1.821,-1.000,-1.500,joint_grid_transaction,139,139,1,2,6,0.000,1.00
158.464,7,en_route_delivery,-4.170,1.869,-1.000,1.500,joint_grid_transaction,139,139,1,3,8,0.000,0.50
158.464,8,en_route_pickup,1.920,-3.605,0.000,-3.500,joint_grid_transaction,139,139,1,5,7,0.000,1.00
158.720,1,en_route_delivery,-0.395,-2.732,3.000,1.500,joint_grid_transaction,139,139,1,7,9,165.024,0.40
158.720,2,en_route_pickup,1.799,3.433,-1.000,1.500,joint_grid_transaction,138,138,1,2,2,0.000,1.00
158.720,3,en_route_delivery,-3.371,1.927,0.000,-3.500,_priority_yield_resume,140,139,0,1,3,0.000,0.55
158.720,4,en_route_pickup,2.470,-1.959,-3.000,-1.500,joint_grid_transaction,139,139,2,8,10,0.000,0.50
158.720,5,en_route_pickup,-3.517,2.728,1.000,1.500,joint_grid_transaction,139,139,1,3,5,0.000,1.00
158.720,6,en_route_delivery,-0.483,-1.797,-6.000,3.500,joint_grid_transaction,139,139,1,6,6,159.204,1.00
158.720,7,en_route_delivery,-4.168,1.868,-1.000,1.500,joint_grid_transaction,139,139,1,3,8,0.000,0.50
158.720,8,en_route_pickup,1.885,-3.573,0.000,-3.500,joint_grid_transaction,139,139,1,5,7,0.000,1.00
158.976,1,en_route_delivery,-0.395,-2.732,3.000,1.500,joint_grid_transaction,139,139,1,7,9,165.024,0.40
158.976,2,en_route_pickup,1.799,3.433,-1.000,1.500,joint_grid_transaction,138,138,1,2,2,0.000,1.00
158.976,3,en_route_delivery,-3.370,1.923,0.000,-3.500,_priority_yield_resume,140,139,0,1,3,0.000,0.55
158.976,4,en_route_pickup,2.463,-1.962,-3.000,-1.500,joint_grid_transaction,139,139,2,8,10,0.000,0.50
158.976,5,en_route_pickup,-3.470,2.736,1.000,1.500,joint_grid_transaction,139,139,1,3,5,0.000,1.00
158.976,6,en_route_delivery,-0.483,-1.797,-6.000,3.500,joint_grid_transaction,139,139,1,6,6,159.348,1.00
158.976,7,en_route_delivery,-4.168,1.868,-1.000,1.500,joint_grid_transaction,139,139,1,3,8,0.000,0.50
158.976,8,en_route_pickup,1.849,-3.541,0.000,-3.500,joint_grid_transaction,139,139,1,5,7,0.000,1.00
159.232,1,en_route_delivery,-0.395,-2.732,3.000,1.500,joint_grid_transaction,139,139,1,7,9,165.024,0.40
159.232,2,en_route_pickup,1.799,3.433,-1.000,1.500,joint_grid_transaction,138,138,1,2,2,0.000,1.00
159.232,3,en_route_delivery,-3.369,1.921,0.000,-3.500,_priority_yield_resume,140,139,0,1,3,0.000,0.55
159.232,4,en_route_pickup,2.453,-1.966,-3.000,-1.500,joint_grid_transaction,139,139,2,8,10,0.000,0.50
159.232,5,en_route_pickup,-3.423,2.744,1.000,1.500,joint_grid_transaction,139,139,1,3,5,0.000,1.00
159.232,6,en_route_delivery,-0.483,-1.797,-6.000,3.500,joint_grid_transaction,139,139,1,6,6,159.668,1.00
159.232,7,en_route_delivery,-4.168,1.868,-1.000,1.500,joint_grid_transaction,139,139,1,3,8,0.000,0.50
159.232,8,en_route_pickup,1.813,-3.510,0.000,-3.500,joint_grid_transaction,139,139,1,5,7,0.000,1.00
159.488,1,en_route_delivery,-0.395,-2.732,3.000,1.500,joint_grid_transaction,139,139,1,7,9,165.024,0.40
159.488,2,en_route_pickup,1.799,3.433,-1.000,1.500,joint_grid_transaction,138,138,1,2,2,0.000,1.00
159.488,3,en_route_delivery,-3.369,1.922,0.000,-3.500,_priority_yield_resume,140,139,0,1,3,0.000,0.55
159.488,4,en_route_pickup,2.443,-1.970,-3.000,-1.500,joint_grid_transaction,139,139,2,8,10,0.000,0.50
159.488,5,en_route_pickup,-3.376,2.752,1.000,1.500,joint_grid_transaction,139,139,1,3,5,0.000,1.00
159.488,6,en_route_delivery,-0.483,-1.797,-6.000,3.500,joint_grid_transaction,139,139,1,6,6,159.828,1.00
159.488,7,en_route_delivery,-4.167,1.867,-1.000,1.500,joint_grid_transaction,139,139,1,3,8,0.000,0.50
159.488,8,en_route_pickup,1.777,-3.479,0.000,-3.500,joint_grid_transaction,139,139,1,5,7,0.000,1.00
159.744,1,en_route_delivery,-0.395,-2.732,3.000,1.500,joint_grid_transaction,139,139,1,7,9,165.024,0.40
159.744,2,en_route_pickup,1.799,3.433,-1.000,1.500,joint_grid_transaction,138,138,1,2,2,0.000,1.00
159.744,3,en_route_delivery,-3.369,1.925,0.000,-3.500,_priority_yield_resume,140,139,0,1,3,0.000,0.55
159.744,4,en_route_pickup,2.432,-1.974,-3.000,-1.500,joint_grid_transaction,139,139,2,8,10,0.000,0.50
159.744,5,en_route_pickup,-3.328,2.759,1.000,1.500,joint_grid_transaction,139,139,1,3,5,0.000,1.00
159.744,6,en_route_delivery,-0.483,-1.797,-6.000,3.500,joint_grid_transaction,139,139,1,6,6,159.988,1.00
159.744,7,en_route_delivery,-4.167,1.867,-1.000,1.500,joint_grid_transaction,139,139,1,3,8,0.000,0.50
159.744,8,en_route_pickup,1.740,-3.448,0.000,-3.500,joint_grid_transaction,139,139,1,5,7,0.000,1.00
160.000,1,en_route_delivery,-0.395,-2.732,3.000,1.500,joint_grid_transaction,139,139,1,7,9,165.024,0.40
160.000,2,en_route_pickup,1.799,3.433,-1.000,1.500,joint_grid_transaction,138,138,1,2,2,0.000,1.00
160.000,3,en_route_delivery,-3.367,1.930,0.000,-3.500,_priority_yield_resume,140,139,0,1,3,0.000,0.55
160.000,4,en_route_pickup,2.421,-1.978,-3.000,-1.500,joint_grid_transaction,139,139,2,8,10,0.000,0.50
160.000,5,en_route_pickup,-3.281,2.766,1.000,1.500,joint_grid_transaction,139,139,1,3,5,0.000,1.00
160.000,6,en_route_delivery,-0.483,-1.797,-6.000,3.500,joint_grid_transaction,139,139,1,6,6,0.000,1.00
160.000,7,en_route_delivery,-4.165,1.866,-1.000,1.500,joint_grid_transaction,139,139,1,3,8,0.000,0.50
160.000,8,en_route_pickup,1.703,-3.417,0.000,-3.500,joint_grid_transaction,139,139,1,5,7,0.000,1.00
160.256,1,en_route_delivery,-0.395,-2.732,3.000,1.500,joint_grid_transaction,139,139,1,7,9,165.024,0.40
160.256,2,en_route_pickup,1.799,3.433,-1.000,1.500,joint_grid_transaction,138,138,1,2,2,0.000,1.00
160.256,3,en_route_delivery,-3.367,1.931,0.000,-3.500,joint_grid_transaction,140,139,0,0,3,170.032,0.40
160.256,4,en_route_pickup,2.410,-1.982,-3.000,-1.500,joint_grid_transaction,139,139,2,8,10,0.000,0.50
160.256,5,en_route_pickup,-3.234,2.773,1.000,1.500,joint_grid_transaction,139,139,1,3,5,0.000,1.00
160.256,6,en_route_delivery,-0.520,-1.773,-6.000,3.500,joint_grid_transaction,139,139,1,6,6,0.000,1.00
160.256,7,en_route_delivery,-4.164,1.865,-1.000,1.500,joint_grid_transaction,139,139,1,3,8,0.000,0.50
160.256,8,en_route_pickup,1.667,-3.388,0.000,-3.500,joint_grid_transaction,139,139,1,5,7,0.000,1.00
160.512,1,en_route_delivery,-0.395,-2.732,3.000,1.500,joint_grid_transaction,139,139,1,7,9,165.024,0.40
160.512,2,en_route_pickup,1.799,3.433,-1.000,1.500,joint_grid_transaction,138,138,1,2,2,0.000,1.00
160.512,3,en_route_delivery,-3.367,1.931,0.000,-3.500,joint_grid_transaction,140,139,0,0,3,170.032,0.40
160.512,4,en_route_pickup,2.399,-1.987,-3.000,-1.500,joint_grid_transaction,139,139,2,8,10,0.000,0.50
160.512,5,en_route_pickup,-3.186,2.780,1.000,1.500,joint_grid_transaction,139,139,1,3,5,0.000,1.00
160.512,6,en_route_delivery,-0.562,-1.749,-6.000,3.500,joint_grid_transaction,139,139,1,6,6,0.000,1.00
160.512,7,en_route_delivery,-4.164,1.865,-1.000,1.500,joint_grid_transaction,139,139,1,3,8,0.000,0.50
160.512,8,en_route_pickup,1.650,-3.400,0.000,-3.500,joint_grid_transaction,139,139,2,5,7,0.000,1.00
160.768,1,en_route_delivery,-0.392,-2.731,3.000,1.500,joint_grid_transaction,155,155,1,12,9,165.024,0.40
160.768,2,en_route_pickup,1.800,3.434,-1.000,1.500,joint_grid_transaction,155,155,1,2,2,0.000,1.00
160.768,3,en_route_delivery,-3.368,1.929,0.000,-3.500,joint_grid_transaction,155,155,1,12,3,170.032,0.40
160.768,4,en_route_pickup,2.393,-1.988,-3.000,-1.500,joint_grid_transaction,155,155,1,12,10,0.000,0.50
160.768,5,en_route_pickup,-3.149,2.785,1.000,1.500,joint_grid_transaction,155,155,2,13,5,0.000,1.00
160.768,6,en_route_delivery,-0.592,-1.747,-6.000,3.500,joint_grid_transaction,155,155,1,13,6,0.000,1.00
160.768,7,en_route_delivery,-4.168,1.868,-1.000,1.500,joint_grid_transaction,155,155,1,13,8,0.000,0.50
160.768,8,en_route_pickup,1.646,-3.402,0.000,-3.500,joint_grid_transaction,155,155,1,12,7,0.000,1.00
161.024,1,en_route_delivery,-0.386,-2.731,3.000,1.500,joint_grid_transaction,155,155,1,12,9,165.024,0.40
161.024,2,en_route_pickup,1.800,3.434,-1.000,1.500,joint_grid_transaction,155,155,1,2,2,0.000,1.00
161.024,3,en_route_delivery,-3.368,1.927,0.000,-3.500,joint_grid_transaction,155,155,1,12,3,170.032,0.40
161.024,4,en_route_pickup,2.391,-1.987,-3.000,-1.500,joint_grid_transaction,155,155,1,12,10,0.000,0.50
161.024,5,en_route_pickup,-3.113,2.790,1.000,1.500,joint_grid_transaction,155,155,2,13,5,0.000,1.00
161.024,6,en_route_delivery,-0.602,-1.750,-6.000,3.500,joint_grid_transaction,155,155,1,13,6,0.000,1.00
161.024,7,en_route_delivery,-4.175,1.872,-1.000,1.500,joint_grid_transaction,155,155,1,13,8,0.000,0.50
161.024,8,en_route_pickup,1.646,-3.402,0.000,-3.500,joint_grid_transaction,155,155,1,12,7,0.000,1.00
161.280,1,en_route_delivery,-0.380,-2.730,3.000,1.500,joint_grid_transaction,155,155,1,12,9,165.024,0.40
161.280,2,en_route_pickup,1.800,3.434,-1.000,1.500,joint_grid_transaction,155,155,1,2,2,0.000,1.00
161.280,3,en_route_delivery,-3.369,1.924,0.000,-3.500,joint_grid_transaction,155,155,1,12,3,170.032,0.40
161.280,4,en_route_pickup,2.388,-1.987,-3.000,-1.500,joint_grid_transaction,155,155,1,12,10,0.000,0.50
161.280,5,en_route_pickup,-3.078,2.793,1.000,1.500,joint_grid_transaction,155,155,2,13,5,0.000,1.00
161.280,6,en_route_delivery,-0.586,-1.755,-6.000,3.500,joint_grid_transaction,155,155,1,13,6,0.000,1.00
161.280,7,en_route_delivery,-4.182,1.878,-1.000,1.500,joint_grid_transaction,155,155,1,13,8,0.000,0.50
161.280,8,en_route_pickup,1.646,-3.402,0.000,-3.500,joint_grid_transaction,155,155,1,12,7,0.000,1.00
161.536,1,en_route_delivery,-0.374,-2.730,3.000,1.500,joint_grid_transaction,155,155,1,12,9,165.024,0.40
161.536,2,en_route_pickup,1.800,3.434,-1.000,1.500,joint_grid_transaction,155,155,1,2,2,0.000,1.00
161.536,3,en_route_delivery,-3.369,1.922,0.000,-3.500,joint_grid_transaction,155,155,1,12,3,170.032,0.40
161.536,4,en_route_pickup,2.377,-1.991,-3.000,-1.500,joint_grid_transaction,155,155,1,12,10,0.000,0.50
161.536,5,en_route_pickup,-3.047,2.796,1.000,1.500,joint_grid_transaction,155,155,2,13,5,0.000,1.00
161.536,6,en_route_delivery,-0.559,-1.772,-6.000,3.500,joint_grid_transaction,155,155,1,13,6,0.000,1.00
161.536,7,en_route_delivery,-4.188,1.884,-1.000,1.500,joint_grid_transaction,155,155,1,13,8,0.000,0.50
161.536,8,en_route_pickup,1.646,-3.402,0.000,-3.500,joint_grid_transaction,155,155,1,12,7,0.000,1.00
161.792,1,en_route_delivery,-0.368,-2.729,3.000,1.500,joint_grid_transaction,155,155,1,12,9,165.024,0.40
161.792,2,en_route_pickup,1.800,3.434,-1.000,1.500,joint_grid_transaction,155,155,1,2,2,0.000,1.00
161.792,3,en_route_delivery,-3.370,1.921,0.000,-3.500,joint_grid_transaction,155,155,1,12,3,170.032,0.40
161.792,4,en_route_pickup,2.366,-1.994,-3.000,-1.500,joint_grid_transaction,155,155,1,12,10,0.000,0.50
161.792,5,en_route_pickup,-3.017,2.798,1.000,1.500,joint_grid_transaction,155,155,2,13,5,0.000,1.00
161.792,6,en_route_delivery,-0.557,-1.802,-6.000,3.500,joint_grid_transaction,155,155,2,13,6,0.000,1.00
161.792,7,en_route_delivery,-4.195,1.891,-1.000,1.500,joint_grid_transaction,155,155,1,13,8,0.000,0.50
161.792,8,en_route_pickup,1.646,-3.402,0.000,-3.500,joint_grid_transaction,155,155,1,12,7,0.000,1.00
162.048,1,en_route_delivery,-0.362,-2.728,3.000,1.500,joint_grid_transaction,155,155,1,12,9,165.024,0.40
162.048,2,en_route_pickup,1.800,3.434,-1.000,1.500,joint_grid_transaction,155,155,1,2,2,0.000,1.00
162.048,3,en_route_delivery,-3.370,1.921,0.000,-3.500,joint_grid_transaction,155,155,1,12,3,170.032,0.40
162.048,4,en_route_pickup,2.354,-1.997,-3.000,-1.500,joint_grid_transaction,155,155,1,12,10,0.000,0.50
162.048,5,en_route_pickup,-2.990,2.801,1.000,1.500,joint_grid_transaction,155,155,2,13,5,0.000,1.00
162.048,6,en_route_delivery,-0.589,-1.837,-6.000,3.500,joint_grid_transaction,155,155,2,13,6,0.000,1.00
162.048,7,en_route_delivery,-4.202,1.898,-1.000,1.500,joint_grid_transaction,155,155,1,13,8,0.000,0.50
162.048,8,en_route_pickup,1.609,-3.385,0.000,-3.500,joint_grid_transaction,155,155,2,12,7,0.000,1.00
162.304,1,en_route_delivery,-0.356,-2.728,3.000,1.500,joint_grid_transaction,155,155,1,12,9,165.024,0.40
162.304,2,en_route_pickup,1.800,3.434,-1.000,1.500,joint_grid_transaction,155,155,1,2,2,0.000,1.00
162.304,3,en_route_delivery,-3.370,1.921,0.000,-3.500,joint_grid_transaction,155,155,1,12,3,170.032,0.40
162.304,4,en_route_pickup,2.343,-1.999,-3.000,-1.500,joint_grid_transaction,155,155,1,12,10,0.000,0.50
162.304,5,en_route_pickup,-2.968,2.802,1.000,1.500,joint_grid_transaction,155,155,2,13,5,0.000,1.00
162.304,6,en_route_delivery,-0.605,-1.838,-6.000,3.500,joint_grid_transaction,155,155,3,13,6,0.000,1.00
162.304,7,en_route_delivery,-4.207,1.904,-1.000,1.500,joint_grid_transaction,155,155,1,13,8,0.000,0.50
162.304,8,en_route_pickup,1.566,-3.366,0.000,-3.500,joint_grid_transaction,155,155,2,12,7,0.000,1.00
162.560,1,en_route_delivery,-0.350,-2.727,3.000,1.500,joint_grid_transaction,155,155,1,12,9,165.024,0.40
162.560,2,en_route_pickup,1.800,3.434,-1.000,1.500,joint_grid_transaction,155,155,1,2,2,0.000,1.00
162.560,3,en_route_delivery,-3.370,1.922,0.000,-3.500,joint_grid_transaction,155,155,1,12,3,170.032,0.40
162.560,4,en_route_pickup,2.331,-2.001,-3.000,-1.500,joint_grid_transaction,155,155,1,12,10,0.000,0.50
162.560,5,en_route_pickup,-2.938,2.804,1.000,1.500,joint_grid_transaction,155,155,3,13,5,0.000,1.00
162.560,6,en_route_delivery,-0.636,-1.856,-6.000,3.500,joint_grid_transaction,155,155,3,13,6,0.000,1.00
162.560,7,en_route_delivery,-4.212,1.911,-1.000,1.500,joint_grid_transaction,155,155,1,13,8,0.000,0.50
162.560,8,en_route_pickup,1.521,-3.348,0.000,-3.500,joint_grid_transaction,155,155,2,12,7,0.000,1.00
162.816,1,en_route_delivery,-0.345,-2.727,3.000,1.500,joint_grid_transaction,156,156,1,13,9,165.024,0.40
162.816,2,en_route_pickup,1.801,3.435,-1.000,1.500,joint_grid_transaction,156,156,1,2,2,0.000,1.00
162.816,3,en_route_delivery,-3.370,1.924,0.000,-3.500,joint_grid_transaction,156,156,1,12,3,170.032,0.40
162.816,4,en_route_pickup,2.320,-2.003,-3.000,-1.500,joint_grid_transaction,156,156,1,13,10,0.000,0.50
162.816,5,en_route_pickup,-2.905,2.805,1.000,1.500,joint_grid_transaction,156,156,2,13,5,0.000,1.00
162.816,6,en_route_delivery,-0.644,-1.863,-6.000,3.500,joint_grid_transaction,156,156,2,13,6,0.000,1.00
162.816,7,en_route_delivery,-4.215,1.918,-1.000,1.500,joint_grid_transaction,156,156,1,13,8,0.000,0.50
162.816,8,en_route_pickup,1.477,-3.331,0.000,-3.500,joint_grid_transaction,156,156,1,12,7,0.000,1.00
163.072,1,en_route_delivery,-0.339,-2.726,3.000,1.500,joint_grid_transaction,156,156,1,13,9,165.024,0.40
163.072,2,en_route_pickup,1.801,3.435,-1.000,1.500,joint_grid_transaction,156,156,1,2,2,0.000,1.00
163.072,3,en_route_delivery,-3.371,1.927,0.000,-3.500,joint_grid_transaction,156,156,1,12,3,170.032,0.40
163.072,4,en_route_pickup,2.308,-2.005,-3.000,-1.500,joint_grid_transaction,156,156,1,13,10,0.000,0.50
163.072,5,en_route_pickup,-2.873,2.808,1.000,1.500,joint_grid_transaction,156,156,2,13,5,0.000,1.00
163.072,6,en_route_delivery,-0.644,-1.863,-6.000,3.500,joint_grid_transaction,156,156,2,13,6,0.000,1.00
163.072,7,en_route_delivery,-4.218,1.923,-1.000,1.500,joint_grid_transaction,156,156,1,13,8,0.000,0.50
163.072,8,en_route_pickup,1.457,-3.323,0.000,-3.500,joint_grid_transaction,156,156,1,12,7,0.000,1.00
163.328,1,en_route_delivery,-0.333,-2.726,3.000,1.500,joint_grid_transaction,156,156,1,13,9,165.024,0.40
163.328,2,en_route_pickup,1.801,3.435,-1.000,1.500,joint_grid_transaction,156,156,1,2,2,0.000,1.00
163.328,3,en_route_delivery,-3.372,1.930,0.000,-3.500,joint_grid_transaction,156,156,1,12,3,170.032,0.40
163.328,4,en_route_pickup,2.296,-2.007,-3.000,-1.500,joint_grid_transaction,156,156,1,13,10,0.000,0.50
163.328,5,en_route_pickup,-2.842,2.809,1.000,1.500,joint_grid_transaction,156,156,2,13,5,0.000,1.00
163.328,6,en_route_delivery,-0.644,-1.863,-6.000,3.500,joint_grid_transaction,156,156,2,13,6,0.000,1.00
163.328,7,en_route_delivery,-4.221,1.929,-1.000,1.500,joint_grid_transaction,156,156,1,13,8,0.000,0.50
163.328,8,en_route_pickup,1.457,-3.323,0.000,-3.500,joint_grid_transaction,156,156,1,12,7,0.000,1.00
163.584,1,en_route_delivery,-0.327,-2.725,3.000,1.500,joint_grid_transaction,156,156,1,13,9,165.024,0.40
163.584,2,en_route_pickup,1.801,3.435,-1.000,1.500,joint_grid_transaction,156,156,1,2,2,0.000,1.00
163.584,3,en_route_delivery,-3.373,1.933,0.000,-3.500,joint_grid_transaction,156,156,1,12,3,170.032,0.40
163.584,4,en_route_pickup,2.285,-2.008,-3.000,-1.500,joint_grid_transaction,156,156,1,13,10,0.000,0.50
163.584,5,en_route_pickup,-2.812,2.811,1.000,1.500,joint_grid_transaction,156,156,2,13,5,0.000,1.00
163.584,6,en_route_delivery,-0.644,-1.863,-6.000,3.500,joint_grid_transaction,156,156,2,13,6,0.000,1.00
163.584,7,en_route_delivery,-4.222,1.934,-1.000,1.500,joint_grid_transaction,156,156,1,13,8,0.000,0.50
163.584,8,en_route_pickup,1.457,-3.323,0.000,-3.500,joint_grid_transaction,156,156,1,12,7,0.000,1.00
163.840,1,en_route_delivery,-0.322,-2.725,3.000,1.500,joint_grid_transaction,156,156,1,13,9,165.024,0.40
163.840,2,en_route_pickup,1.801,3.435,-1.000,1.500,joint_grid_transaction,156,156,1,2,2,0.000,1.00
163.840,3,en_route_delivery,-3.374,1.937,0.000,-3.500,joint_grid_transaction,156,156,1,12,3,170.032,0.40
163.840,4,en_route_pickup,2.275,-2.009,-3.000,-1.500,joint_grid_transaction,156,156,1,13,10,0.000,0.50
163.840,5,en_route_pickup,-2.784,2.813,1.000,1.500,joint_grid_transaction,156,156,2,13,5,0.000,1.00
163.840,6,en_route_delivery,-0.647,-1.865,-6.000,3.500,joint_grid_transaction,156,156,2,13,6,0.000,1.00
163.840,7,en_route_delivery,-4.223,1.937,-1.000,1.500,joint_grid_transaction,156,156,1,13,8,0.000,0.50
163.840,8,en_route_pickup,1.458,-3.322,0.000,-3.500,joint_grid_transaction,156,156,1,12,7,0.000,1.00
164.096,1,en_route_delivery,-0.316,-2.724,3.000,1.500,joint_grid_transaction,156,156,1,13,9,165.024,0.40
164.096,2,en_route_pickup,1.801,3.435,-1.000,1.500,joint_grid_transaction,156,156,1,2,2,0.000,1.00
164.096,3,en_route_delivery,-3.376,1.940,0.000,-3.500,joint_grid_transaction,156,156,1,12,3,170.032,0.40
164.096,4,en_route_pickup,2.265,-2.010,-3.000,-1.500,joint_grid_transaction,156,156,1,13,10,0.000,0.50
164.096,5,en_route_pickup,-2.760,2.814,1.000,1.500,joint_grid_transaction,156,156,2,13,5,0.000,1.00
164.096,6,en_route_delivery,-0.686,-1.889,-6.000,3.500,joint_grid_transaction,156,156,3,13,6,0.000,1.00
164.096,7,en_route_delivery,-4.223,1.939,-1.000,1.500,joint_grid_transaction,156,156,1,13,8,0.000,0.50
164.096,8,en_route_pickup,1.458,-3.322,0.000,-3.500,joint_grid_transaction,156,156,2,12,7,0.000,1.00
164.352,1,en_route_delivery,-0.311,-2.723,3.000,1.500,joint_grid_transaction,156,156,1,13,9,165.024,0.40
164.352,2,en_route_pickup,1.801,3.435,-1.000,1.500,joint_grid_transaction,156,156,1,2,2,0.000,1.00
164.352,3,en_route_delivery,-3.378,1.944,0.000,-3.500,joint_grid_transaction,156,156,1,12,3,170.032,0.40
164.352,4,en_route_pickup,2.256,-2.011,-3.000,-1.500,joint_grid_transaction,156,156,1,13,10,0.000,0.50
164.352,5,en_route_pickup,-2.738,2.815,1.000,1.500,joint_grid_transaction,156,156,2,13,5,0.000,1.00
164.352,6,en_route_delivery,-0.728,-1.910,-6.000,3.500,joint_grid_transaction,156,156,3,13,6,0.000,1.00
164.352,7,en_route_delivery,-4.223,1.939,-1.000,1.500,joint_grid_transaction,156,156,1,13,8,0.000,0.50
164.352,8,en_route_pickup,1.458,-3.322,0.000,-3.500,joint_grid_transaction,156,156,2,12,7,0.000,1.00
164.608,1,en_route_delivery,-0.306,-2.723,3.000,1.500,joint_grid_transaction,156,156,1,13,9,165.024,0.40
164.608,2,en_route_pickup,1.801,3.435,-1.000,1.500,joint_grid_transaction,156,156,1,2,2,0.000,1.00
164.608,3,en_route_delivery,-3.381,1.948,0.000,-3.500,joint_grid_transaction,156,156,1,12,3,170.032,0.40
164.608,4,en_route_pickup,2.246,-2.012,-3.000,-1.500,joint_grid_transaction,156,156,1,13,10,0.000,0.50
164.608,5,en_route_pickup,-2.717,2.815,1.000,1.500,joint_grid_transaction,156,156,2,13,5,0.000,1.00
164.608,6,en_route_delivery,-0.772,-1.929,-6.000,3.500,joint_grid_transaction,156,156,3,13,6,0.000,1.00
164.608,7,en_route_delivery,-4.223,1.937,-1.000,1.500,joint_grid_transaction,156,156,1,13,8,0.000,0.50
164.608,8,en_route_pickup,1.458,-3.322,0.000,-3.500,joint_grid_transaction,156,156,2,12,7,0.000,1.00
164.864,1,en_route_delivery,-0.300,-2.722,3.000,1.500,joint_grid_transaction,157,157,1,7,9,165.024,0.40
164.864,2,en_route_pickup,1.810,3.431,-1.000,1.500,joint_grid_transaction,157,157,1,2,2,0.000,1.00
164.864,3,en_route_delivery,-3.384,1.953,0.000,-3.500,joint_grid_transaction,157,157,1,4,3,170.032,0.40
164.864,4,en_route_pickup,2.236,-2.013,-3.000,-1.500,joint_grid_transaction,157,157,1,5,10,0.000,0.50
164.864,5,en_route_pickup,-2.685,2.816,1.000,1.500,joint_grid_transaction,157,157,1,3,5,0.000,1.00
164.864,6,en_route_delivery,-0.793,-1.933,-6.000,3.500,joint_grid_transaction,157,157,1,4,6,0.000,1.00
164.864,7,en_route_delivery,-4.223,1.939,-1.000,1.500,joint_grid_transaction,157,157,1,3,8,0.000,0.50
164.864,8,en_route_pickup,1.446,-3.328,0.000,-3.500,joint_grid_transaction,157,157,1,3,7,0.000,1.00
165.120,1,en_route_delivery,-0.295,-2.722,3.000,1.500,joint_grid_transaction,157,157,1,7,9,165.124,0.40
165.120,2,en_route_pickup,1.797,3.427,-1.000,1.500,joint_grid_transaction,157,157,1,2,2,0.000,1.00
165.120,3,en_route_delivery,-3.387,1.957,0.000,-3.500,joint_grid_transaction,157,157,1,4,3,170.032,0.40
165.120,4,en_route_pickup,2.226,-2.014,-3.000,-1.500,joint_grid_transaction,157,157,1,5,10,0.000,0.50
165.120,5,en_route_pickup,-2.653,2.816,1.000,1.500,joint_grid_transaction,157,157,1,3,5,0.000,1.00
165.120,6,en_route_delivery,-0.839,-1.943,-6.000,3.500,joint_grid_transaction,157,157,1,4,6,0.000,1.00
165.120,7,en_route_delivery,-4.223,1.939,-1.000,1.500,joint_grid_transaction,157,157,1,3,8,0.000,0.50
165.120,8,en_route_pickup,1.444,-3.329,0.000,-3.500,joint_grid_transaction,157,157,1,3,7,0.000,1.00
165.376,1,en_route_delivery,-0.289,-2.722,3.000,1.500,joint_grid_transaction,157,157,1,7,9,0.000,0.40
165.376,2,en_route_pickup,1.784,3.420,-1.000,1.500,joint_grid_transaction,157,157,1,2,2,0.000,1.00
165.376,3,en_route_delivery,-3.390,1.961,0.000,-3.500,joint_grid_transaction,157,157,1,4,3,170.032,0.40
165.376,4,en_route_pickup,2.216,-2.015,-3.000,-1.500,joint_grid_transaction,157,157,1,5,10,0.000,0.50
165.376,5,en_route_pickup,-2.621,2.816,1.000,1.500,joint_grid_transaction,157,157,1,3,5,0.000,1.00
165.376,6,en_route_delivery,-0.886,-1.950,-6.000,3.500,joint_grid_transaction,157,157,1,4,6,0.000,1.00
165.376,7,en_route_delivery,-4.223,1.937,-1.000,1.500,joint_grid_transaction,157,157,1,3,8,0.000,0.50
165.376,8,en_route_pickup,1.410,-3.338,0.000,-3.500,joint_grid_transaction,157,157,1,3,7,0.000,1.00
165.632,1,en_route_delivery,-0.273,-2.720,3.000,1.500,joint_grid_transaction,157,157,1,7,9,0.000,1.00
165.632,2,en_route_pickup,1.796,3.402,-1.000,1.500,joint_grid_transaction,157,157,1,2,2,0.000,1.00
165.632,3,en_route_delivery,-3.394,1.966,0.000,-3.500,joint_grid_transaction,157,157,1,4,3,170.032,0.40
165.632,4,en_route_pickup,2.206,-2.016,-3.000,-1.500,joint_grid_transaction,157,157,1,5,10,0.000,0.50
165.632,5,en_route_pickup,-2.589,2.817,1.000,1.500,joint_grid_transaction,157,157,1,3,5,0.000,1.00
165.632,6,en_route_delivery,-0.932,-1.954,-6.000,3.500,joint_grid_transaction,157,157,1,4,6,0.000,1.00
165.632,7,en_route_delivery,-4.222,1.934,-1.000,1.500,joint_grid_transaction,157,157,1,3,8,0.000,0.50
165.632,8,en_route_pickup,1.371,-3.349,0.000,-3.500,joint_grid_transaction,157,157,1,3,7,0.000,1.00
165.888,1,en_route_delivery,-0.233,-2.716,3.000,1.500,joint_grid_transaction,157,157,1,7,9,0.000,1.00
165.888,2,en_route_pickup,1.831,3.370,-1.000,1.500,joint_grid_transaction,157,157,1,2,2,0.000,1.00
165.888,3,en_route_delivery,-3.398,1.970,0.000,-3.500,joint_grid_transaction,157,157,1,4,3,170.032,0.40
165.888,4,en_route_pickup,2.196,-2.017,-3.000,-1.500,joint_grid_transaction,157,157,1,5,10,0.000,0.50
165.888,5,en_route_pickup,-2.557,2.817,1.000,1.500,joint_grid_transaction,157,157,1,3,5,0.000,1.00
165.888,6,en_route_delivery,-0.975,-1.958,-6.000,3.500,joint_grid_transaction,157,157,1,4,6,0.000,1.00
165.888,7,en_route_delivery,-4.221,1.930,-1.000,1.500,joint_grid_transaction,157,157,1,3,8,0.000,0.50
165.888,8,en_route_pickup,1.326,-3.362,0.000,-3.500,joint_grid_transaction,157,157,1,3,7,0.000,1.00
166.144,1,en_route_delivery,-0.193,-2.712,3.000,1.500,joint_grid_transaction,157,157,1,7,9,0.000,1.00
166.144,2,en_route_pickup,1.863,3.336,-1.000,1.500,joint_grid_transaction,157,157,1,2,2,0.000,1.00
166.144,3,en_route_delivery,-3.403,1.975,0.000,-3.500,joint_grid_transaction,157,157,1,4,3,170.032,0.40
166.144,4,en_route_pickup,2.186,-2.018,-3.000,-1.500,joint_grid_transaction,157,157,1,5,10,0.000,0.50
166.144,5,en_route_pickup,-2.524,2.818,1.000,1.500,joint_grid_transaction,157,157,1,3,5,0.000,1.00
166.144,6,en_route_delivery,-1.017,-1.961,-6.000,3.500,joint_grid_transaction,157,157,1,4,6,0.000,1.00
166.144,7,en_route_delivery,-4.218,1.924,-1.000,1.500,joint_grid_transaction,157,157,1,3,8,0.000,0.50
166.144,8,en_route_pickup,1.282,-3.378,0.000,-3.500,joint_grid_transaction,157,157,1,3,7,0.000,1.00
166.400,1,en_route_delivery,-0.154,-2.708,3.000,1.500,joint_grid_transaction,157,157,1,7,9,0.000,1.00
166.400,2,en_route_pickup,1.894,3.300,-1.000,1.500,joint_grid_transaction,157,157,1,2,2,0.000,1.00
166.400,3,en_route_delivery,-3.407,1.979,0.000,-3.500,joint_grid_transaction,157,157,1,4,3,170.032,0.40
166.400,4,en_route_pickup,2.176,-2.019,-3.000,-1.500,joint_grid_transaction,157,157,1,5,10,0.000,0.50
166.400,5,en_route_pickup,-2.491,2.820,1.000,1.500,joint_grid_transaction,157,157,1,3,5,0.000,1.00
166.400,6,en_route_delivery,-1.060,-1.964,-6.000,3.500,joint_grid_transaction,157,157,1,4,6,0.000,1.00
166.400,7,en_route_delivery,-4.215,1.918,-1.000,1.500,joint_grid_transaction,157,157,1,3,8,0.000,0.50
166.400,8,en_route_pickup,1.238,-3.396,0.000,-3.500,joint_grid_transaction,157,157,1,3,7,0.000,1.00
166.656,1,en_route_delivery,-0.114,-2.704,3.000,1.500,joint_grid_transaction,158,157,1,7,9,0.000,1.00
166.656,2,en_route_pickup,1.924,3.263,-1.000,1.500,joint_grid_transaction,158,157,1,2,2,0.000,1.00
166.656,3,en_route_delivery,-3.412,1.982,0.000,-3.500,joint_grid_transaction,158,157,1,5,3,170.032,0.40
166.656,4,en_route_pickup,2.166,-2.020,-3.000,-1.500,joint_grid_transaction,158,157,1,5,10,0.000,0.50
166.656,5,en_route_pickup,-2.457,2.822,1.000,1.500,joint_grid_transaction,158,157,1,3,5,0.000,1.00
166.656,6,en_route_delivery,-1.102,-1.968,-6.000,3.500,joint_grid_transaction,158,157,1,4,6,0.000,1.00
166.656,7,en_route_delivery,-4.212,1.912,-1.000,1.500,joint_grid_transaction,158,157,1,3,8,0.000,0.50
166.656,8,en_route_pickup,1.200,-3.411,0.000,-3.500,joint_grid_transaction,158,157,1,2,7,0.000,1.00
166.912,1,en_route_delivery,-0.075,-2.700,3.000,1.500,joint_grid_transaction,158,158,1,7,9,0.000,1.00
166.912,2,en_route_pickup,1.954,3.225,-1.000,1.500,joint_grid_transaction,158,158,1,2,2,0.000,1.00
166.912,3,en_route_delivery,-3.414,1.984,0.000,-3.500,joint_grid_transaction,158,158,1,5,3,170.032,0.40
166.912,4,en_route_pickup,2.156,-2.021,-3.000,-1.500,joint_grid_transaction,158,158,1,5,10,0.000,0.50
166.912,5,en_route_pickup,-2.421,2.825,1.000,1.500,joint_grid_transaction,158,158,1,3,5,0.000,1.00
166.912,6,en_route_delivery,-1.144,-1.971,-6.000,3.500,joint_grid_transaction,158,158,1,4,6,0.000,1.00
166.912,7,en_route_delivery,-4.210,1.909,-1.000,1.500,joint_grid_transaction,158,158,1,3,8,0.000,0.50
166.912,8,en_route_pickup,1.167,-3.421,0.000,-3.500,joint_grid_transaction,158,158,1,2,7,0.000,1.00
167.168,1,en_route_delivery,-0.035,-2.697,3.000,1.500,joint_grid_transaction,158,158,1,7,9,0.000,1.00
167.168,2,en_route_pickup,1.982,3.187,-1.000,1.500,joint_grid_transaction,158,158,1,2,2,0.000,1.00
167.168,3,en_route_delivery,-3.414,1.984,0.000,-3.500,joint_grid_transaction,158,158,1,5,3,170.032,0.40
167.168,4,en_route_pickup,2.145,-2.022,-3.000,-1.500,joint_grid_transaction,158,158,1,5,10,0.000,0.50
167.168,5,en_route_pickup,-2.384,2.829,1.000,1.500,joint_grid_transaction,158,158,1,3,5,0.000,1.00
167.168,6,en_route_delivery,-1.187,-1.975,-6.000,3.500,joint_grid_transaction,158,158,1,4,6,0.000,1.00
167.168,7,en_route_delivery,-4.210,1.909,-1.000,1.500,joint_grid_transaction,158,158,1,3,8,0.000,0.50
167.168,8,en_route_pickup,1.121,-3.432,0.000,-3.500,joint_grid_transaction,158,158,1,2,7,0.000,1.00
167.424,1,en_route_delivery,0.004,-2.693,3.000,1.500,joint_grid_transaction,158,158,1,7,9,0.000,1.00
167.424,2,en_route_pickup,2.011,3.149,-1.000,1.500,joint_grid_transaction,158,158,1,2,2,0.000,1.00
167.424,3,en_route_delivery,-3.414,1.984,0.000,-3.500,joint_grid_transaction,158,158,1,5,3,170.032,0.40
167.424,4,en_route_pickup,2.135,-2.023,-3.000,-1.500,joint_grid_transaction,158,158,1,5,10,0.000,0.50
167.424,5,en_route_pickup,-2.344,2.834,1.000,1.500,joint_grid_transaction,158,158,1,3,5,0.000,1.00
167.424,6,en_route_delivery,-1.229,-1.978,-6.000,3.500,joint_grid_transaction,158,158,1,4,6,0.000,1.00
167.424,7,en_route_delivery,-4.210,1.909,-1.000,1.500,joint_grid_transaction,158,158,1,3,8,0.000,0.50
167.424,8,en_route_pickup,1.074,-3.440,0.000,-3.500,joint_grid_transaction,158,158,1,2,7,0.000,1.00
167.680,1,en_route_delivery,0.043,-2.689,3.000,1.500,joint_grid_transaction,158,158,1,7,9,0.000,1.00
167.680,2,en_route_pickup,2.039,3.110,-1.000,1.500,joint_grid_transaction,158,158,1,2,2,0.000,1.00
167.680,3,en_route_delivery,-3.414,1.984,0.000,-3.500,joint_grid_transaction,158,158,1,5,3,170.032,0.40
167.680,4,en_route_pickup,2.125,-2.023,-3.000,-1.500,joint_grid_transaction,158,158,1,5,10,0.000,0.50
167.680,5,en_route_pickup,-2.301,2.840,1.000,1.500,joint_grid_transaction,158,158,1,3,5,0.000,1.00
167.680,6,en_route_delivery,-1.271,-1.982,-6.000,3.500,joint_grid_transaction,158,158,1,4,6,0.000,1.00
167.680,7,en_route_delivery,-4.210,1.909,-1.000,1.500,joint_grid_transaction,158,158,1,3,8,0.000,0.50
167.680,8,en_route_pickup,1.027,-3.446,0.000,-3.500,joint_grid_transaction,158,158,1,2,7,0.000,1.00
167.936,1,en_route_delivery,0.082,-2.685,3.000,1.500,joint_grid_transaction,158,158,1,7,9,0.000,1.00
167.936,2,en_route_pickup,2.067,3.071,-1.000,1.500,joint_grid_transaction,158,158,1,2,2,0.000,1.00
167.936,3,en_route_delivery,-3.414,1.984,0.000,-3.500,joint_grid_transaction,158,158,1,5,3,170.032,0.40
167.936,4,en_route_pickup,2.115,-2.024,-3.000,-1.500,joint_grid_transaction,158,158,1,5,10,0.000,0.50
167.936,5,en_route_pickup,-2.254,2.848,1.000,1.500,joint_grid_transaction,158,158,1,3,5,0.000,1.00
167.936,6,en_route_delivery,-1.313,-1.985,-6.000,3.500,joint_grid_transaction,158,158,1,4,6,0.000,1.00
167.936,7,en_route_delivery,-4.210,1.909,-1.000,1.500,joint_grid_transaction,158,158,1,3,8,0.000,0.50
167.936,8,en_route_pickup,0.981,-3.451,0.000,-3.500,joint_grid_transaction,158,158,1,2,7,0.000,1.00
168.192,1,en_route_delivery,0.121,-2.682,3.000,1.500,joint_grid_transaction,158,158,1,7,9,0.000,1.00
168.192,2,en_route_pickup,2.095,3.033,-1.000,1.500,joint_grid_transaction,158,158,1,2,2,0.000,1.00
168.192,3,en_route_delivery,-3.414,1.984,0.000,-3.500,joint_grid_transaction,158,158,1,5,3,170.032,0.40
168.192,4,en_route_pickup,2.105,-2.025,-3.000,-1.500,joint_grid_transaction,158,158,1,5,10,0.000,0.50
168.192,5,en_route_pickup,-2.208,2.858,1.000,1.500,joint_grid_transaction,158,158,1,3,5,0.000,1.00
168.192,6,en_route_delivery,-1.355,-1.989,-6.000,3.500,joint_grid_transaction,158,158,1,4,6,0.000,1.00
168.192,7,en_route_delivery,-4.210,1.909,-1.000,1.500,joint_grid_transaction,158,158,1,3,8,0.000,0.50
168.192,8,en_route_pickup,0.936,-3.455,0.000,-3.500,joint_grid_transaction,158,158,1,2,7,0.000,1.00
168.448,1,en_route_delivery,0.160,-2.678,3.000,1.500,joint_grid_transaction,158,158,1,7,9,0.000,1.00
168.448,2,en_route_pickup,2.106,3.018,-1.000,1.500,joint_grid_transaction,158,158,1,2,2,0.000,1.00
168.448,3,en_route_delivery,-3.414,1.984,0.000,-3.500,joint_grid_transaction,158,158,1,5,3,170.032,0.40
168.448,4,en_route_pickup,2.095,-2.026,-3.000,-1.500,joint_grid_transaction,158,158,1,5,10,0.000,0.50
168.448,5,en_route_pickup,-2.161,2.868,1.000,1.500,joint_grid_transaction,158,158,1,3,5,0.000,1.00
168.448,6,en_route_delivery,-1.397,-1.992,-6.000,3.500,joint_grid_transaction,158,158,1,4,6,0.000,1.00
168.448,7,en_route_delivery,-4.210,1.909,-1.000,1.500,joint_grid_transaction,158,158,1,3,8,0.000,0.50
168.448,8,en_route_pickup,0.892,-3.459,0.000,-3.500,joint_grid_transaction,158,158,1,2,7,0.000,1.00
168.704,1,en_route_delivery,0.199,-2.674,3.000,1.500,joint_grid_transaction,159,159,1,8,9,0.000,1.00
168.704,2,en_route_pickup,2.107,3.017,-1.000,1.500,joint_grid_transaction,159,159,1,2,2,0.000,1.00
168.704,3,en_route_delivery,-3.414,1.984,0.000,-3.500,joint_grid_transaction,159,159,0,13,3,170.032,0.40
168.704,4,en_route_pickup,2.085,-2.027,-3.000,-1.500,joint_grid_transaction,159,159,1,5,10,0.000,0.50
168.704,5,en_route_pickup,-2.115,2.880,1.000,1.500,joint_grid_transaction,159,159,1,3,5,0.000,1.00
168.704,6,en_route_delivery,-1.439,-1.995,-6.000,3.500,joint_grid_transaction,159,159,1,4,6,0.000,1.00
168.704,7,en_route_delivery,-4.210,1.909,-1.000,1.500,joint_grid_transaction,159,159,0,3,8,0.000,0.50
168.704,8,en_route_pickup,0.859,-3.461,0.000,-3.500,joint_grid_transaction,159,159,2,6,7,0.000,1.00
168.960,1,en_route_delivery,0.237,-2.671,3.000,1.500,joint_grid_transaction,159,159,1,8,9,0.000,1.00
168.960,2,en_route_pickup,2.107,3.017,-1.000,1.500,joint_grid_transaction,159,159,1,2,2,0.000,1.00
168.960,3,en_route_delivery,-3.414,1.984,0.000,-3.500,joint_grid_transaction,159,159,0,13,3,170.032,0.40
168.960,4,en_route_pickup,2.075,-2.028,-3.000,-1.500,joint_grid_transaction,159,159,1,5,10,0.000,0.50
168.960,5,en_route_pickup,-2.068,2.892,1.000,1.500,joint_grid_transaction,159,159,1,3,5,0.000,1.00
168.960,6,en_route_delivery,-1.481,-1.999,-6.000,3.500,joint_grid_transaction,159,159,1,4,6,0.000,1.00
168.960,7,en_route_delivery,-4.210,1.909,-1.000,1.500,joint_grid_transaction,159,159,0,3,8,0.000,0.50
168.960,8,en_route_pickup,0.863,-3.461,0.000,-3.500,joint_grid_transaction,159,159,2,6,7,0.000,1.00
169.216,1,en_route_delivery,0.275,-2.667,3.000,1.500,joint_grid_transaction,159,159,1,8,9,0.000,1.00
169.216,2,en_route_pickup,2.107,3.017,-1.000,1.500,joint_grid_transaction,159,159,1,2,2,0.000,1.00
169.216,3,en_route_delivery,-3.414,1.984,0.000,-3.500,joint_grid_transaction,159,159,0,13,3,170.032,0.40
169.216,4,en_route_pickup,2.065,-2.029,-3.000,-1.500,joint_grid_transaction,159,159,1,5,10,0.000,0.50
169.216,5,en_route_pickup,-2.022,2.904,1.000,1.500,joint_grid_transaction,159,159,1,3,5,0.000,1.00
169.216,6,en_route_delivery,-1.523,-2.002,-6.000,3.500,joint_grid_transaction,159,159,1,4,6,0.000,1.00
169.216,7,en_route_delivery,-4.210,1.909,-1.000,1.500,joint_grid_transaction,159,159,0,3,8,0.000,0.50
169.216,8,en_route_pickup,0.833,-3.449,0.000,-3.500,joint_grid_transaction,159,159,2,6,7,0.000,1.00
169.472,1,en_route_delivery,0.314,-2.664,3.000,1.500,joint_grid_transaction,159,159,1,8,9,0.000,1.00
169.472,2,en_route_pickup,2.107,3.017,-1.000,1.500,joint_grid_transaction,159,159,1,2,2,0.000,1.00
169.472,3,en_route_delivery,-3.414,1.984,0.000,-3.500,joint_grid_transaction,159,159,0,13,3,170.032,0.40
169.472,4,en_route_pickup,2.055,-2.030,-3.000,-1.500,joint_grid_transaction,159,159,1,5,10,0.000,0.50
169.472,5,en_route_pickup,-1.976,2.916,1.000,1.500,joint_grid_transaction,159,159,1,3,5,0.000,1.00
169.472,6,en_route_delivery,-1.564,-2.006,-6.000,3.500,joint_grid_transaction,159,159,1,4,6,0.000,1.00
169.472,7,en_route_delivery,-4.210,1.909,-1.000,1.500,joint_grid_transaction,159,159,0,3,8,0.000,0.50
169.472,8,en_route_pickup,0.790,-3.432,0.000,-3.500,joint_grid_transaction,159,159,2,6,7,0.000,1.00
169.728,1,en_route_delivery,0.352,-2.660,3.000,1.500,joint_grid_transaction,159,159,1,8,9,0.000,1.00
169.728,2,en_route_pickup,2.107,3.017,-1.000,1.500,joint_grid_transaction,159,159,1,2,2,0.000,1.00
169.728,3,en_route_delivery,-3.414,1.984,0.000,-3.500,joint_grid_transaction,159,159,0,13,3,170.032,0.40
169.728,4,en_route_pickup,2.045,-2.031,-3.000,-1.500,joint_grid_transaction,159,159,1,5,10,0.000,0.50
169.728,5,en_route_pickup,-1.930,2.929,1.000,1.500,joint_grid_transaction,159,159,1,3,5,0.000,1.00
169.728,6,en_route_delivery,-1.606,-2.009,-6.000,3.500,joint_grid_transaction,159,159,1,4,6,0.000,1.00
169.728,7,en_route_delivery,-4.210,1.909,-1.000,1.500,joint_grid_transaction,159,159,0,3,8,0.000,0.50
169.728,8,en_route_pickup,0.747,-3.413,0.000,-3.500,joint_grid_transaction,159,159,2,6,7,0.000,1.00
169.984,1,en_route_delivery,0.389,-2.657,3.000,1.500,joint_grid_transaction,159,159,1,8,9,0.000,1.00
169.984,2,en_route_pickup,2.107,3.017,-1.000,1.500,joint_grid_transaction,159,159,1,2,2,0.000,1.00
169.984,3,en_route_delivery,-3.414,1.984,0.000,-3.500,joint_grid_transaction,159,159,0,13,3,170.032,0.40
169.984,4,en_route_pickup,2.035,-2.032,-3.000,-1.500,joint_grid_transaction,159,159,1,5,10,0.000,0.50
169.984,5,en_route_pickup,-1.883,2.941,1.000,1.500,joint_grid_transaction,159,159,1,3,5,0.000,1.00
169.984,6,en_route_delivery,-1.647,-2.012,-6.000,3.500,joint_grid_transaction,159,159,1,4,6,0.000,1.00
169.984,7,en_route_delivery,-4.210,1.909,-1.000,1.500,joint_grid_transaction,159,159,0,3,8,0.000,0.50
169.984,8,en_route_pickup,0.706,-3.390,0.000,-3.500,joint_grid_transaction,159,159,2,6,7,0.000,1.00
170.240,1,en_route_delivery,0.392,-2.656,3.000,1.500,joint_grid_transaction,159,159,1,8,9,0.000,1.00
170.240,2,en_route_pickup,2.107,3.017,-1.000,1.500,joint_grid_transaction,159,159,1,2,2,0.000,1.00
170.240,3,en_route_delivery,-3.414,1.984,0.000,-3.500,joint_grid_transaction,159,159,0,13,3,0.000,0.40
170.240,4,en_route_pickup,2.025,-2.033,-3.000,-1.500,joint_grid_transaction,159,159,1,5,10,0.000,0.50
170.240,5,en_route_pickup,-1.837,2.954,1.000,1.500,joint_grid_transaction,159,159,1,3,5,0.000,1.00
170.240,6,en_route_delivery,-1.689,-2.016,-6.000,3.500,joint_grid_transaction,159,159,1,4,6,0.000,1.00
170.240,7,en_route_delivery,-4.210,1.909,-1.000,1.500,joint_grid_transaction,159,159,0,3,8,0.000,0.50
170.240,8,en_route_pickup,0.706,-3.390,0.000,-3.500,joint_grid_transaction,159,159,2,6,7,0.000,1.00
170.496,1,en_route_delivery,0.392,-2.656,3.000,1.500,joint_grid_transaction,159,159,1,8,9,0.000,1.00
170.496,2,en_route_pickup,2.107,3.017,-1.000,1.500,joint_grid_transaction,159,159,1,2,2,0.000,1.00
170.496,3,en_route_delivery,-3.414,1.984,0.000,-3.500,joint_grid_transaction,159,159,0,13,3,0.000,0.40
170.496,4,en_route_pickup,2.015,-2.034,-3.000,-1.500,joint_grid_transaction,159,159,1,5,10,0.000,0.50
170.496,5,en_route_pickup,-1.791,2.966,1.000,1.500,joint_grid_transaction,159,159,1,3,5,0.000,1.00
170.496,6,en_route_delivery,-1.730,-2.019,-6.000,3.500,joint_grid_transaction,159,159,1,4,6,0.000,1.00
170.496,7,en_route_delivery,-4.210,1.909,-1.000,1.500,joint_grid_transaction,159,159,0,3,8,0.000,0.50
170.496,8,en_route_pickup,0.706,-3.390,0.000,-3.500,joint_grid_transaction,159,159,2,6,7,0.000,1.00
170.752,1,en_route_delivery,0.392,-2.656,3.000,1.500,joint_grid_transaction,160,160,0,6,9,0.000,1.00
170.752,2,en_route_pickup,2.120,2.999,-1.000,1.500,joint_grid_transaction,160,160,1,2,2,0.000,1.00
170.752,3,en_route_delivery,-3.414,1.984,0.000,-3.500,joint_grid_transaction,160,160,0,13,3,0.000,1.00
170.752,4,en_route_pickup,2.005,-2.035,-3.000,-1.500,joint_grid_transaction,160,160,1,3,10,0.000,0.50
170.752,5,en_route_pickup,-1.763,2.969,1.000,1.500,joint_grid_transaction,160,160,1,3,5,0.000,1.00
170.752,6,en_route_delivery,-1.771,-2.023,-6.000,3.500,joint_grid_transaction,160,160,1,7,6,0.000,1.00
170.752,7,en_route_delivery,-4.210,1.909,-1.000,1.500,joint_grid_transaction,160,160,0,3,8,0.000,0.50
170.752,8,en_route_pickup,0.706,-3.390,0.000,-3.500,joint_grid_transaction,160,160,0,6,7,0.000,1.00
171.008,1,en_route_delivery,0.392,-2.656,3.000,1.500,joint_grid_transaction,160,160,0,6,9,0.000,1.00
171.008,2,en_route_pickup,2.144,2.959,-1.000,1.500,joint_grid_transaction,160,160,1,2,2,0.000,1.00
171.008,3,en_route_delivery,-3.414,1.984,0.000,-3.500,joint_grid_transaction,160,160,0,13,3,0.000,1.00
171.008,4,en_route_pickup,1.994,-2.036,-3.000,-1.500,joint_grid_transaction,160,160,1,3,10,0.000,0.50
171.008,5,en_route_pickup,-1.767,2.969,1.000,1.500,joint_grid_transaction,160,160,1,3,5,0.000,1.00
171.008,6,en_route_delivery,-1.812,-2.026,-6.000,3.500,joint_grid_transaction,160,160,1,7,6,0.000,1.00
171.008,7,en_route_delivery,-4.210,1.909,-1.000,1.500,joint_grid_transaction,160,160,0,3,8,0.000,0.50
171.008,8,en_route_pickup,0.706,-3.390,0.000,-3.500,joint_grid_transaction,160,160,0,6,7,0.000,1.00
171.264,1,en_route_delivery,0.392,-2.656,3.000,1.500,joint_grid_transaction,160,160,0,6,9,0.000,0.45
171.264,2,en_route_pickup,2.165,2.916,-1.000,1.500,joint_grid_transaction,160,160,1,2,2,0.000,1.00
171.264,3,en_route_delivery,-3.414,1.984,0.000,-3.500,joint_grid_transaction,160,160,0,13,3,0.000,0.45
171.264,4,en_route_pickup,1.984,-2.036,-3.000,-1.500,joint_grid_transaction,160,160,1,3,10,0.000,0.50
171.264,5,en_route_pickup,-1.764,2.962,1.000,1.500,joint_grid_transaction,160,160,1,3,5,0.000,1.00
171.264,6,en_route_delivery,-1.853,-2.029,-6.000,3.500,joint_grid_transaction,160,160,1,7,6,0.000,1.00
171.264,7,en_route_delivery,-4.210,1.909,-1.000,1.500,joint_grid_transaction,160,160,0,3,8,0.000,0.75
171.264,8,en_route_pickup,0.706,-3.390,0.000,-3.500,joint_grid_transaction,160,160,0,6,7,0.000,0.75
171.520,1,en_route_delivery,0.392,-2.656,3.000,1.500,joint_grid_transaction,160,160,0,6,9,0.000,0.45
171.520,2,en_route_pickup,2.184,2.873,-1.000,1.500,joint_grid_transaction,160,160,1,2,2,0.000,1.00
171.520,3,en_route_delivery,-3.414,1.984,0.000,-3.500,joint_grid_transaction,160,160,0,13,3,0.000,0.45
171.520,4,en_route_pickup,1.974,-2.037,-3.000,-1.500,joint_grid_transaction,160,160,1,3,10,0.000,0.50
171.520,5,en_route_pickup,-1.722,2.942,1.000,1.500,joint_grid_transaction,160,160,1,3,5,0.000,1.00
171.520,6,en_route_delivery,-1.894,-2.033,-6.000,3.500,joint_grid_transaction,160,160,1,7,6,0.000,1.00
171.520,7,en_route_delivery,-4.210,1.909,-1.000,1.500,joint_grid_transaction,160,160,0,3,8,0.000,0.75
171.520,8,en_route_pickup,0.706,-3.390,0.000,-3.500,joint_grid_transaction,160,160,0,6,7,0.000,0.75
171.776,1,en_route_delivery,0.392,-2.656,3.000,1.500,joint_grid_transaction,160,160,0,6,9,0.000,0.45
171.776,2,en_route_pickup,2.202,2.829,-1.000,1.500,joint_grid_transaction,160,160,1,2,2,0.000,1.00
171.776,3,en_route_delivery,-3.414,1.984,0.000,-3.500,joint_grid_transaction,160,160,0,13,3,0.000,0.45
171.776,4,en_route_pickup,1.964,-2.038,-3.000,-1.500,joint_grid_transaction,160,160,1,3,10,0.000,0.50
171.776,5,en_route_pickup,-1.681,2.918,1.000,1.500,joint_grid_transaction,160,160,1,3,5,0.000,1.00
171.776,6,en_route_delivery,-1.934,-2.036,-6.000,3.500,joint_grid_transaction,160,160,1,7,6,0.000,1.00
171.776,7,en_route_delivery,-4.210,1.909,-1.000,1.500,joint_grid_transaction,160,160,0,3,8,0.000,0.75
171.776,8,en_route_pickup,0.706,-3.390,0.000,-3.500,joint_grid_transaction,160,160,0,6,7,0.000,0.75
172.032,1,en_route_delivery,0.392,-2.656,3.000,1.500,joint_grid_transaction,160,160,0,6,9,0.000,0.45
172.032,2,en_route_pickup,2.220,2.784,-1.000,1.500,joint_grid_transaction,160,160,1,2,2,0.000,1.00
172.032,3,en_route_delivery,-3.414,1.984,0.000,-3.500,joint_grid_transaction,160,160,0,13,3,0.000,0.45
172.032,4,en_route_pickup,1.954,-2.039,-3.000,-1.500,joint_grid_transaction,160,160,1,3,10,0.000,0.50
172.032,5,en_route_pickup,-1.642,2.892,1.000,1.500,joint_grid_transaction,160,160,1,3,5,0.000,1.00
172.032,6,en_route_delivery,-1.975,-2.039,-6.000,3.500,joint_grid_transaction,160,160,1,7,6,0.000,1.00
172.032,7,en_route_delivery,-4.210,1.909,-1.000,1.500,joint_grid_transaction,160,160,0,3,8,0.000,0.75
172.032,8,en_route_pickup,0.706,-3.390,0.000,-3.500,joint_grid_transaction,160,160,0,6,7,0.000,0.75
172.288,1,en_route_delivery,0.392,-2.656,3.000,1.500,joint_grid_transaction,160,160,0,6,9,0.000,0.45
172.288,2,en_route_pickup,2.236,2.739,-1.000,1.500,joint_grid_transaction,160,160,1,2,2,0.000,1.00
172.288,3,en_route_delivery,-3.414,1.984,0.000,-3.500,joint_grid_transaction,160,160,0,13,3,0.000,0.45
172.288,4,en_route_pickup,1.944,-2.040,-3.000,-1.500,joint_grid_transaction,160,160,1,3,10,0.000,0.50
172.288,5,en_route_pickup,-1.603,2.865,1.000,1.500,joint_grid_transaction,160,160,1,3,5,0.000,1.00
172.288,6,en_route_delivery,-2.015,-2.043,-6.000,3.500,joint_grid_transaction,160,160,1,7,6,0.000,1.00
172.288,7,en_route_delivery,-4.210,1.909,-1.000,1.500,joint_grid_transaction,160,160,0,3,8,0.000,0.75
172.288,8,en_route_pickup,0.706,-3.390,0.000,-3.500,joint_grid_transaction,160,160,0,6,7,0.000,0.75
172.544,1,en_route_delivery,0.392,-2.656,3.000,1.500,joint_grid_transaction,160,160,0,6,9,0.000,0.45
172.544,2,en_route_pickup,2.253,2.694,-1.000,1.500,joint_grid_transaction,160,160,1,2,2,0.000,1.00
172.544,3,en_route_delivery,-3.414,1.984,0.000,-3.500,joint_grid_transaction,160,160,0,13,3,0.000,0.45
172.544,4,en_route_pickup,1.934,-2.041,-3.000,-1.500,joint_grid_transaction,160,160,1,3,10,0.000,0.50
172.544,5,en_route_pickup,-1.564,2.836,1.000,1.500,joint_grid_transaction,160,160,1,3,5,0.000,1.00
172.544,6,en_route_delivery,-2.055,-2.046,-6.000,3.500,joint_grid_transaction,160,160,1,7,6,0.000,1.00
172.544,7,en_route_delivery,-4.210,1.909,-1.000,1.500,joint_grid_transaction,160,160,0,3,8,0.000,0.75
172.544,8,en_route_pickup,0.706,-3.390,0.000,-3.500,joint_grid_transaction,160,160,0,6,7,0.000,0.75
172.800,1,en_route_delivery,0.392,-2.656,3.000,1.500,joint_grid_transaction,161,161,0,6,9,0.000,0.45
172.800,2,en_route_pickup,2.269,2.649,-1.000,1.500,joint_grid_transaction,161,161,1,2,2,0.000,1.00
172.800,3,en_route_delivery,-3.414,1.984,0.000,-3.500,joint_grid_transaction,161,161,0,11,3,0.000,0.45
172.800,4,en_route_pickup,1.923,-2.042,-3.000,-1.500,joint_grid_transaction,161,161,1,5,10,0.000,0.50
172.800,5,en_route_pickup,-1.526,2.807,1.000,1.500,joint_grid_transaction,161,161,1,3,5,0.000,1.00
172.800,6,en_route_delivery,-2.096,-2.049,-6.000,3.500,joint_grid_transaction,161,161,1,3,6,0.000,1.00
172.800,7,en_route_delivery,-4.210,1.909,-1.000,1.500,joint_grid_transaction,161,161,0,9,8,0.000,0.75
172.800,8,en_route_pickup,0.706,-3.390,0.000,-3.500,joint_grid_transaction,161,161,0,2,7,0.000,0.75
173.056,1,en_route_delivery,0.392,-2.656,3.000,1.500,joint_grid_transaction,161,161,0,6,9,0.000,1.00
173.056,2,en_route_pickup,2.285,2.604,-1.000,1.500,joint_grid_transaction,161,161,1,2,2,0.000,1.00
173.056,3,en_route_delivery,-3.414,1.984,0.000,-3.500,joint_grid_transaction,161,161,0,11,3,0.000,0.45
173.056,4,en_route_pickup,1.913,-2.043,-3.000,-1.500,_priority_yield_resume,162,161,1,1,10,0.000,0.55
173.056,5,en_route_pickup,-1.488,2.778,1.000,1.500,joint_grid_transaction,161,161,1,3,5,0.000,1.00
173.056,6,en_route_delivery,-2.137,-2.053,-6.000,3.500,joint_grid_transaction,161,161,1,3,6,0.000,1.00
173.056,7,en_route_delivery,-4.210,1.909,-1.000,1.500,joint_grid_transaction,161,161,0,9,8,0.000,0.75
173.056,8,en_route_pickup,0.706,-3.390,0.000,-3.500,joint_grid_transaction,161,161,0,2,7,0.000,0.50
173.312,1,en_route_delivery,0.392,-2.656,3.000,1.500,joint_grid_transaction,161,161,0,6,9,0.000,1.00
173.312,2,en_route_pickup,2.301,2.559,-1.000,1.500,joint_grid_transaction,161,161,1,2,2,0.000,1.00
173.312,3,en_route_delivery,-3.414,1.984,0.000,-3.500,joint_grid_transaction,161,161,0,11,3,0.000,0.45
173.312,4,en_route_pickup,1.916,-2.044,-3.000,-1.500,_priority_yield_resume,162,161,0,1,10,0.000,0.55
173.312,5,en_route_pickup,-1.450,2.749,1.000,1.500,joint_grid_transaction,161,161,1,3,5,0.000,1.00
173.312,6,en_route_delivery,-2.177,-2.056,-6.000,3.500,joint_grid_transaction,161,161,1,3,6,0.000,1.00
173.312,7,en_route_delivery,-4.210,1.909,-1.000,1.500,joint_grid_transaction,161,161,0,9,8,0.000,0.75
173.312,8,en_route_pickup,0.706,-3.390,0.000,-3.500,joint_grid_transaction,161,161,0,2,7,0.000,0.50
173.568,1,en_route_delivery,0.392,-2.656,3.000,1.500,joint_grid_transaction,161,161,0,6,9,0.000,0.45
173.568,2,en_route_pickup,2.317,2.514,-1.000,1.500,joint_grid_transaction,161,161,1,2,2,0.000,1.00
173.568,3,en_route_delivery,-3.414,1.984,0.000,-3.500,joint_grid_transaction,161,161,0,11,3,0.000,0.45
173.568,4,en_route_pickup,1.922,-2.046,-3.000,-1.500,_priority_yield_resume,162,161,0,1,10,0.000,0.55
173.568,5,en_route_pickup,-1.413,2.720,1.000,1.500,joint_grid_transaction,161,161,1,3,5,0.000,1.00
173.568,6,en_route_delivery,-2.218,-2.059,-6.000,3.500,joint_grid_transaction,161,161,1,3,6,0.000,1.00
173.568,7,en_route_delivery,-4.210,1.909,-1.000,1.500,joint_grid_transaction,161,161,0,9,8,0.000,0.75
173.568,8,en_route_pickup,0.706,-3.390,0.000,-3.500,joint_grid_transaction,161,161,0,2,7,0.000,0.75
173.824,1,en_route_delivery,0.392,-2.656,3.000,1.500,joint_grid_transaction,161,161,0,6,9,0.000,0.45
173.824,2,en_route_pickup,2.333,2.469,-1.000,1.500,joint_grid_transaction,161,161,1,2,2,0.000,1.00
173.824,3,en_route_delivery,-3.414,1.984,0.000,-3.500,joint_grid_transaction,161,161,0,11,3,0.000,0.45
173.824,4,en_route_pickup,1.928,-2.048,-3.000,-1.500,_priority_yield_resume,162,161,0,1,10,0.000,0.55
173.824,5,en_route_pickup,-1.375,2.690,1.000,1.500,joint_grid_transaction,161,161,1,3,5,0.000,1.00
173.824,6,en_route_delivery,-2.259,-2.063,-6.000,3.500,joint_grid_transaction,161,161,1,3,6,0.000,1.00
173.824,7,en_route_delivery,-4.210,1.909,-1.000,1.500,joint_grid_transaction,161,161,0,9,8,0.000,0.75
173.824,8,en_route_pickup,0.706,-3.390,0.000,-3.500,joint_grid_transaction,161,161,0,2,7,0.000,0.75
174.080,1,en_route_delivery,0.392,-2.656,3.000,1.500,joint_grid_transaction,161,161,0,6,9,0.000,0.45
174.080,2,en_route_pickup,2.349,2.424,-1.000,1.500,joint_grid_transaction,161,161,1,2,2,0.000,1.00
174.080,3,en_route_delivery,-3.414,1.984,0.000,-3.500,joint_grid_transaction,161,161,0,11,3,0.000,0.45
174.080,4,en_route_pickup,1.935,-2.052,-3.000,-1.500,_priority_yield_resume,162,161,0,1,10,0.000,0.55
174.080,5,en_route_pickup,-1.337,2.660,1.000,1.500,joint_grid_transaction,161,161,1,3,5,0.000,1.00
174.080,6,en_route_delivery,-2.299,-2.066,-6.000,3.500,joint_grid_transaction,161,161,1,3,6,0.000,1.00
174.080,7,en_route_delivery,-4.210,1.909,-1.000,1.500,joint_grid_transaction,161,161,0,9,8,0.000,0.75
174.080,8,en_route_pickup,0.706,-3.390,0.000,-3.500,joint_grid_transaction,161,161,0,2,7,0.000,0.75
174.336,1,en_route_delivery,0.392,-2.656,3.000,1.500,joint_grid_transaction,161,161,0,6,9,0.000,0.45
174.336,2,en_route_pickup,2.361,2.389,-1.000,1.500,joint_grid_transaction,161,161,1,2,2,0.000,1.00
174.336,3,en_route_delivery,-3.414,1.984,0.000,-3.500,joint_grid_transaction,161,161,0,11,3,0.000,0.45
174.336,4,en_route_pickup,1.943,-2.057,-3.000,-1.500,_priority_yield_resume,162,161,0,1,10,0.000,0.55
174.336,5,en_route_pickup,-1.300,2.631,1.000,1.500,joint_grid_transaction,161,161,1,3,5,0.000,1.00
174.336,6,en_route_delivery,-2.340,-2.069,-6.000,3.500,joint_grid_transaction,161,161,1,3,6,0.000,1.00
174.336,7,en_route_delivery,-4.210,1.909,-1.000,1.500,joint_grid_transaction,161,161,0,9,8,0.000,0.75
174.336,8,en_route_pickup,0.706,-3.390,0.000,-3.500,joint_grid_transaction,161,161,0,2,7,0.000,0.75
174.592,1,en_route_delivery,0.392,-2.656,3.000,1.500,joint_grid_transaction,161,161,0,6,9,0.000,0.45
174.592,2,en_route_pickup,2.361,2.390,-1.000,1.500,joint_grid_transaction,161,161,1,2,2,0.000,1.00
174.592,3,en_route_delivery,-3.414,1.984,0.000,-3.500,joint_grid_transaction,161,161,0,11,3,0.000,0.45
174.592,4,en_route_pickup,1.950,-2.062,-3.000,-1.500,joint_grid_transaction,162,161,0,0,10,184.528,0.40
174.592,5,en_route_pickup,-1.262,2.601,1.000,1.500,joint_grid_transaction,161,161,1,3,5,0.000,1.00
174.592,6,en_route_delivery,-2.380,-2.073,-6.000,3.500,joint_grid_transaction,161,161,1,3,6,0.000,1.00
174.592,7,en_route_delivery,-4.210,1.909,-1.000,1.500,joint_grid_transaction,161,161,0,9,8,0.000,0.75
174.592,8,en_route_pickup,0.706,-3.390,0.000,-3.500,joint_grid_transaction,161,161,0,2,7,0.000,0.75
174.848,1,en_route_delivery,0.392,-2.656,3.000,1.500,joint_grid_transaction,161,161,0,6,9,0.000,0.45
174.848,2,en_route_pickup,2.361,2.390,-1.000,1.500,joint_grid_transaction,161,161,1,2,2,0.000,1.00
174.848,3,en_route_delivery,-3.414,1.984,0.000,-3.500,joint_grid_transaction,161,161,0,11,3,0.000,0.45
174.848,4,en_route_pickup,1.950,-2.062,-3.000,-1.500,joint_grid_transaction,162,161,0,0,10,184.528,0.40
174.848,5,en_route_pickup,-1.225,2.572,1.000,1.500,joint_grid_transaction,161,161,1,3,5,0.000,1.00
174.848,6,en_route_delivery,-2.420,-2.076,-6.000,3.500,joint_grid_transaction,161,161,1,3,6,0.000,1.00
174.848,7,en_route_delivery,-4.210,1.909,-1.000,1.500,joint_grid_transaction,161,161,0,9,8,0.000,0.75
174.848,8,en_route_pickup,0.706,-3.390,0.000,-3.500,joint_grid_transaction,161,161,0,2,7,0.000,0.75
175.104,1,en_route_delivery,0.392,-2.656,3.000,1.500,joint_grid_transaction,161,161,0,6,9,0.000,0.45
175.104,2,en_route_pickup,2.361,2.390,-1.000,1.500,joint_grid_transaction,161,161,1,2,2,0.000,1.00
175.104,3,en_route_delivery,-3.414,1.984,0.000,-3.500,joint_grid_transaction,161,161,0,11,3,0.000,0.45
175.104,4,en_route_pickup,1.950,-2.062,-3.000,-1.500,joint_grid_transaction,162,161,0,0,10,0.000,1.00
175.104,5,en_route_pickup,-1.187,2.542,1.000,1.500,joint_grid_transaction,161,161,1,3,5,0.000,1.00
175.104,6,en_route_delivery,-2.460,-2.079,-6.000,3.500,joint_grid_transaction,161,161,1,3,6,0.000,1.00
175.104,7,en_route_delivery,-4.210,1.909,-1.000,1.500,joint_grid_transaction,161,161,0,9,8,0.000,0.75
175.104,8,en_route_pickup,0.706,-3.390,0.000,-3.500,joint_grid_transaction,161,161,0,2,7,0.000,0.75
175.360,1,en_route_delivery,0.392,-2.656,3.000,1.500,joint_grid_transaction,165,165,0,11,9,0.000,0.45
175.360,2,en_route_pickup,2.361,2.389,-1.000,1.500,joint_grid_transaction,165,165,1,2,2,0.000,1.00
175.360,3,en_route_delivery,-3.414,1.984,0.000,-3.500,joint_grid_transaction,165,165,0,14,3,0.000,0.45
175.360,4,en_route_pickup,1.936,-2.051,-3.000,-1.500,joint_grid_transaction,165,165,1,5,10,0.000,1.00
175.360,5,en_route_pickup,-1.149,2.512,1.000,1.500,joint_grid_transaction,165,165,1,4,5,0.000,1.00
175.360,6,en_route_delivery,-2.499,-2.083,-6.000,3.500,joint_grid_transaction,165,165,1,3,6,0.000,1.00
175.360,7,en_route_delivery,-4.210,1.909,-1.000,1.500,joint_grid_transaction,165,165,0,6,8,0.000,0.75
175.360,8,en_route_pickup,0.706,-3.390,0.000,-3.500,joint_grid_transaction,165,165,0,2,7,0.000,0.75
175.616,1,en_route_delivery,0.392,-2.656,3.000,1.500,joint_grid_transaction,165,165,0,11,9,0.000,0.45
175.616,2,en_route_pickup,2.361,2.389,-1.000,1.500,joint_grid_transaction,165,165,1,2,2,0.000,1.00
175.616,3,en_route_delivery,-3.414,1.984,0.000,-3.500,joint_grid_transaction,165,165,0,14,3,0.000,0.45
175.616,4,en_route_pickup,1.911,-2.058,-3.000,-1.500,joint_grid_transaction,165,165,1,5,10,0.000,1.00
175.616,5,en_route_pickup,-1.112,2.483,1.000,1.500,joint_grid_transaction,165,165,1,4,5,0.000,1.00
175.616,6,en_route_delivery,-2.538,-2.086,-6.000,3.500,joint_grid_transaction,165,165,1,3,6,0.000,1.00
175.616,7,en_route_delivery,-4.210,1.909,-1.000,1.500,joint_grid_transaction,165,165,0,6,8,0.000,0.75
175.616,8,en_route_pickup,0.706,-3.390,0.000,-3.500,joint_grid_transaction,165,165,0,2,7,0.000,0.75
175.872,1,en_route_delivery,0.392,-2.656,3.000,1.500,joint_grid_transaction,165,165,0,11,9,0.000,0.45
175.872,2,en_route_pickup,2.361,2.389,-1.000,1.500,joint_grid_transaction,165,165,1,2,2,0.000,1.00
175.872,3,en_route_delivery,-3.414,1.984,0.000,-3.500,joint_grid_transaction,165,165,0,14,3,0.000,0.45
175.872,4,en_route_pickup,1.867,-2.075,-3.000,-1.500,joint_grid_transaction,165,165,1,5,10,0.000,1.00
175.872,5,en_route_pickup,-1.074,2.453,1.000,1.500,joint_grid_transaction,165,165,1,4,5,0.000,1.00
175.872,6,en_route_delivery,-2.577,-2.089,-6.000,3.500,joint_grid_transaction,165,165,1,3,6,0.000,1.00
175.872,7,en_route_delivery,-4.210,1.909,-1.000,1.500,joint_grid_transaction,165,165,0,6,8,0.000,0.75
175.872,8,en_route_pickup,0.706,-3.390,0.000,-3.500,joint_grid_transaction,165,165,0,2,7,0.000,0.75
176.128,1,en_route_delivery,0.392,-2.656,3.000,1.500,joint_grid_transaction,165,165,0,11,9,0.000,0.45
176.128,2,en_route_pickup,2.361,2.389,-1.000,1.500,joint_grid_transaction,165,165,1,2,2,0.000,1.00
176.128,3,en_route_delivery,-3.414,1.984,0.000,-3.500,joint_grid_transaction,165,165,0,14,3,0.000,0.45
176.128,4,en_route_pickup,1.822,-2.089,-3.000,-1.500,joint_grid_transaction,165,165,1,5,10,0.000,1.00
176.128,5,en_route_pickup,-1.037,2.423,1.000,1.500,joint_grid_transaction,165,165,1,4,5,0.000,1.00
176.128,6,en_route_delivery,-2.616,-2.092,-6.000,3.500,joint_grid_transaction,165,165,1,3,6,0.000,1.00
176.128,7,en_route_delivery,-4.210,1.909,-1.000,1.500,joint_grid_transaction,165,165,0,6,8,0.000,0.75
176.128,8,en_route_pickup,0.706,-3.390,0.000,-3.500,joint_grid_transaction,165,165,0,2,7,0.000,0.75
176.384,1,en_route_delivery,0.392,-2.656,3.000,1.500,joint_grid_transaction,165,165,0,11,9,0.000,0.45
176.384,2,en_route_pickup,2.361,2.389,-1.000,1.500,joint_grid_transaction,165,165,1,2,2,0.000,1.00
176.384,3,en_route_delivery,-3.414,1.984,0.000,-3.500,joint_grid_transaction,165,165,0,14,3,0.000,0.45
176.384,4,en_route_pickup,1.775,-2.100,-3.000,-1.500,joint_grid_transaction,165,165,1,5,10,0.000,1.00
176.384,5,en_route_pickup,-0.999,2.394,1.000,1.500,joint_grid_transaction,165,165,1,4,5,0.000,1.00
176.384,6,en_route_delivery,-2.654,-2.095,-6.000,3.500,joint_grid_transaction,165,165,1,3,6,0.000,1.00
176.384,7,en_route_delivery,-4.210,1.909,-1.000,1.500,joint_grid_transaction,165,165,0,6,8,0.000,0.75
176.384,8,en_route_pickup,0.706,-3.390,0.000,-3.500,joint_grid_transaction,165,165,0,2,7,0.000,0.75
176.640,1,en_route_delivery,0.392,-2.656,3.000,1.500,joint_grid_transaction,165,165,0,11,9,0.000,0.45
176.640,2,en_route_pickup,2.362,2.388,-1.000,1.500,joint_grid_transaction,166,165,1,2,2,0.000,1.00
176.640,3,en_route_delivery,-3.414,1.984,0.000,-3.500,joint_grid_transaction,166,165,0,11,3,0.000,0.45
176.640,4,en_route_pickup,1.729,-2.111,-3.000,-1.500,joint_grid_transaction,166,165,1,4,10,0.000,1.00
176.640,5,en_route_pickup,-0.964,2.368,1.000,1.500,joint_grid_transaction,166,165,1,3,5,0.000,1.00
176.640,6,en_route_delivery,-2.692,-2.099,-6.000,3.500,joint_grid_transaction,166,165,1,3,6,0.000,1.00
176.640,7,en_route_delivery,-4.210,1.909,-1.000,1.500,joint_grid_transaction,166,165,0,7,8,0.000,0.75
176.640,8,en_route_pickup,0.706,-3.390,0.000,-3.500,joint_grid_transaction,166,165,0,2,7,0.000,0.75
176.896,1,en_route_delivery,0.392,-2.656,3.000,1.500,joint_grid_transaction,165,165,0,11,9,0.000,0.45
176.896,2,en_route_pickup,2.362,2.388,-1.000,1.500,joint_grid_transaction,166,166,1,2,2,0.000,1.00
176.896,3,en_route_delivery,-3.414,1.984,0.000,-3.500,joint_grid_transaction,166,166,0,11,3,0.000,0.45
176.896,4,en_route_pickup,1.682,-2.120,-3.000,-1.500,joint_grid_transaction,166,166,1,4,10,0.000,1.00
176.896,5,en_route_pickup,-0.953,2.376,1.000,1.500,joint_grid_transaction,166,166,1,3,5,0.000,1.00
176.896,6,en_route_delivery,-2.730,-2.102,-6.000,3.500,joint_grid_transaction,166,166,1,3,6,0.000,1.00
176.896,7,en_route_delivery,-4.210,1.909,-1.000,1.500,joint_grid_transaction,166,166,0,7,8,0.000,0.75
176.896,8,en_route_pickup,0.706,-3.390,0.000,-3.500,joint_grid_transaction,166,166,0,2,7,0.000,0.75
177.152,1,en_route_delivery,0.392,-2.656,3.000,1.500,joint_grid_transaction,165,165,0,11,9,0.000,0.45
177.152,2,en_route_pickup,2.362,2.388,-1.000,1.500,joint_grid_transaction,166,166,1,2,2,0.000,1.00
177.152,3,en_route_delivery,-3.414,1.984,0.000,-3.500,joint_grid_transaction,166,166,0,11,3,0.000,0.45
177.152,4,en_route_pickup,1.635,-2.128,-3.000,-1.500,joint_grid_transaction,166,166,1,4,10,0.000,1.00
177.152,5,en_route_pickup,-0.916,2.358,1.000,1.500,joint_grid_transaction,166,166,1,3,5,0.000,1.00
177.152,6,en_route_delivery,-2.768,-2.105,-6.000,3.500,joint_grid_transaction,166,166,1,3,6,0.000,1.00
177.152,7,en_route_delivery,-4.210,1.909,-1.000,1.500,joint_grid_transaction,166,166,0,7,8,0.000,0.75
177.152,8,en_route_pickup,0.706,-3.390,0.000,-3.500,joint_grid_transaction,166,166,0,2,7,0.000,0.75
177.408,1,en_route_delivery,0.392,-2.656,3.000,1.500,joint_grid_transaction,165,165,0,11,9,0.000,0.45
177.408,2,en_route_pickup,2.362,2.388,-1.000,1.500,joint_grid_transaction,166,166,1,2,2,0.000,1.00
177.408,3,en_route_delivery,-3.414,1.984,0.000,-3.500,joint_grid_transaction,166,166,0,11,3,0.000,0.45
177.408,4,en_route_pickup,1.588,-2.136,-3.000,-1.500,joint_grid_transaction,166,166,1,4,10,0.000,1.00
177.408,5,en_route_pickup,-0.872,2.341,1.000,1.500,joint_grid_transaction,166,166,1,3,5,0.000,1.00
177.408,6,en_route_delivery,-2.806,-2.108,-6.000,3.500,joint_grid_transaction,166,166,1,3,6,0.000,1.00
177.408,7,en_route_delivery,-4.210,1.909,-1.000,1.500,joint_grid_transaction,166,166,0,7,8,0.000,0.75
177.408,8,en_route_pickup,0.706,-3.390,0.000,-3.500,joint_grid_transaction,166,166,0,2,7,0.000,0.75
177.664,1,en_route_delivery,0.392,-2.656,3.000,1.500,joint_grid_transaction,165,165,0,11,9,0.000,1.00
177.664,2,en_route_pickup,2.362,2.388,-1.000,1.500,joint_grid_transaction,166,166,1,2,2,0.000,1.00
177.664,3,en_route_delivery,-3.414,1.984,0.000,-3.500,joint_grid_transaction,166,166,0,11,3,0.000,0.45
177.664,4,en_route_pickup,1.564,-2.141,-3.000,-1.500,_priority_yield_resume,167,166,0,1,10,0.000,0.55
177.664,5,en_route_pickup,-0.826,2.327,1.000,1.500,joint_grid_transaction,166,166,1,3,5,0.000,1.00
177.664,6,en_route_delivery,-2.843,-2.111,-6.000,3.500,joint_grid_transaction,166,166,1,3,6,0.000,1.00
177.664,7,en_route_delivery,-4.210,1.909,-1.000,1.500,joint_grid_transaction,166,166,0,7,8,0.000,0.75
177.664,8,en_route_pickup,0.706,-3.390,0.000,-3.500,joint_grid_transaction,166,166,0,2,7,0.000,0.50
177.920,1,en_route_delivery,0.392,-2.656,3.000,1.500,joint_grid_transaction,165,165,0,11,9,0.000,1.00
177.920,2,en_route_pickup,2.362,2.388,-1.000,1.500,joint_grid_transaction,166,166,1,2,2,0.000,1.00
177.920,3,en_route_delivery,-3.414,1.984,0.000,-3.500,joint_grid_transaction,166,166,0,11,3,0.000,0.45
177.920,4,en_route_pickup,1.569,-2.142,-3.000,-1.500,_priority_yield_resume,167,166,0,1,10,0.000,0.55
177.920,5,en_route_pickup,-0.780,2.314,1.000,1.500,joint_grid_transaction,166,166,1,3,5,0.000,1.00
177.920,6,en_route_delivery,-2.881,-2.114,-6.000,3.500,joint_grid_transaction,166,166,1,3,6,0.000,1.00
177.920,7,en_route_delivery,-4.210,1.909,-1.000,1.500,joint_grid_transaction,166,166,0,7,8,0.000,0.75
177.920,8,en_route_pickup,0.706,-3.390,0.000,-3.500,joint_grid_transaction,166,166,0,2,7,0.000,0.50
178.176,1,en_route_delivery,0.392,-2.656,3.000,1.500,joint_grid_transaction,165,165,0,11,9,0.000,0.45
178.176,2,en_route_pickup,2.362,2.388,-1.000,1.500,joint_grid_transaction,166,166,1,2,2,0.000,1.00
178.176,3,en_route_delivery,-3.414,1.984,0.000,-3.500,joint_grid_transaction,166,166,0,11,3,0.000,0.45
178.176,4,en_route_pickup,1.576,-2.145,-3.000,-1.500,_priority_yield_resume,167,166,0,1,10,0.000,0.55
178.176,5,en_route_pickup,-0.734,2.303,1.000,1.500,joint_grid_transaction,166,166,1,3,5,0.000,1.00
178.176,6,en_route_delivery,-2.918,-2.117,-6.000,3.500,joint_grid_transaction,166,166,1,3,6,0.000,1.00
178.176,7,en_route_delivery,-4.210,1.909,-1.000,1.500,joint_grid_transaction,166,166,0,7,8,0.000,0.75
178.176,8,en_route_pickup,0.706,-3.390,0.000,-3.500,joint_grid_transaction,166,166,0,2,7,0.000,0.75
178.432,1,en_route_delivery,0.392,-2.656,3.000,1.500,joint_grid_transaction,165,165,0,11,9,0.000,0.45
178.432,2,en_route_pickup,2.362,2.388,-1.000,1.500,joint_grid_transaction,166,166,1,2,2,0.000,1.00
178.432,3,en_route_delivery,-3.414,1.984,0.000,-3.500,joint_grid_transaction,166,166,0,11,3,0.000,0.45
178.432,4,en_route_pickup,1.583,-2.149,-3.000,-1.500,_priority_yield_resume,167,166,0,1,10,0.000,0.55
178.432,5,en_route_pickup,-0.688,2.293,1.000,1.500,joint_grid_transaction,166,166,1,3,5,0.000,1.00
178.432,6,en_route_delivery,-2.955,-2.120,-6.000,3.500,joint_grid_transaction,166,166,1,3,6,0.000,1.00
178.432,7,en_route_delivery,-4.210,1.909,-1.000,1.500,joint_grid_transaction,166,166,0,7,8,0.000,0.75
178.432,8,en_route_pickup,0.706,-3.390,0.000,-3.500,joint_grid_transaction,166,166,0,2,7,0.000,0.75
178.688,1,en_route_delivery,0.392,-2.656,3.000,1.500,joint_grid_transaction,165,165,0,11,9,0.000,0.45
178.688,2,en_route_pickup,2.362,2.388,-1.000,1.500,joint_grid_transaction,166,166,1,2,2,0.000,1.00
178.688,3,en_route_delivery,-3.414,1.984,0.000,-3.500,joint_grid_transaction,166,166,0,11,3,0.000,0.45
178.688,4,en_route_pickup,1.591,-2.153,-3.000,-1.500,_priority_yield_resume,167,166,0,1,10,0.000,0.55
178.688,5,en_route_pickup,-0.641,2.282,1.000,1.500,joint_grid_transaction,166,166,1,3,5,0.000,1.00
178.688,6,en_route_delivery,-2.991,-2.123,-6.000,3.500,joint_grid_transaction,166,166,1,3,6,0.000,1.00
178.688,7,en_route_delivery,-4.210,1.909,-1.000,1.500,joint_grid_transaction,166,166,0,7,8,0.000,0.75
178.688,8,en_route_pickup,0.706,-3.390,0.000,-3.500,joint_grid_transaction,166,166,0,2,7,0.000,0.75
178.944,1,en_route_delivery,0.392,-2.656,3.000,1.500,joint_grid_transaction,165,165,0,11,9,0.000,0.45
178.944,2,en_route_pickup,2.362,2.388,-1.000,1.500,joint_grid_transaction,166,166,1,2,2,0.000,1.00
178.944,3,en_route_delivery,-3.414,1.984,0.000,-3.500,joint_grid_transaction,166,166,0,11,3,0.000,0.45
178.944,4,en_route_pickup,1.599,-2.160,-3.000,-1.500,_priority_yield_resume,167,166,0,1,10,0.000,0.55
178.944,5,en_route_pickup,-0.594,2.273,1.000,1.500,joint_grid_transaction,166,166,1,3,5,0.000,1.00
178.944,6,en_route_delivery,-3.028,-2.126,-6.000,3.500,joint_grid_transaction,166,166,1,3,6,0.000,1.00
178.944,7,en_route_delivery,-4.210,1.909,-1.000,1.500,joint_grid_transaction,166,166,0,7,8,0.000,0.75
178.944,8,en_route_pickup,0.706,-3.390,0.000,-3.500,joint_grid_transaction,166,166,0,2,7,0.000,0.75
179.200,1,en_route_delivery,0.392,-2.656,3.000,1.500,joint_grid_transaction,165,165,0,11,9,0.000,0.45
179.200,2,en_route_pickup,2.362,2.388,-1.000,1.500,joint_grid_transaction,166,166,1,2,2,0.000,1.00
179.200,3,en_route_delivery,-3.414,1.984,0.000,-3.500,joint_grid_transaction,166,166,0,11,3,0.000,0.45
179.200,4,en_route_pickup,1.602,-2.162,-3.000,-1.500,joint_grid_transaction,167,166,0,0,10,189.024,0.40
179.200,5,en_route_pickup,-0.547,2.263,1.000,1.500,joint_grid_transaction,166,166,1,3,5,0.000,1.00
179.200,6,en_route_delivery,-3.064,-2.129,-6.000,3.500,joint_grid_transaction,166,166,1,3,6,0.000,1.00
179.200,7,en_route_delivery,-4.210,1.909,-1.000,1.500,joint_grid_transaction,166,166,0,7,8,0.000,0.75
179.200,8,en_route_pickup,0.706,-3.390,0.000,-3.500,joint_grid_transaction,166,166,0,2,7,0.000,0.75
179.456,1,en_route_delivery,0.392,-2.656,3.000,1.500,joint_grid_transaction,165,165,0,11,9,0.000,0.45
179.456,2,en_route_pickup,2.362,2.388,-1.000,1.500,joint_grid_transaction,166,166,1,2,2,0.000,1.00
179.456,3,en_route_delivery,-3.414,1.984,0.000,-3.500,joint_grid_transaction,166,166,0,11,3,0.000,0.45
179.456,4,en_route_pickup,1.602,-2.162,-3.000,-1.500,joint_grid_transaction,167,166,0,0,10,189.024,0.40
179.456,5,en_route_pickup,-0.500,2.253,1.000,1.500,joint_grid_transaction,166,166,1,3,5,0.000,1.00
179.456,6,en_route_delivery,-3.100,-2.132,-6.000,3.500,joint_grid_transaction,166,166,1,3,6,0.000,1.00
179.456,7,en_route_delivery,-4.210,1.909,-1.000,1.500,joint_grid_transaction,166,166,0,7,8,0.000,0.75
179.456,8,en_route_pickup,0.706,-3.390,0.000,-3.500,joint_grid_transaction,166,166,0,2,7,0.000,0.75
179.712,1,en_route_delivery,0.392,-2.656,3.000,1.500,joint_grid_transaction,165,165,0,11,9,0.000,0.45
179.712,2,en_route_pickup,2.362,2.388,-1.000,1.500,joint_grid_transaction,166,166,1,2,2,0.000,1.00
179.712,3,en_route_delivery,-3.414,1.984,0.000,-3.500,joint_grid_transaction,166,166,0,11,3,0.000,0.45
179.712,4,en_route_pickup,1.602,-2.162,-3.000,-1.500,joint_grid_transaction,167,166,0,0,10,0.000,1.00
179.712,5,en_route_pickup,-0.453,2.244,1.000,1.500,joint_grid_transaction,166,166,1,3,5,0.000,1.00
179.712,6,en_route_delivery,-3.136,-2.135,-6.000,3.500,joint_grid_transaction,166,166,1,3,6,0.000,1.00
179.712,7,en_route_delivery,-4.210,1.909,-1.000,1.500,joint_grid_transaction,166,166,0,7,8,0.000,0.75
179.712,8,en_route_pickup,0.706,-3.390,0.000,-3.500,joint_grid_transaction,166,166,0,2,7,0.000,0.75
179.968,1,en_route_delivery,0.392,-2.656,3.000,1.500,joint_grid_transaction,165,165,0,11,9,0.000,0.45
179.968,2,en_route_pickup,2.363,2.387,-1.000,1.500,joint_grid_transaction,171,171,1,2,2,0.000,1.00
179.968,3,en_route_delivery,-3.414,1.984,0.000,-3.500,joint_grid_transaction,171,171,0,11,3,0.000,0.45
179.968,4,en_route_pickup,1.586,-2.150,-3.000,-1.500,joint_grid_transaction,171,171,1,4,10,0.000,1.00
179.968,5,en_route_pickup,-0.407,2.234,1.000,1.500,joint_grid_transaction,171,171,1,3,5,0.000,1.00
179.968,6,en_route_delivery,-3.158,-2.137,-6.000,3.500,joint_grid_transaction,171,171,1,3,6,0.000,1.00
179.968,7,en_route_delivery,-4.210,1.909,-1.000,1.500,joint_grid_transaction,171,171,0,5,8,0.000,0.75
179.968,8,en_route_pickup,0.706,-3.390,0.000,-3.500,joint_grid_transaction,171,171,0,2,7,0.000,0.75
